sk_cliente,id_cliente_nk,cliente_seudonimo,dni_hash,distrito,tipo_cliente,fecha_registro,antiguedad_meses,es_cliente_identificado
1,9999,C-PASO,,N/A,Cliente de paso,2025-06-01,0,0
2,9998,C-APP,,N/A,Cliente App Delivery,2026-01-01,0,0
3,1,C-00001,6BB5188592AD0F53EBA4C9CD161201A680CCCF27910CF350C7A96B50CAE6EF69,Cajamarca,Nuevo,2026-06-07,4,1
4,2,C-00002,80916DD651AED776782FA114F6DBE4CAD4191E2A20727BD5F636B2C398018193,Cajamarca,Frecuente,2025-12-31,9,1
5,3,C-00003,B82863E7468EA5AC73FD4569D187947086117E49A8FFA4DDC6AC6BCB163BFAD0,Cajamarca,Frecuente,2026-03-13,7,1
6,4,C-00004,CEC62A4FAE9B4D0F7390CC4FD085F5160168B2E4B287240204BE0F53413A6FB5,Cajamarca,Nuevo,2025-09-11,13,1
7,5,C-00005,57906453C81D22F3A79FCD424FF9E2E720300831CAFC051C92CAF607514DAC3F,Llacanora,Frecuente,2025-08-08,14,1
8,6,C-00006,95EDA70D9F86C4E4176ABD743304130BCF75F6EB66845D6F2613496B1B073CE8,Cajamarca,Frecuente,2026-05-08,5,1
9,7,C-00007,E490DB92C2EF335055C46750DCD2FDC39B669654D72C2B34FE0F7296E503703C,Magdalena,Frecuente,2026-06-12,4,1
10,8,C-00008,7755A6B77A1DC6FC61C4A4881CBEA930A82C1815AD1231BB985023047E27343F,Baños del Inca,Nuevo,2025-11-10,11,1
11,9,C-00009,020CF7E9ADFD72C344313842181477E0C47F9420EEB474D85544949B3D8947EA,Cajamarca,Frecuente,2026-01-03,9,1
12,10,C-00010,6F14D6C4D410EDB326CBBBB82F12EB532413642258634BCAFF01A3D8590A30ED,Cajamarca,Nuevo,2026-03-13,7,1
13,11,C-00011,29240AAE09A075E5EFDDBA5DB5D9B384D0255DC929AB8024D2580F838F0D41EA,Cajamarca,Nuevo,2026-03-27,6,1
14,12,C-00012,A9BCD6438CF4D03D7721B726B9375711DB2CBC3EE3BA4B88FADC7BFA35AE93C2,Cajamarca,Frecuente,2025-07-08,15,1
15,13,C-00013,F7D753211D87AAA86FB4FCFCC39C631210A86C9D0269615751169E639CE50ECC,Cajamarca,Nuevo,2026-06-26,3,1
16,14,C-00014,F7D12CCA0EC3CC8F0652E6A1417003EF8DB09D4EA4EAC7508D477F6C9B024E2A,Cajamarca,Nuevo,2026-09-11,1,1
17,15,C-00015,43E1B525810E57708533414A92F723BF51F577A4E98B641A0649ADE7E52F2441,Cajabamba,Nuevo,2025-09-08,13,1
18,16,C-00016,AF5DF548F1C59EA14CEB2A67B8A8F1E1E90350BCD05B52A7811D25234C339FAC,Cajamarca,Nuevo,2025-07-23,14,1
19,17,C-00017,B16361962F5165D73CC13C0286034837C12A374AC7F8C873A998EA73DF888C44,Cajamarca,Frecuente,2026-01-01,9,1
20,18,C-00018,2C78DD36A70B05030CF12E33149CEB19385AE0BBE8D0C58B5510CA4E1C4CB2CF,Celendín,Frecuente,2026-04-10,6,1
21,19,C-00019,4F58BEF60F577D1A4F066D2C3DDD76012ECE97048C9E65BB4C9BDB5B0FC60B58,Cajamarca,Frecuente,2025-10-30,11,1
22,20,C-00020,946C967769DBBCBDCA5CC1D85748A20D6E946A17B104D017B9695D76A9F58B7F,Baños del Inca,Frecuente,2026-01-02,9,1
23,21,C-00021,3D30A94700F664CCD7710806E32FEA7839163F57AF55EA3F9936C9C9E1C30CFD,Magdalena,Nuevo,2026-01-05,9,1
24,22,C-00022,1E790F504E07D0F01CE0FCAB1150152B7C6E6FD22CE79B75263391FF3A49C1DE,Baños del Inca,Frecuente,2025-10-06,12,1
25,23,C-00023,3F907EE43B0A9D1C31FD73102B0D1E9A7D14991ED5B61A474AA66E417BD765A9,Cajamarca,Frecuente,2025-07-22,14,1
26,24,C-00024,FA652EEC7835DC08FEA3C35E480CF181A05404F9C83CE60F150C7A3DC1BB01AD,Baños del Inca,Frecuente,2026-06-22,3,1
27,25,C-00025,7B91B74FF87BDC03FF0800CD12FED059D5E84244FA440AFE5DDDE8906CCC44FC,Cajamarca,Frecuente,2026-01-13,8,1
28,26,C-00026,7E0BDEE8E08BB48D62678227ABD0C119451AD5161822F26CC96C247472DDC283,Cajamarca,Nuevo,2025-07-17,14,1
29,27,C-00027,99EF5B1BF25D1E278033811E6E70AC85C66188ACDBF733DCD05BCE4FEB1F5825,Baños del Inca,Corporativo,2026-06-30,3,1
30,28,C-00028,A39F5C8668B101BA6DB186D84440AF4574EC2C1A3EAFA7DFE5AEE5C7CF54D4B7,San Juan,Frecuente,2026-06-02,4,1
31,29,C-00029,31CAC9B7E32B5E7EF14869F84B095C1648DDA97664E999C5228841305E3039F2,Cajamarca,Corporativo,2026-05-26,4,1
32,30,C-00030,8199F7AFAC786B734DAEA9ED96E1A8CD1FCEC90E6C67387698CD6088D1FA263D,Cajabamba,Nuevo,2025-09-10,13,1
33,31,C-00031,C87AF2CC47017E6F34791AF94B0C2F55FDB69D56E1FE33C8871722565688A68F,Cajamarca,Frecuente,2026-08-04,2,1
34,32,C-00032,732D82035F355BE8CA77C808B8C1B1F7B43EF2263A58F3B2BE3A614583557A56,Baños del Inca,Nuevo,2025-10-11,12,1
35,33,C-00033,862A02EFB26595CD14AFC5A7481E8D358B18FA2D82492DEF3C9198E12D7FA468,Magdalena,Frecuente,2026-02-19,7,1
36,34,C-00034,A5E8221E0A5DEA9A801F3798DE1727B03F28F865DFC0C39DEB0933FF0510674A,Cajamarca,Nuevo,2025-08-27,13,1
37,35,C-00035,A8BDBFA7E0C097C958AA8C5B053766B625D711E3370EA219DAF816FB27DD5EB0,Baños del Inca,Frecuente,2026-02-12,8,1
38,36,C-00036,9F808A8CE79522CC5ED08D8EA163E417022354366F339530287C24C40CBC30A8,San Juan,Corporativo,2025-08-09,14,1
39,37,C-00037,200EFF56B674A6117A305AA07594B91B20FE47AE55084AA805243195003C6562,Cajamarca,Frecuente,2025-12-02,10,1
40,38,C-00038,944C5168C976068FC3B0E99097B86F54E1876E36A04DA7E35B6DD66BDFC7BBBF,Baños del Inca,Nuevo,2026-04-21,5,1
41,39,C-00039,E1000591765F1BD3FC7F0A722E0BF212D0A42C99A3B5598416D8B8098E2D9DC1,Cajamarca,Nuevo,2025-12-03,10,1
42,40,C-00040,62A60541712F72F7EBABF61D7F162B2D3E742F7765D2ECACD8A4F81FFD1C72B0,Celendín,Frecuente,2026-02-22,7,1
43,41,C-00041,BBF047F26334001F60D45D409D1FE06D22C8A776182CDCCE9A10DB5683FA71FF,Cajamarca,Nuevo,2026-05-04,5,1
44,42,C-00042,E819D950A7EF4F389A5669B85CB2C1D2831B990057D4E0F55E7F11C94F68E342,Cajamarca,Nuevo,2026-08-25,1,1
45,43,C-00043,4A3C74418B0DA282C90B51776F325D26C03646B401F20C8C1BAEA44C42F57765,Los Baños,Frecuente,2025-11-19,10,1
46,44,C-00044,6D5E0F68D8621A41BF2B283AD2E7586E839CA55FBEE80AAE2FEC62AE542F746D,Baños del Inca,Nuevo,2026-09-05,1,1
47,45,C-00045,02E129D81269C616A56D57CB455B0C18D47A4A4EE750D4E4A6E1FCCFF03DAD30,Cajamarca,Nuevo,2025-09-07,13,1
48,46,C-00046,EDCF3FE518886447620E71021E5E80AF1498FB1E3D134962AB68F2A7AA9B4894,Los Baños,Nuevo,2025-08-28,13,1
49,47,C-00047,E0302DED0A63B06C848C35FB9321961660048131A181CAB45F15F24B6CFCEDA5,Cajamarca,Frecuente,2025-06-23,15,1
50,48,C-00048,AECA68C40F381C903D4B622082291D6918105C45C5596BA512EE1F216DCECEB4,Cajamarca,Frecuente,2026-06-22,3,1
51,49,C-00049,975E4EB99CCCB347B557A2F8032007CE5BD9FA5A40A9D661D614590C96C0B4A6,Baños del Inca,Frecuente,2025-11-26,10,1
52,50,C-00050,7637EB2655BC5F48FC59B287AFDC0AA1E5D09B5049B2F178F85FFF7A5437B425,Cajamarca,Frecuente,2025-10-29,11,1
53,51,C-00051,D887DC6C0BD60F1FFC1A30F3AD893C14725577B1E1E9DAB22AD650091CBC5570,Cajamarca,Nuevo,2026-01-23,8,1
54,52,C-00052,514B58F391129A80301992FA975A2CEE6B35DDFAABFFE50E7389E830078F05D5,Namora,Nuevo,2025-07-28,14,1
55,53,C-00053,4EA16562976FF95C043B0265A7B61448EC48C6D566E562B82B774C147593417B,Celendín,Nuevo,2025-07-08,15,1
56,54,C-00054,06181D90FF7DB2F8EDE8F77172176945777F56F371634F17CE8B443E8A4ABCEB,Cajamarca,Frecuente,2026-03-27,6,1
57,55,C-00055,DAB5C073AF7BA7A46E64A11A945F33C1CEBA43A7D37E1A217B65224CE2D202C1,Cajamarca,Nuevo,2026-04-01,6,1
58,56,C-00056,E0EEECA8D3DFCFC80575F8A7DFCF3C99ED5D48BBD1BE92E9B9FCCFDC1990BACB,San Juan,Frecuente,2026-04-24,5,1
59,57,C-00057,58C6EFDF931032C733DD8FD1C38E64E995601A71E02B21BE4272857D5B6288C4,Cajabamba,Nuevo,2026-02-07,8,1
60,58,C-00058,FC186E25EFBBC71D5D28C909CCF0B5D543384D8CFB5906CD941628DC05DFBCCF,Cajamarca,Nuevo,2025-06-13,16,1
61,59,C-00059,E65025BFF5EBC0F666C107F61B668AAC2882B3078BBB16C898F922F86CE7BD14,Cajamarca,Nuevo,2025-12-02,10,1
62,60,C-00060,C22FA2544940D49D1960DCD4D88E7F66471536E9378B0A408F0601F269AD8D22,Cajamarca,Nuevo,2025-06-18,15,1
63,61,C-00061,DE86CCC3BF9BF01E6EFE14CF7B77A7E16D6476E6AA4684953F1E66AB2A4E1367,San Juan,Nuevo,2025-11-01,11,1
64,62,C-00062,261BB9D4EDAA7569C28C2DB5A5BCBE79BCA7432216781103D51445B0F3E8FDFF,Cajamarca,Nuevo,2025-08-19,13,1
65,63,C-00063,40B40C7DC9FC752D1A967456C2673E5245800EEE592428B7C5CC190B0EB03505,Namora,Frecuente,2025-12-05,10,1
66,64,C-00064,56BE79F872D40E310E42A597730CE2302D81FD2C6DA9D9DC4B17266F3215852F,Cajabamba,Nuevo,2026-08-16,1,1
67,65,C-00065,967D7163FAEE0F55FE653DA7CB519B48C5B5192F083CC18E4C752670CCE882F7,Cajabamba,Frecuente,2025-09-27,12,1
68,66,C-00066,E77B46C015E135CF351885DFC01F2A44DE58E854C5ACCF5CC8B24495909A901A,Namora,Nuevo,2026-01-12,9,1
69,67,C-00067,AB3A792522A17B35C032C7BBD59708793D42337D7C1A6F4D323AAFFCCF694620,Cajamarca,Nuevo,2025-10-24,11,1
70,68,C-00068,447BD4CB0CD41FE3A9A44945B7912D99651ED05E2665D0855CF9C67857B8EC46,Cajamarca,Frecuente,2026-06-05,4,1
71,69,C-00069,C317911DA190715F35B67FDBE047BDBBE94FE005B0A352751D2AFF8A162BC302,Baños del Inca,Nuevo,2025-09-17,12,1
72,70,C-00070,602B9DBA2F35EFDBCAA5B7CE68305EE899E2C790F6D46CC872EA87650A52B1F6,Los Baños,Frecuente,2025-10-22,11,1
73,71,C-00071,AFB6AAE8655F0CD1038C452DB32EDBDAA1B138EC8BF4D6C381921DAB99958051,Los Baños,Frecuente,2025-10-15,11,1
74,72,C-00072,37AF0316C84BE493A95EB49E11A2871DFE19B05738589EF56A38C0E0A3829FA6,Cajamarca,Nuevo,2025-11-06,11,1
75,73,C-00073,F1CC03B6E32CD61D58E47EC0B6B886281C452273E1A44A754FD5EBA23CBB5877,Celendín,Nuevo,2026-05-15,4,1
76,74,C-00074,471F680B4D1AFB231F6FC4675CB7CC3C7A9D35973CC3270B983E46AC336B968F,Cajamarca,Nuevo,2025-09-15,12,1
77,75,C-00075,C6643ACD854251DF365B6B61BC6724588D4E3AD371B7E11A600EFD3ABFECB28C,Namora,Nuevo,2026-08-18,1,1
78,76,C-00076,E411071F6CAAC41B605BE2747EAD6A007C1F5AF64055909B6328544E419D9126,Baños del Inca,Nuevo,2025-06-18,15,1
79,77,C-00077,3F2E564419A6FB12BF54BE9D28911DC58C2EB6F79D1A7A717C5831187B61174C,Baños del Inca,Frecuente,2026-07-12,3,1
80,78,C-00078,CAA116D9C93B4B72A46572DBFCE2D536ED109AB8C93B1B36C58242C862543988,Cajamarca,Nuevo,2025-08-16,13,1
81,79,C-00079,79CDF8FD1455381AB40DE8C5B51CF6E8AD4A6AB12F3E75DA8A56E3BC54073CBB,Cajamarca,Nuevo,2025-12-30,9,1
82,80,C-00080,39BE602220B6997681EC798871CC0B9C1DF8CF9887917D799D2835EC20379AFD,Cajamarca,Frecuente,2025-06-09,16,1
83,81,C-00081,CEF3F68CE6DC75FFFC05771C7B1649FA0EC4EDADD08996180483A6CFDDC0EA7A,Los Baños,Nuevo,2026-05-03,5,1
84,82,C-00082,F96A4BFC1813B2F06D65B8CFEF54BB562E1D81E3A5A9C96A395EB64B2DAD42A5,Cajamarca,Nuevo,2026-07-28,2,1
85,83,C-00083,A2AEB3D08F11C602D50695BBF688BBB32EA0811A97E89346D1AB1B2CB9DAC0A6,Cajamarca,Frecuente,2026-02-11,8,1
86,84,C-00084,789704D4FF88C97B7AE8E0B16A3C1F9730491E2A4ED3033ED1823EDEA33B1FCF,Baños del Inca,Nuevo,2026-07-10,3,1
87,85,C-00085,6C35C9CD9F884861EE503CA6F837ACBD9C6683610BE72709C7CDF21DC00BCFE0,Cajamarca,Frecuente,2025-09-17,12,1
88,86,C-00086,9059CC96EF90ED6003A4043B85EEB5CC51E1CAFE4FE13AD8042FA041C8DF5ECC,Baños del Inca,Frecuente,2026-05-21,4,1
89,87,C-00087,3B98B81F5C10C8B37D1C33CC1565BC12874CF50F08162F0F0EEF8073BB9BB949,San Juan,Frecuente,2025-11-25,10,1
90,88,C-00088,C2F3643F2B5B166510A765B9F0AB15C41449062E624D637CE03758EFA7B427E6,Cajamarca,Nuevo,2026-04-17,5,1
91,89,C-00089,41FB8B08E27FDA5BA5642357A55BC50BC760BDB09FB75171CCC58F7DB756F1D7,Magdalena,Nuevo,2026-03-13,7,1
92,90,C-00090,9A31B1CE98FC61ECBB38386523201D105E9359959564E6A1EB3B892B46132374,Baños del Inca,Nuevo,2026-03-17,6,1
93,91,C-00091,153883077AD1E5A73CDE7CF103D6A1CCCAC2792B8946CA3E2B40F78C6263C38B,Los Baños,Frecuente,2026-07-27,2,1
94,92,C-00092,1C704B2C70CB45B084E9767373E598FEE80D4E9FBD4FAD60AB048DE251B7A072,Cajamarca,Nuevo,2025-08-27,13,1
95,93,C-00093,8E7AF61704818F972A75CFCE900EF0CC0E5AF1002233D3F0433048BA88B5C3E5,Cajamarca,Nuevo,2025-10-29,11,1
96,94,C-00094,62126D2B650894B924788270863B0B8F6029021F41E7A22E8DE670A83DC9A3DA,Cajamarca,Frecuente,2026-05-18,4,1
97,95,C-00095,9977C804873E9476FCA1CC8D2F85548EAAC26D706F2D9D0C2C8C1FC0D193AA57,Cajamarca,Frecuente,2026-02-08,8,1
98,96,C-00096,6D4A3F6F060404BE5AE01DFE8066B5A94ABCB9B30C7A7634EF8DC49D70B72537,Cajabamba,Frecuente,2025-11-01,11,1
99,97,C-00097,145233D79E4D5474DEB3A71168FD3DC8F0B4FF98F457747402C9A6D97DC785A7,Cajabamba,Frecuente,2026-08-22,1,1
100,98,C-00098,45A1EAFD193C5DA155F80056609DBDBDEF7312463338C61FA91662DBA0DEE883,Baños del Inca,Nuevo,2026-06-18,3,1
101,99,C-00099,190890463BF03800BA4C12CA3812C45E903D737F167DD974BA58CD64C012B598,Cajamarca,Nuevo,2026-07-10,3,1
102,100,C-00100,B7F56BB2A5B302A9349DAD47F32A317E22898A5CE20E47B46BCCC13E25A7E44F,Cajamarca,Frecuente,2026-07-25,2,1
103,101,C-00101,5509C63A34620AC35AA009BC8F83CC9E1524343ED39F27941F9C03158FDF5DE5,Celendín,Frecuente,2026-06-24,3,1
104,102,C-00102,777CC1EB5F49D6F389716EF4F39F82F13043D48E4D7E4F200BEF5CE20F7B29A5,Cajamarca,Nuevo,2025-06-15,15,1
105,103,C-00103,09AC4691E10A4F4BEAE9F27B7F4351694F5C77968419F935CDBFEB8734CADDF1,Magdalena,Nuevo,2026-01-20,8,1
106,104,C-00104,6D2AD166B4226E7FC174B7E69DCA15FD8F094D9C29C44F50C04E54A61D9D546B,Namora,Nuevo,2026-01-18,8,1
107,105,C-00105,2C7948E1DFD62494B160698D6E678CB7ADE4BA3AA179C5107A14305B1482DB7B,Celendín,Nuevo,2025-10-17,11,1
108,106,C-00106,C3D3D72227646965E8F762378F0AEE5E92E152632B5CD68C723EC5A65A14DD7E,Magdalena,Frecuente,2026-07-27,2,1
109,107,C-00107,0F114E8BC5BA9010CE088E11C3E00EE2A4047CEE45993507F6B873E35C351197,Los Baños,Nuevo,2026-03-16,6,1
110,108,C-00108,93504D28D163B12B705FB456DE2BA3A8E60ED208BA0A53F35E56A917C987BCF0,Los Baños,Nuevo,2026-06-01,4,1
111,109,C-00109,964A579D5C354BBF757BADE43E0A5B6A231D81D2B026E25AA42D553A15DA1164,Baños del Inca,Nuevo,2025-12-15,9,1
112,110,C-00110,8C9C1B4BAA39FEB731B4E5E8E641DEFD2EA15EBA8E83CE3B20004353FCB20933,Baños del Inca,Nuevo,2026-07-30,2,1
113,111,C-00111,7CC8FA57F5CCCEA7EF1A18046F985D3FBE93D00015D8949879020CFA78C9D9F7,Cajamarca,Nuevo,2026-04-22,5,1
114,112,C-00112,9DC72945F9CAF94B442F9094F1351AFB973DDEB2067344E143F2EA3FBA54DA28,Cajamarca,Frecuente,2025-12-06,10,1
115,113,C-00113,9E04FD78A2CE5DF531B05AF48E95C6E5CDBFF84B8CC600DC3F928676A05C2ADE,Cajamarca,Nuevo,2026-07-25,2,1
116,114,C-00114,D4FBFF89BC0328D29B8846D14AEEF57CBAFF24C7ECD4DDD104527260E7563E90,Baños del Inca,Nuevo,2025-07-11,15,1
117,115,C-00115,AA26268A92F5A9379FE75AFF7D7C905E4FB3E9CD233895787FF749194F60104A,Cajamarca,Frecuente,2025-12-16,9,1
118,116,C-00116,A5CC8B3ADBF4086B4CE651DB95C093FAA882413B26FF2A293210CE203C38F95D,Cajamarca,Nuevo,2026-03-15,6,1
119,117,C-00117,C98C0C296810FDD1FD8EAD5521748FD99D536870508F916F257D1970965D8AA2,Cajamarca,Nuevo,2025-12-31,9,1
120,118,C-00118,79AA33CC339E818D5CA9270FEAEA40BF8AABB2C8CEEB8D94CB7060EAEA633CE4,Baños del Inca,Nuevo,2025-10-02,12,1
121,119,C-00119,EEC476D3846EC452FAAC619ACE2A134AE42219BA1B5D17021A29370A842B9495,Cajamarca,Frecuente,2026-06-07,4,1
122,120,C-00120,4485C6E61733E6E9CD7A2875673715384EE9980073CC9CA16ED6064D9A178226,Cajamarca,Frecuente,2026-01-03,9,1
123,121,C-00121,65D52B1299BF9CCB12A5DC4F5F78E6AB47EF6DA368C71767AE0E0696AF614205,Cajamarca,Nuevo,2025-12-19,9,1
124,122,C-00122,2FDE466A307EA1870F94DC903AC8F0EF08D869747ACB6E48E83D0ABD38A3FA21,Magdalena,Nuevo,2025-12-20,9,1
125,123,C-00123,3F3745E684FF6413EA85FD6D788DC3203C7AF157E36AEB3ED24EF187541D0791,Celendín,Nuevo,2026-03-26,6,1
126,124,C-00124,6A71A6D20BA0B166DF9000B9E52C280F9C54909E193B9FEEFB6D46834313F7DA,Cajamarca,Frecuente,2026-02-25,7,1
127,125,C-00125,CDA115164FA301C723240701E438CE797212C18298733F1ED2D03BD400072D6D,Baños del Inca,Corporativo,2025-09-30,12,1
128,126,C-00126,3406C64FA9B7AEC5CCAB51AD6161FA99866D3758E94948ED2A963A84ACD99CF4,Cajamarca,Frecuente,2026-06-15,3,1
129,127,C-00127,27FE009661BC3B4FC006817A2E38DF4D50979C13462FB02C708A891BD4C1F583,San Juan,Nuevo,2025-09-19,12,1
130,128,C-00128,9E89EE6B14C3A19C6F1F7C5A68E1272D68B7C15825ABF5A425414E60B286711B,Baños del Inca,Nuevo,2026-02-03,8,1
131,129,C-00129,0F35D998009E333A70CFBF6D54023DB84208AD648D50B4E82FD4951D4493866D,Cajamarca,Frecuente,2025-08-15,13,1
132,130,C-00130,59665B603C7020C29211068378AB035062DFB79B80B5CCE61ADE848F28DA300C,Cajamarca,Frecuente,2026-03-13,7,1
133,131,C-00131,DA18329E50575BC78963CF38F797D137487C3C09CA9CF980CF6B49DD0DE2DE80,Cajamarca,Nuevo,2026-08-04,2,1
134,132,C-00132,34B127AE4C81BD9406B0EFFA39132A100FB2EA5798EBD02C7BE6D68B4065F838,Baños del Inca,Frecuente,2025-09-06,13,1
135,133,C-00133,0CE5EF33783A8962522DE247AA81084B336D3BB03E76539C7DCF1F355769B2E5,Baños del Inca,Corporativo,2026-05-16,4,1
136,134,C-00134,1A7347A0D1F06745B15ED336AC9FF872F5ED4F99A06F873974B8352B936F2C41,Cajamarca,Nuevo,2025-12-10,10,1
137,135,C-00135,ADA1CC982CD00A8428090B4A53F0533AD37EDF264E1818500DD4D8E8D7BE5B8B,Los Baños,Nuevo,2026-08-24,1,1
138,136,C-00136,42FEA67A5DAB5F5C3AF8A80B3810E7104DE04651C407F5B94E0BD231A33CA57A,Cajamarca,Nuevo,2026-07-29,2,1
139,137,C-00137,90BE4078E40D1292F13FB92714335E2A624261684C328CAB5DA4C2E0678D69B0,Cajamarca,Frecuente,2026-01-19,8,1
140,138,C-00138,ADB1F4B5C802124C796E656745E2EBD0C36CDA5E71DBE46D65A12C682E6F6861,Baños del Inca,Nuevo,2026-07-18,2,1
141,139,C-00139,8D2586DAA346747084EE0CAE0FA1F1A55D7182AD01C671D7069C1ADE2747666E,Cajamarca,Nuevo,2025-12-01,10,1
142,140,C-00140,FF8A08734D78D76EE60B30F55934F5C00813BA2CA1094CF6915BEAFEB782F2BE,Cajamarca,Nuevo,2026-04-25,5,1
143,141,C-00141,D27CD49ACA71B95077599D81795FEBF867D3362AC0ED4D062CC1FBB78A0B7978,Celendín,Frecuente,2025-08-04,14,1
144,142,C-00142,852F21CC6AF56833BD23BD3B47EDA6F4BA2AD38963605CAA8DE31E944E01A955,Cajamarca,Nuevo,2025-08-11,14,1
145,143,C-00143,CC0B648E48D839DD1CB830E77DF535E57B23640C81C13DE7804FEBA7103D1533,Baños del Inca,Frecuente,2025-10-23,11,1
146,144,C-00144,AD68A30D4932A228C92A23B3DF144AF493D6BE39A7811E3B74B2ADCBB2E2C706,Celendín,Frecuente,2026-05-03,5,1
147,145,C-00145,0B1EBAD0C6E8DE95EA9C957DADF4937880CDF5BB3DD18B00E8DAAAC79616CFC6,Namora,Nuevo,2025-08-20,13,1
148,146,C-00146,239221B4842D5D5989679BE20B6F99A23607711B4CC4360714B4A447B87E80F1,Cajamarca,Frecuente,2025-08-21,13,1
149,147,C-00147,C111301C5402D2D39F4C83E5EA95B12CBF3A6E5834A4B56CF56982C52B5BE028,Cajamarca,Nuevo,2026-02-10,8,1
150,148,C-00148,CB768B021C5F8EF31EE7AAA3A6115CC4FFCA7FA7F6225C6D18684E642EFEBE7A,Cajamarca,Nuevo,2026-03-06,7,1
151,149,C-00149,63B9D4EF5BE5DC4F08922A5944023F7312205B8F42D8DABBAD877EE8B2DDF6D8,Baños del Inca,Frecuente,2025-08-11,14,1
152,150,C-00150,85FBBDC83F5F900280D659E8FE62CE08CD63CF69FB32EAF4F56734C8CCC1B7C4,Cajamarca,Frecuente,2025-11-25,10,1
153,151,C-00151,5C9FB13F5EC80913FEABF1AA9FEC1CEAF4DE552245A11B24DE4228A43F8FA653,Cajamarca,Nuevo,2026-04-06,6,1
154,152,C-00152,F3214F2FAD90AAB12EF0047736830A6D40D98183F3DCFFFC45C316135645773C,Cajamarca,Frecuente,2026-05-20,4,1
155,153,C-00153,38F04768F06C3716F8F84DF96927827F67A3F06942542C49A72091FA1A29867A,Cajabamba,Nuevo,2025-12-09,10,1
156,154,C-00154,A745527C6AD7A63258C819C07670716240D2DB2F9EE3A15988735BF61D475585,Baños del Inca,Nuevo,2026-03-12,7,1
157,155,C-00155,FAC36A93AD9D84FCEC6EC69E825FDEE7FB03A4F6E87957BEF0DA9C65EE85090A,San Juan,Nuevo,2025-09-18,12,1
158,156,C-00156,112A8780463B19510BA27E6083283F77DAFC6A557A0A9D0DC7E899B935E0F81A,Celendín,Nuevo,2026-09-04,1,1
159,157,C-00157,314963227745694D5C0DE20C9AA504438AB5DB171F89D8C0344AADA04689DE8E,Cajamarca,Nuevo,2025-06-17,15,1
160,158,C-00158,33EB798F94EB9FF92CA8CF9690B5D60475BC583DE4601FBE69C2CC4AD794CC89,Baños del Inca,Nuevo,2026-06-24,3,1
161,159,C-00159,5B49ACA958946E888EF3ED7084BB11285165273210F9281C5E42D75917134BDD,Cajamarca,Nuevo,2026-02-28,7,1
162,160,C-00160,4646DA1923679B774D7B1F2C7446397821B4590B6736D772E166618CFDD93CDE,Cajamarca,Frecuente,2025-09-06,13,1
163,161,C-00161,0ED3D336A4AAF6543D4A5F85353DAB9F1A8DF7EA565539CA259A647D92F19C6C,Cajamarca,Nuevo,2025-12-29,9,1
164,162,C-00162,48D35BE8A5199EF7900F87DF4759E946B46990707B6EFEDD99E005F964B548C3,Llacanora,Frecuente,2026-05-08,5,1
165,163,C-00163,370F08242CF0DA1862B21CE4FEF300A530036E61C6B5E8DF64B595D4C277DD9A,Cajamarca,Corporativo,2025-11-16,10,1
166,164,C-00164,,Cajamarca,Nuevo,2026-06-27,3,1
167,165,C-00165,945B4C57D2282EC22130F0FAE2050A12C07F0B2FF145D5EA1E40CD9A24462F14,Cajamarca,Frecuente,2026-01-07,9,1
168,166,C-00166,12416A944763265D82C90779EE5F888DF90CA252E7FCFEC2C2E44F9903A962B6,Cajamarca,Nuevo,2025-12-13,10,1
169,167,C-00167,2D191B649149CFEEA18E3BE0474AD0F3EB44F6404C9C09BB7CC134C78DCFE76A,Celendín,Nuevo,2025-07-05,15,1
170,168,C-00168,3E6487065E634738609ADEA158CBDFC08930B1206E9C98063060FF1A84046659,Cajamarca,Nuevo,2025-09-12,13,1
171,169,C-00169,7C8CCB0B1860B1930E153CE3167EE13143527579565D26310E02039D90C41DD9,Cajamarca,Nuevo,2025-09-19,12,1
172,170,C-00170,0BA4898B6B9CBFA0E81770196D677CDC6F724A6B2EF42A5DE8D917489C38125D,Cajamarca,Frecuente,2025-11-08,11,1
173,171,C-00171,383D26DFB163DC83251FC2BE7B70B2B64A8B659148039054403E0B5DCE23DF6C,Baños del Inca,Nuevo,2026-05-12,5,1
174,172,C-00172,52A0FA6BEC6EE7E8157B4D11D3BC77BAE1269B5E089E4E860A937BE4C106D353,Cajabamba,Nuevo,2026-08-20,1,1
175,173,C-00173,0219368AACB3B482D04A24A9A0E0FC6BD1FC6DC9B7E6856CEEC1381E51DE9FC2,Baños del Inca,Nuevo,2026-05-06,5,1
176,174,C-00174,EBAF56DBC90D55511F837CB2AE3FBA0489EEFD9414D8EABABA989397A637E4A3,Baños del Inca,Nuevo,2025-07-21,14,1
177,175,C-00175,BE66502F3C2F8214AB84278F6C2484FBA94853F7F5E046CD209EF603C8BC8ADB,Cajamarca,Nuevo,2025-07-04,15,1
178,176,C-00176,F1167DEFB51D29F1D36D2C39FE94F743526C7613C35AE7D7CFC68F8C1F293537,Baños del Inca,Frecuente,2025-11-25,10,1
179,177,C-00177,39A7A446474BD45E21D193332B972A294AEA6BD88F56375C7EBFFA0FB26A844F,Llacanora,Frecuente,2026-03-08,7,1
180,178,C-00178,79AB0F81A4C8DA1B75C4C3422E3D9047EA61AE267353EED0336A55A2C56207E3,Cajamarca,Corporativo,2026-08-22,1,1
181,179,C-00179,2F19ED8CBFC3A5C30B5557C3A1B47333EE9CFE0A8A43A554465E6A7C4C9DADC0,Celendín,Nuevo,2026-08-22,1,1
182,180,C-00180,4E1727133A1BA33632F35AEAADAF428F9C772B303184BA2C112CD26F84526885,Jesús,Frecuente,2026-01-22,8,1
183,181,C-00181,E22D40F726ABD3CB1F329AD8EEC7DAA73622B3523E9C7A70E149BA68CB06C9DA,Cajamarca,Frecuente,2026-03-06,7,1
184,182,C-00182,07D868EEB48183076F44A3831020E7C69DCA0B42EF25B0C1A6DDC633ABFE54CD,Cajamarca,Nuevo,2026-07-09,3,1
185,183,C-00183,449B2FF4BC996990FED4D9E81684E35B719A1E8DF83E6D8C166452EA395CC5CA,Cajamarca,Frecuente,2026-08-20,1,1
186,184,C-00184,D03AF601FC9569E5F6198631C4CEA384DA6276AA18A14840A952A3DC529A1575,Cajamarca,Frecuente,2025-10-15,11,1
187,185,C-00185,77191F204470418E9A0F950DDCFEA31F2648FFC604D2BA7D6811BF3CE69C20D8,Baños del Inca,Nuevo,2026-02-15,7,1
188,186,C-00186,91653E825003985667A9B39FC0A22312B6CF1C2A3A3FFEE03441751B4CB6DE08,Cajamarca,Frecuente,2026-04-12,6,1
189,187,C-00187,CE0BF04A0D9C49A3FAD68298B7095FCD0252B310E8A6B6DD7F3D0578390C3678,Cajamarca,Corporativo,2025-11-11,11,1
190,188,C-00188,898C4AD317D87D16B010403B6A64D4D62915F7353F7CA5AA9C73D302DFCCCE17,Cajamarca,Frecuente,2025-06-15,15,1
191,189,C-00189,476E6DF5C4B054390E9370EDD921FF253ECAD2238D5EEF923D083F7D7ADBB7F7,Cajamarca,Frecuente,2025-11-11,11,1
192,190,C-00190,E2C0818B75206AD5CE3E866E43DFFA780BC623AE625B3054550C751F61FEB93D,Magdalena,Nuevo,2025-10-15,11,1
193,191,C-00191,A7F96FD57EB4747DBFA66F01FA8032C6194FC0ECF3235D7BEEFC70F162474AA3,Los Baños,Nuevo,2025-06-06,16,1
194,192,C-00192,322E2D05A5D26BF3163B83108FE72E1F8B0E19EB4905B1A88DAE54EF277E862D,Cajamarca,Frecuente,2026-08-01,2,1
195,193,C-00193,21FE4BA64FA700161E3C091D11AF971DF0F6E27EB6BE74C8E5B703CF297BD3B4,Los Baños,Nuevo,2026-05-16,4,1
196,194,C-00194,80C617B3119744AC186BABBF8A0C23F3D7218F8845241A69B88B3500649A64AD,Cajamarca,Nuevo,2026-07-05,3,1
197,195,C-00195,DFF78724E5052036EAC05A2AEA94F992F0E9CE0C6897F8B18A95AE62F77AB423,Cajamarca,Frecuente,2026-05-11,5,1
198,196,C-00196,33ECA740B846304C994EFB068624AAEE4FAD1222547424444F3F01C1DBEBBED6,Cajamarca,Nuevo,2025-07-28,14,1
199,197,C-00197,33A02D332915C21627F29DEFACDB9D2236FD1C269AFCEB3EFF7796BD6930B555,Cajamarca,Nuevo,2025-07-07,15,1
200,198,C-00198,769E348F80C2F25F8A009BB369CCD041B8DB01693E5BBA4C690CD0D24DD2144C,Magdalena,Frecuente,2026-05-10,5,1
201,199,C-00199,AE23B6C192EB0D3277C9B960551C721B9B75D8FADBC1E0652CE019F9276D1B7B,Baños del Inca,Nuevo,2025-12-04,10,1
202,200,C-00200,F370BF6863A39C9DA22225F370CB03F98C02898EE9415068ABCC9B120D31173B,Jesús,Frecuente,2026-05-07,5,1
203,201,C-00201,87CE89DA0D09188BC279E3889B854C06CD83B230590D16C7AF960844170ED151,Cajamarca,Nuevo,2026-05-25,4,1
204,202,C-00202,70E626DFE347C8F2A578CC44269E799DCB008D6A3D22050DC4285DDFDBB080A7,Cajamarca,Nuevo,2026-03-14,7,1
205,203,C-00203,029910F702F92FC11DB8648E5E25A12C759A79DDCCB3F2D006995E0C8124336B,Baños del Inca,Nuevo,2026-03-20,6,1
206,204,C-00204,4D7C6DAD87BCF800E6DBCFCA58DA43A1823233A5E262501C9A81993B4DD10E3E,Cajamarca,Frecuente,2025-08-14,13,1
207,205,C-00205,7F6E60FA68D947C814BA87F8AC724C266F78B24A92390FA1D2996A649D539DA3,Jesús,Nuevo,2026-07-09,3,1
208,206,C-00206,0EAA21CB2734DE188B46B30E762CF17CA2E3C03AD0A9E21CE9DC6CEBE65EF8FB,Cajamarca,Frecuente,2026-05-25,4,1
209,207,C-00207,F60CBBE9D1A811B4F627B4AA5D2C99EEA5B4BFB5EB2504ACD74C12B52355A9BF,Cajamarca,Nuevo,2026-08-16,1,1
210,208,C-00208,31C4CFFDDCF35223FDDADA2D3727D51BC69E3846E5B3F0F1ACDF31D9B5317779,Cajamarca,Frecuente,2025-07-12,15,1
211,209,C-00209,C27751AA94AF907C8BE14E580999FF09172C0136F40BDAAC3F5ECB8DA2834362,Cajamarca,Nuevo,2025-09-08,13,1
212,210,C-00210,C8C4BA26A651C868021BFFEF02C99A609FAFBA966C592720C91FF22101A57032,Baños del Inca,Nuevo,2026-09-01,1,1
213,211,C-00211,7FB509C0AEC8EA7C49FBF28F149F8E8BC9A7140967120421F72269BF33601A4D,Magdalena,Nuevo,2026-02-03,8,1
214,212,C-00212,D35BD3AC35E1430A673E643311FF42D84D1F4FE24CB41597D579BDDDF811C34A,Cajamarca,Nuevo,2025-08-20,13,1
215,213,C-00213,7A6BDBE38E7022B43D6C1E5E9C770D8D30ECD2C5EBC9D0C3B7649AB08C939817,Cajamarca,Frecuente,2025-08-11,14,1
216,214,C-00214,082EEC6149E7CFDEC1B9FA2586C35CDB04084DCCD7881ED5E52DBF84F537B8B2,Cajamarca,Frecuente,2025-08-29,13,1
217,215,C-00215,CA2D3B60CBB9986DE6BA0F27A0472D54C71DCCD98632F94855083B7EFE8BB598,Cajamarca,Nuevo,2026-04-03,6,1
218,216,C-00216,0C2677BC5B139B23FED0D20D4A07670F4B8EBD04D48B39E45C1433CB23F5697F,Baños del Inca,Nuevo,2026-06-01,4,1
219,217,C-00217,BD99A70CEF07A5279F331D4EBBC31376B3D1D9DC56384F9E05E8CBF31C5CCC2A,Baños del Inca,Frecuente,2026-03-25,6,1
220,218,C-00218,30429A1725C3BBB84A13D13734997E5AAE0B52D23A1C93C3AE9CC3E968D3DD62,Cajamarca,Nuevo,2025-12-07,10,1
221,219,C-00219,934583354D66DBFC7F575FC8AAEC44B4EF95FF1EBC80B82BF4000B2828068987,Baños del Inca,Nuevo,2025-09-29,12,1
222,220,C-00220,A5DCE6C03F0EDC765DC303705721443CE2C59BAC095A8AD84A78DC9AA7E08BB2,Namora,Nuevo,2026-05-09,5,1
223,221,C-00221,689C141D962FFC571713295D84110C6A068F3BA72F908AFEF157278BEDC45572,Baños del Inca,Nuevo,2026-09-09,1,1
224,222,C-00222,90116FA774E577390BD9C312558663C71AF783940933F18F7445B067C418A92C,Baños del Inca,Frecuente,2026-05-31,4,1
225,223,C-00223,4471D34857A42D018C154FA92B66AF0B6148EA2C003BE5C1DEB667379C3BF913,Cajamarca,Nuevo,2026-01-19,8,1
226,224,C-00224,F2676671622BDFDE5DC5A4ECF9A7A9DA1F2CEC4EEB3EEA4406CA3078830ABBB3,Jesús,Frecuente,2026-04-02,6,1
227,225,C-00225,C44F4825AB51283EF2EA322FA684280539825E850A9A0EDD387ABB713839ED08,Baños del Inca,Nuevo,2025-12-28,9,1
228,226,C-00226,0DCC5A1265A17FB29439323EF4AD4EE8AFF8F3A3DF1315F21CC3467E770A7519,Cajamarca,Nuevo,2025-07-30,14,1
229,227,C-00227,F7061A3FEE4A49B189026AB9FA44299EE225FA80B1BC7CBE9CE6D2FC4D138DA2,Baños del Inca,Nuevo,2026-02-02,8,1
230,228,C-00228,C11133632BF90876E92AAC52ECA053CEBB76AA1BB3FCCEC8480307A890221BA6,Cajamarca,Frecuente,2025-11-22,10,1
231,229,C-00229,E50B4F614FEB5FB79326A084CB0A11B856BB149067CEF008192C4FA7CDB6987D,Namora,Nuevo,2025-09-03,13,1
232,230,C-00230,44567A55976351A2B3280F9EDF8A8C53C233F84BE76774EE9950EA248256042E,Baños del Inca,Corporativo,2025-06-02,16,1
233,231,C-00231,FCDDAB47727DFA03493183A19EADD5B635F1BC4F93E4F9BD7BB4F8888FFB068B,Magdalena,Corporativo,2026-06-10,4,1
234,232,C-00232,1C4144F0D1B52E83616A38304EA8CD5782173893B581B5D064B707ADCF44AE03,Cajamarca,Nuevo,2026-07-19,2,1
235,233,C-00233,DF97B9728CCF8C31E631E4651C850D9830D457931E7D64F745C6D6531AE59829,Los Baños,Nuevo,2025-12-28,9,1
236,234,C-00234,6B3FBE406478B7A80666C1123078FC3D1760C293E4FBEAE983F919BC798DCE6E,Namora,Nuevo,2025-12-30,9,1
237,235,C-00235,CCB6FF47A6036EDA1E1D28AB55B7A1EF1F8FBEA6AF9505E048DC7845C0BD57E3,Cajamarca,Nuevo,2025-11-10,11,1
238,236,C-00236,634BC81EE4D061A92162DFA93AC0947BD5582AA92E60AF4FBACC886D0CCEF945,Cajamarca,Nuevo,2025-09-04,13,1
239,237,C-00237,23A2B0ECE2FF6CCF73C7C8603FB829C5C93C76D39E3B8677972F4B9569E44324,Cajamarca,Nuevo,2026-02-04,8,1
240,238,C-00238,1AE70DF20674D09177FB8CA213962CF7014CA83CE1F70150D07329BD9DAA7C9C,Cajamarca,Nuevo,2026-04-13,6,1
241,239,C-00239,413027F082410EF48882616208CDF84A83529BE777872EA500977D1D32A686D0,Baños del Inca,Frecuente,2026-05-26,4,1
242,240,C-00240,9A63A16C1AC54E1201B42E53223B41F79072C04508F492F2A62FA56438AB0A19,Cajamarca,Frecuente,2026-07-14,2,1
243,241,C-00241,33BC3149402318B23155745161C6CBF9E88743951B667CA91936276189BD79F6,Cajamarca,Nuevo,2026-03-19,6,1
244,242,C-00242,7B1E266F7229216E75FDE899925B06F7160B7D93DD82D2792B1EA13868CA937B,Llacanora,Nuevo,2026-02-12,8,1
245,243,C-00243,67FA021F3433B7E0A5BE95D52DA6A0C3E6D06970620C8B0232236C3E7DE1C8E7,Cajamarca,Frecuente,2026-03-16,6,1
246,244,C-00244,8863938F1FB1F433ADBEB7DBED076E7CFDD281B9FA5374CFD9680C4A4E415AE4,Cajamarca,Frecuente,2026-02-22,7,1
247,245,C-00245,253AABC5ED60D307CFE4BB8FE3E30C86AA0A2941C3B6B8F8C581B6A766F3754D,Cajabamba,Corporativo,2025-06-17,15,1
248,246,C-00246,AB6D617885597B9C42E684E8691BB65FBA8BE80CA79F055A10EB487555F02CC1,Cajamarca,Nuevo,2026-06-02,4,1
249,247,C-00247,8AAEC07F6FD417ACDD271B4C31AED214724286614A7D50EE0E5D2DB10DCD00D2,Baños del Inca,Nuevo,2025-07-15,14,1
250,248,C-00248,0E063B9DE757A1824E19E6CFDF0335E1285A9FE2BAC21F70EB9E01F32EC4AF6F,Cajamarca,Nuevo,2025-08-03,14,1
251,249,C-00249,F5545BA5601B71FA69B4972D6FEB79FCA353F9AB67666D32146327E472893E05,Cajamarca,Frecuente,2026-05-17,4,1
252,250,C-00250,28FBB434572FAA838E2AC69B227F8B60EAB068522AE1DBF73E7E797DFA5D2652,Cajamarca,Frecuente,2026-03-07,7,1
253,251,C-00251,69E7325868087DE724994A78ACEE6634404409FB73FE28E0AF8102A0B47C20D6,Baños del Inca,Corporativo,2025-07-14,15,1
254,252,C-00252,9D5C9BC3E119501524BCA0E928FEBFE354855A4C51D0E14345AF89601C12F5D1,Cajamarca,Frecuente,2026-01-15,8,1
255,253,C-00253,BBD58968380B36789DF24863E7CFD44D5E54790821C74235A7D768166D3E43CF,Cajamarca,Frecuente,2025-11-22,10,1
256,254,C-00254,2F14E6B3D699F557517E1ABC97F261D7ABB49D716F6C3567AF84BAE98919EEAD,Llacanora,Frecuente,2026-09-13,0,1
257,255,C-00255,5C5655739266D01D8C6F868591A4549C2E84D0785F2A4486BBA96D207934698C,Cajamarca,Nuevo,2025-11-25,10,1
258,256,C-00256,,Cajabamba,Frecuente,2025-07-10,15,1
259,257,C-00257,FB073F9954EE154F34824957B6C22F75C68B9845BEEA7BBB1537D64C0C999A5B,Cajamarca,Nuevo,2025-06-08,16,1
260,258,C-00258,05AAD4167E465586C9F5E8187184463040020FA2F1B05C94A8CF57CC3B3A5833,Baños del Inca,Nuevo,2026-05-03,5,1
261,259,C-00259,CAAFF35A62BCE6B0DE66858FFB1A94D410360EE0C353DB3077BF1E43FBA5DB4D,Cajabamba,Frecuente,2025-06-03,16,1
262,260,C-00260,F029D3995745A9471244146F3AC2C46C6B16A4F575F25117A58CA27F711FA1EE,Baños del Inca,Nuevo,2026-03-09,7,1
263,261,C-00261,B0CB23BEE75FEB65A99D2868CF2BEF824FBC2353C1CB42CB00321DC7ED47FFFC,Cajamarca,Frecuente,2026-01-28,8,1
264,262,C-00262,AA48B312D374471BF453609664EA12CDB0AC2E64177B87D669CEE7F57AF3AC14,Cajamarca,Nuevo,2026-05-10,5,1
265,263,C-00263,D9983C975180E8D87D427E4CB79C5AF83B2B01485C5016082A3AA7572D1D486F,Cajamarca,Corporativo,2026-05-11,5,1
266,264,C-00264,1ABEA73C8E2AAFA0576B0F9191CC4A9CBE39771B775F204BCBAFBD47C2275D79,Cajamarca,Corporativo,2026-05-30,4,1
267,265,C-00265,CA280D599B1893D045686177B9B230F4AA8451387AB6CBDCF4916A2370CD3267,Cajamarca,Nuevo,2026-03-05,7,1
268,266,C-00266,BBD2F2057B40DAB50E2E843DF7E7CE6C133825D2D411ED4B1008ACCF34947223,Baños del Inca,Nuevo,2026-04-14,5,1
269,267,C-00267,1A91AC32CECE9EE8BB45754FEFE9E7824E00FFE5670465FCFFDB1F0CF3B24E54,Cajamarca,Frecuente,2026-01-11,9,1
270,268,C-00268,523382DE5FC0D280052FBC2A660DC20288677C645D5766E2BB02BDA35BEE0BFB,Baños del Inca,Nuevo,2026-06-08,4,1
271,269,C-00269,04204574A8753D334B4D834EDC73182A38A84578D903A13192AEB66DD7645A23,Celendín,Frecuente,2025-10-04,12,1
272,270,C-00270,FB11A446AD793E47B9879D90793447E8395A3E92F38452266FD45E45B9EA7601,Magdalena,Nuevo,2026-09-12,1,1
273,271,C-00271,87378AEFA4C28CD95F142875749BB98E9643556A00F07648489108000E3CD8DF,Cajamarca,Nuevo,2026-07-07,3,1
274,272,C-00272,62B1606245B217740D205C1CD9E2712EEB025F71C1F24DF10AB71148DE76352A,Cajamarca,Nuevo,2025-12-28,9,1
275,273,C-00273,D7621CDC0D9203CEBF3AC8B1FE8BC73DD26448719AD613BE2CC930A937F67107,Cajamarca,Nuevo,2025-10-13,12,1
276,274,C-00274,0EA1774079D0EF333B47FD313B6AD69311D31B7B645785AEED8A0020460C445B,Los Baños,Frecuente,2026-04-16,5,1
277,275,C-00275,B200768B1C0B625A8EFF67B7D081F566B5A66527968C5CBA269749FE56CC591D,Cajamarca,Nuevo,2026-08-15,1,1
278,276,C-00276,13E9A7B341DE07006BD7861B3E7A359CED7CF3AD79232C0CCF1A2ED396D9471C,Cajamarca,Nuevo,2025-09-29,12,1
279,277,C-00277,8BBA140CBC88749DA6E2220A28BF6AF25783B2B83126FD1EDA799E6136A8D357,Cajamarca,Nuevo,2025-06-02,16,1
280,278,C-00278,3F32E173E3B20A4359EF2DBFF761A6BE3022A19CD6A01F6C22A75C9BCFB33C28,Cajabamba,Frecuente,2026-08-10,2,1
281,279,C-00279,,San Juan,Frecuente,2025-06-17,15,1
282,280,C-00280,2F1EAFB024FAFF3A645308658798C97CFEDD0BD1E5F098A421C0A683FBD77B32,Cajamarca,Frecuente,2026-05-18,4,1
283,281,C-00281,8F2479E387C906139868329A243F100FEAEF724AA919FFBFDA7C8C71A172586A,Cajamarca,Nuevo,2026-07-24,2,1
284,282,C-00282,750B84B1939D37DC1322080B203B674ED0C27AD7602E9EFDB1AC326573CFC853,Magdalena,Nuevo,2026-07-16,2,1
285,283,C-00283,BD34E1E482E3555F3317DA9E26E4FE39A23458E68CD4225A962FD3040136D65D,Cajamarca,Nuevo,2026-03-16,6,1
286,284,C-00284,52562F1377FE7F7DC523F1C679493E9668288E1FA4E9F2EE1C369077AF6CB838,Cajamarca,Nuevo,2025-11-27,10,1
287,285,C-00285,DED383611FA438811C2C5DC5CF06BBF92B67B512D65F6D071F513AC8489D0642,Cajamarca,Nuevo,2026-06-24,3,1
288,286,C-00286,4985A51DA97B2178D7A81E6EBD641C425A15B066DC9C779A8C078128564CA163,Jesús,Corporativo,2026-09-02,1,1
289,287,C-00287,5C5B41C1B4FF8766C3BD6297143A63158EF89D369D9700A50F6579252E6E77E1,Celendín,Frecuente,2026-04-30,5,1
290,288,C-00288,AFC801A14221A1522872078C114A01ADA275AF3F9C41147B2E90B58128E60554,Cajamarca,Nuevo,2025-06-21,15,1
291,289,C-00289,2C23BA8806D1569C8C81D8BCFC2E6EFFA516F5BE64BD6A28FAEF50A385C855AA,Baños del Inca,Nuevo,2025-06-20,15,1
292,290,C-00290,ADFD9724DB1BA6B4D40BA4B1E49BF9D773D7996CA8F21B316F07E26B7D3278C5,Cajamarca,Nuevo,2025-10-16,11,1
293,291,C-00291,4357DE5FDB8D24280E156ADD55A005195632FB2D1B846DB977C4E29DA6B37FE8,Cajamarca,Nuevo,2025-11-03,11,1
294,292,C-00292,51C50696057021D6A21FB12C6A1A40F4494CED2FCF702975A0346EBC3DFE2C92,Llacanora,Nuevo,2025-06-06,16,1
295,293,C-00293,D92A60204839792358BA5614F35692F210CACD829D9B58A87233F06CEFDFCFE3,Cajamarca,Nuevo,2026-03-03,7,1
296,294,C-00294,5D0F6A2CD95FEC440605FF1CCA604B4A3355A05CDDF976CAE884AF025085E58F,Cajabamba,Frecuente,2026-09-11,1,1
297,295,C-00295,A29EE08BCE1CDCB5F65FA49CDBECE52EBAA2B4D4D9F38C7254F7F0C7E19D5361,Cajabamba,Nuevo,2026-07-08,3,1
298,296,C-00296,F06C89CFE300DA1C611AADBAE3F6A0E7C12F5F63F7CA57A0D921A408CE12215E,Cajamarca,Frecuente,2025-07-23,14,1
299,297,C-00297,520798921C6F049D6A5907D3B62F6F5850711B5ADA9707B95BA669786D26498F,Jesús,Frecuente,2026-06-03,4,1
300,298,C-00298,FC1D5117D82ED822D98A6F427DDB4803DBD98B620CFCA7B4E8638682F56EA4A1,Los Baños,Nuevo,2026-07-17,2,1
301,299,C-00299,24AE6F8F7D555E5D88000DCF9AC3F3024E4CB7551F1A89734029D79279911158,Cajamarca,Frecuente,2026-06-16,3,1
302,300,C-00300,433FF46A0F2A804BD4599B70424A8DBE2FAB49B5248DFD08E77A76387D909A33,Baños del Inca,Frecuente,2025-12-14,9,1
303,301,C-00301,482BBD182D046F2B76A36EC70AD1EC241FDA9BABAF3C884B7F333E5DD9F31AEA,Celendín,Nuevo,2026-03-18,6,1
304,302,C-00302,C7E72A20D523491FA2A9F25432FDCE4C48B589FC7074956A4709564D5E9C0C9A,Cajamarca,Nuevo,2025-11-08,11,1
305,303,C-00303,A88A6F90BE159ABD685DFF5BF8CF855DE8A78E7A3F8EDBEDD4E629A49E23148A,Cajamarca,Frecuente,2026-06-18,3,1
306,304,C-00304,2518F9513BF50CDCA7F9C48EAA9A27923C91CDF63137D420F192F48B3B68A403,Los Baños,Nuevo,2026-07-23,2,1
307,305,C-00305,,Cajamarca,Nuevo,2026-06-26,3,1
308,306,C-00306,68DD7BFC66594B65A882C382BA99CFFA240F87DF9D2E2983A8D5D406D1817F5E,Cajamarca,Frecuente,2026-04-01,6,1
309,307,C-00307,74E00BC2B96DB83EE7F68B162B58A5211C2BDC324FF08C24BB1A8F4D357832B0,Baños del Inca,Nuevo,2025-11-29,10,1
310,308,C-00308,DD168A70E52B2723D7E831E96933B519A8C3E824A706816911B3DCE468286DC9,Cajamarca,Nuevo,2026-03-27,6,1
311,309,C-00309,54DBD3415A8F0DC88CC038B70E1C068FC363F918F5592AAF19A363127129CCC1,Llacanora,Nuevo,2026-04-24,5,1
312,310,C-00310,1FFDDCDD2DBB5DE30EED46A4976A8095C87AC55C5C970F89D3C783B885E07F68,Cajamarca,Nuevo,2026-08-11,2,1
313,311,C-00311,62C971B91094C5AD2995EF61D2C7539706210E270DBAE9A29C86C9F39027B05D,Cajamarca,Nuevo,2025-10-12,12,1
314,312,C-00312,5F3C0F6A80B6D59D62C03FF9356A805F82517A66116AD630B6C14DF6ECB84CF7,Cajamarca,Nuevo,2026-03-03,7,1
315,313,C-00313,744BD3DC56AF5A389E7C2387F2A1FB9F3CE3D1F99494772DA930D2D0EC7891F2,Baños del Inca,Frecuente,2026-07-11,3,1
316,314,C-00314,2AFE1C74FC44E54C4A8AE5374E2C6681FAD6EDB6E8C9E6133F9732BA55162B7A,Cajamarca,Frecuente,2025-08-04,14,1
317,315,C-00315,50DEF196834E719CBB1D3449D687B85DA132D4A9F19FEE9A4AA284802A3A3721,Magdalena,Nuevo,2025-07-20,14,1
318,316,C-00316,1304F9BBE222638643463DD085D983724B7465A3C866CAB76E9ACF34DB54B308,Cajamarca,Nuevo,2026-01-06,9,1
319,317,C-00317,F6A09525EC6DE402E77C63E059B465420FA75F36C1F760D750F2CB5937877D76,Cajamarca,Nuevo,2025-12-30,9,1
320,318,C-00318,F63367BAE17C33B732576A43054DD577398B1484F86DCF337AA725489047E0ED,Cajamarca,Nuevo,2025-07-26,14,1
321,319,C-00319,619469EDBA56D5E1D12F0105D3151F0DF0377724873ADCE4E3760E2E15A3E60C,Cajamarca,Frecuente,2026-05-01,5,1
322,320,C-00320,2A18133522D70126D0D6CBBFB3AE7FFB1518828A2F65B8360D65A5F1D2E3A437,Cajamarca,Nuevo,2026-07-16,2,1
323,321,C-00321,60A3E02E038C639EA4BCEC1A13BB9A4ABACE5EA948BE9E61A74BDF3A17B409BD,Cajamarca,Nuevo,2025-12-26,9,1
324,322,C-00322,025E87F4BE2CC7CB6A4CE7ED72650F044F82E0939039881AE3E621634CEC421E,Cajamarca,Nuevo,2026-03-04,7,1
325,323,C-00323,1AC69459E0F570377C27FD762CE0AE9E31407A954B499FCD06A90C6744D5812E,Cajamarca,Nuevo,2026-03-05,7,1
326,324,C-00324,FDD3F0E65E11639B5C498EB59E746F3B7A1C0BEF7630D2FA9CEAA6FE3E449601,Jesús,Nuevo,2026-05-28,4,1
327,325,C-00325,B57B5986DBE79F75C9802FA6DA2DFA7BFE7C4BB5509F94FD5394953C7B16180A,Cajamarca,Nuevo,2025-11-24,10,1
328,326,C-00326,F67CFC6ABD895CFFDAAB86FFC10D2C918B941997838ED0665C24F2BD4257DC45,Baños del Inca,Nuevo,2026-06-05,4,1
329,327,C-00327,187D66F5948F19706B65C3390859B3CD6C80553DC700C34BBE36B4C4B22FB5B3,Baños del Inca,Nuevo,2025-10-14,11,1
330,328,C-00328,6EC66543D5C5A70D3AD6805075972EE6B4A481B79A428802214E0CB5286DF902,Baños del Inca,Nuevo,2026-08-13,2,1
331,329,C-00329,E5BFE7B9BB35AA2953FE18116E90C3CBCC060C30180072F3B1EBF9A8398EDECF,Magdalena,Nuevo,2026-07-25,2,1
332,330,C-00330,B0AF9870DE6A63F7AAE3093BE73007E30AFB74A59E81BDE6FF54CD31B236BE25,Cajamarca,Nuevo,2026-04-25,5,1
333,331,C-00331,69BC9F8267EBBF7FF6D6F0E3CF042BA461BC63BEE42D080D4591AD0D085A2F5C,Jesús,Nuevo,2026-08-06,2,1
334,332,C-00332,BF9AEF29E3DA85BDDC7BA97487A7C9C43317D59A3B48833AD13477AE534CC323,Cajamarca,Nuevo,2026-01-17,8,1
335,333,C-00333,21E2F3CEE96BF10D5690A0F1553B6D8380FF978079A954F87E653F13AF55905C,Cajamarca,Frecuente,2025-09-04,13,1
336,334,C-00334,2CFB4012371F628D66B66B5AA3C0A651253AE8BE52B65988C6F7E7316D2F702C,Cajamarca,Nuevo,2025-12-07,10,1
337,335,C-00335,58A1AA78C1692F02F98145C9776F7CC53B6DBF938679F95B4C85FB8E8F165B72,Baños del Inca,Frecuente,2026-03-06,7,1
338,336,C-00336,2FD54FC2F571AAA760E60021C91EA842B184DAE5EFC80B49583F81D412D38EF0,Cajamarca,Nuevo,2026-01-29,8,1
339,337,C-00337,D788DFADEF237D67FAA7991DDD20EAA5469B9A1D30BD4944D4F3AF44F0975D2D,Cajamarca,Frecuente,2026-03-04,7,1
340,338,C-00338,70627A6F9F6A8AAA3856EFC544AF3AFA18FFF171F99CA0864181CC85A36D9192,Cajamarca,Frecuente,2026-01-27,8,1
341,339,C-00339,278A42359F23DA5AC64A9E2B280B19130113202C1ECB5C345D74E373C52145F8,Cajamarca,Nuevo,2026-04-10,6,1
342,340,C-00340,1DCBCF00F2BE8313A0DDEE55195302380D2DE2E1F042029C2C1A2ECDF99DC4FC,Cajamarca,Frecuente,2026-02-12,8,1
343,341,C-00341,055ADD55139958C16A160C03B46644C3DB7AFCACDBBACE92ADA5F59F02B98C0A,Cajamarca,Frecuente,2026-06-26,3,1
344,342,C-00342,4F0DCB98FBDCCF2CF4D04BC5461DE836E7633589A75AAC45A61AD605B874F72A,Celendín,Frecuente,2025-08-12,14,1
345,343,C-00343,93CE440CB4FD61FDA3C8C3A428B8E314C41F17F54DF9CAECF149498278FBF94C,San Juan,Nuevo,2026-05-30,4,1
346,344,C-00344,4C941DAE839F5C446EB4297E57CDD4A71144A77191AB0AD1BB15C9E60E64B7DD,Cajamarca,Nuevo,2026-08-19,1,1
347,345,C-00345,504FB63F4E8ABEAA6D1A0E344E921DB74881CA5CCF683C18ECEDBC504C71BB2A,San Juan,Corporativo,2026-02-25,7,1
348,346,C-00346,C3791EAAFDA8D50E5754379535159F5A82845C0F593F063B41CC2CB45D7BB345,Cajamarca,Nuevo,2025-06-12,16,1
349,347,C-00347,E6141F50810BCEA54563F58DDC77993B777A26424885F6EABBDD78059C71DF9C,Baños del Inca,Frecuente,2026-08-25,1,1
350,348,C-00348,A78C62227D171F1F6BD0CE339D8A2954EFBDBBDA8D24516F399EFBE053EDE309,Cajamarca,Nuevo,2025-10-25,11,1
351,349,C-00349,950434E63695AC5B3FE4B3FB5F4C39430922082F671C3AEE8E4D94C770BD0DD5,Celendín,Corporativo,2025-09-02,13,1
352,350,C-00350,2D643F13BC7F2A9BD52E46600A374A8C57197EECA96D79FA917437C1A6D0152D,Jesús,Frecuente,2026-08-25,1,1
353,351,C-00351,5DA91DEABA8017F75E4355F0CA527EAD90F11B604040BA9F2ED8BC67DDD183BC,Cajabamba,Frecuente,2026-01-16,8,1
354,352,C-00352,BB9C4576D1D28867C10121886ABB312B439B14414B7AD478EB0DDD986D82CF81,Cajamarca,Nuevo,2025-08-05,14,1
355,353,C-00353,C0B9DBE24660D4DAC81FB1C3449E5935AD5C206FF12DDDE99D1FE38869531446,Cajamarca,Nuevo,2026-05-29,4,1
356,354,C-00354,2C69C7E32B8BED8B96BB0CA6BB19D761D28604D48837951CEE9C3CE6906B500E,Baños del Inca,Frecuente,2026-02-22,7,1
357,355,C-00355,7A652E1ACC183DC142C142E50FCADB87F1561A155383809B0CB717E2986E7720,Cajamarca,Nuevo,2026-06-27,3,1
358,356,C-00356,59A77B9D632D630EC4FD8ED938F8E2D0869C141A757207AD840A7EF870E3ABE7,Cajamarca,Frecuente,2025-11-15,10,1
359,357,C-00357,B75F618520C1906C916EB958B016CD68AECD92A232664093915A129114770803,Cajamarca,Nuevo,2026-04-22,5,1
360,358,C-00358,FC46154749102606FD62223BA08A784F9F7C43D40103F7FF0E29EB9C5C83E64B,Celendín,Frecuente,2025-11-11,11,1
361,359,C-00359,B47EB6839D83B96C39EFD8A78ECF65984B3B6FAE20061A21674BBB65DE241EBE,Cajamarca,Nuevo,2025-06-20,15,1
362,360,C-00360,694452D3FECD64AC54A38F390FB379DD5B4545DB8015D8B59084AF3E55E415E6,Cajamarca,Corporativo,2026-03-14,7,1
363,361,C-00361,13620D10AF9A6916049B5891F3ED17F6DBFE8AF6FD8B53833A35691452391166,Cajamarca,Nuevo,2026-05-25,4,1
364,362,C-00362,0D2BBEA140AA7402DD59E5448C3A1010B7D16DEB8660A3FBE3922E981C2DCBBE,Cajamarca,Nuevo,2026-07-03,3,1
365,363,C-00363,332B110D985D6050ADDEB4BE06AA57997DC54C0D14D9B436444713CB64DF3068,Cajamarca,Frecuente,2026-08-20,1,1
366,364,C-00364,7F7FE0FF97462569935B9AFC8DA81D7B769AFBA8DF61772117EB3BAC43DE8932,Namora,Nuevo,2025-08-22,13,1
367,365,C-00365,AFCC899FDD6393158BEC3D7EA60D9580E4916708E461F456545341B16B7D1985,Cajamarca,Nuevo,2025-07-04,15,1
368,366,C-00366,8E6F0A99BA757D347A487A62C7321DC4E536F84873CDA1E3338149952D1A20BC,Cajamarca,Nuevo,2025-12-27,9,1
369,367,C-00367,5F93A0FD85CDAA961573AF3CEE72E6EB43468DACEBFC0A3F44C7E58399967F18,Cajamarca,Nuevo,2025-09-20,12,1
370,368,C-00368,EBC1D97A686EAE594B5D2123D55D29E3B4C05FF344A826412D07BF862FEA4278,Cajamarca,Nuevo,2026-06-07,4,1
371,369,C-00369,B5A25D46A374E126E08A381E7B8D07ADA4B2308390F052A060E91A95EC3978CC,Cajamarca,Nuevo,2026-06-05,4,1
372,370,C-00370,3172A73742F345A7443C1BE32629F7DE55456F2D92CCC672AD387650F4137847,Baños del Inca,Nuevo,2026-09-02,1,1
373,371,C-00371,15A778C40CFAF178D769A3D842A820418775A59A8E5654BE45758BA95D73F409,Cajamarca,Nuevo,2025-09-01,13,1
374,372,C-00372,853D5D637BCA2BBDF51D111AD497CBE0BA4F6B7D7FFC04FAD0547FCAD8E5E8C4,Cajamarca,Frecuente,2026-03-02,7,1
375,373,C-00373,11C886078B4803223908F2CAFB2CFFB866851E14EB9C812367381C14997D3669,Cajamarca,Nuevo,2026-09-07,1,1
376,374,C-00374,654DC02EF14B18889225B35C11EE208377E76B116A1883C6EFAC172030EF498F,Llacanora,Frecuente,2025-12-30,9,1
377,375,C-00375,4BDDA4AAA60FC5BCC4F22232C7AAD4B2C8F2741222CEA8DF0031A63C29FCD238,Cajamarca,Frecuente,2025-10-21,11,1
378,376,C-00376,26FE407F0382EC111E3C2F1BECD5718A6F13EE174939C592064A461310476839,Cajamarca,Nuevo,2026-08-24,1,1
379,377,C-00377,5683DA24AA70A6638DCF37EB189B8DCCC8F80FA7691985D3B5C77ACBA479685D,Baños del Inca,Frecuente,2026-09-12,1,1
380,378,C-00378,47829CDF1823F0AF725E56F711BB7C8E077AA3BE90C4B701F6999585A0A377A2,Los Baños,Nuevo,2025-08-28,13,1
381,379,C-00379,5A2A164989A7B753C1605F6A31263C829E204ADFEF9EFD4C5F8C942D55F85094,Celendín,Nuevo,2026-04-07,6,1
382,380,C-00380,F65B057F46E87FA37F3447A13CF86F777A090F12955A2A04DA0F7C87E75F5E90,Cajamarca,Nuevo,2025-08-05,14,1
383,381,C-00381,851C61AA9D58E6203EAF20A0120E0ABAAA8E445BEA1F83F8A710C333942C9F32,Baños del Inca,Nuevo,2025-11-29,10,1
384,382,C-00382,F25869D900BCB7903E05DA229339F43DB6A139E92CE0CEA7D6076EF73112F4A4,Cajamarca,Nuevo,2026-09-04,1,1
385,383,C-00383,81B10EEA743C8897FF3A10A4217C4F8D41A58A67DBEA55A00873ED38547810B4,Cajamarca,Frecuente,2025-08-02,14,1
386,384,C-00384,C97C4712D9A41E73BFE21DCF8229C01A7F21F440219EC070BEF28789A7CE8062,Cajamarca,Nuevo,2026-07-08,3,1
387,385,C-00385,A218B6C190167E46E88B4D5EB1757D35573F7FE3334DACCCBA44FB3907D663B8,Cajamarca,Nuevo,2026-05-10,5,1
388,386,C-00386,059A26370B384AACB84E995BB2E580B118687F843EB96C873938237348C5F798,Cajamarca,Nuevo,2025-12-11,10,1
389,387,C-00387,DABC6363F26E340D9A8A6D5C6BE31AB8051A44D8C91967CFF82F61BEC02F267C,Cajamarca,Frecuente,2025-07-04,15,1
390,388,C-00388,7360E5F98F6E89C5D2A453831E4F895577EBD3F4DE6580A4AB168CBC416B1591,Cajamarca,Frecuente,2026-01-09,9,1
391,389,C-00389,510E66B088A48C950A4F1496D20E81D2081BECA144CD8B7684C7F381539B68D7,Cajamarca,Nuevo,2026-01-01,9,1
392,390,C-00390,4709DFE372AE5CD9EEB41C5CDB9BDA43AB8C208882BF02C7EB0B5C7220B1CBDD,Cajamarca,Frecuente,2026-07-29,2,1
393,391,C-00391,8D36FA7D2EE5E23E07220155E7B9D1E34FB241E55B009F3FE1F18C15CA2D2EC6,Jesús,Frecuente,2025-12-03,10,1
394,392,C-00392,971C9C5884C706B717FDA6916BDA53789FB403A9BBB32D6A05A2C877164329B8,Cajamarca,Nuevo,2025-09-10,13,1
395,393,C-00393,D68C39D358652182A5EEE458A3D8718E200DDAC9BB35308349987B9EF9743922,Llacanora,Nuevo,2026-05-03,5,1
396,394,C-00394,1A333E56F43511C59C338A8BC29F8AEC2A4F2545301304432B098E6E6E518F7F,Namora,Frecuente,2026-04-26,5,1
397,395,C-00395,D196B170F3372CCF657430A98309051AA02DACC9DCEC11592546A63F69E017C2,Celendín,Nuevo,2025-12-16,9,1
398,396,C-00396,EE2EE6F29417EF73C93A13522EB94AFE69458D68DE973166987D5FB0D41B5468,Cajamarca,Nuevo,2026-06-14,3,1
399,397,C-00397,E01A7AFFA27A19786203DC01FF51EDC583A6DA1A468CC39A154B1D571BB377E7,Baños del Inca,Frecuente,2025-09-19,12,1
400,398,C-00398,69DF40B463ABEE0471F70EF7901CA1C9870C326672AD02CFC7AF4A03ADEDF369,Cajabamba,Nuevo,2025-12-02,10,1
401,399,C-00399,D4A7216710ECCFDFB0B454B2771C7ACE4FFD83634C3EEFE33CAD640D16CBFEE1,San Juan,Frecuente,2026-02-11,8,1
402,400,C-00400,01CACDF2CB122F5DB11BB72D7A5BCADFB48B165C0C237F41168DB5B112B0A5DA,San Juan,Nuevo,2026-05-10,5,1
403,401,C-00401,C7E5BD30A1B11E7612235B3C3868B37D77E8719C2016849F8A2AF824FF161328,Cajamarca,Frecuente,2026-07-16,2,1
404,402,C-00402,3BAF8F2716DB51DA0A44212F223802C9A9CB4043D9F665CCFE38C3E4DAF0D6DA,San Juan,Nuevo,2025-06-11,16,1
405,403,C-00403,46A4F51E09BB4656055F8F5F4F56E515E04167AB7BF21159FCE93BF8DEB82C35,San Juan,Nuevo,2026-04-28,5,1
406,404,C-00404,4CEC3766DF976A5920F120B219CFB88077EF0DFE2E1BF37265569FF620B220EC,Baños del Inca,Nuevo,2026-07-30,2,1
407,405,C-00405,478A419C927DE59FFAFBAE7B75F7C99C884EA57880597212498BA920BCAE4EB5,Cajamarca,Frecuente,2026-02-24,7,1
408,406,C-00406,E8419C6514D36CC5D38E4C5D18C9ACC80AD2776636D5B854BDD1B6271C650E40,Baños del Inca,Frecuente,2025-11-25,10,1
409,407,C-00407,F0C6F85BDDCC114168B8162CAD4FED1181CC8214FE2659B734EC92FB5F63D4FE,Cajamarca,Frecuente,2025-06-14,15,1
410,408,C-00408,9E9DBEBB12EC101FB31ECB8588F214BA8641897214C42167BEF007D7079871CC,Baños del Inca,Nuevo,2026-05-14,5,1
411,409,C-00409,87963C6C2D99D6BC5F653E4D1B53F0F61164F5677DEFE8C72BD0CF1103DE2C6F,Cajamarca,Frecuente,2025-10-23,11,1
412,410,C-00410,4646F5D715A573E37D5F313EB3F40AC39F823C9E903244E4C4B5CC2B111506D4,Celendín,Corporativo,2026-03-18,6,1
413,411,C-00411,C0822B3203F254F5116686747E1643674F2E42B2FF7B4A99F04965836E30B987,Jesús,Nuevo,2025-08-28,13,1
414,412,C-00412,4EFD2E01DF1964D7F7E3A380330154B0B917B5DDD82BE7C7723ED229AC3CC84A,Cajamarca,Nuevo,2026-09-02,1,1
415,413,C-00413,55E9A9EA7056EB5F494B850CBBA0ACE4442A34CEBA7F741AE53DF9ACC3FC4957,Celendín,Nuevo,2025-09-22,12,1
416,414,C-00414,59D89BEE774102CBBDC149BA7F0547AF9B85115204C57BCB7C10AF03799B5383,Cajamarca,Nuevo,2025-06-07,16,1
417,415,C-00415,99F992B599AE384E8F7D8A1F6CABCCEC3F4417AE19202AB1C1CDD289C6816A9A,Baños del Inca,Nuevo,2026-01-27,8,1
418,416,C-00416,2CCDA5C3DE73EAF4447F060C89E9B9BCEE376116240BEB13464532337520EBA6,Baños del Inca,Nuevo,2025-12-14,9,1
419,417,C-00417,0D7502876AC7FED7CE04B3C2DDCF69B12B1F7AA0F618F102E1A4E9D27017C350,Cajamarca,Corporativo,2026-01-24,8,1
420,418,C-00418,61F73DE2AF2CF06AB3B8760C9BBB09294C43B1788971E753D5E721CBAA188510,Baños del Inca,Nuevo,2025-07-05,15,1
421,419,C-00419,0AE47518B66E55898A869BFAC145AFF27C7687547AE8E0D16153BC6EE1FDCF47,Cajamarca,Nuevo,2026-06-03,4,1
422,420,C-00420,10C232AAFDD2EB42F49DC990E2EEE2424024C2A9FCE7F944C69FEBA59A0016F5,Cajamarca,Nuevo,2025-12-07,10,1
423,421,C-00421,2122D8A732739ADFE621FBC9B70B5F2F1873549707337D1681496B3BC98C3776,Celendín,Nuevo,2025-12-04,10,1
424,422,C-00422,F265EECC3F73C8C30F03113A8ADD455CFE792AF0354BDECE47BB176943E9758D,Namora,Nuevo,2026-02-17,7,1
425,423,C-00423,2BD4CFC64B8EAA53E48DD056BDF958A27685C5EFCB3B8CC1EAA556D7DB55A2AD,Cajamarca,Nuevo,2026-08-28,1,1
426,424,C-00424,AE0EE72F149895B2E311B41329E7DD3C794AEF359B26AABDA973D7E9E949D558,Llacanora,Frecuente,2025-07-19,14,1
427,425,C-00425,B4624D4F5C35216C9D047AF222761522C9ED86DFC937690681D3DDD1AAE60F54,Baños del Inca,Nuevo,2025-06-25,15,1
428,426,C-00426,42B835587DDAC867A0AA091AFA83E6968BB144B282E37196F3181B275B296C4C,Cajabamba,Nuevo,2025-09-11,13,1
429,427,C-00427,7A7C383608E7CF99056A3567C7D6253492CE53EECABCE64091AA05DD598E8441,Cajamarca,Nuevo,2026-01-11,9,1
430,428,C-00428,B34B42069060DF860A862016B48D7D034B8D6DD82DDE7E1DF02A65870C137CE3,Cajamarca,Nuevo,2025-09-10,13,1
431,429,C-00429,E6F872CF5AD0F6C4F91025742C5CB3CCBADBD8F903F8015248C1E1007692ACD0,Cajamarca,Frecuente,2025-11-09,11,1
432,430,C-00430,05B041E305CDCCD84ABB3041D8D9358F47A244D7C3AC7C8A4F6B7CEE50FD119B,Llacanora,Frecuente,2025-10-30,11,1
433,431,C-00431,473992A059C0E51833B19CE14277C7071C89C79C3641B5601185B0B4A74AFD0B,Cajabamba,Nuevo,2025-11-24,10,1
434,432,C-00432,F7DA9F1CD45456C439E8505F6A851C15DA6482B2558F521D7389B7C1F3B9488F,Los Baños,Nuevo,2025-10-22,11,1
435,433,C-00433,31407FDEC784FD6F8472EA6EC2857BEC46A0829ABFBF12D6F9AC94081A32C25D,Cajamarca,Nuevo,2026-09-12,1,1
436,434,C-00434,B39FAE43BA847F1E8F6AFBFA235B3DF680F7C86E8E202DE2B20207A72FDC89DB,Baños del Inca,Nuevo,2026-08-06,2,1
437,435,C-00435,4A43B7F3BB1CD0B26D15E053EAC30B13189EF9E561C3BB4671356421EDA28903,Celendín,Nuevo,2025-06-05,16,1
438,436,C-00436,17C36EF3263E338C5D400E80CB554F96A2DFE76EE41B3F0AAE1EA224B8B20EFE,Cajamarca,Nuevo,2026-02-10,8,1
439,437,C-00437,498741E9D30A8641946FDC1ABC5580199D4F28EEBD1D2E5C16424D8EE5A612B3,Baños del Inca,Frecuente,2026-04-14,5,1
440,438,C-00438,AAD71001D8B1A1B8FF05C8D351686A469CEEA72974F61EC64C5921A0D887991F,Cajamarca,Frecuente,2025-09-26,12,1
441,439,C-00439,75274F7D252E1E2117874B18280C7C9B6E7ABCC78ACF8352AE8327578CAFA1A7,Cajamarca,Nuevo,2026-08-22,1,1
442,440,C-00440,AF15BF3D33E82B647EFC902BFF012D1EEDFC35E7BA5881D3E73DFDABEF6182BF,Llacanora,Nuevo,2026-04-09,6,1
443,441,C-00441,5DA4CBCC310C2994BDB37E1EE9CC0D9CF08A4E4B056BF4C9EC5B297439316E9E,Cajamarca,Frecuente,2026-05-22,4,1
444,442,C-00442,4C0B1F5C726B92C07F36B9E75C99702E9DC0E7F830C856AF850373F0E9431E45,Cajamarca,Nuevo,2025-12-20,9,1
445,443,C-00443,6637224249752627255F481F513AC3AD480A908D65011AC727E6F33D46D6D132,Cajamarca,Frecuente,2025-12-26,9,1
446,444,C-00444,42A5FD226E4F0BCD455230C275468410C4D5CB2073C78615CA92158C24D315EB,Baños del Inca,Nuevo,2026-05-20,4,1
447,445,C-00445,01E19ADC2E387740A68CB7524AA33C37D7B706D152861251390215B1B41B1AEC,Cajamarca,Nuevo,2025-10-07,12,1
448,446,C-00446,0F915620AF58D2F746C3883A3B7C768E33A3452B82BF6435F758ED818EB56418,Cajamarca,Nuevo,2026-05-21,4,1
449,447,C-00447,117A60CC89F664FF12C67A5CA366BB204B158AFCDB35D13B10492E2E8030BE5B,Magdalena,Frecuente,2026-03-16,6,1
450,448,C-00448,6A9C08DD3946A60AAAF366C7EB63D3C97CC8267082C9B73C373E33AF51D2C8C6,Cajamarca,Corporativo,2026-05-28,4,1
451,449,C-00449,EA0EB3582BBC37817422CAED49334E116F08CD9CF189DE20150F44133AE25524,Cajamarca,Nuevo,2026-06-09,4,1
452,450,C-00450,E761C6DA7FDEDDB081F0AA116BD0E97B7C7F9A3D7BCCE6A728F6993C0C6C5183,Baños del Inca,Nuevo,2026-03-27,6,1
453,451,C-00451,B0EC90C057A56920D2797053C9043397BAED5B195F39FE2E5815312D07AA5094,Cajamarca,Nuevo,2026-06-24,3,1
454,452,C-00452,BD0CEC9A5344EBA9E34DEF23845254DCFECA6561A426802F4C253FF8CFF92E8B,Cajabamba,Nuevo,2025-07-04,15,1
455,453,C-00453,050BF1F01FAC0D6999253B1652021EDB842D350140F13A87C8A1351B6DD464DB,Cajamarca,Nuevo,2026-08-28,1,1
456,454,C-00454,611870BE7F84A38BBF3DFF925E3C645E9ED6A3636AB9D3581ADC027399A0330D,Cajamarca,Nuevo,2026-05-21,4,1
457,455,C-00455,DAC7ABF77FB8521F1FF54278FB2BA64355328B81A500C8AED3858955D5932D0F,Cajabamba,Nuevo,2026-04-19,5,1
458,456,C-00456,708C7719E67B27CA13AD61903A1B988208E290A6755FDEAD22B600F99E0B8A3E,Cajamarca,Frecuente,2026-08-18,1,1
459,457,C-00457,2B29977FDB4AD04D1CACAC9F101EC8272CE7D0F200EF572C1F332216D2F5E06C,Cajamarca,Frecuente,2025-07-03,15,1
460,458,C-00458,9973567153CD869E7697DB94A1235CCD7BBE9E7F9AF0F8987FE3C85875F623EC,Celendín,Frecuente,2026-03-01,7,1
461,459,C-00459,03C125C1C89CE361D5416F6162CBD850036C814AA61A2D574DC01070232705BA,Celendín,Frecuente,2026-04-25,5,1
462,460,C-00460,A8FC9B594C794CEFEB9A367AB589DCC42E023F7B83F1BC2E40E87AD558DD0D29,San Juan,Nuevo,2025-12-18,9,1
463,461,C-00461,FD033A333419BC6065D1323670135792C36FDD2DDB504969B28722864F04524B,Jesús,Corporativo,2025-08-17,13,1
464,462,C-00462,262C3453D38973F224FF987D3760471A0509C4FAE54FECE767D85A883633A317,Cajamarca,Frecuente,2025-07-01,15,1
465,463,C-00463,E9B34EEC3062DAD6C6BE10DDDC223C3110BF0AC6C2F7C435DCA8FB9332CF7E67,Los Baños,Frecuente,2026-03-17,6,1
466,464,C-00464,EBBD5738918CE3AC45DDE7A992D74F54CE9810B333A6C952926BD8C46D0B568D,Cajamarca,Nuevo,2026-03-01,7,1
467,465,C-00465,F892C84A3853A4EB582B040D267E45F5E13DA5CB87CBB60B80B7D371086392DD,Cajamarca,Corporativo,2025-11-22,10,1
468,466,C-00466,4DA56F4A1059B795C9BE100701480097C99DC25DB82C1162D738C63525186994,Baños del Inca,Frecuente,2026-03-23,6,1
469,467,C-00467,35DED69BE303FC2469983A4FA052BF6DF1C7196CB67478E49655250745943330,Cajamarca,Frecuente,2026-04-30,5,1
470,468,C-00468,B1B1F2C6647944403A19A0915D5D906F0ABBB6C802BAA0FEAC08F9091E8D3585,Cajabamba,Frecuente,2026-04-06,6,1
471,469,C-00469,427DC2C58855927D17D4858BDEBC12B2CC9D6875739E9DE9AB33C2C3A383D1C1,Cajamarca,Nuevo,2026-02-21,7,1
472,470,C-00470,A1D72B4827EB32C60CC349BD4A5AA7B7076AB03E2158298F7A679E3B52DD9336,Baños del Inca,Frecuente,2025-06-06,16,1
473,471,C-00471,926CF24E24AF8395935F4F9FAB877CDB3EE2A788D60E56A2FCB43845CF30BE3C,Cajamarca,Nuevo,2026-05-10,5,1
474,472,C-00472,08B1D02CCF59EEFB8DA66BA23BFF340C1859D3CA8F2099A90EC95E9309BBC191,Cajamarca,Nuevo,2026-08-25,1,1
475,473,C-00473,4785827B1DFBE27D728931770C442F858CBE3F8B122DBBEA7269438992CF53BE,Baños del Inca,Nuevo,2025-07-29,14,1
476,474,C-00474,636D7AE1225DB492B18C1F09207C404EDA61DA8D2DDCA64DF83633B355122328,Cajamarca,Nuevo,2026-02-24,7,1
477,475,C-00475,DDAFE67C0069677D71FA6045AA0A556EFBEA70769EAE25BCDA8807790DF48DE4,Baños del Inca,Nuevo,2026-07-17,2,1
478,476,C-00476,FECED80720578812136FB11CA064D1D4DD04EDE53A112BD4E11774BC927A118D,Baños del Inca,Frecuente,2025-06-16,15,1
479,477,C-00477,115FC46B2B6AC09F89954B9F3E97517CA32CCC49E3D05A0A0CAE8CB18A2649F8,Jesús,Nuevo,2025-11-01,11,1
480,478,C-00478,86ADF357EAEC8B1038DD26673FD4BB44C50B8674AB62A9CCBAEC6341AA28173D,Cajamarca,Nuevo,2026-02-21,7,1
481,479,C-00479,E60A2339174C22BE61F05573D7A32B20AEC144E8A0AF211E3474FCA8B25D7E5A,Baños del Inca,Nuevo,2026-02-26,7,1
482,480,C-00480,57B6E5783EAAF5813D73BFE7C524EA1743D6AFA36351772C02CBB8CDE1ED240F,Baños del Inca,Nuevo,2025-06-18,15,1
483,481,C-00481,74D79D9B52BB4F9EC9A6AB4279875F69BC2AC8C4116FB7C5BA967D360E490A4A,Cajamarca,Frecuente,2026-02-08,8,1
484,482,C-00482,65F7EE58290A1B7C08F525197C02F591C33B2B6EF06E92D94CD8B1FC20867169,Cajamarca,Frecuente,2026-04-17,5,1
485,483,C-00483,8BDF64038FF3154E9328E6FF8131E329B14CE6501D8A51AE4BE1D96AFC6FBE91,Cajamarca,Nuevo,2026-03-30,6,1
486,484,C-00484,AD12A224D273CD4FAF427C6E7EFDAF8FEDBB25007134DBD6633A26D727D1DF82,Cajamarca,Frecuente,2026-03-01,7,1
487,485,C-00485,E502786D5F9B3F0E0D0317FFF4FE15C456D5ACBBA282DF45D939E1E1069F87D5,Cajamarca,Nuevo,2026-03-28,6,1
488,486,C-00486,8087A4EC60ECFF1D1C4C17464B7B5D7AE111AA2B93E312243EFE885C916C5F17,Cajamarca,Nuevo,2025-07-05,15,1
489,487,C-00487,37F5D1FD47BA37303777549CF401E0FB3AAA47FE0B349A9E8CE1DDABA1E1D21A,Jesús,Nuevo,2026-01-30,8,1
490,488,C-00488,3219E424A8340D5108A7C0C58D5D01B439E3722EF1655E9F4BA5532BC5EF3BF1,Baños del Inca,Nuevo,2025-12-11,10,1
491,489,C-00489,6DBD017909A158313B5ECB73821C030EBC26D25ABF1AF2F7CD0FEBCF22D9A0E6,Cajamarca,Nuevo,2026-06-23,3,1
492,490,C-00490,AC6B40123915DA7D4665E90D9F1D7C0D9EEDFBD4A1FF8B96C7AAD9E50FD2B24A,Cajabamba,Nuevo,2026-03-26,6,1
493,491,C-00491,AFA9AFED69740FFD798A12CCC500DABC724E5DC46771EBF45068EFE7BE4321BD,Jesús,Frecuente,2026-03-16,6,1
494,492,C-00492,740EC4FAE1E189E445F89532FBA94AC72720572CE92DDBBD00820500B59C5628,Cajamarca,Nuevo,2025-12-09,10,1
495,493,C-00493,,Cajamarca,Corporativo,2026-07-20,2,1
496,494,C-00494,2F50E9D774C9AED0744AC78D8BF6D1DDB2725AC11A183C8F18A0CDA51D7DBC69,Cajamarca,Frecuente,2025-07-12,15,1
497,495,C-00495,A0640219AE086B7415C14F57DA799DD34D72EA552EE6CD175DC59DD367EA639E,Cajamarca,Corporativo,2025-12-26,9,1
498,496,C-00496,F47F5CACCC7E90DCA44749CEB0B8AB253CEC28A9B979EC40318CDA650128319E,Cajamarca,Nuevo,2026-04-18,5,1
499,497,C-00497,AFD3F69CA33576AB9C6FC337022F47ABAF934D5B26A9597181B3BA349944C787,Cajamarca,Frecuente,2025-06-01,16,1
500,498,C-00498,40A9BFA13E35C34E7C3C24059FE7DA59326B1C169B03DCF723E7A71CA54E5198,Cajamarca,Frecuente,2026-04-04,6,1
501,499,C-00499,347D9D1A73304B92EA3502E17AFAED53D700A85A9D33C9EF98725D0043142F1D,Cajamarca,Frecuente,2026-06-01,4,1
502,500,C-00500,,Cajamarca,Nuevo,2026-02-23,7,1
503,501,C-00501,373E2478833C3390B287BF3916259DC8D22131795025D984C70699E3088EEDB8,Cajamarca,Corporativo,2026-06-14,3,1
504,502,C-00502,4AFAAEDAC633F1FBDFC16F86813005D39E548376865BD761FA35B75B2F22F4A7,Cajamarca,Nuevo,2026-04-27,5,1
505,503,C-00503,D281CA41C9B29EE9363B2986BFC9E7A211789858479FEC581599F7F69A03582B,Cajabamba,Corporativo,2026-08-03,2,1
506,504,C-00504,C49674EE78FAA9CBB83AECF5FEC455D6BB0932E0260C0CD71CB13B93B93D2FDE,Cajamarca,Nuevo,2026-05-29,4,1
507,505,C-00505,98C67567D43E68DCA55D851B0B9ABEE37BFD62C108A712B82EBB29040243C27D,Cajamarca,Frecuente,2026-03-21,6,1
508,506,C-00506,6F993BB663D00B595F6E03F154B0147A50E5B4E27D24F0DCA36E377C4FFA60BE,Cajabamba,Frecuente,2025-07-29,14,1
509,507,C-00507,D80C7C543DCB8D77C4B638C52470A2DB95BE7C96BD0A943B7A8CF9BAF5B1BB1E,Cajamarca,Nuevo,2026-06-23,3,1
510,508,C-00508,D24E1F09ECF8CCCB180C662BBD7905D78223C8B6B895FA42A2359D7C3D85F549,Baños del Inca,Frecuente,2026-03-16,6,1
511,509,C-00509,33B6D85E35EF4DDBCAAA8A6CA829FE32EC392B8D982F2AE9F4F3136F7A74604C,Cajamarca,Nuevo,2025-10-17,11,1
512,510,C-00510,2BD37BE60927B15701F8152B58BE8A55D20ED9AA4FEACECB35766CEE90090067,Cajamarca,Nuevo,2025-08-05,14,1
513,511,C-00511,09627FD029E18C194F47EFA90E82E72EE17FC17AE71F076F3D1D05F314E8718B,Celendín,Nuevo,2025-06-24,15,1
514,512,C-00512,FFC62F22F5954654EDA9EC02BCEEC04C3ADDDEB9C37F427DEA01A8CE891E8B5D,Baños del Inca,Frecuente,2026-08-21,1,1
515,513,C-00513,E5BE0CC7BE706AA33E0AFD855E0B77446D21EDC2B1DBAE96352CD80C42BC0F6A,Cajamarca,Nuevo,2025-11-12,11,1
516,514,C-00514,8934BE56BDC36D4CE2A165F3F3E89D831CBF488B15458994A09849E08769BBFE,Cajamarca,Frecuente,2025-08-29,13,1
517,515,C-00515,7803483904578417F27DD26AD37626FB820FE23CEE6B481BCE5981F25DA7ED0F,Cajamarca,Frecuente,2025-09-21,12,1
518,516,C-00516,8A02E2DF61EEC8F4A6E740EE29F0929250A1846A8ED271BCE2B56E5A7F8DDDED,Cajamarca,Nuevo,2026-01-11,9,1
519,517,C-00517,07F10E3C4200DCDA8F9C15D8AA86AB2F84DEB5950891B15F4E00EFBB4B81F21A,Cajamarca,Frecuente,2026-06-02,4,1
520,518,C-00518,06FAAFB1519B679AF42B1FF1A32B1708A2D7C8AF846E436463578E5D2389214D,Cajamarca,Frecuente,2026-05-24,4,1
521,519,C-00519,70507EA21FB0AEE935D0970AD61EB4C24D4E1E68D794B601207BC6A7E8A0E35A,Cajamarca,Frecuente,2026-06-16,3,1
522,520,C-00520,554D1F63B4CF3D8998B96CE0BA485AE6BAFCF319A44F85DE8AA7EB947CABE2D1,San Juan,Nuevo,2026-08-30,1,1
523,521,C-00521,367899720296FFDE188F5E0A40FE1F750AB5F3D8A6F01E54E251FFF22C8F7035,Cajamarca,Nuevo,2026-01-14,8,1
524,522,C-00522,87B3DF2EB378D0008DAF0EA284A58626AF8093351446CEEB80751BC1D9E4E65D,Cajabamba,Nuevo,2026-06-17,3,1
525,523,C-00523,7B0AF84D12C768A440E890B6EB749A81822DCBE5E04209EB29071C28680C4C27,San Juan,Nuevo,2026-03-12,7,1
526,524,C-00524,DFCB213830D9BC8DF873BD2B4E073D60F7B592C55715DE9687A00B044131CB99,San Juan,Frecuente,2025-08-20,13,1
527,525,C-00525,AB3B8D9109D3048FB76A7A411CC6858886C7F1B493FC4D60BE3E574C452FBD5C,Cajamarca,Frecuente,2025-10-08,12,1
528,526,C-00526,5389B326A9BC91FF04D91C4E7D8B2D894554F8064B29B33A323168D1BB6F0323,Celendín,Corporativo,2025-09-18,12,1
529,527,C-00527,6973C823AD84F746C9ED0C2D02B8CC18E25931253630618731B398A120BC5E41,Celendín,Frecuente,2026-07-23,2,1
530,528,C-00528,BC5DDAB132460BF2993058CA62A7FF2A92931D140E338F8120047F96E55B403B,Baños del Inca,Nuevo,2025-09-02,13,1
531,529,C-00529,B13B58713359A727B69D1F097E6598E64A40E50E3D981C20273FD1B48021445E,Cajabamba,Frecuente,2026-05-17,4,1
532,530,C-00530,829451B141B40DE70F923AB469842379FA43426706CEB3D05BE792E95124A45E,Namora,Nuevo,2026-03-02,7,1
533,531,C-00531,EE7A70ABB02AF9FC03D53A9CE66D513D60744D3C74DF05EA0A69C3E6A1E95C0A,Los Baños,Frecuente,2026-05-25,4,1
534,532,C-00532,709EADA771A485829F36A1A4A4D9D18BF1E67E29617E575DB7A445D4EBE3A0F1,Cajamarca,Nuevo,2026-01-22,8,1
535,533,C-00533,E4EEC70F5B9BA4EAE6A7D63B2710D9896824B4B58AF5B7E5C0AC73EFEF665D27,Cajamarca,Nuevo,2026-03-06,7,1
536,534,C-00534,57699A7DCBA0D5BA286942C2089164E071130816EC9151F67718CC4D3BDCCBFD,Cajamarca,Frecuente,2026-04-24,5,1
537,535,C-00535,5179E2266A26B8A0C0F67D010BE4BD2DC4625274440B312C61CA6A73F91880C6,Llacanora,Frecuente,2025-07-21,14,1
538,536,C-00536,5BEF564B8603F1B882070E183CEAC260CBAFB54287F46793B1FF24E149A1A150,Cajamarca,Frecuente,2025-07-02,15,1
539,537,C-00537,AAFFA64C1D01C42EB3CD9A66D7757DF6213FC1094B192799489DD0B09F735D3B,Los Baños,Nuevo,2025-07-29,14,1
540,538,C-00538,D91EB58C8B1818B90CB3B89273E1DFBF3196021C097AC14C65610249C6B66B41,Cajamarca,Frecuente,2026-05-30,4,1
541,539,C-00539,C2C4543995516AD8680BA816DD74203B69E3932486737A7A939940EF4E20FBC4,Cajamarca,Frecuente,2026-06-23,3,1
542,540,C-00540,7B55472E4506258383D1738AA3DDBA12B3C5BA168BF789C2D8616412BB33044E,Cajamarca,Nuevo,2026-02-16,7,1
543,541,C-00541,FFDAFD1352A7C8F3DB3D80066E31704E7B6B52421015275F0FF7365FB87A47A0,Cajamarca,Nuevo,2026-05-14,5,1
544,542,C-00542,5307DF3D7C071DC6BEE4988FCD7B91A2F949C82CDB6ECD50B785E06B596F42BD,Baños del Inca,Frecuente,2026-03-31,6,1
545,543,C-00543,C82093A0AB5B5EAF20BEDF5CBC9889A35CA108BA3BC47D6B3A435192D8DCBFA2,Cajamarca,Nuevo,2025-08-15,13,1
546,544,C-00544,B304D82909923EE254FCA06AC720A6D23ECB25D1663DD78D6DEF6FA8EE708D9F,Cajamarca,Frecuente,2026-01-07,9,1
547,545,C-00545,7396AB644B52CFB2FF8845C26515B85C4A75EC7DAF23E749D4EB1710D304338D,Baños del Inca,Corporativo,2026-02-08,8,1
548,546,C-00546,2FE0AD26BBFE1EA288471409B0CC75F5DBF2974EE0835C5679DBC1C8B8C23007,San Juan,Nuevo,2026-02-13,7,1
549,547,C-00547,369578D1CFFE6BF3B02DBC5F3D31476934F3FFE6E29E307058F6AD6C1F7A3186,San Juan,Nuevo,2025-08-22,13,1
550,548,C-00548,09A7DEB786B2D6B4B3EA3A3C75DACB84F4AE3556CFACAC6F509569F58C04E9A2,Cajamarca,Frecuente,2025-10-07,12,1
551,549,C-00549,4F4784B40938629A3FD6C433462FF49E793B8E1A7C37EB70942DA3B4F04BF2E9,Cajamarca,Nuevo,2026-08-15,1,1
552,550,C-00550,E4EBC566A83645982480C104ABF9B9F955DDCCFF40D784EC7C737443EF5266D3,Baños del Inca,Nuevo,2026-09-02,1,1
553,551,C-00551,F0723EC8E40F5291DE8E879FA74C19BA5CA9C0B07E40F88365455C09AB1DE2B3,Cajamarca,Nuevo,2026-04-23,5,1
554,552,C-00552,049B57FEECFABE0DC2D273724E3004B4C676258BA203CAC6C70E0C574BBE8189,Cajamarca,Frecuente,2025-11-08,11,1
555,553,C-00553,4D9A53C56BB2321F726B1E8D138AB195FD63ACF1580BE873434A55A4DE27AC6E,Celendín,Nuevo,2025-07-12,15,1
556,554,C-00554,7EAD5C066EB9AAB138CA36F56C0A39ACCD9925FBEB4C361701F59CEC435FD16C,Cajamarca,Frecuente,2025-07-30,14,1
557,555,C-00555,514A5CC3ECEED1621BC5C4290FCD3C9F03986DEDE630E01D9650BF0B1A25A4EF,Cajamarca,Frecuente,2025-07-18,14,1
558,556,C-00556,0060D036D3DCE29C146D029B04157A3EF1D7427727E70C297EA7393791383D7E,Cajabamba,Nuevo,2026-06-24,3,1
559,557,C-00557,33ADD7A1EDA69299BABE6411E900326F489EAE1848C778C34F773F20DB018A30,Cajamarca,Nuevo,2026-02-18,7,1
560,558,C-00558,D0E9364450AC63BE9B1395210DCD24CA86E20118749C9F77416DC563008D7DB6,Cajamarca,Nuevo,2025-10-16,11,1
561,559,C-00559,B0447EDD0F075F95078EEBB1C0E4596A67314E51C788D551AABF7BECF6C1DC3D,Cajamarca,Frecuente,2025-09-19,12,1
562,560,C-00560,B47131F94652D179C7EC44E4A2CB606D08EB3389938A85500E29139AE66062CD,Baños del Inca,Frecuente,2026-08-05,2,1
563,561,C-00561,4674430325125C0CB520F47D5A0C784059DDC7601E9B24147156C7630A8F2032,Jesús,Frecuente,2026-06-11,4,1
564,562,C-00562,B77F246CDA760110CAEABCACC5556E40BE7D0B1CD458E8303AA72BA4FEB0CA41,Cajamarca,Nuevo,2025-12-17,9,1
565,563,C-00563,D58790E9D8B8025F8B8820493E862CB125BFD2F2CC668D413719A97243BD392D,Cajamarca,Frecuente,2025-07-05,15,1
566,564,C-00564,5D2B6C73D7BA579861A70E9ABD3FDF40931F2FB2FA80641C9EB2A56121D8EF3F,Cajamarca,Nuevo,2025-10-30,11,1
567,565,C-00565,5A5852BB7187CBEE03C7B37D36180F82765C37456D2E9BF168AFE3D83E887AEA,Cajamarca,Nuevo,2026-03-13,7,1
568,566,C-00566,83B6B828881BC3D512872E2AE76C69FA7438102DE89FAF74EC4C54328DAA586D,Cajamarca,Nuevo,2025-10-17,11,1
569,567,C-00567,DEA212576AA1E1E28319ADCED458BCCA731CC550FA2359213767687D1693999C,Cajamarca,Frecuente,2026-04-01,6,1
570,568,C-00568,83824FAF91599E4F55F1E4BFBB0DF0A48396D0A4F79CDE0E7F75CA99DEB2C3EF,Magdalena,Nuevo,2026-06-26,3,1
571,569,C-00569,D138A46B42E32EAAAA978E951BF8FDB797A18885EF43F3616ECCF1502FA7B76F,Cajamarca,Frecuente,2026-07-04,3,1
572,570,C-00570,32B6F2830F84F3D5451FAC293EFE6A19E3F5CACC5D6A5752AF5368152130A368,Magdalena,Nuevo,2025-08-22,13,1
573,571,C-00571,777398AB538B7A7ED69142FF2801DB0FACB9493E3A66315353EAC9466325348D,Cajabamba,Nuevo,2026-05-09,5,1
574,572,C-00572,A913AC9A994CFA09CA3FC70429B487D71326135783F2AF9A107F1324539A7917,Cajamarca,Nuevo,2025-12-05,10,1
575,573,C-00573,0AD1FBF24B9E0FF81180C1793B7394B73F2ACA5F6E45D69F8A724FFB26FE28A4,Cajabamba,Nuevo,2026-03-23,6,1
576,574,C-00574,33C7F06B03E6CFFDFEA80B5F134864C797A399B9C2EFD2FEB21A69D0ACD46968,Cajamarca,Nuevo,2026-09-05,1,1
577,575,C-00575,11EA94E5222ACE84B199F59F7DDA3DC27E6799F45DE1A72E2DCF7D28FCCAA7B2,Cajamarca,Frecuente,2025-10-16,11,1
578,576,C-00576,9B520F39E19E42770C3DC011B321A9850ACFA94C450622A342F5A917DE7EC282,Cajamarca,Nuevo,2025-12-03,10,1
579,577,C-00577,289B4C5218018AA665B77A7DF928CB76DEDBA63FC3F4EF720D458C52E57909ED,Los Baños,Nuevo,2026-03-22,6,1
580,578,C-00578,A4F06CC3A04DFC53851A17DC842EA65079C7198D21FF901DC0E3E5E5B0F4F8F0,Celendín,Corporativo,2025-08-12,14,1
581,579,C-00579,25DEF4CBB95682838F4241373E05F7869932F0AC5F794661990680B858BD67A4,Cajamarca,Nuevo,2025-07-02,15,1
582,580,C-00580,74B5652655CD24CD025DFA9A137D5FE3366E3A3EC695E4F03EE655EBFA08B34C,Cajamarca,Nuevo,2026-01-18,8,1
583,581,C-00581,8C7E007453BC01DF17BC65EF268BE0648540CAC3AA5A03E8ADE5B9CE7B571CB5,Cajamarca,Frecuente,2025-08-01,14,1
584,582,C-00582,CF76A2847EC6101165910A8E1C46AC9694E9FDB1D89BFAD9F78431A52A466663,Magdalena,Nuevo,2026-08-26,1,1
585,583,C-00583,28C837D29D75A1B6F8525D4E729FDB62A5D206E38473951BD6785E6E00435698,Cajamarca,Frecuente,2026-08-21,1,1
586,584,C-00584,2E0DCD3A6989DA07767365543D6256FBA005094F08BBC11FEB435962E039CE5D,Cajabamba,Nuevo,2025-10-31,11,1
587,585,C-00585,C10FBE83122E4FC11797547C653158E2CF3256B50E4B4459D7B58603042248E2,Cajamarca,Nuevo,2026-05-28,4,1
588,586,C-00586,55D41D2FDF93DCAA49EBE57CF35416946C941C15239AFAE1FF727856C5CDDB50,Cajamarca,Nuevo,2025-08-31,13,1
589,587,C-00587,1C0463B467DA832314EDDA7CBAAA68D719B936A4C10F86CEDD6EA6A60FB3A3A1,Cajabamba,Nuevo,2026-01-23,8,1
590,588,C-00588,CE18C608D530ED8090329A14638E4D7E4F96C2D641E1FDF0AE209F956437B298,Cajabamba,Frecuente,2025-06-11,16,1
591,589,C-00589,C4EAA5A89DE1332D3416865409EA8EA9DF2480FCC437DB1DD610F7A8162CBF79,Cajamarca,Frecuente,2026-03-09,7,1
592,590,C-00590,F961B0B445FB2A470DB339D93B0F19AF3C25B6D4F7DA18A635C0326D21986DF9,Celendín,Corporativo,2025-11-18,10,1
593,591,C-00591,BE59281DB466B85F4EAB7C6376107209884AD5B37D0EC616B6CC95A5731F6021,Cajamarca,Nuevo,2025-09-18,12,1
594,592,C-00592,29F2E496A215E4D1671011A8527487E56B50865896B16816785FE78A9B00F2D3,San Juan,Frecuente,2026-02-19,7,1
595,593,C-00593,CD60651E71137DC8FAE880EFBB2C85FFB4868AAD731C8298FCA20C83783044C7,Cajabamba,Nuevo,2025-06-24,15,1
596,594,C-00594,3C2398B088A51B4B2F31A50CFBA084A27B1EFACD1B0C729A3B4A143D7EA6EC25,Cajamarca,Nuevo,2025-08-29,13,1
597,595,C-00595,62B4C68CDDDC99EFE105C0627C6BC7199E10A581D6FC40EF04F7D446BD9CF5DB,Baños del Inca,Nuevo,2025-07-19,14,1
598,596,C-00596,348EE07F35B51E7C3CE3646DAC9D63975EC4E5BB3343059803A2AE938E0CD177,Cajamarca,Frecuente,2025-08-02,14,1
599,597,C-00597,911FB83C46F8A34C90EDBAAD4053C1846FABCD31A9DF1B3247AFAFE9D6444F27,Magdalena,Frecuente,2025-11-30,10,1
600,598,C-00598,68F0A575CE4E65F10EC7462117A88510373BBA3F2F7B2B0AE46A0BB57C1B1C26,Baños del Inca,Frecuente,2026-01-18,8,1
601,599,C-00599,ED76AA2225A5080A53289A2184C0A5DF30F1A9B8604990AB060FE06F68A30484,Los Baños,Nuevo,2025-10-03,12,1
602,600,C-00600,44061F7C3A8BB1505D98DB38FA41B4C145D2BBDAB7A76C49E5DF09B38EFC986F,San Juan,Frecuente,2025-07-08,15,1
603,601,C-00601,29B9C6AF5B83A54B779CDF377DDF8E9708078BCE6D9E5DAD92130397F4144501,Cajamarca,Frecuente,2026-06-26,3,1
604,602,C-00602,87728D41086A90D07FDA19F45FDC08C200888A6F43F466E440B3B30E4019377B,Cajamarca,Nuevo,2026-08-19,1,1
605,603,C-00603,C405DD81518367EA3ED6BCF8A09B4DD4A6BB03FA13818A9BE7D48EB424585F2E,Cajabamba,Nuevo,2026-07-10,3,1
606,604,C-00604,7CD0C3E651A3D9C1F36A2FC49DDB15ED1DBB96A00C6D7A86CBD678697AB67549,Llacanora,Frecuente,2026-07-26,2,1
607,605,C-00605,10D5AD93C7F36B669B9613895934E1DF6545F87D71337AAD0393C1DFAF063957,Cajamarca,Nuevo,2026-02-03,8,1
608,606,C-00606,982E33C131B8E00862CF2DCD2E2CF72651AB1B0B879C92BF564FFB32A085B25D,Celendín,Nuevo,2026-05-10,5,1
609,607,C-00607,04365407BAE716327A568045C2A951AD71591DB43FF7F51F04C8CBD0208D9CB4,Cajamarca,Frecuente,2026-03-11,7,1
610,608,C-00608,EE0EBF1482E437C08B40D94411203D762C03EBBDDDFA970908D27B1D4ADFC167,Baños del Inca,Frecuente,2026-08-13,2,1
611,609,C-00609,54A6EDF38EBB79D808D415B585D0FE5F0D98DB56F630FBE1A2AC0ECE8CD257A8,Baños del Inca,Nuevo,2026-04-19,5,1
612,610,C-00610,A8FEF6938582E8CE9F356898683B0767C42543BE3998975F383201BABF09037D,Cajamarca,Nuevo,2026-07-13,3,1
613,611,C-00611,63D4C97F9489E75BAF0DB85A460F70E6ED5352A688545BB0EE03845DE9407D82,Cajamarca,Frecuente,2025-08-28,13,1
614,612,C-00612,5CAD0D47872C0A4C02EA60CF18C0BAE0F0333F99CD01723B2F1C5A586540C323,Baños del Inca,Nuevo,2026-08-25,1,1
615,613,C-00613,7F173788EE85C4D9428DF467F5648B8C1A93B1C036E3C391B650185D50F968BE,Magdalena,Frecuente,2025-07-18,14,1
616,614,C-00614,82EED312DB133F064F5712CB501446E4D4BDF6F63595D1BA73638655CCCBC269,Jesús,Nuevo,2025-08-15,13,1
617,615,C-00615,F5FB0AD1A8946F134FF26D3FF172BE6B9A77B341DBB1C93E757C5D94DC2BCF2D,Cajamarca,Nuevo,2025-11-23,10,1
618,616,C-00616,5C9365DE8D40927A0292CA7495D51BE67A9C5CA2F21E457FFD04AE95F612707B,Cajamarca,Nuevo,2026-07-21,2,1
619,617,C-00617,D26A8F710129EADB6D2107B171A0BBB3B5A1A85A81F89A8B81386185F76D5342,Baños del Inca,Nuevo,2025-11-03,11,1
620,618,C-00618,C0E83BF97BF964918F9EDC9FA60B9F2EB0581CEDE2AF8A56869A001AD88E9312,Celendín,Nuevo,2026-08-27,1,1
621,619,C-00619,E8578B60A6F411B7A1297459849C70F503F59B02AAFF818402D26BE05F982A2F,Cajamarca,Nuevo,2025-11-21,10,1
622,620,C-00620,FD119F5A021C0C38C58895A37C6A12E0898881DDD200E4678FD2AC2059F0A77B,Baños del Inca,Nuevo,2026-01-21,8,1
623,621,C-00621,E29D8420EC32C791AD731EB8D4C7DC7361E86F0FA09ECBDAB0EDB61A141D16CF,Celendín,Nuevo,2025-09-07,13,1
624,622,C-00622,3BB7089A5A7FA8A1626AD9306319917B77FDC0331B61BAC5F5B379FA31859F64,San Juan,Nuevo,2025-11-01,11,1
625,623,C-00623,E570739797084292B083F75533F89032C71F517A7F599E068BB357764C167E1F,Cajamarca,Nuevo,2025-07-06,15,1
626,624,C-00624,70BA2B8A8875429EA99DF822DA2F34AA81164A41E0DBF169D7227E7147B9617F,Cajabamba,Nuevo,2025-09-29,12,1
627,625,C-00625,FEA2E94FCF0BDFE0FAB3B5D1451B6DFACA1AB2EA8041AD5148261B806D46A7E6,Baños del Inca,Frecuente,2025-08-06,14,1
628,626,C-00626,AB193B956055A12B450FE694197867B7FB8E59A884DC53D7F39296EE96C70FBC,Cajamarca,Nuevo,2026-06-28,3,1
629,627,C-00627,CDDB42B9877DCC0417A1404A2746B649A8222B2C8F4904BF206C6C243313BF53,Baños del Inca,Nuevo,2025-07-18,14,1
630,628,C-00628,39EA65228719FC910E1AEF9B834C8971AF0B922EAE6483218CEFB70F961CE0CB,Cajamarca,Frecuente,2026-06-20,3,1
631,629,C-00629,D73C77945C48D1C0E7FC188146DAB1BF7BA90B44763C018DB2F189A7392199F0,Cajamarca,Nuevo,2025-07-08,15,1
632,630,C-00630,ABFE6628A96AB646CBD2DCE74B554C7EE85D421CAE963C3A1A8BFFDABB8619D3,San Juan,Corporativo,2026-03-17,6,1
633,631,C-00631,0B4E9D4FD21357F53379157B667FA7D6706AA1322E0627CA3B4C75D30605C4CA,Cajamarca,Nuevo,2026-09-01,1,1
634,632,C-00632,34E297DCC55B2E8C9F92A5D304E91CD8294ABB74622323F783B07153ED295903,San Juan,Frecuente,2026-09-05,1,1
635,633,C-00633,ED7702747BF472D7E604A368B3D507CFE4CCEA72B57E8952CF8CBD9AC339AF64,San Juan,Nuevo,2026-02-27,7,1
636,634,C-00634,B881B50DCADFA1EA36E98B7E2EB181F61EE1A977948C8F155A44FE88B6172824,Cajamarca,Frecuente,2025-06-22,15,1
637,635,C-00635,6577549F9726E3C45FE32DD7369EF7C880400CD0F3D46DC7458737067CAA4699,Cajamarca,Nuevo,2026-04-05,6,1
638,636,C-00636,F959EFEBF270C4BC3572478F8EE06B77D1A098CE252BD34FE3331C4BB48A96E5,Cajamarca,Nuevo,2026-08-29,1,1
639,637,C-00637,B19F11EB0A50A65E275C16C810B0B5BC1ADA5B8718905DF9F2250ACDD0902E1A,Baños del Inca,Nuevo,2025-10-15,11,1
640,638,C-00638,B1F0507CEA102D7D1811320FD6D3C70ED43E5FD8375EEFF3BD7E0E402B962A56,Cajamarca,Nuevo,2025-10-09,12,1
641,639,C-00639,4240B534713284DA6330A302A3F11A9C41D660C10D0B9F45B6E95868107EBE8A,Cajamarca,Nuevo,2026-08-29,1,1
642,640,C-00640,AD57D4636460DF25AD4E81268C0D89877A1EC425F5D7EC0A7B8E07E1234DB722,Baños del Inca,Nuevo,2026-05-01,5,1
643,641,C-00641,D2B0C6353C656CBB2ADA5AEC576BAC32BF66378AAA467874F819F71EB366C8C9,Cajamarca,Nuevo,2025-10-06,12,1
644,642,C-00642,C8517DEDBB496A13B7A44EF32704092B728688D09D8801A295985463CED12BBD,Celendín,Nuevo,2025-12-16,9,1
645,643,C-00643,FC0EC76EEF3370081B0B8F4921364F5C1A93A32E4E9E67A97C6C719670C58DDD,San Juan,Nuevo,2026-08-31,1,1
646,644,C-00644,2E9CFBD788334E00A5C391DA55EBC1A1D97A31DD4A6E08C310BB877FCB374D96,Cajamarca,Nuevo,2025-09-27,12,1
647,645,C-00645,5EA777DF92F9148D91068599DDBBAA819C07C6150932D02D2F4815F4F615CEF4,Jesús,Frecuente,2026-03-19,6,1
648,646,C-00646,0A63F1EBD3785ABFB096B0CD1D5333DBD13F2552323DCBAB7C49DF50163D59DA,Cajamarca,Corporativo,2025-09-14,12,1
649,647,C-00647,04983394DEB97098A17F58F7E0CADA2A0AF0C606816B6C1717B4E8C829BB355A,Cajamarca,Nuevo,2025-09-28,12,1
650,648,C-00648,7951962E545EFE67738216D2FD3CE4CC748E5730BC4FD75F94F2662320FAC083,Cajamarca,Nuevo,2026-01-11,9,1
651,649,C-00649,9D3EAB9A1F32033D789307A89B09CB1791309CE8E5E266385795D70FE57C060A,Cajamarca,Nuevo,2026-07-31,2,1
652,650,C-00650,EA3A9B0D102DA1CEA8FDC811CEE503786C0C3FE04A741CC18CC4E4E1341817DE,Cajamarca,Frecuente,2025-09-23,12,1
653,651,C-00651,3795F83084277281A31E309FA8FD3C415DF17F38531678C36A3A5C1A01CB07A9,Cajamarca,Nuevo,2026-03-04,7,1
654,652,C-00652,43E788AB7A9287B1840A06E81403834EB089F94E2033A95311D6E8355CF5D3C4,Celendín,Nuevo,2025-12-16,9,1
655,653,C-00653,4A663E461050D11C54C42CD9F3A70F6FFD6FF20F5FE7977ED209BB824272A6A2,Cajamarca,Nuevo,2025-11-05,11,1
656,654,C-00654,B80C23F80992DB80186FEFA1EB06BDB5B37E4834934760CDD02196A55DB2D8BB,Cajamarca,Nuevo,2025-08-27,13,1
657,655,C-00655,BC826B24C9CBC15ABA4B4D7ED5F6DC6D15E0DC0436022FD8569A096DB506D6AE,Baños del Inca,Corporativo,2025-11-21,10,1
658,656,C-00656,FD7BE6403D58B2ADB1F14112E4C0E5FFFC54B02D0E8B9DEB96C9DE4C4C0D64CA,Los Baños,Nuevo,2025-07-11,15,1
659,657,C-00657,FF64236CA5CE55DDCF9CDDED71358544238011D3922F70D18F55BEEDB7AE0EA0,Cajamarca,Frecuente,2026-02-04,8,1
660,658,C-00658,,Cajamarca,Nuevo,2026-06-29,3,1
661,659,C-00659,23740E138886CB82EF7F259EA38CDCF357255F86581AE40E0443807985BE53D2,Baños del Inca,Nuevo,2026-05-02,5,1
662,660,C-00660,2B05EAEF306A31BA1D422015F421B5092B7B790B41F288947F26709D0FAC4731,Llacanora,Frecuente,2025-07-12,15,1
663,661,C-00661,B5360BBB6D790BCE94304B3C2B02147112A7DF3065AA5A20D90FFE835E0F77CA,Baños del Inca,Nuevo,2026-02-24,7,1
664,662,C-00662,F5A74EC591FDDAEE201BE63562CC43724C628868800D49586E11B51BE4927D47,Celendín,Nuevo,2025-12-16,9,1
665,663,C-00663,91641E94D6BB0151178414622FFFD4CE8EB6C21ED3DBE37FCAF7D35DDAD30BAD,Cajamarca,Nuevo,2025-06-26,15,1
666,664,C-00664,D50C84B8E1F3586432BB0587DFC062F2AF6CA9819164547E184F1F2F03EB0AD0,Baños del Inca,Nuevo,2025-10-14,11,1
667,665,C-00665,4C449887F107589227A0F47CA531F262712FEADFC28345673FA00ECB45159176,Jesús,Nuevo,2026-08-18,1,1
668,666,C-00666,07490B99427247505E10ACB20D94B5AD5EC529B69D9DB5CC23F8C64F4C3A10E1,Cajamarca,Nuevo,2026-02-05,8,1
669,667,C-00667,2D50348F5D0CD6E82651DB59937D6BE705C26A079F446EB4E4F79615E25807CD,Cajamarca,Frecuente,2026-03-03,7,1
670,668,C-00668,49F62CE8808DCFDDCB8478E50C851D8BFC7758EC6ECC5376610ED9CCE64C3462,Cajamarca,Nuevo,2026-08-15,1,1
671,669,C-00669,567F7E1102CB17D72A27B552E331781DCB5E3BDB3D6E3F038D7404FFACA235BE,Cajamarca,Nuevo,2025-10-26,11,1
672,670,C-00670,2E3C82F67BA51A3D707EEE4DE2959CE9A1661BC89AD269415CB2258903D5BFA5,Cajamarca,Corporativo,2025-12-05,10,1
673,671,C-00671,AE3C097C5CBF26C50D4F9CC9CA3BD529BE2DD287F9FEE1EC3EC67FF21552004C,Llacanora,Nuevo,2025-06-13,16,1
674,672,C-00672,F5BF4BE3A6523D9154C9AD1BACE62DE10B262AA1DA40338DC5160CA85A590AEC,Cajabamba,Nuevo,2025-07-23,14,1
675,673,C-00673,469BC1A2EBBF88E631BAB1FF90B45A7FD9A0F4A1B5FCF13DB13DC64E81FB9D00,Cajamarca,Nuevo,2026-05-18,4,1
676,674,C-00674,B9A88241D0C81B4216A6C4EEC6D9A56F62CB1D6D845CA9206A0A6D1653C25908,Baños del Inca,Frecuente,2025-11-27,10,1
677,675,C-00675,2970FC85CC46FE3B9DF4F7D5F0314AEEB9C2321427D0B58C38B15B159719C54E,Cajamarca,Frecuente,2026-08-31,1,1
678,676,C-00676,63628DCDC1BB5E4F02B4D4E616E2AAC2F979B27562BFE10E432176EEA058C539,Cajamarca,Frecuente,2026-03-26,6,1
679,677,C-00677,E22F71F5750D64733E085A1372475246AF17C3CBB63C02C11317D65F6A8536A2,Los Baños,Corporativo,2025-07-30,14,1
680,678,C-00678,B2BBDA7146409BCCB1480E8CC3D0C4477F5465349E8626C43F34EEF31264C0AD,Cajamarca,Corporativo,2026-07-06,3,1
681,679,C-00679,3F781338530E6CA982BFE654FB77BDB47F792C0BA7E064FB80D306AD6715D3B6,Cajamarca,Nuevo,2025-11-29,10,1
682,680,C-00680,CEF21E8ECDF6FBF8288C0DA55F225757EE26F0D74688B80DF84D333D124AAD85,Cajamarca,Frecuente,2026-09-05,1,1
683,681,C-00681,D4F7070A325F7ADCDCF4BE96ECA7D1DA4735936671AABE027C68F6A8D87C2489,Cajamarca,Frecuente,2026-08-24,1,1
684,682,C-00682,3AD896370F4E4DC3D085BB57DA27EF11C7A27538EC294737D61AC0F8A8A8A600,Llacanora,Nuevo,2026-08-22,1,1
685,683,C-00683,7765688307118EE9B1AC7BDC5A1B87FC0677E9FC067DAD366EEEAD23CED442A2,San Juan,Frecuente,2025-11-23,10,1
686,684,C-00684,310A295C6CE11E331F1C553A3826B8D210BE333A19D0CF3A84310DB19B8DF624,Cajamarca,Nuevo,2026-02-17,7,1
687,685,C-00685,9199E7FE88195FD4B0968F031BBF69111F48C1149B4946F9991290380A8BA21C,San Juan,Nuevo,2026-07-25,2,1
688,686,C-00686,69F97A5A4B7ECE4D348E04227226A731ADE1A0B0CB78C831BCD29EDAEE292691,Cajamarca,Nuevo,2026-08-16,1,1
689,687,C-00687,226F4EC149EA74F35ED329550E3CDB64D4878DE2AA3EFC6CEB12E56C0B009592,Cajamarca,Nuevo,2025-12-12,10,1
690,688,C-00688,D923187ACB5537F68E9E16F285F4EE9694A6A999E983C0F99071932B0F8CBB2B,Cajamarca,Nuevo,2026-05-07,5,1
691,689,C-00689,E561E5CFBF6B0EE54F2281C7DE2EDAEF7EF60DF182B13C9899D959672AF47CFA,Cajamarca,Nuevo,2025-12-16,9,1
692,690,C-00690,3DAD0B28861A824FD0C2482B4D1B1CBC01042919BB5769041941D21EE1B7C35F,Magdalena,Nuevo,2026-08-14,1,1
693,691,C-00691,7CD4711094314D5F32D3F5E508B8C9E41D88812E65446BCB0A49BE378D6BF564,Cajamarca,Frecuente,2026-03-29,6,1
694,692,C-00692,D9D2B6B11A70ED958F4FEEB7F39FC016D72CD6A54E128F68D743A465B97099BE,Cajamarca,Nuevo,2026-05-13,5,1
695,693,C-00693,AB5812ECFF6C8FBD632BEE008233B18FDB82575AAA5EFC8AD6FB467E47AE9C34,Cajamarca,Nuevo,2025-07-25,14,1
696,694,C-00694,3241DC1225BDE1143257A63186B183EEEAE8EE2D07301A75C9B07F397A18B813,Cajamarca,Frecuente,2025-10-20,11,1
697,695,C-00695,0782A65EF48AC2D530EC1230D3864C21480FD60C327D2D6C15A613EC35501E7E,Baños del Inca,Frecuente,2025-11-30,10,1
698,696,C-00696,66E867D300EB7EB8AE4BBCA0B34572727D9511611E369981A74479C430C36248,Llacanora,Frecuente,2026-08-16,1,1
699,697,C-00697,59DE818970C2F45EA3EA1D0D7F3467C5DBB599DEEEC27DB44B91E3656A99DD45,Celendín,Nuevo,2025-10-19,11,1
700,698,C-00698,18DB29D7EA0A9560B767712F0F834E02E789A30993B9D8CC0F1E6E6CCAEDBE70,Baños del Inca,Frecuente,2026-03-08,7,1
701,699,C-00699,F0EB02143403A0DF2DB0E15930CF91F531935A108147C6C32D4113D904D3388D,Cajamarca,Nuevo,2025-12-15,9,1
702,700,C-00700,6BE8240817B90C135148C44166F2B4A6F7DD82E1467A2BC2F7C2B3D8D4E06E00,Cajamarca,Frecuente,2025-06-09,16,1
703,701,C-00701,B03755EE08FBB2570F4804F37DA279AD7110C9DC57E690F63A42A7BE59B186AF,Baños del Inca,Nuevo,2025-07-13,15,1
704,702,C-00702,BF6ECED4857CDB1B93D699451247E798B75005F2C8DB58AEB8CA23C889B9BE0A,Cajamarca,Frecuente,2026-06-12,4,1
705,703,C-00703,AD8BAEBAEB055907562AE13E937208F4B7C942EF441A0AFDECBD97A059CAE5F1,Baños del Inca,Frecuente,2026-07-25,2,1
706,704,C-00704,5A9B6EFCFAB682F345709DB9F7E63664DBC28DF792255AD3F3E42364CFF53126,Baños del Inca,Frecuente,2026-04-01,6,1
707,705,C-00705,0DBCE32714EE3CA22FDDF1F0BB08FD74971785CA3AE7EF4A908D55BE0C8906C7,Cajamarca,Frecuente,2026-08-20,1,1
708,706,C-00706,75A44164147E7ADC81398EB976FA3B321AD6B0F218EDF849B5599C33481A1F55,San Juan,Nuevo,2026-09-07,1,1
709,707,C-00707,D3C424D6FD03C5F4030918073E04D4C284F3F97691404EEBE256F10D11B7AA49,Cajamarca,Frecuente,2026-08-06,2,1
710,708,C-00708,056F7C8216F31400A6A8BA683390264CDEE74CA83B3EB6F256ED2138F6A46215,Cajamarca,Nuevo,2026-03-30,6,1
711,709,C-00709,3AAE582709926A87D4F1A34A730D9A73C2C5F5F07BAB87C947E4B8331F20488A,Los Baños,Nuevo,2026-05-22,4,1
712,710,C-00710,7A464264D0305E24A5FE8738D874F876764669A1B58406A93E7A6D599208B85F,Cajamarca,Nuevo,2026-02-10,8,1
713,711,C-00711,357A63005A49040BBAC9712818D9395DE44130CD09CBA26EE95814C490E1CD9D,Cajamarca,Frecuente,2026-07-21,2,1
714,712,C-00712,AF74F4AD0C886C9B55D46F4EFAE662183BDAA414A7E286A24FC220BD1F2ACA64,Jesús,Frecuente,2025-11-20,10,1
715,713,C-00713,167EF3BB3821C3A571FC04AB4D5AC1D0A37F15B9630EE863F39CC6EBFA50C8FA,Magdalena,Nuevo,2026-06-12,4,1
716,714,C-00714,A691521ADCC661D50D7F8C6B473C2F178166ADD587EEF5D9E8D0B3D4418A97B1,Cajamarca,Nuevo,2025-10-19,11,1
717,715,C-00715,6B771FD9061A4C47FC5617BDE62629DB39B64260A6A5E6A8937CAAD7574F4D3D,Cajamarca,Frecuente,2025-12-05,10,1
718,716,C-00716,FA723D35E46BF49CECB19D8412C1F7167D8C9438895B7C6B9660A0C57E30FA46,Cajamarca,Nuevo,2026-04-03,6,1
719,717,C-00717,6F66DD9D10A671F2D785F5D84973B36A95B0C0A67626F0BEE2C4BECA626A05D0,San Juan,Nuevo,2026-01-12,9,1
720,718,C-00718,5A7E24E5ECD498BDF96CA70CB58439F46FEDAE22DBAFFEEAE37D1923DD1CD951,Baños del Inca,Nuevo,2025-11-15,10,1
721,719,C-00719,5F302FC4884E07BFA8A1EF926352849B2258E73515AAC073F59B2069272FC95C,Cajamarca,Nuevo,2025-08-24,13,1
722,720,C-00720,78CDA29175811933436F62872A9720EF7B91F60D954747F65E14990DCE8DD763,Baños del Inca,Frecuente,2025-11-18,10,1
723,721,C-00721,9984208AD975C4E5861BF44E9B2C745A6376995D5CCE3451073F62CFB3892988,Cajamarca,Nuevo,2025-06-14,15,1
724,722,C-00722,FA8A8EF4CA09457384773BC8F94D3323B80FFCE252B6F70D34BFDADE9BEC1554,Cajamarca,Frecuente,2026-03-17,6,1
725,723,C-00723,D8313FF896C9D9A9DDD6F62E8EEFFA98A894F7732863569CA2868DBEAA15B663,Cajamarca,Nuevo,2025-09-23,12,1
726,724,C-00724,3DFEAE7DB57C38B81743B84F1ABA0E74D4CCBD1A87867F779A4B654A85E72FBB,Baños del Inca,Nuevo,2025-09-10,13,1
727,725,C-00725,E8E27139192916474B18119ED7942FF112F25224504022186968055B148A4D67,Cajabamba,Nuevo,2026-08-18,1,1
728,726,C-00726,7F07E2312795111665455744F3E0FD22E0309CDC8B40ED92A56FB1552CB514A4,Baños del Inca,Nuevo,2025-12-04,10,1
729,727,C-00727,2603048819FE0580DA65C86C65C26CE6EBBDA365234C54AEA78EFF263E638E3C,San Juan,Nuevo,2026-08-16,1,1
730,728,C-00728,EB92B90FC72C18E9FA2865E0B0AC5432902887EE53DB35CE7E12091219A268E8,Cajamarca,Corporativo,2026-06-10,4,1
731,729,C-00729,672C056972A7510DC649D3EDDC99A10510B488251B6A3D3CDC78E755D97EAC41,Cajamarca,Nuevo,2025-06-23,15,1
732,730,C-00730,15FCB949D9E2893417B2C9B286AA3D60D5637BF1FCA9EB757E48753001574520,Cajamarca,Nuevo,2025-08-13,14,1
733,731,C-00731,123A719A74C0E3E7A88789C1DD05AF8502129CC533A84A6B298FFF7630EC1E70,Cajamarca,Corporativo,2026-07-04,3,1
734,732,C-00732,C870C561E1DDD2824E22D5ED21BDBBC5684DC75ECF2AD29F53F100926E700001,Los Baños,Nuevo,2026-07-30,2,1
735,733,C-00733,1F15012C519E24D1A2CBF799F3B1B13BBD9AF4780485C0DC2E7BD57B47246DCD,Baños del Inca,Nuevo,2026-04-02,6,1
736,734,C-00734,AC1C072EC98B47208BCE682EA2115D55D6CDDB53D623C21AE773D60D28FBDD66,Los Baños,Nuevo,2026-04-16,5,1
737,735,C-00735,B8E631F8877E84F2B6D36BD18D40D065889EC522595F274D36CB258242351CE6,Cajamarca,Frecuente,2025-07-22,14,1
738,736,C-00736,3EDE6F17A5A5D4D2432D7C7254043D69F3594FDEB41E356AAC7D6E24194E1033,Llacanora,Nuevo,2025-10-08,12,1
739,737,C-00737,DBDC88CEFDC442A74F7BC1CCC516C5794E5FC98B20762A0E41FEF789A4DAB768,Cajamarca,Frecuente,2026-03-07,7,1
740,738,C-00738,7FEEE32960E0D199827309799D8D0E361A3FFF56DE3231CFE975FC5AD32EA861,Celendín,Frecuente,2025-07-25,14,1
741,739,C-00739,DD8A29C25252CCFF689954647B082DB8AAB4DCBEDADAB608E913A8554A84B3EA,Cajamarca,Frecuente,2025-07-08,15,1
742,740,C-00740,172208805743A588CDC58542687A79900C0689A9802072B65A172C005F3ED1D8,Cajamarca,Nuevo,2026-01-06,9,1
743,741,C-00741,9DE84FF0C6B24842B1747A1725116BF3C813E59E99516D945ECD850004260851,Baños del Inca,Nuevo,2025-10-07,12,1
744,742,C-00742,19E4CA567F12892F89B62672CE8E4876B3D66C180ABB5FC82C0B362CE8B348BC,Baños del Inca,Frecuente,2026-06-11,4,1
745,743,C-00743,50E34206AB1B97D8F70899DB6BFED78DC0712ABAE266710B1754A8E373A99765,Cajamarca,Nuevo,2026-05-17,4,1
746,744,C-00744,592F4DDC7A6679E22283CE05417AFAF42AE2BDF864AAE4C0D5171951D84DFD41,Jesús,Nuevo,2026-05-24,4,1
747,745,C-00745,D3CDC3CC45FB5C549E1C121D311DB72820542A81537F2D7BE4A6C99C7DC2B4FB,Los Baños,Frecuente,2025-07-25,14,1
748,746,C-00746,E07A19CAE09352FB1B71A14308DD7D406B0B96A2BD96BBC7C79FC9BF34D6EA52,Cajamarca,Nuevo,2026-07-08,3,1
749,747,C-00747,348CC048991E10D309919DEB34B62838B4416DBC81665C40D3D07A763114A804,Baños del Inca,Nuevo,2025-06-12,16,1
750,748,C-00748,AE1329319D6C6300D1843FF203036496494FA0F2D7384754FC9406E35DFAFCC8,Cajamarca,Nuevo,2026-02-03,8,1
751,749,C-00749,ECEB29F97F636B176105FE42A83D9139C89EA9C1CD7CE8D2054487BACA93B491,Baños del Inca,Nuevo,2026-02-14,7,1
752,750,C-00750,93136FAD286A36DDC8992EA200B6AE097D60EDC822F86A8AF132E2A0FFC5FA9A,Cajamarca,Frecuente,2025-08-15,13,1
753,751,C-00751,8B8AD970257C773886AD23C41043E12ED57EB6E4B4DB2440C5C5AB754D574E65,Llacanora,Nuevo,2025-10-21,11,1
754,752,C-00752,43011EAB5BA402173E9DA673F2284F00ACAEEDA3F7878A4FDDC28B234AF9DACC,Cajamarca,Frecuente,2026-04-23,5,1
755,753,C-00753,2C141D85E41FFE94F5D6320EF56A1F5A8822E044296186761CCA65DC38144B4E,Cajamarca,Nuevo,2026-05-22,4,1
756,754,C-00754,738B724575136FA04764E2E7B37C5C12D8B8630F9954D4073C8921E9E0F5AD7B,Celendín,Frecuente,2025-12-10,10,1
757,755,C-00755,4F0297A82EEAA6F4DD8740C2A9003698502035E36BCBB8876ADD53B3374B6432,Cajamarca,Frecuente,2025-09-05,13,1
758,756,C-00756,9C4FC6099E48FF8F6F9CEC05BAD331F7A0D4F8F1E3305A11E501FBFD7ABFFD2E,Cajamarca,Nuevo,2025-10-29,11,1
759,757,C-00757,EFBA9A3AF4B8B300D2509E3248E489C25465FF4D9BF0355640946E84083C70BA,Celendín,Frecuente,2025-11-11,11,1
760,758,C-00758,50B64705943F6E353C68D3BEAB9AD4F3A5790394769DA1BBBD7BC70F8C52B84F,Cajamarca,Frecuente,2025-06-15,15,1
761,759,C-00759,94A355A9ED6739971F13E42B02D6FD48289ECF02ECB37CE1C5E46CCD5B69584E,Cajamarca,Frecuente,2026-06-18,3,1
762,760,C-00760,2AB772493E11F3ECBDE414E45E3EE55B22F905A7D2FDC74B3073A0CFEE54CE37,Llacanora,Frecuente,2025-10-20,11,1
763,761,C-00761,1D5D9868A05F5505A402D8B0BC87CA6C8673F5D82358A76EE23CAC6B37BFB4C5,Cajabamba,Corporativo,2026-03-29,6,1
764,762,C-00762,8A834713E37D92C0E51B5AFE04035806CBA859FC5EF110C4DBCD62003A2DAAD0,Cajamarca,Nuevo,2026-09-02,1,1
765,763,C-00763,EFF68D7041075498F022518024A5EC256305139CE2CE5FAA55D92AE372A5ED71,Cajamarca,Nuevo,2026-05-17,4,1
766,764,C-00764,0E8704DC94B2AB3C638B0889314DDC39961FF64BA06E9665EAEA7398229D8F30,Cajabamba,Nuevo,2026-03-19,6,1
767,765,C-00765,F4F2A3421A6073811E5B78911B39DDEFF14A6287D5F10221BA3B5366B95D539F,Cajamarca,Nuevo,2025-08-17,13,1
768,766,C-00766,C5F9357CB7C8055F712F2DEC255B8F44F99983AAAF7B302C659BD2E8E074BEC7,Cajamarca,Nuevo,2026-03-04,7,1
769,767,C-00767,9E15892BD0DCC12C27CAFE267FFE5B1C51A0805FA93D85DF943266636A76DBE5,San Juan,Nuevo,2025-09-06,13,1
770,768,C-00768,34FA84A4416F2FC59A6A14079D58A4BA88D36FE01C23A77C8CC672E997BC1654,Cajamarca,Frecuente,2026-06-22,3,1
771,769,C-00769,C8B4960D2F07909ECD7D19158F73806A25944BCF5880B2A9A1AC48E394F77039,Cajamarca,Frecuente,2025-07-20,14,1
772,770,C-00770,95EF3F9FD71BD80D9B029B3F47435E9D6261C74E7B06BA0694D474D39AF28F96,Cajamarca,Frecuente,2025-08-29,13,1
773,771,C-00771,0A226F7D7379A6D9CF80921B12A5238AA7A164F87DFAA244BCB54224919F7A6F,Cajamarca,Nuevo,2025-08-29,13,1
774,772,C-00772,A3ABA1E65BFEB01B7BB0144FA4F391896663625A020E273646C685A4B3409667,Cajamarca,Nuevo,2025-12-20,9,1
775,773,C-00773,2965BD1CC6FD680B52F5997B19E5AF85FCCDD1EE1EBBE6FD6A681AEECB471868,Baños del Inca,Nuevo,2025-11-28,10,1
776,774,C-00774,CB7D335813CDB06448A993AD423284E1585DC914BCB2EECD16B4EE8F9666CDE8,Cajamarca,Frecuente,2026-04-26,5,1
777,775,C-00775,32B3B2FE51225EA6E2DF19902F07D28CBB5BB60DD84F64CDBCD229D72BE5D2A0,Cajamarca,Frecuente,2026-06-03,4,1
778,776,C-00776,B84556FC254E66902C52CB67847AAE59B315790F7FF9689B1145FD2810F84454,Cajamarca,Nuevo,2026-02-20,7,1
779,777,C-00777,170997559182D1D8E4969D115124F0FEBE39A3B3F017C28DB918C40DE28FDDB0,Cajamarca,Nuevo,2025-09-07,13,1
780,778,C-00778,00CF87EFCE4FF4EF372965C4350E4F8B3B72693FF1B32C212E34245214CD93DB,Baños del Inca,Frecuente,2026-08-30,1,1
781,779,C-00779,C671649AA6591913C946D439B28B1E6B625CB84BFC1F41369EA51C5430838702,Cajamarca,Nuevo,2026-01-22,8,1
782,780,C-00780,BD926D8586702F080149FFE3CCABB33CCA61693F5DB34803D84A47B610ACB8BB,Cajamarca,Corporativo,2025-09-24,12,1
783,781,C-00781,6AC43A7CC6C0203E40F3DAF31F063DD5E636741134C873BBCE005B614EB0A66E,Jesús,Frecuente,2026-05-08,5,1
784,782,C-00782,5E93EC2148CA3E7D476C46717A4DED1DBE59BF133D8B199E8E1E8B5A6831AB2A,Cajamarca,Nuevo,2025-09-04,13,1
785,783,C-00783,2A349A40FE7B8F2ED7A0CC2772C7FDE3AD2C735E08245AA11DCFAA69EDE2E8C4,Cajamarca,Frecuente,2026-06-05,4,1
786,784,C-00784,2E66515F3CB1F302C519052CCC2509498C8DADE5B60BFA9A77125B6230955CAA,Baños del Inca,Frecuente,2026-04-01,6,1
787,785,C-00785,A053112AC6C0F6851121967E9AAD5FDE99E5425C9ACBBFF1388369AB37C8CA74,Baños del Inca,Nuevo,2026-01-21,8,1
788,786,C-00786,615891249AD61C9AA33504ED9D6608EE993073EB20C01533B3383209FB191697,Magdalena,Nuevo,2026-08-29,1,1
789,787,C-00787,583C2BAB6C4A8A0F0960A80C955AF439A7AACFA20BC726B8F3B3A3AC089337C4,Cajamarca,Corporativo,2026-05-30,4,1
790,788,C-00788,14F3448BF560DC700A8E17AB706FE2121C2CFB8B63E1BBE10C21595486E4D052,Baños del Inca,Nuevo,2025-08-24,13,1
791,789,C-00789,000C2ABF1253CDEFDF95646FDAE7A4500EE7C926631E00E3D903F67B8A6E7E06,Cajamarca,Frecuente,2025-10-02,12,1
792,790,C-00790,B43545E4228746A8A6E76DBA11B478681C7D036C23B5BF17DF0600B7A803FA5B,Cajamarca,Frecuente,2025-09-17,12,1
793,791,C-00791,25DDF46BF17F3C4DDDEB025B156F2DE99B783FB28DDEFE4E4B53357C161C7DFF,Magdalena,Frecuente,2026-02-01,8,1
794,792,C-00792,723C5EBBB15915FE073AB35601FE04E58CC8CE3F41ED290D5D7BA22222F1A7BC,Cajamarca,Nuevo,2025-11-04,11,1
795,793,C-00793,E2BC56D4945D9FC8405ECBCACA5C69834B8A355271227C3C456E23D4062031B4,Cajamarca,Frecuente,2026-08-14,1,1
796,794,C-00794,84CD44F578229CFF00BFB4F1F6318C6430CCD53A1DDB2AE884D1F21E79898355,Cajamarca,Nuevo,2026-01-18,8,1
797,795,C-00795,C77B51B99488ED6B367020CAF60E463ED8AA9F87ABF206AEF1F81EEA5858026D,Cajamarca,Frecuente,2026-07-26,2,1
798,796,C-00796,57076469C8840702CE781228D66585BC5DDCF74261CC802D31BB831EBD3CB5B6,Cajamarca,Nuevo,2026-04-17,5,1
799,797,C-00797,E86E754068153E5DEED3D739D3F5151FCD0E23DBD71C9ACC9504E1F62C739BB5,Cajamarca,Nuevo,2026-02-08,8,1
800,798,C-00798,114DF9B6B60F6C7A2204ABD530147B7C63D8713916AF45CD803F4869998CAF41,Cajamarca,Nuevo,2025-11-23,10,1
801,799,C-00799,1003081EC7F0D195877AAE385D16C8ACA50B7D825851BD992FBA91305606AD96,Baños del Inca,Nuevo,2025-06-19,15,1
802,800,C-00800,74893BE396F6370D0E884EA18E2D0AA1F072AFB11E4679994E7FE1B79A717E2F,San Juan,Nuevo,2026-08-25,1,1
803,801,C-00801,77E5B11CE5C6AE70A2A1FB5EDB5A7C4254BD7055DED2BA4B12990966DBDEE70A,Baños del Inca,Nuevo,2026-07-05,3,1
804,802,C-00802,91B074548DCBAB12E897C2179935A3BA7F3AD209FD253BCB65D4836CCA40DE62,Cajamarca,Frecuente,2025-06-28,15,1
805,803,C-00803,D05FE2466843143FB9F100956F5F9AA02CCD86E0C660BC10F406D00DF0AA5CE0,Cajamarca,Nuevo,2026-05-25,4,1
806,804,C-00804,3F8DAEF508E59E718B62973B2863D70BB9DB4BEE6B0DC6EDEFF38DE337AFD77E,Celendín,Nuevo,2026-08-21,1,1
807,805,C-00805,248EA23B079EB0F6486B0F8EACCE4DD3E483A616BA455A692AB668D7418B0D68,Baños del Inca,Nuevo,2025-11-12,11,1
808,806,C-00806,9B9A608DE780F61E6076D00F85F796E500013365F99F94152B7EC842ACCFCABB,Cajabamba,Frecuente,2026-01-09,9,1
809,807,C-00807,D66BEBAC41CCEA0240C1DE48507DA4A4D5B78EE23214955648B86E3158BDB1FC,Baños del Inca,Frecuente,2025-11-21,10,1
810,808,C-00808,F9677CFE73D8E372F3D44BB863268FF31F669ED0C363FC12B899081C8A5585FA,Los Baños,Nuevo,2025-11-23,10,1
811,809,C-00809,6886B6D351AA30861F4A58F7CD1E92F8494EE282BA7157CCF0915F0B1C1B3F26,Los Baños,Frecuente,2025-06-02,16,1
812,810,C-00810,B0182D6EDA5890D4D1EBF3342E675E76B6C3E4574D618987E230AB0907956F25,Cajamarca,Nuevo,2025-10-30,11,1
813,811,C-00811,2021B304D5937C9F476AE166D8DD66EBDC912AA9F30C82C2FF9AB8D738361FAD,Cajamarca,Frecuente,2026-02-14,7,1
814,812,C-00812,18A1EAF1DACBD7D2261D8D52F553CF57492E4CF977C2369026A92C1E614CC5F7,Llacanora,Nuevo,2026-07-21,2,1
815,813,C-00813,2A62DFD18E9CB708B270515FB231425D5FFFB809857822D273D70C904E5D20B1,Baños del Inca,Nuevo,2026-03-19,6,1
816,814,C-00814,9F718C7321EE62C955760E6C5E14F4701A4A0986A17EF401A84B418CA8032FE7,Baños del Inca,Nuevo,2026-03-31,6,1
817,815,C-00815,07523086044A9EC2D821BECA3CA42621AE7724A56C56E37EFF65941BB430359D,Celendín,Frecuente,2025-12-29,9,1
818,816,C-00816,FB035D6D7E426452F724139CD9823E70F8195BDC9866DA3522E29E768DACA34F,Baños del Inca,Frecuente,2026-04-19,5,1
819,817,C-00817,9EE93329D57BE233C5E5D650AD659E1FFA4F4DA097F51D6264ECCC33767AF2F9,Baños del Inca,Frecuente,2026-08-07,2,1
820,818,C-00818,431C91396E20F0053EB2B6FDB832BCBD44FC132076ECD4A7EA988862F5BFFED8,Cajamarca,Nuevo,2026-07-19,2,1
821,819,C-00819,5ABD44299A533624B98F527FA92D39809525E8C89A1737BF6C7561548435FA3C,Cajamarca,Nuevo,2026-01-29,8,1
822,820,C-00820,C3909ABB626E9789D899916083D5EA30761EF8436B09BD2BE88DB56C5AA71B4B,Celendín,Frecuente,2026-01-13,8,1
823,821,C-00821,AE21F6EFFA3AF7B2485987CD0A42720F9DB92C468AF6AF28801CE4638212CD8C,Cajamarca,Frecuente,2026-05-17,4,1
824,822,C-00822,D4A2A07611691F2FFA4A1241C4C8D498593A6C66BB2B38741732CD0D828CA830,Cajamarca,Corporativo,2025-10-05,12,1
825,823,C-00823,,Cajamarca,Nuevo,2025-07-24,14,1
826,824,C-00824,F1841B9255E388FA9D9263C084DA714F93D9EB29346596AD4AA4C3865A4E0AFB,Cajamarca,Nuevo,2025-09-23,12,1
827,825,C-00825,3E9B2A17A4BE23200D2F0D04D68E5F5904B15F7475B4E86D2E03DDD1121B07BC,Cajamarca,Nuevo,2026-01-31,8,1
828,826,C-00826,C8FAD37AACBBBE9D11E6C2C99BA2166F0F777B72247E324E8D4E510856AF084E,Cajamarca,Nuevo,2025-06-16,15,1
829,827,C-00827,1867B5707757CA26DC82E96CADB6C0522D78DE57F5888457E3B88D6B13426D4A,Cajamarca,Nuevo,2026-09-11,1,1
830,828,C-00828,318C8E21EC4EF66DEB33DC543F0F59EC1DAF36E2800CFB120716B8EB4BC267BD,Cajamarca,Corporativo,2026-02-16,7,1
831,829,C-00829,6266DDBEDFDA9F18FECA57364107287683AA35B774FC511B4D17FFCF8031A04D,Cajamarca,Nuevo,2025-11-03,11,1
832,830,C-00830,1E16B4D8D22304BB277094AF0198276305987B3DDA070A478DFFB7427DEDE84E,Cajabamba,Frecuente,2025-08-22,13,1
833,831,C-00831,F003F4600D004C8A646C7D39165C49AB516A68108A656780729155921369E1F2,Cajabamba,Nuevo,2026-06-05,4,1
834,832,C-00832,83EDB391CC25A8420E2F72F859487E6B2B76390112A461FB803D2DF888E4A47C,Namora,Corporativo,2025-10-06,12,1
835,833,C-00833,CB85ABE0CEAAB98B20B86527FF6C768D98CF50DB88D9B79501706B6BD97E120F,Baños del Inca,Nuevo,2025-08-06,14,1
836,834,C-00834,59D0CA77A8DEE4881E9DF6702F4563B153B87C6C230E0646FD87E88E9FE1DC4C,Cajamarca,Nuevo,2025-08-31,13,1
837,835,C-00835,4E6D4FAE89E4E3D7821988E699A157A736DF649B07A1BB5FACFA6F0D4983804F,Celendín,Nuevo,2025-06-05,16,1
838,836,C-00836,09B49775DF3F749BE4B391A85D8FE23BB4AB153FF3D81971A236BD4D9C22BF5A,Cajabamba,Frecuente,2025-10-07,12,1
839,837,C-00837,25325F65EBDEB773B8A6B87B9BD4A7852A649FAE94396146291F0758C690B7AE,Cajamarca,Nuevo,2026-08-30,1,1
840,838,C-00838,98A94936B7C539D5792279E37D607708F4B5B055D00F9977A16AFA17584A65EA,Cajamarca,Frecuente,2026-05-15,4,1
841,839,C-00839,0EA4D2A30288A7F1248BA34C5917E42CF0317AE001BE9307D19F6E3E6FAA375E,Cajamarca,Frecuente,2026-07-11,3,1
842,840,C-00840,6C79FB0451C67E6CD1BCFFC098AD4B9DF338D541A65253AE777107340DFE218C,Baños del Inca,Nuevo,2026-01-05,9,1
843,841,C-00841,EDE5FF09129DE5484C6263D9B566EACD0DDAA316E7CDF78502ABBEB50D7471B3,Jesús,Nuevo,2026-04-30,5,1
844,842,C-00842,09409AAB060F2F06A6CDB4C3D9AD15FD9511AD5349839B2B52E379C6CBBFFDD5,Cajamarca,Frecuente,2026-06-26,3,1
845,843,C-00843,E180B9BB44219F43BB21C159AD39660DBC9B3F59AA1C01D04B8C2A1FB899CA97,Baños del Inca,Nuevo,2025-08-27,13,1
846,844,C-00844,70BB1F14D32737BB659F6787D2D780768039E59A1B5309C89295AAFD02D1A6C8,Cajamarca,Frecuente,2025-09-09,13,1
847,845,C-00845,7BF50CAE6AA18717B57D122E2C7BB8E4B6F6EDF66295DC3D4B478247B53052EB,San Juan,Corporativo,2026-05-11,5,1
848,846,C-00846,32F3304A8B16FD73188F0E6D25EFC534368D8EF8B1B4189BC23A28941B982B2F,Cajamarca,Nuevo,2026-01-07,9,1
849,847,C-00847,90CD9F29811F34D63980A4C1B5DE2ED745C0383D95FFFB1E85EBD9447F05D122,Cajamarca,Nuevo,2026-02-24,7,1
850,848,C-00848,B1647074B720FC64AE192582226887254D5D8EE6D93516E9F674ACD76B35A258,Cajamarca,Corporativo,2025-11-02,11,1
851,849,C-00849,64A474BB742E9A7FEF2537F9016D09D6D006A7254BA03D42753971A27F7B0F95,Celendín,Nuevo,2026-04-17,5,1
852,850,C-00850,0693C5F14BA9666D0A6F33AC990EB292E197D14B0C74AEB7FF4D5009CFCCB0A7,Baños del Inca,Frecuente,2025-09-21,12,1
853,851,C-00851,AEE1FE6D44A69E32BE4757FDAA9773F337B9ED1044EF385397737F69B5AFBDA6,Cajamarca,Nuevo,2026-08-01,2,1
854,852,C-00852,8C315B8A3325E04A03BFFC1465298D1ED1ABBB06BED3F5556BA5E5F9D1A41F85,Magdalena,Nuevo,2025-08-04,14,1
855,853,C-00853,1AC246C1FC80C3E8AEF963262AB1B5E017E84F3B4C7FF2DF892E80E12D210107,Cajamarca,Frecuente,2026-06-04,4,1
856,854,C-00854,F8EBB5C7DEAAD3D79E52E98E375E95C87FE2C4D6B3485964013992D433BF273D,Cajamarca,Frecuente,2025-07-30,14,1
857,855,C-00855,815660B7AD9C52E443EDBB223B2B217078DA81C44A85F266B4827759DBA9AED8,Cajamarca,Frecuente,2026-08-05,2,1
858,856,C-00856,EA7717A4A4B81156922F4FAD075AE8A8DD986F0596B7744952859855FBB36FB5,Baños del Inca,Nuevo,2025-06-15,15,1
859,857,C-00857,BC2FE46520CEAA9286B9729C1E4498D893F327FF541AA25D72C5EF76A16D9060,Baños del Inca,Nuevo,2025-08-16,13,1
860,858,C-00858,,Celendín,Nuevo,2026-08-19,1,1
861,859,C-00859,C5314878361CDF41CF704328113891735A9A0315655411FEC8DBF18EB277AA46,Cajamarca,Nuevo,2026-01-23,8,1
862,860,C-00860,CA5097A1C77A1C3427E3BD8C25470F7434F228944369A1E8415502D4FEC5F4E8,Cajamarca,Nuevo,2026-04-14,5,1
863,861,C-00861,14C10068526CBAC8E3993DA2DE8B424D54081F9BD29B8B943DAD3EAE730136E2,Cajamarca,Nuevo,2026-08-15,1,1
864,862,C-00862,D96E5010E9400E3DCB3BA6C83B7D586BD005332391B0CF7CD9CB2E5E610C6AE9,San Juan,Nuevo,2026-09-02,1,1
865,863,C-00863,3A791693BCC552B302785BA0EBA8DC175CA1BDF16509D79B66A6E821C2033628,Cajamarca,Nuevo,2026-06-13,4,1
866,864,C-00864,95C9DF628FE1A0B8169D8E3CF8C6E2FF31BFB2ADABEFA9BC17631EC344AD111C,Cajabamba,Nuevo,2026-08-05,2,1
867,865,C-00865,4024EE6492D6288DBC98BDA66BE25D9895648CCE0245AC730D0836CE437F454A,San Juan,Nuevo,2025-11-14,10,1
868,866,C-00866,41B62D769AEE3FF27AA127F03FE0C3960F29828D340E144240F5B4D7C07D27D9,Cajamarca,Frecuente,2026-05-14,5,1
869,867,C-00867,8A2225C8261EBAD5A1EDB123A43C7377EF14EA734FA3A196345D5D4DF4EE53B2,Cajamarca,Nuevo,2026-02-25,7,1
870,868,C-00868,4909F6E8CCD91699002C54859D8C14A54EB306150EDE885EA1F4299F296B46DA,Los Baños,Nuevo,2026-03-31,6,1
871,869,C-00869,7376E042739D0EC154754088B3D059C7093E247430089FCC482D0A14FFC1F328,Cajamarca,Nuevo,2026-01-01,9,1
872,870,C-00870,7D12D869184D8816533E80D2D1ADC153EFC95A620962A38851FE036311C65398,Cajamarca,Nuevo,2025-07-05,15,1
873,871,C-00871,76ABF58EF29929F70F81A628AA76EBB748F9A9372BBEFF2728BF5BA64B5E5AE7,Cajamarca,Nuevo,2025-10-15,11,1
874,872,C-00872,CE326DD54733D27DC59F348727065E8003D7E1E5B4C7E10B21DE59A4C865B4B9,Cajamarca,Frecuente,2025-07-27,14,1
875,873,C-00873,4030B6A77739EEA4B635958BC7A51CC951DEC15B86457FA00F691CE5144051D7,Celendín,Nuevo,2026-01-24,8,1
876,874,C-00874,DC8CC21E437A8525EAC4A2F9C4198E043D6029E08E8B2E5F2D48DEBF5BA2A87D,Cajamarca,Nuevo,2025-09-11,13,1
877,875,C-00875,E70F7F4F70DA1069DF5A04EFB896CA5A14C2618F5C3B27DF7B4F16B4D59A5BB2,Cajamarca,Nuevo,2025-12-24,9,1
878,876,C-00876,67A344C1B61E91762247D9C1A6A8FA51AB13E7E0E9DB25842D59F40DB51AB645,Celendín,Frecuente,2026-01-26,8,1
879,877,C-00877,2DEC6822927C7EAE6282AC37580FF24192C2F3EE3093A1C1E8ECC5751D8672EE,Baños del Inca,Nuevo,2025-08-27,13,1
880,878,C-00878,9A9BEBB16E4F6FD586FB0FA839EB9270E92E13ECD16EF0468E93CB230DF51ADC,Cajamarca,Nuevo,2026-01-06,9,1
881,879,C-00879,586873F53CCBA9909584DFA7FA399E2E78346BA629574C3CA0A56CFDD642612B,Baños del Inca,Nuevo,2026-08-01,2,1
882,880,C-00880,832AA2B73CE02DAE91ABCA6C8174BB63E662D5D80A712FE442B859143746C18E,Celendín,Frecuente,2026-02-17,7,1
883,881,C-00881,B805E0EAD2BB34783F1569FF21B100F8548F6EAF47451C42F34548B8D0A0EA3A,San Juan,Nuevo,2025-06-04,16,1
884,882,C-00882,61E101D30D6073A1D1A075AF3A8BEDCD5B4CD6FBEC7723BDF98AE0BE59EDBFCE,Cajamarca,Frecuente,2026-02-12,8,1
885,883,C-00883,ACCF03385556B2FB764F3C6F40F2768F6F0F6176CE032E71D4DF34E721089816,Cajamarca,Frecuente,2026-01-24,8,1
886,884,C-00884,AEA34D6CBA0E6719C23BD73531E03238D9688796BEEE4C4EDF78D10EB1B09B53,Celendín,Nuevo,2025-07-02,15,1
887,885,C-00885,4198E1DF3C159A519D04875FA4FD398CAAD9A4C08ACD510B7B990E7265F6AEA2,Cajamarca,Nuevo,2025-12-30,9,1
888,886,C-00886,C530DB51680E950DD944F9E56A3DA47ACCAE400C1492B7606C5BA35265DF0649,Celendín,Corporativo,2026-04-01,6,1
889,887,C-00887,CC3B5BD2516B24DDFC553EF94BA0C03550EF55A78FE524182766BD9D96D3A0B9,Baños del Inca,Nuevo,2026-04-21,5,1
890,888,C-00888,A7B99C37A7F82F436F067DA979A0452793482C0FE3AA94334CAE64205F33638E,Baños del Inca,Nuevo,2025-08-06,14,1
891,889,C-00889,F7D9203952EAE4A03562DEF52B26EDA550CB8C99538A546E0C2BE4C3C891C85F,Cajamarca,Frecuente,2026-01-15,8,1
892,890,C-00890,C8585DC83856588A0D7B32E0D4D3B5CE71176F4F7E53E75B29E1C326C91D4319,Celendín,Nuevo,2025-11-18,10,1
893,891,C-00891,989A69191293085E44A58C61791B3FE3E36F714ED8CD207A658A06A977DF8A9A,San Juan,Nuevo,2026-07-19,2,1
894,892,C-00892,124FFE7E9DD7AF9548BD9952FEEB4D2C4F1F38E0CD32026DF72B8C9A335B9132,Celendín,Frecuente,2026-04-24,5,1
895,893,C-00893,0BE8D7B5E12E98AC1F1026FC0A63382548620203062E64E5E2A06709F67D0EE0,Cajamarca,Frecuente,2026-06-17,3,1
896,894,C-00894,506C8A9B5E9C6ABE2E3CC01A3E81B324A5F8A9A08CC98FDC2AC31FC864982C87,Baños del Inca,Nuevo,2025-07-08,15,1
897,895,C-00895,BC4FE493A503BA41F9778F5572EF3D8FDF91F566EE7B0B34FF8343706478B89C,Llacanora,Nuevo,2025-09-15,12,1
898,896,C-00896,3889681DC089C372F611EC321E86219DB9DD1AE673C7DD0743DACF3029457EC1,Cajamarca,Nuevo,2026-08-30,1,1
899,897,C-00897,A94EC978F11995A138D13B718B1273197D8C3DB8B8143D8578E36478FDDA95B1,Cajamarca,Frecuente,2026-02-19,7,1
900,898,C-00898,FFA602D1C47F107636B3F49A02AE7BA057B3CD1A4658D4C6D9F739CD61A78F36,Baños del Inca,Nuevo,2026-06-15,3,1
901,899,C-00899,70D980E168A3C8B579E038103BDBF312AFDC416F6714EBEBFFFA8F7516A49D24,Cajamarca,Nuevo,2025-06-10,16,1
902,900,C-00900,B4D79C34CBE56C9318080EB2D4CFD62793311C22E67E70A6AE8243AE74B51EAB,Cajamarca,Corporativo,2026-06-09,4,1
903,901,C-00901,BD96698936237B2EF5D459F9AD476DAB65FF30D005F94CAADEB5CE1BC200B80B,Cajamarca,Nuevo,2025-10-15,11,1
904,902,C-00902,46715F198F399285079A0E12409C641DCCFDD81084576C81ED062135431988C8,Cajamarca,Nuevo,2026-05-21,4,1
905,903,C-00903,4A736BE8FBA731D283F60DE5BC175DD24222A6F968D7D61DCBB21973627E64CE,Cajamarca,Frecuente,2026-07-24,2,1
906,904,C-00904,A68A691DBDD10A2A6BB51B151687CCC3A890AF7E9E92034D7D67B77D05065D41,Baños del Inca,Frecuente,2025-06-15,15,1
907,905,C-00905,7C5566A32E8A3CE131ED5767490B8F503A27845C6EC834C4782F471EF7358967,Baños del Inca,Frecuente,2026-06-01,4,1
908,906,C-00906,464E050769C212F1113FF0C7461D4E11D10B592B9EBF1DECEC86605D68F9545E,Magdalena,Frecuente,2026-02-12,8,1
909,907,C-00907,9E1437DB4843C5EAF82E8F9D242FB09262EBA2748A9482F218E98CC3F450F3E6,Cajamarca,Frecuente,2026-02-14,7,1
910,908,C-00908,2212EABD15DDC85662B52376D97628B48A997764663FFCBB977B6D70533C611B,Cajamarca,Nuevo,2025-09-16,12,1
911,909,C-00909,DFBD4D760F0A42A3572F41D5ABFC259204F63EE76D826FE5C1A812E31B386081,Baños del Inca,Nuevo,2026-05-21,4,1
912,910,C-00910,115BE538B58EB65BDFCF3C4448FE09372BF45C3B13CC65DE325793BEAB071F18,San Juan,Nuevo,2025-11-23,10,1
913,911,C-00911,5865A07BEA1EBE89076E57A8D7751C5B1A4363B293B980B8D9DD26081C99F4D1,Cajamarca,Nuevo,2025-11-01,11,1
914,912,C-00912,02A6B0E0FD0C47D3F6DD6BE8275CFC10E0BC4CC4695D66E7076586ECACF353AB,Baños del Inca,Nuevo,2025-06-20,15,1
915,913,C-00913,A2A0AA6FB1FDB02882B43CA9DEB25C87A87834E531717D5132D65082F35612E0,Celendín,Frecuente,2026-02-20,7,1
916,914,C-00914,1F58DC7CDD8203E594D18B3D047405DB3C81344AE02EDAE797D29CFF151B3554,Cajamarca,Nuevo,2026-02-16,7,1
917,915,C-00915,6AFA3F830453E1F7EB1BF7C530FC80251D017B5B98327950DCA1AAE16069BE4C,Cajamarca,Nuevo,2025-11-05,11,1
918,916,C-00916,7BA3B3E90DFECF2B7659DB1B1069409D8AFEFA8F0B8086B5336A2A08CFB437D6,Namora,Nuevo,2025-12-14,9,1
919,917,C-00917,05514E99AA9B4761A634462175D29FDFF3AF5A5E99AFE184E6DF96220FBF8F90,Cajamarca,Nuevo,2026-02-21,7,1
920,918,C-00918,58A8CB1698232A55AFEAE96CB499380F6DE311D1155D231A904D05D9F03146EF,Llacanora,Frecuente,2026-07-12,3,1
921,919,C-00919,E5066477AF5A35CEEBB70B4CCB400E0122591925C6828637D880F5154845AC22,Baños del Inca,Nuevo,2025-11-11,11,1
922,920,C-00920,5E8DB2BD7A545A26FB8B5BDDD79EF815F700381681B97CBCE1D017104FC3CB48,Cajamarca,Frecuente,2025-10-30,11,1
923,921,C-00921,A872D6633DBED85BE6AE07F15ABDB0242F15406BC63FD7F303A3BBD7B09B41E3,Cajamarca,Nuevo,2025-12-29,9,1
924,922,C-00922,947D2DF8D79CD4EB4AC875F4D48A83D0E13B6D121C7710671744C9295ECE117D,Cajamarca,Corporativo,2025-10-13,12,1
925,923,C-00923,F59CAD0F9D29F77593CAABC752829F824E7E55D21E9E29D2FA9348D794999409,Cajamarca,Nuevo,2026-01-16,8,1
926,924,C-00924,FB7EAA99D7E1C71AA7ACBB2C5906178326B8B3C711495DD749A3F43281726644,Cajamarca,Nuevo,2026-08-18,1,1
927,925,C-00925,BAA2AB1DAC4633B1E54790607AC45215B363BBF3E20ED456E941B15304911A34,Baños del Inca,Nuevo,2025-09-21,12,1
928,926,C-00926,FF1EB5996FA8E423F5FC9CD86689A9CB6156DF00B056F150D5822A414408EED0,Jesús,Nuevo,2026-07-11,3,1
929,927,C-00927,F7E5D1D7698D181A3D4F799E6A2A462BFAAC41612A28CC0E3B70EA50C832CD26,Cajabamba,Nuevo,2026-01-12,9,1
930,928,C-00928,F5A7C8CBEC5D18955C87D8410231B23B89CD3FD80DC7ABDE67EE410D6ADF5BC0,Baños del Inca,Nuevo,2025-12-26,9,1
931,929,C-00929,2C73C0EF8DB3A22FAF1C8C2A7388C34FA8BD36470796CEC44D2D3640DC19A490,Cajamarca,Nuevo,2026-02-13,7,1
932,930,C-00930,E9705B62F6F7831ADD24F03FE26EDD85B3DB1AA8C41A5036D6AFE41AEA9F2872,Cajamarca,Corporativo,2025-09-26,12,1
933,931,C-00931,E714AC64475FF3B6DC4B344974645BF10B4599A187F31EC56BA7559BFE079F35,Los Baños,Nuevo,2026-04-23,5,1
934,932,C-00932,21DC05727AAAC63FF428CF966FA396E6F7DDFF554C0C6AF60F9E37D4E1F26FC5,Baños del Inca,Frecuente,2025-10-30,11,1
935,933,C-00933,4F9A167290B596BA6367F02B996CA0D847BB7F9095ABF935E8E03EE10E598643,Baños del Inca,Nuevo,2026-02-16,7,1
936,934,C-00934,3EB27434D8C0EDC4B769B3EC5EDC322CDC1FCBEE878D64C1DD30EDD111628EE0,Cajamarca,Frecuente,2025-08-13,14,1
937,935,C-00935,2113E5DB0175AD3D16EACBAB2296A0159A6DB791BA26560E5D4E538FD069B7F0,Baños del Inca,Corporativo,2025-06-07,16,1
938,936,C-00936,3544F3995130349DCF31C036D5BFA1FEB001FB15F1FBD9F8B38B3A63411E0B17,Los Baños,Nuevo,2026-03-03,7,1
939,937,C-00937,B2573128EC8BC6EC1C7F811E6C6163BDA36DFA9E277B7147582164847C75B9ED,Cajamarca,Frecuente,2026-04-04,6,1
940,938,C-00938,36B44CD278EF339FFDC816D0245A8857F81FD5C5069F83E175DF0D285B659AAA,Cajamarca,Nuevo,2026-02-13,7,1
941,939,C-00939,781EE73E8DC6EB22FEB1DFA35978640E680ED94F615C788858B5F89A8589BA49,Baños del Inca,Nuevo,2025-10-16,11,1
942,940,C-00940,8570F7FC3CD3341462400DCB6D72113ADFB601E746C17B2E1643386BE7CB617F,Cajamarca,Nuevo,2026-03-04,7,1
943,941,C-00941,75C07B3F354840F0A6722DEF05A70BCFF25B66C2ED7408042EF57DD3E2EA3773,Cajamarca,Frecuente,2025-08-30,13,1
944,942,C-00942,87D70421FC615E030B08EE84E8669559F4E9B663D752F2C7905EE1C4D5867784,Cajamarca,Nuevo,2026-04-14,5,1
945,943,C-00943,6C41C8F325FF1F08770DC744A663E6F0512DD53AC61D5DAFD43E669CA5860C91,Cajamarca,Nuevo,2026-07-15,2,1
946,944,C-00944,4FBF922F58E80E8F3999957602D30499B774F463572A8610D9AE69FA9475BA78,Cajamarca,Nuevo,2025-12-29,9,1
947,945,C-00945,D2EAD3A86EDAABCFFB2CF0CCF78D07EB603E48E7D71EC633D5A7D885F16DA443,Cajamarca,Nuevo,2026-01-13,8,1
948,946,C-00946,5B45D2B90434478834E635CF9802F588EC1BBFD135461EC4FA1E038B2B71EEC9,Celendín,Frecuente,2025-06-08,16,1
949,947,C-00947,E1472A3C47A0D42B674E635D8FFAAF46BE9220D6A35349BF7830AFAF2264414E,Cajamarca,Nuevo,2026-07-02,3,1
950,948,C-00948,0CC3E25F2557DA794B7A208AC6A4914C32FDC65A090574549C57F4ED50544DE1,Cajamarca,Nuevo,2026-09-06,1,1
951,949,C-00949,2F84897A2AE67D0727758693343832265DD628504088BA3761CBB535B8AF39CD,Cajamarca,Frecuente,2026-08-26,1,1
952,950,C-00950,7189AC84E21E19A5122A92732A695B437DEDDCE562798F9F43627AB7299EF8D2,Los Baños,Frecuente,2026-04-05,6,1
953,951,C-00951,745C524733629B3976E9FB8BA484ADA2DC14721DB2D823775E90F233D1E09A3C,Cajamarca,Nuevo,2025-11-18,10,1
954,952,C-00952,58C4E74A10C6E47F2C1BB825D253480F57FC1317747C2B030450BF4C9BFBBC19,Cajamarca,Nuevo,2026-03-09,7,1
955,953,C-00953,EF6853E11E46EA620F9EAC373BB23EC2EFC929C4E6E4CECB1922E936FCD349A7,Celendín,Nuevo,2026-05-30,4,1
956,954,C-00954,0A494ECDF97D6C51B23E8BA47F45A43E3D23FBC88D429B0BDE439BBFC950AFEF,Cajamarca,Frecuente,2026-01-12,9,1
957,955,C-00955,F6376DA64CD8C8F69BA3351A86AAFC14875F673F75A7A821452CC2E5BE322DB4,Cajamarca,Frecuente,2025-10-23,11,1
958,956,C-00956,E1BB285EB05BEFBDF9BCD5E6976711AC2607B9220CA5B9BB3A31308541A434F9,Cajamarca,Nuevo,2026-09-10,1,1
959,957,C-00957,8A3DE30A952C3874F822C24FE45CCD2160E920A6E5419A8D33070392AC7B54F5,Los Baños,Nuevo,2025-10-22,11,1
960,958,C-00958,1E6505D9D9B1F7C5623E33F5C2181275F9E7C3BA744DB2987E270F63F57B94C5,Jesús,Nuevo,2025-11-20,10,1
961,959,C-00959,707774ED0FC2ABC771DA1037915404F95DBED7A69A363FF374C30A98540F154D,Cajamarca,Corporativo,2026-02-13,7,1
962,960,C-00960,5D6D377C5797C1799DA7E61A02E4194B863738DF0D6E1E8DBC2D741581D2AEB7,Cajamarca,Nuevo,2026-09-09,1,1
963,961,C-00961,14AD581A859C4DABC8B1EF6FBC3FF94F49C801BFC5C1DF47BD3168DFEEC220CB,Cajamarca,Frecuente,2025-09-12,13,1
964,962,C-00962,EABD2FC93716E22669453FD813AA779407CF8007AD93444BB2FD3C17C5416288,Cajamarca,Nuevo,2025-10-01,12,1
965,963,C-00963,E5CFDED3576326DFB8BAD9083A607C7F378BF9A335FCAFDDAC1C0BE7520EC14B,Magdalena,Nuevo,2026-05-06,5,1
966,964,C-00964,A7F9CA46FDAEF077B4642CE5C277EAA03FF486B436A3F0A8ABCAC8A5ED696EC2,Cajamarca,Frecuente,2025-12-13,10,1
967,965,C-00965,BC1F40DF992728426D416B41F3A467F0B260E469763C55F584C5B22297DB0DBA,Cajabamba,Frecuente,2025-08-05,14,1
968,966,C-00966,AE27B2CF5B35F44BA926DCEAFAEA46710DBD79F573B3AD824115A9F633EFB9E9,Los Baños,Nuevo,2025-07-12,15,1
969,967,C-00967,2624949DF9B99E6B5E6E48A9477578E6BD28E658B6C303D86FD59466B089A23B,Cajabamba,Nuevo,2025-10-11,12,1
970,968,C-00968,E47E1A1217BA237995540B1A3F31079624C705BB0B0DFFC0729E27CC11583D9E,Cajamarca,Frecuente,2026-03-02,7,1
971,969,C-00969,C4A8E5D1CC2B1EB23656E66B35E1742F5938DDC612B490501E62EDC62D79C17F,Cajamarca,Nuevo,2025-07-24,14,1
972,970,C-00970,549E0148E0655B8B76AF0C77A31AAB374695F2B30CEF57E7A4878304A0939234,Cajamarca,Nuevo,2026-07-03,3,1
973,971,C-00971,30F68355C5C0196E1C84193E68DE29880563FB60CA6FCE8FD0457703FAAF34A4,Celendín,Nuevo,2026-03-04,7,1
974,972,C-00972,AA47F5017FA467B8A02FE94054AA5CE3053BA7AA3C7A3C7897956FB9DBFE7722,Cajamarca,Nuevo,2026-09-05,1,1
975,973,C-00973,64F12787166950652A97A7C2E1131976BCEA2361BED91EF254352DDCC5A36803,Cajamarca,Nuevo,2026-03-24,6,1
976,974,C-00974,CD0D9897487E4BF6B8607A6ADF5B88EA4E3C7F79D379DC2A8941C0D1A120979C,Jesús,Frecuente,2025-08-10,14,1
977,975,C-00975,888D822472D35A7AA6E373A18D162B513DD33917EC5243F41780D8DEBE8E679D,Cajamarca,Frecuente,2026-06-21,3,1
978,976,C-00976,E5AAF27DD4B1F66846D2D1E8B6767EDBFF58DACB2F668E103CA9B1C4116662F5,Cajamarca,Nuevo,2025-09-01,13,1
979,977,C-00977,FC126D724E2F7B7BE2E08662F9CC185EF3E4BC0B61D27966518004D38EBBABD6,Cajamarca,Nuevo,2025-08-31,13,1
980,978,C-00978,DF08023135392BB27C0638B4D09517528361AE9D6448BF945BC5B96A8BA2B9B0,Cajamarca,Nuevo,2025-11-05,11,1
981,979,C-00979,767EA7EA541085DB621FD27AA17BECFED255F62214D28AA8D25ACC6DCEA70D62,Cajamarca,Corporativo,2026-01-28,8,1
982,980,C-00980,F51D65F1B6F5A2269518820E49A66EC74D6BA887068AB820BE36AF9274889506,Cajamarca,Frecuente,2026-08-28,1,1
983,981,C-00981,FF43C0BE5BE454E8A79293170F27478022D643C59D44260C64C64DF5555D6B51,Cajamarca,Nuevo,2025-12-13,10,1
984,982,C-00982,86E939D42D0EFC6872D76358B269B7EC135EE2222CB69C2E8BAA4CADB4B9DD95,Baños del Inca,Nuevo,2026-09-13,0,1
985,983,C-00983,F906AF47E498415F21B9DD75FCAD934187138221949BA9E7CE4AE8A0285F962B,Cajamarca,Frecuente,2025-12-27,9,1
986,984,C-00984,2BABC069B11FE44288CFBB13762894B39862BF6459172592D8BB4AF1D870F42A,Namora,Nuevo,2025-07-25,14,1
987,985,C-00985,578E53B37AF4130C9F5C36A1D9D1B78795E1ED8D3846E4134772848356E0085B,Cajamarca,Nuevo,2026-06-10,4,1
988,986,C-00986,847BB4F9AE656D980E9C7389222D235AC48303EF7AA1DF91F3E334EF41D07A5D,Jesús,Nuevo,2026-05-02,5,1
989,987,C-00987,AE0D5DFA470FB436641704B67ABCF9C754F4E06A4920FDB6B883B425AF4C9C16,Cajamarca,Nuevo,2025-06-03,16,1
990,988,C-00988,9110C85E66CB5C692E2E9C734E75C4EE404FC9732E7BC930311EB224A66A0C96,Cajamarca,Nuevo,2025-07-10,15,1
991,989,C-00989,C3ACFB819F50EDCBF726F97F83DBFFBF7178DED5A9833860FF31A4BFC1FB80FD,Llacanora,Frecuente,2025-06-08,16,1
992,990,C-00990,2886854A8A16F957C8C911B21098A1344475229A367269A458A3A5BA97BA7712,Cajamarca,Nuevo,2026-08-28,1,1
993,991,C-00991,0D4C3CB4B77209AD43AAC16F3507A863AC93D6BBA5046B8E42416AF5C1EF176B,Baños del Inca,Frecuente,2026-05-14,5,1
994,992,C-00992,A0036673F25E118FD16B7034E14921A271ABE9F1AD84D942D84CA78673A225D7,Baños del Inca,Nuevo,2026-08-22,1,1
995,993,C-00993,8B9DA1822ABF9D8C50C3C15BD3EC72B854BD6F93FDFF88148C4C4761DB9C097F,Cajamarca,Nuevo,2025-09-06,13,1
996,994,C-00994,4D66008EC59E2D37DF97131206479C85695E8B462940B87288E120F69F7216F8,Cajabamba,Nuevo,2025-07-22,14,1
997,995,C-00995,F17FB56B61D33B4596189F9B7F616E39BBD16F17EE9F8CBD660A5A4F0E489E59,Cajamarca,Frecuente,2026-03-14,7,1
998,996,C-00996,122DD5813D3EB7C621AE0F6D6C1CD98A59F627FF1158609A3FAF55D17D2F275F,Cajabamba,Frecuente,2026-08-14,1,1
999,997,C-00997,FCE5AA16F2E44953810D90562A5D391419F7CC0408C5891A8F523A3EF623771F,Cajamarca,Frecuente,2025-06-22,15,1
1000,998,C-00998,A12F0D36CF15190283E011A1057191BF00A9AE3F5880BD1627C968FAF9A54F94,San Juan,Frecuente,2025-07-09,15,1
1001,999,C-00999,73FD0861F973C40698A514EB64106B52CC08CA1D6C795CD2FCDCF2C61A1B093A,Jesús,Nuevo,2025-06-12,16,1
1002,1000,C-01000,62FD5511DF14244A1EEE69B596F4C897960BC59083185DF5D3BF6E76B5BCDB99,Cajamarca,Frecuente,2026-03-26,6,1
1003,1001,C-01001,D1E3752B42893DBFA725FB8B78663BB30DB1EFA9F9206BC289E009B7A535E741,Cajamarca,Frecuente,2026-02-07,8,1
1004,1002,C-01002,32EA2BC8B7AC655510A554BE6DF3C32DEDBDAE40DB6EA88CF91EFA050C1E0F90,Cajabamba,Nuevo,2025-09-07,13,1
1005,1003,C-01003,28742DD98AB845B911D6FE08B69BB54114F639CFDDB2ED2FD08B62AB58827DC2,Cajamarca,Frecuente,2026-03-16,6,1
1006,1004,C-01004,CFB46422E8020206D489615FD772F92C2C79FF25CDB42C7C7AC9860499A95B16,Cajamarca,Nuevo,2025-08-02,14,1
1007,1005,C-01005,8736CD39C5AA0A0558850D966B94FDB3BC278494BD84396828853CD66AEC8BEB,Cajamarca,Frecuente,2026-04-05,6,1
1008,1006,C-01006,081E826F99EBC562DA0FC534B94F08D272E6D45B21759DBBAD6ECA22B1B27B33,Cajamarca,Frecuente,2026-08-21,1,1
1009,1007,C-01007,50B1AACEC04A3FC8F63DF21DC5E5CFD45C680FB6BC5785EE643A986A62F3527B,Los Baños,Frecuente,2025-06-10,16,1
1010,1008,C-01008,F653714A8C99B723589BBD35D1902A96E543C4389E825E72F2AC1D6621E0A323,Cajamarca,Nuevo,2025-06-03,16,1
1011,1009,C-01009,A1B5A5E92F0270860D8C6B4057683A029F929DFADB16B9109344BE2A12545A69,Cajamarca,Nuevo,2026-08-21,1,1
1012,1010,C-01010,D06669D1EA7D77063F7CA662D160883881818520AC6DDAFB64648C0878F9C4F8,Cajamarca,Frecuente,2025-09-14,12,1
1013,1011,C-01011,A869F139B59FC9220ECC79491A4E9A16E8B2449890DD5686005E0564B0ADE409,Cajabamba,Nuevo,2026-03-06,7,1
1014,1012,C-01012,31802998AD19AC5704C3BB6BF10C1817AD8AD17699D53F1EC15D092208B8E0C0,Cajamarca,Nuevo,2025-10-02,12,1
1015,1013,C-01013,E3B0E0E42F8C4896D2E2E9D6A7B614B59CA01BDC643E84015A7202A10B321323,Cajamarca,Nuevo,2026-02-14,7,1
1016,1014,C-01014,7CA64E04305FC3351F7F3590091041CEEB61DA5CC7028029C44158801854DA95,Namora,Nuevo,2026-06-18,3,1
1017,1015,C-01015,B6B3444AE612E7940AFDA1D0BF1A94BF4272C8355D0B124562F1FFB0D3DD5604,Cajamarca,Nuevo,2026-07-29,2,1
1018,1016,C-01016,C5838FDEEA7F54A26F6E67D3E112101706055A8AF40F734785A54C2D5644F68B,Jesús,Nuevo,2025-07-15,14,1
1019,1017,C-01017,80930CF0F06E660C54AFBE424FAFFE36C6155D07DA06EE1AAA4E6F6A9195CD57,Cajamarca,Nuevo,2025-09-25,12,1
1020,1018,C-01018,C1F7461C36F7CA818775BA4A2967C003D67180E481ED366BE73AD91B3EDE3343,Baños del Inca,Nuevo,2025-09-20,12,1
1021,1019,C-01019,9F98BE984469E7969AC5DD4AFC106431F15AA6C9778B2D9525A2958B5904EA04,Cajamarca,Nuevo,2025-10-01,12,1
1022,1020,C-01020,9866851CCBBCF4A5D271B691DB88FBC9A2AB8A02FD744CA56ADF11A0F9681838,Cajamarca,Frecuente,2025-08-12,14,1
1023,1021,C-01021,5CAB9CFA16B7F174758EEEF654C269AB764641F3798C51DD9C709148853155EF,San Juan,Nuevo,2025-11-02,11,1
1024,1022,C-01022,CC3494AD3528744DB654B39CA02C977848728B14496621E89E97EDD5ECC14FE6,Magdalena,Nuevo,2026-01-03,9,1
1025,1023,C-01023,E2B003EA4843466C6C58280A03BD65B162DE85344D4763192771918DCA7C2FE0,Baños del Inca,Corporativo,2026-06-08,4,1
1026,1024,C-01024,87BFE922E283E07FB29B64DA7245950CD742A3BCDC504730410E68EA888F7EB5,Cajamarca,Corporativo,2026-07-23,2,1
1027,1025,C-01025,2664B053BED6BDFCD14DE782BC884B31AD0D3CD7DE0F16F1EA5421506CB31797,Cajamarca,Frecuente,2026-01-22,8,1
1028,1026,C-01026,E752380279BCADADB1A2BB1C72A5A7D17325F2696C4EC3AC934818AC4E517BAD,Baños del Inca,Nuevo,2025-07-20,14,1
1029,1027,C-01027,36F8245FD944069FC4AC85DF56EBB9191A9259B28B2B1C056A8597BC16A9984C,Cajamarca,Nuevo,2025-09-28,12,1
1030,1028,C-01028,97F23E51AA5E8E31447C38B1FEA9B7D0B75858DB35204AFA51874261291243AE,Baños del Inca,Nuevo,2026-03-15,6,1
1031,1029,C-01029,8F8A24F7C6BA8917A65B36D6564580B94279C38B77E4DD89F945CF29894585DB,Cajamarca,Corporativo,2025-09-29,12,1
1032,1030,C-01030,67D05418922DE5EA75664F6A9C278E1B2FAB686A261479CD828573F9600036EA,Llacanora,Frecuente,2026-04-05,6,1
1033,1031,C-01031,2EE03D331694B045B5E617B89049133C13236C76658D63E34477B003F7356DC4,Los Baños,Frecuente,2026-07-01,3,1
1034,1032,C-01032,DBF87FC82FF3B5F54A16D7636B4AF54441954D9E8136CEBEB753FB648B0B43CF,Cajamarca,Nuevo,2026-06-28,3,1
1035,1033,C-01033,ABAC7148B0D541A9130EBAFB408FB441894DBED17E678BDDC381E41C79C46DE8,Cajamarca,Nuevo,2026-02-05,8,1
1036,1034,C-01034,8C5D8432617F5C9E30E4C344837E05C8B316BA48B791C2C58F322DBB25656ECD,Baños del Inca,Nuevo,2026-08-24,1,1
1037,1035,C-01035,C060275277CEFF4DB63DDA8A2765D17914E23E792354FE0EDA3E1DE2084E5C25,Cajamarca,Nuevo,2026-01-19,8,1
1038,1036,C-01036,1049D0B34462D3BE54F5415165613DD17393482B824753CE0529643FA8CA62BA,Namora,Nuevo,2025-12-30,9,1
1039,1037,C-01037,C0FA5F46F2AFEA7AF667BB39B006A3F88F446FF23BE1227F461FB871D23A3FE6,San Juan,Frecuente,2025-08-09,14,1
1040,1038,C-01038,CBF27AFF914ACA0C2648D8EEB598C7F8C5DB7273716EE2C1851BFC1292449D64,Cajamarca,Nuevo,2026-06-12,4,1
1041,1039,C-01039,19F2417FD1C94184991880FD1357613FBF18446E4971425747110C3F829FF970,Llacanora,Nuevo,2026-02-22,7,1
1042,1040,C-01040,0EC08D038F491B8D50791BA6262C8C6B6224B3128720CAF908730D724C236418,Cajamarca,Nuevo,2026-07-30,2,1
1043,1041,C-01041,0F95B8A3DFD93EC54F6DB1E0F195D9FC07DC770FC98BB62EED7E453A49F0B8E2,Baños del Inca,Nuevo,2025-11-07,11,1
1044,1042,C-01042,F760CE9512B001FA8523CC34025BA254C336B930050006A5A9C20DA6757BFEE9,Baños del Inca,Nuevo,2025-07-29,14,1
1045,1043,C-01043,1990C63E15709F87DAFE85F22E3276214996A658AB95183F7D30CDB7B3EE92AE,Baños del Inca,Nuevo,2026-06-12,4,1
1046,1044,C-01044,0A8DFDF889893F31EC803E6BD6A0BEFB98E581946EA11AFC14AC191FE263ACFE,Cajamarca,Nuevo,2026-05-18,4,1
1047,1045,C-01045,01C7CEDADD9238C62DCF1336378798E667323465D4FA84113AFBD3DFA1F03A64,Baños del Inca,Frecuente,2025-10-01,12,1
1048,1046,C-01046,BCD8995F6A69DE932360B9D12838174768278EC65C8567548C635C8E6CB4398D,Cajamarca,Nuevo,2026-04-10,6,1
1049,1047,C-01047,F16F866A6881B806F09BC61CF801AF78E55E6D3A02CF4BD290D9E9382B4AECD8,Cajamarca,Frecuente,2026-04-29,5,1
1050,1048,C-01048,CE1217CA93CE8C17E5E999A54F2D4DE887829E84AF3CAB385397BDE90C353653,Los Baños,Nuevo,2026-03-13,7,1
1051,1049,C-01049,94C6F002814633E05A5EC2891E215F9503FA269C05B0B2D7B540B6E0F6699E71,Cajabamba,Frecuente,2026-03-05,7,1
1052,1050,C-01050,5113B29623599304B3556C15F028F65192547BA1742E96865C1D443FCF627E95,Cajamarca,Nuevo,2026-05-17,4,1
1053,1051,C-01051,D00008B15309B36F8185FD54325304839190FB7DD7FB6F6F3278193E5E4DE1BD,San Juan,Corporativo,2025-07-19,14,1
1054,1052,C-01052,6F72D6FDF0CE3F81168525F6689AC1F608B11AD00378912F0EF352AFC51B2A98,Cajamarca,Nuevo,2026-02-09,8,1
1055,1053,C-01053,B93DEE06F39F4D4A1348A4B94B6FCE5B63D0B5419B4E792DD7307664E2BC4F46,Celendín,Frecuente,2026-04-24,5,1
1056,1054,C-01054,640C9099FA4BFEECAD36694498BF2DF1B63362E3B115A17C0D2F0DA13A267957,Cajamarca,Nuevo,2025-10-14,11,1
1057,1055,C-01055,DDE8C730955808458752E687F31EC7B274FC4B619932AC441252D89438CD9C40,Cajamarca,Nuevo,2026-05-24,4,1
1058,1056,C-01056,030ED88A5BC41C66FF451227AF99B36438AE30497E2637E81C0AA710C617547B,Celendín,Nuevo,2026-05-23,4,1
1059,1057,C-01057,B3F2B0AE93BE39244809631EF20FEFF472D8D9DDF88D0D712246B46A4A41BF14,Cajamarca,Nuevo,2026-03-14,7,1
1060,1058,C-01058,FBDAC7D2AA6DE4D673DAB3DF180EFEB26655227C487F40698063D4E4018A8B77,San Juan,Nuevo,2026-06-22,3,1
1061,1059,C-01059,9475E945892D85EC2F326F76501934FB17C532C3E68FF340AA0DE59362A90CA2,Cajamarca,Corporativo,2026-05-18,4,1
1062,1060,C-01060,1DCFF59E6C0DF1C4050D7064BA43A46CAFD79FE9FE55CA232147AD4B55F16BD8,Cajamarca,Nuevo,2025-10-18,11,1
1063,1061,C-01061,D0C77D1EBAFEE103EB6BD6B0118FD8D6102825AA4D90117049D3404603505A14,Baños del Inca,Frecuente,2026-09-10,1,1
1064,1062,C-01062,215AC862B98BC7EE794ABE763BFBC9D274C4253EDC5A0CCF58E23870163A6497,Baños del Inca,Nuevo,2025-11-19,10,1
1065,1063,C-01063,2A7319FE71DE4D3C3C6154564571BE0B496F3AEB43239FEC3705F60DAD17B8B7,Cajamarca,Nuevo,2026-02-21,7,1
1066,1064,C-01064,49CFAF0265A0DC279A9859489181C505ECB4B175DFD36FD6DCD1A1B8697CC89C,Cajamarca,Nuevo,2026-08-26,1,1
1067,1065,C-01065,A6F2725B340A117B8D7BADCBA8D4C49A119FF0471610AE41CE086991C2E3C0C3,Cajamarca,Nuevo,2026-08-10,2,1
1068,1066,C-01066,36B4546E1CC67457FB82920A489F40C0939CD3766A99622F915880C85FCDB98C,Cajamarca,Frecuente,2026-06-09,4,1
1069,1067,C-01067,78CF67FBDC63EEB144DEF4312AEE93A4B296B4A04BFF56763B94CE7FB2FA95CB,Cajamarca,Nuevo,2025-06-23,15,1
1070,1068,C-01068,78A87CD116BF6A06E34E7D73497E80F321DEA5FE39E0B3CB788AD53A2C4B26E5,Cajamarca,Nuevo,2026-03-14,7,1
1071,1069,C-01069,751EAED7F03476263182819C88377E44778288763E24761975477CFC034E72D7,Cajamarca,Nuevo,2026-01-20,8,1
1072,1070,C-01070,B6381CD264C5E9DFBAC45A97F951AA76B323B3A9134E850C42055CA6218E7780,Cajamarca,Nuevo,2026-03-25,6,1
1073,1071,C-01071,1066120CB6DFD0F161945DE692427FE5900649926EA157AD943A2946C24735A5,Cajamarca,Nuevo,2026-01-17,8,1
1074,1072,C-01072,4A6D6240CAF6322AEC862F55F2590A748C6AC222B81D835A991EC4759E34B3A6,Los Baños,Corporativo,2026-02-26,7,1
1075,1073,C-01073,3B226C463E4684EF7D4091912E7D660D23EF83E9655CDA0581DEA142E2A72794,Cajabamba,Corporativo,2026-02-01,8,1
1076,1074,C-01074,AB1FBA768484D5AA8944A6E2CA68AE3FC40D88D6DA4F9AD8552490C8F8FE556F,Cajamarca,Nuevo,2025-07-10,15,1
1077,1075,C-01075,EAEA32926F1F21A78E97ED9EC66D8A5772AF34093295C87992266A2C022528FA,San Juan,Nuevo,2026-09-07,1,1
1078,1076,C-01076,E28086915BDE21BAFBAE9B9FD2F66333748BE0C6CC5FAF0D2F7CAD7C31C4AD59,Los Baños,Nuevo,2025-09-26,12,1
1079,1077,C-01077,60B34B873AFD1A132517E615E239300FA2197FF89B181EE06D2FE3602F02D842,Cajamarca,Nuevo,2025-12-09,10,1
1080,1078,C-01078,0CE37CB3FE2665AD4D1DA67FE97F91996576E8F00D7D0B787DE8FF5A12AB41ED,Magdalena,Corporativo,2026-08-28,1,1
1081,1079,C-01079,DF489A6FEE80703529277BF3DD84527ED6C48CE4512E811660B308AF7A6B234B,Baños del Inca,Nuevo,2026-08-05,2,1
1082,1080,C-01080,B25997B8EE90A3140635173D0C7120DF3D21013DB147373A7F3876C8568AA4D5,Cajamarca,Nuevo,2025-09-18,12,1
1083,1081,C-01081,D915F99112D774D90032293BAEC4F8AAB4E704E58ABA97ACD0370FF92A47CB4D,Baños del Inca,Nuevo,2026-08-05,2,1
1084,1082,C-01082,3EF49021C74581313DAC39E8E9596EE4CF577102AC7A53D1EB0243186450B2C0,Cajamarca,Frecuente,2026-01-29,8,1
1085,1083,C-01083,E6B47E519D5F49933BC2DF4FE61C4B1CBD737374A7D34AB01E0495BE75DE7D25,Cajamarca,Nuevo,2025-09-25,12,1
1086,1084,C-01084,EF0F970073A03C924192C933FA10E0F6DC3AF09C96EE96F5BE1A9EE472EA3838,Magdalena,Nuevo,2026-07-28,2,1
1087,1085,C-01085,902E7223ACFF5F29648AD207CE56E597364E32360EA85C7A62C54A58B71A6370,Cajamarca,Nuevo,2025-09-03,13,1
1088,1086,C-01086,7F151A6EE3C9B546A95185B079F9F28F4017100680F3C0B0D4F9F97277BD25A4,Cajamarca,Nuevo,2026-06-20,3,1
1089,1087,C-01087,3B5ED36E03FD6F26DBDE52A251B9C305B076D7AD9382B3657AA836218C3E9655,Cajamarca,Nuevo,2026-03-01,7,1
1090,1088,C-01088,CC62DB158B267439D8FA7EEF6269F79D308217C131E0890087A061A84F3E9B11,Baños del Inca,Nuevo,2026-04-06,6,1
1091,1089,C-01089,A7E003DD7B54854376D6FECD1F2B8CDB12910BBB7E6AA2CCDE445963E5114EE2,Baños del Inca,Nuevo,2026-04-18,5,1
1092,1090,C-01090,434383BB5861E1A8369758F802CF4549888467BA85279A259E22DDFF7F881E01,San Juan,Nuevo,2026-01-30,8,1
1093,1091,C-01091,D03214AE78A802EAA21C0BF4137292793C1C6AD5D1FBD14F173D1236AFA5BC22,Cajabamba,Frecuente,2025-12-11,10,1
1094,1092,C-01092,32BCFF6CF561E46FCA0E80485317032609BB516E659C344045C1A515A5DA4F34,Jesús,Frecuente,2026-07-17,2,1
1095,1093,C-01093,03A29703C01B4A7F2C9E35310B9B6828908B27104FFBDCB8865E8A925B4DD7A9,Cajamarca,Nuevo,2026-05-04,5,1
1096,1094,C-01094,50296DBE2B2A1ACF1BECB67894008B2CCA0303D5EA619D42403C0F6FA4025A1B,Cajamarca,Frecuente,2026-05-13,5,1
1097,1095,C-01095,A3277237866A55D51453C966E5A202E53D2E95AD3CCE4E12F75C9ADCF0149C4B,Cajamarca,Nuevo,2025-12-25,9,1
1098,1096,C-01096,00CAF2093C644F1E7C51AEE0FD30C854A2EBC997A5A56D91E6E99474B3CE4148,Cajamarca,Nuevo,2026-04-21,5,1
1099,1097,C-01097,C374CD1AA31A2E369927E3C7237C1E3E5026925246569968A9FF53B0D982A777,Cajamarca,Nuevo,2026-09-13,0,1
1100,1098,C-01098,51F5457E345A5ED6853D48F4FBF559A0E01B69E754C7C0FADDF91438ED454713,Cajabamba,Nuevo,2025-11-10,11,1
1101,1099,C-01099,54A531B28162BCF34A370CB882A3F4F81C26545EE0A409FF570A34465C5F1217,Cajamarca,Nuevo,2026-01-02,9,1
1102,1100,C-01100,6F072E60D041B685DBF0DE94FE6EE121588A2B735F1206B377B82A4AD6515286,Baños del Inca,Nuevo,2025-10-02,12,1
1103,1101,C-01101,E50A5B858615403FB8C843CF45E6DE5F684A7D02D219DD2079BF8DB83D54E08A,Baños del Inca,Frecuente,2025-08-13,14,1
1104,1102,C-01102,A5FF78E30E70510AD677CF7D4EADD45AB05F9063C44B254D2F126660D761914C,Cajamarca,Nuevo,2026-09-09,1,1
1105,1103,C-01103,B1689710E6AD28FB00CEF7CFFFF5440A99BAFABFD49FE19A4341C4BB384402C7,Baños del Inca,Corporativo,2026-04-25,5,1
1106,1104,C-01104,3A599FEE36BAF34662424C766DAFB7E776E009A83F99EDF54A1A241EA2811794,Cajamarca,Nuevo,2026-08-15,1,1
1107,1105,C-01105,E173BCB45222C921397C946A1A8A10F6FCB450D528E5265AF08E935D7C6BC39D,Llacanora,Nuevo,2026-03-11,7,1
1108,1106,C-01106,4BE8E98CB7E6A8CC07534672748DB2314A8F2D1C27B49D7D55D9D0B8752AE0D1,Cajamarca,Nuevo,2026-04-15,5,1
1109,1107,C-01107,C55E7477939E476EC645338753914AFEBFD29F668E6BAA03CC189304A1846685,Cajamarca,Nuevo,2026-06-30,3,1
1110,1108,C-01108,1D06E7F3DC17B3245C26C5EB08A997ED8C1A1D97590201F00FCFAA28EA021249,Cajamarca,Frecuente,2026-07-31,2,1
1111,1109,C-01109,7313281340EBDA49DD30466399B622B6EB13F3492AEEB359F7D139D00ED822A0,Cajamarca,Frecuente,2025-07-25,14,1
1112,1110,C-01110,393EB2FCE73A47A0E0F823BBF6591831128EF25797571F9875AA61F8AC4C2A92,Cajamarca,Frecuente,2026-08-17,1,1
1113,1111,C-01111,746DC8B50DABADC1B8199B889D74BFCC3ABA4CD46DE735F027D96F8A97F8E559,San Juan,Nuevo,2025-10-09,12,1
1114,1112,C-01112,22678CDE03BD890CDCF9880BC9798BC337F2A94AC7E1F62BB06F71A44A302917,Cajamarca,Nuevo,2025-10-24,11,1
1115,1113,C-01113,72697E93DF04B6A7ED683941892C250CEDCCFACB04CB17B2BACDC0C22FE8EA21,Cajamarca,Nuevo,2025-07-03,15,1
1116,1114,C-01114,3C6C32DB63A885A327E78F09A17DDE9B9CA22C15234D1CF5F2C8CC99E0488A92,Cajamarca,Frecuente,2026-05-26,4,1
1117,1115,C-01115,01F4225AB8E7DBB1EAC1E7E96DAA2F91AB9E0E67DB31124D5C43CB5C1F3FB690,Celendín,Nuevo,2026-08-01,2,1
1118,1116,C-01116,E9B21D7B55DB7A9BB765EB4E9ECC5F2CF8ADF0C8E957DEBE27A22A2E85755949,Los Baños,Nuevo,2026-08-03,2,1
1119,1117,C-01117,75962BB81A38733F81A4F0236D63FF0AD84E0F3C7B8BAA35ABD91429265CD655,Cajamarca,Nuevo,2025-08-01,14,1
1120,1118,C-01118,FDDF5C2AE1990899697278B3B02DE168672D9C46B75A650049B290ABC97BDB94,Llacanora,Nuevo,2025-08-28,13,1
1121,1119,C-01119,0AA6462139DF49D71CB840ABB9C5CCBEE84E0D33A7446C4C8BD1489920D9171F,Cajamarca,Frecuente,2026-07-23,2,1
1122,1120,C-01120,F8576C3DE8C6ABCC5AFC56DFFBD763437430407F0873CCCF34E773220DD90072,San Juan,Frecuente,2026-03-03,7,1
1123,1121,C-01121,9CBC91D30F456B60EE2EDF3E1F4BED19C268117C57236FFB4C5AE246BA808169,Baños del Inca,Frecuente,2025-06-06,16,1
1124,1122,C-01122,8809556332835B9E3113D18EB3620DC66AE2C6C17FD5D71B6A9D1ED5D8AAC10D,Cajamarca,Nuevo,2025-11-09,11,1
1125,1123,C-01123,D9C88A7450326C0FDA25F2C2963D7B041DF0636F83D8124567152D5C166D20C0,Cajamarca,Nuevo,2025-12-06,10,1
1126,1124,C-01124,4E39970BC45477531440E171CBFF704C4A20062D75F62AC6F6E55BA3BE3381BB,Cajamarca,Frecuente,2026-03-08,7,1
1127,1125,C-01125,5373D65F370488B0382E9A8313678A6E91D72E8061D8A7EB22D8D60CDAA1EE84,Cajamarca,Nuevo,2025-10-07,12,1
1128,1126,C-01126,8E90FDFB393E0ADD6C46FE31D3DA50EFD4FD9D346B6D0699F469C0542DDCFE4E,Cajamarca,Frecuente,2026-03-04,7,1
1129,1127,C-01127,C3E161D2FB7EE9FE5189517A3955350939EC8E93EFA69B6CD2CEF053DA1D7489,Llacanora,Nuevo,2026-03-07,7,1
1130,1128,C-01128,295495DD6D47F4670C808F67A213553FD6A8FB11D134D9F979471DC1838A1FFE,Cajamarca,Nuevo,2025-11-01,11,1
1131,1129,C-01129,21BD8C0C6511FF8C1221793358A105CD49891AD4808EE450E80B231997707BA0,Cajamarca,Frecuente,2026-03-18,6,1
1132,1130,C-01130,1066D992B4672FCF5E73181FB16D12D53C47D15E8960D9779029222436476C92,Cajamarca,Nuevo,2025-10-10,12,1
1133,1131,C-01131,50FDE85EE7B1E64CBFFF756BEE6B778BA169D89B3D569D29E369714992BF3608,Baños del Inca,Nuevo,2025-07-02,15,1
1134,1132,C-01132,30DE2187C88A0BDC9BA24999B75995EAE30061B774D3B2FA99F4249F446BA2DB,Llacanora,Nuevo,2026-05-09,5,1
1135,1133,C-01133,317CCD46D9B4BB7F43210BF88F5F267EB8C59F9751B00B0B142BEC075FC23935,Cajamarca,Nuevo,2026-03-30,6,1
1136,1134,C-01134,78DB4D1911E148C9CE20DD7ABA5D55A2EA3EBBB835D3589ED0C1F76BC8229F2B,Los Baños,Nuevo,2026-02-12,8,1
1137,1135,C-01135,ED61D16DDA3A30F5C7263C40C52057AA858A991E97296D2DFF019329A1E8BC6B,Los Baños,Frecuente,2026-04-22,5,1
1138,1136,C-01136,6B2A32FEDB34BDCB6B17888D55CB6A937D844EA550C3F7974DBC82924D8899A3,Baños del Inca,Nuevo,2026-03-17,6,1
1139,1137,C-01137,F5D4C7164FDCE967300170889C9E7195C595B8BDC7704626FB7F4733472509BA,Cajamarca,Nuevo,2026-07-03,3,1
1140,1138,C-01138,3AB4BE703189B5EAA8C9594AECBC328104942ACCE2B26EBC16D5E78A52020101,Celendín,Nuevo,2026-01-27,8,1
1141,1139,C-01139,00308A94CF078A18C10A9FAB2D4FB43E66A2A0EFE4AF5E6D75E01EDE2BA22D9F,Baños del Inca,Nuevo,2026-05-13,5,1
1142,1140,C-01140,7C5E289F4580F4E218B9693322ADC3011A4572FDC368956B05AC0DA53742E56A,Cajamarca,Nuevo,2025-08-17,13,1
1143,1141,C-01141,AB2A93E3BCF550877712EB8C49B157922256FB7C27AA983F40517852CDE22374,Baños del Inca,Nuevo,2026-01-19,8,1
1144,1142,C-01142,2E88D43915429DAD84C24B461112AF02A09EEE82C49A54A4C196C95B58288CAE,Baños del Inca,Nuevo,2026-07-20,2,1
1145,1143,C-01143,456A2219A903D0DB1E3B6C0DC163414250C535E211E4C1E067A9647CC4FE4FD2,Cajamarca,Nuevo,2025-08-16,13,1
1146,1144,C-01144,708CC8AEEBC88CB254BDE7FF92E60D28BC40B6DEB338A03E46BF7720D1C4C157,Cajamarca,Frecuente,2026-05-06,5,1
1147,1145,C-01145,DC19BECA37C631E98FD165E9D460218D3F625A4A022B862F90F94124D12EEA72,Cajamarca,Frecuente,2026-03-17,6,1
1148,1146,C-01146,88FABD00B0808868B9116F9FD728BBC5C5CDE8029E8AFABC994B4E211BA146B7,Magdalena,Nuevo,2026-07-15,2,1
1149,1147,C-01147,5999DC1F265035868471AD159F27A06C97CBFCFD50A6F075960251010396AA2E,Cajamarca,Corporativo,2025-09-01,13,1
1150,1148,C-01148,34BCCDBD983E3A8B4E5B857B97F38E7ACE5ED4FC1BF4190ADFB1DB458A59DC5C,Cajamarca,Nuevo,2026-04-29,5,1
1151,1149,C-01149,4A89B8156201C1F098D922F0F15B4E14EB7DF6DE29561EDA34E8787F1B42343F,Cajamarca,Nuevo,2025-06-08,16,1
1152,1150,C-01150,055437F55F38A79AFBA5404E1950B0CE5E0B87E4C72D966F9BD38B5084C118C3,Cajamarca,Frecuente,2025-11-15,10,1
1153,1151,C-01151,ADF794ABF21D5BFD88CEBE7B06A8F37E0FDC9646BC77BD816381AE934F2F7D1E,Cajamarca,Nuevo,2026-07-30,2,1
1154,1152,C-01152,9A888D7C225AC60AA60B88D796E0610F56312600D58AEA3BCA1074105A61348E,Baños del Inca,Frecuente,2025-07-07,15,1
1155,1153,C-01153,E88A4E722DFD476B3C1D39AEEFE65B84B076C2F7D9E8700596F0C68642AA0F9E,Cajamarca,Frecuente,2025-07-22,14,1
1156,1154,C-01154,D748AB4745AC9405BE8A8DEAA3141BD0CAECA2E6EC37470C3927B5E4A9E09A10,Baños del Inca,Nuevo,2026-02-01,8,1
1157,1155,C-01155,06DEF7D1E858CDF9D8F5D2D9192EA05789CEC5D1B16EBAAFCBCD3347B034CE6A,Celendín,Frecuente,2026-04-14,5,1
1158,1156,C-01156,F72C000876FCE473FBD770FB34F20D7FA353D3EC16BB570AFECB09A0CB1151C5,Celendín,Nuevo,2026-03-18,6,1
1159,1157,C-01157,A074168A18D509677B17C0748ADAC97C2BE846B2B7964166F0C1C8472181D6DA,Llacanora,Nuevo,2026-05-30,4,1
1160,1158,C-01158,45ABAFB8D92FA9697E9734D66C766D9BE59B77B10884A08148B3145DCCB91111,San Juan,Nuevo,2025-09-22,12,1
1161,1159,C-01159,5131932C44BA1290B33FA2A33126B622E4F0FF5B3A6B3B1156A8F7103A3BDD50,Cajamarca,Frecuente,2025-09-27,12,1
1162,1160,C-01160,5F8C5BCE00A11383D7E2EE4E3624FA86FA2826D4E18256CB4D1A936275087B57,Cajamarca,Frecuente,2026-04-23,5,1
1163,1161,C-01161,33D8B32A7934705338E49DC0FCCFAB494BE7ACBC20AF4E64A18AFD1A4BE97F5D,Baños del Inca,Nuevo,2025-06-16,15,1
1164,1162,C-01162,400F8FAE155D1EC0C18EBDD488F841B3546260EAC5A85F0C3D33ECCED9835C21,Celendín,Nuevo,2025-09-19,12,1
1165,1163,C-01163,164371437A8716A71C1C5D3E2C7115BB8848B48CC3889EFDA8E518CAA0FB482C,Cajamarca,Frecuente,2026-03-04,7,1
1166,1164,C-01164,DC5F4298A37EC0A217F977578783BAAA53B935F4789FD3BA8FEE98540E1EFE2D,Cajamarca,Nuevo,2026-06-22,3,1
1167,1165,C-01165,98AF200DBA7F938092688E02AA4B50A703C37BCC31C4473BAA570C2B6051F55C,Cajamarca,Nuevo,2025-09-12,13,1
1168,1166,C-01166,755CFF046D18B56E44F07D07243EB3243AC2AD357BBF834685EB21D72E278A64,Cajamarca,Nuevo,2026-03-07,7,1
1169,1167,C-01167,534FE244381E02A25F9DED3BAA3179430B4D8AD1FAE1EFC1AB641907FE56926D,Cajamarca,Nuevo,2025-06-17,15,1
1170,1168,C-01168,A066E58BFBDF54671D45A84C457BC8E7DEDE512DC08146FAC8BB33AEA4EFD6F0,San Juan,Nuevo,2025-10-13,12,1
1171,1169,C-01169,A24EB6C5187A60731AFA6F13A86625B40F25EF391517907FDFFF6F3ECB908657,Cajamarca,Nuevo,2026-06-28,3,1
1172,1170,C-01170,1CB6EB88292BC50C62CAB10F1FC396825B2B80950305494C2A85F5DA6A56BEEE,Cajamarca,Nuevo,2025-10-08,12,1
1173,1171,C-01171,447D376B8CA008B592E361091263915576C770274AE1CAE855DED60CB8351900,Cajamarca,Nuevo,2026-07-11,3,1
1174,1172,C-01172,4DCE6CB20F0304CD411570D14EEC3570B49E2FD3964E4BC7F958E24315E7305D,Celendín,Nuevo,2026-05-18,4,1
1175,1173,C-01173,3905DAA41458C689F1AD820DF6E60E270ACF979DCF2B87C67E5E11621ACB611B,Cajamarca,Nuevo,2025-11-07,11,1
1176,1174,C-01174,139E35C15196178369C0F20E09A8D13B086F2D16B0E000D427195D11964A3478,Cajamarca,Nuevo,2026-05-26,4,1
1177,1175,C-01175,79D350CDF4C701A243D328180F2486C532DF5D6CD0CA949DF094A6E88830D4DE,Baños del Inca,Frecuente,2026-05-08,5,1
1178,1176,C-01176,6AA1ADD8CE8E1703EF0546C77A75CB076C1948F5478AA456554C029B816819A4,Magdalena,Nuevo,2026-07-08,3,1
1179,1177,C-01177,D2F9A139708B15C25B37D8223D3A40DDFD918F32475EE8FBDBBA13D50BA3114E,Baños del Inca,Frecuente,2026-05-07,5,1
1180,1178,C-01178,C454F3BAB9FA1528A228BD55852D0D944B03ABF613670919ACB3C7E364AC7FF5,Cajabamba,Nuevo,2026-08-12,2,1
1181,1179,C-01179,D0CDBD2FC7091EC356ABDCB54845EBF942A6A442AF100A00FE778E7079DB6961,Cajamarca,Nuevo,2026-09-03,1,1
1182,1180,C-01180,D89DF92CD2EA6225AF10FFE4BF0B356A982CCDB67A88FA7381063979CCDEF8AA,Baños del Inca,Nuevo,2025-12-20,9,1
1183,1181,C-01181,D5950790675646452FD8D2F197B07005DF2EAE1FF4C323030BA04D619CFD6DCB,Cajamarca,Nuevo,2026-03-10,7,1
1184,1182,C-01182,F9C4CB6A4D5DF9166E8C87D965DE995539AB237224FAB1E2DCD0DD15E565A419,Baños del Inca,Nuevo,2025-11-10,11,1
1185,1183,C-01183,5E3A95A30DE1E13DF0A7E1F666B6172EEF0EDCF36149ED6CAC554E4016939246,Jesús,Nuevo,2025-08-11,14,1
1186,1184,C-01184,F6377D65AF6222A33B9F5E744C82F93C55C31BF420A0CD4AC1455FD433DBA10F,Cajamarca,Nuevo,2026-08-08,2,1
1187,1185,C-01185,2D9D6AEDE9E07793DF35CECB6D5D4D570586FD6DFCC846C8FB4B62FEEF4C61E2,Cajamarca,Nuevo,2026-07-14,2,1
1188,1186,C-01186,39D18299669E474490A57EF7AC7CAF5C96B98ACE36E5F015F51194860F96F5F1,Cajamarca,Frecuente,2025-12-16,9,1
1189,1187,C-01187,5490C8B16D22170CA4095C8A33BB8C0B583A60EE414B7A7DBCFA2F96DDFF3449,Cajamarca,Nuevo,2026-04-23,5,1
1190,1188,C-01188,10BECB49ED1E7F2983ACE958C90E70882DD70B9B30E6CACF7ACE93AD8C90704B,Cajamarca,Nuevo,2025-09-10,13,1
1191,1189,C-01189,7A85F43EAA82A09C26AA1E284024506578FE3ECAD719BD0A0FB9741CFED09F80,Baños del Inca,Frecuente,2026-04-03,6,1
1192,1190,C-01190,AA5BFEAE0E9BD622C5015A2A010FAC64070F484FD36E7289E08C0F52C6A0AD96,Celendín,Nuevo,2026-03-19,6,1
1193,1191,C-01191,B3EE60AF719B8444377FDBB524EE5EED3868B53AB53F7971BE3D320D74D082F3,Cajamarca,Nuevo,2026-04-05,6,1
1194,1192,C-01192,118FC16A3EE875D959F83A2AFE9D92D830F8767A176267B203C1A005CF79B05B,Cajamarca,Nuevo,2026-08-30,1,1
1195,1193,C-01193,2550C63AABBD50C324BC7A184C7009E3C0D1CCA40332D2E23D28810A75D9620E,Cajamarca,Nuevo,2025-12-24,9,1
1196,1194,C-01194,F76017EED074FFC6B5B90BF63E77C48269EEB018EF4418793952438413D0E56F,Baños del Inca,Nuevo,2025-07-22,14,1
1197,1195,C-01195,FD96ED7E00297538260F494BFDEF93EF664F9A6B19E6D3508E91556E459567EC,Cajamarca,Nuevo,2025-10-12,12,1
1198,1196,C-01196,E6E2D63BAEF15435079177CDB3F1C4EAC93B8D397E3F3B55700AB49DCF8DF99C,Cajamarca,Nuevo,2026-09-09,1,1
1199,1197,C-01197,38B0056C73BD02B665272AE0CB1CB6C4077AA4F519C87C55489DD826F3BC72D0,Los Baños,Corporativo,2025-06-30,15,1
1200,1198,C-01198,98BCBB6CF9B1D576EEC191BA8306CA3B69AC2F48AE8F61D7564DFC9AE45029FA,Celendín,Frecuente,2026-04-29,5,1
1201,1199,C-01199,42F8D7D08AC16DCB382F7F8C4E67EAD3B5FF0A05E09C77F6402497A1972B6FA4,Cajamarca,Nuevo,2026-08-02,2,1
1202,1200,C-01200,0C243062BC7B46ADE1ED8C661889AB7DCC23FDF73EA2C99085565A98317A643D,Cajabamba,Nuevo,2026-03-13,7,1
1203,1201,C-01201,4FE76751990FC12D4B257960E0CDD1C179221A4601501882D4538C7379177D0B,Cajamarca,Nuevo,2025-09-28,12,1
1204,1202,C-01202,F61BC8DAB612989FBE4EC2559107F7691F97CD991FA974875AD724F994AA6581,Cajamarca,Nuevo,2025-09-18,12,1
1205,1203,C-01203,916E2F8ED765675E86AF80ECF716CD7814D59CB39D36C3173E59A79583FB80DE,Magdalena,Nuevo,2025-12-11,10,1
1206,1204,C-01204,8C61EA16826E8DFF916AD881C8FEB5E77DDAE0EA69811E06FA546DD1971FAD01,Cajamarca,Nuevo,2025-12-16,9,1
1207,1205,C-01205,47B7400683F456FE11A6A494F65562708030C61EC81D683C7C89665FF254F07A,Cajamarca,Frecuente,2026-06-24,3,1
1208,1206,C-01206,0FDC80227B593081FBF9CFB9EE857EF598D025E009B01DAB244EF82DBA6693A2,Cajamarca,Corporativo,2025-06-06,16,1
1209,1207,C-01207,FA25A24A3A306AC6F91C46810679F7E6BCFB07547EA6A578C7481EC453FDAAD4,Baños del Inca,Frecuente,2026-09-11,1,1
1210,1208,C-01208,15929B47A947ACDDD19F3D6279CA1FA4431943163A9BF820F79914B19BC1A3BC,Baños del Inca,Nuevo,2026-07-20,2,1
1211,1209,C-01209,ACC27F0A8AE44AC8286E3E11CB76812AE7C66AC0307F6251367F890FDB91CEB3,Cajabamba,Nuevo,2025-06-29,15,1
1212,1210,C-01210,967B5657213C69D0689DFCA55F7B82803CB3541A20A935BD2886C6174F0DB768,San Juan,Nuevo,2026-07-25,2,1
1213,1211,C-01211,530923B93C6C3EEDBE1E112BA30687C81C97E9ACEE449095AF8FF57B4D628274,Cajamarca,Frecuente,2025-11-05,11,1
1214,1212,C-01212,8E82C46978371B2924F0CC41648CF24EE785315059723E21591B98A251B41610,Llacanora,Nuevo,2025-08-22,13,1
1215,1213,C-01213,B48A748BCF1685A3CB47DED42CFAB3F094142360C047AF80DED7164C0E817931,Baños del Inca,Frecuente,2025-07-11,15,1
1216,1214,C-01214,79DE246A30AD1A3A305785BC1ADD97859719942239F2AD9B291267A8325A8E9A,Cajamarca,Frecuente,2026-05-21,4,1
1217,1215,C-01215,61C5362546F42AD6BE25DF142D8641E21A70199B91F145CE5402B2B44118A67A,Magdalena,Nuevo,2026-04-29,5,1
1218,1216,C-01216,2BDEAE9A4274FADA04A949BFE4B1E13006A3B2A233B8949B8A2400662ED5EDC1,Cajamarca,Nuevo,2025-06-12,16,1
1219,1217,C-01217,A846B9B3F1BE012247218F70A9B570872B810728420FA1D6457F3BE7B6BD9301,Cajamarca,Frecuente,2026-01-08,9,1
1220,1218,C-01218,2B88C031D8B0DEB40D1532CEF67D6E6AAA6EC933CF64FFE8564EF2F2118071E2,Cajamarca,Nuevo,2025-10-14,11,1
1221,1219,C-01219,F56826EFCF63DC8A16593E372C6E75145E1BA0E6C4F8AD23398DBBBD3F6DC5A7,Cajamarca,Nuevo,2026-08-01,2,1
1222,1220,C-01220,1657DEE26A36F26E4A4B132C31E8112721378BD527486DFF9C3944FE1C0F253D,Baños del Inca,Nuevo,2026-03-14,7,1
1223,1221,C-01221,1D2E0BBB48CEB5D27AA6E5193E1A7A190F480A7AF6299D129A1996E4221E4A3D,Cajamarca,Nuevo,2025-10-28,11,1
1224,1222,C-01222,109D3CB694FBF5AAC87B521E320C09494E2AFA823F14DE3F58C40FF2B3D250F7,Cajamarca,Frecuente,2025-11-26,10,1
1225,1223,C-01223,0A7AB9FA3F88E965070242945BCE38A16CD1D6AC69D153794E559FCED2F1080B,Baños del Inca,Nuevo,2025-10-30,11,1
1226,1224,C-01224,38A3CAD42EFCA3BED0BEB2043E64B869CB982F99F90AECB106191F5B13EB186C,Jesús,Nuevo,2025-08-26,13,1
1227,1225,C-01225,689C31ADF32065F9A02DCBAD21D9A568238D35EE8E5EFFF27E0631B7B8C034C4,Cajamarca,Frecuente,2025-11-03,11,1
1228,1226,C-01226,629D01B37681D8170576643E8467617E30C1A410A5A7F05281CC251C24E04776,Jesús,Frecuente,2025-09-28,12,1
1229,1227,C-01227,DE04576E01ED87EB89D96DC19A942EB231080E8B6237D16793900B577359689B,Cajamarca,Nuevo,2025-08-07,14,1
1230,1228,C-01228,8BCC13F363F7847BCD58736AA7BF679D4BC085392B9F44479106EC68771FCEA5,Cajabamba,Nuevo,2025-06-17,15,1
1231,1229,C-01229,49719D3A133754DE4CDDDDA0093E80747426BD8E0B2C5022E77F30250C736618,Cajamarca,Nuevo,2026-03-23,6,1
1232,1230,C-01230,3269ECBB5067863500F49E66691D5E15FF2367A1776E5A1B56A17F4FB58CA136,Cajamarca,Nuevo,2026-03-25,6,1
1233,1231,C-01231,A88F520366D005D84A105311B62CD8E427D47EB3994C93952047769DE7BB4966,Baños del Inca,Frecuente,2026-01-12,9,1
1234,1232,C-01232,596C4CDC208210D9B4909D89D6D987F1F85DF8A770986CE724F6DA01646A755E,Jesús,Frecuente,2025-12-17,9,1
1235,1233,C-01233,5D05FB6297988DE30BCB75598449D62A2EEFF52D891C66BB37DB5533E8D0A9CF,Cajamarca,Nuevo,2026-08-20,1,1
1236,1234,C-01234,803890EE926A922119E36641C6240093751F143D5A93758A49D9B1820BE5A06A,Cajamarca,Nuevo,2025-09-19,12,1
1237,1235,C-01235,C05E2C5DD15208F6FA44C7D8D7DA439D80E25AEC620299BA558D7F3DB9CB208F,Magdalena,Frecuente,2026-08-28,1,1
1238,1236,C-01236,35C9B6CFC02DEAC6CDCE822B15215E19739B722AC15102EE00AE5A0B17B9365E,Cajamarca,Frecuente,2026-06-18,3,1
1239,1237,C-01237,3F9B8C60829AE1B0C987F0A6904BC13EC10A438C44CD69AABEC7AE1242526B56,Baños del Inca,Nuevo,2025-12-02,10,1
1240,1238,C-01238,D1096D32A284F5EBC3C5790C947C3BAFA8D90BBEA8A57283D859BA0761070939,Baños del Inca,Frecuente,2025-11-29,10,1
1241,1239,C-01239,53DD0A18C34E277D403D41FE47FEA0C71576D06ADF40C7AA717B47734910190F,Llacanora,Nuevo,2026-08-03,2,1
1242,1240,C-01240,0F2CB6358C70D41F67DAAD916FD465ECA50017E0F9753FA87341432BE9F5A451,Baños del Inca,Nuevo,2025-11-11,11,1
1243,1241,C-01241,D04BCDAC0454866D0BAF2B4FB259C3138DB5B5D9304D77B4CBB590F6619FEBE3,Cajamarca,Nuevo,2025-07-05,15,1
1244,1242,C-01242,115F96F34AECC23E1743FA93D57BAA573E4D4B04697B0FD42F10B7C68BFFA9E6,Cajamarca,Frecuente,2026-06-16,3,1
1245,1243,C-01243,64DEC510ABE5B3EEC5FAB08DCC391DFC433A2C2DA2F829B2AB4B2CF2F3F3BB58,San Juan,Nuevo,2025-08-28,13,1
1246,1244,C-01244,EA4716F0BEA6BD00736E0F4363AC2B4B2A956020E0F820D905FBF61C12BFF413,Cajamarca,Nuevo,2025-07-22,14,1
1247,1245,C-01245,CA26C6E4DEDF7B73332B7609C3EC2222EAB40866AD47064FB857F26731D94EC6,Cajamarca,Nuevo,2025-10-15,11,1
1248,1246,C-01246,26C4237B3C7D200AC119B821E45219436FEA4D6C1D4CC31D1D646658B168913D,Cajamarca,Nuevo,2026-05-24,4,1
1249,1247,C-01247,2E4C4B2408EE19892943FA25240B2D97A5B8C240ECFB371644D16C376317CC13,Cajamarca,Frecuente,2026-07-12,3,1
1250,1248,C-01248,840E45FBD40DADE85C1C2D1FF04BCD483AF37E5B34C11B9E16FD2B1BF5FA1C38,Cajamarca,Nuevo,2025-07-12,15,1
1251,1249,C-01249,EB61F64A0314F1D7DAD4821C4BEF8EF8A935268E4B7DF683F0542A3660D8BA90,Cajamarca,Frecuente,2025-10-18,11,1
1252,1250,C-01250,46FAD084421B8C19CA81EFF1710529636EF217922F69E6859958FDC7C4B75CB2,Celendín,Nuevo,2025-08-11,14,1
1253,1251,C-01251,57FF341B86B008D0359953C05E7AA424F2B80141EAAF766D4AB3B3B4379DA535,Baños del Inca,Nuevo,2025-08-20,13,1
1254,1252,C-01252,F86E9F6712A85F2C5575895919EFC7D171393778B05646925B5FFE9F5E6B6830,Cajabamba,Corporativo,2025-08-10,14,1
1255,1253,C-01253,FD9B8D77A8288129743B4CBEF57B896F3C6AA6D8E8A549ECE9CD5503CD7C431D,Cajabamba,Nuevo,2026-08-04,2,1
1256,1254,C-01254,CEE25831F882D9EF64C6BEC0C69F273AF75DCFF5B8523D086F61D542C11D43D9,Llacanora,Nuevo,2026-07-27,2,1
1257,1255,C-01255,4EDCB5D634AD95BC6EAA7BF02BD570A86C5CECD098C18DDF413EBB16CC42988B,Cajamarca,Nuevo,2026-04-20,5,1
1258,1256,C-01256,7693EDAD5B7E23291B527170DA0581C89A2F4E5D3FD7F724435BD9A75FE49242,Baños del Inca,Frecuente,2026-01-05,9,1
1259,1257,C-01257,8AA661324839577454519AE903C2C95E103509A10FA5D7168940C8085EB62100,Cajamarca,Nuevo,2025-10-08,12,1
1260,1258,C-01258,7AA11F84F48F08BD95C9822408741EC6654E6A60020AAE9816E2E023610065F9,Baños del Inca,Nuevo,2025-07-21,14,1
1261,1259,C-01259,BF71B3581D62C0522B6057E82A24CEAEF614570D62F2C1608ACFCAABCB340FFF,Celendín,Nuevo,2025-09-01,13,1
1262,1260,C-01260,AC110563189BEB81D326C04D86DB028D6F285B37B8219DCF834BB3F6E7C6E9DA,Baños del Inca,Frecuente,2026-08-22,1,1
1263,1261,C-01261,C564250C0F77593B1EB1A8425FAF714F0B052F80651A9AB13180E2451A775DCF,Llacanora,Nuevo,2026-04-11,6,1
1264,1262,C-01262,8EA65C11A86ECAEF8212E5D507F17AA8E9A77C883A22C7FCFE7607EB70FB8C00,Baños del Inca,Frecuente,2026-01-28,8,1
1265,1263,C-01263,D95EC34FD429E41443CA747DAC28A6ABBDC8BB93D8FB39B20926C6F38AEA889B,Cajamarca,Nuevo,2026-04-11,6,1
1266,1264,C-01264,8174BC5B4927C59A7896C16943A0C4648284E4D057CF7DACA5FC3EF0FDB3A4C9,Cajamarca,Nuevo,2025-08-31,13,1
1267,1265,C-01265,9B34652340852281253DA0E3CB3A57EAF1DBDEBF54BBCB3ED895296472F2A636,Cajamarca,Frecuente,2026-01-05,9,1
1268,1266,C-01266,CCD27ADD8F0998C186A62CAEFD5EE7CECC1CB920728B2F8075F8A73A8258369F,Namora,Frecuente,2025-12-07,10,1
1269,1267,C-01267,CDA68B66A3F6A287F0C0A3A9D2C55147E1BDF4206D9E9EA14F2922534AE1DB11,Cajabamba,Nuevo,2026-08-14,1,1
1270,1268,C-01268,8F6D9EDBEC7E56D00BF3DA46C209099CBBD892A2C3450BF5E9284F707ABA8B9D,Llacanora,Nuevo,2025-07-26,14,1
1271,1269,C-01269,766581A0BF3C5E0C1063CB251B34846F44FA6C988B31AED26C6424E3A8E4C3CA,Cajamarca,Nuevo,2026-08-21,1,1
1272,1270,C-01270,100E83AEB68F3FDE8D22356F1C8D613EABEA0485B27CD30CA4044727E1700FB3,Cajabamba,Nuevo,2026-03-04,7,1
1273,1271,C-01271,B04FF07BD1A5734E7551A3CB3DDB607D0D9E8A9520640399E59701BF8385AD8C,Los Baños,Frecuente,2026-05-31,4,1
1274,1272,C-01272,45A44E5F8E7C8E24E2938521E64D252098A5474A2127B89841D2E210E54B21E3,San Juan,Nuevo,2026-03-26,6,1
1275,1273,C-01273,30422BE62EE88CDEC3AC2DEE4B9344099BAE50996D29685864FF3C31F567B1E5,Cajamarca,Nuevo,2026-07-16,2,1
1276,1274,C-01274,BD3513FB7735AE820947EE6912A29F4E0F67CD0C0ABB787FDD88CF1127E601C4,Cajamarca,Nuevo,2025-08-31,13,1
1277,1275,C-01275,00F4A1D739361014DD559FB32C0CFAB4945000744BB8A9D1C27E737924B0DA12,San Juan,Nuevo,2025-12-12,10,1
1278,1276,C-01276,F3013AD4D23587AF94B3FF8F3C9338FE237A029F91B03C6292D22612641BFBD4,Cajamarca,Frecuente,2025-08-27,13,1
1279,1277,C-01277,9C95D74BD2B4D743E38293CAB42C1D1D00F58DCA02CB698E4BF4820E29F8E88D,Cajamarca,Nuevo,2026-03-18,6,1
1280,1278,C-01278,FDBC561DA0721FB0A32FD34E8A8D40CA58EF7E7E39B647D60D90AB255952DBAA,Cajamarca,Nuevo,2025-09-24,12,1
1281,1279,C-01279,A7A986C8F1D4B293F5E33F370A67C290FF5163EF89A77DF2E911FDC3770AA1AB,Cajamarca,Corporativo,2025-11-24,10,1
1282,1280,C-01280,FD2F8ED31AD55C23D94FF178E9F6920F89BEB56AD4AAC7133700EE68BF4F6F98,Baños del Inca,Nuevo,2026-09-05,1,1
1283,1281,C-01281,E1A7C27AAE5E5539F4D2D347E0E7F7A9FB5FD1E082258FC8093DF42D7892E345,Jesús,Nuevo,2025-10-01,12,1
1284,1282,C-01282,F5E24B70E563789A9A672243E9BC4CA4738B60D3A64CCBFEC615F8272CB0A691,Cajamarca,Nuevo,2026-05-24,4,1
1285,1283,C-01283,37EC4E9CB0E60F03DC3B42B6B2084A0F1EA25BFCDF50EBCF747BA3A11E75085A,Cajamarca,Frecuente,2025-11-03,11,1
1286,1284,C-01284,24483059A68D2CAA04DA77195083664AD58DA4070865786827A8C024721C5B69,Baños del Inca,Corporativo,2026-04-27,5,1
1287,1285,C-01285,1E3A3A2F56301DC65A0E9AC25D483D5AC6784332A894CA5C2CC6E99135431EDE,Cajamarca,Frecuente,2025-11-26,10,1
1288,1286,C-01286,79CA4F9744553217F82892DAC8CF9982F776C107A8F125AAD9D09DB13A25658D,Baños del Inca,Nuevo,2025-09-21,12,1
1289,1287,C-01287,8D02C887BB2251CAA3B9D2026EE75BE1D9D7403AE6B178F49A592EC5E037DF07,Cajamarca,Nuevo,2026-03-13,7,1
1290,1288,C-01288,D02397FE855B542758693D12FEA3C7A0DCB6983B30B5ABC37BFCAFF7A434AB16,Cajamarca,Frecuente,2026-05-15,4,1
1291,1289,C-01289,01044F6523DCCADBE709D56B0CA141CB4597C5041D93FAA06B70F737B58E6E67,Cajamarca,Nuevo,2026-07-14,2,1
1292,1290,C-01290,AA554F0515C9F64B2063F100BEED3998D71918E27C8399A288C75A15B015B05F,Cajamarca,Frecuente,2026-03-22,6,1
1293,1291,C-01291,3ED355CB6850D8B88649CC34D1687681FB0AF1B38804A86300C50A901BA7AF85,Cajamarca,Nuevo,2025-11-11,11,1
1294,1292,C-01292,75A6A3765DAEEAF415A8043F5F79DCD90A50A00A582F7ED0BD27A2B5543A1D6E,Cajamarca,Nuevo,2026-07-09,3,1
1295,1293,C-01293,8D87B0EAB83467538C5F7658D36DA4BE0446BF8566EB570F4D735AC274961FD1,Cajamarca,Nuevo,2026-07-03,3,1
1296,1294,C-01294,B52DAF0ED612384D350248DD8E0240E219BEB0EE934146BF7F212FB3E5E03B11,Cajamarca,Nuevo,2026-04-29,5,1
1297,1295,C-01295,AA0306FA98BA5CD2A18656E66EAC88C1710CE8EC475ECE6361BCBB78FE7F6E12,Cajabamba,Nuevo,2025-10-15,11,1
1298,1296,C-01296,4D056FA4E623E736C14B1E1785C94AA406E0A276B2DCA26305120B58A3FB056A,Los Baños,Nuevo,2025-07-05,15,1
1299,1297,C-01297,A200795CD84616534B60F2CB6A6754FFE2E598271F0AFA493AD4B1E5B95A0B11,Cajamarca,Nuevo,2025-07-28,14,1
1300,1298,C-01298,A09DD5330F5D2D6FAF2AEB9DA9AFF387BD63AE571211D6595BE36DFAA81A30A1,Baños del Inca,Frecuente,2025-09-01,13,1
1301,1299,C-01299,BCB164B6D7220C6F87F6FAEA2F4E972DCA0CE333B2530665D1428B7F40159DDD,Baños del Inca,Nuevo,2025-07-25,14,1
1302,1300,C-01300,BF7FD064BA34C8C4E7FECE0A4A9024AC0B49F03C4847EAB49295D06BD086ED64,Cajamarca,Nuevo,2026-04-15,5,1
1303,1301,C-01301,A4D9A04DEA34A00C88BBBA34BDBB89F7070EC1F81B7E72CE615CFBEBD3DC1B29,Cajamarca,Nuevo,2026-06-11,4,1
1304,1302,C-01302,9B80BE97FD0AC36E4414888156803AD72D985D2F22CEDB16F8C333FF29DF15E7,Llacanora,Nuevo,2025-08-21,13,1
1305,1303,C-01303,4AA861A118551EB48F82D9645BB8336459F7C9BC1A457BB32544D300D2788AA4,Baños del Inca,Nuevo,2025-08-21,13,1
1306,1304,C-01304,34D85679F6F67848F540C077AF27E8DAFC79DDCDD40C1F2E9D397FCE1C51364C,Cajamarca,Frecuente,2026-08-25,1,1
1307,1305,C-01305,398F243A557647629C1F5EEC91B9E662B9AB354480E11F394C31B5068D784195,Cajamarca,Frecuente,2026-04-28,5,1
1308,1306,C-01306,B0AEA48A9F41DCE6E7CB790B2A355984F043114E621E64B083AB764E8526605E,Cajabamba,Frecuente,2026-04-13,6,1
1309,1307,C-01307,BD7AB9E6DF5AC543D4FA3F4CF00B53DBE1F5A326A99E14359458393884252907,Cajamarca,Nuevo,2026-05-13,5,1
1310,1308,C-01308,15A5EDA7A2944AE5AD53B9F590B1538B419325913E18CBFF95592FF13E421336,Namora,Corporativo,2025-07-28,14,1
1311,1309,C-01309,0380FB6B0CC6024759B6040AAFA91DF1E1D985B0DFF14BB3DB7E674AB7AEB55F,Cajamarca,Nuevo,2025-06-13,16,1
1312,1310,C-01310,D66C0DAA50949B8157084C70EB0FD67774A53358B6C29E6B8FD549D1D1714FFE,Cajamarca,Nuevo,2026-08-24,1,1
1313,1311,C-01311,C337683FE09D1368DB71D1D54AA1AD4F0075DEC4AD78908F5E25B7A540097BE9,Cajamarca,Frecuente,2026-05-27,4,1
1314,1312,C-01312,CE62C194B5A987A39F639159417BF92C761EF34F375CB654BEE95AF74EC66749,San Juan,Frecuente,2026-03-12,7,1
1315,1313,C-01313,99C53B75C00EB90FFF1D9190976AC8A55C2C5148A3B2D676E0EE66DB221D1829,Baños del Inca,Frecuente,2026-01-11,9,1
1316,1314,C-01314,0C0B0C1655C5F6A6217856C8A5C93407BD8A651AD1D0574489E8F290E9C0C0AD,Cajamarca,Frecuente,2026-01-01,9,1
1317,1315,C-01315,FFA273512FB0044E5813B650ED8276BD50FCBF348E499A038F6DC9B8898506F8,Baños del Inca,Corporativo,2026-02-14,7,1
1318,1316,C-01316,34A32E8B4E110AC3BDADE3AE0CCE6DE8C907067FEE95888C679106CC864B1813,San Juan,Nuevo,2025-06-29,15,1
1319,1317,C-01317,1CAE4F531E8DECE4FAB5B1206E9F6DB0ACE7BA47676406330145BC4AC20EDF4C,Magdalena,Nuevo,2026-03-18,6,1
1320,1318,C-01318,6A2D6B90770A364958FE3B12C76E2836B8DE34B8F65556AB9705CDCABA013573,Cajabamba,Nuevo,2026-09-07,1,1
1321,1319,C-01319,155BD325EAD145789E66DF15873D194CF4C344053C4CE57B91AD9E7CAC97DE90,Cajamarca,Nuevo,2026-07-13,3,1
1322,1320,C-01320,FE814725B7A7AC23BE3DDFE55AE2A490F1B2C6EB3290783E582DE13E92E48EAD,Cajamarca,Nuevo,2025-10-30,11,1
1323,1321,C-01321,C729ACCC2CD3EF43AA07F750AAB4675C75540E4C3E2716EE88505C446BEC8CDB,Cajamarca,Nuevo,2026-05-20,4,1
1324,1322,C-01322,15EC09B8569AB031F0404ADCB0551662CB81869241316E2D874F2A45D60290E9,Baños del Inca,Nuevo,2026-08-30,1,1
1325,1323,C-01323,EE2A76FF0229D2C53D8EACDB562D52638AF69BE2D97165425F3E4BEE1D552CD7,Celendín,Nuevo,2026-01-10,9,1
1326,1324,C-01324,029A1CBF9ADF26BFC0CE0026A58798CA71EF3E61557D54CC49292D4C3296BF54,Cajamarca,Nuevo,2026-04-03,6,1
1327,1325,C-01325,16F44D25D45C6EEBEACC943015E6E21814028673CFCC07675282D4AD7B3DB29D,Cajamarca,Frecuente,2025-12-19,9,1
1328,1326,C-01326,31A30B49C8BB48B5723BB7CB090542627296CA930BE6594861209AA387AE3412,Cajamarca,Nuevo,2025-10-01,12,1
1329,1327,C-01327,0288685314DD6F5C0993C1AA89732307027BB6B8C5E96648791D2E757E48308B,Cajamarca,Nuevo,2026-03-12,7,1
1330,1328,C-01328,015756BCD237FEB3C281DC40361F49FC146249FE12A812BC9C89F6F86BAE881A,Cajabamba,Frecuente,2025-08-26,13,1
1331,1329,C-01329,1769564CF2CFA76BCF7AC68F443D280CABE211077E4898A79CB10C8288C937EA,Cajamarca,Nuevo,2025-12-05,10,1
1332,1330,C-01330,9F64D111D2ACC85FF55A67C41F43B8F0086296739C3D628665ACADEBBA50076D,Cajamarca,Frecuente,2026-04-12,6,1
1333,1331,C-01331,F25A97532AD93F1C84EDAB9B911B499585BF7834C375202176529C5751AA424A,Cajamarca,Nuevo,2026-01-25,8,1
1334,1332,C-01332,98A70C5C4DFB0F095E30E3E5DEC384653FF2331C2F9BA2E0A1FAEB639B57A756,Jesús,Nuevo,2026-07-21,2,1
1335,1333,C-01333,413CC3337257D58A52ED9E7055F5A769400A6ED50D463B89184B3799C03C6FD9,Los Baños,Nuevo,2025-10-08,12,1
1336,1334,C-01334,59FCCDABBFAABA0D065943830DB1AB45860AE174A676B0F4A0B6AD1676E8DE44,Baños del Inca,Frecuente,2025-09-13,12,1
1337,1335,C-01335,0628FD33E594736D18391A01F7AB576FF01A3FB978CB4DF0D0CF15CB0078FCF3,Baños del Inca,Nuevo,2026-08-10,2,1
1338,1336,C-01336,04E124EAC6113C216917B6C75D0CE3F21AE0C11BBF0A85DBEEEEB21F1C667A66,Baños del Inca,Nuevo,2026-05-06,5,1
1339,1337,C-01337,8BC2C4340815D6429938D292B7D10BE2253D5F081EBCD7F0CA4F1324606884EB,Cajamarca,Corporativo,2025-11-22,10,1
1340,1338,C-01338,69D569C3A1FF60EF8D1D2C93D6B5DBD81AE15F7DF3E1C5915A28080C8AE8CB62,Cajamarca,Frecuente,2026-05-17,4,1
1341,1339,C-01339,550E3DE5CE12DCE919516245B9391072E948F7AEAFACA385EFDB9599B606ACFF,Celendín,Frecuente,2025-10-19,11,1
1342,1340,C-01340,F4B31CA19EBBB9A1A22AF864E96F2FD0F1F21D49D6EF254BC4A3D28701995241,Los Baños,Nuevo,2026-01-19,8,1
1343,1341,C-01341,AD3725BB99ADAE76A3320F73EDEBE0FD565DCD50D65E9737ACD4845189328A90,Cajamarca,Nuevo,2025-12-02,10,1
1344,1342,C-01342,E03A81CDB1C182DCF6317D98910AF1CADDAE949EA4E0F7CEC4F50F14893F650D,Cajamarca,Nuevo,2025-07-14,15,1
1345,1343,C-01343,A75F2B6B684551298AC77866782FD9BD0B07C166221CCB00C2A3A60AD085C139,Cajamarca,Nuevo,2026-08-28,1,1
1346,1344,C-01344,D203E27ED08BDA6D728B0804DE5E47F10056D62622C84FCD150CC22CF6DFD023,Cajabamba,Nuevo,2025-12-10,10,1
1347,1345,C-01345,79D4295E2632908E023C1EC49132B0CC2B6CF9F43F51AD7959F17AF4B6EAB745,Cajamarca,Nuevo,2026-05-20,4,1
1348,1346,C-01346,F44BD6366064181405A5CB0A8F5F46697F4E1C693B05E4F4297615EC6984C5B9,Cajamarca,Frecuente,2026-08-21,1,1
1349,1347,C-01347,51DC90957C39638DED53257D3B42400ED3F0215B4A8133CE18ACF3BD254963DB,Namora,Nuevo,2026-01-16,8,1
1350,1348,C-01348,FB1C940C65CF7E411B858B4C72EE055B1B39544BCD936DF76A16CF5C5E7F9FD0,Cajamarca,Nuevo,2026-01-23,8,1
1351,1349,C-01349,3AFE161DBE4CF658599D6BB285EE06C387AF420CCF88BEA807BEFA0CAB2C3E4D,Cajamarca,Nuevo,2025-06-12,16,1
1352,1350,C-01350,286AA3E47EE11BC175984CA25387C310CD49FB95BF71795E3E9FCD7D31FD0714,Cajamarca,Frecuente,2026-01-02,9,1
1353,1351,C-01351,20204EEA8C03D164C8852F804EBD7A1E5EC95E14B084C8B8141F013795BD77D1,Cajamarca,Nuevo,2026-03-03,7,1
1354,1352,C-01352,C87B3DEC34C80E704E0FFCEE446484B32865ED55B67CFBC088F01DACFC4F7069,Baños del Inca,Nuevo,2025-08-19,13,1
1355,1353,C-01353,4DB120EE91E5799C531860AF8EABAC4A28C845609D1EB2A3069474922EA0610E,Cajamarca,Frecuente,2026-01-05,9,1
1356,1354,C-01354,4ABD19F8341FFD4D3DF712B8971F40586D559E97DDB3025DF365C382A9D87078,Cajamarca,Nuevo,2025-07-07,15,1
1357,1355,C-01355,640C710334B6A2DB77FDA59BEC9F61A931BE96A4F54D6BBD332DA8B022CE1AA8,Magdalena,Frecuente,2026-09-03,1,1
1358,1356,C-01356,ADEF47390C7D4DCBE91A658A80F842A42A35D8A9056AAC051C231330A58ACDBF,Cajamarca,Nuevo,2025-09-17,12,1
1359,1357,C-01357,02F44E4ABBCF9A378AD78E7E4709D8D991398FA1B44156F86971E142B7737485,San Juan,Frecuente,2026-07-23,2,1
1360,1358,C-01358,4D73D33483594838BA4D03E75B6B0F94821C0C97888B02C3CAB46B31A2559AFA,Cajamarca,Nuevo,2026-04-05,6,1
1361,1359,C-01359,D4FDFB8DFA30DE1FCB4DA054CD2B41D168CFA2AC9C7B485565ED3E6662DF5311,Cajamarca,Nuevo,2025-11-26,10,1
1362,1360,C-01360,AE2BE1EE7B1E26A0CF856687DB3F8A3F714D45FF48BB52DB30EA9016ECAD9792,Cajamarca,Nuevo,2025-09-12,13,1
1363,1361,C-01361,3B4D893CD47AB2E7F6D2D4FB04421E8783A1C1F895CB80E8ED1413B755D3FDD6,Cajamarca,Nuevo,2026-05-16,4,1
1364,1362,C-01362,47EDBD6D60CADC1924F946FF6136C31B939683013DFF6AEFF0714DD2DAB09FF5,Cajamarca,Frecuente,2025-10-27,11,1
1365,1363,C-01363,0623B7640F36DA0157705AAEEA652D17E8D2AEBBA2AE3972675C1FA36B924771,Llacanora,Nuevo,2026-09-03,1,1
1366,1364,C-01364,C43F355D57C9A670611122FDEE83DC2D293376C72F1DE185E9C6F0F809C63191,Cajamarca,Nuevo,2026-01-22,8,1
1367,1365,C-01365,928EC3027D4EA3B259C1776A3B258D880E7B651E35ECE59FCBDF1C510702E2DA,Cajamarca,Nuevo,2026-05-07,5,1
1368,1366,C-01366,7E87EB1D53AC9C7AC44CA2D405ACDBD8A46B2DE8CDC23D2B71A0F8E27A1AD51B,Namora,Nuevo,2026-07-11,3,1
1369,1367,C-01367,021B527D63EF0D72A607430DBCA9336D5338EA8D9063CD2F78F5E3C904161D77,San Juan,Nuevo,2026-06-17,3,1
1370,1368,C-01368,5FED56F218A3DA72FAA5E8BB8356F88D198FEDE477AE21BFE99CAB088E5F772D,Cajamarca,Nuevo,2026-06-24,3,1
1371,1369,C-01369,34E4CCE599F357FF0832110F78C0D2565A40B2ECAF4FEB191F3CFB964B742FC1,Cajamarca,Nuevo,2026-04-17,5,1
1372,1370,C-01370,AE27EC7D63BEE6F907FE410A87AEE2EF2CC726D29A2D66E1993A68B73A225440,Cajamarca,Corporativo,2025-09-27,12,1
1373,1371,C-01371,E65507814FB9CAD6C06F7F49A8088217AF7883E9882DCD6D810D3D6194B0A8E2,San Juan,Frecuente,2025-07-21,14,1
1374,1372,C-01372,3D1756050978DB1498D93665C0ACEFFFD0C4485D78BCB7250BC31F5752445269,Cajamarca,Corporativo,2026-02-13,7,1
1375,1373,C-01373,5D7EE9F568E2E71616C8593B1106EDF98D0B919FA9400E9BDB70286D2231741D,Cajamarca,Nuevo,2026-08-23,1,1
1376,1374,C-01374,D5D49D4CEB6203544EE65B4C9E261A1350EC4BB445603DF9EB52273AA0F44948,Cajamarca,Nuevo,2025-11-12,11,1
1377,1375,C-01375,3921CF3CAC974416E67955DED105A3DF54BC48C4DEFFBEA71678A093B6391F88,Cajabamba,Nuevo,2025-07-22,14,1
1378,1376,C-01376,D35C79AF0913B29CE73E3ADDF635497880211E0AA76274E687A86440677F7273,Los Baños,Nuevo,2025-06-23,15,1
1379,1377,C-01377,398520763F0D67E74E8DAE22531D14A02C87BD72AECA0D9A834F4C2F1B222A76,Cajabamba,Frecuente,2025-08-22,13,1
1380,1378,C-01378,E2C05A0B5561E8DEBC2E8473B1C2B27215455090884E6BEA7B7BF04087E14688,Llacanora,Nuevo,2025-11-18,10,1
1381,1379,C-01379,A98C998DDF52E8B7D56863FB608E420B8826262B6CCFE86BDE96828D632CB1C2,Cajamarca,Frecuente,2026-03-17,6,1
1382,1380,C-01380,C78C09438ECE39D72AE445AEE7D6299B897DA24A5197799BD2AFFCBFBDFFDC82,Cajamarca,Nuevo,2026-07-27,2,1
1383,1381,C-01381,FFB8638299D9F882C8A6EF99AA76E6C98B7F7DE97B2A4ED165DB626700A50952,Cajamarca,Frecuente,2026-02-09,8,1
1384,1382,C-01382,252C4045FC707790A91C9FFC6BBD79E1799C1BB8DD2FB4B2E50EFFC9F6332E30,Cajamarca,Nuevo,2026-07-02,3,1
1385,1383,C-01383,F5A40BA875148D426D9AFB2639963D6E5403B298F867B3EA48653C8B35FCB113,Cajamarca,Nuevo,2026-08-15,1,1
1386,1384,C-01384,31CC41DC19CCAE9AD845886F050BFB4C15D8F5BD3F0618AF2E21A4B0ECE1937A,Baños del Inca,Frecuente,2025-07-30,14,1
1387,1385,C-01385,91C3E3A25D5CB7068C9C4CA73A60E8C736644D7BDAD5E7FDBFBA86F559C4F774,Cajamarca,Nuevo,2026-03-28,6,1
1388,1386,C-01386,2914CD8DC203996F5E67FEBB36C9FE3C3E5EEE27EF43B131B20C3755F03CD58A,Cajamarca,Corporativo,2025-08-03,14,1
1389,1387,C-01387,AAFE60AB944ABE5809094EACE01F184D9CBB8EE7DE236D1F42B08D92BD8E5A72,Cajamarca,Nuevo,2025-08-12,14,1
1390,1388,C-01388,CDB0C3F8A9D591B42FEBC18B48A542C52466536E5F9E0202BBBD5E49C2C1A3CF,Cajamarca,Frecuente,2026-08-11,2,1
1391,1389,C-01389,35E23901BEF5BD1B20E0BF6E6E116FDEEDCF2ADC2DCEE95FD87AAECC9FD77A6E,Cajamarca,Nuevo,2026-06-02,4,1
1392,1390,C-01390,5FB37C88589C0353B8F2729CF711ADB11CCC1EC5124F9C6D9DBA91CEBCA1359E,Cajamarca,Frecuente,2026-03-25,6,1
1393,1391,C-01391,5383C3B179459BB54DE2931B0614A9C043D50F684B236A049FAFBA62C9728DA5,Cajamarca,Nuevo,2026-06-07,4,1
1394,1392,C-01392,F0B44E70169AA8478E30DA997638641D2D67B78D6C8EC874C84A847919B39AD0,Cajamarca,Nuevo,2026-03-09,7,1
1395,1393,C-01393,C32E2048C701AB7E95615324F49342467951EE5250A380D8259D780011A7BBAD,Magdalena,Frecuente,2026-05-14,5,1
1396,1394,C-01394,28DC2FF60C46A9CAA9EE8BB6B5AA9AF6DC8ECD1773D5146BD64D0CA21AC21930,Cajamarca,Nuevo,2026-01-04,9,1
1397,1395,C-01395,8169D3B975E76DD7927648B4009F6EF43BBEB3325BC75013229C22B9449BD0BB,Jesús,Frecuente,2025-06-08,16,1
1398,1396,C-01396,64B9886DF99ED3D22D976150312E3E6D0A8A99662F5C6CB0707B57ACFBBE08E7,Baños del Inca,Frecuente,2025-07-18,14,1
1399,1397,C-01397,DAF271D31C99D48747890E04F03364EA69A7C20C187574C383E77878AA7B8389,Cajamarca,Frecuente,2025-08-17,13,1
1400,1398,C-01398,061781C82FDFE9B3D1905DED6577846C42529A7F05E8D2A1FBDF6635B60DA676,Cajamarca,Corporativo,2025-10-01,12,1
1401,1399,C-01399,EEEC6DE0D4106988680C02A2B02C20C0EF6A7D6548937915F2170D78A7C2BB88,Cajamarca,Frecuente,2025-09-25,12,1
1402,1400,C-01400,20D9E4275B57232EFD0E7D1EE254522745AD2100E9FF0B5DBB5AF891C49DCE50,Jesús,Frecuente,2025-12-25,9,1
1403,1401,C-01401,A18CC009233BC21485DEFF8DDCBF65F3DE87F22524F0673EA6DCD99E38B85E71,Namora,Frecuente,2025-07-20,14,1
1404,1402,C-01402,0539AAA2C64202A863F5519D5C2099E907B54FE00D60832AD5085A888F19D614,Cajamarca,Frecuente,2025-08-01,14,1
1405,1403,C-01403,DF4693315B43CAF9CDCB4A0A9D09C8E925EA44E01D9CD38B77FEC9F03B6BE326,Cajamarca,Corporativo,2026-07-15,2,1
1406,1404,C-01404,B222D81C1D2CBFECC5D389592BDB23A7BEDD6FC289A51B4ABC51AF141CC97E4B,Baños del Inca,Frecuente,2026-07-31,2,1
1407,1405,C-01405,FE21751D8CA476449EAE676B00ABDF12C1BC037C617537DA07F312EA9C710B68,Cajamarca,Nuevo,2026-07-10,3,1
1408,1406,C-01406,ACC8DCD236A0BB388E5BF95391A38E3CD0C9C937A938C8DEE48E2ABDFAE23D1A,Cajamarca,Frecuente,2026-03-31,6,1
1409,1407,C-01407,5188A9613FF19FF333DD0738A461B6992B72DAC23AA6BF55D75A8089FEAA7CE2,Cajamarca,Nuevo,2026-03-25,6,1
1410,1408,C-01408,F825877B246EEA3A7ADA806242828A0683FD77C8E9E35CF6857C94121103DC9D,Llacanora,Corporativo,2025-07-03,15,1
1411,1409,C-01409,39E51BC9ABFD2D347D7260F9AF25BBF46F5C733CA93CB467ACB470BE59CCCDB2,Cajabamba,Nuevo,2026-02-08,8,1
1412,1410,C-01410,9F1C05B05FF2F9A5DF7EDDAB8C9FD08EDF326F842322658B06FE742B9C644A35,Magdalena,Nuevo,2025-08-10,14,1
1413,1411,C-01411,7049057723B61FFB088032FF3761DD854536FD42C1E03442D2E9AD83BC16FD56,Magdalena,Nuevo,2026-06-12,4,1
1414,1412,C-01412,B9D02CDCC92CE0F1E21895AE4802DD3268132E27041E5EFA8C0F372276E3060E,Cajamarca,Frecuente,2025-12-10,10,1
1415,1413,C-01413,81214D75F1E28A18A237142F55F9FD9A90E8298CF8B0F58C968BA5A35957465F,Cajabamba,Nuevo,2026-07-05,3,1
1416,1414,C-01414,D364783EEEE4755F6F1E404958714F204CDEB79B697BB9FEEF9C6563AE939482,Cajamarca,Nuevo,2025-08-31,13,1
1417,1415,C-01415,00CF1A381C82B9FBB0A2FC7F0485448A52EF9A65BA889ED8D87E58F368EF07B1,Cajamarca,Nuevo,2026-03-05,7,1
1418,1416,C-01416,15ED825C29933E9AFA8DDF4575554C07B9C974F9304F5B7E76EE6E2195FF5AC4,Llacanora,Frecuente,2025-09-30,12,1
1419,1417,C-01417,417A0276B05981DEED271FC1EB35083A3600D7318AF1A736EBE407A816F7912C,Cajamarca,Nuevo,2026-07-21,2,1
1420,1418,C-01418,3D2ED6FEFCCB2B261164024F057767D8D595559037AC541E74DC1D338AA845F8,Cajabamba,Nuevo,2025-10-28,11,1
1421,1419,C-01419,65301C7F1FC59A5496C71CFB1E748EF4F77624CDB2905B1050975080FDFFFCB5,Baños del Inca,Nuevo,2025-10-02,12,1
1422,1420,C-01420,BC0012128BEB892DED1EDBCD890F001A3D1AB00D3563A57FB406C2633449B470,Cajamarca,Frecuente,2025-08-11,14,1
1423,1421,C-01421,D87BD38798E88256A17FA43946D5BD5CB961CF7EC9CDDA506F8C3C6E2995F809,Celendín,Frecuente,2025-06-28,15,1
1424,1422,C-01422,85D0181288078D8A91960881D81227BF8FAD6BFA839D1CA6130C9FE7BDD8847C,Cajamarca,Nuevo,2026-04-18,5,1
1425,1423,C-01423,FB98453A8267F7C16E40B33B1DD9A74350D20AA36DDEBF3A9B8B011ECAC994BE,San Juan,Nuevo,2025-12-06,10,1
1426,1424,C-01424,CCDE749528085CEF55CD8541053EC33D0D605AF7EBDACBCCE61D8F876410ADAB,Namora,Nuevo,2026-05-08,5,1
1427,1425,C-01425,3C8C7D09DA2BB5B2688C9B81BA77128E83D2E400CC41B2C4B528DBBC0A937820,San Juan,Nuevo,2025-11-10,11,1
1428,1426,C-01426,6C53B26DD9974850138F49AC79036A3D66BF91CFA91AA14FA1C3A362A9C6832D,Baños del Inca,Nuevo,2025-07-03,15,1
1429,1427,C-01427,B65A72EA241517D94165E8D96E560825D6E90166CD84476E223B7C4383D6C4A6,Magdalena,Frecuente,2025-12-12,10,1
1430,1428,C-01428,CA8D4CC4B9C0EF65D61003EC5261860EA775A12AF4B4A7E4A71BB4B61802617A,Baños del Inca,Nuevo,2025-12-22,9,1
1431,1429,C-01429,032DDE2EAF491BCE95486790EE12B0B1212A85AFF6A1898E9AF3831275BB4B3E,Cajamarca,Nuevo,2026-04-02,6,1
1432,1430,C-01430,CD267E8254CACCDB1D7605BDDAD4F99DF044E1635471169AB85624DE22CADAFF,Cajamarca,Frecuente,2026-05-16,4,1
1433,1431,C-01431,8F2A8ED97E2F1BDBC410FA2891777472F6D261BDEB869142982A3D5D9A601B30,Cajamarca,Nuevo,2026-05-23,4,1
1434,1432,C-01432,E8653D6DC7F804DF493BC41C3A9FE10ED9A6DFB3F350E7E6566A28B01377BB3B,Celendín,Nuevo,2026-04-20,5,1
1435,1433,C-01433,62ADC36127B52CCBD9764D8C0019D2C897B4093B9A5BC8FF08CE671B8F36B158,Cajamarca,Frecuente,2026-08-08,2,1
1436,1434,C-01434,D014DD2D350C129361F7DBA104C3212D2C10CAB6A71FE95EB01C8E22147F642E,Cajamarca,Nuevo,2025-12-30,9,1
1437,1435,C-01435,9263C73D9E457C5DD353B591701C82D5F905F18A36790B3E0CFCDF11AD606597,Los Baños,Nuevo,2026-03-11,7,1
1438,1436,C-01436,B830C2FFED095B11E766BBE2C1DE8A0D638C3A982B81201E81AAB79CBA2C8DD7,Baños del Inca,Frecuente,2026-06-28,3,1
1439,1437,C-01437,44E061E2F835CB48C695C65C61DA0ABCF23C29589DB44A2FD4F804B57CBE1668,Cajamarca,Nuevo,2026-07-25,2,1
1440,1438,C-01438,292AEADBF88F119F5BBEB3D555B25F566685395BA4F6D8185CC46C0B93D99390,Cajamarca,Frecuente,2026-08-11,2,1
1441,1439,C-01439,6EDFE4327A64FB8B0A6CEA1586B16012E010E3F96B39404B5AF8763FBBDCE348,San Juan,Corporativo,2026-01-15,8,1
1442,1440,C-01440,5920D997A80C1C8A6EB66677BEBE7C35E02664AA26B9C5316D344FE5A11D2386,Cajamarca,Frecuente,2025-06-20,15,1
1443,1441,C-01441,0EB3A2945DA84E14DC9EB1D65F11D558FD2C4540BF985630C0985AE06F4333CC,Baños del Inca,Nuevo,2025-07-18,14,1
1444,1442,C-01442,062838F73306BE96B7E893A0660CD5AF066972112C4D9DCFCC20005141BAEE0A,Cajamarca,Frecuente,2026-02-05,8,1
1445,1443,C-01443,53DED06D92E64AF489C123A4B9DD7CF0479EBD51F20E9308584D305FDD651786,Cajamarca,Nuevo,2025-12-11,10,1
1446,1444,C-01444,C6BF90025DE58BCDF08CFCDFA3FB6AA445AB7D684E7404C84B1A2BCE602156B6,Cajamarca,Frecuente,2025-06-08,16,1
1447,1445,C-01445,3856AF6C07ABF34F1CA598ED5AC4B5200CD4846DF15D2EFB904C1392A4B90AF8,Baños del Inca,Frecuente,2025-08-10,14,1
1448,1446,C-01446,D92972E9AFCD0E5F7860CFF20547F925DAC7086B373C8727038EE88A98E84B34,Cajamarca,Nuevo,2025-08-27,13,1
1449,1447,C-01447,CE1126FA02644DA3D5EC8A4B5A50941D8FE7DFFCED7030A5D7BE697E1C072CD7,Baños del Inca,Frecuente,2026-02-27,7,1
1450,1448,C-01448,3180C0673AB31B647AF91AB995F4965B8BE111F9B3CF0D3A6E35AC6CA9D30557,Baños del Inca,Frecuente,2026-08-25,1,1
1451,1449,C-01449,7775A20410E7344CBB32700CEC526E9A5CD0F9B94308C75BCBFE7B82BD0B8633,Cajabamba,Frecuente,2025-07-28,14,1
1452,1450,C-01450,DE1D7EC6A0C3BA5F6F3A70A109C5F1C8B5B2B58B57B1A813F5D4E4E60D7140C3,Los Baños,Nuevo,2026-06-20,3,1
1453,1451,C-01451,AEB57888AB07D88BF1019B351E5624BC30F894832601FC683C90D0921394CED3,Cajamarca,Frecuente,2026-04-09,6,1
1454,1452,C-01452,4A81DE965F08C3B74226209F61135253E77095C99FC111AE023B03E2A9BB6AD5,Cajamarca,Frecuente,2025-10-15,11,1
1455,1453,C-01453,23826C0F7147AF58122324A18B7F0D45FA0B6B4AAB059EBB324F344309B3A032,Cajamarca,Nuevo,2026-07-06,3,1
1456,1454,C-01454,96077FDB334D55BE2D553EAA92A8C558D61D6C23624E7E6758C719E578200C81,Cajamarca,Nuevo,2026-07-10,3,1
1457,1455,C-01455,0AA16707233713CD85C8205F4FCC533E09CC912027F052EFA7D69D2333648762,Magdalena,Frecuente,2026-08-16,1,1
1458,1456,C-01456,CF7226B3A34962444ACAF0EED6887AE9415793142EC9AC135BDEEEBFCD9AACE3,Jesús,Nuevo,2026-06-17,3,1
1459,1457,C-01457,52A52075481BCF5601B4B205B0CDC9A723168D176410B35BBAEC29AF1F8009A7,Cajamarca,Nuevo,2025-08-10,14,1
1460,1458,C-01458,8ADA3251E724ED44071589BEA9AD064D7FDEC88B0E53A2D69D16024862E90B1C,Cajamarca,Nuevo,2026-01-06,9,1
1461,1459,C-01459,216215E6D0F852B10BC2E03E467703EF0638055DF31D82A6F96B63A1284E2F32,Cajamarca,Nuevo,2025-08-26,13,1
1462,1460,C-01460,1BAFDCE77DE1F6C1E226BF2D0D7AB12E5192D6931B5A10DD483D1382164B72D2,Cajamarca,Frecuente,2025-10-13,12,1
1463,1461,C-01461,1008621D9B1FD5D7453A5B76A2B9C201986DDC26F41389BBA8074EDFA335F65D,Celendín,Frecuente,2026-09-08,1,1
1464,1462,C-01462,5FF49A70CA7C9E2D8FF7414DD4EBD33F65311A13A7657D3CF3738B8EA7BF6144,Cajamarca,Nuevo,2026-09-07,1,1
1465,1463,C-01463,B86D594EC8D6054FAF1304549952BE436D3EE5EFE3E615DE26C9B0CBB96F98F8,Cajamarca,Nuevo,2026-03-26,6,1
1466,1464,C-01464,240F055A8CB352A48216BFB73038C70159603BF95177E7120D3A55DA5B235560,Cajamarca,Frecuente,2026-08-17,1,1
1467,1465,C-01465,7D76C5542ACC3AD45556C1395398FB8AC612D14CD6FDFFAC40DB4C4393464FFE,Cajamarca,Nuevo,2026-07-02,3,1
1468,1466,C-01466,8510B78A98FD6E3DC0E68E32BD9A116A5C8D1ACB7F259ED4FDCD373E3E3E784D,Cajabamba,Frecuente,2025-12-25,9,1
1469,1467,C-01467,ED2C9229462FECEFC86E24DBC36566FA4548DA714FF3EDDB63F290115E1ABF16,Jesús,Nuevo,2025-08-31,13,1
1470,1468,C-01468,1FB5587F50593BAE181215E2DD870789E5DEE16A2FB6E23B9E6B3E8772AFFBE0,Cajamarca,Nuevo,2026-05-30,4,1
1471,1469,C-01469,558315F22ABB468B7EFEAD7F91310A01CF06BFA540F020C77B683382D162A6C2,Baños del Inca,Nuevo,2026-08-26,1,1
1472,1470,C-01470,E7D3DF9A58DB58B6ED1FF24217BB381974A367FC0E8F475643A2B80E05B97193,Celendín,Nuevo,2026-04-03,6,1
1473,1471,C-01471,D36236643CCAC493D3CAB77C4728685B292CDA226CDD5B7B97FF8979BE7B3B65,Cajamarca,Frecuente,2025-10-06,12,1
1474,1472,C-01472,583944BAC08398EEE87BB9AE8120DD74DF42FDC787EC9E6E9C1F889D1AF5B384,Cajamarca,Frecuente,2025-11-17,10,1
1475,1473,C-01473,5C736F583316BD7FFF7281E6CCE49505E8539FACE709894AE170612FAAE8580B,Llacanora,Nuevo,2025-10-14,11,1
1476,1474,C-01474,F9E6FE597AB5B4E6F52C1D01839583489C9EDBD96152939E4A5E2534C6F8772E,Baños del Inca,Nuevo,2025-12-02,10,1
1477,1475,C-01475,C508A000B6653F7106B7FA2126E492864946AEC721B5B3D77D8026AABC585A2A,Celendín,Frecuente,2025-10-16,11,1
1478,1476,C-01476,5D650DBB07727D6B54BC134C098A8919D84BBF87EC6C5A6ACABBA0530587106E,Cajamarca,Nuevo,2026-05-08,5,1
1479,1477,C-01477,9FA411AA8E45FFF70BCE354251C42AD022CE653A74528CAFCF7B2B1B8AB7D409,Cajamarca,Nuevo,2026-05-26,4,1
1480,1478,C-01478,065AD966E3FD28C0C9EE403AE9E45BD6581EF6E146D1E2EEECB3ABF8EE660422,Cajamarca,Nuevo,2026-05-28,4,1
1481,1479,C-01479,9A595A042E58662462BAF601795D6D7DE34AC9B1E9818DBB3BD417ADC8FB84D6,Cajamarca,Nuevo,2026-07-03,3,1
1482,1480,C-01480,A5418D377981854ACEA70F3C77970B33EB2D50C008E254D538D13597A87ABBF0,Cajamarca,Nuevo,2026-03-26,6,1
1483,1481,C-01481,C8063830F286C17CD69C4B4B69749779675FBE7D10B6B7EA5FCDC43100F15DB5,Cajamarca,Frecuente,2026-06-22,3,1
1484,1482,C-01482,16713906EC7D4478412007452C584FCCFC844A15781371BFE25902C24901DBAE,Cajamarca,Frecuente,2026-08-18,1,1
1485,1483,C-01483,9799D523BD181CE1E2006E8863D4721D8BCCD843CC0A42051574102B16315331,Cajamarca,Frecuente,2026-02-09,8,1
1486,1484,C-01484,CB3E0970D6C7844BB6A1DEBE696DB737F4CB784EFB75409A7103D441742759C2,Cajamarca,Frecuente,2026-07-17,2,1
1487,1485,C-01485,E55EEA34F12FC3F929842CFD49665C60B9B33EF1FC804EDCAC387CB125D5C86A,Magdalena,Nuevo,2025-11-04,11,1
1488,1486,C-01486,E8DFC087BD77700D7AC2AA39B00A040454A11B1D86876D12933EEE71A68671C1,Magdalena,Nuevo,2025-09-04,13,1
1489,1487,C-01487,6AAB08C8A655E7D5E6C5EA4DFF6C5CD6943E1BBF764D09FBF5AF97DD24D83979,Cajamarca,Frecuente,2026-03-23,6,1
1490,1488,C-01488,CF5464B6E3504D23726D6C62555061EF1CBDD021C23F84E7B5B8F5E0C67DC5F1,Cajamarca,Frecuente,2026-07-16,2,1
1491,1489,C-01489,8401BE5342F0EBC8CC1B6D894A47F38E8E7C5FC598664500A95A79470DF3CA31,Cajamarca,Nuevo,2026-07-01,3,1
1492,1490,C-01490,D5A45B6FDE04826F87278313C5BE30822E04238B4D4BCF415B7935BC8CFFB27D,Cajamarca,Nuevo,2026-01-07,9,1
1493,1491,C-01491,B07A98C1CCD6F2D619B292154EB3CF5E1F135563833E8551791374592F363B5B,Cajabamba,Nuevo,2026-08-23,1,1
1494,1492,C-01492,C586BF514D79AF813C033DD2C08FD8C4CE605534A73A26CDF5D0B2C004678EA5,Cajabamba,Nuevo,2026-08-14,1,1
1495,1493,C-01493,2530837EAEC8B1ACE43CFB782DE604535A62B0224D25D780FBCD5B3D8E20F368,Cajamarca,Nuevo,2025-12-24,9,1
1496,1494,C-01494,E4D8FFB0B5F615912190D764089AE3F51B736374783617822ACCBBC8A299C38F,Cajabamba,Nuevo,2025-07-10,15,1
1497,1495,C-01495,964C96ACC4E338FBA624EB7306EB11CC0E429F569F745BD4E8BDA6F1E2D71EA2,Cajamarca,Nuevo,2026-07-18,2,1
1498,1496,C-01496,156AE89434A5C9C3684F8FC5B36EF024734DA1BC76AC0FBB91C494FDB24F4F96,Cajabamba,Frecuente,2026-02-18,7,1
1499,1497,C-01497,4F45BEE03D6E8DE67362A9518C553075F6B304B0146F608BD927F6248749B273,Cajamarca,Nuevo,2026-03-23,6,1
1500,1498,C-01498,71FABF4FE9C573F4D876FDA7A773C2C94D862C42E79E948264384EA42300D6CF,Cajamarca,Nuevo,2025-07-29,14,1
1501,1499,C-01499,2374318EE9EA7BBE9C81EDB733B653C6CFF3810B761ED9F4A20145236CC2CD70,Cajamarca,Nuevo,2025-08-20,13,1
1502,1500,C-01500,75B8D59ADECA66A620BF55B39D8FBDC95454A686812479D54B5FEEBF82FDCF55,Cajamarca,Nuevo,2026-02-15,7,1
1503,1501,C-01501,A6A03EBCB26D3EE8A17280D7A51B727FC968F4E79CEE0C735739B2D5CB73B4C4,Celendín,Nuevo,2025-11-17,10,1
1504,1502,C-01502,07485F79C9D923BECEFDD6588D8036E6FDE61D13291CD7C18E17919570673175,Baños del Inca,Frecuente,2026-03-14,7,1
1505,1503,C-01503,30987A097880522DF106A42BD9690CC76054FF81CC2497575D5214538C980E47,Los Baños,Nuevo,2025-07-10,15,1
1506,1504,C-01504,2F8D3C575C3D8A95F806ACE011B4991DDB47AAC208148C3D57BBBE37E4FA7B51,Cajamarca,Frecuente,2026-08-09,2,1
1507,1505,C-01505,42D18CAEE79249C239A7AAF29B730447610157975B2630A3A2840A0B2269F0D3,San Juan,Frecuente,2025-07-23,14,1
1508,1506,C-01506,598453C71CF57A4CA5F2291F63454A7E2556804352930C1C6ABAF6E39246F0FD,Los Baños,Nuevo,2026-04-30,5,1
1509,1507,C-01507,56C55074E1B0EAEB8ECE2CBB5C03AC95CD31D1CEC251955E90EDBCFFD983EAC9,Cajamarca,Nuevo,2026-03-28,6,1
1510,1508,C-01508,2F0298681ED4D0099169925D2AA089CBBB8F98053053356AC7274971C79CD679,Magdalena,Nuevo,2026-03-10,7,1
1511,1509,C-01509,B679F2E710B39612B2F1D504667DD435866DC0F0479567D7654C365F10FED99D,Cajamarca,Frecuente,2025-07-18,14,1
1512,1510,C-01510,4AABECCEFFE19476E0D5BD756B4439DB3D5190CAE68A1E7CDB8919A169571781,Cajamarca,Frecuente,2025-06-10,16,1
1513,1511,C-01511,EE9271B239E89FD87D9E0D4B2F2C0976B38699AF8C598AA5E374834B5D04E412,Cajamarca,Frecuente,2026-01-31,8,1
1514,1512,C-01512,C13230633EA6A27E95F6346C09AA470B997130C861853E6351150F50574B7DD8,San Juan,Nuevo,2026-01-11,9,1
1515,1513,C-01513,DD916A90C83263FA4DBE31A8A6033114FA9AE306D6BC7904B3EDB5CFD775A437,Cajamarca,Nuevo,2025-12-03,10,1
1516,1514,C-01514,756A7C130316C5F5316AB24FEA930E991E861E0896460FD18AD3A88A54146081,Cajamarca,Nuevo,2026-04-12,6,1
1517,1515,C-01515,34419E8B7B0B7EB2310255F2C68B6F77C0A09C14576BEA8C0FA23C235634958E,Cajamarca,Frecuente,2025-08-28,13,1
1518,1516,C-01516,1BDCEFC76F80434427865726C7CAB70069CC964C77C28FC94843855FF6346643,Celendín,Nuevo,2026-07-17,2,1
1519,1517,C-01517,C1188CF89BEEE9A5C0FAB43EC1542C53959E862FC2BF32B6E4DD8029EE457E89,Cajamarca,Frecuente,2026-02-03,8,1
1520,1518,C-01518,A5B4BA78C19B3899F4A3AC83D04845372F831A20FC60699838C82E07CEE2BDC2,Celendín,Frecuente,2025-10-31,11,1
1521,1519,C-01519,E35760C174FE74A9F71A66D2EB4AE576FDB515ED4B16A98AC087C4CC414F1CC4,Celendín,Nuevo,2025-11-19,10,1
1522,1520,C-01520,22C09D91D8A0BFD1CDC0310505802AFD76DE76CB8CA43E96A77B1500718EBC46,Baños del Inca,Nuevo,2025-08-24,13,1
1523,1521,C-01521,C4577BD27E5AE7640711DBDDDFCA9D5CE57AD4C5C2A41958E3488CE2D5D7AC82,Baños del Inca,Corporativo,2025-12-24,9,1
1524,1522,C-01522,5BD1FEC811CE7365BC1716B33EAFB39A4BA90BC58AA7E370674DE252F613AD10,Baños del Inca,Nuevo,2026-07-11,3,1
1525,1523,C-01523,9CD792F170C264A621997EBF045DD82974D264CFEF31C000DEF2C81958FA8494,Jesús,Nuevo,2026-03-16,6,1
1526,1524,C-01524,9F25A853D4F6B3FE95E3ED4091F4435708A0F2554D9641C86F5624C73AD60594,Cajamarca,Nuevo,2026-06-04,4,1
1527,1525,C-01525,10F1EC0E8902B972E46EC8952BB5039EFE1D7E732041513E5CBDEEB4A65CB80D,Baños del Inca,Frecuente,2025-12-04,10,1
1528,1526,C-01526,5278306EA9964B3A6272329BACB5BA28FE61E046F09C81ADD5ED8BA7B4039AB2,Baños del Inca,Frecuente,2026-03-31,6,1
1529,1527,C-01527,,Cajamarca,Frecuente,2026-07-10,3,1
1530,1528,C-01528,36413E5C662B34934936D9AECDCA4751FF2F762055B93337252C5F516D0BD5F5,Llacanora,Frecuente,2026-01-31,8,1
1531,1529,C-01529,FC79B9634D059EE5EB808DD6B45EEEEEE7EEC51400DFD1F322DBEC534608B657,Baños del Inca,Nuevo,2025-08-23,13,1
1532,1530,C-01530,BF680564C6E8D8205EE98258D43741AECDAD2D4E46B52CF7D541F48976CBA822,Namora,Frecuente,2026-03-14,7,1
1533,1531,C-01531,3E9412C54B3EB6AEFFCB24DF92BC885CE63D364BBA51D6631BB05F95CE0D8939,Cajamarca,Nuevo,2026-06-14,3,1
1534,1532,C-01532,40D4E26AB25B3CAC4BF49CCD8623207FE4E58C9809CB9A27119901FB26504B0F,Cajamarca,Nuevo,2026-08-30,1,1
1535,1533,C-01533,57C2E42178837E7E50E1AD4B22A36FC9F9164A6E04CEFE307264E3DA3702375B,Celendín,Frecuente,2025-10-17,11,1
1536,1534,C-01534,EE44A8DF70373C7C336C152F5BC33E75BFA8CEDC603ECC923F65B8F478B9ACAC,Cajamarca,Frecuente,2025-08-13,14,1
1537,1535,C-01535,2F071B079403C807071DB6D3D767E0CB8ACC435303DBB8AA5533E3451F157151,Cajamarca,Frecuente,2026-07-29,2,1
1538,1536,C-01536,8CB3B34D3EA10EA130136E881CB7E4C62D9272DF51C803D58618D266724D58E8,Baños del Inca,Frecuente,2025-11-20,10,1
1539,1537,C-01537,B4B070F2BB912AE6B0506CC30F1699784FD5D296102C716B0E94AC2A3C7FF77E,Cajamarca,Nuevo,2026-03-19,6,1
1540,1538,C-01538,D31E370FCDD2B8ECD7FA2151353456CACB6608DA73D66C21EE1A184BFD2AC865,Cajamarca,Nuevo,2025-11-22,10,1
1541,1539,C-01539,475A5CAFC1F001278A838F931A34242811857FD3B47198E5E855717D755D497D,Cajamarca,Frecuente,2026-07-11,3,1
1542,1540,C-01540,051ED14EB5658EF6655EF597FD1A3FF8F205E0ED8AC7EED224117EC25CB9F8A7,Cajamarca,Nuevo,2026-01-06,9,1
1543,1541,C-01541,75865C4776DCD722C4BA8E54CEA037C2F7BC5C54FF69CE38E1E99A038696DD64,Cajamarca,Frecuente,2025-08-10,14,1
1544,1542,C-01542,1A41C025288C52BED859480F31EC5EB050585B7AAA89A7D3EE9289B3BD5737E9,Cajamarca,Nuevo,2026-05-03,5,1
1545,1543,C-01543,B837AEE0F016359442BE2A2C0ABB8B389CDDFEB138ADC5CE35EEE624378A4234,Los Baños,Nuevo,2026-08-13,2,1
1546,1544,C-01544,00462B41E4470795F9E61ECA4EDD3D2341BB99C9E1CF12FD07CD39E579403C02,Cajamarca,Frecuente,2026-03-29,6,1
1547,1545,C-01545,1D9B782119E5DCCAC501486D6CBB9B01B9D982C8E583EC1633CB6DB5F0682E6B,Cajamarca,Nuevo,2025-11-16,10,1
1548,1546,C-01546,0792B6DCD76CA220A7A1D166C54472448A201E4F9930BF5EABC6EB98AC505AC9,Baños del Inca,Frecuente,2026-03-18,6,1
1549,1547,C-01547,142B1A5DDEE58020CCC2CA003739F77EC53D5C308B007CC5D5C0CCA83863A5A0,Cajamarca,Frecuente,2025-08-07,14,1
1550,1548,C-01548,13777DF1C9C2D142A790C1B758E6D91956A0C8D4E955063DB6FBA7CE3ECA4EAB,Cajamarca,Nuevo,2025-12-18,9,1
1551,1549,C-01549,9BBF5F1D9DD26D63AB02918802EAF2F6F2985C3AF1C1A171D256B4BB67222DEA,Cajamarca,Nuevo,2026-01-30,8,1
1552,1550,C-01550,DE33B1182B90F617E0745954C31EEF10479437CA7B7C4BE7B2E965A5BF47288D,Cajamarca,Frecuente,2025-12-17,9,1
1553,1551,C-01551,74AF3C5800385ED89729E4B466A10A6F5E008335F14B4C4854E3D57739A37C01,Cajamarca,Nuevo,2025-12-09,10,1
1554,1552,C-01552,1B24ED309B65D3E77D189EAC6086465127B15FE59AA3B702873D60487BBF63CF,Jesús,Frecuente,2026-01-27,8,1
1555,1553,C-01553,04684FFB4C5A4EF2BA5BEBAE26295E69097D06A5D2E5F0B26CB30630C96D882F,Cajamarca,Nuevo,2026-01-15,8,1
1556,1554,C-01554,E8274CD6E845B64BD4BE2C6F2AC48C561159CAEED5F69930A4864E186B9E6618,Cajamarca,Nuevo,2026-06-03,4,1
1557,1555,C-01555,7223413C8538B197A62C9470B9A5786BD1758CEA77FCDDDBC6FF88B26DDE41BA,Llacanora,Frecuente,2025-09-17,12,1
1558,1556,C-01556,A6E2582BCFD6415878AAFC6DFC56F9ABBAA201E532A36BD9CF47D70F46A27CE5,Cajamarca,Frecuente,2025-10-16,11,1
1559,1557,C-01557,74FF72023DA1880DF91A6335409A7A441F34B36D62842C2DCBAF1E53151FA833,Celendín,Nuevo,2025-08-05,14,1
1560,1558,C-01558,F76C7FE64ECB8F6F9227903417E01671BCB9BFF95789B76F91D606D7A59B9139,Cajamarca,Nuevo,2025-09-17,12,1
1561,1559,C-01559,D4445D05C4142914F4EEE32D4B9228A7F254210974E98A30736AE3CA0CE81988,Jesús,Nuevo,2025-09-13,12,1
1562,1560,C-01560,D079CB2399FAC3B06AAE7C2BBA4253C439B029EFA49D24A3FD654F6F0535A00F,Magdalena,Nuevo,2026-08-19,1,1
1563,1561,C-01561,04B2FCEA130187AB5A3B6884C3CDA9A881BD10D0F5226ECEDF0D8258A0165983,Cajamarca,Frecuente,2025-11-11,11,1
1564,1562,C-01562,794A2B89773C10D43B625E4F160DB344B350E9D9ECD437599AAC6AF4AFFEF604,Cajamarca,Frecuente,2025-06-07,16,1
1565,1563,C-01563,62B4B594CA06FBEA8D0F4DE408A22E7917E25D239EA6C32C65A9D2E245BE4C64,Cajamarca,Frecuente,2025-08-29,13,1
1566,1564,C-01564,06AC34F5AD13278DB1A1ABC6FC8F9515A7EEE626862A922A8EF2FBC9408FF6E4,Cajamarca,Frecuente,2025-06-14,15,1
1567,1565,C-01565,4CF5AC853DD0E4C6EA0B56BED679C5F1052DA4B92686A34C3F990818393D6C81,Cajamarca,Nuevo,2026-05-12,5,1
1568,1566,C-01566,5DD6373628E14E5B848005157F2A7DCBABF9B138218FCE5D7AD06D954A27A439,Cajamarca,Nuevo,2025-09-18,12,1
1569,1567,C-01567,385358C6FB73CD259E64A2296F164CDB67CE63B459510310EF6F09C270D46031,Cajamarca,Nuevo,2025-12-24,9,1
1570,1568,C-01568,888B386323EB2ED9BA6BA7856D65123606D165C87B48DD2DF621EDEAC5BE8DEE,Cajamarca,Nuevo,2026-04-30,5,1
1571,1569,C-01569,685918FF26080F8CF0746262EE1964D50D51060A14FB93227D4927F16F25863A,Cajabamba,Nuevo,2025-07-16,14,1
1572,1570,C-01570,6D7392712923374BABCD23AF56B963B7EA740AA18A596AB432791190661983C2,Magdalena,Frecuente,2026-05-01,5,1
1573,1571,C-01571,90275CDF377FA102573C85942A334E07C1708369C7218475192C8314D9387FCA,Baños del Inca,Frecuente,2025-09-23,12,1
1574,1572,C-01572,010AB59CCF58207D3DEF8DF28ADC6538A23C40309420C50A5DB1C2D60B74E2A7,Cajamarca,Nuevo,2025-07-18,14,1
1575,1573,C-01573,42E0BFC0C6B3AB20FD2ADEC9460C1FAD2AAA4073B4AE3712BE27A90CFEFED294,Cajamarca,Nuevo,2025-12-30,9,1
1576,1574,C-01574,8E8536D8A99A7DAC3E5FD0380A28FC828876CE884AD9B7336FF3705C541751B8,Cajamarca,Nuevo,2026-08-06,2,1
1577,1575,C-01575,4863FDF05AF96CC51262173D7FF252E195EA60D520CAE51CA771EA61A258ABA6,Celendín,Nuevo,2025-11-08,11,1
1578,1576,C-01576,8D52CB08DA1C054C1DEA7EBE753BEB838A0D97705CBBDA674E1823570D402A3F,Cajabamba,Frecuente,2025-08-03,14,1
1579,1577,C-01577,2CCECD77E7C76C49E3818CF5790565A71BF72CB3A7034ED3E43057077892CDC2,Cajamarca,Nuevo,2026-05-28,4,1
1580,1578,C-01578,D3D6E9A982FACD862C0099A51A99F5D496696D18916FF4C5A3C3E18AAA01E0CF,Los Baños,Frecuente,2026-01-25,8,1
1581,1579,C-01579,10C100E9DD041458D01C4596E7E6D21A13C11F9D0A70591BB1C2EC8B318F3A14,San Juan,Nuevo,2026-05-27,4,1
1582,1580,C-01580,3C4B8AD172B65ADA4B949F3A8FCF41FA46090B7AA77EA757A6DEE9DB0CD3EB2F,Baños del Inca,Frecuente,2025-12-11,10,1
1583,1581,C-01581,38B6060E0E966C7691E31D4594348C1ABBCAE3D1D71E54DA554974A3BC27B04D,Magdalena,Nuevo,2026-06-16,3,1
1584,1582,C-01582,02B4CA1A33A09BA1C85477A70A18A8596983776105128613B1FB6D9343BD872D,Cajamarca,Nuevo,2026-05-08,5,1
1585,1583,C-01583,8A83AEF794850518A4549E716CDD141BD0E97994EF963527DC02D8E671606836,Baños del Inca,Nuevo,2026-09-07,1,1
1586,1584,C-01584,848DC74F6578DD5A75739C6A2279599ED2AE4840DFFD8CB4C1ED05D17CA451DD,Cajamarca,Frecuente,2026-03-02,7,1
1587,1585,C-01585,9F1CF3EAC91FC2A4FE75F662836FE8D2ECC2E44E373C4111FFE9E0EE4A204C8D,Celendín,Nuevo,2026-07-20,2,1
1588,1586,C-01586,D9E0EFFF04B440E69998CFAFFD1904944B8D895D00567328EA49974B5EA0FBC9,Cajamarca,Nuevo,2026-05-10,5,1
1589,1587,C-01587,CBC0F727E906F35AF360E501D74511D2F6825A7CB95A930CDFCADC4FD42CA1AC,Cajamarca,Nuevo,2025-12-30,9,1
1590,1588,C-01588,5416ABB094AA945AFB0CC5EE2A306DF5F6CB2C0C119AF46DD5DBD6E20656AB5C,Cajamarca,Frecuente,2025-10-11,12,1
1591,1589,C-01589,B19BE143A46CEBE880CD6EA46E115CC92E12D265E5054D1F1130457D22B5DD1C,Cajamarca,Nuevo,2026-03-19,6,1
1592,1590,C-01590,C627E18C0627A8DD2381148EBFE94EE02176A96338B7C0FBA31EB2904F04668F,Cajamarca,Nuevo,2025-12-02,10,1
1593,1591,C-01591,C48B541B3B0E30A987C09FD20085D0836E67C799C4D0B85A8D528205B99B4C60,Cajamarca,Nuevo,2026-06-01,4,1
1594,1592,C-01592,11F4CE5E12520C6CECEBC4F13BBBA93AC49555C0BCC182A15CF5CE2C19CEAEE0,Cajamarca,Nuevo,2026-09-12,1,1
1595,1593,C-01593,91F3C6C25631F5EFD759F34B130C4F4C57C576DCF4CC0AB5AE024EBEF408D715,Namora,Nuevo,2025-11-04,11,1
1596,1594,C-01594,4E7A1E6C5A84766015A4DB17A2C6B2427669C857722077FAA53F768346F9BDA7,Jesús,Nuevo,2025-12-02,10,1
1597,1595,C-01595,7DBA07EDB0AD0CD673FDC1B006148B5B78FD99C1924EF3B95EE5CF3B85A6B5AF,Cajamarca,Frecuente,2026-03-15,6,1
1598,1596,C-01596,57A3244A53DD9CE25746FC949B183611989099FBA415E32F6BBFA24E6E1E0C4B,Namora,Nuevo,2025-09-12,13,1
1599,1597,C-01597,112B6E9EFA0A1CA23E1171264CC87AD4EAC595BBA47D3C4D4649CB8AB6FED6BC,Cajamarca,Nuevo,2025-11-25,10,1
1600,1598,C-01598,49A876A1E6443F87EE7DFDE9C7C0F31945948831802ACD7F25E056ACBDC41C47,Cajamarca,Nuevo,2026-02-12,8,1
1601,1599,C-01599,2A62D3AB5E260BFB4C5831F05BC2FC8744FE0254E3EF974C1E49B6165E5E7934,Cajamarca,Frecuente,2025-09-21,12,1
1602,1600,C-01600,95EF9C2F3374C084D75D1181A254AFCDA87D79F7F4792686A8D578F0F5F90E29,Cajamarca,Nuevo,2026-04-04,6,1
1603,1601,C-01601,21850BBB1BF58A4DE2D6734B43C07AE249D68CCC0B1643FA5981363446EC7D7B,Cajamarca,Nuevo,2025-10-23,11,1
1604,1602,C-01602,85BF9B0B7A6CB768BBD803D288E69F8F33F8DCEB3FE271124F72E55A770DE579,Cajamarca,Frecuente,2026-02-19,7,1
1605,1603,C-01603,FCDEE61B10744BF522CFC0D1F5339E51962EBB673309257F1744AB5E9C26CE09,Cajamarca,Frecuente,2026-06-21,3,1
1606,1604,C-01604,B55D15F6C84E5730FDD154035FB0CE825C6BDF1F7EFD44EB967065B050830706,Cajamarca,Nuevo,2026-06-13,4,1
1607,1605,C-01605,C6799EBA5EB51F293F9004134C57DA9F189C7E894E38E22787CC201581EF7AE3,Cajamarca,Frecuente,2026-05-15,4,1
1608,1606,C-01606,789BEC45ADAD2C9CA463A4709B81B5B0D1888F4DAA9F13D48034E795BFA36686,Cajabamba,Nuevo,2026-05-22,4,1
1609,1607,C-01607,B388115E3C83B70C120455EBD2300C60E368FD301566BC04246E9E133596936A,Cajamarca,Nuevo,2026-06-05,4,1
1610,1608,C-01608,899B8FB21C56F1538501CA96AE943AC163CC8644BAE9B7BF798B9F74A8CAF686,Cajamarca,Frecuente,2026-02-28,7,1
1611,1609,C-01609,9786299D4ADFE72BE3448AC413E0FDBDAFB2DBF18BE665220D03D7A3062B4CD0,Cajamarca,Nuevo,2026-03-03,7,1
1612,1610,C-01610,B6B59A1E0085A8A31F6B82024F95D4542B5F5D7B31E7B6B0C6933DF0F2608CCC,Baños del Inca,Nuevo,2025-08-10,14,1
1613,1611,C-01611,76DF963C2F73E9991E1728E13F2C314949F6882C5C722DF2A032DB121E8B5D07,Cajamarca,Frecuente,2026-06-11,4,1
1614,1612,C-01612,E02A4A57B56782D16EB09501289E6407B4C28B15FC884BE7EAE2CDA254468804,Cajabamba,Nuevo,2025-11-29,10,1
1615,1613,C-01613,51F07B29F3D9C2D56EC5D68303C59B9CF9AEFE8DB6A844E37315E38127DDE8F4,Cajamarca,Nuevo,2025-10-15,11,1
1616,1614,C-01614,C5620C1325BFE1FFDC1853D2F26F5D71F78C532C6FFA49DC5BACEE739B120F37,Cajamarca,Nuevo,2025-09-03,13,1
1617,1615,C-01615,2ABB964E6E6DB223814AA241085A9C1CC6491ECA59B012ED6C107F4805A40A5C,San Juan,Nuevo,2025-10-28,11,1
1618,1616,C-01616,23EF8B008C93D8E5C97A57B5C22A2D958BD6B9DEE32B4FE3DF75C171F01E9BDB,Llacanora,Nuevo,2026-04-27,5,1
1619,1617,C-01617,C3596B6403FAC95CF1DD5B44E763A10DF4FC39BE989967804210B8B59C214943,Baños del Inca,Nuevo,2025-10-05,12,1
1620,1618,C-01618,,Llacanora,Corporativo,2025-12-24,9,1
1621,1619,C-01619,A19547CEB113805517D9F5C4283A809619C9F38514507265AE50161C41F4BC7C,Cajamarca,Frecuente,2026-05-13,5,1
1622,1620,C-01620,C9C53758471208E5D2FC0B341648831BC9C47F39EBB603043A0732038A81B7B1,Cajamarca,Nuevo,2026-04-26,5,1
1623,1621,C-01621,FB023481A6A514C02E7EE21332B5501A0E65312BE18B7BA2DF2F2D498243DF2A,Los Baños,Nuevo,2026-03-17,6,1
1624,1622,C-01622,9D83638201BB2F0C1DFB92FD27EA45371089B8CD42B8AB4D07ED946B3DB20791,Baños del Inca,Corporativo,2026-08-17,1,1
1625,1623,C-01623,C59C01764B33F39FB8EB586C21AB5614117EEF2AF13F4BFD1E726D47C64077B1,Cajamarca,Nuevo,2026-01-13,8,1
1626,1624,C-01624,F573A933F2E24DEB49A17F0D172B78370AA96B5C8A423A6A14F6BC4A6455EBF9,Baños del Inca,Nuevo,2026-06-25,3,1
1627,1625,C-01625,99649692799B925164D23DAEA2F7F02B22C238F479EB75332FC2F7ED6E4882B4,Cajamarca,Nuevo,2026-02-03,8,1
1628,1626,C-01626,84C3F5B022EC289C17919FC9B312BFADEDFAE3935ED8EB40D4D3E2C3979B025B,Baños del Inca,Frecuente,2026-03-28,6,1
1629,1627,C-01627,981631AC8D6AD8C44F1AE697F142EC33453E9E34E97687A19AC36E4313458CA6,Los Baños,Frecuente,2026-01-29,8,1
1630,1628,C-01628,ADC5055179F537B322773FE5F0975666F1491FB0CBDCAB849D1C732099F8F427,Cajamarca,Frecuente,2025-12-06,10,1
1631,1629,C-01629,9818EA7255F9BD9C8213077AC6D9DC935BE752132BC40F2E50DF4769F14F9E3F,Cajamarca,Nuevo,2026-06-30,3,1
1632,1630,C-01630,9C885CE743131AD41CDF4A349156557434E519F60D3F004408C10595184C16EB,Baños del Inca,Frecuente,2025-06-22,15,1
1633,1631,C-01631,42EF8AE80939D8ACB735C00334A8320FA52E56AA57C4918B866E4863B7532CE1,Cajamarca,Nuevo,2025-08-20,13,1
1634,1632,C-01632,98FA223B466C3F72704B9972FA3DBE5AABE1E116D23779DA3A7318D765C2CB70,Cajamarca,Frecuente,2025-11-03,11,1
1635,1633,C-01633,01AAC355ED4A33C8562DF65E99E99BDC15B828228568C6A99375F0682D101170,Cajamarca,Nuevo,2026-04-18,5,1
1636,1634,C-01634,B39798CE5DDB705382D4B6E418B7B91BC8090A14121910873BA3860C72581B32,Cajamarca,Nuevo,2025-10-09,12,1
1637,1635,C-01635,782AE272C9D267BD89EF82EB1297946F527C2C8B28E1C30D057B89516522149D,Llacanora,Nuevo,2025-12-31,9,1
1638,1636,C-01636,AE8F07163776220D7BEFFDB2A2E7182FCDC2A31543BEF1002ADEB04D7404AD37,Baños del Inca,Nuevo,2026-07-11,3,1
1639,1637,C-01637,E66113FE660D27692E37E4EB6AE649394F5B9C940CC0F6CDB343B875C9F11153,Cajamarca,Nuevo,2025-07-05,15,1
1640,1638,C-01638,100A89C7A96FF8F565BED468F3C070BD0480FB9FFE2C787283DB151B40E96B78,Cajamarca,Nuevo,2025-08-23,13,1
1641,1639,C-01639,1E2E7CFA93AF778B31F8507344D2802D370C392EED2EBBB46400FED8283276EF,Cajabamba,Frecuente,2025-07-21,14,1
1642,1640,C-01640,E53AAEA061E169FF7B85BBE898857DFD44BA27BBF8D18C060EF9195EAB8295BF,Cajabamba,Nuevo,2025-12-24,9,1
1643,1641,C-01641,D425C02EF5E1291B8B5F993ECE1869335DAD20CB953F03122165CF2810571640,Baños del Inca,Nuevo,2026-05-31,4,1
1644,1642,C-01642,B339FC610C69DF58B6FCB9105EABADF4AD42A5DA178A03E541FD656926CB9FFE,Jesús,Frecuente,2025-12-18,9,1
1645,1643,C-01643,ED589EF73478756529F061A5CA21F9CA7717597B70C3DE1E886B57AAF5D84EFF,Jesús,Frecuente,2025-11-04,11,1
1646,1644,C-01644,DB5273DB74305350CB150C220D061B0FA88B56B8B21438C7DFD07FA8EFC64755,Cajamarca,Nuevo,2026-08-12,2,1
1647,1645,C-01645,D63EE0076C10AFFCD4F71FFBC5180A7C104B1E4DECEB1A8B5D9354BD4E112337,Cajamarca,Frecuente,2025-10-11,12,1
1648,1646,C-01646,3D1E4BB42883FF4199BC051AC35E6AE15DDC27A706B91772DD73976C6AC0BFA7,Baños del Inca,Nuevo,2025-09-03,13,1
1649,1647,C-01647,C4DA17BEE259373EC4825540F8C35652C77F350DF24343DB3CD45E7DE4ED1381,Cajamarca,Nuevo,2026-08-13,2,1
1650,1648,C-01648,DA75C3A20259AEA6B1061A6641940C4BFEA443830E63C7613FD320A2BF5BD886,Jesús,Nuevo,2025-08-19,13,1
1651,1649,C-01649,3FF38004AECA28B1C11214AFECB1D472BBEF028CD310258105548E2EA6EBBB2F,Cajamarca,Frecuente,2025-08-25,13,1
1652,1650,C-01650,AAEE01A9E72F806397917CC26F7587808590E33028FBE77C99EE5FF74C9F6712,Cajamarca,Nuevo,2025-10-25,11,1
1653,1651,C-01651,B75C7E505B187A5A4A2D402F32BFCD02ADB335DE1D6611EF79AD981F8939CE78,Cajabamba,Frecuente,2026-03-22,6,1
1654,1652,C-01652,D359B1B7D3EAB8642822DF2E88C1517F7D3E06B270BF9F9C9389ED05164CDCBF,Los Baños,Nuevo,2026-06-12,4,1
1655,1653,C-01653,AE692C947EC8F144C9EF6D46C97A7AF5546A61A61C92C1786911B65BB6264E70,Cajamarca,Frecuente,2025-11-10,11,1
1656,1654,C-01654,CD0B4B5DEB5C19E2941D650A6C8A6AF37B0F34634594F9C4C895612B15A99B30,Cajamarca,Nuevo,2025-06-20,15,1
1657,1655,C-01655,D4554443A3F33BB79E83749DC6F92CF76836B6F50D3094E6980A35862852FE3C,Cajamarca,Nuevo,2025-06-24,15,1
1658,1656,C-01656,1DB4D0570F75A9AEF4D47750A9A843DAD22A736815A83ECC41FE373A40D21EAF,Cajamarca,Nuevo,2026-02-23,7,1
1659,1657,C-01657,8A1ABA2378A59E0F2E76BBF490129964D7214F97784D00050968174852BD065D,Baños del Inca,Frecuente,2026-03-01,7,1
1660,1658,C-01658,AD767E42B526462F4F5B6F465647C0F860570D30F75F7260645598A015B0C414,Baños del Inca,Nuevo,2026-01-12,9,1
1661,1659,C-01659,87D3B1373A49945CAFC072D8209AF3D2217E06937A3246832CD0E9BBBE2BF843,Llacanora,Frecuente,2026-07-18,2,1
1662,1660,C-01660,FF1366BE5C22FCF295F33F6D0C607658E429F7896830627043D3FA3F2A384150,Cajamarca,Nuevo,2025-11-15,10,1
1663,1661,C-01661,B2111E8A3549F981131D958B75EA0685E593FAB764F235D1CB531F12E6D6C805,Cajamarca,Corporativo,2026-08-17,1,1
1664,1662,C-01662,773EC7EEE5CC3C4A56EEE9490A9CAC8FE0E4CFA0EF01EC5FB6836A4761F44937,Jesús,Nuevo,2025-09-11,13,1
1665,1663,C-01663,E5C84D30418A4F61AE856561FE549ADF288DDF341E8E32A383FDED23D05CF1B0,Cajamarca,Frecuente,2026-05-04,5,1
1666,1664,C-01664,38FABBE2A40F03AC33D618722CF2E33B7DA1A058AA275DD8CF9797F558E51CAA,Jesús,Corporativo,2026-07-01,3,1
1667,1665,C-01665,CAC28D673B450BB1B60B813D39CB0E3C8A594CEA30BEB90B303874BDA1C29E6D,Baños del Inca,Frecuente,2025-07-07,15,1
1668,1666,C-01666,11C9B1979B8F3A1C2F14F833E4BA827EFB2F680005154F97A68A46F1FC622876,Cajabamba,Frecuente,2026-07-13,3,1
1669,1667,C-01667,BD4DD5022EAFD69EC07DF0CF63B865635FAB01A362C053AE8BB500DA5CC086A5,Cajamarca,Frecuente,2025-12-31,9,1
1670,1668,C-01668,ED6F09654D4B5AB557557A926CDFC0CE586ABE246A44AD8B24253EAB8BE899E1,Baños del Inca,Nuevo,2026-05-11,5,1
1671,1669,C-01669,80E1C630D21A12FB34657AEE857B4754152B07E374F4DC8223C9D744CD27AF64,Cajamarca,Frecuente,2025-10-07,12,1
1672,1670,C-01670,C58A9A6226F9A4BA28BDC034C1330BBAB4C2504E7C2D5BE75575B20C6395B0AD,Cajamarca,Nuevo,2026-08-27,1,1
1673,1671,C-01671,526F677D3971ABB62AD7ED7EA6959BA34C394D60226AED7DD75AD1D2FEE732C0,Baños del Inca,Nuevo,2026-07-14,2,1
1674,1672,C-01672,A227CC5647E95A281B1F346D93D47CE372FFCBD1A4616F4C48A2B83A6F1F8363,Cajamarca,Frecuente,2026-04-15,5,1
1675,1673,C-01673,5430A235F9130032720020A2B389D82B8CD0CA44D6460A0CA422EB24E17FFAB4,Cajamarca,Nuevo,2026-05-27,4,1
1676,1674,C-01674,2F64715914EDE294C5E187E2718719336D572F667B5737AEDA25F73C07680871,Cajamarca,Nuevo,2026-07-11,3,1
1677,1675,C-01675,93F50F4F351702FFC51256C1C7DC0A327C07AF6F2629526239008ACB062D7B97,Cajamarca,Nuevo,2026-03-03,7,1
1678,1676,C-01676,E94F8B2AF7911A734F406E7E8AAF3DD95D7CD0579CDC8BB2B0419E7F3F124A1A,Cajamarca,Nuevo,2025-11-09,11,1
1679,1677,C-01677,0E489156FFE14E0AC2767153BCBFD71482EDA5A91F33648A7950B6A633DB4A4E,Cajamarca,Nuevo,2026-03-08,7,1
1680,1678,C-01678,B4D97DB7A40A1E3CCD1E59BB7110041ABA445D4B3210DE47AD123D2D8427420E,Cajamarca,Nuevo,2025-07-03,15,1
1681,1679,C-01679,B23FEF991A158209356E113FFFCF4F0CB56DB1724969679E91D7933890D5CA44,Cajamarca,Frecuente,2026-08-31,1,1
1682,1680,C-01680,65890CD8D0074C482605328E47980B44A6B434C4B2729DFB65CF4785653DE192,Baños del Inca,Frecuente,2025-11-13,10,1
1683,1681,C-01681,BA4420AC48206EC71A59FB17F20BF2A6EA0AE66C7FF5612CDFCC9B9006E6BF24,Cajamarca,Frecuente,2025-10-09,12,1
1684,1682,C-01682,D494E2C96732C6259AC7AB8180E471D88A80E7F8169D8CDA5A2B7BFA35B0E7A4,Cajamarca,Frecuente,2026-07-10,3,1
1685,1683,C-01683,D37DF7BD9BDEFA9AC047A0050A442F2C3DCCAFC3943B43E88910E5CA13D04A1A,Namora,Nuevo,2026-04-22,5,1
1686,1684,C-01684,CE2DE125AFBCC3CA9223C77800F54EE46EB7EC3FBF623B31278CFE668BE523DA,Cajamarca,Nuevo,2025-12-03,10,1
1687,1685,C-01685,FE6E85A6EB2792619DC7C1731494433D245F3FFC7000BFC7A9C163C25F7C253F,Cajamarca,Nuevo,2026-04-28,5,1
1688,1686,C-01686,42C9D994C327B92362E5354AEE22B6C42D84717724FC220AC52DE9A95B8167A4,Cajamarca,Frecuente,2025-12-05,10,1
1689,1687,C-01687,E544587A7F1AF59D66E85490F1F39F89341C55B6B21507ADEF0EB56D222DC293,Celendín,Nuevo,2025-11-16,10,1
1690,1688,C-01688,402BA953EAC5264D342691442CFFAA9AB03AC2DFDF0167475D4D385E4F9EB525,Cajamarca,Frecuente,2026-06-28,3,1
1691,1689,C-01689,508A9822E59000A286513B1A1874A3E6F992FC33DD5AB0775ABEA5B3AE1438D9,Namora,Nuevo,2025-07-05,15,1
1692,1690,C-01690,21338AC8FF95FBFE9C8D028CB6093744BDC75DE97239DA048DA06C8B440729B3,Cajamarca,Nuevo,2026-03-30,6,1
1693,1691,C-01691,38C7FCA4D20F089B1399725F6484D3FD2873E5DF35592BCB4B3FC286BB3D4F09,Cajamarca,Frecuente,2026-05-19,4,1
1694,1692,C-01692,03B815A8B48D72904E5FBEBC78D15D6024AA0F2570334E0DAFDF8056BCADE13E,Baños del Inca,Frecuente,2025-09-14,12,1
1695,1693,C-01693,049AFC8CC88FF0439670E6E8E57BEAC05C92EBA93F3A058518700D69EAD60224,Celendín,Nuevo,2025-09-04,13,1
1696,1694,C-01694,A7CC145DE7AA4C2C5B744D99430ED562AEDEFA0B9F0678774E510710D94C415E,Cajamarca,Nuevo,2026-06-22,3,1
1697,1695,C-01695,1DAF7C4CB979BB1B30AB0B769BFEB7A6A9CE933CAD32114F13283C444F3165F2,Baños del Inca,Frecuente,2026-05-02,5,1
1698,1696,C-01696,001D4359AE726478E050848BA6F95CE4F91BFAECACDE959777394A85E43C0BE7,Cajamarca,Frecuente,2025-06-10,16,1
1699,1697,C-01697,075A8F15C07FBB6AC27BF7C7D4A9558E8E4477B194059BE9980575AE7A7C3784,Cajamarca,Frecuente,2025-07-27,14,1
1700,1698,C-01698,FE046FBB1F70501A7376B71ADF3FC28A6FFE8F887DC466CA137F2CC967A085B5,Baños del Inca,Nuevo,2025-11-09,11,1
1701,1699,C-01699,7835AFDD42E4B1DDE38E13D2AE070FA6EF3AF2235DE503FC59E7EBF424816679,Cajamarca,Frecuente,2026-08-09,2,1
1702,1700,C-01700,CE7605C2EAE393EED520112EAF5C39D7B13A570AFCA5A5ECC8B716D74DC16107,Cajabamba,Nuevo,2025-09-02,13,1
1703,1701,C-01701,7FF15C4C81280F6DAFAFFF6CCF59BF522D7B523C57C498927856A806DDF0A613,Cajamarca,Corporativo,2026-05-25,4,1
1704,1702,C-01702,B853E7374B816BD5B7C100F8F323530178D2DEAEA1A5DEA4ED6D2EEF8282462A,Cajabamba,Nuevo,2026-07-17,2,1
1705,1703,C-01703,57BD936FFD802DFF6AE27D50CF874689B019E6A06BBD0FFC5BD8E746A90A0103,Cajamarca,Nuevo,2026-01-29,8,1
1706,1704,C-01704,493FE91F69F78423AC9FD285DAB13B0E341C3D207BF2279789ACFE8BB96B4D87,Cajamarca,Corporativo,2026-06-13,4,1
1707,1705,C-01705,63869A9D72B37E78D9AEFAEE698C1CBB8C57930E510D8B4851EDA72F855BC08A,Los Baños,Nuevo,2025-08-15,13,1
1708,1706,C-01706,93511344CEF4CB3D0A2B6D0189E540C00DB7B3A066861E74E5AADB1A849866F0,Cajamarca,Frecuente,2025-11-24,10,1
1709,1707,C-01707,4B5DAA387D02419F30C2899FB3847FAE385268B0883230A84425FD43282D2F08,Baños del Inca,Frecuente,2026-08-17,1,1
1710,1708,C-01708,E337D75507782FF0801C2A0C17433C43C077830D82D0E6CAE73ED1E0E0A1C3AC,Cajamarca,Frecuente,2025-11-29,10,1
1711,1709,C-01709,3D87D26DD3A3EC5AACCBA8FA4158A9D1DF228AEE17AC25EB14AB01087AC02E0D,Cajamarca,Nuevo,2026-08-06,2,1
1712,1710,C-01710,2A5EB7FBE2EDD6D2EDAD060CC3E180AA5084FB655E64EAEE6ABB2D18A3CE9C6F,Cajamarca,Nuevo,2026-01-26,8,1
1713,1711,C-01711,FB415A94F05BA1EF948ACA65FF1D0752F55E5434919A7BFE6CBD35C2D3895EF9,Cajamarca,Nuevo,2025-09-19,12,1
1714,1712,C-01712,ACE2E74ECA5C95D4FCAF26D1DA7252CCF623CEA580CB3411BD9E5E490B4DB3C1,Cajamarca,Nuevo,2025-07-22,14,1
1715,1713,C-01713,A3BD1D1D9A6372BF00C27A37B41E6321EDF8852F063738A3ACC7A31DA9903B56,Cajamarca,Frecuente,2026-05-22,4,1
1716,1714,C-01714,5ED9739C78BDC7081FACE8D06117F5D1B485C1CEFCB6AFE1AD87F1BE579BB388,Baños del Inca,Frecuente,2025-06-18,15,1
1717,1715,C-01715,0345B38D22365FD16E432F71EDF3129B45B5A99523CBC3DC807938F257CA22E3,Cajamarca,Nuevo,2025-08-21,13,1
1718,1716,C-01716,6F5D6607DD6A8BFF8CD445FA5111443FA6AE8508DAF18E332ED38EE4743F1ED7,Llacanora,Nuevo,2025-06-29,15,1
1719,1717,C-01717,D5AD6E7C1A25FB7C313A87D84D49EC3E3C9D6A3E5E3FA39049952CCA8B669F0E,Cajamarca,Nuevo,2026-03-17,6,1
1720,1718,C-01718,4899ABB0ABDD2177A44569AA0074FAAD4C0699FEE71280CF02770628B758783A,Celendín,Frecuente,2026-06-28,3,1
1721,1719,C-01719,059B2C420F7CB2CA46B35CE1B2BBFF5FF32E1A5F77E74A4D8AD54383F5907A23,Cajamarca,Nuevo,2025-10-27,11,1
1722,1720,C-01720,16147614A1E6E0FD48358846DE6198B9DCF21D72DE441BBBAACE2425019A2E3C,Celendín,Frecuente,2025-06-04,16,1
1723,1721,C-01721,FDBFF21AD8C5FE21C760C789D13D087DAA5F544FD64B4F6899DD57809E921D08,Los Baños,Corporativo,2026-03-16,6,1
1724,1722,C-01722,C70758AC72C6E6808FB58D666537BA2DCB92698DD8C64E9E51FD3071BBB4AB1A,Baños del Inca,Nuevo,2026-01-26,8,1
1725,1723,C-01723,AAC9B8EFDCA02CD825D99F4C8852B605938F9C7A71C6CAC510A27A7D25837B74,Baños del Inca,Nuevo,2025-12-07,10,1
1726,1724,C-01724,D34936F4601FC01A3AFE0DE46DF40AB5A11D24EA4049CAD4D799506B64058924,Llacanora,Frecuente,2025-11-13,10,1
1727,1725,C-01725,D3001CE4E3D3A888704C86F2BA9F1F7B2F50064E07685F11E9E12EB8B06C2511,Cajabamba,Frecuente,2025-07-16,14,1
1728,1726,C-01726,E12D91DD0464A2A8FB35BB2591FD584AE1600032B98424091C669A2DCF0D8B88,Baños del Inca,Nuevo,2026-04-07,6,1
1729,1727,C-01727,2E092D898635FD29E4633539BD81F700D5647BF2DD0E025C3B245BAE4C1C2F87,San Juan,Nuevo,2026-07-18,2,1
1730,1728,C-01728,F31A68AB3220AF09B875B84B839030F1429E3A7C5CD0FC9AFB69EC8C3D5C53A4,Cajamarca,Nuevo,2026-01-23,8,1
1731,1729,C-01729,BA2EDE605BB9F5E2708B549F34AB02E7C37EB1E24E36D294DFDB601880FFCD36,Cajamarca,Nuevo,2025-07-15,14,1
1732,1730,C-01730,77478BDA260B4772B57312927C285F9DC06EFB258B8E1BBB60E7DA209F4000DA,Cajamarca,Nuevo,2025-10-25,11,1
1733,1731,C-01731,0E3DA6437E7DEDC83930DD951B876F3D245C05986BA686BD723BD6252251D3B3,Los Baños,Nuevo,2026-01-25,8,1
1734,1732,C-01732,D8466957EC6D1519F67812E004E3A18CC4BF26B128855C2BA262EFA82186F879,Llacanora,Frecuente,2025-11-07,11,1
1735,1733,C-01733,A8A247BB47854EAF8858E96C33A2BDA395A93FA55E31382AEAB1C16AC9FCEFBA,Cajamarca,Nuevo,2026-03-11,7,1
1736,1734,C-01734,D7913964FD508E88D8E41203BD6EFA26E8A83CC21F887624D6986CD240FFB2EA,Cajamarca,Frecuente,2025-08-26,13,1
1737,1735,C-01735,E6EC3E6E06AEE9389232D337345BFB558E52A6515FE9DF13BFC875B514B3A381,Los Baños,Nuevo,2025-11-11,11,1
1738,1736,C-01736,3A8A2C7D10CD4F76E989C81087F6E398BAFF5198D0B0ACD57367F34BA8C7AA9C,Cajamarca,Nuevo,2026-07-09,3,1
1739,1737,C-01737,8D7194C18D7D37A5A84EB30EAA6319BB49E08C73D6631FEDAA95A5A82AB2F816,Cajamarca,Nuevo,2026-03-06,7,1
1740,1738,C-01738,7BA823C3B35994707A18D1CB9E567B87F93C85345B655049DD84CABEDE2CC317,Cajamarca,Frecuente,2026-07-28,2,1
1741,1739,C-01739,A2EAB85366345CB34FA6CF3BD144486233788DD838245161D64104B9BFA94751,Cajamarca,Frecuente,2026-03-20,6,1
1742,1740,C-01740,CE9AE053604DF0D33B13A029D7E71B6CEB101FF72AD6C889C28B4F45335BA7FA,Cajamarca,Frecuente,2025-08-06,14,1
1743,1741,C-01741,9FDC31323A1646415179FD93E6168C1FA19AB5EE052C2EB1724884A5EC9AAA3B,Cajamarca,Nuevo,2025-10-23,11,1
1744,1742,C-01742,E990795121F16FBC6774146FCC65BF4697199AAE7BBDA73FD8465F35212A48E9,Jesús,Nuevo,2026-06-28,3,1
1745,1743,C-01743,29728C67DD9353B9868CCE4B42B95B6DC2A24E6D5E93E074F0E181375D323891,Cajamarca,Nuevo,2026-06-27,3,1
1746,1744,C-01744,C42BD8DCA2DF6D4236DE7A97E73AE771105D7A6DD3F6FEEC8804298C2BE87E36,Cajamarca,Frecuente,2026-03-18,6,1
1747,1745,C-01745,AE1D4851EA1E465963C5C1016444E27A6A0334A6B4FD808A9C91D26078F43179,Magdalena,Nuevo,2026-07-24,2,1
1748,1746,C-01746,3A15E86ACFDB17FD990582EBFF39D6056D0ABFC55EDE1FAAEE2057BEA2F5FD79,Cajamarca,Frecuente,2026-04-22,5,1
1749,1747,C-01747,7904B8C76D7356556ACBA25723E134196D008DF934F38A43489CD486257D6954,Cajamarca,Nuevo,2025-12-09,10,1
1750,1748,C-01748,8FAFCEE4D0A6556E04F01F663109E7286D4746A59D7AF4433A2775000E0D2FC0,San Juan,Nuevo,2025-10-31,11,1
1751,1749,C-01749,E499DD3A11FAFAF6A24ECFC5DA6DEFFD20F4668C357737723299168445A33525,Cajamarca,Nuevo,2026-08-02,2,1
1752,1750,C-01750,5D45FC12011163F278225C2D253430D5085D30AC9FD9A0DD79C9BE03E0E25E53,Llacanora,Nuevo,2025-10-23,11,1
1753,1751,C-01751,9025567A9066ED11666AB4371CC3390F996BBFE0516D60693F10F0C600F89B53,Namora,Frecuente,2025-06-27,15,1
1754,1752,C-01752,E6D054ACCE53F3A784EFE0808267FD0B69D13448181FA4F048B9964ABC3B8D57,Magdalena,Nuevo,2026-09-09,1,1
1755,1753,C-01753,C5B9E63B879DB5CA69B8A04E0F90E8C3B411F02C170CF273A64CB2DF09D3398E,Cajamarca,Nuevo,2025-11-09,11,1
1756,1754,C-01754,641F1458C1E7D6EEBC8C46C3FBAAF6B0CD4D2B79D6B30D83582D2E45A90FACB2,Llacanora,Frecuente,2025-07-15,14,1
1757,1755,C-01755,6ECE9C60B7193AFA638E474E8800239C0C44DDA927B662E84AA2C1E784B23DF1,Cajamarca,Nuevo,2026-01-15,8,1
1758,1756,C-01756,1587A84F32D580CEBCE3FAD0C8B81433D6DCF6C2DC70DF7BA51480EEBEF99630,Cajabamba,Nuevo,2026-07-09,3,1
1759,1757,C-01757,8848D01B286C6EE05512AB2D40075A1356189B920FF79D8D71C258D656A4A1B2,Cajamarca,Nuevo,2025-12-22,9,1
1760,1758,C-01758,AA68E54A8C6E7DD473829FAFB18D53623B7220196C4B61F93EBFE4B0AC23F16B,Baños del Inca,Frecuente,2025-09-22,12,1
1761,1759,C-01759,4862F9C7ED1D036D32718D29FAAC3CE57D53BAC048FE11EA181328861A25C4AA,Cajamarca,Nuevo,2025-06-11,16,1
1762,1760,C-01760,179B4768ECF881AA5C2C82A1B0693295D5926D10009865118EA1D4A6862FA8B3,Cajamarca,Frecuente,2025-06-26,15,1
1763,1761,C-01761,ABD9CD6BEC475E06F9EF40AD2DC612AB7297EEF269C6A105017469F9A0D9E0F3,Cajamarca,Nuevo,2026-04-10,6,1
1764,1762,C-01762,810DB1F27EC955E5E9E271F18C1FDA398FF02A0E4467DE2BC67F2EA0D72B772D,Magdalena,Frecuente,2026-02-10,8,1
1765,1763,C-01763,B6353100645E0AB3FFA058295B8729F24F13065C94E042914583662D4969C6EC,Cajamarca,Frecuente,2026-07-17,2,1
1766,1764,C-01764,267DC5FDE45CBDDCEB0A352D7A3733B08631A8073418826937EEFF297BED6ADF,Cajamarca,Nuevo,2026-03-07,7,1
1767,1765,C-01765,639CDB8864F4B404C7021B7F3ACA237CDDF60463B765357E115AC749D3B18845,Baños del Inca,Nuevo,2026-05-03,5,1
1768,1766,C-01766,976A4F940A0BB77DC96E1D89E44FD5226DC3A0EAD8A7E3D796645A9B56BFE56A,Magdalena,Frecuente,2026-03-16,6,1
1769,1767,C-01767,714466513F514ADC3D32F048543724032CDB6D2E0D73139BF22F1C3F1C334284,Llacanora,Nuevo,2025-09-08,13,1
1770,1768,C-01768,FBC419393D0680B3DC6521ECCC7CC019D0015F74EFC61CF99FDB69F971F27989,Baños del Inca,Nuevo,2026-08-11,2,1
1771,1769,C-01769,83FDB2F25715AC52BAFE378F46E3944DC6C82BC55FC0C40BD30D26A04DF17059,Jesús,Nuevo,2026-05-05,5,1
1772,1770,C-01770,D4696F2DE5070D3DFD3DF0219CE250C2E4C5E5D6C89470789A64BC664D746CA6,Cajamarca,Frecuente,2026-03-15,6,1
1773,1771,C-01771,403CFE92FAE1F5E2D8E560E4E36AE82F143C88F77002D164F22BA90BCE049F31,Cajamarca,Nuevo,2025-08-14,13,1
1774,1772,C-01772,C93B19C7F5667BB085C6D2EC244917958C21E6BF6A85FE3F4DAB401B6CEB877C,Cajamarca,Nuevo,2025-10-20,11,1
1775,1773,C-01773,A28EEB92353B25607EE5E9B2B98A56E183776671FB432A279004BBFB480F5F28,Llacanora,Frecuente,2025-08-10,14,1
1776,1774,C-01774,0EEB4D75AF5FE4D3A7BB439D44E892609B09AE82CC5C11AAFE7304719A280794,Baños del Inca,Frecuente,2025-07-26,14,1
1777,1775,C-01775,5CF0D3CF8F745E49BEE513E95BE3E3579C3E77500FC9043A4F108910C3F390D4,Cajamarca,Frecuente,2026-04-15,5,1
1778,1776,C-01776,0303B1907A0377FB53CF4AE31608C840BAE62B77C0EE8414A70B072A848044B9,Cajamarca,Nuevo,2025-06-18,15,1
1779,1777,C-01777,714D32FCE30B7210EBE2A8FCE1E771550E973E17C85BE0B9CB2B356FBC80B880,Cajamarca,Frecuente,2026-04-21,5,1
1780,1778,C-01778,86B4B1B678E2679F1858D4D52B394143646BFA6C2A9C7AE6DD7002A8DDED4AAD,Namora,Frecuente,2026-05-24,4,1
1781,1779,C-01779,F5A4B3FCECDD8B57E07C636ABFD0B76C688C8588C9B572F2A4B4ABC8986B0586,Jesús,Nuevo,2025-09-30,12,1
1782,1780,C-01780,47675CE7C21B1BF9E329284C595ED6E73B5E4BDCFA82E3EF34005EA95FF3C2ED,Cajamarca,Nuevo,2025-12-29,9,1
1783,1781,C-01781,990238642DA7683EA4F7A8070D1D8DB634C2A73E65E6371B3848E81865671EE5,Cajamarca,Nuevo,2026-03-11,7,1
1784,1782,C-01782,B437EE2E56DAECC15B7DF69A2801E4F1928E345B3E2156C8487E76988E823691,Cajabamba,Frecuente,2025-06-23,15,1
1785,1783,C-01783,8D3317940BFB273160A7C3C618D3F387162E026E9559702573993357DCED2BE1,Baños del Inca,Nuevo,2025-11-14,10,1
1786,1784,C-01784,86ED97D9A1E5011DAE6008DAD81CFAED3593B2CABFD60A501C87E2EA201D2F24,Cajamarca,Frecuente,2026-01-24,8,1
1787,1785,C-01785,1D741FD1ED53D09057F69D380968DCD670D041CAC8996AFB2BBE029CB399DFFE,Los Baños,Frecuente,2026-07-08,3,1
1788,1786,C-01786,84DF1D73C8F7E03984117B56D1D3FE115899B2233AEB44BFD33C6508AC7EE2D5,Cajamarca,Nuevo,2025-06-25,15,1
1789,1787,C-01787,96D93707004BD13361E688A4149B3325DCF06C5DCEDBBE0131C67C870FAEA849,Cajamarca,Nuevo,2026-09-12,1,1
1790,1788,C-01788,D78462746D11303DF2D126D35D4177F9EDE191C17F8082807C4D1E53B29FE20A,Cajamarca,Nuevo,2026-03-29,6,1
1791,1789,C-01789,495468379BCDA87F2B5106F2005F8C5CFD5C8C00AEA53B2AAF26EE82CC9669EF,Baños del Inca,Frecuente,2025-07-04,15,1
1792,1790,C-01790,4EF7C328308C7EE1A32DFA8FF5D3F3EEE044DA014830F745300265C5C3AF1303,Baños del Inca,Frecuente,2025-12-17,9,1
1793,1791,C-01791,57ADAB62D042C85DA4AB372C315D488E0184C480D6774B5B62FCB22307AC4292,Cajamarca,Nuevo,2025-06-27,15,1
1794,1792,C-01792,8DA0CE258A2AE8E505F460D386BA97FB0EE5B88884056DAB6B7C69FF70E2522B,Magdalena,Frecuente,2025-12-31,9,1
1795,1793,C-01793,FE2903BB64EDDB208894A34A24B18462AE88A93005BB9FEFDA66B88403968151,Baños del Inca,Nuevo,2025-11-01,11,1
1796,1794,C-01794,8D056B5404746D0921CBEBE2CD2DB24F6860199F4DC4A27D5A37FD0094EB1DF4,Cajamarca,Nuevo,2025-08-15,13,1
1797,1795,C-01795,A4732B3ACCAB2D9A64E89D8B7CEE976291D50A40C1F0D6CA187E75613C028B6F,Cajamarca,Nuevo,2026-08-12,2,1
1798,1796,C-01796,C10EEDF849D3F94845C23D7E87C739CF876EAE6423F10B5382741A420D7921F2,Cajamarca,Nuevo,2025-11-29,10,1
1799,1797,C-01797,34782A45484A6B24D98D073295067510757F50C3B359CFFF68FFA853AEBFFA02,Cajamarca,Nuevo,2026-04-22,5,1
1800,1798,C-01798,0B0FD572A99DBFBB0082DE9918F2024DFEC416E5331EEBF0E4D415FE38759A57,Cajamarca,Nuevo,2026-09-13,0,1
1801,1799,C-01799,41C93796DA7DA2208DD4473DAE4827DF47E8AB5543E589F4FD6C5B34CFF68546,San Juan,Frecuente,2025-10-15,11,1
1802,1800,C-01800,032C093F1D1B688C5AB320B825B3A9A981D2588E46A864B1D96933218167E8A8,Cajamarca,Frecuente,2026-01-04,9,1
1803,1801,C-01801,B05BE2039D93267993387B0F82666E44A628924F06318DE21E76497998AAC6B2,Magdalena,Frecuente,2025-10-26,11,1
1804,1802,C-01802,92CB2C467F6AAA03CFF159DBFFD2632243DFBF3B3344E327C932A8348E33CF23,Cajamarca,Corporativo,2026-02-01,8,1
1805,1803,C-01803,C2ED4181086763CCFA7D4E0F4431FB37EF5A2A6EEC5F516E1C3BF1FD6D5994F8,Cajamarca,Frecuente,2025-09-18,12,1
1806,1804,C-01804,AD909AE6E54C131CCC9D61D96BE29FC27619555CF9C3DE58B5ADCC7F9D210672,Magdalena,Nuevo,2025-08-31,13,1
1807,1805,C-01805,13FFECBAE54CCE6C9E51FE94297341D254E9CB924AAA6F4194953BBB382BBDF5,Cajamarca,Nuevo,2025-07-25,14,1
1808,1806,C-01806,F2C08249C71D24E72E9F2E4B6A71DA1209CB36A0AA3FB3831F57C69B172E74D9,Baños del Inca,Frecuente,2026-06-24,3,1
1809,1807,C-01807,4CE54A6C320D90D806A0CFDA9533281B0C9DE008C89DDFBA63B2586AAFBC7B7A,Namora,Frecuente,2026-04-07,6,1
1810,1808,C-01808,0122B1D84AA7064F576C2AB438402FA6C86381EF4F37C7D89D9F8400B628D01A,Cajamarca,Frecuente,2025-08-26,13,1
1811,1809,C-01809,18C9A96663B1351EF37BB504DBC6E1DD23BAEBEE7803F50688A05A88237CDC2F,Cajamarca,Frecuente,2025-11-27,10,1
1812,1810,C-01810,D94D459467C8836D767D7E11F63F9E19054516F14A6C5B504A67F2D337FE955C,Magdalena,Frecuente,2025-11-11,11,1
1813,1811,C-01811,959D32ECBD0DC6E55CAE8D64548E80F53643465923EA736B1401DDDE402EA6F0,Jesús,Nuevo,2025-08-22,13,1
1814,1812,C-01812,D9C799F234D935EA75C81E26B5F7DB9892937240E16A6ED33628903F371A8359,Cajamarca,Nuevo,2025-08-04,14,1
1815,1813,C-01813,AB0E77C97D5CA9FA7D384CA95223495DDCB13790BD2466BEFC0AB3E271E9175B,Cajamarca,Frecuente,2025-08-26,13,1
1816,1814,C-01814,2E7D6CB9EEA3C729B3811911765AB76573F4FF080A0439DC7E8372C376E53202,Cajabamba,Nuevo,2025-07-20,14,1
1817,1815,C-01815,C6C3936E3127D173B5551331E13D26D58B3E13BF4CE6546CE3E6FF17802A041C,Magdalena,Nuevo,2026-07-31,2,1
1818,1816,C-01816,EF25B2A0B80A759A7A3341886F3AC033522022F40EF17A884F5F01B84B690C45,Cajamarca,Frecuente,2026-04-03,6,1
1819,1817,C-01817,4464219854B350D10F39229044F2A87B91BF35F13495EC932612496140A41CDC,Los Baños,Frecuente,2025-10-20,11,1
1820,1818,C-01818,52A5A8CAF9BC1C9C4D78F7935ED73BEDB32032BFF476F79389552CCA0328AEB6,Magdalena,Nuevo,2025-12-31,9,1
1821,1819,C-01819,CA34CC7340E3641B7E5B8F65384BD3B0EF8781CCF80B91056850982C4E7E78AE,Jesús,Frecuente,2026-08-22,1,1
1822,1820,C-01820,CCCAAF547C5B4A3959D398DC49051999C9D9CF19CA7E5768B47A3BAC6B291B51,Cajamarca,Frecuente,2025-08-27,13,1
1823,1821,C-01821,6AC15A3480B9D727367B90E4E11A62E2FF760CF02E2143A3C1F26EB532B46EB4,Cajamarca,Frecuente,2025-11-16,10,1
1824,1822,C-01822,6328B4162D25D8D7CBD3CED195F4BCD168C0B4AD4BBF38789CF09571AB529B22,Baños del Inca,Nuevo,2026-08-30,1,1
1825,1823,C-01823,5722A359A2EBBFDA580E12C3B446944D1C70A76F743775AB0D4636758E84CEBD,Baños del Inca,Frecuente,2026-01-24,8,1
1826,1824,C-01824,,Magdalena,Nuevo,2025-12-09,10,1
1827,1825,C-01825,0FE563303816F5584CB42B270BB80573ADB0EE048CDE697208AA10E53CB36044,Cajamarca,Nuevo,2026-01-06,9,1
1828,1826,C-01826,73136EE44AE2698E5A8FF8B86531C87B3486C05EED6C7A98CE72BBAE61DBEA57,San Juan,Nuevo,2026-03-20,6,1
1829,1827,C-01827,5B30F3F900708426F8B05E6F31D1AB7BB3EC1E44BB5C4CFBD9998BEA0BDC369C,Baños del Inca,Nuevo,2026-02-19,7,1
1830,1828,C-01828,FCB1292EE17E49C8F8CEC142DC6FB0142EDD4FBA98DB8FAFBB82DDB34AD15C30,Jesús,Frecuente,2025-07-25,14,1
1831,1829,C-01829,F3C500465B5E756EE496368F2C8C3686D295AAB72BF067F5F0023B25793B565C,Cajamarca,Nuevo,2025-09-18,12,1
1832,1830,C-01830,0909EDD3145CD929D006B2579BA077C760659742A254D4A1B235F7376A70812C,Celendín,Nuevo,2026-08-24,1,1
1833,1831,C-01831,5035FB4CAD77C22F49A957689CDAA2B1E8AF205FEC636BEC854B1D581AC32561,Los Baños,Nuevo,2026-04-01,6,1
1834,1832,C-01832,5DBA94EDDB8F18C4212B2B9FAFEE277E2A202F399F97ADA60C211ED4B03E11CE,Cajamarca,Nuevo,2025-11-06,11,1
1835,1833,C-01833,238AEEDF7BDEEBB14A540F86279DB0456E63A82BBCFAC5916C8AB17D0872A728,Cajamarca,Nuevo,2026-05-31,4,1
1836,1834,C-01834,5D2A81EA5C5BA39CFC5128EB36A6A84628311C0694D416D20E199C37099FDE59,Cajamarca,Frecuente,2026-07-30,2,1
1837,1835,C-01835,A4507817EACC43192A029167D4392D09513D2CEF27B898C3C92C1AE497EC34FF,Baños del Inca,Nuevo,2025-12-13,10,1
1838,1836,C-01836,6170AC08870A798BDEE8A839F9FADCD6033BCDC52658DBE97853DB676602A541,Cajamarca,Nuevo,2026-07-12,3,1
1839,1837,C-01837,86BC2B83BA54A809D7C4CE4430DB27307B9AF7409BDFBEA335444E79E02EE6B0,Cajamarca,Nuevo,2025-09-02,13,1
1840,1838,C-01838,CC27AE36725DF8DC7054E38206DBDEA1EC92C87980DF0C259FB3F22E7849E598,Baños del Inca,Nuevo,2025-11-18,10,1
1841,1839,C-01839,B5CB0DBD1DBA19F3AB45F2093FA0BAC736AD65262846745F7837D107AA3D3784,Cajamarca,Nuevo,2025-07-19,14,1
1842,1840,C-01840,D0BD0711C79073A484C99A7F1A7B31F1AA02ABC29D3C6EC725C77119ECE0CB12,Baños del Inca,Frecuente,2026-05-16,4,1
1843,1841,C-01841,BF2759CE21E188656A8C6532E64EEB670490BC25B6817DF2219F27B4123F8B79,Celendín,Nuevo,2025-07-20,14,1
1844,1842,C-01842,4E8498EF3C504B0894318D3B422811F32FD43E1B2BA910675E467644A995C89C,Cajamarca,Nuevo,2026-08-02,2,1
1845,1843,C-01843,9C87A67186D3E7F63D30F1C746EBD0440F8F38CED0CEE7161FEA75C9053865CF,Cajamarca,Nuevo,2026-02-09,8,1
1846,1844,C-01844,75CDBCF2842BF5271CF8260773572A525E4390ECDA5E296D137663616375948F,Cajamarca,Nuevo,2025-09-17,12,1
1847,1845,C-01845,7313A42225B2C4A4CAD4E4174ED5A25F1ACEA55DEF860028BD1D137D10996244,Cajabamba,Nuevo,2025-08-10,14,1
1848,1846,C-01846,BF5E568B38F38CEE843D60D28293F6B827D129513A4D33C84A0AEA9BD259F5F3,Cajabamba,Corporativo,2026-04-30,5,1
1849,1847,C-01847,69A078F96157FD2EEFD3492242D26F59CCB0CE9F01018BA874159BFE4E99DF30,Cajamarca,Frecuente,2025-12-19,9,1
1850,1848,C-01848,B53216D0FA8BD6C4A5BAE985E4B4D6A675D4805F1C0D1265D9AD497263E45802,Cajamarca,Nuevo,2025-10-21,11,1
1851,1849,C-01849,41BF7C221C6CC0F4329C0219BCD4E43DB0ECCB4EF8E26E4F5A331C2288CFE291,Cajamarca,Nuevo,2025-11-18,10,1
1852,1850,C-01850,57C3011DC620EC8AB65BA8A6A033FC641E8BF920A20B5FEE8456317696D634D3,Baños del Inca,Nuevo,2026-08-04,2,1
1853,1851,C-01851,44047DF434BFB1CED111361C458DFE88C3B1ECBF45D1678049E03FC34803C8E4,Namora,Frecuente,2026-04-04,6,1
1854,1852,C-01852,330391CC5D671ADCEE05A6D71B49AD4DAACA93B5D4DCBC76F0C561B9534FB3F9,Namora,Frecuente,2025-08-08,14,1
1855,1853,C-01853,125D66776FE9CFD53303738913E3709CA1CB4B3240C96DB35F7D37164DBD9AE8,Baños del Inca,Nuevo,2026-02-24,7,1
1856,1854,C-01854,22B1BEE4E5E2470ADC1CCBDBDA8DA69CF18A918CA1254275704FC0A079196328,Baños del Inca,Nuevo,2026-06-14,3,1
1857,1855,C-01855,1CDF0E030B4397FA6CDBBFF13823674C65599F05B212EB21098269380A378D51,Los Baños,Corporativo,2025-10-21,11,1
1858,1856,C-01856,DF778C69EA62EA346AC0E50DAD2E9661CAC42305177ED6AFF452D961BF928511,Cajamarca,Frecuente,2026-05-14,5,1
1859,1857,C-01857,0F999C5812D4410B97B68E17AE9B37FA659F1564B06468E4575CEB25E2BB9188,Baños del Inca,Frecuente,2025-09-18,12,1
1860,1858,C-01858,16A5C8554E94B64A256901E6853D4226BAFF9D85365C8BC8746D7BD45E1FC06E,Cajamarca,Nuevo,2026-06-30,3,1
1861,1859,C-01859,ACC93ABBCB97B502B55D1A37F8A67B7879CE406CC668E3D3DB02D12FC7F197F4,Celendín,Nuevo,2026-08-25,1,1
1862,1860,C-01860,7B6EBA6CB371D1ED091A527269DD4665BF923B6B958603FDBFDD01405CDAEC87,Cajamarca,Frecuente,2025-10-17,11,1
1863,1861,C-01861,ED2EDA25E88089BAB3AC53D3470B288B0BB6A4031AAEA7F71B2DD41F4A73E1B1,Cajamarca,Nuevo,2025-11-06,11,1
1864,1862,C-01862,EE67B4A21225165C9226EB66E45A5BC1F0A7EDA0610BCA3422F1FFB4E4DC94D5,Cajamarca,Nuevo,2026-06-06,4,1
1865,1863,C-01863,939776BAC21CAE494A97988FD0BEF463BF3A953361A52C86493E6B128C30F18A,Cajamarca,Frecuente,2026-08-23,1,1
1866,1864,C-01864,02C0F9EB238D49B89FBB5FC39E70205693309BCFBB7A408B956858E6A474A57E,Baños del Inca,Frecuente,2025-08-10,14,1
1867,1865,C-01865,0247B94E1FCA05A16C1BC231B6D21E8BD47BCFD5613F96F8B411C46AEF38DC76,Baños del Inca,Nuevo,2025-10-21,11,1
1868,1866,C-01866,5C081A864DEA936311785A1D7E23AAA2FDBA95A789EE096B702AB0186E3351D9,San Juan,Nuevo,2026-05-09,5,1
1869,1867,C-01867,9D138F5E8C5B7356C7E1DC08A82A9F441735A150F438FB583412A63C26BFEEEA,San Juan,Nuevo,2026-01-26,8,1
1870,1868,C-01868,866D7DBFDC8597B249221561BAF88F56ABB3534F5A867447B5D2638F0326AB40,Cajamarca,Frecuente,2025-11-02,11,1
1871,1869,C-01869,6D7257B654FEA4F8523B0A8B8F633CD681D2867D890D138FE87A25C78769BF26,Cajamarca,Nuevo,2026-02-22,7,1
1872,1870,C-01870,05BCAEDECB4E0836C8FBE8463D562B066A35D0A343D6A83FBFD1DCB44186178A,Cajamarca,Nuevo,2025-08-09,14,1
1873,1871,C-01871,09E676BE7C725379E708D10526D01C67AFFEC255A6D489CAFDFDBCAB00B37EC4,Celendín,Nuevo,2026-08-13,2,1
1874,1872,C-01872,4F76E1880BC44F6E6AF8BCC6C3E42A60D204CAAFDDC2D8705BA83D75A0E500A2,San Juan,Nuevo,2026-08-02,2,1
1875,1873,C-01873,DA0B15CBF2B1FA22AE249DF6A5A93CA77896B0592AA77E3C79CAC0ED4E4DBC87,Cajamarca,Frecuente,2026-06-09,4,1
1876,1874,C-01874,6085AC47CF53E3AE111DA767D27544F11AEBAF111ACD6724E81182EE838BC928,Cajamarca,Frecuente,2026-05-12,5,1
1877,1875,C-01875,51A8A250E027FF0BB00C0F6F40C2C2A1AF752E89A518AF433194A902883DAFE9,Llacanora,Nuevo,2026-06-11,4,1
1878,1876,C-01876,EC9E272F05E12B7F2877C3C0D18980E9DECA5970AADB1DE0A9B95F30EE98045F,Cajamarca,Nuevo,2025-11-11,11,1
1879,1877,C-01877,39241770560475373CAFFA621D5E2D157AF59CBC435157EA26737DB79B2A98EA,Cajamarca,Frecuente,2026-07-19,2,1
1880,1878,C-01878,136E8EE86E37D2148F0C82AD1A012049CFAE9672C78B514648822E35A243F0C2,Cajabamba,Nuevo,2025-12-23,9,1
1881,1879,C-01879,539BECF151FCE19115BE730A1524773142469242F6153CB09F89E88A95F7D6C6,Cajabamba,Frecuente,2026-01-18,8,1
1882,1880,C-01880,D52E70CC43112244857ED130A6F39F107A8243A9FAEC9DC289D3B572843281C4,Cajabamba,Nuevo,2025-08-15,13,1
1883,1881,C-01881,13963EA0C6B98F38BE82CC18B6707F745362619E51A76DFE0E893017F5969D72,Magdalena,Frecuente,2025-12-24,9,1
1884,1882,C-01882,63220C003B3E585EE093874553EE8F9B4F09756C65B347253CE59129F0D21CF5,Cajamarca,Nuevo,2025-09-02,13,1
1885,1883,C-01883,475EF1A065328401EEBF87E0263D71FDCDDB9A6A54195206303BECECD5FC7C09,Baños del Inca,Frecuente,2025-06-07,16,1
1886,1884,C-01884,0091BB245C09290F8E2CEE297685DBCB4C60FE7C8C133D934E7E9BC1923AB9AF,Cajamarca,Nuevo,2025-10-12,12,1
1887,1885,C-01885,E8EA91B1DED0298EF9D4DEAE37806B4518AC1148BCD8B051CEECDDBF3403BCBE,Cajamarca,Nuevo,2026-07-20,2,1
1888,1886,C-01886,0E0C0D678F17715E9CB44ED2DBEF5729704134790E7EA4A8133D10B8F2BEC496,Cajamarca,Frecuente,2025-07-05,15,1
1889,1887,C-01887,E0BC3B14A88C88901D3F149E2AA53B18729AB7AF51C9C2EE88403142BBC5F9A5,Cajamarca,Frecuente,2025-06-18,15,1
1890,1888,C-01888,0CDD1B917510C336A32F87228F5479676457AB97FD007F61A327D98DD58B3973,Los Baños,Corporativo,2026-08-13,2,1
1891,1889,C-01889,B486E62FB827D3BE7D390D5F43232C4931A889AEACCF315C1C9677D014B8E5D9,Baños del Inca,Nuevo,2025-08-12,14,1
1892,1890,C-01890,31747C28541E2E3D0204969326AEB2EB03C0B27776724B346981409FCD762637,Magdalena,Nuevo,2026-07-01,3,1
1893,1891,C-01891,9AF590E2BEC56C084FFBF0EDC8F851B4F798209C26CD0B7CC9CA22ED2B1EDA8F,Cajamarca,Frecuente,2025-09-23,12,1
1894,1892,C-01892,9E371354C31DAF3BA4F3170CE0B867B8092A64CC1A7D9D11A2EEA5B9EA579326,Cajamarca,Frecuente,2026-07-24,2,1
1895,1893,C-01893,2D327448775B84BC863A74FE242227EF2461B5F27D046C69B960CEB79317D2DA,Cajamarca,Corporativo,2026-06-01,4,1
1896,1894,C-01894,C3B3FD73CF720C149E76C8E9C60B9B5B02E0142A2F25F3AFC5C6AF7EFB2FC7E4,Celendín,Frecuente,2026-05-31,4,1
1897,1895,C-01895,9433BEF5841B3DC2036DB9A120C82909795C7F7C0DE853042C25F516A3507F80,Magdalena,Nuevo,2026-05-20,4,1
1898,1896,C-01896,C038C4A525383408252276CA5C6D176BC372439C1877BE5792898486205B15DA,Cajamarca,Nuevo,2025-08-10,14,1
1899,1897,C-01897,119936DE10F059D2DB71BE73FF0149C8D647952E251E8E6696356308B25463E9,Cajamarca,Nuevo,2026-04-26,5,1
1900,1898,C-01898,C46F4645975B22F0C0E4CBFD354D3348A2F542F5B457FEFE68697D201D0C4343,Cajamarca,Nuevo,2026-07-26,2,1
1901,1899,C-01899,221EF4D0192A62999CE63CDE949A2747D3BFE591028D8A8F4D79773A5BACA848,Cajamarca,Nuevo,2026-07-02,3,1
1902,1900,C-01900,345C983806815F6221DFCF37B0A34B0D17EC53E0F124012CB009149070CE0702,Cajabamba,Nuevo,2026-05-26,4,1
1903,1901,C-01901,2F36E5601B28CE254C7A982D29D0D8BB198949166FB4BDAB9B84BE9E37D2C84D,Llacanora,Nuevo,2026-08-13,2,1
1904,1902,C-01902,B1B33A93E922227BB3048410BE45E0343D2F1AEA522CC7B76A16D5CD3FD673F9,Cajamarca,Frecuente,2026-08-04,2,1
1905,1903,C-01903,114DB0DACA86040292D1E61133DAF421F0817D1DDDCBB9EC9EF8B782BD616E25,Magdalena,Frecuente,2025-08-15,13,1
1906,1904,C-01904,60082B6C224677D31AF7DDDD1AB8178EADCE08F553EA6FB187D6C231AB3E154A,Cajabamba,Frecuente,2026-06-15,3,1
1907,1905,C-01905,8E18731D69C170DA00C3ADFD1E11C8FD6AD331273FC99A46BE89BF3E18015ECA,Cajamarca,Frecuente,2026-05-10,5,1
1908,1906,C-01906,423689F8736955D8D2ECCF88979D049A61B5F81D616F98A16F5122985CB67D60,Cajabamba,Frecuente,2026-01-23,8,1
1909,1907,C-01907,CD759CAB158074E555C26945B85E5EB67415F3B37A848E2FBA5C2582251749C6,Cajamarca,Frecuente,2025-06-02,16,1
1910,1908,C-01908,601A5D9B79924C9430B95AC5EAEE56BC03714540AAAF466C6DD29FAAEEC06E02,Cajabamba,Nuevo,2026-05-02,5,1
1911,1909,C-01909,275B63E0AE9DCCF48F757841236B673F7B4E5B7A093DD6486A93DF878314A806,Cajamarca,Nuevo,2026-05-02,5,1
1912,1910,C-01910,6F350931E0CFF54792E72693429951E2EC13D9300C31E1D678C41DDC1330D0D9,Cajamarca,Nuevo,2025-07-02,15,1
1913,1911,C-01911,50A933E3CBAF24B9F4B1648C47C63012A3756A3A7A0A111BA29157491DEE9B83,Cajamarca,Nuevo,2026-07-02,3,1
1914,1912,C-01912,01D4F2B089767ACF67F12D00E1E1BF3AE8BD13A77F490E646507D04D92A377B3,Baños del Inca,Nuevo,2025-11-06,11,1
1915,1913,C-01913,37ABBB0C99D3D2510A8022C2FB71DBAD05CC77E43D1D395FDDF46EA952B992C8,Cajamarca,Nuevo,2026-05-29,4,1
1916,1914,C-01914,07B02576425CE59F6C8ECD3E54D181A3C325722BF481BD476BE57D9CAA603FE1,San Juan,Nuevo,2025-12-25,9,1
1917,1915,C-01915,C6CE5EC8281C370B51CAAE52F6FE009027F2E51800CA68DF09986D9D88D9E623,Los Baños,Nuevo,2025-08-25,13,1
1918,1916,C-01916,D50A79D3A24F345D7959FE32FCE13A2D0BD84D6D1536C62E76916BE30EF2578D,Cajamarca,Frecuente,2026-02-11,8,1
1919,1917,C-01917,5A10502D297930A80523595289903B466F47EC0152BA66C175C03CE9B4CA3F38,San Juan,Frecuente,2025-12-23,9,1
1920,1918,C-01918,7F40D485E311DFC6873998547DC2994F2D2EC3CD470E1E0E572E5B13087B97B1,Llacanora,Nuevo,2026-03-19,6,1
1921,1919,C-01919,3C2E910EE97372A2181143B92A2BE8E02CC35C7F85E09F5733F84A3FAE3F9249,Cajamarca,Nuevo,2025-08-07,14,1
1922,1920,C-01920,2DEE90A95F27F2FE4BC9B8835A63F9ECB45A145F8880A1111201563A50C8A0AA,Cajamarca,Nuevo,2025-07-17,14,1
1923,1921,C-01921,D18A2200B1EB6BBE23B1CA1B09D2ECE02BF39405C12A735C4A9EE0A1B7E7B4C8,Cajamarca,Nuevo,2025-09-30,12,1
1924,1922,C-01922,B343DC725F35B005908D42A50588B47A5EBAADFA5F57B9E94B3D9AB71B85C88D,Cajamarca,Nuevo,2025-08-30,13,1
1925,1923,C-01923,1558CFC277F99D001C9B65DB208510CD6479D6BA24B38FFE03EC75611C62E2E3,Cajamarca,Frecuente,2025-07-14,15,1
1926,1924,C-01924,E10E4CB61CBFFA3B950FB3C1AE2796FAD2FE2F26FD4179003598CFFF68595DD3,Cajamarca,Nuevo,2025-07-27,14,1
1927,1925,C-01925,DC8F77CCA46F3FD82834D1DEB5761267DA6A2D918124E0605E98F341BAAB8D9A,Baños del Inca,Corporativo,2025-06-01,16,1
1928,1926,C-01926,ECAFE9595755A781F0D4E18CA7035E66E87E23B5D3E2CE9C69F2745830E40950,Baños del Inca,Nuevo,2026-07-09,3,1
1929,1927,C-01927,FAE9397A09DFE9FD6C3000D0FAFDC6E82744FE3DC14215AB0506DCA2BFC5E526,Magdalena,Frecuente,2025-10-20,11,1
1930,1928,C-01928,0888FBD40A1D0ADBBA0272B5F3E5477FB1A941C3DA60BAF0AB1C5D844780A131,Cajamarca,Nuevo,2026-07-01,3,1
1931,1929,C-01929,7EFE0FAE7E74768A79E38B88F1C01FCE88EF297AEA84E1C601091BE9B54545CF,Baños del Inca,Nuevo,2026-03-11,7,1
1932,1930,C-01930,BA7A85E5EAC77EEE17AA43792086006D4248B3798D89FC6BCB86153982B78697,Baños del Inca,Frecuente,2025-09-10,13,1
1933,1931,C-01931,55781E1722D3C34676071A664ED875BE2F8D061549DB6F85AEF49C2D45B2A5BC,Jesús,Nuevo,2026-09-02,1,1
1934,1932,C-01932,DDE0876B00A575F5088B551AB254574608406490B9CC344A14E9586C0404009F,Cajamarca,Nuevo,2025-09-03,13,1
1935,1933,C-01933,E9BD549C155AB70FE5D227C52B105A3FB9A379FEEC0C82A9F87EF11788529D59,Namora,Nuevo,2026-01-25,8,1
1936,1934,C-01934,82D18738BCF1D94493B3730C71E42378F5FB04BBD235605C7428CEAD03679B22,San Juan,Nuevo,2026-04-17,5,1
1937,1935,C-01935,97189A3D461FB0B26E876394A78E1F9FA80FDDC910007B1659D736A16D6BF21F,Cajamarca,Frecuente,2025-07-13,15,1
1938,1936,C-01936,22798143EAD7E50071624F22D26826D412C4AE96CD7C38C6F4C5DB3BD9DF10C8,Cajabamba,Nuevo,2026-02-13,7,1
1939,1937,C-01937,D387D9F3CF17F822DC650CF48F20B3F3D98F6898AB6E14C2E4A3C73D6544E4B7,Cajamarca,Nuevo,2025-08-22,13,1
1940,1938,C-01938,2D30AC0985CE365A00D4EC0944E351B21C483E8781B812124D77080B59028ED2,Cajamarca,Nuevo,2026-04-07,6,1
1941,1939,C-01939,F5BF948EA71B0CBD83A9A46DFAA17E5966A751121AAD401F9E40F26C3C95101D,Llacanora,Nuevo,2025-08-17,13,1
1942,1940,C-01940,CBEA82DA6BE81B911759B48A92478D471D86FB2447B998242CAABAAE679D24C5,Cajamarca,Nuevo,2026-04-29,5,1
1943,1941,C-01941,C1DC1ACDDD64303034AAF50E7CC6CE0DAE8286FD1ABDA20F76F6A60E7E00D997,Cajamarca,Frecuente,2025-09-09,13,1
1944,1942,C-01942,F35D1DE3D7FE37186B9829F8A54E9962138EEC75AB4673452D519965D4E85DFF,Cajamarca,Frecuente,2025-08-24,13,1
1945,1943,C-01943,8DB5FF08817EB2CDD1863698BDCF90F3726103FFE4D9FDED943BD887E88FB82D,Cajamarca,Nuevo,2025-11-21,10,1
1946,1944,C-01944,41CE44055B3ECAFDBCC9BD58FB2060E456589954FC38C7F32C8997C72C2AADF4,Cajamarca,Nuevo,2026-08-26,1,1
1947,1945,C-01945,D855C3B039B74224DFE99C232C486CABF4FA432C8CE6E14D766BDC06D900660C,Llacanora,Nuevo,2026-05-21,4,1
1948,1946,C-01946,04F17DA1A436C1151255C23E2E89227AC5CFC753FC5BB749913DAE1C3DD3CC30,Cajamarca,Nuevo,2026-07-01,3,1
1949,1947,C-01947,3024FEEC1D7990CE7638CC1C8AD1D8B7840EC9EE59A064984B12DCBBCA74B485,Los Baños,Nuevo,2026-08-21,1,1
1950,1948,C-01948,B34B72089DE845F7537289D99D69FA62E2B5DECC925F91AD64A0610D425AFEB0,Celendín,Nuevo,2026-02-09,8,1
1951,1949,C-01949,BFE4D9B2C4F943D3F47168629D36C64F469D26B302EC3DEC266F2219ECD58B3C,Jesús,Frecuente,2025-07-23,14,1
1952,1950,C-01950,8C6C290B21CDD46DC5C0203F0FC50C9200117CA98B33B0CB0F1B54C64FBB7554,Cajamarca,Frecuente,2026-07-19,2,1
1953,1951,C-01951,4FDDE6CDCAAA6C88AF81FEE5292EF01C200D130441374764FB002234CE31B0F4,Cajamarca,Nuevo,2026-08-18,1,1
1954,1952,C-01952,995967570BB60FA7A31B6FE8404665550F66403B9301BA85D5BA2569F4166AD3,Cajamarca,Nuevo,2026-02-14,7,1
1955,1953,C-01953,001232879C43D55A931081B994FA8720E35D8D4FC99B49ADC7701316B8468690,Jesús,Frecuente,2025-08-18,13,1
1956,1954,C-01954,E8111C806D7280BC20CB019E22117B16FC84054AB69D8E5B52BF6CA954696C4F,Celendín,Nuevo,2026-02-23,7,1
1957,1955,C-01955,0C89DABA9BC18FCDBE38F1C4D38DFDD0585BEA079373FDCF387CAE9D6C01FADA,Magdalena,Nuevo,2026-04-04,6,1
1958,1956,C-01956,9D7EBA45ED105A643A1ECAE3F8BE03CE37A3C6C76C7E8D33975505445A0A8804,Baños del Inca,Nuevo,2026-07-12,3,1
1959,1957,C-01957,F31C41DACC9048057E2D2EB665C3CEA816BC4081F9AFAD66A8438D6449D8399C,Cajamarca,Nuevo,2026-05-26,4,1
1960,1958,C-01958,DF62B94277C72D18337C9DFE459B7F171C9EB2BAE8DE41D8DF42FE3B40D62219,Cajamarca,Nuevo,2026-08-21,1,1
1961,1959,C-01959,EF64C29B1D32CB4739FDACABD6094CE81D3F3F5A7C9F8C6E801C2960E27969FE,Cajamarca,Frecuente,2025-09-14,12,1
1962,1960,C-01960,B4E2FDCCD1444A14171BC2BB3ACD2321C687D5195F3CCD8B7D5F99E8110C1B43,Cajamarca,Corporativo,2026-05-28,4,1
1963,1961,C-01961,99E34259C0E2C0B656EF4F7F298A5C7D43B6AEE397CA82807E8E5E521DA6B558,Cajamarca,Frecuente,2025-10-24,11,1
1964,1962,C-01962,007B70E7395D581FABA3152312F846254A57548C9C79A4CFA4EAB9E36DF0BF9E,Cajamarca,Nuevo,2025-07-04,15,1
1965,1963,C-01963,D45AD17A79BA3D5A257AEDE6C98482C922FD54AAD8C637D100856E4A8C1FA340,Cajamarca,Nuevo,2025-08-17,13,1
1966,1964,C-01964,923A8658D69BF9E9AAC32A5D15CFFF1BF8042E83E8009C1DA8D4BD5686E3EE9B,Cajamarca,Frecuente,2026-01-14,8,1
1967,1965,C-01965,CECB098C22237FDDED71C1B1EB325DB0CA1D67C36F55E4048F4B5C29E3734073,Baños del Inca,Nuevo,2026-04-23,5,1
1968,1966,C-01966,BBA965E8FF03CB10EA16EDE32E2B0F06300DD19E48502347FE2720B80B3FE096,Magdalena,Frecuente,2025-07-02,15,1
1969,1967,C-01967,1659156CB67805EA9E0EB47439091A891181B87702727B83B0B2586D69A5D11B,Cajamarca,Nuevo,2026-08-09,2,1
1970,1968,C-01968,D585B9842C550CD334D709414AA5FC3F6A3C08D5573A609D5DBC787DCAB92AED,Cajamarca,Nuevo,2025-11-23,10,1
1971,1969,C-01969,755DBA1595D5F9B1D804C1E6D32292C7209C21EBE5196D74E2D071A8058AD0DD,Cajamarca,Nuevo,2025-07-22,14,1
1972,1970,C-01970,A0858A9AC55D3B86CFE3C5693C38E23B7874AE3AFE09DAD51C47BA7778EC5ECE,Baños del Inca,Frecuente,2026-07-24,2,1
1973,1971,C-01971,6596F5833B31EA7DA96D345656E76EAD7136764CEA128F725635030CF0B6A5E0,Cajamarca,Nuevo,2025-11-24,10,1
1974,1972,C-01972,EF05310516DC239E664998B42DC4331A3F9B59296DCF97842D13C78D8A3A81E0,Cajabamba,Nuevo,2026-08-07,2,1
1975,1973,C-01973,7DDE635EAA9BEB0DFB135D28BD991256A542192DB4435F7F32206B64DC9B1481,San Juan,Frecuente,2026-05-02,5,1
1976,1974,C-01974,1457A413A53410481B170F60076816296DACA4D731555B658A50690153579760,Cajamarca,Nuevo,2026-04-29,5,1
1977,1975,C-01975,DBA0725110DEEB2ADA45A7FEB0D26D0CCA196E5D4A14028883FA83E9C188D6FC,Jesús,Nuevo,2025-12-19,9,1
1978,1976,C-01976,5A01C88CAED0A60AADDF7AEC446E4F3BCDBA5AC8C79044AC29EAA2C50E61DD24,Cajamarca,Frecuente,2026-05-28,4,1
1979,1977,C-01977,B2D52158970FB5D6A2A1F7A8C5FD74153413865537D0864444139B378698FE88,Cajamarca,Nuevo,2025-10-14,11,1
1980,1978,C-01978,517E7D6E2A840DD0142CA90EB2FE11107FE868832D715183D63CB6A9DE4DDC73,Cajamarca,Nuevo,2026-01-11,9,1
1981,1979,C-01979,C41799FED1E6CB9C1A2550E3B2EA7F2A77D33449228FE40C6129ECD9E0448827,Cajamarca,Frecuente,2025-12-27,9,1
1982,1980,C-01980,067BF7A7C5E3177EC6019034C3C71F38BE23B32FFBC0615A21B24688A6027DFE,Cajamarca,Nuevo,2026-02-04,8,1
1983,1981,C-01981,DCE2285DCC64792638B67A3E6C90F5650D068AA2B8AF3DD86704FAB84730A1D0,Llacanora,Nuevo,2025-11-06,11,1
1984,1982,C-01982,16F288B973FF872B52ABE5E3638C7E6D5110ABBC82CA2985510766D1D2D1BA63,Cajamarca,Frecuente,2026-09-02,1,1
1985,1983,C-01983,D06DD418D9AF3DF4DC69AAA389E8C1972609DBA971807FC540430F7FBF58D645,Cajamarca,Frecuente,2026-08-06,2,1
1986,1984,C-01984,0633937360372B61FA7DA0B904E49A74A59EED7FC171808FBD5E128E56931EC0,Baños del Inca,Frecuente,2025-06-30,15,1
1987,1985,C-01985,907975C1AE2E1E0ACE7D0DD274FA6E86531082F6E2E53E57E03573B74656E804,Cajamarca,Frecuente,2026-02-26,7,1
1988,1986,C-01986,CFE962F3B1A0E4772ACEDE40D363029A0B271AB1F5531D8AA5DC5D0C103F8C15,Los Baños,Frecuente,2026-07-23,2,1
1989,1987,C-01987,57C14B4FA238DAC629799895FA84328661AE54D8AF1ECA36535CD43CE366F1C2,Los Baños,Frecuente,2025-09-08,13,1
1990,1988,C-01988,E99DE1628DCAB7F42363B968128D6E0D1D9903BC7B9A41152747B72DF4CCC140,Baños del Inca,Frecuente,2025-12-15,9,1
1991,1989,C-01989,BFC8820B9126D6C206A7BF3880448F892288666A8796D3DE0FA305A7ADA3CE4E,Cajamarca,Nuevo,2025-08-07,14,1
1992,1990,C-01990,BF41504F2AACFABB3699236AC6B9DD8E6E63C330938AD53971061E62E0FAE55E,Cajabamba,Nuevo,2026-01-03,9,1
1993,1991,C-01991,AE20938A5BD3EC54B65C73D63CB75394568A84C84A7AEF0ACE8C29E2D092EACD,Celendín,Nuevo,2025-11-15,10,1
1994,1992,C-01992,9CA9F312179598335CEEE052DF9E682EBE1B60EFB8B16C710443EBD0260617AE,Baños del Inca,Frecuente,2026-01-16,8,1
1995,1993,C-01993,307F7C007FAC893D8C51DC86F6666F2A3D216C372F6E2695BD8740AEAD9CA6DD,Cajamarca,Nuevo,2026-05-27,4,1
1996,1994,C-01994,F03173097BE6AA2F91F4D1493CDA6BD06C866313F99962BD985DC2762DA30DA8,Cajamarca,Frecuente,2025-09-18,12,1
1997,1995,C-01995,,Cajamarca,Nuevo,2025-10-02,12,1
1998,1996,C-01996,FA3135B69D6D4A0828873DF73D73EDAD4D21AEE1A37F27FFD42D93A2C022AEC6,Cajamarca,Nuevo,2026-06-07,4,1
1999,1997,C-01997,378BEBA436BB15B7E010811B526F682F581DF145BF9AFFFBBD473F4A6D07EA91,Cajamarca,Nuevo,2025-10-10,12,1
2000,1998,C-01998,305B51AA754E44FF5A97918AAF270185B9D0CB73241D2BD61C483086B4279014,Cajamarca,Nuevo,2025-06-04,16,1
2001,1999,C-01999,308E758A831E7B58F952E97B018D63B1E5669C830DBD98C59E79CB94D0A014E8,Baños del Inca,Frecuente,2026-01-08,9,1
2002,2000,C-02000,A400BC99B6832B9F3C862F49C09A4537451ACF06A7C55CA70B6FA9D3F21C769E,Cajamarca,Nuevo,2026-07-30,2,1
2003,2001,C-02001,A1C76962A8731DECB516C77DCBA930CFB413D48A24CDB92C263F973819FE1279,Baños del Inca,Frecuente,2026-01-24,8,1
2004,2002,C-02002,8E5C58CC18321797AC29119FD619BD6E86F0E551FE470EACCFF11ECA027593E8,Cajamarca,Nuevo,2026-05-13,5,1
2005,2003,C-02003,89C37D68AE195898B6FCDBE6CA57CDEA1AF6A83BE2BF1D6AB3547F429754F3A5,Cajamarca,Nuevo,2026-04-07,6,1
2006,2004,C-02004,3172AE1C2A2C58DBED6BB41CE4C7D7C52B1BDCFB89A8EE6CABDEC0AF05DAF634,Cajamarca,Nuevo,2025-07-19,14,1
2007,2005,C-02005,8A49543C219A6F07BCA72E27064850ED3D9657D501BAD09E8D7B86B179FB74B2,Los Baños,Nuevo,2026-05-21,4,1
2008,2006,C-02006,E156029D3D6DF235F408556CFB832AE1344FD16DAC392E992140C856956CDCEE,Cajamarca,Nuevo,2025-07-22,14,1
2009,2007,C-02007,897BE00EBA93C4224F5F360D8C242A1F3995F91ECA8F2917C48B559A0C87E7D8,Cajamarca,Nuevo,2025-09-24,12,1
2010,2008,C-02008,23D9D67E48E20E4FD2437ECB9E0DC4F5F676BC4B44356D1AD0E5A37A50996176,Cajamarca,Nuevo,2025-11-21,10,1
2011,2009,C-02009,A21EAD0C5DA444130453A0343B08202C339E218343CD26357DFBB2952B867B22,Cajamarca,Nuevo,2026-06-07,4,1
2012,2010,C-02010,9527E620EE557CD5B7FF337559F6627CA0604D748A4DB62069A931820C977FD3,Baños del Inca,Nuevo,2025-07-22,14,1
2013,2011,C-02011,496B130DEC1D087DA3765E0BE29C517E3763EBFB596A9397B70AE8E9B29F050A,Celendín,Nuevo,2025-09-09,13,1
2014,2012,C-02012,51D3181F06CD35D50A4B20E2FF7CEDC489E202A396DE58D3A8F43E6EB77F9C31,Jesús,Frecuente,2025-12-11,10,1
2015,2013,C-02013,BF8495ED324ABDE82B00A822B0FB73C0DA1EE4098D14819811ABB9477DF2D1AC,Cajamarca,Frecuente,2026-01-06,9,1
2016,2014,C-02014,F113FF16AEE75580D41F83BE42BF826FCD4723FDCB6D5C5A2AEEFCA26344BCE4,Cajamarca,Frecuente,2026-08-11,2,1
2017,2015,C-02015,BBA5251165E94989ACF7DEDAAE574AF17FFED0E0D043C9D1DF61CEE964E04164,San Juan,Nuevo,2026-06-13,4,1
2018,2016,C-02016,AF0FD7847446FA4EBFC36EFECEC8CA499DA7E845FE30228D02CCB01C3EEF0006,San Juan,Frecuente,2026-05-06,5,1
2019,2017,C-02017,9474634C00B38F53B18F459E1F5EB8A9487FE3940DAFF5BAC4DE05BF359100CB,San Juan,Frecuente,2025-09-28,12,1
2020,2018,C-02018,B0A3314F766E0660DAAFBA37BB19CC757D168A8AC75670973DBD102BB0DCCDAB,Baños del Inca,Nuevo,2026-08-24,1,1
2021,2019,C-02019,E0E6C3A589A572095109A7FC9ACA6883179254FAE4641BEFE2D42DDC5F526757,Cajamarca,Frecuente,2026-01-24,8,1
2022,2020,C-02020,2D4FD8EA3BF8EB8515DD1892ECEBCB2F4000C4CFD9E9F84E0FF98201F154E5C0,Magdalena,Nuevo,2025-10-29,11,1
2023,2021,C-02021,C8F92C31F343BA7EB63B2A8BDEAD8ADBC6C77F8CB760442DA3411384AC3F62A4,Cajamarca,Nuevo,2026-08-25,1,1
2024,2022,C-02022,A3D5B0B879BEF0AD5A344C2A2EF3812919179C07A2990D22B37F19CC55A8D05B,Cajamarca,Frecuente,2025-06-26,15,1
2025,2023,C-02023,6A3020A45A3AB65AA064D3467748F9B130ACF7E935EBFDAC895B092EE0C55E7A,Cajamarca,Frecuente,2026-04-19,5,1
2026,2024,C-02024,B2C3F800B2EA5DCA7C4A7816100BDAA1E22DA152321FAD78FA3803C0FEB52795,Baños del Inca,Nuevo,2025-07-31,14,1
2027,2025,C-02025,2EF74C67BCC62AE9C45ABDB827E61F6659DB0B9B873A544D821F6ABB08F8833F,Celendín,Frecuente,2025-11-05,11,1
2028,2026,C-02026,5B8F220340C80FF467435E57594ED195393ECAA30C8FCB06A95D1F2B5E812119,San Juan,Corporativo,2026-04-11,6,1
2029,2027,C-02027,E968F2EF275DA926E783C6B24F36E525A26037FB77BD0214FE28728774183AEB,Cajamarca,Nuevo,2025-09-24,12,1
2030,2028,C-02028,C65505B6B4A8381EDFDB4F76BD9BF13ACB4F8A813F84683A6378D8F214B723A6,Llacanora,Nuevo,2026-08-22,1,1
2031,2029,C-02029,4C5DB7601A37D775FD0ED6BDCBA8F3DCAB8DFAEE46F0C3970B0807740DE11DD3,Baños del Inca,Nuevo,2025-07-25,14,1
2032,2030,C-02030,CFDBCC19516BCE8A54D1C3EE33CA092F8F007A207838F79108C562ED0EBE07B4,Cajamarca,Nuevo,2025-09-27,12,1
2033,2031,C-02031,0D155D0698B2CCD1E28D462F166DCA9A6B504716502C24F0B64D5C8A437E6C90,Namora,Nuevo,2025-08-10,14,1
2034,2032,C-02032,33E34B8307658C63C79BB303ADD40C566E21276A429B4F812273412A0D90CCF6,Baños del Inca,Nuevo,2025-11-20,10,1
2035,2033,C-02033,0012C04BF63C954D0ED5815FB5785A4D8224821B3C1A6FAE5069DE00DE9106AF,Cajamarca,Nuevo,2026-08-29,1,1
2036,2034,C-02034,7373707612A2B2E125213F7FCAE4269E2011F3671549565A5D81799A4CEC3CB7,Cajamarca,Nuevo,2026-08-21,1,1
2037,2035,C-02035,DFDB2D6702FEC41B3C0254F60C19F713D7AED9E63C485591226486950A26D0A2,Cajamarca,Nuevo,2026-06-03,4,1
2038,2036,C-02036,D5337DF8AADAD3520AEF8164770680C219943D413DFF59FB4AF945CD1995DD9E,Baños del Inca,Frecuente,2026-03-11,7,1
2039,2037,C-02037,39D972F747C436AB356FC5BA22CEA053D1BCC2C8943FC8AEA713E13A20842760,Cajabamba,Nuevo,2025-12-09,10,1
2040,2038,C-02038,BCF5E1C4037FEC175F28754988CA71FCDD3BE660DE15E901F1C1889B6F6EAAA4,Baños del Inca,Nuevo,2025-10-17,11,1
2041,2039,C-02039,5A568074BE33B2809F6F361E2ED09D933D7E7AC6D5990FA5074DE718AF1C43B1,San Juan,Nuevo,2025-12-07,10,1
2042,2040,C-02040,777C10A71C65893CBF2E9BE55190E05BBC065625CFB9E19BE74253008CEAD769,Cajamarca,Nuevo,2026-01-23,8,1
2043,2041,C-02041,78D36EBA988F4AA717DFA7A9AAEC6A5AAD26DA0553CB5596CDEB5CD32E827628,Cajamarca,Frecuente,2025-11-03,11,1
2044,2042,C-02042,EAC6611CC8419BAE7E6E9CF1D401A5752103C799FEC36031544CAF38DD82CAB6,Cajabamba,Nuevo,2026-06-10,4,1
2045,2043,C-02043,0957E62BB195909BED96CF98177A2C905DF5672F11201FD2F3507F3CE547BDDE,Cajamarca,Nuevo,2025-07-16,14,1
2046,2044,C-02044,,Magdalena,Frecuente,2025-09-08,13,1
2047,2045,C-02045,4C9694F2A71C3063258267E7185A099D110CE16A38D52E9F65ED5F2ADCB49FA0,Cajamarca,Frecuente,2026-05-04,5,1
2048,2046,C-02046,7CDDE7AE0169A24BA538386F683585642110C1D363382EED7BBDF6726CC67AC1,Cajabamba,Nuevo,2025-09-02,13,1
2049,2047,C-02047,5701B7F2E3D8F39715305D582B6AB838CF8196F6C413DD448F2BD148951AAFFF,Jesús,Nuevo,2026-08-11,2,1
2050,2048,C-02048,156DEB98EAF30DD2181FC96A4FC304046E7DBB8AA28F51E5F6F25A4EC939B5B3,Magdalena,Nuevo,2026-07-30,2,1
2051,2049,C-02049,F182E6F8122B23F650A563DD206062FF437B46847E509AC4545999590D6A32A8,Cajamarca,Frecuente,2025-11-16,10,1
2052,2050,C-02050,0505DDA6C21D4AB7F330F558425B42A92E7DF2A098F586BCC9EF55F0F829BC94,Celendín,Nuevo,2026-09-06,1,1
2053,2051,C-02051,3B2A6E714F26EAA27991D368AB7664D1411B0230FE6CD261C019F7079AD61249,Baños del Inca,Frecuente,2025-07-14,15,1
2054,2052,C-02052,6B5308D2C9612D4A71F5A0129ED3A8927B0367691D2811DF0D55E0FE704DB001,Cajamarca,Frecuente,2025-09-28,12,1
2055,2053,C-02053,03BD2B0E2FDCBA1583A4C3C9790BD3326CA382004E0BB994DC777BA65613AACF,Cajamarca,Nuevo,2025-08-21,13,1
2056,2054,C-02054,9461146936608C6FF51408DC1A317BF23639C95FBD77ADAA299204410EE659E7,Celendín,Frecuente,2025-06-29,15,1
2057,2055,C-02055,ED4CBDF4AAA6E04D467FFA67B08A751EEF4913413E8182849281A1D337DADA45,Cajamarca,Frecuente,2025-06-22,15,1
2058,2056,C-02056,CB9F2F1ACDAFB215924C2DFE95E47DD87ADCD5096D6E973141B92BFE73C6F382,Los Baños,Frecuente,2026-07-28,2,1
2059,2057,C-02057,DA1377AE1769D23472D0887B127389AA3B3AE8E0FB31764C0C0F2067741E5F4D,Cajamarca,Frecuente,2026-01-13,8,1
2060,2058,C-02058,50F9E91F891E37B37F64EC9C1DEC06D41ADAEE81CEFC7C355CED10DD6CE3C513,Cajamarca,Nuevo,2025-06-12,16,1
2061,2059,C-02059,9D8046E9AE48B0FE9B719D0F25F61A40C5AD78BC840D18C4395778FBE5831ECC,San Juan,Nuevo,2026-07-15,2,1
2062,2060,C-02060,E8786826F9A7BD00D056A92BA0FCDAE03D7310DB4AE38943666DB279564D1C55,Cajamarca,Nuevo,2025-11-12,11,1
2063,2061,C-02061,F0E791C2142F856E2C1EB6C83F0E462B57441BE57D43D428AEC42381620FB5ED,Cajamarca,Frecuente,2026-08-24,1,1
2064,2062,C-02062,6F98162341CEEEF05775BA54E416D9ADD59765B0A7FD22A1E1E38081CD13B726,Cajamarca,Nuevo,2026-04-13,6,1
2065,2063,C-02063,60D90742BF5A251CB5418ADED2AC8D40C73940F921A649D5BD0A76F1A219C6D2,Cajamarca,Nuevo,2025-10-25,11,1
2066,2064,C-02064,FB2800C789735181A58FEA11743561B5E9C001CE7434BAFF59DD3AC6544EB458,Cajamarca,Nuevo,2026-08-12,2,1
2067,2065,C-02065,216CF7276346AEAF4F032592FFDA66A138416FC9999F1840C8D1C9BEEBE706F1,Cajamarca,Frecuente,2026-06-27,3,1
2068,2066,C-02066,D5628A23827F34643FF1B058645285B088168160EDDA5E2E44B7B67284D09C4C,Magdalena,Frecuente,2025-11-21,10,1
2069,2067,C-02067,190669DC492E12D7709453121D111A4F4E8F6698103CE096386A7804F9D4F729,Baños del Inca,Nuevo,2026-02-12,8,1
2070,2068,C-02068,339F29AC3680BBFFCB467FFA9A0E17F4EBC5FB46670B75FF4005D677B8F6D480,Baños del Inca,Frecuente,2026-02-11,8,1
2071,2069,C-02069,617C1A3426E093E67C4F78C57F779A1E6C933E66EC1596494EC4853D3881F86E,Celendín,Nuevo,2026-01-13,8,1
2072,2070,C-02070,819F203FCDE8C40DE92BE51F8F92D89EA95C1BDD90B03A1CE5DD5D0200600931,Baños del Inca,Frecuente,2026-01-23,8,1
2073,2071,C-02071,A0E92E77783DE3F9884C46D375B9A7B6AD20D45FE6C80F60014AE26AC477370F,Jesús,Frecuente,2026-06-19,3,1
2074,2072,C-02072,AF7751F2162D0551C364BD832149FDF656722301A3AD5720CDB8F325B0628A56,Cajamarca,Frecuente,2026-01-21,8,1
2075,2073,C-02073,327CA0C3C8D4717FB7CE2EDEAB14F227E1D049AEB27E3CE796FCCBF7C7C1261C,Baños del Inca,Frecuente,2026-07-17,2,1
2076,2074,C-02074,684FF2603FF4C8BA7707F9EF4A523279788E7E4410B9D159D909B86705B0B161,Baños del Inca,Corporativo,2025-08-25,13,1
2077,2075,C-02075,9B8024E81FEACACE9150A3D843E74E89242C77C56EE9445BEEFE1BF767326AE5,Cajabamba,Frecuente,2025-08-19,13,1
2078,2076,C-02076,7F70F4412A35DC4A51221FAD23771FC9642B3D6A4CABE96C3D45D3B0ACC80B0D,Celendín,Frecuente,2026-08-31,1,1
2079,2077,C-02077,,Cajamarca,Nuevo,2026-01-02,9,1
2080,2078,C-02078,6A5247EF903C454090EEA8EB5000C370465D02DB7C15E01F18606E5F6C6ABA1D,Cajamarca,Nuevo,2026-05-30,4,1
2081,2079,C-02079,CF73D10E1E73E8E72C5AA016153790050F53B982505726AB5E963467CF98194F,Magdalena,Nuevo,2026-01-29,8,1
2082,2080,C-02080,69BB2BA2BE9B0D51A52E3742BAC62EB57C3447C0D1211F730027FFAB35FDF0EC,Cajamarca,Frecuente,2026-05-07,5,1
2083,2081,C-02081,F787B758502B06DB7F54FB2B5F667BBCD8EAC016C913E1D8F223929D11A74423,Cajabamba,Frecuente,2025-08-07,14,1
2084,2082,C-02082,5422EECE04E8E768A695D56694FFA220ED8F6EE04E25D027E2A85E046CF8CBC1,Llacanora,Nuevo,2025-09-29,12,1
2085,2083,C-02083,DD5A285A57DBFC793750B67D85D408DF8CA6DBA583B253091EE7061E87CC9316,Cajamarca,Nuevo,2025-08-11,14,1
2086,2084,C-02084,5D67F47343174129FD5DDBF727E4938BC9DBF1F892D00095C49AD0838E600589,Celendín,Frecuente,2025-11-19,10,1
2087,2085,C-02085,84D738046D4DD5033AC51BFF26EE6B0EF1C1B7061C56D332BEF56F8CBF1F8C1D,Llacanora,Corporativo,2026-09-05,1,1
2088,2086,C-02086,D7F5C5EE6F7DB18743493CEA3456B1D4AAFB0FB4E134ECFEB2620C72EF66C8BB,Baños del Inca,Nuevo,2026-06-17,3,1
2089,2087,C-02087,2EDBE03063FD8D7B8356649784C761E6170729B1844CA14186DE61453D90B09C,San Juan,Frecuente,2026-08-25,1,1
2090,2088,C-02088,565932BEFFE0A5568ACACC33BE2865CA3C413EEBE6DE65DBE3E887CCCA06B133,Cajamarca,Nuevo,2026-09-06,1,1
2091,2089,C-02089,96B9E5A98D7E58071BF917896BFCA0F0744C2AF949A17C6CF6AFCCCB9EAC2EC4,Cajabamba,Nuevo,2025-06-28,15,1
2092,2090,C-02090,9F32566F9AE1C3743B0F5150279EC4AEFCCB45695E33CF8244D60EE7E8E7380F,Cajamarca,Nuevo,2026-06-06,4,1
2093,2091,C-02091,2077BB37B9C1072AB71C6F7253EA0AB2DC047588E48708500881A580C941BBA3,Cajabamba,Nuevo,2025-09-02,13,1
2094,2092,C-02092,2BA26EC8C2908309288E47FC063D4E6F453DCA8CFB86D412402E4FB361B0D8DE,Baños del Inca,Corporativo,2026-05-27,4,1
2095,2093,C-02093,DDFE1555C26B359AEE828456B9F34E9E444BB7928B571D6268022633ED32E929,Cajamarca,Nuevo,2025-09-06,13,1
2096,2094,C-02094,BA9E029749FB139EDE46C0AB129D1F0810A86FBF8F79457B78580C2ADE41485E,San Juan,Frecuente,2026-04-07,6,1
2097,2095,C-02095,6D86037CF8987E6C2B6D56E06ABED519FC2D581BBD7FCAC2529582D0EB5EC9D1,Cajamarca,Nuevo,2025-09-02,13,1
2098,2096,C-02096,606D51C9FA76DC6A0962773492B617B85A2A23DEF38EFF11493C0F1E8FE60E5C,Baños del Inca,Nuevo,2026-06-20,3,1
2099,2097,C-02097,C8DBEE107390F86B73EBF59162B3A9BB14BE2E57779867773A66EF4CD69F3670,Los Baños,Nuevo,2026-06-23,3,1
2100,2098,C-02098,E0BE1D9B541A03D0074EF0E40AE46E5E3B210E145D610E03F986EA954BDA7918,Los Baños,Nuevo,2025-09-27,12,1
2101,2099,C-02099,0E1CFE2CC8DCD729F4867CD2B38762974D02F049B001AE6EE59BBAE990C802EA,Baños del Inca,Frecuente,2025-10-09,12,1
2102,2100,C-02100,8E6DF34FFC63FB7ED59F5E63460327F0F2C3ECD85AAC7B348D1ACB7B5389C475,Baños del Inca,Nuevo,2025-09-26,12,1
2103,2101,C-02101,90C38D5EC3CFBA077C9F43727AAC894502872FC2B307A6469DEF42330F4F59FE,Cajamarca,Nuevo,2025-08-09,14,1
2104,2102,C-02102,A5637B6DF9168D269C17981EC1C8430D7459660A73426F29E63CAD3EC6338B24,Cajamarca,Nuevo,2026-03-15,6,1
2105,2103,C-02103,3184154F0B2582EBB0A921C31914E3CFE7F1498163A7A9CA16888A06A834E044,Baños del Inca,Nuevo,2026-05-21,4,1
2106,2104,C-02104,5A068A9CDED840781395FA57C3F1FF01825CBC63F08103C06359DFD8D39AC18C,Cajamarca,Nuevo,2026-02-11,8,1
2107,2105,C-02105,3DC227101396DFCD3013CF7A90BD2B0EFEE1F69FEFE7DA02F2AF105A97D8891A,Cajamarca,Nuevo,2025-08-16,13,1
2108,2106,C-02106,6BA9301DF453A7FE33984976856DF7B2B50E9C6A6E266FC574B5C01367748F33,San Juan,Nuevo,2025-07-07,15,1
2109,2107,C-02107,A886FF59984A30FDAAF22507FF4AA32E24D1BFF96D1B800B8F61E25AD95C77E2,Cajamarca,Nuevo,2025-07-06,15,1
2110,2108,C-02108,AD391368F75000F57A7C614723670A06014C59F8E2C9CBA0F90E2660262B0887,Cajamarca,Nuevo,2026-09-11,1,1
2111,2109,C-02109,848E70942CA1F78E527A9DD194465B8676C6806A9D771D89C5F3EBCCC139AB4E,Cajamarca,Nuevo,2025-08-31,13,1
2112,2110,C-02110,D7C25AD82B11B2A43F86D376497C545F1AF1C3EFCEB78C19D0176ED8AF96DF7B,Jesús,Nuevo,2025-07-19,14,1
2113,2111,C-02111,F7E13FBC68392510385E3F877127BA9EC0D54702EAEE938DB7E2171E17BF3072,Cajamarca,Nuevo,2025-06-25,15,1
2114,2112,C-02112,33DCCC7312D73C20929B000A180A4612531D03A5A71165037994F9F900FEF176,Cajamarca,Nuevo,2026-02-01,8,1
2115,2113,C-02113,,Celendín,Frecuente,2026-07-22,2,1
2116,2114,C-02114,DED892A6802E3A4BC1A967547B4E7F6E78B93B119767306F8BEA1A8DDD76C9DB,Jesús,Frecuente,2026-04-03,6,1
2117,2115,C-02115,06BFC645AFE448B8C6C28CECB505631F7783087C2439911E61523752A4C859EF,Cajamarca,Frecuente,2025-09-23,12,1
2118,2116,C-02116,75D3F8FFA18623D8BB0FA78EE3FFEB0DC2755A1582D3AD75A4FD8841E6BA5FA2,Jesús,Nuevo,2025-06-24,15,1
2119,2117,C-02117,5ACC5F7AF223E59DA94BF7FE107E1AE9815D983D37BC47CC543E43AC65E37D91,Cajamarca,Nuevo,2026-01-22,8,1
2120,2118,C-02118,B3D6373928AAC5C640111093FB2B1D964EE5BF5DDD3F9C81B701D313F076C246,Cajamarca,Nuevo,2025-07-11,15,1
2121,2119,C-02119,A8647DF9C0D268153DAEB3F0280DD2209CB82A4725E72DEFE68A91A3B5D1D20F,Cajamarca,Nuevo,2025-11-29,10,1
2122,2120,C-02120,1672D13DB6A01F7BA5FB0F707CB7D4FC8D76A59F19CB41EA127EA648D9A0607C,Baños del Inca,Frecuente,2025-06-28,15,1
2123,2121,C-02121,829A07153FD86BCA97BA9F929F0C940EF2BF3C151B35E28381F117AA021FE43D,Los Baños,Frecuente,2026-02-22,7,1
2124,2122,C-02122,61958995C783106A39644BD67B4A7FA6358B6B176DF4BA4DFE8B62FCDB623EA6,Cajamarca,Frecuente,2026-01-04,9,1
2125,2123,C-02123,F129DB14F28B6F56C04A56EA4080B657763797CB1EA4F1ED81EF70A2070CB14F,Los Baños,Nuevo,2025-12-19,9,1
2126,2124,C-02124,27FEBC0D90602500F085B055BA481DF6DF8B3CE91D9AAABA353359A9A90A7565,Baños del Inca,Nuevo,2025-09-15,12,1
2127,2125,C-02125,DB575E4D4D545BCA07C9054C9048DA7963FBDD40CF37B855551A1E765F8D62DC,Baños del Inca,Nuevo,2025-10-19,11,1
2128,2126,C-02126,8244B56497E4464D70906539E6F36E1D4D8139148AA77A822D7CFC911868B0F5,Cajamarca,Nuevo,2026-08-14,1,1
2129,2127,C-02127,CF841A112340DA4BFF116CC17B75AB3A85D30CA3D2650A5EC3D86332816B56E5,Cajabamba,Nuevo,2025-07-10,15,1
2130,2128,C-02128,F0D1A31175A6B86195CD95B85D85B86D486DF84359FA112C915F8B1548E8AC2E,Celendín,Nuevo,2026-06-29,3,1
2131,2129,C-02129,82655564F63911DC587F7F1728C57FEE3E2323251FFABE98003517502E7BED01,Cajamarca,Nuevo,2025-11-06,11,1
2132,2130,C-02130,47C7FC668BC5207B2D2364A819FE269D95E943BF7D2CCC5D0E04A4ADDB9DF4AE,Cajamarca,Nuevo,2025-10-08,12,1
2133,2131,C-02131,F88CBC50C683D632293187DA5AF4FCBDB550C2793D48C6496EE23B8681633B22,Llacanora,Nuevo,2026-01-29,8,1
2134,2132,C-02132,B56B144D7ED6ECD3D281C31FFB3705DA8117343438A960597B31D3D0C79840A2,Cajamarca,Nuevo,2025-07-23,14,1
2135,2133,C-02133,A36944A4571BE2E954CBFC12C9E91E4E3298E2D4D25A449A1619DBAE574C9890,Los Baños,Nuevo,2026-01-14,8,1
2136,2134,C-02134,ADEA1E141B4202A3AE3B95BEE450011C96F26965A60513D4147BFBFBC46925DE,Cajamarca,Nuevo,2026-05-04,5,1
2137,2135,C-02135,7236BF137DD3A9CB332EBD7DC34F58A299BCC167218F5B42E54F60962B440E9A,Cajamarca,Nuevo,2025-11-09,11,1
2138,2136,C-02136,54E12A35CC1D51EA1029BE926DE2A68C1C412B482D90267F26E2B17CB7F1F900,Cajamarca,Corporativo,2026-01-25,8,1
2139,2137,C-02137,2A3C7093B062B624A5DDF00C68306D39E188D84F101C2E6503A99905FB649D28,Cajamarca,Frecuente,2026-02-12,8,1
2140,2138,C-02138,64084863D08E5EAEC0FE474E1429D0B7B1314762C93D4D10869AA9C1A1528E3F,Jesús,Nuevo,2026-07-15,2,1
2141,2139,C-02139,B843A6C39652B936809FB4F671C321FB0CCB471E333D273BBEF3D7F2729203C7,Cajamarca,Frecuente,2026-03-05,7,1
2142,2140,C-02140,0571FA708688CF2223000C0896534F85577BE24A3BF6479F6BA101883E2D46BD,Baños del Inca,Corporativo,2026-08-10,2,1
2143,2141,C-02141,1C9E2804B856E36E10D74FD2EBE9B4203B92FD0CEE0EC726076F61A80D516072,Jesús,Nuevo,2025-06-23,15,1
2144,2142,C-02142,03DE31F401D96FFCF1B705A094DE0CF3629D4760907E3B5CFCB4713275BE07F0,Baños del Inca,Nuevo,2025-06-03,16,1
2145,2143,C-02143,B923104CC171B3E3392507FDF67BDFACDBE56E9525CA14BB70356EC4421F2A1A,Cajamarca,Nuevo,2026-05-03,5,1
2146,2144,C-02144,55D506DAC72CDD65C38CE8C4F23CE38E2F289EE115154D9675F4233392CFD4F8,Cajamarca,Nuevo,2026-06-12,4,1
2147,2145,C-02145,FC6D889F9C325E451A2933708C1BE3F096C9699501AFC8830AEC769F9CACCE1D,Cajamarca,Nuevo,2026-08-19,1,1
2148,2146,C-02146,8170E7AB02AEDE7F6E6E0E872A35B7BE96A21FE74EF7D676303A17FA2958E350,Llacanora,Nuevo,2026-09-12,1,1
2149,2147,C-02147,A90B9B2167556047B519CEF63466801A88E930A04719B63BF000258E10769E28,Cajamarca,Corporativo,2026-06-19,3,1
2150,2148,C-02148,DCE7E75C65E21F191B27DE52370C129132EC52AFD64CD64FCA0D7E3EC11E75CC,Cajamarca,Nuevo,2026-04-08,6,1
2151,2149,C-02149,155C6E0BE10332081237B7D5B2A616FE33F3960056FD580B82B7A0FD19A63CFC,Cajamarca,Nuevo,2025-09-23,12,1
2152,2150,C-02150,8F8485022E22363BD8DD2C8ECD0CE3FDD6F3D62DD1EF34251F63A436F1E17B32,Baños del Inca,Nuevo,2025-11-18,10,1
2153,2151,C-02151,D59781A479D85E1AEB46A479BBB0751EFFE92A8F2E18CCE167FBCEE8C72A9261,Celendín,Nuevo,2025-07-20,14,1
2154,2152,C-02152,0641DADDE406A47474FB391DC9A73DCA2DBF1929D63B16000F364A1044394BA3,Cajamarca,Frecuente,2025-12-20,9,1
2155,2153,C-02153,0568D975C646428DAE4BF584AC4998097740FB9330D9A44BB50EAE3C19ED1861,Cajamarca,Nuevo,2026-02-02,8,1
2156,2154,C-02154,A551D771BCF776B80D844BC9D9B2B320A485EF53A9C81050FEAEB925AF909614,Cajabamba,Frecuente,2026-02-12,8,1
2157,2155,C-02155,F8971E6BA9D10F89606B99D2458E50C2B5E98DACC47851E17DB2B2B5B7C81A60,Cajamarca,Nuevo,2025-06-26,15,1
2158,2156,C-02156,2B53B830CAB6B6E7B207C2F1BAF34194B261A0EB71293505EECFE0D81F19C9F0,Cajamarca,Frecuente,2026-01-05,9,1
2159,2157,C-02157,2C29AEB1EB01239C832A1D1ACFFAF6D719E63BFEE1AD60617B25F7C2722D0180,Baños del Inca,Nuevo,2026-01-21,8,1
2160,2158,C-02158,F386CBBDD6A38F92B8E43450E925C2FD193593F04EA58B61C7C6ED243FBB18B9,Cajamarca,Nuevo,2025-08-26,13,1
2161,2159,C-02159,EA566118C0767DDFAA11D14C2D711A04E8F775C776AA0639BAA938AF0CAE6179,Namora,Nuevo,2025-07-25,14,1
2162,2160,C-02160,,Cajamarca,Frecuente,2026-06-01,4,1
2163,2161,C-02161,EC47C9DEEE6053E2208709443C1B8F0D0D3EAD6AC4B41FA03589667A8BB64008,Magdalena,Frecuente,2025-06-26,15,1
2164,2162,C-02162,48D20A240344F7C253A0BAA2C2280E740C54F526D19A502D1B184CE13E2AA403,Cajamarca,Nuevo,2025-12-17,9,1
2165,2163,C-02163,5F21F5D22664A02F6D633FA477DAFE648E36B3ACA5009E70AD488BF530C30C27,Cajamarca,Frecuente,2026-08-03,2,1
2166,2164,C-02164,A383CC01B7B520F96F465B11B48793631C38857034352402F9C86D88F1F79E17,Namora,Nuevo,2025-09-09,13,1
2167,2165,C-02165,12CDEFFADD7E2CE288ACA79C205BBCB3AC32D44AE66613161E5E370EB360A322,Cajamarca,Frecuente,2025-08-04,14,1
2168,2166,C-02166,C010CA088B28DC426B42DD52E373AF7205291019A7879860C61C56276ABB00F9,Jesús,Frecuente,2026-04-12,6,1
2169,2167,C-02167,CC7CB691DE56A74D5FEC748F36EF948F143AE2BA0FECA7F019B60078043D8B9F,Celendín,Nuevo,2026-01-17,8,1
2170,2168,C-02168,15516BCB8C8B794A573AB68378A14338C87A5E7D98BF20F32FFFA6FF95D5BAC4,Cajamarca,Nuevo,2026-04-05,6,1
2171,2169,C-02169,3E64F92F54E6A77515F17BE475C336342F6610DBF399DD95F334274AD693C386,Llacanora,Nuevo,2025-08-27,13,1
2172,2170,C-02170,ACA04298815A3B7694B44ACF1E9C20E77F54D16DFD2AED0EC0BA03A8E69F496D,Cajamarca,Nuevo,2025-06-01,16,1
2173,2171,C-02171,C44692E64F74281D0B83D94AE9C3A4EBF437BE6C22527281F598776872C6CF06,Magdalena,Nuevo,2026-05-09,5,1
2174,2172,C-02172,8012F8D7593C1B525DA44EDD997267BA56B15206F2628E0887A7F58C45ED674C,Cajamarca,Frecuente,2025-06-19,15,1
2175,2173,C-02173,1FEC97A0A89E680D05F4B8324AA6E51EBD7566D05272DE82083A2CD478335CFF,Cajamarca,Nuevo,2026-08-26,1,1
2176,2174,C-02174,399BA3F7E909746590E70BE729CE999BEA14706E216EC5EBF45040A306DF1D34,Baños del Inca,Nuevo,2025-06-11,16,1
2177,2175,C-02175,EA279E6ECD6FD6052F2794585F636808F96782E0A239300C129FCF40C52CF203,Magdalena,Frecuente,2026-03-04,7,1
2178,2176,C-02176,0CADC9A7F807C26F95BF98E3E4B61BDF8D2A1832759869FCAE2CF72CDBC32C4D,Cajamarca,Frecuente,2026-02-08,8,1
2179,2177,C-02177,D29D20D567B3B227D20D7FDC747E062E8A932ACC1C67E4795F14E1420286C38C,Cajamarca,Corporativo,2025-11-07,11,1
2180,2178,C-02178,E3B5288D31028B3206AC1BE49FB94641C7EDB07B453A94E8E3D8653B6A72A555,Baños del Inca,Nuevo,2025-08-18,13,1
2181,2179,C-02179,9D21207FB89C1ED86DB947133CB253A9FFDECF919E0D9EA05868DA891E2324E7,Cajamarca,Corporativo,2025-09-08,13,1
2182,2180,C-02180,A7A4B5053A5DC9CE904EDB2B01817D224862CF845F4947613E35C994C80045BC,Jesús,Nuevo,2025-06-25,15,1
2183,2181,C-02181,7CBEC4AEA99FBF8CA95D22C3C48B5C31144C948445C917D07AE93505603397A4,Cajamarca,Frecuente,2026-05-11,5,1
2184,2182,C-02182,52BB4B8FBE8868F306B3AE4CF0DD74D8934121A0C6B514B8EC7B9C63F32D3AAE,Baños del Inca,Frecuente,2025-09-01,13,1
2185,2183,C-02183,EA90526DE01D0FF3564176D7DB317000E106D7436257D22FFB5C76215E1AA3BE,Cajamarca,Corporativo,2025-08-15,13,1
2186,2184,C-02184,174E9E4539B5DA42B707EA6C7BDC04EAEF6BDA675B494C4A930639DD9F9BA317,Cajamarca,Frecuente,2026-08-19,1,1
2187,2185,C-02185,B8E4818528B8286EC0546CFDCFFB629281275B011CB6409EE2F944DF811EFBB3,Cajamarca,Nuevo,2026-07-07,3,1
2188,2186,C-02186,12F91F01FA554449144CC1976B3361D062F591937A76C80722F8E8062DD22A3E,Baños del Inca,Frecuente,2026-08-18,1,1
2189,2187,C-02187,9E64D67FD2C20B6D1465AF14A591E770AD71DE6D24544BCD5A3A08EE85A6BF04,Cajamarca,Nuevo,2025-06-27,15,1
2190,2188,C-02188,EBC0625129045E64B321E5EEC7D9643B0D54385FD8EE937DD0222DD1550814A7,Cajamarca,Frecuente,2026-08-30,1,1
2191,2189,C-02189,3B5F9B6F08586CCE1605EBB8B8141FFDA30C46E3CD7B963CAC02C1491397D62D,Cajamarca,Frecuente,2026-08-31,1,1
2192,2190,C-02190,72477D1D95E5DFB669CDB0E66F97F737E6EA85F6541B791E6D137A21393FE9B0,San Juan,Nuevo,2025-11-03,11,1
2193,2191,C-02191,9B52A94BC13F578E33D77399061F7CC347E8BDB5BAE45D6D2A4844B21B3DB4CD,Cajamarca,Corporativo,2026-03-21,6,1
2194,2192,C-02192,A98F7AD970B82E623B35CC931F61FA831E3216CA2A6D670F73A2D4B2FF44BFB1,Cajabamba,Frecuente,2026-05-07,5,1
2195,2193,C-02193,1DBF43D2A2686F1C2FEBAD9BF71A353A820D54EEED6DCE7BCDC2EF4BE9FBB9FD,Baños del Inca,Nuevo,2026-08-10,2,1
2196,2194,C-02194,A59E0AF929FA747DC28FAB631EC522F2B3E42F844CE9EFDC114A8B17AD26CC9D,Cajamarca,Nuevo,2025-06-22,15,1
2197,2195,C-02195,FA3B3AFA1024205462A96152710B03C41049DFEBE7CC0C71C5F2E468A0B90923,Namora,Nuevo,2026-07-23,2,1
2198,2196,C-02196,D82D714691FEE5F5EEA65B6B11A6172E0D64D491D9367031211AF9FC4AE4D116,San Juan,Frecuente,2025-08-28,13,1
2199,2197,C-02197,0F0F4233AD6D653940FFACB8CD6E9A7765C4F622DE39BA02467620B76DC03FA9,Cajamarca,Frecuente,2025-11-03,11,1
2200,2198,C-02198,AFBEC487F85993BDBF99029AC6667902A392687823AAB3641A787FF06949E41E,Cajamarca,Nuevo,2026-02-04,8,1
2201,2199,C-02199,8966C781A063264A20C8C2CF79BF8C0F474CF57DDD8212B503B1DAD2FFF4130B,Jesús,Nuevo,2026-03-24,6,1
2202,2200,C-02200,C5F5D0D106C4F73B5067AEF76ABE123B7F388B40D12C02A441639C300ACEC141,Namora,Nuevo,2026-01-28,8,1
2203,2201,C-02201,66401F3E034997AA821173AF7D1E60C246F0E6C8C42E2230698A877070FE7775,Cajamarca,Nuevo,2026-07-08,3,1
2204,2202,C-02202,B9E4C33E15BB219B594B29B63FB4392A93FECE70EAB96DADAFC32AA95B99D735,San Juan,Corporativo,2026-02-01,8,1
2205,2203,C-02203,A74B4466CAE2F8064D77993ACDFE4BEF18D6648CC8E946FB6E71EB0C4E2B6C6E,Cajamarca,Nuevo,2026-04-13,6,1
2206,2204,C-02204,BABCBFA77B8E427743797E2660D9A96A11CE69248A7F93F3D46C8029C627FE58,Cajamarca,Nuevo,2026-06-21,3,1
2207,2205,C-02205,BD07C912B20CED645AF760CBD87F065F1CB3087867B8240CD5D78313C5F9AC14,Cajamarca,Nuevo,2026-03-20,6,1
2208,2206,C-02206,6DD726EF706965B96947C3655A6D1CBB3998CDC00F66DD77E1BE0859D7C229AB,Cajamarca,Nuevo,2026-01-09,9,1
2209,2207,C-02207,DE38706F1B3797A2A25C45F08ACAEA022E3BB22C525A15FB17493DB64506EC0F,Celendín,Frecuente,2026-01-29,8,1
2210,2208,C-02208,,Cajamarca,Nuevo,2026-02-20,7,1
2211,2209,C-02209,91FF07B8A2061BBDEDE3DF230B013CCC89C78B24B273E9522D014858EA9CCC77,Cajamarca,Frecuente,2026-06-10,4,1
2212,2210,C-02210,D1A0DD419FA07141A39430B40A50B36FB9ABA75EC8830D8756C2DC28DD2B673C,Magdalena,Nuevo,2025-06-24,15,1
2213,2211,C-02211,1FE33A8641CEABF20CD5C14C86407B925DF45A3A526E0B42C67C1D8B0B5963F5,Cajamarca,Frecuente,2025-07-07,15,1
2214,2212,C-02212,266BBDBA701C22F50747532B2C011D0083392762F154AA4663C5749BA5A6B61E,Cajamarca,Nuevo,2026-09-12,1,1
2215,2213,C-02213,5328798CB6DC71D7BA178B9C515C5DAB8FEF01C3422AC0C2278E6A879B38F017,Cajamarca,Frecuente,2025-08-30,13,1
2216,2214,C-02214,77266B63EEFD447EDBCD4D7F384274DAD459C46563D6E2BDF32CD8FF61445F92,Baños del Inca,Frecuente,2026-05-26,4,1
2217,2215,C-02215,BDA2D4325388290A18A5F6A55B47B55754C29D7F9EAC1EA5B57551B6A905E7A9,Baños del Inca,Frecuente,2025-10-15,11,1
2218,2216,C-02216,50987AEE25E4977A63F330DEF8468838B0277F4FF80A38A99A3D1BC0AF6F4861,Cajamarca,Nuevo,2026-05-06,5,1
2219,2217,C-02217,17B9ACA9A9C02211A16965613B94372B700388D2184D024A762A97E494ACDE52,Cajamarca,Frecuente,2025-09-19,12,1
2220,2218,C-02218,65D1EE7FDE566D68325D27EEA50F7F0CFB5EDA23866933BF93CE37791FA82FD4,Cajabamba,Nuevo,2026-01-19,8,1
2221,2219,C-02219,C8982E3DE8CFE385159B79C069A03109CF969178B34E1B731F4018903435D165,Baños del Inca,Frecuente,2025-10-24,11,1
2222,2220,C-02220,C1CD76234902F2D4E60EA1A527636BE7BD26691BC1B642E9692D6DC97B0A8FB2,Cajamarca,Nuevo,2026-06-25,3,1
2223,2221,C-02221,ACF5796C41833A31128DBFB2061355D9F89644EF9B7BE698803FB1DFD75FC65D,Cajamarca,Nuevo,2025-09-08,13,1
2224,2222,C-02222,90539B9889E67ECDF8D164A840C60AD45888EEC062939A4CA8E60E989AD7346A,Cajamarca,Nuevo,2025-07-23,14,1
2225,2223,C-02223,5C5A06D6011CF1ECDEFE9B87A8C6E3BB2BBB8AF43FC74CB5ACFFBDC97E0755E2,Baños del Inca,Nuevo,2025-12-29,9,1
2226,2224,C-02224,23526F62DA5034C1BDD27E6FEAE467E39F60FB5A07357FEB6E86F64882C02521,Baños del Inca,Nuevo,2026-08-14,1,1
2227,2225,C-02225,AE1F26A4D4280EE4E17331D6096FCA87E77B03BC708AF2EE4B72263522381D33,Cajabamba,Nuevo,2025-06-12,16,1
2228,2226,C-02226,324CB589FBC29102895626F917809E66D95D8FE121117D029BF2C8C839698C8C,Cajabamba,Frecuente,2026-04-03,6,1
2229,2227,C-02227,8B547D80FD741E0C634B3E874826FB3761B5245DD7A738E5522083DC6EC40BB7,Cajamarca,Frecuente,2026-07-13,3,1
2230,2228,C-02228,DF1C01D4CD4E5A5A09DF66E3B6FA72064BD7BB44F3EAA0024C54EA37E67BD0C4,Magdalena,Frecuente,2026-06-25,3,1
2231,2229,C-02229,3EAD83D3C0ECB684025DFC687EBBE79BC7762D30C990BD4A22A59FFB0AD53106,Cajamarca,Corporativo,2026-01-19,8,1
2232,2230,C-02230,6F2318B51275D17E0942951DF7D7D7CAFE6219830A044524FA62F3818CDC2E6F,Cajamarca,Frecuente,2025-08-30,13,1
2233,2231,C-02231,2FC7BD74A3975FA2D1E61BE19133767DE8A75DFBA52FCBDC01F87B2403B534C2,Cajamarca,Frecuente,2026-03-11,7,1
2234,2232,C-02232,93F50DA32D6704074A343543B5BEEFE076FF31635CAE6FE086B46AB2FD0A8CB7,Cajamarca,Nuevo,2026-09-08,1,1
2235,2233,C-02233,25FBC72B5AE335DD2A6FD7CFCDF0D457DDE9DFD111490E70F48B580F99DA6809,Cajamarca,Frecuente,2025-12-11,10,1
2236,2234,C-02234,7F44B7357884B52BE3BC5BDD6AA76C1D7AC15E2D982FB034D3C7977803987B6F,Baños del Inca,Nuevo,2026-02-06,8,1
2237,2235,C-02235,D38945C7FD2F9C2A30008749ADABEE8FB54120F5F7B419AACF515BEE925B9FEC,Cajamarca,Frecuente,2025-07-14,15,1
2238,2236,C-02236,1F6221E6ADAE95B71C1E40834409C867E5765B83834BBC0D771F52BBFFDFF64D,Cajamarca,Nuevo,2025-09-25,12,1
2239,2237,C-02237,173220A152BA88E46DBEB85B0A2F9CD1EDC8B07D94A160E334FF623EDD32D83B,Cajamarca,Nuevo,2026-05-25,4,1
2240,2238,C-02238,BAEF3F44AB6549C48DD998B41A598DF34A0CF5940F7BE40FC7A83152EBD93612,Cajamarca,Nuevo,2026-05-08,5,1
2241,2239,C-02239,E1D113122035E681F49D110574BA26333154D1A09109605A37D5FAFAB6B7499C,Baños del Inca,Frecuente,2025-12-09,10,1
2242,2240,C-02240,E239DFD181DE5760BFF27D43450EADFB260C7809E997E6C22615CD5BCCA963C9,Baños del Inca,Nuevo,2025-11-02,11,1
2243,2241,C-02241,40A76E9B354BA835A60BFE92DF71E0C34CB49D7EDC1F4C8890D7846809DB390D,Celendín,Nuevo,2026-04-07,6,1
2244,2242,C-02242,7081597C728F9196D2D0D71D380ACBD3604319D55042B4D51CC3DB69A57E5834,Celendín,Frecuente,2025-12-05,10,1
2245,2243,C-02243,A7F447EE6C8939C472E7E73452D527C88068BCF82B56D5DE3DB538F4FBF68059,Cajamarca,Nuevo,2026-05-16,4,1
2246,2244,C-02244,F9DD7BFABE3C848979DE2081F4AB4A0AF96A19DA55823DACF882F42F6205BF3E,Jesús,Nuevo,2025-10-06,12,1
2247,2245,C-02245,12CD396B66BFF84AEBD2798E76CC1845FEFB5FA61C8BE33BA5CE9E80F3623EC1,Cajabamba,Frecuente,2026-07-27,2,1
2248,2246,C-02246,1FF9BFEC879DC29A59ABD658E93F7C73F569A2F158E00DC3F515CE91D9757A7A,Cajamarca,Nuevo,2025-06-28,15,1
2249,2247,C-02247,3DC279B6F370C9C536CCDE3DE8555FDA608A391BFF2E101C75856AD74428AF31,Cajamarca,Frecuente,2026-06-24,3,1
2250,2248,C-02248,F572881D0831E0174C68B40AB7ED307FE1030E8EC9FC9D5293ED8CDA2C79A172,Cajamarca,Nuevo,2025-10-08,12,1
2251,2249,C-02249,1A080E49339FAF942D9E45247899ABC1271BF324832FD28C9AB1F37F44F19753,Los Baños,Nuevo,2026-04-11,6,1
2252,2250,C-02250,F97714B9DC22014F3B0F12B784378517B81613EB02193E3F5E24780C16EF4F5E,Cajamarca,Frecuente,2025-07-24,14,1
2253,2251,C-02251,6A2F09FAD15695E25AA7C38A81F70FFE8BE69E447B54E9F4F146CA17089FFE83,Cajamarca,Nuevo,2026-06-24,3,1
2254,2252,C-02252,0A2CA5A75C8A0C06E958B9DE8D96D333ABC2ADEDA31E2B183E15DB78A64CB716,Namora,Nuevo,2025-09-12,13,1
2255,2253,C-02253,D2FCC116A5059AC4FEA40030A7ED0D2A9C1D8C5B35AE790BFDCB37AB8AF79219,Cajamarca,Frecuente,2026-04-18,5,1
2256,2254,C-02254,D0D8EAD89F1186DBD2AA22DD13A9A01A956E8EED7C9D1C24E1C2CDFD85D2845D,Cajamarca,Nuevo,2026-06-17,3,1
2257,2255,C-02255,E4F32F5F8BF40032D592DE7400D4606B1596DD266F860AF9B2FAB1337D06A62A,Cajamarca,Nuevo,2026-08-25,1,1
2258,2256,C-02256,D4224631B84DFA2C19E21BA9266740B3E1A113701DC97EB796E760D83D2C00EB,Cajamarca,Frecuente,2025-12-16,9,1
2259,2257,C-02257,13780680BBB1051DF1A96125B2E80C7EB9FC26AB3C7AD28A43184373FF3C9513,Cajamarca,Nuevo,2026-08-13,2,1
2260,2258,C-02258,5294DE8AB05CDA7E24CA44F95685343A8F6CF8F0639D1FD0C8B56C7F62AAB548,Baños del Inca,Nuevo,2026-02-25,7,1
2261,2259,C-02259,F4CCE6BBFCE293CABC456E9016E8C02CEDE7495CD662B91877E27B7CF4D22A25,Cajabamba,Nuevo,2026-05-07,5,1
2262,2260,C-02260,B0AF6A6BFC8BB24D2DA17A9857ED7E4DB4AA161C3ACB7A47E31A85C32EC9AD08,Baños del Inca,Frecuente,2025-11-04,11,1
2263,2261,C-02261,1C1EBF9BABDC30FA70A7FD63C6064C8CE14797615F274EF68DD66622417CC9F2,Jesús,Nuevo,2025-07-04,15,1
2264,2262,C-02262,5CA2E89D9AC64EFF20A18ED583E5787BCC2BC73F8B3AA2928772B58A7BA1E9F4,Celendín,Nuevo,2025-08-24,13,1
2265,2263,C-02263,87EF5C5DB12BFF70C14101CC3C4E81CB96F9CE2A3921B703F296BC6EC861DE29,Cajamarca,Nuevo,2025-08-03,14,1
2266,2264,C-02264,16133CEE1660AF4008C71C5B60F511E4AA1E483A6DD7FD07302E8A19B9FF51EE,Celendín,Nuevo,2026-06-02,4,1
2267,2265,C-02265,E34E746473E6D3313602D45017C0E98E0967FDAEED836E2EDCE3B76BD22DDCBA,Cajamarca,Nuevo,2025-08-22,13,1
2268,2266,C-02266,BFC97E14180EC0B9B6BC638F7CD3D3785EE1C5B37CF897A034D4FC7A8E19E5B1,Cajamarca,Frecuente,2025-07-20,14,1
2269,2267,C-02267,FA677000B333C36FDB6891688B2330C21E8A4EC8D4AC51B995E083D07ACD7C58,Cajamarca,Nuevo,2026-05-13,5,1
2270,2268,C-02268,8922949F11F26A923165E0BC9C95C9BFB55ED7F1DFA6B23F5BCBF1E0B0C9BB5A,Cajabamba,Nuevo,2025-12-18,9,1
2271,2269,C-02269,8C486583CE9019D17BA90E6E29AA424A61680DC62FDFD4DE991D8E9C0C694D10,Cajamarca,Nuevo,2025-10-02,12,1
2272,2270,C-02270,C05E8595BBAF3D66E842EA45EC268D13E62D74484298E5F9A547A6EC804AE613,Baños del Inca,Nuevo,2026-02-22,7,1
2273,2271,C-02271,47DFE39085DCA8A58A4E6FEB1505F20580D458AA19D82B72F94382C4D322E448,Cajamarca,Nuevo,2026-06-04,4,1
2274,2272,C-02272,3CCFCF1164C76061A14054B6647F723E71CCA9FE2340C71BDF1DBCD6EDB95775,Cajamarca,Nuevo,2025-11-05,11,1
2275,2273,C-02273,88E8F7619259AE1B487A7F0E72FC480CC893A11C80EB450DEB9B6AE2C4939AA8,Baños del Inca,Nuevo,2025-11-16,10,1
2276,2274,C-02274,4C3B2D3588943477965B6AC801F58F66F9B652C1D6308FA86FC20CC4569E1FC0,Baños del Inca,Nuevo,2026-02-28,7,1
2277,2275,C-02275,646EB58D9DA2FD5346301F52EE4F4CE4365DBFFAA12F5907B47094DFBC9C7C40,Cajamarca,Corporativo,2026-02-21,7,1
2278,2276,C-02276,86F7CDBF02EC662AAAEEA86BF2168B0C5C772551A2F584FF91E711721D36C8C4,Cajamarca,Nuevo,2026-08-12,2,1
2279,2277,C-02277,0B6306C47EF677DB21C6AFB9AFF33643BB144576F409750DE1DEB621A4B3D211,Cajamarca,Nuevo,2025-12-25,9,1
2280,2278,C-02278,F8DA39D66B68F29B9796B843329FA05CD4A136E5C0582BCE5CA725F2DA94E67F,Los Baños,Frecuente,2025-06-11,16,1
2281,2279,C-02279,C15825E82896D81A20DDE7C8F95A74BC19B5DBAE190DEA5818B07311978EB419,Cajamarca,Nuevo,2025-11-17,10,1
2282,2280,C-02280,5269524E87D0B1C12EFC2F461FC035309D0D9755173D8B8D27D52E625B1AB808,Cajamarca,Nuevo,2026-07-17,2,1
2283,2281,C-02281,83EDCF10EF934BDB0FBE81BA4EDDAAF475FFAAEA4C88333F61B96AD05AAD483E,Cajamarca,Nuevo,2025-09-14,12,1
2284,2282,C-02282,02FF3EFC7FDDFAB95A6497AE9058E8B08B4EFA7E8BE302D0BD9AB25EA9CB830C,Baños del Inca,Nuevo,2025-10-10,12,1
2285,2283,C-02283,513F7A5BBEFAF6A91ED200AE8459D5CAAAA21B94E5D92A05740B192BD0343522,Cajamarca,Nuevo,2025-09-19,12,1
2286,2284,C-02284,FFB7F940D8A19D5DFA2CE6241653D3A0907A26A1DA2EDB0BA47FFC7D099DB430,Cajamarca,Nuevo,2025-07-06,15,1
2287,2285,C-02285,7AA198B8C2A00D97A17432BA5AB6EEF44227AC95E67CCF74907236F81A349F57,Cajamarca,Frecuente,2026-07-01,3,1
2288,2286,C-02286,1EB53CF3D2A7283EEE1F0731A132C91D8ADE0EA35613BF43C1C638F0380E5E86,Celendín,Frecuente,2026-09-01,1,1
2289,2287,C-02287,0DB8E922B17BD63A7A8DC61D0CB2ABA92D0ACF138DF67C31582B92BFE4C8F577,Cajamarca,Nuevo,2026-07-08,3,1
2290,2288,C-02288,0702F55C48C5DE2B608AB94B4A6C24945EF9C8A80BFFBCE009E05CD492847415,Cajamarca,Nuevo,2025-08-01,14,1
2291,2289,C-02289,899786209CC2D02FB339984F546160BEC620995698A020F016B0EBACC689FE30,Cajamarca,Nuevo,2026-02-22,7,1
2292,2290,C-02290,99580599DAD79BA1BEC519C9EBE96391C548031D6B284D6B05149BC60DB33F36,Cajamarca,Frecuente,2026-08-06,2,1
2293,2291,C-02291,2FD1DE3E860EFC44BA73A40CA343BEFAB20EF3B0A3CCA97764EC02B1F19019B4,Jesús,Frecuente,2026-03-28,6,1
2294,2292,C-02292,E7268F05A7785B794ABF0192CE68A0435EE926A184283964291318ADC6F3E73C,Namora,Nuevo,2026-01-19,8,1
2295,2293,C-02293,F4EC84CDB314D65FD3F359C51302EED51CC166F47AC2FBFC026864E699844B97,Cajamarca,Nuevo,2025-12-22,9,1
2296,2294,C-02294,DE32C0A15C4A77347B8FDCA03F9221CE6E5BB83D8FC29B489A0B413A29121559,Baños del Inca,Nuevo,2026-06-16,3,1
2297,2295,C-02295,16D4F9DCDEAF80F40BAA0D79385DC530E139FC61D0FF7183B03AA8ECE8505787,Cajamarca,Nuevo,2025-12-07,10,1
2298,2296,C-02296,15AC688A6562E5A49C8D068F920F05DCBB5C67F048A4C761F4740805E072C44B,Cajamarca,Nuevo,2026-01-08,9,1
2299,2297,C-02297,3B8C267F811C2580F1BD736C8FC151D94D1B6423BA7B6CE201AAB0301E15F03A,Baños del Inca,Frecuente,2025-07-06,15,1
2300,2298,C-02298,5AE36B3D794C249B1D48C05F25F8CB4BEA12322BB850D30EC3F5B229C5973FC9,San Juan,Corporativo,2025-08-27,13,1
2301,2299,C-02299,7506F0B1B5D35051A54612D04BC9AADF4AA26DA774A992A972D4C552B30E78C6,Baños del Inca,Nuevo,2026-06-18,3,1
2302,2300,C-02300,74D2AF84DAC7F0DD2E67D5D6AA5CFC7537BBAC3D587140EC091618A17EB86A05,Baños del Inca,Nuevo,2025-07-09,15,1
2303,2301,C-02301,6067E2808198105F1FD076EA31BE911BC9E70F760F296892A94E2C28C88F888D,Cajamarca,Nuevo,2025-11-09,11,1
2304,2302,C-02302,064FDEF8F9951410681AB4C4BB1C527B024B4DD602C9E4787C24964D4ED2D6B1,Cajamarca,Frecuente,2025-11-30,10,1
2305,2303,C-02303,FB7197230B6163AFE099C124E80830107850FAE518B39B964864A52ED77C7BF8,Cajabamba,Nuevo,2026-05-28,4,1
2306,2304,C-02304,5F06F3C886359B0B487DC8E5CC13CC3C9677F35578FAD6A51E97270AA85051D3,Cajamarca,Nuevo,2026-03-21,6,1
2307,2305,C-02305,9AD6B8285C28BF41A6D51DAC692D541D6F1342B30943A1E1037E98412FF0F607,Celendín,Frecuente,2026-02-16,7,1
2308,2306,C-02306,4459C6A884EFFD8207F4670AEE18C9BC40F505F456049EB4B819F22D217D4295,Cajamarca,Frecuente,2026-01-14,8,1
2309,2307,C-02307,8658DE1A1C86D3A7AC2B6BB029F3FA150728D3629E3914C250E7A903D80E4408,Cajabamba,Nuevo,2026-05-25,4,1
2310,2308,C-02308,DE450360236AB0675DB37E01DE1F08ED21F2B22F132489461D47A1B4E9C729DD,Cajamarca,Nuevo,2026-02-01,8,1
2311,2309,C-02309,95CCC014FA5CB64B840796956DD6E94A98E659D717404FE8C9B41F9002C48142,Cajamarca,Frecuente,2026-04-23,5,1
2312,2310,C-02310,AEE966F6BC4F3AE32C594F6582949E68CD645E832CDEAD0C98E774C1EC3C8241,Baños del Inca,Frecuente,2025-06-30,15,1
2313,2311,C-02311,A1F689F65AACC5C5631399908531B439E55E7E9F9F7CB9A4056A58FBFA59885B,Cajamarca,Frecuente,2026-06-06,4,1
2314,2312,C-02312,52E26F2D883134390131F16553D45FDA21870E51440DAC9490FD1DBFBEB0537F,San Juan,Nuevo,2025-06-28,15,1
2315,2313,C-02313,DEF0460E329105385F55A3347578DCF95BB15CE7D89CE74EDA28050AEFF2429F,Celendín,Frecuente,2025-06-25,15,1
2316,2314,C-02314,8C68879E70B0F5F7821BA5EFD9111D202A2E26134763E7CD08FAD7ECC1E84A8B,Cajamarca,Nuevo,2026-04-13,6,1
2317,2315,C-02315,4638A81258B354D7AABAFE9272F61421D15D8EB7D4ED9AEE6262C89EEA76B6FA,Cajamarca,Corporativo,2025-12-29,9,1
2318,2316,C-02316,5D5E1E5EFA3DC73B85368F9DB58B264539E707F2970CDBB2FDE2AB86B881DF54,Cajabamba,Nuevo,2025-11-09,11,1
2319,2317,C-02317,0DEC33364133525EA00D07AC01CB03A84C0F3639AAFCB0848271154B7B82F647,Cajamarca,Frecuente,2025-10-18,11,1
2320,2318,C-02318,6491C391F2C52F756415466E9F638D2D108989A205465E93086296DF72FD704F,Jesús,Nuevo,2026-08-25,1,1
2321,2319,C-02319,43332C57DEA04F58F7FFB16270C7A1EE2B9172F2CE5744F9CC0911AE08DF134A,Los Baños,Nuevo,2025-09-12,13,1
2322,2320,C-02320,EE6D3AC1029EC48E36E2269074D9CAE85CA57E02FEE1C6317C82CA6147A8343E,Baños del Inca,Frecuente,2026-01-20,8,1
2323,2321,C-02321,BD34DA5616EB52E050C7F6B2E952AC25A9B311378794472533289AA59EF8C9B8,Cajamarca,Frecuente,2026-05-06,5,1
2324,2322,C-02322,13ED53190EC150C6D6B9167F5C359E7D1D1F380074BA22856F9DE6CFF0E9FCAD,Cajamarca,Nuevo,2026-08-15,1,1
2325,2323,C-02323,AB14D37FD71C1306AFCF04F224CF9B9671AA6E8251A3648268840E6F3BB4E5EA,Baños del Inca,Frecuente,2026-01-12,9,1
2326,2324,C-02324,D536406C9617DE80E53D6D9A5FB13C981F144E50FEA208EC45C39B0989B7E713,San Juan,Frecuente,2025-08-18,13,1
2327,2325,C-02325,3C794F2C0CE0E56733A244F2A02335F2C3BFAD7777B5359E77A2A1FEA33957ED,San Juan,Frecuente,2025-12-01,10,1
2328,2326,C-02326,E09E01C070D598D91B178DB3F281510364E146989F379EEFF24ED0BD188437AB,Cajabamba,Nuevo,2026-03-21,6,1
2329,2327,C-02327,5188523ED7A482BC247CE18749A11B355BE08D3FEF18CBCBF059280378DB9F9A,Cajamarca,Nuevo,2025-11-08,11,1
2330,2328,C-02328,AC84319BE00643340E3C428AE78240CA21C64B8449CF509F57BCE69AAFF163F9,Cajamarca,Corporativo,2025-08-07,14,1
2331,2329,C-02329,0EC38B0015A25A5B12029230D6725D3813A84F92F0DA0A5AC8D9ACE470BFECE0,Cajabamba,Frecuente,2026-04-12,6,1
2332,2330,C-02330,DBF04300D7FAA8785C615430DDEE7433D2B1A445A21D6BE76CCCD5442E5CEB37,Cajamarca,Frecuente,2026-08-14,1,1
2333,2331,C-02331,4F321FADBD067C0488F5507679596E2D01B2DB55E756F26BCA54455320EAD5E3,San Juan,Nuevo,2026-04-28,5,1
2334,2332,C-02332,CB926A1880E9F0784103E9912754D60A41D0912DEFC6804D7ACD27F391A20F6B,Cajabamba,Nuevo,2025-09-02,13,1
2335,2333,C-02333,8A470FBC889F88EC6FDB7C34C65428CB5F1B76A9055FF9AF83F174ABF12E5F99,Cajamarca,Nuevo,2025-06-19,15,1
2336,2334,C-02334,E3BA058BB96FB1C997538E780C50E67AA71EEEAA85895E53DAEC8E2D20AA2EEB,Cajamarca,Nuevo,2026-07-01,3,1
2337,2335,C-02335,5299E4A60A8D18E387B65051DBF10D46417C9688F9854B4ED73C4D1F987B69A7,Cajamarca,Nuevo,2026-03-31,6,1
2338,2336,C-02336,2F3B5A1FCE14CD7A3D44B969DDEC9061AE7019FF6E2D9ECC3439A7FBD2F71CD3,Cajamarca,Frecuente,2026-08-22,1,1
2339,2337,C-02337,94F97D7378AD53107DBF9417559D09DEC36DE89D8D6368421F5ACE9CF9DF0B7E,Cajamarca,Frecuente,2026-04-15,5,1
2340,2338,C-02338,22BB23628E00556D6906F2BAFDD0C5476C07ADC4F8CAF9877B763ED2CD377C3C,Los Baños,Frecuente,2026-07-02,3,1
2341,2339,C-02339,42E4910CA02E8DF5701360CB6DB455E53B9DD0B18147F758C78FBBA172B50B53,Cajamarca,Frecuente,2026-06-04,4,1
2342,2340,C-02340,90D808F1CC84537E1510FE02C432BAA3C22A61BE7CF88E8678C4FFDC7C7D8C68,Cajamarca,Frecuente,2026-01-06,9,1
2343,2341,C-02341,9F8BAE5B7823044BBD51FEE2C239C60357FCDE928F2EE724FCA85AFC8F1393A5,Jesús,Frecuente,2026-01-22,8,1
2344,2342,C-02342,7C742426146A3BE68B59E6A1282EF558B910647B0140A8C70E2CD17B08744D48,Baños del Inca,Nuevo,2026-03-20,6,1
2345,2343,C-02343,19CA218CFBBC41AF5A3053DBDC6CC66DB821C26318130F53D93EC1A10EB3DA95,Cajamarca,Frecuente,2025-11-09,11,1
2346,2344,C-02344,4E476A321A2FCB9E39A8ED4F8AB82BA6E08843C7ABE32359DC3E568472197397,Baños del Inca,Corporativo,2026-02-24,7,1
2347,2345,C-02345,988CA219D660CAE639AB4DB0C532EDB60C8E6F6422E65AA44989D22D9E432C33,San Juan,Nuevo,2025-09-09,13,1
2348,2346,C-02346,99A661C91C45654A05418DF41E8188FC34751E54CDFD8A94C796028B3320A82B,Llacanora,Nuevo,2026-08-13,2,1
2349,2347,C-02347,4A9111732D38FA8FF8EF773D698D6EF9A58B7C028C09726E4E7065CB60D5E920,Cajabamba,Frecuente,2026-05-19,4,1
2350,2348,C-02348,FA3D4879F24F505392370CFD47C786033D22B012604A50D0E79762842FAB98A0,Celendín,Frecuente,2026-06-07,4,1
2351,2349,C-02349,112DAD6EB2CA24969696BA54C15CEA64429F1DE3A67D6BA0B518A0484588E815,San Juan,Nuevo,2026-04-13,6,1
2352,2350,C-02350,731E1F258DF1C18A624DC6DE32684F30D452FD6BB12422DF1EBD9EFD44F8C357,Cajamarca,Nuevo,2026-06-03,4,1
2353,2351,C-02351,38894EAE92C4B01F4E03EFFADC8314388756B9BB1F638482A97BD0D0CC9734F0,Jesús,Nuevo,2025-06-03,16,1
2354,2352,C-02352,C4F57DC2ECD951A1D44A9B09B02C6D05CFBA428CD9305940554206DD98F670A9,Cajamarca,Nuevo,2025-11-10,11,1
2355,2353,C-02353,50162F157B617B4520BE434B7A1ECC26A4B90C0C4E1A7280726758541D80FCA9,Baños del Inca,Nuevo,2025-07-21,14,1
2356,2354,C-02354,AD03F05D0B6F5393A2E2475A8BBAD10BB8D931B7225FC96E06C84E190D4771E4,Cajamarca,Nuevo,2025-07-08,15,1
2357,2355,C-02355,3032BC22AAC5E387DEF60F2FAEC4AB932AE887570CEF117BADE71B65324FDC00,Cajamarca,Nuevo,2025-08-26,13,1
2358,2356,C-02356,3BFF5B70638E7F61217C726F8A004CA3CED54E8ED4A78118B469B6308561073B,Cajamarca,Nuevo,2026-02-11,8,1
2359,2357,C-02357,19A54F4BBD0110CAB333CF6198C10072E696232498F2B650471B3BD2FFE5F7E9,Baños del Inca,Nuevo,2025-10-23,11,1
2360,2358,C-02358,27263BE275C995BED2D710F2403AA9727778CBE06FAF309EF5FA03823C5CFF97,Cajamarca,Nuevo,2025-12-23,9,1
2361,2359,C-02359,F012D42BED2AC8607472D4B54FCE542EB0E43078201D2F85C1FAEBCDDE1034CC,Magdalena,Nuevo,2025-10-12,12,1
2362,2360,C-02360,A35FCA8D7FF29CB3D74B4FF37D805322DF9BD3CCBBA159FC70B2993DCD574BB3,Cajamarca,Frecuente,2026-02-26,7,1
2363,2361,C-02361,2013A6934ACB4540DABB7CC7DA01AC47819C36C49061984F9B2BFCADE2AF36CB,Llacanora,Nuevo,2025-07-31,14,1
2364,2362,C-02362,B8B89CC438A87B4E489F3151DCC8131E77A3683F73795921E32EFE9B4A9F81DA,Cajamarca,Nuevo,2025-12-30,9,1
2365,2363,C-02363,DC457B6A4FBE2F8D1288F60925268BA278973D4B43EB30F199A0AA8CB5060D60,Celendín,Nuevo,2026-02-20,7,1
2366,2364,C-02364,60D2632EB2C9511799AB71539A7FF1A60DEAD0C40ED62F616EFB87D20C16004D,Baños del Inca,Nuevo,2025-12-26,9,1
2367,2365,C-02365,D0AA9F914327E30550ECAB2CAFFEA31802D645B736ECC2658E41EBF5D290DD95,Cajamarca,Nuevo,2026-01-26,8,1
2368,2366,C-02366,566E7DD969C9FADBE06B6CC31F614773DFD67C0DCD0A00B4864D41FA7E032AD3,Los Baños,Nuevo,2026-01-31,8,1
2369,2367,C-02367,23B4008A01CDD313D055BBDC2EA5359ED133ACB1DDFF7E5FF7A59B3C94C82B2F,Cajamarca,Nuevo,2025-08-28,13,1
2370,2368,C-02368,94337FB9FE3FB8E4D7717A0D6B562C544391E1D9EA98920029F987F7C3C7848B,Cajamarca,Nuevo,2026-02-01,8,1
2371,2369,C-02369,F85031F5140ECD66EA83F68A90D6976AA4DE59B497309FAC6B6E08B7F0861389,Cajamarca,Frecuente,2026-03-30,6,1
2372,2370,C-02370,3EEADE8E4CDB9E057D3B36A5E33C9244C3DA7BB7CC1E36DD81953E0326357EDF,Baños del Inca,Nuevo,2026-04-13,6,1
2373,2371,C-02371,B77E11FBA9B0EC085B50B193D8C4948EAD245E5021667337202E0EE59B7E2777,Cajamarca,Nuevo,2025-10-09,12,1
2374,2372,C-02372,5A3DE82323B4C3774B31043502B6184E55CBDCC28DAC46A54EFB004522C6007A,Cajamarca,Corporativo,2026-07-20,2,1
2375,2373,C-02373,21BA8F3C8CC69C861A27DFF3661F77DD2F7308E6D287EC167A6CD2093E2491FC,Baños del Inca,Nuevo,2026-05-03,5,1
2376,2374,C-02374,4356A42E366C6C05A28C5E339078EFA5F07E9C4AE844670AD5576328623551D5,Baños del Inca,Nuevo,2026-02-16,7,1
2377,2375,C-02375,6E3C6D7E9F5DB1F7D586AA2698B24FC57F079B71CC395C1CEC12DD06F33C0BAB,Baños del Inca,Nuevo,2026-03-27,6,1
2378,2376,C-02376,631C2FF350C4537A2E1B56AE9C02C0BE65E91E053494EB41F08A72D11B6A4D20,Cajamarca,Frecuente,2025-07-30,14,1
2379,2377,C-02377,946B478C9FC3E64AD4BFF3230C6359B353C693D08650A1B3F13AE93E04BA33E3,Cajamarca,Nuevo,2026-02-04,8,1
2380,2378,C-02378,E8A7CCB14E33E9F28BF16769082D48630C83C41D9333334A5C550560423A179D,Celendín,Frecuente,2025-09-02,13,1
2381,2379,C-02379,F53558140D5AA80D1E44F9698103100254E14673E959F25F54C44C7219E291BF,Cajamarca,Corporativo,2026-07-13,3,1
2382,2380,C-02380,7AB14441D5FC78768F9DF2F501FAFADBAC51D7B8003104FC5E7D492E9846C0CE,Los Baños,Nuevo,2025-06-14,15,1
2383,2381,C-02381,AE0065813C55CF242BB519A9D80C45E95F2AA9BB33639B5B821337547D337A0E,Celendín,Frecuente,2025-12-25,9,1
2384,2382,C-02382,4766C76810D7643023185D0768474037C0034CE70A1B426DF0781E5BB0DC983F,Baños del Inca,Frecuente,2026-09-07,1,1
2385,2383,C-02383,23C1941CD454D6F2F9F8F7A576F06C176E5462EE4FC6DAD16EB2071281552247,Baños del Inca,Frecuente,2025-07-29,14,1
2386,2384,C-02384,E81BA2365D36FC15D8B72280872795E02D3E5F8515E8F9B829DCD35C636E1648,Magdalena,Frecuente,2026-06-21,3,1
2387,2385,C-02385,4B718E5793FE47F04554DED326880D600C4923A77F85181294859DDD45BED3AE,Cajamarca,Nuevo,2025-08-14,13,1
2388,2386,C-02386,38A231D341F86DF03360C3AFC9897FDAF84FD4118BB206D2664A9EDD162C7ED1,Cajamarca,Nuevo,2025-06-11,16,1
2389,2387,C-02387,C71F8C8415F79C331ADE83EEF1E414B5AB7C1C497B7CA297AEAE6B6F6DD30A46,Cajamarca,Frecuente,2026-01-28,8,1
2390,2388,C-02388,3C45A9F1953EB0971AD90135AD911719D528EBBDF879473B35171E6EE333E19D,Cajamarca,Frecuente,2025-07-28,14,1
2391,2389,C-02389,BB23A2041D70498844512A68424D47B0A5871A01C56CD502B78E9714745919FA,Cajamarca,Frecuente,2026-04-01,6,1
2392,2390,C-02390,6590AF580F19ABFAC9FFC2EBAE70126CE03B782D17C6EE7BEB5FA10BB1F2BDAC,Jesús,Frecuente,2025-06-28,15,1
2393,2391,C-02391,9AB28A51746701E2DA513A34EB8F92DA7FC05436ACD62FFB1EEFE414516DB752,Cajamarca,Nuevo,2025-08-02,14,1
2394,2392,C-02392,77151585312CCAE1547E19434549EF9504120EADC0FC6871B5A15B15ECEF43A4,Cajamarca,Nuevo,2026-07-28,2,1
2395,2393,C-02393,C980528D3F9068A2D1662792AD209221A98735068F3078BAC94BCCC28791F7BB,Baños del Inca,Nuevo,2025-08-19,13,1
2396,2394,C-02394,4C02B59C44ED897F29B5840F87BB14290B7B141683FD1DBF5969E3AD8DCDDAAA,Cajamarca,Nuevo,2026-06-15,3,1
2397,2395,C-02395,8E9CECEBDFA6FF13233E6D0B17CCD93387784B945BB1A6823613C720F8648491,Cajamarca,Nuevo,2026-07-02,3,1
2398,2396,C-02396,DB4001BCC68023F6FADE605259B1E07933BCF945A169A5775CEF90474F76DD0F,Cajamarca,Nuevo,2026-05-02,5,1
2399,2397,C-02397,4231F738321D42BE1C8946598E4ECDDA3F0BB3A6E05CE7D586C3E23C1EEA4EC3,Cajamarca,Frecuente,2026-04-20,5,1
2400,2398,C-02398,3283165241F7CDE74CB107D91C6CE62ED3C148AE8AF55D0A58D6611D7B861461,Cajamarca,Nuevo,2026-03-21,6,1
2401,2399,C-02399,9A4A1453C19EAF83D6BB6663D229DA318B16BA6828A6C289391014410F62B10A,Cajamarca,Nuevo,2025-10-15,11,1
2402,2400,C-02400,4E3715CFA28F5607F19E482549507DDCF023F3F22209B1C91C302A30FBE61300,Cajabamba,Nuevo,2026-02-07,8,1
2403,2401,C-02401,E0CA0E6F023120FF29902F03BAB785B8954D3007499B449838C1AA329540B821,Cajamarca,Frecuente,2026-07-04,3,1
2404,2402,C-02402,9BAE4439038F3E8931972AE584EBE060F9FF1003059DBCC93FC11CE25E63B4CE,Cajamarca,Frecuente,2025-06-07,16,1
2405,2403,C-02403,5B81310BC2E68223EC7CA1D8AE30CABEE3E14FC428FD8D6298A9119E5727A440,Cajamarca,Nuevo,2026-05-07,5,1
2406,2404,C-02404,88B85B3E013BDD1A368E5641E9FD570D281569B49905EB35AF6E5ACA6F3AC975,Cajamarca,Frecuente,2026-01-01,9,1
2407,2405,C-02405,B83336CCC66B105028EC6968A042C17E46272C3879CFADD38A79A745922AECFD,Los Baños,Nuevo,2026-04-21,5,1
2408,2406,C-02406,FA17C99F187C2C5CC0B44BED1E306E0CC5D402BA466FD7190ADEEAE76B05FDD6,Cajamarca,Nuevo,2025-08-11,14,1
2409,2407,C-02407,527453C5D8EA8F7AF817658EA637CD15108D1C97F576D7E2532878E08F91959A,Cajamarca,Nuevo,2026-02-01,8,1
2410,2408,C-02408,A2748C713E62F4B4AD0000C340BB2EAFFA00834CDDB27658ACEE22D05F8B5B22,Cajamarca,Frecuente,2025-08-09,14,1
2411,2409,C-02409,BF306DE75ECAABEFD8A4ECD39121AE39C0FB7C1E46B488FE75E9EABA33554C78,Baños del Inca,Frecuente,2026-06-03,4,1
2412,2410,C-02410,A31822E2E7E19C1E1D3F73B477B5FEB5EC51AF1689D755328A7066CB0480BA76,Baños del Inca,Frecuente,2026-02-18,7,1
2413,2411,C-02411,D06032FAE2581ABEDEAE5EDC12BAA8AD8CCEBCACFD23F5F8EBBE005CABE09AD3,Cajamarca,Nuevo,2025-10-25,11,1
2414,2412,C-02412,F7E1EBE3BF3059D3463AED7214198820DB0F462B860373A3477A08A8945B53B1,Cajamarca,Nuevo,2025-06-30,15,1
2415,2413,C-02413,47349BACA847E2F60D7EE48CEE7B7D3192C928AA5DC76E879BBD24548A0526BA,Cajamarca,Nuevo,2026-06-19,3,1
2416,2414,C-02414,9A43FEB81930E05C38E65D078EDE6217F4DA4094AE15A68B310A9A78751163CD,Cajamarca,Nuevo,2025-10-10,12,1
2417,2415,C-02415,AF4196E7F8C93C1FABA6108E44B89B40F49BAE5DCD5230D33F29EE3889AEC763,Cajamarca,Nuevo,2025-10-07,12,1
2418,2416,C-02416,D6EFDE9D83418C86C5346C55A34E62BDB345B0AEB87D0C864629CE2654F252A4,San Juan,Nuevo,2025-11-12,11,1
2419,2417,C-02417,C68DB72914C77859C336DECF253A579C0188F131FBA53CFA38E70482C3FE6AE6,Cajamarca,Corporativo,2026-08-20,1,1
2420,2418,C-02418,D7795FA66E7561D39C43F19AEC2AB3B16CD8F9EBE1FF2891C25CE8CFF8F85154,Baños del Inca,Nuevo,2026-06-12,4,1
2421,2419,C-02419,,Namora,Nuevo,2025-11-08,11,1
2422,2420,C-02420,D89D7E96C4A3F9D65466C2890F76B7BF06D05B8AEE377F29930DA23C0459F5DA,Cajamarca,Frecuente,2026-01-24,8,1
2423,2421,C-02421,D3C08C32BBD003AA9B226FF86F8518C7614D517215B655C1466F13E830262938,Cajamarca,Frecuente,2025-12-31,9,1
2424,2422,C-02422,255E40D6D0A9C5F568D798252E26B2C824686C32652062398BAC11DDF4F9AC7F,Cajamarca,Nuevo,2026-08-21,1,1
2425,2423,C-02423,29EC8F489B86A067BD9E51FA83D3F8E28B485D1B236A5C9513E01ADA6D4E6E1E,Cajamarca,Nuevo,2026-05-07,5,1
2426,2424,C-02424,7F83974A448D144BDBA5DE788DD59C972DDFC5A513F4B5F4569A07C4537355C8,Cajamarca,Nuevo,2025-08-09,14,1
2427,2425,C-02425,54AF5217576ABB061915E1DDD06A071E3725F0A395C2D6AAFECB126ACBF5209D,Cajabamba,Nuevo,2025-10-18,11,1
2428,2426,C-02426,910E06B292BDEC3CF88688357128BB728A24A225FA582F2317C6750269FFC74C,Baños del Inca,Nuevo,2025-09-09,13,1
2429,2427,C-02427,F97734ECB6AEC6196C8A887BC2B172B0E329B624396F0F7E2F4C21807F122BB1,Cajamarca,Frecuente,2026-04-17,5,1
2430,2428,C-02428,C7550A0DF1DEF9A99C2171365C567A812385B138F00BAD2F493AE500DBC80A10,Cajamarca,Nuevo,2026-06-26,3,1
2431,2429,C-02429,E704C4D99D0902AFA76AF085619D6DB8ABFB81525FC7E3CDE58E8D71BA4BF856,Baños del Inca,Nuevo,2025-08-09,14,1
2432,2430,C-02430,005EFB9AB34AE6C4CEB34417899AE75467205274F1AFAFB39BBA01E585DAEF61,Baños del Inca,Frecuente,2025-10-19,11,1
2433,2431,C-02431,932166AE23EE05D68E7E552EBAEC256F6009600D25FAE17A54366DF2F5B05EE3,Cajamarca,Frecuente,2026-06-20,3,1
2434,2432,C-02432,25B4D3A02ABDC3736EF72FF7174881ABF5156AC3E859899C2F3195A8C8508337,Cajamarca,Nuevo,2025-09-02,13,1
2435,2433,C-02433,AB81E4EB411A014303CC78C365F7A188200325339EBBEACC3869F09C75CA1021,Jesús,Nuevo,2025-10-15,11,1
2436,2434,C-02434,,Cajamarca,Frecuente,2025-07-07,15,1
2437,2435,C-02435,52C62CB07062C022BD4D222892E8A8B5C2888702959A2629BF1E515D89D36A3C,Cajamarca,Nuevo,2025-08-27,13,1
2438,2436,C-02436,CF66B99310037E286B41AE5FA7D6B3B8B6B4E5C03E43E5BEB75D242C22026E7F,Baños del Inca,Nuevo,2025-09-10,13,1
2439,2437,C-02437,0A5B767603DCED089D4439B6D8905CA8A6D39B182218F3ADA300DFE074E7E703,Cajamarca,Frecuente,2026-03-02,7,1
2440,2438,C-02438,CCE575541C22BA1A5CE764C2D3CCA58CB9034D15FD1372F5D4E671C9DC878655,Celendín,Frecuente,2025-06-21,15,1
2441,2439,C-02439,8B832966800ADAAE3FDB358C153348461EEC45A3E0DE9975C66D91586456D59E,Baños del Inca,Nuevo,2025-11-18,10,1
2442,2440,C-02440,CAB65703706A08BE7681F5464F9F351FF13798E33A487B6B4A5CB6D0C0C1291E,Cajamarca,Corporativo,2026-01-08,9,1
2443,2441,C-02441,8CE359E6DF9ADD521336E05438278B86C75B951A14764BA5B97A19B6EDF67B44,Cajamarca,Nuevo,2025-09-12,13,1
2444,2442,C-02442,4BF2ABBEA3C0EF57C2722D3A2DF8D4961B571BAB1728BA4227116A6CBB8E612A,Cajamarca,Nuevo,2026-06-26,3,1
2445,2443,C-02443,112191D2D4B05D803F51BC57155A6D7634097230A38B541DBB021AD29E3B4D32,Cajabamba,Frecuente,2026-05-13,5,1
2446,2444,C-02444,81A20411BB761FA68808254954FB651AE43447602E4BA426A2180FB2776A27F8,Cajamarca,Nuevo,2025-06-11,16,1
2447,2445,C-02445,235A18C554686FBADF20E6F7607B13A7115CDA08691E02A30A82D356B37CA67D,Celendín,Nuevo,2025-10-12,12,1
2448,2446,C-02446,3FDCD280674947D731731D17CFDDBC97710232622532641616F0EE6A76653192,Namora,Frecuente,2025-12-28,9,1
2449,2447,C-02447,893108E7033EFAB68262C104EDBA9EFC23819EC6ADEFCE4026336B00F1C216A7,Cajamarca,Nuevo,2025-06-06,16,1
2450,2448,C-02448,6D13283EBD60EF7A06E53577356A2A7649B7A10430CEE94D9BA76025E65D69F6,Cajamarca,Frecuente,2026-07-04,3,1
2451,2449,C-02449,1C0604214FDA6590F692616BAB2C55DEE54D32A4C8966853A0A718DAADC713D1,Cajamarca,Frecuente,2026-03-26,6,1
2452,2450,C-02450,A592DC027280D91853D94F51FB12ACF14505E642DCCC4D53CBAB9E858FBA9A24,Baños del Inca,Nuevo,2025-07-06,15,1
2453,2451,C-02451,FE9C368DC95AC78C7DFE2B468D714D55940C272B85A0C84DA825BD4837896EB5,Cajamarca,Nuevo,2026-08-26,1,1
2454,2452,C-02452,569532F3891908B5F817067EF38AAECC18E618AC122D373915094C4A5DF3450C,Baños del Inca,Nuevo,2025-12-23,9,1
2455,2453,C-02453,AA39FB8D72CBBE8A61C8FBE0BA849508B3CDDC135950E99BA27B488343BEAFFC,Baños del Inca,Nuevo,2026-08-29,1,1
2456,2454,C-02454,9B917512DEA2843C1522A26AACAF48D99E0BFED691AA9586FFEA76B7880D5F5B,Baños del Inca,Frecuente,2025-08-05,14,1
2457,2455,C-02455,879E326145B7EE36523CB750126A6DD593B4FDAABECD1B685DDE410957C767CF,Baños del Inca,Corporativo,2026-09-08,1,1
2458,2456,C-02456,8D72A26E07D50FEAD2661DDCB7B1EEB9E140AC40E5AC3CC0C7C627F389E67E2E,Cajamarca,Nuevo,2026-01-09,9,1
2459,2457,C-02457,901601883DEBF69EA43CF29F1601853CB0D7327091EF46487A2B962E624D2F3A,Jesús,Nuevo,2025-12-25,9,1
2460,2458,C-02458,699A590183590D6E9EF2007D22D91A366A416CD044376ED036E2244B1620928B,Cajamarca,Nuevo,2026-07-28,2,1
2461,2459,C-02459,FEAA280F761A5FC8F4B912E06D188BB0A0DA92CB253970382F54317638C5AFB8,Llacanora,Nuevo,2026-06-27,3,1
2462,2460,C-02460,26065C612651C7E44E331A0CE119A08CB6D541AEBED77C3E12B5D10862390B9A,Los Baños,Nuevo,2026-03-26,6,1
2463,2461,C-02461,FE347325D7780313078123B16EBD29F163483152335EDED5960B50D2DB070A39,Cajamarca,Frecuente,2026-04-20,5,1
2464,2462,C-02462,9580F9ACAA185214589423B40378432F1C66A0A0EBC459116909EE6C5E132F4B,Celendín,Frecuente,2025-07-15,14,1
2465,2463,C-02463,F6F0ABEA1BA181C25D2A3C0630F495DCF4198A948CCBA96CC368D600DF61FF73,Llacanora,Nuevo,2025-06-17,15,1
2466,2464,C-02464,7373FD003B9AF0F33F56B6F3C55261D70ACC1619CB40BE2E66A61FE3B10781C2,Baños del Inca,Nuevo,2026-02-12,8,1
2467,2465,C-02465,2FA5C609EC58A01ECDE320285A95DC5B3FA47BB4E1AF14C1FFEA35519BDF13EC,Cajamarca,Nuevo,2026-09-10,1,1
2468,2466,C-02466,C8D139073ACC65920235F2D88888BD721B1A1A717A055031F1A04A0D4230A765,Cajamarca,Corporativo,2025-12-11,10,1
2469,2467,C-02467,3F545723C4FDE118BE683F9673D2989B1180D84A3E2205A6B1A792A039A54E3B,Cajamarca,Nuevo,2026-07-19,2,1
2470,2468,C-02468,9C598C1F85D3B0F25EB61412806C2C2338B1FF9B856B5AB8D05F60370A3BD67D,Cajamarca,Frecuente,2026-06-14,3,1
2471,2469,C-02469,E3108A26533BA97CB643138973CFA0FD0CE8ABB2A762564609AD47D88874F802,Los Baños,Nuevo,2026-05-22,4,1
2472,2470,C-02470,C7512D21C7B11EB7AE93A9A216A35BD7EB29FB075D6E1643A5B967F14D34D4ED,Cajamarca,Nuevo,2025-06-01,16,1
2473,2471,C-02471,451C14E9F7B60AAE2670172DED2809C3F384948395766868D13E49873F0DFD15,Cajamarca,Nuevo,2026-02-16,7,1
2474,2472,C-02472,B118EB4A465B1FFD07B9B6697C3C438D1268A417C0530D8325BA6F9119367A6A,Cajamarca,Frecuente,2026-03-30,6,1
2475,2473,C-02473,093716E6B8145EAB05B567066F07DA9A56EE24103E6E269964035BEDB70952E4,Cajabamba,Nuevo,2026-07-03,3,1
2476,2474,C-02474,BB1FCC3C29C8F2B1B4726984EDDF40A7F20073EF100512B73E1C9B0FF80A83C8,Cajamarca,Frecuente,2025-07-15,14,1
2477,2475,C-02475,2C17A1D48F6A1A4A5B81F431C2B5DF58A6BB585BE6202AD969AE5C5F4FC91270,Cajabamba,Nuevo,2025-07-22,14,1
2478,2476,C-02476,F1894CFB03786C50A5C35D9185494A8137BB7FD8B0CA34CE5857D86549CF7434,Baños del Inca,Corporativo,2025-11-24,10,1
2479,2477,C-02477,8DB15DB8D63EB2A5E875F0E7C3F9CAAB275A48FA6972028158371F8B2543C1E0,Baños del Inca,Nuevo,2026-01-13,8,1
2480,2478,C-02478,6B72ECAD2C6674FF1DD04D237A0C8BEDB1E9CF104477B46366BFAA94FFD2D313,Baños del Inca,Frecuente,2026-07-31,2,1
2481,2479,C-02479,6452A7FF55B2074C3DBD3B67F5AF213791F5F1246A15CC7B243F3386AA539EF6,Cajabamba,Frecuente,2025-06-03,16,1
2482,2480,C-02480,8CFAD847E7A437478440C2EC99347028CB4B153FD80B0261E3C50EE98150FFBE,Cajamarca,Frecuente,2025-10-29,11,1
2483,2481,C-02481,87828B69F73C5209AC204813229107555E6ED819F1E780D738F4A3BB96C0E578,Namora,Corporativo,2025-12-31,9,1
2484,2482,C-02482,D86E0A7D901E1B51F995FB6C47E4D5425D9E2DC2E96B51703C734E6CEAC264C4,Baños del Inca,Nuevo,2026-02-03,8,1
2485,2483,C-02483,873DE6A3C47818790EECBFEDAFDC17C7E771D34251C8BD4D79D64E074539D1B3,Namora,Nuevo,2026-06-19,3,1
2486,2484,C-02484,E20A047353AAD024BA65296ADBA7A5A3D29F1DE1F5F664BAF8B28F78C01941ED,Cajabamba,Nuevo,2026-08-27,1,1
2487,2485,C-02485,0B7695DCA1E09FDE60B072439038288FB11A19E4D4B1B4D5A6A94EF25F1D3103,Cajamarca,Nuevo,2025-07-20,14,1
2488,2486,C-02486,19781F3AA62923B5F234FD1BB1A91746A6724A47B92C0B5308D328D867CD8223,Cajamarca,Corporativo,2025-09-03,13,1
2489,2487,C-02487,FCF47C97073B8E7B39EBA1A0D8219AC749EB2A46AEBB94FF3250CA79197EF095,Baños del Inca,Nuevo,2025-07-18,14,1
2490,2488,C-02488,,San Juan,Nuevo,2026-05-12,5,1
2491,2489,C-02489,F848092A309B8FF709EB1D2F9A0D271E7E5DB7B9BB3F0248FE5F04FF51767C2A,San Juan,Frecuente,2026-01-25,8,1
2492,2490,C-02490,9DE20A38A1D02C848C0D29A441E4C430A91F5AC6B8A025262ACBB26D844FB190,Jesús,Nuevo,2026-05-11,5,1
2493,2491,C-02491,4F909F1D94D799B2FA9DBCFE283CA21B4F6813AE414370FC4DBEB3F7D11E285E,Cajamarca,Nuevo,2025-12-08,10,1
2494,2492,C-02492,6B96B06AE6EFE13B92E4DAB56A0C9EC76EDA7DAE1C00B80B5A8DCA6C4A803498,Cajamarca,Nuevo,2026-04-11,6,1
2495,2493,C-02493,2B670FAE4A1215A42CB246894F36F560094FE4AFA9C39CAB8D97B1D42094A6FA,Los Baños,Corporativo,2026-07-06,3,1
2496,2494,C-02494,1691F4326B31F344159507D03A5CB8ECAE81C8FDD28C4CBE16B9C46C4142676D,Cajamarca,Frecuente,2025-07-14,15,1
2497,2495,C-02495,A917B0A2BFB681B7E5FBB7B99AE294442527CAF1FB319541847FF3F97E3F2F5E,Jesús,Nuevo,2026-01-21,8,1
2498,2496,C-02496,D3417A02A00C775CAA237403BFCEC5984A2BF26434DA70ABAF94962C3C83FC6F,Cajamarca,Nuevo,2025-09-03,13,1
2499,2497,C-02497,37B4515F2CCA755DA3D03BE319E1B21A134AED88A2A2A81B19F8BE1B2A8DA47C,Cajamarca,Nuevo,2026-05-11,5,1
2500,2498,C-02498,09A755FE9D6A9C3186029FCD196B1C143113BC0BD7F84B5FA62B60D5DC07A2A5,San Juan,Frecuente,2026-08-04,2,1
2501,2499,C-02499,D8130F3D71184C7FDFBAF744C544A1D833BADE6DD25555D09B30DCFCE12FD463,Cajamarca,Nuevo,2026-03-25,6,1
2502,2500,C-02500,0F2D672BB4BAD9B5E7F34B260993B26E4E28731760C6180341E5301697D520D9,Cajamarca,Nuevo,2026-02-10,8,1
2503,2501,C-02501,F1D36264B30523472E59E1FEDE632500DDC68D0C327761B53A96690CF58C36B4,Baños del Inca,Nuevo,2026-04-09,6,1
2504,2502,C-02502,08E8783ADEEC950D76E94269D13932EF40F6C4927602A631396AF896664BD0D3,Cajamarca,Nuevo,2026-07-03,3,1
2505,2503,C-02503,6370DA144707887A37B92882DE9DA662998F3175B7976DCC57853B1F1FF76023,Cajamarca,Nuevo,2025-12-08,10,1
2506,2504,C-02504,EA5AEF6F96315E6AE6829752BD9BB85CFC753BA78C7728A361EFE8A9F41E2E5A,Los Baños,Nuevo,2026-06-16,3,1
2507,2505,C-02505,5CFF0A2DA58A8207468483D27C1BEFDF982F95B548DCF7F0C764032277AC8868,Cajamarca,Nuevo,2026-06-20,3,1
2508,2506,C-02506,12438EB921A79A4338ED5976699AC06FFC943FC439B3931E6DBC5B74EDE99A88,Cajamarca,Frecuente,2026-08-31,1,1
2509,2507,C-02507,53AF43C01A8E3282E3D577DC4C8116D66E34A5FD9A77BEA7EA89A69E99E8EAEC,Cajamarca,Nuevo,2026-04-22,5,1
2510,2508,C-02508,6FB00FD70622339DBCFB51E8D325DB02BE224D0D8ED95007B2BC06A3687E5C85,Cajamarca,Frecuente,2026-06-19,3,1
2511,2509,C-02509,83DA462E39CE6C5627740CF9F593F8692C0A3330F174F3BE3EF27AF769285930,Baños del Inca,Nuevo,2026-04-30,5,1
2512,2510,C-02510,74103B2F56720571B94922D95A2A1F66E793C1C6BFE752A9967118F77A3010E5,Cajamarca,Nuevo,2025-06-07,16,1
2513,2511,C-02511,5232B6A7BB79C5A533F62FC2388317B4F584C616121AAE5BFFBDC91E354622B6,Cajamarca,Nuevo,2026-04-15,5,1
2514,2512,C-02512,CF91EEEEAB401F72C5F44C51FC422AE1B0F287443CF96A744704B4F598601B15,Cajamarca,Frecuente,2025-09-18,12,1
2515,2513,C-02513,20CF0817E5358088336A5F88F416BCFA98266705831763F00CB2066C4CF21C10,Cajamarca,Nuevo,2026-05-24,4,1
2516,2514,C-02514,8026330DF36F9F6F87FB30A14D3FCDA4847EA0BDA8CCD67BFB61D9862636F1DD,Cajamarca,Nuevo,2025-09-08,13,1
2517,2515,C-02515,3B71CBD61C86F17B336F48E7357B151EC2A8B76E0708B2CB5B8017D8A04DA2F6,Cajamarca,Nuevo,2026-04-20,5,1
2518,2516,C-02516,6EDDA137FCFDCB60D83FC58D5BB6618CD99FE571AED5C664CD761B6966EFF338,Celendín,Frecuente,2026-08-26,1,1
2519,2517,C-02517,522861D044C6371A51D838D719BAED88F2C2570F35ED2C22446E228FFCBD8457,Llacanora,Frecuente,2026-01-03,9,1
2520,2518,C-02518,31DEBE112D1C65B596E2D4977D2AAEC7DFE5E0D74BF5AB176E24AB1012B8FCDB,Baños del Inca,Nuevo,2026-08-04,2,1
2521,2519,C-02519,BDA10BDC314879A756CC1140E26306B5398ABE2DAD7A240359358C118A6E81CC,Cajamarca,Nuevo,2025-07-31,14,1
2522,2520,C-02520,1FBD45B5D96EF83C44B95FAB4AD6925D25FA57EEC28B03B217AA71B7E50DBBCE,Cajamarca,Nuevo,2026-05-31,4,1
2523,2521,C-02521,0B16C4896BE9BEED06F54E19E8F7B5551D4942929D70DE72007C3B1A1E6FAB32,Baños del Inca,Frecuente,2026-08-30,1,1
2524,2522,C-02522,1219C9C90B20C388981B17A54A16977AFBBF191C732A1A1FD56156BC22AA56FA,Cajamarca,Nuevo,2025-07-11,15,1
2525,2523,C-02523,2018B7D334B409FD6661275160AF5314F6825DAA20C78C193D75DC117E6613F0,Cajamarca,Nuevo,2025-10-21,11,1
2526,2524,C-02524,75ECF201B9E61E84891C4BEF7E107B5C44D068DD5155B83D7FC3A38688C97EE0,Cajamarca,Nuevo,2026-02-12,8,1
2527,2525,C-02525,3205B1C14BE12660694F59455F834501880A3A813BAEFFFD011EF0AAD7C0C3EA,Namora,Frecuente,2026-03-27,6,1
2528,2526,C-02526,CDCEBA5E8FE768E525AF1858B066B321291F3B1ECA4C7A2CE5688B399A8C8BB6,Cajamarca,Nuevo,2025-11-25,10,1
2529,2527,C-02527,5B01D4383B51F20234C8A5EB9B56157B6E7C33A632F96648DCD2117E5B394CC9,San Juan,Nuevo,2026-08-30,1,1
2530,2528,C-02528,FB0E85481877374C99537A360E4D7DC3BA0517D1338BDEB620DAEEA5F18A7964,Baños del Inca,Frecuente,2026-01-05,9,1
2531,2529,C-02529,530339DEB62565BB13F7F2D4560748369D4437C1E836EC4E53B4CB632F6F3C3C,Cajamarca,Nuevo,2026-01-18,8,1
2532,2530,C-02530,664A72C4B1356F94D14B7B6508A01B0C32DBE81235C96887659D52E0050060A8,Cajamarca,Nuevo,2026-03-22,6,1
2533,2531,C-02531,DEBC0F8EA4596621A2DDE762C5AF61D0BEEFBD03ADAC8CCDB7E42FD0730AB851,Cajabamba,Nuevo,2026-02-09,8,1
2534,2532,C-02532,FBA9B6989D128A67F61EC7E5C0B81B9DD6CA46327845F4B41660CE81C6273418,Magdalena,Nuevo,2026-03-15,6,1
2535,2533,C-02533,8849C84BF0C888AB77AF79A564F9E7FCE13A342E4AAB0BE0A23A5EFA3160550A,Cajamarca,Frecuente,2025-07-07,15,1
2536,2534,C-02534,553624A15398042FB1957BFEDE322642B3441221184AE7176DCD97B26ECF7EA7,Cajamarca,Nuevo,2025-09-29,12,1
2537,2535,C-02535,C284488E17D2E1141CD5B84410FBB47B7F04D0DBCC9055FB35D4DB75A7008F17,Cajamarca,Corporativo,2025-08-10,14,1
2538,2536,C-02536,70BEAC1695FC27A1BC0AF6BEAC1A36C6FDCC4B83AF6F5F819EC007417D8FD307,Baños del Inca,Corporativo,2025-09-25,12,1
2539,2537,C-02537,4D1298A8CB6D0B2CB274800881DBECF32B3C4C35A5B3B916B88E6DFEDB892667,Jesús,Nuevo,2025-12-04,10,1
2540,2538,C-02538,BA4A767E58BBC311AD9C5D139450094F06C2EBC0368A21812DFDF3B31FD8AAB4,Cajamarca,Frecuente,2026-03-13,7,1
2541,2539,C-02539,0605B5644B0DA55BE2DE635BF16D63D2A8EE7F86FC2DA95B94BD03275E3E90E0,Cajamarca,Nuevo,2026-04-14,5,1
2542,2540,C-02540,3790D1C154A57435903FBAB6008E7C853647C4A5B2FB97D8FB962531F4D811C4,Cajamarca,Nuevo,2025-11-05,11,1
2543,2541,C-02541,927A1CB6D8A84D59068EDD902C796509C8326A73748D3A5C75D65194B4D708B5,Celendín,Frecuente,2026-07-20,2,1
2544,2542,C-02542,1AC0072B12E3DD9F957F18D85FE30464FFC22599247DD93A09E67D0928174945,Magdalena,Nuevo,2026-03-15,6,1
2545,2543,C-02543,9E871F9B694A3D69A9AE976C83DC282D18B0F34FCB1F3EDCBA133C6B66FF47CB,Jesús,Nuevo,2025-09-18,12,1
2546,2544,C-02544,77745ED4B9E38A3D2A501718031A9FCCE51FC096D2C28D4BBD3201402433F847,Celendín,Nuevo,2026-09-03,1,1
2547,2545,C-02545,0A6BFFF8A49B6DD4670EA9145B5F3127F872FA8CA665C666BA2407A4D56C120E,Cajamarca,Frecuente,2026-03-01,7,1
2548,2546,C-02546,A3B116BA603293876FE526497379E1A501048D1A6C2335F0CE6852604A87C9EA,Cajamarca,Frecuente,2026-08-12,2,1
2549,2547,C-02547,E6AE0B9B8F53E5BD0F2E7AF8CD4F7A099C028DB2726CCC2A60D510089C41C1AE,Magdalena,Frecuente,2026-04-02,6,1
2550,2548,C-02548,18CF0DCD00CCB70E203985F936EA730FBC7720B8CE4E6D04730D89082C6B8D8C,Cajamarca,Frecuente,2025-12-02,10,1
2551,2549,C-02549,4185E1D776C84096755F2F88C059CE24901DF7B6C786B70AA283F1C823E7766A,Cajamarca,Frecuente,2025-08-23,13,1
2552,2550,C-02550,724D00F116D064B9E573FE08FF0BDF72E318A3D3C986B4685C21BDDB804F6052,Cajamarca,Nuevo,2025-07-11,15,1
2553,2551,C-02551,1C843F5E5889EA9D220F2E34357240792D8D32907EA8F478B48D500140EBDE70,Cajamarca,Corporativo,2026-07-27,2,1
2554,2552,C-02552,A5A22B6DF07B24C5696DE9FFE8FE7F78161F252AD6450F51B2F04E4A6E7FE1DD,Celendín,Frecuente,2025-09-24,12,1
2555,2553,C-02553,6EE088B9ACFDCD0423D1A5B46308381F4F145313D462D6CB495F5F90D1D5EDC1,Baños del Inca,Nuevo,2026-03-06,7,1
2556,2554,C-02554,BB36D999414BBFCE456D4F552D3F09C2C5E0F7B37AA73DCABE35CC63F958DDC3,Cajamarca,Frecuente,2025-08-30,13,1
2557,2555,C-02555,6730D6396F89854F2E060C14DD761341FF406BE6CD9FDB8579ECCFF76B6C7F2E,Cajamarca,Nuevo,2025-07-09,15,1
2558,2556,C-02556,693FB3AAB022B3371379D06DDC66C01778C6221F10CAE3ED725CC10ACD98D82B,Cajamarca,Nuevo,2025-06-26,15,1
2559,2557,C-02557,5BA030F5E1D41D19E0B8CFF7217901C9B727BC7DB4A9C6663C599C23E60D01EC,Cajamarca,Nuevo,2026-07-18,2,1
2560,2558,C-02558,C430B1C972C86C751FE5170A30D613530E760D073C898193E5715F1B57F2A06B,Cajamarca,Nuevo,2026-05-01,5,1
2561,2559,C-02559,0CB93EF65E275486A5FFCDF5F5287451F6FF24B418A22066AF537800E16225E0,Baños del Inca,Nuevo,2026-06-25,3,1
2562,2560,C-02560,C319DA9812245A31A45819DAFC88F512BF9D5F7B0C4C6E0A54D5316AFFEA1E4C,Los Baños,Nuevo,2025-09-25,12,1
2563,2561,C-02561,C395461CDFE4C122FDA37EB5E7A0F5070DD29B86EAB07DFD9C9DB0C1C74D450F,Baños del Inca,Nuevo,2025-10-01,12,1
2564,2562,C-02562,1098D98FE3FC540A47D02B792F0380348B86B053B4B1D68DA20541FF10BF42E5,Cajamarca,Corporativo,2026-04-20,5,1
2565,2563,C-02563,A12518F10964307EBF4EB4F94BB4C57C650225F6D850F5D4F2885CF42E1F1B7E,Los Baños,Frecuente,2025-10-03,12,1
2566,2564,C-02564,936428D405895C3F98A27E0B12212A628C9069373DE874881CF28B6B3168871B,Cajamarca,Frecuente,2026-02-28,7,1
2567,2565,C-02565,B3679E680FAFD636D7B2A99B2D4B109C00E4D7B9014F6E3AF7D0CA62E155012C,Cajamarca,Nuevo,2025-11-06,11,1
2568,2566,C-02566,95A5E5AE2BB8FA828672EC7536DA2A607F27D80AD1854AAE4C98D95DC57171E5,Cajamarca,Nuevo,2026-06-11,4,1
2569,2567,C-02567,D0E47E6D5D7071373A582D35815B62A3B20F8DB6726260D2723ADDDB5B192A61,Cajamarca,Frecuente,2026-04-28,5,1
2570,2568,C-02568,9D44C91E0EC6441E9355D976F045DC4C98E0C73F1E64563E72AA17DFAB9043DF,Llacanora,Frecuente,2026-08-30,1,1
2571,2569,C-02569,2A7275AEF95485E40256FDB839601FFE9E87E1F4E2F6E66197FB239EFE6A4600,Baños del Inca,Nuevo,2026-01-12,9,1
2572,2570,C-02570,3DC89973A058240FB9A10642616C682823FE23ED760381E78569EE8789D7EAAB,Magdalena,Nuevo,2025-07-22,14,1
2573,2571,C-02571,F62A1DDC545A798F02DCCC78CC5146FB2094C0DCDB4021DB563DD7C5444431EF,Cajamarca,Nuevo,2025-07-16,14,1
2574,2572,C-02572,B0F3768E0A72034E4284385A03EF77B093B26908D4679DFA1E4656B1434E8819,Celendín,Nuevo,2026-05-10,5,1
2575,2573,C-02573,D7B83CB1872755031582B158D4483CA599B1C4F018F7FBBDEE6CCDDB62CA2010,Cajamarca,Nuevo,2025-12-26,9,1
2576,2574,C-02574,35B347C9F9A70351696D7A4A8C50036DDD6F1082A5FAC861D16EE3461F2D377D,Cajamarca,Frecuente,2025-07-24,14,1
2577,2575,C-02575,FDD51EA9EFC13DD26404433A79C97EDB8182C5721633928C7A4554FFC76C83CB,Cajamarca,Nuevo,2025-11-13,10,1
2578,2576,C-02576,941AB70BF49CA5B5D63EF8C256F728A0B4BD2F2BDFB6409621EFCCCA4E5088D4,Cajamarca,Frecuente,2025-06-03,16,1
2579,2577,C-02577,2F1B81DCEE2CC95B26A1C3911922394C55AE7A596C105896437CBCB1E870C03E,Cajabamba,Frecuente,2025-07-28,14,1
2580,2578,C-02578,D17A35758871BDDC8318FFCC8DDCE806F0F2CE16FDE0EFA83659F63289A9CB9E,Cajamarca,Nuevo,2025-11-22,10,1
2581,2579,C-02579,E860D09928BE2236CB329647076EBC9E6AF4D3BB2CAD7C83075C5C342651D0D2,Cajamarca,Frecuente,2025-08-29,13,1
2582,2580,C-02580,2EFF0B62ED1D8FAA7B5957F98BD7A9E8A0B3318E41EC1F7DE6AAD016B9ABBBF6,Jesús,Corporativo,2026-03-15,6,1
2583,2581,C-02581,60E6DEF8BB826BF5AE3C6A3C01BCF74EDB4F19842957513B23077E91D70DD512,Magdalena,Frecuente,2026-07-30,2,1
2584,2582,C-02582,2F6897C81F58A3673A3CA3A95A52791501F84928ECB0AE51ACAF84C6E7DCF1AC,Cajamarca,Frecuente,2025-08-23,13,1
2585,2583,C-02583,41AD23636157F463FC513B87F9299782732B0D958E67838AD29DE327A19C83F5,Cajamarca,Nuevo,2025-09-03,13,1
2586,2584,C-02584,9D2E9EB1ABF98B6433155D5C432C968177AE91DB0A283E1548109F4F7972EA94,Cajamarca,Corporativo,2026-04-21,5,1
2587,2585,C-02585,65504A1FDB459E3819448DA2B965E7C0F150109C65BEB857EC9250BE6E3A753D,Cajamarca,Nuevo,2026-07-12,3,1
2588,2586,C-02586,53010F5A33AEA3CFD70A83446F8671B08AFBF1889E11B23FFC73F342653D3DDD,Baños del Inca,Frecuente,2026-09-05,1,1
2589,2587,C-02587,68C00DAAC8713E3242280F2D5A0F39CE36B54E87375038E1C14E5C5112C08AD4,Los Baños,Nuevo,2025-07-22,14,1
2590,2588,C-02588,068DC5B11E6895C16BDDA1408454217D22079728A585B42FF5B78A85EA7D92AE,Baños del Inca,Frecuente,2026-04-27,5,1
2591,2589,C-02589,966885E36547D99960B2DDAAD88B8E4124E92C5A0908474C9D61E2DDA27F9B86,Cajamarca,Nuevo,2026-02-12,8,1
2592,2590,C-02590,C95FBC1E6A0A3F9701784AC2CFDBE05C16762AE3E37D1E19D7A237206500A2D4,Cajamarca,Frecuente,2026-03-29,6,1
2593,2591,C-02591,EEBF57433634FA292C6052F724F9F012FC2046E74DEA345021FA6C04E3140FA0,Magdalena,Nuevo,2026-07-24,2,1
2594,2592,C-02592,0ECEA0E6BD51EF2FA9DA39714EDB118912132E72CE7CD26AA3FCD827EF0DBB08,San Juan,Frecuente,2026-08-11,2,1
2595,2593,C-02593,0B3405A9C10DCC6ECBA295C64F0C2AA6E43D2D6BDC1FE094FB575708402C2E75,Cajabamba,Nuevo,2026-07-17,2,1
2596,2594,C-02594,C35EF5D6086164753F163833F7B865B45E61E58EA7F5A23DA62FBE13540FE721,Cajabamba,Nuevo,2026-06-16,3,1
2597,2595,C-02595,0B734E585A00E71F5B9138FF61771BE967844C3B581591F6A132BEAE5C027B31,Los Baños,Nuevo,2025-06-15,15,1
2598,2596,C-02596,5E6CE3E1F71C8DFC602395588362E190D6538C255FBFF1FAD4BC60D71ED76950,Cajamarca,Nuevo,2025-11-13,10,1
2599,2597,C-02597,454A0346F2215E948B60A3E30F278F448AC8E88FA55B838A2413A4CD34853A65,Namora,Nuevo,2025-07-28,14,1
2600,2598,C-02598,7B003FAD8B2831EE79D81F1B8C234D96C7B6B40DE8FE65D1675C57D8F622D513,Cajamarca,Nuevo,2025-09-04,13,1
2601,2599,C-02599,C270A331EC259E2DB1792CC2660C3C1297E127958F7EB934AC7A25B52A58E8DD,San Juan,Nuevo,2026-03-23,6,1
2602,2600,C-02600,40CA9B4605512DAEF188CD800B32727DD48C41A1CBAAE2B4DCC0127FB7C4E490,Los Baños,Frecuente,2025-07-23,14,1
2603,2601,C-02601,E31479E5ED84D429A472D922DA0F7A183C3FD80052F41DDB5853C705677A978F,Baños del Inca,Nuevo,2026-04-30,5,1
2604,2602,C-02602,F26B110EBFD3574430F054DF16CE131EA61180790088F72EAEF99F4F64F3A954,Cajamarca,Frecuente,2026-09-11,1,1
2605,2603,C-02603,A93E863FF2269170F45A7FDA7443E81898BAD4D78655EA1E7FBC284FE9816A7A,Cajamarca,Nuevo,2026-05-09,5,1
2606,2604,C-02604,10B97E455987B3B0BEE6F151306C15340591CABD2716870DDCE0CC915C5E6C5A,Cajamarca,Nuevo,2026-08-25,1,1
2607,2605,C-02605,47361BD37E558DBC7EC8DEAF3F32CDB6077C76FFFA2D040C802EA737AB2DE6F1,Llacanora,Nuevo,2026-04-05,6,1
2608,2606,C-02606,6693BFF2ACAC3E13F721A3A8EDA64C9F18CEE71D05B8EA0DDA617B92C6473AAB,Cajamarca,Corporativo,2026-06-15,3,1
2609,2607,C-02607,2AAA2B01C1595BA99CB882025A0C73EBBE8F9FCEA1F222A8D8A1EE90D6BD9B12,Cajamarca,Frecuente,2026-05-11,5,1
2610,2608,C-02608,A5D648223BE34AED7C4208A534F9D4580B7B5EA20E914C9A5E97059ADA832B64,Cajamarca,Nuevo,2025-09-26,12,1
2611,2609,C-02609,90BA65B997D662206B4BBA109ED037D6EE5C9E892A46EB8E78BCC970C2934AEA,Cajamarca,Nuevo,2026-01-15,8,1
2612,2610,C-02610,C5922EB901EC1BB928596BF00CF3F039126C75465EA0962D3DFBA792D1BB6193,Cajamarca,Nuevo,2025-11-16,10,1
2613,2611,C-02611,7313411B1F18DBB7D01175E7E99762F9D4EC3E368AA95B64311C9ECD271342BB,San Juan,Frecuente,2026-06-26,3,1
2614,2612,C-02612,047259D4B2EE1898E7AA4A416EE7A9BFE7F70C0F0EC2009A3A6AC60D5A0BA9D1,Cajamarca,Frecuente,2025-11-28,10,1
2615,2613,C-02613,E8F252418AD01DB09FD8406F319C918E52CA2C40290C0E6415E0857C1AF0D0E5,Cajamarca,Nuevo,2025-12-17,9,1
2616,2614,C-02614,E2AC814572ACEB2E888E8982A9AFB4BB4EB7E0637AEB5160D7ECB6D0AC2C0B25,San Juan,Nuevo,2026-01-06,9,1
2617,2615,C-02615,C365176105867015C8070E3B2C70E7D236B216DEDF51CC67CD70CD45D2AD839F,Namora,Nuevo,2026-03-21,6,1
2618,2616,C-02616,06E609B1110A5CF01E960CF6A94A4E3585C14E2E231C1629095FEB9C7F11F1AB,Cajamarca,Nuevo,2025-12-27,9,1
2619,2617,C-02617,AF793B05DF77460AA005CD720A3DC262FC453BE2E8CEA9A257CB7A782DF6A2CD,Baños del Inca,Frecuente,2026-06-01,4,1
2620,2618,C-02618,8FE26BDAA02B9B33791ECB97F9EF34908BCA3A0A67DC1627C9EDABCBC16419ED,Cajamarca,Frecuente,2025-07-25,14,1
2621,2619,C-02619,AFCBA77124BD28F0B7694A5CB8E78D90194D98DA76B28C9D1DE358B3EB6ADBE7,Cajamarca,Nuevo,2026-04-09,6,1
2622,2620,C-02620,0AD9364BBC0590C507D6D4710008126C0FCEFEAF5A9F5FA0E1CA6B0AC5EF2C06,Llacanora,Nuevo,2025-06-30,15,1
2623,2621,C-02621,B9AC328425247FC83CB222DF0B8931B6872BCAF6A8CD27E8CE6E5262AF69B7BD,Cajamarca,Nuevo,2025-12-31,9,1
2624,2622,C-02622,6337EE602C1DE8083F1931209B73C93F000293F2D027C730216DD376E6A4D79D,Cajamarca,Frecuente,2026-01-16,8,1
2625,2623,C-02623,5120DA2E8BEE3982C1DDA0CA182944B862B17BE49F51D6C2157438C649A5D15D,Cajamarca,Nuevo,2025-10-08,12,1
2626,2624,C-02624,EC3640A9B5B8487BA62D6605D0270861B2D8FD2CF43A9933B3DEFFBF2C94BC17,Cajamarca,Nuevo,2025-08-05,14,1
2627,2625,C-02625,A3F195139289609CBC05E6335DAAA59D8764D568F4F663CAC81327BB2C7F7EC3,Cajamarca,Frecuente,2026-07-06,3,1
2628,2626,C-02626,4B2C6BA649DDDA09AE1648EA9073FD73E68FFB148CE2AD6A646E11792AEF816F,San Juan,Frecuente,2026-08-11,2,1
2629,2627,C-02627,8F2F779BAF3D3FD8D10B55E970E7D75BE4273E6C89273C72A1DC1C12FF687B6E,Cajamarca,Frecuente,2026-05-07,5,1
2630,2628,C-02628,276A78689FD55F73579684811AD38F4E687A180D9B86DF0F3EB1CD8FC701AFE9,Jesús,Nuevo,2026-06-13,4,1
2631,2629,C-02629,33A22DFBE253504CBEEDC5762DBFBD709A345CAFEDD5607EB0C39BE447E94B90,Cajamarca,Frecuente,2025-07-20,14,1
2632,2630,C-02630,08220E3CBC9052631201159EFF18D4B253B99A771D620B7CAB95313354F03543,Cajabamba,Nuevo,2026-05-11,5,1
2633,2631,C-02631,0636E64CDF2BEDD04F4B51899EE0A62447A14300EF0626A62D911AA567CCEA00,Cajabamba,Nuevo,2025-11-08,11,1
2634,2632,C-02632,053A45C2415523A8F9340C834DC5A2F0E07DB3B803CF3DF0226AD86D43F3E937,Celendín,Frecuente,2026-01-24,8,1
2635,2633,C-02633,D96892EA96B60471F163718DC11D920977C53E8FB4A6EFADDB89FBD394D9E578,Jesús,Nuevo,2025-06-17,15,1
2636,2634,C-02634,17E49C6D9D1C94512CD89607C62ED8182BB6D154B6D768F2E147A0885EB68401,Cajamarca,Nuevo,2026-07-12,3,1
2637,2635,C-02635,EF9B1F877726E6D34011F76E1693225645BCB31ECB1E4A70130768EBCA5FC988,Cajamarca,Nuevo,2026-04-02,6,1
2638,2636,C-02636,C6581F7807E36C9E4CB6945D20FCD8CD27D7C9DE223E3390DEE55AE4EC789867,Cajamarca,Frecuente,2025-12-03,10,1
2639,2637,C-02637,12D5E010398751E285603A68121172B4D3533B52611C27CAA60C9D1F2A9B6040,Cajamarca,Nuevo,2026-03-18,6,1
2640,2638,C-02638,7C83FBF81924BF61D5C12ACCC45EC537ADAFEBAD4865F6A3EF942D10313B1D9E,Cajabamba,Nuevo,2025-12-09,10,1
2641,2639,C-02639,DB66962F63AC85F2B4A088CC3ECE3A38209797B2F51CBE4AC8C5247264E8B6F5,Cajamarca,Nuevo,2025-10-10,12,1
2642,2640,C-02640,19DCD6A4F75F5AB408E6BC008F6A2A7BB5CE69955EEBAA193618EFA24D983CEE,Namora,Nuevo,2025-06-11,16,1
2643,2641,C-02641,964FA7BD0D2A5DDCB29DDC1B48DFAC7ECBF044439A8ED499446ADD1B2E41A528,Cajamarca,Frecuente,2026-03-13,7,1
2644,2642,C-02642,38422FBD833043F0EAEC1741657BAD4BB2457FBB3D2C0E83CC051A84ED8E6E2C,Magdalena,Nuevo,2026-08-14,1,1
2645,2643,C-02643,B69B17A71CEE2112A1A4D17247DA6418196B3726964C81C477958F2DC984C04E,Cajamarca,Nuevo,2026-04-24,5,1
2646,2644,C-02644,1FDA20677464ABA08073F919CFDF68A177ACDD29308BA9BC6664DDCBB95541B7,Cajamarca,Nuevo,2025-08-03,14,1
2647,2645,C-02645,08B5F274188E5FAACC3B51B047D12D746769EDD9D7F90BB49CB1A62C4866692D,Cajamarca,Frecuente,2026-09-03,1,1
2648,2646,C-02646,504B5720F02B58D04CD17A5DEC548F5E1852DB5B54B3F932962DB93D28CCCC86,Cajamarca,Frecuente,2025-11-23,10,1
2649,2647,C-02647,66459C2217D0AD52A5892CFAE3381360851CF0DCB1EE4A49BB799EC83BC54300,Cajabamba,Nuevo,2025-11-24,10,1
2650,2648,C-02648,7F50C3238A9A5F3FD295BD467BA2CBC83330350344CE4229F06DF691748DF96E,Cajamarca,Nuevo,2025-08-16,13,1
2651,2649,C-02649,93779D2C12B9B95FE4E03C5365C9C99CEA0C79E6F52E761D4B3A65585E45F8C9,Namora,Nuevo,2026-08-22,1,1
2652,2650,C-02650,279EDE1931C629E4ADD81BA6303106C28C8470DE2CDCB23D4065B5BC8BBBC153,Cajamarca,Nuevo,2025-11-08,11,1
2653,2651,C-02651,877166055D2575FE1421519A6EAF9DF931B333529882EC0883642517F752F5D3,Cajamarca,Frecuente,2025-10-27,11,1
2654,2652,C-02652,D1FDCD1D4D7EBA81B0E29233A9345D7CB81C1EBB9E4722123B3B4FF819BD5C7B,Cajamarca,Nuevo,2026-09-11,1,1
2655,2653,C-02653,8E7192969D78ABD46CB685B2902D6573F1514ACAFC08FAE913D2E132CD4C3632,Baños del Inca,Nuevo,2025-12-07,10,1
2656,2654,C-02654,34048824BE0581DE97EC5108E7C0B007E0CD6791180D4B0B5D1E04DF0DEB4340,Cajamarca,Frecuente,2026-01-30,8,1
2657,2655,C-02655,BEC166FFE4C31ABB3877CA71311DFBB1F0123496735C4322C9971F544809BFC9,Cajamarca,Frecuente,2026-08-21,1,1
2658,2656,C-02656,6CA50B94062348A44BECCAD3E23D92232411E907457F61F00D9C97A78550386A,Jesús,Frecuente,2025-07-10,15,1
2659,2657,C-02657,FFFE8DD0AA2DF6C4D6645C1085483F12478779A2ECA796ED449C2BF6DF14E474,Celendín,Nuevo,2025-07-30,14,1
2660,2658,C-02658,EC4E24135F37BDAAA0B86A6CB8C69FC9D66339D67418E9FCE7EBB1F68BEE1472,Cajamarca,Nuevo,2026-04-07,6,1
2661,2659,C-02659,E754EEB21E64DD4CBBD0FBD380F138AA44A26B33ADB0B12B2558E30BCCB4CD43,Jesús,Frecuente,2025-07-08,15,1
2662,2660,C-02660,AC00DB4A330D5BAF7C1732D5091760D5E70354AFEC6B3DA4A54B69F66403A852,Baños del Inca,Nuevo,2025-10-25,11,1
2663,2661,C-02661,08A043A537CC533742E6519674BEB6872527805F62EABB08F99BCB91B2C24AFD,Magdalena,Corporativo,2026-02-03,8,1
2664,2662,C-02662,1E43709E2A65116B30DDE9DEF75BAD97371575792BB89567F9FE48BE081641AA,Cajamarca,Nuevo,2025-07-31,14,1
2665,2663,C-02663,D6A6CF4B09CA747FCFC5C99648AE70E5025932933144ED9A87C127AC184209FD,Cajabamba,Frecuente,2025-06-11,16,1
2666,2664,C-02664,D5D2F885D192786FC171D81442F340D3092E94F017948DA170BFA8B9A17FFFBD,Baños del Inca,Nuevo,2026-07-08,3,1
2667,2665,C-02665,2EA9F6027878C815B874F86DD82F02E99EAA01901D97E7C7DAFECCD04A00480E,Cajamarca,Nuevo,2025-11-11,11,1
2668,2666,C-02666,D9C8D9FE0EDEA96E32F0E961E236E343CAB6A97E85CEFC53BDEEA5BCF4370A5E,Cajamarca,Nuevo,2026-01-18,8,1
2669,2667,C-02667,4E9BC61B8C9E4559C5CDC30066D407394443B1A7D3BCDAEE33357C62DA0623B8,Llacanora,Nuevo,2025-09-19,12,1
2670,2668,C-02668,93A237EAF92124E371AB19338A2636A2903A7F8E038D9B606958CC872E717003,Baños del Inca,Nuevo,2026-04-18,5,1
2671,2669,C-02669,A1FC5483403A4C8F6ED19280FDD23B4076931EBEB101D48513A3DEB099DFD17A,Cajamarca,Nuevo,2025-10-03,12,1
2672,2670,C-02670,04A67C6FC4BFD71281FB2A8A7FFE8061BF85302A2945D01730902103196AB597,Cajamarca,Frecuente,2025-08-31,13,1
2673,2671,C-02671,9A5114610A4266E6D7375E8B34156A410F2109ECE70B8AC6D7A5EE1532653552,Cajamarca,Nuevo,2026-03-28,6,1
2674,2672,C-02672,FCDD7C150AD2298C49AF672022267118ACFF8D67443491A092227D3D631075ED,Cajamarca,Frecuente,2025-07-19,14,1
2675,2673,C-02673,9502B1B39560F84E91FD14614748E811F012DDB8C6AD6033650685AFED74D6E9,Magdalena,Nuevo,2025-09-02,13,1
2676,2674,C-02674,454D9DF9337BCBD0E4D75212EBD383503C2D720B706CA50B027279431494C2CC,Baños del Inca,Nuevo,2026-07-06,3,1
2677,2675,C-02675,DA3F66CE4FE49062132BF687B04A9FF4BE64D1325D88DE228E06C672A849D4BA,Cajamarca,Corporativo,2025-11-09,11,1
2678,2676,C-02676,E21FCD9E9FD5289FFAEA42974773A42FD7E9F9A27BE5D7FF16D51A8CFFC79EA6,Celendín,Nuevo,2025-09-03,13,1
2679,2677,C-02677,72F83E468AF1E4E20BE59B1D54E1ED68C7885CAC775AAEA6F6555C6C9030CADF,Celendín,Frecuente,2025-09-15,12,1
2680,2678,C-02678,03313F1D7784CE94FF54DB3D750DA52E1A88AC9561CE37A341F7214EFDC87FF8,Baños del Inca,Frecuente,2025-09-12,13,1
2681,2679,C-02679,A980CACEEE13ADFEF5C0EBCA9816B782D83C07E220A54515A69177AAF71A7EC2,Baños del Inca,Nuevo,2026-07-13,3,1
2682,2680,C-02680,6E6D9C1D931833D36D93810277F321171CD181A45546A3BE0773A91D003AD078,Cajamarca,Nuevo,2026-08-17,1,1
2683,2681,C-02681,88178E4BB54F8C4CE0C4B2A4D04205EA46D3A685A5BD1354F993379947790EFE,Baños del Inca,Nuevo,2025-07-14,15,1
2684,2682,C-02682,7AD3EA6A57D9BC19B620D6902162DCF6E2B11B034F07429726C009812514EE95,Cajamarca,Nuevo,2026-06-07,4,1
2685,2683,C-02683,06052549929A65DA2603265D52880584CECA5284E7A65CB0A33CF36BA2EB4998,Cajamarca,Nuevo,2026-01-08,9,1
2686,2684,C-02684,6443230F296FCA1D03D8C69A18502A79D6E1CE79704C6B18F1165DAC48270521,San Juan,Nuevo,2026-01-12,9,1
2687,2685,C-02685,A4EEA4289A1F32FAFCA5F4548F57745E6974D7B4D411620A56DF87A063539A66,Baños del Inca,Nuevo,2025-11-16,10,1
2688,2686,C-02686,C4FCC8A05A2B1D5D7EBD2DD37F8C815974860D24EBDB6843D9427BF2F8D5DDD2,Cajamarca,Frecuente,2026-04-01,6,1
2689,2687,C-02687,134AF181E6E76EEAE0D03E7F830F80347EB557E0B4E3A8CA42EEF7FB4BB6D120,Magdalena,Nuevo,2025-07-24,14,1
2690,2688,C-02688,0F4816481D977D757C96906C424CE38F532B8E388A437B2AA8C1D4E7C3A07568,Llacanora,Nuevo,2026-01-06,9,1
2691,2689,C-02689,4935943E71E426D55EE858BC43999D8BEF6ED2E1161A77A1B0602E7A9788F080,Cajamarca,Nuevo,2026-03-24,6,1
2692,2690,C-02690,E5E2E009CD8FA2CD445AD7C25EFA0B80E2B22D5D1B517B5C71A91622DB8BCAF0,Baños del Inca,Nuevo,2026-09-07,1,1
2693,2691,C-02691,537437D72EC8646433A57D48141973F4FB2E5595F387C4CA76927E91CDBC1ACD,Cajamarca,Nuevo,2025-11-06,11,1
2694,2692,C-02692,F15B3964A2562B1FEB60AF9D219FCBEC4ABB385430AA8CE249A84EDF6A0238DF,Cajamarca,Nuevo,2026-05-18,4,1
2695,2693,C-02693,6E641EBDDF86C0EA3A3F94197268EC23EEB1A5E78B85C51B29FC326F697870D3,Cajamarca,Nuevo,2025-06-01,16,1
2696,2694,C-02694,A40D4918DF4A6E047CC15297BE637AC2C178246DDF2B61E7C2D7C93CAF57931A,Cajamarca,Frecuente,2025-12-12,10,1
2697,2695,C-02695,10C65865D217B17F07345D4B03759FB1D219B2D88D3E2E67C5E1ABD8DE04FDB6,Baños del Inca,Nuevo,2025-10-27,11,1
2698,2696,C-02696,9D27BA52FDAE5EF159C68CFB752FC11FF6E4848CBE7A0A9407B8F439A25A31BA,Cajamarca,Corporativo,2026-07-15,2,1
2699,2697,C-02697,A89349D72D6964BDDF585B558DAB53A9FEDB0EDAEFCE455B4EFB28821BB02F2D,Celendín,Nuevo,2025-10-21,11,1
2700,2698,C-02698,514153CE3548BFA81CFD2154B27F887C2C9978FCE09FE6836087A2FA71616B6F,Jesús,Corporativo,2026-02-02,8,1
2701,2699,C-02699,348395CC46A18CBECF2222E588349B4EEE0262C91E7255096E160A4B1BCF26F5,Baños del Inca,Nuevo,2025-09-18,12,1
2702,2700,C-02700,487A3FBBF22111CA7B885CEBEEB18874814D28193B798D53EB433CC6AB10342B,Cajamarca,Nuevo,2026-06-03,4,1
2703,2701,C-02701,3E1F57CA4EDDC0445BC1C78C1A33B425E5B9683A8490A9CF4DB147E45137B934,Namora,Frecuente,2025-08-21,13,1
2704,2702,C-02702,588470F6928EF8439F014BCC78374AB2F6511C07AC0DD395A4B953BCA3E3E2E2,Cajamarca,Frecuente,2025-10-14,11,1
2705,2703,C-02703,4604F5ABC6CC7F4598BEEC71A28428D5030E0BF5092DEE89BA671031C7053471,Cajamarca,Frecuente,2025-11-04,11,1
2706,2704,C-02704,EB475B70FECA70D72DCD6EBB522032A2642BF77E16EE047C7822D6F66D1601CF,Baños del Inca,Nuevo,2025-11-28,10,1
2707,2705,C-02705,318CD32AD31AF05247AE175E86AB064A76B9131945DFAFD16002F4F8C451261F,Celendín,Nuevo,2025-09-18,12,1
2708,2706,C-02706,A466C75DA3D18FC3649E5428621232A79003AA853E3E790133F3AB83673B0A5E,Jesús,Nuevo,2026-04-12,6,1
2709,2707,C-02707,A6AB99262CDF91962BAA807B53E0A534BB983EBBFE2C2C508054B824844EF635,Cajamarca,Frecuente,2025-06-03,16,1
2710,2708,C-02708,4E5BF6388C3221439DDEABCA24B03F22EDCE0E138FAE812389247CFA8255E9E1,Cajamarca,Nuevo,2026-01-31,8,1
2711,2709,C-02709,9319DAB172FFF40FCB81327A83C4188E68530CC85B728BD1428C1C029329A7EF,Cajamarca,Nuevo,2026-08-05,2,1
2712,2710,C-02710,BA1EAF3D8A156C4F42BC68DB1CFE40918B2B8C89BBD54FCF73D3E68556D27545,Baños del Inca,Frecuente,2026-06-17,3,1
2713,2711,C-02711,16EF3E57D25BE7F69C9FBDD197B409EF27347C114FBC660907A61B9A34D61A70,Cajamarca,Frecuente,2025-07-27,14,1
2714,2712,C-02712,B5FD66504EF0B00C08E5FAA452C518095AD5FF6592BD46EEE3E15A761F8D138B,Cajamarca,Frecuente,2025-09-01,13,1
2715,2713,C-02713,5D4FD06BD0B9F1173E2A088EA75441E0D25D76ABEE1D5D9A64D382CD0D0E783D,Cajamarca,Nuevo,2026-02-01,8,1
2716,2714,C-02714,A5D9CFEAC59909B1AFDB1C5F34BAC6B37D2BDEBFEFB5A3ECF9F02A26E3947552,Cajamarca,Nuevo,2025-06-15,15,1
2717,2715,C-02715,D459619B1A22C11D0D3058630176C7EE4D9DA070C22C373A191268164DDBC958,Cajamarca,Frecuente,2026-07-17,2,1
2718,2716,C-02716,26F864D8202B21F88A44CE1D400A0B979E7FCBA81EE928CD54BFC49C642708F5,Baños del Inca,Nuevo,2026-01-15,8,1
2719,2717,C-02717,7D567AC622DD3AAF89B72530A1C3CFE4E055057AF447CF35F26CB11F7C6AF5AA,Baños del Inca,Frecuente,2025-10-06,12,1
2720,2718,C-02718,2F6F8D7AC2FA232E03615590CFB9BE2FA9079D61DD5AB67896B0A0F146975914,Cajamarca,Nuevo,2025-08-31,13,1
2721,2719,C-02719,BE7359B9A8C444D96BB217349C8F8A1ED0DED88BEAECDA74F7D0781DB3430EA0,Cajabamba,Nuevo,2026-03-22,6,1
2722,2720,C-02720,A2A5CF773AD542BBFF062578C89B979E76BA6677B8B541A80730F2A5DB30F5C1,San Juan,Nuevo,2026-03-18,6,1
2723,2721,C-02721,4587046637E2001703A80695BCD1980BC4AC24F867312B184567136A71D05EE9,Cajamarca,Corporativo,2025-07-12,15,1
2724,2722,C-02722,19A52C8CA9CB9722957A88C54320D4A060EC2FB96701EA66A21DAF59AD3C38CE,Cajamarca,Frecuente,2025-10-18,11,1
2725,2723,C-02723,25F599D47A36CD23F6B400CC70E1186E7E7D9A162E814CF54D14569ECAFD9CBD,Celendín,Frecuente,2026-07-29,2,1
2726,2724,C-02724,5732D0489FBAC28EBC5A7414CBD22DB44CFAAE48A35E4298899C26F32107EC06,Llacanora,Frecuente,2026-06-05,4,1
2727,2725,C-02725,AA0DA08950CD9EC0E272AC82C1511200D6B8527158B832A1BADD5F5DA9F734EF,Llacanora,Frecuente,2026-08-02,2,1
2728,2726,C-02726,E992FE0C81A48F5CE776C2FD11AD449713854AE3BC7B9A6C2DE7146D91844B17,Cajabamba,Nuevo,2025-12-16,9,1
2729,2727,C-02727,982D9301E13A6F706EBE129A5A1A007EB279FDE930DDEBF16D6E0C3326EEF06D,Cajamarca,Frecuente,2026-02-23,7,1
2730,2728,C-02728,2DFB963F889C72E11944B3F23490D74F67DF62ACDEBDAE30941B5124A329AFD0,Jesús,Corporativo,2025-09-26,12,1
2731,2729,C-02729,10A1AEFFAC64DF98ED027551ECEEAA616649FC8D1600664002A6A90CEE4A9FDA,Cajabamba,Nuevo,2026-04-08,6,1
2732,2730,C-02730,B2C52648900E76156A4F12BF3138ABF9EEAAAC74BFA24F081E097EF15A725830,Celendín,Nuevo,2025-09-10,13,1
2733,2731,C-02731,7AAFC282014CE4E890268FDA55B3CB429019ECE16FD26D101FCF82F417BB9379,Baños del Inca,Nuevo,2026-05-25,4,1
2734,2732,C-02732,854C857A2312F95A3B0D9600943067A34F89708AE3DE1CAF090F985339FE4826,Jesús,Nuevo,2026-07-10,3,1
2735,2733,C-02733,AEFB829EAD14DBD84C15746D614D7BAC4642347853A782CDFB1E07D1B695AC3A,Baños del Inca,Nuevo,2025-07-21,14,1
2736,2734,C-02734,B83A364FCB32771F56916B849CA0DB0940512A543FABB65B0A28706DD599D1CC,Cajabamba,Frecuente,2026-03-25,6,1
2737,2735,C-02735,5ABF0B14D469FC6A1C19108116B6771F2A618ED25564469DDBEFFE1CD8496E3F,Los Baños,Frecuente,2026-07-31,2,1
2738,2736,C-02736,5C469DAEDF53D5768FD684073AA9A27F0B09E5A8B3A3A490B4412CC91EF5BC60,Los Baños,Frecuente,2025-06-15,15,1
2739,2737,C-02737,E35D78A117323A3BE02BE4A98F9A7B12D09CC9DD8551B15A021ED84CC6F95C89,Celendín,Nuevo,2026-02-27,7,1
2740,2738,C-02738,D1D464979A7DA80647C635ABC9DC5DAB19A8634B627DFBB4B39AD818160B57BD,Baños del Inca,Nuevo,2025-06-04,16,1
2741,2739,C-02739,20317BA11B540EC712ABFE40733EF310B70B41E47E01159623A1B24111253CF6,Llacanora,Nuevo,2026-01-16,8,1
2742,2740,C-02740,A6EB5D2247F810DF94DEDB0302834FE07D0004352E9B14B3D148C66AF15D3FA9,Cajamarca,Frecuente,2026-03-09,7,1
2743,2741,C-02741,8A42A9160449D2BB882B144DEF77FA3B53E3868636B8753A3555352203B3EAD5,San Juan,Frecuente,2025-12-09,10,1
2744,2742,C-02742,B65CE420820AA0F4517E6D8903E321952EE08132A2E73242C5A85C27C76A089E,Cajamarca,Nuevo,2025-06-18,15,1
2745,2743,C-02743,DC3545FEF1C4BC1A54BC600428EDA0B1C3355FE1B761F9A1097CEACFE32C8B29,Cajamarca,Nuevo,2026-08-13,2,1
2746,2744,C-02744,AA5A9E197E7CCCF60D7992896935853AEE58EA008081BFD9FCAC03BE14219D36,Cajamarca,Frecuente,2026-07-02,3,1
2747,2745,C-02745,F859391ADC5731C5976D139BA95D426D25565371FB78696FE7EEF159B774AB8B,Cajamarca,Frecuente,2026-07-03,3,1
2748,2746,C-02746,A134372DEA49F91AF421749299107A12B992803C2D997E31F8CBEDB935B16ED9,Celendín,Frecuente,2026-03-23,6,1
2749,2747,C-02747,7508EB5E4A3202E64FBC21A2E54890074CC7994F4504C81D166B8620E9AF1925,Cajamarca,Frecuente,2025-06-27,15,1
2750,2748,C-02748,1092134A4E9CDFAB4D498E6B628690C2F81DF55C2AA3DD618754059E77340CD7,Cajamarca,Corporativo,2026-01-24,8,1
2751,2749,C-02749,8CD7AFBACABDE91422E72A77B7C1ACCE7CFEB7CEC2AC4A827967F87FBC26989A,Cajamarca,Nuevo,2025-06-29,15,1
2752,2750,C-02750,98EE5A1EC24436AFAEE65578875D386DDDA4B3CBE593D6DD13571AAA3F9BA997,Jesús,Nuevo,2025-08-04,14,1
2753,2751,C-02751,B41485FB60830CCC3EF7EF61FCE51767322123099E383BFFD82C9105B49D1DC2,Cajamarca,Nuevo,2026-08-08,2,1
2754,2752,C-02752,2690411598B4AF481A284855DD2476D2006BA6E3E88FAAD7E8301966B41DB56C,Cajamarca,Corporativo,2026-06-25,3,1
2755,2753,C-02753,EF3FEA41F9B6A69ECB439E03FB7B58966B2C6C36388F3104526CA4B6EA83A4B4,San Juan,Nuevo,2026-04-17,5,1
2756,2754,C-02754,3240F4319C90927AE920FCE9F46B7AD4970123F079B4CE20E90B235A2C833E07,Cajamarca,Frecuente,2026-03-17,6,1
2757,2755,C-02755,2AB6D67872A21AF4AC685C160A712C6709FA56AA096EEAAAAF5D0194F5A11A6E,Cajamarca,Frecuente,2026-03-23,6,1
2758,2756,C-02756,6D23DAF1DFF2247E6295D7A213E585B339428CF3026969BE6ECA36A0DC558975,Jesús,Nuevo,2025-12-08,10,1
2759,2757,C-02757,2DA10FAFE2FC190B38675A935C9B74B1703250AE7DAD1995DCD761CDE309DFDB,Celendín,Nuevo,2025-09-04,13,1
2760,2758,C-02758,5C48025845EE274FB16A967904EC22768D47AE7A849352DD4DD9C67514EE6063,Cajamarca,Frecuente,2025-12-03,10,1
2761,2759,C-02759,F734D03E1E7A405935130B5354BDDBA1B20C893E557059ED89744372BAA1F595,Baños del Inca,Nuevo,2025-07-20,14,1
2762,2760,C-02760,C4595ECC1A5AB309743E21AAC2834645E86F38D68EFCCD5A4924B21DC4D7F5F6,Baños del Inca,Nuevo,2026-08-09,2,1
2763,2761,C-02761,B27D999C13C5092E6B6616B8870136FB32228C269185058BDB0B7B310FEA3699,Namora,Nuevo,2025-12-12,10,1
2764,2762,C-02762,3D37885024766A74D419954A8B3807C9172CB45325D232A630FAC94302D385DF,Cajamarca,Nuevo,2026-05-11,5,1
2765,2763,C-02763,1FC7639691498FDA50834EDC54148B1C44DDCB9CCA4743F16C6F796376AF9B8E,Cajamarca,Frecuente,2025-06-22,15,1
2766,2764,C-02764,141E990536CB9A8218D2389B5ECD9968123A41701D6A5271193B967D747A94F9,Los Baños,Nuevo,2026-01-10,9,1
2767,2765,C-02765,CFBE5F74F30E5C87A7962FB3612EA284FED4D8670D7B5441605212BF8957C33D,Celendín,Nuevo,2025-08-26,13,1
2768,2766,C-02766,75CEE8F46495F860AA1F36D05E9E5911835370565FF86369D8612FDAE42B4DE6,Cajamarca,Nuevo,2025-12-22,9,1
2769,2767,C-02767,3DB3D12049F7B591AB68259020A5D98EE5A28DB2D1201A863F28C8360AEAA0E5,Cajamarca,Frecuente,2025-09-02,13,1
2770,2768,C-02768,5197EB9B20A9827E4A7AD5CAA4B36836D3ECBA394B87DD7F7F5E6AF2B5EF7AA9,Magdalena,Frecuente,2025-12-10,10,1
2771,2769,C-02769,98DDBE185EE08E21E5C18A6C4F32AA6BD33D6F9A7136542DF1F95949E7929E4D,Cajamarca,Frecuente,2026-04-21,5,1
2772,2770,C-02770,8482906BBEAC071813A00A6CF5E1EBBDEF7A0D9084B4D44A25E921BC38A40729,Namora,Nuevo,2026-07-02,3,1
2773,2771,C-02771,6DE085F9A0C4508DFE4E992DC0CE24A2683C700C9DB2E088F767E4BB27DD5410,Cajabamba,Nuevo,2025-06-16,15,1
2774,2772,C-02772,7FCC834A71D997FC77563E540523E5C28321674D4C5A23FED103EA33C55490C3,Cajamarca,Frecuente,2025-06-23,15,1
2775,2773,C-02773,05E2F78E9AC0E0DD268055452372A4B9FFCCC59062FFAD0B43007059A1B6E91E,Baños del Inca,Nuevo,2026-07-07,3,1
2776,2774,C-02774,D211447F2567C2A5B35B90B885D58FD2D620846C311117A79485DFEA5984D82C,Baños del Inca,Nuevo,2026-02-25,7,1
2777,2775,C-02775,F6DC9B1152F6933A3C94E48A54836A1B8E10F911FAA7E0BF508ED1F8D7AA1EF4,Baños del Inca,Nuevo,2026-02-17,7,1
2778,2776,C-02776,D6A1126E28934C4209A84B6E2A25498B51DE4D0F3C02CA107F6E2A2C40F80E96,Baños del Inca,Nuevo,2026-04-10,6,1
2779,2777,C-02777,AFCC442E7FA73E0A7022A5A2F8E2DEFB4B2DBC2E8D32ED3BC717D4E3E5BB0CB6,Cajamarca,Nuevo,2026-02-19,7,1
2780,2778,C-02778,92C39BD04323F84BCF8E9913D9D82FCE1BE6D2920B6A9E99059E4C8DFE5488B3,Cajamarca,Nuevo,2026-03-25,6,1
2781,2779,C-02779,4D9B9EF51C87ECD90FAA19D487FC32BC025C151A9CA463548CAB8AE4C2C15E11,Cajamarca,Nuevo,2025-10-16,11,1
2782,2780,C-02780,91D429A35C75259BE57A48D602DE9225729BCA1D6511C0E6EBE909C234E33667,Cajamarca,Corporativo,2025-08-30,13,1
2783,2781,C-02781,20D7CF5EF6149800C6BC7F08A752B8E9085AF294D87FC918D157096782367B20,Cajabamba,Frecuente,2025-10-26,11,1
2784,2782,C-02782,01AB5B93D430BC12C4D35CD2F796401D11FC2D19AE7D35BB8C8D0D0FDFBC4F2D,Cajamarca,Frecuente,2026-05-15,4,1
2785,2783,C-02783,E49940688F5D366AC82D96A5FAD765A79A3CA5ADA534AE03A43250CBC5112134,Baños del Inca,Nuevo,2026-02-11,8,1
2786,2784,C-02784,38D893202B39377FC1FDF5CBCA4CD96D0E3C9DC0684858F5D25EDCA16C437A16,Cajabamba,Nuevo,2025-06-16,15,1
2787,2785,C-02785,73A5ED10B46D77079504A95F01A78CE6C7A7BD37BC61763A9D2F1B1CE079F0FA,Los Baños,Frecuente,2026-01-27,8,1
2788,2786,C-02786,DB8B6D6813ECBFA377D010BED486B09392E5408CBCDB8C2A2D8E11374E207EA2,Cajamarca,Nuevo,2025-06-17,15,1
2789,2787,C-02787,06306B4A0A717FA4210568668A67B5D98B3E2184AE7CCA849A57731EF98B14D3,Cajamarca,Frecuente,2026-05-05,5,1
2790,2788,C-02788,3261277D8DB0703F3F60A975EBB4873B92A58DAD6064919491759E7ECC3571B5,Los Baños,Frecuente,2026-07-14,2,1
2791,2789,C-02789,837A7E9CFE182E3575B3F78EEE06D2FC1E3E6B92B09BC20FCCF6C52E878EC01E,Cajamarca,Nuevo,2026-08-03,2,1
2792,2790,C-02790,C665A55B98B7FD3D2353D8092F5CE75D25E958E5B15E72146DE68A2770E925AA,Cajabamba,Nuevo,2026-04-10,6,1
2793,2791,C-02791,E6E4E8D306BC05D9C79F565482DE7B3A2C5B543ED5E3F36C30B4BA1C9D21382D,Baños del Inca,Nuevo,2025-09-25,12,1
2794,2792,C-02792,6AE1D91F885375002EFAD0F244BBAB2E6A2C7BC36D6993FC7006BBA68C7E7B20,Cajamarca,Nuevo,2026-07-09,3,1
2795,2793,C-02793,DD3266B0D60C4E7966843ACCF9E8B6AC008C0B09B45A7DDC4605EE4F292A90C7,Baños del Inca,Frecuente,2026-02-20,7,1
2796,2794,C-02794,86A8D9316BD872CFA8DF85A41A532B210B556CD5F3DF648B2101200276E39E1C,Cajamarca,Frecuente,2025-08-29,13,1
2797,2795,C-02795,FC046B58FAEC49778B854B65FBDFC8D1EE4C7C618B3F31BA1D16F145491B21B3,Cajamarca,Frecuente,2026-03-11,7,1
2798,2796,C-02796,13E34A4711C7DA51C6939EF3E2F4EE84218848DA833CFF039B3761AE126EE328,Jesús,Frecuente,2026-07-29,2,1
2799,2797,C-02797,A6866B351DF43415333C1B0BD9264EF626A6BB08B94E54051634441B542AD2AB,Baños del Inca,Nuevo,2026-04-19,5,1
2800,2798,C-02798,1377285EF07697D98E367B3EFD39D6FB1713EF1795F5BDB47821794E6B588C31,Celendín,Frecuente,2026-07-10,3,1
2801,2799,C-02799,30181A44AEDA8FF1BF7A7FF67050E2D15FEF7C517223B691A5570FF39282EFA9,Magdalena,Frecuente,2026-04-14,5,1
2802,2800,C-02800,A5E863F6899F789EC6987771AF896DBC285EEC0A7D216A0CA520D3D0726F4989,Cajamarca,Frecuente,2025-12-06,10,1
2803,2801,C-02801,F69D1A789DB6F2F178CDDF80957A6A7419E6833B7C28F9D1D284B725C1689CDC,Llacanora,Frecuente,2026-08-27,1,1
2804,2802,C-02802,7A4CBFA045D59D5ECD05BF9A6769B74F5CD06C895DE16E80F0EC74C3D10B4980,Cajamarca,Nuevo,2026-07-11,3,1
2805,2803,C-02803,9D78839774FB7C339A847998AE71E5B00EC160763F676B0B4852D83C116BD00D,Cajamarca,Nuevo,2026-04-09,6,1
2806,2804,C-02804,82C8EBF8BFE32457DF1E5E5218D01F1D1650D07FD2739657B8F977B3556A3FFD,Cajamarca,Nuevo,2026-08-24,1,1
2807,2805,C-02805,FC125EBA188A00386D6D2E7929D7380B19BDE4DED69BE70DDC71CD9294D22D88,Cajamarca,Frecuente,2026-05-10,5,1
2808,2806,C-02806,EC2F5EC4BC487A685DB482A6C07102C5598B8EA3BE6341E273B31FA94E4E1849,San Juan,Nuevo,2025-10-11,12,1
2809,2807,C-02807,229C3DC846C1EB3D261840FD0297CDE758A69C5E7525FCE3C139D9558DFFEAF8,Cajamarca,Nuevo,2025-11-15,10,1
2810,2808,C-02808,1769F86BF1DF0D412F2E113E3E855CA5DA876820E3BFAD3F2C388BD05CDE20A1,Celendín,Nuevo,2026-03-07,7,1
2811,2809,C-02809,E53A98E41DCFBC727FA53F163DE437CDAC6B8716902233422C97EB0738658D4D,Cajamarca,Frecuente,2025-10-24,11,1
2812,2810,C-02810,6E6020480297F97ECE781D94544B7AD50485F18859A58802B44D8B4A76FE2489,San Juan,Nuevo,2026-05-12,5,1
2813,2811,C-02811,97BDFB43A822DDF1F29D11A4C9315166EE1029F3523CBB407C74AF4C102A10D1,San Juan,Nuevo,2026-01-30,8,1
2814,2812,C-02812,6E2E89482DD4D3B6B35B95BFF1BC20D21F57DBA0DA03A802DE4C0E0F92CD105F,Los Baños,Nuevo,2026-01-04,9,1
2815,2813,C-02813,026317B1AA1BA06A2C0E0C660C31A38D85189427189641AD359702E7AA4D35CE,San Juan,Nuevo,2025-09-20,12,1
2816,2814,C-02814,77B27D40DA00820D726C55B71A6603D643274D5A9FE4B4E85C9C6AE294324A4C,Baños del Inca,Nuevo,2025-06-16,15,1
2817,2815,C-02815,82AA327666A1A9ECAA6DF050DDEABDB6536D5463E2CED8F9F3CDD05147175595,Cajamarca,Nuevo,2026-06-16,3,1
2818,2816,C-02816,CB271B5589381FC6CFFBD5B40E28E12BDEC6C3F4110A8185FC1EC9C14B120502,Cajamarca,Nuevo,2026-02-01,8,1
2819,2817,C-02817,3ADAFB8EB93FA0E2A849324C3FAD7E1C10161DB2BB346D7628E9A9398C75079A,Cajamarca,Nuevo,2025-10-06,12,1
2820,2818,C-02818,BE29F0B1ABB6D3175CA072965E33669BC7F41CDB4158BFA52FD8942226715D85,Cajamarca,Nuevo,2026-04-25,5,1
2821,2819,C-02819,469BF516C34EF67EE933E6BB8C581EC34AA02ED10228DE8AF196A8D5ED465C2B,Cajamarca,Corporativo,2026-05-02,5,1
2822,2820,C-02820,53976083C1E00C3DCE4D7C3D267B51843BCED75B9B4568B7F21E2A915757D31A,Cajamarca,Frecuente,2026-06-07,4,1
2823,2821,C-02821,E020D87B69C361DD94EC7BBCF6272EE189C2368FD9BA7011B8775E7E20CC7244,Cajabamba,Corporativo,2026-05-10,5,1
2824,2822,C-02822,7E9009DA0A7588D734AB41E4158C95094FD366D86F3B5C4D96A57597FD31C4AE,Cajamarca,Frecuente,2026-04-01,6,1
2825,2823,C-02823,F8193476A07ACFE47F408A29D291C8BB89EB2A41AE7480A2E5FC753204F187E7,Cajamarca,Nuevo,2026-03-05,7,1
2826,2824,C-02824,D36B1D8009E3FF76608CABD76425EAA515E02A86AFFEB8F559C3B04C3B9C6F63,Cajamarca,Nuevo,2026-01-19,8,1
2827,2825,C-02825,B093F7B780FAEABE8C4AB55488B80AA3198898D847A75FC424E38F49B6232061,Cajamarca,Frecuente,2025-06-17,15,1
2828,2826,C-02826,820B730612BF27188891FC398CD2E08B61259A18B018C11D91D0CE559795010A,Cajamarca,Frecuente,2026-08-07,2,1
2829,2827,C-02827,2AE77F2D5FF5B7B6352C28D70DEE697397BB0BDEA6029E380325C1180420EF3F,Baños del Inca,Nuevo,2026-09-08,1,1
2830,2828,C-02828,C08FE67EBC8E98F12F88FE7AA4601E6F8100C8A9C3B36F4F9389AE8C028B0F00,Cajamarca,Nuevo,2025-08-12,14,1
2831,2829,C-02829,E701E514A8FF042EAC2EE14FF90287846FBE8D2C3B00EEC0F6B2E3F16A799EF5,Cajamarca,Nuevo,2025-08-26,13,1
2832,2830,C-02830,9EFBD50B49354574FBB3AE3B10D0A38E13ECD7C9E927B6498D2677301BB6B780,Baños del Inca,Nuevo,2026-08-12,2,1
2833,2831,C-02831,80603ECFBAA4650452C22CAFD3B47DE7E66DAD2F5213B73C003595DB4704B832,Cajamarca,Nuevo,2026-01-18,8,1
2834,2832,C-02832,9DE084C1134A513A8DD135AE71EEBDBCEFAB0A48D11ABC2BF8074B4D1685D5E3,Cajamarca,Nuevo,2026-04-08,6,1
2835,2833,C-02833,3838E51F93E1B6A321BCF6F1CC2F39996F88F271C4F4F6E067F2B73386F29D1B,Celendín,Nuevo,2025-11-28,10,1
2836,2834,C-02834,940BC99D35B2212F1B8285B026C5181F20919380A24E06EF3CCFE5AE8B5685C6,Cajabamba,Nuevo,2025-12-04,10,1
2837,2835,C-02835,C90C5ACFFDAD534E89F39F524636A84A7DA51C8948E85C035EB0283736E9BB23,Llacanora,Frecuente,2025-11-25,10,1
2838,2836,C-02836,5C91497ECEDD934A5ADDD0BFBB7ECE9BC75ED8DE7CAB705E6445C72C25EC58C3,Celendín,Nuevo,2025-07-08,15,1
2839,2837,C-02837,267F2AEBA6E76DD4B63862D8DC35C7A244E6C9E330484D7714357F6B8331E81A,Celendín,Nuevo,2025-06-07,16,1
2840,2838,C-02838,52666BA2C22ECED85A4DF9C28A5D1909C51CFEA4329753C63813A958B9C09F08,Jesús,Nuevo,2025-10-22,11,1
2841,2839,C-02839,171D7FD21344BEEC628C4D473E3BAB3D64789DC37B37A6F4D6BE4068A86463D9,Jesús,Frecuente,2026-06-04,4,1
2842,2840,C-02840,B75E95221510B9DF364F693EB8B04B7BD88148F8274026DEB69FEE5E4B13689B,Cajamarca,Nuevo,2026-06-01,4,1
2843,2841,C-02841,B558959DA2976BA6DB984395935D1140C787087F4174422730D637E4E5764523,Cajamarca,Nuevo,2026-05-02,5,1
2844,2842,C-02842,0428518BF3C8FA6261FE0D662450ED1CA20CAAB2E44BB23B8FB3CB736AB731F7,Cajamarca,Frecuente,2026-05-24,4,1
2845,2843,C-02843,C417E9D0618D92C85A5CA789F1C3706584AA711FA9DD3ABF38027B730EF26710,Cajamarca,Nuevo,2025-12-14,9,1
2846,2844,C-02844,811805C28A4878E0A6F3B12AF5D8C17E3453BAA044E0E53AF1D7ADFBC20AFCE0,Cajamarca,Frecuente,2025-12-23,9,1
2847,2845,C-02845,E9FD3D86A153D19E0963E12875DF9E331BFFA519A1CB9C64369045E730AB6B1D,Cajamarca,Nuevo,2026-05-14,5,1
2848,2846,C-02846,3C9F7E9F04542981CFCD6E7C830E74C40BF228740ED7BEDB5CBBC89E17686ED4,Baños del Inca,Nuevo,2026-01-13,8,1
2849,2847,C-02847,92FF8E75975A5072C26D53E53531162CF2469267F588DEA020BCB7E81F3D6488,Baños del Inca,Nuevo,2025-07-06,15,1
2850,2848,C-02848,52D22A213CC40F423D7524FBECD4DE324A1DAE13C30F4A43377955E0260E3D5E,Cajamarca,Nuevo,2025-06-06,16,1
2851,2849,C-02849,0541F0EA0FD393A1DFAAAA5A46F1686CFA41EE3B3205C33BD195F9DE3ABF623E,Cajamarca,Nuevo,2026-09-07,1,1
2852,2850,C-02850,9C456F9F99C590D8D7FD7B3FAC77CE1643AEE81C0A9FA582E526762303F2CEF6,Llacanora,Nuevo,2026-03-24,6,1
2853,2851,C-02851,1B95514D57283177A5D8D8F15956FEB88718D47AC5A4392B81A857248DAAA8E1,Magdalena,Nuevo,2026-09-09,1,1
2854,2852,C-02852,EBB5CD2B5A8A4ABDAA16EA2E4622599F00F4C3C413BA70A0554A6C58ED2ACEF8,Cajamarca,Nuevo,2026-04-22,5,1
2855,2853,C-02853,E31760A2B3355CD6D4AF9A677397D749D97CA7A89747FD22943E99DF9DAA575E,San Juan,Nuevo,2025-08-20,13,1
2856,2854,C-02854,1F77DBCC3BAD65C440944F9DA2AFB56ED6427F7F0293220A8E5CDE2D480EE697,Jesús,Frecuente,2026-03-08,7,1
2857,2855,C-02855,A0A57C8388DC0D47D80575F0C6FFFC337D8FC4DF738EFAC0012F7415608A5E2B,Llacanora,Corporativo,2026-08-22,1,1
2858,2856,C-02856,CFC1AE8EFCCFB6351B3DC616A4ABA32E99C20509A60A1E3FCCE16537E6EDCA5C,Baños del Inca,Nuevo,2026-08-20,1,1
2859,2857,C-02857,26E5F16006947AA18CDCBD8E4929CB6EE759851C0C7DB5A212029B215D622AD6,Cajamarca,Nuevo,2026-01-22,8,1
2860,2858,C-02858,1EA0CA1B392061B8B543CD2EF002CFC6F5CC0C472AB2EEB7170C3638E09C2983,Baños del Inca,Nuevo,2026-07-15,2,1
2861,2859,C-02859,88F4EC3088B965BEFEB4A9EBD26F06D76E8B17698ED7B2EC0D5A80BF885B3EBF,Los Baños,Nuevo,2026-08-08,2,1
2862,2860,C-02860,A82A590FD86FE34CE2006620A40478DF6DBE75633C2B5E8F53DF40DEBFF42EFC,Cajamarca,Nuevo,2026-05-30,4,1
2863,2861,C-02861,231BE46128A04B5C737BC3AE063E669F29A058098376770F39489958353F3373,Cajamarca,Nuevo,2026-05-06,5,1
2864,2862,C-02862,0B7D2800C5E8722C7912A4EA727C9293F4D644B7952CD231428122808AD8FE5B,Cajamarca,Frecuente,2025-06-19,15,1
2865,2863,C-02863,962D380095F99BA49BB07D715EC0DB589FE1572D74182DDA17FA9426ED294C21,Jesús,Frecuente,2026-01-26,8,1
2866,2864,C-02864,81DCB77A58F812639D77C972847F65461BDF03E8912D9E62227E087302CE3761,Cajamarca,Frecuente,2026-03-10,7,1
2867,2865,C-02865,29A8FC2E4C295757478C875EC3E3B737620082E761CBB555878ABF1AFBB42EAD,Baños del Inca,Nuevo,2025-11-27,10,1
2868,2866,C-02866,8A8BCD81C3E5CFB7A457D699FEE6A1ED9E48683B7E9828FF058C193EAF9E5B43,Celendín,Frecuente,2026-05-05,5,1
2869,2867,C-02867,A098A56B54B896AC05D5F2A7B342D09B1F4F97D7584EA7C6BEA2366DFEB6BA1A,Cajamarca,Frecuente,2026-08-07,2,1
2870,2868,C-02868,D3DDD446A56549B7B7C9438BE344E51E44AC2AE592B0B42B555E1D88796F5E93,Baños del Inca,Nuevo,2026-01-09,9,1
2871,2869,C-02869,ECA92C3A28248601697BC4519A819EB2F1485A155B888353F928DAC5FC7A00B8,Cajamarca,Nuevo,2025-10-30,11,1
2872,2870,C-02870,234E8F4D75F618721E878C3D6C6EB1A5F1D108F9893AD4F37D5535E5F0932C31,Cajamarca,Nuevo,2025-07-08,15,1
2873,2871,C-02871,E36854586C58D98DCEFDF5B60EAD5EEA52D0C773B4ACAA9BB4061A23C04E9D6D,Baños del Inca,Frecuente,2025-06-12,16,1
2874,2872,C-02872,29ACF9E81A12D1F029D408AAF0C4DC30596C1EE3C894A13B513DB66686DCBD70,Cajamarca,Nuevo,2025-10-09,12,1
2875,2873,C-02873,B289A561E5556648FB8D28A49AE75FDD72FB09CF390EC5610E5818D8CC8819CE,Los Baños,Frecuente,2025-09-15,12,1
2876,2874,C-02874,9CE20E55EA8994D27890E17F9F95DC71C3ED41DCD345AD317AFDD9BE06A2F64D,Jesús,Nuevo,2025-10-17,11,1
2877,2875,C-02875,E1FD3508DEBE9A15654585D1251663FE35DC987F75A3C9EC9F90624109A95A3A,Baños del Inca,Nuevo,2025-11-12,11,1
2878,2876,C-02876,B055CDFD5379CA8F6D172A057D8E2103B87A4B606744C32EFD49E92AA5EDAF54,Cajamarca,Nuevo,2026-04-24,5,1
2879,2877,C-02877,DC97590B0290058CE8074E0900040CD8E7146BDB56281917EA086CC129DFBE82,Namora,Nuevo,2025-12-01,10,1
2880,2878,C-02878,EE46DAB50EB2EFEC1866E503A2EE45BF4B1E836A9668F95A6D61E4BF49F94149,Cajamarca,Nuevo,2026-05-07,5,1
2881,2879,C-02879,C6D7C71AF4993ECE8B924D3CF90F1C8211B299C4C88D7D91D7DBC09C1CB191B6,Cajamarca,Nuevo,2025-12-03,10,1
2882,2880,C-02880,DC98200009D4698180ECA6C648399B3C4DCD1C7E807553C8270EDFF486692CCB,Baños del Inca,Nuevo,2025-09-27,12,1
2883,2881,C-02881,AA052E6DAD595E80160A871CB11D2B36DD76F02600423BDD9E043542CBDA3D75,Cajamarca,Nuevo,2026-01-13,8,1
2884,2882,C-02882,07463F1D4DA0D08DAAC346E202EF649E4F3C3791EAE048AB3936F167D4D0DE3A,Los Baños,Frecuente,2025-10-25,11,1
2885,2883,C-02883,311A3BCB608673B222E5E222756D44BE9A383702BD3D027572BF6C6903604FFA,Baños del Inca,Frecuente,2026-07-28,2,1
2886,2884,C-02884,5CBA0D61061AB1DC9601E26DDF0A7B718FB85D6A80D95340220109B3E48841F0,Cajamarca,Frecuente,2026-08-18,1,1
2887,2885,C-02885,C11FE9F1A18AF63FA60EBC8C15A143C2E333D4CF62EE795C2EEB6D4A53D3C583,Cajamarca,Frecuente,2026-04-18,5,1
2888,2886,C-02886,873E215C3BAB771D0F6E5BB6700AA9317447331BB49697648613FAD6A641BE54,Baños del Inca,Nuevo,2026-02-24,7,1
2889,2887,C-02887,B352DFC7BE4966E55F064EE74AF2434168DD53DAA2D736D2ADF591E9E26318B1,Celendín,Nuevo,2025-07-08,15,1
2890,2888,C-02888,1F13EFC04D08C4AFDCBED8C44A74C5EB7EF7ED1A8A5EF736E31B7DAA112BF223,Los Baños,Frecuente,2026-01-22,8,1
2891,2889,C-02889,871AC1EAC216D3E7878761CEAEF5B11DF282721E7C23FC20B3DA3CF73E7DC71F,Baños del Inca,Nuevo,2025-06-25,15,1
2892,2890,C-02890,4954305DD6BEED140FB2EC3B7371CB1DE247A5EB87ABAD524000679DEDC3B6D6,Cajamarca,Frecuente,2026-07-05,3,1
2893,2891,C-02891,CF824BD54946BAAFFFE042465D57787AEEE9A72623802C59E3AEABCC2956C9E4,Celendín,Nuevo,2025-12-04,10,1
2894,2892,C-02892,499BC2C7CB04610880AF20FA51F4F8AC49F8DB7847A1C4DADF15E02B95FD70DF,Cajamarca,Nuevo,2025-12-25,9,1
2895,2893,C-02893,2B726A8FB30524C66BE05F81D8197CD30AACAE87ACE73369326F6D81FC28A594,Cajabamba,Nuevo,2026-01-13,8,1
2896,2894,C-02894,7CA9AFD9F799673C5EE39D5CE85CD6C9EF5BC8875ADFB0587F86D2EE1FC9D37B,Cajamarca,Nuevo,2025-08-15,13,1
2897,2895,C-02895,111CB801886D1918DC94A3E83622DE832249CEECB254B9BD634C3B33856B650D,Cajamarca,Nuevo,2026-03-28,6,1
2898,2896,C-02896,E85DCCA131F5ED504E5AE5636AD57E5165EF87EDB2AA93552D7AC2BF7315D6C4,Jesús,Nuevo,2025-09-07,13,1
2899,2897,C-02897,E746AEEFD778630133BC83D9311ACE2D9A6CBBF733CDE9FAD3A9E8B58D599F17,Cajamarca,Nuevo,2026-09-02,1,1
2900,2898,C-02898,282B366A1F77A97FCEE0DA86199767784FFDE3C14639466D9A5E2E47416F8FE3,Cajabamba,Nuevo,2025-07-28,14,1
2901,2899,C-02899,6803E26E38756872A1F90705E07691908A91B6CF17C747964F176C7E5736032E,Cajamarca,Frecuente,2026-06-18,3,1
2902,2900,C-02900,F9B5D11C203FC4BCF73939561E5696986B914115F0FAEE58F8BBD846425C6302,Cajamarca,Nuevo,2025-11-14,10,1
2903,2901,C-02901,CD1E244507A53ED7D6A87C864D3B236F226551AFA7FCEF8AC6D4DA80B575BAC5,Cajamarca,Nuevo,2026-07-27,2,1
2904,2902,C-02902,903F366CEC15B4D6EE62B2EB6E5A789575C9C9C58C7FDFA7ABE8B9B42B305639,Cajamarca,Frecuente,2025-11-14,10,1
2905,2903,C-02903,EED54365934CD818B262267B24E83B45F15BBD77BE25B34834DFA0B496326340,Cajamarca,Frecuente,2025-09-07,13,1
2906,2904,C-02904,ADA768ACB225278B1F762477F31BF307F493C247A8F6E4064E649C0A4023FBCB,Baños del Inca,Nuevo,2026-09-07,1,1
2907,2905,C-02905,C6C0431FBF3D56E5986DD29A9E780C0CA1378C78B825B891AA43376915B0F328,San Juan,Frecuente,2026-03-02,7,1
2908,2906,C-02906,5BDDA6B4428F417BA307A48E7EBC6347AA06BB496ACEB9E064D5D19E19AEF247,Cajamarca,Corporativo,2026-02-14,7,1
2909,2907,C-02907,109100DE2ABF75AF196490B3E87B0C68A0574D58F94D2AFFB84AB096DB8F8068,Llacanora,Nuevo,2026-03-05,7,1
2910,2908,C-02908,2588DB338FEFEAA3C4B66E4A15196398DBF90DF0D1198CDE58C62493A97CEB9A,Cajamarca,Nuevo,2026-03-13,7,1
2911,2909,C-02909,7CEFBE0084E7153658F9C22BB2F6B17AAAE7AD1D21C39F2B6FE12080EE2B2CAD,Jesús,Frecuente,2026-08-24,1,1
2912,2910,C-02910,209FCDDC2DFFD749E9455E688329C1A90DCF9D6D457455ACAD5F2482E99BF47D,Cajamarca,Frecuente,2026-07-20,2,1
2913,2911,C-02911,D10502579B094B89875DDD4FE9CB18B43BE0A58AFE1657FD0005C78FDCA88834,Cajamarca,Frecuente,2026-01-11,9,1
2914,2912,C-02912,67B925E660E04B7C5EEAE97919C9A2319199108B4B7A232E442E17593B296FB8,Cajamarca,Nuevo,2025-12-25,9,1
2915,2913,C-02913,5DA6B499C1E08AE48D5D4FAA6455F5ED61EDEC5B585B1E3B82D4D85AD2149AC6,Los Baños,Corporativo,2026-05-24,4,1
2916,2914,C-02914,B923D79C94AE50E4BC1706B2D621391731D2562CDA1E153D818DF5F23BD95AF9,Cajamarca,Nuevo,2025-10-24,11,1
2917,2915,C-02915,7537AD5C27B850BD36A5D6348FAAEE7E5B8ABF500A024609167CD129C457977C,Cajamarca,Nuevo,2025-11-10,11,1
2918,2916,C-02916,16701E4B96356BEC5F52CADB26CF61CB113ADDC646D110A874F4967519982FB7,Cajamarca,Nuevo,2026-02-24,7,1
2919,2917,C-02917,2ED29CCAC608D344C5715269804A0DB1195FC03D28F15089AE942AD98683D573,Baños del Inca,Corporativo,2026-01-20,8,1
2920,2918,C-02918,1CCB8EAD4CCA7DF926436EE98A281D06656D7845F9900DCD4161E4B7ABE8E538,Cajamarca,Nuevo,2025-07-17,14,1
2921,2919,C-02919,76A329BFB82975728EB05CFFAE5D54A1B19731277E6E1BB50C10FC3B0BC8F842,Cajabamba,Nuevo,2026-07-03,3,1
2922,2920,C-02920,3A8903747EF153F4633EEEE1FCFA393BA041485253BDEEA9BAFDA214648EE64A,Cajamarca,Nuevo,2026-01-27,8,1
2923,2921,C-02921,79BBF10DD2F20A6CB2E7DF0C3F33F1A82B0A7599A5E1904CC0CAD2663E1245DD,Cajamarca,Frecuente,2026-06-18,3,1
2924,2922,C-02922,F04D5BAED8999502D49E8043566B614557C11A7818D440C35B744C490458657E,Baños del Inca,Frecuente,2026-08-08,2,1
2925,2923,C-02923,89599A07A29C99659184D901CDE58E1B49C20BB30CB2030F5ABE198949F1DC26,Cajabamba,Frecuente,2026-01-03,9,1
2926,2924,C-02924,FB79268D1344D4D88FEE6FEAB436F13BEC038932E6972AAB2C56E6D1CB21E0B0,Cajamarca,Nuevo,2025-09-28,12,1
2927,2925,C-02925,5B4C0DC0FB7DAC55F52757A3699350FE122EF60A01B6C41F17C887413ADA029E,Baños del Inca,Frecuente,2025-08-25,13,1
2928,2926,C-02926,68B4E6049AD8379F6DB64CF6F57966B70A9246E08385A7F46CC612A19D46670B,Cajamarca,Nuevo,2026-05-05,5,1
2929,2927,C-02927,0ABEC282AF6B85F27DBE5ED30119DBEDA30F50C4162BF24EBA101157D5328ADB,Cajamarca,Nuevo,2026-08-31,1,1
2930,2928,C-02928,40009C06C1AE0CE8787171D82BA4899A969289F3F77EC180D10469C90AB7025C,Cajamarca,Nuevo,2025-07-24,14,1
2931,2929,C-02929,024EA74C317FD1A40F18B1890290A035AC9C51A0C103D47FFD8389554EC95C1F,Cajamarca,Nuevo,2026-08-26,1,1
2932,2930,C-02930,F46082C83FB6F60E001B9C5C5A519DFD68FBBC6DDBF77B16F166FF6BD64D8C1B,Cajamarca,Nuevo,2025-11-08,11,1
2933,2931,C-02931,8635681FF529CEC04F3386DF33669BAD1A9D3E038B81BF91C296CEA388A10B50,Cajamarca,Nuevo,2025-07-09,15,1
2934,2932,C-02932,85D6D0BA1B912F1B07935E6065E8308B01E7B411FA4C59766CF0A7D3D867716D,Cajamarca,Frecuente,2026-09-08,1,1
2935,2933,C-02933,802C2C65E1A68B37856E8B1FABAB9F6753D5803260B9C86DB51F5D3B99B20ADD,San Juan,Frecuente,2026-09-07,1,1
2936,2934,C-02934,E855C0EF2840E89130D7BFAB24E4DBD21B0449128D00393B993518D10E2CD1C5,Cajamarca,Nuevo,2026-02-07,8,1
2937,2935,C-02935,469A2B703274B8422BED222FBBC05F679D0495570727955B43E6701026C24FFB,Cajamarca,Frecuente,2026-01-11,9,1
2938,2936,C-02936,55AE01B1623DAE5ABB98517C136A07FB8AB31B57F7A7A5960E3B286C7A78DF5B,Llacanora,Nuevo,2025-08-30,13,1
2939,2937,C-02937,9E0F7908E74DBA610C9B6CFF230A4D0BE2B5E942AB58DA3C42C4620D64C20982,Baños del Inca,Nuevo,2025-08-21,13,1
2940,2938,C-02938,28C5B51539400227C860E3739D1140ABA182AA246302FD476D14A4101D160B0B,Cajamarca,Nuevo,2025-11-09,11,1
2941,2939,C-02939,9AE25CC44AFC80B34E151EF09F27AC66ADD769C089DFBE913456CBB2C1982C16,Cajamarca,Nuevo,2026-07-06,3,1
2942,2940,C-02940,DFEE2AED713E6FDF8D8CB402D4401B06C2CCBB2BAA71162A5B5002796653460F,Cajamarca,Frecuente,2026-07-31,2,1
2943,2941,C-02941,C9C27F169D416DFD992C8647CA8B4C945103228EEDD6BE8A3C07BB752D77A536,Cajamarca,Frecuente,2025-08-03,14,1
2944,2942,C-02942,6D977552080F7945A0880613E03F48D336597D28FA1DEEC3EBBBA521E9D432DA,Cajamarca,Frecuente,2025-06-29,15,1
2945,2943,C-02943,B970FDF8F410B0327552646AE6B0952EDA7E0B11A48D2AEC00A710503E9AEC92,Baños del Inca,Nuevo,2026-04-18,5,1
2946,2944,C-02944,42BDB1CD4F683C441A479764B91119ADF97C0B5D04875691B226E391B172F196,Cajamarca,Nuevo,2026-03-26,6,1
2947,2945,C-02945,D8BA0864709A9347C94AAA1AB89E299370F467CE45E9DF5B028EE4FE6F28CBD6,Cajamarca,Frecuente,2026-03-30,6,1
2948,2946,C-02946,CE0E17D421AF3220EBCC245D88AD49F8DBB3F5E56B2935C530B1E3A88B9B4590,Cajabamba,Frecuente,2025-10-16,11,1
2949,2947,C-02947,6D133A693F330669E6BAAB715044FAA3F978B4EA8CE3901789F3E2409C6927C3,Baños del Inca,Frecuente,2025-06-09,16,1
2950,2948,C-02948,CE1291A3A6796E1FC10B0E46FCD34E4B0E4C939859C934329D6F17F3535AFCC5,Cajamarca,Nuevo,2025-10-23,11,1
2951,2949,C-02949,1E51B174EBDEDC4851E602ACB2DA8CDE269C3303EEC0F43C89891390BF8DEF28,Cajamarca,Nuevo,2025-06-11,16,1
2952,2950,C-02950,28B71690934817483AA177F02769671FA3564E95BC3A8584C933CF6EAA773015,Cajamarca,Frecuente,2026-06-26,3,1
2953,2951,C-02951,33F8B95C2EE669AE8B94ED54478DAD6087A5BA1449AA177AC75D8FB3FFA23D2F,Baños del Inca,Nuevo,2026-01-29,8,1
2954,2952,C-02952,11066C1442780FE1AFDC7553944524C8D4E8B42BBF914881558043F899629BD2,Cajamarca,Nuevo,2026-08-04,2,1
2955,2953,C-02953,79EFE9F595F7C80B9C12449CD3ADEC5946AF9213AC9849E8A2216D37A99C463F,Baños del Inca,Nuevo,2026-04-15,5,1
2956,2954,C-02954,265FF417608E65D57658AF6C3235F63EBA272AA0E4F5893A4E7CA3C3F8DADED0,Cajamarca,Frecuente,2025-09-20,12,1
2957,2955,C-02955,E77B5450DFE51CAAD026FAFF07B57D365E4135D5C17B365B3BF9F67B48D6B1F5,Cajamarca,Nuevo,2026-07-30,2,1
2958,2956,C-02956,934187DE6F57B83B7551ACEBD28D46E6669896BD57918F44E548BDBAC3487C51,Cajamarca,Nuevo,2026-06-17,3,1
2959,2957,C-02957,1C340CF8838D4A796FF3BA95F2284F8FB5F04E48B8B87989CE6B1D7F00C40A96,Cajamarca,Frecuente,2026-07-10,3,1
2960,2958,C-02958,94323D055DBDEB4BE5559A7E6B1AA594FFEC8EDDB2AAC6200740E7888771BA7B,Cajamarca,Frecuente,2025-08-24,13,1
2961,2959,C-02959,F3EF4E3D4E6519D50481B5D8FDAE6324CC869FD8D5B83BAE1BEE754E178CBAE2,Cajamarca,Nuevo,2026-01-03,9,1
2962,2960,C-02960,2FBD49550FFB4741623E9A56B384A4E7C62F2A597DFB5C3983098A46951AF107,Cajamarca,Nuevo,2025-10-04,12,1
2963,2961,C-02961,5138EA246E7966A9931810186EAC8E986D153869F39252F612CFF97ECC5EFED8,Cajamarca,Frecuente,2025-07-15,14,1
2964,2962,C-02962,2A0B7923ADB4872B22FA4ED3A5FE99A3A55DA94BB2E1A4CC2D4C8C224FB4CCB6,Cajamarca,Nuevo,2025-12-06,10,1
2965,2963,C-02963,57ED54AF42DE330A206358752E974AD44E43D966F9B5C277EFA43E80209583F9,Cajabamba,Nuevo,2026-01-26,8,1
2966,2964,C-02964,FAA760F873BA3614604AA9F939984AE05195ECE2F45AAFC1633BDE1A51BCCCDA,Cajamarca,Nuevo,2026-08-13,2,1
2967,2965,C-02965,0806338EA2E16D47D9FDD572E2A5776B355D7A49E980CF2FA9062DFCE9A46995,Cajamarca,Frecuente,2025-09-30,12,1
2968,2966,C-02966,21D18519D35A87323E5DF114723031736B0B6D510A0D4464D3A8BE7BCAC0F654,Magdalena,Frecuente,2025-09-24,12,1
2969,2967,C-02967,FAC5D930362B3D2F68F96E4801F50A35467990C5BD919D632D18C22F9112689E,Cajamarca,Nuevo,2026-03-13,7,1
2970,2968,C-02968,3910EDCDC57E88A29C0AA0BBF4339E74C57811A5FFAFBFEE6F3226D15385A00C,Cajamarca,Corporativo,2026-09-02,1,1
2971,2969,C-02969,F3276E0B6E15A281420F15B06D530F229CB568DF3566ED134E17F17299DBE217,Cajamarca,Nuevo,2025-07-02,15,1
2972,2970,C-02970,08AE7110BCDA001342D1CD1682AA563E26E17B7B7F188CE5975E0577A6E5A996,Cajamarca,Frecuente,2026-02-24,7,1
2973,2971,C-02971,2BF36DBD2C32234AC662E6EF9BD28EE2245CEBCF87A5597F48AF403A789663D1,Cajamarca,Nuevo,2026-07-22,2,1
2974,2972,C-02972,6056FC510A683E6198411D2CA7F603EE6D2363B3CC78A5B275052F1728C454DE,San Juan,Frecuente,2025-08-10,14,1
2975,2973,C-02973,EAA075D0FC02E3AC6B5AC6B40B12B850954D2D5156F148AD2321BF7CB8A31745,Cajamarca,Nuevo,2026-05-22,4,1
2976,2974,C-02974,003C91D129EFFC39CBABF7706BFB56F8644AC318C2FDEA203E4A6F495476F185,Cajamarca,Corporativo,2025-07-14,15,1
2977,2975,C-02975,A493BF77BBDD3FFF10237350210067AEECA2A6128D9F42EE9AD5A8BF2AFDEE27,Llacanora,Frecuente,2025-11-10,11,1
2978,2976,C-02976,8F410DA3D63C82AA5B8334A6FC68667D245A2B3FE3BBECD7301DFCFEF735E08F,Cajamarca,Nuevo,2025-12-02,10,1
2979,2977,C-02977,9E6F6080032C125136618DD3104A72B581FF77242EC436A37CA0E322EB65D6AA,Namora,Frecuente,2026-07-22,2,1
2980,2978,C-02978,A42C9D4031F65D045C8A0FC7A2A3A20472316E125DAD1A6AFFA037CC1EDFB34D,Cajabamba,Nuevo,2026-04-04,6,1
2981,2979,C-02979,1A8FD5A797879F775E6232FECF199D2853893367DC84C5EF6B623FF225713AE9,Cajamarca,Nuevo,2026-07-19,2,1
2982,2980,C-02980,D98E7EA148E9D653889C2AA121671C8336869973FA6B358B3D1423C07DCF5284,Cajamarca,Nuevo,2025-06-24,15,1
2983,2981,C-02981,8C94EECEF19E5356965CAD49DBB06057CA5F13C03203696BD0D5F3137C05090F,Cajamarca,Nuevo,2026-05-01,5,1
2984,2982,C-02982,8E9070AC76963AC39117184BB3A9BF0449C47B9220344D7CB99FC95945FFFA2D,Cajamarca,Nuevo,2026-08-05,2,1
2985,2983,C-02983,E343FD5CBB080D7FBC70C9E01DFA6C2231016AF5AAEE9A9CCA7738295B06682A,Celendín,Frecuente,2025-10-24,11,1
2986,2984,C-02984,E1B1AF7847A3CFEE37BCC9E019B2B9CB829C77D444A1ECCDA8A3545411135A75,Llacanora,Frecuente,2026-01-16,8,1
2987,2985,C-02985,51787A2ED7E88EBE746568616FA3C2FB2F5A4BEFCB20B179596DF0F2905F2352,Cajamarca,Nuevo,2025-07-17,14,1
2988,2986,C-02986,51ED14CA05ABF096B3EE5FBF88B6D8AADAEF5E6FA69236A6AFA8B6DBA45FC23D,Cajamarca,Nuevo,2025-06-18,15,1
2989,2987,C-02987,1027418CFD13EE1EAECE99D38C201A042868A5595F128509184571601FB972C9,Cajamarca,Nuevo,2026-08-17,1,1
2990,2988,C-02988,91D52F7983F6BB62E102B5EF26C363DB8AC3083D53D0B9ADBBF02DE05ECB5351,Cajamarca,Frecuente,2026-06-25,3,1
2991,2989,C-02989,B4D60C222749B3F0F28CAF2733A96039E70CECC033EA587443731347DDDAC670,Cajamarca,Nuevo,2025-11-26,10,1
2992,2990,C-02990,A9F25DF0728B75390E1E769E3E14840B700361EC07D3659157918FF7C4496751,Baños del Inca,Nuevo,2026-01-21,8,1
2993,2991,C-02991,0BDD32779B1C5B0CAAB4B55B1CD46435CA2B6C2756511F3A04757786DD19E351,Cajamarca,Nuevo,2026-06-06,4,1
2994,2992,C-02992,92937699F9C20D3E3B99266948535E4FD86910A651C4D83670406AD9802AF9BF,Cajamarca,Frecuente,2026-03-13,7,1
2995,2993,C-02993,9B062463E166CE2B043142EEE929B1825E9B2BB2280AE0625DEEAE7139FD0C77,Cajamarca,Corporativo,2025-06-18,15,1
2996,2994,C-02994,844E2A82B490AE1AB827D387DB52C3DA0FE78BF90F342BB3846D06DC29DAC56E,Cajamarca,Corporativo,2026-06-11,4,1
2997,2995,C-02995,573540FB9A99CC0AE6C112D71487E97FBF8EE50890605396D83E42921CB96B89,Cajamarca,Frecuente,2025-06-18,15,1
2998,2996,C-02996,AE22D8C42A24ACE555D8D707694541CB10F1734178198627363A8C56394281D8,Baños del Inca,Nuevo,2026-06-21,3,1
2999,2997,C-02997,52346E67302FA46AF05136D782618E287C48F08627A6FDDF7E4A790B75BDBC7A,Cajamarca,Frecuente,2026-02-05,8,1
3000,2998,C-02998,CB9640224C5E1202604C7B1E30444BF57F096BA4E4B3EC35E943170A76EA1AEC,Baños del Inca,Corporativo,2026-01-26,8,1
3001,2999,C-02999,076D96D0F6FE801C6351D9E9EEE235E4CCB320CA531764DA9C0506DD2177379B,Cajamarca,Frecuente,2025-09-17,12,1
3002,3000,C-03000,046F4C1D9379A1C40A6CFDC83665971A2CA40599CD3DF504F60F058C458CCE9F,Llacanora,Nuevo,2025-06-26,15,1
3003,3001,C-03001,D0F4A7B414079FF8F8E56EA85C51C0BAD12632A0819C1E3B2816C8B91DA83136,Cajamarca,Nuevo,2025-07-10,15,1
3004,3002,C-03002,1ED27BB815D338A271AA2470C2BECD114C7D434AAA68C3F8D7B324B2A3B1D57A,Cajamarca,Nuevo,2026-08-07,2,1
3005,3003,C-03003,86004D02D0EDC82DCF52EB5C079C9FA03E9243994358BDE603C9BFA705633E87,Baños del Inca,Nuevo,2026-09-13,0,1
3006,3004,C-03004,95BC6B8B7913EE7052DF2D3F2A803DE8F61BF36867A28C083DBD6225EB7073D4,Cajamarca,Nuevo,2026-02-09,8,1
3007,3005,C-03005,DDBB73597CCEE671B8511EC8E1799712F79424D6FFD0CE76B6EFC8D161EF1A64,Llacanora,Nuevo,2025-10-26,11,1
3008,3006,C-03006,FAAC3138A6449B4C9FB0D653F441D41BABB3A29FFDA01B4DC0478729DC0CDA07,Cajamarca,Corporativo,2025-10-08,12,1
3009,3007,C-03007,5CA8750D683DBC9544ECADE203D7A9A46DDA2BDE0B7D159CAA8C8DC5DD2843FB,Baños del Inca,Frecuente,2026-09-04,1,1
3010,3008,C-03008,CB9A02A84051B2759EBC184FD7F9E3473FC34DDF1C43AB385FD481086B977E5C,Cajamarca,Frecuente,2025-06-10,16,1
3011,3009,C-03009,576A3B4714A596111761BCF018D098051E7CB309CBF8C2EB0EF9A6EB778C311C,Cajamarca,Nuevo,2025-11-18,10,1
3012,3010,C-03010,141E8605BB15CF55657E51BFAE325E638260F98A4093847ABD2C814E829AC6DB,Baños del Inca,Frecuente,2026-07-04,3,1
3013,3011,C-03011,B79772F02DFB0245B1B7C6BDD5A046D1790CE7C8D80976D9C19E5F9D6D3B5C2C,Baños del Inca,Nuevo,2026-01-05,9,1
3014,3012,C-03012,C8CE06A9903020DF3FE8532EE4654FC20836E1B61560BA2DE42BC74B31A29A15,Cajabamba,Nuevo,2026-05-19,4,1
3015,3013,C-03013,70FB4EDBB4E8AFB423B4FDE08382ACF86D26ADDD05313F2C44B8BA230D0FE57D,Celendín,Nuevo,2026-05-29,4,1
3016,3014,C-03014,D4E882582B1E39C3009543FD232005AD344DD3A6B1CE5B8E958B1D1A68986F99,Celendín,Frecuente,2026-02-07,8,1
3017,3015,C-03015,8596A6A8B6E8A044ACF9859CCDFF25D109EC0B90C6DDE34ED8F07DF3A4C1D09E,Los Baños,Frecuente,2025-07-22,14,1
3018,3016,C-03016,9B0F24F1176B1292320D2541B94B226A76A373EC6A7EAB33F4AA94AA64177EBC,San Juan,Nuevo,2026-03-13,7,1
3019,3017,C-03017,85C061C06985E129D8BAD91BB3B91D85C0A0D9D338863B445C98ACB292E3C79A,Cajamarca,Nuevo,2026-06-10,4,1
3020,3018,C-03018,C952837A14CE61EEC37261159EF662386AF5069CA4C75B899FCA4C21E2C58527,Cajamarca,Corporativo,2025-09-13,12,1
3021,3019,C-03019,95C26EBA5A48AA18465FC4046DC6507AF06778B569BFB302C78827264D3AAAFB,Cajamarca,Nuevo,2025-07-19,14,1
3022,3020,C-03020,6E896513888DD3E8C7CAAE5F742E364EF1922589CC734262A55FF289469CDEC9,Cajamarca,Nuevo,2026-09-03,1,1
3023,3021,C-03021,4BB3F52557AC5225F80813788AB65837E598A30D3EECF09F129EA83058661A44,Jesús,Frecuente,2026-02-06,8,1
3024,3022,C-03022,E4126DAB50A774C4106524DBAF7E793E0EA8FD9E78FF9BBF47D384788F1A4492,Cajamarca,Nuevo,2026-08-05,2,1
3025,3023,C-03023,98FCC7A64080E869E89C192186AEA8CF6E701872C20007EB0A9E9169A5BE5BB0,Namora,Nuevo,2025-11-29,10,1
3026,3024,C-03024,33C3190DA50F4B382ABC45B0D2C41061DCC740F5D939E704A81EDBACBD541876,Cajamarca,Frecuente,2025-10-10,12,1
3027,3025,C-03025,ABB5DA9F0E83A3713413F3C39B5601D530D8B0F94AAA42C6421A496895109511,Llacanora,Nuevo,2026-06-15,3,1
3028,3026,C-03026,76E1D717C36F8D2FAA6113A0BCDFA39CDF6FD7FACCB436D28D2796CC3730D147,Celendín,Frecuente,2026-07-15,2,1
3029,3027,C-03027,F1889A8781F240DF8763F7FC339C4241589D825A1DA33180B19F522F36285D06,Baños del Inca,Nuevo,2025-10-20,11,1
3030,3028,C-03028,3B638DC4390BE65CDAD8C1689C094A5C55DE0301D34C70D47E071F0F6E5F7CBB,Cajabamba,Nuevo,2026-02-25,7,1
3031,3029,C-03029,831D4BEA7776778731E1293480F2BB3DB6950FF25F36C2963B0AB661CC13360F,Cajamarca,Nuevo,2026-09-03,1,1
3032,3030,C-03030,B2EB14056F3DA550CF6838CC247872D766B2163AC06AC9DE20F4EC1033C511B6,Magdalena,Frecuente,2026-06-15,3,1
3033,3031,C-03031,CC75B9A790EEB864FBEFC77A44FDD3E220056D744C03B4F61F70DCADA025EDED,Cajamarca,Frecuente,2026-04-02,6,1
3034,3032,C-03032,ED8BD180D4510ABF36E063B6ABF810DBC268698C428ECB7A3AD3B6C24628C3DB,Jesús,Nuevo,2026-02-20,7,1
3035,3033,C-03033,0ADA4B7D14C9AD4A38AAA028CB50F1B39C84DC5EE1E59BA126142C76C802EEEA,Cajamarca,Frecuente,2025-08-16,13,1
3036,3034,C-03034,CDC0FF3599DB7E7B4D2DCA9725B7E48DD4371E4C69D4BEC2BC11F5D193250857,Cajamarca,Frecuente,2026-02-17,7,1
3037,3035,C-03035,3004BAA243E3AD065985FD7464AEA79923290BA25E48831AF8BE793BA0894B9F,Cajamarca,Nuevo,2025-12-15,9,1
3038,3036,C-03036,5FB24E20B757C3A2C511BAC73948063814F31D0559559094B30C72CC5F74ABA9,Cajamarca,Frecuente,2026-04-17,5,1
3039,3037,C-03037,6443E6477CCF61C7428EEDD23D8B13B851CD6E54BDD7739872624B6979C7C16F,Baños del Inca,Nuevo,2025-07-06,15,1
3040,3038,C-03038,,Cajamarca,Nuevo,2025-08-15,13,1
3041,3039,C-03039,E1FEAE52B5A6E1AE0B28EA072988838075693A988741C9CC99DDBD9C6FC319E1,Jesús,Nuevo,2026-07-04,3,1
3042,3040,C-03040,656101B5B9A9ACC949C8C70DDF4AA8CD088A2DD5099EA73D95941B0D49CC1063,Los Baños,Nuevo,2026-07-24,2,1
3043,3041,C-03041,50778B2DD7B5F52CCE31E57A077632C1E517DF401BE9F73E7909A00623740017,Cajamarca,Frecuente,2025-09-08,13,1
3044,3042,C-03042,385274C7165FD50CCB4499868045225ABA4208EF9260D821418B7BEFE10F51F6,Celendín,Frecuente,2025-11-28,10,1
3045,3043,C-03043,C314F15F64528037C8283B52275D2D20D06446A01CB32D07A1BF2C95678FC0D4,Cajamarca,Frecuente,2026-05-09,5,1
3046,3044,C-03044,802DFE9B3C6B13E1A1C5B085F5BDF017307ECB06EB66F6201755AD48AB07F3FF,Baños del Inca,Frecuente,2025-06-27,15,1
3047,3045,C-03045,1423048D38606B7EFBC0C440744B0171E2F24EA329CB934B40BE1E5DC684E76A,Cajamarca,Nuevo,2026-01-25,8,1
3048,3046,C-03046,D64428DC8721C3F1727E65E1E5BB44025DA3794BB808D1A06E8F4B702A1E8627,Jesús,Frecuente,2026-07-19,2,1
3049,3047,C-03047,75A0E1E30A77EEB6FF3E4E6F67E460F39DA5C206B66CB72913AE2A9991AE81CA,Cajamarca,Frecuente,2025-10-10,12,1
3050,3048,C-03048,8A7588AAA7507F5CA4F49B7A01E11C77AA2A94DCAD99A3607EC9235CF4C10BC4,Magdalena,Nuevo,2026-05-10,5,1
3051,3049,C-03049,D554388BC8323868AD502A1AE2A32F101585EB7BD48F7676E3DC9917D2079CC2,Magdalena,Nuevo,2026-06-02,4,1
3052,3050,C-03050,4D45D1A767D95CDB7C25DF51212D45DD15148824DCE63A5B4AF4B99BFBEBFEF7,Cajamarca,Frecuente,2026-06-20,3,1
3053,3051,C-03051,FF3F9C7F65C8724713AF7F8C97CCAADF4E9A0BE005F3B31D197BD4F469AED698,Cajamarca,Nuevo,2025-08-16,13,1
3054,3052,C-03052,C09C2F3086E2CB630A2D184356D090AF1E905E5EF50C63609487F226C73A3450,Cajamarca,Nuevo,2025-10-19,11,1
3055,3053,C-03053,324381FF851F81B85514548D22601BD8476B3575535B408CD0EBB0089F51F1EB,Baños del Inca,Nuevo,2026-08-22,1,1
3056,3054,C-03054,D2B8F30AFDE987227BDD9D5C3F64E6F7AD9D4C538C4817DA5D00284902C3AA60,Cajamarca,Nuevo,2026-03-22,6,1
3057,3055,C-03055,71711A3E056BCE16B1B63A576D4C10E6DE8D952E68301418CA8DF9A64A84CC54,Cajamarca,Nuevo,2026-01-28,8,1
3058,3056,C-03056,7A1D3AF34DE2348CC87E1D7D6ACD9F026ADC1B0BDB3D0D92D1A692B5150596D5,Cajamarca,Frecuente,2026-01-07,9,1
3059,3057,C-03057,51543136D373C237D7D7A0A7BAEB6418F956A3421C643C823CA740F761EE1926,Cajabamba,Frecuente,2025-09-13,12,1
3060,3058,C-03058,CB3884D4FA9AFABAAFEA5081D2898476185B1ED22708493EC5AFD6A47BDA0F30,Cajamarca,Frecuente,2025-10-31,11,1
3061,3059,C-03059,6CD50DD258BBBD5F4974DB49898FA308C678EC905DA17D9E54699F66FC81B0CC,Jesús,Frecuente,2026-04-21,5,1
3062,3060,C-03060,7000205B3EB447AE1ABD7D7210E5DC548D4B45124FAC762788376026FAEFE381,Cajamarca,Frecuente,2025-12-31,9,1
3063,3061,C-03061,26DAD2C7DE5DD644D15C64B3EA6B6B0A10DF784D660E6C4E6F4E3346F7DDFA73,Cajamarca,Frecuente,2026-06-12,4,1
3064,3062,C-03062,9F945B13B8BD3403758E3F87CC9D7ADE31A0229E5361355AB1B4ADD487C3A61D,Llacanora,Nuevo,2026-05-08,5,1
3065,3063,C-03063,3479D688A420D48AA12A636C7A0ABEDAA64D2A60B596E127264E85E9A108BE7C,Magdalena,Nuevo,2026-07-02,3,1
3066,3064,C-03064,3CFFB41824AEB6DFE47E781EAD255FBB9887668CD6BD81243392388B5574EEB4,Cajamarca,Frecuente,2026-05-09,5,1
3067,3065,C-03065,B96EFD271E0E3D1EE5FBA306B9EADD3A50A5E53981024BE6E349519AB6BBC84C,Cajamarca,Frecuente,2026-02-10,8,1
3068,3066,C-03066,B8C4405C14A280D260D9C64C69D50A5E4B7A30C5A67C3FA8C862880D6E1D692B,Cajamarca,Nuevo,2026-06-04,4,1
3069,3067,C-03067,AC5CF0DC6E9D13D0C7BE54DE2E66529ED2A6395BC33086912D3A4931E0C3E47D,Baños del Inca,Nuevo,2025-07-13,15,1
3070,3068,C-03068,EB0AF24C349F3C8D4711273702260B704BF6D8A76BDF434AE74A7F5C71405AE3,Cajamarca,Nuevo,2026-01-15,8,1
3071,3069,C-03069,895238197357E42DFB33A9FFA22396607E7424682304AC0C2B724312D97B8B58,Baños del Inca,Frecuente,2026-07-21,2,1
3072,3070,C-03070,8EA66C9C91E4ADA109411E34BD8912F26BDD812E944B967CA44FF4F6DA5F3B84,Cajamarca,Nuevo,2025-09-19,12,1
3073,3071,C-03071,E339E33F8D5C75EFC17CD40471410A8B9230649215DFA72E7280E0260D8C0490,San Juan,Frecuente,2026-04-13,6,1
3074,3072,C-03072,E333169D7077B8BD0514EFB615DF7572357B2EBEF36ED4B3E7E271052ED2EF77,Cajamarca,Frecuente,2026-08-25,1,1
3075,3073,C-03073,608AD6139B1FCC8291742B8127439E5AD11810AD402BD83F99CA9E676D926CF5,Magdalena,Nuevo,2026-02-16,7,1
3076,3074,C-03074,4C972FA3E03E650CB08CD1E627D7D5C27D128BEFCEFEA552928222F5CD8609E9,Cajabamba,Frecuente,2025-10-29,11,1
3077,3075,C-03075,09EA4C6DAE3EB596C440287738CB839C058BB678839851B63B8EB1B4A760C2CB,Jesús,Frecuente,2025-09-22,12,1
3078,3076,C-03076,E4FCB7477F61150155E8250BCF16ED7126B6D51FDE6222C907A7243824AD55EC,Cajamarca,Nuevo,2026-07-30,2,1
3079,3077,C-03077,59DEAC84E9BCF7707472618D3B779546F25C25E43705AE6F5C4477002DAA6DAB,Cajamarca,Frecuente,2026-05-13,5,1
3080,3078,C-03078,CECE622C9430B2C3C97371712406721E8CA609977E1322A852473257AB704547,Celendín,Frecuente,2025-06-06,16,1
3081,3079,C-03079,E637AAB23C0A9A44C24C2992B03E2DCD7320AAD53FDAE14AA339A2F69770656F,Jesús,Nuevo,2025-12-29,9,1
3082,3080,C-03080,716A9458C0EB08CC0E36791C9E356F8D17E90D894C84F2595029EC0C3C8B213B,Cajabamba,Frecuente,2026-07-12,3,1
3083,3081,C-03081,CE9802CCE6AA0EA3190A474CB996FEE847FF6FD96135571FF25956BBE5FABB9C,Llacanora,Frecuente,2026-09-03,1,1
3084,3082,C-03082,998D490B128159E0B14F10D79188DAD14C6F870F901960D5E54AFA23B25A2642,Cajamarca,Frecuente,2026-06-18,3,1
3085,3083,C-03083,AB264166E19217EB07775920C55054364446159C52CD7AB98FB33A94F5C7EEAB,Cajamarca,Nuevo,2026-03-14,7,1
3086,3084,C-03084,974AE2428EDC037E80C55431C9B488514C76F394242D66156699818F4D39C1E1,San Juan,Corporativo,2026-07-11,3,1
3087,3085,C-03085,AD678C86896D8AE187CE65EC69EDF16570B301C6DB4792DA5E70518B00D9F896,Cajamarca,Nuevo,2026-07-18,2,1
3088,3086,C-03086,7032F2443025F02683AD1DF9EEA7231F9D7C2F814F328D5E23DCBA099F77C8C2,Cajamarca,Nuevo,2026-05-07,5,1
3089,3087,C-03087,379CD570CA462C65BEACDE1A1FEA91FC8E1142E09FD1D7816D4AC92B5EE770C9,Cajabamba,Frecuente,2026-09-09,1,1
3090,3088,C-03088,C18C251922D085592029DA82D0A63348F2F73588189913800342FB8AB2DEB02D,Cajamarca,Nuevo,2025-10-04,12,1
3091,3089,C-03089,C012754B9E6D7BE9814DD1076B4EEA615BCA3952025E5D714E83FD25EAE254A3,Jesús,Nuevo,2025-08-16,13,1
3092,3090,C-03090,3ACC1BF3D25C56BF788C26DA9B5E5DC6504D3E0F10C4972B4490674E6C4F3E16,Cajamarca,Frecuente,2025-08-31,13,1
3093,3091,C-03091,01A91DCD13B758777A1F0A615100C6CC0FEC10B1E9C8B7B925D2DBCB6A323CA8,Cajamarca,Nuevo,2026-01-01,9,1
3094,3092,C-03092,489D3C14D20779B36D07AA2E79C1F6E613E9B79251005DF4165233B3AC8A3682,Cajamarca,Nuevo,2026-06-27,3,1
3095,3093,C-03093,E1FAD27A9F45EAF38AE98656F87E36FF51C5D304027DFFB6FAFCD07E0D78DE36,Cajamarca,Nuevo,2025-06-11,16,1
3096,3094,C-03094,1CF7948FBC6F74326DBEE843858E20C3A423795FD79C219786B5628ECD2FB6F0,Baños del Inca,Nuevo,2026-01-03,9,1
3097,3095,C-03095,081748E67EC17066A80F9A25658F66A3E0AC8E0C07DE64126ED40570784E091A,Cajamarca,Nuevo,2026-03-15,6,1
3098,3096,C-03096,462ED685C575C7F668E5B043AFF7D0BCB44575259C51F98F9093E7771209EEF4,Cajamarca,Nuevo,2026-07-27,2,1
3099,3097,C-03097,27B0BBD34E3338F26DFA899176BFDD4F34FB2EE782BFBA572DD5C1A9918B3096,Baños del Inca,Nuevo,2026-03-06,7,1
3100,3098,C-03098,AADE1C274687817F70DD4C4BF81C181458ADCB1BCB41799479E1D8F4C35CD63A,San Juan,Frecuente,2026-06-18,3,1
3101,3099,C-03099,E31422FC08B1FED1CECF432F246A1C21571267CB6532965B0831952BA4F27004,Cajamarca,Frecuente,2026-01-30,8,1
3102,3100,C-03100,AE57F87F33419A1AD99CBF3CB6AB208C58018BF7BCAC530AC9EB26F46FDD30FF,Cajamarca,Nuevo,2025-08-09,14,1
3103,3101,C-03101,CA44B145FD5ECC2BD5B610D78ACDD4DA30B55B06C3217AF2BA5A3966B49B9856,Cajamarca,Frecuente,2026-01-31,8,1
3104,3102,C-03102,2139C5D9A04CEA8848935C125B8E84BF7A588E3C63762098AFDA933D570C66B9,Cajamarca,Nuevo,2026-01-09,9,1
3105,3103,C-03103,94C7A0CB7595156EA9B50971BFDEB09B320D97363BA8221D38CE9620A385BA73,Cajamarca,Corporativo,2026-08-23,1,1
3106,3104,C-03104,E368C878A96647486F588175201EC55855109BA1956F0BC6E4F20467C7549D7F,Cajamarca,Nuevo,2025-08-10,14,1
3107,3105,C-03105,D485507EF3E053BF51E504AC99B9380D36984C93E47C5DE649F46941BC2D42EF,Cajamarca,Nuevo,2026-08-09,2,1
3108,3106,C-03106,A0FE5FB2B4324CE8DAA690FBE3BE0FC168319FAC21634132DCD012A2D2CD30E0,Cajamarca,Nuevo,2025-06-21,15,1
3109,3107,C-03107,2ADACD54922949B0DD7C71E2BDD009BAF0545325116472FD0920F4DDE6E6FEBD,Namora,Nuevo,2026-04-07,6,1
3110,3108,C-03108,68DE5EB6B74E30300147C2479FF7FA85039E383532D40D6ED38EB69E27C6CB16,Baños del Inca,Frecuente,2025-11-19,10,1
3111,3109,C-03109,5D2D7F70B904A48ABDAE46A21451CC7EFC63445B61ECA386975448F0654CB18F,San Juan,Nuevo,2026-01-28,8,1
3112,3110,C-03110,5106823D0F52607C18190E77ABAAA38857E3C5207E018218BA1B9F69D1F9C64D,Magdalena,Nuevo,2026-01-06,9,1
3113,3111,C-03111,BA17B1FE99E7F3A3421E060132294474E67DCE80C2663E82E8828C584CA1369B,Cajamarca,Nuevo,2026-03-19,6,1
3114,3112,C-03112,7A546ED8D33416A031389E916C7C3C4C692D82A3A689C695FCEBF771B804E934,Cajamarca,Nuevo,2025-09-20,12,1
3115,3113,C-03113,27B54A5D9302AA35F2530955C7EEA737080F4291667BA0CC23CD24EF348A7519,Cajamarca,Nuevo,2026-08-28,1,1
3116,3114,C-03114,96AF7DDE57207EB8C6C8654DCFAEBFC517CF5AC01EB0E69F387745A213529396,Baños del Inca,Nuevo,2026-01-08,9,1
3117,3115,C-03115,20F89FAC46A10E7FFC80AD3895926A104518CF03F4ADC15192BF1A59B1B3C550,Los Baños,Nuevo,2026-05-13,5,1
3118,3116,C-03116,87CE7B4EC8A0F8A008F633F5579EA4C238E082F59D20E00152AC2C60A2E25678,Cajamarca,Nuevo,2025-11-08,11,1
3119,3117,C-03117,DCA7A26A380D5224ECBE468E2C7CAF6395784D7CD6C5BBE1DAE7BECC88CB94FA,Cajamarca,Nuevo,2026-06-29,3,1
3120,3118,C-03118,25BCD120CFB4B12E74D9FA12B89448CCECF788D29FF944821493ABF37F5BDD54,Baños del Inca,Corporativo,2026-07-16,2,1
3121,3119,C-03119,21AC1392822EDF5B256E129CC93395DDC65FF6A0481ABD7397D9214DDAB56774,Cajamarca,Nuevo,2025-07-08,15,1
3122,3120,C-03120,603BC730C4312C11642B2651DC24E63BA4F60D073EABC02EFCF272E6FB598919,Cajabamba,Frecuente,2025-08-30,13,1
3123,3121,C-03121,BB24AAF466EEDFD2CE0CC5256DC78CBA7C4541223AACF0D40441C414C6797015,Baños del Inca,Frecuente,2026-02-03,8,1
3124,3122,C-03122,108C69FB48D636D3F8F6FE0D74275D7C0BED741B3758C4604AD34567047A2AD7,Cajamarca,Frecuente,2026-03-31,6,1
3125,3123,C-03123,8E02BA7353D3641A1D819CAF75932CC4DD0E0FCF581FFB21AB3C6F0CDF996BF7,Cajamarca,Frecuente,2025-08-22,13,1
3126,3124,C-03124,90B641588B2E36F241723AD4CAA3701FD6AC56D5332D7373C7A0C2B85275C69A,Cajamarca,Frecuente,2026-03-27,6,1
3127,3125,C-03125,C72F010F91016E67C3FEE3391FCC37C4ECCADA8DCFBAFF98285EEE7473758531,Cajamarca,Nuevo,2025-09-10,13,1
3128,3126,C-03126,7C3D0647C4F0E8618B7E1A113597D3A84A738D056546FA5C3C3A30EEE23E534E,Baños del Inca,Nuevo,2025-06-14,15,1
3129,3127,C-03127,58055EEF5D39D844A27675C0F110839772A877BB019DAFA8B13C12C9B733F0E4,Cajamarca,Nuevo,2026-08-14,1,1
3130,3128,C-03128,A00C9449FAA1AE91B6D183DC5F1F56D7839975A27964A3D767ED09D51E200D05,Cajamarca,Frecuente,2026-08-03,2,1
3131,3129,C-03129,9E7FFAEBFC2221401BE96FF4F8FA1FE7BCA7E1F86E01079E7D2EDD09AD8AF7E7,Cajamarca,Nuevo,2025-08-05,14,1
3132,3130,C-03130,58F1945552805907ABDD199F8A5B32D5E604471824CE51615E8A47E1170436CF,Cajamarca,Frecuente,2026-01-01,9,1
3133,3131,C-03131,04A18E1FD38C0E9D287D8D9F919009883BC4D9860D664DD97F62C9584875133B,Cajamarca,Nuevo,2025-08-15,13,1
3134,3132,C-03132,86CB31010B609408E698FEFE36B13C2FCF5C8169EF4026BE122DD0EF29D1BCEA,San Juan,Nuevo,2025-08-17,13,1
3135,3133,C-03133,F6057DD5469971D0683D5AE6C85BDA0D7DB2A248B9A74A47427E65CE5A23B849,San Juan,Nuevo,2026-01-29,8,1
3136,3134,C-03134,333DAE108290FE50D3DF613F5DD9A2CAE69DB2CBB264D22CDE933831385DB139,Magdalena,Frecuente,2025-12-22,9,1
3137,3135,C-03135,0147C935D8B63DF2FBFD017818C74A833B13F52FBF719A7101FB5311C232A1CD,Baños del Inca,Nuevo,2026-04-19,5,1
3138,3136,C-03136,DE5991BE8CF8F4061BDBEB505A9845818F4E397DC5D7CDC5EBC6A1C170DD2368,Cajamarca,Frecuente,2025-07-16,14,1
3139,3137,C-03137,5D1BD1CD4E5B26435CA8AA19E72457BDF5C415B23C8EF9F22D231ED5B40F9CD5,Cajamarca,Nuevo,2026-02-21,7,1
3140,3138,C-03138,9D16BF76F267F7D45351D0BCE970654EE05C35B7847A553151C5E09F3B24BBEE,Cajamarca,Nuevo,2025-06-13,16,1
3141,3139,C-03139,93B9B0F3ECE6B2B0A89A040EE5EB1C4FA49A210A37A41562F8B1F024DB7C255D,Cajamarca,Nuevo,2025-10-04,12,1
3142,3140,C-03140,F08DC9685D97AB40BD135A03FE483E3BE6673D0909FD7DCA9F66B2027C51D24C,San Juan,Nuevo,2026-05-27,4,1
3143,3141,C-03141,C1565D489E6DAC663C77BB3B8E321AB6F9A801E0D2093EFA148F4828A0B96A85,Cajamarca,Nuevo,2025-10-14,11,1
3144,3142,C-03142,746147E8E164B9481C28A87F1A666407D29749391105ED8DA0FE8C392ECD0356,Cajamarca,Nuevo,2025-09-26,12,1
3145,3143,C-03143,913EE0DC2A49C2BE0F0294E06CC10BD8DEB3D968313CAD0AE429776F5C3E3DBB,Cajamarca,Frecuente,2026-06-29,3,1
3146,3144,C-03144,75A5F8BEBF3964BBEFE3EA912AAC4569922568075F9DD5FAA3A753717E041398,Baños del Inca,Frecuente,2026-03-05,7,1
3147,3145,C-03145,798D6CE2AB473B570CB48E5555FDB3F73629DE2913EEC2D0039FDA480D8E5A70,Cajabamba,Frecuente,2026-06-27,3,1
3148,3146,C-03146,B53422CD3DFB2783849A87E2553B68A2B1E84C922D38A7E39431C058C6E2050A,Cajamarca,Frecuente,2026-03-21,6,1
3149,3147,C-03147,0A5F23772B3E4185360EB23B8E06B0F85080570A4EE13F215283710AE9A0352A,Cajamarca,Frecuente,2026-02-27,7,1
3150,3148,C-03148,6CFABC21927CBC1DAD5C7B13AD00775E1DD6A789111D99C9B22D7F092F3F7AE5,Cajamarca,Frecuente,2026-05-26,4,1
3151,3149,C-03149,40DB6CC9D3D9657FC2E693C561A2FDBFDA4E40AA60200ADE9FA91A6A1CE2851D,Llacanora,Nuevo,2026-01-28,8,1
3152,3150,C-03150,C4DE1B920BB5F57A83BEDF401D74536C43475CC89801BC4A83419496DEE6BC61,Cajamarca,Frecuente,2026-09-06,1,1
3153,3151,C-03151,A73EF2715631C17B3D1FEA5B713D64FC5AD7E67F15B138EFBC8F7EFBD23191E3,Cajamarca,Frecuente,2025-09-25,12,1
3154,3152,C-03152,61D0339FF51AEC8BE91B6C7E1B728BD07E85F90226BF93C865AF4E28EA7D94D1,Cajamarca,Nuevo,2026-08-07,2,1
3155,3153,C-03153,A3B775A8F549601F3B04390676884737FEF83E42FD91B91A10BA5D9ECAB711A8,Cajamarca,Nuevo,2026-05-27,4,1
3156,3154,C-03154,038637DFD03DC931DE538BE057356B10CC03386B78D9CB15686A62FE416A1931,Llacanora,Nuevo,2025-09-03,13,1
3157,3155,C-03155,5DA42CE2AD310BBEB3DA9452226D8C125138EA5296094FE505E63D5CDB20E739,Namora,Frecuente,2025-08-25,13,1
3158,3156,C-03156,BBB1B0A348121A94588A8612D6E8EFECFFE18E8632474F9E1C38B6AB1976EE38,Celendín,Frecuente,2026-02-21,7,1
3159,3157,C-03157,0CBA80905A18DA9659D24DD4B05262814ABA32D4D58CFF9D75A0187BDB631B9B,Cajamarca,Nuevo,2025-10-03,12,1
3160,3158,C-03158,8C7960FA6CCF0D8339E04971642186F08805905D110B07ADBB150185071E443B,Cajamarca,Frecuente,2026-07-19,2,1
3161,3159,C-03159,89AC67EF4528E3566C90A053D3BBEDB08511EE864B5A35365ADF935A06B26229,Cajamarca,Frecuente,2026-06-15,3,1
3162,3160,C-03160,58C4C6A9235E89118CA4D3EA1EE9EE251F69CA511B8117AAB4613461A9037992,Cajamarca,Nuevo,2026-04-23,5,1
3163,3161,C-03161,561F3D68D2C12F83AA7C53E19714FD03D2AF2485BCF3A810C5C9E21F8B1B5FDB,Cajamarca,Nuevo,2025-09-19,12,1
3164,3162,C-03162,13E70C9BD01F1E0ADFDB41609E5E151DF6DB4EBD244539E6DBAC46B484F56C1F,Celendín,Corporativo,2026-07-28,2,1
3165,3163,C-03163,A8D5DD5F88C0DB2FE183DF20D3101B22C05DD738EC1AB2ACC829443D6EF9873B,Baños del Inca,Nuevo,2025-07-05,15,1
3166,3164,C-03164,5F4C4A69A434C8A2DFA424FAF67330512691DB5C6CC0C2DF3A1F63BBE04BDF1E,Cajamarca,Frecuente,2025-07-29,14,1
3167,3165,C-03165,634568F5FBA8B3ABC083605950B8B36568BD3C01BFE413638D73E79E5863B41F,San Juan,Corporativo,2026-08-11,2,1
3168,3166,C-03166,951FF34F643B1F0BB55D4DD69CECEF8A0A0F70231A46888F46DE49E4744AAE26,Cajamarca,Nuevo,2026-02-13,7,1
3169,3167,C-03167,C0180BFFCF8061B2FCA3194BF42EB6596B259C5EA8DC5887A300389CB6FBD1F4,Cajabamba,Frecuente,2025-10-14,11,1
3170,3168,C-03168,5B8A2B5F92D3B19D621535332C8D0C8780EDC735B68F5AF74DE5E018D2DDB375,Cajamarca,Nuevo,2025-09-16,12,1
3171,3169,C-03169,9E2DF41586BC31A7C30CF1B42CC74CA42DC50D3A91AF512C86DFD831A042056D,Cajamarca,Nuevo,2025-09-29,12,1
3172,3170,C-03170,5DC390C081D9188D5DBF78B7D628BFB6A0864AD84D8379E338BCF38B92D9D898,Cajamarca,Corporativo,2026-05-03,5,1
3173,3171,C-03171,949DDD812BD6C921CF3E39F22CBA22B456194F3BA803024E7CE7C5AC6830F611,Cajamarca,Nuevo,2026-01-12,9,1
3174,3172,C-03172,883C456F471EB6B498DA47BC8E389224AC69765C2E854EC47C6753F419BD32F6,Cajamarca,Nuevo,2026-04-13,6,1
3175,3173,C-03173,BE9724173D83B24D76C94F5D8A9E090DF3F09A42BB37C5AB53B6C09CF9856B0F,Cajamarca,Corporativo,2026-07-30,2,1
3176,3174,C-03174,4C37CE30D02FCA0350C7D47A0DA565137A3D25F0837F530451DF26F8E7973B0B,Cajabamba,Frecuente,2026-04-14,5,1
3177,3175,C-03175,485A61A5B5FD5D85D79C8864F5987BC309019F120CA46B40C812302B913120F0,Baños del Inca,Nuevo,2026-01-01,9,1
3178,3176,C-03176,0CFF301744E0F8C4A6E794BB92DFAF2881BE3DB859381829299C7557CD828D62,Cajamarca,Nuevo,2026-02-03,8,1
3179,3177,C-03177,BB059782B36F78475B0196F55C978B3F33E8312D166CD30D8061CD61F18C55CA,Cajamarca,Nuevo,2025-12-27,9,1
3180,3178,C-03178,00D7025A088302ECC18B8143675BE9F545828BE36007B387DAB7BD7E53136415,San Juan,Nuevo,2026-06-01,4,1
3181,3179,C-03179,96CCC1199B95FACE987F2FF9608F8742585EADBC293CC2F38A29FD3AB7082D5C,Cajamarca,Nuevo,2025-07-14,15,1
3182,3180,C-03180,E8DF82671C9C295EEBDA26341D5A1785EDED280491950D9D2BF85C36D4FCEEAE,Cajamarca,Nuevo,2025-07-07,15,1
3183,3181,C-03181,F07311C04D3F48D799E3B38C6AA45993024CA472F7309F0B499B941F34688EB1,Cajamarca,Frecuente,2025-12-30,9,1
3184,3182,C-03182,F21F7450C420362C5425144AD73972790A4B5053F3DFB2B11745B0462D2B665F,Cajamarca,Nuevo,2025-08-02,14,1
3185,3183,C-03183,E926EAE48F68DE87D96B237B40532C2D75A730FF41D8897CA8A5D975F14E7FFC,Cajamarca,Nuevo,2025-08-02,14,1
3186,3184,C-03184,7596388B12BE7BDDE7F4F74001D483EC06E857D1A9ADFDBC3AC0D39926A9FC2E,Baños del Inca,Nuevo,2026-08-17,1,1
3187,3185,C-03185,240ED6B031F483703F9F77D21402BD751CBCC8A4DEA08A8FE53AD25B10C0CD09,Cajamarca,Nuevo,2025-10-10,12,1
3188,3186,C-03186,D9B5C2D00C8B9B1F8E3C40A8DD7953012ACF19A07A0146AAEFBE767FF3D19D33,Cajamarca,Nuevo,2026-06-06,4,1
3189,3187,C-03187,3CBAF90B8AE246C680EB0C39F36FE7D704D58AB2DCFC3DF3FE88CE96432E9580,Celendín,Nuevo,2025-11-12,11,1
3190,3188,C-03188,4AE97A61AF63977365C4E5EA88DEB06B68B6873B786A8A208C0CEFD30B1CA9E5,Cajamarca,Frecuente,2026-07-04,3,1
3191,3189,C-03189,B84BA10940354C261DDEE23EC7A4F5AEB7DD8622D18371E89F61EAFB1C67584B,Cajamarca,Nuevo,2025-07-27,14,1
3192,3190,C-03190,7F46A1833C2908C648DE224295B6FA495C1728BBBCE114CA05D1056A4C8A550E,Cajamarca,Nuevo,2026-03-06,7,1
3193,3191,C-03191,9D93EB3B2AE468252D9C7C18BD24D5FC1EB906BFFF7ECC12E422E500F6984DD0,Baños del Inca,Corporativo,2025-07-30,14,1
3194,3192,C-03192,7A7A1CAA969452A7AF3E590339065724C2C2465A6BDEC66F9312F61DBD56C4D2,Baños del Inca,Nuevo,2026-09-12,1,1
3195,3193,C-03193,3E852384B8929DD8B250DD3F8F6860DAE816891DCABC9514D6F610B2BD060A1C,Celendín,Nuevo,2025-07-31,14,1
3196,3194,C-03194,A1A5BE8BB75CF33A95788898E63563CBD772FFC3D575C2BBDE08A0324D163F44,Cajamarca,Nuevo,2026-09-07,1,1
3197,3195,C-03195,B3251062927A990D2D7B6161581117864D82490D1903681A4FE59F011F3C1496,Baños del Inca,Frecuente,2026-01-10,9,1
3198,3196,C-03196,2E5B7F45FF9258148FD7FE160B42B45FC617B1553286BFFB04C5C3C68D251CD8,Baños del Inca,Nuevo,2025-07-26,14,1
3199,3197,C-03197,6A2C52FC198F2E12661BA6A79D074E1BA4F8F57477D6F3867C5C71901F26916A,Cajamarca,Frecuente,2026-05-28,4,1
3200,3198,C-03198,915C069B0107F8149E41492B65643B1947A8047DFEA4A3F37C03969C86B32550,Cajamarca,Frecuente,2025-09-28,12,1
3201,3199,C-03199,45373D5BA6862B933CBDE44AE0BA2A954A7C7E81393611AF79F027690B90A8EF,Cajamarca,Frecuente,2026-02-27,7,1
3202,3200,C-03200,7DB8EA0263D044F0DECFFCD271EBF86B269EAD9FD443BBA81DE841D212E1F5EA,Cajamarca,Frecuente,2026-08-11,2,1
3203,3201,C-03201,80AFD205EF826D0F63D8ED1D60343AD57B7D468434B0D00FD6ED50AC763DDD09,Baños del Inca,Nuevo,2026-06-25,3,1
3204,3202,C-03202,B3693CD23645C4142A2F47D9A7A092CD19519651EDB453CF34759A54648423FD,Magdalena,Nuevo,2026-08-11,2,1
3205,3203,C-03203,021DE73CBB35FA76A17308FA8DF9C5ADE5AB3ABDA9A7DF0EE0564D67FA6E4AD1,Cajamarca,Frecuente,2026-03-18,6,1
3206,3204,C-03204,DBADC4BFAF853DCD71EEC7173D813EC9EA7E170C3EA0810FEAEE2058EF05AF27,Cajamarca,Frecuente,2025-06-15,15,1
3207,3205,C-03205,FE63A255D5C94E14BB554A81C4432EF7FF3F46E8CDDD2910CAE343E92D6081A9,Cajamarca,Nuevo,2026-07-22,2,1
3208,3206,C-03206,CDF93CE6A1931F1D10171C2BD2260A1B058CA78664D3785D4A1B648548DF5882,Baños del Inca,Nuevo,2025-11-13,10,1
3209,3207,C-03207,9A8932041126487FA8E58161B68E327A0A3D2AFBB79FB6C431342CDB089986B9,Cajamarca,Nuevo,2026-02-13,7,1
3210,3208,C-03208,693DE701E373137FC0D6AF780A598384FE65E9531B47DDE43AFEBA71AA181808,Cajamarca,Frecuente,2025-11-26,10,1
3211,3209,C-03209,7559DA4E84F8A67F69F7FD83F43F038F027A900EEE2F2D6289625C1F19CDF9C4,Baños del Inca,Frecuente,2026-03-08,7,1
3212,3210,C-03210,933F4493D90F455AAF2F3C7CCD1F2C9A9C000F79DC94918D7F1854C7E9A34208,Los Baños,Nuevo,2025-11-23,10,1
3213,3211,C-03211,701A6D3A8C422254788CD2276A495BAA34B0A42457331BF3612FF2FD95D22092,Baños del Inca,Nuevo,2025-09-17,12,1
3214,3212,C-03212,78647D90DBE639AC01931C6DAB50D6804F387BFA1C8DF5A107810FEC7D6BF0B1,Cajamarca,Frecuente,2025-10-28,11,1
3215,3213,C-03213,0A73536FACC1248532BC4F33690FE1DE5A295C3F5D30A8B6039C3CDAA19CCA4E,Cajamarca,Nuevo,2025-11-11,11,1
3216,3214,C-03214,F2A322DBE54764055F9166A27C0C9762434E2D001435107B330083CB4E593E4A,Los Baños,Frecuente,2026-04-05,6,1
3217,3215,C-03215,1F87C20D72BA1894A04713A78F3A26FC55690879DB099B19CAA2B9A7E7DFE4AD,Cajamarca,Frecuente,2026-08-13,2,1
3218,3216,C-03216,6DF117EE1C16AD06B09D4A3B88AAFC2BC931BBD01BF1CED62C2429FE8C99880B,Los Baños,Nuevo,2025-09-28,12,1
3219,3217,C-03217,9B9D1F269F9AA8322806F6496C809109E6349AB81FF6AADB61E5E331373D18F9,Baños del Inca,Frecuente,2026-05-12,5,1
3220,3218,C-03218,5E8C4227C396BE1BBAE8CD53D54F8B3CC2D655C601ABB7BDE7E18889DC82BC84,Baños del Inca,Nuevo,2025-10-04,12,1
3221,3219,C-03219,63FDE3D0514525A928C2C254648868694FB46B9B13A9C97F2D5234CBD5E79F75,Baños del Inca,Corporativo,2026-09-03,1,1
3222,3220,C-03220,CC89F30438551993592405B64C31E7131847AEC5B2189A18840825E59260EAD2,Jesús,Frecuente,2025-07-29,14,1
3223,3221,C-03221,8CCB6482B2FAFDA852347290F4BC2452C475C7407F8EE68977E8A0CB2ADBEF72,Cajamarca,Frecuente,2026-03-11,7,1
3224,3222,C-03222,6EC0C34FBE8AC47433F6B9197F062F29AD444899A61C9F4F30341C7681C8AE7F,Cajamarca,Frecuente,2025-08-03,14,1
3225,3223,C-03223,33270E39D924857599E2717A246D77AC068E553CE5D2269A21F2E337EBF229FB,Cajamarca,Nuevo,2026-09-01,1,1
3226,3224,C-03224,BA28632F5C5794161EB21611365B0587F62D1826F1DBCA2C5D69361CB81C356D,Cajamarca,Nuevo,2026-07-23,2,1
3227,3225,C-03225,739619CEDDE8435384B7F42744400ED7D234A37C94806D9F5A7B4EBC3DB7FE32,Cajamarca,Nuevo,2026-05-16,4,1
3228,3226,C-03226,7962A3B61047AA7526EA714EBA0C4B6D2A0ED765D9DC4D42EF95305F3289C704,Namora,Nuevo,2025-08-21,13,1
3229,3227,C-03227,6983A2AD6B2E50EBDE2F5E3DA706FEA476A712BFCA673D3C0ACA772AE907ED1B,Cajamarca,Nuevo,2025-10-09,12,1
3230,3228,C-03228,C2F3839C4365988B8E5CD84E277D8F2E1B4AF128DD05DFD45EBE6B3E67CAD7D5,Cajamarca,Frecuente,2025-10-01,12,1
3231,3229,C-03229,A7385878EEA0862733A68FE4CB798A6AD61A766F66404B1F8CCB6BDFC5ED6CE9,Cajamarca,Nuevo,2025-08-15,13,1
3232,3230,C-03230,E6246DC978C38889AC1D6F47A9C768AF67768298FE9C30254A8DAFDFD0B0131C,Cajamarca,Nuevo,2026-03-04,7,1
3233,3231,C-03231,95246B0A0974B5CFACC7FE19C4A9FA7CF1EE56C22ACB8603BB557195ACCCD4AA,Cajamarca,Nuevo,2025-07-08,15,1
3234,3232,C-03232,48F2FFABEA3F7B4D8564DF5083842E7272FCDA67F577670E5BBD0E343474DF32,Cajabamba,Nuevo,2026-05-10,5,1
3235,3233,C-03233,416A62AB0FBA2097E4C2B5DD3F01BB6920B31F0057FD6025F5D1A2FA4B2DC562,Cajamarca,Frecuente,2026-01-18,8,1
3236,3234,C-03234,FD6D0CB74CF124727B5A54703298C31547E9B7F972600DB25685DE9AB9A0660D,Baños del Inca,Frecuente,2026-01-29,8,1
3237,3235,C-03235,E09EE102A2AF0905C3759AC0D48AAC87F76EAEDCAD7E74043F7664BB018DE2C1,Cajamarca,Frecuente,2026-02-06,8,1
3238,3236,C-03236,9066D633EA4D7C8312BB5F65A756E2AFDAD5651C4B74D51C48963B71993F8C7B,Cajamarca,Frecuente,2026-03-16,6,1
3239,3237,C-03237,237BFBDC14B9A6DC7CD8C60410A86F7BDC31019BE02361A682F80484F98F5F80,Cajamarca,Frecuente,2026-02-14,7,1
3240,3238,C-03238,439E95D96FD23DAB13ED56DF9FDED52743930AFFE75E7E54C3B86B0F0AE4CAA6,Cajamarca,Frecuente,2026-07-09,3,1
3241,3239,C-03239,61F9B0D2E8A4F7C00D682C9343BFCBB04007472F768737535941BE82FBA158CB,Cajamarca,Nuevo,2026-06-20,3,1
3242,3240,C-03240,E51A25F8F955D4882ED36762F32FFC25BBC76AA28524447DC7C46DE65E4AD74E,Los Baños,Frecuente,2026-06-06,4,1
3243,3241,C-03241,AF4459EFAA1D81D42C5C30E4F632CA956C7D1A23AE1C8B7AF4508906FE71BC86,Cajamarca,Frecuente,2025-08-20,13,1
3244,3242,C-03242,8AD2BB9D26FDABC0B044953D55905C6987264E1E94A01C067474A23EF3912513,Cajamarca,Frecuente,2025-08-02,14,1
3245,3243,C-03243,3809E71829013479E28646ACEAEE60C8562C5446620F1A0E4B31542486F88E61,Cajamarca,Nuevo,2025-09-29,12,1
3246,3244,C-03244,D0682F68FC1E36D7D5459F26243092FCDA2C46818FFBB0446B44D4E7271BB8E2,San Juan,Corporativo,2026-02-17,7,1
3247,3245,C-03245,565356298CC10FE8A6C23585847C0D2BB3D55F6AC7A7934331DAFE007FEB5BEE,Cajabamba,Nuevo,2026-02-04,8,1
3248,3246,C-03246,F595A77256397AAD4E47B8648B2E684F6CE53530C67CF93F07471C911D8EC003,Cajamarca,Corporativo,2026-06-16,3,1
3249,3247,C-03247,FB5DC77F27AA71AA47DF0132C2D16F8421FA937D4A13134B8306CDB0A780BF64,Cajamarca,Nuevo,2026-01-09,9,1
3250,3248,C-03248,3E689ACA95AB104272C0358283A57D3C75AB436FBF0DB9BD9BE1A05345C85BF2,Cajamarca,Frecuente,2026-05-05,5,1
3251,3249,C-03249,FDB9552C7E04146595962001830053CFD41DD799CDFD019782348688B9897451,Baños del Inca,Corporativo,2026-03-16,6,1
3252,3250,C-03250,A969C102732B23F10F88205F026B712CF40724F9CDE3F988A3F39CFA691C4EF2,San Juan,Corporativo,2025-12-21,9,1
3253,3251,C-03251,341256F67ED3AA43E867FAF41FE26AC6E10C7B1F916A456427A69C76E70612F6,Cajamarca,Nuevo,2026-04-10,6,1
3254,3252,C-03252,974677B6E8386AA73012D325FD7F3637B70BF4E786D3024BC87E338F7DA5FB8F,Cajamarca,Nuevo,2026-07-07,3,1
3255,3253,C-03253,7CFE3B8AC6B6EB0222970C785E0B57E8962D698A79FDACA6171A457563919730,Cajamarca,Frecuente,2025-11-08,11,1
3256,3254,C-03254,8731D0D686FF4783B39A8366F6A32DF551188AE991AA8E0CBF1C57A274F51D2A,Baños del Inca,Nuevo,2026-04-06,6,1
3257,3255,C-03255,85665E06AEDF88CBAF91A6C82399EDD3F414EE0D40E1CB40C2A33562DB87E230,Baños del Inca,Frecuente,2025-12-01,10,1
3258,3256,C-03256,9E2E3B0F21CCF3B638EA7318B4B4382259816A9D2D66C349E3CC81FBF2D0D3EE,Cajamarca,Frecuente,2026-07-16,2,1
3259,3257,C-03257,8A16399122EAF9AF049430B64BA87AF4841B9494D2F51A070189859D3F2D8947,Cajamarca,Frecuente,2026-05-29,4,1
3260,3258,C-03258,2DDC1DA694DD17045402F0F22FD60199E494E8029B86D71D42F531A55226F6B4,Baños del Inca,Nuevo,2026-04-18,5,1
3261,3259,C-03259,4DC7548D96BB4C26328D7E2AD200DB236390F90C2D50C025A36BFE2BB142A16C,Cajabamba,Nuevo,2025-06-21,15,1
3262,3260,C-03260,DC4CB84B33A6E62C8C7465447710A10D34C0486B012D92A5FFEF3400CC3579A0,Magdalena,Nuevo,2025-06-13,16,1
3263,3261,C-03261,D3097A54BA39EB2BB79741E4DD914D917D67CACD61E8DBC8346B0258DFF7B9DE,Cajamarca,Nuevo,2026-03-10,7,1
3264,3262,C-03262,5F90789EBE6AD6663513E8B3999A616D437FC1EF32F10E08BF41C421E2F0FE27,Baños del Inca,Nuevo,2025-08-28,13,1
3265,3263,C-03263,DD39EA2E3F2EFE6EE8C92EC241FCAD29A58C9D4CF2A40D8F036BB34C9183F1A5,Jesús,Corporativo,2025-07-28,14,1
3266,3264,C-03264,38622D6D040B91D80A4BFB781A725640A5FDC973A9A1D0011BDA439F7E25DE9C,Baños del Inca,Nuevo,2025-08-06,14,1
3267,3265,C-03265,A005948C164A7C4DDC06A4088A41CDA0DDED95176021D350B635F8461FF45824,Celendín,Nuevo,2025-11-18,10,1
3268,3266,C-03266,F9CA311DE361933969C4D9E8C25EC79A0478E325D1686ACE5367656186A4D881,Cajabamba,Corporativo,2026-09-02,1,1
3269,3267,C-03267,E6E95BFB3CDBAEC09FC6C5434A4F3D087FA3B22D20CF69E4EDBDE97340CC254A,Baños del Inca,Frecuente,2025-10-28,11,1
3270,3268,C-03268,3E9AD5169B89D6775880FDDF7C8CD405F9ACC59FEDEFD80B9B245CD0B8CC87DA,Cajamarca,Nuevo,2026-03-31,6,1
3271,3269,C-03269,213801109D10F6E67D9107935F06C4F4E0AC949AD18F88DCD8117A6FD64DB7EF,Cajamarca,Nuevo,2026-02-01,8,1
3272,3270,C-03270,A7F8E36C7269955F460DA9835EC14C01658AD878D65A1EAD3D81F55092255717,Cajabamba,Frecuente,2026-06-22,3,1
3273,3271,C-03271,E5494F4AA35022CDE4A1F9B45D523AC3A2F145A6C275B447AE22BB798DD0CAC6,Cajamarca,Nuevo,2025-07-20,14,1
3274,3272,C-03272,B17D39276C10007D46262F69FD94C6472D1A5A8910AFEC894541996859798B69,Jesús,Frecuente,2026-01-07,9,1
3275,3273,C-03273,15BF6DAB64ABAFA12E3CF3636519D2CD4AFB1D686846CDFF24AEF3031A561CC0,Cajamarca,Nuevo,2026-04-21,5,1
3276,3274,C-03274,05295F2D100A1E7C04430789703422A9EFA274D7C4AB774EDCA8420359C43822,Celendín,Nuevo,2025-11-11,11,1
3277,3275,C-03275,0025CB33A474F0FD917DEF530CB51C13991C05908168E9F10586EB7825CD9D60,Cajamarca,Frecuente,2026-03-22,6,1
3278,3276,C-03276,6AB0682999BEBFED21B59CE3F7579B65344B98DFEC2EA1A08B3C8D925BC4031F,Cajamarca,Nuevo,2026-09-12,1,1
3279,3277,C-03277,6A9E56010E8C71EB088030800EDBD3A843C78E152FFD62E1682BF44281F8494D,Cajabamba,Nuevo,2026-01-26,8,1
3280,3278,C-03278,0B9CD029F28E5F35B1C38451BB5F117A41AB8953DC647D6407934DF996AB3A99,Cajamarca,Nuevo,2026-01-10,9,1
3281,3279,C-03279,47FAA8A6AE5877206C52CC04BBFDF017DD0E704CC8716D05E5DF3C117B4DC7C9,Cajamarca,Frecuente,2026-02-01,8,1
3282,3280,C-03280,EA2DD0BE0F95240FE84CDA257BBD95D265B368C869E6A9A95DFFD39A7D6B033A,Cajamarca,Nuevo,2026-02-23,7,1
3283,3281,C-03281,D10CF5FCFC162C0FF9B5F3C766E06504304534CB2C9A89DB45FF0BD4B030D938,Cajamarca,Corporativo,2026-07-21,2,1
3284,3282,C-03282,4572838B92607AB870863E08F1DAEFB247A431FF08EEBA37B6BCD2EF417289B3,Cajamarca,Nuevo,2026-01-11,9,1
3285,3283,C-03283,E1A9B8B03C7245241B650C39769811201B39B03F584457AE7EBFB206FA2249CD,Baños del Inca,Corporativo,2025-10-24,11,1
3286,3284,C-03284,B748272BB3B51169CF5DA7057E87F9F86BCA63A9CEEB6EB878D7688AF9797634,San Juan,Frecuente,2025-12-03,10,1
3287,3285,C-03285,BDBE498D95E84372C89175904A4A7B0065221BD2CE11A202D8C1281A98872291,Cajamarca,Frecuente,2026-09-03,1,1
3288,3286,C-03286,BF2670D70617D14DB14656A8EDDAF5DC5B96427D253B29E462E2B384FB5A557F,Cajamarca,Nuevo,2026-01-09,9,1
3289,3287,C-03287,0C650AB5DF9392D11395469F57454886B2CCB1EB0830FF834E9C73D444557C30,Baños del Inca,Nuevo,2026-03-10,7,1
3290,3288,C-03288,07C62D0F4325D320C8A15D47AB5DE50EC71E3927BC9F5BF89ACE8BB4799F7EB1,Cajamarca,Nuevo,2025-11-06,11,1
3291,3289,C-03289,3F5BE480954031C514DF77532C054295DE7AC3F59EAC8A4486253CF12F91E40A,Cajamarca,Frecuente,2026-02-28,7,1
3292,3290,C-03290,87EA614BD22C2E5F84D45D7DC91540F478FEAC31A940B8877A5DC39E9C4F8708,Cajamarca,Frecuente,2025-07-07,15,1
3293,3291,C-03291,FC9A494EE88ACBAA0D84BE1EB70E816D9562645FA66DE8D463D10C910E16278C,Baños del Inca,Nuevo,2025-11-26,10,1
3294,3292,C-03292,8CDCF203DDA0D34503775825E70B9739BFD06D788CD2BB012B11B3499000656E,Llacanora,Corporativo,2026-04-02,6,1
3295,3293,C-03293,7DE7287ADB177EB3C5A59DB7482DDB36C442E9D32DAB661D00F28CDACCA3C0FB,Baños del Inca,Frecuente,2026-07-24,2,1
3296,3294,C-03294,68A7BF8362E0AC6E2C7C060E86205651A372B2D0F1ACE7F3F370616A6BFF7833,Celendín,Frecuente,2026-01-26,8,1
3297,3295,C-03295,CB17D6D6F973D70EEB88C2D6530B4D3E981CBFE3E4D771FDE19DE6144AB6888F,Cajamarca,Frecuente,2025-10-10,12,1
3298,3296,C-03296,1F98919E885C84795CAFBB6274A6420997BB00D8C0E9AE0201B792FA869870EF,Cajamarca,Nuevo,2025-09-24,12,1
3299,3297,C-03297,54A9A1021390661C0F54C51E7C3D17499F41AB244DB730C872B9904F33B93AC1,Cajamarca,Nuevo,2026-04-29,5,1
3300,3298,C-03298,7339CEA2CAD0D53309F79B1A80F4610E1CA8225EC721E623E089837E2379425E,Los Baños,Nuevo,2026-03-21,6,1
3301,3299,C-03299,5BDB06292BC697B1200CBD897DB1D712F34772FBD552BBB21D3B555788B53FDD,Cajamarca,Nuevo,2026-05-21,4,1
3302,3300,C-03300,B72598018835975F3C214AD7C0ECD5360568F4CA10C520D1E76E79253772C1D2,Baños del Inca,Nuevo,2026-03-14,7,1
3303,3301,C-03301,1183A4ECEB960AEE0E97386D95BE5C77735C212D178107952449AA1D7A2B6E90,Llacanora,Frecuente,2025-08-15,13,1
3304,3302,C-03302,0E25D1DF9A0DFAD167DFEF3BDC6249AA956D9D8F08D741D1DDCBFFC88E47B62D,Cajamarca,Nuevo,2026-02-04,8,1
3305,3303,C-03303,B1EDDEBB8CA8A46F0A78EE4A664CEA7B046913F6A4274E4BA30A6C0BC1721A56,Cajabamba,Nuevo,2026-02-12,8,1
3306,3304,C-03304,BA8D08079CD337B1CF9D107E30BFF36FD82D3C78EE4C2318325790B8E2E5C0C6,Jesús,Nuevo,2026-02-22,7,1
3307,3305,C-03305,016E293649E648E08C94CB14F3760E1BBE9E37F4130A5E1BCB6087C8E35DE350,Cajabamba,Frecuente,2026-06-08,4,1
3308,3306,C-03306,AD4E24B65787FF831E55681A4FDB554136E28C1B35C76C1944B75871CE2D8BF8,Baños del Inca,Nuevo,2025-06-21,15,1
3309,3307,C-03307,0091A4D4A6B77B469C4EDA8BE706EB5E6519A9FD5F5F9B244B32E86C3C7A63C5,Baños del Inca,Nuevo,2026-01-09,9,1
3310,3308,C-03308,6B048120810B5B5AD4944E53D13B1F6F0E30456ABD1505BE154ECD00C396FB89,Celendín,Nuevo,2025-07-02,15,1
3311,3309,C-03309,2D515280111FF3E3547CC88478B6161EA55DBA52054200313091A5B4972B913B,Cajamarca,Frecuente,2025-08-07,14,1
3312,3310,C-03310,24A50EEA52A7CAA0A62FFB7768ECC838F9CFCFAD8A5B55EA4106993F081BBF07,Cajamarca,Frecuente,2026-04-09,6,1
3313,3311,C-03311,0E0C99B5195FC0011FA18C2828C661A841B892FE010F8F3469CC808ADE35565D,Baños del Inca,Nuevo,2025-08-07,14,1
3314,3312,C-03312,AB582B3751170752299A253C255BBB7B4739CE19059B826B8E647461B08094F2,Cajamarca,Nuevo,2026-07-02,3,1
3315,3313,C-03313,9DC29A143C274521789D96BC4A1B57BB56F9BB80B194409935A216B4A67D7BE5,Cajamarca,Nuevo,2025-11-07,11,1
3316,3314,C-03314,9C56DB932581ADC7D79001A67E818B8467E47EFE009E74204ABF37E5E9ACCAF9,Cajamarca,Nuevo,2026-01-05,9,1
3317,3315,C-03315,B46B9C8563AB9D4E7EC9E331512371C706E74C0028650D46C8722012FE4442E5,Cajamarca,Frecuente,2026-06-21,3,1
3318,3316,C-03316,151D73D0451BF92CE10BF47BBAE1D58E7B8F0CDD95F286634E94B76784026D42,Cajabamba,Nuevo,2026-04-29,5,1
3319,3317,C-03317,D3D94E23207714984E148728BF1349A0630303FE2E065CC563DC275396A1FB1A,Llacanora,Nuevo,2025-08-16,13,1
3320,3318,C-03318,04ECCF9A89853E5BBDD1E8360A9B890955903578C0F855506225E3993091D903,Cajamarca,Nuevo,2025-11-13,10,1
3321,3319,C-03319,F4A23A6936FB884CBEF325FF9328C176E55D5C91AF5E87B7CBF2DD08B0DF9D88,Cajamarca,Nuevo,2025-08-01,14,1
3322,3320,C-03320,FB70EE80BB4400E2C186C04A867D1B1FC42D9CE53E4569769D1C5EBD7CAE20C0,Cajamarca,Corporativo,2026-02-20,7,1
3323,3321,C-03321,13BEB93BA4BCAB2F1851AE77E2865A07C6C8CEA1920FC9DBE88AFCD73ABF55EC,Cajamarca,Frecuente,2026-02-25,7,1
3324,3322,C-03322,6F9FE320A1B4A55E49686F717EC6519679B9E620F10E84E373BCCA7FB79F3735,San Juan,Nuevo,2026-02-12,8,1
3325,3323,C-03323,475FF5ED1EE6333FB723BBFBDA64F82EB45E392B19CBFD9067BC5947F570231B,San Juan,Nuevo,2026-08-30,1,1
3326,3324,C-03324,F762129C37B51BEF6214BAE715D1C8AF849B9D86C759B8939A5A0D90AA27A874,Cajamarca,Nuevo,2025-12-23,9,1
3327,3325,C-03325,412F955EA6F5E4FD816EFC66C6D148B1AF7D6D99E395554ED1E46B00474F6C78,Cajamarca,Nuevo,2026-06-29,3,1
3328,3326,C-03326,8BE43BAACC061320A546D3ADAAA36DF421BBA446EF3FFFEC56C78F2E61551432,Cajamarca,Frecuente,2026-03-01,7,1
3329,3327,C-03327,D90724185A78732939D61793303D802EA2FC1E71E509BFECAE5656D6400B8D7D,Cajamarca,Frecuente,2026-06-09,4,1
3330,3328,C-03328,530B07D915B4E58C2E3A805F14A325101FFF0862211FA0A537F15BB5ADFD1C21,Cajamarca,Nuevo,2025-07-20,14,1
3331,3329,C-03329,17A1F3B5AF4A059F4102A42FFACE896CDDBCC4CD57BB1436E96AF872B45F1810,Cajamarca,Nuevo,2026-03-07,7,1
3332,3330,C-03330,338ED88513783A70F57CB80DFA49DA88FC8F5AC6117454231DC7DF6EE84652D3,Cajamarca,Nuevo,2026-02-02,8,1
3333,3331,C-03331,5180E30720DCDB5722F2A8D7D8EA9DFDDE577A8F63A330963E80F53E9C5BEB17,Cajamarca,Nuevo,2026-03-29,6,1
3334,3332,C-03332,1575BBB702BA2813727505BB74AC70DAF62C26EB35BAD1EA9E6EF52FDD2DF1D5,Cajamarca,Nuevo,2025-09-02,13,1
3335,3333,C-03333,4694C9BFA5937DF2599BAB0E5C14156CB481CE8B31438B68E1A3A877ED026171,Magdalena,Frecuente,2026-04-09,6,1
3336,3334,C-03334,9ACB5CB49E735AF1BAD5527C976E17461D0338AB77F9CE2A8F1FED14C35A1297,Cajamarca,Nuevo,2026-03-11,7,1
3337,3335,C-03335,94CD743FB175F4031535DAA1D751FA3AA4CCF253639B37A9D4932093175130D4,Jesús,Nuevo,2025-07-26,14,1
3338,3336,C-03336,48C5288975048B4D208C25A9FEB9053B9C3C7E08B33FAA5560E7DDEA05CDBDB9,Cajamarca,Frecuente,2026-08-01,2,1
3339,3337,C-03337,61F2D32967C73611CF65DEBC6273DF866E3DAE5C2EC83B4326456DCABE4923E5,Llacanora,Nuevo,2026-08-23,1,1
3340,3338,C-03338,42E7B4801A56B786085DBE7810AE766D64709292A5578467C4D1B13BAE0E21E8,Cajamarca,Frecuente,2026-03-28,6,1
3341,3339,C-03339,6F44DF874A5A0603EA045CF79C86E8E8D4F4E6197EBED1570F3931565BE4285D,Cajamarca,Nuevo,2026-02-02,8,1
3342,3340,C-03340,49D49C18843D360DD809EA9CA2DE13DCD7C13B3F7482D699414BD7FDD9F68E0D,Namora,Frecuente,2026-01-03,9,1
3343,3341,C-03341,E90B109FCEE32E749F0D32FD9E564D24D91813FB0181EBF9748D175161A731C0,Cajamarca,Nuevo,2025-10-15,11,1
3344,3342,C-03342,428819B123D71B1A31CCDBFADE4340123177F37E2DBF88475CEDFA730E6465EF,Baños del Inca,Nuevo,2025-10-02,12,1
3345,3343,C-03343,BA1FA81E8888D4BFBA35F4326987CB8991E68E15BBC39EA4CDC74AF3CA7BD12A,Jesús,Nuevo,2026-01-28,8,1
3346,3344,C-03344,69CF822B7B4B46850459917231BAC0A4DDE7317BA20234F68794544CFE790303,Jesús,Nuevo,2026-01-08,9,1
3347,3345,C-03345,72F7C93102F71AA64C893DE7A424816D81DF604B7B35BB166E61D356A29AC37A,Magdalena,Nuevo,2025-07-31,14,1
3348,3346,C-03346,E9C80C33D6E187BBDC7DF1DE19F96099AA17041205AC65C8AA08DDA1BD704CFB,Cajamarca,Frecuente,2026-01-02,9,1
3349,3347,C-03347,85CE5A58F391B92842491B89DA44C0093E4E4E815F0FE78CECF6C87EE08775D4,Celendín,Nuevo,2026-08-15,1,1
3350,3348,C-03348,38578024BC477BBAAB74F159E00FAE8E8847C88A371DF2808194CBCC561438B2,Cajamarca,Nuevo,2025-09-02,13,1
3351,3349,C-03349,5563BF28476EC09AF309FBC26F46663906266CF686C1F3D6070934FCAFC894A5,San Juan,Nuevo,2025-10-13,12,1
3352,3350,C-03350,C3EC3B2241311BA0BF472494ACEE83E558314D6DFC984F5F41AE40B76520F7D6,Cajamarca,Frecuente,2025-09-07,13,1
3353,3351,C-03351,B7C817A6ED9367EAB26A3C3DA71A4E242F4DBEF67A6FB30401B0C840EDE18D11,Cajamarca,Nuevo,2026-05-08,5,1
3354,3352,C-03352,F62D3E6094779A5A19A855364BED0DC7F8808EAE8CBBFDF274C84F91868704FF,Baños del Inca,Frecuente,2025-11-28,10,1
3355,3353,C-03353,0F12F935193B57D5ECCEBCE82C649C4B6D4669C695B4221B932260F082AB3F46,Cajamarca,Nuevo,2026-04-16,5,1
3356,3354,C-03354,AEF1F339CC18244E214B08C8D49EB5087D0B9745BE408A60F9B10BE66766DCE5,Cajamarca,Nuevo,2026-06-17,3,1
3357,3355,C-03355,61F3E46A1B28092320A241BBF17956D86A98E92848D188CBC7AF30002B8B0095,Celendín,Nuevo,2025-09-16,12,1
3358,3356,C-03356,6563CE33A9166C05E52F127D3581BED90B2862C019773D6C68FBB3198FD9B818,Cajamarca,Corporativo,2026-09-13,0,1
3359,3357,C-03357,66A5CDAC77D76D9BDB8AD18047DCE4B59832C9E95DA82CC5DC119FB01EC6C1E9,Cajamarca,Corporativo,2026-05-16,4,1
3360,3358,C-03358,7C884832CF1453855EB984F61481033B828C80A9E454F13BC4A41696925CC83D,Cajamarca,Frecuente,2025-12-13,10,1
3361,3359,C-03359,48DF85A0B740EB16157AC55B8EC08C4FFE7D1890A8A9F1FDE9B08CB04C31886D,Los Baños,Nuevo,2025-07-27,14,1
3362,3360,C-03360,14AA6805DFAE06BFEF9B949CD23F4F2FCDFE26BE009FD8144AD5F7EBEBC1D772,Cajamarca,Frecuente,2025-12-19,9,1
3363,3361,C-03361,2D232C0F875C79BD97B529396491D84B467C9769DD209BE2A68CB01F54AE714B,Cajamarca,Nuevo,2025-06-24,15,1
3364,3362,C-03362,8CF8B839D7F9CF1CDFDF46958505B9BDD3D37CA5DE2218370411CBC607C6F803,Cajamarca,Nuevo,2026-07-19,2,1
3365,3363,C-03363,0C39C737528873E7469496210C798F186550524899A7C4B8FACB48EA14720C83,Cajamarca,Nuevo,2025-07-26,14,1
3366,3364,C-03364,DBD8DF5750DFFFCF1D4C26133856F32507A4643FBF66C62628CEEA51F6E249E9,Cajabamba,Corporativo,2025-08-22,13,1
3367,3365,C-03365,89F52D2090E267EDAF09E24CCED7AB173A8704535FDBA1AFCF3A0EF4AF53E8ED,Celendín,Nuevo,2025-11-04,11,1
3368,3366,C-03366,A7D8518716FAD08942ABA55EA3C2D53BFE1C8ED26AD0E410003C899ACF2EF84E,Baños del Inca,Nuevo,2025-06-04,16,1
3369,3367,C-03367,52057D956373C151BC0124229830C2F00485B504292763B478103EF22A764068,Cajabamba,Nuevo,2025-09-19,12,1
3370,3368,C-03368,70A4795DF2C759265AF10F1325D249690B25B690A04BF088DADBCD893CF7C06E,Baños del Inca,Nuevo,2026-07-15,2,1
3371,3369,C-03369,B7C0A2D5BDF9D62AD463AC99434A3974DBE783DE49F6C8226BF727769DF40FFF,Jesús,Frecuente,2026-01-30,8,1
3372,3370,C-03370,6F0A3BAB153F4DD0D4DC7CF0FCA3B823E102E9772C52F9DCCA17530815C88F1F,Cajamarca,Frecuente,2025-08-07,14,1
3373,3371,C-03371,F28E9130B0D6C09400F63F2F6B1CDA076ED99334435AF4C70A8523CA86C48094,Cajamarca,Nuevo,2025-09-27,12,1
3374,3372,C-03372,955AB8DDD74543FB7106B4FAA643040299885A9D7909B25E7991EEA3F8BD8788,Los Baños,Nuevo,2026-03-19,6,1
3375,3373,C-03373,86FF64BC37BE0609FEAFA2A162040B211FAC3608E973259EF1BAB5D133DA08CE,Baños del Inca,Nuevo,2025-06-10,16,1
3376,3374,C-03374,217CCA1CB3AE6AB6FA228EDC8F70159DF3E899C82BABE2B3ADE2AC91E9DB2BBC,Cajamarca,Frecuente,2026-02-07,8,1
3377,3375,C-03375,50F246A160B852D25EDBB4D902C18F1B917B1001CCCB6F5FD6539C39DF402E28,Cajamarca,Nuevo,2026-01-31,8,1
3378,3376,C-03376,5058BCF8678AD45C1B8993DB85AFF94D6EE85FCA57404C6EC54E6E986B531CAA,San Juan,Nuevo,2026-01-11,9,1
3379,3377,C-03377,72C055B317F116D06B8CC4D3A3F995B41980B9B606F0AFCB24C64E460F4259DA,Cajamarca,Frecuente,2025-12-23,9,1
3380,3378,C-03378,6A64E58831C7477D56F789A2F13922ECC44D1EBB87FC0B8CE862BDFC77E098D3,Cajamarca,Frecuente,2025-11-03,11,1
3381,3379,C-03379,7CE7E2C0D0CC6122B9C418F03AD61300F1AF01AFCB00CD7605414D88F39DFD54,Baños del Inca,Nuevo,2026-04-03,6,1
3382,3380,C-03380,60EB80D491749A8BBE525017C766A81CBFC6ACE97CB4C0B0EBA7EF91E02ACA3B,Cajamarca,Nuevo,2026-09-10,1,1
3383,3381,C-03381,5CD23D6EF93283776FF80ABB302F772AA169C26D5881E0391041BB7EE42DD497,Cajamarca,Nuevo,2025-09-10,13,1
3384,3382,C-03382,7A93BC82E2BAED1D41E5DE8413C5AD8EA7097BC272214A78D49DE1E754EFE030,Cajamarca,Nuevo,2026-08-29,1,1
3385,3383,C-03383,32A1AAE279E544432C81555FA188D307179497BD3E94F45E05D88473FFE7E12D,Cajabamba,Frecuente,2026-04-09,6,1
3386,3384,C-03384,0B45B106824F887E382883F2550EB0DCF8E8CA54241E72E8D6175F29BA7E596E,Namora,Nuevo,2026-01-16,8,1
3387,3385,C-03385,AC2B1D92A9B0E074EBF380D8579DF2001DDD1F2E36FE7ADD885C5FB2018B7773,Baños del Inca,Frecuente,2026-03-31,6,1
3388,3386,C-03386,C61A83FF2573EEDBC456DB316F0D748EF7DD09B25904539D15C8E1FEB4E10A96,Cajamarca,Frecuente,2026-08-21,1,1
3389,3387,C-03387,2DB7FD268CB7C06DC7246C95B1B4E6E91E4EDF365A81767CC31F34CE0B030F3D,Los Baños,Frecuente,2025-06-06,16,1
3390,3388,C-03388,851F1BCE90EEAE9475CDA8275A2D9E005FC89B05AA8FCE51673B3CC4AAFCC003,San Juan,Nuevo,2026-07-18,2,1
3391,3389,C-03389,3925A48B83F8CD2136C5A340919AF0C8202D37DB0C08A6342A09F186A44C3F88,Baños del Inca,Frecuente,2025-06-07,16,1
3392,3390,C-03390,3E420E54BF282A95846D02141D2F78E9876A8FACFD75E36DE64D1932F683F800,Cajamarca,Corporativo,2025-08-24,13,1
3393,3391,C-03391,F469D743CC59908C4122C9E09272957D8D11DC6DD93DF720C79F1373D89355D5,Baños del Inca,Nuevo,2025-10-01,12,1
3394,3392,C-03392,3F6E8A580B4E5F36C527DAA7A73324B471F370D54E2A36117E19DF9722D1648A,Celendín,Nuevo,2026-01-22,8,1
3395,3393,C-03393,E9A752F7740762E6DF2FCE510470E9E4A0C02B48FCC6D981B3D717E5EB7961AF,Cajamarca,Frecuente,2026-03-21,6,1
3396,3394,C-03394,901797272FE9F319D4187BCEC4C3FAF8AB20E7A876FCD21D3D9E19E3BDC787D2,Cajamarca,Frecuente,2026-05-17,4,1
3397,3395,C-03395,F70F7C30B2A6751C2F2F7D1B5594BF3177DAB45C7E7ADF4CCC9350826FFCF6DD,Cajabamba,Nuevo,2026-07-31,2,1
3398,3396,C-03396,9D7CBD69D65613DF5C5A6D91B3CE7BBD11570069A9852494E160063FF2A5C18E,Llacanora,Frecuente,2025-08-20,13,1
3399,3397,C-03397,5603476E6D24D60E0FB7DAA6C126B3D87B22D95A6BA9C7244E7EBFD2F271D8D7,Cajabamba,Frecuente,2026-07-07,3,1
3400,3398,C-03398,AD0B44AB4F0AB8AB7313AC244AFC72DEED748A23A831047BF9AA60EA1700EC09,Cajamarca,Corporativo,2026-06-01,4,1
3401,3399,C-03399,05C0E0C8802A6DC59949CC06C3FA900E24DB75145D533E5C2FDAC0DB99497C0D,Cajamarca,Frecuente,2026-03-07,7,1
3402,3400,C-03400,A0647014433A113EA5092EC62E5E83B2878966D2843C076A05EF4EC8B19941C7,Celendín,Nuevo,2026-08-28,1,1
3403,3401,C-03401,A32D970B1B234566BC823B9BDB364562774A376C5DD27098F9F53F890B4BB8CD,Llacanora,Nuevo,2026-08-25,1,1
3404,3402,C-03402,DD3746DD6FF903D305721AD799291E1E183E07E5493E681F731B0364FC884711,Cajamarca,Nuevo,2025-12-16,9,1
3405,3403,C-03403,B0A741AD8D97D5B69E8930FB6DA1C34F2FA36168F99757CE5F179D797521CB04,Baños del Inca,Corporativo,2025-11-06,11,1
3406,3404,C-03404,0B80E5AF8F7D7E5A4A2A97D80A90FBAF0DBDD5C4A3582B4CF6BD9DA8C959C48D,Baños del Inca,Nuevo,2025-10-29,11,1
3407,3405,C-03405,B802B0267701815E85D40DAD752076A4EEE3A34CA4BFD45103D59ED9E772047C,Cajamarca,Nuevo,2026-03-24,6,1
3408,3406,C-03406,489D2B908C6BEE22686061E778D3C59AF76B8DFC3368F1FED2719C6F023CCF52,Cajamarca,Corporativo,2025-07-27,14,1
3409,3407,C-03407,210D14726317F3377F174D5B6E523572DA93DD78E03119672454A8D5DB146728,Baños del Inca,Frecuente,2025-08-21,13,1
3410,3408,C-03408,90CB3D3C9C02D8B7993BB23747DBAA0E40F74E23654812F6A1BCD655A7E30DCB,Celendín,Frecuente,2025-11-05,11,1
3411,3409,C-03409,3D33A90B3A6575F40158D4EAFB2F3872FC01403AE0F81CF32F463554D5940646,Cajamarca,Nuevo,2025-11-19,10,1
3412,3410,C-03410,0ADD5D6EB9F4CAC8DDF1F437BAAA42DFF71E06ED92F7E297A27CABDDD391E261,Cajamarca,Nuevo,2025-06-03,16,1
3413,3411,C-03411,4A8C97B250AB96CB50E6F2F25991E6D1FF2DB19346BDA01C0F259D052708DD75,Baños del Inca,Frecuente,2025-07-30,14,1
3414,3412,C-03412,DFFF5739709EDA4D82E8B111F6FA79F8EDBF4BE980DAA271DDF4F0313812F5CE,Namora,Frecuente,2025-09-19,12,1
3415,3413,C-03413,E5BB4AAB33C4786F3C2985FC40165FB99E583BE7856D234DFEE6F781C7628DF3,Cajamarca,Nuevo,2026-08-15,1,1
3416,3414,C-03414,C10FADBC5280BD675B1018D42A9D25C270F3889053777DA1E9AE2166904FC07E,Cajamarca,Nuevo,2026-02-23,7,1
3417,3415,C-03415,FB9D6482A38FB7866AF6C575FC89371F65020C4874EAA47BD82A6F59082B1E53,Cajamarca,Nuevo,2026-02-12,8,1
3418,3416,C-03416,86CA6F821C29584ED739CE7511E1D06495838CF37AEC1300ABF3947498ECD6BF,Cajamarca,Nuevo,2025-11-01,11,1
3419,3417,C-03417,506E090BBB8FE898D98F2F6E7F893F4EDB508C6F79A6241EB0A65945C4411439,Cajamarca,Frecuente,2025-06-27,15,1
3420,3418,C-03418,2BC374B7EDB2A35B4CBE358479EA78E6831385C7C005CF61C4D994B5523DC101,Magdalena,Nuevo,2025-11-30,10,1
3421,3419,C-03419,4F43AB2BAD73D470710D5F689768497BA63CF8B6212252E71FE09F2E6B7D4DF7,Baños del Inca,Frecuente,2026-05-28,4,1
3422,3420,C-03420,50BE4A5B9334B1B90329674F1876F1AA4692E1E37E93E80016424F9791B9F53C,Baños del Inca,Nuevo,2026-06-05,4,1
3423,3421,C-03421,4969EB989261D7ACDF3865D2BC50758EACFDD01A820995ECEA7B0DF452F2E138,Cajamarca,Nuevo,2025-12-25,9,1
3424,3422,C-03422,47E452F4FB8B8A27F1FB5BA4FDE1B8FF772AE822D72C23265AF3EC7B521C7E25,Cajamarca,Nuevo,2026-05-04,5,1
3425,3423,C-03423,637362ABD14AAC3FABFE8B08E05F0057DF146FFD6524659070617133B6C0F9F7,Cajamarca,Nuevo,2025-11-19,10,1
3426,3424,C-03424,76147048721856AA1BBF891BE08F987469C6B5E76D2B69CE39A600B7E2C5C27F,Cajamarca,Frecuente,2025-11-29,10,1
3427,3425,C-03425,4B30CF78F6AD8A962658ABE1889F25C3AC5F1121A9B0397B8DE7294983EF02E6,San Juan,Nuevo,2025-12-22,9,1
3428,3426,C-03426,541EAB1B8A04716160DFC1C62DFBF27D54FD143D670A61F9F8E726E2C2F35221,Cajamarca,Nuevo,2025-06-27,15,1
3429,3427,C-03427,F5CE959DC7B8A19984C72971F8236588062FF5C3E5B7258F5AF6F98BBBB4DF31,Los Baños,Nuevo,2026-03-28,6,1
3430,3428,C-03428,8657CA1BE668F859A685C6118B68B72FD1D54048F19FBF9EB742704BF0749115,Cajamarca,Corporativo,2026-04-22,5,1
3431,3429,C-03429,0F0C6D7468B6EA9FA71241E1D9919588AFBD6CEDA49125251C978F5EDBF6656A,Jesús,Nuevo,2025-10-31,11,1
3432,3430,C-03430,1E1969CA89759C45188A00D64475F671C28B94A1CD901D31D2A0D92208BE8DF2,Namora,Frecuente,2025-07-06,15,1
3433,3431,C-03431,E4B7962199567485BE459A47974E8EF34CB56FFF2C02CD9141516F0269C9A563,Cajamarca,Nuevo,2026-06-14,3,1
3434,3432,C-03432,6597FEB7D91E3B5B511D96C6AB9598210374D9AC4C214F8F5BC4E0B5B450A779,Los Baños,Nuevo,2025-11-10,11,1
3435,3433,C-03433,E3F34F7216231B4A1F9FCA3A2E2BFC2B09CC7EFACEFCBDB86A42646275267834,Cajamarca,Frecuente,2026-09-10,1,1
3436,3434,C-03434,D6825F98DA33181634189098B173E26CB21E70A7EE51D7E327D5B5313806A90C,Cajabamba,Frecuente,2026-03-29,6,1
3437,3435,C-03435,0FE1D8028B8DF989FD37DC8AF73D7BAEC29C5466432E42890C9B27FA14C35D20,Cajamarca,Nuevo,2026-05-17,4,1
3438,3436,C-03436,C4D4EA0A8BA15626ACC92D771BFD0163F976CD85E0FE16F1A8FD4E275A7E37B1,Llacanora,Nuevo,2026-05-24,4,1
3439,3437,C-03437,0E4A395F4CC045EEC5DBB2810F72F3CE7D2FC5DF247F4B109B8C040DFE6F6B07,Cajamarca,Nuevo,2026-01-30,8,1
3440,3438,C-03438,F7AEB0CA8818A3BB288E4A05DA28AA19A256527B1A82B3363EACB872C2A6C469,Cajamarca,Nuevo,2026-07-23,2,1
3441,3439,C-03439,57E978EF6BF6DB85B9076B7BA5C7B9E502D0F4DC74D7867E92D2D7D594C2D8D4,Cajamarca,Nuevo,2026-06-20,3,1
3442,3440,C-03440,5652515481257B2693EFBE882DD5788DBDF9BED6281172D79A02C7FE4F846296,Cajamarca,Frecuente,2026-08-15,1,1
3443,3441,C-03441,C79D069D9FC82941F2FF9A758B8A9424C54358405B4B32F27207AD66AD591846,Cajamarca,Nuevo,2026-02-22,7,1
3444,3442,C-03442,B4E4F22183AF10BC510FCADDDBFB97C1C1D1B8F3DFB75871DF57EE24CB89656C,Cajamarca,Frecuente,2026-07-14,2,1
3445,3443,C-03443,367D88E3C720BA0DDFC335A8D4E69A5CBF51E63E2492939EEBB2A152707916FC,Cajamarca,Frecuente,2026-04-18,5,1
3446,3444,C-03444,39C60F6C9E7F321AC769B4AFDEB59307EF01FAE71A4BADB087076CD0260D407B,Los Baños,Nuevo,2026-01-16,8,1
3447,3445,C-03445,ABEDD78846707B4EA6B5B60F00690D616E351B5A9DABF10334E187A5FD0D5E8D,Cajamarca,Nuevo,2026-04-25,5,1
3448,3446,C-03446,B3027E9476A6D1037EC0FBF8EFAED60E0DD19A1B9D611F6F1A107515D4399677,Cajamarca,Nuevo,2026-04-07,6,1
3449,3447,C-03447,947BE428877B549F42AB4BD1D62E115BE1F39A810BE6D0FD877D4B3236630DC0,Cajamarca,Frecuente,2026-01-26,8,1
3450,3448,C-03448,83DB6BC4FDC5310B5668A9BD84510EE2768750BBA77B788DB624F4AEB5A61158,Cajamarca,Nuevo,2026-07-01,3,1
3451,3449,C-03449,6AECB17D8B541C92DC2216F07B01544AD737AE48A12EFA12AF7BA9F1793AFD03,Cajamarca,Frecuente,2025-08-22,13,1
3452,3450,C-03450,BE9272A806357BCCD54195951106F5B2A8204DC3564D7FB3A3380E70AA31F1DF,Cajamarca,Nuevo,2026-09-01,1,1
3453,3451,C-03451,B485732FF091136FB56634B530CAB9E9307B3AA10A3357DBBA92CBE577B770B1,Cajamarca,Nuevo,2025-11-17,10,1
3454,3452,C-03452,2EAEDEC8DBB17B1B1C837FDD4425CBDE3E320BBF7EAFF7278172F83FE0A014A0,Baños del Inca,Nuevo,2025-12-09,10,1
3455,3453,C-03453,4DEF7DB7C5FD0D998127483ABF5764DF5FC287725EBDDA6DB3BA1C831D27FF8C,Cajamarca,Frecuente,2026-01-23,8,1
3456,3454,C-03454,CD8EA3A4AE830A4A58C6EBE7C73434F222241F9670BADE9DC1CC9A51E2C69D9E,Jesús,Frecuente,2026-09-09,1,1
3457,3455,C-03455,4347C6D0F6C9F3631035EB90DC0C7673994264CAFEFC50B9D5B70DF40CA2C003,Cajamarca,Frecuente,2026-06-29,3,1
3458,3456,C-03456,7064C93E3E2DB7A89D6B85D95D9EC66C86DAE20CF956ADF6D60D9B8FD1E1D0A5,San Juan,Nuevo,2026-06-29,3,1
3459,3457,C-03457,202C59A0FE94D3A4814271F3DE10378D8D8FFAA151B7D7A75AC1BFF2674B84C3,Baños del Inca,Nuevo,2026-06-12,4,1
3460,3458,C-03458,CF6326AB7D578B5344EC2B4268649B16382FCCDCEC1372F0D555E5EC94D4111D,Cajamarca,Nuevo,2025-06-07,16,1
3461,3459,C-03459,72B105659B6382E99D566AADECF05CD6F470AD2484CE5A0B287496627DA08F2E,Cajamarca,Frecuente,2025-09-10,13,1
3462,3460,C-03460,05CB09EDEDA5BDBD70EDB35A2BA1648965F1833C5DFA4A5DD03568258E59E129,Cajamarca,Frecuente,2026-01-23,8,1
3463,3461,C-03461,99FE40A2571E3F09CF66E93D93C063081F2A616768028E28CDD64A232BB74B42,Jesús,Nuevo,2026-03-18,6,1
3464,3462,C-03462,D0078C85726F41D3EA3A9E03069FED3F780DD169995F81893F77B322EB8FC353,Baños del Inca,Nuevo,2025-09-12,13,1
3465,3463,C-03463,81908A5603F5D48183D6E70D54B717932E3FA0953BA9C7D432952CAC20A185AB,San Juan,Frecuente,2026-05-29,4,1
3466,3464,C-03464,558963CD022A2ACC7B570578BDE802A589E1A560C956ABC9C2119A84FACF18D9,Cajamarca,Frecuente,2026-05-26,4,1
3467,3465,C-03465,6B7250949A83E1660429E011DB744273D10CA8D987570F62E3EFE13BCCDF973B,Cajabamba,Nuevo,2025-12-05,10,1
3468,3466,C-03466,553723C42E39A55BF3A35FC708ADF7138365E7A11F5D38917725213B316B8244,Cajamarca,Nuevo,2026-05-17,4,1
3469,3467,C-03467,53CDFB039F4C527F179E5481E8FA7A07AA123D486E277092A378F3448C4CC456,Namora,Frecuente,2026-05-01,5,1
3470,3468,C-03468,86AF66F20D82632778E8B5F79E937957561FF96006FC6ED48E4AA209064786B4,Celendín,Nuevo,2025-10-21,11,1
3471,3469,C-03469,3A4A490D33036678734C20DA380F464A11EC110CCFCA980E13A52C999BEEC6ED,Cajamarca,Nuevo,2026-08-29,1,1
3472,3470,C-03470,4A221F90325B3F6A790D041BEEA11E71ADB11BF98F3F0470E532BF19181E7AFE,Cajamarca,Nuevo,2026-08-09,2,1
3473,3471,C-03471,6F240CE7F286772FEB98DF12A2F9D27CA615C5281CBC31A3CBB20004704A011D,Cajamarca,Frecuente,2025-12-25,9,1
3474,3472,C-03472,D448211083145080AB9ACAAC44974B8D3AD0C232D871BCF23C0186AEEC6AFAEB,Jesús,Nuevo,2026-05-08,5,1
3475,3473,C-03473,960E52F6A4E21D5123AE31A35696E8DB8486FD38EB3BE72E21B31228D1A92006,Cajamarca,Frecuente,2026-06-17,3,1
3476,3474,C-03474,4485394F61A34B6EAEA65E22B26B4E4914EE7165C18747D4F4BA5E188CB545AD,Llacanora,Frecuente,2026-03-26,6,1
3477,3475,C-03475,A08AA3CE18BBCCBCCF8FC64ED7EB21989725D8E2089B8F247A408B3A2AE10067,Cajabamba,Nuevo,2026-07-02,3,1
3478,3476,C-03476,71DB8EAE022691139A8F11ACEEBCDAE12DECB0EA78F3CD5E60B5F9384409DD7E,Cajamarca,Frecuente,2025-12-26,9,1
3479,3477,C-03477,E41550E3A20551413D425EC8BDD5C51A1135E957A2B5827453D6B8F74BB32389,Celendín,Nuevo,2026-06-20,3,1
3480,3478,C-03478,0EF196A231996EF1DAD8F76AD6049F84053F74D850E9549C398864284E5785E9,Cajamarca,Frecuente,2025-10-19,11,1
3481,3479,C-03479,58C73E693646AFCE72DC4CCA2CAC0F37FD93245A37AE65AE71C77D6FA894C763,Namora,Corporativo,2026-03-25,6,1
3482,3480,C-03480,FF0204273850639D3D3EFAF964BFBA3ECF558875E644D818B5528D3040547517,Cajamarca,Frecuente,2025-06-26,15,1
3483,3481,C-03481,AC324BFEE35C236DB29AF93C1FCABE2790244325D5334477AF1DB2D2ED9843F4,Baños del Inca,Nuevo,2025-08-22,13,1
3484,3482,C-03482,A5872DC20965B7B65BF2537F96CA16851B0C5641B174CC583CF83525C9561E34,Los Baños,Nuevo,2026-09-11,1,1
3485,3483,C-03483,1BD81D53CB25A6FB14693E22D61F9548DDAFAE2439B19F50177A850044D0E5EE,Cajamarca,Nuevo,2026-05-20,4,1
3486,3484,C-03484,F03413BBD35D02281B2711100D46B31296F6171186EEE490DC3CC6D2061ADCA9,Cajamarca,Nuevo,2025-07-13,15,1
3487,3485,C-03485,FE04F3466AC52CE25AA6C30656AE46E62B332A02F9997BB77FD62161388F4BB1,Los Baños,Frecuente,2026-06-27,3,1
3488,3486,C-03486,5FFDAED1601509645E76EB5378EE06E9ACB557215914B77035A6D6D36714E13F,Baños del Inca,Frecuente,2026-03-29,6,1
3489,3487,C-03487,4F4135D269D6478BBA7AED169503234CCE3FE07E37320BA89AAD1DA2E6494AB5,Cajamarca,Frecuente,2026-02-20,7,1
3490,3488,C-03488,1897B07552057D1AFED8453467D57D841081D961FDEBE840DE4DA2ADBCC185CB,Cajamarca,Corporativo,2026-02-12,8,1
3491,3489,C-03489,2ED22040391AF06D67F03DB7AD842F84ADD1D2868C90B3A3F406942FBD386465,Cajabamba,Nuevo,2026-05-07,5,1
3492,3490,C-03490,34249389FA4FC7950EA168AC39C00564BE24BDC65436F597C4127863BE9DCA92,Cajamarca,Corporativo,2025-10-03,12,1
3493,3491,C-03491,6EC6CC95E9FBA03D892999D33E2F25CE1090A1416451A69E0C4D7D74BE6B2722,Magdalena,Corporativo,2025-10-30,11,1
3494,3492,C-03492,D6E536055B9C91CFBBF9F3F68677B5FC8DD995A845F63892A01C53D13D96821B,Baños del Inca,Frecuente,2026-04-19,5,1
3495,3493,C-03493,91CA95C0122FACCE1CB12DA7CB0356799DADF8F717D81CBE1B3D3291CF754903,Cajamarca,Frecuente,2026-04-20,5,1
3496,3494,C-03494,415D82CE625138E655DB25EA5CC83C6A9B8CC1F7B9F683A6565CB70AC60EF93F,Cajamarca,Nuevo,2025-07-18,14,1
3497,3495,C-03495,193F9618C05CDDA5EB7DEC5F1E166D58926C9E73431DA6FF75C6347C56D9B04A,Llacanora,Nuevo,2025-09-09,13,1
3498,3496,C-03496,05E05DDF99AEAD1F5168716591762DACF4A8E1F3AD951BF6CCCF89968C20EF5F,Jesús,Nuevo,2026-06-04,4,1
3499,3497,C-03497,F6B2318D98A528A19C76B1EAA04B394C75F0335CF274169161B58D083E2A1192,Cajamarca,Nuevo,2026-08-29,1,1
3500,3498,C-03498,AC2F5829899D8C2A58C8710051100E3F08F0A70FB38FDE4F908F550821C0D7CE,Magdalena,Nuevo,2026-04-18,5,1
3501,3499,C-03499,CB8D65E1F873131E87B38B98F18177BC41B0F3DB9F21D7D23D267FD975537DEE,Baños del Inca,Nuevo,2026-03-14,7,1
3502,3500,C-03500,A487AE50DAC1F0A4B6394968370F95B1657043087F786FC0BAE1D82ED8480A92,Cajamarca,Frecuente,2025-10-21,11,1
3503,3501,C-03501,50A04DF4AC8AD13A14FF0B15E32F5C38BC577A103C7FB1D1B9450C99E20B87E7,Cajamarca,Frecuente,2026-04-02,6,1
3504,3502,C-03502,CBC1B3F1E2B003448CAD2E055CAFDB04E22879452B560B774EAB1BE7AEC17D91,Cajamarca,Nuevo,2026-01-14,8,1
3505,3503,C-03503,05B159365AB26469A1AA48B39B1D4206B0ABAC3749639C6B17491F7389C681CC,Cajamarca,Frecuente,2026-08-23,1,1
3506,3504,C-03504,8BA22652600E1AD5FAC5FFA4A1000728FFAE50C3B0BA0385EAF7AD97F06BE46C,Baños del Inca,Frecuente,2026-01-14,8,1
3507,3505,C-03505,56CFD837E5EC67F7A1D1A7C99E05718CABFF6C6B38747AFF540C7856027DF80F,Cajamarca,Nuevo,2026-01-10,9,1
3508,3506,C-03506,1786571FACF56ED8E41B38869E6AD3BD95E60E0FBF7D536B3C6966BF9CAC028F,Cajamarca,Nuevo,2025-06-28,15,1
3509,3507,C-03507,8A52CF2CBE573F4B06B901D2F63E395950F5CB9EE563F9067D879593F31AC6F1,Cajamarca,Nuevo,2026-07-01,3,1
3510,3508,C-03508,C81FA4D6B2C2CD64D7DCD10006BAB0C5CB3EBF773E59FD9228465850D7530E4E,Cajamarca,Nuevo,2026-03-25,6,1
3511,3509,C-03509,6ED0A9AB7FC8FBB782C2EAD51E17D9D04D9139C50A30A1871894DD393D0E6A87,Jesús,Corporativo,2026-09-10,1,1
3512,3510,C-03510,6D9963D8D77771701F258F12C24846E93FDCA4CE62F283DEEAE0961E62D4513D,Cajamarca,Nuevo,2025-07-26,14,1
3513,3511,C-03511,8104CA4DEE6E5866661D91FA917F5A7ECFB27E01FEAC2D4142B40AFDF5FD84C2,Cajamarca,Nuevo,2026-01-24,8,1
3514,3512,C-03512,36022D49027A758BC5D38646B9E019F9474AC2C6AB6D585F8D050086223DC401,Magdalena,Nuevo,2025-10-04,12,1
3515,3513,C-03513,3F9C2A24E140D9C4A613F5A064368D381D8BF0C90E068D6BF49983DD950FC405,Cajamarca,Nuevo,2025-07-17,14,1
3516,3514,C-03514,2B5BC7069B6103CB54627EADAE3EE1F8E7E1444C4C5E181721FB74F1DCEB71B7,Cajamarca,Frecuente,2025-10-16,11,1
3517,3515,C-03515,B4752DFD421260E2D7B30698F61BC1DB6AE3974AE528AD969DAFC62965C28DD8,Cajamarca,Nuevo,2025-10-22,11,1
3518,3516,C-03516,811D9FAA886754CF186FD2B6FC58663BD22469685FBBB264F2E502DA4B975203,Cajamarca,Frecuente,2025-09-20,12,1
3519,3517,C-03517,FAFC249C7719ACF0F38F9056E65B19CF42D82F3B9B3B9EB2ADD76B82D3856031,Cajamarca,Frecuente,2025-12-02,10,1
3520,3518,C-03518,819F5FFAA458D8EFE4A22BEBC3EFAE34FD6D3471592E03B51F68DB98ADCE23DA,Cajamarca,Nuevo,2026-01-06,9,1
3521,3519,C-03519,A5257E5B3E2A316A22B5F5416BB8FF92112D7A0B391895A6F2789877B3D314CA,Cajamarca,Nuevo,2025-06-09,16,1
3522,3520,C-03520,A6E868F1E0F528708F9738A3CF367CCCB0263939FD3A40D9C79AB295270633DA,Los Baños,Frecuente,2026-04-06,6,1
3523,3521,C-03521,BAA7DF2B72C6E4817BA23B751651DB345605FF912B1B4A02DD179353DB70FF49,Celendín,Nuevo,2026-02-17,7,1
3524,3522,C-03522,CECB3FD6BE44E4B780B8DE0C24D3CD58D3E479DA53C947D32263F2B8B2AE8A59,Cajamarca,Nuevo,2025-10-02,12,1
3525,3523,C-03523,EAB4511AED8DDD90D0299CCA44EBCD440AD9123E3CDDE8A23A5BBF72AC5634C3,Cajamarca,Frecuente,2026-08-15,1,1
3526,3524,C-03524,09EE868CDA26B06B515476C50B310FF8036B9209F3251278E0C2B5FF74260EB8,Cajamarca,Frecuente,2026-01-28,8,1
3527,3525,C-03525,C09281ECD8694D32A1109FBFC60B7C6AC05EF77FF709E1C79E078B0158F3E30D,Cajamarca,Frecuente,2026-02-12,8,1
3528,3526,C-03526,39A616722317F1416ABEACEE59EAD4FB2327D0EE419F6B6928F2E4C8401485DE,Cajamarca,Frecuente,2026-05-26,4,1
3529,3527,C-03527,2F022CF48D578654CF21B730F51254C6D58A3C38AC2921EC393334E60D14383E,Jesús,Nuevo,2026-02-27,7,1
3530,3528,C-03528,7A98387940368BB0D5349049E1A6806DA31DEEB66B9259CE2E04C69AC36A9164,Cajamarca,Nuevo,2026-05-01,5,1
3531,3529,C-03529,0D3A8E669FC0D38B8BBC04E89985BA3C439A3AED6E4D84632023E8004ED7F0D4,Cajabamba,Frecuente,2025-11-29,10,1
3532,3530,C-03530,194E1D50859E8F028F2CADD74C597CA8F010D1E0120FB3970405DF28052DEF3C,Cajamarca,Nuevo,2026-03-26,6,1
3533,3531,C-03531,FAADE6C3174F0A2D0EFB721509857CAC86B7F9328349EFA03723CC8AB3CA4D95,Cajamarca,Frecuente,2025-10-21,11,1
3534,3532,C-03532,FDF066BE10D1E6571DD39144442978271645C69BB60E0A74CA3475A6E8D6D5F7,Namora,Nuevo,2026-01-20,8,1
3535,3533,C-03533,E7CD8CA8FDA38983DC3E51989C1B5163E07C31F0CF6C26385D47A82A3DBD6091,Cajamarca,Nuevo,2026-06-12,4,1
3536,3534,C-03534,6EBE10712A18C01E879D80212DAF1D311B1305B58819255746EB7176F8AD3D2E,Baños del Inca,Nuevo,2025-07-06,15,1
3537,3535,C-03535,1F382D55961E324E542DD08A65EF5582D1CE9A4B15DD4D34CB299C0AD18A9BD2,Cajamarca,Frecuente,2026-04-10,6,1
3538,3536,C-03536,1976FF05DFF739641F00EFCBDF6F368E350C7478ED0F2F46E0F55ED263D98EAF,Baños del Inca,Frecuente,2026-08-19,1,1
3539,3537,C-03537,F28EB36319C114CBD713A1670E35A31DED88BE58242FA4E7697033C005344DFE,Magdalena,Frecuente,2026-02-20,7,1
3540,3538,C-03538,F6CD07992C468CBC44B7AF2CFB88A59B91694D0FAA211DD4D4AC07E8E8E41E1D,Baños del Inca,Nuevo,2025-10-12,12,1
3541,3539,C-03539,C0683111F9F080B03102EA632AA13FFDE025E609C70547448DBDB766C5ACE63E,San Juan,Nuevo,2025-06-18,15,1
3542,3540,C-03540,22DD398286644DA0942CA922ED2CBC2AB4EB98CE056C75E6E73E9DA012CBDC69,Celendín,Frecuente,2026-08-27,1,1
3543,3541,C-03541,93F9241A662D42E6E2B35E4838F60AC0CE7BC22C66210C2062B8BA7D0CDF2AA9,Cajabamba,Nuevo,2025-12-09,10,1
3544,3542,C-03542,3E7154BBC6202879D29D68B39E767AABDC0F0F44D49B9D2EBD1C59E66B1FFC25,Los Baños,Frecuente,2026-02-19,7,1
3545,3543,C-03543,F7E54CC713F3BD8A5DF8F213E796E56A30D7995B796F2C6D95870EC9E6EE8762,Cajamarca,Frecuente,2025-09-17,12,1
3546,3544,C-03544,EB12A774018021514CA0282423799BE89A0DC8CDE928BC6CD8D0C3AE1186E5BB,Cajamarca,Nuevo,2025-11-20,10,1
3547,3545,C-03545,BB40524316D35F2B23F8D288E12700913CE07641C6682B98E266CF5E4D1C6C0A,Cajamarca,Nuevo,2025-12-17,9,1
3548,3546,C-03546,17DEA2874CFA02D1612EADBFE4E0E9F974A96C6A106A25EC8A0C17887CC09821,Namora,Frecuente,2026-07-21,2,1
3549,3547,C-03547,810AF1B2C2C2D8C696E046475BFABC8552DE0DEF7FA6A6737AE5A716645843FB,Cajamarca,Nuevo,2025-10-28,11,1
3550,3548,C-03548,3B718AFD0F6135F4A8633AF52F8CE690F7DC17C31D3C0CF9A9213724E10FAA7C,Cajamarca,Frecuente,2026-05-20,4,1
3551,3549,C-03549,E8EF47C18FF03D190203DEE9B07E31CD3038E71C739318BD065DA882D3808A7D,Baños del Inca,Frecuente,2025-12-19,9,1
3552,3550,C-03550,AB2600E438AE4A142085F4D817684629AAC1C2611EB0F7BD1B07B7C63B111502,Baños del Inca,Frecuente,2025-08-02,14,1
3553,3551,C-03551,318894B195ABD96250CB59006AF73E3483067A114D3C716119683C12BA400B10,Cajamarca,Nuevo,2025-09-27,12,1
3554,3552,C-03552,4323990DD3D0297A1C33FFC70E73137D83042F0C6EA84D555A7F187ECF28CC7A,Baños del Inca,Nuevo,2025-12-18,9,1
3555,3553,C-03553,B7C9FED59E540B8EDCE1BA40266F5282224884A8E5896AA0C85F47AD161655B5,Baños del Inca,Nuevo,2026-05-18,4,1
3556,3554,C-03554,18E9317C4191F29392F8F5834C8B17C97D675F25A89B0B2D30D4E106DEBDDFE9,Baños del Inca,Nuevo,2026-03-22,6,1
3557,3555,C-03555,90AF407D1D92163502B3571DCC3E47E6AF03046FA0CF935359FA05C79EB5DA3B,Baños del Inca,Nuevo,2026-09-06,1,1
3558,3556,C-03556,A5CA5A1C60C59AB84C33788637FDFCA736C5C4BF4143465696BDCB9FA99A8796,Cajamarca,Frecuente,2026-08-01,2,1
3559,3557,C-03557,F2B520FEECFC78A7AFA260D83C7B6B84520A544B3AAFE1EBCDF7B5357670C396,Cajamarca,Frecuente,2026-04-20,5,1
3560,3558,C-03558,DCEE8A2CC33B2C974DAFD63F68A55D04152C0B3615D1F9EFCE9E8B47BA264768,Cajamarca,Frecuente,2026-07-23,2,1
3561,3559,C-03559,5A9780D70E23E338B98EA643860011446009BEFC511C9752673636A14447BF0F,Cajamarca,Frecuente,2026-08-15,1,1
3562,3560,C-03560,E7C1045EAF641C15E8A694CD8CDD5F0630A50B065542CFEB3D2C101EF04ACEB1,Cajabamba,Frecuente,2025-09-09,13,1
3563,3561,C-03561,EBDB6B0C9C4DBBCB954BD1D2B59F2F14ABE732C7208E3E827F395A66968D5037,Cajamarca,Corporativo,2026-05-13,5,1
3564,3562,C-03562,E26D2D7104A7CA5AF63248CC4917A92E8BDB6A5BD68678FF26E6FD540702B48A,San Juan,Corporativo,2025-10-14,11,1
3565,3563,C-03563,5E12C5562CFC18FC816514376587C25E608BEC913FEE68C4C57A06981E9F56FB,Cajamarca,Nuevo,2025-08-28,13,1
3566,3564,C-03564,94C7651CCA7B29F61C7FDE13DC0ACA27B8D48830F6EFB5BB81FA0A5D99B43DC0,Cajamarca,Nuevo,2026-07-14,2,1
3567,3565,C-03565,6DE9FD7BB6DB99E9D3F0FFB25338703654826C242072B8293572DBB08E11A402,Cajamarca,Nuevo,2026-04-21,5,1
3568,3566,C-03566,CD2B3E8E1B3E2E5178F3FED7AC84208209CF5D78C6CA0AA78224DDC886CE26F8,Cajamarca,Nuevo,2026-08-06,2,1
3569,3567,C-03567,BA80B87B7FC2A718DD4727F43F0CFD3CA05B31DAA406B5B60708E14F50C6F8DF,Cajamarca,Frecuente,2026-03-08,7,1
3570,3568,C-03568,99B48DDFC1507660FB7EBA0BC1CBE6730B196C2230431A41B4CD29BDCF6BE6EB,Cajamarca,Nuevo,2025-06-24,15,1
3571,3569,C-03569,AB06C535DAC6563EFD05666DA09FA31661811E4902911D9C304DAFCD0B086E14,Baños del Inca,Nuevo,2025-12-17,9,1
3572,3570,C-03570,169CC295DE1156F01ADC4F648D270988A8C74A127C7A9F2EC9EA74D671DA43AA,Cajabamba,Frecuente,2026-02-27,7,1
3573,3571,C-03571,9684B76125AA3088C588021FC6C9FA5DAAE7E912128D656C04435D5D61B5DAFB,Cajamarca,Nuevo,2026-04-02,6,1
3574,3572,C-03572,A78078A05D2B629A99F1F34C512DE40EBD955150C27F2B19A6EDF5218CA3DC2C,Cajamarca,Frecuente,2026-08-11,2,1
3575,3573,C-03573,A71BA930198607F2BBEF26674DD2DAB426B943CBFF869F08521E5D74138920C8,Cajamarca,Nuevo,2026-02-06,8,1
3576,3574,C-03574,7E6852EA73F84EC2A55B9CD994EB588B55B19B6BEA29A900944D0F25128A4311,Cajamarca,Nuevo,2026-03-05,7,1
3577,3575,C-03575,D1E4A21C5A50AFF194F8BC7C9DFCE555E14EF5E31C3A9C8DC5FDF1500C040135,Baños del Inca,Nuevo,2026-03-29,6,1
3578,3576,C-03576,C66E597D2934F93F3D0B881303E5DB9C41FF77A20A4D9400CFBC7B15F68D5D72,San Juan,Nuevo,2026-04-08,6,1
3579,3577,C-03577,618657DA59C468331CBCD7BA2837B03167F26C7814F913B024C281021B2B1053,Baños del Inca,Frecuente,2026-07-18,2,1
3580,3578,C-03578,86F7A24C887BCC96D28C9021230D1B5782D6143BDF70F57416B1B4278DFF0773,Cajabamba,Frecuente,2026-04-12,6,1
3581,3579,C-03579,D6F289A303BC0E1E5DB8CF54053D8E2E667290E8B88BDF1ACA58A2134ACF0A03,Cajamarca,Nuevo,2025-06-29,15,1
3582,3580,C-03580,A6601E8C91A545DA6BA4F16523AF8EE0DDC25CEBB89DB27A60A6A918CC5DDBD4,Cajamarca,Nuevo,2025-07-22,14,1
3583,3581,C-03581,F52E5F5D0D302BE711E1916DEBFEB0DB8AABEE017FB5DE407354F5FAE33708F5,Cajabamba,Nuevo,2026-09-04,1,1
3584,3582,C-03582,696612A94D2AEF742CF5384059F6929D281A8CB0200E690013E131F7CB68570F,Magdalena,Nuevo,2025-12-21,9,1
3585,3583,C-03583,989E2EFE919C6AD4923CC0CF18C27FE890A298897B8A268AF75AF33D13A0B73C,Namora,Frecuente,2025-11-22,10,1
3586,3584,C-03584,B045BAB7443490032973F1176B9E3011C28DD8939C5792320DD12F5F4FA22A17,Magdalena,Frecuente,2026-06-23,3,1
3587,3585,C-03585,3D35BBB6916FF4F965CA93C97B5886910605F93349CBF323372A300B9A659D39,Cajabamba,Nuevo,2025-08-18,13,1
3588,3586,C-03586,6043975A9D473411A8FF87A1299C9336F37941E2B4FD873291274F947DFB824A,Llacanora,Nuevo,2025-12-14,9,1
3589,3587,C-03587,3771BD949BBEE3F877E06F7F260229D2255D1CDCBD02905341CE2D958D350D00,Cajamarca,Corporativo,2026-07-08,3,1
3590,3588,C-03588,DEFEAA2F37B09BBB187627E7C95C1507E9871490576B791CDBBACB88452B4059,Cajamarca,Nuevo,2026-04-19,5,1
3591,3589,C-03589,F4199F6E5D6D1C86B7D3B3CC0824D2794F1C9C1A8EEC46F04BDCC53D0429D4AB,Cajamarca,Nuevo,2025-07-25,14,1
3592,3590,C-03590,A3B879D501A1886794E661CA602B8C20C7D68F31D531F9D84C6822C2E1FFA891,Cajamarca,Nuevo,2026-01-25,8,1
3593,3591,C-03591,C4CF2CD6C575A8DCE054041D1370B853EB53D0917F813AF179EF19DD39029ABE,Cajamarca,Nuevo,2026-01-09,9,1
3594,3592,C-03592,F2F8B108D88B3FF484BE5C8258930AB498CDE1A173A62823768B0A42AAB8BD8B,Cajamarca,Corporativo,2025-09-04,13,1
3595,3593,C-03593,F40D41EA167796E349A50A766C45F8A9DB1CF7D47010326A7534899DAA1A52FA,Cajamarca,Nuevo,2025-07-19,14,1
3596,3594,C-03594,4DED6E19A7E7627A84F7EDCCCD06F5CCC779CBCC3B96F3BF780BE6AE54DA46EF,Cajamarca,Nuevo,2025-08-11,14,1
3597,3595,C-03595,87B10CF26B441229562C0D1B5F03455212AA90AF6CF0727448A23093335F1EA2,Cajamarca,Frecuente,2025-10-14,11,1
3598,3596,C-03596,D94805DC1EBED08A763E0CB60D8E2FD8784D94487FFF50D1D999DB15122C58A5,Cajamarca,Nuevo,2025-09-23,12,1
3599,3597,C-03597,011DD77A4A10C83B5B9AAC3D75DA25C4E48B9A780B8EFC3C8133F5BADAA17C89,Baños del Inca,Nuevo,2026-06-20,3,1
3600,3598,C-03598,C5B80B03861D3BC0CE3E85A3D33852F072A279A0B7763585A4C585928D76DCE6,Baños del Inca,Nuevo,2026-05-14,5,1
3601,3599,C-03599,46912DAFC4F5136390D034275C0EC3D4D14C2DC865B4377C2906F0E54C178444,Cajamarca,Frecuente,2025-07-18,14,1
3602,3600,C-03600,1AA720E5032F933B623FB2662FB787C2D50DFF6844FDA2FEDA40D6E6DED26910,Baños del Inca,Corporativo,2026-02-02,8,1
3603,3601,C-03601,0FAAFDC4484164C00F81F580DAC36BB78C6C7222565730158286345AD556392D,Baños del Inca,Nuevo,2025-06-01,16,1
3604,3602,C-03602,3E104C4936378306F0D63450A874568EF38742C6B2B29A5021E69A843D20486F,San Juan,Frecuente,2026-04-26,5,1
3605,3603,C-03603,0884B458FE50AAE12D4362125932DE20A7D8EB38A352AD1F3673A90ACCBEE360,Cajamarca,Nuevo,2025-10-27,11,1
3606,3604,C-03604,CD636D5DAEEFB3EFD5771B547D74DCA95FEE6383D94E92EA49A4CD1CC4B9339B,Baños del Inca,Frecuente,2026-09-11,1,1
3607,3605,C-03605,95F8EC6A4945893ED55D556E0440093B3EFDF3FA96BC857FBB277C5AD5C2B0CA,Cajamarca,Nuevo,2026-06-29,3,1
3608,3606,C-03606,4691F0CBE584530FE0CE234EDBCCB935095D052B4CE760942102358742D75B6D,Baños del Inca,Corporativo,2025-10-22,11,1
3609,3607,C-03607,62AA683B6F492B4E111C33650B7EAFE88BAD92CC0863DC2978EB423F20047EAE,Cajamarca,Nuevo,2025-11-29,10,1
3610,3608,C-03608,CE832985267905ADEB9678FA6451EDD88DDE46E5C7968DE3CB1BE55DB1489DE5,Cajamarca,Nuevo,2026-07-16,2,1
3611,3609,C-03609,C787AEC3CF7D797CBAFE5E32E4146E6AB788DAB188B09D8AA60F2C0399154C0E,Cajamarca,Frecuente,2025-11-26,10,1
3612,3610,C-03610,23412D3B8E5B8C9118EF06DED68D76A3C09098EDF3520DE371A379A3754D6DB3,San Juan,Nuevo,2025-11-20,10,1
3613,3611,C-03611,1E430F9A7FD66AF9103F5D6065AE40EC32A2EADE8322584071D997E1C4D26C99,Cajabamba,Nuevo,2025-10-14,11,1
3614,3612,C-03612,53E8955D6D1DE23F5A26256EA1B947F5B7980E00AC65F868F5C4E2A92A3C1F28,Cajamarca,Nuevo,2025-06-22,15,1
3615,3613,C-03613,997ACA66BEF218CC8E80C1B002450E80F357F117323055EC171F264BC57F3DF4,Cajamarca,Nuevo,2026-02-18,7,1
3616,3614,C-03614,CCA7E0C74113FFF74F389DC76AAF00548B07BB2B2A9D681D37DC7217192D63B7,Baños del Inca,Nuevo,2026-07-20,2,1
3617,3615,C-03615,1F2FE2BF26F68AEC0419CA1B4829D8A74DA2143A5E03C021F71E227762D26B87,Cajamarca,Nuevo,2026-02-13,7,1
3618,3616,C-03616,EE5550564B72ECD134EA0079EB6C85ED815E3D62DD251D661F1665D0663601E2,Baños del Inca,Nuevo,2026-04-24,5,1
3619,3617,C-03617,463009BE90ECEFB6CFAD5F8A41CA66859959EE6B73D66C731948D86599A0C8C3,Cajabamba,Frecuente,2026-06-10,4,1
3620,3618,C-03618,E7D4BF93335DD3C7CB8F01E5B4981A9483E2BE351B9BB2BCDBBAB630FAA7A815,Cajamarca,Nuevo,2025-08-02,14,1
3621,3619,C-03619,6FA1E7513E836FFFFDD068D9CBECD3572C89E930EE4A0D466A3FB4E252BAB140,Cajamarca,Frecuente,2026-07-17,2,1
3622,3620,C-03620,63DCA0C9475CA7019FC7EDFA40C91A4C0E191BBCC91D98B12AA83B6330659697,Cajabamba,Frecuente,2026-06-03,4,1
3623,3621,C-03621,A48137DC47CEC054553B25661265036BCC883540032370DE984EBC1111385829,Cajamarca,Frecuente,2026-03-28,6,1
3624,3622,C-03622,7B9AB5413A43FD942052D339C38FA6E683ACF87859C6CF742324E17CECEAEDD8,San Juan,Corporativo,2025-06-12,16,1
3625,3623,C-03623,BC212627D69D1E510712A461831100EC2E59150126A14EC0C2CC502EFC2B2C74,Cajamarca,Frecuente,2025-11-27,10,1
3626,3624,C-03624,AA14878651DA716642F2CF5F0336F2C126ABFCE2F2F0974CE71C193D02B01274,Cajamarca,Nuevo,2026-06-11,4,1
3627,3625,C-03625,9C434AB7FA87FDD7D364DD793AE2311EE305729CEC7EE82BC5D098D8C5EE8545,Celendín,Frecuente,2026-06-19,3,1
3628,3626,C-03626,B48549993A3D75E50850EDA321264FFB1B348455046974994DBEA522372C825A,Cajamarca,Frecuente,2026-04-07,6,1
3629,3627,C-03627,8AD409600A2906779F773AC872A97605F20B600EC76C4B4F05C8E7654192E8F8,Llacanora,Nuevo,2026-05-31,4,1
3630,3628,C-03628,C29CAC1E1E5AF134689D97751F06B71B4F646814A462E28A7EB8D2C4BF8E0035,San Juan,Nuevo,2026-02-05,8,1
3631,3629,C-03629,DB96C8659F8DD06DF6FF01D449414B10DAACC40BE79C11D92BC7322BCC6CBE30,Jesús,Nuevo,2026-04-13,6,1
3632,3630,C-03630,2B46087ECE2A213DA24B915752F3BD27451E21208745F1733A100DB4E68B5642,Magdalena,Nuevo,2025-07-25,14,1
3633,3631,C-03631,24229EB81398D8FEB693617FFD054B1E60D2629A3BE72329230118781746ECDC,Cajamarca,Frecuente,2026-01-06,9,1
3634,3632,C-03632,D04E0CB2007F6829CD61B99B01871DF585AF5E4D257E326396E16CC6E054835A,Baños del Inca,Nuevo,2025-06-21,15,1
3635,3633,C-03633,B354A6BB6E66747B4A432E3D2B82A0A47E2F184B9CB29188BF28F445052B3422,Cajamarca,Nuevo,2026-04-13,6,1
3636,3634,C-03634,E2B1C67705A9A3B02BA30195AF229A801970A6460A0B7D2951FBB82D223D9289,Cajamarca,Frecuente,2025-12-23,9,1
3637,3635,C-03635,B6326B430989DB1B55194B362CEC050AEB324165110E04AFBE363292746EEF0E,Jesús,Nuevo,2026-05-22,4,1
3638,3636,C-03636,,Cajamarca,Frecuente,2026-01-22,8,1
3639,3637,C-03637,29B7CEECE6F96C1C069786E6D1DEFC98968E36B6A23FC080DD947913F0F3BBCE,Magdalena,Frecuente,2026-04-28,5,1
3640,3638,C-03638,5B6A6F58E6225F042634320930DC4251B87934A0A512ED7C17C8D58A0A95142B,Cajamarca,Frecuente,2025-12-10,10,1
3641,3639,C-03639,1B0A4B7123083771BF5428F8D518FCE0AC9D3B58DAFCAF91DAC242F116623C53,Baños del Inca,Frecuente,2025-09-28,12,1
3642,3640,C-03640,431E30690A4EA329AF621677D3EEE10D184CDBA8A6B2F36462FF66615D83D083,Cajamarca,Frecuente,2025-06-10,16,1
3643,3641,C-03641,E6D74EC46AF57050205649E6770DF07E7DBD8218A828F7E4E9DA9CEE7EF46CA6,Cajamarca,Nuevo,2025-07-16,14,1
3644,3642,C-03642,8A67B3C300DA65872C98083D27CCA53B459789D9456FB3E5A8584F1C91BFF35F,Baños del Inca,Frecuente,2026-08-21,1,1
3645,3643,C-03643,28664FF0E448AAF1114832CCBF7C599DC27926034E82C43D873B366B9CB18E29,Cajamarca,Nuevo,2026-03-27,6,1
3646,3644,C-03644,53A2AE260981A757A07965283305C106A59F709B556EB3D81E5A5F7744992B85,Cajamarca,Nuevo,2026-07-08,3,1
3647,3645,C-03645,C4177BB54B94CC491A5340042B607B86A525E5CE83D7F65A8D960C260768141E,Los Baños,Nuevo,2025-09-07,13,1
3648,3646,C-03646,89EE0CF2E69FC9006F07A15F134EB823035B9FFB94408EFC77A62CAE574153B8,Celendín,Frecuente,2025-10-28,11,1
3649,3647,C-03647,0053835802A2AC08701E77AA68D945ECCF6FF91946EDD182C985EC23E76FEFBF,Baños del Inca,Nuevo,2025-10-11,12,1
3650,3648,C-03648,12DB5E2E52E9D1A357B961332EBAAEB58BE6082FB0946E3AE9BAF0B67D67B4E5,Baños del Inca,Nuevo,2026-04-07,6,1
3651,3649,C-03649,FAFB493B68C484C08B02452123BD54F2AC876FAA3E2013BE28222D082CE78FA9,Cajamarca,Frecuente,2025-10-28,11,1
3652,3650,C-03650,2420BA511EB9157A8CE1729363105BC1E3B6C59F6007659A34C25DD320C62ED2,San Juan,Frecuente,2025-11-05,11,1
3653,3651,C-03651,F4AC7EC03120DE7718DAFE09BBB312FA928440EC0B9F88D1749365BB61C666CD,San Juan,Frecuente,2025-06-09,16,1
3654,3652,C-03652,D22E6016BBDBF5148E463337070BEE44876731B62A54A3B64316F403F4072BA8,Jesús,Nuevo,2025-11-03,11,1
3655,3653,C-03653,267891632C51F85B2FA6D2BD58F67BF3B644BA794C03B89FEB450C538DF353FF,Cajamarca,Nuevo,2025-07-15,14,1
3656,3654,C-03654,E79E06141796E0C2D3A9BA446A0ED6103CC073EB8A13AFF6ECA54E2DF863A03C,Baños del Inca,Nuevo,2026-02-28,7,1
3657,3655,C-03655,0FCC275E62710930209A5615BD20A00BCD5112A94D927FC4748B4A09EC1FB464,Celendín,Frecuente,2026-08-09,2,1
3658,3656,C-03656,D9C24BB1DDB6BC1D6AB77397BD9A84F959DFF7D0BC0EB51D3A6684450BCA5C95,Cajamarca,Nuevo,2025-08-15,13,1
3659,3657,C-03657,0A42B92B07591CE1BB7521723AC1B7D898FF1D44C64915F22001CF6DAC469A79,Cajamarca,Nuevo,2025-07-18,14,1
3660,3658,C-03658,14988B4CAD87B95A385763EEB922AEFAA4CD66D7686855F168110444AEE82E7E,Cajabamba,Nuevo,2026-09-12,1,1
3661,3659,C-03659,07022B39DA0CB69D4DE8E372D5260F2592D995A70931690070E38073430C2167,Cajamarca,Nuevo,2026-02-16,7,1
3662,3660,C-03660,7CEEDC7B6007BC717B086CA64CD17912F799D0AAC0DDED39E3CDC0AF6E75208E,Cajamarca,Nuevo,2026-07-23,2,1
3663,3661,C-03661,919A10D068B5616B37ED30B005641DE7A021126BFA61417314E06A7BF12E0BAE,Cajamarca,Nuevo,2025-09-12,13,1
3664,3662,C-03662,A1DD016E94C11B799AB87D03A8EFE4AC6A1494BE2D2F10DEFAB9958E0118309A,Magdalena,Nuevo,2026-06-11,4,1
3665,3663,C-03663,1398ACFDA674E2A44048C47041749F0095442EA991E988672CB9C098639CE4C6,Cajamarca,Nuevo,2026-04-08,6,1
3666,3664,C-03664,8354919EA74701170ABD18ED79A02FABC2EFCD1FA980D0130483E18974B7F019,Los Baños,Corporativo,2025-09-02,13,1
3667,3665,C-03665,33698770FDC5C9D14DA1BFC38947610156EC0124516C733507F92DA2B580BABD,Cajamarca,Frecuente,2026-08-15,1,1
3668,3666,C-03666,D4A3FA0EA8255130517E2553D638C91E05AE0AB6B04B20ABB514AFE45D1F57D5,Baños del Inca,Nuevo,2026-04-03,6,1
3669,3667,C-03667,9717E7DBFC468CC667C5F4FB8719F507C954C2CA312D784C589B1E8B8C2A4CC8,Llacanora,Corporativo,2025-09-03,13,1
3670,3668,C-03668,818CF46E17D2B722979C8BC95DD5E414ABDFDF6194CB39542588ED70594E90D2,Cajamarca,Frecuente,2026-05-23,4,1
3671,3669,C-03669,E5F9D2822B3295BAD5F6EFE23A9E4897F6CD9726297871B75D93715F2F12F5B0,Celendín,Nuevo,2026-02-13,7,1
3672,3670,C-03670,CC0A3179F7C1597181679082F26B2A8C8F0F4A691416C3DB60093F1FEBC31F54,Cajamarca,Frecuente,2025-07-22,14,1
3673,3671,C-03671,3E0FE6454A1E82C5C433AC4EACC5D446D1D22CC905DA19D3C3500A3BBD1435F9,Namora,Nuevo,2025-08-23,13,1
3674,3672,C-03672,1D5DE8858BB93B5E4273D3AB797DD04F7C20D7C0F8C76D4C13EA915DF8508B95,Los Baños,Nuevo,2025-10-13,12,1
3675,3673,C-03673,3CA94C4394CBC041A501E208BEC9A15D85530C5A9AE6D465AFA73AF141CFBAEF,Baños del Inca,Corporativo,2025-10-30,11,1
3676,3674,C-03674,7ACA6D2FEB2256D0B250596E4CF9D849D78A3812110B25CCB90839A10F861567,Cajamarca,Nuevo,2025-08-30,13,1
3677,3675,C-03675,B252010B962FDCE342118B2916C62D6E49110059E470DB0DDBAD1D9830C49BAF,Cajamarca,Frecuente,2025-07-29,14,1
3678,3676,C-03676,016CA2CD55CAE06FEB224BC6D3C8F4D44596C3B87A43413779B726C08F976CCE,Cajabamba,Nuevo,2026-08-01,2,1
3679,3677,C-03677,2540346F1E0D7417470CE7E480B04C7B58A895E5375967026B35FF7182A0A49B,Cajamarca,Frecuente,2026-05-15,4,1
3680,3678,C-03678,38782AC871A3651DB0F173D3B0B91A10E0386D68BD33A97C988F15DD81A2FCAA,Cajamarca,Frecuente,2026-06-02,4,1
3681,3679,C-03679,467CB34DFB7D51AA8F6A688735FF9DF92258FFBCF7DACD86261636BFF32CD691,Cajamarca,Nuevo,2026-05-26,4,1
3682,3680,C-03680,F027CFBD26FC8D0B8A02398CC874FAC9183E828D3073B7810A6335A6806624F0,Cajamarca,Frecuente,2025-12-26,9,1
3683,3681,C-03681,F3680269A67E291291D9442883683432F7F7D4DD0A96BA557F58CACCD3CF414A,Celendín,Nuevo,2025-08-08,14,1
3684,3682,C-03682,,San Juan,Nuevo,2025-12-11,10,1
3685,3683,C-03683,1FCBF471207BBE06394DBA247BADD032A178842014061FC3B62222FD4374A8E6,Baños del Inca,Frecuente,2026-06-30,3,1
3686,3684,C-03684,A59D974BA3EF559217811EA067EA09AC9E51D221B70B99A929982998B9DCAC87,Los Baños,Nuevo,2025-11-29,10,1
3687,3685,C-03685,D2E48E711DC25EC386609274C53A369315E6BF4985F1C917E4559BC0AA6F78CE,Cajamarca,Nuevo,2026-01-02,9,1
3688,3686,C-03686,34C6240443DE90D22418ECC91F535A62C957A085DCDD5F3300AFD00FAEC42368,Cajamarca,Nuevo,2026-02-05,8,1
3689,3687,C-03687,A86DADB1A9346C8FBD50CF4D0EE15D1F54FA2526EDF7098B311F319A31C36A97,San Juan,Nuevo,2026-03-14,7,1
3690,3688,C-03688,1580EB9374A8EBF0AB8CE2212EDA000FE22031A8F9DBF1AFE723342CE8C9DA25,Cajamarca,Frecuente,2026-08-07,2,1
3691,3689,C-03689,441C71C9DD422AD00E21FEA6C0B0A752CA75F5C5ADBAEE13221A49FF73A3B55C,Cajamarca,Nuevo,2025-10-11,12,1
3692,3690,C-03690,,Cajamarca,Nuevo,2026-07-18,2,1
3693,3691,C-03691,6CCDD1A53F0955BBB7B19A2916550616E32DA2B6ECAC4FB817FDE1D18D8919EE,Baños del Inca,Nuevo,2025-12-24,9,1
3694,3692,C-03692,7F28F66DBF66AFF9895B09B42B0C06FAC3E6F663007729514B534AAA501A9154,Cajamarca,Nuevo,2025-07-09,15,1
3695,3693,C-03693,7623138AB802415190475C56A270FEEDB7A55B2CC8E374C27B62BFC34120AD36,Baños del Inca,Nuevo,2025-09-09,13,1
3696,3694,C-03694,83677531B049125BE4B75FE10AA0D8DFE7B702BB1E4AA1761D5578981B4AB045,Magdalena,Frecuente,2026-04-14,5,1
3697,3695,C-03695,8DCB32D54C6DE0DBB2E007CE81600715CED2F4CBB493E9DEEEC705CC26EBBCB0,Cajamarca,Nuevo,2025-07-31,14,1
3698,3696,C-03696,9224FED98BFFA4682A82BF20AB9A19C7970385508B14BC4C6AB14ABFE7D99557,Cajamarca,Nuevo,2025-07-29,14,1
3699,3697,C-03697,CF0D00EF25FA55A546E342B4DD473FAA585812812FB878901BE45F16BE8414FE,Cajamarca,Nuevo,2026-04-02,6,1
3700,3698,C-03698,C542DB4AE5A3589372C19CE9277C9BA9F2F03C1FA41CB8CE812ABCBB830ED9F8,Cajamarca,Nuevo,2026-08-07,2,1
3701,3699,C-03699,F5B0D3961428BE386E0B161C3B97B6AF82E532D98CBC8F6DB298061EE9E92A91,Cajamarca,Nuevo,2025-07-16,14,1
3702,3700,C-03700,8CF77B3482027907A646DDD77DC36111CCE25DF5935F02BE116B7629F8FAD3CE,Cajabamba,Nuevo,2026-07-17,2,1
3703,3701,C-03701,8946AAE7938CAC98C2BFEA48CECBB896EBD13F32BF56C30F782D917CA48A9753,Cajamarca,Nuevo,2025-10-07,12,1
3704,3702,C-03702,56480D6F276887D8E0B6FDF004218E77F5A6ED87B7D1CF73AE8B8AA4D9E4137C,Cajamarca,Frecuente,2025-08-03,14,1
3705,3703,C-03703,F10A107BDD8C2DC57772224C523538B2E3854970AFB6096BE97F7135A2340330,Cajabamba,Nuevo,2025-07-15,14,1
3706,3704,C-03704,DBFC15F7757F77B951E7EC41562C2F409668078A7F0F643473A1B04D9F3B6C1E,Baños del Inca,Nuevo,2026-07-27,2,1
3707,3705,C-03705,18C69ABC952DCC538B39FDEE3FA8C51D113286278A14B565BAA8DECE52743FD3,Cajamarca,Nuevo,2025-07-17,14,1
3708,3706,C-03706,F93A4B5B65A9F4AEB13F58602D5ED8BE3678EB446FFDA17CAC15EFCE9467C05E,Cajamarca,Frecuente,2026-02-01,8,1
3709,3707,C-03707,0E048D9F795C3EB9DBC44966AC799EB87321D5FB6F39320D9BDB303376A05148,Cajamarca,Nuevo,2025-10-24,11,1
3710,3708,C-03708,3C93EEC7BD8DC87B6B3C6806F529E8E48364939FCE0D5C5F1E6C57EC8ADA43BD,Cajamarca,Nuevo,2026-01-16,8,1
3711,3709,C-03709,B5D38A32F738170838798040FAAE6E81570A154E494C8C3E43B5DF20FB888978,Los Baños,Corporativo,2026-04-25,5,1
3712,3710,C-03710,A850F91D5E1A337C13D008EE8CB52610947BBE120FC1F1068F7B39D08A7E6FA6,Celendín,Nuevo,2026-01-05,9,1
3713,3711,C-03711,ACBB6CC8C3FBE942723F48377779F16895EA4EDD57C587B4A421D5494A4B4A96,Baños del Inca,Nuevo,2026-01-13,8,1
3714,3712,C-03712,BAA44D377E2A82D9846CD84B7406FC271AC61A78FE5158315BBF47874E0AB3FE,Cajamarca,Nuevo,2025-11-27,10,1
3715,3713,C-03713,29831EAC779048C63F140AFA2A0A0132A082C0C37B32599BA25CBC6193CC5B04,Baños del Inca,Nuevo,2025-12-29,9,1
3716,3714,C-03714,F303117FADE890A68DA23E8F762B44CE1738E5545079C5F8D9BEBECDF9544AF9,Cajamarca,Frecuente,2026-01-14,8,1
3717,3715,C-03715,D794DC1FF46F1E30993C2EA03CE35942FB85CBF342DC54AC8C8CA0B4906E841D,Cajabamba,Frecuente,2026-06-12,4,1
3718,3716,C-03716,5A1D69412B9DE6200C1FA4AFBDD3A58FDEC46537DB66F7055AE55DF96706C26A,Namora,Nuevo,2026-04-06,6,1
3719,3717,C-03717,3428968BD93FCC8048B7DBDAA99025960BEB6F65B309FB04B3C6708E03FA0CBB,Los Baños,Frecuente,2025-11-30,10,1
3720,3718,C-03718,5BCC492AAE469CD3006AC46D52E786969340E7DB847DEFD5E0B0AABB6C289223,Cajamarca,Nuevo,2025-09-07,13,1
3721,3719,C-03719,FA6FF8922713A3D214D68E4C46E3D480E86FA896BFE6340E8859527076ECAF71,Cajamarca,Nuevo,2026-05-14,5,1
3722,3720,C-03720,F088AECDC04F85E0A27165C80EC3A40E2C3618124D666522EC8CD3B43931800E,Celendín,Nuevo,2025-06-29,15,1
3723,3721,C-03721,C1A0A2A1711C7B1030F4AF9A879590CF29A07186F2A5F817612A07336BF992E6,Cajamarca,Frecuente,2026-04-11,6,1
3724,3722,C-03722,BC2FD4D1D3AC58A9F0792A57CAF6AC9CF9BD16F56F0D67E3E22104EDFB7F6B42,Baños del Inca,Nuevo,2025-10-29,11,1
3725,3723,C-03723,97EF4A5F2A2983855C4B037E98E36D38D47AD1529876E39D73488A236806A7B9,Cajamarca,Nuevo,2025-06-02,16,1
3726,3724,C-03724,964E40764BD93C71EF45C09BEE10073A483D605DD7263A423542A30DBA64CEB9,Cajabamba,Nuevo,2026-06-30,3,1
3727,3725,C-03725,931BB79203D580A10B10EFFF28BA229DF3CE2AC5F4536CCA0F9ABD72F0FA0E64,Los Baños,Nuevo,2025-12-25,9,1
3728,3726,C-03726,5B408C0B125AFFADF58E02B5C1B00A31AE83AB2272E7FC011352C5BEA70E8E18,Cajamarca,Frecuente,2026-06-23,3,1
3729,3727,C-03727,11D9AA48AEEAEE18E9207FB209985396E54ADD8F9E7A0069A3CD396963039C79,Cajamarca,Nuevo,2025-06-06,16,1
3730,3728,C-03728,FE195B2AB860329169B3A3B061F9E72BB54F08C51F38B0FC9A47DA12EA1F90DD,Cajamarca,Frecuente,2025-06-29,15,1
3731,3729,C-03729,6BC96D37608B354D476B142A89B4B00CD237D9147B3CAB1AC0B7F9D8B796FEE1,San Juan,Frecuente,2026-05-04,5,1
3732,3730,C-03730,D177F28BC40D157FED4F32BF8023F86ADD883A145D75BD29DEAD37BB39FE0D73,Baños del Inca,Nuevo,2026-01-14,8,1
3733,3731,C-03731,0A59A9676D0EE5BB92F43F0BFEA05EA3DDFA697F7F9DD0C734F1B1FC0ABD5049,San Juan,Frecuente,2026-03-19,6,1
3734,3732,C-03732,B5FD149F34727BD4C43097096DC50325D7897F3961F7BE4D14064E4FE5D79D3D,Cajamarca,Nuevo,2025-12-12,10,1
3735,3733,C-03733,9632110F6CD9A484C260BBBF1C590AEDD62D97F64196D80CAF28B8E43563581B,Baños del Inca,Corporativo,2025-11-16,10,1
3736,3734,C-03734,6E96CE61592F3722D9C8BBCAAA6DEF51A23A66765C27A0387B2A14CE685AF82B,Cajamarca,Nuevo,2026-06-26,3,1
3737,3735,C-03735,2846D37046D972F586340B701F624B450B262D7029AB816762F4ED6B276065EF,Cajamarca,Corporativo,2026-08-28,1,1
3738,3736,C-03736,05D533C683D899AFFA96061486EAD7DC5AC066BA93A20092E23D9BA961C70084,Cajamarca,Nuevo,2025-12-19,9,1
3739,3737,C-03737,DFFCCDF313C87B67EE043D69F54D6481BEF100318D2B123FA15B9202660CE8AB,Cajamarca,Nuevo,2026-06-28,3,1
3740,3738,C-03738,0EE1497239E82A67F88ECD9C196044AEB7C003B8A5E75C49A0BD6A39744BD35E,Cajamarca,Nuevo,2025-07-10,15,1
3741,3739,C-03739,E7D502525B415FCBEBE09959251E7759EA24285513D825648A4611ED80201BA5,Cajamarca,Nuevo,2026-03-11,7,1
3742,3740,C-03740,2FC0F88F44E556FF9739DD3583ED0E3F61CB4A014D2D40D0BCC1B11BDB85F30C,Cajamarca,Nuevo,2026-07-23,2,1
3743,3741,C-03741,D1ABD6F92119C3D8D330B9083543B230183EDF4B6C7DE153333220B1510767A6,Cajamarca,Nuevo,2025-11-26,10,1
3744,3742,C-03742,66BE35F4DC9068C0906A58A0A794D15EEB1392F05110E8AE53715FDC9B55CE75,Namora,Nuevo,2025-06-29,15,1
3745,3743,C-03743,ACF028420E736B20B1DF9C274A7C8B3E20A16343E1BB783873EB69E352712603,Cajamarca,Frecuente,2025-07-09,15,1
3746,3744,C-03744,4AF3AE9149694EAD6A2A8AE38C5A3A9F94EA139941B38993B4E26EECEB1142D3,Cajamarca,Nuevo,2025-06-14,15,1
3747,3745,C-03745,9BC58C31DB4B86B8288AC90D7DFCB660903258BBB979D2C0EBE8DE2277B98F37,Los Baños,Nuevo,2025-08-14,13,1
3748,3746,C-03746,27457236D06CB9166F4FC5B65CA8B1B9D55CAB2C97D0756F0089BD6236300108,Cajabamba,Frecuente,2025-10-02,12,1
3749,3747,C-03747,9622FF6AA61DE9AF26315467C23C4942FA0AE0C2D47A4999C9BCA70EDBBE35EE,Los Baños,Frecuente,2026-04-03,6,1
3750,3748,C-03748,F79CF1B74146F1F24ECF1863327DE357D1E1E7CDD8E7C7C5B2F5667CA27B4176,Baños del Inca,Frecuente,2025-11-05,11,1
3751,3749,C-03749,FFD755524019127C9D43D60257D2249998BB9CC51EDABE683E871C172D16E3EB,Cajabamba,Nuevo,2025-06-09,16,1
3752,3750,C-03750,AC9CBF528FDC50780BDDC580EF06FCF2938C2C79240BCB3BC0999ED40CC1303B,Cajamarca,Nuevo,2026-08-05,2,1
3753,3751,C-03751,9A55DD8D5FE155ECA81A6CD074D94D06EBEEA3E2EB63AB99D680B2A8F78265B2,Baños del Inca,Nuevo,2026-06-12,4,1
3754,3752,C-03752,F6EDA5D2FC158983908BDC89FF6B3F98C0EA4BD9EBCF2014F3E515C1106C3B3F,Los Baños,Nuevo,2025-08-11,14,1
3755,3753,C-03753,991D263FE7F4A063A3BEE39E976B52E33C07C4B597C416A11E9C83CEBC65A85C,Cajamarca,Nuevo,2026-05-02,5,1
3756,3754,C-03754,3B75D74A37A7D456616C5E9067F3CC1F4A19EA895D231B2EBB368B38F6261D5F,Cajamarca,Nuevo,2025-07-15,14,1
3757,3755,C-03755,C4731AE9C7F4F1A435163B5C70D3073228013981DF126FF99168AA06F9650647,Cajamarca,Frecuente,2025-11-25,10,1
3758,3756,C-03756,5FACFA53D09F21F38F4D27154C9C1E2C14CAC3D3550FEFFDD89094FC12EE614C,Cajamarca,Nuevo,2025-11-29,10,1
3759,3757,C-03757,2630E1C7A797E0C9FC2BDC3CB3C9E638C7F1079D06EE16753934EE25C6922731,Cajamarca,Nuevo,2026-06-10,4,1
3760,3758,C-03758,F90A42E4D6CCDF4D9C2C52602EA52AC4785E088138143C3374C0E6FC32F1746B,Cajamarca,Frecuente,2026-04-24,5,1
3761,3759,C-03759,873816EFCAAEFF62F048DBE0D9A8A135896E587AAC9F84FBEAFD16CAD9E205D0,Cajamarca,Nuevo,2025-06-30,15,1
3762,3760,C-03760,A3B88E1437F01CC8199E40A938AFE317FAEE303BC51060355186E63E0B62B9C8,Cajamarca,Frecuente,2026-04-15,5,1
3763,3761,C-03761,80B4DDD974B44C52AAD23E35B98E09423148B2531F7917BCCF7FDFCF7BBA6CCF,Baños del Inca,Nuevo,2026-05-04,5,1
3764,3762,C-03762,9C5E48B20D047D94ED57C3DB5F6B01B060E481D48349BA855E63314C10977691,Baños del Inca,Nuevo,2025-08-15,13,1
3765,3763,C-03763,BB721EC3F3FF909784F291F7E9BC87B4B92260410F539EB2F2A17B0757D4BC39,Cajabamba,Nuevo,2025-09-16,12,1
3766,3764,C-03764,C9765BC0866CE781982C511AAD98F5564C53AE5E0862F617A474A64A5CA378D3,Cajamarca,Nuevo,2025-06-23,15,1
3767,3765,C-03765,D1111E6050C91673EBB3CD04A9055E62353C280A3806E5FDACA2C40A2A49A2F4,Los Baños,Frecuente,2026-08-01,2,1
3768,3766,C-03766,652F62FD884430532B17A30C6CFA93076D76ACBF3F6C4070D6DDD881A14E7355,Cajamarca,Frecuente,2026-05-09,5,1
3769,3767,C-03767,F42C8E587C399FCEF1C2F4A9A8F968C2B099EE68B3F7F37658044B517184BD51,Cajamarca,Frecuente,2025-08-01,14,1
3770,3768,C-03768,65C08BAEB0115EB79E27DE854EB2EF4D8DC07BD923F46A33B43C29A0BCF197EA,Cajamarca,Nuevo,2026-06-26,3,1
3771,3769,C-03769,FE4F927C90415362BECDF66D073F3BB65D2E8E01973529C526A0F0B2660726D4,Baños del Inca,Nuevo,2026-04-21,5,1
3772,3770,C-03770,C319526F896839BEF4BDE5A58ED13E3B2E6C2C851277F6BADBF91D07D639C089,Baños del Inca,Frecuente,2025-09-15,12,1
3773,3771,C-03771,A435E2CBE9C14A7A2A6B80925638AA77DF43DE1B89614262C3E4E2D263B8DDA7,Cajamarca,Nuevo,2025-10-16,11,1
3774,3772,C-03772,A108C1354D245A6C9C567950DF1694560A083A4FF8DFF337F28F580C6ECF981E,Celendín,Nuevo,2025-06-28,15,1
3775,3773,C-03773,663DE8705FCA9007948109BB1824EFEC10A4ADE3C69C34861440071629874460,Cajamarca,Nuevo,2026-09-07,1,1
3776,3774,C-03774,856045BB3AC4437EE35C8603C17FAD18C39327CFF89B98EC1852AE97594FA8EB,Baños del Inca,Frecuente,2025-12-31,9,1
3777,3775,C-03775,4C613D4960C427A7475369A481FFD4F787F5E55EA50C76BDEC68498B2A01AC63,Los Baños,Nuevo,2026-09-09,1,1
3778,3776,C-03776,933576B6D887A731BEA9363982ED01BD521167A7E8A9D81B31E51B9FE98500BA,Baños del Inca,Nuevo,2026-08-18,1,1
3779,3777,C-03777,FB55B99FAD25E6C8F6C20841BA6801BA45A34E72E2C4D80D6E94DD4A425D4CAE,Cajamarca,Frecuente,2026-05-08,5,1
3780,3778,C-03778,4EDA18D1D6406E39D3ACD17335DB32AC3A5E84FBF34D5A68AE09475267692AF4,Cajamarca,Nuevo,2025-10-23,11,1
3781,3779,C-03779,71E5D48DBD606E04401B6D8DCAAD6F7CCDD796CE1813333E9584F4707F3FE3AF,Cajamarca,Frecuente,2025-11-26,10,1
3782,3780,C-03780,79D10904642354803CF85654B93AAE2E51E387066ABAAA1F475993FA6209A8A3,Cajamarca,Nuevo,2025-07-11,15,1
3783,3781,C-03781,6878908CB7E8C4114E38974C867DCF1C175F4F18F2492F9EE355946C14C43442,Cajamarca,Nuevo,2026-03-20,6,1
3784,3782,C-03782,5ACABF61A1650B22FE8D3BD716FCA7CE0CAC6EAA8A4A5E2E8386B1CA34A6047E,Celendín,Nuevo,2025-06-17,15,1
3785,3783,C-03783,8EBB20066615BFD1F1E2A9928ED1B95278C21B0268340DCD54C46C1908A36C58,Cajamarca,Frecuente,2025-06-18,15,1
3786,3784,C-03784,A9FA291E5F5FF48BF7EDD1888FCE29461405490D444414080E2B8FAC44E80844,Cajabamba,Corporativo,2026-08-01,2,1
3787,3785,C-03785,A32E02C71CC26B877C9E0543140727FE3E1B1FDBD17BDAEBA643B292A367C9BA,Celendín,Corporativo,2026-03-02,7,1
3788,3786,C-03786,72FEFFAF57A62854EAF2A99B2BC65EC745AABD28E4843B3D11D2AA91804375BE,Cajamarca,Nuevo,2025-07-07,15,1
3789,3787,C-03787,9E7196999CBB7384E0CAC4B2D797FF6B8C6D2E9B1D224B5379A9BC0E06E099B3,San Juan,Nuevo,2025-08-29,13,1
3790,3788,C-03788,B2DEFC22D3F2F523379A1D1AB1E0AFB8A8F5FF6093E3D9D112A591ECD0911C52,Cajamarca,Nuevo,2025-09-09,13,1
3791,3789,C-03789,8FD0D4DA0BF29D9AAD0A8A428EA8C0F8D402A8D56BE2243B2DCDC85650556C31,Magdalena,Frecuente,2025-08-20,13,1
3792,3790,C-03790,6852CFEC94DC40695A39B4AB657D8D7032A3C80DDAB4AE0B7545D6FA9E242BCD,Cajamarca,Nuevo,2025-09-03,13,1
3793,3791,C-03791,31709D46773CA7B113009381D4916F5A1890F4F70527EBDE41975D320A72D442,Jesús,Nuevo,2026-01-28,8,1
3794,3792,C-03792,591AD74B171FC7C69AF9CDB3D6B10A2B04217AFBC9240604600B7BC53E7E6F47,Cajamarca,Nuevo,2026-04-17,5,1
3795,3793,C-03793,AAA69F989DCE7C7BFB3E6C7AEA4675312101FEAF44B9D46DDDC4BDF1E33BA86B,Baños del Inca,Frecuente,2026-04-03,6,1
3796,3794,C-03794,7F061F811592AE5EBF232A6FEE2F295B0EFED73E703E60213E674B53BF3CA8B3,Baños del Inca,Frecuente,2025-08-02,14,1
3797,3795,C-03795,45C26683AC68EC72208777E7570A545865DDE6947BD41C71301C473A312907C5,Cajamarca,Frecuente,2025-09-11,13,1
3798,3796,C-03796,23E7D513B380DC02EA686E925E82D31BD96DA4CD2D9D2B858BEA10AC2C55F71F,Cajamarca,Nuevo,2025-07-23,14,1
3799,3797,C-03797,4CF20F0FFF31A8478990B7C525293CDC19A7A3D1BB09EBE6724F34A3C724AB08,Magdalena,Frecuente,2026-02-16,7,1
3800,3798,C-03798,AD5C1806B025A724146E130C5A4E546E02ADA88B839B30BA9A06DDA2D526A2C7,Cajabamba,Frecuente,2026-08-07,2,1
3801,3799,C-03799,A0FBB28435CDD08902C6715529496766636039002392EEEF6E7DEFCEF06BCD95,Cajamarca,Frecuente,2025-09-19,12,1
3802,3800,C-03800,371B1EE37363371EEEA37952700E6A32BB28D739B1D15965C88C369FD7836CF2,Baños del Inca,Frecuente,2026-02-21,7,1
3803,3801,C-03801,12BBF9086DC23D940AF9C50AD9B8BB0A1250E1C5F785788F7FF63767B64AE928,Llacanora,Nuevo,2025-12-03,10,1
3804,3802,C-03802,7DEDE6C7FA8DB3EE70305F1890FEBAF42920A00C8AC07969E6EE5D56C69F8B2A,Magdalena,Frecuente,2026-07-03,3,1
3805,3803,C-03803,761766319B3F6705BFE36617A9F9C3ADBEA52F8DBB93EA47B16BD46577144528,Baños del Inca,Nuevo,2026-06-06,4,1
3806,3804,C-03804,C8BBA24F74D913E5E5C5E90790A407324ED225475B418F59FFBD5F739C3EBDB5,Cajamarca,Nuevo,2025-06-26,15,1
3807,3805,C-03805,9B4C6D79AC0E29B3E7B3295EB92F8B517FEF25B52824EBC57C27877011EA5E0E,Cajabamba,Nuevo,2025-06-21,15,1
3808,3806,C-03806,885AC1BB70229AC93A2B0C69B1246C2F74219915C61957ADE1E155EDD3A04378,Cajamarca,Nuevo,2026-03-30,6,1
3809,3807,C-03807,CA6565E0CFF77C8A315A9D7C65C65348061147C28818381528513FC8751DE021,Los Baños,Nuevo,2025-08-05,14,1
3810,3808,C-03808,F1C651A92ADEADA294A0B2B6EF8E8A6D095B647E3F697225841273814E33FC5B,Cajamarca,Frecuente,2026-06-18,3,1
3811,3809,C-03809,1E2A478F8E3F36F57AD38E4ECD1159A7EAA9AF0DA75FA214AD157F8F48E8AFEC,Cajamarca,Nuevo,2026-06-16,3,1
3812,3810,C-03810,98447BD0EEF6431AC5CEB6A9FDA755BB6BF0576719BDB9E0ACF1E31FE17AFD15,Cajamarca,Nuevo,2025-06-09,16,1
3813,3811,C-03811,400D1A3557B5130FB0786EC70B884BD152222579BCB631DC5B2C8902D080A6E0,Cajamarca,Corporativo,2025-10-04,12,1
3814,3812,C-03812,EFB416DB7DF90E345A6B79C48A44BDF441230FF487E1825C3CDC40CA2A6EADBC,San Juan,Nuevo,2026-08-29,1,1
3815,3813,C-03813,D4008835CED86F4B8458F11AB6A3155FC469F5458D410BD5541361C55C1A0DB9,Cajamarca,Frecuente,2025-08-08,14,1
3816,3814,C-03814,4E3C06911B2F7B9B456D017525589C4C9AA47D8FF35E455C1CA1B84D8B9815F2,San Juan,Frecuente,2025-09-19,12,1
3817,3815,C-03815,0BDB8730C7BB16011488B78FA7530C0374B05B52162E2AFA33878AD6ADD8FB0C,Baños del Inca,Nuevo,2026-02-17,7,1
3818,3816,C-03816,70FD9F2DC6138A403C8C3A5762A635858A43BE1C0C2280AC612B42588D6CCF15,Baños del Inca,Nuevo,2026-04-01,6,1
3819,3817,C-03817,BCDC51C73D9AEA98F2B6B8525803E64D3E67056A168194FD386D012101858379,Cajamarca,Nuevo,2025-09-21,12,1
3820,3818,C-03818,2F0939D1EBC20E1A9309207458DB59E70D178771366893994446DFA88D889049,Cajamarca,Nuevo,2026-05-28,4,1
3821,3819,C-03819,39D6288340EDBF544ED9A5196C645D30972B7EE7B1BE8DC38BBD1311B76AD3A2,Cajamarca,Nuevo,2025-09-19,12,1
3822,3820,C-03820,6AA3200A53D589886522459B98BDDD5472FA949C21895D4FFBAFC7141C48F92E,Baños del Inca,Nuevo,2026-08-28,1,1
3823,3821,C-03821,FD38C42876FD70738B6BACAE700C8140032CD40C56354A2F88BE9D68BE5A9146,Celendín,Nuevo,2026-08-17,1,1
3824,3822,C-03822,97FB87923E60CB3B927DC6D9E0D7D7CE70F27658540A403102D937A8038F2E5E,Baños del Inca,Corporativo,2025-12-26,9,1
3825,3823,C-03823,73A0B8AF4AC2A0427AA55BAD08D6CAD064C0ADFC2BD8F17EADAEF865B95D0954,Cajamarca,Frecuente,2026-03-30,6,1
3826,3824,C-03824,7EAE3C2FD602905AD08AD8246538F0DDEC57F0262466CB7B5FC01CE90BECD29C,Cajamarca,Nuevo,2025-08-03,14,1
3827,3825,C-03825,7FD9AC92C3F5825606C264ED8B902478FCF99AD5343E7B34425D40F8F4AF9A7F,Cajamarca,Corporativo,2026-06-23,3,1
3828,3826,C-03826,D4A87B10D50415AA4D33864A324E69B9140CCF465EA7A6973E85EC5335E9F146,Cajamarca,Nuevo,2026-05-25,4,1
3829,3827,C-03827,68B3486B922013B6E65F75C0745C38B4C283D243D1C16D6C7C0D8020D2508BA9,Cajamarca,Frecuente,2026-06-10,4,1
3830,3828,C-03828,5EFB545B8141CD7B23C0FDC6CF152B5518EF4BFD9D8682DC2838C978D24B2742,Cajamarca,Nuevo,2025-09-24,12,1
3831,3829,C-03829,1371B409415E952D1A5767D3B523072E9350FEC052775F7C4ADB4AD019070E8D,Celendín,Frecuente,2026-05-25,4,1
3832,3830,C-03830,D04DC3BF469FAA8CF79A9ABE345B12E4B0B86934C386774B57CB6F3C0913280A,Cajamarca,Nuevo,2026-06-24,3,1
3833,3831,C-03831,995D80B2469B0F495E444D850BA8B4C738EF2ADD11C330EC1E9ED939DA34CBDA,Cajamarca,Nuevo,2026-02-04,8,1
3834,3832,C-03832,66494D7C6209B7BBBEADACFA097EFDC7AEED425E86FC36E0686CA78A9509518F,Cajamarca,Frecuente,2026-03-10,7,1
3835,3833,C-03833,A6561D6A6D5E5E837D0006B600C471EBC2BDF98F96E7DA130B89F1627BF3BE68,Cajabamba,Nuevo,2026-02-24,7,1
3836,3834,C-03834,AB1927630661D06D8F1CE1D1D29C02C12859838A8608FD89BDF5C7C67533F3A9,Cajamarca,Frecuente,2025-06-12,16,1
3837,3835,C-03835,D00E5E37EE7BE766D3E09821D7E992C41A92163179F3BAD64FC541C677E863C0,Los Baños,Nuevo,2025-08-14,13,1
3838,3836,C-03836,F324B92D4B4D096D69F466A510C73E2F770B60DB67CDA354BF04F045E4576CDF,Cajabamba,Frecuente,2026-09-02,1,1
3839,3837,C-03837,0AAD1F7E5716CE6BDEF60E8802B82627A0FF09FAF91BA7F35ECB8FA10D653851,Cajamarca,Frecuente,2026-03-24,6,1
3840,3838,C-03838,3625875C8D2868BEEC85D4B0CAEADF05F06854026DE73AF6BDE2FADAEDA88910,Los Baños,Nuevo,2025-12-12,10,1
3841,3839,C-03839,410BA46E9F6B9989B633134A9607029ACAE91D51FD5537204C5441F92EAB91F1,Cajamarca,Frecuente,2026-01-27,8,1
3842,3840,C-03840,666C7110D39828D68241155E93E7F24FDCA8B63CA5E0A7397BFFC29FB4026BF9,San Juan,Nuevo,2025-12-14,9,1
3843,3841,C-03841,D371B3882FA18309C432784EEC297D258E30D0CAFB9F0539ACBDB35C5144DF74,Cajamarca,Nuevo,2025-09-08,13,1
3844,3842,C-03842,BE15CB814848465D786B31D72CFD75D1A4EF15826A6D8236F4153E0E66F0EFCE,Cajamarca,Frecuente,2025-07-02,15,1
3845,3843,C-03843,CFB96ECC7F72ECEAF3D33E0629FF06CAF70D8B18F1D6DA048E451E1BCC0A6152,Magdalena,Nuevo,2026-05-21,4,1
3846,3844,C-03844,D2E7B72DCDBBF9ADFADA687B832D7A1D4A6314A358E33FD8D6821D44A81F0458,Cajamarca,Nuevo,2026-07-17,2,1
3847,3845,C-03845,0F75DB879C8C038F8650AE577E8CD02103D81680CE8755A5C0F55AEE6B025067,Celendín,Frecuente,2026-08-18,1,1
3848,3846,C-03846,0962FC41189C50A0E4CC14715C2A9FCA255B6D516E8B7472DD012676300ED015,Baños del Inca,Nuevo,2025-06-06,16,1
3849,3847,C-03847,E359207B97ABFABEF996C7653AD2CF94049450B02022C2A1E93ED4C302C124A1,Cajamarca,Nuevo,2026-04-28,5,1
3850,3848,C-03848,488295E38855539E94BF0B9E90AFB8208D56535CA3198CEC68664DA2DC03E6E2,Cajamarca,Nuevo,2025-07-08,15,1
3851,3849,C-03849,04E0E79CDE3EF319E1AF353E79EF8071DDAE848BE77AAE3524687D9E6AE2FF21,Los Baños,Frecuente,2026-03-16,6,1
3852,3850,C-03850,CF38D3F1E39C15E8862EAB70D3867508F10977580117545A4AEF59353DE79B7F,Cajabamba,Nuevo,2025-09-16,12,1
3853,3851,C-03851,300157C5F231E5D090FE6F810FA5E23883D74B217AC657D4B10656A3D28F93DC,Baños del Inca,Frecuente,2026-01-08,9,1
3854,3852,C-03852,540F770926C89F69084FEFC57C71AA9ABD81C37CBD9A7E3C8450D7D3B25A69AE,Cajamarca,Nuevo,2026-03-04,7,1
3855,3853,C-03853,6687988425E8843B1D6C9C0E83E9FFE4ED49F68E40B910811A224DF3AC73847C,San Juan,Nuevo,2026-05-20,4,1
3856,3854,C-03854,E62F7EA4F78B00613D0E4EF4E944C6E493F37F933FE0ADE33D12933E95F40A6C,Cajamarca,Nuevo,2026-05-22,4,1
3857,3855,C-03855,3606F38FC471342D105F832C0D0F6F160C48D7F5254D0AAAE51852BF6C94A03B,Cajamarca,Nuevo,2025-11-17,10,1
3858,3856,C-03856,6D0AFDE331AE279D4AD52DB3491E77663F3FDFD7317FE43561EBBBEB43DE8F2F,Jesús,Nuevo,2025-10-29,11,1
3859,3857,C-03857,937B29FE5A1382DC34D24151D4BB8BD08999E8783D8DC8AE82C2B197D59E321E,Llacanora,Nuevo,2025-07-28,14,1
3860,3858,C-03858,FC5EEA00146BECE0102B134A31EEC339897092882DDAA841B53E59C2FE781A12,Cajamarca,Frecuente,2026-07-15,2,1
3861,3859,C-03859,6EC0FFEBF0314FC6CD9E45D1251DEAD07048F368E1289CD480939E9BAF5388D8,San Juan,Frecuente,2026-02-01,8,1
3862,3860,C-03860,73EA6124E3518183E797B8AF6275A6D6D4E2B6D746A6429C52816004E5882BCD,Cajamarca,Nuevo,2026-03-06,7,1
3863,3861,C-03861,634FCDEE9876FA520B7CFA8C69B28F6869D37DA3E272015EF6DA70E7EA52D2FD,Cajamarca,Frecuente,2026-03-31,6,1
3864,3862,C-03862,93014ECB10BD9FF173AF5692CE724D655F93EE429DD3524B2E3A52CEC9508226,Cajamarca,Nuevo,2026-05-16,4,1
3865,3863,C-03863,6BCCB8F06C57160EE18EF51A52E8E639A64132C492CF00067CF9E998F5EFE29E,Cajamarca,Frecuente,2025-11-27,10,1
3866,3864,C-03864,B7C338DAB0F15224B13E5C2FD50A20F44EC08EC557F9CECC4ABF58D588A6CAAF,Baños del Inca,Frecuente,2026-02-24,7,1
3867,3865,C-03865,96FAD31789DDE79EB661B12AB438098B4A8A1B95E87F6A834F59E771EC207622,Cajabamba,Nuevo,2026-06-21,3,1
3868,3866,C-03866,A32AF1211EC51E09EBC0AE8DDC4762B0358B6E4CBBFD0DF211FFC6FED6770D3D,Cajamarca,Nuevo,2025-11-02,11,1
3869,3867,C-03867,25E9127CAEC560257FD149E393C4885D9AF1DBE32D6B5BA78DDD34791A10CF88,Jesús,Nuevo,2026-04-17,5,1
3870,3868,C-03868,99ABDE6379ECD6FB85214DE5E16C1FC8E3C079090E5A2D16256F1F1FEF350412,Llacanora,Frecuente,2026-02-05,8,1
3871,3869,C-03869,0316C07499387A68477B0904479384E9792E7D4A4C7678523F769066695E4490,Cajamarca,Corporativo,2025-11-24,10,1
3872,3870,C-03870,6723C517FCF79F4BB07F027F5C84148672BA9AC094588B528EE0E1A22693A38D,Cajamarca,Nuevo,2025-08-21,13,1
3873,3871,C-03871,FC71BCA36DDD1D9469F9BA74B422D6BDEAB62FAF24EA8C4D9955B9B6DE248929,Cajamarca,Frecuente,2026-09-12,1,1
3874,3872,C-03872,4D4584988CC3691D7A2576BA43B3C16C85D6458A9BB96708C6166E1705D487C3,Cajamarca,Nuevo,2026-06-27,3,1
3875,3873,C-03873,74E23B7DA8CC809F93CE2D43DB414F62773DF8E44EA60CA6E4DDC3A04199CF74,Cajamarca,Frecuente,2026-02-23,7,1
3876,3874,C-03874,5459DCF02FA8B0462B90EC183D81F884323830241D28D203D95EFC4F27CFD6FC,Cajamarca,Corporativo,2026-04-27,5,1
3877,3875,C-03875,EF90CCA299245FD81421E3811A1E3CA547ADE097B0692BEFDB88CC61D6578F19,Los Baños,Nuevo,2025-08-02,14,1
3878,3876,C-03876,97DC1E191947E9615208E0B49FCC6C786418D38E82418DC9CF5A5AA9BCC431A6,Celendín,Nuevo,2025-09-09,13,1
3879,3877,C-03877,0AA6ABCC343EB2A71D39C51B35F1DAD3D619FD43DD39BA0F8F0888CDFA01D677,Celendín,Frecuente,2025-10-01,12,1
3880,3878,C-03878,B5B802777D078459A735CC9D537CB8BCCDB7EF8717EF988A294AF328542F9945,Baños del Inca,Nuevo,2025-10-15,11,1
3881,3879,C-03879,F300270713D04EA748946AFA648798FB25DA0B57E795D860D88F05CCDF8D785E,Cajamarca,Frecuente,2025-09-19,12,1
3882,3880,C-03880,F3FDB9887CED9336EBC10791CDE9247E66F4D0D0D76F826DABDBF2B2ABFA2D8B,Cajamarca,Nuevo,2025-10-13,12,1
3883,3881,C-03881,86F9538910A74ECB531D045EA46736D77F9B04AA1DE686E687A3720A5C41BFB3,Cajamarca,Frecuente,2025-11-18,10,1
3884,3882,C-03882,D2D34FF106B176A7C2CFDEC29C2A41B9AD656FEB9FC41E55247689D03A8C1BF2,Magdalena,Nuevo,2025-07-28,14,1
3885,3883,C-03883,9885BD3F982DAB93593CC5B0F6481BA131CF7129F0BC3C1505113DBE767C201A,Cajamarca,Frecuente,2025-08-02,14,1
3886,3884,C-03884,C053AA794F0C30AA356895A2ECEC712F22F3C16C808C592260875A0EBFB3134B,San Juan,Corporativo,2026-01-03,9,1
3887,3885,C-03885,83A8292501793864693F8424D317CDE3F4E7704A401E03FC861A30C6ED021654,Cajamarca,Frecuente,2025-12-04,10,1
3888,3886,C-03886,65A03BCAA7F519A7F06954B8AF906EF992E5FFA51951C671F62FBE0C347FCBBF,Magdalena,Nuevo,2026-03-14,7,1
3889,3887,C-03887,A5448EEB4EEBB85E5A8AF8702E037456969ABFF1035694AE4637987726FA5AAC,Cajamarca,Nuevo,2025-06-18,15,1
3890,3888,C-03888,3C247BE961A4371C896328DBBDE3421EA692F846EC7CD5458854A5B15A70D484,Jesús,Nuevo,2026-04-01,6,1
3891,3889,C-03889,533C638DBC2EDB1154DAB1863F13F5468B8CD78C21C64E21F5CEC8B3B6524C7A,Baños del Inca,Nuevo,2025-07-11,15,1
3892,3890,C-03890,7B9D4D8E9E579C6141A5635B720F772A6ADB8602F2B8187F7C42E2905C067839,Cajamarca,Nuevo,2026-02-04,8,1
3893,3891,C-03891,575E596389F008CA31DE509EFBD4491D58030829AD64CA0755BC90E79593AE3D,Cajamarca,Frecuente,2025-07-08,15,1
3894,3892,C-03892,6317083C855B081C5EAF0E7720948AA232D4F05993AEE5672349B33D31E4196B,Cajamarca,Frecuente,2025-06-14,15,1
3895,3893,C-03893,8969CDCA88E27D2ED48F363B03B05F2218B46621BFABCA1161372028D0CAC37E,Cajamarca,Frecuente,2025-10-17,11,1
3896,3894,C-03894,337E82FC68517890A2359010C6369B32EA348E467DAF0B8D06E670E4D69DC03B,Baños del Inca,Frecuente,2026-08-06,2,1
3897,3895,C-03895,9DAD8B6C05A60F1FA2C96038FEE57D2BD2102AAC302220C6E479A1F03856B2CD,Cajamarca,Frecuente,2025-08-01,14,1
3898,3896,C-03896,73575EA04FCAF6F4DDA0289FA170881C7661B2DC0FC99A306AC328A17C536B24,Cajamarca,Nuevo,2025-10-20,11,1
3899,3897,C-03897,EFB5A7BD7CC24EE305C5674CAEF0A3BFEB97CC9749FE8DB9C6CCC111BC6D829A,Cajamarca,Nuevo,2025-06-21,15,1
3900,3898,C-03898,0F67BD14433436B79E6D12EBDED20F2642A16B071D148CB1E01857DACF4896D2,Los Baños,Nuevo,2025-07-07,15,1
3901,3899,C-03899,373B7DF7D9024ED90DAEA22C9A8FF676E4BF509F28AD80D15D38BEA9D945A0AD,Baños del Inca,Nuevo,2025-08-09,14,1
3902,3900,C-03900,F6773A055609DCB82CBE5D71254A620403833B6B2C4DE2321A7BEDEC40FEA9D2,Cajamarca,Nuevo,2026-07-19,2,1
3903,3901,C-03901,6FB0FB4C27AC39B901C07202AD91361F89BB8ABD45A0A2C7895B1FD91C7DEA76,Jesús,Nuevo,2026-05-07,5,1
3904,3902,C-03902,8318CB1707D7B3503DBAE4375C15D205B0D4871D81927FF0BFF85B4FE91ADB82,Cajamarca,Nuevo,2026-01-13,8,1
3905,3903,C-03903,F8D896050AEEC0D6A7FAAF466CF6D748A887CC0564752D264D69B68DCF45EDD4,Cajamarca,Frecuente,2025-12-04,10,1
3906,3904,C-03904,1E43749C718DFE1BC2ED982067EAACACBC3E1F95A8AA7BD3C267F5AFC7FA54B2,Baños del Inca,Nuevo,2026-03-17,6,1
3907,3905,C-03905,F457316C8782C66D297262E9C8361C1F1CAA74FCD5AA2973A76F0D0C2546860F,Cajamarca,Nuevo,2026-07-30,2,1
3908,3906,C-03906,0B3D31A974BB6CE4A81EAA7E79CA6EF1EB9BA72703E93CA051B9B26D502ABA15,Cajamarca,Nuevo,2026-03-05,7,1
3909,3907,C-03907,21241DF27A87ED5FF924B2AECDC9223F6BC8ABC6DF684A95555A0D75DEF2222A,San Juan,Frecuente,2026-07-03,3,1
3910,3908,C-03908,7C50619CCAE201688C38DAEE955B9F650E93D5C237D12455C0CE5C4F903E7DAB,Llacanora,Nuevo,2026-04-23,5,1
3911,3909,C-03909,7F677BE1EBAD511245EDCCA5DE84BD26CAD56929B8A94D1C5532FACCB391957D,Cajamarca,Nuevo,2025-07-24,14,1
3912,3910,C-03910,BBA62C21971918BD4ED28B2A5AA593CE0BAA3CCCE3A434B34EE94085FFEEC9B6,Baños del Inca,Nuevo,2025-11-08,11,1
3913,3911,C-03911,69A76AD89C2B21C92F9BEA8D483CDBD0007213B170183E4F0C6F4785AF2D20FD,Cajamarca,Nuevo,2026-01-08,9,1
3914,3912,C-03912,BA3FB11A80C42514515607E792FD8BF5A0C81FA88D24A4187203EFE0C783F12D,Cajamarca,Frecuente,2026-02-24,7,1
3915,3913,C-03913,8EFC37C0F78B230634D98EE6D92D88166BE479C1A8A592296B28EBEFA31229F3,Celendín,Nuevo,2026-08-18,1,1
3916,3914,C-03914,B4038E35EEACE317BC60DC1F86E2CE34EC3E329B05EE2F0E1BB6D6754348E9E1,Magdalena,Nuevo,2025-11-21,10,1
3917,3915,C-03915,4E2B69ACFE31C9DC3657F376FD462CF1194AB2D63F96F3C632415BB1FFC92FD9,Cajamarca,Frecuente,2025-07-12,15,1
3918,3916,C-03916,E987A81924353C29A97E320709F23E599153DD68CF53C6AB2EF55AE6BC033F06,Los Baños,Nuevo,2025-11-05,11,1
3919,3917,C-03917,45FD4BDA18D8DE8910CD2DD69FA43E7C378DB149B2456741B6184A6623D5C148,Baños del Inca,Nuevo,2025-10-02,12,1
3920,3918,C-03918,53CF4E841392EBE75B625C1F884B08F4FDF20EF091096875C7A09C2B790AB6CA,Cajamarca,Nuevo,2025-09-07,13,1
3921,3919,C-03919,6A5B37518917E47A7F922C4080D13629CAD40F0F061799B86D9674441D960152,Cajamarca,Frecuente,2026-01-30,8,1
3922,3920,C-03920,EF304AC662E085171D4127B12793F358B2B4049D603A93C7E8A24740A951C011,Cajamarca,Nuevo,2025-11-30,10,1
3923,3921,C-03921,A8A7250D083CE0542C5A3F0648748FC33C863CF3D2A95DCDC8F8C48CD29A6729,Cajamarca,Nuevo,2026-07-26,2,1
3924,3922,C-03922,8749D58FE79A44ABE959E6B5427C98D5B2967E5820861567F613FFB6A425BE16,Baños del Inca,Nuevo,2025-12-04,10,1
3925,3923,C-03923,ED78D2A80CB94E03538B3E6405DB464656ED7F2728AED32D04E1307062861F65,Cajamarca,Nuevo,2025-12-18,9,1
3926,3924,C-03924,59A94A647BCE0F11667834B4FC61FBD9B8A4DADF89FBA1A71AD350267D4A6BFD,Cajamarca,Frecuente,2026-06-16,3,1
3927,3925,C-03925,4CD17E1FBFFAC47B9978068154F9013A747CEB1164ACD00047290060C3970DED,Cajamarca,Frecuente,2025-11-20,10,1
3928,3926,C-03926,51FFBDD794C4EAC27EAE4FDD79F84685A4F100EC426A0A3A594B9384012BD740,Magdalena,Frecuente,2026-02-11,8,1
3929,3927,C-03927,204B74A6F8575F0D3E385E946EE523BE5A9F0CFA17B9443F82DB7D7B90D70FD0,Los Baños,Frecuente,2026-01-27,8,1
3930,3928,C-03928,BD14F3F5CCC3CC4DA9DD11D632E95291FA8C334F1F4E4361899C135052BC62CE,Cajamarca,Frecuente,2025-09-26,12,1
3931,3929,C-03929,C7E85940DECA0097D6B4CC796624F326BF5730FF606285694084537FF2ED9D4B,Cajabamba,Frecuente,2025-07-23,14,1
3932,3930,C-03930,B381EC3D9549960302356FC75675CF7007732DA0F90BBE125E8D18D47835B938,Cajamarca,Nuevo,2025-08-01,14,1
3933,3931,C-03931,DAFA569128E39AD032ACEEA3B07DFA355E3EC3DD7973745C8D87A4403089E8D8,Magdalena,Nuevo,2025-10-02,12,1
3934,3932,C-03932,1AB0B3B1057DE76275BAC2F8B40448D25579C57904CD97F006E0FECF54226802,Cajamarca,Frecuente,2026-09-02,1,1
3935,3933,C-03933,B52482A3CCA4AB9D5EC8A602A62B856B271865D63A9253020A8C718DDAC85FF4,Cajamarca,Nuevo,2026-03-02,7,1
3936,3934,C-03934,F49F42A4C47E6F034CF63D321DECCC26BD991B0DA06C5DB7195DF7D176903FD6,Cajabamba,Nuevo,2026-05-25,4,1
3937,3935,C-03935,93B3AAF4827599D16A25A06A663E70EC1F068A78D201DEB3AD5A69BCB99D25EA,Baños del Inca,Frecuente,2026-06-13,4,1
3938,3936,C-03936,35D114F0719766535E63C9EACD43C51859E533A4951CA0B3E45CDC1DA943B648,Los Baños,Nuevo,2025-09-16,12,1
3939,3937,C-03937,6CFF308C1AE12D3E0D051BE61BB046A87DD309B3C86B732A886121254EACFACC,Cajamarca,Frecuente,2026-05-01,5,1
3940,3938,C-03938,DE680FB73C51DF328A3A29CA313FC302DCF935760952544ECF8EE24F92986E8D,Cajamarca,Nuevo,2025-06-19,15,1
3941,3939,C-03939,E98856C07F9D4B5F4A319D393E98C8F8D4AEE16C393DE11C950E3956EB9CB1A5,Baños del Inca,Nuevo,2025-09-09,13,1
3942,3940,C-03940,4F62C8001EC91165DA9CDAA077E7B33D909F9E2E0B4D46E674F2E52D9E0D1219,Cajamarca,Frecuente,2026-07-24,2,1
3943,3941,C-03941,C4210BF1A52307561E07EE7CB7B05F8CD99B8990FE204B7CC92BFBEA7FA1FDF2,Cajamarca,Nuevo,2026-03-26,6,1
3944,3942,C-03942,9BE9D417C39D142A63D7A37699BC1707B32DB09C7B618D86FCFF22A9BA2EB71F,Cajamarca,Nuevo,2025-06-29,15,1
3945,3943,C-03943,81F3D52E1A04D8B114E51D512B879A9E105D685D61B6B0596BAB2B79C87A2522,Cajamarca,Frecuente,2026-04-21,5,1
3946,3944,C-03944,A3DBAE3A2754CCEBEE5EBC0C66FB836DC41D53271A8CF6AD4F7D0F3844460DA3,Cajamarca,Nuevo,2026-01-31,8,1
3947,3945,C-03945,E9D774D322F1DDD9862D464DDC81F18584B594BAA4076DDF83BDDACCD6525E11,San Juan,Nuevo,2026-06-19,3,1
3948,3946,C-03946,DE54C71981242AAA2DD548AF0DF3E7981609256B411BD55DF4EF668FAB320A2B,Baños del Inca,Nuevo,2025-09-21,12,1
3949,3947,C-03947,390F1BE46D112BA57A264F757CD8705E38E2071E6920C24759007D87A4F3449D,Cajamarca,Nuevo,2026-04-19,5,1
3950,3948,C-03948,6386EC3BF14AA646859C1F4FFD2C00AEA7FF18C16874D2ABE6BF740D2C9492AA,Los Baños,Frecuente,2025-07-02,15,1
3951,3949,C-03949,F3AA0D3115B81048EA80E8F6EF03D9849D1B94695116D6A081799A469DC62754,Cajamarca,Nuevo,2025-06-09,16,1
3952,3950,C-03950,F0651F5A02FD14E20D9C4A84A9FBB7A64C6290B0DA32136C8C6243B5C7B75761,Cajamarca,Nuevo,2025-12-27,9,1
3953,3951,C-03951,7931FF09CB044AD7EAEED56A797B3A824AC60A23658060106B346BB356F00FC0,Cajamarca,Frecuente,2026-05-23,4,1
3954,3952,C-03952,A8793770C92EDCD81A4056A0B837EB4EDA27A8F6096443648D0E5D64EFC26461,Celendín,Nuevo,2026-02-26,7,1
3955,3953,C-03953,DEAAD0E30A25BC36A201656AA01672F04E57028C6822016355EBA5F1C10058AB,Celendín,Frecuente,2025-12-11,10,1
3956,3954,C-03954,B708431540E8556031E7B4E8369E62046C7E0418DFC1233CF6B73019319C7E3D,Cajamarca,Nuevo,2026-02-21,7,1
3957,3955,C-03955,B6A4A87EBFA85A999A00EFC20E28F0ABE0DF1117738C77CD0672B4192DF7DDE5,Cajamarca,Nuevo,2026-04-16,5,1
3958,3956,C-03956,443F4DC54066D52759CA3A21E9CB2622481D3AA74962CC2DBF8AABBAC4A45FEF,Baños del Inca,Nuevo,2026-09-05,1,1
3959,3957,C-03957,6CB1A25D97B69AEE5E9C2420C2F0007090D54A0E8A03BCF08F7F44C9214C42C3,Namora,Corporativo,2026-01-11,9,1
3960,3958,C-03958,722D3A235D9ED5181516127F921625716033C29D1325EDF67F1ED4094A469E4E,San Juan,Nuevo,2026-03-06,7,1
3961,3959,C-03959,39EB3985A35FC3D10DB133216DDDBD91095EAA731561664AD575202DB829C83A,Cajamarca,Frecuente,2026-03-22,6,1
3962,3960,C-03960,43168D5D130DBB06E95E6AFD68C14BD5284B80174112057AC7AAC5306E359B91,Baños del Inca,Nuevo,2026-09-11,1,1
3963,3961,C-03961,B2A7333C682A9A6E7CF1E334A522E38A261819358DA4F30B2DD3F4C7D676E08E,Cajamarca,Frecuente,2026-06-28,3,1
3964,3962,C-03962,0A380D43496DF2B9C1D1ED09F5535B55C263B9ED26D3FF654997C51162B754D6,Cajamarca,Frecuente,2025-06-25,15,1
3965,3963,C-03963,4824B92A34D03D9ABBA0398D95A33B5D82B5F0081F55713B9CB2F4C8E9084453,Cajamarca,Nuevo,2025-09-22,12,1
3966,3964,C-03964,5B5233E09D2C37FB81163271E0808955613BFD4DFEEB84AA2BB664C7BC2C3898,Magdalena,Nuevo,2025-06-29,15,1
3967,3965,C-03965,30924B37904D47CE1BE57C93FCF6EA5CBC9E596F19213DAF052C469642A66B34,Cajamarca,Frecuente,2026-01-08,9,1
3968,3966,C-03966,E324A31BEE23994F52CDFC8666A356EF1FEAB53E6A0C9BBE3C5E46C8CC4A7735,Cajamarca,Nuevo,2025-07-19,14,1
3969,3967,C-03967,CBEDEB1F3E4387481844B70FAD9818A397A6A94718CBD5E6E5604D63CC15560D,Cajamarca,Frecuente,2026-04-24,5,1
3970,3968,C-03968,C7696614F26EBF97892C9034AAD8FAD1407D7789B0F0564A4D58D9E525CFBBCB,Cajamarca,Frecuente,2025-06-30,15,1
3971,3969,C-03969,895541BEE9F320EECCA6867FDED4EA4B5E3AFE8C330847B52A72A1E35060EABF,Cajamarca,Nuevo,2026-04-22,5,1
3972,3970,C-03970,592D60433DE0EFE87E5F15343FD5BDFC757C7685A6767DB646FF4251A398B07B,Cajamarca,Corporativo,2026-07-22,2,1
3973,3971,C-03971,3F791A4D06E1D909021328CC1B24D6FAADF237099BD2AE8F1DDF2509F42A7162,Cajamarca,Frecuente,2026-06-18,3,1
3974,3972,C-03972,A833FBA971A64E598FE6D9DD81E784EF84081B65F9FD9064920FBFE67A927744,Cajamarca,Nuevo,2026-01-20,8,1
3975,3973,C-03973,8D4A8B978339D6BCD5DDAB79CC7C8BC34EACAAFFA382A15934EB8BD7AA4B80B1,Cajamarca,Nuevo,2025-08-08,14,1
3976,3974,C-03974,7B7F324682091FC80D922921E5B3148CB34617AC86CD773EEE4F67AD69E39765,Cajamarca,Nuevo,2026-02-26,7,1
3977,3975,C-03975,B9AE4AED83A160D564EF39FAA91C84DC41A0058B7E68262E2DF910F85EBCEBF7,Cajamarca,Nuevo,2025-09-19,12,1
3978,3976,C-03976,FB84B12DDA56C724B6BCE49AFCDA0A851599D93000A5F39D21A36BD5C1BBBA54,Llacanora,Frecuente,2026-03-15,6,1
3979,3977,C-03977,FF37EB4944ACD23F4C3E52585E036F956F4DD2780F284DDFCC06C1C3F96CF129,Cajamarca,Frecuente,2026-02-09,8,1
3980,3978,C-03978,C892DFB412A1E6DBA366A7B17668C372B57CF59C23F75A0514875CBAD50DAC5E,Cajamarca,Frecuente,2026-08-21,1,1
3981,3979,C-03979,AE2D208DE61EEC8C3B1F10A470EF02B4AC67616BDA48DF58810DE2D2553A9EE8,San Juan,Nuevo,2026-09-02,1,1
3982,3980,C-03980,BDE83E19D9F978CCF83F1194BC8D3A333E7F313192007247745A1389A95752AE,Cajamarca,Nuevo,2026-05-29,4,1
3983,3981,C-03981,A55B2A1C4268F76DA5E32BC8F987DA4AE888EDF2F117CA989E99CAC5D7DBDA89,Celendín,Nuevo,2025-08-03,14,1
3984,3982,C-03982,ED472B6C8C0B6286B7865AEC74F5F55699E89ABB47C3DBF06BCFAB5BA52BC4E7,Los Baños,Nuevo,2025-07-07,15,1
3985,3983,C-03983,9443F11524AFEE319686CE3A852B4AF311C31815B126AF12871B983703B325F5,Baños del Inca,Nuevo,2026-05-17,4,1
3986,3984,C-03984,3D65B0080FA77248AF92FD5A4ECEA5FD381C618A4EED1AA21B1AC871EF43225F,Cajamarca,Nuevo,2026-05-21,4,1
3987,3985,C-03985,6692FCB82AA40B9D0BCDB6CAD6E478FFD9D64A14296EB83FA91658329DFAB203,Baños del Inca,Nuevo,2026-02-25,7,1
3988,3986,C-03986,898976527EB6DE169D866070FB42FFC819D706BE7110C5C54E3F103506562377,Cajamarca,Frecuente,2025-10-06,12,1
3989,3987,C-03987,89E95A9E412E3FA3EBC43021092CF040989EB103C765CEB290035FF84C7DE6D3,Celendín,Nuevo,2026-04-18,5,1
3990,3988,C-03988,3FC833C4FC45B61142655159CB4A856412267C1E3E2D79619B119BE8D3649D6D,Cajamarca,Frecuente,2025-11-25,10,1
3991,3989,C-03989,5A2C9DDA41A550A2709DDFE8C8FD0FB5234CAD6BDD8A7E7F6B3AD70F988C1EF5,Cajamarca,Nuevo,2026-04-01,6,1
3992,3990,C-03990,F1142C787FD94B83057EC9EFC52220BA7DA0A8C4B00FBCE79080CCD649BC3635,Cajamarca,Nuevo,2026-09-11,1,1
3993,3991,C-03991,110B4BDE7C866DE627A7AB1440F9934B51844C2296356BBF49958B0E1006EDDB,Llacanora,Nuevo,2026-08-08,2,1
3994,3992,C-03992,1422B222A03B6028E62192077AAC341343A90B4AD6E56DCA8A67B57049B6E6DB,Cajamarca,Corporativo,2026-06-23,3,1
3995,3993,C-03993,7A25B8611425C1764D8FE92E85DBC2B8E61CD9250691300E95AFEF7044898255,Cajamarca,Frecuente,2025-12-27,9,1
3996,3994,C-03994,8BAB80C6BCD829765AB734A4AC0C8A67DC9344F3B6C5C085D2CC0C40750B1478,Baños del Inca,Corporativo,2026-01-08,9,1
3997,3995,C-03995,CB93C57FA9AE5662DF456AE8A2D2BBCD29AF11216FB6EED6954EEA0B33CA7090,Cajamarca,Nuevo,2026-02-16,7,1
3998,3996,C-03996,20DE3BADAF88E3A7E8F7D8BEB13EF251535EFDF8E9DC388804E46979FBFFF6A2,Los Baños,Nuevo,2026-05-16,4,1
3999,3997,C-03997,B33C4D13616A98261DB05B2EE821244D4C8299C0665BCA4F6643BDACE6523547,Cajamarca,Frecuente,2025-12-16,9,1
4000,3998,C-03998,9E5EF6DB4EFF8BDBE87194330F69586ABE8A4DC02E0DE0A7340DE89D38197205,Cajamarca,Nuevo,2025-09-19,12,1
4001,3999,C-03999,595F1579D71C26AACB8B097968A07C41EAB677E1EEADF579F220ED5BF5478B2F,Baños del Inca,Nuevo,2026-04-18,5,1
4002,4000,C-04000,CCA0FA4CA71CC766F32707B2F3364D019724CCD2E6DD7FE2CD16C8EC56B1B2A3,Cajamarca,Nuevo,2026-01-25,8,1
4003,4001,C-04001,09BDE2DA8DFD0EB0D356EE8F59C9DABE4992766765A411A7A56E9D325D902DEA,Cajamarca,Frecuente,2025-06-12,16,1
4004,4002,C-04002,34268C1B6DE19704B37DF287B9CB481010B4DF271D7F9A6160AC8224446879D3,Cajamarca,Nuevo,2026-06-14,3,1
4005,4003,C-04003,B2E2AE2CA58E81F0ACF1D1737FF82346B575A06DD83B19042A0752AD9AF02288,Cajamarca,Nuevo,2025-07-26,14,1
4006,4004,C-04004,BC15D4775EEAD18B516CA087E5387F4FCEAC0C34EDA7841F7D5F54C6F9D84F19,Cajamarca,Nuevo,2026-08-03,2,1
4007,4005,C-04005,0B3F2CFE4305DA5F2C267678EC81206E6F21F6AEFEDCF5510715140EB7FFE606,Cajamarca,Nuevo,2025-06-20,15,1
4008,4006,C-04006,0DFAF0558104E5074FFFE1838066597F4B184D1DFB8F3912D2A5660A94F561E7,Cajamarca,Nuevo,2026-04-29,5,1
4009,4007,C-04007,75208FECF834CE6EF980BCC26A579F7748DC374F804FFA00AA9C80665825746C,Cajabamba,Frecuente,2025-07-11,15,1
4010,4008,C-04008,8E155ED1D1368E037E43083A0DF882AD16D9C19E4AB6E84642DE6956B57FD620,Cajamarca,Nuevo,2026-03-30,6,1
4011,4009,C-04009,8F5BE8986DE3290464FED5C5A0C394BEC3D1338CF6B008905FD17C69DBCB902A,Celendín,Nuevo,2026-05-20,4,1
4012,4010,C-04010,49442872A09D63C8CB5D4CBC7BBF89B518CA72E3C4FE7A9ED5650728633D384D,Cajamarca,Nuevo,2026-07-31,2,1
4013,4011,C-04011,FA28F1855F286FA35B286F4348DCA5526B40C180D2AF29F2BA33A033F09FFBB7,Cajamarca,Corporativo,2026-01-12,9,1
4014,4012,C-04012,4A6604D00887DCA602847002CC66C06096FFE397EB0A83C90C399C56ACC5A57A,Cajabamba,Nuevo,2025-12-04,10,1
4015,4013,C-04013,197C6DA83603EF1C927036BADC684D0375AD563F40CF543C54C3AE7BD732E688,Cajamarca,Nuevo,2026-06-18,3,1
4016,4014,C-04014,E6D1083841E365EA5291D9B8B990B8BE1C4856EF5484C45DB0386368104442A9,Cajamarca,Nuevo,2026-03-07,7,1
4017,4015,C-04015,C66AADB8B6A4B70D36E45D707D7A3114156CFF1128347557B58F70C8D80965CD,Baños del Inca,Nuevo,2026-07-26,2,1
4018,4016,C-04016,2477334DE833F9D7BA0EB57F4A458CA731B1D33C1EA20A53D12CB38FB8A488EC,Llacanora,Frecuente,2026-06-08,4,1
4019,4017,C-04017,7317C1D3283C7865300CEB1579D4A306DF8E8B407B12B2906236819B55D69647,Baños del Inca,Nuevo,2026-07-20,2,1
4020,4018,C-04018,D3AC0652366134DE222F2ADA881FEB48EB678DD3FBB44E778AD91A905F203284,Cajamarca,Nuevo,2025-06-25,15,1
4021,4019,C-04019,7952A9ABB06CD8D368F13D0E3B201B31218CD12C6E9DBD027C70CB26D275E8F0,Cajamarca,Nuevo,2026-07-21,2,1
4022,4020,C-04020,96FB4B62237FBB5AB4B4ADA6D85162C018F2A3F421C5B6942C0BEEABF670249A,Cajamarca,Frecuente,2025-06-30,15,1
4023,4021,C-04021,83D049F233FF6848C18C471938781671CAC640A7AD89C679E8DB855018D57D5A,Cajamarca,Nuevo,2025-06-15,15,1
4024,4022,C-04022,A1309AE7CA8237DACFF3EFE052732EF36DA49C410E43DF573D43DA07E2174A3C,Baños del Inca,Frecuente,2026-01-27,8,1
4025,4023,C-04023,0EA21607D7854F9E96D42106BA9D491129F2CE8D415BF329EA42D93DF41A238E,Cajamarca,Nuevo,2026-04-05,6,1
4026,4024,C-04024,94044151B04443F4A4BF5B4D253D9E71F95C599F9550FBB84D4331AAE62B7FC4,Cajamarca,Frecuente,2026-02-12,8,1
4027,4025,C-04025,1167F0CF15C259A219F204076EB898C67DEE5DA65AA2053C7ECB6A4FF3143A5A,Cajamarca,Nuevo,2025-10-27,11,1
4028,4026,C-04026,BCFB527B0623E315C4088581039C34D7EC35168632EA7F28D488BA29B19C6705,Cajamarca,Frecuente,2025-11-04,11,1
4029,4027,C-04027,4AC76180E53406EBAE4B2D30D750F693103758780C82A8A4837575E48571D446,Jesús,Nuevo,2026-07-15,2,1
4030,4028,C-04028,7F14D569656619DEB720572E960561CB3E6D3EF0F7CA748E0F6DB98878CD5059,Cajamarca,Frecuente,2025-08-20,13,1
4031,4029,C-04029,42E5C5A03084A8996B223A00C830F5B42C62679DB2EDFCA77E9FDE3A530FE4A3,Cajamarca,Frecuente,2026-07-11,3,1
4032,4030,C-04030,297B85C7C952CC21246FAED4F6A069B5D24B0BD546B4DC7960FE1B1E0838169D,Magdalena,Frecuente,2026-04-19,5,1
4033,4031,C-04031,A998163DA0FFD7823BFA459F4FD1CDB0B8E20DFCAB70FC8F103A93FF92FA3F81,Llacanora,Nuevo,2025-07-17,14,1
4034,4032,C-04032,28FE8FB170C8D7B36AFF81759AF288B7AEAC6145A8C1617D9711759F1CF590DE,Cajamarca,Nuevo,2025-12-06,10,1
4035,4033,C-04033,C41F69FC8519009B235A49988AD5D59444E0C38CDEC2B6A66849AA4BAF483CB0,Cajamarca,Frecuente,2025-06-21,15,1
4036,4034,C-04034,5033616AEAB959179E14D71FD9208A76DA80B408550D7CF8E81F019252DC93F9,Cajabamba,Nuevo,2026-01-05,9,1
4037,4035,C-04035,C11E5B718FD3BBBA81BA98D5DB3FAA11C86A57096CF9352BC56D7438641D9DE2,Cajamarca,Frecuente,2025-08-15,13,1
4038,4036,C-04036,7F1883B94E3269920C0C9501FEB1968362A680CE57DDFBBDDAAE7D36407B7934,Baños del Inca,Frecuente,2026-08-02,2,1
4039,4037,C-04037,FF5925109DDD08238F6E73A95C302927C2B1DA61FBB152A64760E4CFE3D47F4C,Celendín,Frecuente,2026-08-19,1,1
4040,4038,C-04038,466DE97D1BDA6F571AF17ED57570F259EBB3BCF0C401B98C4D09086EC8434B3F,Cajamarca,Nuevo,2025-11-19,10,1
4041,4039,C-04039,53BE8DFAA7EEF30B7121C30EA6B067F66DB3EC84F1EDEBB6BD803B12DCA73787,Cajamarca,Nuevo,2026-03-14,7,1
4042,4040,C-04040,5AEA4817516566AEC9594CEC0C3DA7BE7D3952AC437A71D929179CF218E9143E,Cajamarca,Nuevo,2026-02-22,7,1
4043,4041,C-04041,BA6D749CFAF5F33C6A043F02B5B3C5BFDF543F9CA429A5C52A2D512099457DF8,Cajamarca,Nuevo,2026-08-06,2,1
4044,4042,C-04042,EC6889F3644170A6FA72B08A7659DA0EE20454C9C817CFF5DF92D4CB551675EF,Cajamarca,Frecuente,2025-06-18,15,1
4045,4043,C-04043,40C4A6916F954B2A9F0137AF6EA3B29F21F990A34EEBFB41C669F648FBCF0FF2,Los Baños,Nuevo,2026-03-14,7,1
4046,4044,C-04044,1D2AC058DE7C8DAD27FE578B5117AFB19C09026443E4013B1BD6FDC413EB8D13,Baños del Inca,Frecuente,2026-03-14,7,1
4047,4045,C-04045,D99E4392C1D564DEAE74C44D48332E538198F5727469B329C649571FA5B901BF,San Juan,Frecuente,2025-10-29,11,1
4048,4046,C-04046,FE586ADC1DE9B8109D2F4A91A2A68AD1DACAFBD5FE1438D4CF55FEE3B82824DB,Cajamarca,Nuevo,2025-09-29,12,1
4049,4047,C-04047,CD66F315038158D8333F9B055CECD9DC1A1877CE9A062D6E3A4304B2BD6FBBDA,Cajamarca,Frecuente,2025-08-28,13,1
4050,4048,C-04048,233EE5C97427FFE26C6FAAB67318DA9FB09ED977D80B07B66932E7F1B58CF0D4,Cajamarca,Nuevo,2026-01-30,8,1
4051,4049,C-04049,1E3F10298ABF4C84C221B1F72457331DFBD9FAF42F4BC6245E98CCDACDE2DA62,Cajamarca,Nuevo,2025-09-20,12,1
4052,4050,C-04050,916F9F6A07A6B2154524B19A15BE22382520AF7438B9E56863B03BDFAACEDF7D,Cajamarca,Nuevo,2025-11-26,10,1
4053,4051,C-04051,68D3BB5D337B7D5C6B865B6AF0AC5A781FE0624A89A1C21E61D2C61540E613D9,Cajamarca,Frecuente,2025-10-26,11,1
4054,4052,C-04052,49646FEFFF9F32CA56C22EDCE6CE21BE70238C0F9B313D5B4E64883B0DF2D821,Baños del Inca,Frecuente,2026-01-08,9,1
4055,4053,C-04053,85B17DE6BB4ADB3D159CF4D86882D2444B7C8C0C698645C007F1B4898E30BE04,Cajamarca,Frecuente,2025-09-23,12,1
4056,4054,C-04054,5B138C39E4CCBA983FAFAB5F89BA6C909E0E46C3405CA5E3B99031C95553099C,Cajamarca,Nuevo,2025-07-10,15,1
4057,4055,C-04055,08CCB6AB08AECA8CD59AC44AB7523778EE149927BAAC6266748F975FD1D12A93,Jesús,Nuevo,2026-04-19,5,1
4058,4056,C-04056,D9CC94219DF0E5C4E437451A52563F6F613DE35C4256D84FDFE8C966C1112D56,Los Baños,Nuevo,2026-04-13,6,1
4059,4057,C-04057,7E3D68CF1E730736E233CD63D0009D3CE1D7C2A59D86F528C7C333DA35564F3D,Cajamarca,Frecuente,2025-07-20,14,1
4060,4058,C-04058,CEC7D73A2AFD1F82874288054285B0A1B6525F815601C0308C764E6913194947,Cajamarca,Nuevo,2026-06-03,4,1
4061,4059,C-04059,94D87FCEB49BD542889D51E5FAD963E0827DB003234E839EA27CF7F648884FEE,Jesús,Nuevo,2026-06-27,3,1
4062,4060,C-04060,73B41FC870E5480299817C4051EF3713EF115327CE6806B50F20A132F859A62A,Cajamarca,Frecuente,2025-06-02,16,1
4063,4061,C-04061,BC4239C25E3525D2B94A191C57D8501928D5794B7B2AA75C700740FA8ECD536F,Magdalena,Nuevo,2025-09-25,12,1
4064,4062,C-04062,B649816A7EF1B29E0282C6BDDD9B2035970A66F24FFB14AE3FD57C900F55943C,Cajamarca,Frecuente,2026-07-02,3,1
4065,4063,C-04063,A58C3E1B290724B4905589AEB33485BC66F7E0C29269AED6E233772B0645F0BE,Baños del Inca,Frecuente,2025-12-03,10,1
4066,4064,C-04064,A762EE9CF28AC6052E143CFAD79D5809B4B64574F6E44C42014393254D5DC40C,Cajamarca,Frecuente,2025-09-11,13,1
4067,4065,C-04065,D007D18A21A62641F539EA78DE2A38ACA364AF05E62944CE738317D82C6CFEBC,Baños del Inca,Frecuente,2026-07-18,2,1
4068,4066,C-04066,2D185364D43F1D5C087A17B6608B36FB98936F676B4DAA41DD513F84D004DAE4,Cajamarca,Nuevo,2026-08-20,1,1
4069,4067,C-04067,AAE75EF6E4C0D7B34C5618D8B047BE24B357224B7F42782F71A3F8211A055E5E,Los Baños,Frecuente,2026-08-21,1,1
4070,4068,C-04068,FA4F820F26FEE6959DDADC3EDECF6DFC7AD90EBD8CDCA6A11AD8399E1332CCBC,Cajamarca,Nuevo,2026-02-23,7,1
4071,4069,C-04069,564F6D61001D1D1C2D1051259192E50F9DDF0B22F3ABCC589345154F1A5205D6,Los Baños,Nuevo,2025-08-16,13,1
4072,4070,C-04070,1FCD233A38D2C0C6FDA0C00D6962F1FD2A58F614930C2B7A12A9407A39E33A63,Cajabamba,Frecuente,2026-02-21,7,1
4073,4071,C-04071,5C76F9EE03AFD20B0C51A27A6D7EB7A27E54FC826662CA3D6EECE1FED123C9C7,Magdalena,Frecuente,2026-02-10,8,1
4074,4072,C-04072,ED1A2400340626068B89FDF2FBB9416BF80648B8E1DEE1434E649A4A34239DEB,Cajamarca,Frecuente,2026-07-15,2,1
4075,4073,C-04073,D8F7DAEC7D87AC409A6CD849E34C6BA975DB6A585612D51D253755BE2AF7E280,Celendín,Frecuente,2025-12-17,9,1
4076,4074,C-04074,96AA8C0D4CC5F27D6AA2A0AEDB878DAFD2FDA2E9AFC57B261FDEC1A3295D35B4,Celendín,Nuevo,2026-06-23,3,1
4077,4075,C-04075,A995CB0628112E7E3691015C60403CBE5F8F513FB332CA9C0E8C205AEDF8FAE0,Cajabamba,Frecuente,2025-11-18,10,1
4078,4076,C-04076,4A664C7A443B8DBB66AD2BE0422C543313BE760A506B1079665981978E388766,Celendín,Nuevo,2025-08-11,14,1
4079,4077,C-04077,BB73B8456ACC800B6B3797682384484CB8EEEFF0AA62BB9ACAFDED9EABB0A739,Cajamarca,Frecuente,2026-09-12,1,1
4080,4078,C-04078,C66481B52F6477D5D657C7557FF47DA3CF50F891CBC51F7593B2D8D42FBF62C6,Namora,Nuevo,2026-03-11,7,1
4081,4079,C-04079,AD6C9DDB70ACCF2E398BFB2B2D7B816F67D87C7AEC081AC1012BF0BE9B283725,Baños del Inca,Nuevo,2025-07-03,15,1
4082,4080,C-04080,C9904DED4CA76DCB422ADAB475A09776EF18603F86120BFCC637449346595790,Cajamarca,Nuevo,2026-04-16,5,1
4083,4081,C-04081,A14C96B20E31C7104B997315EAEE812EFDF8C383444B82F84535DA7B604A4D05,Baños del Inca,Nuevo,2026-03-06,7,1
4084,4082,C-04082,77E41DF5074F358F42BA8B2B76627C50CDAB583C380E270673C105BC05F6D72E,Cajamarca,Nuevo,2026-01-16,8,1
4085,4083,C-04083,2AFBC4A5A34EAC0E9687CB51C5199D94A5A4A2129FDEB938D130277E94F5A8F3,Cajamarca,Nuevo,2026-08-09,2,1
4086,4084,C-04084,E817658D95BAD5954E053DBA523987AD53DD9EAA619DB7D70BED1ACC3A033540,Cajabamba,Nuevo,2025-12-14,9,1
4087,4085,C-04085,77913ACD41AAD2312F290F2CD100893C6CF6C36FC7EAA8B87E55627A7CA5EE37,Baños del Inca,Nuevo,2026-04-08,6,1
4088,4086,C-04086,9CDE3938B5F3A9EE52DFBB37FFA1FA800EBA746FC6E7902B36F12B3A6736E11B,Cajamarca,Frecuente,2026-02-25,7,1
4089,4087,C-04087,DB884B6ABF2E90839AC04BFF685452A4F090574E622EBE88C7FF6686367462DA,Cajamarca,Nuevo,2026-05-02,5,1
4090,4088,C-04088,27EAFBF911BC1191F179C2DA65C8540DF656FEF6F59454A565F0DC8ED597551E,Cajamarca,Nuevo,2025-12-10,10,1
4091,4089,C-04089,47D2AA5FA66EBCAA08C821DD2652DE5B90C80AB58AD199B85F8C1F562EFAC5F6,Cajamarca,Nuevo,2025-11-14,10,1
4092,4090,C-04090,2CE243987EC5AF441C87D2F9F3D84E3EBD613C3C49B542EFFAECFACF25CC5A5E,Cajamarca,Nuevo,2026-05-26,4,1
4093,4091,C-04091,01C07B5DE63B63CF0D63F690C0556836AAC700486DB2EC78EBBFD66F1AC14D2A,Baños del Inca,Frecuente,2025-07-29,14,1
4094,4092,C-04092,27AC7A16707D432996B6FE4E629D94690EC6A7E8AA10FD0772624EEFC857AEC6,Cajamarca,Frecuente,2025-12-16,9,1
4095,4093,C-04093,BABE88222AF8A27F6367B99DADB162E167892E8312F65B3F6A7CAD0AF7ACAF5E,Baños del Inca,Nuevo,2026-04-23,5,1
4096,4094,C-04094,9C6ECD16BFCC12971015146588C3A62594E6AC6F74713A701CAF43D35DF37635,Cajamarca,Nuevo,2026-02-14,7,1
4097,4095,C-04095,352A7C44AB59EA91944AF986BE0F8BCB673364BB2D0B339AED0C10D9472758A1,Cajamarca,Nuevo,2025-09-19,12,1
4098,4096,C-04096,B69F921C2607EEC2870313A07CE3C0417FDA3EDCFF66B8E4B80D6B2D561DD56B,San Juan,Nuevo,2026-02-19,7,1
4099,4097,C-04097,AB18F8FFF86E8BEB3A231D3D2A2ECF7260EF285F724C151237ED7D886BA3F9AC,Cajamarca,Frecuente,2026-07-15,2,1
4100,4098,C-04098,A0DBAFF75BEFBD9FD43128E9E173431D3381EB127AD0CE8E88148544DBEF04A3,Cajamarca,Nuevo,2025-06-03,16,1
4101,4099,C-04099,146AF64B46034DED1B221419E14BDD19756F5FBFABED160EA6DD302CB98FA2FA,Celendín,Frecuente,2026-03-18,6,1
4102,4100,C-04100,F155E73EA7C7BF44C3D5985E4A064C3B734DEFFB1C9044EF2B0DBA6CB12B40CE,Cajamarca,Nuevo,2026-03-14,7,1
4103,4101,C-04101,FF435C60803379520C8F078EFA8A376B4ACC8950DB3BCDEBCA920DF4EE9DC431,Los Baños,Corporativo,2026-07-03,3,1
4104,4102,C-04102,78989A90A9E312A7AEA37DCB182B7525980F36D37358D81884BCECCDA5700690,Llacanora,Nuevo,2025-09-06,13,1
4105,4103,C-04103,1E91EC988D40FA6931D0E6D4BB9C1A5E85573F3068FC57ADCD2C0393CF842E4D,Cajamarca,Nuevo,2026-03-28,6,1
4106,4104,C-04104,89F529D93D62070DBD712FFB5293CC2260BE72677A5CC9F76BFA091A0B83AE07,Baños del Inca,Corporativo,2025-10-29,11,1
4107,4105,C-04105,8A8F4065C9D1B140D247658E9E48065C6D0D12C76329D1EF4D982185DB14F11E,Baños del Inca,Nuevo,2025-10-21,11,1
4108,4106,C-04106,75D49C01E1490A0A350CA210B60A2CE09CBA9740133380EC5E720B324F537BA7,Cajamarca,Nuevo,2025-08-29,13,1
4109,4107,C-04107,2618E82983086EA47C6785F9238585B9D919CC7A77C213AF8D28D8AE474F9996,Cajamarca,Frecuente,2026-04-24,5,1
4110,4108,C-04108,BFE7452346414EB97949BB94A4DF94949F2F590D9B1077D21EBE121DF9B78774,Baños del Inca,Nuevo,2025-09-23,12,1
4111,4109,C-04109,C39CA7C62FC844CB28560D1728B987C644A86337E150448AC041C852A9895BA2,Cajabamba,Corporativo,2025-06-11,16,1
4112,4110,C-04110,D064406E1628EA0F63662ABD1E35F91B634BD29173BAFA04722E3BD37F82E2C8,Cajamarca,Nuevo,2025-12-04,10,1
4113,4111,C-04111,DBEED3FECDBAD878E7E3A8CC14BA5F1B9E3CA8BC28C980EBC318D0A9715FBA2F,Cajamarca,Nuevo,2026-03-09,7,1
4114,4112,C-04112,441F6DF5628295652073B6DCEAE9E161A5DE3F2678F36E48A34ECA22E99A06F8,San Juan,Nuevo,2026-01-12,9,1
4115,4113,C-04113,FE5ED9E516E59643FF1BBA03152C78E381643B0EBE74C830CAF996A838425525,Jesús,Frecuente,2025-06-03,16,1
4116,4114,C-04114,B8C35AA58765FCF151C01EC0EBF1A44661EDAAE5A5248E57E70250D8C87DCF76,Baños del Inca,Nuevo,2025-08-07,14,1
4117,4115,C-04115,19E1BED5B4F0F9EC1B818AD19DFAC8D4176082DD809E687F6503714218508577,Cajamarca,Nuevo,2026-02-23,7,1
4118,4116,C-04116,D0CA64D279E8B2AE39FD6E7CE5053EABEB5E6A6638D97AB7E0C366CE2127E292,Los Baños,Nuevo,2026-08-04,2,1
4119,4117,C-04117,4D8279FD2F41BA95AA9C1FC6CBC1D43B868F4FBB2306FB45AF46D0A718EDCA5F,Cajamarca,Corporativo,2026-06-18,3,1
4120,4118,C-04118,C1DBCE2EAEAE9999E27C069E0A2F4BB5FA33B8CA46D83D0B5CD50A820C8C09D5,Cajamarca,Frecuente,2025-11-23,10,1
4121,4119,C-04119,14EE5B47188B9BA12C779DD2357E398DCC7D1BD9EE995AD1104322CADD9BA780,Cajamarca,Nuevo,2026-05-28,4,1
4122,4120,C-04120,B36C7FD25284B9EBA2140DED389326BD99C36A1232562A970BDD99A9FE25BA10,Jesús,Nuevo,2025-11-18,10,1
4123,4121,C-04121,CAC8F8DA99BA7F1F9E3F5BB7B934F9B91253F4BB18ACA10DEA21F80C8630E293,Cajabamba,Nuevo,2025-10-01,12,1
4124,4122,C-04122,C3279C20963C1381E70722596FB6CB46C8B2F3A400910ADEC6A9B0EE32E14DEC,Cajamarca,Frecuente,2025-10-22,11,1
4125,4123,C-04123,490ABA5ECE10733818C44901195B73A92EC39450FE4B9C1A642FB2DABCF0C22D,Cajamarca,Frecuente,2026-03-12,7,1
4126,4124,C-04124,84C4EF1BF6BEB35551285C5D40E7C4026AE9BDD4C3834B5BB54377863B1DD7F5,Cajamarca,Corporativo,2026-04-13,6,1
4127,4125,C-04125,FEF13235D5A267861F0BF4C019F407CA63C6A47CDFCFE72FDC7F4A85CCB0595F,Magdalena,Nuevo,2026-03-13,7,1
4128,4126,C-04126,4374BBC0338A8F303D091FDD4DAD18385E2A92A1CD1EFB4840C5AA2B47D08738,Cajamarca,Nuevo,2025-12-30,9,1
4129,4127,C-04127,843AEF6D85E5C4A7A17699A1A838DB2F2ECD866A06C8675BCC6AF46C789E533A,Cajamarca,Nuevo,2026-04-15,5,1
4130,4128,C-04128,B1BEC79B7A54A09EF2539F295CB5A75B7CA69712A9ABDCA97D1CBAB7743A77DC,Cajabamba,Nuevo,2026-02-06,8,1
4131,4129,C-04129,BEC15DDE2FC1E5638CC8901BDB1F4DE2745095125BD6C20D189A48D1A9DD6429,Cajamarca,Nuevo,2025-12-14,9,1
4132,4130,C-04130,3CD6106B3E49C6719AF3C1FC0705D57C1986B014688B51A77B394E05AAA4EDD0,Magdalena,Frecuente,2026-08-02,2,1
4133,4131,C-04131,A2EA991997DC7239D39C58CC162FF7B5DF7260373D3BDF4834BAC6C8B3114187,San Juan,Frecuente,2026-01-02,9,1
4134,4132,C-04132,287899A065140E1226ADBFBEF0635505F71CCB10FD4D4CCCED92EC13FCA961B5,Cajamarca,Nuevo,2025-11-20,10,1
4135,4133,C-04133,1447ECE7196104E9E66EBCDA65181F863DDC7B2275EB27CE5EA9E8687F7895AC,Cajamarca,Frecuente,2025-06-07,16,1
4136,4134,C-04134,2C946E1D9B6C2D5DE1E2F1047B5ABF24D1AEE00DE111F90F3AAA5F19503075C9,Cajamarca,Frecuente,2025-10-28,11,1
4137,4135,C-04135,484B1A0BE9E80D12A5ECD599E14E9720C33E29E93C00E3A71770211B833E6EA6,Baños del Inca,Frecuente,2026-05-23,4,1
4138,4136,C-04136,958284E5334794C1D8C0F709028F2D81A792D8E5241843A53FEA81F43A7AF5DB,Baños del Inca,Nuevo,2026-02-09,8,1
4139,4137,C-04137,74B2815FE009D6C2CFE358F9374C2E1F087C018E0C5AAE99C624124BC29F62F3,Los Baños,Nuevo,2026-03-25,6,1
4140,4138,C-04138,DE9023924781509BA34AE7A3A911B3204E2E479B0E534E36DC0F47D28CC9ADD0,Cajamarca,Nuevo,2026-08-25,1,1
4141,4139,C-04139,2234A18905BBEEF34F5A17FBC4A7BBD89984E3713954B19199292B02BD07D6AB,Cajamarca,Frecuente,2026-03-02,7,1
4142,4140,C-04140,4BD190CF1BFD969765E7039F75CA2BEF7446CF66A9A30CC492EF2A208F1156E2,Cajamarca,Nuevo,2026-01-09,9,1
4143,4141,C-04141,AC6655F97297B2894CDE87C9B0C65D1B62EB743EB9241AC458A2EB7BFF5993A9,Cajabamba,Frecuente,2026-02-15,7,1
4144,4142,C-04142,D08F6CE19879498E1A2F8598CD63259EDC14F20B6B6131D6C69D9068BBDD1B44,Cajamarca,Nuevo,2025-06-12,16,1
4145,4143,C-04143,9BEB4CFF827182D58749884FB0110741E8D2620B574EB8024DCC7FA00899C024,Cajamarca,Nuevo,2026-03-21,6,1
4146,4144,C-04144,EDB9CA31CA73CA125960F2D5EF89698287BE6DF9D1B8999A4353586BE5431704,Cajamarca,Nuevo,2026-06-30,3,1
4147,4145,C-04145,E25E020CC4BE2008B16C48F13576816E2B9ABE25FAD5835D6AD70C7FAECDE3B4,Celendín,Frecuente,2026-05-02,5,1
4148,4146,C-04146,BE8FF4CC902CD390C361391AD02DA8C1007A1F409B6A00F786E50C2FC33AB783,Jesús,Frecuente,2025-08-12,14,1
4149,4147,C-04147,A691CB163EB6CBC392D9889A768A0A9D7FACDF51981171F44D02AAB63BC4E910,Cajamarca,Nuevo,2025-09-19,12,1
4150,4148,C-04148,5D537CFA4CF23C62CA66925F3FAF630E318C4F06CC24E458F4E00F561D9C023A,Cajamarca,Frecuente,2026-06-13,4,1
4151,4149,C-04149,CF7514A71B3AF91E8553134C22CE25220F7CDA97444BF1259D2CF67AE7D3908A,Cajamarca,Nuevo,2025-06-03,16,1
4152,4150,C-04150,7EA6590A844167B282055B008503BA0117957D95FA9A15A90463FE90A67F2D96,Baños del Inca,Frecuente,2026-06-25,3,1
4153,4151,C-04151,0485C145255EA7B4DC09944632F0A2C550C16B494FC7B7A4E24B227E39698839,Celendín,Nuevo,2025-07-13,15,1
4154,4152,C-04152,E9EB4F7025D9D8C4FF8C10D5F1C69C0D00FD5704101B42BEFDA697C3317D00F6,San Juan,Nuevo,2026-05-26,4,1
4155,4153,C-04153,2F1CE58C3AAECC5429D71D609FDCE5150929873A4361B2DE93B22A3B3525B980,Jesús,Frecuente,2025-08-04,14,1
4156,4154,C-04154,855EA340C47D03B5481C280A12BF5AC0BA86E8DA0BAD25720E5515F4C9D30CDC,Llacanora,Nuevo,2025-10-15,11,1
4157,4155,C-04155,93CF98D5BD70A5165E78A9F5A8D35D1BDF7CA407A5117175B7D7A93A7F7AB79B,Cajamarca,Nuevo,2025-10-30,11,1
4158,4156,C-04156,71DD07BCB133308913279C7307019A9268AB5FD29661CA77E929FF31DD1368D5,Baños del Inca,Nuevo,2026-08-07,2,1
4159,4157,C-04157,68FA509622E805344FAF4AFFE4AB91E7EA9CD05D93091489DEE56098A556CCD0,Cajamarca,Frecuente,2026-02-01,8,1
4160,4158,C-04158,9707697A4FBB0DD5E71BF14468A72638414E63BC5FFE218115C193944532D9D3,Celendín,Nuevo,2025-12-19,9,1
4161,4159,C-04159,35001F21E0125E235BE3827475E8A89768CD925848E5D21E97C118BD302AA187,Cajamarca,Frecuente,2026-06-02,4,1
4162,4160,C-04160,09B4DDB349D11C27C33D7C50A1B18E06708774E7ACC1113E950995C419ECB9C9,Cajamarca,Nuevo,2025-06-30,15,1
4163,4161,C-04161,A4F7876AA03046F55177A55E0952852425D6E1D923481434A182C0406CEC79DE,Cajamarca,Frecuente,2026-04-23,5,1
4164,4162,C-04162,1076736CFFA5519439B4DD75631DF7DB1DE6EA19A78E49C6CF4413F7BB72AE42,Cajamarca,Frecuente,2025-12-21,9,1
4165,4163,C-04163,BFF608034614CE8AAED8BD2A5190C1AB393D0A9DD7901699B72DA4AE5FA5B90B,Cajamarca,Nuevo,2026-05-15,4,1
4166,4164,C-04164,96D01604F602633EE78BD589CDCDBC0FC7890C6F3B5D6DE37C9E6BD99FCEE4C5,Cajamarca,Corporativo,2025-11-06,11,1
4167,4165,C-04165,262A602983DA7FA10D97D2C26835F0DDAF46F9216E41E8F2C5B40013FA43D049,Los Baños,Nuevo,2025-08-17,13,1
4168,4166,C-04166,99135885BBCE1C2D13BEFADF0C9B8558718451FBE4548399D3BD6646DE553586,Cajamarca,Nuevo,2026-08-17,1,1
4169,4167,C-04167,EBDD74BD084BA68DC025B90D90D5001049AEC385B31CDA132C95196396886632,Cajamarca,Frecuente,2026-07-23,2,1
4170,4168,C-04168,CC3F2265D0F6BABFF62889BC048E570BE3E0033AEF286F6A6778D766AE38F7BB,Cajamarca,Nuevo,2026-08-20,1,1
4171,4169,C-04169,E3A0566DA28F00F47BC4C3427B4879949B6C94B51D6972F4155198064D2782F0,Cajamarca,Frecuente,2026-01-15,8,1
4172,4170,C-04170,92B569953236C91E05982182E0854A9004D64B457B079790BD71CEF727046FE0,Cajamarca,Frecuente,2025-08-22,13,1
4173,4171,C-04171,,Baños del Inca,Corporativo,2025-07-27,14,1
4174,4172,C-04172,A407BECE5D537388C45C7718620A2CA0A738110F7F824AEC8C644EB1DE289A02,Cajamarca,Nuevo,2026-06-28,3,1
4175,4173,C-04173,A29271FF9D5FE06F0989CC37D277793B8D26361D0B8BE071CBD5162529D5CF5F,Celendín,Frecuente,2026-02-04,8,1
4176,4174,C-04174,9B58B15F14716572886687764ECB1825E9E1C4E01EFFDE13976F7A804309B0D9,Cajamarca,Frecuente,2026-02-03,8,1
4177,4175,C-04175,6D429A08A18C0B633FDB52441F927D2B3486CB6483061E715084C6658F104706,Cajamarca,Frecuente,2026-05-03,5,1
4178,4176,C-04176,2A4222934DE9BAFF0AA48673D8C0DDE361D974926727E77E30A468C5B5D76B7F,Cajamarca,Frecuente,2026-02-20,7,1
4179,4177,C-04177,05C875BE7083B5A138C3577361EBD4E5EB56E6B2BCDBA7096217F120D83EC0F6,Baños del Inca,Nuevo,2026-09-03,1,1
4180,4178,C-04178,9CCB1DC3A7117EF169A1B080F74816D32B330B94B4EC226410C201FA41667B42,Cajamarca,Nuevo,2025-09-17,12,1
4181,4179,C-04179,F4ADA1BB8E6BF751C9B06D05A732ACAEC59E7D60549A96D9E4E33EFBED9DEB9E,Baños del Inca,Nuevo,2025-12-22,9,1
4182,4180,C-04180,7800D970E4C8E9DF08F23235519E06F57F6401303ACE0270DE875DB0456E366D,Cajamarca,Frecuente,2026-09-13,0,1
4183,4181,C-04181,1B5ACD57946FA3CF70DD4A2798FC3ABA15548F958618E83DE3959C54123FEC32,Celendín,Frecuente,2025-09-23,12,1
4184,4182,C-04182,527C21343CBA791322C35FDAE78852E0E183C7C2580044B91A54F036BB7F59BC,Los Baños,Nuevo,2026-03-02,7,1
4185,4183,C-04183,639F1E6A9381EB6C1A9E851A24181078A83EE6C07DE436A9E3D24496A5A6DF24,Cajamarca,Frecuente,2026-06-09,4,1
4186,4184,C-04184,4B779093C117730E9A3BE53B840A5949F9DE4ABAD53134150AD2DDDE053671D5,Cajamarca,Frecuente,2025-10-04,12,1
4187,4185,C-04185,933E11CA45CF9A1200046D159E2EDF0A613155E07134A5F6359B6E8234B2083D,Baños del Inca,Frecuente,2025-09-06,13,1
4188,4186,C-04186,EF59D853EADC41AC2B208436160CF77D8CC2285ECC55C2B8754D930362B12E68,Llacanora,Nuevo,2026-05-08,5,1
4189,4187,C-04187,D569721C9D49819699D38028D084B198F9C0334682E89C4E4DBBED65BDA769D5,Cajamarca,Frecuente,2025-08-30,13,1
4190,4188,C-04188,EFC567ECEFDC71E305D699E880D79B415F78DC1988A83EF7432259C481FF6DC9,Cajamarca,Frecuente,2025-09-13,12,1
4191,4189,C-04189,2F2203CC513C51CAD5399EA05446E2B3CDFDA87750A66E8CA5D124E731297252,Cajamarca,Nuevo,2026-02-08,8,1
4192,4190,C-04190,E079938F2469DB9EE6B621FA2F4039186951F1FA05A60DAD5A4FF176856945DA,Cajamarca,Frecuente,2025-10-07,12,1
4193,4191,C-04191,070484FF06531BC3916BDBB6F90F4CCBAE2455022FADD900CCDFCC3C84F38E76,Cajamarca,Nuevo,2026-08-13,2,1
4194,4192,C-04192,28BB234ACAE835ACCD02771CA0720C44E18D7C8C48FF908A4F63B4BB69AE7535,Magdalena,Nuevo,2026-02-25,7,1
4195,4193,C-04193,BD747A502AAA9492CD1325C4F65D19768044BFA86F8F04B42981424E51EDF0B5,Cajabamba,Frecuente,2025-06-26,15,1
4196,4194,C-04194,C28B89AC3FCE63E517965E2ADAA618D7F6D1CB0F11AB15665057906ECE20D1F2,Namora,Frecuente,2026-06-24,3,1
4197,4195,C-04195,21AC0C7D068FAE7D6E81725A17528745E813021C525FD053A77F97021E3702A3,Cajamarca,Frecuente,2026-07-12,3,1
4198,4196,C-04196,E2DFC0656528816E0DE9B26596E3E37537A14B2EE1B4B234BA38C8769DAD10DC,Cajamarca,Nuevo,2026-06-28,3,1
4199,4197,C-04197,CC5E810B1E8D3D80985ADF5C8F841D59BD71A4BA4CC576DEAFACCE4FD6B131EA,Cajamarca,Frecuente,2025-11-04,11,1
4200,4198,C-04198,93C85B7CDFA88B246A2E7D817391D82DBDE5B9D6A8F2A1F3024E3D8A57531738,Cajamarca,Nuevo,2026-03-30,6,1
4201,4199,C-04199,C37B1116202802C499833B6AAF8088FE6C279037C54A4A4BC277DB93409C8AE6,Baños del Inca,Frecuente,2026-08-03,2,1
4202,4200,C-04200,578B45AEDC0C94334950E003DA739238024BED22E48B0E9D86D31BAA87ADA566,Cajamarca,Nuevo,2026-04-07,6,1
4203,4201,C-04201,8E4B9E14288702306ED50DC7A87A3626239FD0921BEEB29BB8EAF31D1806B0FA,Baños del Inca,Nuevo,2025-08-15,13,1
4204,4202,C-04202,2A46460109375E9D5D7B9AD597CD5F105AD435D7685BD3E4E9B6A6AE7517AA07,Cajamarca,Frecuente,2025-10-10,12,1
4205,4203,C-04203,9EB20B8FA0ADA302DC57EDF6702A34ACF7CFE81718DAF0FE27A14FE3BC9894B3,Cajamarca,Nuevo,2025-09-15,12,1
4206,4204,C-04204,4B8F9C074C7B0E3B81D42B0E34208FDFE8CACFBAB355CEC2C15463CD97EB928D,Los Baños,Nuevo,2025-06-13,16,1
4207,4205,C-04205,82D483765E147CB9834EB4D4F804490699742AF8B9DEC4AC1DBC04172223ABF4,Cajamarca,Nuevo,2025-08-19,13,1
4208,4206,C-04206,7A72F077DCF82EDA1C873007894D4894D03D85E8D4E6B904EF8165364C160065,Cajamarca,Nuevo,2025-12-18,9,1
4209,4207,C-04207,EE7258A103F79B4282214A09D9CAE545172627735E0C5A2501698B2E87F194B1,Cajamarca,Nuevo,2026-08-16,1,1
4210,4208,C-04208,B7B6B1EF561541E1A2DA1DAA9BF3D1F380D579521530880595ABEF46CCB6709E,Cajamarca,Nuevo,2025-10-29,11,1
4211,4209,C-04209,07E75CDB1A810B11DA49265C81A8EA06EA8E29C83D29456222D63C1DE2E2AF3D,Baños del Inca,Corporativo,2026-06-05,4,1
4212,4210,C-04210,FB783C8049C4C21F76E2DECFAF03551FCB965C226F124EB9B582366955A2ACA0,San Juan,Nuevo,2025-06-08,16,1
4213,4211,C-04211,94B90B886F613F8AD4BEC6A163B840A036780075934BCAEC61B187A21503263F,Cajamarca,Frecuente,2025-09-13,12,1
4214,4212,C-04212,76E49589561D9293D05A79316A8DECA539A8A5176E5E9999374795F3509D0B8C,Cajamarca,Frecuente,2025-06-13,16,1
4215,4213,C-04213,7A1741B3CBC9818D793FEA96FCD9BFF5A030CECB774C0EDD26CD5D270696B30A,Cajamarca,Frecuente,2026-07-23,2,1
4216,4214,C-04214,20C3BD45F93188F8D3D07404519EED800DC742D052869BCC62CB2029975D16CC,Los Baños,Nuevo,2026-02-26,7,1
4217,4215,C-04215,93030EDF26B5F6CEB47336A5A0B5F20FA97C63F2FA944D0349125E18691DC360,Cajamarca,Nuevo,2025-08-06,14,1
4218,4216,C-04216,28322C568DCB4D25AB596A57A4A5D8F1F935EBAB98B7CB55A430A8AA76D47FC5,Magdalena,Nuevo,2025-10-31,11,1
4219,4217,C-04217,459C9CAC49695A264C3A5C656AB1BF5ED8CDFA49AC5AB2D833E1C0430BD1D503,Baños del Inca,Nuevo,2025-11-10,11,1
4220,4218,C-04218,E340D81CB82C82357C941C09504B7D9CC20ABB86D1C0042B7EB47C583A76550B,Celendín,Nuevo,2026-06-01,4,1
4221,4219,C-04219,924F66EBC0F1DC24A27BF9A0C6A8718B5253E411E24D2C4AE7C497EE113DEAB9,Cajamarca,Nuevo,2026-01-17,8,1
4222,4220,C-04220,2B96AE27B925E58B7EFA36DC9D01030FEFFCB0F21BBFA351FD06D46E320D4912,Cajabamba,Nuevo,2025-09-05,13,1
4223,4221,C-04221,7DEA727F129C38C6D8AEB2D6AE789272B0FB58E0C867495FC927AE2F61412CA8,Baños del Inca,Nuevo,2026-01-30,8,1
4224,4222,C-04222,83C6F8DD7AD8AA8208306C19F056979343745EDAF43D8CBD4AE1F544E455099E,Cajamarca,Nuevo,2025-06-02,16,1
4225,4223,C-04223,EA5B73B56060E2B5BE45C4116CC4EE805ED2B1151555D0A080A7461001841B3F,Los Baños,Nuevo,2025-12-29,9,1
4226,4224,C-04224,0EFB9D0FBF00F080C77E2921F0FCFE52A00823CACA232293DCDFA309CFE4B9A9,Cajamarca,Nuevo,2026-04-14,5,1
4227,4225,C-04225,74FF4E793E97F4FF7CBAFCDA0FDD79251F2390E3CCC04F789D06E7EAB929114F,Cajamarca,Corporativo,2025-11-15,10,1
4228,4226,C-04226,B85780146E61050388281036F295CBA00B89F827408BC150CDDA15BE215F442E,Cajamarca,Nuevo,2026-05-20,4,1
4229,4227,C-04227,5D692D14EA3C3F97783154273AC1A8F76B3E3AB52D0D71D1C5A92CE38560C1D5,Cajamarca,Nuevo,2026-04-20,5,1
4230,4228,C-04228,95082014F86799DD9128FFCB17B7DEA83988F58BFCFD6E781CAE18ADCDDD8F85,Cajamarca,Nuevo,2025-10-30,11,1
4231,4229,C-04229,CA12DFC27291F825562561369185C671C88532DE48B3B8DAD04AB7203B52ADD5,Cajamarca,Frecuente,2025-12-06,10,1
4232,4230,C-04230,9862EFF8FBB6C396E0FD4D199635F5BAFEBF621D150E6C54BD1EABE6C04E01E6,Cajamarca,Nuevo,2026-08-08,2,1
4233,4231,C-04231,F7FC1A0FB83A117D451AB32C754ACEC08B4DB96EDEDFFBFD78DA46124FF181AE,Cajamarca,Corporativo,2026-03-25,6,1
4234,4232,C-04232,F8FFB211AFC9844EA0E2DB96683123C350AFA28A9D3CD05D11AEC2566BBD8031,San Juan,Nuevo,2025-08-03,14,1
4235,4233,C-04233,50C68C740A569A5D0800636F4685C9970424238428592ADB812A3A4F91475A59,Cajamarca,Frecuente,2025-07-30,14,1
4236,4234,C-04234,D4C965ABBE051218EA8E77F53D3A14C2AE63CB4431E990BA3D212997A793621A,Celendín,Frecuente,2026-07-01,3,1
4237,4235,C-04235,7ED86182F0C484C6C23711803A6A6236193F90522E0826974ACC3307C5AE6155,Cajamarca,Nuevo,2026-04-11,6,1
4238,4236,C-04236,0D79653DB8F1676EC7134F0C2FF9993D545600A819014DB3DD3B4C8CC3C4D568,Cajamarca,Nuevo,2026-03-08,7,1
4239,4237,C-04237,D25838290CB05E519790031C30FD16829405670C83494009B16B11F8E73F8FA4,Baños del Inca,Frecuente,2026-08-18,1,1
4240,4238,C-04238,F473A2B2437F606ED67FA227CE8DCC8CC6B1E370971EAA9E94CF8A7FB0A32065,Cajamarca,Frecuente,2025-09-15,12,1
4241,4239,C-04239,852997A580779CDC32CBF4A5626CD99DD14494AE6586189BBC7F521B4FDAD483,Jesús,Frecuente,2026-02-05,8,1
4242,4240,C-04240,CBD6CA70CA7EAC23B4AACAFEFB965FCC4FD8EBE964B7155F1F4DEDAF47C1DF0B,Cajamarca,Nuevo,2025-07-13,15,1
4243,4241,C-04241,41C4CAFDB9E0445E88BBB4552DE24B983F98EA4100579B5D8C33EA425E171DB0,Baños del Inca,Nuevo,2026-07-11,3,1
4244,4242,C-04242,FBADF4EE72F9B303149BBE5376016D5CEAC772B8FA362F14CC1128C691887B62,Baños del Inca,Nuevo,2025-08-06,14,1
4245,4243,C-04243,9E9DE186A91DE3A9787EAC18595D9793E2C577DCBFBA0D1DC35F3FD5D6AA6074,Celendín,Frecuente,2026-06-01,4,1
4246,4244,C-04244,127EABED38BFC5CFFD85896935D638814A1258787B2FD54BDDEEABD682CC7FBE,Cajamarca,Frecuente,2026-03-05,7,1
4247,4245,C-04245,34B1ACF3FEA879E77A32C4FB972F49C32C8FE83EA96BD9B4673275F454F05290,San Juan,Nuevo,2025-10-17,11,1
4248,4246,C-04246,5A5CCFB7C22A954AF2AEBCE274C9474B4067497AF401D6F9822DAD20E39F5910,Cajamarca,Nuevo,2026-02-03,8,1
4249,4247,C-04247,8D5C64609B6C5824E595C3F9D648AE3E964BBA12E919B6300FEB044418E071F7,San Juan,Frecuente,2026-05-04,5,1
4250,4248,C-04248,F2AE1FB3A784E7D624BAD877D6D9269B247C15C64263E87189523815125CC3F7,Cajamarca,Corporativo,2026-08-26,1,1
4251,4249,C-04249,5C902C4900F89E54172EBFD082C0B3BF76CDE53FF6B046960DE05E2E421349C8,Cajamarca,Nuevo,2026-05-22,4,1
4252,4250,C-04250,F5205FA1CA5C03E78E1143E2612E065114F1DC278955EF6A910B8F348FC564EE,Namora,Nuevo,2026-01-13,8,1
4253,4251,C-04251,212A8EA651C52C306100E2CB17F4FC00906AF9E8E62ED529ED8B1087A1F4B84E,Cajamarca,Corporativo,2026-04-01,6,1
4254,4252,C-04252,F0090F6C590FB10AE9F3B2DB907A4162FE2330D5509AD14B2C32BC2357832C9E,Cajamarca,Nuevo,2025-11-07,11,1
4255,4253,C-04253,7CED4EBA5561673530146190E5E8A2D268B26D5E70923374011A13A5A692F9A5,Cajamarca,Nuevo,2025-10-05,12,1
4256,4254,C-04254,81FC8126CC6FF9EEE05551452A493D39AA9A5F73C9F5E2DF0BD9A2BF29A3F37E,Cajamarca,Nuevo,2026-07-24,2,1
4257,4255,C-04255,375E809CDF8753B80CB6AF450A8350D7D396751D0FB4B68F35FFDD468CDE3038,Magdalena,Nuevo,2026-06-29,3,1
4258,4256,C-04256,A10940A5B800AFA16918220BBA49C1C69DBD9873174499A5385954E3815BEC92,Cajamarca,Nuevo,2025-08-02,14,1
4259,4257,C-04257,73860BFD165ECF1C19C6B46F0EFC8B9990C68F3C43776F4DFDB39D535BF17925,Cajamarca,Nuevo,2026-03-06,7,1
4260,4258,C-04258,EF4DF4A2BF5AAB936BEA6BD241F9CD4759B1D457E82FAF644365B6CDA6D38A9B,Llacanora,Nuevo,2026-06-06,4,1
4261,4259,C-04259,640528D4AC1D5D67C101BFB9635BE6A5D66D2062EE72788A28612847902CC7E2,Cajamarca,Nuevo,2026-02-22,7,1
4262,4260,C-04260,8882B8D9F2773F3601FCAD38011483B8C0665C8B12CDA87A8B855E0E6EA6D5F1,Cajamarca,Nuevo,2025-12-15,9,1
4263,4261,C-04261,D9209DF5CC853BAA6FE7B87D72BD96946D4854A4713BF196B87311A05347D8B5,Llacanora,Nuevo,2026-09-03,1,1
4264,4262,C-04262,BCCC1F56FC6607EF9EC160AEB9B687A05ED379B342BA7ABEEB344AB018A43690,Cajamarca,Nuevo,2025-09-14,12,1
4265,4263,C-04263,08FBD51938C3F414686C4BA8FA97AEFBCFC71D57BE4DB19EC635DF1681E739C6,Cajamarca,Nuevo,2025-07-01,15,1
4266,4264,C-04264,2814E497D0F83E15D21D6EEBA7FCE3D199147804E057B2B93BC4AD6B533E78B1,San Juan,Frecuente,2025-11-20,10,1
4267,4265,C-04265,0AFF1C941BD28DF5262D78ADF49E933820C495E0B734EB421751E8069819EE96,Cajamarca,Frecuente,2026-04-28,5,1
4268,4266,C-04266,BE69966AC9049A7B1209982219E3855FC0E959C67551A782FEC9F3CF12417802,Los Baños,Frecuente,2026-01-22,8,1
4269,4267,C-04267,6FCD2EDA66AA39C2A158B0916BEC76DBBEBE5ACCE6A5009B6A175EA04531F888,Baños del Inca,Nuevo,2026-06-27,3,1
4270,4268,C-04268,502273B55C7BB1DC8E22A12D2038064F8749B48FEAA247760EC4B89D8468C922,Cajamarca,Nuevo,2025-11-17,10,1
4271,4269,C-04269,3B26BA2F01B580B7F37F92BB7145ACD0120504D4631443CEE613351AF37D2980,Cajamarca,Frecuente,2026-02-28,7,1
4272,4270,C-04270,2B7C6DA9A6E748167EFB3A85D6C3F39F395308F3623235812EB9F589F93B3A07,Llacanora,Frecuente,2026-07-02,3,1
4273,4271,C-04271,97F677035C8333D30F8CE929732FFFD08E1EE00C259137A6B7659ED1BE8EAEC7,Baños del Inca,Nuevo,2026-05-09,5,1
4274,4272,C-04272,EE3D510120AA0E180A55A342BE2009DC881DA964919BBE3844EE5447DB7DCCC9,Cajamarca,Nuevo,2026-05-10,5,1
4275,4273,C-04273,09A51B94417C3AE1F549B6E830C6D864E1C31D21C5E94F3F00FE7F125234BA7C,Namora,Frecuente,2025-07-28,14,1
4276,4274,C-04274,AD141D818564100720C933DC14B2B39D904E5156373BC882EB603211D34B53C0,Baños del Inca,Nuevo,2026-05-27,4,1
4277,4275,C-04275,DCC36674D4D9CE048B9C512AAE7F4AAF4011B093B2772FFA572488301A0AEF9A,Cajamarca,Frecuente,2025-10-28,11,1
4278,4276,C-04276,39E782559409FDCE1C19A841D1A71BCFEF747503DCD719A953AF2C4E76CA0A5E,Cajamarca,Nuevo,2025-12-24,9,1
4279,4277,C-04277,784E0CB3063C180879E8E8C514F5160625DA38A830BB47170C8ED830B71D492C,Baños del Inca,Frecuente,2026-01-05,9,1
4280,4278,C-04278,0FD0EAB3BD78D2480BE32BD821BAC8C73B9E1618935FD485BF5A946355611278,Cajamarca,Nuevo,2026-01-06,9,1
4281,4279,C-04279,3DE43329AAF36AFDCEA7E5CF88742A940790177A73351B980F6453D5A6DC04A4,Cajabamba,Nuevo,2025-10-01,12,1
4282,4280,C-04280,699005FEA68B40ACD614164A9B225F91FA3BB48C8BD431E8AAA54C4CBDF8289B,Namora,Corporativo,2025-08-24,13,1
4283,4281,C-04281,E0DFF616863D741EF7A5F65011E081B30E72CDBBF9DC3F5C96277F09E3C07F9E,Cajamarca,Nuevo,2026-01-02,9,1
4284,4282,C-04282,44FAF028C396434897012A97F4D20E6D97195B83BE5F2031018EBC48612CF29E,Cajamarca,Frecuente,2025-09-18,12,1
4285,4283,C-04283,4BFDB26904252B77B1218BCFEC696919AC59569261EBC4791775DFC5AF7532CB,Cajamarca,Corporativo,2025-07-11,15,1
4286,4284,C-04284,ADDBEAEE89722315A5DFD4B095C88FA553AD01DEF668FB4B90CAFC6BD0085E92,Cajamarca,Nuevo,2025-11-22,10,1
4287,4285,C-04285,12CC58B0491913FDA6CCE2D28159230C95BE906C6F09000875D53DE86051F613,Baños del Inca,Frecuente,2026-04-28,5,1
4288,4286,C-04286,A0AAE11A9C0F4485CA851D53DB0A2ECBB64CF06298C434C6A050D1C00F6537B6,Cajamarca,Nuevo,2025-07-24,14,1
4289,4287,C-04287,707B945333E63406D1D1A1A5F1BB9ECF0D054F139FF180A0E4FF40AE006E5CE3,Cajamarca,Nuevo,2026-02-07,8,1
4290,4288,C-04288,7D32CC41ED0BCA2AC60B8BD775D2667595D9A9DB0E8C92C9C4018A6D3CD2ACCA,Magdalena,Frecuente,2025-09-14,12,1
4291,4289,C-04289,69F0CBE1B312403F343E4354DBBE573F4A4BC51B0BE0CDAD6BD246144BB2810A,Cajamarca,Corporativo,2025-11-01,11,1
4292,4290,C-04290,FF778A63D4F16B5E6D6A93D3C8F2A529B4006437559D747D6653FB039D77025B,San Juan,Frecuente,2025-07-06,15,1
4293,4291,C-04291,70147F6FC4E20728B5838EA67C65C33D473FBA81A4FFD7F0199B11F16B498340,Celendín,Nuevo,2025-10-18,11,1
4294,4292,C-04292,F08B45C5BEC67613FE303D1F4E6914B1D90EAA75FE424DF0C2E6A8A84A9010B7,Cajamarca,Nuevo,2026-05-20,4,1
4295,4293,C-04293,A41B137542A0CAFA7A3342DB58BB89EAD20CC5DED86980583BBE93FC65D44743,Cajamarca,Corporativo,2026-04-11,6,1
4296,4294,C-04294,8EC718381F11EE37A233D1727143B4DB518BC0926689274F73C586C7CC4D6056,Cajamarca,Nuevo,2026-02-18,7,1
4297,4295,C-04295,7DE255D76BB9595AC8DDCE773F18766D70AA7545F8D9B91292D377F9537BE815,Baños del Inca,Nuevo,2026-05-26,4,1
4298,4296,C-04296,E8317B97AFBBD3BFF7C238B420B3C425C1D056FE97D1154D1897E470070BB731,Baños del Inca,Nuevo,2026-03-13,7,1
4299,4297,C-04297,C056390315AA2D31E062729FEA103CB16A7F7372198A6BD80229142367B89E46,Cajabamba,Frecuente,2026-01-27,8,1
4300,4298,C-04298,1F7B1246CB01B2B26ACF1B1F9A728100DC96B2F96A65BD9BC1A2E4F467913675,Cajamarca,Nuevo,2026-08-21,1,1
4301,4299,C-04299,371B62B634706A5F84A730963D08874D3DE79E605274492491C980F26362B85B,Cajamarca,Frecuente,2026-04-09,6,1
4302,4300,C-04300,E9CFC846A089F42B43A07DA4E7C8819F71B48CFAF7CF277523F66F02B2FD97A0,Baños del Inca,Nuevo,2026-02-10,8,1
4303,4301,C-04301,60B2E0D0C5C8FB7330FA3A999219D70702D978CA47E4E93BE1F051C54D636613,Cajamarca,Frecuente,2025-10-17,11,1
4304,4302,C-04302,3692C283B29DE35847E2F02DDDC3B68252D6B9868511CD1CAE1DC2C420371988,Cajabamba,Frecuente,2025-10-23,11,1
4305,4303,C-04303,1D744899ACB833F6B74F44DC564FBDA695C9402B49B960B83A0D973A4AEE8A0C,San Juan,Frecuente,2026-07-06,3,1
4306,4304,C-04304,710EA15DE3C288B6191D79849D04C14329A9F437D524B02CE0A1FD9CF19E7928,Cajamarca,Nuevo,2025-12-04,10,1
4307,4305,C-04305,04DE5D75DCB6B9C7922FD7E07F7E5F81F40126B48473CC5CB0ADF843FB92F109,Los Baños,Corporativo,2026-05-13,5,1
4308,4306,C-04306,47139BDB3CD0FCC4F7AB2EE6FAE241A44DB0D9DE72458A286563510B553CD57F,Baños del Inca,Nuevo,2026-01-10,9,1
4309,4307,C-04307,DB8EE78AE9449386AFB0E750BCA9B9BADDA5AC214D807B2406F224D492D91C66,Cajamarca,Nuevo,2026-06-27,3,1
4310,4308,C-04308,BDE2A5CD9791E25C7401107D55CE48DE279707959FD16B04CCF92A7F781FB1D4,Los Baños,Frecuente,2025-10-06,12,1
4311,4309,C-04309,3AE12F250E3FACC505B3CB1C5FFEC490673DF7314A402E4DF01CCA7FB969A902,Cajamarca,Nuevo,2026-02-17,7,1
4312,4310,C-04310,19FC6A97D97F98A906594C794A1ABBEFA9CBD9039B4C1C85E48893BAE6436FA3,Baños del Inca,Nuevo,2026-02-06,8,1
4313,4311,C-04311,79F615BA2F482D3ED582C9F3360273AC8346CA3B78926F4EDADA91B54396B22B,Cajamarca,Frecuente,2026-02-18,7,1
4314,4312,C-04312,359E16D91C04B063F7E80B92FE1541A6962B5C9FB198875479E1E32D5F5DEB08,Cajamarca,Frecuente,2026-08-02,2,1
4315,4313,C-04313,9B2C576AA710AE073754132A2F505756A7729E8BEDBD59A1E8DAB874BC4663DB,Jesús,Nuevo,2026-05-04,5,1
4316,4314,C-04314,B4F964D71FD70510A5CB01DC422B6309CC534185186258BAD6B564FDAE0B79A9,Cajamarca,Nuevo,2026-08-23,1,1
4317,4315,C-04315,6F8897CD8F1B7C867EED2C6A70B64A7DE07E9A09290174F64195D25F584E7011,Cajabamba,Frecuente,2025-08-15,13,1
4318,4316,C-04316,07971320827A397610406F7C12F742994C3F23C39D1C49652B78FC2836D6ADB0,Cajamarca,Nuevo,2025-06-06,16,1
4319,4317,C-04317,3B412715B5ACE90CDCEA9FF49D4799B3AA344DDABECFF7B29F12B153CC8717B5,Cajamarca,Nuevo,2025-06-22,15,1
4320,4318,C-04318,E514455016984A5355A43635E297545B2DEF309DD85BD80003A479D2376B1A4B,Cajamarca,Frecuente,2025-11-13,10,1
4321,4319,C-04319,C9E0054738AFCDC1E5930011965ECBD557C4D6A815BA11C5FB1EBAFA5CD5C086,Cajamarca,Frecuente,2026-02-16,7,1
4322,4320,C-04320,932479B1DB5760401778AF2B70D0B008A589F7693B66BE87202DB6F7E7D36D99,Magdalena,Nuevo,2025-12-27,9,1
4323,4321,C-04321,56E2C7FC1D4DC046431AA5A8E9B9FD7119BB40D7EFADE7DFB187BD2CA4CEB53F,Baños del Inca,Nuevo,2025-10-23,11,1
4324,4322,C-04322,5A3B3B0C0C8D333053692CF2ECE8B6E6BCC1B51D524AC6991D4E48A4B29A31B9,Jesús,Frecuente,2026-01-01,9,1
4325,4323,C-04323,68605951403F65360AD59CF24A988C91A15112615814812FE6B1C5EF0C824FE9,Jesús,Frecuente,2025-09-01,13,1
4326,4324,C-04324,6BA729E11748BACA9A4325D63A1F88ABBD8EE3181882324E866ACBB7FB091628,Namora,Nuevo,2025-12-14,9,1
4327,4325,C-04325,38655E6BFB2DF4189E2913F76F640DAE96775C14CBC32CD1CDE7FEBB88A37AD3,Baños del Inca,Nuevo,2026-05-24,4,1
4328,4326,C-04326,DA0566048889C840836A8E1B24956FCAA9C7DD779B6C8C17353295041B9479B9,Cajamarca,Frecuente,2026-01-27,8,1
4329,4327,C-04327,910F751C818ED27BAA45F358D8B3519C33F4C79366B3A853A86E533C74A9780C,Baños del Inca,Nuevo,2025-11-17,10,1
4330,4328,C-04328,41599FBF46A33A8E3B05899E0000057DA9CC0A157E30C1AE264120AAA58F508F,Celendín,Nuevo,2025-07-10,15,1
4331,4329,C-04329,097308819C799F5C925DFA4F79D2682BF95B7AAEBF5BF5F260E5AC8D5F171ED7,Cajamarca,Nuevo,2025-10-04,12,1
4332,4330,C-04330,78E5EFF50E0DDDF93254BB502F187C2F41A85BC41870C336B564EEDE75F0E82D,Cajamarca,Frecuente,2025-11-14,10,1
4333,4331,C-04331,D11AD072BCE8FED4E625E2D18A0742A8295566F49AE24B2D215A7F7355B8066E,Cajamarca,Nuevo,2025-08-30,13,1
4334,4332,C-04332,46545962A1DB648A9553FFD999F128E8E75F4118BBAEBDEC286FD98FFDD04AA7,San Juan,Nuevo,2025-09-18,12,1
4335,4333,C-04333,F470D345849845CB27701333AAC72A0EB149F71437CCE72FFE0FEDDFC0A3C375,Llacanora,Corporativo,2026-03-06,7,1
4336,4334,C-04334,E4CC950A34189B76C1C2EBB59EEA6F5530C49C2D316AD7A2319213E542892887,Cajamarca,Frecuente,2025-08-25,13,1
4337,4335,C-04335,22693B89D4CDE6AD1FFFEF4381EE8A9DC1D2C74A7951CC896A3BEE5BC7817B7E,Cajamarca,Nuevo,2026-06-13,4,1
4338,4336,C-04336,AC7A91E83538BC91515A375A543057E4CD85F084D120D8F8415612095F4D127E,Baños del Inca,Frecuente,2025-08-10,14,1
4339,4337,C-04337,024C2BD6B1CB4CD6D01C022B1F4205374D1CE5F552AAC053DD6B31385159C416,Cajamarca,Nuevo,2025-07-29,14,1
4340,4338,C-04338,9F95FD28709F9A8C617FB4494A131A516F11F14213FF9E7DC0F0B3B80B60EDCD,Baños del Inca,Frecuente,2025-08-29,13,1
4341,4339,C-04339,35C90A614EB49BB21A3E1CEA4FBDD33951B8B0BFF4838A5F4798A098463339BC,Baños del Inca,Frecuente,2026-02-21,7,1
4342,4340,C-04340,511C4C30A4EAF06A16B9A0969469F80244799DF9BDBAD03623CE2E847118C3D5,San Juan,Nuevo,2026-05-07,5,1
4343,4341,C-04341,B3F13C5D827A6D3EF6A9208DCB471CD4C2F6B95442692064297F47EEB0807175,Cajamarca,Nuevo,2025-06-07,16,1
4344,4342,C-04342,E1EF6B435014A80B09C8AEC4E2F8EA2B14E3553D0223FEBD64AED4E6CC630710,Cajamarca,Nuevo,2025-11-25,10,1
4345,4343,C-04343,43C0ED6908A8823E68401672619AFF3B38578A2D7E80086890AC0C5EE45145E5,Cajamarca,Nuevo,2026-07-21,2,1
4346,4344,C-04344,F77015FCEE5E075BFCF2834FF594B2B1C8A68304D383C867695F79C8C7753329,Cajabamba,Corporativo,2025-12-19,9,1
4347,4345,C-04345,43DDD8BB32E9AF082457DCBD9101C541039F350A2B02B80E03AB0C49416621BB,Cajabamba,Nuevo,2026-07-27,2,1
4348,4346,C-04346,05757AF4D8A7F7844131A73836789C50768AB52C8AE218263F046DA2C9B5A787,Cajamarca,Nuevo,2026-08-06,2,1
4349,4347,C-04347,26DE046A8252CF5EE1E0B061E53CED77C472B2ABFF9681F292302099508BEDF6,Baños del Inca,Corporativo,2026-03-25,6,1
4350,4348,C-04348,E1296A5EFEB16BEAA726FF7EF0BDB19171C8F36E81EC0235CF21140225720300,Cajamarca,Corporativo,2026-05-03,5,1
4351,4349,C-04349,472191C6E4CE5A1D01F036D0FA4F6A4006351FBE3D6D184644286DB9BFD6FF3E,Cajamarca,Nuevo,2025-09-10,13,1
4352,4350,C-04350,9C6CFB26CE513B3F6E610EFE8B63737C9C13EAD0B1DDEE4F3A0E1B0B472CF79B,Cajabamba,Nuevo,2025-06-22,15,1
4353,4351,C-04351,B1A25422F16B7D5AA402E2D7ED3C7785E3A044B3D9B494F9B97565F58C774F71,Cajamarca,Corporativo,2026-06-30,3,1
4354,4352,C-04352,EBCC83435352DEB4F5C542365130CA51A82F348FD7EEE3EFD9A3C2099A4F4663,Cajamarca,Nuevo,2025-06-21,15,1
4355,4353,C-04353,A53F13A01CE43799C1B4F38187FB891FAD93C668866E9C7EFF1AEF16F82ACD41,Cajamarca,Nuevo,2026-09-12,1,1
4356,4354,C-04354,97003531CC8E5AC95A7B0E9B23B4D95F31777C256809958F19CE4AFA24DC68C1,Cajamarca,Nuevo,2026-04-08,6,1
4357,4355,C-04355,EE59865CCA3E5A46600C18C92AB93E0D92E724CB0BF37CAA497F7F9B92713258,Cajamarca,Nuevo,2026-07-31,2,1
4358,4356,C-04356,731ECCB5669134DEECA21D33035BF23B56352CBC4BA00AD65AF3194EA7B957B5,Celendín,Frecuente,2025-07-27,14,1
4359,4357,C-04357,E787A922565899D99A47EB98CC39F60F096857D9335156FCC31F188565967082,Cajamarca,Frecuente,2025-08-11,14,1
4360,4358,C-04358,75916C8E0F3E5D8494C9DA193848B3AC36AEB218047549C8E7CD71B9FFBD3260,Cajamarca,Corporativo,2025-06-04,16,1
4361,4359,C-04359,9572C9ABCD9FF3AFB3E15CE0AEDA4315944453B93DB537DCA832A018B894AAE3,Baños del Inca,Frecuente,2026-06-18,3,1
4362,4360,C-04360,7296106DE6EBC81C1517CA26EE37883C75F4291EA80E497BFC83AC2D4659A223,Celendín,Nuevo,2026-08-11,2,1
4363,4361,C-04361,502FBDBF2B6B4D294CB60E0A5FDD7E726A425F5CA453D1E82A0EABD099C5A909,Celendín,Nuevo,2026-04-17,5,1
4364,4362,C-04362,746400CB1271599B3B4C82BEC2EF4C6AED79E67225551A1FEFBBA1DD6B756280,Cajamarca,Frecuente,2026-05-21,4,1
4365,4363,C-04363,1AB477439C18922E055DD114FCF020BE58E7B8CBD6129D8EE43A6AD033AA83E2,Celendín,Nuevo,2026-07-19,2,1
4366,4364,C-04364,C2330FC86E8A49B2AF3F26282454D718ACC184ABE2FAC0FDAB3969E1584929E7,Celendín,Frecuente,2026-09-07,1,1
4367,4365,C-04365,BB4B29508F445A9A8D4F905C5EA190AB7EE82805D525AA53647D331D12ABD2A3,Llacanora,Nuevo,2026-01-12,9,1
4368,4366,C-04366,18F4C048DBE2D79D9E0D18A3C9F5E2B6B5CF7F07DDD857ABCE9FF211824A6AA8,Cajamarca,Corporativo,2025-11-23,10,1
4369,4367,C-04367,9632CC190C6453B9BFA9A1135781A8423AE9919CEEBFC8162F6CA4611FD864F3,Cajamarca,Frecuente,2026-09-10,1,1
4370,4368,C-04368,A3B30E593784141DB398E44864C50754265024DF9114D09ADA813F7817F5955F,San Juan,Nuevo,2025-06-14,15,1
4371,4369,C-04369,E7E185593013318A5024768F59B7623BDD710381C341DD77FEABFE15287EF083,Cajamarca,Frecuente,2026-04-18,5,1
4372,4370,C-04370,73A4BAAC5E75223A664D7BCCB713EAD775A90A639BCC74A349B853DD91B79302,Cajamarca,Frecuente,2025-09-21,12,1
4373,4371,C-04371,C4126D9E660E7EF27B7CB0C23BFCEB355CE1F39EA130F7330A1FAB232E1CEBCB,Cajamarca,Nuevo,2026-08-13,2,1
4374,4372,C-04372,A6E2CCF659A7D069AA08E45D2457C89E0DC5D788DC2BEE43CAACC0251FAD166F,Jesús,Nuevo,2025-12-20,9,1
4375,4373,C-04373,AD89CD8ACB74089E6DFDBDE2A47B1D775CBDC8556DE82BB2BBBCE35E53A13929,Celendín,Nuevo,2025-10-18,11,1
4376,4374,C-04374,7F1AC147F329F4EB2CF9BD2BC3C46940FE43C82B4DBF80427EC485635578FB65,Cajabamba,Nuevo,2025-11-10,11,1
4377,4375,C-04375,3B2681876AD9A05A3A01E4111BA22340A6BFF9029A1DD4D6A3F05FAABF7971EC,Cajamarca,Corporativo,2025-06-06,16,1
4378,4376,C-04376,FE864C74FA36B3EF449493B1152BB27ED7F5E413EA2C05AED64B1E02342D1A7E,Cajamarca,Nuevo,2025-09-23,12,1
4379,4377,C-04377,937214605C5D43672C019E40A41A8A95315D9BFF6A25F890A8EE690161F3667C,Cajamarca,Nuevo,2025-07-10,15,1
4380,4378,C-04378,218CF8937A504960769B29E26457251175760D232B4D4423F5818B8881FDE51C,Namora,Frecuente,2026-03-21,6,1
4381,4379,C-04379,E75D96412888869F0F426D8D56774521BBB352722A157E7DA9CC31BCF1FDA752,Namora,Frecuente,2025-10-09,12,1
4382,4380,C-04380,8C6595B3AF598EA6BE6DB732CC40DDE3B6EAE0461DCD6B392A40495922CEE87D,Cajamarca,Nuevo,2025-06-05,16,1
4383,4381,C-04381,D76416771F0897F410199E74D49ADB194BF2F6E9A35958425137DDF7E6E88624,Baños del Inca,Frecuente,2026-05-10,5,1
4384,4382,C-04382,84EFA4114009B28585790AE7769807EBA0FC8EFA1E65DC2D38F2F30AEC62E0AD,Cajamarca,Nuevo,2026-04-18,5,1
4385,4383,C-04383,1CA8C9A5E1596FB46089B30962AB8F848EDC4CA78E44ED42B8F41FAF025F8DF6,San Juan,Nuevo,2026-06-26,3,1
4386,4384,C-04384,522C96645B67DCEA2DDC8BDD9F5B2F6EA282F0A56654C6AFB50D7B5AC8971BF9,Cajamarca,Frecuente,2026-02-09,8,1
4387,4385,C-04385,3689D8725907133C5A07753390DC4CCF59890DBD56AEC7DBC98DC1EED3B81081,Baños del Inca,Nuevo,2025-08-19,13,1
4388,4386,C-04386,0E3C92E713EE4F1E40B35603FBB60BEA1C27FB1F507361CF0E01A3CA02FFDDC6,Cajabamba,Nuevo,2025-11-01,11,1
4389,4387,C-04387,E1B0839F72D468D6D593F00B5C915CDE2D729218100ED8F19254E92B05510DB3,Los Baños,Nuevo,2025-10-19,11,1
4390,4388,C-04388,DDEF188A0DA96C7EA139DDB4C3BD1F2689A6DC284795ED626BCA05B23CB696E9,Cajamarca,Frecuente,2025-08-13,14,1
4391,4389,C-04389,99688291CD8A29A52B8CA2FC3F97C9572B2C2FB02E8E9C6CEFBF649992224939,Cajamarca,Nuevo,2026-03-10,7,1
4392,4390,C-04390,F2F57E5FFAFF9BEF7724B14A31DBEA23ECAF420342E18F906C925247CB45F60E,Baños del Inca,Frecuente,2025-10-23,11,1
4393,4391,C-04391,A3FE2A537C26552AD9C8A1DF441C524765F8F37338BDB8F56188C19021BEF7A0,Cajamarca,Nuevo,2026-03-24,6,1
4394,4392,C-04392,1368C4B96AEDC6AAEA5DD9FE846C1D63A19F0021D55E2475FF4AF3F079F91C7B,Cajamarca,Nuevo,2025-11-18,10,1
4395,4393,C-04393,82223E09A6DD9C794766B8F4B40AE0048A08E4496181C51E6BB69414BFD4B484,Cajamarca,Nuevo,2025-08-02,14,1
4396,4394,C-04394,B9207AE0FAE6EB56CE00CAFB08C5D942AE75D79D2F528ECF28AA78585DAA9EEA,Cajamarca,Nuevo,2025-10-10,12,1
4397,4395,C-04395,EE397409C3D91F99A94B689DCC65021DFBFB09DF56E41B5139EC1357C765C56F,Cajamarca,Nuevo,2026-07-26,2,1
4398,4396,C-04396,5C261444845B4A93577BAB62AAFF330D68ED1DA23BEE67ABC27ADF7400B19B2A,Magdalena,Nuevo,2025-09-15,12,1
4399,4397,C-04397,C72AA06ADB194A6FE2C3FFD0310408DA9F247A041EAB43DB21B655E866A1DA1A,Cajamarca,Nuevo,2026-03-05,7,1
4400,4398,C-04398,AB3D78751BA22B3B05FEE88D3696BA6EF637C2D3FE7BEE902C01594CC2B14B7F,San Juan,Frecuente,2026-07-01,3,1
4401,4399,C-04399,284465D07302CC23B4B3FCCFD2EFAD34DDD77B402AE9D3ACB3AF474869BE08A7,Baños del Inca,Corporativo,2026-05-13,5,1
4402,4400,C-04400,C49F8BA863B39B19710D7D98FF4AA97F08B1FDB20F2D7A342EB61CC7973DFCAE,Baños del Inca,Frecuente,2026-03-03,7,1
4403,4401,C-04401,49A63DE6D102D3B96600CE01CEAD0B4B6345D1257AEBC9FEC9EC3207C1AF9277,Cajamarca,Frecuente,2026-06-10,4,1
4404,4402,C-04402,4F59E0A42FBF1D0E5437AB67597C35F949CA7EDF9CFCEB3D6F53D22C029A823F,Cajamarca,Nuevo,2025-09-16,12,1
4405,4403,C-04403,C7A723224DB23125F1F59CF3AE22F9B61A4F861A268DF274944EF73C197799A3,Cajamarca,Nuevo,2026-07-19,2,1
4406,4404,C-04404,F3FB5DF07E7DD305D682CA2A410AB9B542A896CE63A2C88BDE7286B7F2558ACE,Cajamarca,Nuevo,2025-06-17,15,1
4407,4405,C-04405,87CBC6474FA0D91D391AED7FFE9AD2D809944FA7B6FB743E055F94D36667CD4E,San Juan,Nuevo,2025-09-14,12,1
4408,4406,C-04406,4E7BF12E763358363CB5A5C3E3521300F8186CD80287C16EB2B25B91DC449369,Cajamarca,Nuevo,2026-04-30,5,1
4409,4407,C-04407,EB28D4797054D71A67C3A321B35BA24D15DBC55003820494A5E161B8456B5B21,Cajamarca,Nuevo,2025-12-25,9,1
4410,4408,C-04408,CC8C0B0DF0AE744C0B4735DF626918B7DC6FEA507D5C27B9D65F315FA1D8B8DC,Cajamarca,Nuevo,2026-01-07,9,1
4411,4409,C-04409,5EB598C260D9A9A97657E757B932D33A109F6A1735F2D80E77713A3F249E5B89,Cajamarca,Nuevo,2026-04-28,5,1
4412,4410,C-04410,8CCCC0752C482797A41CDA1865AFCAC7BC0AA86529054278663F9A362ECA801F,Los Baños,Nuevo,2026-08-24,1,1
4413,4411,C-04411,1AE50F82F84DA35772821AAEEBD979158A6A23E7E2C851107A50528BCE7D1B71,Cajamarca,Nuevo,2025-09-04,13,1
4414,4412,C-04412,B8357FB63E49023C9940FEF01C243555CD648719E4D8E2519F6CCDC4D1F64940,Llacanora,Corporativo,2025-07-02,15,1
4415,4413,C-04413,EBB6F5E098386D0DF8662AF12FFBB049F8406F9B6A00779F9458A0FD64F43696,Cajamarca,Nuevo,2026-05-20,4,1
4416,4414,C-04414,22F2E3E8C8CE862ACF46B71397797C691F2774CE57ECBC131CBFDFF04CDF1351,San Juan,Frecuente,2026-06-27,3,1
4417,4415,C-04415,2A81420BACE1D294FA674770D0A24B8640062C3B5B828D3B598A98C9D7EB7282,Namora,Nuevo,2026-06-26,3,1
4418,4416,C-04416,B776F4AB4620C490265EF795FA4E742377AF68FB524525BD93397D0FC2109BB2,Cajamarca,Frecuente,2025-08-21,13,1
4419,4417,C-04417,71CCF45EE52D36092D5DD94972C8C4B4816A73F910D7E72C0D8CF4FC0927DC4D,Magdalena,Nuevo,2025-09-04,13,1
4420,4418,C-04418,60AC98436B49EED72FA286E327004DE5FBBF771FD01626D2D3C6C5B08D917FE5,Baños del Inca,Nuevo,2026-08-31,1,1
4421,4419,C-04419,12E05CD16991BEF3195DFC33B9A67BB45FA48BA8546DF46D8301019B0ED80C49,Cajamarca,Nuevo,2025-09-11,13,1
4422,4420,C-04420,155C633895E98FEC1C0CAE6E9360EBBA432631F674E89DB89615288AB312BA65,Cajamarca,Nuevo,2026-02-10,8,1
4423,4421,C-04421,8AF244E7DFCACC3C7B699FD634FB06ADBC58DADF4D6E864FFE0A26EBBD2C41D8,Cajamarca,Nuevo,2025-11-20,10,1
4424,4422,C-04422,DCB0653F3240E62EA3B4FFF81A55AF153B7EF98D91DDDFFE74FF396640EEAB30,Los Baños,Nuevo,2026-07-22,2,1
4425,4423,C-04423,132B79C39500D5F9B14F40295F8A3A3151AC0AFDB64A37FB1AA3E5C717BF4AF5,Llacanora,Frecuente,2026-06-29,3,1
4426,4424,C-04424,6326C9DD05DB2BFE238075F1019287A88D6CE8F6DF1238320F36569414594DC3,Cajabamba,Nuevo,2025-07-28,14,1
4427,4425,C-04425,9083A3B67B318F66BE37895EB6B2A70B009AB128C39E94C236D9E42D5D424164,Cajabamba,Frecuente,2025-12-10,10,1
4428,4426,C-04426,0F93174E8F9117C21423CA0A335005E3D9273A648F4ACE5228575B80997DE2D4,Cajamarca,Nuevo,2026-06-20,3,1
4429,4427,C-04427,DB247D4E7AFE485E6C14962958F8F35A1A89276AC7D271B36A0CEF53E7D0C496,San Juan,Nuevo,2026-06-16,3,1
4430,4428,C-04428,B9DF65C2E8210881AD3A3B194B407F7C1BF2D05AB3718A11C2B15C7110B4242E,Cajamarca,Nuevo,2025-06-16,15,1
4431,4429,C-04429,FDFEDBC1EAE5159584698E5A28C0CC8E592CA0C27ABFCB352F2E6242C8945F38,Cajamarca,Corporativo,2025-12-16,9,1
4432,4430,C-04430,F91DABA50CC2F114147DAD1408723BE66DDFF7765B41C15B7F388377BC357DFB,Los Baños,Nuevo,2026-03-29,6,1
4433,4431,C-04431,50DDC301F4625EE8B518B842C6A854AC143E5758B09E1158F97A2E3049CC008F,Llacanora,Nuevo,2026-09-06,1,1
4434,4432,C-04432,3BA217854D3525F364A5FEDE79390A53D5201C6AAE165E06D005BF8AC8470A9F,Cajamarca,Frecuente,2026-06-17,3,1
4435,4433,C-04433,6E6D8BCCDE0AE82258AFA4908E818511705CDB47A2CA29D6C347D5304EF565F6,Los Baños,Nuevo,2026-09-05,1,1
4436,4434,C-04434,DED9C18DDAC72DFBC3C011D900B104035AB8B72A01D242E3A7E3E9985F654968,Cajabamba,Nuevo,2026-04-18,5,1
4437,4435,C-04435,3D43E9B8E8265F8D3D038F2F67972F8574167DC5A69E18D336B9E1DBB304C4BF,Baños del Inca,Frecuente,2026-01-04,9,1
4438,4436,C-04436,1B861339CA1316F2FED5EC67E246D3F6B262544059E5D342C6F3DB6E23D21357,Cajamarca,Nuevo,2026-06-02,4,1
4439,4437,C-04437,3D20F4269D2A2E6CBB973C3FDD61716081D5779C703E61CDAB547951CC012A26,Cajabamba,Nuevo,2025-08-26,13,1
4440,4438,C-04438,43432B538EBBFFC8ACF0CB500E9A0A4971CD2E2B62FA06CC782513ACC33B357D,Celendín,Frecuente,2026-03-10,7,1
4441,4439,C-04439,32450D4D08FC4E901269869B90F2294A7726EDF201B39E421C16D6159EF47B7B,San Juan,Nuevo,2025-09-10,13,1
4442,4440,C-04440,734B9DB884EF7210A48BDBC4E747993C874DDBC8C86F075BA6877284746C76E9,Cajamarca,Nuevo,2025-09-09,13,1
4443,4441,C-04441,CBE3B3A76E1D1BA59BED049DFB247467E0A29739892624C31D4CECF114C08940,Cajamarca,Nuevo,2025-09-12,13,1
4444,4442,C-04442,A143639C600B3D6A4D475FBE2475C0577A2CC718576C1F5E4363AF221515843A,Cajamarca,Frecuente,2026-03-23,6,1
4445,4443,C-04443,466DD5ECACA8B6C8119FEA69D2268DAEE43F924D27E9F1E9386DE826787A8A91,Baños del Inca,Nuevo,2026-08-25,1,1
4446,4444,C-04444,A5A0E47147F2925D30E6BAA12AE676926D433B283AC4918156E8973CF46C847B,Cajamarca,Frecuente,2025-06-10,16,1
4447,4445,C-04445,9178DC71117D408C3C8D5CF7D48E1D16A6A467D72DF36F9892B563E283C95830,Cajamarca,Nuevo,2025-12-03,10,1
4448,4446,C-04446,75FE0325035A9B1F55D61669E779CD816687718065CEC3B942310FC999316821,Cajamarca,Frecuente,2026-03-15,6,1
4449,4447,C-04447,C0C330811E6E76DF4739DCCFDEC23DAFC2A5D24EF6C675E4192D8EBCA7356DF0,Cajamarca,Nuevo,2025-06-14,15,1
4450,4448,C-04448,6B58CFA4D4C793DAD584D0EE09340FBF9B7C14E1992E2D4F872A30D6B2470255,Cajamarca,Nuevo,2026-08-08,2,1
4451,4449,C-04449,4A0FAC5FC31589D1EA0DB9C6B65B7B45DC3FFA8C0A3CA01572CBDE792EA6782D,Cajamarca,Nuevo,2025-09-18,12,1
4452,4450,C-04450,394C1BCA47E83B014064B0234AFEA37D0718D7D0E18D30C8E6CB511E30221EAF,Cajamarca,Nuevo,2026-07-05,3,1
4453,4451,C-04451,6CCBF931C407C95665724C8891F26CCE26C7A8D6A7438B6ECCC19E3BC19CEE97,Cajamarca,Frecuente,2025-06-24,15,1
4454,4452,C-04452,7C01D343998CDE01BC9095779062ED0BC917026129FD0EE17E49539B074A2743,Cajamarca,Frecuente,2025-10-08,12,1
4455,4453,C-04453,B4EE953AD71A9BD2B1AFED27168699BBA7A018882245B1C6B48B1299496C6CB4,Cajamarca,Frecuente,2025-11-03,11,1
4456,4454,C-04454,70A3C814D99A4285A7BD69CBA722E96A631506A732CB340D6C02DDB6EEA55542,Cajamarca,Nuevo,2026-03-12,7,1
4457,4455,C-04455,71AF7365A477E046F0B53E9A89D65A42C6226B947A23B1875DEE4099E3283C17,Baños del Inca,Frecuente,2026-06-08,4,1
4458,4456,C-04456,7570BC41D6219622AD1AF440CA5E046773073C0BA74C5EFC3C0AE28A5FAD1638,Cajamarca,Frecuente,2026-08-28,1,1
4459,4457,C-04457,84F6F661244F8C64AE1E1AFE6C72A5C9E3276B3F8000F9DE339A21C84EDDEBD8,Cajamarca,Nuevo,2025-11-18,10,1
4460,4458,C-04458,D3012C4593CAFE4D780DBCC9F472D1BBA29CBD64166E77827ECF5ED50463637B,Cajamarca,Nuevo,2026-03-08,7,1
4461,4459,C-04459,F5F66E58A255339F5E5F0CB077D2E6B2E18D0FCBEEE655B114E4357151762A37,Baños del Inca,Frecuente,2025-08-23,13,1
4462,4460,C-04460,C8D24E4D2759862D5B62560E0B8D04D61236EEA780C24E60B1176E87E2562A13,Los Baños,Frecuente,2026-03-18,6,1
4463,4461,C-04461,A9238B73B52D299AD286F3255CFB03CC8E9B411DFE66BB9B567F0F5797F4F9CB,Cajamarca,Nuevo,2025-10-11,12,1
4464,4462,C-04462,BF3C55A33EB7223A568EA331CFC2989030D126BE00D7BF7CF5D9CF919B5F1480,Los Baños,Nuevo,2026-03-28,6,1
4465,4463,C-04463,C9AB2A50860D8C810D476D44F364987F88ABD8AAEAFD1B3F5BE9B1BE3EC7937A,Cajamarca,Nuevo,2025-11-30,10,1
4466,4464,C-04464,EC5F8A3CD4D436EED97114C8D4697414A026BF855663E21537155E75D041EA52,San Juan,Nuevo,2025-10-14,11,1
4467,4465,C-04465,3E925E604DD4B47E831956ECBC1073C92089ACF11F0874D355B71837666EE92A,Cajamarca,Frecuente,2026-07-16,2,1
4468,4466,C-04466,E412CDFF849A36C3C12162A1E359347954BBABF4AD9433B7D4596B6CBE19462F,Cajamarca,Frecuente,2026-06-29,3,1
4469,4467,C-04467,E9DB485BC13EA754EE9DEC78FF1395395488F2B99CAD5BC8C88CA515FCFEB29C,Cajamarca,Frecuente,2026-04-12,6,1
4470,4468,C-04468,1513B9BF7FAB27E7BA56B50FBCDD7A4C31965FEBA6DF23822AF0D16A08FBBCF6,Cajamarca,Frecuente,2026-03-18,6,1
4471,4469,C-04469,969800998FF23580FEFE6E0ABDE8CA2D192F97BB064B1254660F3D070C1AD1C4,Cajamarca,Corporativo,2025-08-08,14,1
4472,4470,C-04470,8EA903FC7532BBDEEE788D34B5DB8125DF143D8A517FDAF5B39CC9BAD91418C2,Cajamarca,Frecuente,2025-08-11,14,1
4473,4471,C-04471,CE2A42C51FC05CE3B5EE7FA6A659F824D1A6B3E333C7C7CD799A928021BDCB93,Cajamarca,Nuevo,2026-05-11,5,1
4474,4472,C-04472,C134809F3E6C0C2661CDBAA06CF683713121377B8E4C537C06BC91F0883ACF27,Cajamarca,Frecuente,2025-11-20,10,1
4475,4473,C-04473,6B98E4644A4B68F40A32755CE9070EE76A584B7A275B70D2D42B95B2BE8B5E20,Cajamarca,Nuevo,2025-08-29,13,1
4476,4474,C-04474,732FC9D36391A51E1E292BEAD53E55DCEF645DDA7E194CAA8359B5ACD5F16DA4,Cajamarca,Frecuente,2026-02-01,8,1
4477,4475,C-04475,F7361DF549A96C65CD8AC0B1377EC42E82E0721F2AC53B96DB6BDC2BD789BA73,Cajamarca,Nuevo,2025-10-29,11,1
4478,4476,C-04476,DFB362065197EB429B89216DAE51CA0E1066E5FA82A29D7B7DF9BD5841479312,Namora,Frecuente,2026-08-15,1,1
4479,4477,C-04477,DB7DF0C044F18A1F47120932198BE2D0DAF65B3C86B50E8FFB01D2B2324988BB,Cajamarca,Frecuente,2025-08-13,14,1
4480,4478,C-04478,C7751BC4094D7B767B337E0A36F9847FD5641C96C4E9C5411D0169EB1E59D2E7,Cajamarca,Frecuente,2025-07-06,15,1
4481,4479,C-04479,A816B7A98780AE2B2C097F844AA0FBD6A6B5B901C9736694B7F825281DB73117,Cajamarca,Nuevo,2025-06-01,16,1
4482,4480,C-04480,8EC88434F2513B80F89A5C918BF611F210EC2C09B4A6A2AAD8A3EBE41CA43EC8,Baños del Inca,Nuevo,2026-05-21,4,1
4483,4481,C-04481,9417AA0BC6B1D0947F2248EB76519971D8814240103BBC59EEB56DA3E75B5064,Jesús,Nuevo,2025-07-21,14,1
4484,4482,C-04482,A95FB26455070CF0F2C3AE95AAC52B7EA564B0AD5063A3F048E00203408E2493,Magdalena,Corporativo,2025-06-06,16,1
4485,4483,C-04483,17303170180C7C00F8A3199D733A20B96EFA5D3A26A4A3795042187A4761FC43,Cajamarca,Nuevo,2025-07-29,14,1
4486,4484,C-04484,593B0BAC5AEDC96FA3D7C079F25F7D0B5053E39BD0F49152A1DEFFD663D4776C,Cajamarca,Frecuente,2026-07-20,2,1
4487,4485,C-04485,DEE933D9ADEBC7EBF7B9A1D78628533B3392A6D30DD87D240F7BE5C0E2398A90,Cajamarca,Corporativo,2026-05-11,5,1
4488,4486,C-04486,7179E6D6136A2AAA80FD4125A551C86F11C86C98DEDBDD537908072181C28F2C,San Juan,Nuevo,2026-06-19,3,1
4489,4487,C-04487,D695F099E0484129509A9A0A452D337F553029926D469C607A4FD3854F15DD47,Cajamarca,Corporativo,2026-01-07,9,1
4490,4488,C-04488,63D942E0EE866BC2AFF6AECD7BD525699E86A3B102D511D3273253F26281E7D5,Magdalena,Frecuente,2026-01-27,8,1
4491,4489,C-04489,6573A5F01707BC1B68C2BC4D2AA7C756539D8282139C6FB08CCE01F62AC56638,Baños del Inca,Nuevo,2026-07-08,3,1
4492,4490,C-04490,7263DFCFE0B578601A29A0AF3D1704555AD7ADD534ACDB1E22D17B102A3D3342,Cajamarca,Nuevo,2025-11-20,10,1
4493,4491,C-04491,E715BF318633ED1A3DE47F52CD58FC185F07C8E638BF7FA9B31B63478923783C,Baños del Inca,Nuevo,2025-08-15,13,1
4494,4492,C-04492,286C71F748EAF108654C4DD02A59EFF87AE01DCE889C65864225E61091666253,Baños del Inca,Frecuente,2026-03-28,6,1
4495,4493,C-04493,7FEA65E8C0860B3E65F32F2E2BFC40E2595C929F10ED041AB26F47CBB8B66A1C,Cajamarca,Nuevo,2025-11-17,10,1
4496,4494,C-04494,DD04582CBD9E6EE760D9AA8680A705FF62C315E031B0F60BB6FE2328374C3366,Los Baños,Nuevo,2026-05-14,5,1
4497,4495,C-04495,810EB57C94D36B7E9FB07AF92819877B7ADC51BC5669041011790CF2654B8978,Cajamarca,Frecuente,2025-08-01,14,1
4498,4496,C-04496,889AECF4C17590A429202968A3FDD25B9CA6806937C81A2FF393ACE2611EA199,Llacanora,Frecuente,2026-03-20,6,1
4499,4497,C-04497,2A7675A4253EEE030530E8A8A313B7DD251A602F935CF75EFA78E103DE4BBE3C,Cajamarca,Nuevo,2026-03-11,7,1
4500,4498,C-04498,FE68BD9CFD0C69E1E6CBEFB4BC0E9AC8FCF006A85E3DCEF835BFA94006EF3C5E,Cajamarca,Nuevo,2026-01-09,9,1
4501,4499,C-04499,8E635BED0B8FD77FDF38DA6CA9EC5B6E01C1F10537C0BB4A642D69EA5466D9A2,Cajamarca,Nuevo,2026-08-01,2,1
4502,4500,C-04500,F6E9C6CE3F5C5B4348F3ED9EE9DAF91A7B902B14EBC3A9F491964DFE46254840,Celendín,Nuevo,2025-11-04,11,1
4503,4501,C-04501,674DD4E948946C6184309103F1767782DC8DD5E25D794E2F4E7C39B55EF25A9B,San Juan,Nuevo,2026-05-13,5,1
4504,4502,C-04502,EA7538354F79663E99400753CF89880E4BF85F80A4C579CAC774DDDE5CFB1E04,Cajamarca,Nuevo,2025-10-29,11,1
4505,4503,C-04503,8C64214AC2D3CC784EE3CD1E8FFFD8A9D35C7A4728B3204405FACA0813A0D482,Cajamarca,Nuevo,2026-05-15,4,1
4506,4504,C-04504,2CABA5AE5BCDCB24D293578DE01AC99C02A9FAA9B4AFCC0C65DD60368B85287E,Baños del Inca,Nuevo,2025-10-30,11,1
4507,4505,C-04505,8CEA4A48C88DDF2C0238D945829D02101B3BC235AFAB95F935F58C1C47C6B3B8,Cajamarca,Frecuente,2026-01-07,9,1
4508,4506,C-04506,AAA2C0D0E8F7BED713C0AC8A3EC297EA54C69AC8562CA2D606F9F3458BB42D91,Cajamarca,Corporativo,2026-06-13,4,1
4509,4507,C-04507,2C5682040A213701D25BE5146BE05DA05FA0B2DCBEA8D247244C2FB7B60B6B1B,Cajamarca,Frecuente,2025-09-27,12,1
4510,4508,C-04508,D34BCDDB2E93BB66EDEFEBB9EAC9A11B61FDAEB6B1CCA6015FE1F40C1658082B,Jesús,Frecuente,2026-05-22,4,1
4511,4509,C-04509,5A6F5C44DD357ABC2C418D8372F86D176A0E07C0F571F35DD6E094D7D78FC74B,Cajamarca,Nuevo,2026-06-05,4,1
4512,4510,C-04510,76DE42D3BB1B2635B36EA276C921858049CD11A0C2E4CA5A2AA0566134956C1C,Baños del Inca,Frecuente,2026-08-23,1,1
4513,4511,C-04511,1B4235E2C1B50DD2909869878CA81EEEE83FC8BE2441CFD94B2142410E88E0CA,San Juan,Frecuente,2025-09-19,12,1
4514,4512,C-04512,6F0DF18C24734D8F7C52B87F8A1F8B095223E67571D04D63FA581D784BE29173,Magdalena,Frecuente,2026-01-23,8,1
4515,4513,C-04513,B47618D23D509A171A7CEA21314765202AE6508A163E1771F685839D11DF818C,Baños del Inca,Nuevo,2026-08-18,1,1
4516,4514,C-04514,327AD710419405FA4D1F49029DD47396599FFBDC485C009D1A2AA2D0ABA46130,Namora,Nuevo,2026-03-29,6,1
4517,4515,C-04515,793E1BE665463B0E093C902331704FDC94A35151CFA535B0DB509F0321C7AA86,Cajamarca,Corporativo,2026-05-02,5,1
4518,4516,C-04516,B51DC8D59648063BB4F10FF730BDE53F222181AC29BE317D1BFD39522FE47290,San Juan,Nuevo,2026-02-19,7,1
4519,4517,C-04517,C6ECE613D28085A5512679F9C977C9F88DABBF34D8ECFDC772E115DC9449A8D0,Cajamarca,Nuevo,2026-04-21,5,1
4520,4518,C-04518,B92EEB138242F1AA26F3095A5F2C3FA296BA1EDD25BEA75F0FE0BBE546F272BF,Magdalena,Frecuente,2026-09-05,1,1
4521,4519,C-04519,F85FA8F8A60BEC039E216DC701C5FFF67F78196D87CF722B21095315C8F36AAF,Namora,Nuevo,2025-11-10,11,1
4522,4520,C-04520,D73EE32DA71DBD0E092BD55EF0229522A156D698D5BB2D23568289FDE9BC8718,Cajamarca,Nuevo,2026-02-24,7,1
4523,4521,C-04521,214FDAD7E551EA243144004943C04916D69A857A2C53D59445EC3512D09D40C5,Baños del Inca,Frecuente,2025-10-11,12,1
4524,4522,C-04522,D4393F4E585E4DA8026D6CC63968770C16FA79D5E00C2D44562A723670D3A638,Cajamarca,Nuevo,2025-12-21,9,1
4525,4523,C-04523,B884D1FDD319EB8DD469D9CCF8A4A9DFFF56688916B5E583F5722D949E65783A,Cajamarca,Nuevo,2026-09-07,1,1
4526,4524,C-04524,F85EB0F98D850A0FCACDEBE6B2138FD2A7BA12637C1BD9F55B59713188BA6DCE,Cajamarca,Frecuente,2025-06-29,15,1
4527,4525,C-04525,BD9E2DBC85832B05667758F38E85E3D9CF1FB70511303CF4E3E784A9F8A26B3F,Magdalena,Nuevo,2025-08-12,14,1
4528,4526,C-04526,0BCFC7E577A647FEC7279C057410C3BC56397D96B313DA1A4CB344B8B73596CB,Cajamarca,Frecuente,2025-10-07,12,1
4529,4527,C-04527,532F930B8774FB3EA843382701AA3A13AB3A9877FDF3141B5E21C9A3FFADEB28,Celendín,Nuevo,2026-08-02,2,1
4530,4528,C-04528,41818F181FD24B7A29236D7B7EA41A31A9126300F2A6CC484334896FD6549486,Cajamarca,Nuevo,2026-04-10,6,1
4531,4529,C-04529,1959F60B65125FAF1C607B4FE16910E453E2546FFF639A3C3F9CC20730DB7DDA,Baños del Inca,Frecuente,2025-09-19,12,1
4532,4530,C-04530,7ED03FF12F27FEEF1B2C8EAFEE0803F5AB7AB5B82954C4C630580CF1A52268B4,Celendín,Nuevo,2025-11-25,10,1
4533,4531,C-04531,E8541CF3FFFF38C1A08C42FF85AD5D681D71BC15D28566CCF5349EA33298CA94,Cajamarca,Nuevo,2026-05-26,4,1
4534,4532,C-04532,A8DDC7D33A410465ECA86A2CFBB3A5F5A3433738232E771F30D45B8016DFE736,Cajamarca,Nuevo,2026-07-11,3,1
4535,4533,C-04533,F49D6D427BD911E4DC7D01ED638C7B8342AB96B2D608A4D582A25DE756654569,Cajamarca,Nuevo,2025-07-25,14,1
4536,4534,C-04534,1179045CEFC0556A120ED62E1DFBDB4DEF2B49D26B9F2F273CDA9A25AD349DC6,Cajamarca,Nuevo,2025-10-09,12,1
4537,4535,C-04535,26840BED52A0846607D7C019C75EDA0EB93E84A3125D4C0B6B576EBA0E459819,Cajamarca,Nuevo,2025-07-09,15,1
4538,4536,C-04536,7411D76ECCA1771E9EAF9934112B81EA6DE7E100E6BC12D5C527578709F1A320,Los Baños,Nuevo,2026-05-06,5,1
4539,4537,C-04537,B2698AD9B609FD1A7CF9E67D007307F05D8D48FE949984A1CC0A9C20897767E2,Baños del Inca,Nuevo,2025-09-07,13,1
4540,4538,C-04538,A9FA1F6CC43362CA71C7DA2BCE2B0BC7052BCA3A29E0DE986641BBCA418EAE06,Baños del Inca,Nuevo,2025-10-30,11,1
4541,4539,C-04539,B084B38E54E71F11ED1CA7640FC8D06F9D9B05818725A2875463C73D455D51D6,Magdalena,Nuevo,2026-08-04,2,1
4542,4540,C-04540,2896DBF963736ABF85B44010769383FB0F5A908A2EF6681268DE40B3013BFBE7,Cajamarca,Nuevo,2025-10-23,11,1
4543,4541,C-04541,AC2A4F152C17E3FDBF667623097F023EB5484AA5E9F7FFAFA7D32BD584325048,San Juan,Nuevo,2025-08-07,14,1
4544,4542,C-04542,6B2666FB50CE5755D06DEB2834A58C7B2F763607BDB84321D7B95CDFCC2479E1,Baños del Inca,Frecuente,2026-09-07,1,1
4545,4543,C-04543,ABF0ED6DCC298D8299E7B54656419C152A87ABB46CC36B50FACE25B64A7D9EC7,Cajamarca,Frecuente,2026-03-26,6,1
4546,4544,C-04544,69E7A31668CDD2450DBA4EE2730E7EF1A8C24166C5213ECC3EE1ABBBA968A970,Cajabamba,Nuevo,2026-03-28,6,1
4547,4545,C-04545,A1EFCE3D19F989D2C3167DBC12D57E7A8006CD22527BF6C9962EB8486DDB49C5,Celendín,Frecuente,2026-07-23,2,1
4548,4546,C-04546,646585BA67F8AA46587D1C13934952AF72BFB57EA54976ADE7DEE8952507E6C4,Cajamarca,Frecuente,2025-10-16,11,1
4549,4547,C-04547,FA05D1FAB4CC45DD931FF225870792DF558C4A3C307A9457DF2CEEBC3A88146C,Cajamarca,Nuevo,2025-10-25,11,1
4550,4548,C-04548,AA0A3FAD69D46BBE43AE051141897AC2EFBAB707EA3F192F8A73BBDFA5DB0047,Cajamarca,Nuevo,2026-07-29,2,1
4551,4549,C-04549,77FC7246BD7FD594AAEBDDABC58090A57913305DEEDB5EA01C7A2652CD3D28C0,Cajamarca,Frecuente,2026-05-04,5,1
4552,4550,C-04550,964D82A6979E929DF1445DB07D4D43E8299DAC087B8DD9B4407A9E0620252367,Celendín,Nuevo,2025-07-17,14,1
4553,4551,C-04551,D1768144BACF8D76450CB2BABC69B54FDD9490298931001645A8EA2701E1E26E,Cajabamba,Corporativo,2025-10-01,12,1
4554,4552,C-04552,C44245297C5F72E7BDB9F3F4B18C9A876EFEA8206EAE515D758259C29B83B91E,Cajamarca,Nuevo,2025-10-14,11,1
4555,4553,C-04553,276FBCB7A79318A395CF091D1D0D0292AF1D7CF7129759FA0D4622F644ADEAB0,Baños del Inca,Nuevo,2026-04-19,5,1
4556,4554,C-04554,2410A1CF3808DB31D666A5893F497B7E390E8EB0789D8579FFD0C93F574AAC3C,Los Baños,Nuevo,2025-06-06,16,1
4557,4555,C-04555,D6BA8B5D7D63A5DA472F73C70A01DE9B3AE4D2DEF39B6F6DEFDDE58657020D51,Cajamarca,Nuevo,2026-03-31,6,1
4558,4556,C-04556,CB9A060258720662978B3F3F5F763856708FB1FE4C51C630D8BF86E5D8C93E7C,Cajamarca,Nuevo,2025-06-10,16,1
4559,4557,C-04557,DF23B8A2B0163260BF91EC9E79B4BEE8B14664956FF8F1CEAFB1F629542AC361,Cajamarca,Frecuente,2026-07-12,3,1
4560,4558,C-04558,481096EEC209D70A998617C9C2A82B880F9B4D9ECBA2F447735A3BFF1E3F1C59,Cajabamba,Nuevo,2026-07-22,2,1
4561,4559,C-04559,9F4E36AE9CF9F0BE95C4CD8F9D5D62B9BE3BB8080C923A6EA9CEF20984EFECF9,Los Baños,Frecuente,2025-11-04,11,1
4562,4560,C-04560,5A031A4C335E573FE6DDCE1AF62052CC693F902950B06A81E41B6379244C6677,Cajabamba,Nuevo,2026-05-25,4,1
4563,4561,C-04561,1220A50E0A3BD48CD6CBF21D691D2F4EE247A5EDDCA3AC688F663F7891BF41BF,Cajamarca,Frecuente,2026-05-25,4,1
4564,4562,C-04562,21AE676952588F376866CC91E9EECE4694316425D3CDD0D47A67B1EB0E6C35BB,Cajamarca,Nuevo,2025-06-21,15,1
4565,4563,C-04563,CBA47B89355CC0AC910B156FC664297D20320AC340A6C997E6649254689BDC8A,Baños del Inca,Nuevo,2026-03-17,6,1
4566,4564,C-04564,988360404851B47DA6F95BA1726409787EE45A24CD2DBB57763F87A78EA68F4E,Baños del Inca,Nuevo,2026-04-21,5,1
4567,4565,C-04565,D3F6920371AFF4ABD4A47AA039ED7AE0F7627BC3A728AF2CEAB7CC40BE7E3C0B,Cajamarca,Frecuente,2025-11-29,10,1
4568,4566,C-04566,EA9944DFCA6C6EA047FD0BD642C6FA0924CB1CAE8FE7FC9811910D1D8BDF3F3D,Baños del Inca,Corporativo,2025-07-07,15,1
4569,4567,C-04567,F9850E52645A276D9BFF02567E69669DD04B395C65A824539F6FE81525B50A2E,Cajamarca,Nuevo,2026-09-07,1,1
4570,4568,C-04568,8F702A853AF6BE7AAFE19472EDD3FC12E70C18FF71220E359CBDEB54CA08BCA6,Los Baños,Nuevo,2025-08-25,13,1
4571,4569,C-04569,BC4F9EC4185A2E1825A89A51ED122FCE414C253402B66B3BC061A20352B34BA3,Cajamarca,Nuevo,2025-12-11,10,1
4572,4570,C-04570,96EBA1DD8B2ACDBA8EDA74B300AD3137C57B88251859C4319344C22190AE1B60,Cajabamba,Nuevo,2025-11-27,10,1
4573,4571,C-04571,B77BD223E98C914C41FADC06A1D89F41D3CA55275823F3A5EE3A9763BA7C5812,Baños del Inca,Frecuente,2026-07-02,3,1
4574,4572,C-04572,E0550E216219D9EC2FB357ECEF4B0ECB5C45FFC8A645FD7E77E4F4BBAAACA825,Cajamarca,Nuevo,2025-09-24,12,1
4575,4573,C-04573,2936BB5C823A9C65876B20083264EF2BE2BA69E4ED763F8F2F02162B72658728,Cajamarca,Frecuente,2025-12-08,10,1
4576,4574,C-04574,AA495B6CA271786A0E0C823DCF216390942B42104FD0A6F69D86A6524C1D2988,Cajamarca,Frecuente,2026-07-27,2,1
4577,4575,C-04575,D43EA32BDC6D5BFC8309CDA2A0E43DD134BF165E1C5DFE2579A5AABA9A1996FC,Cajamarca,Nuevo,2026-02-14,7,1
4578,4576,C-04576,D1A0ACFCDDFEE0A6FFB0ABA927E8129F393D6E1A0D9ADDE7E556820D6A8ADBD9,Cajamarca,Frecuente,2025-12-29,9,1
4579,4577,C-04577,561E8FB6FF95187FE4D37DC2A3CC22AC432C95C9E2805689ACE17236256718B3,San Juan,Nuevo,2026-03-20,6,1
4580,4578,C-04578,C7289BE6CD13C346591C8583E612A24BE3E4C6838FF7D43051DBC6EEFEEE9CCB,Cajamarca,Nuevo,2025-08-26,13,1
4581,4579,C-04579,342D3FEE8A4A1D2181AAA04F670468F9027743D07D3AAFFFC9C25A0DE00960D9,Cajamarca,Frecuente,2025-09-06,13,1
4582,4580,C-04580,E8EAB0647848E365667BD91AC3F4B302375368A37178A9AD85CA4750AA9792EE,Baños del Inca,Nuevo,2026-01-27,8,1
4583,4581,C-04581,F53DF0B7C67D67B9AE0EEFA618965CF72DFD633858483A23F7204590BACB9A3B,Cajamarca,Nuevo,2026-01-16,8,1
4584,4582,C-04582,9A036FF2157F44C20F98A4845CCF0812E51D98C28183AD2AE61A52E874D3D196,Cajamarca,Nuevo,2025-11-02,11,1
4585,4583,C-04583,28F6C6CF30C4CD37846830FB4DCC186F15B5D60860A94C8DA298BA1CEA049BBF,Baños del Inca,Nuevo,2025-09-25,12,1
4586,4584,C-04584,4856D47DB2CF4A47C6DE07A9EFCA231B16287F36D428FCF5C6530ACD32D1F61A,Llacanora,Nuevo,2025-07-14,15,1
4587,4585,C-04585,7E9426BF469B0B294FC26DD7F13BC45E9871855914587859D99A077BB4D32DBE,Celendín,Nuevo,2026-06-18,3,1
4588,4586,C-04586,3236AC38F30A57BAC72E02ABE63048447071433A8B59DE43D2948C9DE6586540,Celendín,Nuevo,2026-05-02,5,1
4589,4587,C-04587,09FFA659E575697E0A6698274FDEA88507EA2B62DBC694B29A6DE9543D661E33,Cajamarca,Nuevo,2025-06-08,16,1
4590,4588,C-04588,5C29BBC07EABEAD9E065593F73D80BA7928FB008AC003D21642CDA6AEB41001B,Magdalena,Nuevo,2025-11-22,10,1
4591,4589,C-04589,897C23C9DDDDA3AA5BE36D4782DBC913B3C61FE17AF7EC3DDF6E558A1F1F62F8,Cajamarca,Frecuente,2025-07-09,15,1
4592,4590,C-04590,6C5640C4AA47774AC73DC904A25C6057CB32B899BC0AA91D258F9E004ACF944D,Cajamarca,Frecuente,2025-09-04,13,1
4593,4591,C-04591,F37F974AC4D978AE888E1FD01671512A1AAD3E90A18BCCB2349460233CE3883B,Cajabamba,Nuevo,2025-10-19,11,1
4594,4592,C-04592,10C57B61A650824E59888BD5A54EFE87E3A0BC74BBC9A4796520F1E10B0E4B69,Baños del Inca,Frecuente,2025-11-26,10,1
4595,4593,C-04593,2DC98BE50BAB8C941C070768D48BAA57A27F2429C8F3DD5FE3BAF77EB2AC921B,Cajamarca,Nuevo,2025-08-25,13,1
4596,4594,C-04594,CE198614883DF490AF937F73F39EABA1FC8C57B376A617ED0AC28ED6B8563D4C,Cajamarca,Corporativo,2026-01-10,9,1
4597,4595,C-04595,5BC3D4D92E3E3366AD3E9EEDFBB685D11FB7DCCD93B1CCA018F940E79201B896,Cajamarca,Nuevo,2025-11-29,10,1
4598,4596,C-04596,8DB9B9414368DBDCAF23761F3192478B90ED118F061513BA64A016FE1C5438CC,Celendín,Frecuente,2025-08-09,14,1
4599,4597,C-04597,0ACADA63F9FE07A7CBD7B7C25790B136CD8DD67AEE1FDA209293370BDD936B95,Cajamarca,Frecuente,2025-06-08,16,1
4600,4598,C-04598,CDB265496FD5D7502DD9ECC4BEF9037BA24B8F69390B003A619FB73E03D5F73A,Cajamarca,Nuevo,2025-12-26,9,1
4601,4599,C-04599,CBF157F9C77FCA3E597B5806AE4703B2F466BCF3C2F12D312A901803D157BFDF,Baños del Inca,Nuevo,2026-07-01,3,1
4602,4600,C-04600,AFFC2D1CEF2FDA49AE6941CA4F260419E5C888A6AFAB5B6C7B1ACF06D18B9F5A,Celendín,Nuevo,2026-04-17,5,1
4603,4601,C-04601,B365B9CE297C0242F1C9DFAC7AFF07867FE8CD1440595CDC47FEAEEE75007C42,Baños del Inca,Nuevo,2026-08-10,2,1
4604,4602,C-04602,88D6D45911E14B2185F1E581992BA498B5209A5DB0CCA314D016008C3BF264E1,Magdalena,Frecuente,2025-07-31,14,1
4605,4603,C-04603,E91643748B1C9581C962E872ED96FB1D2FE147625253B1532529E6D110EE2AD5,Cajamarca,Nuevo,2025-08-30,13,1
4606,4604,C-04604,720AC30C0636C691AD2841C30884F09688A4FE8B5CC44ED0585918954EA7DF04,Cajamarca,Nuevo,2025-07-04,15,1
4607,4605,C-04605,426D19F5259D460086875076373F196D261373AEE64F247FF0E30BA260EDE974,Cajamarca,Nuevo,2025-12-16,9,1
4608,4606,C-04606,CC70662349C2E5A3564746EC4891D048C9EFE4131DDE6808B6018F8130878623,Cajamarca,Frecuente,2026-05-21,4,1
4609,4607,C-04607,59E7F1DA8039FA5D4EBEF71EE1E7E5C639C08347C69D64198FF1514121F89712,Cajamarca,Frecuente,2025-07-31,14,1
4610,4608,C-04608,8D71E219D6D65C2541413F130415D800F6F43049C86BC724C988B41F831F1CEE,Cajamarca,Nuevo,2025-08-19,13,1
4611,4609,C-04609,297ADA21407AE92342251CA132B23C669B3BCF2920919B1281946A1662F6BF3F,San Juan,Nuevo,2025-11-07,11,1
4612,4610,C-04610,C79B85FCBF6C061530239A00CDE4AF81D68268E510CAD9DEA5A7E920213465C2,Cajamarca,Nuevo,2025-07-01,15,1
4613,4611,C-04611,101C321C5F11A7DB17875892AF09409B43AC2CDB7E77B3CCD4DC9636F7E7CCEF,Baños del Inca,Nuevo,2025-12-31,9,1
4614,4612,C-04612,004C4C08492FFC42FCC6A0F00BBD05D7EC7BDC1A88F53D1363A701F80D7E8212,Cajamarca,Nuevo,2026-01-19,8,1
4615,4613,C-04613,1F4CD809106C4CBE090E16ABFFB290856D657AC21FECDF788A0350569CDAB3C7,Magdalena,Frecuente,2026-07-15,2,1
4616,4614,C-04614,B0512A38A00716A84B1979268176F51571846E727912C23FC1DB2A9EB3C29238,Cajamarca,Frecuente,2026-04-14,5,1
4617,4615,C-04615,ADEEEB32F07FD5A5E9925A4EE72A3C91551DBA31D415A109B741BFA3328201C8,Cajamarca,Nuevo,2025-09-10,13,1
4618,4616,C-04616,1BB5361A51BC82F1C546B6A1C67539FA2348889E776EA79FE12702D12C91A478,Cajabamba,Nuevo,2025-09-27,12,1
4619,4617,C-04617,24E437F90F047DEA2C13AB65D78E789508DA723D52D0F027564CAE7A370A6B06,Celendín,Frecuente,2025-06-04,16,1
4620,4618,C-04618,E4372FB1C37170DB9541EAECBC2251F540C8B72589C2781591C8B93727BD19AE,Cajamarca,Nuevo,2026-02-20,7,1
4621,4619,C-04619,9C075B237EC6A1722315D45C43D72540D3FB0A5402E9FFD3107E62F81585753F,Celendín,Frecuente,2026-06-24,3,1
4622,4620,C-04620,84B7F10ADFDA1264066068E07339FFC7FD571978162756FE3FB965FE35289323,Llacanora,Frecuente,2025-12-30,9,1
4623,4621,C-04621,B35CD56EEF163AC2FCCA0431D57C9AF085579338A5DE39A74267E87EDBD95779,Cajamarca,Nuevo,2026-07-28,2,1
4624,4622,C-04622,7DBFA2B7DE7F5131E0F589B2F803BEC85468DA798BBD7B470A504FC9539677DA,Cajamarca,Nuevo,2026-08-21,1,1
4625,4623,C-04623,098B70FBD13564BEB45CBA95DCBD7451442230924A79142F1A111644B4DCC369,Baños del Inca,Frecuente,2025-10-24,11,1
4626,4624,C-04624,B2021545FD20D0F80AD2113433BEDB54623F067B8B5CA6FB63536270FF343729,Los Baños,Nuevo,2026-01-19,8,1
4627,4625,C-04625,B607130F02AF525F767B8A08417664F63B9A5BA6C9DC59B1E833F600F629CB3A,Celendín,Nuevo,2026-01-07,9,1
4628,4626,C-04626,55EDD1680B8FD095DBF9129B30AF4B1E3639FFB9DA8200314E8DFD768A694AF1,Baños del Inca,Nuevo,2025-10-27,11,1
4629,4627,C-04627,2D69A407578B369D32A06A991A5AD72FEE51978B66F9AC401F8A17852353C6BF,Cajamarca,Nuevo,2026-03-23,6,1
4630,4628,C-04628,C4321CFA716E1C09DC3F8BD38667B593CC5C0FF11DC0DEC8C1EEDADE3ADEC32C,Namora,Nuevo,2026-04-21,5,1
4631,4629,C-04629,B6401077891FA3E7364F9B6B89EC0D5F59E8351D585ECE49CC8910C9E30E90B8,Llacanora,Nuevo,2026-02-17,7,1
4632,4630,C-04630,E75D6807523FF041F3D936DDF10B9A7418046AB02DDA8AA97C7C560B1BA7572E,Cajamarca,Nuevo,2026-06-27,3,1
4633,4631,C-04631,BDFE2F25E1EA4B47DD1BB26DA3B1E167B2213BA327D5BCA672443E600C186504,Cajamarca,Frecuente,2026-04-12,6,1
4634,4632,C-04632,16F4A1A4CB9986A1499718B3BA7F4228D1BFC0F71004011437DE96CF573C9295,Baños del Inca,Nuevo,2025-12-16,9,1
4635,4633,C-04633,300410B878BD558BADA40F432551F314053960BBF0ADC0BACC0CCAD080BD63CD,Cajamarca,Frecuente,2026-07-07,3,1
4636,4634,C-04634,A0D0CB1DA77F9169E5DB63ABF641A763F080CDF6B77FCF7E46AAD449FD6B3A0A,Los Baños,Nuevo,2025-06-02,16,1
4637,4635,C-04635,EFF29440F92C1518C328B3E403F5BCC42DCA92372491D44661DB54BC1F22B745,Cajamarca,Nuevo,2025-07-07,15,1
4638,4636,C-04636,32C962D04813B11F66CE3DE6727B4ADAE991AE1DF53D3E80290D2615BD9CD12D,Llacanora,Nuevo,2026-07-11,3,1
4639,4637,C-04637,1FF45289075451ACAC587FEB0E26D037655309A0DEC68684D5967761587B4C6B,Cajamarca,Nuevo,2026-08-14,1,1
4640,4638,C-04638,0B323C9C886BC96F2B3D1BBCB11DB269CD8E4385DCFF8AFF46F493555CA05D65,Baños del Inca,Frecuente,2026-09-13,0,1
4641,4639,C-04639,B89550895727330A14CF917E2FCE5095D2A62205FB528F8145F85EE4BAB321B7,Baños del Inca,Nuevo,2025-06-20,15,1
4642,4640,C-04640,D90A1A35E16A0870C8D8988257CEF2566DE6491595D89F291FD3B4CC17FBF2D9,Cajamarca,Frecuente,2025-06-06,16,1
4643,4641,C-04641,966B83726C184831024154B375E110AA46D7F9F80B266F9A024CC94A0481F2EF,Cajamarca,Frecuente,2025-11-03,11,1
4644,4642,C-04642,92BD38284E2356CF7E15460D62AB7341FBB2E9E65F26CCE1AACBD72468C81406,San Juan,Nuevo,2025-07-12,15,1
4645,4643,C-04643,DA0A264084406FB11D30C02CFEBCFC4FE0E38B9861943C5B96D173800B80D09F,Baños del Inca,Nuevo,2025-10-04,12,1
4646,4644,C-04644,5990260E9E6BFF69B60EAB0B1B96AE514730308FD2AD511070CA6E965DEA3FBE,Cajamarca,Frecuente,2026-01-02,9,1
4647,4645,C-04645,B020BDCD0BC5140225AF4C9AD39A6A60481BD995E5DAF282D39EF081A9E6F102,Cajamarca,Nuevo,2025-11-19,10,1
4648,4646,C-04646,4C0C191544A990A543BDEDC33389C4B0B18E28A267E9C246D4BDADEB5B7AD4AC,Cajamarca,Nuevo,2025-07-19,14,1
4649,4647,C-04647,391933975F196433CEE05550DFA557C1A3A24DBD25928EC2362924866DA77B0C,Cajamarca,Nuevo,2025-10-12,12,1
4650,4648,C-04648,3F541C311930EC3814F5961D4BACF209593F87323AE5681173FCCADD6D4EA476,Baños del Inca,Nuevo,2026-05-12,5,1
4651,4649,C-04649,A053194E6685928F81390DD0E4D68BF87412D0CACC6CAB378F09B91818520754,Cajamarca,Frecuente,2026-04-15,5,1
4652,4650,C-04650,5B955589E410026AA800BA990EB5EE68FC00EA56FE8580A53CEC587F0D2F35A8,Cajamarca,Frecuente,2026-03-04,7,1
4653,4651,C-04651,C2DF25738A8D02980B5ABF72E51E7E0B6EA09FC3194C48A794EC2898C54CD3F3,Baños del Inca,Nuevo,2025-07-17,14,1
4654,4652,C-04652,8D1FFA58E7070BBEBBEFC7373091E115CE05F1DF639EA4E9BEBF0017F2E08873,Cajamarca,Nuevo,2026-07-23,2,1
4655,4653,C-04653,2501ED148F75D9730EF34593628F8439B4371CBD295CF1FD612633408AD61147,Cajamarca,Corporativo,2026-03-18,6,1
4656,4654,C-04654,3CF6FBC57AE9B861355048BB3B9E748345F61FCD3443FFFBF210EDC415E60F03,Cajamarca,Frecuente,2026-05-26,4,1
4657,4655,C-04655,6DDECA2A713B1763F1BF8797B0F5B499FB509B4B86523493A9ADD4A110C04476,Cajamarca,Nuevo,2026-03-11,7,1
4658,4656,C-04656,0E1BB0E5169F97CA0497DA7A6EAE6A58CCB22FB58D667C7D0D46F5284F73EE45,Cajamarca,Nuevo,2025-12-26,9,1
4659,4657,C-04657,8429C05716BB62B2DCFA4BDD11053F77B517C1668130E01FF74D1F5943AC07FD,Cajamarca,Nuevo,2026-03-17,6,1
4660,4658,C-04658,74542862C57BA058DF0DBA3B0C60552519B19876802A09A79A20D5AB52F6431C,Baños del Inca,Nuevo,2025-06-27,15,1
4661,4659,C-04659,366A735DDD4176C64DC72584C961205FE577242C960D8E852CE679EFA80CD6FB,Magdalena,Nuevo,2026-03-12,7,1
4662,4660,C-04660,FD5C55C8BE2B656DD5D6C7EACE6F7B34C963D6DA07456404BC8790414D76909D,Cajamarca,Nuevo,2025-08-05,14,1
4663,4661,C-04661,90D1E963AA1A1E757347091770A640CB1C0054BD14D96EE29F6300AFA1558849,Cajabamba,Nuevo,2026-01-13,8,1
4664,4662,C-04662,610EBE17139DA4F25C935A33A17B39496B60ACFF05C60F4DBC7F89CBD967CC4C,Baños del Inca,Frecuente,2025-12-17,9,1
4665,4663,C-04663,FCB846A81FA24F2D7B520F01909C17BECC0DD2628ED02D3F49AA593D7C46719A,Cajamarca,Nuevo,2025-06-19,15,1
4666,4664,C-04664,CF27986C75DF19E2F9041C8B0E2FC747574463B9A8DCC7F2285D6BF46D0FE258,Cajamarca,Frecuente,2025-10-29,11,1
4667,4665,C-04665,67010A60B41E06A6C1A9D53449BEC6FEF08A9893155627899FCFF24FDEE0CBB6,Cajamarca,Nuevo,2026-06-17,3,1
4668,4666,C-04666,4D26CC7FC93E8D114D9073519E04076B4577518196F4B48406403DEBA003BCB1,Cajamarca,Frecuente,2026-01-02,9,1
4669,4667,C-04667,9F39B77BD78B376722AC80043FBA37D9DAB3A9899EAED8179856107EB1421996,Cajamarca,Nuevo,2026-09-03,1,1
4670,4668,C-04668,B701932F5022BCB574FC5BB232414EF0D0B4F1D2E04DF9B2F46EB0390BADFD80,Llacanora,Frecuente,2026-06-05,4,1
4671,4669,C-04669,8F6E3B27328426B72A9DB4AB833A84C38244298BB2BE4E385B56E2416CFBED9F,Cajamarca,Nuevo,2025-06-09,16,1
4672,4670,C-04670,F2B5D7AE49217C517C232746CF616025C44FF3F29FD3C358974F038B4877797F,Cajamarca,Nuevo,2025-07-04,15,1
4673,4671,C-04671,4423CB385C08BC7971EF0DA383C3B3CDB8E7C58970A623948AD28B8D1E078B38,Baños del Inca,Frecuente,2025-07-08,15,1
4674,4672,C-04672,EDE0E7F957A7E1DFE50819758D17ED04EF0490ACD5001D3AD7A28DA09D41EC6C,Cajabamba,Frecuente,2026-06-09,4,1
4675,4673,C-04673,45772AF823534209221F3729917A7FFF97C631FE078EE109FE934E07AD5301F0,Los Baños,Frecuente,2026-04-18,5,1
4676,4674,C-04674,FE71AFA62FCD6FA9E742D790E5AD65187C8CE1886A63B5B630B379F3E43E216F,Baños del Inca,Frecuente,2025-11-06,11,1
4677,4675,C-04675,A60E611716EDEC1E545B4E6F61348BD6806993BB2FB5E0B05134F2AC5D76B304,Cajamarca,Nuevo,2026-02-24,7,1
4678,4676,C-04676,BD585D98143453E67F28CDA6AB5DA29F9F2E8C1291DB9D92E56C7DEA0B13BC17,Cajamarca,Nuevo,2025-12-01,10,1
4679,4677,C-04677,12F2D921663D0D1EA0E172BA7465C188B4A0FE6C931BE4447DEEAA6A1C34F7DA,Celendín,Frecuente,2025-10-25,11,1
4680,4678,C-04678,8FB6EE9CDC9A1D2AB7D7C06A1178B912A6A99A0518A2DC4B257CB1442287025A,Cajamarca,Nuevo,2026-04-28,5,1
4681,4679,C-04679,821910B74078FD2F556D5C04350F58C1D557C543A04953C718D662A5B76DE377,Llacanora,Corporativo,2026-03-08,7,1
4682,4680,C-04680,941ACE07B0E77BFCF858D99FD0DA4CCD8416550DC40A0C1BA602C8D84E89E183,Cajamarca,Frecuente,2026-07-29,2,1
4683,4681,C-04681,A338DE85D44741BC9EE71CC1D0F41E34C5AF6F88D740C4459C340616EDB41C84,Cajamarca,Frecuente,2025-12-31,9,1
4684,4682,C-04682,C4A46045672D02AC665C0115847EC3ACAFC59B36D331BE34CE4833FE7294BE2F,Baños del Inca,Nuevo,2026-03-13,7,1
4685,4683,C-04683,9C84FF582F382CDA8E3310934FDE7399B80D382990D3CB72FE195AE8138BE07D,Cajamarca,Frecuente,2025-12-04,10,1
4686,4684,C-04684,3037CCDCDFBCBD7FE7A223A896C0E54DEA4FED5C8220A7E69523A44A2C134FDE,Cajamarca,Nuevo,2025-10-28,11,1
4687,4685,C-04685,0ED58C7FED42C35D4D7EF742BF5C02D311A1197956B4A94AA33F239DF425442E,Baños del Inca,Nuevo,2025-07-23,14,1
4688,4686,C-04686,E069E1E94873D8ECF2449D185C7370E77FF5C4CA66CE11765E3C9DD60A715A9E,Cajamarca,Nuevo,2025-10-03,12,1
4689,4687,C-04687,6425559B09ECB4D4671C9ED88A5B0C98BC8741049CC86C0ABB71E98E4E647B08,Cajamarca,Corporativo,2026-08-30,1,1
4690,4688,C-04688,91587555D2568893C387045CB9C82BC8AE506E85F8D43B34C751E3B0F8327118,Baños del Inca,Corporativo,2026-08-20,1,1
4691,4689,C-04689,FDEA8EE55B9E25D5861AC3FAE744F123F21BDFCDF94C1A54B0F0CBA7BCB7001D,Cajamarca,Frecuente,2026-07-25,2,1
4692,4690,C-04690,E93DBA30313FBBF53A0F3370749C1E9515EBD069A8B6BA17212F1A00BF38E367,Cajamarca,Nuevo,2025-11-19,10,1
4693,4691,C-04691,CD97FB83BFBBF08EC71351F9197E5A1474800F8462DF94704D8C03D5572ADFB0,Cajamarca,Nuevo,2025-09-03,13,1
4694,4692,C-04692,B4B13FDB5F44D83B0F4657C85F0316A8CF830FC171D89CBA4B6F5DB60C167ECB,Baños del Inca,Nuevo,2025-07-21,14,1
4695,4693,C-04693,460FDF72537FA8016D3BCAAEC308CD59C6FFCD9BEBA22401CDB8D287780862B0,Baños del Inca,Nuevo,2026-08-06,2,1
4696,4694,C-04694,732488C4A4F640EB1EAD616B215A96657D0E1F4614C82963BBC836BBFBC54918,Cajamarca,Frecuente,2025-08-03,14,1
4697,4695,C-04695,64DEC1DF35A29510B8079D2160D16A4934815CE57719C5DE39788B9DA54725C4,Cajamarca,Nuevo,2025-11-25,10,1
4698,4696,C-04696,2E29FE2B03531B437D4ED2264723C6CB11866B42DC2113429DEA76FCC87083E5,Cajamarca,Nuevo,2025-09-11,13,1
4699,4697,C-04697,48CB3870421C10981F9043D9B07ACDCB7E71AC4A8B8160ABAA823F049F1F7201,Cajamarca,Frecuente,2026-05-23,4,1
4700,4698,C-04698,73D9D2DD0CEDFAB5A2446839BAAF794EC7EC2817F92B1BD3760AB707A82ED6B1,Cajamarca,Frecuente,2026-05-25,4,1
4701,4699,C-04699,457A2A5F60B52BF8C763E3F19C11C872148B527F4FBE06591C00A276C64A1613,Baños del Inca,Nuevo,2026-02-08,8,1
4702,4700,C-04700,9E82AE43626067CAE5426F73D87925E8073E697D3013E02B69821E625BF52A8C,Cajabamba,Nuevo,2026-06-19,3,1
4703,4701,C-04701,476F979C05BB5C3994DC3E3021DBBFC6BA8350C81D869CD4107CA6E4B19AE760,Magdalena,Frecuente,2026-01-09,9,1
4704,4702,C-04702,3E4E3425A8070A288F81907D6DB6C515710CB61FE444889A30B461CDDE6DE391,Baños del Inca,Frecuente,2025-12-16,9,1
4705,4703,C-04703,D5B98FBF18D5124B01ECD57B74B2407D451B15CA8A590E3F10082F8765EB8261,Cajabamba,Frecuente,2025-11-28,10,1
4706,4704,C-04704,CC81934F6E104FB3E2A7F83BE0B268ADF1BFFA2CBC33AFF582A49445CF96D13E,San Juan,Nuevo,2025-11-09,11,1
4707,4705,C-04705,95F7FD984653ED61E8A12F725F0055D1057C7E8B70EDBD8389AD7A01C2AF48B2,Cajamarca,Nuevo,2026-08-04,2,1
4708,4706,C-04706,1E507C11CD3E426EC8D0F5C79357E3E6A736D44CC2F20E20B69D6A8B62B8F71F,Baños del Inca,Frecuente,2025-09-06,13,1
4709,4707,C-04707,8F1389CD2D74E13DBDFF42B1E344D28050E2FE898DFE6718ECE16830F09838F7,Baños del Inca,Nuevo,2026-06-02,4,1
4710,4708,C-04708,6F078BE6D61BA3B5054775604E4BA3CE1E019A2CDF31AB75828C523B12A4BB81,Cajabamba,Nuevo,2025-12-01,10,1
4711,4709,C-04709,B10337AA93D53F8AD3AFB4DA594B3670676C70DAE547B6464DF528D6D1CDC211,Baños del Inca,Frecuente,2026-02-08,8,1
4712,4710,C-04710,27CAD6454BED2AE49FE71CFB598081A73EE886B1340C8B00BD2200AC3F02FEE3,Baños del Inca,Frecuente,2026-03-03,7,1
4713,4711,C-04711,DBD1175D7DCD166A50DE7184BC15E1B5FD47053A7E151B08835BA914872EDD5A,Cajamarca,Nuevo,2025-09-09,13,1
4714,4712,C-04712,C774F23659FF8A264E535300B6DA93DF9A2ED1A25CE88F054FC1463DFF3BF956,Cajamarca,Nuevo,2025-12-22,9,1
4715,4713,C-04713,3794E3740124C627E41F9A7E96653AF050D6E98F4F6862560BCC60DFC0D42033,San Juan,Nuevo,2025-12-05,10,1
4716,4714,C-04714,50226D26639BEE331F19DF3BF5B4AB20DC2E62CB57E87E50C4C2CC97F4FC9BC2,Cajamarca,Corporativo,2025-12-14,9,1
4717,4715,C-04715,16263696CA43311B3BB4CADF9697316CD22037AEE3585BFB849373CCA56AD79B,Baños del Inca,Frecuente,2025-06-19,15,1
4718,4716,C-04716,E3A5DA44FD0D5BAB15AFD6EF63A3867C6B1E257B63311E985AAD195E28D1CB7F,Baños del Inca,Nuevo,2026-07-26,2,1
4719,4717,C-04717,72F2B57F2E7F459BFB49AE61D9102230A496672A2F18D86D31B614BA5FE338F6,Llacanora,Frecuente,2026-01-21,8,1
4720,4718,C-04718,3B426BB52CD0345D9E7D9E70B8F29B81EF61CA6F9F8FD0E1B5005C20A4B04314,Cajamarca,Corporativo,2026-04-05,6,1
4721,4719,C-04719,7E3A62F51FD3B4B4A896AC56A931F68D64737E4B05031E09BC231A14BA74520B,Llacanora,Nuevo,2026-04-23,5,1
4722,4720,C-04720,5F28AE7F12F45BC671E065BA3CC8A602E0CECFCF5BB5CA2AB224C74E08AAFF41,Baños del Inca,Frecuente,2025-10-31,11,1
4723,4721,C-04721,4E545169974BF887FD443EF343724C3D144C25257CCD511131738972661FEB92,Cajamarca,Nuevo,2025-08-23,13,1
4724,4722,C-04722,F53BAFBE9EE8E8B3F24D186132FB9350A3CA512EA36D7770CEA3DD861A670B91,Cajamarca,Corporativo,2025-12-29,9,1
4725,4723,C-04723,5AD528BF606C8CF49EF6015E0462E1A54A6D2D9EE7F65EDECF17D861AFBE735E,Cajabamba,Frecuente,2026-02-02,8,1
4726,4724,C-04724,426147B0DC0E1DEB1A4C2FDB5A467B3BCDC7CBFB4677BBF55E37FFCA0D61DF75,Baños del Inca,Corporativo,2026-02-09,8,1
4727,4725,C-04725,6B46337244447126607925305FF505174342DBE415F827136DEBAE963BB689BE,Cajamarca,Frecuente,2026-05-02,5,1
4728,4726,C-04726,D568879E4E5825897C609AC010A3C22735AF9B25F802BA4088E96DDE479418C7,San Juan,Nuevo,2026-06-29,3,1
4729,4727,C-04727,7682B3051F2B089E23EDBE0DF475582DF99D1B7DD80F46C00705289204824BA1,Cajamarca,Nuevo,2025-10-27,11,1
4730,4728,C-04728,ABB19B6423D17408C64073342E0AC3FA2ED8757CCDD7702E66A9F6D80BC16D70,Cajamarca,Nuevo,2026-08-13,2,1
4731,4729,C-04729,095B24999E800131B93B5118A0B2AF42E9B349B35DE904A8B927A93D4024D059,Cajamarca,Nuevo,2026-07-06,3,1
4732,4730,C-04730,64D75062A94E069724A460F8621A22D7FD55461308AE57B47A16D8873E0F1D92,Celendín,Nuevo,2026-06-29,3,1
4733,4731,C-04731,16A3229736FFD06194D7AC5162083472C08F2CEA7D1AB88012AED35D103933C8,Namora,Nuevo,2026-07-07,3,1
4734,4732,C-04732,77937B84924D0EC6EA1E29E6785A6804C2586B25561DD820908C3B698F31B941,Cajamarca,Nuevo,2025-11-23,10,1
4735,4733,C-04733,F315516A24071360FDEDBC85F6A19DCEC047397E154C23F406FF4CE4319B9145,San Juan,Frecuente,2026-02-19,7,1
4736,4734,C-04734,843B0D90784756BE6D12A57BCA14FA22D513E0080DBB30FF54CBF64026E4BF66,Namora,Frecuente,2025-07-27,14,1
4737,4735,C-04735,8280A005F811AE0BFCF430C3E1BF979274FCC76C3313397FA16E8FF7B45EED18,Baños del Inca,Frecuente,2026-02-23,7,1
4738,4736,C-04736,80AE88F80E9737D9AF60510BCB61AB34B0C79C590C4C88F7F39DC1F33E963406,Cajamarca,Corporativo,2026-05-23,4,1
4739,4737,C-04737,78A6F81B1B03C0414971C89686A95A3E9815911283815BE331BBAA37B19C4E1F,Namora,Corporativo,2025-10-24,11,1
4740,4738,C-04738,2BD78484A2CAC2418B057627FB45E246CF5BD27EEB65689BF37B9E818C3AB278,Baños del Inca,Nuevo,2025-08-03,14,1
4741,4739,C-04739,6C6DACBBD782E0F957102E257C7D8A48AFA7F1D0DE09B5080E7F6B437DC7EA79,Namora,Corporativo,2025-12-01,10,1
4742,4740,C-04740,6A9C07D6946288BBFB9389D06E57C62ED5E9E8AC2556FD0776CB8CE35AF2E4BD,Baños del Inca,Nuevo,2025-11-05,11,1
4743,4741,C-04741,A40B628B7EC4BFF669EF9EED8BD51703C701DBF4FAD9752CF0F7C484753BAF92,Cajabamba,Nuevo,2026-06-15,3,1
4744,4742,C-04742,AEA32917F08F848631CB98644A43EFD895AE5518747AEA60C8F5EA8397C080C4,Jesús,Frecuente,2025-11-10,11,1
4745,4743,C-04743,17D49880D5145D54EA0FC3348BD0DFAF28BD002A4215E4422BD91E9F563B42F6,Cajamarca,Nuevo,2025-06-22,15,1
4746,4744,C-04744,CEE6AF4A6D7E1876CA27F842F1B01A7396014332AA9D56373FCDCB09C7B0AB32,San Juan,Nuevo,2025-10-02,12,1
4747,4745,C-04745,039DC8BF2E805241C79D1EE26EC29608F3201A2D9DAB81A6C2407AC73528ECBF,Cajamarca,Nuevo,2026-01-25,8,1
4748,4746,C-04746,967F814A65C4A4C2C56EA1900E0F0B74D93C0D38C95A3470D775970C8469E7D3,Cajamarca,Nuevo,2026-01-20,8,1
4749,4747,C-04747,C174CC42AD982F9F2DA3908CA7CAE83030F6F1EF0A02E3B59F00AA1A08170647,Cajamarca,Nuevo,2025-08-14,13,1
4750,4748,C-04748,38A9B01167208794CFC1F03730EBFEDAC7293F1C333DA29A934FC1FB59F6197B,Cajamarca,Nuevo,2025-12-21,9,1
4751,4749,C-04749,A3EB495558FE624F127FCFE38778F6AF8932EB8F3D9AB6C2407C871AA73A8124,Cajamarca,Frecuente,2025-10-11,12,1
4752,4750,C-04750,C8AFA226B49F0507C3C5EAD8D2E3B8688835D1608ACF9BD1F8DE8FB4912FD412,Cajamarca,Frecuente,2026-06-30,3,1
4753,4751,C-04751,B9E167A816DD729409571FB8730DCBF17A70E42D1691F85FE8A6355082A4B4DA,Cajamarca,Frecuente,2025-10-17,11,1
4754,4752,C-04752,0E79A3380775FF9AFACCBAE8D1E3B230451055EF46CD051592DD2319E037CEE2,Los Baños,Nuevo,2026-05-15,4,1
4755,4753,C-04753,09571668312B6E29E1E9D636FC8E34EA833665B3F4D17111037959E29E7B7F7E,Cajamarca,Frecuente,2026-09-12,1,1
4756,4754,C-04754,FAAE3E0C3D864141A82F2E5F6663C7BCB3F0EF5B4C923C216A6D9AD1E97BC806,Baños del Inca,Nuevo,2026-03-10,7,1
4757,4755,C-04755,C38839FC2D83CD6FDE83335DDA11396AAF41D9F231536EBF601FFE9206F5B119,Cajamarca,Nuevo,2025-07-24,14,1
4758,4756,C-04756,778B82FD01D04C228F23134C2ADBDF908B5B9A2CECD60E4F95A6D6E1953DA91B,Llacanora,Nuevo,2025-07-23,14,1
4759,4757,C-04757,5EA66B1FE55F956651D7FAFB5F817DEFB505473E610DB7FCEB67279EAF333DE0,Cajamarca,Frecuente,2025-06-23,15,1
4760,4758,C-04758,8DE87EE611EE1C4345B512B7B07B837EB180658DAC838FD7B98C2E557EF1776E,Cajamarca,Corporativo,2026-07-31,2,1
4761,4759,C-04759,8F70673F6EFE96AF195BCD6BF35D50F37A3EC656E1ACC4A0D1CC2EC40C3E7D94,Llacanora,Nuevo,2026-02-25,7,1
4762,4760,C-04760,6D3A526666B3E09D6433EDC8AE8120947B172FDDE664287DF787FB42AA87E252,Cajamarca,Nuevo,2025-07-09,15,1
4763,4761,C-04761,AE829B5643D348F23DA56196437DDF1DC6D409B36C3FD4CEC9A693B403939A2A,Cajamarca,Nuevo,2025-09-18,12,1
4764,4762,C-04762,370F2D1CA76DA585FCE42C9CB07AA08FAF771110E07798C5AE540C00566E8855,Cajamarca,Nuevo,2026-05-28,4,1
4765,4763,C-04763,828BAC34AD20D14AD5ACA38E98F8FAA9AE5A5850A73283ACAD10DBDE3E3CF96C,Cajamarca,Nuevo,2025-11-17,10,1
4766,4764,C-04764,8A0E18AEFE16C81F0DD093CE72626E92DB925B99C932AD41E9F2F919779DC074,Cajamarca,Nuevo,2026-06-25,3,1
4767,4765,C-04765,D55B9559A1C2132D87E53C04AECEA3A159366FE194ED671D50331CEFF9228E10,Celendín,Nuevo,2026-05-28,4,1
4768,4766,C-04766,D63C93F02F9DE58368867D6F4E51D424FCAFE5BEEFCF6436360C40170E99D60D,Baños del Inca,Nuevo,2026-01-22,8,1
4769,4767,C-04767,0481CB4BDE5CE648D5DB64483D4D149AB3657341A08BE22E3502CC7A5F65A6D4,Cajamarca,Nuevo,2025-08-18,13,1
4770,4768,C-04768,747707A98D4A1A1D05629D39E594A7B0A81F7AD50CFE50E6B2BAB311C08377F2,Cajamarca,Nuevo,2026-02-08,8,1
4771,4769,C-04769,538F5F01198451BE6C166E92CE752A193E531B52463601ED8EFD440F9DF8DB20,Cajamarca,Frecuente,2026-08-16,1,1
4772,4770,C-04770,F1EC15F5656412CBCFB66586F9D8D69E6104609C5D68D4F6F9938905C1E0B36D,Cajamarca,Nuevo,2026-06-30,3,1
4773,4771,C-04771,B0805F3F3BF7CB47DC330225B5587D4BC88D012F8A2E5EC2F6648FBF4740E98D,Celendín,Frecuente,2025-09-22,12,1
4774,4772,C-04772,08AB3CF4C5D395D054FFE6767EDBC6B8E9EE68036CC46D1805DB221272DCE404,San Juan,Frecuente,2025-08-17,13,1
4775,4773,C-04773,52F8DF1EBC032791ABE8E7D5FC03C24E90ED87F9E39DB2259EDC885DF5EF5DD2,Magdalena,Nuevo,2025-11-30,10,1
4776,4774,C-04774,68AB6E8855A54F2717776BA7CDD61C1FD16545BE71CA9E54C91DB9BE5928827E,Baños del Inca,Frecuente,2025-09-09,13,1
4777,4775,C-04775,051F268C5429A7512E720CC49F7CA94E38651FAF046B61B38B67AA6B414BD971,Cajamarca,Nuevo,2025-08-05,14,1
4778,4776,C-04776,C2786665406F50146D5C8BE65E43811346BAF64A41099BC3E81428BA14DC2292,Celendín,Nuevo,2025-09-26,12,1
4779,4777,C-04777,FC7CB4D65C3BF7CC66A379FE0F34B61EE556B8822C1AD31A961B04CBF808778D,Cajabamba,Nuevo,2025-11-13,10,1
4780,4778,C-04778,A1940138BE067735E9C85892062A3CFD652B75BD40AF69A7412E81F0C4C6E0AE,Cajamarca,Nuevo,2026-05-31,4,1
4781,4779,C-04779,A0361BB748C2D0364D1AE1C5B619814A9A794CFE873D6C0066F3D55E75BDA825,Magdalena,Nuevo,2026-01-23,8,1
4782,4780,C-04780,A9E28121C38CB2076B8265682E9AD7D020FA5AFA65D905CA2F1077DA51608190,Jesús,Nuevo,2025-10-18,11,1
4783,4781,C-04781,082D74283687F68312E3303E88D044A3D810A13EA35441583EF492086C3498C8,Cajamarca,Frecuente,2025-09-12,13,1
4784,4782,C-04782,2B15D33865253EF4AC789C60AD59B4B13F2B88EE60A4C9937FDBB3FCDC0EC7AB,Baños del Inca,Nuevo,2025-12-25,9,1
4785,4783,C-04783,4EDD5B8FFC4A8721418E289FF0D3A244C70A3126D4777FBFDDD99B6FC4E4FD34,Baños del Inca,Nuevo,2026-04-11,6,1
4786,4784,C-04784,A6EFEEFF0984DC38EF847941B78212784A2E218B8FB81821681F7EAB232C5A92,Cajamarca,Frecuente,2025-07-31,14,1
4787,4785,C-04785,FCBE812B4A1CD18FEE99754B2E6704B7DFF86122D786FD88576309A34E54A56F,Magdalena,Corporativo,2025-06-06,16,1
4788,4786,C-04786,222575E8ADB79EC0565C0DBB96E9EB4B1855A727728C770B7F50632AFC340D99,Baños del Inca,Frecuente,2025-10-19,11,1
4789,4787,C-04787,9565BEAC9BFA6E352C7F68DEC59692D2092C15A7C9670D20D283033D98CB74BE,Cajamarca,Frecuente,2026-03-18,6,1
4790,4788,C-04788,2F8CA9301BAB5E7C1E8CD85B3D38E7A11187A0E959C604C5CC76CEEDFE95A02F,Namora,Nuevo,2025-09-01,13,1
4791,4789,C-04789,115A466905672433D5C9B992696E5475BDC785DF208F588741F83072F915F81C,Cajamarca,Frecuente,2025-09-20,12,1
4792,4790,C-04790,CF9A4883295004D962ECBE49DA4B417D2FBC331333A4C1CF4217439A96A5D1BE,Cajamarca,Frecuente,2026-03-13,7,1
4793,4791,C-04791,7BE959054609D3CBDE5B943BA38A95C3C5F74062E4C862792D9123DBFE667C01,Cajamarca,Nuevo,2026-01-07,9,1
4794,4792,C-04792,2EA122A3A4ADCC9411757CF81F51083E39E1D0F1216A272D8EA5B2A3900141C3,Los Baños,Nuevo,2026-08-24,1,1
4795,4793,C-04793,7C3D2384F122619BF0F0E12247CFE30A9CAB18757BDC9880BF0CB27259D3D0CB,Cajabamba,Frecuente,2026-05-12,5,1
4796,4794,C-04794,4D391B927410082DF9704BD61D008367AFD83A8401CBF533B044E1CDCB74CB84,Baños del Inca,Frecuente,2025-10-28,11,1
4797,4795,C-04795,47220928C2C37E42ED20008B839290F1C324E4068B17D023442074928774FBD2,Baños del Inca,Nuevo,2026-03-14,7,1
4798,4796,C-04796,2F3E28A1A1A413AA19CE4A0BEB541DA9E97DF5C8DF6AD09A9C37B8984009C6EE,Cajamarca,Nuevo,2026-01-14,8,1
4799,4797,C-04797,2257874847D64D60F7D8C6E6172C44B38319D0CF11C71A67F6E9538C215F9337,Cajamarca,Frecuente,2025-08-29,13,1
4800,4798,C-04798,020F7CFDDA686B79F32139837E61ACC5AE22DBF02DD30980B94D70A6CCA363D6,Baños del Inca,Frecuente,2025-10-08,12,1
4801,4799,C-04799,DC98A2A9CE860A715DCD18A93815092035D4FBFC79DFF862C3C09B77048AD923,Los Baños,Nuevo,2026-05-08,5,1
4802,4800,C-04800,CA10671A05627946B50DA946095E9CE30C3435CCE05E2D8EF89E17E9A31FE840,Baños del Inca,Frecuente,2026-03-31,6,1
4803,4801,C-04801,,Cajamarca,Nuevo,2026-06-22,3,1
4804,4802,C-04802,CC2CF1265AFDA78C612960FE3EA4AD97446CA6999F07CA10149AF76C2EE8CAC1,Cajamarca,Nuevo,2026-08-11,2,1
4805,4803,C-04803,3572F98B474538ECDB10E1D5BA7B97307F3AA8A57766C1EECB0896A0754A18DF,Cajamarca,Nuevo,2025-07-06,15,1
4806,4804,C-04804,DED1F50C0517EBD974E809ED358591F505624796ED681D798130156EDA14EB7D,Cajamarca,Nuevo,2025-11-06,11,1
4807,4805,C-04805,48514E2F8ABBAC5EC4F5B5E9A7EE68DB72DD785B9596BF436BCAA67EDF8AFC74,Cajamarca,Frecuente,2025-12-03,10,1
4808,4806,C-04806,FF3737A6B80385FC1BDDB6FDBBC7693B17BD1DB6CFED85473DB2E73A8FD334BD,Cajamarca,Nuevo,2025-09-24,12,1
4809,4807,C-04807,F6328D72DEF2C5ECDD49DF2457A5546835289306889607440EE8FB0E13C50FD1,Cajamarca,Corporativo,2025-10-08,12,1
4810,4808,C-04808,D602307693127C5EE69520FF722446E95D3BCA886D2ED5FF30F246B6C7261547,Cajamarca,Nuevo,2026-02-13,7,1
4811,4809,C-04809,11D87C6C29C757B4C55631D8DB6E7F7E9C7CA3037D0862FB641EE3533B6BE1B6,Baños del Inca,Nuevo,2026-09-09,1,1
4812,4810,C-04810,71F49641E6D87A8AF1FF7F222AC00F8C1B320944734FA4176B064910FAEEC869,Cajamarca,Frecuente,2025-09-25,12,1
4813,4811,C-04811,79EF4BB615C55358DE65D90B7E5A5A1FBF080FAEB184D1B630F29AFCEECAE692,Cajamarca,Frecuente,2025-07-27,14,1
4814,4812,C-04812,462DC96DBD3376B8B80B23ECEA6DC9F7EABB81479154A3AB331AD9657B950316,Cajamarca,Nuevo,2026-06-22,3,1
4815,4813,C-04813,63AB5BE38AF156608A01E9D6D38C111130CAB982F71B7E7E975ABC57D5B757D7,Cajamarca,Frecuente,2025-08-28,13,1
4816,4814,C-04814,23D2E41B1AB8E9145B6F9F04B1D9E41DCD9A769EE0A0C65A6FD03F97487393F2,Cajamarca,Nuevo,2025-06-28,15,1
4817,4815,C-04815,232BA27EEEA4365B5CC337B43EED1F84C209D533652F7C9E53485D1340A5C660,Baños del Inca,Frecuente,2025-10-05,12,1
4818,4816,C-04816,6DF9D9E4BAEF18819079055819A072D8C8C725EA9D3D9B425C62A6DABC226DAE,Cajamarca,Frecuente,2025-07-08,15,1
4819,4817,C-04817,749039AE1357B3EF7CABC12CE77258218481AEE5B64EF88F39C62873FE101F31,Baños del Inca,Frecuente,2025-07-16,14,1
4820,4818,C-04818,ACEC89B4247D487E2DF22A73E42119F7D94FCEC1C1A6371962A29701ACD19E44,Cajamarca,Nuevo,2025-06-23,15,1
4821,4819,C-04819,F354A9E6EBC12BB10B2B9A52A6A07414345ACB26E770653B11620C4EF3D9E29C,Baños del Inca,Nuevo,2026-01-12,9,1
4822,4820,C-04820,B671A1BE309E99EDC2BA49DCA70C8988CEF4FB9246A8B9774929EBF0BF31216D,Cajamarca,Nuevo,2026-06-15,3,1
4823,4821,C-04821,8D83AE4D2F4C6F059EB557F3A4EE555D7C4CB1B30DF2BE10A78308288E490164,Baños del Inca,Nuevo,2025-11-14,10,1
4824,4822,C-04822,62CA3CCC995159E253A02ACC65B51BDB84F15EE5242B3C46A2A2579561293C52,Cajamarca,Nuevo,2026-01-18,8,1
4825,4823,C-04823,1F8642FD83A9CDD6DB7A8BBC8F4A196A6D56C4E7C43BB79B8C6EA884CEA2C1E2,Cajamarca,Nuevo,2026-02-21,7,1
4826,4824,C-04824,9D88C6CD7D3E4072FB8A569B8EF518D3B0CC7F1B79C92C4CA11DE41E055A3E94,Cajamarca,Corporativo,2025-09-05,13,1
4827,4825,C-04825,58ABBD5B632584BFF90FFB3C8FEB370C91E83EC0C6B450029FEF514C5E4F7375,Cajamarca,Frecuente,2025-11-16,10,1
4828,4826,C-04826,C098AE6EFE29DB8CEAAC6D72B60F2A837B639CCB096F85FACE472B3FB4C53DC5,Baños del Inca,Nuevo,2025-07-19,14,1
4829,4827,C-04827,A0DBEAD2B25AB02868A71454B602ADF8DE4E8F4F85E70FE4497603E240BEE041,Celendín,Frecuente,2025-10-19,11,1
4830,4828,C-04828,E8F24CEBEDA32BCCEBE9A8FAE915252C7E4991EE543535A93867E643694785DC,Baños del Inca,Frecuente,2026-01-11,9,1
4831,4829,C-04829,E00A9C814B4410A57764C5CDD68A80BE2E55908EAE7568A01BB7F003ECF03598,Los Baños,Frecuente,2025-11-23,10,1
4832,4830,C-04830,D2E3003097D55060EFEC2CE6D0A2233F0332F0905B8911F91EA9121EBDFC1E33,Cajamarca,Frecuente,2025-09-02,13,1
4833,4831,C-04831,CB1321C8F3DD7097815C6F61855ED45A03CD1649C13ECB8465BE890B2409E306,Llacanora,Nuevo,2025-11-11,11,1
4834,4832,C-04832,69BC91545EE3C443DC660CA0A4893280EE4D5F24E0F93733C4C7178E1FFEDE35,Cajamarca,Nuevo,2026-01-16,8,1
4835,4833,C-04833,EE2C152CC7702C8E921811DAFD21D4CF10F299E0187941C7CC243CF4B7C3A30A,Cajamarca,Nuevo,2026-08-09,2,1
4836,4834,C-04834,84D69652F55DC5E3B66679BF1A4A48FA84C179E92505E9098BB4233F9ED933A9,Cajamarca,Frecuente,2026-08-31,1,1
4837,4835,C-04835,099B52C1E9B3F2DE101423A301FA1C7D4FC962B60E01214DA84F0682165E4677,Cajabamba,Frecuente,2026-01-17,8,1
4838,4836,C-04836,AAFE93D02645E91F756FD1E29F5FDF64F70EB5C95888D38459A3A4E81F673A21,Cajamarca,Corporativo,2025-08-03,14,1
4839,4837,C-04837,CE0C09CA13011FDC41A10081CFAF3BB86B06C1423EDB871A7FDB6D3F7BB66D94,Jesús,Nuevo,2026-09-04,1,1
4840,4838,C-04838,76CC878FF6335A4CE70F63635C40200AEBEBDF4BA23BCDE381511C998182DFBE,Baños del Inca,Frecuente,2025-08-24,13,1
4841,4839,C-04839,EB772EA9101E40B2C863C8DF42D307E927F6F65DC0721BCAA19C2FA5EFB3ACF8,Los Baños,Corporativo,2025-06-21,15,1
4842,4840,C-04840,F74DDAF725B790B5494DCEFEA5A1FCD2432EAA912D0E5927F798E143AB175F13,Magdalena,Nuevo,2026-08-23,1,1
4843,4841,C-04841,E17334CCFEBF14011D3D97054A94B7DEC619456557B061D4A1D54F3548073D70,Cajamarca,Nuevo,2025-10-14,11,1
4844,4842,C-04842,3B2AB85EB7AD3491F7DCDD0B332C167BBC2745A6821D82FEC70FC5FED713B5FB,Llacanora,Corporativo,2025-10-11,12,1
4845,4843,C-04843,B582EDB710A15D8816B98BF74C4355AB5E68096B8124A0F126D4C0C4EF38B590,Cajamarca,Nuevo,2026-06-23,3,1
4846,4844,C-04844,776BFEC0BF20DB0F258A1693BAB8E316AB0A2CC89128E7F4B9DC1D07CF3EE680,Cajamarca,Nuevo,2026-03-22,6,1
4847,4845,C-04845,C00ECA0C2202D849F197674FBC716EEC59E0DC84D6B9E69E6240E1D2BD7F725D,Cajamarca,Nuevo,2026-07-02,3,1
4848,4846,C-04846,DED934786F6A7CF7A2999FC319F3ED59579C1BD815B6DFCD961A917BC511F6D2,Baños del Inca,Frecuente,2026-09-10,1,1
4849,4847,C-04847,312D5B62A538B9748EBBCF52B7EBEE1337F29238569D4BC45BE14D833954C68E,Cajamarca,Nuevo,2026-01-20,8,1
4850,4848,C-04848,9A026F78C37B240414831F4B23949F06FF2C32A16F02D2A918E364276950EE84,Cajamarca,Nuevo,2026-02-15,7,1
4851,4849,C-04849,FDEB275BF334258EB196BD1FAE4F8B6A14B852A6821F1C9EC196E757069A6DC7,Magdalena,Nuevo,2026-05-06,5,1
4852,4850,C-04850,F2AE99873765F9D195CB0B47602F60BF324EDB7ECCC0BE17710D26A04618BBB4,Baños del Inca,Nuevo,2026-04-26,5,1
4853,4851,C-04851,11E4EBC3013F8529A89C78F39A1E2FB7D021F5AC14DE9602CF3CE043F52B24A6,Cajamarca,Nuevo,2026-04-01,6,1
4854,4852,C-04852,474EF57CE1728187F13C27EC98CCFE058DDC1F255FC8223BD728E8A4BD342C2A,Cajamarca,Nuevo,2025-09-20,12,1
4855,4853,C-04853,D589A88FD5FFE95147750C791455DDF6191047D1D17488D51955DFE14AB07D96,Celendín,Frecuente,2025-11-21,10,1
4856,4854,C-04854,1DDFCD319D291B3A9E5642BC44E4CD7A8FD356B835C4886C00529C2B07EAD3DE,Cajamarca,Nuevo,2025-06-03,16,1
4857,4855,C-04855,86657521FDCCA783A2B1C7AF0FFA9ED95E5B654564F6A586DAC2E21D96769C8C,Cajamarca,Frecuente,2025-09-13,12,1
4858,4856,C-04856,1CBC30CD73C0A392265C95501999610749EBCFF11DE5D49F0F79A99E7C1A25E1,Cajamarca,Nuevo,2025-06-17,15,1
4859,4857,C-04857,1B4B132123DCEFA0C19E0ED5E4C3E77C9C02B06338B355216ABE7ED7A742B0B9,Cajamarca,Nuevo,2025-09-08,13,1
4860,4858,C-04858,961E55AD817C5B832BF5115F3E887A7A319C253DB03CB8F1E22A2FB49AEAEE40,Cajamarca,Nuevo,2026-05-11,5,1
4861,4859,C-04859,71585677D64084DA9D6B73B2B641173727420D72A1C3526FB3F523E3492DA8AD,Celendín,Nuevo,2026-07-22,2,1
4862,4860,C-04860,363A676746E1F3AB769599F6FAEA31C2DC63B1F115A626B2399FB54094D433CC,Baños del Inca,Frecuente,2025-08-22,13,1
4863,4861,C-04861,934483EEF37CD451E0DFBD03E530D7ACEAD408B0E4B38EC052B3EB9FEA4100DC,Cajamarca,Nuevo,2025-07-27,14,1
4864,4862,C-04862,6C6526B2827069B00AD81209E9A586B1DF16C0DB47FC36BDF0719BEEFBE97559,Baños del Inca,Nuevo,2026-06-19,3,1
4865,4863,C-04863,1E15B6B7D665B64AF3DEAC39535F1FE1602DA6CF31E95ED2D8B72E12FF1E4005,Cajabamba,Nuevo,2025-07-05,15,1
4866,4864,C-04864,CD4EE5CF21D2BC94E89A377168ECD179F08F662B36A4059870BB05F566F0A966,Cajamarca,Nuevo,2026-06-06,4,1
4867,4865,C-04865,3B42826049F710547327EA00EED3304B902654DF6A03206BF70339B8FD48B7EA,Los Baños,Nuevo,2026-01-03,9,1
4868,4866,C-04866,,Cajamarca,Nuevo,2025-10-03,12,1
4869,4867,C-04867,D3DB55E9B8C34E2385A1F16DE9CC54F9D0A38D4114DD8291456D85B805C22763,Cajamarca,Nuevo,2025-11-21,10,1
4870,4868,C-04868,B0A816F8DF6B1E6B6A59DE5E396B08BB19DD986FB5895A6244FC8A605A489DA8,Cajamarca,Frecuente,2026-05-30,4,1
4871,4869,C-04869,C48F56FFEA84D3DF2E992021442AEB76A8F767431E6E737A07E7579DC53A54A4,Cajamarca,Nuevo,2025-12-02,10,1
4872,4870,C-04870,F2D667CF44CD37A6532FE391635500AEF9E8C8A7F1121516A602A52F88332CCE,Cajamarca,Nuevo,2025-08-15,13,1
4873,4871,C-04871,B401741623B9830732BC7F1150ECF9C31AC8A58508B73627C7DC990E7775716D,Cajamarca,Frecuente,2026-03-05,7,1
4874,4872,C-04872,6F7CB403F7B3736E1C1215B31FB11593E3CDE9EBFAE2042A73A95F55E2772497,Cajamarca,Nuevo,2026-05-25,4,1
4875,4873,C-04873,0B5EE75DE5CE7E9C8569B021A9BCE6109D491FFB745336E274E1CE111C557F7D,Baños del Inca,Nuevo,2025-10-06,12,1
4876,4874,C-04874,761DFF155852E0E6DE830170345FCFC6709F81C41858ACEA312F749F73103A94,Celendín,Nuevo,2025-08-15,13,1
4877,4875,C-04875,FB01054963CF839828698F17D22131445C04136A3C7CD408B3FCD28054F56573,Cajamarca,Frecuente,2025-10-24,11,1
4878,4876,C-04876,269F9B7C7071E1C62B176B22B728114B45F2DC9B11EF4FB0CA6F590782A56F5E,Baños del Inca,Nuevo,2025-10-25,11,1
4879,4877,C-04877,8181B2B8CDDCA77E34FAA4FDAC11453385ED1C631D1BC541CB676C2601F63C69,Baños del Inca,Frecuente,2025-06-26,15,1
4880,4878,C-04878,9BE64BC7657020C08ECF42A685F66A5F3832173BFBED95549146CD83940E45C2,Cajamarca,Nuevo,2026-08-16,1,1
4881,4879,C-04879,D9BEBD5E089A8EF4D5F4BE401660228D3D799A83EB07410388B30E2D8A871E32,Cajamarca,Frecuente,2026-01-25,8,1
4882,4880,C-04880,E6375D07D3A40DC650DCE4905D14F3EBBF3BB624A6B410356D472FEC28CED2C7,Cajamarca,Nuevo,2026-08-20,1,1
4883,4881,C-04881,158586A8ACB213DF907A2F377B0B4B64E6E8B2D711DBC2DCBBDFC4AFDA6A0337,Cajamarca,Frecuente,2025-12-24,9,1
4884,4882,C-04882,6EB84381131013DE4DAE7EDE96C43FC46EBF3FB0367C37EBF285676DE114EB72,Cajamarca,Nuevo,2025-06-08,16,1
4885,4883,C-04883,66A6C12E3C6B150C69731F4C843B933280725CE85BC33912A015A3838B6B4323,Cajamarca,Frecuente,2025-09-29,12,1
4886,4884,C-04884,78E6AB01617138C9481D823F9F53C9435319CEA92B6EBFF51BBB37E1F1EF7948,Cajamarca,Nuevo,2025-10-17,11,1
4887,4885,C-04885,32A26AC164B3665BD4ACF96D6613B687B21F0C2FCAAED6FC169706CE624CD162,Cajamarca,Frecuente,2025-09-24,12,1
4888,4886,C-04886,045CB70500B33F5F306A7DBE56DAB36C7B13F90659FCF8539A1BF9CC269B8298,Jesús,Frecuente,2026-03-23,6,1
4889,4887,C-04887,7E109C3F1274E15EF3A9D5B5B9BA53BA0C79C602C4956B8ECF4F46D95A1D98A6,Baños del Inca,Nuevo,2026-07-01,3,1
4890,4888,C-04888,E42D3B8ADC2379EB9B54890081304E23C4B48D5DE806F1B9BF6D1F403F3D123F,Los Baños,Frecuente,2025-09-03,13,1
4891,4889,C-04889,B4FCE2DEF93F2C49D66D3887317211AEF38B064704D9B103DE519816B6C17209,Cajamarca,Frecuente,2026-05-15,4,1
4892,4890,C-04890,03CE3552E65217C1C0314E8DD2B087504629024895FD7D284615B701275A0D00,Cajamarca,Frecuente,2026-01-23,8,1
4893,4891,C-04891,8F72360FB3E34D8079B42367DD0CC4C4F18D9388C072F3A13A30830BE3EE824C,Cajamarca,Nuevo,2026-09-06,1,1
4894,4892,C-04892,E7080BA61527D1562D49F6241948CEEF63E162A3481BE5FFE10F2E24FA0D18DF,Cajamarca,Nuevo,2026-01-14,8,1
4895,4893,C-04893,,Cajamarca,Frecuente,2026-03-27,6,1
4896,4894,C-04894,3777CC26A9FD29B99AFCA7EC034A3EACF3B33FADFC25BF3B49A1488FFCA9BB8E,Cajamarca,Frecuente,2025-10-29,11,1
4897,4895,C-04895,F49E6B10463974CFDE15F48083BA77115E982148F67C4AB9DB2491AC2C65BAB3,Jesús,Nuevo,2025-07-27,14,1
4898,4896,C-04896,5AFEED225566EF8FACA93A8B3E87A87325FB56E41DF86D7CD3FDBC771CD6E33A,Cajamarca,Corporativo,2026-03-01,7,1
4899,4897,C-04897,4587A0FEFA835C5E6376E48C6C23643620424CD7BDEF1286EEB9F811E8DE47D1,Cajamarca,Frecuente,2026-07-13,3,1
4900,4898,C-04898,A44D58B503FF454565F03C2759BFCBCEE6F2BF037DE9D3530349B4425D2EC84F,Cajamarca,Frecuente,2025-07-14,15,1
4901,4899,C-04899,7F66CB9826B17F1DA1C578CF07635575D239D36F55B93840BD9A5CD75D388F73,Cajamarca,Corporativo,2025-08-25,13,1
4902,4900,C-04900,01113A4A2F707FA8681A3E8F9591D8EDD36152127988F86254CC7D78044113C3,Baños del Inca,Frecuente,2026-01-19,8,1
4903,4901,C-04901,9C56273448479189DFD7602FEFB87A8616A17FF99CF3910E20D6D075BABCCCB4,Cajamarca,Nuevo,2026-09-04,1,1
4904,4902,C-04902,887BA7F01B9B22BF528B164BCA55921A597E334E29FD4FFC3CB929493C63BABC,San Juan,Frecuente,2025-07-05,15,1
4905,4903,C-04903,97C882C700581EA7E49429267A10E50FC7DC3121BFB56769F1253E005F23D840,Cajamarca,Corporativo,2026-05-31,4,1
4906,4904,C-04904,93A07D8EB853573DE41B58E96D9A7A45BF78B08DBBECC7D77D69380EE1AFD28E,Cajamarca,Frecuente,2026-04-04,6,1
4907,4905,C-04905,23EEA8D5C16689A12A2B3564D8E3D934147705EAB364901369F1EBB9F6949DF1,Cajamarca,Frecuente,2026-01-21,8,1
4908,4906,C-04906,9EBAE2745542105292A09E51D43BA7BC0AC906F4777422B109E23C1FB8DA1570,Cajamarca,Frecuente,2025-09-09,13,1
4909,4907,C-04907,620C1C381B20A7BD5C7328AD2A6EE63E1B7A32EB479F7029288C83404A7E44F6,Baños del Inca,Nuevo,2025-06-23,15,1
4910,4908,C-04908,3ACDCCCCE08CDBD65BE4284F2FD4164B3ADAF699EF8580345F0F9EC4930752B9,Baños del Inca,Frecuente,2025-09-18,12,1
4911,4909,C-04909,AE04041EADA2590083D97719872956E98B679210E6280DA87F69DDEE0DBF77BD,Cajamarca,Nuevo,2025-09-25,12,1
4912,4910,C-04910,D8B50A5F0D74B04F99EC6D43D31C25D096294944E25954FF31884F77961448BE,Jesús,Nuevo,2026-04-24,5,1
4913,4911,C-04911,47F2D3590188428BF8C164238B6D8E97587F977E1CB7B0C06E33D9C7630ED147,Magdalena,Corporativo,2026-08-03,2,1
4914,4912,C-04912,773EAB37CDEF6CA1BF548912F1EF2BDECB14A76CD213E889A2EBE98FC8C9640C,Cajamarca,Frecuente,2026-05-22,4,1
4915,4913,C-04913,74264D0B09BD052BC5153275835F908D090007CA72FACF27545852A668F3BB8C,Cajamarca,Nuevo,2026-02-25,7,1
4916,4914,C-04914,DA7CDB02A54D8CB3AE3ADA1929E3A9E4D42B8326DFED8A45F459962D78CF4B87,Cajamarca,Frecuente,2025-06-30,15,1
4917,4915,C-04915,3B2DAC486D6BCD4CDBB1B74F2BCFC3B16CC330B985822AEBA29074A12DA3522A,Magdalena,Frecuente,2026-05-05,5,1
4918,4916,C-04916,2EB6595E03B56B56FFF0B224BBF2F42400BC0AA807CB18F5AA47F032E3B2EE24,Cajamarca,Frecuente,2026-05-27,4,1
4919,4917,C-04917,E9EA26129D5B772AB93E66ED72C4B7AF481BBFDCC1BF78DE2F83D65F3100E9A8,Cajamarca,Nuevo,2026-05-07,5,1
4920,4918,C-04918,29B7B93DB4ED009737A8A2570EC094F9A73894522B8CD4729710A254E6191FF3,Cajabamba,Frecuente,2026-06-22,3,1
4921,4919,C-04919,BB68DDC585FA68150761001A33495F95BC1B5B3B2F762368232DCAB1DB9ECB33,Cajamarca,Nuevo,2025-11-20,10,1
4922,4920,C-04920,2BD6C9E204EB94F0800C1C91849EB99DFABFAA570C2A283255AE1F7454AA139B,Cajamarca,Nuevo,2026-08-16,1,1
4923,4921,C-04921,159ED5E61DB49BC68A91439BD2FB117C479315A6F83C78A7F1F900334BB6BF3E,Baños del Inca,Nuevo,2025-10-02,12,1
4924,4922,C-04922,4775378615EBA63A83DBFB6A86B94E2C3740CB483EBF7798655C85F8F9F9E510,Baños del Inca,Nuevo,2026-01-27,8,1
4925,4923,C-04923,8060290DA2F80FB30A50C60ACCC3D1A153AC3CB0FAF51A613CE07703BFBDE209,Baños del Inca,Nuevo,2026-02-21,7,1
4926,4924,C-04924,585C48DA8471D0D9A8CCA251EED61035A404D57CCC3FB4549CFB76C2E3C46334,Baños del Inca,Frecuente,2026-02-02,8,1
4927,4925,C-04925,FA0EA0FB8061ACDB290F6E4EA4987330DFB3992F1D8CCC7751F35B0DC7AAB8AA,Llacanora,Nuevo,2025-11-16,10,1
4928,4926,C-04926,66FD70D712DB339609C76F27932797BC022FB3BF79BB7E7D8786B42DB95796F6,Baños del Inca,Nuevo,2026-04-09,6,1
4929,4927,C-04927,A73D5623964A79C9B944CFF9F9B838E33DDC5F75F7F0B689B685E2CCD5811965,Cajamarca,Frecuente,2026-04-25,5,1
4930,4928,C-04928,2D99F0F0A9659FCF73E79506177E9A6DC942A18868792ADC2D6348B84497E16F,Namora,Nuevo,2026-01-07,9,1
4931,4929,C-04929,00F82E76376E8502597C5CBD5EDABF8ABF4D52E6AC05890964ED7C69297F48F9,Cajamarca,Nuevo,2026-03-31,6,1
4932,4930,C-04930,944567411ACF0301934B86CC33E801B2F8D5C14507E240D4732F0129F9426EA5,Cajamarca,Nuevo,2026-06-06,4,1
4933,4931,C-04931,49F287BEF98BCCF91F26519F6EA39F73288554F9376A42C306D96EE181391519,Celendín,Nuevo,2025-07-29,14,1
4934,4932,C-04932,5E044A552A1BE60EAEB70F15911FFB91AFC7130148457A062EEC603C7E3C5ED6,Cajamarca,Nuevo,2025-10-29,11,1
4935,4933,C-04933,02724E01C36A815416F70D146BE066318E6C85327C51DD3FE0937D08AC28CB1B,Cajamarca,Nuevo,2025-06-11,16,1
4936,4934,C-04934,0F6C311354BE998FBFE0268911325FF22CC98D9C88958C4D6A273CC9D827A9AA,Cajamarca,Frecuente,2025-07-26,14,1
4937,4935,C-04935,F1438A8392A13116A2252A71739227E0377370560A0E409EE3D499D5E8557D35,Baños del Inca,Frecuente,2025-06-07,16,1
4938,4936,C-04936,8023F27424E869F3D99CD0D76AF4BE620F515AAB6E3C3126B1C7E27B69826F49,Cajabamba,Nuevo,2025-09-16,12,1
4939,4937,C-04937,FCB9A4EE91AD2D1D1E631F8A409D5490B3401CEFE4EDB4A27C0E0AB717C26381,Cajamarca,Nuevo,2025-11-06,11,1
4940,4938,C-04938,CC18837334BDEDE2A3CF6FD0A1AEC88FB6F302A973F6FC4AD68D695228F30D8C,Jesús,Corporativo,2026-01-04,9,1
4941,4939,C-04939,F66F9BF9522AF65387B52B9C30F45E95259F289843AD0F79A1900B3C0F5C727E,Cajamarca,Nuevo,2025-06-16,15,1
4942,4940,C-04940,7E178BBF8171412CCB33C5AB3FCE4B0149141E9BF4E70F27F79452B61CAD4079,San Juan,Frecuente,2025-06-10,16,1
4943,4941,C-04941,9A0EDDD578265CAB61328A825566CF5AF0F3BE8303504991EF951120D4B5070C,San Juan,Nuevo,2026-06-20,3,1
4944,4942,C-04942,F52C9069781B8691C917EC87C655B46A5EC3BBFFE4B72D0D6F6B759FC83F7EA2,Baños del Inca,Frecuente,2025-11-23,10,1
4945,4943,C-04943,7CB47B7B884A8F324ACD33DBE83CC8A009FB44F3D048BBA48745CAB3640E30E3,Cajamarca,Nuevo,2025-12-25,9,1
4946,4944,C-04944,AE1231149D41AFB8DE5FBDFC8ADB45C7CCB61C533ED4BC9C7284219C5A12846E,Magdalena,Frecuente,2025-09-12,13,1
4947,4945,C-04945,065FA0EF1EC0542779B7B7001ECA726F1DBC3B5BFE31890A61FF2EAF7E561E57,Cajamarca,Nuevo,2025-12-30,9,1
4948,4946,C-04946,21BCCF18B153D4C1295746CCE44C3B9B9A5F893768F28D47EA7F64767EF16C90,Cajamarca,Nuevo,2025-12-11,10,1
4949,4947,C-04947,A94CF926D099BB542A0DEEAE6A790B7069CD975442590271CDA829DD642695C0,Cajamarca,Nuevo,2026-03-20,6,1
4950,4948,C-04948,491FBF9A7563EF7C38D66C4C61E7A97CCC2E1CCE2E2068B84F5CC9D0B583A1AC,Cajamarca,Frecuente,2026-07-17,2,1
4951,4949,C-04949,1F4E55ED8BBC9330A8B4A60A460B2F1DC56FBF9A77F6B407403406308C22DD2E,Cajamarca,Frecuente,2025-12-06,10,1
4952,4950,C-04950,2E6239E18E3384039D3B677AC4B9E7AA449F5871B06EF1DEE0738D37283A72D5,Cajamarca,Frecuente,2026-03-15,6,1
4953,4951,C-04951,593DE61F2BB7A55032176AFFD18F11B6E7F0387B261CDAA74480F849BDB6027C,Cajamarca,Frecuente,2025-10-23,11,1
4954,4952,C-04952,0A45FD8EA2EC4258A197DA19AAB2E6BC295F81CFFE3FE0CA376E84716CE8F57F,Celendín,Nuevo,2025-11-22,10,1
4955,4953,C-04953,7B162256E9FD1F897929E43CEA59E5CB9A73CC46D56ED85756CF6AFE48E328E1,Cajamarca,Nuevo,2026-03-23,6,1
4956,4954,C-04954,D66AABC13E404032EBC86AC174AEC66C1DD36848194DCDD66ACB0EA24D831A64,Cajamarca,Nuevo,2026-06-14,3,1
4957,4955,C-04955,82168241B02C7DEF56CB9C00FB0AFB1A9398719D61C6E36ECE673DEC4E44CD6E,Jesús,Frecuente,2025-07-28,14,1
4958,4956,C-04956,B414F4545EFDE267EE92F0455F326C653438050CE8D2695190F9349274F86D43,Cajamarca,Nuevo,2026-04-16,5,1
4959,4957,C-04957,2550170EF3C848ACAF036252F1AD361843F80271DD05E1DA6E06394EDD1789DF,Cajamarca,Nuevo,2026-07-19,2,1
4960,4958,C-04958,90352B6D0A47B724CAB4470D2DD12169370F35CDF1268108834591256ADD01D4,Llacanora,Nuevo,2025-09-08,13,1
4961,4959,C-04959,D961CB58A4BCC98B220C770E938A8FD11D8A83AE7AB5454B618A51050A4D2B17,Cajamarca,Frecuente,2025-12-13,10,1
4962,4960,C-04960,E4EE1F18B9B96B46868B57BBA682ED83B0C583278263F671E8ABA0325E3BE15B,Cajamarca,Frecuente,2026-05-04,5,1
4963,4961,C-04961,3B459368F5CA4CBFB2F709E08639CE96AFA7377D54C3307BC0C8A22583C38742,Cajamarca,Nuevo,2026-03-17,6,1
4964,4962,C-04962,3E0C93E1135DA123BD544FD4E79D38BCA36C8AC5F369BE264F1007B5B10462D9,Los Baños,Nuevo,2026-07-26,2,1
4965,4963,C-04963,AF99E05A8EB475D74C046CD90860F0747A6B608C48671A07C108A1E89B55EDE0,Cajamarca,Nuevo,2026-08-28,1,1
4966,4964,C-04964,09792F3F9A6F3C7C1B1A435B4C423CD202DF77E0E7248E96CDB8434A500DBF35,Cajamarca,Nuevo,2026-04-14,5,1
4967,4965,C-04965,BB9860C05BF541A84B608B7028435CF92C8D7481F88144F22CF85CE7706C6A5B,Cajamarca,Frecuente,2025-07-20,14,1
4968,4966,C-04966,CA7386523D00E1AC88E3AB42EE31499F210B3F3F7200343FF2D9A3B1A319CC82,Los Baños,Nuevo,2026-01-01,9,1
4969,4967,C-04967,443C2FB6B9118E0BB97B7966394BFBBDDC013EBD95E38CDDAA4C306539282FBB,Cajabamba,Nuevo,2026-03-01,7,1
4970,4968,C-04968,81E380B0C1967109B14971D250BE992055307816642ADA6ECD89D3C078F9552C,Cajabamba,Nuevo,2026-07-31,2,1
4971,4969,C-04969,DB5DCDD6318CE75121AFD72C3E7EF6EBF36C67C8179DAEB6821F4D3FB2DE5631,Cajamarca,Frecuente,2025-07-07,15,1
4972,4970,C-04970,E35A43805F4BD71B85332E21BF961D338B4ADC5D6E313649240CCD9163D6C733,Cajamarca,Frecuente,2026-07-30,2,1
4973,4971,C-04971,A256E95139BA6411543211E40A7FDD87F4D882812B4F620D2B3E528B06427263,Cajamarca,Nuevo,2025-12-15,9,1
4974,4972,C-04972,82387597ECA580250510E50A14FB3BB34C1553158E47C895AB01FC5394010FF8,Baños del Inca,Frecuente,2025-12-31,9,1
4975,4973,C-04973,162D307A5BDFA174BD12F2BB14F28E3224F27AE13E2E2FA1DBC4B3A807879015,Cajamarca,Nuevo,2026-06-02,4,1
4976,4974,C-04974,EFFB42B59184A80421CCCB998D482017F52133315FEEEB033A545466069AD5D8,Baños del Inca,Nuevo,2025-08-31,13,1
4977,4975,C-04975,69E79C413E1C11689C4A58D2E336D7E9839F14D663B20C844168440742E58FDC,Cajamarca,Nuevo,2025-11-24,10,1
4978,4976,C-04976,B48CFD2D702BE3FAA0008078695A5B5FE32335D54162D487D0CB981F1D6F5148,Cajamarca,Nuevo,2026-01-06,9,1
4979,4977,C-04977,98A6DCD439EEBD97C39FBBEBBDF46AE0DF8F38B5F32B8B41A47FD43A440290A6,Cajamarca,Frecuente,2026-06-08,4,1
4980,4978,C-04978,F48E02C0941C7BDCF9317D3AAB9F585C0B45087319B4C7D5F1696A2A1F963FCD,San Juan,Corporativo,2026-01-29,8,1
4981,4979,C-04979,1DC314B1A78AFB3A6E4634E84F945FEFAD2D491352E5D81518E6CB70463F3AC6,Celendín,Nuevo,2026-08-18,1,1
4982,4980,C-04980,BCF672F051E85E641CCB64328E44A3393A99B1FD9BE8F9B9AAE0B647FEBC9E15,Cajamarca,Nuevo,2026-05-01,5,1
4983,4981,C-04981,62CF54D12AC6122EB4843FD9A918DF29E05B546003D68DFF68E9B3DAC41EE4EA,Cajamarca,Nuevo,2025-12-18,9,1
4984,4982,C-04982,86D83BA66AA19D44F626BAED924B44BE6905EEA8FA75073EE6C1E21777D379CA,Baños del Inca,Nuevo,2025-11-02,11,1
4985,4983,C-04983,7C880876D0C50CE0526F04BACD4241E0E638A9B1F44D2BFA5CE7015ADEE34A57,Cajamarca,Frecuente,2025-07-22,14,1
4986,4984,C-04984,AE41F681ED98CCE2A3B321D3C40C46755669E8030048D4D908DC2B2D921EFFFD,Cajamarca,Nuevo,2026-08-21,1,1
4987,4985,C-04985,3C31F5B6559F161F26DFC46E8EA31BBEECF81DB6BCDBAE9B9CE57FA6C0E5522B,Baños del Inca,Nuevo,2025-06-09,16,1
4988,4986,C-04986,4B306BB0C6F908C748B7BC5A6AE4701149AEE9DE96DCF95199DE7F7EC5B58805,Jesús,Frecuente,2025-12-15,9,1
4989,4987,C-04987,B0C714D7419D0C1A7BF1259DF97036BAD0F264CE7F823C9EBA8B03A33F211CEE,Cajamarca,Nuevo,2025-12-03,10,1
4990,4988,C-04988,80D937CEEEBA2AC2B44EF8A2505A405B590122599F3E83EC0893526014C8A9D1,Cajamarca,Frecuente,2025-08-21,13,1
4991,4989,C-04989,18CCF32EB2CA3D50D47A1013954B9A24A55C9281C5F8CA3A9AEBF63C8D24E74B,Cajamarca,Nuevo,2025-07-24,14,1
4992,4990,C-04990,7C48163D19091967C67EDBF16F333D5399C6E8C5B0DF492BD26AD7419D74FDB5,Magdalena,Nuevo,2025-10-24,11,1
4993,4991,C-04991,D7E4E77D715AC3BFC69EBA44F7F07795324197A59F15E624C318FF1657CAF42F,Cajamarca,Nuevo,2026-04-10,6,1
4994,4992,C-04992,DDF6C40E02F3C64D5DB6B95ACF2BCA624EF757FCD0D7D4BA41D035416AD8C8BC,Cajamarca,Nuevo,2025-09-18,12,1
4995,4993,C-04993,CCEC369338675AF3AFF49671F67E51ED5B579AF8DB23D7200A23F6369CDFBB11,Cajamarca,Nuevo,2026-04-28,5,1
4996,4994,C-04994,53D61EAD14DE6426F23E5BDDD2AF885A80E7BE0AB1CAD6DEBC63A81010574654,Cajamarca,Nuevo,2026-02-28,7,1
4997,4995,C-04995,0A036C75AB16AB79C9C7D7A7099568368190C7E7984A5106CC539386B7626BB6,Cajabamba,Frecuente,2026-01-18,8,1
4998,4996,C-04996,772FD987B7D4DBA2DD80D6155D5C3DB80220CA302A8E422E5A0AA4E750173205,Cajamarca,Corporativo,2025-10-19,11,1
4999,4997,C-04997,9E4AFA760B6B9DE160EEF97BE74C6D7B2AE37036407C9BB93F034C682DE7F45D,Cajamarca,Nuevo,2025-10-10,12,1
5000,4998,C-04998,D767753BFDBA6AE7707E47770E20A186FE43C3EBD5DBDEE3071757074048C364,Cajamarca,Frecuente,2026-03-19,6,1
5001,4999,C-04999,C3D6E778934C7A90AE7EC530DA13BC74AF60FF59A9B844BDAC87EEC8DA7BBAC5,Baños del Inca,Nuevo,2026-06-13,4,1
5002,5000,C-05000,55FCD8A11612EE1822AE480E5CF5070774E16AD56011224DBAB0542F766A46CC,Cajamarca,Nuevo,2025-06-15,15,1
5003,5001,C-05001,B43D00F156E6C77D4FFCEE310A7B5A52841A6DE0D3646D8E2AEF76D348646801,Namora,Frecuente,2026-05-27,4,1
5004,5002,C-05002,17EB1D289F5C40AAB32EFE63271657BCDCF866830DEE5730289C028521E48CF7,Cajamarca,Nuevo,2026-08-18,1,1
5005,5003,C-05003,1A5A9492491EC756A12F8D2C7796D22A2C45EA130195815C417A2371572C4D99,Baños del Inca,Nuevo,2026-08-12,2,1
5006,5004,C-05004,A1792E551C0BEDDD1E0FAAC2FE7F7AC71FEEE67F97F2681D232E0467FE45E0C5,Baños del Inca,Frecuente,2025-11-14,10,1
5007,5005,C-05005,9EB5F253490004DE2DF73831CC20EB4860076091D5554A1E6788C2D480382B08,San Juan,Corporativo,2025-10-24,11,1
5008,5006,C-05006,6559F7D44E1D9C386A43F0359D3D24F89C1D454D1B9640E53AD4EB0E0737ED53,Celendín,Nuevo,2025-11-14,10,1
5009,5007,C-05007,671854560E6E7DA2AD0BF3ED20B6A82EE66BE3DE5D32782A76AF06057DD5D8C7,Cajamarca,Corporativo,2025-11-02,11,1
5010,5008,C-05008,73DD40917BC974B53C0AC58ABF3605CB31C7DCF2668368ECFDB52149D6D49D38,Baños del Inca,Frecuente,2025-09-09,13,1
5011,5009,C-05009,EC26CAAE47A0991DD1EB134986BE59EC1EC7E72CACC552110019A6C5510B9D80,Cajamarca,Nuevo,2025-11-05,11,1
5012,5010,C-05010,71F56735516BD0E4CF955282FF554000A61D85CF0A6782FFCBC0E418F941FDCA,Llacanora,Frecuente,2026-08-29,1,1
5013,5011,C-05011,1D8272BB835A16EB5D8EA5A932AAA11CBE6E9A1F8032B0537B81801ABA29B75E,Cajamarca,Nuevo,2026-03-15,6,1
5014,5012,C-05012,3DBAD580568A480697DBE34E9FB8BFA25E32D7D96599A20A6800990BABDC1598,Cajamarca,Nuevo,2025-07-21,14,1
5015,5013,C-05013,B8065D497DF78CAD5A232ECED3E27904CB19C7A2159CC82D33D060C1E1D61DA2,Los Baños,Frecuente,2025-12-19,9,1
5016,5014,C-05014,77D205E59457771BCB4627727EE24E383CBDCBD9DF884096EB26DC77819EB305,Baños del Inca,Nuevo,2026-04-16,5,1
5017,5015,C-05015,504611D8072EE036571A58F59C0356C3662526A8E8E26148C4AF151324542319,Cajamarca,Nuevo,2025-07-01,15,1
5018,5016,C-05016,CB2B189A3877A7D24DF352F33AA87497CFC637F6FE095DF6E8B6BB6F62B07A2F,Cajamarca,Nuevo,2025-08-21,13,1
5019,5017,C-05017,1FE09E3070EBC63CE9BDD7E8CF3E4710E8A9CA4C059B88E7D2103FF288781A56,Jesús,Nuevo,2025-11-08,11,1
5020,5018,C-05018,5DF67C21FF2CE603DC805C3F2273041FB6AA22AA1AF574621C33E2B3DA516AB9,Cajamarca,Corporativo,2025-12-22,9,1
5021,5019,C-05019,35B8CD6617D7277222261A6725DA478ACB0E95B209DCEDC9C9210FE389E60D3C,Cajamarca,Nuevo,2026-08-02,2,1
5022,5020,C-05020,F11D9FAE2A35CED42AB87A51BA764DE05C286991563304F060AD8DF3520BEA22,Cajamarca,Frecuente,2026-04-13,6,1
5023,5021,C-05021,71E53CC634E2D9DD89ACA3B14CD406C8E6F816A8044A6C23BA2CC12D04EA6FB5,Cajabamba,Nuevo,2025-09-06,13,1
5024,5022,C-05022,E27C8819607D3C9688F22BAC9E8CD5DD9AA6456AE54A0A4EDFD3858FD73A1864,Cajamarca,Nuevo,2026-09-11,1,1
5025,5023,C-05023,6F2C128FE8721327673428624077026562FE4D80BF364AB9552223CA65C0B40C,Cajamarca,Nuevo,2026-04-24,5,1
5026,5024,C-05024,0262F87F0B96D821375B5996F1DE4B32F6458E27E965326967BBB5BE8685B0F1,Los Baños,Nuevo,2025-11-11,11,1
5027,5025,C-05025,9F70B932C0C4F7F5EC1E4BB87C264201CE59B2D7ECFB51967622A356A92994BE,Celendín,Nuevo,2025-09-19,12,1
5028,5026,C-05026,DAEEC4B3B949B8A03B7DB4090CB75D8DEE88CE85C9E80ADAFBC958CC009E59E0,Baños del Inca,Nuevo,2025-09-09,13,1
5029,5027,C-05027,F070517E38371411A1FB5733D1E0D635DFB9DEB137A1FB3B212ABAD779C8B7E9,Magdalena,Corporativo,2026-06-17,3,1
5030,5028,C-05028,81B89EA092A1A218727851EEE1E35BCAA611FD3BDE54EFA877BAE6FDACCC1E8C,Los Baños,Nuevo,2025-07-11,15,1
5031,5029,C-05029,226289B86DAD42B549AC5F6E34EA8DE6263C93685C447EECF12F7852E57FF52E,Magdalena,Nuevo,2025-11-26,10,1
5032,5030,C-05030,02750FD68283935795B93A42DF2040E912D17AB50ABC8C55C4D3A4C13F5A147A,Magdalena,Nuevo,2025-12-31,9,1
5033,5031,C-05031,2BA144D0AE6CC7706C71F1640A72E0DC7853876C952C6F3FD44FC43EE15A8AEE,Cajamarca,Nuevo,2026-07-23,2,1
5034,5032,C-05032,A10143BE25F6A1CD03F4AA1BD7913C5E3DF9AB60E44229C77FD873A6985A09F6,Cajamarca,Frecuente,2025-12-11,10,1
5035,5033,C-05033,C8233492DB8594256E6AC4F0B22E26A7D6012065089FA60299D0DA5A8FD4B6E0,Baños del Inca,Nuevo,2026-09-09,1,1
5036,5034,C-05034,D0742581B8600F84D963CA809AA3C0F28016AF6AF08246B6134DDEE4532BBF50,Cajamarca,Nuevo,2025-07-14,15,1
5037,5035,C-05035,D6096100A5A823BADB1BD115D83D47EE835C40AB3235F26D74B2B11630A40A05,Cajamarca,Frecuente,2026-05-28,4,1
5038,5036,C-05036,4EA9271183CB7F39AEF117CD6D0F674C1A003EEDE16808BCDE01CFCB24C34376,Cajabamba,Nuevo,2026-08-28,1,1
5039,5037,C-05037,F5CEAAB2279BD3C38925B0B8243A7B9606848282F7184A212CA234551AC8EFC4,Baños del Inca,Frecuente,2026-03-15,6,1
5040,5038,C-05038,C69BAFF446FA8FEA42E635675141FD8C4469162D3AC1597EBAD0BECD4387D541,Celendín,Nuevo,2026-01-16,8,1
5041,5039,C-05039,7D1D61A4D31C384940F32BE1C23BE1826D6F3F1D780441DE1101F2A7530CF133,Cajamarca,Corporativo,2025-09-09,13,1
5042,5040,C-05040,0BBA9139EC62EB4506F477BEDC2CCE27F8AFFF4BAFD28E38B97AE7CEAF8108B0,Cajamarca,Frecuente,2025-08-21,13,1
5043,5041,C-05041,B36ABF187376DE60179082A15415FF2ADB02575273963EF04CF1FB0AAED85AC8,Cajamarca,Frecuente,2026-07-22,2,1
5044,5042,C-05042,67D26595E723C274A885BB87F688C84C98A96A0F377A7FBB5AB53F8AA81B614A,Cajamarca,Nuevo,2026-07-25,2,1
5045,5043,C-05043,1001A6B2558DE03A4C409C155F84780B2121AF97416BE079175D8FE6C44F173D,Cajamarca,Nuevo,2026-05-05,5,1
5046,5044,C-05044,32682933D60E7DAC84EBA7CE67B9754AE71C7684BA1FE837B4E3A3F08E0546E4,Baños del Inca,Nuevo,2026-01-31,8,1
5047,5045,C-05045,D7BCA0E9F6FEB5803BAF0F0987CEB1E4D32C16D47E44547A3F9D7E437A1DB732,Cajabamba,Nuevo,2026-07-23,2,1
5048,5046,C-05046,3FF8BFF19FD67A799F612843ADD8C0BA039410FEB8E7171E468B2FD681D815D8,Cajamarca,Nuevo,2026-02-19,7,1
5049,5047,C-05047,1DCB409DF8A2828C8ED6358532A0BF4590EF8C837BA53382CFDD450C68EBEE3C,San Juan,Nuevo,2026-07-12,3,1
5050,5048,C-05048,EC0388F725113D1E1137EAB16AA73F0307524585F0117139814E9E395DB8E41E,Jesús,Nuevo,2026-06-06,4,1
5051,5049,C-05049,28F13C732BCBB7CD415E477D26FDB3CC68957DB80096222385F6EF4BDE267EE0,Namora,Nuevo,2025-06-25,15,1
5052,5050,C-05050,5E9C22712E18E6903408098CA35538A1FE946CE3577045B4109A32B551CD1024,Cajamarca,Frecuente,2026-04-01,6,1
5053,5051,C-05051,985566369E9810809BE61CF0E383D83D36CE671122BCDCBE1FE86DB7C231DB9D,San Juan,Nuevo,2026-03-25,6,1
5054,5052,C-05052,F8123C353D9F074CCACA87BA4102D55B064D6FFD7112F5FB261A98010A50C645,Cajamarca,Nuevo,2025-06-06,16,1
5055,5053,C-05053,B48A1BC1D6E9CF17677F890C4F614F298C5F81B654424E266B6B52614C58CA2E,Cajamarca,Nuevo,2026-08-18,1,1
5056,5054,C-05054,0B904861E014A80A95BC6AA75250124CD367393A5886B17E5C1223AD2F5C9988,Cajamarca,Nuevo,2026-03-29,6,1
5057,5055,C-05055,91DC09BE233AB6DA2D570BF32A148605AD4DC43A1F36843C60A3812617193F2A,Cajabamba,Frecuente,2026-01-13,8,1
5058,5056,C-05056,16100A91EC69BFCAF743BB3EF78511A7D985A617AEF80A98BF94BADD50426096,Cajamarca,Nuevo,2026-08-16,1,1
5059,5057,C-05057,FEAFE27A0CB49474785496B6E38AF7FB8B505208F32448273D8B82015CCC686E,Cajamarca,Nuevo,2026-06-24,3,1
5060,5058,C-05058,8F05A01BC4029BED8F2E9E0233C39DF53EBA8BC8B5C69A7E78BC805F5E9AC6A2,Cajamarca,Frecuente,2025-06-30,15,1
5061,5059,C-05059,F7A8D91A2C9F5511708376B7AB3E6E90D5271018D52EC971E54F133C411E31BF,Cajabamba,Frecuente,2025-12-07,10,1
5062,5060,C-05060,C076F67F2E389F60E4E13B00A48506A9589CD373737DFBD5E7151F9A3E980D24,Cajamarca,Nuevo,2026-05-23,4,1
5063,5061,C-05061,D98138D2E8D08CCF63E6F1D5F62CC15A6E2313F773EB1DB7C0861DED3D0506FF,Los Baños,Nuevo,2026-07-11,3,1
5064,5062,C-05062,1A7EC264204B1E8BAEB9E263887D35DF11113E8EDCC5D70D863C1E2317C07DB8,Cajamarca,Nuevo,2025-07-01,15,1
5065,5063,C-05063,0E2578B1305E45D9DE585F6675674F59F6E758C25E338EC9E85DB5ABCAB082AE,Celendín,Frecuente,2026-05-19,4,1
5066,5064,C-05064,,Cajamarca,Nuevo,2025-09-05,13,1
5067,5065,C-05065,02F7DE49B40B32F2C0A70492CEAACD0B4C8497A1867DD3C1C339D92DF2277E6D,San Juan,Frecuente,2025-10-07,12,1
5068,5066,C-05066,F74101057DBC88649BBE9D1EB91E5F4BDC2D094030DB73559DBF50450C6B6F4D,Cajamarca,Nuevo,2026-02-06,8,1
5069,5067,C-05067,F7C7D063569908A5ECE10349481E73E5557F26254138BA84A8EDB1568927697E,Jesús,Nuevo,2025-12-03,10,1
5070,5068,C-05068,07CFFFAE9352BAA4981834CE9230774A51F1B0BD47D25C5ADDF67F60FB3049A9,Cajamarca,Nuevo,2025-12-24,9,1
5071,5069,C-05069,13D2B13A76BAEE47968384FA48A813F2C91ECB8607CD2A9F9AA5568AA190AD3E,Cajamarca,Nuevo,2026-01-21,8,1
5072,5070,C-05070,D375847F09D15FDE106F4AD29E3B62DBDACFD15D82F86A242634228F7F1088B2,Jesús,Nuevo,2025-09-18,12,1
5073,5071,C-05071,1E2C539EB85C4947238613690BCD2A9C0F9AD8327C30A65A4D74BC06AC8C5B14,Celendín,Nuevo,2026-05-09,5,1
5074,5072,C-05072,36C49CC8EFA0213ED5A7856E62C13E1EFBE200A7D331C438ECCE15915996A166,Cajamarca,Nuevo,2025-07-14,15,1
5075,5073,C-05073,FC09C074A2F097C1723F3D848D600B3DEEA06ACDD9879E29E3B5AAA9AE5C93B6,San Juan,Nuevo,2025-12-22,9,1
5076,5074,C-05074,F61F64D7650D747F15E237180C0D764842D84577F8242F1CCA45E4C29D6531B8,Jesús,Nuevo,2025-11-26,10,1
5077,5075,C-05075,E48A5269F5F1616677B68302C27C2083DC26B9F0E5F4E45074DC40A714B67D49,Los Baños,Nuevo,2025-06-06,16,1
5078,5076,C-05076,8A3019B74472765DCAE94FBA1A89562C12682937001E94C4013353126509A2A5,Cajamarca,Frecuente,2026-08-22,1,1
5079,5077,C-05077,690E64FDCCEDD368D6DA0DCA6B708E73AAD2A094BCF43CED85DD140BB536413F,Magdalena,Nuevo,2026-07-16,2,1
5080,5078,C-05078,A4C3490ACFA9C03FA32FAF390DF669B69BAA25419738722EB052145D95118943,Llacanora,Nuevo,2025-09-21,12,1
5081,5079,C-05079,AD4EC176975A6BAADD1F34267ED1EF9029DF4644584C2523859193BC955905C2,San Juan,Nuevo,2026-06-19,3,1
5082,5080,C-05080,D68B95D9E616E7324F3D7004C59F07E71648AA9D72A4782598811DDD16CBD1F0,Celendín,Frecuente,2026-03-30,6,1
5083,5081,C-05081,26B462D5BA8FB5B5373A37D7A06C93747F620D83F88416CAFE8718E77194A969,Baños del Inca,Corporativo,2025-06-27,15,1
5084,5082,C-05082,2536FB27DE8B9D3183CFA9FB942A97DDC03257B286D8FF708CCE4888B77AE347,Jesús,Nuevo,2026-09-10,1,1
5085,5083,C-05083,5237A3819E343A7BC385C84A7F1E3796ABB467E2CE4DA44642F76217F0A06EC0,Cajamarca,Nuevo,2025-07-05,15,1
5086,5084,C-05084,51925B27E6F09AE223F67F450779C7301F7E60CEB2C3286EDB909B742137D6E0,Cajamarca,Nuevo,2025-12-06,10,1
5087,5085,C-05085,67B5B518BBAB8C6E78DE90124C6ADBEFCD6FD9A56A9B69956777A99F72C40AC2,Cajamarca,Frecuente,2026-02-04,8,1
5088,5086,C-05086,6348708CE8FB9C4B9C2FB726EC982AF60F6DD325C0DA8DF2F5AC9271EB082415,Cajamarca,Nuevo,2025-07-24,14,1
5089,5087,C-05087,21D9B394B5463870D80BEE9245D33072CB97954D610BD676B8C704E7B0DAE304,Cajamarca,Nuevo,2025-12-12,10,1
5090,5088,C-05088,5FAE1BB422C52790080854A62CA2E1032E3B08942AF86F810AB26F1ADFFA2EE8,Baños del Inca,Nuevo,2025-12-05,10,1
5091,5089,C-05089,CF732C7DF83DC3C3360E993A12EA4D5B22D1B165D5A63B7F7BB84098A28484AA,Baños del Inca,Nuevo,2025-06-18,15,1
5092,5090,C-05090,AD89B3A9FC3C67A79E8359F3595E05CA991E78BD36ADBFFBECD9412BA4DDEBE9,Cajamarca,Nuevo,2025-12-05,10,1
5093,5091,C-05091,D7B76B8F8CA97295A9EB2BA3317B7CB2755464B7AF8B2F7E3AB609C68F6DA89D,Cajamarca,Nuevo,2026-03-20,6,1
5094,5092,C-05092,614FA4E320279D7B21D97E65B066153B86B49C27A2261D7D3D7DF19DC6A63D9F,Cajamarca,Nuevo,2025-09-27,12,1
5095,5093,C-05093,187F3BEEF6727B341C3AF8DCEC1D8370470129F97CCEEAB7C00285B878472A2F,San Juan,Nuevo,2026-02-19,7,1
5096,5094,C-05094,B899A1D872964A9E1B775EF8C17A3F903BDBDBECD3279098B13FEE9C0CC28B7F,Cajamarca,Corporativo,2025-06-30,15,1
5097,5095,C-05095,47888967D03E4BA62C6F197A653DC757EB4E5BD2A90EF1CC09014B28978D4760,Cajabamba,Frecuente,2026-04-08,6,1
5098,5096,C-05096,B645769C998FF24D2072A9A724A1F3D052684630EAEBEEBA010B6D7A19BCD7FC,Jesús,Nuevo,2026-03-19,6,1
5099,5097,C-05097,CD8D4DFE281AC757464077BF3BF9BA44CEA985988E832DA388E9744B79DA13B0,Cajamarca,Frecuente,2025-07-16,14,1
5100,5098,C-05098,737AA4B140D588950E85FB0DB2D6504C2DA2517AF15236A81B7CDD790129F749,San Juan,Nuevo,2026-06-04,4,1
5101,5099,C-05099,7C14ABED0185669560A95AF1F1FAB5904C96800CA2AA523CBEED270261C4F230,Baños del Inca,Nuevo,2026-08-15,1,1
5102,5100,C-05100,CA4E4450F4038E73D459C24D19E213FD81D51E433D79F370F7102C2E484FFB29,Cajamarca,Frecuente,2026-06-19,3,1
5103,5101,C-05101,C9FEA8CC1CD8648F0DFBC87C7A311654EB264884F618C2207F6F9477C1EE3E13,Cajamarca,Nuevo,2026-06-21,3,1
5104,5102,C-05102,4ACB69CF0845354E3362BCA62A31F0CB4F3D9706F1AD17F28AC628801D1A2F40,Cajamarca,Nuevo,2025-10-11,12,1
5105,5103,C-05103,8FE0222CF3F44BE80056A4C00AB2B44C8AA5B88A44BD891A9E92FCBF8F20C2E1,Cajamarca,Nuevo,2026-08-18,1,1
5106,5104,C-05104,AEA7B340F4B48675014414B6E8098B124ADFDFBC2E68674A49B4F899BE7B8A57,Cajabamba,Nuevo,2025-09-14,12,1
5107,5105,C-05105,B6747D862D768FE106EE0B55EAE2BBDD423C04169D5C68FC739BBCD644914066,Llacanora,Nuevo,2026-08-01,2,1
5108,5106,C-05106,19C9B012EDA402F92ED333A91F8C5D894BC173681B6554869618D074CF1681AA,Cajamarca,Nuevo,2026-06-23,3,1
5109,5107,C-05107,947A8A136E60546A81835143E7ECB87E7E6B71464054101F59B8F1A00474A800,Cajamarca,Nuevo,2025-10-01,12,1
5110,5108,C-05108,D2EF8F8C7D868AE9EA0D140052BF75A9FDBEB119AB9275700E20259A653FE354,San Juan,Nuevo,2026-01-15,8,1
5111,5109,C-05109,83A0DDAEC7DD24C4A98198B3F8E71788D65C2E78321EC91FB45C41197229B1E6,Cajamarca,Nuevo,2026-01-29,8,1
5112,5110,C-05110,4B2E83A0F525B9E1640B0F2F8CBD7CE532F0B0765977525AE7F981A1ABD8E9AB,Namora,Nuevo,2026-08-17,1,1
5113,5111,C-05111,63A307AD36D9C7ED3997F99DD533A9EA2892662ED2C54FFBB4B13A7CD2BCE02A,Namora,Nuevo,2025-07-16,14,1
5114,5112,C-05112,BD60839DB28FE7AC5D88FA486D167F506589AB81581D07D0397CD51EE1157E61,Baños del Inca,Nuevo,2026-05-03,5,1
5115,5113,C-05113,786BC228108981A8A02A0410C0D8480A0785F96475C416D45C4CA3406619F77D,Los Baños,Corporativo,2026-07-07,3,1
5116,5114,C-05114,D032A63347DDCD7AECAFBBF0160F42A10C24CB7D350C929BF067E0DBFC6B7BA6,Cajabamba,Frecuente,2026-01-21,8,1
5117,5115,C-05115,B731CAF97C1B591A1228C8CFDE06491EF3E1A1C3EC1086B61D3ED4F637C656A3,Cajamarca,Frecuente,2026-05-12,5,1
5118,5116,C-05116,3AA9BF05B03B538F4C5C3A4F4010E3D53725B45195D5EB228FF128C8DCDCCD6A,Cajabamba,Frecuente,2026-02-01,8,1
5119,5117,C-05117,98A3021286B2D2E9B056567952DB9CD9CE6CCFC4F19EF6FA55F3715001C1ABE8,Cajamarca,Frecuente,2026-02-19,7,1
5120,5118,C-05118,DE79AF1055E6679B771042866C7E74D9E0ADAEED4B8B1BB9965DCB272BDFD1D8,Cajamarca,Nuevo,2026-03-25,6,1
5121,5119,C-05119,E4C1EAC63F3E6150913B45ECF495CC85F2DC6230129A984350027BE26255F868,Cajamarca,Frecuente,2025-06-05,16,1
5122,5120,C-05120,7570E09AC519928BF5A9715AE8B0CF5FDD6FEA3F24561FE9FD7F2B91CFCC1AE7,Cajamarca,Nuevo,2026-08-17,1,1
5123,5121,C-05121,F22473523E90BB9BF6CEDADBE88BB91F1E9809CAB980F5ED9CCECC2F0F544E61,Cajamarca,Frecuente,2025-12-28,9,1
5124,5122,C-05122,D522788DFC0440BF6935BBE10AA1555E1D638A2569E268B7ED34FA16C41C3508,Cajamarca,Nuevo,2026-02-21,7,1
5125,5123,C-05123,E8339D642AB7AE609B3DDDF3C04E3AB3D04D8C0B6388B185872796643072E4C1,San Juan,Nuevo,2025-12-11,10,1
5126,5124,C-05124,4B73D4CC685C2DFA2B4448EDA4DFED2489415875DE2A97F8DFEC095A96402242,Cajamarca,Frecuente,2026-05-02,5,1
5127,5125,C-05125,E81981A4D00BBE63A17725C37E4C3B5A0CAA4B194AEF5A749EDEB10A6D07DF24,Cajamarca,Nuevo,2026-06-08,4,1
5128,5126,C-05126,A5844D7F2B977077D8E842C18B2D30D011247C47E4C3D23233B60FC97FD40039,Cajamarca,Nuevo,2026-07-02,3,1
5129,5127,C-05127,B09F6C14750AC52129E5455392129510B3A132EC08594E55C720DF840A63936F,Baños del Inca,Frecuente,2026-02-14,7,1
5130,5128,C-05128,C917592D86EA2B1613FA878B25EEBF6FEEDF2F2B96C755F8C497308CAF75D20F,Cajamarca,Corporativo,2026-08-24,1,1
5131,5129,C-05129,ABFE89A5AB341AD693DD69C46AA31B5328786BAB53C542A53E6E239AFCE5AED0,Cajamarca,Nuevo,2025-06-24,15,1
5132,5130,C-05130,20D9723F30442E9AE92F7DE1EF38AA061366DFACFC46007433283D2E78D998BB,Cajamarca,Nuevo,2026-07-04,3,1
5133,5131,C-05131,F8A95D596B5353E753555CE34CAFAF9A34CFE16036B029264FB9D106144860C0,Los Baños,Frecuente,2026-04-13,6,1
5134,5132,C-05132,712FC91BEA41CD6049E770D1773DB64025AD6B7D3D2F006366F0D448D328F2B7,Celendín,Nuevo,2025-10-10,12,1
5135,5133,C-05133,C69F13C95A7A5FF6E5E02F6EC112750393F7C8A109CEAF10D11F4E6B95F3742F,Cajamarca,Nuevo,2026-08-03,2,1
5136,5134,C-05134,CB6A9B37A2F462CC18F8963523DF3DAF1FE267BB25BB166D8DF7D7C73F5B3142,Cajamarca,Nuevo,2026-05-11,5,1
5137,5135,C-05135,,Cajamarca,Frecuente,2025-10-17,11,1
5138,5136,C-05136,D8F2EF4E5E9CC413EB53CAC4DF782B72083445019DE22DD32C98967A40220A04,Cajamarca,Frecuente,2026-04-01,6,1
5139,5137,C-05137,B01E7B07F025F4EF838206AD6338C020DCB6DF1B5310EF6A450DF1C11DDC0991,Cajabamba,Frecuente,2026-02-27,7,1
5140,5138,C-05138,20DF31E73463E24930BFEF50FF36E41E6C3B5485314346B8D06694AF9FDC7EA6,Cajabamba,Nuevo,2026-05-04,5,1
5141,5139,C-05139,9E3E7FF6EFBD7BB0D9AEE94900EE9E137D79DA961911242B69D673ED17CD9D6C,Cajamarca,Nuevo,2026-06-09,4,1
5142,5140,C-05140,3E40295AF9C67AA1A9D3400E938E1C13C8D9B3B820E659A2F77BAC76D87C04A5,Cajamarca,Nuevo,2025-07-14,15,1
5143,5141,C-05141,51F206C86B31FE63692B2AD9A65E0F166292E84894094D9C964F52CF9A63B641,Baños del Inca,Frecuente,2025-06-20,15,1
5144,5142,C-05142,CB2DCD477A448C118597FC3EB6615975FE0181777896185496ED5E8160DF2FF3,Magdalena,Frecuente,2025-10-29,11,1
5145,5143,C-05143,7C22D9BDF65F2B94D61F99434409AC1A19973C885DC810A51B82C28CF46B9227,Cajabamba,Frecuente,2025-09-02,13,1
5146,5144,C-05144,3194DDE4F4A4F296D5C98197ABDADD231CA93A62C5380B0C7A45982003283A62,Cajamarca,Nuevo,2026-05-26,4,1
5147,5145,C-05145,FEE3B3184405E64596C9F74C45F9D3838EE61646AE2DFAB0B549F44E4BCBF725,Llacanora,Corporativo,2026-02-01,8,1
5148,5146,C-05146,2B4D4142D3C7F71F79DBA1D59107EB2B141A9217C12CC37FC19C98EB36F2E335,Los Baños,Nuevo,2026-07-30,2,1
5149,5147,C-05147,E846A0F57E96138EAE1A2691CB2B0DF3E13402BB103D9E5E378FA9EF1138AE2C,Baños del Inca,Frecuente,2025-12-01,10,1
5150,5148,C-05148,F3EA025FE30941926D3C9D2EBC8D589670519D79E54BFD027F0EE9C034EA44AE,Llacanora,Nuevo,2025-11-22,10,1
5151,5149,C-05149,1235948AC3D4FE97D2CC5BECE30E948FC69D6D1F27011C4B6E9A1EEBF9D1D8CC,San Juan,Corporativo,2026-05-10,5,1
5152,5150,C-05150,AA9660223FC81A62ACEF4276FF338F6DDC6F662613034AABC838E52456C67DF0,Cajamarca,Nuevo,2026-02-12,8,1
5153,5151,C-05151,5AA5A23F9FC28D293766AD68FD5640F898A06C064A02E6BEDE85129401744F6F,Cajamarca,Frecuente,2025-09-30,12,1
5154,5152,C-05152,F295002BEF069AA7F554521A2739B61F2A4FE4D519D4C9B2E5DAC2DCB561D076,Cajamarca,Nuevo,2026-06-24,3,1
5155,5153,C-05153,E6741ACD5ADBB05FF8DD29241D438C8EEFC64132079CD131E84746490F2A6809,Cajamarca,Nuevo,2025-09-24,12,1
5156,5154,C-05154,CDC1C2420EF7BF009437432B1E79A138F06439B8992FE0CE86049926432F06AA,Los Baños,Frecuente,2026-08-13,2,1
5157,5155,C-05155,1C610C393BC66A8A20350123C4BBADFCA38F93827441408AC584A89ED7BC08A9,Cajamarca,Nuevo,2026-04-24,5,1
5158,5156,C-05156,3BC9ED28ADB5DBD8DCE06DD10482794C7F0668434682F442E6EF53E86276B3F5,Cajamarca,Nuevo,2026-01-04,9,1
5159,5157,C-05157,AA8662FBD4BD11E080995E5C44289D6770847B0B9F429854B3F84A735A82EAEA,Llacanora,Frecuente,2026-03-28,6,1
5160,5158,C-05158,31171EC8AA3202CEA7127848A42E858028F42D9FA23F0FFA565A71292CF20318,Cajamarca,Frecuente,2026-02-02,8,1
5161,5159,C-05159,244E31970146F2217A9E63BF3407EE419D9378E82E2CB840093A44544C2DBDBF,Cajamarca,Nuevo,2025-06-12,16,1
5162,5160,C-05160,1BDEE9E062FF2E85C89D1A230A7658E03081B37E598131621B936BF7D0C4D643,Jesús,Nuevo,2025-09-27,12,1
5163,5161,C-05161,385A472DA0AC59D97C5138D01071D411690B3E308F3C309D81DD83361B73B371,Cajabamba,Nuevo,2025-06-21,15,1
5164,5162,C-05162,86B1C1AC43427A66B326F0BB0E10A76DAE0CB12EB0EEAC20A0C783578D924949,Cajamarca,Nuevo,2025-12-09,10,1
5165,5163,C-05163,2FF3DCD34524EFD9284C368D222BB709D0972945362FF0B882CFCF85B1D9C969,Cajamarca,Nuevo,2025-06-27,15,1
5166,5164,C-05164,273FE9F30A443AB8AA16F651C0173E0EF539F256FDFF810CCFD4792CC5CC8549,Cajamarca,Nuevo,2026-02-09,8,1
5167,5165,C-05165,0A80141F170D4B04B9F488334BC46E6D99A39F44A903E5CE3502FB4DEB5E17BE,Cajabamba,Nuevo,2026-03-30,6,1
5168,5166,C-05166,3DBC72118DCE9835B1E66B1DA0DA6202D0D012A5D7649C0EFEE68372936E9CBA,Cajabamba,Frecuente,2025-11-17,10,1
5169,5167,C-05167,0C44F170CE4C66EF48DEE8CEA0ED04FD09A1ABEE35E1BF732894CB11E0C3E654,Cajamarca,Frecuente,2026-03-06,7,1
5170,5168,C-05168,0FBB7B70D22B7E95A9E378622CE84677D2885A8F3918A25489097EC5BDE28E01,San Juan,Frecuente,2025-12-29,9,1
5171,5169,C-05169,C2D0E5068F109E5F8ECAE3A1FA281FE0DE464D0E3C13CF2849DFFFC561DC1653,Cajamarca,Nuevo,2026-05-23,4,1
5172,5170,C-05170,06F937C53213ACDA2C6A4FA5C0CC97DAF1B3DC784B3DC9559973E8A3261A7044,Cajabamba,Corporativo,2026-08-29,1,1
5173,5171,C-05171,8D71463E00F5920794D791B1EBEDB0CD5F5008CB0F1FDA2B07DAE20264FA6DE3,Cajamarca,Nuevo,2025-09-27,12,1
5174,5172,C-05172,8115F303AB3334C0CDCC551A3756DEDBD2E1BE0C4733CA7E806ACDFB1ABB1872,Baños del Inca,Nuevo,2025-06-03,16,1
5175,5173,C-05173,E35EFC8FAF615B7393F1E0EB07407081D1C24E0817F27898D30763CB0ED6ED8B,Cajamarca,Frecuente,2025-08-03,14,1
5176,5174,C-05174,7714DC95CDE295C1C3F248F373DA66CB078F33C7DDE7E1FD7D7163B5B539D18D,Celendín,Nuevo,2026-03-06,7,1
5177,5175,C-05175,A3DCEDA0330A6A2F64CF985126F18EBE8813C61EFE4C9F635D30E27EAFE63258,Cajabamba,Frecuente,2026-07-09,3,1
5178,5176,C-05176,9D24B4A6713191E4A54D9A72C07A878A16316CD1C2F67B927FF03DF297D7BE87,Cajamarca,Nuevo,2025-10-04,12,1
5179,5177,C-05177,D785C37BB0B02FEC54D12BC6EE63EDB1B90A35790502245AC49E7A2FA566BBBD,Jesús,Nuevo,2025-07-31,14,1
5180,5178,C-05178,547B8DD5790C85CD9090FDBA4B1C563E7EA3C8BF6FD2EB8B9650D8FB3DBCC19C,Cajamarca,Nuevo,2025-09-04,13,1
5181,5179,C-05179,1D4F3A10555AB73E4FE10D113FD4B231A876F39782F2F1256ED42B5EB6C63BA2,Llacanora,Corporativo,2025-06-28,15,1
5182,5180,C-05180,1504A3B6DFB62AEC09569D7E59F6816FDC23C1C24885D802E939A0E0A7CDA9D8,Celendín,Nuevo,2025-09-13,12,1
5183,5181,C-05181,62E85D3B89A464EC3A5FAC28DA878958E073F5FF4DBCE60514D6A8B9AB08258B,Baños del Inca,Nuevo,2026-02-01,8,1
5184,5182,C-05182,7C9E39EDA85EFC1D1CBE3C01674C1133CDA85F2832083F942EC545D91A863B98,Cajabamba,Frecuente,2025-08-26,13,1
5185,5183,C-05183,30526510D94A1DFDAA1C201C85524ED1036BC773BC92152BA5BFB3575E23051B,Baños del Inca,Nuevo,2026-01-27,8,1
5186,5184,C-05184,EA1987AAF5DD155B3076333F0D71E540CA5C093D9C0A71062F4DB192307F5111,Cajamarca,Nuevo,2026-03-28,6,1
5187,5185,C-05185,D4CCDA00E971458C8854884F30E7BC944BF127C57270F15A14DCF4C46090BBB3,Cajamarca,Nuevo,2026-06-19,3,1
5188,5186,C-05186,96F08516E3D931F93910DD2266D52F07090BE4BA28CA710987777FB145633CEE,Cajamarca,Nuevo,2025-12-04,10,1
5189,5187,C-05187,BFBDC855AA2E848321B3D1F2768BDC347D62938A9D8D3517210F45AE7CCD5729,Cajamarca,Frecuente,2026-05-23,4,1
5190,5188,C-05188,,Cajamarca,Nuevo,2026-06-27,3,1
5191,5189,C-05189,F2FCC2719904FB775C9D1EE8571815D1B51F7E3D16C650EF475E5EA2E3185A41,Cajamarca,Frecuente,2026-05-24,4,1
5192,5190,C-05190,17E0A4AFC490F30247FAE3F0C3B19FB3DFE5B51832F483274FE75026960A0F7E,Cajamarca,Frecuente,2025-12-11,10,1
5193,5191,C-05191,A6C1A2BB6E371A0967C3B5FF8520A1E5DFCAFBB65C5E05A25036C5D0E8FA13C0,Cajamarca,Corporativo,2025-08-17,13,1
5194,5192,C-05192,B48658FBE32CEB3CB91DB6AE9EEC000B869206DF74A43B5841D27B5A9B9772A1,Cajamarca,Nuevo,2025-06-21,15,1
5195,5193,C-05193,9364F133F04186FED6983E2775FAF4F1FAC2C9EF61A4686306546B4B45C69F8F,Baños del Inca,Nuevo,2025-07-01,15,1
5196,5194,C-05194,6CB980FF59AAB0AA35DD4ECE454A8A7F392AF83BCFDE45A9F30580C4154FA4B9,Cajamarca,Nuevo,2025-06-12,16,1
5197,5195,C-05195,B0B97A59F4EAAABC1750A31895A2E7B6E8002FF9832201591BE3D2240F432FE1,Namora,Nuevo,2025-08-27,13,1
5198,5196,C-05196,1DFF9ED890BF55BE8FBCC55D9FF24DED1B6121EE9DE7E4190E25415874DFE36D,Cajamarca,Nuevo,2025-08-30,13,1
5199,5197,C-05197,E29C4063F62B2A77E252E5F5D7F0095BDCE4ACA49401F62D5C03686E6A5FB389,Cajamarca,Nuevo,2025-08-24,13,1
5200,5198,C-05198,24396FB7691D0114A9CF585D89D74DBAB4B2E254F747D830221F4ACEF91E8E94,Cajamarca,Nuevo,2026-03-23,6,1
5201,5199,C-05199,F8F85B8873B9BA6607BAE054C0626699D08C52FB2C340BE0DA38AAA9FD54B198,Baños del Inca,Nuevo,2026-01-09,9,1
5202,5200,C-05200,A9621D723C2ECCC966B53632956BF44B0A409F2FDE9A9E35DD2B659BB3D6FDF9,Baños del Inca,Nuevo,2025-10-17,11,1
5203,5201,C-05201,7DAB026AC37F878B138AC93320E9B5FD193785913EE0368539FA8E2A3AF933CF,Cajamarca,Nuevo,2026-04-19,5,1
5204,5202,C-05202,D1B58AEB39DCE377414C46D2A0F60014B0CBBA29FFB166347A1D0F4109D3251E,Cajamarca,Frecuente,2026-08-07,2,1
5205,5203,C-05203,16B41CBC4BABF8553D70103FAE2DBD229D79E5CDD291FFE15F80543BA8C335ED,Cajamarca,Nuevo,2026-07-13,3,1
5206,5204,C-05204,9B8FAFC83996DBD80E0E642BFA4D25DAB56D9E68666311218E294559A8C10199,Cajabamba,Nuevo,2026-07-18,2,1
5207,5205,C-05205,3DBE7558E9A5AF671D4CC066AEDBC386301ED96004D7D1B5446BA0B5C3415B1D,Baños del Inca,Frecuente,2025-11-27,10,1
5208,5206,C-05206,D777B41F626B38FE46DDAADA28229A06B3005B7ACD23BEF761941F815AB45F81,Baños del Inca,Frecuente,2025-11-17,10,1
5209,5207,C-05207,5CF8ED4979FF4198A2658928C23B24694ED32E32BADB1BAE65988986A619B95F,Cajamarca,Nuevo,2025-10-18,11,1
5210,5208,C-05208,A502ABAAC29EA163A6D34D27DE0A904ECE1CD94EFFF799E4066BF0375122BA4A,Magdalena,Frecuente,2025-09-18,12,1
5211,5209,C-05209,8D1AE099EA4C00B5A1527FEA49CB64AECE684630B2B6F52ADE6C4F17983B6CAB,Jesús,Frecuente,2026-08-17,1,1
5212,5210,C-05210,87D61EF9EA8D1674FCCAD556D5E03AFA6BE57092E567B9032B3E2149AC464742,Cajamarca,Nuevo,2026-01-12,9,1
5213,5211,C-05211,43B4EBDA49A0906FD7B847371ACB18BE72E2C84EB29D0D6A0EF7474ABBB8621C,San Juan,Frecuente,2025-06-16,15,1
5214,5212,C-05212,A67473003DAE4F3E9A0D5A74CC1357478F9CCA0AA567A3BD01FCC3B6DFA14438,Cajamarca,Frecuente,2026-01-21,8,1
5215,5213,C-05213,BE6750F9AA36EA36EF70404B547CE770ABAA7BCDF3603A494F53C864D0DA6B6A,Cajabamba,Nuevo,2026-01-21,8,1
5216,5214,C-05214,AD637F2214C431F77A4D16DE55DE88B856A23E9E0A532CE8F93D987D1EF6E703,Los Baños,Nuevo,2026-03-16,6,1
5217,5215,C-05215,CE2AF28DBFBB7ECF5E977ECA1B53DF73D9D9B8C33E8B7DB0616404496D908F05,Cajamarca,Nuevo,2026-07-13,3,1
5218,5216,C-05216,8B0F96D0E57079333694F347BEEBD524F23AEE380DE60D2D9224B9F62C7ED4E6,San Juan,Frecuente,2025-10-13,12,1
5219,5217,C-05217,D22133BFCEB834C0F547D769294E1CF0162C59A6A76CDDC8DCB1549A1CADE6A1,Llacanora,Nuevo,2026-02-10,8,1
5220,5218,C-05218,E2C0FFA888FE19960A859163CA52BFE757E74A9542CD4B634DC4C45E70FFA4AF,Cajamarca,Nuevo,2026-09-10,1,1
5221,5219,C-05219,34F20BD35475EBBAC16245592659EB6280C8F92B288869D8B22C1F9C29D47E3A,Cajamarca,Frecuente,2025-06-03,16,1
5222,5220,C-05220,A540FB80C3C0AB33557742BD9D0BC626F30EC77810EACA2DD37CCB2A2EAE1710,Baños del Inca,Nuevo,2026-07-05,3,1
5223,5221,C-05221,A9B143631C67947029E1B360EF5F2F97053B5E1C5BB7766D39E1C8D4E769CE34,Cajamarca,Nuevo,2026-08-12,2,1
5224,5222,C-05222,864D4FC039CDA89A588046CF4B1238E7DDF31870138D825403543B80A619B963,Cajamarca,Nuevo,2026-08-18,1,1
5225,5223,C-05223,B8B24121935D8F9620A617868DF7CFF87DF8B9E193B61AF9D3EF62BFF276BA1C,Magdalena,Frecuente,2026-07-09,3,1
5226,5224,C-05224,62AB4AE90518D8072D05E585FAD2321CA25566B77929849D85A420FF53F943D8,Los Baños,Nuevo,2026-07-29,2,1
5227,5225,C-05225,E9ED95E4EC57651885F913C564BD8695DEF9D6C795EB411B13CEAF6B75C248F2,Cajamarca,Nuevo,2025-08-13,14,1
5228,5226,C-05226,631E5594C30B2EFFFB8E4A220D7C81FFE79AE70B9ACE6488B092BF0847E073F9,Cajamarca,Nuevo,2026-09-11,1,1
5229,5227,C-05227,400F74284ED8466B11F40119BDCD23BE02F9B93ACAA7B50F6F10DEAED7B567A2,Baños del Inca,Nuevo,2025-10-23,11,1
5230,5228,C-05228,5A826DFCB230B03EA86CD4E0A2DE7192F54D670F9EC89637723B988865537E1E,Cajamarca,Nuevo,2025-06-13,16,1
5231,5229,C-05229,C781B4A75F9931BA82B6EC8B8EAA0CC7045BF45DE90ECB67E587FB2783A65F79,Baños del Inca,Nuevo,2026-03-18,6,1
5232,5230,C-05230,62945C61DF5D33B659D12E749F6A3C67E925F7259AE9609CC7A048321D1675F2,Cajamarca,Frecuente,2026-03-27,6,1
5233,5231,C-05231,81340E926EE7F0942BED1F048DA0E1881FBA651A0196F7A65B68E77B42E94C5E,Cajamarca,Nuevo,2026-05-13,5,1
5234,5232,C-05232,411AAA4B9E57B21B7ECCE8E9E5B4BE77C5B7041E8A1D2B79AB622B63CD94D544,Cajabamba,Nuevo,2026-03-23,6,1
5235,5233,C-05233,F23048CC5AE2C7705BC15A863BB60BD960EDC4E224443C92C181F80B81DC9F20,Cajamarca,Nuevo,2026-06-07,4,1
5236,5234,C-05234,D67B2BF508BE206457329C298E1C7E75172D561F464BF9473654A1B4041C5705,Cajamarca,Frecuente,2026-01-03,9,1
5237,5235,C-05235,771D8228096B04F54251AC8E394406F26207CD68D9B6837E831546FBABA9DA7B,Celendín,Frecuente,2026-04-19,5,1
5238,5236,C-05236,04B21ECE8A36E0AD09CEBE8F4949EA7E5761D83E96111BC5415A3D4E749D810C,Cajamarca,Nuevo,2025-06-26,15,1
5239,5237,C-05237,BE7F3ECC12C42EB2F6A65D9B299A1D6F42431C4F86F0D9EDE3AA330A3699F713,Celendín,Nuevo,2025-10-17,11,1
5240,5238,C-05238,26B631981483E3B65F3C65139D34FD3EC4CD04CA7EA2645FC4654E037CCD31BC,Cajabamba,Frecuente,2025-12-12,10,1
5241,5239,C-05239,63F5ACF82A7DC23057B4D5C58E16D6BF44CDEE036CA1F046C98FE973AD749700,Namora,Nuevo,2026-03-21,6,1
5242,5240,C-05240,2A210C3433B4D33DE42DA41AE14596F9B6269007A90DB88C6AC83B643761DE60,Baños del Inca,Nuevo,2026-03-25,6,1
5243,5241,C-05241,73659298B0CB526FDDA309F5164B556A8D071C8BD6CFDD775D9C73351A1D709F,Cajamarca,Nuevo,2025-09-27,12,1
5244,5242,C-05242,9CBCD53C20B6CC8D33227245A95F3263BDD476C531919DF1DB3FB95CC3250FD8,Cajamarca,Nuevo,2026-06-04,4,1
5245,5243,C-05243,DB0C165B8DD1A4BBBFD43BEED6E044169BE86FF6346CC62904FE6B6717CD1FE8,Cajamarca,Frecuente,2025-12-30,9,1
5246,5244,C-05244,627A5B39523EE875896CDA4C13629EDDF83CC07107DEB988D220C2D1C9C3FD53,Magdalena,Nuevo,2026-02-12,8,1
5247,5245,C-05245,738B12D3E5C54FCCA0AEA8BC94877AF58D628A98B0CDDB648A1A9F550D3F484B,Baños del Inca,Frecuente,2025-12-24,9,1
5248,5246,C-05246,582B1F90F7CE84C3AF185DBE46B9033B51E19B58EE859FC56B2B392B68CAF688,Baños del Inca,Nuevo,2026-04-02,6,1
5249,5247,C-05247,A4D5B6F868DB9A37A432E5FDE430B7ED66AD2172E21EF188D700F758B9A9BFC5,Cajamarca,Nuevo,2025-07-07,15,1
5250,5248,C-05248,C686CD6FDC7EEA2F7DF5671702D69E4D9E22AEA81806D55C8AAB2AE503D86361,Cajamarca,Nuevo,2025-07-19,14,1
5251,5249,C-05249,349E94AA3366D0898284B7066E61D16DE932DEAE7DD7E5309D8F6FFC014BC25B,Cajabamba,Nuevo,2026-05-25,4,1
5252,5250,C-05250,77114163E2A407BAD58D3BD3B7FA1000BAF7BD795816DF659EBAE2565C664B6F,Cajamarca,Nuevo,2025-11-23,10,1
5253,5251,C-05251,0044B0BB501C2300E1D4A4C4D71E35B46605229E7F57027BF9BA03F8A702FDA9,Cajamarca,Nuevo,2025-08-21,13,1
5254,5252,C-05252,198A2105E5803D4D2DE834AE322A3FFAC8EE425E5B99063425F3334D50CDAC08,Cajamarca,Nuevo,2026-08-19,1,1
5255,5253,C-05253,CD458A542CDA63FBC37BB565B8C1308F2D54B1A46F238BA938D27004DC2FD350,Celendín,Frecuente,2025-07-06,15,1
5256,5254,C-05254,4AB96A220A519BD06B7DB380BD0BA56B8D48087FDAA22167A13BCB33108F55A9,Baños del Inca,Frecuente,2026-07-03,3,1
5257,5255,C-05255,F1DF8AC6066B4E1D4A3C29E146C3D6B48D909FFFD2595D58182360321E3ACBFF,Namora,Nuevo,2026-08-28,1,1
5258,5256,C-05256,D33AF9A7CAFD3353D07EC9009D8A2017E5C40EAA567414354B0E8FF53787631F,Llacanora,Nuevo,2025-12-13,10,1
5259,5257,C-05257,748165891BA807165D46587CE6CAC59B991A92F25C97F6927B4DE5A78538BAF6,Llacanora,Frecuente,2025-08-19,13,1
5260,5258,C-05258,C17CAEB5E2F7B30C588F887C7144BB65EC4D56EDC51363D5210186AA4075C5D8,Cajamarca,Corporativo,2026-05-24,4,1
5261,5259,C-05259,681DFCF5869D630A96E88FFC67B6F7C88C360453520AB2E67EC957E32B89E25A,Cajamarca,Frecuente,2026-08-13,2,1
5262,5260,C-05260,9D713A4F8B6885F822960CED6B20812BBC06375510427963429F9B33678568D7,Cajamarca,Nuevo,2026-01-29,8,1
5263,5261,C-05261,38C704910CC9361B9A211A4B59222AD703A516B476A4661B197250E8D6DD620C,Celendín,Nuevo,2025-06-19,15,1
5264,5262,C-05262,6BBC5B3030321EF50FA640217EE6CED2043B3F963C58E54A2A37695DD53F115C,Magdalena,Nuevo,2026-07-04,3,1
5265,5263,C-05263,51F1A52B0F360BA421FE3663724403403FA16754BE632D3C87274AC7B4EC3FEF,Cajamarca,Frecuente,2025-08-05,14,1
5266,5264,C-05264,B2E2B7CB0DD724E99DF7C5E6DFDA44773497CF76325AADC7C194755911401668,Celendín,Corporativo,2025-07-08,15,1
5267,5265,C-05265,AE215D57CEF86DD71F79CDB94CB5D1C53484F7610302701BC7136769D0A0D5EB,Cajamarca,Frecuente,2026-03-13,7,1
5268,5266,C-05266,F49283DBBEDA5182A35E5E84620C93006F48E5FA177781109EE35F631D544052,Baños del Inca,Nuevo,2026-08-20,1,1
5269,5267,C-05267,0F9967EDA78B95A0B3115A56B2918B78DAEF339A47394C54CF58872CE1B89BE2,Cajamarca,Frecuente,2025-08-25,13,1
5270,5268,C-05268,734D83BB46CD4F7F8C1526661DCC8EC812B418F80AB79E55B69A82B004B22237,Cajamarca,Nuevo,2026-06-29,3,1
5271,5269,C-05269,73857F6D09D37E2562DB52FCF61427D5F3C82D0C102A5BD3A6AC5A862E04FA06,Los Baños,Nuevo,2026-08-12,2,1
5272,5270,C-05270,F863FCEAA1A9270C9F2FCD38C8272168C942F591380C2BED3D57364A89C41056,Cajamarca,Nuevo,2026-07-16,2,1
5273,5271,C-05271,9A7725C5EED4C106447752B8C3431E180CA3A3DCD32D4CE9F395EC85AFBE3ADE,Cajamarca,Nuevo,2026-02-05,8,1
5274,5272,C-05272,580D4F449E980361FE6F0E4E06A1139386F5B00C0AF28DB2D33DCF172A8CBDF6,Cajamarca,Frecuente,2025-10-19,11,1
5275,5273,C-05273,9CF99D613634DA217795AA4680A212E70887C2203578D9DA3030AD99C5080C04,Cajamarca,Nuevo,2026-08-25,1,1
5276,5274,C-05274,74917F1F5C8B3D7AC821E9BCD89AE7BCD652A2909A2B8A41C9F6C71F84AADFC1,Celendín,Frecuente,2026-04-15,5,1
5277,5275,C-05275,4C093352B0F20391E21E6ABB604286418452E413083B5B129D90045596EACFC7,Cajamarca,Nuevo,2026-06-11,4,1
5278,5276,C-05276,00FD7461A7BBC4DC2C0435B7458228B9AB0A00FE375DD49E1940AA97239AE327,Cajamarca,Frecuente,2025-10-31,11,1
5279,5277,C-05277,39246E92FC51D512E9FEC92693F0C9F34211331A2E354C0DAC27A3FFDFDB0EB9,Baños del Inca,Frecuente,2026-07-03,3,1
5280,5278,C-05278,0E725690628AA539E3775D72F47BB3D7574E2634EE8D99192BE071F7122C5D3E,Cajamarca,Frecuente,2026-07-19,2,1
5281,5279,C-05279,79923497237A44DDDE0EFA472E7638100847A88F7B0E92BA18A727FA8D24A176,Cajamarca,Frecuente,2026-08-16,1,1
5282,5280,C-05280,7DADBFF2BAC2F9153D5DA08414481820A9D015B09B2038673FC09E6CE794F361,Cajabamba,Frecuente,2026-02-23,7,1
5283,5281,C-05281,E8B8137CEF2DE65C021E3DC9A6E1A130D4382FFB30B9BCA9CBA6B89CF33AC8E5,Cajamarca,Nuevo,2026-05-05,5,1
5284,5282,C-05282,9C3A95D0BB48B3759851D437BB66795FC589097341A243900C1FC76F5F680CE0,Cajamarca,Frecuente,2026-09-02,1,1
5285,5283,C-05283,F6B9E4409ACB85DB00A22F91D03215E460C65C81E97CB4CD62342424440030EF,Cajamarca,Nuevo,2025-09-23,12,1
5286,5284,C-05284,9EA7A0E821A7D276C487C6A896502F1904FDC4E3E7DDA6D514330CD7B46765A0,Cajamarca,Nuevo,2025-06-05,16,1
5287,5285,C-05285,C7F244C14DD6DADFD9A4B8A65B05B7CC633107D0B77FB3D6A7C800A82B49561D,Cajamarca,Nuevo,2025-12-23,9,1
5288,5286,C-05286,6B830178B7FBF24067EF4E42ED9264FDFFF23D226C117D74ECA5184F3D47B90A,Cajamarca,Nuevo,2026-06-10,4,1
5289,5287,C-05287,F3A39D74321E80EABAF0137F9B18A6C4466988E299C35E14844E29BD955925A0,Los Baños,Frecuente,2025-07-02,15,1
5290,5288,C-05288,B75C117B7EF85AA352BEFB23224B47992CAB22EDCF4602EB84F64CCF9BA5AE12,Cajamarca,Frecuente,2026-09-09,1,1
5291,5289,C-05289,17A490FF1B62E1CDFEFDDFA81794CEE07CC9F2B58F31840D85A8A14BA40DC86F,Magdalena,Nuevo,2026-02-01,8,1
5292,5290,C-05290,EAF5C5EBA3B7E0FB8B89D51DFA9FC54F4FEC58551E2C73ECDBFDF4576B034546,Cajamarca,Nuevo,2025-09-11,13,1
5293,5291,C-05291,8E9BD6B996C24ADC91AEAF011D9B03214C487D67D7459C438DDB2F39DF2FE025,Cajamarca,Frecuente,2025-08-27,13,1
5294,5292,C-05292,2E1E80E9B2570EA034B4A10BD80B2C2962334EE71D2FE79D2D98F3BCEAF96978,Cajamarca,Nuevo,2026-01-10,9,1
5295,5293,C-05293,5E2692D8FF5C7FF47BF7F08A0DC6CE0B18B3835EAF2E60115A22D49922E675B1,Cajamarca,Nuevo,2026-06-10,4,1
5296,5294,C-05294,C9F6D363EFB3BB7D1DA78358F5FDA0FF68B020ECE3F94FFC8F222251249313B9,Cajamarca,Nuevo,2025-12-04,10,1
5297,5295,C-05295,B25994D058B5AC66739DA4889F6B57E1E77FABD863F6B007D03643BC860EDFA9,Cajabamba,Nuevo,2025-09-21,12,1
5298,5296,C-05296,EB76FEEA87EEAAE69EDEF816332A940E86B39FE9B800DFC67B3DA8789881CA00,Magdalena,Nuevo,2026-07-10,3,1
5299,5297,C-05297,29B1A872C989EF3E90692CA2AAC643DB8E86A25772DEDF7BD4CF5B6F1E76C0B0,Baños del Inca,Frecuente,2025-10-22,11,1
5300,5298,C-05298,2A2760C4B65B04D4C527D58EB6C2F0A236347C622D9FE8A167E66478218F22C0,Namora,Frecuente,2026-03-17,6,1
5301,5299,C-05299,DCDCA419E7AF5A24A65D3AC4B12764970D796DFFB97E7D1E1C745708B6EA4A92,Cajamarca,Nuevo,2026-04-26,5,1
5302,5300,C-05300,4A7BA07BD8B56E29AE20A5A297FAB629611C9F9CAA645649B2F298E42524FD9B,Baños del Inca,Nuevo,2025-07-29,14,1
5303,5301,C-05301,F51834D5A666B5EEBA75538784BEF2087AEFC4C3B35E7C5288BBD5AB7344F586,San Juan,Nuevo,2025-10-01,12,1
5304,5302,C-05302,D044E71CCF1F2F4A44005596F5086C18DF44E6559E85C2D9E6D8FCD4D415C67C,Magdalena,Nuevo,2025-06-24,15,1
5305,5303,C-05303,69F645002E5E4D947564B8739274BEB3EDC36ECDC771C905A8E2BC7AAD0B5E58,Los Baños,Nuevo,2025-10-30,11,1
5306,5304,C-05304,67CEDEB09BC7879535CDC8728C13BC629694EBA196CC6A9A7B0C2499A3822401,Los Baños,Corporativo,2025-07-31,14,1
5307,5305,C-05305,1076900BB5BFEDB1688D261C68A96152F693FA2E2B98A2D607BDF8008918DE6B,Cajamarca,Nuevo,2025-10-25,11,1
5308,5306,C-05306,E73B3542EC272E099A44B21091A7002B9C34D93E9180B950E13B9CB6E215B04C,Cajamarca,Nuevo,2025-07-09,15,1
5309,5307,C-05307,B3398DDBD76AD1758FD0AC93E88BB2CC9994531C54D33869DA513DA6F022B613,Cajamarca,Nuevo,2026-07-04,3,1
5310,5308,C-05308,4113036B748D9173BC31D4EB37569B7C2CE0887D88160BC0468EC518F8725120,Baños del Inca,Nuevo,2025-07-29,14,1
5311,5309,C-05309,7E248005C965A028C41825C1331A7CD4746FDBE90B94545C2D34CACD10311BB8,Cajamarca,Nuevo,2025-10-14,11,1
5312,5310,C-05310,CB954AFB348E038F9B0DE29C2ABFDCAEDFB39DCF6436352F03E1350FE6BAFA56,Baños del Inca,Frecuente,2025-08-15,13,1
5313,5311,C-05311,D68294167B221F58112F1B601345AB65D07AAC72A2D923D87FD28E6C0F57947D,Baños del Inca,Nuevo,2025-08-14,13,1
5314,5312,C-05312,890C2DBF145BE855A6967C4C2CFF9EBA3D22943E7CDC40E44291A1A12A1DB979,Cajamarca,Nuevo,2026-03-26,6,1
5315,5313,C-05313,DE0C2627655FDA3338F749D19C81374BC657338F29B132EE846C88827044976D,Cajamarca,Corporativo,2025-11-01,11,1
5316,5314,C-05314,B17E7D99DA5DA387F4C963BCF86809EA743971899DAB0D3F06D5CD2F394173C5,Cajamarca,Frecuente,2026-06-06,4,1
5317,5315,C-05315,5B207B6EFE460D45ACF431A0D32316F4182060C0C9BA4AE8661CD2A714B66E69,Cajamarca,Nuevo,2025-06-28,15,1
5318,5316,C-05316,EB30D8C796E8F446D87CDEC59A0C8E7A1A730708BE5973136F042FEDF74E2BEB,Celendín,Nuevo,2025-08-24,13,1
5319,5317,C-05317,0DBB17257CC4AAFF2AB127FB607AFBCD60A9114271A544AA813938E60BE202DB,Cajamarca,Frecuente,2025-12-11,10,1
5320,5318,C-05318,31C9A6099CF182290A22A207E3273300051E1F22696D35D78B56A4E8F225F359,Cajamarca,Frecuente,2025-12-05,10,1
5321,5319,C-05319,F7F18F145F25246CC2112C9B01CECBE0217B9D9A951575C9CABBF4BAE01D44D3,Cajamarca,Nuevo,2026-03-28,6,1
5322,5320,C-05320,F9E2C1C7B91039F9FFEDDCFF131791BEF5CDE3CB5EAED8A979D6603D348B3D8F,Baños del Inca,Nuevo,2025-06-06,16,1
5323,5321,C-05321,C9681310410CE59622924CE7A25F4AAC2E6D6B8881481A4E1FA384227F849F70,Cajamarca,Frecuente,2025-12-14,9,1
5324,5322,C-05322,B339942AC21CC5D0406A6475400134C53373FC662D0C1D95B5060E9B5ED805F1,Magdalena,Nuevo,2026-05-15,4,1
5325,5323,C-05323,7A4087FBE879E0512D3303FC1186251BA356CFFBCC11C407970E9413C3F942BB,Cajabamba,Corporativo,2025-07-15,14,1
5326,5324,C-05324,6415886FB24B4B9013F8301E2FB474F36FE969E35D87F4C06894456FB1C71BC6,Baños del Inca,Frecuente,2026-07-23,2,1
5327,5325,C-05325,F291E16B5B6434D4D919F9AC348208E6F15F35865BAFBDB83A03671B509EF3BD,Cajamarca,Frecuente,2026-07-01,3,1
5328,5326,C-05326,07DCCFC17DBC4C4F410D5E6A85F5F5EA476B27EBE6B8A5265328A10CE5C623E5,Cajamarca,Nuevo,2026-01-21,8,1
5329,5327,C-05327,7C8D9DA15101A30A107374ABF92B255E4E18CA441613571A7385CDD436CBA4A4,Baños del Inca,Frecuente,2025-06-20,15,1
5330,5328,C-05328,71D3E53DE869FECA0098AB9C2FDAA1A1C0A68FCA1640C979166E3904AEF56121,Baños del Inca,Nuevo,2025-07-13,15,1
5331,5329,C-05329,47983FBF231E55CDC186E30C746A3531D7AF3B78A542A12D213A80A468FC4BB4,Cajamarca,Nuevo,2025-12-25,9,1
5332,5330,C-05330,15DB998EC15363150EF1F5C9C83F1037979C2396E4A45D45CA112696B8F5B80C,Cajamarca,Nuevo,2025-06-11,16,1
5333,5331,C-05331,57731671760220BD81D905074C5D8A9EC75DBFB3C94A0DC63DBA9299681CF4AE,Cajamarca,Nuevo,2026-03-09,7,1
5334,5332,C-05332,3E958EFB1634656AE4C379499F320325DBA5AC270B079A5C4220F2F7951A07CB,Celendín,Frecuente,2026-01-25,8,1
5335,5333,C-05333,6DD048388001404674E30FBBEF825E30AC2F7CAF39DBB9B69CC28E29458E58B4,Cajabamba,Nuevo,2026-05-06,5,1
5336,5334,C-05334,9AF1D526BCEDCA0E6EF725D311C8FDD7A12B5970E3F50E889C2C7110061A5A87,Baños del Inca,Nuevo,2025-09-25,12,1
5337,5335,C-05335,7240A8AB765D328ABF24984E36BC72554BA19347DF76C6F3E460F8BFE6E5432E,Cajamarca,Nuevo,2026-01-14,8,1
5338,5336,C-05336,409C80E722A2826416B829BFA8D01FC710C12EE209D0734A8096EB1719863268,Cajamarca,Corporativo,2025-08-11,14,1
5339,5337,C-05337,C0D94A61E110955E080CBD95967295C6BB3B091B88572210C0CBDE072BC0F540,Cajamarca,Nuevo,2025-07-26,14,1
5340,5338,C-05338,2EDED9EF49F7B97813F9EF35F6538E613ADDB0AA27C36F2F6533EC1C6939F62D,Cajamarca,Nuevo,2025-11-25,10,1
5341,5339,C-05339,F0F329388440E48A49378CC3970BCF985EF646DAB46C843B525EBAAF87C4FC3E,Magdalena,Nuevo,2026-01-07,9,1
5342,5340,C-05340,FBD70001DEB38BFE3D69D359BE430ECCA92C5764E4DE1F7FC9CCDA00EDA09F99,Cajamarca,Nuevo,2026-08-23,1,1
5343,5341,C-05341,350ABD9B5095640B7115E61AF48E46F6394034372AB7CDF7B35302F533E27512,Cajamarca,Nuevo,2026-01-24,8,1
5344,5342,C-05342,580C02878098346CB96926A0E7CE52C394B3057DCBEF1F88CE3650D3BD7871EC,Baños del Inca,Nuevo,2026-05-29,4,1
5345,5343,C-05343,825CC6AA56F540B39CAECE06C604924D4A3B4745E9070282B992DFE4F33A776E,Cajamarca,Frecuente,2025-09-16,12,1
5346,5344,C-05344,ECBCB9D7A1EC205386F26F5159DE379AE9AE45E41FABCF158ED5646155EAABAF,Cajabamba,Frecuente,2026-04-02,6,1
5347,5345,C-05345,A5768005D9DBFCA943E0BB433BCE3F5A713F9DD931B5170F088103E7ADEDDEBB,Baños del Inca,Nuevo,2026-09-05,1,1
5348,5346,C-05346,CD4B6EC1BFB5154BD1D4A8779766BEFC667D6DFB809F4E4D8B210E84363AD3EB,Cajamarca,Nuevo,2026-08-15,1,1
5349,5347,C-05347,0F66527092AABEC14D6A541FB440564585A4FFD74B07D702E377AE6E11990861,Cajamarca,Nuevo,2025-10-01,12,1
5350,5348,C-05348,F8BF165A48303817C2152DC0831ABB3A1E23A14E1304E22B7E3FA5E0334981F7,Cajabamba,Nuevo,2026-05-28,4,1
5351,5349,C-05349,F2C9E85BAFB28AAF5AA8A8B2BAABAFF0A3FC0DA203E611D6960B8AD0AB99E87D,Cajamarca,Frecuente,2026-04-17,5,1
5352,5350,C-05350,77D527AFD64C01EC940488836DE7F8890DF5E2906D3F3EDACF0B7E6DEABDF17C,Baños del Inca,Frecuente,2025-07-23,14,1
5353,5351,C-05351,738C157295C8DDCDD24E043DF9083CC65D89B013829CF79AAFF393CE20D7A2E9,Cajamarca,Nuevo,2026-03-12,7,1
5354,5352,C-05352,9EBC8CCAAADB6460165AA33A9ABFDFC9AA797B3A0EBED402B6A5515CEF6652B8,Baños del Inca,Nuevo,2025-12-27,9,1
5355,5353,C-05353,258332B11E1DB778A246A575525DCDF320D56CAADF806821028E46868B891FDE,Jesús,Frecuente,2026-01-23,8,1
5356,5354,C-05354,6D4DAD4F7C1C6AD5D77451D7FC0DB6FAB58B8D41B285C75DA3A0D9ED03C14279,Cajamarca,Nuevo,2026-03-12,7,1
5357,5355,C-05355,449C5F7380712CB2AEB948B0E82B14F96535ED3BB19ED8ECC18FC84B3ED47A8E,Jesús,Frecuente,2025-08-30,13,1
5358,5356,C-05356,094D43749EB2719CC9E364B7B182AC2C8859769547C83BA42C8065AB03361EE4,Baños del Inca,Nuevo,2025-10-30,11,1
5359,5357,C-05357,B01F950C9C2782C84189499B4DCB4AC07FDE9371669BC6742C8611D2609477C5,Baños del Inca,Nuevo,2026-09-10,1,1
5360,5358,C-05358,A5774CB0C761E5A92C1864012F59B253E8E255ADB9163E429564B4EAE8E3264B,Cajamarca,Nuevo,2025-06-21,15,1
5361,5359,C-05359,862A6CE89E1FD01557A5D7C4F0E69A836274EC66AD634BA9E0C82CECFB83AEE6,Celendín,Frecuente,2025-06-28,15,1
5362,5360,C-05360,20DD76E8FD6A2A02A4DBF15C0FB9DC93381FC61DC6B9B690849B6790571D3892,Cajamarca,Nuevo,2025-12-13,10,1
5363,5361,C-05361,0136C0F0EEF76081BADC890F211681E585919333D19644A3383008E8DDA33DBA,Cajamarca,Nuevo,2026-05-21,4,1
5364,5362,C-05362,B000CB84DCE2147359E83548342488955AE3B634892872B4D2023B53D5FBA2F5,Baños del Inca,Frecuente,2025-06-20,15,1
5365,5363,C-05363,7CF796E6A8898A6E1E703015E0E5AC528351C9CD6C9D737A75C3416E2ED8C75A,Baños del Inca,Nuevo,2026-01-08,9,1
5366,5364,C-05364,55219EA9E97D2CBC55795A7E6B9C0F064F025AD5CDBFF449E3BE9CA2FA6A396E,San Juan,Nuevo,2025-10-23,11,1
5367,5365,C-05365,7D75C852990B3AFA771737AF84E7D4409874AC4926B3A3BBDBA5C8A99A60AD1E,Cajamarca,Frecuente,2025-07-25,14,1
5368,5366,C-05366,2E3C0DACCBADBA628FE09B1808ADFA46AEB4F65B703B5F6B78D22E4E0ACF54AB,Los Baños,Frecuente,2025-09-06,13,1
5369,5367,C-05367,126BDDAABA800C4B2EBC54B964AA6FAECA0537B59F7293411DA1917360925CD1,Jesús,Nuevo,2026-05-23,4,1
5370,5368,C-05368,5FD04384AF2A057DCB5FF5054AB1CA0BDC51A2D214F9C9D7CB9D0822EFF67DDE,Jesús,Nuevo,2025-09-30,12,1
5371,5369,C-05369,45629AFFD528DB6E6BA19F64A7204036BD66541B815313B2E0951B334EBA3772,Cajamarca,Nuevo,2025-12-14,9,1
5372,5370,C-05370,1D34D161A3509E844ACC76BAFE9966487EE10106B538C9CA082A1F102C5A54A0,Cajabamba,Nuevo,2026-04-28,5,1
5373,5371,C-05371,C85CC1BB9A03253743FF74AA92D40D97273F252A1CA1F9F8CF873CA64E8F5159,Cajamarca,Nuevo,2026-09-09,1,1
5374,5372,C-05372,3658F2EC6FC1ADC5648757C45D165A185EB7404F96BDD38400ACE756AF24A67C,Cajamarca,Nuevo,2026-06-01,4,1
5375,5373,C-05373,4F7A86336A0C1B1DC7A1477262C64C9D15856452991B937D1CCCE987E834539F,Baños del Inca,Nuevo,2026-08-05,2,1
5376,5374,C-05374,A90D1943A1C8584CFFEB2999532671097C8F6ED49134162C3D2E615582426083,Baños del Inca,Nuevo,2026-01-19,8,1
5377,5375,C-05375,BB0FA3ADAC6C52E0A04416CAB500D5EAAAEC58A9F292C0BFF3E58DB531C49731,Baños del Inca,Nuevo,2026-04-08,6,1
5378,5376,C-05376,6329D30D18B5D5A19CB11D58D2EDF640B858C20EB256A646A07529ECAA7CAC9E,Cajamarca,Nuevo,2026-07-12,3,1
5379,5377,C-05377,25CE7025D5CF7B9E26457D32F5EFE6D8D69F1C627AA8E507D6EE55AFF5489C99,Baños del Inca,Nuevo,2025-12-20,9,1
5380,5378,C-05378,E7726832020D562ABF829AF68008318B21C6A50815617A9BD570ACBD456BF974,Cajamarca,Frecuente,2026-03-21,6,1
5381,5379,C-05379,C842AF9F1F0BB052D9E53FB89EA9F61C8CC1A268188860E07259E49B3CFA1F2F,Namora,Frecuente,2026-09-07,1,1
5382,5380,C-05380,05AF05FC5248DED4CE991938275FD87AB0C08DFD338989DD48FB63CF6201FB9A,Cajabamba,Nuevo,2025-09-29,12,1
5383,5381,C-05381,E47BDFD5721F30724A6E90E98229D43140B601815AC4087E8079FA6F8B71BDC2,Cajamarca,Nuevo,2025-06-02,16,1
5384,5382,C-05382,F9D459935ED1E83D7F90D1F786A7D23110F5E629590584018EA200ABB8EFF2EA,Cajabamba,Nuevo,2026-05-08,5,1
5385,5383,C-05383,5BF4AB6C65FFB033C02890F66C1E259AEBB5F9CEEC28236E30C029795089E430,Llacanora,Corporativo,2025-09-28,12,1
5386,5384,C-05384,E632404A1E4BED07BBC9A302F67DDD116F5E8D6938282ED0F4E9C22FB29421F5,Cajamarca,Frecuente,2025-09-02,13,1
5387,5385,C-05385,68A08BFDCDC8E34DD455DBA88C603F1AC2E9C8206991307605D59BCF98299CD5,Cajamarca,Nuevo,2025-12-02,10,1
5388,5386,C-05386,27DDA6E92C847805CBAB1D2A35FC2889143B8518C42F3533E64E12A74FAC8490,Cajamarca,Nuevo,2026-01-17,8,1
5389,5387,C-05387,6AC3C64FFF4087907211BEAE4BA4261CBF4269A9CA704D5AF9FA83C286354802,Cajamarca,Nuevo,2026-05-07,5,1
5390,5388,C-05388,D86900B2211FABD68FD46C0D1EECFF9053A08D0B2DCCBF2B1694D64A9591380F,Cajamarca,Frecuente,2025-10-11,12,1
5391,5389,C-05389,D0FBC718F1B5532AA04148F764899142EED16E745A556BB890E57933B597BF99,Namora,Nuevo,2025-11-17,10,1
5392,5390,C-05390,8DBF982F2BB323B147FCA2ED5849E1F0DED58E919C847B6FCBFA5D8E55618AE3,Cajamarca,Nuevo,2025-09-09,13,1
5393,5391,C-05391,BE4C5849ABE0613285CA86E8C355701D26537E12C5720D8E1B793763BBB88BE5,Baños del Inca,Frecuente,2026-06-02,4,1
5394,5392,C-05392,4F5ABC4735430A497214AB428FA222D88BB0D5323C99405F181632FACDF10455,Baños del Inca,Frecuente,2025-08-18,13,1
5395,5393,C-05393,45431F15607DBB36CEDE92BB96D1FC6B8B3BDB1E864BEAE9820BD91E4EE06CF7,Baños del Inca,Frecuente,2025-10-17,11,1
5396,5394,C-05394,1FC61EB6317DD57EF2EB6A613430B4BBCF4D8159F55AC1F9884BFF769FE70EE3,Cajamarca,Frecuente,2026-06-23,3,1
5397,5395,C-05395,A626D507432BFEC68AC3E7CD217D58053BBF5D3F514F52DAD709B08BD277C043,Baños del Inca,Nuevo,2026-08-16,1,1
5398,5396,C-05396,37916FCFF8B4CE3DFB90E8AE0911B64F97D4E794DD58E697349351B0895E06D5,Cajamarca,Nuevo,2025-12-16,9,1
5399,5397,C-05397,A9201CAA8FBEA75FA176318F21464D963AFDFA2671A6E307D7F8A55CE13A7E4B,Baños del Inca,Nuevo,2026-02-03,8,1
5400,5398,C-05398,3D29E223D13A4E4E12A64106756AD976A534CA32FDA8DA6369C70497568AA957,Los Baños,Nuevo,2026-05-23,4,1
5401,5399,C-05399,F6178B3CEED399DAE7E19FEF4F3811700675C6134740C55978AABC46A8AEAAA3,Cajamarca,Nuevo,2025-12-30,9,1
5402,5400,C-05400,104A885D3BE0896914FC3E7A73B0A5FE9C684AB9FC05CE4096D7ACDA74430497,Cajamarca,Nuevo,2026-07-10,3,1
5403,5401,C-05401,48C242975BEBBA7A5496B112D97581CC1DA620874C1C720537F10EA1334ADE0F,Cajabamba,Nuevo,2025-09-12,13,1
5404,5402,C-05402,E3DB064633988FFC4EE454C215D6F89E80996AAA6B008FE5D093AB6327FFC5AC,Cajamarca,Corporativo,2026-01-25,8,1
5405,5403,C-05403,370AF8E36DC7C70B43BDEE69A33E68592171DD5695ACD50B143A589C46D246A3,Cajamarca,Nuevo,2026-05-18,4,1
5406,5404,C-05404,759417E08FF6EB0CC67D2A737EF9728A8F8053B771EC98F23D32DBE3E822A9A4,Celendín,Nuevo,2026-01-29,8,1
5407,5405,C-05405,45048A663BDDA4D9A09234C2B9A0FEB6944771E19C0C84C675BB730BB01D1F9E,Baños del Inca,Nuevo,2026-02-09,8,1
5408,5406,C-05406,8C849D7F30F61C4F2724BD00B01677FE94070DDB6B8ADDD5C7F9109335FEC51D,Cajamarca,Nuevo,2025-12-20,9,1
5409,5407,C-05407,CA105125C5CE35877B17B2A68C9B2CFA824E391BAC591F8C30865C4E3D70AF16,Baños del Inca,Frecuente,2026-03-11,7,1
5410,5408,C-05408,70E019E82814BC80130C27C97CA47E9288C8E6363E4A1881D142F0D1464FDE5B,Cajabamba,Nuevo,2026-08-03,2,1
5411,5409,C-05409,CB1A93DAE516DEF951B602441AF70981031388393EE93A6DEA010C64A94E205E,Cajamarca,Nuevo,2026-04-19,5,1
5412,5410,C-05410,9341967EA8692E6EECBB4FEAFE1F891A0FD667EA5D8B4CE0223C95D5362460D6,Baños del Inca,Nuevo,2026-06-28,3,1
5413,5411,C-05411,32D4B60B1231EB91E6738B9D56D465B8C4E6F300BDC7062C754CE73FB010FFFF,Baños del Inca,Nuevo,2026-06-16,3,1
5414,5412,C-05412,8888B5430267A0FAC6199F61410D8F7F9870F7A88BA2CF793BC4AF06555F6050,Baños del Inca,Corporativo,2025-12-10,10,1
5415,5413,C-05413,95698325950C94CF374C2931FC8F6E249258AA2399F07D6DAC5F7F54827554FA,Llacanora,Nuevo,2025-08-20,13,1
5416,5414,C-05414,94EF5B192A215238DD3567A595840D7B39D3E6325888D4C1FF4F53DBD6320471,Cajabamba,Nuevo,2026-06-18,3,1
5417,5415,C-05415,99B32A075044989FDBE9A60BF50B6D982AC36F15DF054D74185E61D90AB50B65,Baños del Inca,Nuevo,2026-03-25,6,1
5418,5416,C-05416,50F271CBB13B4BA0E7BEB516E6814EFFA36CF470023EA2DBD75D5439D1578905,Baños del Inca,Nuevo,2025-11-29,10,1
5419,5417,C-05417,9747C80E0F66CDA7021F1D2F3BF137D9482C2585E2AD0DAEA61C564092E6CE6C,Cajamarca,Frecuente,2026-08-09,2,1
5420,5418,C-05418,F06532816927DA259B211FB1F02B3E8C1EBF070F408D398A9B76B9C5A960290A,Baños del Inca,Nuevo,2025-07-16,14,1
5421,5419,C-05419,EE1CADFAE142A77EA6C4365B354B0F24BE94FAEB1B5352F57E2A079F19FC6B50,Baños del Inca,Nuevo,2025-07-19,14,1
5422,5420,C-05420,69AC2468D9AA2C455417E515C734FE30344686E8B134BEB7992CDFBCFC94D65B,Cajabamba,Frecuente,2026-01-17,8,1
5423,5421,C-05421,B52329E4DB8E6FB9DCA780813C0052E7407B75EC77E4124054ECC5FEB4FF4092,Cajamarca,Frecuente,2025-12-11,10,1
5424,5422,C-05422,3C6C2902250897037CDE27321A6AFBA1C4B911DAD63BE15B25A53EBA53D28B4C,Cajamarca,Frecuente,2026-01-01,9,1
5425,5423,C-05423,8D5E287C84B301B57E2757BCA5B22E3C76FBFA3010FE736C7C09FDDE8B19A5A2,Cajamarca,Nuevo,2025-10-23,11,1
5426,5424,C-05424,CB8C87E080A8EB0CDF00901FBE82E4BB781271976C85E894BAB3B0B4228815D3,Cajamarca,Frecuente,2025-07-03,15,1
5427,5425,C-05425,A8B60C1A09BA732C8392C3F58E8B59E15846FF50E51738E375E99674CCAF9225,Namora,Nuevo,2025-12-25,9,1
5428,5426,C-05426,C3B9C51D4515BB208C3EA6A47505C96C53DF1D7A7A59A73F8C0EBA967AD09F05,Cajamarca,Corporativo,2025-11-12,11,1
5429,5427,C-05427,190319659D6791F2649131D1737FE7C3CD0C8FAA3AA8DB1B56AAED9E0516F7EE,Cajamarca,Nuevo,2026-08-03,2,1
5430,5428,C-05428,AF380F3D98333AD0063D58D46ABD66AB37F719C28D38BDE3FABA0DBE62B90640,Baños del Inca,Frecuente,2025-09-28,12,1
5431,5429,C-05429,83AAE24D78FE4EC456CCE30E40C9D9598F06E802E5944AD1178F77DE51BF4F57,Cajamarca,Frecuente,2025-06-26,15,1
5432,5430,C-05430,80CF4C12DE6D52AA3D121EB741DA0820A0CB5E03621B9CD8EDD665F4EDDFF201,Baños del Inca,Nuevo,2026-08-21,1,1
5433,5431,C-05431,ADB8AE1613385D6DECEAFDC96FDEB064C9600412E9B7D35FD65F3279F8EAACC6,Cajamarca,Nuevo,2025-09-24,12,1
5434,5432,C-05432,20A1663D48749DFB26B2890E3B2D6816EA6050990D087B6EF424A45F2A5B3BCB,Cajamarca,Nuevo,2025-11-27,10,1
5435,5433,C-05433,40B40C87B1C41CE02954FF14B1432D70FC9060DAB62EDF4710C04E9F94F409CE,Baños del Inca,Frecuente,2026-06-23,3,1
5436,5434,C-05434,730F3250E74CB78AA40F2654D9FC3F9DAAB3EBBE494CA17B3F37A3CDDAED2794,Jesús,Nuevo,2025-08-19,13,1
5437,5435,C-05435,E1BCDA9E6E4B11F1ED2AFFB0835E2421B3855D8283B5148075B9E805AE2B4D85,Cajamarca,Frecuente,2025-08-03,14,1
5438,5436,C-05436,346CFEC5DBD130A9F0D902E689496DB4FC53FDFE69857F2E41A75EC02165EE4E,Baños del Inca,Nuevo,2025-11-05,11,1
5439,5437,C-05437,B08783E244BC7EB1D62A68FF602D0965E2B29C47FE2DAA715DE8DAB8BAC51FC3,Namora,Nuevo,2026-06-08,4,1
5440,5438,C-05438,069617C173DD6AF6E3C18291E5F64822DD86FCCF2990DEACFB90D3A91BFF528A,Cajamarca,Nuevo,2026-03-25,6,1
5441,5439,C-05439,B0B5C653708B50FF7303C8F7C3865B23213466FEF4914546FFC6529866E1DB33,Los Baños,Nuevo,2026-06-26,3,1
5442,5440,C-05440,7FEE98BF090940277D6D21847196C685682556C1678B3AFFA81939D22CEEAF54,Cajabamba,Nuevo,2026-01-20,8,1
5443,5441,C-05441,F6E874F967E910CD1435CE698C3A3F8CCE9BBCEED246D8CC37C2C6F0407B23A2,Cajamarca,Nuevo,2026-03-31,6,1
5444,5442,C-05442,7FCAFEF2FD719C679B68C68D3DC152A847E1341A53922D85AA1E0702459979B8,Cajamarca,Frecuente,2026-02-16,7,1
5445,5443,C-05443,2E71353E374534E6B1073FD613A399DD096144325D45C5DB00ED3FCE83263613,Cajamarca,Frecuente,2025-11-02,11,1
5446,5444,C-05444,70716E2307E47A361B1CAB2190F75510CAB68C17E69FF53678BB7C54DF087959,Cajamarca,Nuevo,2025-10-04,12,1
5447,5445,C-05445,778770444FBAC3D54E02F7DB90425E69933B715542947E960B33DAA8CD57695C,Cajamarca,Frecuente,2025-08-12,14,1
5448,5446,C-05446,665562EA6810AF3802F23019562AF387342E21A3B199E71C15B5220E746F0503,Magdalena,Nuevo,2026-06-02,4,1
5449,5447,C-05447,D24DE76800936D8647D0F28C8126D537A1EED54A938329FCFE9CF209E26EAB6E,Cajamarca,Nuevo,2025-10-22,11,1
5450,5448,C-05448,18CF33C5F021E78DE370250884078109CC8BE7B4ACE23959F7C1478DD9D3CBE8,Celendín,Nuevo,2025-06-03,16,1
5451,5449,C-05449,704A182475DBE415B8F3AF8B8446AE163F50AC07BFDFABDCD44B709941455111,Cajabamba,Nuevo,2026-01-22,8,1
5452,5450,C-05450,CE07FFBDF1372C08938E5CD0589A9E0AD8B0C9E51A7436E38ECFF6639744F3AC,Magdalena,Corporativo,2025-11-10,11,1
5453,5451,C-05451,17FE20DDD16E4A8C475A582427D99EB5996FD9C9E552247333F74F0056267E4A,Cajamarca,Nuevo,2026-01-23,8,1
5454,5452,C-05452,68F69329CF5296CF5EAEC5F1CE445D4C29684FFF639A3B1083957E9D4F8BECCC,Cajamarca,Frecuente,2026-06-11,4,1
5455,5453,C-05453,924C1A38EDC485F5BB4CC9D74E64F08F6150A0289AD3FAC900D5AF8506DF11D1,Los Baños,Nuevo,2025-12-31,9,1
5456,5454,C-05454,9D1FD9B3BEFEB32AEDE5CB2803AAA4C27A5FF9E90B0E714AD76ABE918F1710C3,Cajamarca,Nuevo,2026-04-21,5,1
5457,5455,C-05455,9AAFC8B62DBC3630F3902F74B4710898668D78DF3146A154594F7CCFD107644B,Cajabamba,Nuevo,2025-10-29,11,1
5458,5456,C-05456,B2ACADE015CC1C7B30C4785DD494A0C770D549C7CBAA57DC3A4AE671B55C30A1,Cajamarca,Nuevo,2025-12-11,10,1
5459,5457,C-05457,CD4A4A5C9E4B23B94126C0572620868EE13A0DE04A4B7298C83839449EF4C6B3,Cajamarca,Frecuente,2026-09-11,1,1
5460,5458,C-05458,968341CAEF65684507D8D778348BFFD6209C6A8AE21C98C9B7D77993A27CE9A8,Baños del Inca,Nuevo,2026-06-11,4,1
5461,5459,C-05459,56AE7D186413176AB9CDA4B81E37D06F4851CC52C8A2997DF01AF9CF38EED031,Magdalena,Corporativo,2026-03-28,6,1
5462,5460,C-05460,826F647A471DE4B1DC381E7C2FB2419E814752CB1A85B0E22D5721CDECBFED57,Cajamarca,Nuevo,2025-10-24,11,1
5463,5461,C-05461,449CA2CDE46BEB8764B603EA4B54B5DFC529A7AC0321CAB50C61D17050407D0E,Cajamarca,Nuevo,2026-04-30,5,1
5464,5462,C-05462,A48FDB84E245BD4AF3AE6A681D52F31CEE2D8AE806A29661BEFEBC6F5F7A934E,Celendín,Nuevo,2026-02-20,7,1
5465,5463,C-05463,F1A351195D20CC1BDFBF48822CB421EC6421CDCBF88C66F52B85FAFB92A81E5C,Cajamarca,Nuevo,2025-06-26,15,1
5466,5464,C-05464,1A25F707EA8EF121159EB74DE97CD7A59E5AD589D37A955BE0810C4EF2187ECE,Cajamarca,Frecuente,2026-07-26,2,1
5467,5465,C-05465,FD76171C3F44D2964FB236E6B4A9602696C2A88E4564459432730CAAEFF26F38,Cajamarca,Nuevo,2026-01-03,9,1
5468,5466,C-05466,DFAE7665B7EEC1B6877E7BBFB7E29F9AAD75E8E21FA47D29EA5961DE8D48229D,Magdalena,Corporativo,2026-03-12,7,1
5469,5467,C-05467,01D501818EDD87F304E12641B34C1DF63A8E4442514B5B6862FC9F760B194741,San Juan,Frecuente,2026-03-11,7,1
5470,5468,C-05468,4E3798B8CBE887CD57C1062B417F50FBF0DAC2705AB5887DCAB2FC4B8628D619,Celendín,Nuevo,2026-04-29,5,1
5471,5469,C-05469,784D2DC85D83B97DC786D4C61EF1BDC79A11E7A2915E6036516C8CDD540022BC,Cajamarca,Nuevo,2026-07-20,2,1
5472,5470,C-05470,0E87744C8B557B3A3FBAFA522FC59F71064797331B1ADC8E9C589A39F769C14E,Cajamarca,Nuevo,2026-04-18,5,1
5473,5471,C-05471,31B8BEA7F5AA64097030AE0FF6E4423CC7EDEFEAA41C2B69439D0D3907F1E7A1,Cajamarca,Frecuente,2025-06-16,15,1
5474,5472,C-05472,F75DB80779F06B4F285A5F8527FF2C7BC11E5286F5F2708429D0F554C5C8A45B,Cajamarca,Nuevo,2026-01-26,8,1
5475,5473,C-05473,080E6A4114AABDAFCF19D0851777084228B1D55CC2087AAA9D1C236AA24C7E5A,Cajamarca,Nuevo,2025-10-13,12,1
5476,5474,C-05474,BD73450B1298C81090D4C22CB1FD429EF5CBCA64D7646DAFD2B365E8494937BE,Jesús,Nuevo,2026-08-12,2,1
5477,5475,C-05475,25606DF714CA399B1FC7DE78E90DACD2EBB853E6CAC45EAA2F6D8811E5E7380F,Cajamarca,Nuevo,2025-07-30,14,1
5478,5476,C-05476,39926BCDC777842A6864A56FFC821183FB3135753D3AEDAAF1872C5F1E89A3F6,Cajamarca,Nuevo,2025-07-31,14,1
5479,5477,C-05477,7602F0A89F6C79DC871B0638515E4873A0CE2D513824CAEA71E6D62F53E73961,San Juan,Nuevo,2026-05-22,4,1
5480,5478,C-05478,589A3454BE0F6DA666EB7F0CFB25B025780D179B4F69C43F614F7933A3AA0FEC,Cajabamba,Nuevo,2026-07-04,3,1
5481,5479,C-05479,2E65CB12641FE4C5A287BB9E8CE4F04E6321B2F071018BE37D692FA17205CCB9,Cajamarca,Frecuente,2026-01-31,8,1
5482,5480,C-05480,015BFD5ACB21F426233836B541C79C1DDFDFF2DD710C37BECECE5CE94E0C8913,Cajamarca,Nuevo,2026-05-27,4,1
5483,5481,C-05481,683149D51BFE253CCE1189C679FC2CE2949659E5FDD77835C1B1688545F52C03,Baños del Inca,Frecuente,2025-12-27,9,1
5484,5482,C-05482,2598F6405DA4EB2B310111D9A515FD9A19CF58535848AA215DDAA041B9AB71C5,Cajabamba,Nuevo,2025-11-16,10,1
5485,5483,C-05483,DBFB9DBF1CBA4D75817C042547CF0908E747CE2B47F2CAE85D3745BF0A28A57F,Cajamarca,Frecuente,2026-04-25,5,1
5486,5484,C-05484,6A68322E1487433C102399770D2DFCCD67F2C025D83397F870E7AAB17F3E1562,Cajamarca,Nuevo,2026-04-16,5,1
5487,5485,C-05485,A3A4EDDBFDA994A39370654CFB874C39D9A10E7BA2B878DC9085FEE010268834,Cajamarca,Nuevo,2025-10-24,11,1
5488,5486,C-05486,BC18545F72E7C218ED702C0CC2EEE06F8B0C171AEB552BC5B6B0E1610C0CCFCB,Cajabamba,Frecuente,2025-07-29,14,1
5489,5487,C-05487,82F44637ACE8C304628B3C194DC3C20D2E81ADED650F2710F7E23431AD2EBDB7,Jesús,Frecuente,2025-11-20,10,1
5490,5488,C-05488,9829870B10A38ABE9CCFA1A3715C7EA8F6DDBA9F50833AE9A332B290207A15FD,Cajamarca,Frecuente,2026-01-29,8,1
5491,5489,C-05489,6CB5C3EE13074827478E0BA8CA5BCEAE0E4632826C79447881D76B24F240D2A6,Cajamarca,Nuevo,2025-11-19,10,1
5492,5490,C-05490,E231F39455BA4D972A893320E5F08E536D75BF1B681BD6E9F37537B5004485E6,Namora,Nuevo,2026-05-20,4,1
5493,5491,C-05491,C03546DBD1ACC41CFE249EAFC6A13A393245F97BE3288A8F9B87DC57BDA3F49F,Cajamarca,Nuevo,2026-04-08,6,1
5494,5492,C-05492,D3F347FB45AE77F4337DC1158008380CB37814EC804EFC98DFBF9F026055BA55,Namora,Frecuente,2025-12-20,9,1
5495,5493,C-05493,36FA5A36B893FE8CCA39654DB2A02EDAB95C55FE906BE326428097978DE1161A,Cajamarca,Nuevo,2026-06-02,4,1
5496,5494,C-05494,EB60D339FA4AEB6D5546AC9DD8F883EE252934B13AFD25EA2943AF0213E9ABDF,Llacanora,Frecuente,2025-11-05,11,1
5497,5495,C-05495,0FD8E018C11CA86BA5E0F924D59830F909110CAF346C0D595FD12EF7337492D5,Cajamarca,Nuevo,2026-06-03,4,1
5498,5496,C-05496,FD942CAE9087AFA0B5D24B8406E8E518661AFDC9B21D6AB7FA1100773EEC4999,Cajabamba,Nuevo,2026-05-27,4,1
5499,5497,C-05497,3673AACC7D8F0DFF98D2362251BB5D9D52C8B41295879320EECDC3BD606BC015,Cajamarca,Frecuente,2025-09-26,12,1
5500,5498,C-05498,E870E679D0F0A684372BCAA70A8F1C90C3816599B45B64745EA488E7648FD88A,Cajamarca,Nuevo,2025-08-17,13,1
5501,5499,C-05499,20ECDDF4FB4F0D277BFB9B2A6E0A6D09D4B9A7F841DF19BC331472CA5A2A816A,Cajamarca,Frecuente,2026-04-21,5,1
5502,5500,C-05500,9DEA2EC328E1B6D1DB9A9980D753CC9CABD8546D452EDE9D6DDE432F20EB99D0,Cajamarca,Nuevo,2025-10-17,11,1
