order_ref,fecha_iso,plataforma,plato,cantidad,precio_bruto,comision_pct,distrito_entrega,tiempo_entrega_min,calificacion
EXT-100000,2026-03-05,Rappi,Arroz Negro,2,79.2,20,Cajamarca,38,5.0
EXT-100001,2026-03-18,PedidosYa,Pescado a lo Macho,2,96.8,25,Baños del Inca,12,4.0
EXT-100002,2026-03-30,Rappi,Tiradito Nikkei,1,39.6,20,Baños del Inca,30,5.0
EXT-100003,2026-03-31,PedidosYa,tiradito nikkei,1,39.6,25,Namora,43,4.0
EXT-100004,2026-04-03,PedidosYa,Arroz Negro,1,39.6,22,Cajamarca,49,4.0
EXT-100005,2026-07-17,Rappi,tiradito nikkei,1,39.6,18,Cajamarca,30,5.0
EXT-100006,2026-07-21,PedidosYa,CEVICHE DE POTA,1,24.2,22,San Juan,39,
EXT-100007,2026-02-06,PedidosYa,CEVICHE DE CAMARÓN,1,41.8,22,Cajamarca,28,5.0
EXT-100008,2026-02-08,PedidosYa,Chicharrón de Calamar,2,70.4,25,Llacanora,38,4.0
EXT-100009,2026-05-31,Rappi,Ceviche de Pota,3,72.6,20,Los Baños,43,3.0
EXT-100010,2026-08-27,Rappi,tiradito nikkei,1,39.6,18,Cajamarca,30,
EXT-100011,2026-07-14,PedidosYa,Leche de Tigre,1,19.8,25,Cajamarca,41,4.0
EXT-100012,2026-09-15,PedidosYa,CEVICHE CARRETILLERO,1,33.0,22,Cajamarca,20,
EXT-100013,2026-07-28,PedidosYa,tacu tacu con mariscos,3,122.1,22,Cajamarca,33,5.0
EXT-100014,2026-07-21,Rappi,Sudado de Pescado,1,37.4,18,Cajamarca,25,4.0
EXT-100015,2026-01-24,Rappi,Ceviche de Conchas Negras,1,46.2,20,Baños del Inca,30,5.0
EXT-100016,2026-04-06,Rappi,sopa chilcano de pescado,1,27.5,20,Cajamarca,47,5.0
EXT-100017,2026-08-15,Rappi,Cebiche de Camarón,2,83.6,18,Cajamarca,27,4.0
EXT-100018,2026-01-18,PedidosYa,Ceviche de Conchas Negras,1,46.2,22,Cajamarca,31,5.0
EXT-100019,2026-09-01,PedidosYa,pescado a lo macho,1,48.4,22,Llacanora,39,
EXT-100020,2026-07-07,PedidosYa,CHICHARRÓN DE PESCADO,1,33.0,22,Cajamarca,52,
EXT-100021,2026-08-27,PedidosYa,Tiradito Nikkei,1,39.6,22,Cajamarca,36,2.0
EXT-100022,2026-04-07,PedidosYa,ARROZ NEGRO,1,39.6,22,Baños del Inca,38,2.0
EXT-100023,2026-07-29,Rappi,Arroz con Pato Marino,1,36.3,20,Cajamarca,38,4.0
EXT-100024,2026-05-01,PedidosYa,Cebiche de Conchas Negras,1,46.2,22,Cajamarca,20,5.0
EXT-100025,2026-08-28,PedidosYa,Saltado de Mariscos,1,39.6,22,Cajamarca,36,4.0
EXT-100026,2026-09-18,Rappi,chaufa de pescado,2,61.6,18,Cajamarca,50,4.0
EXT-100027,2026-07-25,Rappi,tiradito nikkei,1,39.6,18,Cajamarca,55,4.0
EXT-100028,2026-08-08,PedidosYa,ceviche vegetariano,3,79.2,22,Cajamarca,32,
EXT-100029,2026-03-21,Rappi,SUDADO DE PESCADO,1,37.4,18,Baños del Inca,31,4.0
EXT-100030,2026-08-05,PedidosYa,Ceviche Mixto,1,37.4,22,Llacanora,32,4.0
EXT-100031,2026-08-07,Rappi,Sudado de Pescado,2,74.8,18,Cajamarca,32,5.0
EXT-100032,2026-01-17,PedidosYa,CEVICHE VEGETARIANO,1,26.4,25,Baños del Inca,36,4.0
EXT-100033,2026-04-12,Rappi,Chicharron de Pescado,1,33.0,18,Los Baños,36,
EXT-100034,2026-05-15,Rappi,FILETE A LA CHORRILLANA,1,41.8,20,Cajamarca,51,5.0
EXT-100035,2026-08-05,Rappi,CEVICHE DE CAMARÓN,1,41.8,18,Cajamarca,35,4.0
EXT-100036,2026-06-12,Rappi,Tiradito Nikkei,1,39.6,18,Los Baños,35,
EXT-100037,2026-07-04,PedidosYa,Chaufa de Pescado,1,30.8,22,Cajamarca,26,4.0
EXT-100038,2026-08-25,PedidosYa,LECHE DE TIGRE,2,39.6,22,Cajamarca,44,4.0
EXT-100039,2026-06-09,Rappi,Ceviche Mixto,1,37.4,20,Cajamarca,37,4.0
EXT-100040,2026-01-07,Rappi,Ceviche Carretillero,2,66.0,20,Cajamarca,34,4.0
EXT-100041,2026-03-03,Rappi,Chaufa de Pescado,1,30.8,18,Cajamarca,30,1.0
EXT-100042,2026-02-24,PedidosYa,ARROZ CON PATO MARINO,1,36.3,22,Cajamarca,43,4.0
EXT-100043,2026-09-06,PedidosYa,Ceviche Carretillero,2,66.0,22,Cajamarca,40,
EXT-100044,2026-01-09,PedidosYa,Cebiche Clásico,1,30.8,25,Los Baños,37,4.0
EXT-100045,2026-09-04,PedidosYa,Tiradito Nikkei,1,39.6,25,Cajamarca,24,3.0
EXT-100046,2026-02-23,PedidosYa,Chicharrón de Calamar,1,35.2,22,Cajamarca,36,
EXT-100047,2026-08-10,PedidosYa,Tiradito Nikkei,1,39.6,22,Baños del Inca,31,5.0
EXT-100048,2026-03-15,Rappi,Chicharrón de Calamar,1,35.2,18,Baños del Inca,56,4.0
EXT-100049,2026-03-19,PedidosYa,Sudado de Pescado,1,37.4,25,Los Baños,37,
EXT-100050,2026-06-08,PedidosYa,LECHE DE TIGRE,1,19.8,25,Los Baños,30,5.0
EXT-100051,2026-07-23,PedidosYa,filete a la chorrillana,1,41.8,25,Cajamarca,35,4.0
EXT-100052,2026-09-12,Rappi,CEVICHE MIXTO,1,37.4,20,Cajamarca,29,4.0
EXT-100053,2026-02-19,Rappi,CEVICHE VEGETARIANO,3,79.2,20,Llacanora,32,3.0
EXT-100054,2026-04-14,PedidosYa,Tiradito Nikkei,1,39.6,22,Cajamarca,28,5.0
EXT-100055,2026-04-26,PedidosYa,Cebiche de Pota,1,24.2,22,Los Baños,31,4.0
EXT-100056,2026-03-28,Rappi,Chicharrón de Calamar,1,35.2,18,Los Baños,38,4.0
EXT-100057,2026-07-26,Rappi,arroz negro,1,39.6,18,Cajamarca,34,1.0
EXT-100058,2026-03-31,Rappi,Chicharrón de Calamar,1,35.2,20,Los Baños,31,2.0
EXT-100059,2026-09-26,PedidosYa,CEVICHE CLÁSICO,1,30.8,22,Cajamarca,27,5.0
EXT-100060,2026-07-13,PedidosYa,Pescado a lo Macho,1,48.4,22,Baños del Inca,46,5.0
EXT-100061,2026-09-06,Rappi,leche de pantera,2,57.2,20,Cajamarca,37,4.0
EXT-100062,2026-02-08,Rappi,Ceviche Vegetariano,1,26.4,18,Cajamarca,27,4.0
EXT-100063,2026-02-28,PedidosYa,Ceviche Clásico,2,61.6,25,Cajamarca,34,4.0
EXT-100064,2026-03-15,Rappi,Filete a la Chorrillana,1,41.8,20,Los Baños,36,5.0
EXT-100065,2026-02-05,Rappi,Pescado a lo Macho,1,48.4,20,Los Baños,32,3.0
EXT-100066,2026-09-21,Rappi,Sudado de Pescado,2,74.8,20,Cajamarca,27,
EXT-100067,2026-03-05,PedidosYa,Leche de Tigre Especial,1,26.4,25,Los Baños,19,4.0
EXT-100068,2026-08-07,Rappi,Arroz con Pato Marino,1,36.3,20,Cajamarca,35,4.0
EXT-100069,2026-07-05,PedidosYa,Ceviche Clásico,2,61.6,22,Cajamarca,38,5.0
EXT-100070,2026-04-10,PedidosYa,Cebiche Mixto,3,112.2,22,Cajamarca,33,4.0
EXT-100071,2026-07-04,PedidosYa,CEVICHE CARRETILLERO,1,33.0,22,Cajamarca,29,4.0
EXT-100072,2026-05-13,Rappi,CHICHARRÓN DE CALAMAR,1,35.2,20,Namora,36,3.0
EXT-100073,2026-07-24,PedidosYa,Ceviche Mixto,1,37.4,22,Cajamarca,30,
EXT-100074,2026-07-14,Rappi,Parihuela,1,46.2,18,Baños del Inca,29,4.0
EXT-100075,2026-05-25,PedidosYa,CEVICHE DE POTA,3,72.6,25,Baños del Inca,37,5.0
EXT-100076,2026-08-04,Rappi,Ceviche Vegetariano,1,26.4,18,Cajamarca,28,4.0
EXT-100077,2026-03-24,Rappi,Ceviche Vegetariano,2,52.8,18,Cajamarca,25,4.0
EXT-100078,2026-09-04,PedidosYa,Sudado de Pescado,3,112.2,25,Cajamarca,28,5.0
EXT-100079,2026-06-12,Rappi,ceviche de pota,2,48.4,20,Cajamarca,22,3.0
EXT-100080,2026-01-08,Rappi,PESCADO A LO MACHO,1,48.4,18,Cajamarca,29,5.0
EXT-100081,2026-07-28,PedidosYa,TIRADITO NIKKEI,1,39.6,25,Cajamarca,20,1.0
EXT-100082,2026-03-02,PedidosYa,tiradito nikkei,1,39.6,25,Cajamarca,43,4.0
EXT-100083,2026-05-22,Rappi,arroz chaufa de mariscos,1,35.2,18,Baños del Inca,22,3.0
EXT-100084,2026-07-12,PedidosYa,leche de pantera,1,28.6,22,Baños del Inca,36,4.0
EXT-100085,2026-09-07,PedidosYa,ceviche mixto,1,37.4,22,Cajamarca,42,2.0
EXT-100086,2026-01-10,Rappi,Ceviche Carretillero,3,99.0,18,Cajamarca,45,5.0
EXT-100087,2026-07-11,Rappi,jalea mixta,2,99.0,20,Cajamarca,17,4.0
EXT-100088,2026-09-02,PedidosYa,ceviche vegetariano,1,26.4,25,Baños del Inca,56,5.0
EXT-100089,2026-04-08,PedidosYa,Chicharrón de Calamar,1,35.2,22,Los Baños,37,4.0
EXT-100090,2026-02-02,PedidosYa,Arroz con Pato Marino,1,36.3,25,Baños del Inca,31,4.0
EXT-100091,2026-08-07,PedidosYa,Cebiche Clásico,2,61.6,25,Cajamarca,43,1.0
EXT-100092,2026-08-22,Rappi,chicharrón de calamar,1,35.2,18,Cajamarca,34,4.0
EXT-100093,2026-05-09,PedidosYa,Parihuela,1,46.2,25,Cajamarca,36,4.0
EXT-100094,2026-06-18,Rappi,Chicharron de Calamar,1,35.2,20,Baños del Inca,26,5.0
EXT-100095,2026-08-07,Rappi,Arroz Negro,1,39.6,20,Cajamarca,34,5.0
EXT-100096,2026-01-18,PedidosYa,Ceviche Carretillero,1,33.0,25,Cajamarca,42,4.0
EXT-100097,2026-08-07,Rappi,Chicharrón de Calamar,2,70.4,20,Baños del Inca,45,5.0
EXT-100098,2026-09-22,PedidosYa,TIRADITO NIKKEI,1,39.6,22,Cajamarca,42,4.0
EXT-100099,2026-03-24,PedidosYa,Saltado de Mariscos,1,39.6,22,Cajamarca,41,4.0
EXT-100100,2026-07-14,PedidosYa,PARIHUELA,3,138.6,25,San Juan,36,5.0
EXT-100101,2026-08-04,Rappi,Cebiche Vegetariano,3,79.2,18,Cajamarca,44,4.0
EXT-100102,2026-04-27,Rappi,Cebiche de Pota,1,24.2,18,Baños del Inca,45,4.0
EXT-100103,2026-06-14,PedidosYa,Chicharrón de Calamar,1,35.2,25,Los Baños,57,2.0
EXT-100104,2026-05-14,Rappi,sopa chilcano de pescado,1,27.5,20,Cajamarca,29,5.0
EXT-100105,2026-01-28,PedidosYa,Tiradito Nikkei,1,39.6,22,Cajamarca,49,5.0
EXT-100106,2026-06-17,Rappi,Cebiche Carretillero,3,99.0,20,Cajamarca,44,4.0
EXT-100107,2026-02-21,PedidosYa,Chaufa de Pescado,1,30.8,22,Baños del Inca,30,
EXT-100108,2026-04-07,PedidosYa,Tacu Tacu con Mariscos,1,40.7,25,Cajamarca,54,4.0
EXT-100109,2026-02-21,Rappi,chicharrón de pescado,1,33.0,20,Cajamarca,38,5.0
EXT-100110,2026-02-20,PedidosYa,chaufa de pescado,1,30.8,22,Cajamarca,46,5.0
EXT-100111,2026-01-20,PedidosYa,ceviche mixto,1,37.4,25,Cajamarca,28,4.0
EXT-100112,2026-06-12,PedidosYa,CHICHARRÓN DE CALAMAR,1,35.2,22,Cajamarca,32,2.0
EXT-100113,2026-04-11,PedidosYa,TACU TACU CON MARISCOS,1,40.7,25,Cajamarca,24,4.0
EXT-100114,2026-06-09,PedidosYa,leche de tigre,3,59.4,25,Los Baños,43,4.0
EXT-100115,2026-01-08,PedidosYa,tiradito nikkei,2,79.2,25,Cajamarca,19,4.0
EXT-100116,2026-08-12,PedidosYa,Filete a la Chorrillana,2,83.6,25,Cajamarca,36,4.0
EXT-100117,2026-05-08,PedidosYa,saltado de mariscos,1,39.6,25,Cajamarca,25,5.0
EXT-100118,2026-09-19,PedidosYa,Leche de Pantera,1,28.6,22,Cajamarca,48,5.0
EXT-100119,2026-07-31,Rappi,TIRADITO NIKKEI,3,118.8,18,Cajamarca,26,4.0
EXT-100120,2026-07-05,Rappi,TACU TACU CON MARISCOS,1,40.7,18,Namora,38,4.0
EXT-100121,2026-04-14,Rappi,Ceviche de Pota,2,48.4,18,Baños del Inca,24,4.0
EXT-100122,2026-06-05,Rappi,ARROZ CHAUFA DE MARISCOS,1,35.2,20,Cajamarca,19,5.0
EXT-100123,2026-07-13,PedidosYa,SUDADO DE PESCADO,3,112.2,22,Los Baños,41,4.0
EXT-100124,2026-07-10,Rappi,ceviche de camarón,1,41.8,20,Baños del Inca,23,
EXT-100125,2026-09-16,PedidosYa,Ceviche Carretillero,2,66.0,25,Cajamarca,47,3.0
EXT-100126,2026-02-06,PedidosYa,ceviche de conchas negras,1,46.2,22,Baños del Inca,39,4.0
EXT-100127,2026-07-01,PedidosYa,Leche de Tigre Especial,2,52.8,22,Cajamarca,28,5.0
EXT-100128,2026-07-06,Rappi,CEVICHE VEGETARIANO,1,26.4,20,Cajamarca,34,
EXT-100129,2026-05-28,PedidosYa,CEVICHE CARRETILLERO,1,33.0,25,Cajamarca,37,4.0
EXT-100130,2026-06-07,Rappi,chicharrón de calamar,1,35.2,18,Cajamarca,18,5.0
EXT-100131,2026-06-26,PedidosYa,Tacu Tacu con Mariscos,1,40.7,22,Cajamarca,43,3.0
EXT-100132,2026-03-13,Rappi,Tiradito Nikkei,1,39.6,20,Cajamarca,43,3.0
EXT-100133,2026-04-12,Rappi,Tiradito Nikkei,1,39.6,20,Baños del Inca,45,5.0
EXT-100134,2026-07-23,Rappi,Tiradito Nikkei,1,39.6,18,Baños del Inca,45,5.0
EXT-100135,2026-07-29,Rappi,parihuela,1,46.2,20,Cajamarca,40,5.0
EXT-100136,2026-04-03,PedidosYa,SUDADO DE PESCADO,1,37.4,22,Cajamarca,39,5.0
EXT-100137,2026-05-10,PedidosYa,Ceviche de Camaron,1,41.8,22,Baños del Inca,23,4.0
EXT-100138,2026-06-11,Rappi,ceviche de pota,3,72.6,18,Baños del Inca,38,4.0
EXT-100139,2026-07-13,PedidosYa,Ceviche Carretillero,2,66.0,25,Cajamarca,34,5.0
EXT-100140,2026-05-31,PedidosYa,TACU TACU CON MARISCOS,1,40.7,25,Cajamarca,23,4.0
EXT-100141,2026-07-30,PedidosYa,Parihuela,2,92.4,25,Cajamarca,31,5.0
EXT-100142,2026-01-12,Rappi,Ceviche Mixto,1,37.4,18,Los Baños,50,5.0
EXT-100143,2026-07-07,Rappi,Ceviche de Pota,2,48.4,20,Baños del Inca,43,4.0
EXT-100144,2026-05-20,Rappi,Tiradito Nikkei,1,39.6,18,Llacanora,51,3.0
EXT-100145,2026-02-16,PedidosYa,Ceviche de Pota,1,24.2,25,Baños del Inca,50,4.0
EXT-100146,2026-04-25,Rappi,CEVICHE CLÁSICO,1,30.8,20,Cajamarca,49,4.0
EXT-100147,2026-07-09,Rappi,tacu tacu con mariscos,2,81.4,20,Cajamarca,12,4.0
EXT-100148,2026-05-03,Rappi,Arroz con Mariscos,3,115.5,18,Namora,45,3.0
EXT-100149,2026-04-28,PedidosYa,Leche de Tigre,1,19.8,22,Cajamarca,56,5.0
EXT-100150,2026-04-19,Rappi,Ceviche de Conchas Negras,2,92.4,18,Cajamarca,32,4.0
EXT-100151,2026-06-01,PedidosYa,Arroz Negro,3,118.8,22,Cajamarca,40,4.0
EXT-100152,2026-07-05,PedidosYa,Arroz con Mariscos,1,38.5,22,Cajamarca,18,5.0
EXT-100153,2026-09-14,PedidosYa,Tiradito Nikkei,3,118.8,25,Los Baños,32,5.0
EXT-100154,2026-07-25,PedidosYa,CEVICHE VEGETARIANO,2,52.8,22,Llacanora,27,3.0
EXT-100155,2026-02-14,Rappi,Chicharron de Pescado,2,66.0,20,Cajamarca,47,4.0
EXT-100156,2026-01-01,Rappi,Cebiche de Conchas Negras,2,92.4,20,Cajamarca,31,2.0
EXT-100157,2026-08-24,Rappi,ceviche vegetariano,1,26.4,20,Cajamarca,44,4.0
EXT-100158,2026-02-13,PedidosYa,filete a la chorrillana,2,83.6,25,Cajamarca,34,1.0
EXT-100159,2026-04-01,Rappi,Arroz con Mariscos,2,77.0,20,Cajamarca,22,3.0
EXT-100160,2026-08-01,PedidosYa,ceviche de camarón,1,41.8,22,Baños del Inca,37,4.0
EXT-100161,2026-07-09,PedidosYa,SALTADO DE MARISCOS,2,79.2,25,Cajamarca,24,5.0
EXT-100162,2026-08-11,Rappi,Ceviche de Pota,2,48.4,18,Baños del Inca,20,4.0
EXT-100163,2026-06-19,PedidosYa,Chaufa de Pescado,1,30.8,22,Cajamarca,28,4.0
EXT-100164,2026-04-01,PedidosYa,CEVICHE DE CAMARÓN,1,41.8,25,Baños del Inca,26,5.0
EXT-100165,2026-09-25,PedidosYa,Ceviche Mixto,3,112.2,22,Cajamarca,51,5.0
EXT-100166,2026-08-25,PedidosYa,Ceviche Vegetariano,3,79.2,22,Cajamarca,38,
EXT-100167,2026-08-18,Rappi,Leche de Tigre,1,19.8,20,Cajamarca,27,5.0
EXT-100168,2026-09-25,PedidosYa,chicharrón de calamar,1,35.2,22,Cajamarca,33,4.0
EXT-100169,2026-05-02,PedidosYa,Tiradito Nikkei,1,39.6,22,Baños del Inca,27,5.0
EXT-100170,2026-06-30,PedidosYa,Ceviche de Camaron,1,41.8,25,Cajamarca,41,4.0
EXT-100171,2026-04-16,Rappi,chicharrón de pescado,1,33.0,20,Cajamarca,24,1.0
EXT-100172,2026-06-15,PedidosYa,CEVICHE DE CAMARÓN,1,41.8,22,Cajamarca,25,
EXT-100173,2026-04-30,PedidosYa,JALEA MIXTA,1,49.5,22,Cajamarca,25,4.0
EXT-100174,2026-07-04,PedidosYa,Cebiche Vegetariano,2,52.8,25,Cajamarca,28,5.0
EXT-100175,2026-05-27,PedidosYa,Ceviche de Pota,1,24.2,25,Llacanora,26,3.0
EXT-100176,2026-06-28,Rappi,CEVICHE CARRETILLERO,1,33.0,18,Baños del Inca,27,5.0
EXT-100177,2026-05-08,PedidosYa,ceviche de pota,1,24.2,22,Baños del Inca,41,1.0
EXT-100178,2026-08-18,PedidosYa,TACU TACU CON MARISCOS,1,40.7,22,Cajamarca,27,5.0
EXT-100179,2026-02-22,Rappi,ARROZ NEGRO,1,39.6,18,Baños del Inca,17,4.0
EXT-100180,2026-05-07,PedidosYa,Ceviche de Pota,1,24.2,22,Baños del Inca,49,2.0
EXT-100181,2026-01-30,PedidosYa,CEVICHE DE CAMARÓN,2,83.6,25,Cajamarca,35,
EXT-100182,2026-06-30,Rappi,ceviche mixto,3,112.2,20,Cajamarca,21,4.0
EXT-100183,2026-03-15,Rappi,leche de tigre,1,19.8,18,Cajamarca,29,5.0
EXT-100184,2026-05-29,PedidosYa,Chicharrón de Pescado,1,33.0,25,San Juan,37,3.0
EXT-100185,2026-05-12,Rappi,ceviche vegetariano,2,52.8,18,Cajamarca,28,5.0
EXT-100186,2026-08-03,PedidosYa,Filete a la Chorrillana,1,41.8,25,Cajamarca,37,1.0
EXT-100187,2026-06-27,Rappi,LECHE DE TIGRE ESPECIAL,1,26.4,18,Cajamarca,40,4.0
EXT-100188,2026-02-15,PedidosYa,chicharrón de calamar,1,35.2,22,Los Baños,29,3.0
EXT-100189,2026-04-06,Rappi,Leche de Tigre Especial,1,26.4,20,Cajamarca,20,3.0
EXT-100190,2026-06-11,PedidosYa,Sudado de Pescado,1,37.4,25,Cajamarca,30,5.0
EXT-100191,2026-09-10,PedidosYa,Tiradito Nikkei,1,39.6,25,San Juan,43,5.0
EXT-100192,2026-04-24,PedidosYa,Arroz Negro,1,39.6,25,Cajamarca,34,5.0
EXT-100193,2026-02-22,PedidosYa,Tiradito Nikkei,1,39.6,22,Cajamarca,29,4.0
EXT-100194,2026-04-21,PedidosYa,Ceviche Mixto,1,37.4,25,Los Baños,27,
EXT-100195,2026-04-03,Rappi,Pescado a lo Macho,1,48.4,18,Cajamarca,34,4.0
EXT-100196,2026-04-01,Rappi,Tiradito Nikkei,1,39.6,18,Baños del Inca,46,4.0
EXT-100197,2026-04-18,Rappi,Tiradito Nikkei,1,39.6,20,Cajamarca,31,5.0
EXT-100198,2026-08-06,PedidosYa,CEVICHE CLÁSICO,2,61.6,22,Cajamarca,45,3.0
EXT-100199,2026-08-28,PedidosYa,Ceviche de Conchas Negras,1,46.2,25,Cajamarca,29,3.0
EXT-100200,2026-01-07,PedidosYa,chaufa de pescado,3,92.4,22,Cajamarca,34,4.0
EXT-100201,2026-09-12,Rappi,Tacu Tacu con Mariscos,1,40.7,18,Llacanora,33,
EXT-100202,2026-01-15,PedidosYa,Chicharrón de Pescado,1,33.0,22,Cajamarca,17,4.0
EXT-100203,2026-06-08,PedidosYa,Ceviche Vegetariano,1,26.4,22,Cajamarca,34,5.0
EXT-100204,2026-07-26,PedidosYa,PESCADO A LO MACHO,1,48.4,25,Cajamarca,18,4.0
EXT-100205,2026-09-05,Rappi,Cebiche Mixto,1,37.4,20,Baños del Inca,21,3.0
EXT-100206,2026-03-04,PedidosYa,arroz chaufa de mariscos,2,70.4,22,Cajamarca,42,5.0
EXT-100207,2026-09-26,PedidosYa,Filete a la Chorrillana,1,41.8,22,Cajamarca,31,5.0
EXT-100208,2026-04-07,PedidosYa,Ceviche de Pota,1,24.2,22,Baños del Inca,17,
EXT-100209,2026-07-04,Rappi,SOPA CHILCANO DE PESCADO,1,27.5,20,Cajamarca,19,
EXT-100210,2026-06-28,PedidosYa,Filete a la Chorrillana,1,41.8,25,Cajamarca,36,5.0
EXT-100211,2026-04-19,PedidosYa,Cebiche Vegetariano,3,79.2,25,Cajamarca,41,
EXT-100212,2026-06-08,Rappi,CEVICHE VEGETARIANO,1,26.4,18,Los Baños,48,5.0
EXT-100213,2026-04-03,Rappi,Tiradito Nikkei,1,39.6,20,Cajamarca,29,4.0
EXT-100214,2026-06-30,Rappi,leche de tigre,3,59.4,18,Cajamarca,35,
EXT-100215,2026-06-23,PedidosYa,Tiradito Nikkei,1,39.6,22,Cajamarca,35,5.0
EXT-100216,2026-03-22,Rappi,Ceviche Mixto,1,37.4,20,Cajamarca,30,4.0
EXT-100217,2026-04-16,PedidosYa,Sopa Chilcano de Pescado,1,27.5,25,Llacanora,40,5.0
EXT-100218,2026-06-06,PedidosYa,Ceviche de Camaron,1,41.8,22,Cajamarca,38,4.0
EXT-100219,2026-07-05,Rappi,Leche de Tigre Especial,2,52.8,20,Cajamarca,28,4.0
EXT-100220,2026-01-16,PedidosYa,Pescado a lo Macho,1,48.4,22,Baños del Inca,52,4.0
EXT-100221,2026-01-14,PedidosYa,Leche de Tigre,1,19.8,25,Los Baños,46,5.0
EXT-100222,2026-03-01,PedidosYa,ceviche de pota,1,24.2,25,Cajamarca,20,5.0
EXT-100223,2026-01-26,Rappi,SUDADO DE PESCADO,1,37.4,18,Cajamarca,23,2.0
EXT-100224,2026-07-05,Rappi,Jalea Mixta,1,49.5,18,Baños del Inca,35,5.0
EXT-100225,2026-09-06,Rappi,ceviche clásico,1,30.8,18,Cajamarca,20,3.0
EXT-100226,2026-03-18,PedidosYa,FILETE A LA CHORRILLANA,2,83.6,22,Cajamarca,41,4.0
EXT-100227,2026-05-08,PedidosYa,Sudado de Pescado,2,74.8,25,Cajamarca,36,1.0
EXT-100228,2026-04-29,PedidosYa,tacu tacu con mariscos,1,40.7,25,Cajamarca,25,3.0
EXT-100229,2026-04-07,PedidosYa,Tiradito Nikkei,1,39.6,22,Baños del Inca,32,4.0
EXT-100230,2026-05-30,PedidosYa,arroz negro,1,39.6,22,Baños del Inca,42,5.0
EXT-100231,2026-02-11,Rappi,CEVICHE CLÁSICO,1,30.8,20,Llacanora,44,5.0
EXT-100232,2026-04-17,Rappi,TACU TACU CON MARISCOS,1,40.7,20,Cajamarca,39,5.0
EXT-100233,2026-09-17,PedidosYa,Ceviche de Conchas Negras,1,46.2,22,Baños del Inca,30,5.0
EXT-100234,2026-09-05,PedidosYa,Chaufa de Pescado,1,30.8,25,Cajamarca,39,5.0
EXT-100235,2026-05-18,PedidosYa,Arroz Negro,1,39.6,25,Cajamarca,30,2.0
EXT-100236,2026-05-13,PedidosYa,Cebiche Vegetariano,1,26.4,25,Cajamarca,38,5.0
EXT-100237,2026-07-10,Rappi,Cebiche Clásico,2,61.6,18,Cajamarca,52,5.0
EXT-100238,2026-06-09,PedidosYa,Tiradito Nikkei,1,39.6,25,Cajamarca,26,1.0
EXT-100239,2026-08-31,Rappi,CEVICHE DE CAMARÓN,1,41.8,18,Llacanora,14,4.0
EXT-100240,2026-08-30,PedidosYa,SOPA CHILCANO DE PESCADO,1,27.5,22,Baños del Inca,13,5.0
EXT-100241,2026-05-22,PedidosYa,Pescado a lo Macho,1,48.4,22,Cajamarca,15,5.0
EXT-100242,2026-09-18,PedidosYa,Sudado de Pescado,1,37.4,22,Llacanora,45,3.0
EXT-100243,2026-04-28,PedidosYa,Chicharron de Pescado,1,33.0,25,Cajamarca,26,3.0
EXT-100244,2026-02-12,PedidosYa,CEVICHE CARRETILLERO,1,33.0,25,Cajamarca,37,1.0
EXT-100245,2026-05-30,PedidosYa,arroz negro,1,39.6,22,Baños del Inca,33,4.0
EXT-100246,2026-05-11,PedidosYa,Cebiche Vegetariano,1,26.4,25,Cajamarca,21,5.0
EXT-100247,2026-04-29,PedidosYa,ceviche clásico,1,30.8,22,Cajamarca,32,5.0
EXT-100248,2026-09-11,PedidosYa,Arroz Negro,1,39.6,22,Cajamarca,45,2.0
EXT-100249,2026-07-13,PedidosYa,Chicharrón de Pescado,2,66.0,22,Cajamarca,32,
EXT-100250,2026-01-02,PedidosYa,Leche de Tigre Especial,1,26.4,22,Cajamarca,42,
EXT-100251,2026-01-12,PedidosYa,Ceviche Carretillero,1,33.0,22,Cajamarca,26,
EXT-100252,2026-08-09,PedidosYa,Tiradito Nikkei,1,39.6,22,Los Baños,39,
EXT-100253,2026-09-08,PedidosYa,Tiradito Nikkei,2,79.2,25,Baños del Inca,50,1.0
EXT-100254,2026-05-19,PedidosYa,Chaufa de Pescado,1,30.8,25,Baños del Inca,19,
EXT-100255,2026-03-26,PedidosYa,Chicharrón de Calamar,1,35.2,22,Los Baños,33,1.0
EXT-100256,2026-05-02,PedidosYa,TIRADITO NIKKEI,1,39.6,25,Cajamarca,45,4.0
EXT-100257,2026-06-23,Rappi,ARROZ NEGRO,1,39.6,20,Llacanora,36,5.0
EXT-100258,2026-06-30,PedidosYa,Leche de Tigre Especial,1,26.4,25,Cajamarca,31,3.0
EXT-100259,2026-08-03,PedidosYa,ARROZ NEGRO,1,39.6,25,Cajamarca,37,5.0
EXT-100260,2026-04-26,PedidosYa,LECHE DE TIGRE ESPECIAL,1,26.4,25,Cajamarca,29,
EXT-100261,2026-03-21,Rappi,Chaufa de Pescado,2,61.6,20,San Juan,39,4.0
EXT-100262,2026-01-11,PedidosYa,ARROZ CON PATO MARINO,1,36.3,25,Cajamarca,30,5.0
EXT-100263,2026-09-27,Rappi,Leche de Tigre Especial,3,79.2,20,Cajamarca,38,3.0
EXT-100264,2026-01-10,Rappi,Ceviche Clasico,3,92.4,18,Cajamarca,44,5.0
EXT-100265,2026-06-17,Rappi,Chaufa de Pescado,2,61.6,18,Cajamarca,46,4.0
EXT-100266,2026-09-01,Rappi,Ceviche de Camaron,1,41.8,18,Cajamarca,36,4.0
EXT-100267,2026-07-20,PedidosYa,tiradito nikkei,2,79.2,22,Cajamarca,45,3.0
EXT-100268,2026-09-04,PedidosYa,Tiradito Nikkei,2,79.2,22,Cajamarca,34,4.0
EXT-100269,2026-06-20,PedidosYa,Cebiche Vegetariano,3,79.2,22,Cajamarca,39,5.0
EXT-100270,2026-08-17,Rappi,ceviche de conchas negras,1,46.2,20,Cajamarca,46,5.0
EXT-100271,2026-01-02,Rappi,CEVICHE VEGETARIANO,2,52.8,18,Cajamarca,30,2.0
EXT-100272,2026-08-16,Rappi,Ceviche de Pota,3,72.6,18,Baños del Inca,30,4.0
EXT-100273,2026-03-16,Rappi,chaufa de pescado,1,30.8,18,Baños del Inca,32,4.0
EXT-100274,2026-01-09,Rappi,Chaufa de Pescado,1,30.8,18,Cajamarca,30,5.0
EXT-100275,2026-07-20,Rappi,Chicharron de Calamar,1,35.2,18,Cajamarca,28,3.0
EXT-100276,2026-06-22,Rappi,Sopa Chilcano de Pescado,1,27.5,20,Baños del Inca,42,5.0
EXT-100277,2026-01-29,PedidosYa,Cebiche de Camarón,1,41.8,25,Baños del Inca,28,5.0
EXT-100278,2026-02-22,Rappi,Tacu Tacu con Mariscos,1,40.7,20,Los Baños,19,3.0
EXT-100279,2026-05-10,PedidosYa,chicharrón de pescado,1,33.0,25,Cajamarca,43,4.0
EXT-100280,2026-04-06,Rappi,ceviche carretillero,1,33.0,18,Cajamarca,31,5.0
EXT-100281,2026-09-18,PedidosYa,Ceviche Carretillero,1,33.0,25,Cajamarca,29,5.0
EXT-100282,2026-05-31,PedidosYa,Arroz con Pato Marino,3,108.9,22,Cajamarca,38,
EXT-100283,2026-09-13,PedidosYa,ceviche carretillero,2,66.0,25,Baños del Inca,44,4.0
EXT-100284,2026-07-25,Rappi,Cebiche de Conchas Negras,1,46.2,18,Cajamarca,30,1.0
EXT-100285,2026-06-28,PedidosYa,CEVICHE CARRETILLERO,1,33.0,25,Cajamarca,49,4.0
EXT-100286,2026-04-11,Rappi,Ceviche de Pota,2,48.4,20,Baños del Inca,33,5.0
EXT-100287,2026-01-16,Rappi,CHICHARRÓN DE PESCADO,3,99.0,20,Los Baños,23,
EXT-100288,2026-06-28,Rappi,Chaufa de Pescado,1,30.8,20,Namora,34,4.0
EXT-100289,2026-04-14,PedidosYa,Arroz con Pato Marino,1,36.3,22,Cajamarca,28,4.0
EXT-100290,2026-08-23,PedidosYa,CEVICHE VEGETARIANO,1,26.4,25,Cajamarca,25,5.0
EXT-100291,2026-06-13,PedidosYa,Leche de Tigre Especial,1,26.4,22,Cajamarca,20,4.0
EXT-100292,2026-04-21,PedidosYa,Ceviche Mixto,2,74.8,25,Baños del Inca,42,5.0
EXT-100293,2026-09-13,Rappi,saltado de mariscos,2,79.2,18,Cajamarca,33,5.0
EXT-100294,2026-09-20,PedidosYa,Chicharron de Pescado,1,33.0,22,Baños del Inca,42,4.0
EXT-100295,2026-06-17,PedidosYa,ceviche clásico,1,30.8,25,Cajamarca,31,5.0
EXT-100296,2026-07-19,Rappi,leche de tigre,2,39.6,18,Cajamarca,30,4.0
EXT-100297,2026-05-02,Rappi,chaufa de pescado,1,30.8,20,Cajamarca,36,
EXT-100298,2026-09-16,PedidosYa,Cebiche Vegetariano,1,26.4,25,Cajamarca,40,3.0
EXT-100299,2026-04-22,PedidosYa,Ceviche Vegetariano,2,52.8,25,Llacanora,27,5.0
EXT-100300,2026-06-20,Rappi,Ceviche Clásico,2,61.6,20,Cajamarca,25,4.0
EXT-100301,2026-01-19,Rappi,Arroz con Mariscos,1,38.5,20,Cajamarca,28,4.0
EXT-100302,2026-03-04,Rappi,Filete a la Chorrillana,1,41.8,18,Cajamarca,38,4.0
EXT-100303,2026-04-27,PedidosYa,ARROZ CHAUFA DE MARISCOS,1,35.2,22,Cajamarca,23,4.0
EXT-100304,2026-05-15,PedidosYa,ceviche de camarón,1,41.8,22,Cajamarca,45,3.0
EXT-100305,2026-08-18,PedidosYa,Ceviche Clasico,3,92.4,22,Los Baños,38,4.0
EXT-100306,2026-04-28,PedidosYa,Ceviche Mixto,2,74.8,25,Cajamarca,29,
EXT-100307,2026-06-03,PedidosYa,LECHE DE PANTERA,1,28.6,25,Cajamarca,36,4.0
EXT-100308,2026-09-04,PedidosYa,Chaufa de Pescado,1,30.8,25,Namora,19,2.0
EXT-100309,2026-05-21,PedidosYa,Cebiche Carretillero,1,33.0,25,Baños del Inca,27,4.0
EXT-100310,2026-02-08,Rappi,ARROZ NEGRO,1,39.6,20,Cajamarca,41,4.0
EXT-100311,2026-09-04,Rappi,Cebiche Mixto,1,37.4,18,Cajamarca,42,
EXT-100312,2026-09-23,PedidosYa,Arroz Negro,1,39.6,25,Cajamarca,39,5.0
EXT-100313,2026-03-18,PedidosYa,ceviche carretillero,3,99.0,22,Cajamarca,29,5.0
EXT-100314,2026-01-06,Rappi,Ceviche Carretillero,2,66.0,18,Cajamarca,40,3.0
EXT-100315,2026-07-03,PedidosYa,Chicharrón de Calamar,2,70.4,22,Cajamarca,23,
EXT-100316,2026-07-27,PedidosYa,Tiradito Nikkei,1,39.6,25,Cajamarca,27,5.0
EXT-100317,2026-03-25,PedidosYa,leche de tigre,2,39.6,22,Cajamarca,29,5.0
EXT-100318,2026-01-14,Rappi,Ceviche Carretillero,1,33.0,20,Cajamarca,37,
EXT-100319,2026-08-28,PedidosYa,Chicharrón de Pescado,3,99.0,22,Cajamarca,28,
EXT-100320,2026-03-17,PedidosYa,LECHE DE TIGRE ESPECIAL,1,26.4,22,Baños del Inca,38,3.0
EXT-100321,2026-03-31,Rappi,Ceviche Vegetariano,2,52.8,18,Cajamarca,28,4.0
EXT-100322,2026-03-30,Rappi,Arroz Chaufa de Mariscos,1,35.2,20,Cajamarca,36,
EXT-100323,2026-03-15,PedidosYa,LECHE DE TIGRE,1,19.8,22,Baños del Inca,27,5.0
EXT-100324,2026-07-02,PedidosYa,Leche de Tigre,2,39.6,22,Baños del Inca,34,5.0
EXT-100325,2026-03-28,Rappi,ceviche clásico,2,61.6,20,Los Baños,26,4.0
EXT-100326,2026-07-27,PedidosYa,ceviche clásico,1,30.8,25,Cajamarca,32,3.0
EXT-100327,2026-04-11,Rappi,Ceviche de Conchas Negras,2,92.4,18,Baños del Inca,22,5.0
EXT-100328,2026-06-21,Rappi,LECHE DE TIGRE ESPECIAL,1,26.4,18,Cajamarca,36,
EXT-100329,2026-03-22,PedidosYa,Ceviche Mixto,2,74.8,25,Baños del Inca,26,5.0
EXT-100330,2026-08-27,PedidosYa,CEVICHE CLÁSICO,1,30.8,25,Baños del Inca,32,3.0
EXT-100331,2026-08-11,Rappi,Cebiche de Camarón,1,41.8,18,Baños del Inca,40,
EXT-100332,2026-05-03,PedidosYa,Ceviche Mixto,3,112.2,25,Los Baños,38,4.0
EXT-100333,2026-09-05,Rappi,ceviche de camarón,1,41.8,18,Cajamarca,44,5.0
EXT-100334,2026-07-09,Rappi,Chicharron de Pescado,1,33.0,20,Baños del Inca,50,4.0
EXT-100335,2026-09-01,PedidosYa,CEVICHE CARRETILLERO,2,66.0,22,Cajamarca,29,5.0
EXT-100336,2026-08-28,Rappi,Chicharrón de Calamar,1,35.2,18,Los Baños,27,5.0
EXT-100337,2026-02-23,PedidosYa,Ceviche Clásico,2,61.6,25,Cajamarca,36,4.0
EXT-100338,2026-04-12,PedidosYa,CEVICHE VEGETARIANO,3,79.2,25,Baños del Inca,38,5.0
EXT-100339,2026-07-06,Rappi,Arroz Negro,3,118.8,18,Baños del Inca,28,5.0
EXT-100340,2026-03-28,Rappi,Ceviche de Conchas Negras,3,138.6,20,Cajamarca,29,5.0
EXT-100341,2026-03-13,PedidosYa,PARIHUELA,2,92.4,25,Llacanora,42,5.0
EXT-100342,2026-07-14,Rappi,CEVICHE VEGETARIANO,2,52.8,20,Cajamarca,40,
EXT-100343,2026-08-29,Rappi,ARROZ CHAUFA DE MARISCOS,1,35.2,18,Llacanora,17,
EXT-100344,2026-04-06,PedidosYa,sudado de pescado,1,37.4,25,Baños del Inca,31,3.0
EXT-100345,2026-03-04,Rappi,TACU TACU CON MARISCOS,1,40.7,18,Cajamarca,33,
EXT-100346,2026-04-08,Rappi,Ceviche Clásico,2,61.6,20,Baños del Inca,29,
EXT-100347,2026-08-23,PedidosYa,CEVICHE CARRETILLERO,1,33.0,25,Cajamarca,41,3.0
EXT-100348,2026-09-25,PedidosYa,Sopa Chilcano de Pescado,1,27.5,22,Cajamarca,28,4.0
EXT-100349,2026-08-01,PedidosYa,ceviche mixto,2,74.8,22,Cajamarca,27,
EXT-100350,2026-03-21,PedidosYa,Tacu Tacu con Mariscos,1,40.7,22,San Juan,31,4.0
EXT-100351,2026-07-03,PedidosYa,Cebiche de Conchas Negras,2,92.4,25,Cajamarca,26,5.0
EXT-100352,2026-05-23,Rappi,Leche de Tigre Especial,1,26.4,18,Baños del Inca,18,4.0
EXT-100353,2026-09-05,PedidosYa,Pescado a lo Macho,1,48.4,22,San Juan,41,3.0
EXT-100354,2026-07-27,Rappi,SOPA CHILCANO DE PESCADO,2,55.0,18,Cajamarca,31,3.0
EXT-100355,2026-02-19,PedidosYa,PESCADO A LO MACHO,2,96.8,22,Cajamarca,35,4.0
EXT-100356,2026-01-13,Rappi,Arroz Negro,2,79.2,20,Cajamarca,34,5.0
EXT-100357,2026-07-25,Rappi,SOPA CHILCANO DE PESCADO,1,27.5,18,Los Baños,39,4.0
EXT-100358,2026-05-03,PedidosYa,Chicharrón de Pescado,1,33.0,22,San Juan,36,1.0
EXT-100359,2026-05-25,PedidosYa,Chicharrón de Pescado,1,33.0,25,Cajamarca,32,
EXT-100360,2026-08-05,Rappi,CEVICHE DE CAMARÓN,1,41.8,18,Baños del Inca,54,4.0
EXT-100361,2026-01-16,PedidosYa,Tiradito Nikkei,1,39.6,22,Baños del Inca,30,3.0
EXT-100362,2026-06-26,PedidosYa,Cebiche de Camarón,3,125.4,25,Cajamarca,36,3.0
EXT-100363,2026-06-14,PedidosYa,Filete a la Chorrillana,1,41.8,22,Los Baños,29,5.0
EXT-100364,2026-01-25,Rappi,chicharrón de pescado,1,33.0,20,Baños del Inca,46,
EXT-100365,2026-05-16,Rappi,LECHE DE PANTERA,1,28.6,20,Cajamarca,36,4.0
EXT-100366,2026-08-27,PedidosYa,Ceviche de Conchas Negras,1,46.2,25,Cajamarca,25,4.0
EXT-100367,2026-06-17,Rappi,FILETE A LA CHORRILLANA,1,41.8,20,Cajamarca,35,3.0
EXT-100368,2026-09-22,PedidosYa,Chicharron de Calamar,1,35.2,25,Cajamarca,41,2.0
EXT-100369,2026-05-24,Rappi,ceviche carretillero,3,99.0,18,Cajamarca,38,3.0
EXT-100370,2026-09-27,Rappi,Ceviche de Conchas Negras,1,46.2,20,Cajamarca,41,5.0
EXT-100371,2026-09-22,PedidosYa,arroz negro,2,79.2,22,Cajamarca,32,3.0
EXT-100372,2026-05-15,PedidosYa,ceviche carretillero,1,33.0,22,Baños del Inca,14,5.0
EXT-100373,2026-05-02,Rappi,ceviche mixto,1,37.4,20,Baños del Inca,40,2.0
EXT-100374,2026-03-14,PedidosYa,Sudado de Pescado,2,74.8,22,Cajamarca,27,5.0
EXT-100375,2026-07-24,PedidosYa,ceviche vegetariano,2,52.8,25,Los Baños,32,4.0
EXT-100376,2026-06-28,PedidosYa,Chicharrón de Calamar,2,70.4,25,Los Baños,17,4.0
EXT-100377,2026-01-29,Rappi,TIRADITO NIKKEI,2,79.2,18,Namora,50,5.0
EXT-100378,2026-03-08,PedidosYa,PESCADO A LO MACHO,1,48.4,22,Llacanora,40,2.0
EXT-100379,2026-07-18,PedidosYa,parihuela,1,46.2,25,Cajamarca,36,4.0
EXT-100380,2026-07-26,Rappi,Sudado de Pescado,1,37.4,18,Cajamarca,22,5.0
EXT-100381,2026-08-05,Rappi,ARROZ NEGRO,1,39.6,20,Cajamarca,34,3.0
EXT-100382,2026-03-11,Rappi,Tiradito Nikkei,2,79.2,18,Cajamarca,14,2.0
EXT-100383,2026-08-04,Rappi,CHAUFA DE PESCADO,1,30.8,20,Cajamarca,30,4.0
EXT-100384,2026-07-15,Rappi,Ceviche de Pota,1,24.2,20,Llacanora,37,4.0
EXT-100385,2026-08-17,Rappi,Ceviche Clásico,1,30.8,18,Cajamarca,25,4.0
EXT-100386,2026-06-03,Rappi,Ceviche de Conchas Negras,1,46.2,18,Cajamarca,37,4.0
EXT-100387,2026-06-26,PedidosYa,Cebiche de Camarón,1,41.8,22,Cajamarca,41,
EXT-100388,2026-04-07,PedidosYa,Cebiche de Conchas Negras,1,46.2,25,Los Baños,33,5.0
EXT-100389,2026-08-29,PedidosYa,CEVICHE DE POTA,3,72.6,25,Los Baños,24,5.0
EXT-100390,2026-02-25,PedidosYa,chicharrón de pescado,1,33.0,22,Baños del Inca,37,4.0
EXT-100391,2026-03-14,Rappi,ceviche vegetariano,1,26.4,18,Llacanora,18,5.0
EXT-100392,2026-03-22,Rappi,CEVICHE MIXTO,1,37.4,20,Cajamarca,40,
EXT-100393,2026-01-02,PedidosYa,ceviche mixto,3,112.2,25,Cajamarca,15,4.0
EXT-100394,2026-07-07,Rappi,Ceviche de Camarón,2,83.6,20,Baños del Inca,31,4.0
EXT-100395,2026-01-03,Rappi,Ceviche Carretillero,1,33.0,18,Cajamarca,38,2.0
EXT-100396,2026-01-13,PedidosYa,Filete a la Chorrillana,2,83.6,22,Baños del Inca,29,5.0
EXT-100397,2026-09-12,PedidosYa,SOPA CHILCANO DE PESCADO,1,27.5,25,Cajamarca,22,4.0
EXT-100398,2026-06-11,Rappi,arroz con pato marino,1,36.3,18,Cajamarca,22,
EXT-100399,2026-05-08,Rappi,Parihuela,1,46.2,18,Cajamarca,18,5.0
EXT-100400,2026-04-01,PedidosYa,Jalea Mixta,1,49.5,22,San Juan,47,4.0
EXT-100401,2026-09-15,PedidosYa,Ceviche Carretillero,1,33.0,25,Cajamarca,39,3.0
EXT-100402,2026-01-01,Rappi,Chaufa de Pescado,3,92.4,18,Baños del Inca,40,
EXT-100403,2026-01-15,PedidosYa,Ceviche Clásico,1,30.8,25,Baños del Inca,28,5.0
EXT-100404,2026-08-13,Rappi,Tiradito Nikkei,1,39.6,18,Cajamarca,37,
EXT-100405,2026-03-30,PedidosYa,Ceviche Vegetariano,1,26.4,22,Baños del Inca,25,3.0
EXT-100406,2026-02-22,Rappi,Filete a la Chorrillana,1,41.8,20,Los Baños,28,
EXT-100407,2026-07-04,PedidosYa,TIRADITO NIKKEI,1,39.6,25,Namora,15,5.0
EXT-100408,2026-08-17,PedidosYa,Tiradito Nikkei,1,39.6,22,San Juan,35,4.0
EXT-100409,2026-02-10,Rappi,ceviche de camarón,1,41.8,20,Cajamarca,15,4.0
EXT-100410,2026-08-17,PedidosYa,CEVICHE CLÁSICO,2,61.6,22,Cajamarca,32,3.0
EXT-100411,2026-05-13,PedidosYa,Parihuela,1,46.2,25,Cajamarca,39,4.0
EXT-100412,2026-03-25,Rappi,Filete a la Chorrillana,2,83.6,18,Cajamarca,35,
EXT-100413,2026-03-25,PedidosYa,FILETE A LA CHORRILLANA,1,41.8,25,Namora,34,1.0
EXT-100414,2026-09-05,Rappi,CHICHARRÓN DE PESCADO,1,33.0,18,Llacanora,39,3.0
EXT-100415,2026-07-26,Rappi,Cebiche de Camarón,2,83.6,20,Cajamarca,50,5.0
EXT-100416,2026-04-11,PedidosYa,ceviche de camarón,1,41.8,22,Baños del Inca,14,
EXT-100417,2026-06-01,Rappi,LECHE DE TIGRE ESPECIAL,1,26.4,20,Baños del Inca,52,5.0
EXT-100418,2026-08-26,Rappi,PARIHUELA,2,92.4,20,Cajamarca,42,4.0
EXT-100419,2026-08-17,PedidosYa,Chicharrón de Pescado,1,33.0,22,Cajamarca,23,4.0
EXT-100420,2026-08-28,Rappi,ceviche clásico,1,30.8,18,Baños del Inca,49,5.0
EXT-100421,2026-06-06,PedidosYa,Ceviche de Camaron,1,41.8,22,Cajamarca,19,4.0
EXT-100422,2026-08-12,PedidosYa,ceviche vegetariano,3,79.2,22,Namora,41,
EXT-100423,2026-08-31,PedidosYa,leche de tigre,1,19.8,22,Llacanora,38,5.0
EXT-100424,2026-01-31,PedidosYa,CEVICHE DE CAMARÓN,1,41.8,25,Cajamarca,29,4.0
EXT-100425,2026-01-04,Rappi,Cebiche de Conchas Negras,1,46.2,18,Cajamarca,34,3.0
EXT-100426,2026-07-15,PedidosYa,PESCADO A LO MACHO,1,48.4,22,Llacanora,26,3.0
EXT-100427,2026-04-20,Rappi,arroz chaufa de mariscos,1,35.2,18,Baños del Inca,27,
EXT-100428,2026-01-19,Rappi,Leche de Tigre Especial,1,26.4,18,Los Baños,38,5.0
EXT-100429,2026-06-28,PedidosYa,Chicharron de Pescado,1,33.0,22,Cajamarca,37,4.0
EXT-100430,2026-02-12,PedidosYa,leche de pantera,1,28.6,22,Cajamarca,29,4.0
EXT-100431,2026-08-10,Rappi,Ceviche de Camaron,1,41.8,18,Cajamarca,43,4.0
EXT-100432,2026-06-09,Rappi,ceviche clásico,1,30.8,18,Cajamarca,47,4.0
EXT-100433,2026-07-15,Rappi,SALTADO DE MARISCOS,1,39.6,20,Cajamarca,36,4.0
EXT-100434,2026-06-14,PedidosYa,arroz chaufa de mariscos,1,35.2,25,Baños del Inca,44,5.0
EXT-100435,2026-02-19,PedidosYa,Arroz Negro,1,39.6,22,Cajamarca,32,
EXT-100436,2026-06-08,PedidosYa,chicharrón de calamar,1,35.2,22,Cajamarca,30,1.0
EXT-100437,2026-09-20,Rappi,PESCADO A LO MACHO,1,48.4,20,Cajamarca,28,
EXT-100438,2026-09-07,Rappi,Tacu Tacu con Mariscos,1,40.7,20,Llacanora,29,4.0
EXT-100439,2026-09-13,Rappi,Sopa Chilcano de Pescado,1,27.5,20,Cajamarca,28,5.0
EXT-100440,2026-06-22,PedidosYa,SUDADO DE PESCADO,1,37.4,25,Baños del Inca,30,5.0
EXT-100441,2026-08-03,Rappi,chicharrón de pescado,1,33.0,18,Baños del Inca,44,5.0
EXT-100442,2026-01-03,Rappi,Tiradito Nikkei,1,39.6,20,Baños del Inca,42,4.0
EXT-100443,2026-01-25,PedidosYa,saltado de mariscos,2,79.2,22,Baños del Inca,36,5.0
EXT-100444,2026-08-22,Rappi,ceviche de camarón,2,83.6,20,Los Baños,23,5.0
EXT-100445,2026-04-18,Rappi,Tacu Tacu con Mariscos,2,81.4,20,San Juan,40,5.0
EXT-100446,2026-02-10,PedidosYa,Chaufa de Pescado,1,30.8,22,Cajamarca,31,5.0
EXT-100447,2026-07-24,Rappi,Ceviche de Camarón,1,41.8,20,Cajamarca,35,4.0
EXT-100448,2026-09-22,Rappi,Leche de Tigre Especial,2,52.8,20,Baños del Inca,26,
EXT-100449,2026-02-22,PedidosYa,ARROZ CON MARISCOS,2,77.0,22,Namora,43,5.0
EXT-100450,2026-03-08,PedidosYa,Parihuela,1,46.2,25,San Juan,37,
EXT-100451,2026-01-21,PedidosYa,ARROZ NEGRO,1,39.6,22,Cajamarca,29,4.0
EXT-100452,2026-08-28,PedidosYa,CEVICHE MIXTO,1,37.4,25,Cajamarca,25,5.0
EXT-100453,2026-05-04,PedidosYa,Sudado de Pescado,1,37.4,22,San Juan,44,3.0
EXT-100454,2026-03-13,Rappi,ceviche vegetariano,1,26.4,20,Cajamarca,28,4.0
EXT-100455,2026-08-08,PedidosYa,Ceviche Mixto,1,37.4,22,Baños del Inca,49,
EXT-100456,2026-09-12,Rappi,Filete a la Chorrillana,1,41.8,18,Cajamarca,42,3.0
EXT-100457,2026-07-05,Rappi,Cebiche de Pota,1,24.2,20,Cajamarca,33,
EXT-100458,2026-06-07,Rappi,Cebiche Mixto,1,37.4,20,Llacanora,38,5.0
EXT-100459,2026-08-06,Rappi,Saltado de Mariscos,1,39.6,18,Llacanora,37,1.0
EXT-100460,2026-07-15,Rappi,Arroz Chaufa de Mariscos,3,105.6,20,Cajamarca,41,
EXT-100461,2026-04-21,Rappi,CHAUFA DE PESCADO,1,30.8,20,Los Baños,26,5.0
EXT-100462,2026-01-07,Rappi,Cebiche Clásico,1,30.8,20,Cajamarca,46,5.0
EXT-100463,2026-01-19,PedidosYa,CEVICHE DE POTA,2,48.4,25,Cajamarca,48,3.0
EXT-100464,2026-03-27,PedidosYa,Ceviche Mixto,1,37.4,22,Cajamarca,45,5.0
EXT-100465,2026-05-30,PedidosYa,Tacu Tacu con Mariscos,1,40.7,22,Cajamarca,40,4.0
EXT-100466,2026-06-19,Rappi,ceviche mixto,1,37.4,20,Baños del Inca,41,3.0
EXT-100467,2026-03-31,Rappi,chicharrón de calamar,2,70.4,20,Cajamarca,39,3.0
EXT-100468,2026-02-15,PedidosYa,Ceviche Carretillero,1,33.0,25,Cajamarca,31,5.0
EXT-100469,2026-09-03,PedidosYa,Ceviche Mixto,1,37.4,25,Cajamarca,37,3.0
EXT-100470,2026-01-19,PedidosYa,Jalea Mixta,1,49.5,22,Cajamarca,28,2.0
EXT-100471,2026-04-03,Rappi,Ceviche de Camarón,1,41.8,20,Llacanora,34,4.0
EXT-100472,2026-09-14,Rappi,ceviche vegetariano,2,52.8,20,Cajamarca,31,3.0
EXT-100473,2026-09-17,PedidosYa,Tiradito Nikkei,2,79.2,25,Baños del Inca,35,4.0
EXT-100474,2026-04-22,Rappi,sudado de pescado,1,37.4,18,Cajamarca,23,2.0
EXT-100475,2026-07-31,Rappi,ceviche mixto,2,74.8,20,Namora,49,4.0
EXT-100476,2026-02-10,PedidosYa,leche de tigre especial,1,26.4,22,Cajamarca,24,4.0
EXT-100477,2026-08-14,Rappi,Parihuela,1,46.2,20,Baños del Inca,35,5.0
EXT-100478,2026-03-15,PedidosYa,Arroz Negro,1,39.6,22,Cajamarca,31,4.0
EXT-100479,2026-03-16,Rappi,Sopa Chilcano de Pescado,1,27.5,18,Cajamarca,31,1.0
EXT-100480,2026-04-11,PedidosYa,Ceviche Vegetariano,1,26.4,25,Los Baños,30,5.0
EXT-100481,2026-03-25,Rappi,Ceviche Clásico,2,61.6,18,Cajamarca,26,4.0
EXT-100482,2026-02-26,PedidosYa,ceviche de conchas negras,1,46.2,25,Cajamarca,41,5.0
EXT-100483,2026-06-04,Rappi,ceviche clásico,1,30.8,20,Cajamarca,21,4.0
EXT-100484,2026-07-27,Rappi,ceviche de camarón,1,41.8,20,Cajamarca,39,2.0
EXT-100485,2026-02-25,PedidosYa,Ceviche de Pota,2,48.4,25,Cajamarca,35,5.0
EXT-100486,2026-08-28,Rappi,Filete a la Chorrillana,1,41.8,18,Namora,28,5.0
EXT-100487,2026-09-18,PedidosYa,Ceviche Clásico,2,61.6,25,Baños del Inca,41,
EXT-100488,2026-02-25,PedidosYa,Arroz Chaufa de Mariscos,1,35.2,22,Baños del Inca,30,
EXT-100489,2026-08-21,Rappi,Arroz Negro,2,79.2,20,Cajamarca,38,
EXT-100490,2026-03-10,Rappi,Cebiche Carretillero,1,33.0,18,Cajamarca,34,1.0
EXT-100491,2026-04-04,PedidosYa,chicharrón de calamar,2,70.4,22,Cajamarca,23,3.0
EXT-100492,2026-07-25,Rappi,Saltado de Mariscos,2,79.2,18,Baños del Inca,26,
EXT-100493,2026-05-30,PedidosYa,parihuela,3,138.6,25,Cajamarca,14,3.0
EXT-100494,2026-04-24,PedidosYa,Tacu Tacu con Mariscos,2,81.4,25,Cajamarca,41,4.0
EXT-100495,2026-07-06,PedidosYa,Ceviche Carretillero,1,33.0,22,Baños del Inca,32,4.0
EXT-100496,2026-08-26,Rappi,SOPA CHILCANO DE PESCADO,1,27.5,18,Cajamarca,49,2.0
EXT-100497,2026-01-03,PedidosYa,Leche de Tigre,1,19.8,25,Cajamarca,45,5.0
EXT-100498,2026-07-07,Rappi,TACU TACU CON MARISCOS,2,81.4,20,Baños del Inca,31,
EXT-100499,2026-06-02,PedidosYa,ceviche mixto,1,37.4,22,Cajamarca,46,
EXT-100500,2026-06-24,PedidosYa,ceviche clásico,2,61.6,22,Cajamarca,35,4.0
EXT-100501,2026-04-16,PedidosYa,ceviche clásico,1,30.8,22,Baños del Inca,53,4.0
EXT-100502,2026-02-16,Rappi,Arroz Negro,1,39.6,20,Cajamarca,22,5.0
EXT-100503,2026-03-31,PedidosYa,Jalea Mixta,1,49.5,22,Baños del Inca,42,4.0
EXT-100504,2026-03-13,Rappi,ceviche vegetariano,1,26.4,20,Baños del Inca,40,3.0
EXT-100505,2026-04-03,PedidosYa,Leche de Pantera,1,28.6,25,Llacanora,38,4.0
EXT-100506,2026-03-19,Rappi,Ceviche Vegetariano,1,26.4,20,Baños del Inca,47,4.0
EXT-100507,2026-03-21,PedidosYa,sudado de pescado,1,37.4,25,Baños del Inca,38,5.0
EXT-100508,2026-03-20,PedidosYa,Arroz Negro,1,39.6,22,Cajamarca,42,4.0
EXT-100509,2026-09-19,Rappi,PESCADO A LO MACHO,1,48.4,18,Los Baños,43,5.0
EXT-100510,2026-04-20,Rappi,Ceviche de Camarón,1,41.8,20,Cajamarca,34,
EXT-100511,2026-05-08,PedidosYa,leche de tigre,1,19.8,22,Cajamarca,29,3.0
EXT-100512,2026-09-06,Rappi,ARROZ CON PATO MARINO,1,36.3,20,Cajamarca,37,5.0
EXT-100513,2026-04-20,PedidosYa,Ceviche Mixto,1,37.4,22,Cajamarca,38,5.0
EXT-100514,2026-01-20,PedidosYa,Tiradito Nikkei,1,39.6,25,Baños del Inca,31,3.0
EXT-100515,2026-05-25,PedidosYa,CEVICHE VEGETARIANO,3,79.2,22,Cajamarca,45,2.0
EXT-100516,2026-03-31,PedidosYa,Chaufa de Pescado,1,30.8,25,Namora,50,4.0
EXT-100517,2026-06-04,Rappi,ceviche carretillero,1,33.0,18,Cajamarca,47,4.0
EXT-100518,2026-02-13,PedidosYa,Ceviche Vegetariano,1,26.4,25,Cajamarca,19,4.0
EXT-100519,2026-08-28,Rappi,leche de tigre especial,2,52.8,18,Cajamarca,32,3.0
EXT-100520,2026-02-23,PedidosYa,ceviche clásico,1,30.8,22,Baños del Inca,29,
EXT-100521,2026-08-15,Rappi,Ceviche Mixto,1,37.4,20,Cajamarca,16,5.0
EXT-100522,2026-09-22,PedidosYa,tiradito nikkei,1,39.6,25,Llacanora,36,5.0
EXT-100523,2026-01-14,PedidosYa,Cebiche de Pota,1,24.2,22,Namora,29,
EXT-100524,2026-09-22,PedidosYa,Chicharron de Calamar,1,35.2,22,Namora,24,3.0
EXT-100525,2026-01-24,PedidosYa,Arroz Negro,2,79.2,22,Cajamarca,39,3.0
EXT-100526,2026-04-04,PedidosYa,CEVICHE MIXTO,1,37.4,25,Baños del Inca,28,4.0
EXT-100527,2026-05-01,PedidosYa,CEVICHE CLÁSICO,3,92.4,25,Cajamarca,47,4.0
EXT-100528,2026-02-25,PedidosYa,Tacu Tacu con Mariscos,1,40.7,25,Baños del Inca,50,
EXT-100529,2026-03-06,PedidosYa,CHAUFA DE PESCADO,2,61.6,22,Baños del Inca,29,
EXT-100530,2026-07-01,PedidosYa,ceviche de camarón,1,41.8,25,Cajamarca,31,3.0
EXT-100531,2026-06-27,Rappi,Filete a la Chorrillana,1,41.8,18,Baños del Inca,46,4.0
EXT-100532,2026-03-19,PedidosYa,tiradito nikkei,1,39.6,22,Cajamarca,43,5.0
EXT-100533,2026-06-26,PedidosYa,Ceviche Vegetariano,1,26.4,25,Cajamarca,20,3.0
EXT-100534,2026-04-15,Rappi,ceviche de camarón,1,41.8,20,Cajamarca,41,5.0
EXT-100535,2026-01-17,PedidosYa,Arroz Negro,1,39.6,25,Cajamarca,30,5.0
EXT-100536,2026-03-23,PedidosYa,Chicharron de Pescado,1,33.0,25,Cajamarca,44,5.0
EXT-100537,2026-05-09,PedidosYa,Arroz Negro,1,39.6,22,Cajamarca,39,5.0
EXT-100538,2026-04-03,PedidosYa,Leche de Tigre Especial,1,26.4,25,San Juan,12,5.0
EXT-100539,2026-01-16,PedidosYa,ARROZ CON MARISCOS,1,38.5,22,Los Baños,45,4.0
EXT-100540,2026-05-12,PedidosYa,leche de tigre,1,19.8,22,Cajamarca,43,4.0
EXT-100541,2026-05-10,PedidosYa,Ceviche Mixto,1,37.4,25,Cajamarca,34,5.0
EXT-100542,2026-08-03,PedidosYa,LECHE DE TIGRE ESPECIAL,1,26.4,22,Cajamarca,29,5.0
EXT-100543,2026-03-06,Rappi,TACU TACU CON MARISCOS,3,122.1,20,Llacanora,29,4.0
EXT-100544,2026-09-15,PedidosYa,Filete a la Chorrillana,2,83.6,22,Cajamarca,35,4.0
EXT-100545,2026-09-07,PedidosYa,ceviche carretillero,2,66.0,25,Cajamarca,41,3.0
EXT-100546,2026-07-18,PedidosYa,CEVICHE DE POTA,1,24.2,22,Cajamarca,51,
EXT-100547,2026-06-16,PedidosYa,Chicharrón de Pescado,1,33.0,25,Cajamarca,46,5.0
EXT-100548,2026-05-04,Rappi,Chicharrón de Calamar,1,,18,San Juan,31,4.0
EXT-100549,2026-05-10,PedidosYa,CEVICHE VEGETARIANO,1,26.4,22,Cajamarca,51,3.0
EXT-100550,2026-07-15,PedidosYa,Ceviche Vegetariano,1,26.4,22,Cajamarca,17,4.0
EXT-100551,2026-01-04,Rappi,Chicharrón de Pescado,1,33.0,18,Cajamarca,41,5.0
EXT-100552,2026-04-17,PedidosYa,Ceviche Mixto,1,37.4,25,San Juan,42,1.0
EXT-100553,2026-05-15,PedidosYa,PESCADO A LO MACHO,2,96.8,25,Cajamarca,25,2.0
EXT-100554,2026-05-28,Rappi,LECHE DE TIGRE ESPECIAL,2,52.8,20,Cajamarca,34,5.0
EXT-100555,2026-08-08,Rappi,ARROZ NEGRO,1,39.6,18,Cajamarca,35,3.0
EXT-100556,2026-02-19,Rappi,Arroz Chaufa de Mariscos,1,35.2,20,Cajamarca,34,3.0
EXT-100557,2026-07-11,PedidosYa,CEVICHE VEGETARIANO,3,79.2,22,Cajamarca,40,5.0
EXT-100558,2026-08-31,PedidosYa,Ceviche Vegetariano,1,26.4,25,Baños del Inca,30,4.0
EXT-100559,2026-03-15,PedidosYa,tacu tacu con mariscos,2,81.4,22,Cajamarca,52,3.0
EXT-100560,2026-06-03,Rappi,Arroz con Mariscos,2,77.0,20,Cajamarca,33,2.0
EXT-100561,2026-02-02,Rappi,Ceviche de Camaron,3,125.4,20,Baños del Inca,41,4.0
EXT-100562,2026-05-12,PedidosYa,Ceviche de Camarón,1,41.8,22,Namora,30,2.0
EXT-100563,2026-06-22,PedidosYa,Ceviche Vegetariano,1,26.4,25,Baños del Inca,22,
EXT-100564,2026-05-29,Rappi,ceviche carretillero,1,33.0,18,Cajamarca,29,4.0
EXT-100565,2026-06-16,PedidosYa,LECHE DE PANTERA,2,57.2,22,Cajamarca,37,3.0
EXT-100566,2026-06-28,PedidosYa,CEVICHE CARRETILLERO,2,66.0,22,Cajamarca,19,4.0
EXT-100567,2026-01-27,PedidosYa,ARROZ CON PATO MARINO,1,36.3,22,Baños del Inca,12,5.0
EXT-100568,2026-07-21,PedidosYa,Ceviche Carretillero,2,66.0,22,Baños del Inca,43,4.0
EXT-100569,2026-02-19,Rappi,Tiradito Nikkei,1,39.6,18,Baños del Inca,14,3.0
EXT-100570,2026-02-14,Rappi,Ceviche de Conchas Negras,2,92.4,20,Cajamarca,32,5.0
EXT-100571,2026-07-14,Rappi,SOPA CHILCANO DE PESCADO,1,27.5,20,Cajamarca,36,5.0
EXT-100572,2026-02-04,Rappi,ceviche vegetariano,1,26.4,20,Cajamarca,40,5.0
EXT-100573,2026-05-22,PedidosYa,ceviche mixto,1,37.4,25,Baños del Inca,29,
EXT-100574,2026-08-11,PedidosYa,ceviche vegetariano,2,52.8,22,Cajamarca,49,3.0
EXT-100575,2026-09-27,Rappi,ARROZ CHAUFA DE MARISCOS,2,70.4,20,Cajamarca,39,4.0
EXT-100576,2026-08-01,PedidosYa,Chaufa de Pescado,1,30.8,25,San Juan,32,2.0
EXT-100577,2026-08-17,PedidosYa,Ceviche Mixto,1,37.4,22,Cajamarca,33,5.0
EXT-100578,2026-05-06,Rappi,chicharrón de pescado,1,33.0,18,Los Baños,31,4.0
EXT-100579,2026-08-24,Rappi,arroz chaufa de mariscos,1,35.2,18,Cajamarca,18,5.0
EXT-100580,2026-02-25,Rappi,Chaufa de Pescado,1,30.8,20,Llacanora,25,5.0
EXT-100581,2026-08-20,PedidosYa,Sopa Chilcano de Pescado,2,55.0,22,Cajamarca,28,5.0
EXT-100582,2026-09-26,PedidosYa,Pescado a lo Macho,1,48.4,25,Los Baños,29,5.0
EXT-100583,2026-05-31,PedidosYa,Chicharrón de Calamar,1,35.2,25,Cajamarca,39,3.0
EXT-100584,2026-03-12,PedidosYa,tacu tacu con mariscos,1,40.7,25,Cajamarca,56,5.0
EXT-100585,2026-01-20,PedidosYa,Ceviche Carretillero,2,66.0,25,Cajamarca,44,3.0
EXT-100586,2026-04-21,Rappi,Chicharrón de Pescado,1,33.0,20,Baños del Inca,36,3.0
EXT-100587,2026-09-25,PedidosYa,parihuela,2,92.4,25,Cajamarca,31,3.0
EXT-100588,2026-02-14,Rappi,Ceviche de Conchas Negras,1,46.2,20,Cajamarca,21,3.0
EXT-100589,2026-03-03,PedidosYa,FILETE A LA CHORRILLANA,1,41.8,22,Cajamarca,12,4.0
EXT-100590,2026-09-23,PedidosYa,arroz con pato marino,1,36.3,25,Los Baños,34,3.0
EXT-100591,2026-07-22,Rappi,Arroz con Mariscos,1,38.5,18,Los Baños,42,4.0
EXT-100592,2026-07-19,PedidosYa,CEVICHE DE CONCHAS NEGRAS,1,46.2,25,Baños del Inca,24,4.0
EXT-100593,2026-01-23,PedidosYa,Jalea Mixta,1,49.5,22,Namora,43,4.0
EXT-100594,2026-06-15,PedidosYa,tiradito nikkei,1,39.6,25,Cajamarca,42,4.0
EXT-100595,2026-01-26,PedidosYa,Ceviche Mixto,2,74.8,22,Cajamarca,27,5.0
EXT-100596,2026-03-31,Rappi,Cebiche Carretillero,1,33.0,20,Cajamarca,37,4.0
EXT-100597,2026-07-01,PedidosYa,tiradito nikkei,1,39.6,25,San Juan,20,4.0
EXT-100598,2026-02-18,Rappi,saltado de mariscos,1,39.6,20,Cajamarca,53,3.0
EXT-100599,2026-02-14,PedidosYa,Ceviche Carretillero,1,33.0,25,Baños del Inca,33,1.0
EXT-100600,2026-02-08,Rappi,Ceviche de Conchas Negras,2,92.4,20,Cajamarca,33,4.0
EXT-100601,2026-06-25,Rappi,ARROZ NEGRO,1,39.6,20,Cajamarca,33,4.0
EXT-100602,2026-01-05,Rappi,Arroz Negro,2,79.2,18,Cajamarca,38,4.0
EXT-100603,2026-03-17,Rappi,CEVICHE CARRETILLERO,1,33.0,20,Baños del Inca,33,5.0
EXT-100604,2026-03-27,Rappi,Leche de Pantera,2,57.2,18,Cajamarca,26,5.0
EXT-100605,2026-07-18,PedidosYa,leche de pantera,1,28.6,25,Cajamarca,36,5.0
EXT-100606,2026-05-20,Rappi,Sopa Chilcano de Pescado,1,27.5,18,Llacanora,12,4.0
EXT-100607,2026-01-28,Rappi,Chicharron de Pescado,1,33.0,18,Baños del Inca,41,4.0
EXT-100608,2026-06-25,Rappi,Leche de Tigre,2,39.6,18,Cajamarca,46,5.0
EXT-100609,2026-09-16,PedidosYa,Chicharron de Calamar,1,35.2,22,Los Baños,42,2.0
EXT-100610,2026-04-25,Rappi,Arroz Negro,1,39.6,20,San Juan,48,4.0
EXT-100611,2026-01-04,PedidosYa,Filete a la Chorrillana,1,41.8,25,Cajamarca,27,5.0
EXT-100612,2026-03-21,PedidosYa,Ceviche de Camaron,1,41.8,22,Cajamarca,39,3.0
EXT-100613,2026-02-19,PedidosYa,Arroz Negro,2,79.2,25,Cajamarca,40,5.0
EXT-100614,2026-01-30,Rappi,Arroz Negro,1,39.6,18,Los Baños,44,5.0
EXT-100615,2026-09-14,Rappi,LECHE DE TIGRE ESPECIAL,1,26.4,20,Cajamarca,14,5.0
EXT-100616,2026-07-07,Rappi,Ceviche de Pota,1,24.2,20,Namora,30,3.0
EXT-100617,2026-03-20,Rappi,LECHE DE TIGRE,2,39.6,18,Cajamarca,39,4.0
EXT-100618,2026-07-19,PedidosYa,Cebiche de Conchas Negras,1,46.2,25,Los Baños,53,
EXT-100619,2026-01-09,PedidosYa,TACU TACU CON MARISCOS,1,40.7,22,Cajamarca,31,4.0
EXT-100620,2026-02-13,Rappi,Ceviche Carretillero,1,33.0,18,Cajamarca,55,4.0
EXT-100621,2026-07-21,Rappi,Leche de Tigre,1,19.8,18,Cajamarca,24,5.0
EXT-100622,2026-03-31,PedidosYa,Cebiche Mixto,3,112.2,22,Llacanora,28,
EXT-100623,2026-08-20,Rappi,Tiradito Nikkei,1,39.6,20,Baños del Inca,27,
EXT-100624,2026-06-21,PedidosYa,TACU TACU CON MARISCOS,3,122.1,22,Namora,39,5.0
EXT-100625,2026-02-26,Rappi,Cebiche Vegetariano,1,26.4,20,Namora,59,4.0
EXT-100626,2026-09-14,Rappi,FILETE A LA CHORRILLANA,2,83.6,18,Baños del Inca,32,4.0
EXT-100627,2026-06-17,Rappi,Ceviche de Camaron,2,83.6,20,Cajamarca,25,
EXT-100628,2026-07-03,Rappi,Tiradito Nikkei,3,118.8,18,Baños del Inca,37,3.0
EXT-100629,2026-07-07,PedidosYa,JALEA MIXTA,2,99.0,25,San Juan,25,5.0
EXT-100630,2026-01-23,Rappi,chaufa de pescado,1,30.8,18,Cajamarca,45,3.0
EXT-100631,2026-02-23,Rappi,CEVICHE CARRETILLERO,1,33.0,20,Cajamarca,44,
EXT-100632,2026-01-25,PedidosYa,Saltado de Mariscos,1,39.6,22,Baños del Inca,33,
EXT-100633,2026-05-13,PedidosYa,Chaufa de Pescado,1,30.8,22,Cajamarca,40,
EXT-100634,2026-05-29,PedidosYa,Arroz Negro,1,39.6,22,Baños del Inca,45,
EXT-100635,2026-02-01,PedidosYa,Arroz con Pato Marino,1,36.3,25,Cajamarca,20,5.0
EXT-100636,2026-01-08,Rappi,Chaufa de Pescado,1,30.8,18,Baños del Inca,41,4.0
EXT-100637,2026-07-18,PedidosYa,ceviche clásico,2,61.6,25,Baños del Inca,24,
EXT-100638,2026-04-05,PedidosYa,Leche de Tigre,1,19.8,22,Los Baños,29,5.0
EXT-100639,2026-02-06,PedidosYa,CEVICHE DE CAMARÓN,1,41.8,22,Cajamarca,29,2.0
EXT-100640,2026-02-28,Rappi,Arroz Negro,2,79.2,18,Los Baños,37,4.0
EXT-100641,2026-07-07,PedidosYa,Ceviche Vegetariano,1,26.4,22,Namora,44,
EXT-100642,2026-01-22,Rappi,Arroz Negro,2,79.2,20,Los Baños,40,3.0
EXT-100643,2026-04-18,Rappi,arroz con pato marino,1,36.3,18,San Juan,28,4.0
EXT-100644,2026-07-21,PedidosYa,arroz con pato marino,1,36.3,25,Cajamarca,40,
EXT-100645,2026-03-07,PedidosYa,CEVICHE MIXTO,3,112.2,25,Cajamarca,21,3.0
EXT-100646,2026-02-21,PedidosYa,ARROZ CON PATO MARINO,3,108.9,22,Baños del Inca,29,3.0
EXT-100647,2026-01-23,PedidosYa,arroz negro,2,79.2,25,Baños del Inca,26,1.0
EXT-100648,2026-04-19,PedidosYa,Leche de Pantera,2,57.2,22,Cajamarca,29,4.0
EXT-100649,2026-05-11,Rappi,tiradito nikkei,2,79.2,18,Cajamarca,46,4.0
EXT-100650,2026-03-22,PedidosYa,Ceviche Carretillero,3,99.0,25,Cajamarca,26,
EXT-100651,2026-06-28,PedidosYa,ceviche de pota,1,24.2,22,Namora,31,4.0
EXT-100652,2026-06-12,PedidosYa,TIRADITO NIKKEI,1,39.6,22,Baños del Inca,25,3.0
EXT-100653,2026-01-07,Rappi,Leche de Tigre Especial,1,26.4,18,Cajamarca,36,3.0
EXT-100654,2026-09-05,PedidosYa,Pescado a lo Macho,1,48.4,22,Baños del Inca,30,3.0
EXT-100655,2026-04-09,Rappi,ceviche mixto,1,37.4,20,Cajamarca,48,4.0
EXT-100656,2026-03-21,PedidosYa,Filete a la Chorrillana,1,41.8,22,Baños del Inca,28,4.0
EXT-100657,2026-05-02,PedidosYa,Chicharrón de Calamar,1,35.2,25,Cajamarca,31,4.0
EXT-100658,2026-09-26,PedidosYa,Tiradito Nikkei,1,39.6,25,Cajamarca,42,
EXT-100659,2026-03-16,PedidosYa,Filete a la Chorrillana,1,41.8,22,Cajamarca,22,3.0
EXT-100660,2026-01-01,Rappi,Arroz Chaufa de Mariscos,1,35.2,20,Cajamarca,35,
EXT-100661,2026-02-12,Rappi,saltado de mariscos,3,118.8,20,Cajamarca,25,5.0
EXT-100662,2026-07-24,Rappi,chaufa de pescado,1,30.8,18,Cajamarca,40,5.0
EXT-100663,2026-09-17,Rappi,Tiradito Nikkei,1,39.6,20,Cajamarca,45,5.0
EXT-100664,2026-08-04,PedidosYa,Ceviche Clásico,2,61.6,25,Cajamarca,36,4.0
EXT-100665,2026-06-29,Rappi,Ceviche de Conchas Negras,1,46.2,20,Baños del Inca,43,4.0
EXT-100666,2026-05-24,Rappi,Cebiche de Conchas Negras,1,46.2,18,Baños del Inca,51,4.0
EXT-100667,2026-07-24,PedidosYa,CHAUFA DE PESCADO,1,30.8,25,Cajamarca,15,3.0
EXT-100668,2026-01-31,Rappi,Chaufa de Pescado,3,92.4,20,Cajamarca,35,3.0
EXT-100669,2026-08-12,Rappi,CEVICHE DE CONCHAS NEGRAS,1,46.2,18,San Juan,48,4.0
EXT-100670,2026-03-22,Rappi,Ceviche de Conchas Negras,2,92.4,20,Cajamarca,54,4.0
EXT-100671,2026-06-25,PedidosYa,ARROZ CON MARISCOS,1,38.5,25,Baños del Inca,22,4.0
EXT-100672,2026-07-16,Rappi,CEVICHE CLÁSICO,2,61.6,20,Baños del Inca,37,5.0
EXT-100673,2026-05-20,PedidosYa,filete a la chorrillana,1,41.8,25,Cajamarca,28,
EXT-100674,2026-01-01,Rappi,Ceviche de Camaron,2,83.6,18,Cajamarca,27,4.0
EXT-100675,2026-04-22,Rappi,ARROZ CHAUFA DE MARISCOS,1,35.2,20,Llacanora,19,4.0
EXT-100676,2026-09-07,Rappi,ceviche de camarón,1,41.8,18,Namora,20,3.0
EXT-100677,2026-07-13,PedidosYa,arroz chaufa de mariscos,1,35.2,22,Cajamarca,42,5.0
EXT-100678,2026-05-25,Rappi,FILETE A LA CHORRILLANA,2,83.6,20,Cajamarca,36,3.0
EXT-100679,2026-06-11,PedidosYa,CEVICHE CARRETILLERO,2,66.0,22,Baños del Inca,28,4.0
EXT-100680,2026-03-07,PedidosYa,CEVICHE DE POTA,1,24.2,25,Llacanora,31,3.0
EXT-100681,2026-03-19,Rappi,ARROZ NEGRO,1,39.6,18,Baños del Inca,31,4.0
EXT-100682,2026-06-30,PedidosYa,Leche de Tigre Especial,1,26.4,25,Cajamarca,38,4.0
EXT-100683,2026-03-20,PedidosYa,Leche de Tigre Especial,1,26.4,25,Cajamarca,19,4.0
EXT-100684,2026-08-30,PedidosYa,Cebiche de Camarón,1,41.8,25,Baños del Inca,30,5.0
EXT-100685,2026-09-21,PedidosYa,Tiradito Nikkei,3,118.8,25,Cajamarca,47,3.0
EXT-100686,2026-04-22,Rappi,Arroz Chaufa de Mariscos,2,70.4,20,Cajamarca,30,2.0
EXT-100687,2026-03-08,Rappi,Ceviche Clásico,1,30.8,20,Llacanora,33,3.0
EXT-100688,2026-09-08,Rappi,Cebiche Vegetariano,1,26.4,18,Baños del Inca,41,5.0
EXT-100689,2026-09-11,PedidosYa,ceviche carretillero,1,33.0,25,Cajamarca,37,4.0
EXT-100690,2026-09-16,PedidosYa,TIRADITO NIKKEI,1,39.6,25,Baños del Inca,31,2.0
EXT-100691,2026-09-04,Rappi,Tiradito Nikkei,1,39.6,20,Cajamarca,29,
EXT-100692,2026-01-08,Rappi,Leche de Tigre,1,19.8,20,Cajamarca,26,2.0
EXT-100693,2026-08-26,PedidosYa,Cebiche Carretillero,3,99.0,22,Cajamarca,41,4.0
EXT-100694,2026-08-18,PedidosYa,CEVICHE VEGETARIANO,1,26.4,22,Baños del Inca,45,5.0
EXT-100695,2026-02-17,PedidosYa,Parihuela,1,46.2,25,Los Baños,32,5.0
EXT-100696,2026-03-13,PedidosYa,Ceviche Mixto,1,37.4,25,Cajamarca,28,5.0
EXT-100697,2026-05-05,Rappi,Leche de Tigre Especial,2,52.8,18,Cajamarca,32,5.0
EXT-100698,2026-09-25,PedidosYa,Chaufa de Pescado,1,30.8,25,Los Baños,25,4.0
EXT-100699,2026-07-23,Rappi,Leche de Pantera,2,57.2,18,Cajamarca,31,
EXT-100700,2026-02-10,PedidosYa,tiradito nikkei,1,39.6,22,Baños del Inca,44,5.0
EXT-100701,2026-09-13,PedidosYa,Ceviche Vegetariano,1,26.4,25,Baños del Inca,28,
EXT-100702,2026-08-18,PedidosYa,Filete a la Chorrillana,2,83.6,22,Baños del Inca,24,
EXT-100703,2026-05-03,PedidosYa,chicharrón de calamar,2,70.4,25,Baños del Inca,12,4.0
EXT-100704,2026-03-28,PedidosYa,Tiradito Nikkei,1,39.6,25,Baños del Inca,26,
EXT-100705,2026-07-23,Rappi,Leche de Tigre,1,19.8,18,Namora,32,3.0
EXT-100706,2026-07-10,PedidosYa,Ceviche de Camarón,1,41.8,25,Baños del Inca,42,4.0
EXT-100707,2026-09-23,Rappi,CEVICHE CARRETILLERO,2,66.0,20,Cajamarca,39,
EXT-100708,2026-01-18,PedidosYa,filete a la chorrillana,1,41.8,25,Cajamarca,39,4.0
EXT-100709,2026-04-14,PedidosYa,Ceviche Carretillero,1,33.0,25,Namora,28,5.0
EXT-100710,2026-01-23,PedidosYa,Ceviche de Conchas Negras,2,92.4,25,Llacanora,31,5.0
EXT-100711,2026-05-18,PedidosYa,Jalea Mixta,1,49.5,25,Cajamarca,32,3.0
EXT-100712,2026-05-12,PedidosYa,ceviche de camarón,1,41.8,25,Cajamarca,37,5.0
EXT-100713,2026-04-05,Rappi,Cebiche de Conchas Negras,2,92.4,18,Baños del Inca,39,3.0
EXT-100714,2026-08-15,Rappi,CHICHARRÓN DE PESCADO,1,33.0,20,Cajamarca,40,4.0
EXT-100715,2026-06-28,Rappi,Ceviche de Camarón,1,41.8,20,Baños del Inca,14,
EXT-100716,2026-08-08,PedidosYa,ceviche de camarón,2,83.6,22,Cajamarca,47,4.0
EXT-100717,2026-08-09,PedidosYa,Ceviche de Camaron,1,41.8,22,Cajamarca,30,1.0
EXT-100718,2026-03-14,Rappi,Arroz Chaufa de Mariscos,1,35.2,18,Baños del Inca,33,4.0
EXT-100719,2026-07-22,PedidosYa,chicharrón de calamar,1,35.2,25,Cajamarca,35,4.0
EXT-100720,2026-02-26,Rappi,Chaufa de Pescado,1,30.8,18,Cajamarca,29,
EXT-100721,2026-08-22,Rappi,Tiradito Nikkei,1,39.6,18,Baños del Inca,43,3.0
EXT-100722,2026-01-23,PedidosYa,Tiradito Nikkei,1,39.6,25,San Juan,40,5.0
EXT-100723,2026-03-30,Rappi,Chaufa de Pescado,1,30.8,20,Baños del Inca,47,3.0
EXT-100724,2026-01-08,Rappi,ceviche carretillero,1,33.0,20,Cajamarca,30,5.0
EXT-100725,2026-03-19,PedidosYa,Ceviche de Camaron,1,41.8,25,Baños del Inca,37,5.0
EXT-100726,2026-08-29,Rappi,Ceviche Clásico,1,30.8,20,Cajamarca,30,4.0
EXT-100727,2026-02-03,Rappi,Tiradito Nikkei,1,39.6,18,Cajamarca,46,4.0
EXT-100728,2026-01-15,PedidosYa,Arroz Chaufa de Mariscos,1,35.2,25,Cajamarca,38,5.0
EXT-100729,2026-05-18,PedidosYa,Tiradito Nikkei,3,118.8,22,Cajamarca,32,
EXT-100730,2026-01-20,Rappi,Chicharron de Pescado,1,33.0,18,Llacanora,40,4.0
EXT-100731,2026-05-07,PedidosYa,Sopa Chilcano de Pescado,1,27.5,25,Namora,16,5.0
EXT-100732,2026-07-29,PedidosYa,Ceviche Carretillero,1,33.0,25,Cajamarca,43,4.0
EXT-100733,2026-03-04,PedidosYa,ceviche vegetariano,1,26.4,25,Baños del Inca,42,5.0
EXT-100734,2026-02-18,Rappi,Cebiche de Conchas Negras,1,46.2,18,Cajamarca,47,4.0
EXT-100735,2026-08-01,Rappi,Ceviche Mixto,1,37.4,18,Baños del Inca,35,5.0
EXT-100736,2026-02-11,Rappi,TACU TACU CON MARISCOS,1,40.7,18,Llacanora,21,4.0
EXT-100737,2026-09-22,Rappi,ceviche vegetariano,1,26.4,18,Cajamarca,31,5.0
EXT-100738,2026-06-28,Rappi,Leche de Pantera,1,28.6,20,Baños del Inca,34,4.0
EXT-100739,2026-04-05,PedidosYa,Tiradito Nikkei,1,39.6,25,Cajamarca,29,
EXT-100740,2026-09-17,PedidosYa,Arroz Negro,2,79.2,22,Cajamarca,22,5.0
EXT-100741,2026-09-21,PedidosYa,Cebiche Mixto,1,37.4,25,Baños del Inca,31,4.0
EXT-100742,2026-02-19,Rappi,chicharrón de pescado,1,33.0,20,Cajamarca,32,2.0
EXT-100743,2026-02-09,Rappi,leche de tigre,2,39.6,20,Cajamarca,35,
EXT-100744,2026-07-08,PedidosYa,ceviche de conchas negras,1,46.2,22,Cajamarca,25,4.0
EXT-100745,2026-05-12,Rappi,Ceviche Clasico,1,30.8,18,Cajamarca,34,5.0
EXT-100746,2026-05-28,PedidosYa,LECHE DE TIGRE,2,39.6,25,Cajamarca,22,4.0
EXT-100747,2026-01-24,PedidosYa,Arroz Negro,2,79.2,22,Cajamarca,23,4.0
EXT-100748,2026-01-22,PedidosYa,Filete a la Chorrillana,1,41.8,22,Cajamarca,26,5.0
EXT-100749,2026-02-08,PedidosYa,Ceviche Mixto,1,37.4,25,Baños del Inca,48,4.0
EXT-100750,2026-07-07,PedidosYa,LECHE DE TIGRE,1,19.8,25,Cajamarca,28,4.0
EXT-100751,2026-08-14,Rappi,Leche de Tigre,1,19.8,20,San Juan,33,3.0
EXT-100752,2026-03-16,PedidosYa,ceviche vegetariano,1,26.4,25,Namora,35,4.0
EXT-100753,2026-08-20,PedidosYa,CEVICHE CARRETILLERO,1,33.0,25,Los Baños,43,
EXT-100754,2026-06-08,Rappi,Arroz con Mariscos,1,38.5,20,Cajamarca,48,5.0
EXT-100755,2026-08-21,Rappi,Tiradito Nikkei,1,39.6,20,Cajamarca,30,4.0
EXT-100756,2026-04-16,PedidosYa,Ceviche Carretillero,1,33.0,25,Namora,33,2.0
EXT-100757,2026-03-23,Rappi,Cebiche Vegetariano,2,52.8,20,Cajamarca,22,5.0
EXT-100758,2026-06-08,PedidosYa,Ceviche Carretillero,1,33.0,25,Cajamarca,40,4.0
EXT-100759,2026-07-17,PedidosYa,CEVICHE CLÁSICO,1,30.8,25,Cajamarca,24,5.0
EXT-100760,2026-02-17,Rappi,Arroz con Pato Marino,1,36.3,20,Baños del Inca,37,5.0
EXT-100761,2026-07-08,Rappi,Pescado a lo Macho,1,48.4,18,Cajamarca,26,4.0
EXT-100762,2026-04-04,PedidosYa,TACU TACU CON MARISCOS,1,40.7,25,Cajamarca,23,5.0
EXT-100763,2026-04-12,Rappi,Arroz Negro,2,79.2,18,Cajamarca,16,
EXT-100764,2026-06-12,PedidosYa,Arroz con Mariscos,1,38.5,22,Cajamarca,29,3.0
EXT-100765,2026-01-11,PedidosYa,Cebiche de Camarón,1,41.8,22,Cajamarca,54,3.0
EXT-100766,2026-08-14,Rappi,parihuela,1,46.2,20,Cajamarca,50,4.0
EXT-100767,2026-03-21,PedidosYa,Ceviche de Pota,3,72.6,25,Los Baños,45,3.0
EXT-100768,2026-08-17,Rappi,Cebiche de Camarón,1,41.8,18,Baños del Inca,24,5.0
EXT-100769,2026-08-05,Rappi,CEVICHE DE CAMARÓN,1,41.8,18,Los Baños,28,
EXT-100770,2026-06-30,Rappi,arroz negro,1,39.6,20,Cajamarca,44,4.0
EXT-100771,2026-09-10,Rappi,Tacu Tacu con Mariscos,1,40.7,20,Cajamarca,33,4.0
EXT-100772,2026-01-30,PedidosYa,CEVICHE VEGETARIANO,1,26.4,25,Llacanora,40,5.0
EXT-100773,2026-05-18,PedidosYa,Ceviche Carretillero,2,66.0,25,Namora,45,5.0
EXT-100774,2026-09-27,PedidosYa,Jalea Mixta,3,148.5,25,Cajamarca,41,1.0
EXT-100775,2026-04-25,PedidosYa,Cebiche de Camarón,2,83.6,25,Baños del Inca,24,3.0
EXT-100776,2026-02-11,Rappi,tiradito nikkei,2,79.2,20,Cajamarca,42,2.0
EXT-100777,2026-08-15,Rappi,Chicharrón de Pescado,1,33.0,20,Cajamarca,38,5.0
EXT-100778,2026-06-27,PedidosYa,Pescado a lo Macho,1,48.4,22,San Juan,19,
EXT-100779,2026-07-18,PedidosYa,CHICHARRÓN DE PESCADO,3,99.0,22,Baños del Inca,23,5.0
EXT-100780,2026-03-13,PedidosYa,arroz chaufa de mariscos,1,35.2,25,Cajamarca,40,5.0
EXT-100781,2026-03-12,PedidosYa,ceviche vegetariano,2,52.8,25,Baños del Inca,46,4.0
EXT-100782,2026-08-18,PedidosYa,Ceviche Vegetariano,1,26.4,22,Cajamarca,43,4.0
EXT-100783,2026-01-27,PedidosYa,Ceviche de Conchas Negras,1,46.2,25,Cajamarca,36,5.0
EXT-100784,2026-07-25,PedidosYa,arroz negro,1,39.6,22,Cajamarca,35,
EXT-100785,2026-09-26,Rappi,ceviche carretillero,1,33.0,18,Cajamarca,33,4.0
EXT-100786,2026-06-25,Rappi,Chaufa de Pescado,2,61.6,18,Cajamarca,44,2.0
EXT-100787,2026-07-14,Rappi,Sudado de Pescado,1,37.4,18,Namora,38,4.0
EXT-100788,2026-06-20,PedidosYa,Ceviche Clásico,2,61.6,25,Cajamarca,29,5.0
EXT-100789,2026-05-12,Rappi,Sopa Chilcano de Pescado,1,27.5,18,Baños del Inca,29,5.0
EXT-100790,2026-01-18,Rappi,arroz con mariscos,3,115.5,20,Cajamarca,28,5.0
EXT-100791,2026-03-23,PedidosYa,Tiradito Nikkei,1,39.6,25,Cajamarca,28,4.0
EXT-100792,2026-08-10,PedidosYa,Ceviche de Camaron,1,41.8,22,Cajamarca,37,
EXT-100793,2026-06-23,Rappi,Ceviche Carretillero,1,33.0,18,Baños del Inca,32,4.0
EXT-100794,2026-08-03,PedidosYa,Chaufa de Pescado,2,61.6,22,Cajamarca,36,4.0
EXT-100795,2026-04-10,Rappi,arroz con pato marino,1,36.3,18,Cajamarca,36,5.0
EXT-100796,2026-01-16,PedidosYa,Cebiche de Pota,1,24.2,22,Baños del Inca,40,5.0
EXT-100797,2026-04-25,PedidosYa,ceviche mixto,2,74.8,22,Cajamarca,43,5.0
EXT-100798,2026-04-02,PedidosYa,arroz con mariscos,2,77.0,22,Cajamarca,38,5.0
EXT-100799,2026-01-04,Rappi,Chaufa de Pescado,1,30.8,20,Cajamarca,42,5.0
EXT-100800,2026-01-03,Rappi,CEVICHE VEGETARIANO,2,52.8,18,Los Baños,30,3.0
EXT-100801,2026-04-28,Rappi,Cebiche Clásico,2,61.6,18,Cajamarca,28,5.0
EXT-100802,2026-09-23,Rappi,Arroz con Pato Marino,2,72.6,18,Cajamarca,23,5.0
EXT-100803,2026-07-21,PedidosYa,leche de tigre,1,19.8,25,Cajamarca,35,4.0
EXT-100804,2026-09-18,Rappi,ceviche de camarón,3,125.4,20,Cajamarca,44,
EXT-100805,2026-05-06,PedidosYa,jalea mixta,1,49.5,22,Baños del Inca,43,3.0
EXT-100806,2026-01-10,Rappi,Saltado de Mariscos,3,118.8,18,Cajamarca,38,5.0
EXT-100807,2026-03-25,Rappi,CEVICHE CARRETILLERO,1,33.0,20,Baños del Inca,36,
EXT-100808,2026-07-10,PedidosYa,Cebiche de Conchas Negras,2,92.4,22,Cajamarca,38,5.0
EXT-100809,2026-07-12,PedidosYa,Pescado a lo Macho,1,48.4,25,Cajamarca,31,5.0
EXT-100810,2026-09-26,Rappi,leche de tigre,1,19.8,20,Cajamarca,29,4.0
EXT-100811,2026-08-06,Rappi,Cebiche Mixto,1,37.4,18,Baños del Inca,33,5.0
EXT-100812,2026-08-26,Rappi,CEVICHE VEGETARIANO,1,26.4,18,Cajamarca,34,1.0
EXT-100813,2026-02-06,Rappi,Filete a la Chorrillana,1,41.8,20,Namora,35,5.0
EXT-100814,2026-04-30,PedidosYa,Tiradito Nikkei,1,39.6,25,Baños del Inca,17,5.0
EXT-100815,2026-04-16,PedidosYa,Saltado de Mariscos,2,79.2,25,Baños del Inca,37,4.0
EXT-100816,2026-09-25,PedidosYa,Filete a la Chorrillana,1,41.8,22,Namora,26,4.0
EXT-100817,2026-04-13,Rappi,Cebiche de Camarón,2,83.6,18,Cajamarca,36,5.0
EXT-100818,2026-06-16,Rappi,Cebiche Carretillero,1,33.0,20,Cajamarca,12,5.0
EXT-100819,2026-01-29,PedidosYa,Filete a la Chorrillana,1,41.8,22,Cajamarca,33,4.0
EXT-100820,2026-04-25,Rappi,Leche de Tigre,2,39.6,20,Los Baños,38,4.0
EXT-100821,2026-07-04,Rappi,Jalea Mixta,1,49.5,18,Llacanora,23,3.0
EXT-100822,2026-01-28,Rappi,Sudado de Pescado,1,37.4,18,Cajamarca,24,3.0
EXT-100823,2026-01-06,Rappi,arroz chaufa de mariscos,2,70.4,20,Llacanora,40,4.0
EXT-100824,2026-09-03,Rappi,leche de tigre,1,19.8,20,Cajamarca,31,
EXT-100825,2026-05-12,PedidosYa,Cebiche Mixto,1,37.4,25,Cajamarca,35,5.0
EXT-100826,2026-01-30,Rappi,Ceviche Vegetariano,1,26.4,20,Baños del Inca,28,
EXT-100827,2026-06-28,PedidosYa,ceviche vegetariano,1,26.4,25,Cajamarca,37,5.0
EXT-100828,2026-04-13,PedidosYa,ceviche de camarón,1,41.8,22,Cajamarca,15,4.0
EXT-100829,2026-06-19,PedidosYa,Cebiche Vegetariano,1,26.4,25,Llacanora,35,
EXT-100830,2026-05-24,Rappi,Chicharrón de Calamar,3,105.6,18,Cajamarca,34,3.0
EXT-100831,2026-08-16,PedidosYa,Ceviche Mixto,1,37.4,22,Cajamarca,41,5.0
EXT-100832,2026-05-22,PedidosYa,ceviche de conchas negras,2,92.4,22,Cajamarca,17,3.0
EXT-100833,2026-06-06,PedidosYa,parihuela,2,92.4,22,Llacanora,19,5.0
EXT-100834,2026-01-21,PedidosYa,Cebiche de Camarón,1,41.8,25,Cajamarca,26,2.0
EXT-100835,2026-08-27,PedidosYa,Ceviche Carretillero,1,33.0,25,Baños del Inca,30,5.0
EXT-100836,2026-02-07,PedidosYa,ceviche de camarón,1,41.8,22,Cajamarca,50,
EXT-100837,2026-07-19,PedidosYa,Ceviche de Conchas Negras,2,92.4,22,Cajamarca,47,4.0
EXT-100838,2026-06-18,PedidosYa,ceviche mixto,1,37.4,25,Cajamarca,39,4.0
EXT-100839,2026-02-03,PedidosYa,Pescado a lo Macho,1,48.4,25,Cajamarca,30,4.0
EXT-100840,2026-07-26,PedidosYa,sudado de pescado,1,37.4,22,Cajamarca,44,3.0
EXT-100841,2026-04-06,Rappi,ARROZ CHAUFA DE MARISCOS,1,35.2,18,Cajamarca,30,
EXT-100842,2026-05-11,PedidosYa,Cebiche Mixto,2,74.8,22,Cajamarca,46,4.0
EXT-100843,2026-02-26,Rappi,Chaufa de Pescado,2,61.6,20,Baños del Inca,39,5.0
EXT-100844,2026-03-16,Rappi,Leche de Pantera,1,28.6,18,Baños del Inca,40,4.0
EXT-100845,2026-03-08,Rappi,Tiradito Nikkei,1,39.6,20,Cajamarca,40,3.0
EXT-100846,2026-05-16,Rappi,Jalea Mixta,1,49.5,20,Llacanora,24,5.0
EXT-100847,2026-07-13,PedidosYa,Chicharrón de Pescado,1,33.0,25,Cajamarca,26,4.0
EXT-100848,2026-04-10,PedidosYa,CHICHARRÓN DE CALAMAR,1,35.2,25,Llacanora,27,4.0
EXT-100849,2026-06-18,PedidosYa,Cebiche de Conchas Negras,1,46.2,22,Cajamarca,24,4.0
EXT-100850,2026-02-12,PedidosYa,chicharrón de pescado,1,33.0,22,Cajamarca,46,5.0
EXT-100851,2026-03-02,PedidosYa,Cebiche Mixto,1,37.4,25,Cajamarca,34,5.0
EXT-100852,2026-06-11,PedidosYa,CEVICHE DE CONCHAS NEGRAS,1,46.2,25,Cajamarca,29,3.0
EXT-100853,2026-02-07,PedidosYa,Arroz Negro,1,39.6,25,Cajamarca,45,5.0
EXT-100854,2026-05-31,PedidosYa,FILETE A LA CHORRILLANA,1,41.8,25,Cajamarca,27,
EXT-100855,2026-01-04,Rappi,Ceviche de Conchas Negras,1,46.2,20,Baños del Inca,35,4.0
EXT-100856,2026-02-04,PedidosYa,Ceviche Clásico,2,61.6,22,Cajamarca,43,5.0
EXT-100857,2026-04-10,PedidosYa,ARROZ NEGRO,1,39.6,25,Baños del Inca,31,1.0
EXT-100858,2026-04-10,Rappi,Leche de Tigre,1,19.8,18,Cajamarca,39,4.0
EXT-100859,2026-01-18,PedidosYa,arroz chaufa de mariscos,1,35.2,22,Cajamarca,42,3.0
EXT-100860,2026-08-18,Rappi,CHICHARRÓN DE CALAMAR,1,35.2,20,Baños del Inca,16,5.0
EXT-100861,2026-05-06,Rappi,Arroz con Mariscos,1,38.5,20,Cajamarca,34,4.0
EXT-100862,2026-01-01,PedidosYa,CEVICHE MIXTO,1,37.4,22,Baños del Inca,34,4.0
EXT-100863,2026-06-18,PedidosYa,Chaufa de Pescado,1,30.8,22,Baños del Inca,42,
EXT-100864,2026-03-22,PedidosYa,Saltado de Mariscos,1,39.6,22,Cajamarca,37,4.0
EXT-100865,2026-03-21,PedidosYa,TIRADITO NIKKEI,1,39.6,25,Cajamarca,39,
EXT-100866,2026-04-11,Rappi,Ceviche de Camaron,2,83.6,18,Baños del Inca,18,1.0
EXT-100867,2026-04-15,PedidosYa,Tiradito Nikkei,3,118.8,25,Baños del Inca,36,5.0
EXT-100868,2026-01-18,PedidosYa,LECHE DE PANTERA,1,28.6,25,Baños del Inca,24,
EXT-100869,2026-07-28,Rappi,ARROZ NEGRO,1,39.6,20,Llacanora,31,5.0
EXT-100870,2026-04-30,Rappi,Tiradito Nikkei,1,39.6,20,Namora,23,5.0
EXT-100871,2026-01-03,Rappi,ARROZ CHAUFA DE MARISCOS,1,35.2,18,Baños del Inca,27,4.0
EXT-100872,2026-07-02,PedidosYa,chicharrón de pescado,1,33.0,25,Llacanora,15,4.0
EXT-100873,2026-05-19,PedidosYa,Sopa Chilcano de Pescado,1,27.5,25,Cajamarca,29,4.0
EXT-100874,2026-09-06,Rappi,parihuela,1,46.2,20,Cajamarca,22,4.0
EXT-100875,2026-09-10,PedidosYa,CEVICHE DE POTA,1,24.2,22,Cajamarca,33,5.0
EXT-100876,2026-05-10,PedidosYa,Ceviche de Pota,1,24.2,22,Cajamarca,37,
EXT-100877,2026-02-06,Rappi,Cebiche Carretillero,1,33.0,20,Cajamarca,55,
EXT-100878,2026-06-05,PedidosYa,ceviche de conchas negras,1,46.2,22,Cajamarca,34,5.0
EXT-100879,2026-03-20,Rappi,Arroz Chaufa de Mariscos,1,35.2,20,Baños del Inca,24,
EXT-100880,2026-03-28,PedidosYa,tacu tacu con mariscos,2,81.4,25,Llacanora,47,4.0
EXT-100881,2026-07-07,PedidosYa,Jalea Mixta,1,49.5,25,Cajamarca,44,1.0
EXT-100882,2026-01-29,PedidosYa,CHICHARRÓN DE CALAMAR,1,35.2,22,Cajamarca,47,4.0
EXT-100883,2026-03-03,Rappi,Arroz Negro,1,39.6,18,Cajamarca,30,4.0
EXT-100884,2026-07-28,PedidosYa,Chicharrón de Pescado,1,33.0,22,Cajamarca,46,5.0
EXT-100885,2026-07-27,PedidosYa,chaufa de pescado,2,61.6,25,Cajamarca,43,
EXT-100886,2026-05-16,Rappi,Tiradito Nikkei,1,39.6,20,Baños del Inca,40,5.0
EXT-100887,2026-05-09,PedidosYa,Arroz Chaufa de Mariscos,1,35.2,25,Cajamarca,22,4.0
EXT-100888,2026-07-12,Rappi,leche de pantera,1,28.6,20,Baños del Inca,36,4.0
EXT-100889,2026-08-11,PedidosYa,pescado a lo macho,1,48.4,22,Baños del Inca,13,3.0
EXT-100890,2026-07-14,PedidosYa,chaufa de pescado,2,61.6,22,Cajamarca,36,4.0
EXT-100891,2026-04-28,Rappi,filete a la chorrillana,1,41.8,18,Namora,20,5.0
EXT-100892,2026-07-11,PedidosYa,CEVICHE DE POTA,2,48.4,25,Llacanora,34,4.0
EXT-100893,2026-08-07,Rappi,ceviche clásico,1,30.8,18,Cajamarca,40,5.0
EXT-100894,2026-05-14,PedidosYa,Leche de Pantera,1,,25,Cajamarca,24,4.0
EXT-100895,2026-02-26,Rappi,tiradito nikkei,1,39.6,18,Cajamarca,25,4.0
EXT-100896,2026-07-09,PedidosYa,Tiradito Nikkei,1,39.6,25,Cajamarca,31,4.0
EXT-100897,2026-08-28,Rappi,ARROZ CON MARISCOS,1,38.5,20,Cajamarca,41,4.0
EXT-100898,2026-05-05,PedidosYa,Tiradito Nikkei,1,39.6,25,Cajamarca,20,5.0
EXT-100899,2026-02-12,PedidosYa,Sopa Chilcano de Pescado,1,27.5,22,Cajamarca,47,3.0
EXT-100900,2026-04-03,PedidosYa,Arroz Negro,2,79.2,22,Cajamarca,26,1.0
EXT-100901,2026-09-04,PedidosYa,LECHE DE TIGRE ESPECIAL,1,26.4,25,Cajamarca,33,5.0
EXT-100902,2026-04-25,PedidosYa,Cebiche Mixto,1,37.4,22,Cajamarca,31,4.0
EXT-100903,2026-03-27,Rappi,ARROZ CHAUFA DE MARISCOS,1,35.2,18,Cajamarca,49,5.0
EXT-100904,2026-02-08,PedidosYa,Ceviche Carretillero,2,66.0,25,Cajamarca,42,4.0
EXT-100905,2026-09-06,PedidosYa,CEVICHE CLÁSICO,1,30.8,22,Cajamarca,30,4.0
EXT-100906,2026-02-03,Rappi,CHICHARRÓN DE CALAMAR,1,35.2,20,Baños del Inca,33,3.0
EXT-100907,2026-03-24,PedidosYa,ceviche carretillero,3,99.0,22,San Juan,14,5.0
EXT-100908,2026-08-10,PedidosYa,Saltado de Mariscos,2,79.2,22,Baños del Inca,42,4.0
EXT-100909,2026-02-10,PedidosYa,sopa chilcano de pescado,2,55.0,22,Cajamarca,23,4.0
EXT-100910,2026-04-17,PedidosYa,Cebiche de Pota,1,24.2,22,Llacanora,31,3.0
EXT-100911,2026-07-03,Rappi,Chicharrón de Calamar,1,35.2,18,Cajamarca,41,4.0
EXT-100912,2026-07-07,PedidosYa,Sudado de Pescado,1,37.4,22,Cajamarca,40,3.0
EXT-100913,2026-03-21,Rappi,Chicharrón de Calamar,1,35.2,20,Cajamarca,36,
EXT-100914,2026-01-01,PedidosYa,Chaufa de Pescado,2,61.6,25,Cajamarca,33,4.0
EXT-100915,2026-06-16,Rappi,CHICHARRÓN DE PESCADO,1,33.0,18,San Juan,46,4.0
EXT-100916,2026-05-24,PedidosYa,Chicharrón de Pescado,1,33.0,25,Cajamarca,33,5.0
EXT-100917,2026-09-24,Rappi,Cebiche de Pota,1,24.2,18,Baños del Inca,42,4.0
EXT-100918,2026-07-31,Rappi,Arroz Chaufa de Mariscos,3,105.6,18,Cajamarca,36,3.0
EXT-100919,2026-05-08,Rappi,Chicharrón de Calamar,1,35.2,18,San Juan,53,5.0
EXT-100920,2026-07-13,PedidosYa,Cebiche de Pota,2,48.4,25,Baños del Inca,46,5.0
EXT-100921,2026-03-23,Rappi,Ceviche de Camaron,1,41.8,20,Cajamarca,31,4.0
EXT-100922,2026-09-27,PedidosYa,CEVICHE CLÁSICO,2,61.6,25,Baños del Inca,40,
EXT-100923,2026-08-07,PedidosYa,Chaufa de Pescado,2,61.6,22,Baños del Inca,32,5.0
EXT-100924,2026-04-24,Rappi,TIRADITO NIKKEI,1,39.6,20,Llacanora,40,3.0
EXT-100925,2026-05-25,PedidosYa,Cebiche Carretillero,2,66.0,22,Baños del Inca,21,4.0
EXT-100926,2026-02-09,PedidosYa,LECHE DE TIGRE,3,59.4,25,Los Baños,62,5.0
EXT-100927,2026-06-09,Rappi,ceviche vegetariano,3,79.2,20,Cajamarca,34,3.0
EXT-100928,2026-04-16,Rappi,Tiradito Nikkei,2,79.2,20,Baños del Inca,19,4.0
EXT-100929,2026-03-28,PedidosYa,FILETE A LA CHORRILLANA,1,41.8,22,Los Baños,53,5.0
EXT-100930,2026-06-27,PedidosYa,Saltado de Mariscos,1,39.6,22,Cajamarca,43,5.0
EXT-100931,2026-09-01,PedidosYa,TIRADITO NIKKEI,1,39.6,22,Cajamarca,13,3.0
EXT-100932,2026-02-18,Rappi,Cebiche Clásico,1,30.8,18,Los Baños,29,4.0
EXT-100933,2026-06-20,Rappi,tacu tacu con mariscos,2,81.4,20,Baños del Inca,36,4.0
EXT-100934,2026-08-31,Rappi,Ceviche de Camaron,3,125.4,20,Cajamarca,36,3.0
EXT-100935,2026-03-30,Rappi,TIRADITO NIKKEI,2,79.2,18,Cajamarca,42,3.0
EXT-100936,2026-04-05,Rappi,Chicharrón de Calamar,1,35.2,20,Baños del Inca,14,5.0
EXT-100937,2026-06-09,PedidosYa,Ceviche Carretillero,1,33.0,22,Cajamarca,54,5.0
EXT-100938,2026-05-16,Rappi,ceviche de camarón,2,83.6,18,Baños del Inca,49,4.0
EXT-100939,2026-05-06,Rappi,ARROZ CON MARISCOS,1,38.5,18,Baños del Inca,30,1.0
EXT-100940,2026-05-22,Rappi,Sopa Chilcano de Pescado,2,55.0,20,Baños del Inca,38,5.0
EXT-100941,2026-02-02,PedidosYa,Cebiche Carretillero,1,33.0,22,Cajamarca,35,5.0
EXT-100942,2026-01-05,Rappi,Ceviche Mixto,1,37.4,20,Baños del Inca,32,4.0
EXT-100943,2026-01-24,Rappi,Ceviche Vegetariano,1,26.4,20,Cajamarca,36,5.0
EXT-100944,2026-04-11,PedidosYa,tacu tacu con mariscos,3,122.1,25,Llacanora,48,4.0
EXT-100945,2026-07-12,PedidosYa,Ceviche de Camarón,1,41.8,22,Cajamarca,32,5.0
EXT-100946,2026-08-24,PedidosYa,chicharrón de calamar,1,35.2,25,Baños del Inca,39,5.0
EXT-100947,2026-03-05,PedidosYa,chicharrón de calamar,1,35.2,22,Cajamarca,51,4.0
EXT-100948,2026-05-23,Rappi,SOPA CHILCANO DE PESCADO,1,27.5,20,Cajamarca,44,4.0
EXT-100949,2026-01-31,PedidosYa,Leche de Tigre,2,39.6,22,Cajamarca,44,4.0
EXT-100950,2026-07-25,PedidosYa,Cebiche Mixto,1,37.4,22,Cajamarca,27,4.0
EXT-100951,2026-04-16,Rappi,arroz con mariscos,1,38.5,20,Los Baños,46,4.0
EXT-100952,2026-04-29,PedidosYa,CEVICHE MIXTO,1,37.4,22,Cajamarca,38,1.0
EXT-100953,2026-01-06,PedidosYa,Leche de Tigre,2,39.6,25,Cajamarca,23,4.0
EXT-100954,2026-07-21,PedidosYa,Cebiche Clásico,1,30.8,25,Cajamarca,34,5.0
EXT-100955,2026-05-13,PedidosYa,Arroz con Pato Marino,1,36.3,25,Cajamarca,25,5.0
EXT-100956,2026-08-22,PedidosYa,filete a la chorrillana,1,41.8,25,San Juan,24,4.0
EXT-100957,2026-02-06,Rappi,Chaufa de Pescado,1,30.8,18,Cajamarca,38,3.0
EXT-100958,2026-05-30,PedidosYa,Ceviche Vegetariano,1,26.4,25,Baños del Inca,31,2.0
EXT-100959,2026-01-09,PedidosYa,Ceviche Mixto,1,37.4,22,Cajamarca,43,4.0
EXT-100960,2026-07-01,PedidosYa,LECHE DE TIGRE ESPECIAL,1,26.4,25,Cajamarca,30,4.0
EXT-100961,2026-04-14,Rappi,parihuela,1,46.2,18,Llacanora,17,5.0
EXT-100962,2026-05-11,Rappi,Tiradito Nikkei,2,79.2,20,Llacanora,32,
EXT-100963,2026-05-07,Rappi,LECHE DE PANTERA,1,28.6,20,Baños del Inca,34,5.0
EXT-100964,2026-06-10,Rappi,ceviche de pota,1,24.2,18,Los Baños,27,3.0
EXT-100965,2026-03-19,Rappi,Ceviche Clásico,1,30.8,18,Cajamarca,36,3.0
EXT-100966,2026-01-22,Rappi,CHAUFA DE PESCADO,3,92.4,18,Baños del Inca,24,4.0
EXT-100967,2026-07-28,PedidosYa,Pescado a lo Macho,2,96.8,25,Baños del Inca,23,5.0
EXT-100968,2026-04-12,PedidosYa,Parihuela,1,46.2,22,Cajamarca,40,4.0
EXT-100969,2026-08-16,PedidosYa,Ceviche Mixto,1,37.4,22,San Juan,33,4.0
EXT-100970,2026-05-04,Rappi,Ceviche Carretillero,1,33.0,20,Baños del Inca,31,4.0
EXT-100971,2026-08-05,Rappi,CEVICHE VEGETARIANO,1,26.4,20,Cajamarca,34,5.0
EXT-100972,2026-01-08,Rappi,leche de pantera,2,57.2,18,Cajamarca,38,5.0
EXT-100973,2026-01-24,PedidosYa,ARROZ CON PATO MARINO,1,36.3,25,Cajamarca,43,5.0
EXT-100974,2026-05-18,Rappi,Ceviche Mixto,2,74.8,18,Baños del Inca,39,5.0
EXT-100975,2026-01-09,PedidosYa,Jalea Mixta,2,99.0,25,Cajamarca,40,
EXT-100976,2026-03-10,PedidosYa,Leche de Pantera,1,28.6,25,Baños del Inca,37,5.0
EXT-100977,2026-07-10,Rappi,ceviche mixto,1,37.4,18,Baños del Inca,37,2.0
EXT-100978,2026-03-30,PedidosYa,Tacu Tacu con Mariscos,2,81.4,22,Baños del Inca,37,5.0
EXT-100979,2026-09-11,Rappi,Ceviche Clasico,1,30.8,18,Cajamarca,32,
EXT-100980,2026-01-23,PedidosYa,Ceviche Mixto,1,37.4,25,Cajamarca,44,2.0
EXT-100981,2026-08-18,PedidosYa,Chicharron de Calamar,1,35.2,22,Cajamarca,38,4.0
EXT-100982,2026-08-05,Rappi,Chicharrón de Pescado,1,33.0,20,Cajamarca,35,2.0
EXT-100983,2026-07-12,PedidosYa,Ceviche Vegetariano,1,26.4,25,Cajamarca,43,
EXT-100984,2026-03-29,PedidosYa,Tiradito Nikkei,1,39.6,22,Cajamarca,20,5.0
EXT-100985,2026-06-02,Rappi,CEVICHE MIXTO,2,74.8,18,Cajamarca,34,3.0
EXT-100986,2026-09-13,Rappi,tacu tacu con mariscos,1,40.7,18,Baños del Inca,25,4.0
EXT-100987,2026-01-16,Rappi,Ceviche de Camaron,1,41.8,18,Llacanora,32,5.0
EXT-100988,2026-06-19,PedidosYa,Cebiche de Pota,1,24.2,22,Cajamarca,27,4.0
EXT-100989,2026-04-19,Rappi,Cebiche Carretillero,2,66.0,20,Baños del Inca,40,3.0
EXT-100990,2026-03-02,PedidosYa,Arroz con Mariscos,1,38.5,25,Cajamarca,23,
EXT-100991,2026-04-13,PedidosYa,Ceviche de Camarón,1,41.8,22,Baños del Inca,27,2.0
EXT-100992,2026-06-17,PedidosYa,filete a la chorrillana,1,41.8,22,Cajamarca,31,4.0
EXT-100993,2026-05-13,PedidosYa,Tacu Tacu con Mariscos,1,40.7,22,Cajamarca,46,4.0
EXT-100994,2026-07-14,PedidosYa,tiradito nikkei,1,39.6,25,Baños del Inca,35,4.0
EXT-100995,2026-04-06,Rappi,ceviche carretillero,2,66.0,20,Namora,32,4.0
EXT-100996,2026-02-13,Rappi,Arroz Chaufa de Mariscos,3,105.6,20,Cajamarca,29,4.0
EXT-100997,2026-04-24,Rappi,Ceviche Carretillero,1,33.0,20,Llacanora,20,5.0
EXT-100998,2026-08-24,PedidosYa,Arroz con Pato Marino,1,36.3,25,Namora,37,4.0
EXT-100999,2026-05-02,PedidosYa,ceviche vegetariano,2,52.8,25,Cajamarca,25,4.0
EXT-101000,2026-09-04,PedidosYa,Ceviche Vegetariano,1,26.4,22,Baños del Inca,40,5.0
EXT-101001,2026-09-20,Rappi,chicharrón de calamar,1,35.2,18,Baños del Inca,35,3.0
EXT-101002,2026-07-31,PedidosYa,LECHE DE TIGRE ESPECIAL,1,26.4,25,Cajamarca,37,3.0
EXT-101003,2026-09-11,Rappi,CEVICHE DE CAMARÓN,1,41.8,20,Baños del Inca,44,3.0
EXT-101004,2026-04-08,Rappi,Ceviche Carretillero,1,33.0,20,Cajamarca,43,5.0
EXT-101005,2026-03-04,PedidosYa,Cebiche de Camarón,1,41.8,25,San Juan,35,5.0
EXT-101006,2026-07-19,PedidosYa,Leche de Pantera,1,28.6,25,Cajamarca,24,5.0
EXT-101007,2026-07-26,Rappi,Leche de Tigre,3,59.4,18,Cajamarca,32,
EXT-101008,2026-03-15,Rappi,ceviche vegetariano,1,26.4,20,Baños del Inca,30,4.0
EXT-101009,2026-08-14,Rappi,CHAUFA DE PESCADO,1,30.8,18,Cajamarca,42,1.0
EXT-101010,2026-09-21,Rappi,PARIHUELA,2,92.4,20,Cajamarca,41,2.0
EXT-101011,2026-05-21,Rappi,Sudado de Pescado,3,112.2,20,Cajamarca,37,5.0
EXT-101012,2026-07-16,PedidosYa,Ceviche de Pota,1,24.2,22,Baños del Inca,34,
EXT-101013,2026-01-16,PedidosYa,Ceviche Mixto,1,37.4,22,Cajamarca,42,3.0
EXT-101014,2026-05-31,PedidosYa,CEVICHE DE CONCHAS NEGRAS,1,46.2,22,Los Baños,49,4.0
EXT-101015,2026-01-31,Rappi,Jalea Mixta,1,49.5,20,Cajamarca,31,5.0
EXT-101016,2026-02-09,PedidosYa,ceviche clásico,2,61.6,25,Cajamarca,37,5.0
EXT-101017,2026-07-25,Rappi,Ceviche de Camaron,1,41.8,18,Cajamarca,34,5.0
EXT-101018,2026-07-08,PedidosYa,CEVICHE DE CAMARÓN,1,41.8,25,Cajamarca,34,3.0
EXT-101019,2026-08-15,PedidosYa,ARROZ NEGRO,1,39.6,22,San Juan,24,3.0
EXT-101020,2026-01-05,PedidosYa,Arroz Negro,1,39.6,22,Cajamarca,45,
EXT-101021,2026-09-25,Rappi,Jalea Mixta,1,49.5,18,Llacanora,34,5.0
EXT-101022,2026-05-18,PedidosYa,tacu tacu con mariscos,1,40.7,22,Llacanora,27,5.0
EXT-101023,2026-03-30,Rappi,Ceviche Vegetariano,1,26.4,18,Llacanora,22,3.0
EXT-101024,2026-06-24,PedidosYa,CEVICHE MIXTO,1,37.4,22,Cajamarca,52,5.0
EXT-101025,2026-03-29,Rappi,Pescado a lo Macho,1,48.4,18,Baños del Inca,38,3.0
EXT-101026,2026-06-27,PedidosYa,Ceviche Vegetariano,1,26.4,25,Llacanora,34,4.0
EXT-101027,2026-09-08,PedidosYa,Parihuela,1,46.2,25,Cajamarca,45,5.0
EXT-101028,2026-07-19,PedidosYa,Ceviche Vegetariano,1,26.4,22,Los Baños,26,3.0
EXT-101029,2026-04-06,PedidosYa,ARROZ CON PATO MARINO,2,72.6,25,Cajamarca,34,
EXT-101030,2026-06-30,PedidosYa,Arroz Negro,1,39.6,22,Cajamarca,44,4.0
EXT-101031,2026-01-17,PedidosYa,Ceviche de Camaron,1,41.8,25,Cajamarca,31,5.0
EXT-101032,2026-02-02,Rappi,CHICHARRÓN DE CALAMAR,1,35.2,18,San Juan,49,5.0
EXT-101033,2026-03-03,Rappi,Arroz con Mariscos,1,38.5,20,Los Baños,34,3.0
EXT-101034,2026-05-15,PedidosYa,Arroz con Pato Marino,2,72.6,22,Cajamarca,38,3.0
EXT-101035,2026-04-16,PedidosYa,Ceviche Mixto,1,37.4,25,Cajamarca,19,4.0
EXT-101036,2026-07-07,PedidosYa,Cebiche Carretillero,2,66.0,22,Cajamarca,34,5.0
EXT-101037,2026-04-08,PedidosYa,Chicharrón de Calamar,1,35.2,25,Cajamarca,38,3.0
EXT-101038,2026-08-05,Rappi,Cebiche de Pota,1,24.2,18,Cajamarca,36,
EXT-101039,2026-09-10,Rappi,Ceviche de Conchas Negras,3,138.6,18,Los Baños,27,3.0
EXT-101040,2026-03-04,Rappi,ceviche vegetariano,1,26.4,20,Los Baños,32,5.0
EXT-101041,2026-06-15,Rappi,Parihuela,1,46.2,20,Cajamarca,35,4.0
EXT-101042,2026-09-17,Rappi,ceviche clásico,2,61.6,18,Cajamarca,22,3.0
EXT-101043,2026-04-05,PedidosYa,Sudado de Pescado,1,37.4,25,Cajamarca,27,5.0
EXT-101044,2026-03-29,PedidosYa,Ceviche Vegetariano,3,79.2,25,Baños del Inca,29,5.0
EXT-101045,2026-09-08,Rappi,ceviche mixto,1,37.4,20,Baños del Inca,46,
EXT-101046,2026-04-12,Rappi,Cebiche Mixto,1,37.4,20,Cajamarca,41,4.0
EXT-101047,2026-07-01,PedidosYa,Sudado de Pescado,1,37.4,22,Namora,24,3.0
EXT-101048,2026-03-04,Rappi,ceviche vegetariano,2,52.8,20,Cajamarca,38,3.0
EXT-101049,2026-04-14,Rappi,Arroz con Pato Marino,1,36.3,20,Cajamarca,37,
EXT-101050,2026-06-30,PedidosYa,Arroz Negro,1,39.6,22,Cajamarca,34,4.0
EXT-101051,2026-04-06,Rappi,Ceviche Mixto,3,112.2,18,Cajamarca,45,4.0
EXT-101052,2026-04-03,Rappi,Arroz Negro,2,79.2,20,Cajamarca,41,
EXT-101053,2026-01-28,PedidosYa,Tacu Tacu con Mariscos,1,40.7,25,Cajamarca,39,4.0
EXT-101054,2026-04-26,Rappi,Tiradito Nikkei,1,39.6,18,Namora,51,1.0
EXT-101055,2026-09-24,Rappi,ARROZ CON PATO MARINO,1,36.3,18,Baños del Inca,54,4.0
EXT-101056,2026-05-13,Rappi,Leche de Tigre Especial,1,26.4,20,Baños del Inca,37,
EXT-101057,2026-09-21,PedidosYa,CEVICHE CARRETILLERO,1,33.0,22,Namora,18,4.0
EXT-101058,2026-06-19,PedidosYa,TIRADITO NIKKEI,1,39.6,22,Llacanora,17,
EXT-101059,2026-01-23,PedidosYa,Filete a la Chorrillana,1,41.8,25,San Juan,38,1.0
EXT-101060,2026-07-06,PedidosYa,Sudado de Pescado,1,37.4,25,Cajamarca,43,4.0
EXT-101061,2026-05-30,Rappi,LECHE DE PANTERA,1,28.6,18,Cajamarca,29,4.0
EXT-101062,2026-03-14,Rappi,ceviche de conchas negras,1,46.2,18,Baños del Inca,33,5.0
EXT-101063,2026-08-18,PedidosYa,Sopa Chilcano de Pescado,1,27.5,22,Cajamarca,30,4.0
EXT-101064,2026-06-20,Rappi,saltado de mariscos,1,39.6,20,Baños del Inca,34,2.0
EXT-101065,2026-07-02,Rappi,Chaufa de Pescado,3,92.4,20,Cajamarca,33,5.0
EXT-101066,2026-07-17,PedidosYa,Tiradito Nikkei,2,79.2,25,Cajamarca,39,5.0
EXT-101067,2026-05-31,PedidosYa,Arroz Negro,1,39.6,25,Llacanora,21,4.0
EXT-101068,2026-01-14,PedidosYa,Ceviche Vegetariano,2,52.8,22,Baños del Inca,63,5.0
EXT-101069,2026-08-11,Rappi,Tiradito Nikkei,2,79.2,18,Los Baños,47,4.0
EXT-101070,2026-08-11,PedidosYa,Parihuela,1,46.2,25,Cajamarca,30,3.0
EXT-101071,2026-03-15,PedidosYa,CEVICHE DE CAMARÓN,1,41.8,22,Baños del Inca,30,4.0
EXT-101072,2026-09-19,PedidosYa,TIRADITO NIKKEI,1,39.6,22,Los Baños,39,5.0
EXT-101073,2026-09-02,Rappi,Ceviche de Conchas Negras,2,92.4,20,San Juan,43,5.0
EXT-101074,2026-02-22,PedidosYa,chicharrón de pescado,2,66.0,22,Cajamarca,48,5.0
EXT-101075,2026-01-26,PedidosYa,Tiradito Nikkei,1,39.6,22,Cajamarca,28,4.0
EXT-101076,2026-08-17,PedidosYa,Tacu Tacu con Mariscos,2,81.4,22,Cajamarca,19,4.0
EXT-101077,2026-07-11,Rappi,CEVICHE CARRETILLERO,1,33.0,18,Cajamarca,33,4.0
EXT-101078,2026-01-08,Rappi,Ceviche Vegetariano,1,26.4,20,Cajamarca,36,2.0
EXT-101079,2026-07-15,PedidosYa,Arroz con Pato Marino,1,36.3,25,Cajamarca,15,5.0
EXT-101080,2026-06-23,Rappi,leche de pantera,1,28.6,20,Baños del Inca,41,4.0
EXT-101081,2026-05-22,Rappi,leche de tigre,2,39.6,20,Cajamarca,37,4.0
EXT-101082,2026-07-20,Rappi,Ceviche de Camaron,1,41.8,18,Llacanora,39,3.0
EXT-101083,2026-04-12,Rappi,SOPA CHILCANO DE PESCADO,2,55.0,18,Cajamarca,35,5.0
EXT-101084,2026-08-08,PedidosYa,Ceviche Clasico,1,30.8,22,Cajamarca,34,3.0
EXT-101085,2026-03-21,Rappi,Tacu Tacu con Mariscos,3,122.1,18,Baños del Inca,33,
EXT-101086,2026-04-09,PedidosYa,Filete a la Chorrillana,1,41.8,25,Cajamarca,36,3.0
EXT-101087,2026-06-27,Rappi,Sudado de Pescado,2,74.8,20,Cajamarca,31,4.0
EXT-101088,2026-06-28,PedidosYa,Ceviche Carretillero,1,33.0,25,Cajamarca,12,3.0
EXT-101089,2026-04-29,PedidosYa,Ceviche de Pota,1,24.2,22,Cajamarca,39,1.0
EXT-101090,2026-05-24,PedidosYa,CHICHARRÓN DE CALAMAR,1,35.2,22,San Juan,43,5.0
EXT-101091,2026-08-03,Rappi,Arroz Negro,1,39.6,20,Cajamarca,39,3.0
EXT-101092,2026-02-26,PedidosYa,FILETE A LA CHORRILLANA,2,83.6,25,Cajamarca,25,3.0
EXT-101093,2026-08-12,PedidosYa,Arroz con Mariscos,1,38.5,22,Cajamarca,37,3.0
EXT-101094,2026-08-12,Rappi,Ceviche Carretillero,1,33.0,20,Namora,36,1.0
EXT-101095,2026-01-09,Rappi,Cebiche Carretillero,1,33.0,20,Baños del Inca,32,5.0
EXT-101096,2026-05-16,PedidosYa,ARROZ CHAUFA DE MARISCOS,1,35.2,25,Baños del Inca,43,5.0
EXT-101097,2026-03-20,PedidosYa,SUDADO DE PESCADO,1,37.4,22,Cajamarca,33,5.0
EXT-101098,2026-05-23,PedidosYa,CEVICHE DE POTA,1,24.2,22,Cajamarca,20,4.0
EXT-101099,2026-03-14,PedidosYa,Tiradito Nikkei,1,39.6,22,Cajamarca,32,4.0
EXT-101100,2026-09-09,PedidosYa,arroz negro,1,39.6,25,Los Baños,49,3.0
EXT-101101,2026-05-24,PedidosYa,Cebiche Mixto,1,37.4,25,Llacanora,39,
EXT-101102,2026-07-12,PedidosYa,LECHE DE TIGRE,1,19.8,25,Baños del Inca,24,4.0
EXT-101103,2026-09-04,Rappi,Arroz Chaufa de Mariscos,1,35.2,18,Cajamarca,19,5.0
EXT-101104,2026-03-15,Rappi,Leche de Tigre,1,19.8,20,Cajamarca,25,4.0
EXT-101105,2026-05-09,PedidosYa,Arroz con Pato Marino,1,36.3,22,Cajamarca,40,4.0
EXT-101106,2026-04-25,PedidosYa,Ceviche de Camaron,2,83.6,25,Cajamarca,41,5.0
EXT-101107,2026-05-11,PedidosYa,ceviche de pota,1,24.2,22,Cajamarca,39,5.0
EXT-101108,2026-09-23,PedidosYa,Cebiche Clásico,1,30.8,25,Cajamarca,42,5.0
EXT-101109,2026-05-29,Rappi,Chicharron de Calamar,2,70.4,20,Cajamarca,39,2.0
EXT-101110,2026-07-08,Rappi,Cebiche Vegetariano,1,26.4,18,Cajamarca,24,5.0
EXT-101111,2026-02-05,PedidosYa,ceviche de conchas negras,1,46.2,25,Cajamarca,41,3.0
EXT-101112,2026-07-06,Rappi,tacu tacu con mariscos,1,40.7,20,Los Baños,20,
EXT-101113,2026-06-27,Rappi,Jalea Mixta,1,49.5,18,Cajamarca,29,5.0
EXT-101114,2026-08-06,Rappi,Tiradito Nikkei,1,39.6,20,Baños del Inca,32,5.0
EXT-101115,2026-08-19,Rappi,CHAUFA DE PESCADO,1,30.8,18,Baños del Inca,52,5.0
EXT-101116,2026-06-04,Rappi,Chaufa de Pescado,1,30.8,20,Baños del Inca,45,5.0
EXT-101117,2026-08-06,PedidosYa,ARROZ NEGRO,1,39.6,25,Cajamarca,41,5.0
EXT-101118,2026-04-08,PedidosYa,Cebiche Vegetariano,1,26.4,22,Cajamarca,33,4.0
EXT-101119,2026-01-05,PedidosYa,Ceviche de Conchas Negras,1,46.2,25,Los Baños,34,3.0
EXT-101120,2026-05-04,PedidosYa,TIRADITO NIKKEI,1,39.6,22,Baños del Inca,27,5.0
EXT-101121,2026-04-27,Rappi,Leche de Tigre Especial,1,26.4,20,Cajamarca,48,5.0
EXT-101122,2026-09-20,Rappi,CEVICHE VEGETARIANO,2,52.8,18,Baños del Inca,29,2.0
EXT-101123,2026-09-18,Rappi,TACU TACU CON MARISCOS,2,81.4,18,Cajamarca,28,4.0
EXT-101124,2026-06-13,PedidosYa,Ceviche Carretillero,2,66.0,22,Baños del Inca,32,4.0
EXT-101125,2026-03-03,PedidosYa,pescado a lo macho,1,48.4,22,Cajamarca,38,5.0
EXT-101126,2026-02-02,PedidosYa,Tacu Tacu con Mariscos,1,40.7,22,Cajamarca,41,4.0
EXT-101127,2026-09-20,PedidosYa,CEVICHE CARRETILLERO,1,33.0,25,Cajamarca,40,5.0
EXT-101128,2026-05-13,PedidosYa,CEVICHE CARRETILLERO,1,33.0,25,Los Baños,39,
EXT-101129,2026-04-13,Rappi,Tiradito Nikkei,1,39.6,20,Cajamarca,16,5.0
EXT-101130,2026-08-14,PedidosYa,TIRADITO NIKKEI,1,39.6,22,Cajamarca,26,2.0
EXT-101131,2026-07-20,PedidosYa,Filete a la Chorrillana,2,83.6,22,Cajamarca,37,5.0
EXT-101132,2026-08-07,PedidosYa,ceviche mixto,1,37.4,25,Cajamarca,39,5.0
EXT-101133,2026-07-17,Rappi,Parihuela,3,138.6,18,Cajamarca,40,5.0
EXT-101134,2026-02-11,PedidosYa,Ceviche Clasico,2,61.6,22,Cajamarca,30,4.0
EXT-101135,2026-05-11,PedidosYa,Ceviche Carretillero,1,33.0,22,Cajamarca,22,5.0
EXT-101136,2026-09-09,PedidosYa,Arroz Negro,1,39.6,22,Cajamarca,21,
EXT-101137,2026-08-21,Rappi,ceviche de camarón,2,83.6,18,Cajamarca,37,5.0
EXT-101138,2026-01-20,Rappi,Tiradito Nikkei,1,39.6,18,Los Baños,27,3.0
EXT-101139,2026-01-25,Rappi,Leche de Tigre,1,19.8,18,San Juan,39,5.0
EXT-101140,2026-07-14,Rappi,arroz con pato marino,1,36.3,20,Cajamarca,32,5.0
EXT-101141,2026-04-13,PedidosYa,Jalea Mixta,2,99.0,25,Llacanora,31,4.0
EXT-101142,2026-08-14,Rappi,Cebiche Clásico,1,30.8,18,San Juan,33,
EXT-101143,2026-07-22,PedidosYa,FILETE A LA CHORRILLANA,1,41.8,22,Cajamarca,22,3.0
EXT-101144,2026-05-06,PedidosYa,Leche de Pantera,2,57.2,25,Llacanora,36,5.0
EXT-101145,2026-08-07,PedidosYa,Chicharrón de Calamar,1,35.2,22,Cajamarca,40,2.0
EXT-101146,2026-03-22,Rappi,Leche de Pantera,2,57.2,20,Llacanora,50,4.0
EXT-101147,2026-01-19,Rappi,ARROZ CHAUFA DE MARISCOS,1,35.2,18,Baños del Inca,52,4.0
EXT-101148,2026-03-06,PedidosYa,FILETE A LA CHORRILLANA,2,83.6,25,Baños del Inca,40,3.0
EXT-101149,2026-07-06,PedidosYa,ceviche mixto,2,74.8,25,Cajamarca,39,3.0
EXT-101150,2026-04-19,PedidosYa,parihuela,2,92.4,22,Cajamarca,47,4.0
EXT-101151,2026-09-03,PedidosYa,SALTADO DE MARISCOS,1,39.6,22,Los Baños,27,5.0
EXT-101152,2026-01-15,PedidosYa,Ceviche de Camaron,1,41.8,22,Cajamarca,38,4.0
EXT-101153,2026-03-31,PedidosYa,sopa chilcano de pescado,1,27.5,22,Cajamarca,30,
EXT-101154,2026-08-23,Rappi,Arroz Negro,1,39.6,20,Cajamarca,39,
EXT-101155,2026-01-07,PedidosYa,Tiradito Nikkei,1,39.6,22,Cajamarca,44,5.0
EXT-101156,2026-09-02,PedidosYa,Arroz Negro,1,39.6,22,Cajamarca,27,4.0
EXT-101157,2026-08-22,Rappi,CEVICHE CARRETILLERO,1,33.0,18,Cajamarca,43,5.0
EXT-101158,2026-09-26,PedidosYa,ceviche mixto,3,112.2,25,Cajamarca,33,4.0
EXT-101159,2026-02-13,Rappi,Cebiche Mixto,2,74.8,18,Los Baños,37,3.0
EXT-101160,2026-02-13,Rappi,Cebiche Vegetariano,1,26.4,20,Namora,12,1.0
EXT-101161,2026-05-10,PedidosYa,Arroz Negro,2,79.2,22,Cajamarca,32,4.0
EXT-101162,2026-04-21,PedidosYa,Ceviche Mixto,1,37.4,22,Cajamarca,26,5.0
EXT-101163,2026-07-24,Rappi,CEVICHE DE CAMARÓN,2,83.6,20,Cajamarca,27,5.0
EXT-101164,2026-06-06,Rappi,Ceviche Clásico,2,61.6,18,Cajamarca,36,2.0
EXT-101165,2026-02-08,PedidosYa,chicharrón de calamar,1,35.2,25,Cajamarca,26,4.0
EXT-101166,2026-01-25,PedidosYa,Leche de Tigre,1,19.8,25,Namora,39,1.0
EXT-101167,2026-04-15,PedidosYa,PARIHUELA,2,92.4,22,Cajamarca,20,5.0
EXT-101168,2026-07-02,PedidosYa,Leche de Tigre,1,19.8,22,Cajamarca,31,
EXT-101169,2026-06-29,Rappi,Parihuela,1,46.2,20,Cajamarca,53,
EXT-101170,2026-01-11,PedidosYa,Tacu Tacu con Mariscos,1,40.7,25,Baños del Inca,35,3.0
EXT-101171,2026-06-05,PedidosYa,ceviche de conchas negras,1,46.2,22,Baños del Inca,22,5.0
EXT-101172,2026-05-17,PedidosYa,Cebiche Mixto,2,74.8,25,Baños del Inca,32,5.0
EXT-101173,2026-02-27,Rappi,Arroz Negro,1,39.6,20,Cajamarca,34,4.0
EXT-101174,2026-04-28,PedidosYa,leche de tigre,1,19.8,25,Llacanora,28,1.0
EXT-101175,2026-07-19,Rappi,CEVICHE MIXTO,1,37.4,18,Namora,34,2.0
EXT-101176,2026-01-01,PedidosYa,Chicharrón de Calamar,2,70.4,25,Baños del Inca,35,5.0
EXT-101177,2026-02-11,PedidosYa,leche de tigre,1,19.8,22,Cajamarca,21,4.0
EXT-101178,2026-04-10,Rappi,ARROZ NEGRO,1,39.6,20,Baños del Inca,42,1.0
EXT-101179,2026-09-24,PedidosYa,leche de tigre especial,1,26.4,25,Los Baños,23,
EXT-101180,2026-03-15,PedidosYa,Chicharron de Pescado,1,33.0,22,Cajamarca,30,
EXT-101181,2026-04-13,PedidosYa,CEVICHE CLÁSICO,1,30.8,22,Cajamarca,34,5.0
EXT-101182,2026-09-23,PedidosYa,Filete a la Chorrillana,1,41.8,22,Baños del Inca,44,
EXT-101183,2026-02-01,PedidosYa,ceviche de camarón,1,41.8,22,Baños del Inca,28,5.0
EXT-101184,2026-07-02,PedidosYa,Cebiche Clásico,2,61.6,22,Cajamarca,49,4.0
EXT-101185,2026-08-18,PedidosYa,Leche de Tigre Especial,1,26.4,25,Cajamarca,21,4.0
EXT-101186,2026-06-06,Rappi,sudado de pescado,1,37.4,20,Cajamarca,45,4.0
EXT-101187,2026-04-06,PedidosYa,ceviche vegetariano,1,26.4,25,Cajamarca,46,4.0
EXT-101188,2026-03-05,PedidosYa,Sudado de Pescado,1,37.4,25,Cajamarca,46,2.0
EXT-101189,2026-05-20,PedidosYa,Ceviche de Camaron,1,41.8,22,Baños del Inca,42,4.0
EXT-101190,2026-01-19,PedidosYa,SALTADO DE MARISCOS,1,39.6,22,Cajamarca,20,5.0
EXT-101191,2026-09-13,PedidosYa,ceviche de conchas negras,1,46.2,25,Namora,30,3.0
EXT-101192,2026-08-09,PedidosYa,Arroz con Pato Marino,1,36.3,25,Cajamarca,40,5.0
EXT-101193,2026-04-30,PedidosYa,ARROZ CON MARISCOS,1,38.5,25,Cajamarca,34,5.0
EXT-101194,2026-09-05,PedidosYa,Filete a la Chorrillana,1,41.8,25,Baños del Inca,42,4.0
EXT-101195,2026-05-17,PedidosYa,Filete a la Chorrillana,1,41.8,22,Namora,23,5.0
EXT-101196,2026-05-15,PedidosYa,PARIHUELA,2,92.4,22,Llacanora,33,3.0
EXT-101197,2026-04-24,PedidosYa,Chicharrón de Pescado,1,33.0,25,Cajamarca,33,4.0
EXT-101198,2026-02-28,Rappi,Arroz Chaufa de Mariscos,1,35.2,18,Cajamarca,39,5.0
EXT-101199,2026-01-16,Rappi,ceviche de pota,2,48.4,20,Cajamarca,43,
EXT-101200,2026-03-03,PedidosYa,PESCADO A LO MACHO,1,48.4,25,Cajamarca,19,3.0
EXT-101201,2026-03-01,PedidosYa,CEVICHE DE CAMARÓN,1,41.8,25,San Juan,33,
EXT-101202,2026-05-14,PedidosYa,Tiradito Nikkei,1,39.6,25,Cajamarca,22,5.0
EXT-101203,2026-09-04,Rappi,CEVICHE DE POTA,1,24.2,20,Cajamarca,46,4.0
EXT-101204,2026-08-23,PedidosYa,Ceviche Vegetariano,1,26.4,25,Cajamarca,30,5.0
EXT-101205,2026-07-22,PedidosYa,ARROZ NEGRO,3,118.8,22,Llacanora,25,5.0
EXT-101206,2026-07-23,Rappi,ceviche de pota,2,48.4,20,Baños del Inca,33,2.0
EXT-101207,2026-02-10,PedidosYa,Ceviche de Pota,2,48.4,22,Cajamarca,29,5.0
EXT-101208,2026-06-25,PedidosYa,TIRADITO NIKKEI,2,79.2,22,Baños del Inca,32,4.0
EXT-101209,2026-04-04,Rappi,Jalea Mixta,2,99.0,20,Baños del Inca,37,5.0
EXT-101210,2026-03-27,Rappi,leche de pantera,1,28.6,18,Cajamarca,26,4.0
EXT-101211,2026-04-15,Rappi,SALTADO DE MARISCOS,1,39.6,20,Baños del Inca,34,4.0
EXT-101212,2026-06-13,Rappi,Ceviche de Camarón,3,125.4,20,Baños del Inca,39,4.0
EXT-101213,2026-05-06,Rappi,Sudado de Pescado,2,74.8,18,Cajamarca,22,4.0
EXT-101214,2026-08-23,PedidosYa,JALEA MIXTA,2,99.0,22,Cajamarca,36,
EXT-101215,2026-05-08,Rappi,LECHE DE PANTERA,1,28.6,20,Baños del Inca,35,4.0
EXT-101216,2026-08-26,Rappi,Ceviche Vegetariano,1,26.4,20,Cajamarca,45,5.0
EXT-101217,2026-01-27,Rappi,Tiradito Nikkei,1,39.6,20,Cajamarca,44,4.0
EXT-101218,2026-04-13,PedidosYa,Ceviche de Camaron,2,83.6,25,Cajamarca,42,4.0
EXT-101219,2026-05-09,PedidosYa,chicharrón de calamar,1,35.2,25,Los Baños,44,5.0
EXT-101220,2026-07-05,PedidosYa,Ceviche Carretillero,1,33.0,25,Baños del Inca,32,5.0
EXT-101221,2026-06-06,PedidosYa,Ceviche de Conchas Negras,1,46.2,25,Cajamarca,41,5.0
EXT-101222,2026-01-26,PedidosYa,Ceviche de Conchas Negras,1,46.2,22,Cajamarca,33,5.0
EXT-101223,2026-05-30,PedidosYa,leche de tigre,3,59.4,25,Cajamarca,31,3.0
EXT-101224,2026-07-31,PedidosYa,Arroz Negro,1,39.6,25,Cajamarca,33,4.0
EXT-101225,2026-07-30,Rappi,leche de tigre especial,1,26.4,18,Cajamarca,23,4.0
EXT-101226,2026-06-06,PedidosYa,Saltado de Mariscos,1,39.6,22,Baños del Inca,29,3.0
EXT-101227,2026-07-23,Rappi,Leche de Tigre Especial,3,79.2,20,Cajamarca,38,
EXT-101228,2026-02-28,PedidosYa,ceviche carretillero,1,33.0,22,San Juan,36,3.0
EXT-101229,2026-01-03,Rappi,ceviche vegetariano,2,52.8,20,Llacanora,40,5.0
EXT-101230,2026-06-11,Rappi,Chaufa de Pescado,3,92.4,20,Cajamarca,21,4.0
EXT-101231,2026-04-14,PedidosYa,CHICHARRÓN DE CALAMAR,2,70.4,22,Cajamarca,33,4.0
EXT-101232,2026-04-18,Rappi,Parihuela,2,92.4,20,San Juan,33,5.0
EXT-101233,2026-01-27,PedidosYa,CEVICHE CARRETILLERO,2,66.0,25,Cajamarca,40,5.0
EXT-101234,2026-04-04,PedidosYa,arroz con pato marino,1,36.3,25,Cajamarca,33,
EXT-101235,2026-03-10,PedidosYa,ceviche de camarón,3,125.4,25,Cajamarca,48,5.0
EXT-101236,2026-07-07,Rappi,Arroz con Pato Marino,1,36.3,18,Baños del Inca,27,4.0
EXT-101237,2026-09-05,Rappi,SOPA CHILCANO DE PESCADO,2,55.0,18,Cajamarca,33,4.0
EXT-101238,2026-04-25,Rappi,Cebiche Carretillero,1,33.0,18,Cajamarca,45,5.0
EXT-101239,2026-07-29,Rappi,Leche de Tigre,1,19.8,18,Los Baños,28,5.0
EXT-101240,2026-08-04,Rappi,Ceviche Vegetariano,2,52.8,18,Baños del Inca,20,4.0
EXT-101241,2026-09-04,Rappi,Ceviche de Camaron,1,41.8,18,Los Baños,43,4.0
EXT-101242,2026-01-30,PedidosYa,CEVICHE DE POTA,2,48.4,22,Cajamarca,29,4.0
EXT-101243,2026-05-12,PedidosYa,Leche de Tigre,2,39.6,22,Cajamarca,48,
EXT-101244,2026-09-13,PedidosYa,Tiradito Nikkei,2,79.2,25,Baños del Inca,12,4.0
EXT-101245,2026-08-14,PedidosYa,Tiradito Nikkei,2,79.2,25,Cajamarca,40,4.0
EXT-101246,2026-09-06,Rappi,TIRADITO NIKKEI,1,39.6,18,Cajamarca,25,4.0
EXT-101247,2026-03-21,PedidosYa,ARROZ CON MARISCOS,2,77.0,25,Los Baños,30,4.0
EXT-101248,2026-09-27,Rappi,Jalea Mixta,1,49.5,20,Namora,25,4.0
EXT-101249,2026-02-28,PedidosYa,Chicharrón de Pescado,1,33.0,25,Baños del Inca,39,4.0
EXT-101250,2026-05-11,PedidosYa,Cebiche de Conchas Negras,1,46.2,22,Cajamarca,35,5.0
EXT-101251,2026-04-25,PedidosYa,chicharrón de calamar,1,35.2,25,Namora,23,4.0
EXT-101252,2026-07-05,PedidosYa,Filete a la Chorrillana,1,41.8,25,Cajamarca,40,4.0
EXT-101253,2026-07-01,PedidosYa,Sudado de Pescado,1,37.4,25,Cajamarca,22,5.0
EXT-101254,2026-06-27,PedidosYa,arroz negro,1,39.6,25,Llacanora,46,4.0
EXT-101255,2026-07-16,PedidosYa,Tiradito Nikkei,1,39.6,22,Cajamarca,42,2.0
EXT-101256,2026-09-19,Rappi,CHAUFA DE PESCADO,1,30.8,18,Cajamarca,30,5.0
EXT-101257,2026-05-03,PedidosYa,ceviche carretillero,1,33.0,25,Baños del Inca,27,
EXT-101258,2026-08-28,PedidosYa,Arroz Chaufa de Mariscos,1,35.2,22,Cajamarca,45,5.0
EXT-101259,2026-01-11,Rappi,saltado de mariscos,1,39.6,18,Cajamarca,21,4.0
EXT-101260,2026-01-13,Rappi,Ceviche Mixto,1,37.4,20,Cajamarca,25,3.0
EXT-101261,2026-01-20,PedidosYa,Chaufa de Pescado,1,30.8,25,Cajamarca,37,3.0
EXT-101262,2026-06-08,PedidosYa,parihuela,1,46.2,22,Baños del Inca,38,1.0
EXT-101263,2026-02-10,Rappi,ceviche de pota,1,24.2,20,Cajamarca,47,3.0
EXT-101264,2026-02-25,PedidosYa,Ceviche de Camarón,2,83.6,22,San Juan,42,4.0
EXT-101265,2026-08-20,Rappi,Ceviche Carretillero,1,33.0,20,Cajamarca,25,4.0
EXT-101266,2026-07-25,PedidosYa,Leche de Pantera,1,28.6,22,Cajamarca,36,
EXT-101267,2026-01-24,Rappi,ceviche de conchas negras,1,46.2,18,Cajamarca,20,3.0
EXT-101268,2026-01-31,Rappi,CEVICHE MIXTO,2,74.8,20,Cajamarca,32,4.0
EXT-101269,2026-07-31,PedidosYa,Cebiche Carretillero,3,99.0,22,Cajamarca,41,5.0
EXT-101270,2026-03-28,Rappi,Cebiche de Pota,1,24.2,18,Cajamarca,39,5.0
EXT-101271,2026-08-29,Rappi,Chicharrón de Pescado,1,33.0,18,Llacanora,38,
EXT-101272,2026-01-14,Rappi,Chicharrón de Calamar,2,70.4,18,Cajamarca,36,4.0
EXT-101273,2026-07-02,Rappi,Ceviche Carretillero,1,33.0,20,Cajamarca,33,3.0
EXT-101274,2026-02-24,PedidosYa,Ceviche de Camaron,2,83.6,25,Baños del Inca,27,4.0
EXT-101275,2026-07-25,Rappi,Cebiche de Camarón,1,41.8,20,Cajamarca,31,3.0
EXT-101276,2026-04-21,Rappi,ceviche vegetariano,1,26.4,20,Llacanora,28,4.0
EXT-101277,2026-07-20,Rappi,Ceviche de Camarón,1,41.8,18,Cajamarca,27,4.0
EXT-101278,2026-07-02,Rappi,ceviche carretillero,1,33.0,18,Cajamarca,47,5.0
EXT-101279,2026-02-07,Rappi,Cebiche de Pota,2,48.4,20,Llacanora,45,5.0
EXT-101280,2026-02-22,PedidosYa,Chaufa de Pescado,1,30.8,25,Baños del Inca,36,5.0
EXT-101281,2026-05-07,PedidosYa,Ceviche de Pota,1,24.2,22,Namora,37,4.0
EXT-101282,2026-08-15,Rappi,CEVICHE CLÁSICO,1,30.8,18,Cajamarca,31,3.0
EXT-101283,2026-09-24,Rappi,CEVICHE CARRETILLERO,1,33.0,18,Baños del Inca,31,4.0
EXT-101284,2026-07-20,PedidosYa,Jalea Mixta,3,148.5,25,Baños del Inca,37,4.0
EXT-101285,2026-04-25,Rappi,Ceviche Mixto,1,37.4,20,Los Baños,36,5.0
EXT-101286,2026-07-27,PedidosYa,Cebiche Vegetariano,1,26.4,22,Baños del Inca,33,4.0
EXT-101287,2026-09-11,Rappi,tiradito nikkei,1,39.6,18,Cajamarca,36,5.0
EXT-101288,2026-05-08,PedidosYa,Jalea Mixta,1,49.5,25,Cajamarca,26,5.0
EXT-101289,2026-07-27,PedidosYa,ceviche mixto,3,112.2,25,Baños del Inca,34,1.0
EXT-101290,2026-09-17,PedidosYa,Ceviche Carretillero,2,66.0,22,Baños del Inca,38,3.0
EXT-101291,2026-08-23,Rappi,Ceviche Carretillero,1,33.0,20,Llacanora,28,4.0
EXT-101292,2026-04-26,Rappi,CEVICHE CLÁSICO,3,92.4,20,Los Baños,26,4.0
EXT-101293,2026-08-28,PedidosYa,Tiradito Nikkei,1,,25,Baños del Inca,48,3.0
EXT-101294,2026-08-07,PedidosYa,SOPA CHILCANO DE PESCADO,1,27.5,25,Cajamarca,39,2.0
EXT-101295,2026-08-24,Rappi,Ceviche de Camarón,1,41.8,18,Cajamarca,22,5.0
EXT-101296,2026-07-08,Rappi,CEVICHE CARRETILLERO,1,33.0,18,Cajamarca,26,
EXT-101297,2026-08-05,Rappi,Chaufa de Pescado,1,30.8,18,Cajamarca,49,5.0
EXT-101298,2026-09-25,PedidosYa,Ceviche de Camarón,1,41.8,25,Baños del Inca,12,1.0
EXT-101299,2026-01-18,Rappi,Ceviche Mixto,2,74.8,20,Cajamarca,39,4.0
EXT-101300,2026-04-09,PedidosYa,Arroz Chaufa de Mariscos,2,70.4,22,San Juan,22,5.0
EXT-101301,2026-03-17,PedidosYa,Ceviche Mixto,1,37.4,25,Cajamarca,33,4.0
EXT-101302,2026-05-01,PedidosYa,Ceviche Mixto,1,37.4,22,Llacanora,38,4.0
EXT-101303,2026-03-26,Rappi,Cebiche de Camarón,3,125.4,18,Cajamarca,32,3.0
EXT-101304,2026-01-13,PedidosYa,Arroz con Mariscos,1,38.5,25,Cajamarca,28,5.0
EXT-101305,2026-01-30,PedidosYa,Arroz Negro,1,39.6,25,Cajamarca,47,3.0
EXT-101306,2026-05-19,PedidosYa,Ceviche Clásico,2,61.6,25,San Juan,45,5.0
EXT-101307,2026-05-20,PedidosYa,Filete a la Chorrillana,1,41.8,25,Cajamarca,20,
EXT-101308,2026-01-02,PedidosYa,Cebiche Mixto,1,37.4,25,Namora,20,
EXT-101309,2026-01-25,PedidosYa,SOPA CHILCANO DE PESCADO,1,27.5,25,Cajamarca,28,5.0
EXT-101310,2026-02-13,PedidosYa,Cebiche Mixto,2,74.8,25,Llacanora,30,
EXT-101311,2026-09-23,PedidosYa,arroz con pato marino,2,72.6,22,Namora,36,
EXT-101312,2026-05-26,PedidosYa,Leche de Tigre,1,19.8,25,San Juan,29,5.0
EXT-101313,2026-01-19,Rappi,CEVICHE CLÁSICO,1,30.8,20,Cajamarca,25,
EXT-101314,2026-02-14,Rappi,Leche de Pantera,1,28.6,20,Baños del Inca,33,
EXT-101315,2026-01-01,PedidosYa,CEVICHE CLÁSICO,2,61.6,25,Cajamarca,58,1.0
EXT-101316,2026-03-11,PedidosYa,Arroz con Pato Marino,1,36.3,25,Cajamarca,36,4.0
EXT-101317,2026-01-03,Rappi,Arroz Negro,1,39.6,18,Cajamarca,44,5.0
EXT-101318,2026-06-22,PedidosYa,Chicharron de Pescado,1,33.0,22,Cajamarca,28,
EXT-101319,2026-02-08,PedidosYa,leche de pantera,1,28.6,25,Baños del Inca,31,3.0
EXT-101320,2026-09-03,PedidosYa,leche de pantera,1,28.6,25,Llacanora,26,4.0
EXT-101321,2026-03-16,PedidosYa,Filete a la Chorrillana,1,41.8,25,Cajamarca,34,4.0
EXT-101322,2026-04-06,Rappi,Arroz con Mariscos,1,38.5,18,Los Baños,14,5.0
EXT-101323,2026-03-15,Rappi,LECHE DE TIGRE ESPECIAL,1,26.4,20,Los Baños,30,4.0
EXT-101324,2026-01-20,Rappi,Ceviche Vegetariano,1,26.4,18,Cajamarca,31,
EXT-101325,2026-03-05,PedidosYa,Cebiche de Camarón,1,41.8,22,Cajamarca,28,3.0
EXT-101326,2026-08-07,Rappi,Cebiche Mixto,1,37.4,18,Cajamarca,30,5.0
EXT-101327,2026-09-03,PedidosYa,leche de pantera,1,28.6,25,San Juan,22,3.0
EXT-101328,2026-01-22,PedidosYa,Pescado a lo Macho,2,96.8,25,Cajamarca,37,4.0
EXT-101329,2026-09-11,PedidosYa,Ceviche Mixto,1,37.4,22,Cajamarca,31,4.0
EXT-101330,2026-04-05,Rappi,chaufa de pescado,1,30.8,18,Cajamarca,23,5.0
EXT-101331,2026-08-25,PedidosYa,Tacu Tacu con Mariscos,1,40.7,22,Llacanora,30,4.0
EXT-101332,2026-05-15,PedidosYa,ceviche vegetariano,1,26.4,22,Cajamarca,17,
EXT-101333,2026-07-04,Rappi,Chaufa de Pescado,2,61.6,20,Los Baños,29,3.0
EXT-101334,2026-03-18,PedidosYa,jalea mixta,1,49.5,25,Cajamarca,22,4.0
EXT-101335,2026-04-25,PedidosYa,CHICHARRÓN DE CALAMAR,2,70.4,25,Namora,32,4.0
EXT-101336,2026-03-10,PedidosYa,Ceviche de Pota,2,48.4,22,Cajamarca,55,4.0
EXT-101337,2026-07-21,Rappi,Cebiche Vegetariano,1,26.4,20,Cajamarca,35,5.0
EXT-101338,2026-09-26,Rappi,Arroz Chaufa de Mariscos,2,70.4,18,Baños del Inca,46,4.0
EXT-101339,2026-04-27,Rappi,Sopa Chilcano de Pescado,3,82.5,20,Cajamarca,45,
EXT-101340,2026-03-05,Rappi,CEVICHE DE CONCHAS NEGRAS,1,46.2,18,Cajamarca,45,4.0
EXT-101341,2026-09-25,PedidosYa,Leche de Pantera,1,28.6,25,Cajamarca,49,3.0
EXT-101342,2026-03-14,Rappi,ARROZ NEGRO,2,79.2,18,Cajamarca,33,5.0
EXT-101343,2026-06-22,Rappi,FILETE A LA CHORRILLANA,1,41.8,18,Los Baños,28,4.0
EXT-101344,2026-08-16,Rappi,CEVICHE CARRETILLERO,1,33.0,20,Cajamarca,33,4.0
EXT-101345,2026-04-02,PedidosYa,Arroz Chaufa de Mariscos,1,35.2,25,Cajamarca,37,4.0
EXT-101346,2026-01-17,PedidosYa,Ceviche de Pota,1,24.2,22,Cajamarca,30,1.0
EXT-101347,2026-08-18,PedidosYa,Ceviche Mixto,1,37.4,25,Cajamarca,37,5.0
EXT-101348,2026-04-18,Rappi,Ceviche de Camaron,1,41.8,18,Cajamarca,44,
EXT-101349,2026-08-28,PedidosYa,CEVICHE DE CONCHAS NEGRAS,1,46.2,22,Cajamarca,28,3.0
EXT-101350,2026-06-09,PedidosYa,Leche de Tigre Especial,1,26.4,25,Cajamarca,40,5.0
EXT-101351,2026-03-30,PedidosYa,ARROZ NEGRO,1,39.6,25,San Juan,45,4.0
EXT-101352,2026-06-04,Rappi,Chaufa de Pescado,1,30.8,18,Los Baños,44,5.0
EXT-101353,2026-06-14,PedidosYa,Ceviche Clásico,1,30.8,25,Los Baños,31,4.0
EXT-101354,2026-04-27,Rappi,Ceviche Mixto,1,37.4,20,Llacanora,36,4.0
EXT-101355,2026-03-13,Rappi,Chaufa de Pescado,2,61.6,20,Llacanora,37,5.0
EXT-101356,2026-03-20,PedidosYa,arroz negro,2,79.2,25,Cajamarca,23,4.0
EXT-101357,2026-03-21,PedidosYa,Chicharrón de Calamar,1,35.2,25,Los Baños,33,
EXT-101358,2026-06-04,PedidosYa,Cebiche Clásico,1,30.8,25,Cajamarca,23,
EXT-101359,2026-05-26,Rappi,Jalea Mixta,1,49.5,18,Cajamarca,39,5.0
EXT-101360,2026-09-23,Rappi,ceviche clásico,2,61.6,20,Cajamarca,39,5.0
EXT-101361,2026-04-26,PedidosYa,sudado de pescado,1,37.4,25,Cajamarca,38,5.0
EXT-101362,2026-04-08,Rappi,Chicharrón de Calamar,1,35.2,18,Los Baños,38,5.0
EXT-101363,2026-07-10,PedidosYa,Sopa Chilcano de Pescado,1,27.5,22,Baños del Inca,39,3.0
EXT-101364,2026-05-12,Rappi,Chicharrón de Pescado,2,66.0,20,Cajamarca,36,5.0
EXT-101365,2026-01-24,PedidosYa,Leche de Tigre,1,19.8,25,Cajamarca,15,4.0
EXT-101366,2026-05-27,PedidosYa,Ceviche Carretillero,2,66.0,25,Cajamarca,48,4.0
EXT-101367,2026-06-23,Rappi,CEVICHE DE CAMARÓN,1,41.8,18,Los Baños,18,5.0
EXT-101368,2026-04-06,PedidosYa,Tiradito Nikkei,3,118.8,22,Cajamarca,29,4.0
EXT-101369,2026-02-26,Rappi,Leche de Pantera,2,57.2,20,San Juan,24,3.0
EXT-101370,2026-08-30,PedidosYa,CEVICHE DE CONCHAS NEGRAS,3,138.6,25,Los Baños,45,1.0
EXT-101371,2026-06-02,Rappi,Leche de Tigre,1,19.8,18,Los Baños,37,4.0
EXT-101372,2026-04-03,Rappi,Leche de Tigre Especial,2,52.8,20,Cajamarca,27,1.0
EXT-101373,2026-07-17,PedidosYa,Ceviche Clasico,2,61.6,25,Cajamarca,33,5.0
EXT-101374,2026-03-18,PedidosYa,Cebiche Carretillero,1,33.0,25,Baños del Inca,52,4.0
EXT-101375,2026-05-26,PedidosYa,ARROZ CHAUFA DE MARISCOS,1,35.2,22,Namora,24,4.0
EXT-101376,2026-05-09,PedidosYa,CEVICHE CARRETILLERO,2,66.0,22,Los Baños,35,5.0
EXT-101377,2026-03-30,PedidosYa,ceviche de conchas negras,1,46.2,25,Namora,31,5.0
EXT-101378,2026-03-21,PedidosYa,arroz con pato marino,1,36.3,25,Cajamarca,48,5.0
EXT-101379,2026-09-24,PedidosYa,Tiradito Nikkei,2,79.2,25,Cajamarca,34,5.0
EXT-101380,2026-01-28,PedidosYa,ceviche carretillero,1,33.0,25,Baños del Inca,30,3.0
EXT-101381,2026-02-22,PedidosYa,Arroz con Mariscos,2,77.0,25,Cajamarca,49,1.0
EXT-101382,2026-05-29,Rappi,ceviche mixto,2,74.8,18,Baños del Inca,42,3.0
EXT-101383,2026-06-05,PedidosYa,Cebiche Mixto,1,37.4,25,Cajamarca,47,5.0
EXT-101384,2026-06-15,PedidosYa,Cebiche Vegetariano,1,26.4,22,Cajamarca,24,3.0
EXT-101385,2026-04-04,PedidosYa,ceviche mixto,1,37.4,22,Cajamarca,46,5.0
EXT-101386,2026-04-29,Rappi,Arroz con Pato Marino,2,72.6,20,Cajamarca,32,3.0
EXT-101387,2026-05-26,Rappi,ceviche clásico,1,30.8,20,Cajamarca,43,4.0
EXT-101388,2026-08-08,Rappi,Saltado de Mariscos,1,39.6,18,Cajamarca,52,5.0
EXT-101389,2026-04-14,Rappi,FILETE A LA CHORRILLANA,1,41.8,20,Los Baños,38,4.0
EXT-101390,2026-03-30,PedidosYa,SUDADO DE PESCADO,3,112.2,22,Cajamarca,33,
EXT-101391,2026-09-15,PedidosYa,Tiradito Nikkei,2,79.2,22,Cajamarca,39,5.0
EXT-101392,2026-05-07,PedidosYa,Sopa Chilcano de Pescado,1,27.5,25,Cajamarca,32,5.0
EXT-101393,2026-03-13,Rappi,SUDADO DE PESCADO,2,74.8,18,Cajamarca,21,5.0
EXT-101394,2026-02-22,Rappi,FILETE A LA CHORRILLANA,1,41.8,18,Los Baños,34,4.0
EXT-101395,2026-04-27,Rappi,ARROZ NEGRO,1,39.6,20,Los Baños,28,4.0
EXT-101396,2026-08-31,Rappi,Chaufa de Pescado,3,92.4,18,Cajamarca,30,5.0
EXT-101397,2026-08-30,Rappi,Arroz Negro,2,79.2,18,Cajamarca,43,4.0
EXT-101398,2026-09-18,Rappi,Chicharrón de Calamar,1,35.2,18,Cajamarca,41,3.0
EXT-101399,2026-02-12,Rappi,Tiradito Nikkei,1,39.6,18,Llacanora,42,4.0
EXT-101400,2026-01-12,Rappi,Arroz Negro,2,79.2,20,Baños del Inca,23,3.0
EXT-101401,2026-05-28,PedidosYa,TIRADITO NIKKEI,2,79.2,25,Los Baños,37,
EXT-101402,2026-06-03,PedidosYa,Cebiche Carretillero,1,33.0,22,Cajamarca,20,5.0
EXT-101403,2026-01-02,PedidosYa,SUDADO DE PESCADO,1,37.4,22,Cajamarca,38,5.0
EXT-101404,2026-07-12,Rappi,Arroz con Mariscos,1,38.5,18,Cajamarca,32,5.0
EXT-101405,2026-04-08,PedidosYa,TIRADITO NIKKEI,1,39.6,22,Cajamarca,37,5.0
EXT-101406,2026-02-24,PedidosYa,chaufa de pescado,2,61.6,22,Cajamarca,43,4.0
EXT-101407,2026-09-17,PedidosYa,ARROZ NEGRO,2,79.2,22,Cajamarca,36,4.0
EXT-101408,2026-05-12,Rappi,Cebiche Mixto,1,37.4,20,Cajamarca,50,1.0
EXT-101409,2026-03-01,PedidosYa,arroz negro,3,118.8,25,Cajamarca,36,3.0
EXT-101410,2026-03-14,Rappi,Leche de Tigre Especial,1,26.4,18,Cajamarca,34,5.0
EXT-101411,2026-07-30,PedidosYa,Arroz con Pato Marino,1,36.3,22,Cajamarca,32,4.0
EXT-101412,2026-09-16,PedidosYa,Filete a la Chorrillana,1,41.8,22,Namora,39,4.0
EXT-101413,2026-07-24,PedidosYa,LECHE DE TIGRE,1,19.8,22,Baños del Inca,31,5.0
EXT-101414,2026-04-28,Rappi,Ceviche de Camarón,1,41.8,18,San Juan,26,5.0
EXT-101415,2026-02-06,PedidosYa,Sudado de Pescado,3,112.2,22,Cajamarca,29,4.0
EXT-101416,2026-03-08,Rappi,Cebiche de Pota,1,24.2,20,Cajamarca,40,4.0
EXT-101417,2026-08-22,PedidosYa,CEVICHE CLÁSICO,1,30.8,25,Llacanora,33,4.0
EXT-101418,2026-06-10,Rappi,Ceviche Mixto,1,37.4,18,Baños del Inca,31,3.0
EXT-101419,2026-02-28,PedidosYa,leche de tigre,2,39.6,25,Cajamarca,17,4.0
EXT-101420,2026-02-08,PedidosYa,Filete a la Chorrillana,1,41.8,25,Cajamarca,41,
EXT-101421,2026-06-19,Rappi,Chicharron de Calamar,1,35.2,20,Cajamarca,39,5.0
EXT-101422,2026-07-23,Rappi,CHAUFA DE PESCADO,1,30.8,18,Baños del Inca,43,4.0
EXT-101423,2026-06-23,PedidosYa,CEVICHE DE CONCHAS NEGRAS,2,92.4,22,Cajamarca,32,4.0
EXT-101424,2026-07-28,Rappi,Ceviche Mixto,1,37.4,18,Baños del Inca,16,5.0
EXT-101425,2026-01-26,PedidosYa,Ceviche de Conchas Negras,2,92.4,25,Baños del Inca,32,5.0
EXT-101426,2026-04-29,PedidosYa,CHAUFA DE PESCADO,1,30.8,25,Llacanora,30,
EXT-101427,2026-07-22,Rappi,Ceviche Clasico,1,30.8,18,Cajamarca,30,4.0
EXT-101428,2026-09-02,Rappi,ceviche vegetariano,2,52.8,18,Cajamarca,44,2.0
EXT-101429,2026-03-01,Rappi,Cebiche de Conchas Negras,1,46.2,18,Cajamarca,25,3.0
EXT-101430,2026-01-02,PedidosYa,leche de tigre,1,19.8,25,Baños del Inca,33,4.0
EXT-101431,2026-03-23,PedidosYa,Ceviche de Pota,2,48.4,25,Cajamarca,26,5.0
EXT-101432,2026-02-21,PedidosYa,jalea mixta,1,49.5,22,Baños del Inca,52,4.0
EXT-101433,2026-01-09,Rappi,Cebiche de Pota,1,24.2,20,Cajamarca,22,4.0
EXT-101434,2026-06-22,PedidosYa,Cebiche Carretillero,1,33.0,25,Cajamarca,33,5.0
EXT-101435,2026-04-08,Rappi,Leche de Tigre,1,19.8,20,Baños del Inca,47,4.0
EXT-101436,2026-03-06,Rappi,Tiradito Nikkei,1,39.6,20,Cajamarca,33,5.0
EXT-101437,2026-08-02,PedidosYa,Cebiche de Pota,2,48.4,22,Cajamarca,18,5.0
EXT-101438,2026-02-13,Rappi,CEVICHE VEGETARIANO,2,52.8,18,Cajamarca,33,4.0
EXT-101439,2026-01-12,PedidosYa,Cebiche Clásico,2,61.6,25,Cajamarca,43,
EXT-101440,2026-08-13,PedidosYa,Arroz con Pato Marino,1,36.3,22,Cajamarca,43,5.0
EXT-101441,2026-01-02,PedidosYa,Cebiche Carretillero,1,33.0,25,Cajamarca,34,5.0
EXT-101442,2026-08-25,Rappi,FILETE A LA CHORRILLANA,2,83.6,18,Cajamarca,32,4.0
EXT-101443,2026-02-18,Rappi,CEVICHE VEGETARIANO,1,26.4,18,Cajamarca,33,5.0
EXT-101444,2026-05-16,PedidosYa,ceviche clásico,1,30.8,22,Cajamarca,22,5.0
EXT-101445,2026-04-02,PedidosYa,LECHE DE TIGRE,1,19.8,25,Namora,26,4.0
EXT-101446,2026-06-29,Rappi,Chicharrón de Pescado,1,33.0,20,Baños del Inca,24,4.0
EXT-101447,2026-05-02,Rappi,Jalea Mixta,2,99.0,18,Cajamarca,42,5.0
EXT-101448,2026-08-15,Rappi,Leche de Tigre Especial,3,79.2,20,Cajamarca,35,
EXT-101449,2026-02-26,Rappi,Filete a la Chorrillana,1,41.8,18,Cajamarca,37,1.0
EXT-101450,2026-01-21,Rappi,Tiradito Nikkei,1,39.6,18,Llacanora,24,1.0
EXT-101451,2026-09-04,PedidosYa,Ceviche de Pota,1,24.2,22,Baños del Inca,22,4.0
EXT-101452,2026-09-25,PedidosYa,Cebiche Mixto,1,37.4,22,San Juan,29,4.0
EXT-101453,2026-05-17,PedidosYa,TIRADITO NIKKEI,1,39.6,25,Baños del Inca,41,4.0
EXT-101454,2026-09-08,Rappi,Ceviche de Conchas Negras,1,46.2,18,Baños del Inca,26,5.0
EXT-101455,2026-08-17,PedidosYa,PARIHUELA,1,46.2,22,Cajamarca,36,
EXT-101456,2026-01-13,PedidosYa,ARROZ CON PATO MARINO,1,36.3,25,Cajamarca,41,4.0
EXT-101457,2026-06-11,Rappi,Cebiche Vegetariano,2,52.8,18,Cajamarca,35,4.0
EXT-101458,2026-01-20,Rappi,Cebiche de Conchas Negras,1,46.2,18,Cajamarca,32,
EXT-101459,2026-07-05,Rappi,Sudado de Pescado,1,37.4,18,Cajamarca,23,5.0
EXT-101460,2026-05-13,PedidosYa,Arroz Negro,1,39.6,22,Cajamarca,39,2.0
EXT-101461,2026-01-07,PedidosYa,Chicharrón de Calamar,1,35.2,22,Baños del Inca,14,3.0
EXT-101462,2026-01-02,Rappi,CEVICHE CARRETILLERO,2,66.0,18,Cajamarca,46,5.0
EXT-101463,2026-03-21,Rappi,Tiradito Nikkei,1,39.6,18,Los Baños,45,4.0
EXT-101464,2026-06-17,Rappi,TACU TACU CON MARISCOS,1,40.7,18,Baños del Inca,43,5.0
EXT-101465,2026-06-18,Rappi,Ceviche Vegetariano,1,26.4,20,Llacanora,35,5.0
EXT-101466,2026-08-19,PedidosYa,SUDADO DE PESCADO,2,74.8,25,Cajamarca,31,
EXT-101467,2026-07-20,PedidosYa,TIRADITO NIKKEI,2,79.2,22,Cajamarca,54,1.0
EXT-101468,2026-03-02,Rappi,Tiradito Nikkei,1,39.6,20,Cajamarca,38,4.0
EXT-101469,2026-06-24,Rappi,chaufa de pescado,1,30.8,18,Cajamarca,47,5.0
EXT-101470,2026-02-10,Rappi,Ceviche Mixto,1,37.4,18,Cajamarca,52,
EXT-101471,2026-07-02,Rappi,Ceviche Carretillero,2,66.0,18,Namora,24,3.0
EXT-101472,2026-05-19,PedidosYa,Leche de Tigre,1,19.8,25,Cajamarca,37,5.0
EXT-101473,2026-05-03,PedidosYa,Leche de Tigre Especial,1,26.4,25,Cajamarca,40,4.0
EXT-101474,2026-04-26,PedidosYa,CEVICHE CARRETILLERO,1,33.0,25,Cajamarca,34,4.0
EXT-101475,2026-03-18,PedidosYa,Leche de Tigre Especial,2,52.8,25,Baños del Inca,27,4.0
EXT-101476,2026-02-04,Rappi,Ceviche Vegetariano,1,26.4,20,Cajamarca,32,5.0
EXT-101477,2026-03-10,PedidosYa,TIRADITO NIKKEI,2,79.2,22,San Juan,35,5.0
EXT-101478,2026-05-15,PedidosYa,Arroz Negro,1,39.6,25,Cajamarca,26,4.0
EXT-101479,2026-09-01,PedidosYa,tiradito nikkei,2,79.2,22,Cajamarca,37,
EXT-101480,2026-07-25,Rappi,Arroz con Pato Marino,1,36.3,18,Cajamarca,15,3.0
EXT-101481,2026-08-23,Rappi,Arroz con Mariscos,1,38.5,20,San Juan,36,
EXT-101482,2026-04-04,PedidosYa,tiradito nikkei,3,118.8,25,Cajamarca,34,4.0
EXT-101483,2026-09-03,PedidosYa,Ceviche Carretillero,3,99.0,22,Baños del Inca,38,3.0
EXT-101484,2026-06-29,Rappi,Ceviche Vegetariano,2,52.8,18,Cajamarca,20,4.0
EXT-101485,2026-07-31,Rappi,Cebiche Vegetariano,1,26.4,20,Cajamarca,33,3.0
EXT-101486,2026-05-17,PedidosYa,TIRADITO NIKKEI,1,39.6,25,Baños del Inca,24,4.0
EXT-101487,2026-06-15,PedidosYa,PARIHUELA,3,138.6,22,San Juan,37,2.0
EXT-101488,2026-05-05,Rappi,Arroz Negro,2,79.2,18,Los Baños,39,5.0
EXT-101489,2026-04-25,PedidosYa,Sudado de Pescado,2,74.8,25,Cajamarca,29,4.0
EXT-101490,2026-04-22,Rappi,ceviche carretillero,2,66.0,20,Cajamarca,30,3.0
EXT-101491,2026-07-14,PedidosYa,Ceviche de Pota,2,48.4,25,Cajamarca,27,5.0
EXT-101492,2026-08-15,PedidosYa,arroz negro,1,39.6,25,Cajamarca,34,
EXT-101493,2026-05-09,PedidosYa,Chicharrón de Pescado,2,66.0,25,Cajamarca,32,5.0
EXT-101494,2026-01-05,PedidosYa,FILETE A LA CHORRILLANA,1,41.8,22,Cajamarca,33,
EXT-101495,2026-05-01,Rappi,Cebiche de Pota,1,24.2,18,Namora,32,4.0
EXT-101496,2026-07-03,Rappi,Leche de Pantera,1,28.6,18,Cajamarca,14,4.0
EXT-101497,2026-07-14,PedidosYa,ceviche clásico,1,30.8,25,Namora,38,4.0
EXT-101498,2026-02-20,PedidosYa,saltado de mariscos,1,39.6,22,San Juan,30,5.0
EXT-101499,2026-06-23,Rappi,Sudado de Pescado,1,37.4,20,Cajamarca,21,3.0
EXT-101500,2026-03-23,PedidosYa,tacu tacu con mariscos,1,40.7,25,Cajamarca,36,5.0
EXT-101501,2026-02-14,Rappi,Ceviche Vegetariano,3,79.2,18,Los Baños,37,4.0
EXT-101502,2026-03-27,Rappi,Ceviche Mixto,1,37.4,18,Cajamarca,52,
EXT-101503,2026-06-10,PedidosYa,ceviche de camarón,1,41.8,25,Baños del Inca,36,4.0
EXT-101504,2026-09-21,Rappi,Arroz Chaufa de Mariscos,1,35.2,18,Baños del Inca,41,4.0
EXT-101505,2026-09-03,PedidosYa,parihuela,2,92.4,22,Baños del Inca,20,2.0
EXT-101506,2026-04-27,PedidosYa,Leche de Pantera,1,28.6,25,Llacanora,38,4.0
EXT-101507,2026-03-04,Rappi,Ceviche Clasico,1,30.8,18,Namora,34,5.0
EXT-101508,2026-06-15,PedidosYa,Arroz Chaufa de Mariscos,2,70.4,22,Cajamarca,38,5.0
EXT-101509,2026-07-06,PedidosYa,Leche de Tigre,1,,25,Cajamarca,43,3.0
EXT-101510,2026-02-07,Rappi,CEVICHE DE CONCHAS NEGRAS,2,92.4,18,San Juan,41,5.0
EXT-101511,2026-07-01,Rappi,Leche de Tigre,2,39.6,20,Cajamarca,34,4.0
EXT-101512,2026-02-15,Rappi,tiradito nikkei,1,39.6,20,San Juan,39,
EXT-101513,2026-05-07,PedidosYa,Cebiche Clásico,2,61.6,25,Llacanora,39,5.0
EXT-101514,2026-03-13,PedidosYa,Ceviche Carretillero,3,99.0,22,Cajamarca,37,4.0
EXT-101515,2026-02-18,PedidosYa,leche de tigre,1,19.8,25,Cajamarca,25,3.0
EXT-101516,2026-03-28,Rappi,Chicharron de Pescado,1,33.0,20,Cajamarca,31,1.0
EXT-101517,2026-07-19,PedidosYa,LECHE DE PANTERA,2,57.2,25,Cajamarca,35,5.0
EXT-101518,2026-03-17,PedidosYa,Filete a la Chorrillana,1,41.8,25,Baños del Inca,23,5.0
EXT-101519,2026-06-06,Rappi,filete a la chorrillana,1,41.8,20,Baños del Inca,31,3.0
EXT-101520,2026-08-08,PedidosYa,Ceviche de Camaron,1,41.8,25,Cajamarca,30,4.0
EXT-101521,2026-06-20,PedidosYa,CEVICHE CARRETILLERO,1,33.0,25,Baños del Inca,41,5.0
EXT-101522,2026-08-29,PedidosYa,Pescado a lo Macho,1,48.4,25,Cajamarca,33,3.0
EXT-101523,2026-09-08,PedidosYa,ARROZ NEGRO,2,79.2,25,Baños del Inca,27,
EXT-101524,2026-04-24,PedidosYa,Filete a la Chorrillana,2,83.6,22,Namora,33,5.0
EXT-101525,2026-05-01,Rappi,TACU TACU CON MARISCOS,3,122.1,18,Cajamarca,32,3.0
EXT-101526,2026-05-21,Rappi,Sudado de Pescado,1,37.4,20,Cajamarca,12,4.0
EXT-101527,2026-08-19,Rappi,Filete a la Chorrillana,1,41.8,18,Baños del Inca,53,3.0
EXT-101528,2026-04-13,PedidosYa,Chicharrón de Calamar,1,35.2,22,Cajamarca,29,5.0
EXT-101529,2026-01-31,PedidosYa,CHICHARRÓN DE CALAMAR,1,35.2,25,Cajamarca,30,4.0
EXT-101530,2026-05-22,Rappi,Chicharrón de Pescado,2,66.0,20,Llacanora,26,5.0
EXT-101531,2026-09-16,PedidosYa,Tiradito Nikkei,2,79.2,22,Cajamarca,32,3.0
EXT-101532,2026-01-02,PedidosYa,Ceviche de Camaron,1,41.8,25,Baños del Inca,52,4.0
EXT-101533,2026-08-24,PedidosYa,CHAUFA DE PESCADO,3,92.4,22,Los Baños,31,4.0
EXT-101534,2026-04-24,PedidosYa,TACU TACU CON MARISCOS,2,81.4,22,Baños del Inca,43,3.0
EXT-101535,2026-03-27,Rappi,Ceviche de Pota,1,24.2,18,Cajamarca,37,4.0
EXT-101536,2026-07-13,PedidosYa,ceviche de conchas negras,3,138.6,22,Cajamarca,26,5.0
EXT-101537,2026-05-27,Rappi,Tacu Tacu con Mariscos,2,81.4,20,Cajamarca,29,5.0
EXT-101538,2026-06-13,Rappi,Arroz con Pato Marino,1,36.3,20,Baños del Inca,35,4.0
EXT-101539,2026-08-26,PedidosYa,arroz con pato marino,2,72.6,22,Cajamarca,53,5.0
EXT-101540,2026-07-15,PedidosYa,Tiradito Nikkei,1,39.6,25,Cajamarca,24,4.0
EXT-101541,2026-04-18,Rappi,ceviche de conchas negras,1,46.2,20,Los Baños,34,4.0
EXT-101542,2026-01-31,PedidosYa,chicharrón de calamar,2,70.4,25,Cajamarca,21,3.0
EXT-101543,2026-06-18,Rappi,Ceviche de Conchas Negras,1,46.2,20,Cajamarca,38,4.0
EXT-101544,2026-09-18,PedidosYa,Tiradito Nikkei,1,39.6,25,Cajamarca,44,4.0
EXT-101545,2026-03-07,PedidosYa,Jalea Mixta,1,49.5,22,Baños del Inca,33,5.0
EXT-101546,2026-07-19,PedidosYa,Arroz con Pato Marino,3,108.9,25,Cajamarca,39,5.0
EXT-101547,2026-07-31,Rappi,jalea mixta,2,99.0,18,Cajamarca,42,2.0
EXT-101548,2026-06-18,Rappi,Ceviche Clasico,1,30.8,18,Cajamarca,23,5.0
EXT-101549,2026-02-25,PedidosYa,Arroz Chaufa de Mariscos,2,70.4,22,Baños del Inca,42,3.0
EXT-101550,2026-05-18,PedidosYa,Arroz Negro,2,79.2,25,Cajamarca,36,5.0
EXT-101551,2026-08-15,Rappi,Saltado de Mariscos,1,39.6,20,Cajamarca,25,5.0
EXT-101552,2026-08-28,PedidosYa,Arroz con Pato Marino,1,36.3,25,Cajamarca,46,3.0
EXT-101553,2026-02-22,Rappi,Arroz con Mariscos,1,38.5,20,Baños del Inca,38,3.0
EXT-101554,2026-07-21,Rappi,ARROZ CHAUFA DE MARISCOS,1,35.2,20,Cajamarca,32,1.0
EXT-101555,2026-05-08,Rappi,Leche de Tigre,1,19.8,18,Baños del Inca,46,4.0
EXT-101556,2026-02-28,PedidosYa,CHICHARRÓN DE PESCADO,2,66.0,22,Cajamarca,44,4.0
EXT-101557,2026-01-20,Rappi,LECHE DE TIGRE,1,19.8,18,Cajamarca,22,4.0
EXT-101558,2026-05-25,PedidosYa,Jalea Mixta,2,99.0,22,Cajamarca,34,5.0
EXT-101559,2026-04-06,Rappi,Ceviche Mixto,1,37.4,20,Cajamarca,39,4.0
EXT-101560,2026-03-08,PedidosYa,Arroz Negro,1,39.6,25,Cajamarca,32,5.0
EXT-101561,2026-02-22,Rappi,Ceviche de Camarón,2,83.6,20,Cajamarca,36,
EXT-101562,2026-08-17,PedidosYa,Ceviche Vegetariano,2,52.8,25,Baños del Inca,35,4.0
EXT-101563,2026-03-18,PedidosYa,CEVICHE DE CAMARÓN,1,41.8,22,Cajamarca,43,4.0
EXT-101564,2026-02-27,Rappi,Filete a la Chorrillana,1,41.8,18,Baños del Inca,12,1.0
EXT-101565,2026-05-14,PedidosYa,Leche de Tigre,2,39.6,22,Cajamarca,18,4.0
EXT-101566,2026-07-26,PedidosYa,ARROZ CON MARISCOS,1,38.5,22,Baños del Inca,41,2.0
EXT-101567,2026-05-14,PedidosYa,Ceviche Carretillero,1,33.0,22,Cajamarca,34,5.0
EXT-101568,2026-07-29,Rappi,LECHE DE TIGRE ESPECIAL,1,26.4,18,San Juan,42,3.0
EXT-101569,2026-09-21,PedidosYa,Sopa Chilcano de Pescado,2,55.0,25,Baños del Inca,22,
EXT-101570,2026-02-16,PedidosYa,Sopa Chilcano de Pescado,1,27.5,22,Cajamarca,31,3.0
EXT-101571,2026-08-02,Rappi,Ceviche de Camaron,1,41.8,18,Cajamarca,19,1.0
EXT-101572,2026-01-30,PedidosYa,CEVICHE VEGETARIANO,1,26.4,25,Cajamarca,37,5.0
EXT-101573,2026-01-24,Rappi,tiradito nikkei,3,118.8,20,Cajamarca,43,4.0
EXT-101574,2026-07-11,PedidosYa,CEVICHE DE CAMARÓN,1,41.8,22,Namora,41,5.0
EXT-101575,2026-02-01,Rappi,Tiradito Nikkei,1,39.6,20,Baños del Inca,42,
EXT-101576,2026-04-26,Rappi,ceviche clásico,2,61.6,18,Baños del Inca,37,4.0
EXT-101577,2026-04-23,PedidosYa,tiradito nikkei,1,39.6,22,Cajamarca,37,4.0
EXT-101578,2026-09-01,Rappi,arroz con mariscos,1,38.5,18,Baños del Inca,43,5.0
EXT-101579,2026-01-06,PedidosYa,SOPA CHILCANO DE PESCADO,1,27.5,22,Baños del Inca,30,
EXT-101580,2026-06-07,PedidosYa,Arroz Chaufa de Mariscos,1,35.2,22,Cajamarca,45,
EXT-101581,2026-07-10,Rappi,Cebiche de Camarón,1,41.8,18,Baños del Inca,41,5.0
EXT-101582,2026-02-10,PedidosYa,Chaufa de Pescado,3,92.4,25,Baños del Inca,25,
EXT-101583,2026-09-21,Rappi,Chaufa de Pescado,1,30.8,18,Namora,45,5.0
EXT-101584,2026-08-14,PedidosYa,Chicharrón de Calamar,1,35.2,25,Cajamarca,31,4.0
EXT-101585,2026-04-13,Rappi,Cebiche de Camarón,1,41.8,20,Cajamarca,26,3.0
EXT-101586,2026-04-30,PedidosYa,Sudado de Pescado,1,37.4,22,Cajamarca,18,4.0
EXT-101587,2026-06-17,PedidosYa,ceviche carretillero,3,99.0,22,Cajamarca,29,4.0
EXT-101588,2026-08-14,PedidosYa,Saltado de Mariscos,3,118.8,25,Cajamarca,34,5.0
EXT-101589,2026-02-22,PedidosYa,Leche de Tigre,1,19.8,25,Cajamarca,33,3.0
EXT-101590,2026-08-28,Rappi,LECHE DE TIGRE,1,19.8,18,Baños del Inca,34,5.0
EXT-101591,2026-05-30,PedidosYa,Arroz Chaufa de Mariscos,3,105.6,22,Cajamarca,42,4.0
EXT-101592,2026-09-24,PedidosYa,ARROZ CON MARISCOS,1,38.5,22,Cajamarca,32,1.0
EXT-101593,2026-08-10,PedidosYa,ceviche carretillero,1,33.0,25,Cajamarca,28,3.0
EXT-101594,2026-08-04,PedidosYa,Ceviche de Pota,2,48.4,25,Baños del Inca,27,4.0
EXT-101595,2026-09-24,PedidosYa,Sopa Chilcano de Pescado,1,27.5,25,Baños del Inca,44,1.0
EXT-101596,2026-07-08,PedidosYa,Jalea Mixta,1,49.5,25,Cajamarca,28,5.0
EXT-101597,2026-03-29,PedidosYa,CHICHARRÓN DE PESCADO,1,33.0,25,Baños del Inca,42,4.0
EXT-101598,2026-05-31,PedidosYa,ceviche vegetariano,1,26.4,25,Baños del Inca,35,4.0
EXT-101599,2026-05-17,Rappi,Leche de Tigre,2,39.6,18,Cajamarca,28,1.0
EXT-101600,2026-07-20,PedidosYa,sudado de pescado,1,37.4,25,Baños del Inca,39,5.0
EXT-101601,2026-04-09,Rappi,TACU TACU CON MARISCOS,3,122.1,18,Cajamarca,27,
EXT-101602,2026-01-25,PedidosYa,ceviche mixto,1,37.4,22,Llacanora,38,5.0
EXT-101603,2026-02-15,PedidosYa,CHICHARRÓN DE CALAMAR,1,35.2,22,Cajamarca,32,
EXT-101604,2026-05-30,PedidosYa,Tiradito Nikkei,2,79.2,25,Cajamarca,39,2.0
EXT-101605,2026-06-01,Rappi,ARROZ NEGRO,1,39.6,18,Cajamarca,37,5.0
EXT-101606,2026-05-27,PedidosYa,Ceviche de Conchas Negras,1,46.2,22,Cajamarca,12,4.0
EXT-101607,2026-08-01,Rappi,LECHE DE TIGRE ESPECIAL,1,26.4,20,Los Baños,41,
EXT-101608,2026-02-22,PedidosYa,chicharrón de calamar,3,105.6,25,Cajamarca,25,4.0
EXT-101609,2026-09-13,PedidosYa,Cebiche Clásico,1,30.8,25,Cajamarca,47,4.0
EXT-101610,2026-07-10,PedidosYa,Arroz con Pato Marino,1,36.3,22,Cajamarca,36,5.0
EXT-101611,2026-01-01,PedidosYa,CEVICHE VEGETARIANO,1,26.4,25,Baños del Inca,50,5.0
EXT-101612,2026-04-10,PedidosYa,JALEA MIXTA,1,49.5,22,Cajamarca,41,3.0
EXT-101613,2026-05-08,Rappi,CEVICHE DE CONCHAS NEGRAS,1,46.2,20,Cajamarca,32,
EXT-101614,2026-09-15,PedidosYa,Ceviche de Camaron,2,83.6,22,Baños del Inca,22,2.0
EXT-101615,2026-05-12,Rappi,Cebiche Clásico,2,61.6,18,San Juan,39,1.0
EXT-101616,2026-01-19,Rappi,Leche de Tigre,1,19.8,20,Cajamarca,26,5.0
EXT-101617,2026-08-02,Rappi,ceviche carretillero,1,33.0,20,Cajamarca,18,4.0
EXT-101618,2026-08-22,PedidosYa,Ceviche Carretillero,1,33.0,25,Baños del Inca,22,4.0
EXT-101619,2026-02-22,PedidosYa,Ceviche de Pota,1,24.2,22,Cajamarca,14,4.0
EXT-101620,2026-08-05,PedidosYa,ceviche de pota,1,24.2,25,Cajamarca,19,5.0
EXT-101621,2026-07-04,Rappi,Sudado de Pescado,1,37.4,18,Cajamarca,42,5.0
EXT-101622,2026-08-31,PedidosYa,Ceviche de Conchas Negras,1,46.2,22,Baños del Inca,24,4.0
EXT-101623,2026-03-14,PedidosYa,FILETE A LA CHORRILLANA,2,83.6,22,Cajamarca,45,4.0
EXT-101624,2026-07-22,Rappi,Arroz Negro,1,39.6,20,Cajamarca,29,4.0
EXT-101625,2026-06-17,Rappi,PARIHUELA,1,46.2,20,Cajamarca,35,5.0
EXT-101626,2026-03-27,PedidosYa,Chicharrón de Calamar,1,35.2,25,Los Baños,22,2.0
EXT-101627,2026-03-02,Rappi,Cebiche de Pota,1,24.2,20,Cajamarca,40,5.0
EXT-101628,2026-08-13,Rappi,Arroz con Mariscos,2,77.0,18,Los Baños,28,5.0
EXT-101629,2026-03-08,PedidosYa,Cebiche Vegetariano,2,52.8,25,Los Baños,36,4.0
EXT-101630,2026-03-21,PedidosYa,Sudado de Pescado,2,74.8,25,Baños del Inca,46,3.0
EXT-101631,2026-05-20,PedidosYa,Leche de Tigre,3,59.4,25,Los Baños,24,
EXT-101632,2026-08-13,PedidosYa,Leche de Tigre Especial,1,26.4,25,Cajamarca,26,4.0
EXT-101633,2026-08-09,Rappi,Ceviche de Conchas Negras,1,46.2,20,Cajamarca,37,3.0
EXT-101634,2026-06-03,Rappi,PARIHUELA,2,92.4,20,Cajamarca,34,5.0
EXT-101635,2026-04-29,Rappi,Ceviche de Camarón,3,125.4,18,Cajamarca,44,5.0
EXT-101636,2026-07-18,PedidosYa,TACU TACU CON MARISCOS,1,40.7,25,Baños del Inca,39,5.0
EXT-101637,2026-01-01,Rappi,CHICHARRÓN DE CALAMAR,1,35.2,20,Los Baños,35,4.0
EXT-101638,2026-06-13,PedidosYa,Chicharrón de Calamar,1,35.2,22,Baños del Inca,35,4.0
EXT-101639,2026-09-25,PedidosYa,leche de tigre especial,1,26.4,22,Cajamarca,30,4.0
EXT-101640,2026-06-07,PedidosYa,Cebiche Vegetariano,3,79.2,22,Cajamarca,33,4.0
EXT-101641,2026-04-14,PedidosYa,Chaufa de Pescado,1,30.8,22,Namora,28,
EXT-101642,2026-09-13,Rappi,ceviche de camarón,1,41.8,18,Cajamarca,36,3.0
EXT-101643,2026-04-04,Rappi,Ceviche Carretillero,1,33.0,20,Baños del Inca,37,5.0
EXT-101644,2026-09-03,Rappi,ceviche de conchas negras,1,46.2,18,Cajamarca,31,5.0
EXT-101645,2026-07-25,Rappi,Ceviche Mixto,2,74.8,18,Baños del Inca,24,
EXT-101646,2026-06-17,PedidosYa,CEVICHE MIXTO,1,37.4,25,Baños del Inca,32,4.0
EXT-101647,2026-04-27,PedidosYa,Arroz Chaufa de Mariscos,1,35.2,22,Llacanora,36,4.0
EXT-101648,2026-06-11,PedidosYa,ARROZ CON PATO MARINO,2,72.6,22,Cajamarca,37,5.0
EXT-101649,2026-05-21,PedidosYa,Ceviche de Conchas Negras,1,46.2,25,Cajamarca,19,
EXT-101650,2026-05-16,PedidosYa,Ceviche Carretillero,1,33.0,25,Cajamarca,33,
EXT-101651,2026-07-16,PedidosYa,Ceviche Carretillero,2,66.0,25,Cajamarca,26,5.0
EXT-101652,2026-04-28,PedidosYa,TACU TACU CON MARISCOS,2,81.4,25,Cajamarca,43,4.0
EXT-101653,2026-05-03,PedidosYa,Leche de Tigre,1,19.8,22,Cajamarca,35,5.0
EXT-101654,2026-07-30,Rappi,Tacu Tacu con Mariscos,3,122.1,18,Cajamarca,39,2.0
EXT-101655,2026-01-13,PedidosYa,ARROZ CON MARISCOS,2,77.0,22,Cajamarca,52,3.0
EXT-101656,2026-07-23,PedidosYa,ceviche clásico,1,30.8,25,Cajamarca,40,5.0
EXT-101657,2026-06-21,PedidosYa,SALTADO DE MARISCOS,1,39.6,25,Namora,43,4.0
EXT-101658,2026-08-04,Rappi,jalea mixta,1,49.5,20,Baños del Inca,30,3.0
EXT-101659,2026-03-25,Rappi,Arroz con Pato Marino,3,108.9,20,Baños del Inca,33,4.0
EXT-101660,2026-07-30,Rappi,Ceviche Carretillero,2,66.0,20,Cajamarca,33,2.0
EXT-101661,2026-01-18,PedidosYa,CEVICHE DE CAMARÓN,1,41.8,25,Cajamarca,20,5.0
EXT-101662,2026-08-04,PedidosYa,ceviche de pota,3,72.6,25,Llacanora,31,3.0
EXT-101663,2026-03-11,PedidosYa,chaufa de pescado,1,30.8,25,Los Baños,35,3.0
EXT-101664,2026-04-18,PedidosYa,Sopa Chilcano de Pescado,1,27.5,25,Cajamarca,33,3.0
EXT-101665,2026-08-25,PedidosYa,CEVICHE DE CAMARÓN,2,83.6,25,Cajamarca,36,4.0
EXT-101666,2026-07-17,PedidosYa,Cebiche Mixto,1,37.4,22,Cajamarca,43,4.0
EXT-101667,2026-01-04,PedidosYa,arroz con mariscos,3,115.5,22,Cajamarca,54,
EXT-101668,2026-09-21,Rappi,arroz negro,3,118.8,18,Cajamarca,30,
EXT-101669,2026-06-26,PedidosYa,Ceviche Clasico,1,30.8,22,Baños del Inca,34,4.0
EXT-101670,2026-08-04,Rappi,ceviche clásico,1,30.8,20,Cajamarca,39,
EXT-101671,2026-02-03,PedidosYa,Saltado de Mariscos,1,39.6,25,Baños del Inca,30,3.0
EXT-101672,2026-02-03,PedidosYa,CEVICHE MIXTO,1,37.4,25,Baños del Inca,43,4.0
EXT-101673,2026-03-15,PedidosYa,Arroz Negro,1,39.6,25,Cajamarca,51,4.0
EXT-101674,2026-08-27,Rappi,Chaufa de Pescado,1,30.8,20,Baños del Inca,52,1.0
EXT-101675,2026-05-28,PedidosYa,Ceviche Clásico,1,30.8,22,Cajamarca,38,4.0
EXT-101676,2026-06-19,Rappi,TIRADITO NIKKEI,3,118.8,18,Cajamarca,36,
EXT-101677,2026-05-29,PedidosYa,leche de tigre,1,19.8,22,Baños del Inca,48,3.0
EXT-101678,2026-04-05,PedidosYa,Tiradito Nikkei,1,39.6,25,Baños del Inca,31,5.0
EXT-101679,2026-02-05,Rappi,Filete a la Chorrillana,1,41.8,20,Baños del Inca,45,4.0
EXT-101680,2026-02-22,PedidosYa,arroz chaufa de mariscos,3,105.6,22,Cajamarca,42,5.0
EXT-101681,2026-05-31,PedidosYa,PESCADO A LO MACHO,1,48.4,22,Cajamarca,29,3.0
EXT-101682,2026-07-07,PedidosYa,ceviche de pota,1,24.2,25,Cajamarca,40,3.0
EXT-101683,2026-01-22,Rappi,Ceviche de Conchas Negras,1,46.2,20,Cajamarca,23,3.0
EXT-101684,2026-02-08,Rappi,pescado a lo macho,1,48.4,20,Baños del Inca,36,4.0
EXT-101685,2026-07-11,PedidosYa,FILETE A LA CHORRILLANA,2,83.6,25,Llacanora,29,4.0
EXT-101686,2026-09-01,PedidosYa,pescado a lo macho,1,48.4,22,Llacanora,35,5.0
EXT-101687,2026-08-27,PedidosYa,tacu tacu con mariscos,1,40.7,22,Cajamarca,36,
EXT-101688,2026-01-05,Rappi,Tiradito Nikkei,3,118.8,20,Cajamarca,41,5.0
EXT-101689,2026-08-17,Rappi,Sudado de Pescado,1,37.4,18,Cajamarca,27,5.0
EXT-101690,2026-06-14,PedidosYa,Leche de Tigre,1,19.8,25,Cajamarca,39,2.0
EXT-101691,2026-02-02,Rappi,ARROZ CON MARISCOS,1,38.5,18,Cajamarca,35,
EXT-101692,2026-05-13,PedidosYa,Tacu Tacu con Mariscos,1,40.7,25,Cajamarca,45,4.0
EXT-101693,2026-06-26,PedidosYa,Cebiche de Conchas Negras,3,138.6,22,Cajamarca,23,
EXT-101694,2026-07-30,PedidosYa,Leche de Tigre Especial,1,26.4,25,Cajamarca,37,5.0
EXT-101695,2026-05-31,Rappi,Ceviche Carretillero,1,33.0,20,San Juan,40,
EXT-101696,2026-05-31,PedidosYa,tiradito nikkei,1,39.6,22,Cajamarca,34,3.0
EXT-101697,2026-06-14,Rappi,Filete a la Chorrillana,1,41.8,18,Llacanora,34,4.0
EXT-101698,2026-02-04,Rappi,chicharrón de calamar,1,35.2,20,Los Baños,47,3.0
EXT-101699,2026-01-09,PedidosYa,CEVICHE VEGETARIANO,2,52.8,22,Cajamarca,36,1.0
EXT-101700,2026-08-27,PedidosYa,Ceviche Carretillero,1,33.0,25,Baños del Inca,31,2.0
EXT-101701,2026-04-02,PedidosYa,Jalea Mixta,1,49.5,22,Cajamarca,27,4.0
EXT-101702,2026-05-19,PedidosYa,Ceviche Carretillero,1,33.0,22,Llacanora,40,5.0
EXT-101703,2026-05-08,PedidosYa,Tiradito Nikkei,1,39.6,22,Cajamarca,28,5.0
EXT-101704,2026-08-09,PedidosYa,Arroz con Mariscos,1,38.5,25,Baños del Inca,32,
EXT-101705,2026-08-15,PedidosYa,CEVICHE DE CONCHAS NEGRAS,1,46.2,25,Cajamarca,41,4.0
EXT-101706,2026-01-22,PedidosYa,Ceviche Mixto,1,37.4,25,San Juan,28,3.0
EXT-101707,2026-08-07,PedidosYa,Cebiche de Pota,1,24.2,22,Cajamarca,36,5.0
EXT-101708,2026-02-19,PedidosYa,chaufa de pescado,1,30.8,22,Cajamarca,32,2.0
EXT-101709,2026-02-18,Rappi,CHICHARRÓN DE PESCADO,1,33.0,20,Cajamarca,35,4.0
EXT-101710,2026-08-30,PedidosYa,Tiradito Nikkei,1,39.6,22,Cajamarca,39,4.0
EXT-101711,2026-02-11,PedidosYa,Arroz Chaufa de Mariscos,1,35.2,25,Cajamarca,32,4.0
EXT-101712,2026-05-09,PedidosYa,Ceviche Clásico,1,30.8,25,Cajamarca,38,3.0
EXT-101713,2026-01-29,PedidosYa,leche de tigre especial,1,26.4,22,Cajamarca,34,
EXT-101714,2026-02-05,Rappi,ceviche vegetariano,1,26.4,20,Cajamarca,44,5.0
EXT-101715,2026-08-10,PedidosYa,Filete a la Chorrillana,1,41.8,22,Namora,24,4.0
EXT-101716,2026-08-31,Rappi,leche de tigre,1,19.8,18,Los Baños,22,5.0
EXT-101717,2026-06-24,PedidosYa,Ceviche de Pota,1,24.2,22,Cajamarca,18,
EXT-101718,2026-05-02,Rappi,ARROZ CON MARISCOS,1,38.5,20,Los Baños,40,5.0
EXT-101719,2026-01-09,PedidosYa,Filete a la Chorrillana,1,41.8,22,Cajamarca,29,
EXT-101720,2026-08-10,PedidosYa,Cebiche Clásico,1,30.8,25,Cajamarca,31,3.0
EXT-101721,2026-03-14,Rappi,ceviche vegetariano,1,26.4,18,Cajamarca,37,3.0
EXT-101722,2026-08-12,PedidosYa,TACU TACU CON MARISCOS,2,81.4,25,Baños del Inca,34,4.0
EXT-101723,2026-06-23,Rappi,Ceviche Carretillero,1,33.0,20,Cajamarca,18,2.0
EXT-101724,2026-01-16,PedidosYa,Arroz con Mariscos,1,38.5,22,Cajamarca,39,4.0
EXT-101725,2026-01-05,PedidosYa,Arroz Negro,2,79.2,22,Cajamarca,29,4.0
EXT-101726,2026-06-30,Rappi,leche de pantera,1,28.6,18,Cajamarca,38,3.0
EXT-101727,2026-02-11,PedidosYa,chicharrón de pescado,3,99.0,22,Cajamarca,24,
EXT-101728,2026-04-14,Rappi,Chaufa de Pescado,2,61.6,18,Cajamarca,26,1.0
EXT-101729,2026-09-27,Rappi,ceviche carretillero,1,33.0,20,Cajamarca,40,4.0
EXT-101730,2026-05-23,PedidosYa,Cebiche Mixto,1,37.4,22,Cajamarca,37,5.0
EXT-101731,2026-04-13,PedidosYa,ceviche de camarón,1,41.8,22,Cajamarca,23,
EXT-101732,2026-02-23,Rappi,Leche de Pantera,1,28.6,18,Baños del Inca,29,2.0
EXT-101733,2026-09-01,PedidosYa,chicharrón de calamar,2,70.4,22,Baños del Inca,16,4.0
EXT-101734,2026-04-10,PedidosYa,Cebiche de Camarón,1,41.8,25,Baños del Inca,30,3.0
EXT-101735,2026-06-06,PedidosYa,leche de tigre,3,59.4,22,Baños del Inca,35,4.0
EXT-101736,2026-08-07,PedidosYa,Leche de Tigre Especial,3,79.2,25,Namora,33,1.0
EXT-101737,2026-02-23,PedidosYa,CEVICHE DE CONCHAS NEGRAS,2,92.4,22,Llacanora,38,4.0
EXT-101738,2026-01-30,PedidosYa,ARROZ CHAUFA DE MARISCOS,1,35.2,25,Cajamarca,40,
EXT-101739,2026-06-09,PedidosYa,sopa chilcano de pescado,1,27.5,22,Llacanora,29,4.0
EXT-101740,2026-06-17,Rappi,Arroz Negro,1,39.6,18,Cajamarca,42,5.0
EXT-101741,2026-08-01,Rappi,Tiradito Nikkei,2,79.2,20,Cajamarca,29,4.0
EXT-101742,2026-09-16,PedidosYa,sopa chilcano de pescado,1,27.5,25,Cajamarca,28,3.0
EXT-101743,2026-05-31,Rappi,Ceviche de Camarón,1,41.8,20,Baños del Inca,40,4.0
EXT-101744,2026-04-17,PedidosYa,Ceviche Clásico,1,30.8,25,Cajamarca,27,4.0
EXT-101745,2026-08-25,PedidosYa,Chaufa de Pescado,1,30.8,22,Cajamarca,32,2.0
EXT-101746,2026-04-16,PedidosYa,FILETE A LA CHORRILLANA,2,83.6,22,Cajamarca,24,3.0
EXT-101747,2026-05-18,PedidosYa,Ceviche de Pota,1,24.2,25,Baños del Inca,28,5.0
EXT-101748,2026-03-14,PedidosYa,Sudado de Pescado,2,74.8,22,San Juan,19,4.0
EXT-101749,2026-03-13,PedidosYa,TIRADITO NIKKEI,1,39.6,25,Cajamarca,36,
EXT-101750,2026-02-19,PedidosYa,Arroz Chaufa de Mariscos,1,35.2,22,Baños del Inca,41,
EXT-101751,2026-08-25,PedidosYa,Ceviche Carretillero,1,33.0,25,Llacanora,25,5.0
EXT-101752,2026-01-14,PedidosYa,Ceviche Clásico,2,61.6,25,Cajamarca,39,5.0
EXT-101753,2026-04-28,PedidosYa,chicharrón de calamar,1,35.2,22,Llacanora,47,5.0
EXT-101754,2026-03-28,Rappi,Sudado de Pescado,1,37.4,18,Baños del Inca,45,5.0
EXT-101755,2026-06-28,Rappi,Chicharrón de Calamar,1,35.2,20,Namora,40,5.0
EXT-101756,2026-01-11,PedidosYa,Arroz Chaufa de Mariscos,1,35.2,22,Cajamarca,28,
EXT-101757,2026-01-21,PedidosYa,Tiradito Nikkei,1,39.6,25,Baños del Inca,42,5.0
EXT-101758,2026-09-06,PedidosYa,Chicharrón de Calamar,1,35.2,22,Llacanora,24,4.0
EXT-101759,2026-01-16,PedidosYa,Filete a la Chorrillana,2,83.6,25,Cajamarca,32,5.0
EXT-101760,2026-07-16,PedidosYa,Saltado de Mariscos,3,118.8,22,Cajamarca,40,5.0
EXT-101761,2026-01-19,Rappi,CHAUFA DE PESCADO,1,30.8,20,Cajamarca,12,
EXT-101762,2026-05-29,Rappi,CEVICHE CARRETILLERO,1,33.0,18,Cajamarca,41,4.0
EXT-101763,2026-07-08,Rappi,Ceviche Clasico,2,61.6,18,Cajamarca,31,3.0
EXT-101764,2026-05-30,PedidosYa,CEVICHE CARRETILLERO,1,33.0,22,Cajamarca,38,2.0
EXT-101765,2026-09-22,PedidosYa,Ceviche Carretillero,2,66.0,22,Llacanora,34,5.0
EXT-101766,2026-09-14,Rappi,Ceviche Mixto,1,37.4,20,Baños del Inca,26,4.0
EXT-101767,2026-02-10,PedidosYa,LECHE DE TIGRE ESPECIAL,1,26.4,22,Cajamarca,26,2.0
EXT-101768,2026-04-13,PedidosYa,filete a la chorrillana,1,41.8,22,Cajamarca,29,4.0
EXT-101769,2026-07-05,PedidosYa,ceviche de conchas negras,1,46.2,22,Cajamarca,32,
EXT-101770,2026-05-15,Rappi,Cebiche de Pota,1,24.2,20,Los Baños,48,3.0
EXT-101771,2026-01-30,PedidosYa,Arroz con Pato Marino,1,36.3,22,Cajamarca,21,4.0
EXT-101772,2026-09-07,PedidosYa,CEVICHE CLÁSICO,1,30.8,22,Baños del Inca,33,5.0
EXT-101773,2026-09-19,PedidosYa,Arroz Chaufa de Mariscos,1,35.2,25,Cajamarca,25,4.0
EXT-101774,2026-06-21,PedidosYa,Arroz con Pato Marino,1,36.3,25,Cajamarca,35,5.0
EXT-101775,2026-07-03,Rappi,Ceviche de Camarón,1,41.8,18,Cajamarca,18,2.0
EXT-101776,2026-03-17,PedidosYa,ceviche mixto,1,37.4,22,Baños del Inca,30,4.0
EXT-101777,2026-05-16,Rappi,parihuela,1,46.2,20,Baños del Inca,35,5.0
EXT-101778,2026-01-09,Rappi,CEVICHE DE CAMARÓN,1,41.8,20,Cajamarca,40,5.0
EXT-101779,2026-02-15,Rappi,Arroz con Mariscos,1,38.5,20,Los Baños,31,4.0
EXT-101780,2026-08-23,Rappi,Arroz Chaufa de Mariscos,1,35.2,18,Cajamarca,35,5.0
EXT-101781,2026-03-09,Rappi,CEVICHE VEGETARIANO,1,26.4,18,Cajamarca,36,4.0
EXT-101782,2026-04-12,PedidosYa,CEVICHE DE CAMARÓN,3,125.4,22,Cajamarca,30,4.0
EXT-101783,2026-08-07,Rappi,ARROZ CON PATO MARINO,1,36.3,20,Cajamarca,55,
EXT-101784,2026-01-17,PedidosYa,Filete a la Chorrillana,1,41.8,25,San Juan,36,5.0
EXT-101785,2026-05-29,PedidosYa,Pescado a lo Macho,1,48.4,22,Cajamarca,19,2.0
EXT-101786,2026-05-09,PedidosYa,arroz negro,1,39.6,25,Cajamarca,28,5.0
EXT-101787,2026-07-07,PedidosYa,Saltado de Mariscos,2,79.2,25,Cajamarca,58,
EXT-101788,2026-01-23,PedidosYa,ceviche carretillero,1,33.0,25,San Juan,40,4.0
EXT-101789,2026-06-28,Rappi,Tiradito Nikkei,1,39.6,20,Baños del Inca,28,4.0
EXT-101790,2026-08-03,Rappi,ARROZ NEGRO,2,79.2,20,Cajamarca,35,4.0
EXT-101791,2026-07-08,PedidosYa,Cebiche de Pota,1,24.2,25,Cajamarca,38,3.0
EXT-101792,2026-01-18,Rappi,CEVICHE DE CONCHAS NEGRAS,1,46.2,18,Baños del Inca,29,5.0
EXT-101793,2026-01-31,Rappi,Chicharrón de Calamar,3,105.6,18,Cajamarca,39,5.0
EXT-101794,2026-05-02,PedidosYa,Ceviche Mixto,1,37.4,22,Baños del Inca,45,5.0
EXT-101795,2026-05-06,PedidosYa,Tiradito Nikkei,1,39.6,22,Baños del Inca,33,5.0
EXT-101796,2026-05-15,PedidosYa,Cebiche de Camarón,1,41.8,22,Baños del Inca,26,4.0
EXT-101797,2026-08-23,PedidosYa,Filete a la Chorrillana,1,41.8,22,San Juan,41,4.0
EXT-101798,2026-04-08,PedidosYa,Chaufa de Pescado,1,30.8,22,Baños del Inca,31,5.0
EXT-101799,2026-05-11,PedidosYa,ceviche mixto,1,37.4,25,Cajamarca,28,
EXT-101800,2026-08-26,PedidosYa,CHICHARRÓN DE CALAMAR,1,35.2,22,Baños del Inca,29,4.0
EXT-101801,2026-04-04,PedidosYa,Sopa Chilcano de Pescado,3,82.5,22,San Juan,29,3.0
EXT-101802,2026-01-18,Rappi,Ceviche Carretillero,2,66.0,18,Baños del Inca,28,4.0
EXT-101803,2026-09-17,PedidosYa,parihuela,1,46.2,25,Baños del Inca,36,5.0
EXT-101804,2026-01-12,PedidosYa,leche de tigre,2,39.6,22,Cajamarca,30,
EXT-101805,2026-03-16,Rappi,ceviche carretillero,1,33.0,18,Cajamarca,30,4.0
EXT-101806,2026-03-15,Rappi,Arroz Chaufa de Mariscos,1,35.2,18,Cajamarca,46,5.0
EXT-101807,2026-03-13,Rappi,Parihuela,1,46.2,20,Cajamarca,43,4.0
EXT-101808,2026-08-13,PedidosYa,Ceviche Mixto,2,74.8,25,Cajamarca,40,3.0
EXT-101809,2026-04-15,PedidosYa,Ceviche Mixto,1,37.4,22,Cajamarca,51,4.0
EXT-101810,2026-07-12,PedidosYa,Ceviche Vegetariano,1,26.4,25,Cajamarca,41,
EXT-101811,2026-04-09,PedidosYa,Pescado a lo Macho,1,48.4,22,Baños del Inca,23,4.0
EXT-101812,2026-05-13,PedidosYa,leche de tigre,3,59.4,22,Baños del Inca,42,4.0
EXT-101813,2026-01-13,PedidosYa,Arroz con Pato Marino,1,36.3,22,Cajamarca,37,1.0
EXT-101814,2026-03-16,PedidosYa,Saltado de Mariscos,3,118.8,22,Cajamarca,41,4.0
EXT-101815,2026-05-30,Rappi,CEVICHE DE CONCHAS NEGRAS,1,46.2,20,Cajamarca,34,3.0
EXT-101816,2026-09-26,PedidosYa,Chicharron de Calamar,1,35.2,25,Los Baños,31,4.0
EXT-101817,2026-06-11,Rappi,FILETE A LA CHORRILLANA,1,41.8,20,Cajamarca,40,4.0
EXT-101818,2026-02-10,PedidosYa,ceviche vegetariano,2,52.8,25,Baños del Inca,21,
EXT-101819,2026-01-17,Rappi,Ceviche de Camaron,2,,20,Baños del Inca,35,
EXT-101820,2026-02-11,Rappi,tacu tacu con mariscos,1,40.7,20,Cajamarca,50,
EXT-101821,2026-04-10,PedidosYa,Cebiche de Camarón,2,83.6,25,Baños del Inca,41,3.0
EXT-101822,2026-01-11,Rappi,filete a la chorrillana,1,41.8,18,Los Baños,28,3.0
EXT-101823,2026-07-10,PedidosYa,Parihuela,1,46.2,25,Cajamarca,38,4.0
EXT-101824,2026-07-28,PedidosYa,Arroz con Mariscos,1,38.5,25,Cajamarca,42,5.0
EXT-101825,2026-03-27,Rappi,Ceviche Mixto,1,37.4,20,Cajamarca,35,5.0
EXT-101826,2026-01-09,Rappi,Ceviche de Conchas Negras,1,46.2,20,Baños del Inca,26,5.0
EXT-101827,2026-08-15,PedidosYa,Ceviche de Conchas Negras,3,138.6,22,Cajamarca,20,4.0
EXT-101828,2026-08-15,Rappi,CEVICHE DE CAMARÓN,1,41.8,18,Cajamarca,29,5.0
EXT-101829,2026-08-22,Rappi,CEVICHE DE CONCHAS NEGRAS,1,46.2,18,Llacanora,22,4.0
EXT-101830,2026-08-28,PedidosYa,Arroz Negro,1,39.6,25,Cajamarca,27,
EXT-101831,2026-06-17,Rappi,ceviche de camarón,1,41.8,18,Cajamarca,38,4.0
EXT-101832,2026-06-21,PedidosYa,Sopa Chilcano de Pescado,1,27.5,25,Baños del Inca,30,5.0
EXT-101833,2026-07-29,PedidosYa,Chicharrón de Calamar,1,35.2,22,Cajamarca,32,5.0
EXT-101834,2026-05-20,Rappi,ARROZ CON MARISCOS,2,77.0,20,Baños del Inca,26,5.0
EXT-101835,2026-07-25,PedidosYa,Ceviche Carretillero,1,33.0,22,San Juan,23,1.0
EXT-101836,2026-05-04,Rappi,Arroz Chaufa de Mariscos,1,35.2,18,Cajamarca,50,3.0
EXT-101837,2026-09-08,PedidosYa,CEVICHE MIXTO,3,112.2,22,Cajamarca,38,5.0
EXT-101838,2026-09-09,Rappi,Leche de Pantera,2,57.2,18,Cajamarca,28,
EXT-101839,2026-09-24,PedidosYa,jalea mixta,3,148.5,25,Cajamarca,43,5.0
EXT-101840,2026-04-07,PedidosYa,CEVICHE DE CONCHAS NEGRAS,2,92.4,25,Cajamarca,32,1.0
EXT-101841,2026-05-24,Rappi,Leche de Pantera,1,28.6,20,Cajamarca,22,5.0
EXT-101842,2026-03-23,Rappi,TIRADITO NIKKEI,1,39.6,20,Cajamarca,37,4.0
EXT-101843,2026-05-25,Rappi,Leche de Tigre,1,19.8,20,Cajamarca,16,2.0
EXT-101844,2026-03-05,Rappi,Jalea Mixta,2,99.0,20,Cajamarca,23,5.0
EXT-101845,2026-06-06,Rappi,Jalea Mixta,1,49.5,18,Cajamarca,33,
EXT-101846,2026-06-25,Rappi,ARROZ NEGRO,1,39.6,20,Cajamarca,49,3.0
EXT-101847,2026-07-30,PedidosYa,Cebiche Mixto,3,112.2,25,Baños del Inca,21,5.0
EXT-101848,2026-01-09,PedidosYa,sopa chilcano de pescado,1,27.5,25,Baños del Inca,20,2.0
EXT-101849,2026-04-30,PedidosYa,Cebiche Mixto,1,37.4,25,Baños del Inca,40,
EXT-101850,2026-06-21,PedidosYa,Chaufa de Pescado,1,30.8,22,Cajamarca,37,3.0
EXT-101851,2026-03-25,Rappi,ceviche de conchas negras,1,46.2,20,Cajamarca,21,5.0
EXT-101852,2026-03-09,Rappi,Chicharrón de Pescado,1,33.0,18,Cajamarca,36,4.0
EXT-101853,2026-06-20,PedidosYa,Arroz Chaufa de Mariscos,1,35.2,22,Los Baños,36,3.0
EXT-101854,2026-05-03,Rappi,Arroz con Mariscos,1,38.5,20,Cajamarca,43,3.0
EXT-101855,2026-05-22,PedidosYa,Arroz Chaufa de Mariscos,2,70.4,22,Cajamarca,35,5.0
EXT-101856,2026-02-16,Rappi,Chicharron de Calamar,1,35.2,18,Cajamarca,21,1.0
EXT-101857,2026-04-05,PedidosYa,Leche de Tigre,1,19.8,25,Cajamarca,42,4.0
EXT-101858,2026-04-30,PedidosYa,Sudado de Pescado,1,37.4,22,Namora,30,5.0
EXT-101859,2026-09-06,PedidosYa,SUDADO DE PESCADO,1,37.4,22,Cajamarca,38,5.0
EXT-101860,2026-09-12,PedidosYa,Arroz Negro,1,39.6,25,Cajamarca,30,5.0
EXT-101861,2026-03-02,Rappi,ceviche carretillero,1,33.0,20,Cajamarca,16,3.0
EXT-101862,2026-08-12,PedidosYa,TIRADITO NIKKEI,1,39.6,25,Baños del Inca,58,5.0
EXT-101863,2026-04-10,PedidosYa,Arroz con Mariscos,1,38.5,25,Cajamarca,34,
EXT-101864,2026-03-26,PedidosYa,Arroz con Pato Marino,1,36.3,22,Cajamarca,43,5.0
EXT-101865,2026-04-25,Rappi,Cebiche Vegetariano,1,26.4,20,Llacanora,32,5.0
EXT-101866,2026-02-11,PedidosYa,Arroz Negro,3,118.8,22,San Juan,21,3.0
EXT-101867,2026-09-01,PedidosYa,Ceviche de Camaron,1,41.8,25,Cajamarca,54,5.0
EXT-101868,2026-04-25,PedidosYa,CEVICHE VEGETARIANO,2,52.8,22,Cajamarca,34,4.0
EXT-101869,2026-03-30,Rappi,Leche de Tigre Especial,2,52.8,18,Baños del Inca,48,4.0
EXT-101870,2026-07-20,PedidosYa,Ceviche Carretillero,1,33.0,25,Cajamarca,31,1.0
EXT-101871,2026-04-24,PedidosYa,Leche de Tigre,1,19.8,22,Cajamarca,34,4.0
EXT-101872,2026-02-10,PedidosYa,FILETE A LA CHORRILLANA,1,41.8,22,Cajamarca,32,3.0
EXT-101873,2026-03-07,Rappi,Chaufa de Pescado,2,61.6,18,Cajamarca,33,4.0
EXT-101874,2026-09-20,PedidosYa,arroz con pato marino,1,36.3,22,Cajamarca,32,
EXT-101875,2026-07-09,PedidosYa,CEVICHE CLÁSICO,1,30.8,25,Cajamarca,25,2.0
EXT-101876,2026-01-08,PedidosYa,Pescado a lo Macho,2,96.8,25,Cajamarca,52,5.0
EXT-101877,2026-07-19,PedidosYa,Cebiche Vegetariano,2,52.8,25,Baños del Inca,26,5.0
EXT-101878,2026-03-01,PedidosYa,CHICHARRÓN DE PESCADO,1,33.0,25,Baños del Inca,22,4.0
EXT-101879,2026-06-21,Rappi,tiradito nikkei,1,39.6,18,Cajamarca,35,5.0
EXT-101880,2026-02-07,PedidosYa,Chicharron de Pescado,3,99.0,25,Cajamarca,46,3.0
EXT-101881,2026-05-15,PedidosYa,leche de tigre especial,2,52.8,22,Cajamarca,37,4.0
EXT-101882,2026-09-07,PedidosYa,Arroz Chaufa de Mariscos,1,35.2,22,Cajamarca,25,4.0
EXT-101883,2026-06-07,PedidosYa,SALTADO DE MARISCOS,1,39.6,25,Cajamarca,35,5.0
EXT-101884,2026-04-03,PedidosYa,CHICHARRÓN DE PESCADO,1,33.0,25,Baños del Inca,27,1.0
EXT-101885,2026-08-24,Rappi,Ceviche de Camarón,2,83.6,20,Llacanora,42,4.0
EXT-101886,2026-03-28,Rappi,ceviche de camarón,2,83.6,18,Cajamarca,42,5.0
EXT-101887,2026-07-05,PedidosYa,Ceviche Mixto,1,37.4,22,Los Baños,25,4.0
EXT-101888,2026-02-16,Rappi,Ceviche Carretillero,1,33.0,18,Namora,35,2.0
EXT-101889,2026-05-04,PedidosYa,CHICHARRÓN DE CALAMAR,1,35.2,22,Cajamarca,35,4.0
EXT-101890,2026-03-18,PedidosYa,leche de tigre,2,39.6,22,Cajamarca,28,4.0
EXT-101891,2026-08-14,PedidosYa,ceviche de camarón,3,125.4,22,Baños del Inca,43,4.0
EXT-101892,2026-03-14,PedidosYa,Ceviche Mixto,1,37.4,22,Los Baños,20,4.0
EXT-101893,2026-07-11,PedidosYa,saltado de mariscos,3,118.8,25,Baños del Inca,35,5.0
EXT-101894,2026-09-24,Rappi,ceviche de conchas negras,2,92.4,18,Cajamarca,31,4.0
EXT-101895,2026-03-31,Rappi,ARROZ CON MARISCOS,1,38.5,20,San Juan,15,5.0
EXT-101896,2026-06-12,PedidosYa,Ceviche de Pota,1,24.2,22,Cajamarca,24,5.0
EXT-101897,2026-02-14,Rappi,Ceviche de Camaron,1,41.8,20,Cajamarca,34,3.0
EXT-101898,2026-04-09,PedidosYa,Ceviche Vegetariano,1,26.4,22,Cajamarca,32,4.0
EXT-101899,2026-02-07,PedidosYa,Chaufa de Pescado,1,30.8,25,Cajamarca,42,5.0
EXT-101900,2026-07-03,Rappi,Ceviche Clasico,1,30.8,18,Cajamarca,41,5.0
EXT-101901,2026-07-21,Rappi,LECHE DE TIGRE,1,19.8,20,Cajamarca,19,4.0
EXT-101902,2026-05-03,Rappi,Cebiche Carretillero,1,33.0,20,Cajamarca,35,
EXT-101903,2026-07-27,PedidosYa,Ceviche Clasico,3,92.4,25,Cajamarca,34,
EXT-101904,2026-09-11,Rappi,Chicharrón de Calamar,1,35.2,20,Cajamarca,24,3.0
EXT-101905,2026-03-13,Rappi,Leche de Tigre Especial,1,26.4,20,Baños del Inca,47,1.0
EXT-101906,2026-09-21,Rappi,pescado a lo macho,1,48.4,20,Cajamarca,38,5.0
EXT-101907,2026-02-09,PedidosYa,ceviche de conchas negras,2,92.4,25,Cajamarca,42,
EXT-101908,2026-04-26,PedidosYa,tiradito nikkei,1,39.6,22,Cajamarca,12,4.0
EXT-101909,2026-03-22,PedidosYa,PARIHUELA,1,46.2,22,Cajamarca,39,5.0
EXT-101910,2026-06-29,Rappi,Cebiche Clásico,1,30.8,20,Cajamarca,32,5.0
EXT-101911,2026-03-18,PedidosYa,Ceviche de Pota,3,72.6,25,Baños del Inca,28,4.0
EXT-101912,2026-05-28,Rappi,Tiradito Nikkei,2,79.2,18,Cajamarca,48,5.0
EXT-101913,2026-08-14,Rappi,Leche de Tigre,1,19.8,18,Baños del Inca,44,5.0
EXT-101914,2026-07-03,PedidosYa,CEVICHE DE POTA,2,48.4,25,Cajamarca,35,4.0
EXT-101915,2026-06-25,Rappi,Ceviche Clásico,3,92.4,18,Namora,28,5.0
EXT-101916,2026-04-30,PedidosYa,chaufa de pescado,2,61.6,22,Cajamarca,36,3.0
EXT-101917,2026-04-02,Rappi,CEVICHE MIXTO,1,37.4,18,Cajamarca,32,5.0
EXT-101918,2026-09-03,Rappi,Leche de Tigre Especial,1,26.4,20,Cajamarca,47,4.0
EXT-101919,2026-04-17,PedidosYa,Tiradito Nikkei,1,39.6,25,Namora,12,4.0
EXT-101920,2026-09-15,PedidosYa,Tacu Tacu con Mariscos,1,40.7,22,Cajamarca,31,5.0
EXT-101921,2026-03-10,PedidosYa,Jalea Mixta,1,49.5,25,Cajamarca,33,4.0
EXT-101922,2026-08-20,PedidosYa,ARROZ CON PATO MARINO,1,36.3,22,Cajamarca,33,4.0
EXT-101923,2026-09-22,PedidosYa,ARROZ CHAUFA DE MARISCOS,1,35.2,25,Cajamarca,37,4.0
EXT-101924,2026-02-02,PedidosYa,Parihuela,1,46.2,25,Cajamarca,37,4.0
EXT-101925,2026-04-26,PedidosYa,tiradito nikkei,1,39.6,25,Cajamarca,28,3.0
EXT-101926,2026-01-13,PedidosYa,chaufa de pescado,2,61.6,25,Llacanora,44,4.0
EXT-101927,2026-06-21,PedidosYa,chaufa de pescado,1,30.8,22,Baños del Inca,35,4.0
EXT-101928,2026-09-13,PedidosYa,Chicharron de Calamar,1,35.2,25,Cajamarca,27,5.0
EXT-101929,2026-02-11,PedidosYa,sudado de pescado,1,37.4,25,Baños del Inca,46,5.0
EXT-101930,2026-01-01,Rappi,Cebiche Mixto,1,37.4,18,Cajamarca,23,
EXT-101931,2026-05-19,PedidosYa,TIRADITO NIKKEI,2,79.2,25,Cajamarca,37,5.0
EXT-101932,2026-06-18,PedidosYa,Chaufa de Pescado,1,30.8,25,Cajamarca,29,1.0
EXT-101933,2026-05-18,Rappi,JALEA MIXTA,2,99.0,18,Cajamarca,41,4.0
EXT-101934,2026-09-14,Rappi,Sopa Chilcano de Pescado,1,27.5,18,Cajamarca,25,3.0
EXT-101935,2026-05-04,PedidosYa,Ceviche de Conchas Negras,1,46.2,25,Cajamarca,34,5.0
EXT-101936,2026-02-18,PedidosYa,CEVICHE MIXTO,1,37.4,25,Llacanora,26,5.0
EXT-101937,2026-08-07,PedidosYa,Cebiche de Pota,1,24.2,22,Cajamarca,39,4.0
EXT-101938,2026-06-27,Rappi,Ceviche Carretillero,1,33.0,20,Cajamarca,31,4.0
EXT-101939,2026-03-23,PedidosYa,Ceviche de Camarón,1,41.8,25,Cajamarca,45,3.0
EXT-101940,2026-09-07,PedidosYa,saltado de mariscos,1,39.6,22,Baños del Inca,47,5.0
EXT-101941,2026-06-12,PedidosYa,Cebiche de Camarón,1,41.8,25,Baños del Inca,34,
EXT-101942,2026-01-28,Rappi,ceviche clásico,1,30.8,20,Cajamarca,25,4.0
EXT-101943,2026-04-01,PedidosYa,Filete a la Chorrillana,1,41.8,22,Cajamarca,34,3.0
EXT-101944,2026-08-17,PedidosYa,Ceviche de Camaron,1,41.8,22,Cajamarca,31,3.0
EXT-101945,2026-06-28,PedidosYa,Leche de Pantera,1,28.6,25,Cajamarca,36,
EXT-101946,2026-01-16,Rappi,Leche de Tigre Especial,1,26.4,20,Cajamarca,28,3.0
EXT-101947,2026-01-28,Rappi,tiradito nikkei,1,39.6,18,Cajamarca,12,4.0
EXT-101948,2026-01-26,PedidosYa,Sopa Chilcano de Pescado,1,27.5,25,Baños del Inca,25,4.0
EXT-101949,2026-06-05,PedidosYa,Jalea Mixta,1,49.5,22,Cajamarca,24,2.0
EXT-101950,2026-01-10,PedidosYa,CEVICHE CARRETILLERO,1,33.0,22,Cajamarca,37,2.0
EXT-101951,2026-04-17,Rappi,arroz con pato marino,1,36.3,18,Cajamarca,35,3.0
EXT-101952,2026-08-25,PedidosYa,Cebiche Vegetariano,1,26.4,25,Cajamarca,38,4.0
EXT-101953,2026-07-11,PedidosYa,Ceviche Vegetariano,1,26.4,25,Cajamarca,37,3.0
EXT-101954,2026-02-07,Rappi,Tiradito Nikkei,2,79.2,20,Cajamarca,52,
EXT-101955,2026-07-28,Rappi,Chicharrón de Pescado,1,33.0,18,Baños del Inca,26,4.0
EXT-101956,2026-03-18,Rappi,Leche de Tigre,1,19.8,20,Cajamarca,32,5.0
EXT-101957,2026-08-06,PedidosYa,Ceviche Carretillero,1,33.0,25,Baños del Inca,39,3.0
EXT-101958,2026-02-17,Rappi,Sudado de Pescado,1,37.4,18,Cajamarca,25,5.0
EXT-101959,2026-05-19,PedidosYa,Arroz Negro,1,39.6,25,Cajamarca,38,
EXT-101960,2026-07-25,Rappi,Sudado de Pescado,1,37.4,20,Baños del Inca,27,4.0
EXT-101961,2026-02-12,Rappi,Filete a la Chorrillana,1,41.8,20,Cajamarca,40,
EXT-101962,2026-05-24,PedidosYa,Cebiche de Camarón,1,41.8,25,Los Baños,36,4.0
EXT-101963,2026-09-04,Rappi,tiradito nikkei,1,39.6,18,Cajamarca,53,3.0
EXT-101964,2026-07-26,PedidosYa,Ceviche Carretillero,1,33.0,25,Namora,20,4.0
EXT-101965,2026-01-16,PedidosYa,Tiradito Nikkei,1,39.6,22,Los Baños,38,
EXT-101966,2026-03-20,PedidosYa,LECHE DE TIGRE ESPECIAL,2,52.8,25,Cajamarca,24,5.0
EXT-101967,2026-02-10,PedidosYa,Parihuela,2,92.4,25,Baños del Inca,34,4.0
EXT-101968,2026-02-15,PedidosYa,Arroz Negro,1,39.6,25,Llacanora,27,4.0
EXT-101969,2026-01-02,Rappi,leche de tigre,1,19.8,20,Cajamarca,39,5.0
EXT-101970,2026-08-12,Rappi,Arroz Negro,2,79.2,18,Los Baños,29,4.0
EXT-101971,2026-06-15,PedidosYa,Ceviche Clásico,1,30.8,25,Cajamarca,64,3.0
EXT-101972,2026-02-28,Rappi,Leche de Pantera,3,85.8,20,Cajamarca,31,5.0
EXT-101973,2026-02-23,PedidosYa,Arroz Chaufa de Mariscos,2,70.4,22,Llacanora,33,2.0
EXT-101974,2026-02-28,PedidosYa,Arroz Chaufa de Mariscos,1,35.2,22,Llacanora,50,3.0
EXT-101975,2026-05-26,PedidosYa,CEVICHE CLÁSICO,1,30.8,22,Baños del Inca,34,3.0
EXT-101976,2026-04-27,Rappi,Pescado a lo Macho,1,48.4,18,Baños del Inca,52,5.0
EXT-101977,2026-05-23,PedidosYa,Chicharrón de Pescado,1,33.0,25,Cajamarca,30,4.0
EXT-101978,2026-06-24,Rappi,TIRADITO NIKKEI,1,39.6,18,Cajamarca,29,5.0
EXT-101979,2026-09-13,PedidosYa,ceviche de camarón,2,83.6,22,Baños del Inca,29,
EXT-101980,2026-09-21,Rappi,Tacu Tacu con Mariscos,1,40.7,18,Cajamarca,19,3.0
EXT-101981,2026-04-29,PedidosYa,Leche de Tigre,1,19.8,22,Cajamarca,35,4.0
EXT-101982,2026-07-18,Rappi,ceviche de camarón,3,125.4,18,Baños del Inca,19,4.0
EXT-101983,2026-03-11,Rappi,Tiradito Nikkei,1,39.6,18,Los Baños,29,4.0
EXT-101984,2026-03-03,PedidosYa,Cebiche Carretillero,1,33.0,25,Baños del Inca,27,3.0
EXT-101985,2026-01-14,PedidosYa,ceviche de camarón,1,41.8,22,Cajamarca,26,
EXT-101986,2026-04-16,PedidosYa,Chaufa de Pescado,2,61.6,22,Cajamarca,32,
EXT-101987,2026-05-22,Rappi,Jalea Mixta,1,49.5,20,Baños del Inca,31,5.0
EXT-101988,2026-04-14,PedidosYa,arroz con mariscos,1,38.5,25,Cajamarca,44,5.0
EXT-101989,2026-08-27,PedidosYa,Tiradito Nikkei,1,39.6,25,Llacanora,13,4.0
EXT-101990,2026-01-17,PedidosYa,Tiradito Nikkei,2,79.2,22,Cajamarca,43,4.0
EXT-101991,2026-05-22,PedidosYa,CEVICHE DE CAMARÓN,1,41.8,22,Namora,27,4.0
EXT-101992,2026-03-02,PedidosYa,Ceviche Clásico,2,61.6,25,Cajamarca,22,
EXT-101993,2026-02-18,Rappi,Arroz Negro,1,39.6,20,Cajamarca,31,4.0
EXT-101994,2026-04-17,PedidosYa,CEVICHE MIXTO,2,74.8,25,Namora,32,3.0
EXT-101995,2026-06-29,PedidosYa,Cebiche Carretillero,1,33.0,25,Cajamarca,30,3.0
EXT-101996,2026-01-11,Rappi,ceviche de pota,2,48.4,20,Llacanora,49,3.0
EXT-101997,2026-07-03,PedidosYa,Chicharron de Pescado,1,33.0,22,Baños del Inca,42,4.0
EXT-101998,2026-02-21,PedidosYa,Arroz Chaufa de Mariscos,2,70.4,25,Llacanora,16,4.0
EXT-101999,2026-04-16,PedidosYa,Arroz Chaufa de Mariscos,1,35.2,22,San Juan,40,5.0
EXT-102000,2026-08-21,PedidosYa,leche de tigre,1,19.8,25,Baños del Inca,33,4.0
EXT-102001,2026-02-19,Rappi,ARROZ CON PATO MARINO,2,72.6,18,Cajamarca,51,4.0
EXT-102002,2026-01-01,PedidosYa,Leche de Pantera,2,57.2,22,Cajamarca,30,5.0
EXT-102003,2026-07-15,PedidosYa,Tacu Tacu con Mariscos,1,40.7,25,Cajamarca,35,5.0
EXT-102004,2026-07-22,PedidosYa,Cebiche Vegetariano,1,26.4,22,Los Baños,51,4.0
EXT-102005,2026-03-22,PedidosYa,Chicharrón de Pescado,1,33.0,25,Cajamarca,50,5.0
EXT-102006,2026-03-20,Rappi,FILETE A LA CHORRILLANA,1,41.8,20,Cajamarca,16,
EXT-102007,2026-09-20,PedidosYa,Parihuela,1,46.2,25,Llacanora,28,5.0
EXT-102008,2026-07-15,PedidosYa,ceviche de conchas negras,2,92.4,22,Cajamarca,31,5.0
EXT-102009,2026-03-12,PedidosYa,arroz con mariscos,1,38.5,22,Cajamarca,42,
EXT-102010,2026-06-16,Rappi,CEVICHE VEGETARIANO,1,26.4,18,Cajamarca,38,4.0
EXT-102011,2026-05-01,PedidosYa,Ceviche Vegetariano,2,52.8,22,Cajamarca,32,4.0
EXT-102012,2026-01-15,PedidosYa,Ceviche de Pota,1,24.2,25,Namora,36,
EXT-102013,2026-04-16,Rappi,TIRADITO NIKKEI,1,39.6,18,Cajamarca,12,5.0
EXT-102014,2026-07-07,PedidosYa,Pescado a lo Macho,1,48.4,22,Baños del Inca,44,4.0
EXT-102015,2026-08-24,PedidosYa,CEVICHE DE CONCHAS NEGRAS,1,46.2,25,Cajamarca,42,3.0
EXT-102016,2026-03-17,PedidosYa,CEVICHE VEGETARIANO,1,26.4,22,Cajamarca,29,5.0
EXT-102017,2026-02-22,Rappi,Arroz Chaufa de Mariscos,2,70.4,20,Cajamarca,20,
EXT-102018,2026-07-22,PedidosYa,Arroz con Mariscos,2,77.0,22,Cajamarca,39,1.0
EXT-102019,2026-04-08,PedidosYa,Ceviche Mixto,3,112.2,25,Cajamarca,41,4.0
EXT-102020,2026-04-10,PedidosYa,tacu tacu con mariscos,2,81.4,22,Cajamarca,25,5.0
EXT-102021,2026-06-18,Rappi,Tiradito Nikkei,1,39.6,18,Cajamarca,41,3.0
EXT-102022,2026-04-29,PedidosYa,Leche de Pantera,3,85.8,22,Cajamarca,33,5.0
EXT-102023,2026-09-08,Rappi,TIRADITO NIKKEI,1,39.6,20,Cajamarca,44,5.0
EXT-102024,2026-04-17,PedidosYa,sudado de pescado,1,37.4,22,San Juan,22,4.0
EXT-102025,2026-03-28,Rappi,Ceviche de Conchas Negras,2,92.4,20,Baños del Inca,45,2.0
EXT-102026,2026-02-07,Rappi,Cebiche de Conchas Negras,1,46.2,20,Cajamarca,23,5.0
EXT-102027,2026-01-13,Rappi,tiradito nikkei,2,79.2,20,Cajamarca,35,3.0
EXT-102028,2026-08-02,PedidosYa,Ceviche de Conchas Negras,3,138.6,22,Baños del Inca,31,4.0
EXT-102029,2026-02-03,PedidosYa,Ceviche Clásico,1,30.8,22,Los Baños,43,
EXT-102030,2026-05-30,Rappi,TIRADITO NIKKEI,1,39.6,20,Cajamarca,48,4.0
EXT-102031,2026-08-15,Rappi,Chaufa de Pescado,1,30.8,18,Cajamarca,26,5.0
EXT-102032,2026-08-20,PedidosYa,Filete a la Chorrillana,1,41.8,22,Cajamarca,29,3.0
EXT-102033,2026-09-16,Rappi,Arroz Chaufa de Mariscos,1,35.2,20,Cajamarca,54,
EXT-102034,2026-03-05,PedidosYa,chicharrón de pescado,2,66.0,22,Llacanora,27,3.0
EXT-102035,2026-06-22,PedidosYa,TACU TACU CON MARISCOS,2,81.4,25,Baños del Inca,26,3.0
EXT-102036,2026-02-27,Rappi,Ceviche de Pota,1,24.2,20,Cajamarca,47,5.0
EXT-102037,2026-08-01,PedidosYa,Cebiche Carretillero,1,33.0,22,Cajamarca,39,4.0
EXT-102038,2026-01-29,PedidosYa,Tiradito Nikkei,1,39.6,25,Cajamarca,29,5.0
EXT-102039,2026-09-12,PedidosYa,CHICHARRÓN DE PESCADO,1,33.0,22,Los Baños,37,5.0
EXT-102040,2026-01-18,PedidosYa,Tacu Tacu con Mariscos,1,40.7,22,Cajamarca,39,5.0
EXT-102041,2026-09-27,Rappi,ceviche de pota,1,24.2,20,Los Baños,23,4.0
EXT-102042,2026-03-25,PedidosYa,CHICHARRÓN DE PESCADO,1,33.0,22,Cajamarca,34,
EXT-102043,2026-06-12,PedidosYa,Jalea Mixta,1,49.5,25,Cajamarca,13,4.0
EXT-102044,2026-02-08,PedidosYa,SUDADO DE PESCADO,1,37.4,22,Llacanora,31,
EXT-102045,2026-05-19,PedidosYa,Saltado de Mariscos,1,39.6,22,Llacanora,38,5.0
EXT-102046,2026-09-02,PedidosYa,Ceviche Carretillero,3,99.0,22,Cajamarca,31,4.0
EXT-102047,2026-06-04,PedidosYa,JALEA MIXTA,3,148.5,25,San Juan,35,4.0
EXT-102048,2026-09-01,Rappi,Arroz Negro,2,79.2,18,Cajamarca,31,5.0
EXT-102049,2026-07-08,Rappi,Ceviche Clásico,1,30.8,18,Cajamarca,34,5.0
EXT-102050,2026-09-14,PedidosYa,Cebiche Mixto,3,112.2,25,Cajamarca,35,5.0
EXT-102051,2026-07-08,PedidosYa,parihuela,1,46.2,25,Cajamarca,36,5.0
EXT-102052,2026-02-11,PedidosYa,leche de tigre especial,1,26.4,25,Cajamarca,29,4.0
EXT-102053,2026-04-21,PedidosYa,Ceviche Clasico,1,30.8,25,Llacanora,28,4.0
EXT-102054,2026-03-02,Rappi,ceviche clásico,1,30.8,20,Cajamarca,27,
EXT-102055,2026-03-09,PedidosYa,Ceviche Vegetariano,1,26.4,22,Llacanora,21,3.0
EXT-102056,2026-04-30,Rappi,Leche de Tigre,2,39.6,18,Cajamarca,44,2.0
EXT-102057,2026-06-13,PedidosYa,TIRADITO NIKKEI,1,39.6,25,Cajamarca,31,4.0
EXT-102058,2026-02-03,PedidosYa,Ceviche Mixto,1,37.4,25,Baños del Inca,36,5.0
EXT-102059,2026-08-28,PedidosYa,Leche de Tigre Especial,1,26.4,25,Baños del Inca,37,4.0
EXT-102060,2026-05-21,PedidosYa,Filete a la Chorrillana,1,41.8,22,Cajamarca,24,4.0
EXT-102061,2026-09-09,PedidosYa,tacu tacu con mariscos,1,40.7,25,Cajamarca,42,3.0
EXT-102062,2026-09-26,PedidosYa,Cebiche de Pota,2,48.4,25,Cajamarca,26,4.0
EXT-102063,2026-04-30,PedidosYa,CEVICHE CARRETILLERO,2,66.0,22,Llacanora,35,
EXT-102064,2026-03-17,PedidosYa,Tiradito Nikkei,1,39.6,25,Cajamarca,42,3.0
EXT-102065,2026-08-17,PedidosYa,Cebiche Vegetariano,1,26.4,25,Cajamarca,33,4.0
EXT-102066,2026-08-25,Rappi,sudado de pescado,2,74.8,18,Cajamarca,35,5.0
EXT-102067,2026-04-05,PedidosYa,Arroz con Mariscos,1,38.5,25,Cajamarca,31,4.0
EXT-102068,2026-05-11,Rappi,TIRADITO NIKKEI,1,39.6,20,Cajamarca,24,4.0
EXT-102069,2026-08-17,PedidosYa,Chicharrón de Pescado,1,33.0,25,Cajamarca,47,3.0
EXT-102070,2026-09-21,PedidosYa,Leche de Tigre Especial,1,26.4,22,San Juan,34,3.0
EXT-102071,2026-05-15,Rappi,Arroz Negro,2,79.2,20,Cajamarca,30,
EXT-102072,2026-03-02,Rappi,Ceviche Mixto,1,37.4,20,Baños del Inca,18,3.0
EXT-102073,2026-07-07,Rappi,Cebiche de Conchas Negras,2,92.4,18,Cajamarca,36,4.0
EXT-102074,2026-05-28,PedidosYa,Parihuela,1,46.2,25,Cajamarca,33,1.0
EXT-102075,2026-05-04,PedidosYa,CEVICHE DE CAMARÓN,1,41.8,25,Baños del Inca,12,5.0
EXT-102076,2026-09-18,PedidosYa,Arroz con Pato Marino,1,36.3,25,Cajamarca,33,4.0
EXT-102077,2026-01-14,PedidosYa,filete a la chorrillana,1,41.8,25,Namora,46,
EXT-102078,2026-07-26,PedidosYa,leche de tigre,2,39.6,25,Namora,45,3.0
EXT-102079,2026-09-26,Rappi,Pescado a lo Macho,1,48.4,18,Cajamarca,46,5.0
EXT-102080,2026-06-25,Rappi,CEVICHE CLÁSICO,2,61.6,20,Baños del Inca,19,3.0
EXT-102081,2026-07-11,PedidosYa,CEVICHE CLÁSICO,1,30.8,25,Baños del Inca,48,5.0
EXT-102082,2026-01-05,PedidosYa,ceviche vegetariano,1,26.4,22,Namora,19,4.0
EXT-102083,2026-08-21,PedidosYa,saltado de mariscos,2,79.2,25,San Juan,43,3.0
EXT-102084,2026-05-03,PedidosYa,Tiradito Nikkei,1,39.6,22,Los Baños,41,5.0
EXT-102085,2026-04-30,PedidosYa,ceviche carretillero,1,33.0,22,Cajamarca,20,3.0
EXT-102086,2026-08-13,PedidosYa,Arroz Chaufa de Mariscos,2,70.4,22,Cajamarca,42,5.0
EXT-102087,2026-02-14,Rappi,CEVICHE DE CAMARÓN,1,41.8,20,Cajamarca,35,4.0
EXT-102088,2026-01-28,Rappi,tiradito nikkei,1,39.6,20,Cajamarca,35,1.0
EXT-102089,2026-03-03,Rappi,Cebiche Mixto,1,37.4,20,San Juan,38,5.0
EXT-102090,2026-08-24,PedidosYa,Chaufa de Pescado,2,61.6,22,San Juan,38,4.0
EXT-102091,2026-04-24,Rappi,Leche de Tigre Especial,2,52.8,20,Namora,22,5.0
EXT-102092,2026-06-22,PedidosYa,Leche de Tigre,2,39.6,25,Baños del Inca,32,4.0
EXT-102093,2026-03-23,PedidosYa,CEVICHE DE CAMARÓN,1,41.8,22,Cajamarca,42,1.0
EXT-102094,2026-02-01,Rappi,Ceviche Clásico,1,30.8,18,Los Baños,50,
EXT-102095,2026-07-01,Rappi,Chicharrón de Calamar,1,35.2,18,Cajamarca,36,2.0
EXT-102096,2026-02-19,Rappi,Ceviche Mixto,1,37.4,18,Cajamarca,26,
EXT-102097,2026-03-23,PedidosYa,ceviche mixto,1,37.4,22,Namora,20,5.0
EXT-102098,2026-01-20,Rappi,Chicharrón de Calamar,1,35.2,20,Cajamarca,25,
EXT-102099,2026-08-03,Rappi,Jalea Mixta,1,49.5,20,Cajamarca,28,3.0
EXT-102100,2026-04-03,PedidosYa,Cebiche Mixto,1,37.4,22,Cajamarca,29,2.0
EXT-102101,2026-02-23,PedidosYa,SOPA CHILCANO DE PESCADO,1,27.5,25,Cajamarca,30,3.0
EXT-102102,2026-02-08,PedidosYa,Ceviche de Pota,1,24.2,25,Cajamarca,22,3.0
EXT-102103,2026-08-11,PedidosYa,Filete a la Chorrillana,1,41.8,25,Cajamarca,32,4.0
EXT-102104,2026-05-26,PedidosYa,tiradito nikkei,1,39.6,25,Llacanora,21,5.0
EXT-102105,2026-02-24,Rappi,Arroz Chaufa de Mariscos,1,35.2,20,Cajamarca,34,
EXT-102106,2026-02-06,PedidosYa,Ceviche Carretillero,2,66.0,25,Cajamarca,36,4.0
EXT-102107,2026-02-13,PedidosYa,Pescado a lo Macho,2,96.8,22,Cajamarca,39,4.0
EXT-102108,2026-01-03,PedidosYa,CEVICHE DE POTA,1,24.2,22,Cajamarca,37,3.0
EXT-102109,2026-03-17,Rappi,chicharrón de pescado,1,33.0,18,Baños del Inca,24,
EXT-102110,2026-06-22,PedidosYa,LECHE DE TIGRE,1,19.8,22,Baños del Inca,34,4.0
EXT-102111,2026-08-29,PedidosYa,ARROZ NEGRO,3,118.8,25,Cajamarca,28,5.0
EXT-102112,2026-09-20,PedidosYa,Tiradito Nikkei,2,79.2,22,San Juan,38,3.0
EXT-102113,2026-09-15,Rappi,Parihuela,2,92.4,18,Cajamarca,39,4.0
EXT-102114,2026-08-21,PedidosYa,ceviche vegetariano,2,52.8,25,Cajamarca,25,4.0
EXT-102115,2026-08-11,Rappi,Arroz con Mariscos,1,38.5,20,Baños del Inca,46,3.0
EXT-102116,2026-05-19,Rappi,chaufa de pescado,3,92.4,20,Cajamarca,19,2.0
EXT-102117,2026-04-12,PedidosYa,filete a la chorrillana,2,83.6,22,Baños del Inca,36,4.0
EXT-102118,2026-02-28,PedidosYa,chaufa de pescado,2,61.6,25,Cajamarca,37,5.0
EXT-102119,2026-08-30,Rappi,Chicharrón de Pescado,1,33.0,18,Baños del Inca,29,5.0
EXT-102120,2026-08-29,PedidosYa,CEVICHE DE CAMARÓN,3,125.4,25,Llacanora,42,4.0
EXT-102121,2026-06-26,Rappi,Parihuela,1,46.2,20,Llacanora,43,1.0
EXT-102122,2026-08-03,PedidosYa,SUDADO DE PESCADO,3,112.2,25,Cajamarca,26,
EXT-102123,2026-09-10,Rappi,filete a la chorrillana,1,41.8,18,Cajamarca,33,4.0
EXT-102124,2026-07-14,PedidosYa,CEVICHE DE CONCHAS NEGRAS,2,92.4,25,Cajamarca,27,
EXT-102125,2026-03-15,PedidosYa,ARROZ CON PATO MARINO,1,36.3,25,Cajamarca,49,5.0
EXT-102126,2026-05-21,PedidosYa,Arroz Negro,1,39.6,22,Baños del Inca,53,5.0
EXT-102127,2026-07-14,PedidosYa,Leche de Tigre Especial,1,26.4,22,Cajamarca,21,3.0
EXT-102128,2026-03-25,PedidosYa,JALEA MIXTA,1,49.5,22,Baños del Inca,31,4.0
EXT-102129,2026-02-22,PedidosYa,Chaufa de Pescado,1,30.8,25,Baños del Inca,37,5.0
EXT-102130,2026-02-06,Rappi,Cebiche Vegetariano,1,26.4,20,Namora,29,5.0
EXT-102131,2026-07-24,Rappi,Ceviche Carretillero,3,99.0,20,Cajamarca,36,4.0
EXT-102132,2026-05-01,PedidosYa,Ceviche Carretillero,1,33.0,22,Los Baños,38,3.0
EXT-102133,2026-03-07,Rappi,Cebiche Mixto,2,74.8,18,Cajamarca,48,5.0
EXT-102134,2026-02-13,Rappi,ceviche mixto,1,37.4,18,Baños del Inca,42,4.0
EXT-102135,2026-08-14,PedidosYa,tiradito nikkei,1,39.6,25,San Juan,35,3.0
EXT-102136,2026-06-14,Rappi,Arroz Chaufa de Mariscos,1,35.2,18,Baños del Inca,17,2.0
EXT-102137,2026-01-27,PedidosYa,Arroz Negro,3,118.8,25,Cajamarca,43,5.0
EXT-102138,2026-03-12,PedidosYa,chicharrón de pescado,1,33.0,22,Baños del Inca,43,4.0
EXT-102139,2026-06-23,Rappi,parihuela,1,46.2,20,Namora,35,2.0
EXT-102140,2026-06-12,PedidosYa,SOPA CHILCANO DE PESCADO,2,55.0,22,Cajamarca,29,4.0
EXT-102141,2026-04-12,PedidosYa,Ceviche Mixto,1,37.4,25,Cajamarca,43,5.0
EXT-102142,2026-09-19,PedidosYa,ceviche carretillero,2,66.0,25,Baños del Inca,26,3.0
EXT-102143,2026-09-02,PedidosYa,Tacu Tacu con Mariscos,1,40.7,25,Namora,26,5.0
EXT-102144,2026-03-27,Rappi,Parihuela,1,46.2,18,Cajamarca,32,4.0
EXT-102145,2026-01-28,PedidosYa,Leche de Pantera,3,85.8,22,Cajamarca,16,4.0
EXT-102146,2026-02-14,PedidosYa,Filete a la Chorrillana,1,41.8,25,Cajamarca,36,4.0
EXT-102147,2026-05-29,PedidosYa,Tiradito Nikkei,1,39.6,25,Cajamarca,44,5.0
EXT-102148,2026-01-24,PedidosYa,Cebiche Vegetariano,1,26.4,25,Cajamarca,42,5.0
EXT-102149,2026-08-01,Rappi,Cebiche de Pota,1,24.2,20,Cajamarca,22,
EXT-102150,2026-02-08,PedidosYa,sopa chilcano de pescado,1,27.5,22,Baños del Inca,40,5.0
EXT-102151,2026-09-09,Rappi,ceviche vegetariano,1,26.4,20,Los Baños,29,5.0
EXT-102152,2026-02-03,PedidosYa,Ceviche de Conchas Negras,1,46.2,25,Cajamarca,13,4.0
EXT-102153,2026-09-04,PedidosYa,Chicharron de Calamar,1,35.2,25,Cajamarca,22,1.0
EXT-102154,2026-06-14,Rappi,CEVICHE DE CAMARÓN,1,41.8,18,Baños del Inca,38,2.0
EXT-102155,2026-02-09,Rappi,Leche de Tigre Especial,1,26.4,18,Baños del Inca,34,
EXT-102156,2026-03-28,PedidosYa,Jalea Mixta,2,99.0,22,Cajamarca,48,4.0
EXT-102157,2026-07-24,PedidosYa,CHAUFA DE PESCADO,2,61.6,25,Cajamarca,38,4.0
EXT-102158,2026-03-12,Rappi,CEVICHE CLÁSICO,1,30.8,18,Cajamarca,36,4.0
EXT-102159,2026-05-11,Rappi,Tacu Tacu con Mariscos,1,40.7,18,Baños del Inca,36,4.0
EXT-102160,2026-06-11,PedidosYa,Cebiche Clásico,2,61.6,25,Cajamarca,33,5.0
EXT-102161,2026-05-09,PedidosYa,tiradito nikkei,1,39.6,25,Baños del Inca,38,4.0
EXT-102162,2026-03-29,PedidosYa,Chaufa de Pescado,2,61.6,25,Cajamarca,41,4.0
EXT-102163,2026-01-02,PedidosYa,CEVICHE CLÁSICO,1,30.8,22,Baños del Inca,35,1.0
EXT-102164,2026-08-26,PedidosYa,Sopa Chilcano de Pescado,2,55.0,22,Baños del Inca,44,5.0
EXT-102165,2026-05-03,Rappi,leche de tigre,1,19.8,18,Cajamarca,41,3.0
EXT-102166,2026-07-23,Rappi,Sudado de Pescado,2,74.8,20,Cajamarca,37,
EXT-102167,2026-09-11,PedidosYa,CEVICHE DE CONCHAS NEGRAS,1,46.2,22,San Juan,46,5.0
EXT-102168,2026-01-24,Rappi,ceviche de camarón,1,41.8,20,San Juan,12,
EXT-102169,2026-02-18,Rappi,Tiradito Nikkei,3,118.8,20,Cajamarca,47,5.0
EXT-102170,2026-06-12,Rappi,chaufa de pescado,1,30.8,20,Cajamarca,24,5.0
EXT-102171,2026-02-01,PedidosYa,Cebiche Vegetariano,3,79.2,25,Namora,33,3.0
EXT-102172,2026-03-04,PedidosYa,Tacu Tacu con Mariscos,1,40.7,22,Cajamarca,35,4.0
EXT-102173,2026-04-28,PedidosYa,Tiradito Nikkei,2,79.2,22,Cajamarca,34,4.0
EXT-102174,2026-06-28,PedidosYa,chaufa de pescado,2,61.6,22,Cajamarca,40,
EXT-102175,2026-08-22,Rappi,Chicharron de Calamar,1,35.2,18,San Juan,38,3.0
EXT-102176,2026-08-18,PedidosYa,Cebiche Carretillero,1,33.0,25,Baños del Inca,32,1.0
EXT-102177,2026-08-09,Rappi,ceviche vegetariano,1,26.4,18,Cajamarca,32,4.0
EXT-102178,2026-03-23,Rappi,arroz chaufa de mariscos,1,35.2,20,Cajamarca,29,5.0
EXT-102179,2026-09-20,PedidosYa,ARROZ CON PATO MARINO,1,36.3,22,Cajamarca,26,3.0
EXT-102180,2026-02-03,PedidosYa,Chicharrón de Pescado,2,66.0,22,Cajamarca,33,5.0
EXT-102181,2026-01-23,Rappi,Chicharron de Calamar,1,35.2,18,Cajamarca,30,5.0
EXT-102182,2026-09-22,PedidosYa,ceviche vegetariano,1,26.4,22,Cajamarca,30,5.0
EXT-102183,2026-04-04,PedidosYa,Tiradito Nikkei,1,39.6,25,Cajamarca,38,5.0
EXT-102184,2026-03-26,Rappi,ARROZ NEGRO,1,,20,Cajamarca,21,2.0
EXT-102185,2026-02-04,Rappi,Sudado de Pescado,1,37.4,20,Llacanora,38,5.0
EXT-102186,2026-07-03,PedidosYa,CEVICHE CARRETILLERO,1,33.0,25,Cajamarca,38,4.0
EXT-102187,2026-05-11,PedidosYa,Tacu Tacu con Mariscos,1,40.7,25,Baños del Inca,47,1.0
EXT-102188,2026-05-08,PedidosYa,CEVICHE CARRETILLERO,1,33.0,25,Baños del Inca,32,4.0
EXT-102189,2026-01-04,PedidosYa,Ceviche de Conchas Negras,1,46.2,25,Los Baños,44,4.0
EXT-102190,2026-03-30,PedidosYa,parihuela,1,46.2,22,Cajamarca,39,3.0
EXT-102191,2026-05-16,Rappi,Arroz con Mariscos,2,77.0,20,Los Baños,39,5.0
EXT-102192,2026-04-07,PedidosYa,Arroz Chaufa de Mariscos,1,35.2,25,Cajamarca,45,5.0
EXT-102193,2026-02-03,Rappi,Ceviche Mixto,1,37.4,18,Los Baños,34,4.0
EXT-102194,2026-05-12,PedidosYa,Tiradito Nikkei,3,118.8,25,Baños del Inca,31,5.0
EXT-102195,2026-01-17,PedidosYa,Arroz con Mariscos,1,38.5,22,Cajamarca,41,5.0
EXT-102196,2026-07-16,Rappi,ceviche de camarón,3,125.4,20,Cajamarca,24,5.0
EXT-102197,2026-02-19,PedidosYa,Ceviche Vegetariano,3,79.2,25,Baños del Inca,37,3.0
EXT-102198,2026-06-22,Rappi,Tiradito Nikkei,2,79.2,18,Cajamarca,53,3.0
EXT-102199,2026-05-03,PedidosYa,arroz negro,2,79.2,25,Los Baños,24,2.0
EXT-102200,2026-03-21,PedidosYa,CEVICHE DE CAMARÓN,2,83.6,22,Cajamarca,39,5.0
EXT-102201,2026-03-11,Rappi,Ceviche de Camarón,1,41.8,18,Cajamarca,50,5.0
EXT-102202,2026-02-04,Rappi,Arroz con Pato Marino,1,36.3,18,Cajamarca,23,
EXT-102203,2026-05-14,PedidosYa,Ceviche Carretillero,2,66.0,22,Cajamarca,37,2.0
EXT-102204,2026-09-10,Rappi,Chaufa de Pescado,1,30.8,18,Cajamarca,38,
EXT-102205,2026-06-28,PedidosYa,Pescado a lo Macho,2,96.8,25,Cajamarca,34,4.0
EXT-102206,2026-06-10,Rappi,Arroz con Mariscos,1,38.5,20,Cajamarca,49,4.0
EXT-102207,2026-05-07,PedidosYa,Parihuela,2,92.4,22,Llacanora,44,
EXT-102208,2026-04-30,PedidosYa,arroz negro,1,39.6,25,Baños del Inca,27,5.0
EXT-102209,2026-09-27,Rappi,CEVICHE CARRETILLERO,3,99.0,18,Cajamarca,39,5.0
EXT-102210,2026-06-24,PedidosYa,Arroz Negro,2,79.2,22,San Juan,50,4.0
EXT-102211,2026-06-08,Rappi,JALEA MIXTA,1,49.5,18,Cajamarca,30,5.0
EXT-102212,2026-02-19,PedidosYa,CEVICHE CARRETILLERO,1,33.0,22,Cajamarca,55,4.0
EXT-102213,2026-02-21,PedidosYa,Ceviche Clasico,1,30.8,22,Cajamarca,36,4.0
EXT-102214,2026-04-14,PedidosYa,PARIHUELA,1,46.2,25,San Juan,15,3.0
EXT-102215,2026-02-25,PedidosYa,Arroz Negro,2,79.2,22,Baños del Inca,33,2.0
EXT-102216,2026-07-15,PedidosYa,Arroz Negro,1,39.6,25,Cajamarca,55,2.0
EXT-102217,2026-01-21,Rappi,LECHE DE TIGRE,3,59.4,18,Baños del Inca,36,
EXT-102218,2026-02-23,PedidosYa,Chicharrón de Calamar,2,70.4,25,Cajamarca,36,5.0
EXT-102219,2026-05-23,PedidosYa,Ceviche Clasico,2,61.6,22,Los Baños,41,3.0
EXT-102220,2026-06-12,PedidosYa,Ceviche Clásico,1,30.8,25,Cajamarca,31,4.0
EXT-102221,2026-06-17,PedidosYa,Arroz con Mariscos,1,38.5,25,Baños del Inca,28,5.0
EXT-102222,2026-04-17,PedidosYa,CEVICHE VEGETARIANO,1,26.4,22,Namora,48,4.0
EXT-102223,2026-08-07,PedidosYa,PARIHUELA,1,46.2,25,Cajamarca,34,3.0
EXT-102224,2026-03-01,Rappi,SUDADO DE PESCADO,1,37.4,18,Cajamarca,43,5.0
EXT-102225,2026-06-12,PedidosYa,Leche de Tigre Especial,1,26.4,25,Llacanora,40,4.0
EXT-102226,2026-09-18,Rappi,Cebiche Mixto,1,37.4,18,Cajamarca,40,4.0
EXT-102227,2026-05-15,Rappi,Arroz Negro,1,39.6,20,Cajamarca,40,4.0
EXT-102228,2026-08-14,Rappi,Arroz con Pato Marino,2,72.6,20,Baños del Inca,27,4.0
EXT-102229,2026-07-23,Rappi,parihuela,1,46.2,18,Cajamarca,42,
EXT-102230,2026-05-11,Rappi,Ceviche de Camaron,1,41.8,18,Cajamarca,24,5.0
EXT-102231,2026-07-24,Rappi,Ceviche Carretillero,1,33.0,20,Cajamarca,51,4.0
EXT-102232,2026-02-02,Rappi,CEVICHE CARRETILLERO,1,33.0,20,Llacanora,33,3.0
EXT-102233,2026-08-31,PedidosYa,LECHE DE TIGRE,2,39.6,25,Cajamarca,40,4.0
EXT-102234,2026-02-03,Rappi,CEVICHE MIXTO,1,37.4,20,Cajamarca,28,
EXT-102235,2026-09-17,Rappi,Sudado de Pescado,2,74.8,20,Cajamarca,29,5.0
EXT-102236,2026-07-08,PedidosYa,Ceviche de Conchas Negras,1,46.2,25,Cajamarca,26,4.0
EXT-102237,2026-02-20,PedidosYa,Ceviche Clásico,1,30.8,25,Cajamarca,34,4.0
EXT-102238,2026-02-10,Rappi,arroz chaufa de mariscos,3,105.6,20,Baños del Inca,24,4.0
EXT-102239,2026-07-07,PedidosYa,ceviche mixto,1,37.4,22,San Juan,45,5.0
EXT-102240,2026-09-15,Rappi,CHICHARRÓN DE PESCADO,2,66.0,20,Baños del Inca,45,4.0
EXT-102241,2026-06-19,PedidosYa,Ceviche de Pota,1,24.2,22,Cajamarca,36,4.0
EXT-102242,2026-08-21,Rappi,Cebiche Clásico,1,30.8,18,Cajamarca,39,4.0
EXT-102243,2026-08-26,PedidosYa,Leche de Pantera,1,28.6,22,Llacanora,50,3.0
EXT-102244,2026-07-30,Rappi,Ceviche de Conchas Negras,1,46.2,18,Namora,41,1.0
EXT-102245,2026-01-19,PedidosYa,ceviche de pota,3,72.6,22,Cajamarca,24,
EXT-102246,2026-07-01,PedidosYa,FILETE A LA CHORRILLANA,2,83.6,22,Baños del Inca,36,2.0
EXT-102247,2026-06-01,PedidosYa,Cebiche de Conchas Negras,1,46.2,25,Cajamarca,46,5.0
EXT-102248,2026-08-14,Rappi,Tiradito Nikkei,1,39.6,18,Cajamarca,55,4.0
EXT-102249,2026-02-12,Rappi,Ceviche Clásico,1,30.8,20,Los Baños,47,5.0
EXT-102250,2026-09-16,PedidosYa,Ceviche Carretillero,1,33.0,22,Baños del Inca,42,
EXT-102251,2026-09-25,Rappi,Chaufa de Pescado,1,30.8,18,Cajamarca,49,4.0
EXT-102252,2026-01-10,PedidosYa,CHAUFA DE PESCADO,1,30.8,25,Cajamarca,39,4.0
EXT-102253,2026-03-23,PedidosYa,Ceviche Carretillero,1,33.0,25,Baños del Inca,32,
EXT-102254,2026-06-02,PedidosYa,Chicharrón de Calamar,1,35.2,22,Baños del Inca,42,
EXT-102255,2026-06-18,PedidosYa,Cebiche Vegetariano,1,26.4,22,Baños del Inca,26,3.0
EXT-102256,2026-04-18,PedidosYa,Tiradito Nikkei,1,39.6,22,Baños del Inca,33,
EXT-102257,2026-08-07,PedidosYa,Tacu Tacu con Mariscos,1,40.7,25,Cajamarca,25,3.0
EXT-102258,2026-08-07,Rappi,chicharrón de pescado,1,33.0,18,Cajamarca,23,5.0
EXT-102259,2026-08-06,PedidosYa,Filete a la Chorrillana,1,41.8,22,Cajamarca,31,4.0
EXT-102260,2026-07-01,Rappi,Ceviche Clásico,1,30.8,18,Cajamarca,25,1.0
EXT-102261,2026-02-16,Rappi,Ceviche Clasico,2,61.6,18,Cajamarca,25,4.0
EXT-102262,2026-04-07,PedidosYa,Leche de Pantera,1,28.6,25,Cajamarca,18,3.0
EXT-102263,2026-05-02,PedidosYa,Ceviche Carretillero,1,33.0,25,Baños del Inca,24,
EXT-102264,2026-05-20,PedidosYa,Cebiche Carretillero,1,33.0,25,Llacanora,15,3.0
EXT-102265,2026-08-29,Rappi,CEVICHE MIXTO,1,37.4,20,Cajamarca,26,4.0
EXT-102266,2026-04-04,PedidosYa,tiradito nikkei,1,39.6,22,Baños del Inca,26,2.0
EXT-102267,2026-02-15,Rappi,ceviche clásico,1,30.8,18,Baños del Inca,23,1.0
EXT-102268,2026-07-30,PedidosYa,Ceviche Vegetariano,1,26.4,22,Cajamarca,28,5.0
EXT-102269,2026-07-12,Rappi,CHAUFA DE PESCADO,1,30.8,18,Cajamarca,12,5.0
EXT-102270,2026-02-18,PedidosYa,CEVICHE VEGETARIANO,2,52.8,22,San Juan,42,4.0
EXT-102271,2026-04-23,PedidosYa,Jalea Mixta,1,49.5,25,Baños del Inca,29,3.0
EXT-102272,2026-09-04,PedidosYa,Ceviche de Pota,1,24.2,25,Cajamarca,34,4.0
EXT-102273,2026-01-10,PedidosYa,chicharrón de calamar,1,35.2,22,Cajamarca,31,
EXT-102274,2026-02-06,PedidosYa,Pescado a lo Macho,2,96.8,22,Cajamarca,25,1.0
EXT-102275,2026-04-23,Rappi,Tiradito Nikkei,2,79.2,18,San Juan,30,5.0
EXT-102276,2026-07-29,Rappi,ceviche de pota,1,24.2,20,Los Baños,40,3.0
EXT-102277,2026-01-05,Rappi,Ceviche Vegetariano,1,26.4,20,Cajamarca,57,2.0
EXT-102278,2026-06-22,PedidosYa,ceviche vegetariano,1,26.4,25,Cajamarca,33,3.0
EXT-102279,2026-09-07,Rappi,LECHE DE TIGRE,1,19.8,20,Cajamarca,33,
EXT-102280,2026-09-22,Rappi,TIRADITO NIKKEI,1,39.6,20,Cajamarca,45,3.0
EXT-102281,2026-02-16,PedidosYa,Arroz Negro,1,39.6,22,Cajamarca,45,3.0
EXT-102282,2026-06-02,PedidosYa,Arroz con Mariscos,2,77.0,25,Cajamarca,37,4.0
EXT-102283,2026-02-04,Rappi,chicharrón de calamar,1,35.2,20,Baños del Inca,47,5.0
EXT-102284,2026-03-13,Rappi,Arroz con Pato Marino,1,36.3,18,Baños del Inca,34,4.0
EXT-102285,2026-01-13,PedidosYa,Arroz Chaufa de Mariscos,1,35.2,25,Llacanora,32,5.0
EXT-102286,2026-09-21,Rappi,Sopa Chilcano de Pescado,2,55.0,18,Cajamarca,32,
EXT-102287,2026-02-10,PedidosYa,Chaufa de Pescado,1,30.8,25,Cajamarca,42,5.0
EXT-102288,2026-08-18,Rappi,Ceviche de Camarón,1,41.8,20,Cajamarca,52,4.0
EXT-102289,2026-07-27,Rappi,TIRADITO NIKKEI,3,118.8,20,Cajamarca,42,1.0
EXT-102290,2026-02-23,PedidosYa,Ceviche Carretillero,1,33.0,25,Cajamarca,52,2.0
EXT-102291,2026-01-28,PedidosYa,ceviche clásico,2,61.6,25,Cajamarca,36,4.0
EXT-102292,2026-01-16,PedidosYa,Cebiche Mixto,2,74.8,22,Namora,27,3.0
EXT-102293,2026-01-18,PedidosYa,Ceviche de Conchas Negras,1,46.2,25,Baños del Inca,27,
EXT-102294,2026-03-20,Rappi,Tiradito Nikkei,1,39.6,18,Los Baños,46,3.0
EXT-102295,2026-05-24,Rappi,Chicharrón de Calamar,3,105.6,20,Cajamarca,33,4.0
EXT-102296,2026-07-17,Rappi,SUDADO DE PESCADO,1,37.4,18,Baños del Inca,23,1.0
EXT-102297,2026-09-02,PedidosYa,Chicharrón de Pescado,1,33.0,22,Cajamarca,27,4.0
EXT-102298,2026-05-12,PedidosYa,Ceviche Mixto,1,37.4,22,Baños del Inca,44,
EXT-102299,2026-02-13,Rappi,Cebiche de Pota,3,72.6,18,Cajamarca,35,5.0
EXT-102300,2026-08-18,PedidosYa,ceviche de pota,2,48.4,22,Cajamarca,36,4.0
EXT-102301,2026-06-30,Rappi,Ceviche Vegetariano,1,26.4,18,Cajamarca,38,5.0
EXT-102302,2026-08-05,PedidosYa,Pescado a lo Macho,2,96.8,25,Baños del Inca,38,4.0
EXT-102303,2026-04-07,Rappi,CHAUFA DE PESCADO,1,30.8,18,Baños del Inca,27,5.0
EXT-102304,2026-01-18,PedidosYa,Cebiche de Conchas Negras,1,46.2,22,Cajamarca,32,4.0
EXT-102305,2026-07-06,PedidosYa,Ceviche Clásico,1,30.8,25,Cajamarca,39,4.0
EXT-102306,2026-05-09,PedidosYa,Sudado de Pescado,2,74.8,25,Llacanora,43,5.0
EXT-102307,2026-06-15,Rappi,Parihuela,2,92.4,20,Cajamarca,51,2.0
EXT-102308,2026-04-13,PedidosYa,TACU TACU CON MARISCOS,1,40.7,25,Baños del Inca,33,5.0
EXT-102309,2026-04-06,Rappi,Sopa Chilcano de Pescado,2,55.0,18,Cajamarca,34,2.0
EXT-102310,2026-06-25,Rappi,Cebiche de Pota,1,24.2,20,Namora,43,4.0
EXT-102311,2026-06-16,PedidosYa,Arroz Negro,1,39.6,22,Cajamarca,42,4.0
EXT-102312,2026-06-03,PedidosYa,ceviche carretillero,1,33.0,22,Cajamarca,43,5.0
EXT-102313,2026-02-22,Rappi,ceviche carretillero,1,33.0,18,Cajamarca,22,4.0
EXT-102314,2026-09-12,Rappi,Leche de Tigre,1,19.8,18,Los Baños,30,
EXT-102315,2026-06-08,Rappi,Ceviche Mixto,1,37.4,20,Cajamarca,32,3.0
EXT-102316,2026-08-01,PedidosYa,Ceviche Vegetariano,1,26.4,25,Baños del Inca,39,
EXT-102317,2026-05-17,PedidosYa,Arroz con Mariscos,1,38.5,25,Los Baños,31,2.0
EXT-102318,2026-01-13,Rappi,Ceviche Clasico,1,30.8,18,Baños del Inca,36,5.0
EXT-102319,2026-05-17,PedidosYa,Cebiche de Pota,1,24.2,22,Cajamarca,34,2.0
EXT-102320,2026-02-24,PedidosYa,Leche de Pantera,1,28.6,22,Baños del Inca,49,4.0
EXT-102321,2026-08-20,Rappi,Arroz Negro,1,39.6,20,Cajamarca,32,
EXT-102322,2026-06-30,PedidosYa,ARROZ NEGRO,1,39.6,22,Cajamarca,43,
EXT-102323,2026-03-30,PedidosYa,CHICHARRÓN DE CALAMAR,1,35.2,25,San Juan,27,2.0
EXT-102324,2026-05-22,PedidosYa,Chicharrón de Pescado,1,33.0,22,Cajamarca,38,5.0
EXT-102325,2026-09-18,PedidosYa,CEVICHE MIXTO,1,37.4,25,Cajamarca,27,1.0
EXT-102326,2026-04-14,Rappi,leche de pantera,1,28.6,18,Baños del Inca,28,
EXT-102327,2026-04-06,Rappi,ceviche de camarón,2,83.6,18,Cajamarca,38,5.0
EXT-102328,2026-04-24,PedidosYa,Ceviche Vegetariano,3,79.2,25,Cajamarca,46,4.0
EXT-102329,2026-01-05,PedidosYa,CEVICHE CARRETILLERO,1,33.0,25,Namora,44,2.0
EXT-102330,2026-01-08,PedidosYa,Cebiche Mixto,1,37.4,25,Baños del Inca,46,
EXT-102331,2026-06-17,PedidosYa,Tiradito Nikkei,3,118.8,25,Los Baños,35,5.0
EXT-102332,2026-06-03,PedidosYa,TACU TACU CON MARISCOS,1,40.7,25,Namora,48,4.0
EXT-102333,2026-07-20,Rappi,Chicharrón de Pescado,1,33.0,18,Cajamarca,33,4.0
EXT-102334,2026-02-10,PedidosYa,LECHE DE TIGRE ESPECIAL,1,26.4,25,Cajamarca,39,2.0
EXT-102335,2026-04-02,PedidosYa,CHICHARRÓN DE CALAMAR,2,70.4,25,Cajamarca,44,4.0
EXT-102336,2026-09-27,Rappi,Leche de Tigre,1,19.8,18,Cajamarca,40,4.0
EXT-102337,2026-03-02,Rappi,Saltado de Mariscos,3,118.8,20,Cajamarca,29,4.0
EXT-102338,2026-04-08,PedidosYa,Cebiche Vegetariano,1,26.4,22,Baños del Inca,40,4.0
EXT-102339,2026-03-01,PedidosYa,Ceviche Clásico,3,92.4,22,Cajamarca,23,5.0
EXT-102340,2026-08-07,PedidosYa,Tacu Tacu con Mariscos,1,40.7,22,Cajamarca,47,1.0
EXT-102341,2026-03-05,Rappi,Leche de Tigre Especial,1,26.4,20,Baños del Inca,33,5.0
EXT-102342,2026-09-21,Rappi,Parihuela,1,46.2,18,Cajamarca,41,4.0
EXT-102343,2026-06-16,PedidosYa,tacu tacu con mariscos,1,40.7,22,Cajamarca,38,4.0
EXT-102344,2026-01-04,PedidosYa,Cebiche de Camarón,1,41.8,25,Cajamarca,38,4.0
EXT-102345,2026-01-26,Rappi,ceviche de conchas negras,1,46.2,18,Cajamarca,40,4.0
EXT-102346,2026-08-14,Rappi,Arroz Chaufa de Mariscos,2,70.4,20,Cajamarca,41,
EXT-102347,2026-01-06,PedidosYa,JALEA MIXTA,2,99.0,25,Baños del Inca,38,5.0
EXT-102348,2026-06-26,Rappi,Chicharrón de Pescado,3,99.0,18,Cajamarca,28,
EXT-102349,2026-08-11,Rappi,ARROZ NEGRO,1,39.6,20,Cajamarca,35,5.0
EXT-102350,2026-06-09,PedidosYa,Chicharrón de Pescado,1,33.0,22,Cajamarca,28,
EXT-102351,2026-07-17,PedidosYa,ceviche mixto,3,112.2,22,Namora,25,4.0
EXT-102352,2026-09-16,Rappi,sopa chilcano de pescado,3,82.5,20,Cajamarca,40,4.0
EXT-102353,2026-09-15,Rappi,Ceviche Mixto,2,74.8,20,San Juan,30,5.0
EXT-102354,2026-03-02,Rappi,Ceviche de Camarón,2,83.6,20,Llacanora,47,5.0
EXT-102355,2026-01-07,Rappi,Leche de Tigre,3,59.4,18,Cajamarca,32,4.0
EXT-102356,2026-05-15,PedidosYa,Sopa Chilcano de Pescado,1,27.5,25,Cajamarca,35,3.0
EXT-102357,2026-04-27,Rappi,ARROZ CON MARISCOS,1,38.5,20,Llacanora,27,
EXT-102358,2026-07-05,PedidosYa,ceviche mixto,1,37.4,22,Cajamarca,27,
EXT-102359,2026-05-18,Rappi,TACU TACU CON MARISCOS,2,81.4,20,Los Baños,43,4.0
EXT-102360,2026-07-16,PedidosYa,Pescado a lo Macho,2,96.8,22,Los Baños,47,4.0
EXT-102361,2026-08-30,Rappi,Ceviche Mixto,1,37.4,18,Baños del Inca,30,4.0
EXT-102362,2026-05-21,PedidosYa,Chaufa de Pescado,1,30.8,22,San Juan,33,3.0
EXT-102363,2026-01-05,PedidosYa,Leche de Tigre,1,19.8,22,Cajamarca,35,3.0
EXT-102364,2026-02-17,PedidosYa,Filete a la Chorrillana,2,83.6,25,Cajamarca,33,
EXT-102365,2026-04-26,PedidosYa,Cebiche Vegetariano,3,79.2,25,Cajamarca,14,5.0
EXT-102366,2026-02-23,Rappi,Cebiche Mixto,3,112.2,18,Cajamarca,27,5.0
EXT-102367,2026-08-05,Rappi,Tiradito Nikkei,1,39.6,20,Cajamarca,25,4.0
EXT-102368,2026-08-10,PedidosYa,CEVICHE DE POTA,1,24.2,22,Cajamarca,24,5.0
EXT-102369,2026-02-23,Rappi,FILETE A LA CHORRILLANA,2,83.6,20,Cajamarca,37,5.0
EXT-102370,2026-06-18,PedidosYa,Filete a la Chorrillana,1,41.8,22,Cajamarca,39,3.0
EXT-102371,2026-01-07,Rappi,Arroz con Pato Marino,1,36.3,18,Cajamarca,27,1.0
EXT-102372,2026-02-17,PedidosYa,Sudado de Pescado,1,37.4,22,Baños del Inca,43,4.0
EXT-102373,2026-05-25,Rappi,Ceviche Carretillero,1,33.0,18,Namora,37,
EXT-102374,2026-09-17,PedidosYa,TIRADITO NIKKEI,3,118.8,25,Cajamarca,49,5.0
EXT-102375,2026-07-22,PedidosYa,TIRADITO NIKKEI,1,39.6,25,Baños del Inca,48,5.0
EXT-102376,2026-02-15,PedidosYa,arroz negro,1,39.6,25,Baños del Inca,50,5.0
EXT-102377,2026-03-15,Rappi,Arroz Chaufa de Mariscos,1,35.2,20,Cajamarca,45,5.0
EXT-102378,2026-01-13,PedidosYa,Ceviche Mixto,2,74.8,25,Cajamarca,32,5.0
EXT-102379,2026-08-02,PedidosYa,Chaufa de Pescado,1,30.8,25,Los Baños,37,3.0
EXT-102380,2026-04-11,Rappi,Filete a la Chorrillana,1,41.8,20,Cajamarca,31,4.0
EXT-102381,2026-05-12,PedidosYa,ARROZ CHAUFA DE MARISCOS,1,35.2,22,Cajamarca,39,4.0
EXT-102382,2026-05-21,Rappi,Ceviche de Conchas Negras,1,46.2,20,Cajamarca,45,5.0
EXT-102383,2026-09-12,Rappi,PARIHUELA,2,92.4,18,Cajamarca,45,3.0
EXT-102384,2026-07-21,PedidosYa,ceviche mixto,2,74.8,22,Los Baños,30,1.0
EXT-102385,2026-02-13,PedidosYa,Ceviche de Conchas Negras,3,138.6,22,Cajamarca,40,4.0
EXT-102386,2026-01-15,PedidosYa,CEVICHE DE CAMARÓN,1,41.8,22,Cajamarca,37,5.0
EXT-102387,2026-06-26,PedidosYa,Leche de Tigre,2,39.6,22,Baños del Inca,37,2.0
EXT-102388,2026-06-30,Rappi,JALEA MIXTA,1,49.5,18,Cajamarca,32,4.0
EXT-102389,2026-02-15,PedidosYa,Ceviche Mixto,2,74.8,22,Cajamarca,27,4.0
EXT-102390,2026-07-14,PedidosYa,Ceviche de Pota,1,24.2,25,Llacanora,35,
EXT-102391,2026-08-06,PedidosYa,Filete a la Chorrillana,3,125.4,25,Cajamarca,44,
EXT-102392,2026-04-13,PedidosYa,CEVICHE DE CONCHAS NEGRAS,2,92.4,25,Cajamarca,52,4.0
EXT-102393,2026-01-16,Rappi,CEVICHE MIXTO,1,37.4,18,Baños del Inca,39,5.0
EXT-102394,2026-02-16,PedidosYa,LECHE DE TIGRE ESPECIAL,2,52.8,22,Cajamarca,40,1.0
EXT-102395,2026-08-07,Rappi,Cebiche Mixto,1,37.4,20,Cajamarca,40,2.0
EXT-102396,2026-08-31,Rappi,Ceviche Mixto,1,37.4,18,Los Baños,46,5.0
EXT-102397,2026-02-27,PedidosYa,Cebiche Vegetariano,1,26.4,25,Baños del Inca,32,
EXT-102398,2026-01-31,PedidosYa,Ceviche Mixto,1,37.4,25,Cajamarca,48,4.0
EXT-102399,2026-03-26,PedidosYa,ceviche mixto,1,37.4,25,Baños del Inca,27,4.0
EXT-102400,2026-09-08,Rappi,Sudado de Pescado,1,37.4,18,Cajamarca,50,
EXT-102401,2026-07-29,PedidosYa,LECHE DE TIGRE ESPECIAL,2,52.8,25,Cajamarca,43,5.0
EXT-102402,2026-09-22,Rappi,ceviche de conchas negras,1,46.2,20,Cajamarca,37,4.0
EXT-102403,2026-04-12,Rappi,Cebiche de Pota,1,24.2,20,Baños del Inca,43,5.0
EXT-102404,2026-04-06,PedidosYa,Sudado de Pescado,2,74.8,22,Llacanora,30,4.0
EXT-102405,2026-04-22,PedidosYa,Tiradito Nikkei,1,39.6,22,Los Baños,38,4.0
EXT-102406,2026-01-23,PedidosYa,Jalea Mixta,1,49.5,25,Baños del Inca,29,4.0
EXT-102407,2026-04-28,PedidosYa,Leche de Pantera,2,57.2,25,Cajamarca,39,5.0
EXT-102408,2026-02-15,Rappi,Chicharrón de Pescado,1,33.0,18,Baños del Inca,15,5.0
EXT-102409,2026-02-09,Rappi,Sudado de Pescado,1,37.4,18,Cajamarca,51,5.0
EXT-102410,2026-03-21,PedidosYa,CHAUFA DE PESCADO,1,30.8,25,Cajamarca,34,4.0
EXT-102411,2026-06-26,Rappi,Ceviche de Camarón,1,41.8,18,Baños del Inca,31,2.0
EXT-102412,2026-02-12,Rappi,CEVICHE MIXTO,1,37.4,18,Cajamarca,24,3.0
EXT-102413,2026-05-13,PedidosYa,CHICHARRÓN DE PESCADO,1,33.0,25,Baños del Inca,26,5.0
EXT-102414,2026-08-08,Rappi,Ceviche Carretillero,1,33.0,18,Cajamarca,28,5.0
EXT-102415,2026-07-04,PedidosYa,Leche de Tigre,1,19.8,22,Cajamarca,34,4.0
EXT-102416,2026-02-25,PedidosYa,Ceviche de Camarón,1,41.8,25,Cajamarca,40,5.0
EXT-102417,2026-05-31,Rappi,Cebiche Carretillero,2,66.0,18,San Juan,31,1.0
EXT-102418,2026-07-20,Rappi,CEVICHE DE CONCHAS NEGRAS,1,46.2,20,Cajamarca,27,5.0
EXT-102419,2026-01-28,PedidosYa,SOPA CHILCANO DE PESCADO,2,55.0,25,Cajamarca,30,5.0
EXT-102420,2026-03-17,Rappi,Chicharron de Calamar,1,35.2,18,Cajamarca,17,4.0
EXT-102421,2026-02-16,Rappi,Cebiche Vegetariano,2,52.8,18,Cajamarca,39,
EXT-102422,2026-01-29,PedidosYa,Tiradito Nikkei,2,79.2,22,Cajamarca,35,4.0
EXT-102423,2026-09-19,PedidosYa,chicharrón de calamar,2,70.4,22,Cajamarca,31,3.0
EXT-102424,2026-09-06,PedidosYa,LECHE DE TIGRE,3,59.4,25,San Juan,37,5.0
EXT-102425,2026-03-16,Rappi,Ceviche Mixto,1,37.4,20,Cajamarca,44,4.0
EXT-102426,2026-07-11,PedidosYa,Chaufa de Pescado,2,61.6,25,Cajamarca,38,5.0
EXT-102427,2026-01-02,PedidosYa,Cebiche Vegetariano,3,79.2,22,Cajamarca,55,
EXT-102428,2026-03-27,PedidosYa,Tiradito Nikkei,2,79.2,22,Cajamarca,26,5.0
EXT-102429,2026-09-07,Rappi,TIRADITO NIKKEI,1,39.6,20,Cajamarca,36,4.0
EXT-102430,2026-08-08,PedidosYa,ceviche de conchas negras,1,46.2,22,Los Baños,38,
EXT-102431,2026-03-07,Rappi,tiradito nikkei,1,39.6,20,Cajamarca,25,
EXT-102432,2026-07-22,PedidosYa,Ceviche de Camaron,1,41.8,25,Cajamarca,26,5.0
EXT-102433,2026-02-19,PedidosYa,Cebiche de Camarón,1,41.8,22,Cajamarca,30,4.0
EXT-102434,2026-05-31,PedidosYa,Tiradito Nikkei,1,39.6,22,Los Baños,41,
EXT-102435,2026-07-19,PedidosYa,Leche de Tigre,3,59.4,25,Cajamarca,27,4.0
EXT-102436,2026-03-23,Rappi,ARROZ CON PATO MARINO,1,36.3,18,Los Baños,37,5.0
EXT-102437,2026-04-25,PedidosYa,Chaufa de Pescado,1,30.8,22,Cajamarca,38,4.0
EXT-102438,2026-01-05,PedidosYa,sudado de pescado,1,37.4,22,Cajamarca,43,3.0
EXT-102439,2026-07-02,PedidosYa,CHAUFA DE PESCADO,1,30.8,22,Cajamarca,26,5.0
EXT-102440,2026-03-20,PedidosYa,Cebiche Vegetariano,2,52.8,22,Cajamarca,48,3.0
EXT-102441,2026-05-06,PedidosYa,Sudado de Pescado,1,37.4,25,Cajamarca,30,5.0
EXT-102442,2026-01-04,Rappi,Sudado de Pescado,1,37.4,18,Namora,36,4.0
EXT-102443,2026-02-13,PedidosYa,Cebiche Carretillero,2,66.0,22,Cajamarca,26,5.0
EXT-102444,2026-02-26,Rappi,Ceviche Mixto,3,112.2,18,Cajamarca,31,3.0
EXT-102445,2026-03-19,PedidosYa,arroz negro,1,39.6,22,Llacanora,49,4.0
EXT-102446,2026-01-31,Rappi,tacu tacu con mariscos,1,40.7,18,Cajamarca,12,3.0
EXT-102447,2026-09-25,PedidosYa,Tiradito Nikkei,2,79.2,25,Cajamarca,41,4.0
EXT-102448,2026-08-13,PedidosYa,Ceviche de Camarón,1,41.8,22,Cajamarca,30,5.0
EXT-102449,2026-08-27,Rappi,Tacu Tacu con Mariscos,1,40.7,18,Cajamarca,35,4.0
EXT-102450,2026-03-08,PedidosYa,Tiradito Nikkei,2,79.2,25,Cajamarca,25,3.0
EXT-102451,2026-09-17,Rappi,CEVICHE CARRETILLERO,2,66.0,18,Cajamarca,29,5.0
EXT-102452,2026-02-06,Rappi,Cebiche Vegetariano,2,52.8,18,Cajamarca,25,3.0
EXT-102453,2026-01-09,PedidosYa,Cebiche Vegetariano,1,26.4,22,Baños del Inca,41,3.0
EXT-102454,2026-03-07,Rappi,Saltado de Mariscos,1,39.6,20,Cajamarca,37,3.0
EXT-102455,2026-05-05,Rappi,Chicharron de Pescado,2,66.0,20,Cajamarca,33,
EXT-102456,2026-04-08,PedidosYa,ARROZ CON MARISCOS,1,38.5,22,Cajamarca,31,
EXT-102457,2026-05-17,Rappi,leche de pantera,2,57.2,18,Cajamarca,22,5.0
EXT-102458,2026-01-06,Rappi,Ceviche de Conchas Negras,2,92.4,20,Cajamarca,52,4.0
EXT-102459,2026-03-20,PedidosYa,Arroz Chaufa de Mariscos,1,35.2,25,Baños del Inca,34,3.0
EXT-102460,2026-03-21,Rappi,Chicharron de Calamar,2,70.4,20,Cajamarca,35,2.0
EXT-102461,2026-02-10,PedidosYa,Ceviche Carretillero,1,33.0,25,Cajamarca,16,1.0
EXT-102462,2026-04-10,PedidosYa,CEVICHE DE POTA,2,48.4,22,Cajamarca,29,4.0
EXT-102463,2026-01-03,Rappi,Sopa Chilcano de Pescado,3,,18,San Juan,38,5.0
EXT-102464,2026-04-05,Rappi,ceviche clásico,1,30.8,20,Cajamarca,50,5.0
EXT-102465,2026-06-16,Rappi,Parihuela,1,46.2,18,Baños del Inca,22,5.0
EXT-102466,2026-04-02,PedidosYa,Tiradito Nikkei,3,118.8,25,Baños del Inca,24,5.0
EXT-102467,2026-08-01,PedidosYa,Arroz Chaufa de Mariscos,1,35.2,22,Baños del Inca,29,4.0
EXT-102468,2026-03-26,PedidosYa,Parihuela,2,92.4,22,Baños del Inca,26,4.0
EXT-102469,2026-04-23,Rappi,Ceviche de Camarón,2,83.6,20,Cajamarca,27,4.0
EXT-102470,2026-05-27,Rappi,tiradito nikkei,1,39.6,18,Namora,37,3.0
EXT-102471,2026-09-22,Rappi,Cebiche Clásico,2,61.6,20,Baños del Inca,33,3.0
EXT-102472,2026-08-23,Rappi,Tacu Tacu con Mariscos,1,40.7,18,Cajamarca,35,
EXT-102473,2026-09-24,Rappi,Chicharrón de Calamar,1,35.2,18,Baños del Inca,32,
EXT-102474,2026-08-04,PedidosYa,Arroz con Mariscos,1,38.5,22,Cajamarca,22,4.0
EXT-102475,2026-04-20,Rappi,Ceviche Mixto,1,37.4,20,Cajamarca,50,5.0
EXT-102476,2026-02-09,Rappi,Tiradito Nikkei,1,39.6,18,San Juan,20,5.0
EXT-102477,2026-06-28,Rappi,Tacu Tacu con Mariscos,2,81.4,18,Cajamarca,22,
EXT-102478,2026-03-07,PedidosYa,FILETE A LA CHORRILLANA,1,41.8,22,Cajamarca,38,3.0
EXT-102479,2026-05-21,PedidosYa,Tiradito Nikkei,3,118.8,22,Cajamarca,46,3.0
EXT-102480,2026-09-27,PedidosYa,Ceviche Clasico,1,30.8,22,Baños del Inca,37,
EXT-102481,2026-03-17,Rappi,Chicharrón de Calamar,1,35.2,18,Cajamarca,33,5.0
EXT-102482,2026-08-04,PedidosYa,chaufa de pescado,1,30.8,22,Llacanora,46,4.0
EXT-102483,2026-04-10,Rappi,leche de tigre especial,1,26.4,20,Llacanora,34,2.0
EXT-102484,2026-03-14,PedidosYa,Ceviche Vegetariano,3,79.2,22,Baños del Inca,38,5.0
EXT-102485,2026-08-18,Rappi,tiradito nikkei,2,79.2,18,Cajamarca,28,
EXT-102486,2026-07-13,PedidosYa,Ceviche Clásico,1,30.8,25,Baños del Inca,26,5.0
EXT-102487,2026-01-22,PedidosYa,leche de pantera,1,28.6,22,Cajamarca,35,3.0
EXT-102488,2026-08-01,Rappi,Saltado de Mariscos,1,39.6,20,Cajamarca,30,4.0
EXT-102489,2026-04-21,PedidosYa,Ceviche de Camarón,2,83.6,25,Cajamarca,36,5.0
EXT-102490,2026-06-15,Rappi,Arroz Negro,1,39.6,18,Baños del Inca,39,5.0
EXT-102491,2026-02-02,PedidosYa,Sopa Chilcano de Pescado,1,27.5,22,Cajamarca,35,4.0
EXT-102492,2026-03-14,Rappi,ceviche de camarón,3,125.4,20,Baños del Inca,34,5.0
EXT-102493,2026-04-04,Rappi,ceviche carretillero,1,33.0,18,Cajamarca,43,4.0
EXT-102494,2026-07-05,Rappi,Ceviche Clásico,3,92.4,18,Cajamarca,34,5.0
EXT-102495,2026-04-29,PedidosYa,ceviche de conchas negras,1,46.2,25,Cajamarca,33,4.0
EXT-102496,2026-08-25,PedidosYa,Pescado a lo Macho,2,96.8,25,Cajamarca,31,3.0
EXT-102497,2026-02-16,Rappi,CEVICHE CLÁSICO,1,30.8,20,Los Baños,36,
EXT-102498,2026-04-15,PedidosYa,JALEA MIXTA,2,99.0,22,Cajamarca,16,4.0
EXT-102499,2026-02-17,Rappi,Ceviche Mixto,1,37.4,18,Cajamarca,32,4.0
EXT-102500,2026-01-03,PedidosYa,Chicharrón de Calamar,2,70.4,22,Cajamarca,31,3.0
EXT-102501,2026-09-22,PedidosYa,Chicharrón de Calamar,1,35.2,22,Cajamarca,39,5.0
EXT-102502,2026-07-06,Rappi,CHAUFA DE PESCADO,2,61.6,20,Cajamarca,36,4.0
EXT-102503,2026-01-29,PedidosYa,Filete a la Chorrillana,1,41.8,25,Cajamarca,34,4.0
EXT-102504,2026-08-18,PedidosYa,ARROZ CON MARISCOS,1,38.5,25,Cajamarca,34,5.0
EXT-102505,2026-07-16,PedidosYa,CHICHARRÓN DE CALAMAR,1,35.2,22,Cajamarca,43,5.0
EXT-102506,2026-06-23,PedidosYa,Cebiche Carretillero,1,33.0,22,Cajamarca,35,4.0
EXT-102507,2026-02-04,Rappi,Jalea Mixta,1,49.5,18,Cajamarca,31,1.0
EXT-102508,2026-04-02,Rappi,LECHE DE PANTERA,1,28.6,20,Baños del Inca,48,1.0
EXT-102509,2026-05-28,Rappi,chicharrón de pescado,1,33.0,18,Baños del Inca,29,5.0
EXT-102510,2026-08-05,Rappi,CEVICHE DE POTA,1,24.2,20,Cajamarca,32,4.0
EXT-102511,2026-09-24,Rappi,Tiradito Nikkei,1,39.6,20,Cajamarca,36,
EXT-102512,2026-07-18,Rappi,Parihuela,1,46.2,20,Cajamarca,38,4.0
EXT-102513,2026-01-25,PedidosYa,Tiradito Nikkei,1,39.6,22,Los Baños,24,5.0
EXT-102514,2026-09-21,Rappi,CEVICHE DE POTA,3,72.6,20,Cajamarca,36,
EXT-102515,2026-02-28,PedidosYa,ceviche de pota,1,24.2,25,Cajamarca,36,4.0
EXT-102516,2026-05-21,PedidosYa,ceviche de pota,1,24.2,22,Baños del Inca,23,3.0
EXT-102517,2026-09-12,PedidosYa,Ceviche Vegetariano,1,26.4,25,Cajamarca,36,5.0
EXT-102518,2026-01-03,PedidosYa,Chaufa de Pescado,2,61.6,25,Los Baños,40,5.0
EXT-102519,2026-04-11,Rappi,TIRADITO NIKKEI,1,39.6,18,Cajamarca,28,3.0
EXT-102520,2026-08-25,Rappi,Cebiche de Pota,1,24.2,20,Cajamarca,35,3.0
EXT-102521,2026-01-12,PedidosYa,CHICHARRÓN DE PESCADO,1,33.0,22,Cajamarca,32,5.0
EXT-102522,2026-05-22,PedidosYa,arroz negro,1,39.6,22,Cajamarca,33,5.0
EXT-102523,2026-01-22,PedidosYa,Tiradito Nikkei,2,79.2,25,Cajamarca,25,4.0
EXT-102524,2026-01-06,PedidosYa,leche de pantera,1,28.6,25,Baños del Inca,33,5.0
EXT-102525,2026-03-04,Rappi,Saltado de Mariscos,2,,20,Los Baños,20,
EXT-102526,2026-04-18,PedidosYa,FILETE A LA CHORRILLANA,1,41.8,22,Cajamarca,47,5.0
EXT-102527,2026-03-21,Rappi,CEVICHE VEGETARIANO,1,26.4,20,Cajamarca,19,4.0
EXT-102528,2026-07-03,PedidosYa,Cebiche de Camarón,1,41.8,22,Cajamarca,48,4.0
EXT-102529,2026-03-09,Rappi,Tiradito Nikkei,2,79.2,18,Cajamarca,37,4.0
EXT-102530,2026-01-25,Rappi,Ceviche Clásico,1,30.8,18,Cajamarca,33,
EXT-102531,2026-09-03,Rappi,CEVICHE CARRETILLERO,1,33.0,18,Baños del Inca,28,4.0
EXT-102532,2026-04-08,PedidosYa,CEVICHE VEGETARIANO,1,26.4,22,Llacanora,33,4.0
EXT-102533,2026-09-12,Rappi,Arroz Negro,2,79.2,18,Cajamarca,43,3.0
EXT-102534,2026-08-24,PedidosYa,filete a la chorrillana,1,41.8,25,Cajamarca,31,2.0
EXT-102535,2026-03-22,Rappi,Filete a la Chorrillana,1,41.8,20,Cajamarca,33,5.0
EXT-102536,2026-07-23,PedidosYa,Ceviche Clásico,2,61.6,25,Cajamarca,21,4.0
EXT-102537,2026-01-31,PedidosYa,Parihuela,1,46.2,25,Cajamarca,30,
EXT-102538,2026-08-13,PedidosYa,CEVICHE CARRETILLERO,1,33.0,22,Baños del Inca,37,1.0
EXT-102539,2026-09-06,Rappi,CEVICHE DE CONCHAS NEGRAS,1,46.2,18,Cajamarca,41,4.0
EXT-102540,2026-03-04,PedidosYa,Ceviche Carretillero,1,33.0,22,Baños del Inca,42,5.0
EXT-102541,2026-07-19,PedidosYa,Ceviche Carretillero,1,33.0,22,Cajamarca,39,5.0
EXT-102542,2026-01-30,Rappi,ceviche carretillero,1,33.0,20,Cajamarca,33,5.0
EXT-102543,2026-02-28,PedidosYa,Sudado de Pescado,1,37.4,22,Baños del Inca,36,5.0
EXT-102544,2026-05-31,PedidosYa,Arroz con Mariscos,1,38.5,25,Cajamarca,38,5.0
EXT-102545,2026-06-13,Rappi,Arroz con Mariscos,1,38.5,20,Baños del Inca,37,4.0
EXT-102546,2026-09-07,PedidosYa,Sudado de Pescado,1,37.4,25,Baños del Inca,55,5.0
EXT-102547,2026-03-29,Rappi,Sudado de Pescado,1,37.4,18,Cajamarca,29,5.0
EXT-102548,2026-08-29,PedidosYa,Tiradito Nikkei,1,39.6,22,Cajamarca,39,4.0
EXT-102549,2026-04-19,PedidosYa,CEVICHE CARRETILLERO,1,33.0,22,Cajamarca,29,5.0
EXT-102550,2026-09-13,Rappi,CEVICHE CLÁSICO,1,30.8,20,Cajamarca,39,2.0
EXT-102551,2026-07-23,PedidosYa,Jalea Mixta,3,148.5,22,Cajamarca,38,5.0
EXT-102552,2026-08-08,PedidosYa,tiradito nikkei,3,118.8,22,Cajamarca,33,4.0
EXT-102553,2026-04-08,PedidosYa,ARROZ CHAUFA DE MARISCOS,1,35.2,25,Los Baños,14,4.0
EXT-102554,2026-05-09,PedidosYa,Ceviche Mixto,1,37.4,22,Cajamarca,50,5.0
EXT-102555,2026-01-25,PedidosYa,Cebiche Vegetariano,1,26.4,25,Baños del Inca,41,3.0
EXT-102556,2026-01-12,PedidosYa,Cebiche de Camarón,2,83.6,22,Los Baños,28,4.0
EXT-102557,2026-03-23,PedidosYa,Ceviche de Camaron,1,41.8,22,Cajamarca,40,
EXT-102558,2026-07-18,PedidosYa,Cebiche Vegetariano,1,26.4,25,Cajamarca,27,3.0
EXT-102559,2026-01-23,PedidosYa,Ceviche Carretillero,1,33.0,22,Namora,26,5.0
EXT-102560,2026-06-13,PedidosYa,Ceviche de Conchas Negras,2,92.4,25,Cajamarca,23,5.0
EXT-102561,2026-05-16,PedidosYa,Cebiche Mixto,1,37.4,25,Cajamarca,20,4.0
EXT-102562,2026-05-03,PedidosYa,Leche de Tigre,2,39.6,22,Baños del Inca,33,4.0
EXT-102563,2026-04-13,PedidosYa,ceviche vegetariano,1,26.4,25,Baños del Inca,33,4.0
EXT-102564,2026-03-19,Rappi,CEVICHE CARRETILLERO,2,66.0,20,Cajamarca,39,5.0
EXT-102565,2026-05-30,PedidosYa,Ceviche de Conchas Negras,3,138.6,25,Baños del Inca,47,
EXT-102566,2026-08-22,PedidosYa,CEVICHE DE POTA,2,48.4,22,Cajamarca,17,1.0
EXT-102567,2026-06-22,PedidosYa,Tacu Tacu con Mariscos,1,40.7,25,Baños del Inca,32,4.0
EXT-102568,2026-08-23,PedidosYa,tiradito nikkei,1,39.6,25,Namora,45,1.0
EXT-102569,2026-06-07,PedidosYa,arroz negro,1,39.6,25,Cajamarca,49,4.0
EXT-102570,2026-05-13,Rappi,Chicharrón de Calamar,1,35.2,20,Cajamarca,31,1.0
EXT-102571,2026-09-23,PedidosYa,Jalea Mixta,2,99.0,25,Baños del Inca,19,4.0
EXT-102572,2026-09-10,PedidosYa,Leche de Tigre Especial,2,52.8,25,Baños del Inca,33,4.0
EXT-102573,2026-07-12,PedidosYa,tiradito nikkei,1,39.6,25,Cajamarca,37,4.0
EXT-102574,2026-06-23,Rappi,Leche de Pantera,1,28.6,18,Cajamarca,22,3.0
EXT-102575,2026-06-30,PedidosYa,tacu tacu con mariscos,1,40.7,22,Baños del Inca,48,1.0
EXT-102576,2026-06-20,PedidosYa,Arroz Chaufa de Mariscos,1,35.2,22,Cajamarca,27,3.0
EXT-102577,2026-02-28,Rappi,Parihuela,1,46.2,20,Baños del Inca,21,5.0
EXT-102578,2026-08-03,Rappi,Ceviche Vegetariano,1,26.4,20,Cajamarca,38,
EXT-102579,2026-07-24,Rappi,ARROZ CON PATO MARINO,3,108.9,20,Los Baños,37,5.0
EXT-102580,2026-06-06,Rappi,Arroz Chaufa de Mariscos,1,35.2,18,Cajamarca,27,1.0
EXT-102581,2026-05-17,PedidosYa,Ceviche Mixto,1,37.4,22,Cajamarca,38,4.0
EXT-102582,2026-05-25,Rappi,ceviche vegetariano,1,26.4,18,Cajamarca,25,5.0
EXT-102583,2026-07-09,PedidosYa,Cebiche Vegetariano,2,52.8,25,Cajamarca,38,4.0
EXT-102584,2026-06-03,Rappi,Ceviche Carretillero,1,33.0,18,Los Baños,23,4.0
EXT-102585,2026-03-19,Rappi,chicharrón de calamar,1,35.2,20,Cajamarca,40,
EXT-102586,2026-04-11,Rappi,Tacu Tacu con Mariscos,1,40.7,20,San Juan,37,2.0
EXT-102587,2026-07-18,Rappi,Ceviche Clásico,1,30.8,18,Cajamarca,41,5.0
EXT-102588,2026-04-28,PedidosYa,Jalea Mixta,1,49.5,22,Cajamarca,26,4.0
EXT-102589,2026-06-19,PedidosYa,chaufa de pescado,1,30.8,22,Cajamarca,50,4.0
EXT-102590,2026-03-02,PedidosYa,pescado a lo macho,1,48.4,22,Baños del Inca,44,
EXT-102591,2026-09-09,PedidosYa,Filete a la Chorrillana,1,41.8,22,Cajamarca,35,
EXT-102592,2026-03-17,PedidosYa,Cebiche Mixto,1,,25,Cajamarca,34,5.0
EXT-102593,2026-07-26,PedidosYa,JALEA MIXTA,1,49.5,25,Llacanora,33,5.0
EXT-102594,2026-06-26,PedidosYa,CEVICHE MIXTO,1,37.4,25,Cajamarca,29,5.0
EXT-102595,2026-05-02,PedidosYa,Ceviche de Pota,1,24.2,25,Baños del Inca,29,4.0
EXT-102596,2026-07-22,PedidosYa,Sopa Chilcano de Pescado,1,27.5,22,Baños del Inca,42,4.0
EXT-102597,2026-03-23,Rappi,ARROZ CHAUFA DE MARISCOS,1,35.2,18,Cajamarca,33,1.0
EXT-102598,2026-01-10,PedidosYa,Cebiche Carretillero,1,33.0,22,Cajamarca,30,4.0
EXT-102599,2026-04-14,Rappi,Ceviche Mixto,1,37.4,18,Cajamarca,26,4.0
EXT-102600,2026-04-04,PedidosYa,Tiradito Nikkei,1,39.6,22,Cajamarca,30,5.0
EXT-102601,2026-03-14,Rappi,Tacu Tacu con Mariscos,1,40.7,20,Cajamarca,35,5.0
EXT-102602,2026-08-04,PedidosYa,Filete a la Chorrillana,1,41.8,25,Cajamarca,33,4.0
EXT-102603,2026-04-30,Rappi,Tiradito Nikkei,1,39.6,18,Cajamarca,23,3.0
EXT-102604,2026-09-14,PedidosYa,Pescado a lo Macho,1,48.4,25,Baños del Inca,30,4.0
EXT-102605,2026-04-10,Rappi,Leche de Tigre Especial,1,26.4,20,Baños del Inca,37,
EXT-102606,2026-09-19,PedidosYa,arroz negro,3,118.8,22,Baños del Inca,38,
EXT-102607,2026-05-12,PedidosYa,Ceviche Carretillero,2,66.0,25,Los Baños,32,5.0
EXT-102608,2026-08-30,PedidosYa,ARROZ CHAUFA DE MARISCOS,1,35.2,22,Cajamarca,38,4.0
EXT-102609,2026-02-26,PedidosYa,Ceviche Mixto,1,37.4,25,Cajamarca,35,5.0
EXT-102610,2026-04-08,PedidosYa,ceviche carretillero,3,99.0,25,Cajamarca,41,2.0
EXT-102611,2026-05-07,Rappi,Filete a la Chorrillana,1,41.8,18,Cajamarca,37,5.0
EXT-102612,2026-08-01,Rappi,CEVICHE DE POTA,1,24.2,20,Baños del Inca,31,2.0
EXT-102613,2026-07-12,PedidosYa,CHICHARRÓN DE CALAMAR,1,35.2,22,Cajamarca,31,3.0
EXT-102614,2026-05-16,Rappi,tiradito nikkei,1,39.6,18,Cajamarca,33,4.0
EXT-102615,2026-02-07,Rappi,ARROZ CON MARISCOS,1,38.5,18,Cajamarca,22,
EXT-102616,2026-05-25,Rappi,CEVICHE CARRETILLERO,3,99.0,18,Cajamarca,30,3.0
EXT-102617,2026-08-27,PedidosYa,Parihuela,1,46.2,22,Baños del Inca,39,4.0
EXT-102618,2026-04-11,Rappi,Ceviche de Pota,2,48.4,18,Cajamarca,13,5.0
EXT-102619,2026-08-29,PedidosYa,saltado de mariscos,1,39.6,22,Cajamarca,27,4.0
EXT-102620,2026-04-21,PedidosYa,Leche de Pantera,1,28.6,25,Cajamarca,42,
EXT-102621,2026-06-09,PedidosYa,tiradito nikkei,3,118.8,22,Cajamarca,21,5.0
EXT-102622,2026-05-15,PedidosYa,Filete a la Chorrillana,3,125.4,25,Cajamarca,48,5.0
EXT-102623,2026-04-01,PedidosYa,Ceviche Clásico,1,30.8,22,Baños del Inca,42,4.0
EXT-102624,2026-02-12,PedidosYa,Cebiche Vegetariano,1,26.4,22,Cajamarca,42,3.0
EXT-102625,2026-04-30,Rappi,Chicharrón de Calamar,1,35.2,20,Namora,31,3.0
EXT-102626,2026-05-14,Rappi,Cebiche Clásico,1,30.8,20,Llacanora,51,4.0
EXT-102627,2026-08-25,PedidosYa,pescado a lo macho,1,48.4,22,Cajamarca,30,3.0
EXT-102628,2026-06-08,PedidosYa,arroz con pato marino,1,36.3,22,Baños del Inca,30,3.0
EXT-102629,2026-06-21,PedidosYa,TIRADITO NIKKEI,1,39.6,22,Cajamarca,35,4.0
EXT-102630,2026-08-08,PedidosYa,Cebiche de Camarón,1,41.8,22,Cajamarca,34,
EXT-102631,2026-07-02,PedidosYa,ARROZ CHAUFA DE MARISCOS,1,35.2,22,Cajamarca,35,5.0
EXT-102632,2026-08-31,Rappi,Ceviche de Conchas Negras,1,46.2,18,Cajamarca,31,
EXT-102633,2026-08-16,Rappi,leche de tigre,2,39.6,20,Cajamarca,35,4.0
EXT-102634,2026-04-06,PedidosYa,Leche de Tigre Especial,3,79.2,22,Los Baños,41,4.0
EXT-102635,2026-05-14,Rappi,Arroz Negro,2,79.2,20,Los Baños,22,2.0
EXT-102636,2026-09-05,PedidosYa,Arroz Chaufa de Mariscos,1,35.2,22,Cajamarca,22,5.0
EXT-102637,2026-03-08,Rappi,Arroz con Mariscos,1,38.5,20,Cajamarca,31,4.0
EXT-102638,2026-01-31,Rappi,tiradito nikkei,2,79.2,20,Cajamarca,16,4.0
EXT-102639,2026-03-18,Rappi,Cebiche Vegetariano,1,26.4,20,Cajamarca,37,2.0
EXT-102640,2026-04-27,PedidosYa,chicharrón de pescado,2,66.0,22,Cajamarca,29,4.0
EXT-102641,2026-03-04,PedidosYa,Chicharron de Pescado,1,33.0,22,Baños del Inca,18,3.0
EXT-102642,2026-02-03,PedidosYa,Ceviche de Pota,1,24.2,25,Cajamarca,42,5.0
EXT-102643,2026-08-25,Rappi,ceviche vegetariano,1,26.4,20,Cajamarca,22,3.0
EXT-102644,2026-02-24,PedidosYa,Tiradito Nikkei,2,79.2,22,Cajamarca,38,5.0
EXT-102645,2026-08-29,PedidosYa,Cebiche de Conchas Negras,1,46.2,25,San Juan,25,
EXT-102646,2026-04-24,Rappi,Pescado a lo Macho,1,48.4,18,San Juan,39,4.0
EXT-102647,2026-06-12,PedidosYa,Ceviche Mixto,1,37.4,22,Cajamarca,37,4.0
EXT-102648,2026-06-07,PedidosYa,ARROZ CON PATO MARINO,2,72.6,25,Cajamarca,26,
EXT-102649,2026-03-11,Rappi,CEVICHE CARRETILLERO,1,33.0,18,Llacanora,31,5.0
EXT-102650,2026-07-16,PedidosYa,ceviche vegetariano,1,26.4,25,Cajamarca,22,5.0
EXT-102651,2026-09-14,PedidosYa,CHICHARRÓN DE CALAMAR,1,35.2,25,Cajamarca,27,5.0
EXT-102652,2026-09-20,PedidosYa,ARROZ CHAUFA DE MARISCOS,1,35.2,22,Baños del Inca,51,3.0
EXT-102653,2026-02-15,Rappi,Arroz Chaufa de Mariscos,1,35.2,18,Baños del Inca,26,5.0
EXT-102654,2026-05-02,Rappi,TIRADITO NIKKEI,2,79.2,20,Cajamarca,44,
EXT-102655,2026-05-28,PedidosYa,CHAUFA DE PESCADO,1,30.8,25,Baños del Inca,37,4.0
EXT-102656,2026-01-27,Rappi,ceviche vegetariano,1,26.4,18,Los Baños,29,5.0
EXT-102657,2026-07-30,PedidosYa,FILETE A LA CHORRILLANA,1,41.8,25,Cajamarca,46,4.0
EXT-102658,2026-05-04,Rappi,Arroz Negro,2,79.2,18,Cajamarca,39,5.0
EXT-102659,2026-07-26,PedidosYa,arroz con mariscos,1,38.5,22,Baños del Inca,31,4.0
EXT-102660,2026-02-01,Rappi,Leche de Pantera,1,28.6,20,Cajamarca,38,4.0
EXT-102661,2026-06-02,Rappi,filete a la chorrillana,1,41.8,20,Cajamarca,36,4.0
EXT-102662,2026-07-22,PedidosYa,CHICHARRÓN DE PESCADO,1,33.0,25,Baños del Inca,49,3.0
EXT-102663,2026-01-02,Rappi,ARROZ CON MARISCOS,3,115.5,18,Cajamarca,31,4.0
EXT-102664,2026-08-01,PedidosYa,Arroz con Mariscos,1,38.5,22,Cajamarca,37,1.0
EXT-102665,2026-08-20,Rappi,Ceviche Vegetariano,1,26.4,20,Cajamarca,36,
EXT-102666,2026-04-16,PedidosYa,CEVICHE DE CAMARÓN,1,41.8,25,Cajamarca,25,3.0
EXT-102667,2026-08-26,Rappi,Sopa Chilcano de Pescado,1,27.5,18,Namora,35,
EXT-102668,2026-08-29,PedidosYa,Chicharrón de Calamar,1,35.2,25,Cajamarca,29,5.0
EXT-102669,2026-09-10,PedidosYa,CEVICHE CARRETILLERO,1,33.0,25,San Juan,37,5.0
EXT-102670,2026-03-28,PedidosYa,Leche de Tigre Especial,1,26.4,25,Cajamarca,33,4.0
EXT-102671,2026-04-11,PedidosYa,Parihuela,1,46.2,22,Baños del Inca,42,
EXT-102672,2026-01-21,PedidosYa,Ceviche Carretillero,2,66.0,22,Cajamarca,23,2.0
EXT-102673,2026-08-05,Rappi,ceviche de conchas negras,3,138.6,18,Los Baños,37,5.0
EXT-102674,2026-05-14,PedidosYa,Leche de Tigre Especial,1,26.4,25,Cajamarca,53,3.0
EXT-102675,2026-03-12,PedidosYa,ceviche vegetariano,2,52.8,25,Baños del Inca,32,4.0
EXT-102676,2026-08-01,PedidosYa,Arroz Negro,1,39.6,22,Cajamarca,40,5.0
EXT-102677,2026-01-21,PedidosYa,Ceviche de Camarón,1,41.8,25,Cajamarca,27,5.0
EXT-102678,2026-05-14,Rappi,Cebiche de Camarón,1,41.8,18,Cajamarca,38,2.0
EXT-102679,2026-02-06,Rappi,chicharrón de calamar,2,70.4,20,Baños del Inca,37,5.0
EXT-102680,2026-01-22,PedidosYa,LECHE DE PANTERA,1,28.6,25,Cajamarca,43,3.0
EXT-102681,2026-05-13,PedidosYa,Ceviche Vegetariano,2,52.8,25,Baños del Inca,29,4.0
EXT-102682,2026-06-09,Rappi,ceviche vegetariano,2,52.8,20,Cajamarca,26,5.0
EXT-102683,2026-05-21,Rappi,ceviche de camarón,1,41.8,20,Baños del Inca,34,5.0
EXT-102684,2026-09-16,Rappi,Ceviche Carretillero,1,33.0,20,Cajamarca,54,3.0
EXT-102685,2026-08-23,Rappi,arroz negro,1,39.6,20,Baños del Inca,40,3.0
EXT-102686,2026-03-05,Rappi,Cebiche de Pota,1,24.2,18,Namora,47,4.0
EXT-102687,2026-06-28,Rappi,Cebiche Vegetariano,2,52.8,18,Llacanora,40,
EXT-102688,2026-02-09,PedidosYa,Tiradito Nikkei,1,39.6,25,Cajamarca,21,
EXT-102689,2026-01-28,PedidosYa,Ceviche Vegetariano,1,26.4,25,Cajamarca,27,5.0
EXT-102690,2026-07-18,PedidosYa,TIRADITO NIKKEI,1,39.6,22,Cajamarca,48,1.0
EXT-102691,2026-09-20,PedidosYa,arroz con mariscos,1,38.5,22,Llacanora,26,1.0
EXT-102692,2026-05-08,PedidosYa,CEVICHE DE POTA,1,24.2,25,Llacanora,34,4.0
EXT-102693,2026-06-01,PedidosYa,Ceviche Carretillero,3,99.0,22,Baños del Inca,20,2.0
EXT-102694,2026-08-14,PedidosYa,chicharrón de calamar,1,35.2,25,Cajamarca,33,4.0
EXT-102695,2026-03-14,PedidosYa,ARROZ CON PATO MARINO,2,72.6,25,Cajamarca,43,5.0
EXT-102696,2026-06-29,Rappi,Cebiche Vegetariano,1,26.4,18,Cajamarca,27,5.0
EXT-102697,2026-06-24,PedidosYa,Chaufa de Pescado,1,30.8,22,Cajamarca,39,3.0
EXT-102698,2026-04-05,PedidosYa,leche de pantera,1,28.6,25,Cajamarca,30,4.0
EXT-102699,2026-02-25,PedidosYa,PARIHUELA,1,46.2,22,Cajamarca,35,3.0
EXT-102700,2026-02-16,PedidosYa,ceviche carretillero,2,66.0,25,Cajamarca,30,4.0
EXT-102701,2026-06-22,PedidosYa,Arroz con Mariscos,1,38.5,25,Baños del Inca,29,
EXT-102702,2026-01-25,PedidosYa,pescado a lo macho,2,96.8,25,Cajamarca,35,5.0
EXT-102703,2026-09-05,PedidosYa,Tiradito Nikkei,1,39.6,25,Cajamarca,23,4.0
EXT-102704,2026-03-17,PedidosYa,chicharrón de calamar,1,35.2,22,Cajamarca,32,3.0
EXT-102705,2026-06-14,PedidosYa,Tiradito Nikkei,1,39.6,25,San Juan,33,
EXT-102706,2026-05-02,PedidosYa,Tiradito Nikkei,2,79.2,22,Cajamarca,34,
EXT-102707,2026-09-16,PedidosYa,Chaufa de Pescado,1,30.8,22,Cajamarca,22,
EXT-102708,2026-08-12,PedidosYa,Arroz Negro,3,118.8,22,Baños del Inca,32,3.0
EXT-102709,2026-01-06,PedidosYa,TACU TACU CON MARISCOS,1,40.7,22,Cajamarca,20,4.0
EXT-102710,2026-06-06,Rappi,ceviche de camarón,1,41.8,20,Llacanora,31,4.0
EXT-102711,2026-06-29,Rappi,Ceviche de Pota,2,48.4,20,Llacanora,15,3.0
EXT-102712,2026-09-24,PedidosYa,ceviche de conchas negras,1,46.2,22,Baños del Inca,42,5.0
EXT-102713,2026-01-31,PedidosYa,tacu tacu con mariscos,1,40.7,22,Cajamarca,25,5.0
EXT-102714,2026-09-14,PedidosYa,Ceviche de Conchas Negras,1,46.2,25,Cajamarca,30,
EXT-102715,2026-02-19,PedidosYa,Ceviche Mixto,1,37.4,22,Baños del Inca,29,3.0
EXT-102716,2026-02-11,Rappi,Cebiche Carretillero,1,33.0,18,Baños del Inca,51,3.0
EXT-102717,2026-03-01,PedidosYa,Arroz Chaufa de Mariscos,2,70.4,25,Cajamarca,37,4.0
EXT-102718,2026-06-25,PedidosYa,Arroz Negro,1,39.6,22,Cajamarca,36,
EXT-102719,2026-04-15,PedidosYa,SUDADO DE PESCADO,1,37.4,22,Llacanora,39,
EXT-102720,2026-09-22,Rappi,CEVICHE VEGETARIANO,1,26.4,20,Baños del Inca,42,
EXT-102721,2026-05-12,PedidosYa,Leche de Tigre,1,19.8,25,Baños del Inca,42,3.0
EXT-102722,2026-05-06,PedidosYa,Ceviche de Camaron,1,41.8,22,Cajamarca,23,4.0
EXT-102723,2026-01-30,PedidosYa,Cebiche Vegetariano,1,26.4,25,Cajamarca,27,4.0
EXT-102724,2026-02-18,Rappi,Leche de Pantera,1,28.6,18,Cajamarca,52,3.0
EXT-102725,2026-02-23,PedidosYa,FILETE A LA CHORRILLANA,1,41.8,25,Baños del Inca,16,4.0
EXT-102726,2026-07-01,PedidosYa,chicharrón de calamar,2,70.4,22,Baños del Inca,34,4.0
EXT-102727,2026-04-08,Rappi,Arroz con Pato Marino,1,36.3,18,Cajamarca,53,3.0
EXT-102728,2026-01-13,Rappi,ceviche carretillero,1,33.0,18,Cajamarca,21,5.0
EXT-102729,2026-09-08,PedidosYa,ceviche de camarón,1,41.8,25,Cajamarca,37,2.0
EXT-102730,2026-02-22,PedidosYa,CEVICHE VEGETARIANO,2,52.8,22,Baños del Inca,25,3.0
EXT-102731,2026-02-16,Rappi,ceviche de conchas negras,3,138.6,20,Cajamarca,28,
EXT-102732,2026-01-14,PedidosYa,Ceviche Clásico,1,30.8,25,Cajamarca,43,4.0
EXT-102733,2026-06-04,PedidosYa,Sudado de Pescado,1,37.4,25,Cajamarca,12,4.0
EXT-102734,2026-08-01,Rappi,parihuela,1,46.2,18,Baños del Inca,47,5.0
EXT-102735,2026-08-31,Rappi,Tiradito Nikkei,1,39.6,18,San Juan,34,
EXT-102736,2026-04-03,Rappi,ARROZ CON PATO MARINO,2,72.6,20,Cajamarca,33,5.0
EXT-102737,2026-07-07,Rappi,Jalea Mixta,2,99.0,20,San Juan,26,1.0
EXT-102738,2026-04-27,PedidosYa,filete a la chorrillana,2,83.6,22,Cajamarca,24,3.0
EXT-102739,2026-01-01,PedidosYa,Leche de Tigre,1,19.8,25,Cajamarca,30,
EXT-102740,2026-03-01,PedidosYa,Filete a la Chorrillana,1,41.8,22,Cajamarca,25,5.0
EXT-102741,2026-03-21,PedidosYa,CEVICHE DE CAMARÓN,1,41.8,22,Cajamarca,53,3.0
EXT-102742,2026-02-16,PedidosYa,CEVICHE CARRETILLERO,1,33.0,25,Cajamarca,36,5.0
EXT-102743,2026-01-28,PedidosYa,Chicharron de Pescado,1,33.0,22,Cajamarca,25,4.0
EXT-102744,2026-06-01,PedidosYa,ceviche mixto,2,74.8,22,Llacanora,34,1.0
EXT-102745,2026-07-18,PedidosYa,CEVICHE CARRETILLERO,3,99.0,22,Cajamarca,31,5.0
EXT-102746,2026-01-13,Rappi,Arroz Chaufa de Mariscos,3,105.6,18,Baños del Inca,27,4.0
EXT-102747,2026-03-28,PedidosYa,Chaufa de Pescado,1,30.8,25,San Juan,38,3.0
EXT-102748,2026-08-01,Rappi,Cebiche Clásico,1,30.8,20,Cajamarca,47,4.0
EXT-102749,2026-06-17,Rappi,Ceviche Vegetariano,2,52.8,18,Cajamarca,28,4.0
EXT-102750,2026-07-11,Rappi,TIRADITO NIKKEI,2,79.2,18,Cajamarca,25,1.0
EXT-102751,2026-04-28,PedidosYa,Tiradito Nikkei,1,39.6,25,Cajamarca,34,4.0
EXT-102752,2026-06-26,PedidosYa,PARIHUELA,1,46.2,22,Los Baños,33,4.0
EXT-102753,2026-04-04,PedidosYa,CHICHARRÓN DE CALAMAR,1,35.2,22,Baños del Inca,48,3.0
EXT-102754,2026-05-11,Rappi,Tiradito Nikkei,2,79.2,18,Cajamarca,31,4.0
EXT-102755,2026-06-05,PedidosYa,Cebiche de Pota,3,72.6,22,Cajamarca,27,5.0
EXT-102756,2026-02-17,Rappi,Cebiche Vegetariano,1,26.4,20,Cajamarca,28,4.0
EXT-102757,2026-04-10,PedidosYa,LECHE DE TIGRE,1,19.8,25,Cajamarca,23,4.0
EXT-102758,2026-02-02,PedidosYa,Cebiche Clásico,1,30.8,25,Cajamarca,35,4.0
EXT-102759,2026-03-05,Rappi,Chaufa de Pescado,1,30.8,18,Cajamarca,26,5.0
EXT-102760,2026-08-13,PedidosYa,CEVICHE DE CAMARÓN,1,41.8,25,Cajamarca,40,5.0
EXT-102761,2026-09-19,Rappi,Ceviche Mixto,1,37.4,20,Cajamarca,26,4.0
EXT-102762,2026-06-09,PedidosYa,Leche de Pantera,1,28.6,22,Cajamarca,40,5.0
EXT-102763,2026-02-11,Rappi,Ceviche Mixto,1,37.4,20,Baños del Inca,42,
EXT-102764,2026-03-25,PedidosYa,Parihuela,1,46.2,22,Baños del Inca,38,5.0
EXT-102765,2026-05-16,PedidosYa,arroz con mariscos,2,77.0,25,Baños del Inca,31,3.0
EXT-102766,2026-05-20,PedidosYa,Arroz con Mariscos,1,38.5,25,San Juan,39,4.0
EXT-102767,2026-02-23,Rappi,Chicharrón de Pescado,1,33.0,18,Cajamarca,43,5.0
EXT-102768,2026-02-09,Rappi,Ceviche Clásico,1,30.8,18,Cajamarca,45,4.0
EXT-102769,2026-01-29,PedidosYa,ceviche carretillero,1,33.0,25,Cajamarca,32,4.0
EXT-102770,2026-06-30,Rappi,Leche de Tigre,1,19.8,18,Baños del Inca,14,5.0
EXT-102771,2026-09-08,PedidosYa,arroz con pato marino,2,72.6,22,Cajamarca,26,3.0
EXT-102772,2026-07-23,PedidosYa,Arroz Chaufa de Mariscos,2,70.4,25,Cajamarca,41,
EXT-102773,2026-01-13,PedidosYa,Sopa Chilcano de Pescado,1,27.5,25,Cajamarca,25,4.0
EXT-102774,2026-08-08,PedidosYa,CHAUFA DE PESCADO,2,61.6,25,Los Baños,48,5.0
EXT-102775,2026-01-19,Rappi,arroz con pato marino,1,36.3,20,Cajamarca,41,5.0
EXT-102776,2026-03-25,PedidosYa,leche de tigre,1,19.8,25,Cajamarca,35,4.0
EXT-102777,2026-01-10,Rappi,leche de tigre,1,19.8,18,Los Baños,30,4.0
EXT-102778,2026-09-21,PedidosYa,Leche de Tigre Especial,1,26.4,22,Baños del Inca,47,5.0
EXT-102779,2026-04-26,Rappi,Ceviche de Camarón,1,41.8,18,Cajamarca,28,
EXT-102780,2026-08-15,PedidosYa,Ceviche Vegetariano,1,26.4,22,Cajamarca,22,5.0
EXT-102781,2026-01-22,Rappi,SUDADO DE PESCADO,1,37.4,18,Cajamarca,44,5.0
EXT-102782,2026-08-21,PedidosYa,Ceviche de Pota,2,48.4,25,Cajamarca,41,
EXT-102783,2026-08-04,Rappi,chaufa de pescado,2,61.6,18,Cajamarca,34,4.0
EXT-102784,2026-04-21,Rappi,Chicharron de Pescado,1,33.0,20,Baños del Inca,35,4.0
EXT-102785,2026-08-19,PedidosYa,ceviche mixto,1,37.4,25,Cajamarca,51,5.0
EXT-102786,2026-02-20,Rappi,ceviche mixto,3,112.2,20,Cajamarca,33,5.0
EXT-102787,2026-06-06,Rappi,LECHE DE PANTERA,1,28.6,20,Cajamarca,40,
EXT-102788,2026-03-12,Rappi,CEVICHE VEGETARIANO,2,52.8,18,Cajamarca,38,3.0
EXT-102789,2026-03-14,PedidosYa,CEVICHE VEGETARIANO,2,52.8,22,Cajamarca,41,
EXT-102790,2026-04-17,Rappi,Ceviche Carretillero,1,33.0,20,Cajamarca,44,
EXT-102791,2026-04-10,PedidosYa,Chicharron de Calamar,1,35.2,22,Cajamarca,27,3.0
EXT-102792,2026-07-05,Rappi,Ceviche Vegetariano,1,26.4,20,Baños del Inca,42,4.0
EXT-102793,2026-04-13,PedidosYa,chaufa de pescado,2,61.6,22,Cajamarca,45,4.0
EXT-102794,2026-06-01,PedidosYa,CEVICHE VEGETARIANO,2,52.8,25,Cajamarca,29,5.0
EXT-102795,2026-03-13,PedidosYa,Cebiche Mixto,1,37.4,25,Cajamarca,37,5.0
EXT-102796,2026-05-26,PedidosYa,Cebiche Vegetariano,2,52.8,22,Baños del Inca,40,3.0
EXT-102797,2026-02-19,PedidosYa,Sopa Chilcano de Pescado,1,27.5,25,Cajamarca,31,4.0
EXT-102798,2026-04-27,Rappi,Ceviche de Camarón,3,125.4,20,Los Baños,33,5.0
EXT-102799,2026-02-15,Rappi,Ceviche Mixto,2,74.8,20,Cajamarca,43,5.0
EXT-102800,2026-02-18,PedidosYa,filete a la chorrillana,1,41.8,22,Namora,18,
EXT-102801,2026-01-26,Rappi,Cebiche Carretillero,2,66.0,18,Cajamarca,33,
EXT-102802,2026-07-08,PedidosYa,ARROZ NEGRO,2,79.2,25,Cajamarca,32,2.0
EXT-102803,2026-05-31,PedidosYa,ceviche mixto,2,74.8,22,Cajamarca,24,4.0
EXT-102804,2026-06-22,PedidosYa,Ceviche Mixto,1,37.4,25,Baños del Inca,39,
EXT-102805,2026-05-07,PedidosYa,CEVICHE DE CAMARÓN,1,41.8,22,Los Baños,36,4.0
EXT-102806,2026-03-06,PedidosYa,Tiradito Nikkei,2,79.2,25,Cajamarca,47,4.0
EXT-102807,2026-03-17,PedidosYa,PARIHUELA,3,138.6,25,Baños del Inca,53,1.0
EXT-102808,2026-05-17,Rappi,Ceviche Mixto,2,74.8,20,Cajamarca,25,
EXT-102809,2026-06-23,PedidosYa,LECHE DE PANTERA,1,28.6,22,Cajamarca,27,5.0
EXT-102810,2026-04-19,Rappi,Cebiche de Camarón,1,41.8,20,Cajamarca,33,4.0
EXT-102811,2026-09-20,Rappi,CEVICHE CARRETILLERO,3,99.0,20,Namora,33,4.0
EXT-102812,2026-01-26,PedidosYa,Filete a la Chorrillana,1,41.8,25,Cajamarca,40,4.0
EXT-102813,2026-04-29,PedidosYa,Chicharrón de Calamar,1,35.2,25,Cajamarca,44,5.0
EXT-102814,2026-09-02,PedidosYa,ceviche mixto,3,112.2,25,Cajamarca,20,4.0
EXT-102815,2026-09-01,Rappi,CEVICHE CLÁSICO,1,30.8,20,Cajamarca,33,
EXT-102816,2026-08-25,PedidosYa,Cebiche de Pota,1,24.2,25,Cajamarca,33,5.0
EXT-102817,2026-05-11,Rappi,Cebiche Carretillero,3,99.0,18,Cajamarca,48,4.0
EXT-102818,2026-01-06,Rappi,Ceviche de Conchas Negras,1,46.2,20,Cajamarca,38,
EXT-102819,2026-05-02,Rappi,leche de tigre,1,19.8,18,Baños del Inca,40,5.0
EXT-102820,2026-04-14,Rappi,LECHE DE TIGRE,1,19.8,18,Cajamarca,22,5.0
EXT-102821,2026-04-07,Rappi,leche de pantera,1,28.6,18,Cajamarca,57,
EXT-102822,2026-04-07,PedidosYa,Cebiche de Camarón,1,41.8,22,Baños del Inca,39,4.0
EXT-102823,2026-08-31,PedidosYa,Cebiche de Camarón,2,83.6,22,Los Baños,35,4.0
EXT-102824,2026-06-11,PedidosYa,Ceviche Mixto,1,37.4,22,Cajamarca,21,5.0
EXT-102825,2026-02-20,Rappi,FILETE A LA CHORRILLANA,2,83.6,18,San Juan,35,2.0
EXT-102826,2026-02-15,PedidosYa,Cebiche Carretillero,1,33.0,25,Cajamarca,45,5.0
EXT-102827,2026-01-27,PedidosYa,Ceviche Mixto,1,37.4,22,Cajamarca,39,4.0
EXT-102828,2026-03-05,PedidosYa,Cebiche Mixto,2,74.8,22,Cajamarca,38,3.0
EXT-102829,2026-07-08,PedidosYa,Cebiche de Pota,2,48.4,22,Los Baños,35,4.0
EXT-102830,2026-01-05,PedidosYa,Cebiche Mixto,1,37.4,22,Baños del Inca,28,4.0
EXT-102831,2026-04-25,Rappi,Leche de Tigre,3,59.4,18,Namora,42,5.0
EXT-102832,2026-07-02,Rappi,Tiradito Nikkei,2,79.2,20,Cajamarca,24,4.0
EXT-102833,2026-03-08,PedidosYa,CHICHARRÓN DE PESCADO,1,33.0,22,Baños del Inca,37,5.0
EXT-102834,2026-04-22,Rappi,Chaufa de Pescado,1,30.8,20,Cajamarca,37,5.0
EXT-102835,2026-05-16,Rappi,ARROZ CON PATO MARINO,1,36.3,20,Llacanora,38,3.0
EXT-102836,2026-02-06,PedidosYa,Tacu Tacu con Mariscos,1,40.7,25,Baños del Inca,37,5.0
EXT-102837,2026-08-18,Rappi,ceviche de camarón,2,83.6,18,Baños del Inca,21,
EXT-102838,2026-01-27,PedidosYa,tiradito nikkei,1,39.6,25,Cajamarca,36,4.0
EXT-102839,2026-07-17,Rappi,Tacu Tacu con Mariscos,1,40.7,20,Baños del Inca,46,5.0
EXT-102840,2026-07-24,Rappi,Leche de Tigre Especial,1,26.4,20,San Juan,37,5.0
EXT-102841,2026-06-01,PedidosYa,TIRADITO NIKKEI,2,79.2,25,Cajamarca,44,3.0
EXT-102842,2026-05-22,PedidosYa,Leche de Tigre,3,59.4,25,Cajamarca,23,5.0
EXT-102843,2026-04-12,PedidosYa,ceviche mixto,1,37.4,22,Cajamarca,16,4.0
EXT-102844,2026-05-15,Rappi,Chicharrón de Pescado,1,33.0,18,Baños del Inca,21,5.0
EXT-102845,2026-05-14,PedidosYa,Chicharron de Calamar,1,35.2,25,Cajamarca,23,1.0
EXT-102846,2026-06-04,Rappi,ceviche clásico,1,30.8,18,Cajamarca,35,4.0
EXT-102847,2026-09-20,PedidosYa,filete a la chorrillana,1,41.8,22,Los Baños,32,5.0
EXT-102848,2026-04-26,Rappi,Leche de Pantera,1,28.6,20,Cajamarca,35,4.0
EXT-102849,2026-05-19,PedidosYa,arroz con pato marino,1,36.3,22,Namora,37,4.0
EXT-102850,2026-06-23,Rappi,SOPA CHILCANO DE PESCADO,1,27.5,20,Los Baños,21,4.0
EXT-102851,2026-06-06,Rappi,Chicharrón de Calamar,1,35.2,18,Baños del Inca,26,
EXT-102852,2026-01-08,PedidosYa,Arroz Chaufa de Mariscos,1,35.2,22,Baños del Inca,30,3.0
EXT-102853,2026-01-01,Rappi,ceviche vegetariano,2,52.8,20,Cajamarca,37,4.0
EXT-102854,2026-07-28,Rappi,Leche de Pantera,1,28.6,20,San Juan,52,3.0
EXT-102855,2026-03-06,Rappi,Sopa Chilcano de Pescado,1,27.5,20,Cajamarca,32,
EXT-102856,2026-09-22,Rappi,Chaufa de Pescado,1,30.8,18,Baños del Inca,40,5.0
EXT-102857,2026-06-13,PedidosYa,Cebiche Vegetariano,1,26.4,25,Cajamarca,42,5.0
EXT-102858,2026-01-22,PedidosYa,JALEA MIXTA,1,49.5,25,Baños del Inca,31,3.0
EXT-102859,2026-02-07,PedidosYa,CEVICHE CLÁSICO,3,92.4,22,Cajamarca,37,4.0
EXT-102860,2026-01-25,Rappi,ARROZ CHAUFA DE MARISCOS,2,70.4,20,Los Baños,34,1.0
EXT-102861,2026-07-19,PedidosYa,tiradito nikkei,1,39.6,25,Baños del Inca,41,5.0
EXT-102862,2026-04-08,Rappi,ARROZ CON PATO MARINO,2,72.6,18,Cajamarca,40,5.0
EXT-102863,2026-09-05,PedidosYa,Cebiche Carretillero,2,66.0,22,Cajamarca,29,3.0
EXT-102864,2026-04-14,PedidosYa,Filete a la Chorrillana,1,41.8,22,Cajamarca,48,
EXT-102865,2026-07-12,PedidosYa,Leche de Tigre,1,19.8,25,Los Baños,27,3.0
EXT-102866,2026-07-23,PedidosYa,Cebiche Carretillero,1,33.0,22,San Juan,20,3.0
EXT-102867,2026-04-13,PedidosYa,Chicharron de Calamar,1,35.2,25,Cajamarca,32,5.0
EXT-102868,2026-09-26,PedidosYa,ARROZ CON MARISCOS,1,38.5,22,Los Baños,39,2.0
EXT-102869,2026-02-16,PedidosYa,Leche de Tigre Especial,1,26.4,22,Cajamarca,51,4.0
EXT-102870,2026-03-25,PedidosYa,leche de tigre,2,39.6,22,Cajamarca,38,5.0
EXT-102871,2026-04-15,Rappi,Cebiche Carretillero,1,33.0,20,Cajamarca,39,5.0
EXT-102872,2026-07-13,PedidosYa,leche de tigre,2,39.6,25,Cajamarca,34,4.0
EXT-102873,2026-07-24,Rappi,Arroz Negro,1,39.6,20,Cajamarca,35,5.0
EXT-102874,2026-01-28,PedidosYa,CEVICHE DE CAMARÓN,1,41.8,25,Cajamarca,30,5.0
EXT-102875,2026-06-12,PedidosYa,Sudado de Pescado,1,37.4,25,Llacanora,38,3.0
EXT-102876,2026-02-01,PedidosYa,Filete a la Chorrillana,2,83.6,22,Los Baños,23,5.0
EXT-102877,2026-08-21,PedidosYa,Tiradito Nikkei,2,79.2,22,Cajamarca,26,4.0
EXT-102878,2026-05-08,PedidosYa,Arroz con Pato Marino,3,108.9,25,Baños del Inca,44,1.0
EXT-102879,2026-04-29,PedidosYa,Chaufa de Pescado,2,61.6,22,Cajamarca,36,4.0
EXT-102880,2026-06-27,Rappi,Cebiche Mixto,2,74.8,20,Cajamarca,24,4.0
EXT-102881,2026-06-29,PedidosYa,Leche de Tigre Especial,2,52.8,25,San Juan,44,1.0
EXT-102882,2026-04-25,PedidosYa,FILETE A LA CHORRILLANA,2,83.6,22,San Juan,36,
EXT-102883,2026-01-11,Rappi,ceviche de pota,1,24.2,18,Baños del Inca,32,5.0
EXT-102884,2026-07-08,PedidosYa,arroz chaufa de mariscos,1,35.2,22,Baños del Inca,25,3.0
EXT-102885,2026-07-29,Rappi,Ceviche Carretillero,2,66.0,18,Cajamarca,40,5.0
EXT-102886,2026-06-03,Rappi,Sudado de Pescado,1,37.4,18,Cajamarca,28,5.0
EXT-102887,2026-06-22,Rappi,Cebiche Mixto,1,37.4,18,Cajamarca,38,5.0
EXT-102888,2026-05-04,Rappi,Ceviche Vegetariano,1,26.4,20,San Juan,33,
EXT-102889,2026-06-16,Rappi,Ceviche Mixto,1,37.4,20,Baños del Inca,37,
EXT-102890,2026-04-04,PedidosYa,tiradito nikkei,2,79.2,25,Cajamarca,37,3.0
EXT-102891,2026-04-11,PedidosYa,Cebiche Mixto,2,74.8,25,Cajamarca,39,2.0
EXT-102892,2026-05-16,PedidosYa,Tiradito Nikkei,2,79.2,25,Cajamarca,50,
EXT-102893,2026-01-11,PedidosYa,ceviche de pota,1,24.2,22,Baños del Inca,33,3.0
EXT-102894,2026-05-17,PedidosYa,tacu tacu con mariscos,1,40.7,22,Namora,46,5.0
EXT-102895,2026-09-02,PedidosYa,TIRADITO NIKKEI,1,39.6,22,Cajamarca,20,
EXT-102896,2026-01-18,PedidosYa,Cebiche Vegetariano,1,26.4,25,San Juan,38,
EXT-102897,2026-01-17,PedidosYa,Saltado de Mariscos,1,39.6,22,Cajamarca,31,5.0
EXT-102898,2026-02-02,PedidosYa,Sudado de Pescado,1,37.4,25,Llacanora,21,5.0
EXT-102899,2026-09-16,Rappi,Leche de Tigre,2,39.6,20,Cajamarca,50,3.0
EXT-102900,2026-09-25,Rappi,ARROZ CHAUFA DE MARISCOS,2,70.4,18,Baños del Inca,48,4.0
EXT-102901,2026-05-28,Rappi,ARROZ NEGRO,1,39.6,18,Llacanora,35,2.0
EXT-102902,2026-07-25,PedidosYa,Cebiche de Camarón,1,41.8,22,Cajamarca,23,4.0
EXT-102903,2026-04-02,PedidosYa,CHICHARRÓN DE PESCADO,3,99.0,22,Cajamarca,41,5.0
EXT-102904,2026-02-23,Rappi,Tiradito Nikkei,1,39.6,18,Cajamarca,30,4.0
EXT-102905,2026-06-27,Rappi,Parihuela,2,92.4,18,Baños del Inca,38,5.0
EXT-102906,2026-05-16,Rappi,Leche de Tigre,1,19.8,18,Baños del Inca,36,5.0
EXT-102907,2026-09-06,Rappi,Arroz Negro,3,118.8,20,Namora,40,3.0
EXT-102908,2026-05-23,PedidosYa,CEVICHE DE CONCHAS NEGRAS,3,138.6,22,Cajamarca,35,5.0
EXT-102909,2026-01-27,PedidosYa,sopa chilcano de pescado,3,82.5,22,Cajamarca,28,4.0
EXT-102910,2026-04-13,PedidosYa,arroz con mariscos,1,38.5,25,Cajamarca,29,
EXT-102911,2026-02-19,Rappi,Ceviche Carretillero,1,33.0,20,Cajamarca,27,5.0
EXT-102912,2026-08-06,Rappi,Ceviche Vegetariano,1,26.4,18,Cajamarca,27,4.0
EXT-102913,2026-08-31,PedidosYa,JALEA MIXTA,2,99.0,22,Cajamarca,13,4.0
EXT-102914,2026-07-31,PedidosYa,CEVICHE DE CONCHAS NEGRAS,1,46.2,25,Namora,26,5.0
EXT-102915,2026-09-20,PedidosYa,Cebiche de Camarón,1,41.8,22,Cajamarca,29,3.0
EXT-102916,2026-05-23,Rappi,ceviche de pota,1,24.2,18,Cajamarca,39,3.0
EXT-102917,2026-07-02,Rappi,Jalea Mixta,1,49.5,18,Cajamarca,32,5.0
EXT-102918,2026-09-15,Rappi,Chicharrón de Pescado,1,33.0,18,Baños del Inca,34,
EXT-102919,2026-05-17,Rappi,leche de pantera,3,85.8,20,Cajamarca,30,
EXT-102920,2026-08-01,PedidosYa,Chicharrón de Calamar,1,35.2,22,Baños del Inca,50,5.0
EXT-102921,2026-01-28,PedidosYa,Ceviche Carretillero,1,33.0,25,Cajamarca,41,5.0
EXT-102922,2026-03-01,PedidosYa,Ceviche Mixto,1,37.4,22,Los Baños,38,
EXT-102923,2026-01-02,Rappi,Pescado a lo Macho,1,48.4,20,Baños del Inca,27,2.0
EXT-102924,2026-07-31,Rappi,Ceviche Vegetariano,1,26.4,20,Cajamarca,34,4.0
EXT-102925,2026-04-21,PedidosYa,ARROZ CON MARISCOS,1,38.5,25,Los Baños,47,3.0
EXT-102926,2026-07-19,Rappi,Jalea Mixta,1,49.5,18,Cajamarca,38,4.0
EXT-102927,2026-03-22,Rappi,arroz con pato marino,1,36.3,20,Cajamarca,34,4.0
EXT-102928,2026-04-04,PedidosYa,Arroz Negro,1,39.6,22,Cajamarca,32,5.0
EXT-102929,2026-05-29,PedidosYa,Cebiche de Camarón,1,41.8,22,Cajamarca,50,4.0
EXT-102930,2026-06-26,PedidosYa,Tiradito Nikkei,1,39.6,25,Cajamarca,37,4.0
EXT-102931,2026-07-17,Rappi,Leche de Tigre Especial,1,26.4,18,Baños del Inca,32,5.0
EXT-102932,2026-06-24,Rappi,CHAUFA DE PESCADO,1,30.8,18,Los Baños,21,1.0
EXT-102933,2026-09-06,Rappi,Leche de Tigre Especial,1,26.4,18,Cajamarca,37,5.0
EXT-102934,2026-03-08,PedidosYa,Ceviche de Pota,2,48.4,25,San Juan,58,3.0
EXT-102935,2026-08-26,PedidosYa,chaufa de pescado,3,92.4,25,Los Baños,38,
EXT-102936,2026-05-27,Rappi,Tiradito Nikkei,1,39.6,18,Los Baños,39,4.0
EXT-102937,2026-08-14,Rappi,Pescado a lo Macho,1,48.4,20,Cajamarca,46,4.0
EXT-102938,2026-06-24,Rappi,TACU TACU CON MARISCOS,1,40.7,20,Cajamarca,31,
EXT-102939,2026-01-02,PedidosYa,Arroz con Mariscos,1,38.5,22,Los Baños,40,
EXT-102940,2026-03-22,PedidosYa,Ceviche de Pota,2,48.4,25,Baños del Inca,37,5.0
EXT-102941,2026-02-08,PedidosYa,CHICHARRÓN DE CALAMAR,1,35.2,22,Baños del Inca,60,4.0
EXT-102942,2026-07-10,Rappi,Ceviche Vegetariano,1,26.4,20,Cajamarca,26,5.0
EXT-102943,2026-08-19,Rappi,Chicharron de Pescado,1,33.0,20,Cajamarca,43,5.0
EXT-102944,2026-04-08,PedidosYa,Cebiche Carretillero,1,33.0,25,Cajamarca,35,5.0
EXT-102945,2026-07-24,PedidosYa,Sudado de Pescado,2,74.8,22,Cajamarca,27,5.0
EXT-102946,2026-04-16,PedidosYa,Leche de Pantera,1,28.6,25,Baños del Inca,35,4.0
EXT-102947,2026-07-04,PedidosYa,Chicharron de Pescado,1,33.0,25,Cajamarca,35,4.0
EXT-102948,2026-01-29,PedidosYa,PESCADO A LO MACHO,1,48.4,22,San Juan,32,4.0
EXT-102949,2026-01-14,PedidosYa,Ceviche Carretillero,1,33.0,22,Baños del Inca,41,4.0
EXT-102950,2026-06-16,PedidosYa,sudado de pescado,2,74.8,22,Cajamarca,15,3.0
EXT-102951,2026-05-11,Rappi,Leche de Tigre,1,19.8,20,Los Baños,30,5.0
EXT-102952,2026-09-12,PedidosYa,ceviche carretillero,1,33.0,22,Llacanora,34,3.0
EXT-102953,2026-06-19,PedidosYa,ceviche clásico,1,30.8,22,Cajamarca,44,2.0
EXT-102954,2026-03-12,PedidosYa,Cebiche de Camarón,1,41.8,22,Baños del Inca,33,4.0
EXT-102955,2026-01-29,Rappi,Tiradito Nikkei,2,79.2,20,Cajamarca,19,4.0
EXT-102956,2026-06-27,PedidosYa,Tacu Tacu con Mariscos,2,81.4,22,Baños del Inca,52,4.0
EXT-102957,2026-07-05,PedidosYa,Ceviche Carretillero,3,99.0,22,Cajamarca,49,4.0
EXT-102958,2026-09-10,Rappi,saltado de mariscos,1,39.6,20,Baños del Inca,16,5.0
EXT-102959,2026-07-28,PedidosYa,Filete a la Chorrillana,2,83.6,22,Cajamarca,21,5.0
EXT-102960,2026-05-09,PedidosYa,ceviche de pota,2,48.4,22,Cajamarca,22,3.0
EXT-102961,2026-08-25,PedidosYa,ceviche carretillero,1,33.0,22,Baños del Inca,24,5.0
EXT-102962,2026-02-05,Rappi,Saltado de Mariscos,1,39.6,18,Cajamarca,32,5.0
EXT-102963,2026-03-10,PedidosYa,Leche de Tigre,1,19.8,22,Cajamarca,30,5.0
EXT-102964,2026-02-18,PedidosYa,Leche de Tigre,1,19.8,25,Cajamarca,43,5.0
EXT-102965,2026-04-11,Rappi,Leche de Tigre,1,19.8,20,Los Baños,34,3.0
EXT-102966,2026-08-27,PedidosYa,CEVICHE VEGETARIANO,1,26.4,25,Baños del Inca,50,4.0
EXT-102967,2026-07-28,Rappi,SALTADO DE MARISCOS,2,79.2,20,Cajamarca,32,
EXT-102968,2026-03-23,PedidosYa,Chicharrón de Calamar,2,70.4,22,Namora,34,3.0
EXT-102969,2026-09-26,Rappi,Arroz Negro,1,39.6,18,Baños del Inca,42,4.0
EXT-102970,2026-07-10,Rappi,Ceviche Clasico,3,92.4,20,Cajamarca,49,3.0
EXT-102971,2026-02-24,Rappi,Leche de Tigre,1,19.8,18,Cajamarca,34,5.0
EXT-102972,2026-02-12,Rappi,LECHE DE PANTERA,3,85.8,20,Cajamarca,28,5.0
EXT-102973,2026-03-04,PedidosYa,Ceviche de Conchas Negras,1,46.2,25,Llacanora,26,4.0
EXT-102974,2026-07-25,PedidosYa,Filete a la Chorrillana,2,83.6,25,Baños del Inca,28,4.0
EXT-102975,2026-05-08,PedidosYa,Tiradito Nikkei,1,39.6,22,Baños del Inca,45,1.0
EXT-102976,2026-05-10,Rappi,Tiradito Nikkei,2,79.2,18,Llacanora,33,4.0
EXT-102977,2026-07-05,PedidosYa,ARROZ CHAUFA DE MARISCOS,1,35.2,25,Cajamarca,32,3.0
EXT-102978,2026-09-12,Rappi,Ceviche Mixto,2,74.8,20,Cajamarca,27,5.0
EXT-102979,2026-04-17,PedidosYa,Cebiche Mixto,1,37.4,25,Baños del Inca,21,5.0
EXT-102980,2026-09-05,Rappi,Arroz Negro,1,39.6,18,Baños del Inca,41,4.0
EXT-102981,2026-09-09,PedidosYa,ceviche de camarón,1,41.8,22,Cajamarca,38,
EXT-102982,2026-08-09,PedidosYa,Cebiche Clásico,1,30.8,25,Cajamarca,49,4.0
EXT-102983,2026-07-17,PedidosYa,ARROZ NEGRO,1,39.6,25,Cajamarca,38,2.0
EXT-102984,2026-06-27,PedidosYa,arroz con pato marino,3,108.9,22,Cajamarca,29,5.0
EXT-102985,2026-03-27,PedidosYa,Tiradito Nikkei,2,79.2,22,Cajamarca,50,5.0
EXT-102986,2026-04-26,Rappi,Ceviche de Conchas Negras,2,92.4,20,Cajamarca,25,4.0
EXT-102987,2026-05-21,Rappi,Arroz Chaufa de Mariscos,1,35.2,18,Cajamarca,21,3.0
EXT-102988,2026-07-05,PedidosYa,CEVICHE DE POTA,2,48.4,25,Cajamarca,49,5.0
EXT-102989,2026-09-12,PedidosYa,JALEA MIXTA,1,49.5,25,Llacanora,31,4.0
EXT-102990,2026-01-05,PedidosYa,CHICHARRÓN DE CALAMAR,1,35.2,22,Cajamarca,41,4.0
EXT-102991,2026-02-09,PedidosYa,FILETE A LA CHORRILLANA,2,83.6,22,Los Baños,50,4.0
EXT-102992,2026-02-09,PedidosYa,Filete a la Chorrillana,2,83.6,22,Cajamarca,20,5.0
EXT-102993,2026-09-20,PedidosYa,Cebiche Carretillero,1,33.0,22,Cajamarca,43,5.0
EXT-102994,2026-02-07,Rappi,CEVICHE DE CAMARÓN,1,41.8,20,Cajamarca,33,5.0
EXT-102995,2026-05-02,Rappi,Tiradito Nikkei,1,39.6,20,Cajamarca,36,3.0
EXT-102996,2026-07-08,PedidosYa,Cebiche Mixto,1,37.4,25,Baños del Inca,31,5.0
EXT-102997,2026-02-03,PedidosYa,arroz con mariscos,2,77.0,22,Cajamarca,38,3.0
EXT-102998,2026-06-21,PedidosYa,tacu tacu con mariscos,1,40.7,22,Llacanora,29,5.0
EXT-102999,2026-03-29,Rappi,chicharrón de pescado,1,33.0,20,Cajamarca,45,5.0
EXT-103000,2026-08-30,Rappi,ceviche vegetariano,1,26.4,18,Baños del Inca,29,4.0
EXT-103001,2026-05-04,PedidosYa,CHAUFA DE PESCADO,1,30.8,25,Cajamarca,29,4.0
EXT-103002,2026-05-05,PedidosYa,LECHE DE TIGRE,3,59.4,22,Cajamarca,27,4.0
EXT-103003,2026-05-01,Rappi,Ceviche Mixto,1,37.4,20,Cajamarca,21,4.0
EXT-103004,2026-08-04,PedidosYa,Arroz Negro,1,39.6,22,Cajamarca,39,5.0
EXT-103005,2026-04-10,PedidosYa,Pescado a lo Macho,3,145.2,22,Baños del Inca,38,5.0
EXT-103006,2026-01-20,Rappi,Jalea Mixta,1,49.5,18,Cajamarca,28,4.0
EXT-103007,2026-01-05,PedidosYa,Chaufa de Pescado,2,61.6,22,Cajamarca,24,4.0
EXT-103008,2026-07-01,PedidosYa,Arroz Negro,1,39.6,25,Baños del Inca,48,4.0
EXT-103009,2026-09-26,PedidosYa,Arroz Negro,2,79.2,22,San Juan,38,4.0
EXT-103010,2026-09-02,PedidosYa,ceviche vegetariano,1,26.4,22,Namora,46,3.0
EXT-103011,2026-01-24,PedidosYa,tiradito nikkei,2,79.2,22,Baños del Inca,39,5.0
EXT-103012,2026-09-13,Rappi,Ceviche de Pota,1,24.2,18,Baños del Inca,32,4.0
EXT-103013,2026-01-25,PedidosYa,ceviche de pota,1,24.2,22,San Juan,32,5.0
EXT-103014,2026-05-04,PedidosYa,tiradito nikkei,1,39.6,22,Cajamarca,54,5.0
EXT-103015,2026-08-24,PedidosYa,SALTADO DE MARISCOS,1,39.6,22,Cajamarca,20,5.0
EXT-103016,2026-05-28,Rappi,Sudado de Pescado,1,37.4,20,Cajamarca,33,3.0
EXT-103017,2026-07-26,PedidosYa,Cebiche de Conchas Negras,2,92.4,22,Los Baños,49,4.0
EXT-103018,2026-04-21,PedidosYa,CEVICHE CARRETILLERO,1,33.0,22,Cajamarca,15,4.0
EXT-103019,2026-02-13,PedidosYa,Cebiche de Conchas Negras,1,46.2,25,Baños del Inca,50,4.0
EXT-103020,2026-03-28,PedidosYa,Chicharrón de Calamar,1,35.2,22,Cajamarca,30,
EXT-103021,2026-06-11,PedidosYa,CEVICHE DE CAMARÓN,1,41.8,22,Cajamarca,46,5.0
EXT-103022,2026-01-19,PedidosYa,jalea mixta,2,99.0,22,Cajamarca,27,1.0
EXT-103023,2026-03-22,PedidosYa,PARIHUELA,1,46.2,22,Cajamarca,29,3.0
EXT-103024,2026-04-04,PedidosYa,CEVICHE DE POTA,1,24.2,22,Cajamarca,47,4.0
EXT-103025,2026-04-06,Rappi,arroz negro,1,39.6,18,Cajamarca,30,4.0
EXT-103026,2026-08-19,PedidosYa,CEVICHE DE POTA,1,24.2,25,Cajamarca,36,3.0
EXT-103027,2026-07-27,Rappi,Ceviche de Pota,2,48.4,20,Cajamarca,24,5.0
EXT-103028,2026-07-20,PedidosYa,Filete a la Chorrillana,3,125.4,25,Llacanora,44,1.0
EXT-103029,2026-01-26,Rappi,Ceviche Carretillero,3,99.0,18,Cajamarca,35,5.0
EXT-103030,2026-04-29,PedidosYa,Filete a la Chorrillana,1,41.8,22,Namora,29,5.0
EXT-103031,2026-01-16,PedidosYa,CHICHARRÓN DE PESCADO,1,33.0,22,Cajamarca,38,
EXT-103032,2026-02-28,Rappi,Leche de Tigre,1,19.8,18,Baños del Inca,31,4.0
EXT-103033,2026-03-29,PedidosYa,CEVICHE DE POTA,1,24.2,22,Baños del Inca,34,
EXT-103034,2026-02-18,PedidosYa,Chaufa de Pescado,2,61.6,25,Cajamarca,32,2.0
EXT-103035,2026-05-09,PedidosYa,Arroz Negro,1,39.6,22,Baños del Inca,36,4.0
EXT-103036,2026-05-09,PedidosYa,CEVICHE DE CAMARÓN,1,41.8,25,Cajamarca,33,
EXT-103037,2026-02-18,PedidosYa,Leche de Tigre,3,59.4,25,Cajamarca,18,2.0
EXT-103038,2026-03-28,PedidosYa,ceviche de conchas negras,2,92.4,22,Baños del Inca,23,5.0
EXT-103039,2026-05-24,Rappi,Jalea Mixta,1,49.5,20,Llacanora,54,4.0
EXT-103040,2026-03-27,Rappi,SUDADO DE PESCADO,3,112.2,20,Cajamarca,37,
EXT-103041,2026-07-17,PedidosYa,tiradito nikkei,1,39.6,25,Namora,44,4.0
EXT-103042,2026-01-03,Rappi,Tiradito Nikkei,1,39.6,18,Cajamarca,41,5.0
EXT-103043,2026-04-19,PedidosYa,leche de pantera,1,28.6,25,Baños del Inca,42,3.0
EXT-103044,2026-03-02,PedidosYa,Cebiche Mixto,1,37.4,25,Llacanora,34,
EXT-103045,2026-08-08,Rappi,ceviche de camarón,2,83.6,20,Baños del Inca,36,4.0
EXT-103046,2026-01-18,PedidosYa,sopa chilcano de pescado,1,27.5,25,Cajamarca,30,4.0
EXT-103047,2026-05-25,PedidosYa,Arroz Chaufa de Mariscos,1,35.2,22,San Juan,31,3.0
EXT-103048,2026-07-26,PedidosYa,Tacu Tacu con Mariscos,1,40.7,22,Cajamarca,58,4.0
EXT-103049,2026-01-11,PedidosYa,CHICHARRÓN DE CALAMAR,1,35.2,22,Baños del Inca,38,
EXT-103050,2026-02-15,PedidosYa,Ceviche Carretillero,1,33.0,25,Cajamarca,38,4.0
EXT-103051,2026-07-25,PedidosYa,Arroz con Pato Marino,1,36.3,25,Cajamarca,34,5.0
EXT-103052,2026-02-09,PedidosYa,TIRADITO NIKKEI,1,39.6,22,Cajamarca,28,4.0
EXT-103053,2026-08-17,Rappi,Ceviche de Camarón,1,41.8,18,Cajamarca,30,3.0
EXT-103054,2026-09-08,PedidosYa,Cebiche Carretillero,2,66.0,22,Cajamarca,33,5.0
EXT-103055,2026-07-08,PedidosYa,PESCADO A LO MACHO,2,96.8,25,Cajamarca,41,
EXT-103056,2026-06-16,Rappi,ARROZ CON PATO MARINO,1,36.3,20,Baños del Inca,25,1.0
EXT-103057,2026-02-06,PedidosYa,Cebiche Clásico,1,30.8,22,Cajamarca,21,4.0
EXT-103058,2026-07-14,PedidosYa,CEVICHE CARRETILLERO,1,33.0,22,Cajamarca,29,4.0
EXT-103059,2026-04-22,Rappi,Sopa Chilcano de Pescado,1,27.5,20,Cajamarca,43,4.0
EXT-103060,2026-03-09,Rappi,CEVICHE DE POTA,1,24.2,18,Cajamarca,28,5.0
EXT-103061,2026-07-23,Rappi,FILETE A LA CHORRILLANA,1,41.8,20,Cajamarca,44,4.0
EXT-103062,2026-06-22,Rappi,Sopa Chilcano de Pescado,1,27.5,20,Baños del Inca,61,4.0
EXT-103063,2026-03-31,PedidosYa,ARROZ NEGRO,1,39.6,22,Baños del Inca,36,4.0
EXT-103064,2026-08-18,Rappi,Ceviche Vegetariano,1,26.4,20,Los Baños,43,5.0
EXT-103065,2026-07-09,PedidosYa,Arroz Chaufa de Mariscos,1,35.2,25,Llacanora,35,4.0
EXT-103066,2026-08-12,PedidosYa,Parihuela,1,46.2,25,Cajamarca,46,5.0
EXT-103067,2026-09-16,Rappi,Chicharrón de Calamar,1,35.2,20,Cajamarca,29,4.0
EXT-103068,2026-03-28,PedidosYa,Arroz con Mariscos,1,38.5,25,Cajamarca,45,4.0
EXT-103069,2026-03-18,PedidosYa,CEVICHE CARRETILLERO,1,33.0,22,Cajamarca,29,2.0
EXT-103070,2026-02-03,PedidosYa,Ceviche Clasico,3,92.4,25,Cajamarca,39,5.0
EXT-103071,2026-03-04,PedidosYa,Ceviche Carretillero,2,66.0,25,Los Baños,52,
EXT-103072,2026-04-12,Rappi,Chaufa de Pescado,1,30.8,18,San Juan,20,5.0
EXT-103073,2026-04-19,PedidosYa,chicharrón de calamar,3,105.6,25,Baños del Inca,55,4.0
EXT-103074,2026-04-05,PedidosYa,Tacu Tacu con Mariscos,1,40.7,25,Cajamarca,35,4.0
EXT-103075,2026-02-19,PedidosYa,Ceviche Vegetariano,1,26.4,25,Namora,23,4.0
EXT-103076,2026-06-25,PedidosYa,Chicharrón de Pescado,1,33.0,25,Cajamarca,17,
EXT-103077,2026-06-07,PedidosYa,Chicharrón de Calamar,1,35.2,22,Baños del Inca,39,4.0
EXT-103078,2026-08-26,PedidosYa,Saltado de Mariscos,2,79.2,25,Cajamarca,23,
EXT-103079,2026-06-19,Rappi,Leche de Pantera,1,28.6,18,Cajamarca,22,2.0
EXT-103080,2026-02-07,Rappi,parihuela,2,92.4,18,Cajamarca,33,5.0
EXT-103081,2026-04-23,Rappi,chaufa de pescado,1,30.8,20,Baños del Inca,26,5.0
EXT-103082,2026-01-11,PedidosYa,Ceviche Vegetariano,1,26.4,22,Llacanora,45,3.0
EXT-103083,2026-03-12,PedidosYa,Arroz con Pato Marino,1,36.3,22,Cajamarca,39,
EXT-103084,2026-05-13,PedidosYa,Tacu Tacu con Mariscos,1,40.7,22,Baños del Inca,39,4.0
EXT-103085,2026-05-08,Rappi,LECHE DE TIGRE,3,59.4,18,Baños del Inca,37,5.0
EXT-103086,2026-09-27,Rappi,CEVICHE VEGETARIANO,1,26.4,20,Cajamarca,36,3.0
EXT-103087,2026-08-22,PedidosYa,ARROZ CON PATO MARINO,1,36.3,22,Baños del Inca,30,5.0
EXT-103088,2026-09-02,PedidosYa,Tiradito Nikkei,2,79.2,22,Cajamarca,26,5.0
EXT-103089,2026-09-25,Rappi,ceviche vegetariano,1,26.4,20,Baños del Inca,30,3.0
EXT-103090,2026-04-14,PedidosYa,Cebiche de Pota,2,48.4,22,Cajamarca,50,4.0
EXT-103091,2026-07-28,Rappi,Cebiche Vegetariano,3,79.2,20,Cajamarca,29,5.0
EXT-103092,2026-05-25,PedidosYa,Jalea Mixta,3,148.5,22,Cajamarca,33,1.0
EXT-103093,2026-08-01,PedidosYa,Ceviche Mixto,1,37.4,22,Cajamarca,32,3.0
EXT-103094,2026-07-31,PedidosYa,ceviche carretillero,2,66.0,22,Cajamarca,20,4.0
EXT-103095,2026-09-24,Rappi,ceviche mixto,1,37.4,18,Cajamarca,21,4.0
EXT-103096,2026-02-09,PedidosYa,JALEA MIXTA,1,49.5,22,Baños del Inca,41,2.0
EXT-103097,2026-03-02,PedidosYa,Ceviche Clasico,3,92.4,25,Cajamarca,30,3.0
EXT-103098,2026-06-15,Rappi,Arroz Chaufa de Mariscos,1,35.2,20,Llacanora,22,5.0
EXT-103099,2026-03-10,PedidosYa,Arroz Negro,2,79.2,22,Baños del Inca,36,4.0
EXT-103100,2026-03-28,PedidosYa,PARIHUELA,2,92.4,22,Cajamarca,34,3.0
EXT-103101,2026-07-20,PedidosYa,Ceviche Carretillero,1,33.0,25,Baños del Inca,25,
EXT-103102,2026-03-03,PedidosYa,Cebiche Vegetariano,2,52.8,22,Baños del Inca,27,5.0
EXT-103103,2026-06-10,PedidosYa,Cebiche Vegetariano,2,52.8,25,Cajamarca,49,5.0
EXT-103104,2026-05-20,Rappi,FILETE A LA CHORRILLANA,1,41.8,18,Namora,28,3.0
EXT-103105,2026-03-01,Rappi,Ceviche Carretillero,1,33.0,18,Cajamarca,34,4.0
EXT-103106,2026-09-25,PedidosYa,Ceviche Vegetariano,1,26.4,22,Cajamarca,31,5.0
EXT-103107,2026-08-15,PedidosYa,Chicharron de Pescado,1,33.0,25,Cajamarca,41,5.0
EXT-103108,2026-05-11,Rappi,Leche de Tigre Especial,1,26.4,18,Baños del Inca,12,
EXT-103109,2026-06-30,Rappi,tacu tacu con mariscos,1,40.7,18,Llacanora,30,4.0
EXT-103110,2026-04-01,PedidosYa,Tiradito Nikkei,3,118.8,22,Cajamarca,46,
EXT-103111,2026-08-03,Rappi,Arroz Negro,1,39.6,18,Cajamarca,28,5.0
EXT-103112,2026-07-18,PedidosYa,Ceviche Clasico,1,30.8,25,Cajamarca,30,5.0
EXT-103113,2026-04-17,Rappi,Leche de Tigre Especial,1,26.4,18,Cajamarca,35,4.0
EXT-103114,2026-08-08,PedidosYa,ceviche carretillero,3,99.0,25,Cajamarca,32,4.0
EXT-103115,2026-05-05,PedidosYa,Pescado a lo Macho,1,48.4,25,Cajamarca,40,4.0
EXT-103116,2026-03-10,PedidosYa,ceviche mixto,1,37.4,25,Baños del Inca,44,3.0
EXT-103117,2026-07-28,PedidosYa,Ceviche de Pota,1,24.2,22,Cajamarca,29,5.0
EXT-103118,2026-07-13,PedidosYa,Tiradito Nikkei,1,39.6,25,Cajamarca,31,4.0
EXT-103119,2026-03-12,PedidosYa,Leche de Tigre,2,39.6,25,Cajamarca,38,
EXT-103120,2026-03-04,Rappi,Arroz Negro,1,39.6,18,San Juan,35,
EXT-103121,2026-02-20,PedidosYa,ARROZ NEGRO,2,79.2,25,Los Baños,33,5.0
EXT-103122,2026-01-29,PedidosYa,Sudado de Pescado,2,74.8,25,Los Baños,42,3.0
EXT-103123,2026-04-07,PedidosYa,ceviche de camarón,1,41.8,22,Cajamarca,34,2.0
EXT-103124,2026-05-08,PedidosYa,TIRADITO NIKKEI,1,39.6,22,Cajamarca,39,4.0
EXT-103125,2026-07-24,Rappi,Ceviche Carretillero,3,99.0,18,Cajamarca,40,1.0
EXT-103126,2026-08-24,PedidosYa,saltado de mariscos,1,39.6,22,Cajamarca,32,
EXT-103127,2026-08-14,PedidosYa,CHAUFA DE PESCADO,1,30.8,25,Cajamarca,31,
EXT-103128,2026-09-05,PedidosYa,Tiradito Nikkei,1,39.6,22,Cajamarca,42,3.0
EXT-103129,2026-03-15,Rappi,Leche de Tigre,1,19.8,20,Cajamarca,27,5.0
EXT-103130,2026-07-28,PedidosYa,Ceviche Vegetariano,2,52.8,22,Cajamarca,38,
EXT-103131,2026-05-23,PedidosYa,Chicharron de Calamar,2,70.4,22,Cajamarca,41,5.0
EXT-103132,2026-09-27,PedidosYa,Arroz con Pato Marino,1,36.3,25,Cajamarca,30,3.0
EXT-103133,2026-09-01,PedidosYa,Leche de Pantera,3,85.8,25,Baños del Inca,24,4.0
EXT-103134,2026-08-18,PedidosYa,ceviche mixto,1,37.4,25,Cajamarca,47,3.0
EXT-103135,2026-01-08,PedidosYa,tiradito nikkei,1,39.6,25,Los Baños,27,
EXT-103136,2026-04-20,PedidosYa,LECHE DE PANTERA,1,28.6,22,Cajamarca,32,4.0
EXT-103137,2026-01-24,PedidosYa,Sudado de Pescado,1,37.4,25,Los Baños,47,4.0
EXT-103138,2026-02-10,Rappi,LECHE DE TIGRE,1,19.8,18,Cajamarca,41,4.0
EXT-103139,2026-07-20,Rappi,CEVICHE DE POTA,2,48.4,20,Cajamarca,49,3.0
EXT-103140,2026-05-12,Rappi,ceviche vegetariano,1,26.4,18,Baños del Inca,39,4.0
EXT-103141,2026-09-18,Rappi,Ceviche Mixto,2,74.8,18,Baños del Inca,38,4.0
EXT-103142,2026-09-23,PedidosYa,Chicharron de Calamar,2,70.4,25,Cajamarca,21,
EXT-103143,2026-04-15,PedidosYa,Ceviche de Conchas Negras,2,92.4,25,Cajamarca,32,3.0
EXT-103144,2026-02-24,PedidosYa,Pescado a lo Macho,2,96.8,25,Baños del Inca,34,5.0
EXT-103145,2026-07-22,PedidosYa,ceviche mixto,1,37.4,22,Cajamarca,24,5.0
EXT-103146,2026-05-01,PedidosYa,ceviche de pota,1,24.2,25,Cajamarca,33,4.0
EXT-103147,2026-03-05,PedidosYa,Ceviche de Camaron,1,41.8,25,Los Baños,20,4.0
EXT-103148,2026-09-18,PedidosYa,Ceviche Carretillero,2,66.0,22,Baños del Inca,38,4.0
EXT-103149,2026-07-10,PedidosYa,Ceviche de Conchas Negras,1,46.2,22,Los Baños,33,
EXT-103150,2026-02-19,PedidosYa,Parihuela,2,92.4,25,Baños del Inca,24,3.0
EXT-103151,2026-08-12,Rappi,Leche de Tigre,1,19.8,20,Cajamarca,33,5.0
EXT-103152,2026-06-23,PedidosYa,CEVICHE DE CONCHAS NEGRAS,1,46.2,25,Cajamarca,39,2.0
EXT-103153,2026-03-20,Rappi,Tiradito Nikkei,3,118.8,18,Cajamarca,37,5.0
EXT-103154,2026-07-08,PedidosYa,CEVICHE DE POTA,1,24.2,22,Baños del Inca,29,5.0
EXT-103155,2026-07-01,PedidosYa,Ceviche Clásico,2,61.6,22,Cajamarca,36,
EXT-103156,2026-03-21,PedidosYa,Parihuela,2,92.4,22,Cajamarca,50,3.0
EXT-103157,2026-05-19,Rappi,CEVICHE CLÁSICO,1,30.8,20,Cajamarca,12,5.0
EXT-103158,2026-01-17,Rappi,Ceviche Mixto,1,37.4,18,Los Baños,42,4.0
EXT-103159,2026-08-01,Rappi,ceviche clásico,1,30.8,20,Cajamarca,28,5.0
EXT-103160,2026-06-03,PedidosYa,CHICHARRÓN DE CALAMAR,1,35.2,25,Cajamarca,32,5.0
EXT-103161,2026-09-15,PedidosYa,chicharrón de calamar,1,35.2,25,Los Baños,36,4.0
EXT-103162,2026-08-14,Rappi,LECHE DE TIGRE,1,19.8,18,Cajamarca,30,3.0
EXT-103163,2026-02-16,Rappi,Ceviche Vegetariano,1,26.4,20,Cajamarca,66,3.0
EXT-103164,2026-06-20,Rappi,Ceviche Mixto,1,37.4,20,Cajamarca,49,5.0
EXT-103165,2026-02-19,PedidosYa,tiradito nikkei,1,39.6,22,Cajamarca,39,5.0
EXT-103166,2026-06-15,PedidosYa,ceviche clásico,3,92.4,22,Baños del Inca,36,4.0
EXT-103167,2026-09-15,Rappi,ARROZ NEGRO,1,39.6,18,Los Baños,27,5.0
EXT-103168,2026-01-17,PedidosYa,ceviche clásico,1,30.8,22,Namora,26,3.0
EXT-103169,2026-07-12,PedidosYa,Parihuela,1,46.2,25,Baños del Inca,24,4.0
EXT-103170,2026-04-13,Rappi,Ceviche Mixto,1,37.4,18,Cajamarca,34,5.0
EXT-103171,2026-08-11,PedidosYa,ceviche clásico,1,30.8,25,Los Baños,28,4.0
EXT-103172,2026-07-18,Rappi,leche de tigre,1,19.8,18,Cajamarca,29,3.0
EXT-103173,2026-01-20,Rappi,Tiradito Nikkei,1,39.6,18,San Juan,30,5.0
EXT-103174,2026-09-07,Rappi,Ceviche de Camaron,1,41.8,20,Cajamarca,27,5.0
EXT-103175,2026-02-08,Rappi,Parihuela,2,92.4,20,San Juan,38,3.0
EXT-103176,2026-07-16,Rappi,ceviche mixto,3,112.2,18,Cajamarca,24,5.0
EXT-103177,2026-06-03,Rappi,Chicharrón de Pescado,2,66.0,18,Cajamarca,40,3.0
EXT-103178,2026-03-19,PedidosYa,CHICHARRÓN DE CALAMAR,1,35.2,25,Namora,33,5.0
EXT-103179,2026-09-21,Rappi,CEVICHE MIXTO,1,37.4,20,Cajamarca,21,3.0
EXT-103180,2026-03-27,PedidosYa,Ceviche de Camaron,1,41.8,22,Los Baños,48,3.0
EXT-103181,2026-04-26,Rappi,Tiradito Nikkei,1,39.6,18,Baños del Inca,15,4.0
EXT-103182,2026-02-27,PedidosYa,Arroz con Pato Marino,1,36.3,25,Cajamarca,19,4.0
EXT-103183,2026-08-04,PedidosYa,Chaufa de Pescado,2,61.6,25,Cajamarca,32,
EXT-103184,2026-03-22,Rappi,Ceviche Clásico,2,61.6,18,Cajamarca,39,4.0
EXT-103185,2026-07-26,PedidosYa,chicharrón de calamar,1,35.2,22,Cajamarca,54,4.0
EXT-103186,2026-02-25,Rappi,tacu tacu con mariscos,1,40.7,18,Namora,24,
EXT-103187,2026-05-21,PedidosYa,CEVICHE VEGETARIANO,3,79.2,22,Namora,37,5.0
EXT-103188,2026-05-23,Rappi,Cebiche Mixto,1,37.4,18,Cajamarca,39,5.0
EXT-103189,2026-01-22,Rappi,LECHE DE TIGRE ESPECIAL,1,26.4,20,Cajamarca,52,
EXT-103190,2026-04-05,Rappi,TACU TACU CON MARISCOS,2,81.4,18,Cajamarca,48,5.0
EXT-103191,2026-06-27,PedidosYa,Cebiche Mixto,1,37.4,25,Cajamarca,26,5.0
EXT-103192,2026-04-05,PedidosYa,ceviche carretillero,1,33.0,25,Cajamarca,35,
EXT-103193,2026-05-02,PedidosYa,SUDADO DE PESCADO,1,37.4,22,Baños del Inca,51,
EXT-103194,2026-05-07,PedidosYa,CEVICHE CARRETILLERO,2,66.0,22,Cajamarca,38,4.0
EXT-103195,2026-09-26,Rappi,Ceviche de Conchas Negras,1,46.2,20,Los Baños,44,5.0
EXT-103196,2026-02-06,Rappi,Filete a la Chorrillana,3,125.4,18,Baños del Inca,32,4.0
EXT-103197,2026-05-19,Rappi,tiradito nikkei,1,39.6,20,Cajamarca,38,5.0
EXT-103198,2026-06-08,Rappi,ceviche mixto,1,37.4,20,Cajamarca,46,1.0
EXT-103199,2026-04-16,PedidosYa,Ceviche Mixto,3,112.2,25,Cajamarca,42,1.0
EXT-103200,2026-05-21,PedidosYa,Ceviche de Pota,1,24.2,22,Cajamarca,34,4.0
EXT-103201,2026-08-06,PedidosYa,Ceviche Clasico,3,92.4,25,Cajamarca,24,5.0
EXT-103202,2026-01-21,Rappi,arroz negro,1,39.6,18,Cajamarca,51,5.0
EXT-103203,2026-02-02,PedidosYa,LECHE DE TIGRE,1,19.8,25,Cajamarca,28,5.0
EXT-103204,2026-02-18,Rappi,CEVICHE VEGETARIANO,2,52.8,20,Cajamarca,31,
EXT-103205,2026-07-23,PedidosYa,Ceviche Mixto,1,37.4,22,Baños del Inca,38,1.0
EXT-103206,2026-04-25,Rappi,TACU TACU CON MARISCOS,1,40.7,20,Llacanora,38,3.0
EXT-103207,2026-02-25,PedidosYa,Cebiche Vegetariano,3,79.2,22,Llacanora,42,5.0
EXT-103208,2026-04-01,Rappi,Leche de Tigre,3,59.4,18,Cajamarca,20,5.0
EXT-103209,2026-02-02,Rappi,Ceviche Clásico,1,30.8,20,Baños del Inca,26,
EXT-103210,2026-09-06,Rappi,Leche de Tigre,1,19.8,20,Baños del Inca,38,3.0
EXT-103211,2026-08-09,PedidosYa,Ceviche Carretillero,2,66.0,22,Los Baños,46,4.0
EXT-103212,2026-01-17,PedidosYa,ceviche de pota,1,24.2,25,Cajamarca,48,4.0
EXT-103213,2026-01-02,PedidosYa,Arroz Negro,3,118.8,25,Cajamarca,38,5.0
EXT-103214,2026-06-04,PedidosYa,Leche de Tigre,1,19.8,25,Cajamarca,35,2.0
EXT-103215,2026-03-23,PedidosYa,Leche de Pantera,1,28.6,25,Baños del Inca,31,4.0
EXT-103216,2026-02-25,PedidosYa,arroz negro,1,39.6,25,Baños del Inca,27,5.0
EXT-103217,2026-04-04,PedidosYa,LECHE DE TIGRE,1,19.8,22,Cajamarca,39,4.0
EXT-103218,2026-07-30,PedidosYa,Arroz Negro,1,39.6,25,Cajamarca,34,
EXT-103219,2026-06-10,Rappi,Leche de Pantera,1,28.6,18,Cajamarca,40,4.0
EXT-103220,2026-02-07,Rappi,tiradito nikkei,1,39.6,20,Llacanora,35,3.0
EXT-103221,2026-09-25,PedidosYa,ceviche clásico,1,30.8,22,Cajamarca,25,4.0
EXT-103222,2026-05-23,Rappi,Arroz con Mariscos,1,38.5,20,Cajamarca,20,4.0
EXT-103223,2026-08-28,PedidosYa,Cebiche de Pota,1,24.2,25,Baños del Inca,27,
EXT-103224,2026-07-16,Rappi,Leche de Tigre,1,19.8,20,Cajamarca,39,2.0
EXT-103225,2026-09-15,PedidosYa,FILETE A LA CHORRILLANA,3,125.4,22,Baños del Inca,42,5.0
EXT-103226,2026-01-30,PedidosYa,Parihuela,1,46.2,22,Los Baños,31,2.0
EXT-103227,2026-03-06,PedidosYa,Ceviche Clásico,1,30.8,25,Baños del Inca,55,4.0
EXT-103228,2026-05-20,PedidosYa,Pescado a lo Macho,2,96.8,25,Cajamarca,21,5.0
EXT-103229,2026-04-21,PedidosYa,Sopa Chilcano de Pescado,1,27.5,22,Cajamarca,21,5.0
EXT-103230,2026-03-13,PedidosYa,CEVICHE DE CONCHAS NEGRAS,2,92.4,25,Baños del Inca,50,4.0
EXT-103231,2026-03-29,PedidosYa,CHICHARRÓN DE CALAMAR,1,35.2,22,Baños del Inca,30,4.0
EXT-103232,2026-03-19,PedidosYa,ceviche mixto,1,37.4,25,Cajamarca,34,
EXT-103233,2026-08-07,Rappi,Arroz Chaufa de Mariscos,1,35.2,20,Baños del Inca,34,
EXT-103234,2026-05-27,Rappi,Arroz Negro,1,39.6,18,Cajamarca,12,5.0
EXT-103235,2026-08-11,PedidosYa,Arroz con Pato Marino,3,108.9,22,Cajamarca,37,4.0
EXT-103236,2026-07-28,PedidosYa,Ceviche Carretillero,1,33.0,25,Cajamarca,40,
EXT-103237,2026-06-11,PedidosYa,chicharrón de pescado,1,33.0,25,Los Baños,18,
EXT-103238,2026-01-27,PedidosYa,ceviche de camarón,1,41.8,25,San Juan,37,4.0
EXT-103239,2026-08-22,PedidosYa,Cebiche de Camarón,2,83.6,22,Baños del Inca,30,5.0
EXT-103240,2026-03-06,Rappi,Ceviche Carretillero,1,33.0,20,San Juan,30,2.0
EXT-103241,2026-08-02,PedidosYa,arroz negro,2,79.2,22,Los Baños,36,4.0
EXT-103242,2026-06-22,Rappi,chaufa de pescado,1,30.8,20,Baños del Inca,44,4.0
EXT-103243,2026-08-07,Rappi,Cebiche Mixto,2,74.8,18,Cajamarca,41,
EXT-103244,2026-05-13,Rappi,Arroz con Pato Marino,2,72.6,18,Cajamarca,25,5.0
EXT-103245,2026-05-22,Rappi,Cebiche de Conchas Negras,1,46.2,18,Cajamarca,26,4.0
EXT-103246,2026-09-09,PedidosYa,Tiradito Nikkei,1,39.6,25,Cajamarca,46,4.0
EXT-103247,2026-08-02,Rappi,Sudado de Pescado,1,37.4,20,Llacanora,23,3.0
EXT-103248,2026-08-16,Rappi,Sudado de Pescado,3,112.2,18,Baños del Inca,19,4.0
EXT-103249,2026-05-23,Rappi,CEVICHE DE POTA,1,24.2,18,Cajamarca,40,5.0
EXT-103250,2026-02-08,PedidosYa,LECHE DE PANTERA,1,28.6,25,Los Baños,39,4.0
EXT-103251,2026-06-04,PedidosYa,PARIHUELA,3,138.6,25,Cajamarca,34,2.0
EXT-103252,2026-03-10,Rappi,Arroz Negro,3,118.8,18,Cajamarca,34,
EXT-103253,2026-04-01,PedidosYa,Leche de Tigre,1,19.8,22,Cajamarca,30,5.0
EXT-103254,2026-01-22,PedidosYa,Leche de Tigre,3,59.4,25,Cajamarca,42,5.0
EXT-103255,2026-04-18,PedidosYa,Ceviche de Pota,1,24.2,25,Cajamarca,33,5.0
EXT-103256,2026-06-20,PedidosYa,Cebiche Mixto,1,37.4,22,Cajamarca,39,5.0
EXT-103257,2026-08-01,PedidosYa,tacu tacu con mariscos,1,40.7,25,Cajamarca,44,4.0
EXT-103258,2026-09-15,PedidosYa,Sudado de Pescado,1,37.4,25,Llacanora,25,
EXT-103259,2026-03-04,PedidosYa,SALTADO DE MARISCOS,2,79.2,22,Baños del Inca,40,4.0
EXT-103260,2026-07-10,Rappi,CEVICHE VEGETARIANO,2,52.8,18,Cajamarca,33,
EXT-103261,2026-01-16,Rappi,Leche de Tigre,2,39.6,18,Cajamarca,43,3.0
EXT-103262,2026-02-08,Rappi,Sudado de Pescado,1,37.4,20,Cajamarca,28,
EXT-103263,2026-06-19,PedidosYa,Arroz con Mariscos,1,38.5,25,San Juan,26,1.0
EXT-103264,2026-05-26,PedidosYa,Saltado de Mariscos,1,39.6,25,Cajamarca,36,5.0
EXT-103265,2026-04-01,Rappi,Ceviche Mixto,3,112.2,20,Cajamarca,45,5.0
EXT-103266,2026-06-11,PedidosYa,ceviche clásico,2,61.6,22,Cajamarca,42,5.0
EXT-103267,2026-05-24,Rappi,ceviche vegetariano,1,26.4,20,Los Baños,47,5.0
EXT-103268,2026-03-10,PedidosYa,Cebiche Vegetariano,2,52.8,25,Baños del Inca,20,5.0
EXT-103269,2026-06-06,PedidosYa,Sudado de Pescado,2,74.8,22,Cajamarca,39,4.0
EXT-103270,2026-04-17,Rappi,Arroz con Mariscos,1,38.5,18,Cajamarca,24,2.0
EXT-103271,2026-08-24,PedidosYa,Ceviche Carretillero,1,33.0,25,Los Baños,19,4.0
EXT-103272,2026-09-18,Rappi,LECHE DE PANTERA,1,28.6,18,Namora,46,4.0
EXT-103273,2026-03-27,PedidosYa,Ceviche Clasico,1,30.8,25,San Juan,36,
EXT-103274,2026-08-26,PedidosYa,jalea mixta,1,49.5,22,Namora,23,5.0
EXT-103275,2026-02-01,Rappi,Cebiche de Conchas Negras,1,46.2,18,Cajamarca,26,
EXT-103276,2026-06-02,PedidosYa,Tiradito Nikkei,1,39.6,22,Cajamarca,26,4.0
EXT-103277,2026-06-09,Rappi,Ceviche de Pota,1,24.2,18,Llacanora,49,4.0
EXT-103278,2026-03-24,PedidosYa,Chaufa de Pescado,2,61.6,22,Cajamarca,45,
EXT-103279,2026-01-02,PedidosYa,arroz negro,1,39.6,25,Namora,31,1.0
EXT-103280,2026-06-25,PedidosYa,Jalea Mixta,1,49.5,22,Cajamarca,20,5.0
EXT-103281,2026-07-07,Rappi,Sopa Chilcano de Pescado,1,27.5,18,Namora,32,
EXT-103282,2026-09-08,Rappi,Tacu Tacu con Mariscos,1,40.7,20,Baños del Inca,23,
EXT-103283,2026-07-31,Rappi,TIRADITO NIKKEI,2,79.2,20,Los Baños,28,5.0
EXT-103284,2026-02-10,Rappi,JALEA MIXTA,2,99.0,18,Cajamarca,46,5.0
EXT-103285,2026-07-01,Rappi,Cebiche Mixto,1,37.4,20,Cajamarca,24,5.0
EXT-103286,2026-04-13,Rappi,ceviche de conchas negras,1,46.2,18,Baños del Inca,32,5.0
EXT-103287,2026-06-05,Rappi,Cebiche Clásico,2,61.6,20,Namora,28,5.0
EXT-103288,2026-04-03,PedidosYa,Tiradito Nikkei,1,39.6,22,Cajamarca,30,
EXT-103289,2026-02-28,Rappi,tiradito nikkei,1,39.6,20,Cajamarca,34,
EXT-103290,2026-04-30,Rappi,Tiradito Nikkei,2,79.2,18,Llacanora,39,3.0
EXT-103291,2026-01-11,Rappi,Cebiche Mixto,1,37.4,20,Cajamarca,29,4.0
EXT-103292,2026-01-26,PedidosYa,ARROZ NEGRO,1,39.6,25,Cajamarca,40,4.0
EXT-103293,2026-03-03,PedidosYa,CEVICHE DE CAMARÓN,1,41.8,25,Cajamarca,45,5.0
EXT-103294,2026-08-09,Rappi,Arroz con Mariscos,1,38.5,20,Cajamarca,36,5.0
EXT-103295,2026-05-28,PedidosYa,Cebiche Carretillero,1,33.0,25,Cajamarca,36,4.0
EXT-103296,2026-05-26,Rappi,Sopa Chilcano de Pescado,1,27.5,18,Cajamarca,23,5.0
EXT-103297,2026-03-09,Rappi,Tacu Tacu con Mariscos,2,81.4,18,Cajamarca,33,5.0
EXT-103298,2026-03-24,Rappi,Ceviche Clasico,2,61.6,18,Los Baños,32,5.0
EXT-103299,2026-08-13,Rappi,Ceviche de Camarón,1,41.8,18,Cajamarca,39,4.0
EXT-103300,2026-07-18,PedidosYa,Ceviche Vegetariano,1,26.4,22,Namora,46,5.0
EXT-103301,2026-09-08,PedidosYa,Leche de Tigre Especial,2,52.8,25,Cajamarca,32,4.0
EXT-103302,2026-08-25,Rappi,tiradito nikkei,1,39.6,20,Cajamarca,14,2.0
EXT-103303,2026-02-16,Rappi,Cebiche de Camarón,1,41.8,18,Cajamarca,28,4.0
EXT-103304,2026-05-07,PedidosYa,Leche de Tigre,1,19.8,22,Baños del Inca,40,5.0
EXT-103305,2026-01-28,PedidosYa,JALEA MIXTA,1,49.5,22,Cajamarca,38,2.0
EXT-103306,2026-09-17,PedidosYa,Ceviche Mixto,2,74.8,25,Baños del Inca,24,4.0
EXT-103307,2026-03-15,Rappi,Tiradito Nikkei,1,39.6,20,Baños del Inca,34,1.0
EXT-103308,2026-01-03,PedidosYa,Tiradito Nikkei,1,39.6,25,Baños del Inca,14,1.0
EXT-103309,2026-03-28,PedidosYa,ARROZ CON PATO MARINO,1,36.3,25,Cajamarca,44,4.0
EXT-103310,2026-04-18,PedidosYa,Chaufa de Pescado,2,61.6,22,Cajamarca,39,
EXT-103311,2026-09-18,Rappi,Cebiche Mixto,1,37.4,18,Cajamarca,31,5.0
EXT-103312,2026-08-27,Rappi,Sudado de Pescado,1,37.4,20,San Juan,41,4.0
EXT-103313,2026-07-16,PedidosYa,Arroz con Pato Marino,1,36.3,22,Cajamarca,47,
EXT-103314,2026-05-18,PedidosYa,Arroz Chaufa de Mariscos,1,35.2,22,Los Baños,24,4.0
EXT-103315,2026-05-22,PedidosYa,Cebiche Vegetariano,1,26.4,25,Cajamarca,39,5.0
EXT-103316,2026-09-02,PedidosYa,Arroz Negro,1,39.6,25,Baños del Inca,37,3.0
EXT-103317,2026-02-09,PedidosYa,saltado de mariscos,2,79.2,25,Cajamarca,33,5.0
EXT-103318,2026-03-16,Rappi,CEVICHE CARRETILLERO,1,33.0,20,Baños del Inca,39,5.0
EXT-103319,2026-09-13,Rappi,arroz negro,2,79.2,18,Baños del Inca,28,
EXT-103320,2026-08-27,PedidosYa,Pescado a lo Macho,1,48.4,22,Cajamarca,39,4.0
EXT-103321,2026-09-17,PedidosYa,Cebiche de Camarón,1,41.8,25,Llacanora,30,4.0
EXT-103322,2026-05-27,PedidosYa,Chicharrón de Pescado,1,33.0,22,Cajamarca,41,4.0
EXT-103323,2026-08-17,Rappi,Ceviche Vegetariano,1,26.4,18,Baños del Inca,29,4.0
EXT-103324,2026-09-22,Rappi,LECHE DE TIGRE,1,19.8,18,Cajamarca,40,5.0
EXT-103325,2026-09-12,Rappi,Ceviche de Pota,1,24.2,20,Cajamarca,37,2.0
EXT-103326,2026-09-12,PedidosYa,Tiradito Nikkei,2,79.2,25,Cajamarca,35,5.0
EXT-103327,2026-05-21,PedidosYa,Saltado de Mariscos,2,79.2,25,Cajamarca,30,3.0
EXT-103328,2026-03-10,PedidosYa,Cebiche de Camarón,1,,22,Namora,12,
EXT-103329,2026-02-11,Rappi,arroz negro,1,39.6,18,Baños del Inca,28,4.0
EXT-103330,2026-02-23,PedidosYa,Cebiche Mixto,1,37.4,25,Cajamarca,25,4.0
EXT-103331,2026-03-15,Rappi,SOPA CHILCANO DE PESCADO,1,27.5,18,Cajamarca,24,4.0
EXT-103332,2026-08-11,PedidosYa,Ceviche de Conchas Negras,1,46.2,22,Cajamarca,31,5.0
EXT-103333,2026-04-08,Rappi,Ceviche de Pota,1,24.2,20,Cajamarca,42,5.0
EXT-103334,2026-08-02,Rappi,Leche de Pantera,2,57.2,18,Cajamarca,36,
EXT-103335,2026-04-27,Rappi,Leche de Pantera,1,28.6,20,Namora,28,5.0
EXT-103336,2026-05-29,Rappi,Arroz con Mariscos,1,38.5,18,San Juan,35,5.0
EXT-103337,2026-05-03,PedidosYa,Pescado a lo Macho,2,96.8,22,Cajamarca,35,5.0
EXT-103338,2026-08-25,PedidosYa,Leche de Tigre Especial,3,79.2,22,Llacanora,33,1.0
EXT-103339,2026-04-06,PedidosYa,TIRADITO NIKKEI,1,39.6,22,Cajamarca,26,4.0
EXT-103340,2026-02-01,Rappi,Arroz Chaufa de Mariscos,1,35.2,18,Cajamarca,34,4.0
EXT-103341,2026-08-18,PedidosYa,Arroz con Pato Marino,2,72.6,22,Los Baños,42,
EXT-103342,2026-09-25,PedidosYa,chicharrón de calamar,1,35.2,25,Baños del Inca,37,4.0
EXT-103343,2026-06-16,Rappi,ARROZ CHAUFA DE MARISCOS,1,35.2,18,Llacanora,46,5.0
EXT-103344,2026-09-24,PedidosYa,CEVICHE CLÁSICO,1,30.8,22,Cajamarca,17,4.0
EXT-103345,2026-07-04,PedidosYa,Tiradito Nikkei,1,39.6,25,Cajamarca,48,5.0
EXT-103346,2026-09-13,PedidosYa,CEVICHE MIXTO,2,74.8,22,Cajamarca,26,4.0
EXT-103347,2026-08-18,Rappi,ceviche mixto,1,37.4,18,Cajamarca,39,2.0
EXT-103348,2026-06-22,Rappi,Leche de Tigre,1,19.8,18,Los Baños,27,4.0
EXT-103349,2026-04-24,PedidosYa,Cebiche Vegetariano,1,26.4,25,Cajamarca,21,5.0
EXT-103350,2026-01-08,PedidosYa,Arroz Negro,1,39.6,25,Baños del Inca,43,5.0
EXT-103351,2026-03-22,PedidosYa,Arroz con Pato Marino,2,72.6,25,Cajamarca,41,5.0
EXT-103352,2026-02-22,PedidosYa,Tiradito Nikkei,1,39.6,22,Baños del Inca,16,5.0
EXT-103353,2026-06-23,PedidosYa,ceviche vegetariano,2,52.8,22,Cajamarca,44,5.0
EXT-103354,2026-05-25,PedidosYa,Ceviche Mixto,1,37.4,22,Llacanora,34,4.0
EXT-103355,2026-02-05,Rappi,Tacu Tacu con Mariscos,1,40.7,18,Cajamarca,38,5.0
EXT-103356,2026-08-22,Rappi,Tiradito Nikkei,2,79.2,18,Cajamarca,38,3.0
EXT-103357,2026-09-10,PedidosYa,Tiradito Nikkei,2,79.2,25,Los Baños,31,4.0
EXT-103358,2026-01-15,Rappi,Chaufa de Pescado,3,92.4,20,Cajamarca,30,5.0
EXT-103359,2026-01-21,Rappi,CEVICHE MIXTO,2,74.8,18,Cajamarca,42,4.0
EXT-103360,2026-04-12,PedidosYa,Ceviche Carretillero,1,33.0,22,Cajamarca,37,4.0
EXT-103361,2026-07-19,PedidosYa,Cebiche Mixto,1,37.4,25,Baños del Inca,29,4.0
EXT-103362,2026-02-25,PedidosYa,Arroz Negro,1,39.6,25,Cajamarca,26,4.0
EXT-103363,2026-06-16,PedidosYa,CEVICHE MIXTO,1,37.4,22,Cajamarca,38,
EXT-103364,2026-01-20,PedidosYa,Ceviche Mixto,1,37.4,22,Baños del Inca,21,5.0
EXT-103365,2026-09-06,Rappi,Tiradito Nikkei,1,39.6,20,Baños del Inca,28,1.0
EXT-103366,2026-08-27,Rappi,Arroz con Pato Marino,1,36.3,18,Cajamarca,36,
EXT-103367,2026-07-16,PedidosYa,Chicharron de Calamar,1,35.2,25,Cajamarca,28,3.0
EXT-103368,2026-01-02,Rappi,CEVICHE DE POTA,1,24.2,18,Namora,32,5.0
EXT-103369,2026-01-08,PedidosYa,filete a la chorrillana,1,41.8,25,Cajamarca,31,
EXT-103370,2026-09-07,Rappi,SOPA CHILCANO DE PESCADO,1,27.5,20,Cajamarca,45,5.0
EXT-103371,2026-01-17,Rappi,Parihuela,1,46.2,20,Cajamarca,43,3.0
EXT-103372,2026-05-09,PedidosYa,Leche de Pantera,1,28.6,22,Cajamarca,45,1.0
EXT-103373,2026-02-28,PedidosYa,Cebiche Carretillero,2,66.0,22,San Juan,35,1.0
EXT-103374,2026-07-21,Rappi,Pescado a lo Macho,1,48.4,18,Namora,30,5.0
EXT-103375,2026-07-25,PedidosYa,CEVICHE CLÁSICO,1,30.8,22,Cajamarca,36,3.0
EXT-103376,2026-06-04,PedidosYa,ceviche de camarón,2,83.6,25,Cajamarca,39,5.0
EXT-103377,2026-08-26,PedidosYa,Sopa Chilcano de Pescado,2,55.0,25,Cajamarca,22,4.0
EXT-103378,2026-08-28,PedidosYa,Tacu Tacu con Mariscos,2,81.4,25,Baños del Inca,25,5.0
EXT-103379,2026-07-18,PedidosYa,Pescado a lo Macho,1,48.4,22,Llacanora,35,3.0
EXT-103380,2026-05-24,PedidosYa,chicharrón de pescado,1,33.0,22,Cajamarca,38,5.0
EXT-103381,2026-08-06,Rappi,Filete a la Chorrillana,1,41.8,18,Cajamarca,56,3.0
EXT-103382,2026-01-22,PedidosYa,ARROZ NEGRO,1,39.6,22,Llacanora,33,3.0
EXT-103383,2026-05-31,Rappi,Leche de Pantera,1,28.6,18,Baños del Inca,50,
EXT-103384,2026-04-03,PedidosYa,Ceviche Vegetariano,2,52.8,25,Llacanora,47,
EXT-103385,2026-06-08,PedidosYa,Cebiche Vegetariano,1,26.4,25,Cajamarca,29,5.0
EXT-103386,2026-01-30,Rappi,Sopa Chilcano de Pescado,1,27.5,18,Los Baños,33,4.0
EXT-103387,2026-01-26,PedidosYa,Chicharrón de Pescado,2,66.0,22,Cajamarca,43,5.0
EXT-103388,2026-02-24,PedidosYa,sudado de pescado,1,37.4,22,Cajamarca,31,5.0
EXT-103389,2026-07-17,PedidosYa,arroz con mariscos,2,77.0,25,Baños del Inca,32,5.0
EXT-103390,2026-06-10,PedidosYa,jalea mixta,1,49.5,22,Cajamarca,44,5.0
EXT-103391,2026-06-04,Rappi,leche de tigre,1,19.8,18,Cajamarca,27,4.0
EXT-103392,2026-02-11,PedidosYa,Arroz Negro,1,39.6,22,Cajamarca,34,3.0
EXT-103393,2026-07-27,PedidosYa,Leche de Tigre Especial,1,26.4,25,Baños del Inca,30,5.0
EXT-103394,2026-09-11,Rappi,arroz con pato marino,1,36.3,20,Llacanora,33,5.0
EXT-103395,2026-08-21,PedidosYa,Ceviche de Camarón,2,83.6,22,Baños del Inca,43,5.0
EXT-103396,2026-05-11,Rappi,Cebiche Carretillero,3,99.0,18,Baños del Inca,37,
EXT-103397,2026-09-02,PedidosYa,Tiradito Nikkei,1,39.6,25,Baños del Inca,44,5.0
EXT-103398,2026-01-17,PedidosYa,pescado a lo macho,1,48.4,22,Cajamarca,39,5.0
EXT-103399,2026-04-09,Rappi,Arroz Chaufa de Mariscos,1,35.2,18,Cajamarca,28,4.0
EXT-103400,2026-04-15,Rappi,Ceviche Mixto,1,37.4,20,Baños del Inca,35,5.0
EXT-103401,2026-03-07,PedidosYa,CHAUFA DE PESCADO,1,30.8,25,Cajamarca,31,1.0
EXT-103402,2026-06-04,Rappi,Ceviche de Pota,2,48.4,18,Los Baños,31,5.0
EXT-103403,2026-03-09,PedidosYa,Cebiche Carretillero,2,66.0,25,Baños del Inca,39,4.0
EXT-103404,2026-07-06,Rappi,TIRADITO NIKKEI,1,39.6,20,Baños del Inca,24,3.0
EXT-103405,2026-05-21,PedidosYa,Ceviche de Conchas Negras,2,92.4,25,Cajamarca,34,5.0
EXT-103406,2026-02-17,Rappi,Arroz con Pato Marino,1,36.3,20,Cajamarca,32,5.0
EXT-103407,2026-03-07,Rappi,Chicharrón de Calamar,1,35.2,18,Cajamarca,42,5.0
EXT-103408,2026-09-27,PedidosYa,CEVICHE DE CONCHAS NEGRAS,3,138.6,25,Cajamarca,33,4.0
EXT-103409,2026-01-19,PedidosYa,Ceviche Carretillero,1,33.0,22,Namora,35,4.0
EXT-103410,2026-01-31,PedidosYa,ARROZ CON PATO MARINO,1,36.3,25,Cajamarca,16,1.0
EXT-103411,2026-01-28,PedidosYa,SOPA CHILCANO DE PESCADO,1,27.5,25,Cajamarca,29,3.0
EXT-103412,2026-07-31,Rappi,Arroz Negro,1,39.6,20,Cajamarca,34,2.0
EXT-103413,2026-05-26,Rappi,ceviche mixto,3,112.2,18,Cajamarca,31,5.0
EXT-103414,2026-08-10,PedidosYa,Filete a la Chorrillana,1,41.8,22,Cajamarca,51,4.0
EXT-103415,2026-03-30,Rappi,TACU TACU CON MARISCOS,1,40.7,18,Baños del Inca,43,
EXT-103416,2026-03-27,PedidosYa,Filete a la Chorrillana,2,83.6,22,Cajamarca,46,4.0
EXT-103417,2026-07-27,PedidosYa,Arroz Negro,1,39.6,22,Cajamarca,34,
EXT-103418,2026-05-03,PedidosYa,filete a la chorrillana,1,41.8,22,Cajamarca,24,
EXT-103419,2026-03-03,PedidosYa,Arroz Chaufa de Mariscos,1,35.2,25,Cajamarca,33,4.0
EXT-103420,2026-08-02,PedidosYa,Chicharrón de Calamar,1,35.2,25,Cajamarca,33,3.0
EXT-103421,2026-09-10,PedidosYa,Cebiche Mixto,1,37.4,25,Cajamarca,48,
EXT-103422,2026-09-10,PedidosYa,Ceviche Clásico,1,30.8,25,Cajamarca,20,4.0
EXT-103423,2026-06-06,PedidosYa,Ceviche Clasico,1,30.8,25,Baños del Inca,18,1.0
EXT-103424,2026-02-15,Rappi,Tacu Tacu con Mariscos,1,40.7,20,Baños del Inca,38,1.0
EXT-103425,2026-08-02,Rappi,tacu tacu con mariscos,2,81.4,18,Llacanora,30,4.0
EXT-103426,2026-03-27,PedidosYa,tiradito nikkei,2,79.2,22,Cajamarca,23,5.0
EXT-103427,2026-03-18,Rappi,Leche de Pantera,1,28.6,20,Cajamarca,42,5.0
EXT-103428,2026-06-29,Rappi,Arroz con Mariscos,3,115.5,18,Cajamarca,29,3.0
EXT-103429,2026-06-09,Rappi,Tiradito Nikkei,1,39.6,20,Cajamarca,29,5.0
EXT-103430,2026-09-19,Rappi,ceviche carretillero,2,66.0,20,Cajamarca,41,3.0
EXT-103431,2026-06-17,Rappi,arroz chaufa de mariscos,1,35.2,18,Los Baños,50,5.0
EXT-103432,2026-08-12,Rappi,Ceviche Vegetariano,1,26.4,20,Baños del Inca,36,4.0
EXT-103433,2026-06-28,PedidosYa,tiradito nikkei,2,79.2,25,Cajamarca,13,
EXT-103434,2026-03-14,Rappi,Ceviche Carretillero,1,33.0,20,Cajamarca,29,1.0
EXT-103435,2026-08-27,PedidosYa,Arroz Negro,1,39.6,25,Cajamarca,46,4.0
EXT-103436,2026-05-29,PedidosYa,Ceviche Carretillero,1,33.0,25,Baños del Inca,28,4.0
EXT-103437,2026-08-27,PedidosYa,Jalea Mixta,1,49.5,25,Cajamarca,33,4.0
EXT-103438,2026-03-13,Rappi,arroz chaufa de mariscos,1,35.2,20,Cajamarca,35,4.0
EXT-103439,2026-03-18,Rappi,Ceviche Vegetariano,1,26.4,18,Cajamarca,43,2.0
EXT-103440,2026-08-01,PedidosYa,Arroz con Mariscos,1,38.5,25,Cajamarca,21,5.0
EXT-103441,2026-08-13,Rappi,Cebiche Mixto,2,74.8,20,Baños del Inca,25,
EXT-103442,2026-07-01,PedidosYa,ceviche vegetariano,1,26.4,22,Cajamarca,27,
EXT-103443,2026-02-18,PedidosYa,Jalea Mixta,1,49.5,25,Cajamarca,21,4.0
EXT-103444,2026-02-16,PedidosYa,FILETE A LA CHORRILLANA,1,41.8,25,Baños del Inca,42,5.0
EXT-103445,2026-05-26,PedidosYa,Ceviche de Conchas Negras,1,46.2,25,Cajamarca,27,4.0
EXT-103446,2026-04-03,Rappi,Chaufa de Pescado,1,30.8,20,Cajamarca,33,4.0
EXT-103447,2026-01-26,PedidosYa,PARIHUELA,1,46.2,25,Baños del Inca,24,4.0
EXT-103448,2026-03-14,PedidosYa,Parihuela,1,46.2,25,Cajamarca,24,3.0
EXT-103449,2026-03-26,PedidosYa,Arroz con Mariscos,2,77.0,22,Baños del Inca,53,4.0
EXT-103450,2026-01-03,Rappi,Leche de Tigre,1,19.8,18,Cajamarca,42,5.0
EXT-103451,2026-04-10,Rappi,CEVICHE CARRETILLERO,1,33.0,18,Cajamarca,39,5.0
EXT-103452,2026-05-09,PedidosYa,Leche de Tigre Especial,1,26.4,22,Cajamarca,28,2.0
EXT-103453,2026-06-01,Rappi,Ceviche de Conchas Negras,1,46.2,20,Baños del Inca,38,4.0
EXT-103454,2026-04-27,Rappi,Arroz con Pato Marino,1,36.3,20,Baños del Inca,26,4.0
EXT-103455,2026-06-14,PedidosYa,Chicharrón de Calamar,1,35.2,22,Cajamarca,21,3.0
EXT-103456,2026-01-03,PedidosYa,arroz negro,1,39.6,22,Cajamarca,42,4.0
EXT-103457,2026-03-10,PedidosYa,Cebiche de Conchas Negras,1,46.2,22,Cajamarca,41,5.0
EXT-103458,2026-09-01,PedidosYa,Ceviche Clasico,1,30.8,25,San Juan,38,5.0
EXT-103459,2026-04-19,PedidosYa,Tiradito Nikkei,1,39.6,22,Cajamarca,26,4.0
EXT-103460,2026-01-16,PedidosYa,ceviche vegetariano,2,52.8,22,Cajamarca,34,
EXT-103461,2026-07-01,Rappi,Pescado a lo Macho,3,145.2,20,Cajamarca,25,4.0
EXT-103462,2026-02-14,Rappi,tiradito nikkei,1,39.6,18,Cajamarca,49,5.0
EXT-103463,2026-02-21,Rappi,Tiradito Nikkei,1,39.6,18,Cajamarca,23,4.0
EXT-103464,2026-08-13,PedidosYa,Cebiche de Camarón,1,41.8,22,Cajamarca,36,5.0
EXT-103465,2026-01-27,PedidosYa,CEVICHE DE CONCHAS NEGRAS,2,92.4,25,Cajamarca,34,4.0
EXT-103466,2026-07-02,PedidosYa,Arroz Negro,1,39.6,25,Cajamarca,39,3.0
EXT-103467,2026-04-24,Rappi,Tacu Tacu con Mariscos,1,40.7,18,Baños del Inca,31,4.0
EXT-103468,2026-08-18,PedidosYa,ceviche mixto,1,37.4,22,Cajamarca,32,5.0
EXT-103469,2026-05-20,PedidosYa,Arroz Negro,1,39.6,25,Cajamarca,27,5.0
EXT-103470,2026-08-03,Rappi,Tiradito Nikkei,1,39.6,20,Cajamarca,45,4.0
EXT-103471,2026-08-17,Rappi,Tiradito Nikkei,1,39.6,20,San Juan,31,3.0
EXT-103472,2026-06-14,Rappi,JALEA MIXTA,1,49.5,18,Cajamarca,35,
EXT-103473,2026-08-12,PedidosYa,Chicharrón de Pescado,1,33.0,22,Cajamarca,42,4.0
EXT-103474,2026-05-25,Rappi,ceviche carretillero,2,66.0,18,Cajamarca,34,5.0
EXT-103475,2026-03-02,PedidosYa,ceviche clásico,1,30.8,25,Cajamarca,24,4.0
EXT-103476,2026-05-22,PedidosYa,ARROZ CHAUFA DE MARISCOS,3,105.6,25,Baños del Inca,32,5.0
EXT-103477,2026-08-23,PedidosYa,SUDADO DE PESCADO,1,37.4,25,San Juan,14,4.0
EXT-103478,2026-01-05,PedidosYa,ceviche vegetariano,1,26.4,25,Cajamarca,31,4.0
EXT-103479,2026-05-20,PedidosYa,Arroz Negro,1,39.6,25,Baños del Inca,20,4.0
EXT-103480,2026-03-02,PedidosYa,ceviche mixto,1,37.4,22,Cajamarca,24,
EXT-103481,2026-05-22,PedidosYa,Saltado de Mariscos,3,118.8,22,Cajamarca,30,4.0
EXT-103482,2026-09-06,PedidosYa,Tacu Tacu con Mariscos,3,122.1,25,San Juan,33,5.0
EXT-103483,2026-09-25,PedidosYa,sudado de pescado,1,37.4,22,Baños del Inca,39,
EXT-103484,2026-03-30,Rappi,Ceviche Vegetariano,1,26.4,18,San Juan,37,5.0
EXT-103485,2026-02-19,Rappi,ARROZ CHAUFA DE MARISCOS,1,35.2,20,San Juan,23,4.0
EXT-103486,2026-06-22,Rappi,Cebiche Carretillero,1,33.0,18,Cajamarca,37,4.0
EXT-103487,2026-03-30,PedidosYa,ceviche mixto,1,37.4,22,Baños del Inca,40,5.0
EXT-103488,2026-04-06,PedidosYa,Ceviche Vegetariano,1,26.4,22,Baños del Inca,45,5.0
EXT-103489,2026-01-08,PedidosYa,filete a la chorrillana,1,41.8,22,Cajamarca,35,5.0
EXT-103490,2026-05-11,Rappi,Parihuela,1,46.2,18,Namora,38,5.0
EXT-103491,2026-06-06,PedidosYa,Tiradito Nikkei,1,39.6,22,Namora,47,5.0
EXT-103492,2026-03-11,PedidosYa,leche de tigre,2,39.6,22,Cajamarca,31,
EXT-103493,2026-07-21,PedidosYa,Pescado a lo Macho,1,48.4,22,Los Baños,38,5.0
EXT-103494,2026-08-09,PedidosYa,chaufa de pescado,1,30.8,22,Cajamarca,35,4.0
EXT-103495,2026-03-26,PedidosYa,tiradito nikkei,1,39.6,22,Cajamarca,34,4.0
EXT-103496,2026-01-12,Rappi,Chicharron de Calamar,1,35.2,18,Baños del Inca,39,5.0
EXT-103497,2026-07-25,PedidosYa,tiradito nikkei,2,79.2,25,Cajamarca,46,4.0
EXT-103498,2026-02-19,PedidosYa,CEVICHE CLÁSICO,2,61.6,25,Los Baños,19,5.0
EXT-103499,2026-06-17,Rappi,ceviche clásico,1,30.8,20,Cajamarca,31,4.0
EXT-103500,2026-04-29,Rappi,Cebiche Vegetariano,1,26.4,18,Cajamarca,35,4.0
EXT-103501,2026-02-25,Rappi,Cebiche Mixto,1,37.4,20,Cajamarca,23,5.0
EXT-103502,2026-04-06,PedidosYa,Leche de Pantera,1,28.6,22,Baños del Inca,48,4.0
EXT-103503,2026-03-27,Rappi,Sopa Chilcano de Pescado,1,27.5,20,Cajamarca,32,5.0
EXT-103504,2026-09-01,PedidosYa,Arroz Negro,1,39.6,25,Baños del Inca,38,4.0
EXT-103505,2026-09-27,Rappi,chicharrón de calamar,1,35.2,20,Cajamarca,45,5.0
EXT-103506,2026-06-28,Rappi,leche de tigre especial,2,52.8,18,Namora,50,
EXT-103507,2026-06-16,Rappi,Cebiche Vegetariano,1,26.4,18,Los Baños,44,4.0
EXT-103508,2026-03-01,Rappi,Arroz Negro,3,118.8,18,Cajamarca,43,4.0
EXT-103509,2026-01-21,Rappi,sopa chilcano de pescado,2,55.0,18,Baños del Inca,38,4.0
EXT-103510,2026-07-02,Rappi,Tiradito Nikkei,2,79.2,20,Cajamarca,33,4.0
EXT-103511,2026-06-28,PedidosYa,Ceviche de Camarón,2,83.6,22,Namora,23,5.0
EXT-103512,2026-02-13,PedidosYa,Tiradito Nikkei,1,39.6,25,Los Baños,20,
EXT-103513,2026-08-22,Rappi,Arroz Negro,1,39.6,20,Llacanora,35,5.0
EXT-103514,2026-01-12,PedidosYa,arroz con pato marino,1,36.3,25,Cajamarca,29,
EXT-103515,2026-03-30,Rappi,Pescado a lo Macho,1,48.4,18,Cajamarca,32,4.0
EXT-103516,2026-05-06,PedidosYa,tiradito nikkei,2,79.2,25,Cajamarca,50,
EXT-103517,2026-04-17,Rappi,CEVICHE VEGETARIANO,1,26.4,20,Cajamarca,39,5.0
EXT-103518,2026-07-10,PedidosYa,tacu tacu con mariscos,1,40.7,22,Cajamarca,33,5.0
EXT-103519,2026-02-09,Rappi,Ceviche de Conchas Negras,1,46.2,20,Cajamarca,18,5.0
EXT-103520,2026-07-08,Rappi,Saltado de Mariscos,3,118.8,18,Cajamarca,32,5.0
EXT-103521,2026-09-08,PedidosYa,Ceviche Mixto,1,37.4,22,Cajamarca,43,3.0
EXT-103522,2026-05-01,PedidosYa,Leche de Tigre Especial,1,26.4,25,Cajamarca,28,4.0
EXT-103523,2026-04-12,PedidosYa,Cebiche Vegetariano,1,26.4,25,Cajamarca,36,4.0
EXT-103524,2026-04-29,PedidosYa,Pescado a lo Macho,1,48.4,22,San Juan,37,
EXT-103525,2026-07-26,Rappi,Leche de Pantera,1,28.6,20,Baños del Inca,34,5.0
EXT-103526,2026-07-24,PedidosYa,Pescado a lo Macho,1,48.4,25,Cajamarca,45,5.0
EXT-103527,2026-01-06,PedidosYa,ARROZ NEGRO,1,39.6,22,Cajamarca,32,5.0
EXT-103528,2026-06-22,PedidosYa,Arroz con Pato Marino,1,36.3,22,Cajamarca,22,4.0
EXT-103529,2026-04-03,Rappi,Leche de Tigre Especial,1,26.4,20,Cajamarca,35,4.0
EXT-103530,2026-04-18,PedidosYa,Filete a la Chorrillana,1,41.8,25,Cajamarca,35,3.0
EXT-103531,2026-08-18,Rappi,Ceviche Vegetariano,1,26.4,20,Cajamarca,40,4.0
EXT-103532,2026-06-24,Rappi,Cebiche Vegetariano,1,26.4,20,Cajamarca,37,5.0
EXT-103533,2026-01-01,PedidosYa,Chicharron de Pescado,1,33.0,25,Cajamarca,39,4.0
EXT-103534,2026-02-21,PedidosYa,Parihuela,1,46.2,25,Cajamarca,27,5.0
EXT-103535,2026-05-09,Rappi,PESCADO A LO MACHO,2,96.8,20,Cajamarca,40,3.0
EXT-103536,2026-06-11,Rappi,CEVICHE MIXTO,1,37.4,18,Cajamarca,27,5.0
EXT-103537,2026-02-19,Rappi,Pescado a lo Macho,2,96.8,20,Baños del Inca,38,5.0
EXT-103538,2026-08-19,Rappi,CHICHARRÓN DE CALAMAR,1,35.2,20,Cajamarca,18,
EXT-103539,2026-02-27,PedidosYa,TIRADITO NIKKEI,2,79.2,22,Cajamarca,34,
EXT-103540,2026-02-03,PedidosYa,ceviche de camarón,1,41.8,22,Cajamarca,50,4.0
EXT-103541,2026-04-26,PedidosYa,ceviche de pota,1,24.2,22,Cajamarca,46,4.0
EXT-103542,2026-06-24,PedidosYa,Jalea Mixta,1,49.5,22,Cajamarca,24,4.0
EXT-103543,2026-05-18,PedidosYa,sudado de pescado,3,112.2,25,Baños del Inca,28,5.0
EXT-103544,2026-05-11,Rappi,Cebiche Clásico,1,30.8,18,Cajamarca,36,3.0
EXT-103545,2026-04-19,Rappi,Ceviche de Conchas Negras,1,46.2,18,Cajamarca,32,4.0
EXT-103546,2026-01-11,PedidosYa,Chaufa de Pescado,2,61.6,22,Llacanora,29,5.0
EXT-103547,2026-05-12,PedidosYa,Cebiche Vegetariano,2,52.8,22,Cajamarca,39,4.0
EXT-103548,2026-07-26,PedidosYa,leche de tigre,1,19.8,22,Baños del Inca,49,
EXT-103549,2026-04-13,PedidosYa,Chicharrón de Pescado,1,33.0,25,Cajamarca,31,3.0
EXT-103550,2026-07-12,PedidosYa,ceviche de camarón,1,41.8,22,Cajamarca,41,3.0
EXT-103551,2026-05-17,Rappi,Cebiche Mixto,2,74.8,20,Baños del Inca,33,3.0
EXT-103552,2026-01-25,Rappi,SUDADO DE PESCADO,3,112.2,20,Cajamarca,22,2.0
EXT-103553,2026-07-24,Rappi,CEVICHE MIXTO,1,37.4,20,Cajamarca,37,4.0
EXT-103554,2026-06-06,PedidosYa,Arroz Chaufa de Mariscos,1,35.2,25,Cajamarca,42,4.0
EXT-103555,2026-04-19,PedidosYa,Chicharrón de Pescado,1,33.0,25,Cajamarca,43,
EXT-103556,2026-03-14,Rappi,leche de pantera,1,28.6,20,Los Baños,40,4.0
EXT-103557,2026-04-11,PedidosYa,Leche de Tigre Especial,2,52.8,25,Cajamarca,30,5.0
EXT-103558,2026-04-28,PedidosYa,Leche de Tigre Especial,1,26.4,25,Cajamarca,31,
EXT-103559,2026-03-14,PedidosYa,Cebiche Mixto,2,74.8,22,Cajamarca,31,4.0
EXT-103560,2026-01-11,PedidosYa,Leche de Tigre,2,39.6,22,Cajamarca,19,5.0
EXT-103561,2026-03-23,PedidosYa,Ceviche Vegetariano,1,26.4,22,Cajamarca,25,5.0
EXT-103562,2026-09-02,Rappi,Arroz Negro,1,39.6,18,Baños del Inca,30,5.0
EXT-103563,2026-01-23,Rappi,Parihuela,1,46.2,20,Baños del Inca,50,
EXT-103564,2026-01-25,PedidosYa,Arroz Negro,1,39.6,22,Cajamarca,25,
EXT-103565,2026-01-15,Rappi,Cebiche Vegetariano,1,26.4,18,Cajamarca,27,1.0
EXT-103566,2026-01-25,Rappi,chaufa de pescado,1,30.8,20,Baños del Inca,34,4.0
EXT-103567,2026-07-24,Rappi,Cebiche Vegetariano,1,26.4,20,Cajamarca,30,5.0
EXT-103568,2026-06-18,Rappi,FILETE A LA CHORRILLANA,2,83.6,18,Cajamarca,38,2.0
EXT-103569,2026-03-09,PedidosYa,chicharrón de pescado,1,33.0,25,Cajamarca,29,4.0
EXT-103570,2026-04-08,PedidosYa,ceviche de pota,1,24.2,25,Cajamarca,25,4.0
EXT-103571,2026-06-20,Rappi,Tiradito Nikkei,1,39.6,20,Cajamarca,21,
EXT-103572,2026-09-16,PedidosYa,Ceviche Vegetariano,1,26.4,25,Cajamarca,35,4.0
EXT-103573,2026-07-25,PedidosYa,Sopa Chilcano de Pescado,1,27.5,22,Namora,39,5.0
EXT-103574,2026-05-19,Rappi,pescado a lo macho,2,96.8,18,Llacanora,43,4.0
EXT-103575,2026-03-27,PedidosYa,Chicharrón de Pescado,2,66.0,25,Cajamarca,43,2.0
EXT-103576,2026-04-24,Rappi,Cebiche de Camarón,1,41.8,20,Baños del Inca,55,5.0
EXT-103577,2026-04-13,PedidosYa,Tacu Tacu con Mariscos,2,81.4,25,Namora,43,5.0
EXT-103578,2026-06-26,PedidosYa,Leche de Tigre Especial,1,26.4,25,Baños del Inca,35,4.0
EXT-103579,2026-07-01,PedidosYa,ceviche de pota,1,24.2,25,Baños del Inca,26,5.0
EXT-103580,2026-06-08,PedidosYa,CHICHARRÓN DE PESCADO,1,33.0,25,Baños del Inca,22,5.0
EXT-103581,2026-06-18,Rappi,Ceviche de Pota,2,48.4,20,Llacanora,38,
EXT-103582,2026-05-29,PedidosYa,arroz con pato marino,3,108.9,22,Llacanora,40,5.0
EXT-103583,2026-02-23,Rappi,leche de tigre,1,19.8,18,Cajamarca,54,5.0
EXT-103584,2026-07-02,PedidosYa,Leche de Tigre Especial,1,26.4,22,Llacanora,36,3.0
EXT-103585,2026-04-10,Rappi,Cebiche de Pota,2,48.4,20,Baños del Inca,36,
EXT-103586,2026-03-15,PedidosYa,Pescado a lo Macho,1,48.4,25,Cajamarca,26,5.0
EXT-103587,2026-05-26,PedidosYa,Leche de Pantera,1,28.6,25,San Juan,25,5.0
EXT-103588,2026-06-11,Rappi,Ceviche Vegetariano,1,26.4,20,Cajamarca,45,5.0
EXT-103589,2026-01-28,PedidosYa,ceviche mixto,1,37.4,25,Llacanora,41,4.0
EXT-103590,2026-06-06,Rappi,CEVICHE DE POTA,1,24.2,20,Baños del Inca,39,5.0
EXT-103591,2026-04-27,PedidosYa,ceviche vegetariano,2,52.8,25,Cajamarca,17,4.0
EXT-103592,2026-08-23,PedidosYa,leche de tigre,1,19.8,25,Cajamarca,28,5.0
EXT-103593,2026-03-19,Rappi,Arroz Negro,1,39.6,20,Baños del Inca,31,
EXT-103594,2026-04-25,Rappi,CEVICHE VEGETARIANO,3,79.2,18,Cajamarca,32,5.0
EXT-103595,2026-06-03,PedidosYa,filete a la chorrillana,2,83.6,25,Cajamarca,32,5.0
EXT-103596,2026-08-23,Rappi,Chicharron de Calamar,2,70.4,18,Los Baños,38,3.0
EXT-103597,2026-08-29,Rappi,Jalea Mixta,1,49.5,18,Cajamarca,29,4.0
EXT-103598,2026-03-05,Rappi,Cebiche de Camarón,2,83.6,18,Llacanora,37,5.0
EXT-103599,2026-08-05,Rappi,TACU TACU CON MARISCOS,1,40.7,20,Cajamarca,33,
EXT-103600,2026-05-05,PedidosYa,Cebiche Clásico,1,30.8,25,Cajamarca,29,4.0
EXT-103601,2026-07-26,PedidosYa,CEVICHE CARRETILLERO,1,33.0,22,Cajamarca,39,5.0
EXT-103602,2026-04-01,Rappi,Chicharrón de Pescado,1,33.0,18,Cajamarca,31,4.0
EXT-103603,2026-09-13,Rappi,Sopa Chilcano de Pescado,1,27.5,18,Cajamarca,12,4.0
EXT-103604,2026-07-27,Rappi,ARROZ CHAUFA DE MARISCOS,1,35.2,20,Los Baños,31,
EXT-103605,2026-06-02,PedidosYa,ceviche mixto,1,37.4,22,Cajamarca,33,2.0
EXT-103606,2026-07-07,PedidosYa,Tiradito Nikkei,1,39.6,25,Cajamarca,35,
EXT-103607,2026-09-23,PedidosYa,Ceviche Vegetariano,3,79.2,25,Cajamarca,34,5.0
EXT-103608,2026-04-30,Rappi,Filete a la Chorrillana,3,125.4,18,Cajamarca,39,5.0
EXT-103609,2026-05-08,PedidosYa,Leche de Tigre,2,39.6,25,Cajamarca,46,5.0
EXT-103610,2026-05-30,PedidosYa,FILETE A LA CHORRILLANA,1,41.8,22,Cajamarca,32,
EXT-103611,2026-02-06,PedidosYa,Tacu Tacu con Mariscos,1,40.7,22,Cajamarca,44,
EXT-103612,2026-04-06,PedidosYa,Sopa Chilcano de Pescado,1,27.5,25,Baños del Inca,36,
EXT-103613,2026-03-10,PedidosYa,arroz chaufa de mariscos,1,35.2,22,Cajamarca,38,5.0
EXT-103614,2026-02-09,PedidosYa,Leche de Tigre,1,19.8,25,Cajamarca,33,5.0
EXT-103615,2026-08-11,Rappi,Tiradito Nikkei,2,79.2,20,Cajamarca,29,4.0
EXT-103616,2026-08-17,PedidosYa,CEVICHE CLÁSICO,2,61.6,25,Cajamarca,44,4.0
EXT-103617,2026-07-22,PedidosYa,Tiradito Nikkei,2,79.2,25,Cajamarca,35,3.0
EXT-103618,2026-02-02,PedidosYa,LECHE DE TIGRE ESPECIAL,2,52.8,22,Cajamarca,29,4.0
EXT-103619,2026-05-10,PedidosYa,chicharrón de calamar,1,35.2,22,Baños del Inca,29,1.0
EXT-103620,2026-01-17,PedidosYa,Leche de Tigre,1,19.8,25,Llacanora,24,5.0
EXT-103621,2026-08-11,PedidosYa,CEVICHE DE CAMARÓN,1,41.8,25,Baños del Inca,20,
EXT-103622,2026-01-20,PedidosYa,Ceviche de Conchas Negras,1,46.2,25,Baños del Inca,32,4.0
EXT-103623,2026-04-02,PedidosYa,TIRADITO NIKKEI,2,79.2,22,Namora,60,4.0
EXT-103624,2026-05-11,PedidosYa,Arroz Negro,2,79.2,25,Cajamarca,26,4.0
EXT-103625,2026-08-10,Rappi,Ceviche Vegetariano,2,52.8,18,Baños del Inca,32,
EXT-103626,2026-07-19,Rappi,Leche de Tigre,1,19.8,18,Cajamarca,39,3.0
EXT-103627,2026-02-25,PedidosYa,Ceviche de Pota,1,24.2,25,Cajamarca,30,4.0
EXT-103628,2026-09-08,Rappi,sudado de pescado,1,37.4,20,Cajamarca,38,2.0
EXT-103629,2026-01-15,PedidosYa,CEVICHE DE CONCHAS NEGRAS,2,92.4,25,Cajamarca,37,4.0
EXT-103630,2026-02-05,Rappi,CHAUFA DE PESCADO,1,30.8,20,Cajamarca,45,5.0
EXT-103631,2026-07-30,Rappi,Pescado a lo Macho,1,48.4,18,Cajamarca,30,3.0
EXT-103632,2026-09-01,Rappi,Parihuela,1,46.2,18,Llacanora,47,4.0
EXT-103633,2026-08-15,Rappi,jalea mixta,1,49.5,18,Cajamarca,33,5.0
EXT-103634,2026-08-18,PedidosYa,Ceviche de Pota,2,48.4,25,Cajamarca,47,3.0
EXT-103635,2026-03-12,PedidosYa,Ceviche Mixto,1,37.4,22,Cajamarca,31,4.0
EXT-103636,2026-08-07,Rappi,Ceviche Carretillero,1,33.0,18,Cajamarca,47,3.0
EXT-103637,2026-08-22,PedidosYa,leche de pantera,1,28.6,22,Cajamarca,32,4.0
EXT-103638,2026-09-04,Rappi,CEVICHE DE POTA,1,24.2,18,Baños del Inca,40,5.0
EXT-103639,2026-03-05,PedidosYa,Jalea Mixta,1,49.5,22,Baños del Inca,49,5.0
EXT-103640,2026-06-18,PedidosYa,Arroz Negro,1,39.6,25,Cajamarca,40,5.0
EXT-103641,2026-06-10,PedidosYa,Ceviche Mixto,1,37.4,25,Baños del Inca,15,5.0
EXT-103642,2026-03-06,PedidosYa,Chicharrón de Pescado,1,33.0,25,Llacanora,28,
EXT-103643,2026-04-24,PedidosYa,SUDADO DE PESCADO,1,37.4,25,Baños del Inca,27,5.0
EXT-103644,2026-06-05,PedidosYa,tiradito nikkei,2,79.2,22,Llacanora,48,5.0
EXT-103645,2026-04-15,PedidosYa,Ceviche Mixto,3,112.2,25,Baños del Inca,28,5.0
EXT-103646,2026-05-17,Rappi,TACU TACU CON MARISCOS,1,40.7,18,Cajamarca,12,4.0
EXT-103647,2026-03-14,Rappi,Chicharrón de Calamar,1,35.2,20,Cajamarca,21,5.0
EXT-103648,2026-08-18,Rappi,Tiradito Nikkei,1,39.6,20,Cajamarca,41,5.0
EXT-103649,2026-03-01,PedidosYa,Leche de Tigre,2,39.6,22,Cajamarca,42,5.0
EXT-103650,2026-02-19,PedidosYa,CEVICHE CLÁSICO,2,61.6,25,Cajamarca,26,4.0
EXT-103651,2026-05-10,PedidosYa,tiradito nikkei,1,39.6,25,Cajamarca,28,4.0
EXT-103652,2026-01-02,Rappi,LECHE DE TIGRE,1,19.8,18,Cajamarca,29,4.0
EXT-103653,2026-05-31,PedidosYa,CEVICHE CLÁSICO,1,30.8,22,Baños del Inca,59,5.0
EXT-103654,2026-02-24,Rappi,Tiradito Nikkei,1,39.6,20,Los Baños,35,3.0
EXT-103655,2026-04-13,PedidosYa,tiradito nikkei,1,39.6,22,Baños del Inca,32,5.0
EXT-103656,2026-09-11,PedidosYa,Ceviche de Camarón,1,41.8,25,San Juan,21,4.0
EXT-103657,2026-05-17,PedidosYa,tiradito nikkei,2,79.2,22,Cajamarca,42,4.0
EXT-103658,2026-03-12,PedidosYa,Ceviche de Pota,1,24.2,22,Cajamarca,38,
EXT-103659,2026-03-07,Rappi,arroz chaufa de mariscos,1,35.2,20,Cajamarca,38,
EXT-103660,2026-08-31,PedidosYa,Cebiche Vegetariano,1,26.4,22,Cajamarca,30,4.0
EXT-103661,2026-09-02,Rappi,Filete a la Chorrillana,1,41.8,20,San Juan,41,4.0
EXT-103662,2026-06-15,PedidosYa,JALEA MIXTA,1,49.5,25,Cajamarca,28,3.0
EXT-103663,2026-01-10,PedidosYa,CEVICHE DE POTA,1,24.2,22,Los Baños,23,5.0
EXT-103664,2026-08-15,PedidosYa,Chicharrón de Pescado,2,66.0,25,Cajamarca,34,5.0
EXT-103665,2026-09-17,PedidosYa,jalea mixta,1,49.5,22,Cajamarca,43,3.0
EXT-103666,2026-04-27,PedidosYa,ceviche mixto,1,37.4,25,Llacanora,25,3.0
EXT-103667,2026-09-23,Rappi,Ceviche Clásico,1,30.8,18,Cajamarca,35,4.0
EXT-103668,2026-09-25,PedidosYa,Ceviche de Pota,1,24.2,25,Llacanora,20,
EXT-103669,2026-05-24,PedidosYa,Leche de Pantera,1,28.6,22,Baños del Inca,30,5.0
EXT-103670,2026-04-15,Rappi,Ceviche Vegetariano,1,26.4,20,Cajamarca,46,3.0
EXT-103671,2026-08-05,PedidosYa,Tiradito Nikkei,1,39.6,25,Cajamarca,41,4.0
EXT-103672,2026-08-10,PedidosYa,Filete a la Chorrillana,1,41.8,25,Cajamarca,27,4.0
EXT-103673,2026-01-27,Rappi,Tiradito Nikkei,1,39.6,20,Cajamarca,29,5.0
EXT-103674,2026-01-13,PedidosYa,LECHE DE PANTERA,1,28.6,22,Cajamarca,31,5.0
EXT-103675,2026-05-27,Rappi,SALTADO DE MARISCOS,1,39.6,20,Namora,36,4.0
EXT-103676,2026-08-12,PedidosYa,Cebiche Mixto,2,74.8,25,Baños del Inca,42,
EXT-103677,2026-01-05,PedidosYa,Arroz Negro,2,79.2,22,Cajamarca,34,4.0
EXT-103678,2026-01-06,PedidosYa,PARIHUELA,1,46.2,25,Cajamarca,30,5.0
EXT-103679,2026-01-30,Rappi,Parihuela,2,92.4,18,Cajamarca,42,4.0
EXT-103680,2026-08-05,PedidosYa,ceviche de pota,1,24.2,22,Cajamarca,40,
EXT-103681,2026-07-28,Rappi,Ceviche Carretillero,1,33.0,20,Baños del Inca,31,5.0
EXT-103682,2026-04-13,Rappi,sudado de pescado,2,74.8,18,Cajamarca,38,1.0
EXT-103683,2026-02-11,Rappi,Tiradito Nikkei,1,39.6,20,Baños del Inca,22,4.0
EXT-103684,2026-09-11,Rappi,Parihuela,2,92.4,20,Cajamarca,53,4.0
EXT-103685,2026-05-16,PedidosYa,Cebiche de Camarón,1,41.8,25,Cajamarca,13,
EXT-103686,2026-08-25,PedidosYa,jalea mixta,1,49.5,22,Cajamarca,22,5.0
EXT-103687,2026-08-07,Rappi,CEVICHE CLÁSICO,1,30.8,18,Cajamarca,30,5.0
EXT-103688,2026-07-31,Rappi,Arroz con Mariscos,2,77.0,20,Cajamarca,41,5.0
EXT-103689,2026-01-30,PedidosYa,ARROZ CON MARISCOS,1,38.5,25,San Juan,34,5.0
EXT-103690,2026-04-13,PedidosYa,Tiradito Nikkei,1,39.6,25,Cajamarca,32,5.0
EXT-103691,2026-02-09,Rappi,ceviche mixto,2,74.8,20,Llacanora,28,4.0
EXT-103692,2026-09-15,PedidosYa,Arroz Negro,1,39.6,25,Baños del Inca,44,
EXT-103693,2026-05-21,Rappi,Ceviche Carretillero,1,33.0,20,Cajamarca,32,4.0
EXT-103694,2026-09-14,Rappi,ARROZ CHAUFA DE MARISCOS,1,35.2,20,Namora,37,4.0
EXT-103695,2026-05-30,PedidosYa,JALEA MIXTA,1,49.5,22,Los Baños,32,
EXT-103696,2026-02-05,PedidosYa,CEVICHE MIXTO,1,37.4,22,Baños del Inca,37,4.0
EXT-103697,2026-05-15,PedidosYa,Arroz con Pato Marino,1,36.3,22,Cajamarca,32,5.0
EXT-103698,2026-05-14,Rappi,TIRADITO NIKKEI,2,79.2,18,Cajamarca,31,5.0
EXT-103699,2026-04-14,Rappi,ceviche mixto,1,37.4,18,San Juan,31,4.0
EXT-103700,2026-01-24,PedidosYa,ARROZ CHAUFA DE MARISCOS,2,70.4,25,Cajamarca,23,
EXT-103701,2026-05-23,Rappi,TIRADITO NIKKEI,1,39.6,18,Cajamarca,29,4.0
EXT-103702,2026-05-04,PedidosYa,TACU TACU CON MARISCOS,1,40.7,25,Cajamarca,45,5.0
EXT-103703,2026-03-06,PedidosYa,Tiradito Nikkei,2,79.2,22,Los Baños,38,
EXT-103704,2026-07-22,PedidosYa,ceviche de pota,1,24.2,22,Cajamarca,42,3.0
EXT-103705,2026-07-25,Rappi,Ceviche de Conchas Negras,1,46.2,20,Cajamarca,25,3.0
EXT-103706,2026-01-03,PedidosYa,CHICHARRÓN DE CALAMAR,1,35.2,25,Cajamarca,34,5.0
EXT-103707,2026-08-08,PedidosYa,Saltado de Mariscos,1,39.6,22,Llacanora,40,1.0
EXT-103708,2026-01-03,PedidosYa,Cebiche Clásico,1,30.8,22,Los Baños,12,4.0
EXT-103709,2026-09-19,PedidosYa,Leche de Tigre Especial,1,26.4,25,Cajamarca,21,4.0
EXT-103710,2026-08-06,PedidosYa,Arroz Negro,1,39.6,25,Cajamarca,24,3.0
EXT-103711,2026-02-19,PedidosYa,TIRADITO NIKKEI,1,39.6,25,Baños del Inca,22,4.0
EXT-103712,2026-07-18,PedidosYa,chicharrón de calamar,2,70.4,22,Cajamarca,32,3.0
EXT-103713,2026-08-26,Rappi,Chicharron de Calamar,1,35.2,20,Llacanora,28,4.0
EXT-103714,2026-07-09,PedidosYa,Ceviche de Camarón,1,41.8,22,Llacanora,34,4.0
EXT-103715,2026-03-19,Rappi,ceviche de camarón,2,83.6,18,Cajamarca,29,4.0
EXT-103716,2026-03-06,Rappi,Tiradito Nikkei,1,39.6,20,Cajamarca,39,4.0
EXT-103717,2026-06-01,PedidosYa,Ceviche de Camarón,1,41.8,25,Namora,30,3.0
EXT-103718,2026-04-27,Rappi,Arroz Negro,3,118.8,20,Cajamarca,37,5.0
EXT-103719,2026-09-05,PedidosYa,Leche de Tigre Especial,1,26.4,22,Cajamarca,36,5.0
EXT-103720,2026-06-20,Rappi,Ceviche de Camaron,1,41.8,20,Llacanora,26,4.0
EXT-103721,2026-05-17,Rappi,Leche de Tigre,1,19.8,20,San Juan,42,5.0
EXT-103722,2026-09-18,Rappi,Ceviche Carretillero,1,33.0,18,Cajamarca,39,5.0
EXT-103723,2026-06-25,PedidosYa,Ceviche Mixto,1,37.4,22,Cajamarca,27,
EXT-103724,2026-05-10,PedidosYa,filete a la chorrillana,2,83.6,25,Baños del Inca,36,
EXT-103725,2026-09-19,Rappi,Cebiche Carretillero,1,33.0,20,Namora,40,4.0
EXT-103726,2026-03-10,Rappi,Arroz Chaufa de Mariscos,1,35.2,20,Baños del Inca,40,4.0
EXT-103727,2026-06-16,PedidosYa,arroz negro,2,79.2,25,Cajamarca,32,3.0
EXT-103728,2026-06-09,PedidosYa,Cebiche de Conchas Negras,1,46.2,25,Cajamarca,31,4.0
EXT-103729,2026-08-14,PedidosYa,ceviche vegetariano,1,26.4,25,Cajamarca,42,5.0
EXT-103730,2026-04-03,PedidosYa,Cebiche Carretillero,2,66.0,25,Llacanora,33,5.0
EXT-103731,2026-01-28,PedidosYa,pescado a lo macho,1,48.4,25,Namora,28,5.0
EXT-103732,2026-09-05,PedidosYa,Arroz Chaufa de Mariscos,1,35.2,22,Baños del Inca,38,
EXT-103733,2026-04-27,PedidosYa,CEVICHE VEGETARIANO,1,26.4,25,Cajamarca,33,4.0
EXT-103734,2026-02-14,PedidosYa,Leche de Pantera,1,28.6,25,Los Baños,34,4.0
EXT-103735,2026-08-13,PedidosYa,chicharrón de calamar,3,105.6,22,Cajamarca,32,2.0
EXT-103736,2026-04-04,Rappi,Arroz Negro,1,39.6,18,Cajamarca,38,4.0
EXT-103737,2026-01-23,PedidosYa,Ceviche de Pota,1,24.2,22,Cajamarca,29,
EXT-103738,2026-04-22,PedidosYa,FILETE A LA CHORRILLANA,1,41.8,25,Cajamarca,19,5.0
EXT-103739,2026-07-09,PedidosYa,Sopa Chilcano de Pescado,1,27.5,22,Cajamarca,36,4.0
EXT-103740,2026-01-27,Rappi,ceviche carretillero,1,33.0,20,Cajamarca,42,4.0
EXT-103741,2026-01-21,PedidosYa,Tiradito Nikkei,2,79.2,22,Cajamarca,26,5.0
EXT-103742,2026-09-01,Rappi,Chaufa de Pescado,1,30.8,18,Baños del Inca,20,3.0
EXT-103743,2026-05-22,Rappi,CEVICHE DE CAMARÓN,1,41.8,18,Cajamarca,41,4.0
EXT-103744,2026-07-04,PedidosYa,Chaufa de Pescado,1,30.8,25,Cajamarca,39,3.0
EXT-103745,2026-04-30,Rappi,arroz con mariscos,2,77.0,20,Cajamarca,28,5.0
EXT-103746,2026-06-16,Rappi,Tacu Tacu con Mariscos,1,40.7,18,Baños del Inca,37,5.0
EXT-103747,2026-06-26,Rappi,LECHE DE TIGRE,1,19.8,20,Cajamarca,43,3.0
EXT-103748,2026-05-23,PedidosYa,CEVICHE CLÁSICO,1,30.8,25,Cajamarca,29,4.0
EXT-103749,2026-05-02,Rappi,LECHE DE TIGRE ESPECIAL,1,26.4,18,Baños del Inca,50,5.0
EXT-103750,2026-07-16,PedidosYa,LECHE DE TIGRE ESPECIAL,2,52.8,22,Los Baños,12,4.0
EXT-103751,2026-06-30,PedidosYa,arroz chaufa de mariscos,1,35.2,22,Llacanora,38,1.0
EXT-103752,2026-05-20,Rappi,Ceviche Clásico,1,30.8,20,Cajamarca,43,3.0
EXT-103753,2026-01-07,Rappi,SALTADO DE MARISCOS,1,39.6,20,Cajamarca,49,4.0
EXT-103754,2026-01-13,Rappi,leche de pantera,3,85.8,18,Baños del Inca,26,5.0
EXT-103755,2026-02-22,PedidosYa,leche de pantera,1,28.6,25,Namora,47,3.0
EXT-103756,2026-04-30,Rappi,Cebiche de Camarón,3,125.4,18,Cajamarca,30,4.0
EXT-103757,2026-09-01,Rappi,Arroz con Pato Marino,1,36.3,18,Llacanora,31,5.0
EXT-103758,2026-01-29,PedidosYa,Filete a la Chorrillana,1,41.8,22,Llacanora,44,1.0
EXT-103759,2026-08-23,PedidosYa,CEVICHE VEGETARIANO,1,26.4,25,Baños del Inca,39,1.0
EXT-103760,2026-08-26,PedidosYa,ceviche de conchas negras,1,46.2,25,Cajamarca,42,5.0
EXT-103761,2026-01-11,PedidosYa,Pescado a lo Macho,1,48.4,25,Cajamarca,50,3.0
EXT-103762,2026-05-29,Rappi,Tacu Tacu con Mariscos,1,40.7,18,Cajamarca,39,5.0
EXT-103763,2026-04-18,Rappi,Ceviche de Conchas Negras,1,46.2,18,Baños del Inca,42,3.0
EXT-103764,2026-08-08,PedidosYa,Ceviche Vegetariano,1,26.4,25,Llacanora,34,5.0
EXT-103765,2026-02-05,PedidosYa,Tacu Tacu con Mariscos,1,40.7,22,Baños del Inca,44,5.0
EXT-103766,2026-07-02,PedidosYa,Ceviche Clasico,1,30.8,22,Cajamarca,29,5.0
EXT-103767,2026-02-20,PedidosYa,Tacu Tacu con Mariscos,2,81.4,25,Llacanora,34,1.0
EXT-103768,2026-09-09,PedidosYa,Jalea Mixta,2,99.0,25,Cajamarca,53,4.0
EXT-103769,2026-07-01,Rappi,CHAUFA DE PESCADO,1,30.8,20,Cajamarca,24,5.0
EXT-103770,2026-03-10,PedidosYa,ceviche de pota,2,48.4,25,Cajamarca,35,5.0
EXT-103771,2026-02-27,Rappi,Saltado de Mariscos,1,39.6,18,Baños del Inca,16,
EXT-103772,2026-04-26,Rappi,Cebiche de Conchas Negras,2,92.4,20,Baños del Inca,40,3.0
EXT-103773,2026-03-08,Rappi,CEVICHE VEGETARIANO,2,52.8,20,Cajamarca,48,5.0
EXT-103774,2026-08-05,Rappi,Tiradito Nikkei,3,118.8,20,Los Baños,37,5.0
EXT-103775,2026-03-08,Rappi,Filete a la Chorrillana,2,83.6,18,Cajamarca,25,5.0
EXT-103776,2026-03-15,Rappi,Tiradito Nikkei,1,39.6,18,Cajamarca,36,5.0
EXT-103777,2026-01-22,PedidosYa,Ceviche Carretillero,2,66.0,22,Cajamarca,48,
EXT-103778,2026-01-11,PedidosYa,Ceviche de Conchas Negras,1,46.2,22,Llacanora,26,4.0
EXT-103779,2026-08-18,PedidosYa,Tiradito Nikkei,1,39.6,25,Cajamarca,12,4.0
EXT-103780,2026-03-30,PedidosYa,Tiradito Nikkei,1,39.6,25,Baños del Inca,24,4.0
EXT-103781,2026-05-29,Rappi,Chicharron de Pescado,1,33.0,20,Cajamarca,30,2.0
EXT-103782,2026-09-06,Rappi,Ceviche Mixto,1,37.4,20,Cajamarca,43,
EXT-103783,2026-09-03,PedidosYa,Ceviche Vegetariano,1,26.4,22,Baños del Inca,44,5.0
EXT-103784,2026-03-09,Rappi,Tiradito Nikkei,1,39.6,20,Cajamarca,27,1.0
EXT-103785,2026-06-25,PedidosYa,Tiradito Nikkei,3,118.8,25,Baños del Inca,37,4.0
EXT-103786,2026-09-14,Rappi,Ceviche de Conchas Negras,1,46.2,18,Cajamarca,43,4.0
EXT-103787,2026-05-26,PedidosYa,Chaufa de Pescado,1,30.8,25,Cajamarca,29,5.0
EXT-103788,2026-09-22,PedidosYa,Ceviche Vegetariano,1,26.4,25,Namora,36,4.0
EXT-103789,2026-08-03,Rappi,Ceviche Vegetariano,2,52.8,18,San Juan,37,5.0
EXT-103790,2026-06-27,Rappi,Sopa Chilcano de Pescado,3,82.5,18,Cajamarca,37,4.0
EXT-103791,2026-08-28,PedidosYa,Chicharrón de Pescado,1,33.0,22,Cajamarca,45,4.0
EXT-103792,2026-03-14,PedidosYa,Leche de Tigre Especial,1,26.4,22,Cajamarca,24,
EXT-103793,2026-04-24,PedidosYa,LECHE DE TIGRE ESPECIAL,1,26.4,25,Cajamarca,36,5.0
EXT-103794,2026-07-20,PedidosYa,Cebiche Vegetariano,1,26.4,22,Cajamarca,36,5.0
EXT-103795,2026-09-22,PedidosYa,Ceviche de Pota,1,24.2,22,Cajamarca,26,3.0
EXT-103796,2026-09-05,Rappi,leche de tigre especial,2,52.8,20,Cajamarca,29,5.0
EXT-103797,2026-02-08,Rappi,Cebiche Carretillero,3,99.0,18,Cajamarca,47,5.0
EXT-103798,2026-06-30,Rappi,ceviche de camarón,1,41.8,18,Cajamarca,27,3.0
EXT-103799,2026-01-07,Rappi,CEVICHE MIXTO,1,37.4,20,Cajamarca,45,
EXT-103800,2026-03-17,Rappi,Chicharrón de Calamar,1,35.2,20,Cajamarca,50,
EXT-103801,2026-02-23,PedidosYa,Pescado a lo Macho,3,145.2,22,San Juan,35,3.0
EXT-103802,2026-09-07,PedidosYa,Leche de Tigre Especial,2,52.8,22,Cajamarca,35,3.0
EXT-103803,2026-07-03,PedidosYa,ARROZ NEGRO,2,79.2,25,Cajamarca,43,5.0
EXT-103804,2026-05-20,PedidosYa,TIRADITO NIKKEI,1,39.6,22,Baños del Inca,13,
EXT-103805,2026-05-27,PedidosYa,Chicharrón de Pescado,1,33.0,22,Cajamarca,46,2.0
EXT-103806,2026-02-19,Rappi,CEVICHE CLÁSICO,1,30.8,18,Cajamarca,32,4.0
EXT-103807,2026-08-16,Rappi,CEVICHE VEGETARIANO,2,52.8,18,Cajamarca,42,
EXT-103808,2026-08-18,Rappi,Chicharrón de Calamar,1,35.2,18,Cajamarca,40,5.0
EXT-103809,2026-09-24,Rappi,Tiradito Nikkei,1,39.6,20,Cajamarca,31,3.0
EXT-103810,2026-01-15,PedidosYa,Tacu Tacu con Mariscos,1,40.7,25,Cajamarca,27,
EXT-103811,2026-06-05,PedidosYa,jalea mixta,1,49.5,22,Cajamarca,27,5.0
EXT-103812,2026-04-11,PedidosYa,Cebiche Clásico,1,30.8,25,Cajamarca,42,5.0
EXT-103813,2026-01-13,PedidosYa,Cebiche de Pota,1,24.2,25,Cajamarca,35,3.0
EXT-103814,2026-08-10,Rappi,Leche de Tigre Especial,1,26.4,20,Cajamarca,35,4.0
EXT-103815,2026-03-15,Rappi,Saltado de Mariscos,1,39.6,18,Baños del Inca,33,4.0
EXT-103816,2026-09-18,PedidosYa,tiradito nikkei,2,79.2,22,Cajamarca,28,5.0
EXT-103817,2026-09-27,PedidosYa,LECHE DE TIGRE ESPECIAL,1,26.4,25,Cajamarca,22,2.0
EXT-103818,2026-09-20,PedidosYa,Leche de Tigre,1,19.8,25,Los Baños,25,4.0
EXT-103819,2026-06-14,PedidosYa,Filete a la Chorrillana,1,41.8,25,Namora,13,5.0
EXT-103820,2026-01-18,Rappi,Leche de Tigre,1,19.8,20,Cajamarca,31,5.0
EXT-103821,2026-09-08,Rappi,Tacu Tacu con Mariscos,1,40.7,20,Cajamarca,21,4.0
EXT-103822,2026-03-10,Rappi,Ceviche Mixto,2,74.8,20,Namora,33,4.0
EXT-103823,2026-07-30,PedidosYa,Cebiche Clásico,1,30.8,22,Cajamarca,40,
EXT-103824,2026-04-03,PedidosYa,Leche de Tigre,1,19.8,25,Namora,13,2.0
EXT-103825,2026-04-21,PedidosYa,arroz chaufa de mariscos,1,35.2,22,Cajamarca,17,4.0
EXT-103826,2026-06-15,Rappi,ARROZ CHAUFA DE MARISCOS,3,105.6,20,Cajamarca,28,5.0
EXT-103827,2026-06-24,Rappi,Filete a la Chorrillana,1,41.8,20,San Juan,28,5.0
EXT-103828,2026-07-12,PedidosYa,Leche de Tigre Especial,1,26.4,22,Llacanora,22,2.0
EXT-103829,2026-04-01,PedidosYa,ceviche vegetariano,1,26.4,25,Los Baños,47,4.0
EXT-103830,2026-09-27,PedidosYa,ARROZ CHAUFA DE MARISCOS,1,35.2,25,Cajamarca,38,3.0
EXT-103831,2026-06-12,PedidosYa,leche de tigre,1,19.8,22,San Juan,50,4.0
EXT-103832,2026-03-22,PedidosYa,Leche de Pantera,1,28.6,22,Cajamarca,32,5.0
EXT-103833,2026-09-02,Rappi,SUDADO DE PESCADO,1,37.4,18,Cajamarca,53,5.0
EXT-103834,2026-07-07,Rappi,ARROZ NEGRO,1,39.6,18,Cajamarca,23,4.0
EXT-103835,2026-08-19,PedidosYa,ceviche vegetariano,2,52.8,25,Cajamarca,29,5.0
EXT-103836,2026-02-08,PedidosYa,Ceviche Vegetariano,1,26.4,25,Cajamarca,41,4.0
EXT-103837,2026-09-08,Rappi,Ceviche de Camaron,3,125.4,20,Baños del Inca,32,1.0
EXT-103838,2026-01-30,Rappi,Chicharrón de Pescado,1,33.0,20,Cajamarca,30,4.0
EXT-103839,2026-05-11,PedidosYa,CEVICHE CLÁSICO,1,30.8,22,Cajamarca,32,2.0
EXT-103840,2026-02-06,PedidosYa,Leche de Tigre,1,19.8,25,Cajamarca,31,4.0
EXT-103841,2026-01-24,PedidosYa,FILETE A LA CHORRILLANA,2,83.6,22,Cajamarca,31,3.0
EXT-103842,2026-09-01,Rappi,ceviche carretillero,3,99.0,20,Cajamarca,36,4.0
EXT-103843,2026-01-17,PedidosYa,Ceviche de Camaron,2,83.6,25,Los Baños,32,2.0
EXT-103844,2026-06-21,PedidosYa,Cebiche Carretillero,1,33.0,25,Cajamarca,37,4.0
EXT-103845,2026-01-16,Rappi,Cebiche Vegetariano,2,52.8,18,Cajamarca,37,2.0
EXT-103846,2026-05-07,PedidosYa,Chicharrón de Pescado,1,33.0,25,Cajamarca,31,4.0
EXT-103847,2026-04-01,Rappi,ceviche de camarón,1,41.8,20,Cajamarca,41,5.0
EXT-103848,2026-09-16,Rappi,LECHE DE TIGRE ESPECIAL,1,26.4,20,Baños del Inca,44,5.0
EXT-103849,2026-01-13,Rappi,Ceviche Mixto,1,37.4,20,Los Baños,42,5.0
EXT-103850,2026-09-20,Rappi,Cebiche de Conchas Negras,3,138.6,20,Cajamarca,43,
EXT-103851,2026-07-04,Rappi,Chicharron de Pescado,1,33.0,18,Cajamarca,38,
EXT-103852,2026-01-12,PedidosYa,Cebiche Carretillero,1,33.0,22,Llacanora,17,4.0
EXT-103853,2026-02-25,PedidosYa,ARROZ NEGRO,1,39.6,25,Cajamarca,46,4.0
EXT-103854,2026-09-27,PedidosYa,Cebiche Carretillero,2,66.0,25,Cajamarca,38,
EXT-103855,2026-02-10,Rappi,ARROZ CON MARISCOS,1,38.5,20,Cajamarca,18,5.0
EXT-103856,2026-01-25,Rappi,Arroz con Pato Marino,1,36.3,18,Cajamarca,33,4.0
EXT-103857,2026-07-09,Rappi,Ceviche Mixto,1,37.4,20,Cajamarca,24,
EXT-103858,2026-02-15,Rappi,Leche de Tigre,2,39.6,18,Cajamarca,30,5.0
EXT-103859,2026-06-12,Rappi,Ceviche Mixto,1,37.4,18,Cajamarca,44,1.0
EXT-103860,2026-03-12,Rappi,Saltado de Mariscos,2,79.2,18,Cajamarca,52,
EXT-103861,2026-01-17,PedidosYa,Jalea Mixta,1,49.5,22,Los Baños,45,5.0
EXT-103862,2026-03-07,Rappi,Sudado de Pescado,2,74.8,18,Baños del Inca,30,5.0
EXT-103863,2026-05-31,PedidosYa,Cebiche de Conchas Negras,1,46.2,25,Baños del Inca,26,3.0
EXT-103864,2026-06-19,PedidosYa,ceviche de conchas negras,1,46.2,22,Baños del Inca,38,4.0
EXT-103865,2026-03-18,PedidosYa,Chaufa de Pescado,1,30.8,25,Baños del Inca,45,5.0
EXT-103866,2026-01-03,Rappi,ceviche carretillero,2,66.0,18,Cajamarca,32,3.0
EXT-103867,2026-01-29,PedidosYa,arroz negro,1,39.6,22,Cajamarca,24,5.0
EXT-103868,2026-07-03,PedidosYa,Chaufa de Pescado,1,30.8,22,Cajamarca,29,2.0
EXT-103869,2026-03-14,PedidosYa,Ceviche Vegetariano,1,26.4,25,Llacanora,48,3.0
EXT-103870,2026-05-16,Rappi,ceviche carretillero,3,99.0,20,Cajamarca,28,3.0
EXT-103871,2026-04-25,PedidosYa,CHAUFA DE PESCADO,1,30.8,22,Cajamarca,36,2.0
EXT-103872,2026-01-10,Rappi,Chaufa de Pescado,3,92.4,20,Cajamarca,33,4.0
EXT-103873,2026-09-20,PedidosYa,Parihuela,1,46.2,22,Baños del Inca,26,4.0
EXT-103874,2026-07-13,PedidosYa,Chicharron de Pescado,2,66.0,25,Cajamarca,19,5.0
EXT-103875,2026-07-31,Rappi,ceviche carretillero,1,33.0,20,Namora,56,4.0
EXT-103876,2026-03-20,PedidosYa,Tiradito Nikkei,1,39.6,22,Cajamarca,46,4.0
EXT-103877,2026-04-20,PedidosYa,Tacu Tacu con Mariscos,1,40.7,25,Baños del Inca,55,4.0
EXT-103878,2026-05-09,PedidosYa,Ceviche de Conchas Negras,1,46.2,22,Cajamarca,42,3.0
EXT-103879,2026-02-11,Rappi,LECHE DE TIGRE,1,19.8,20,Cajamarca,35,4.0
EXT-103880,2026-04-30,PedidosYa,Arroz con Mariscos,2,77.0,25,Llacanora,39,4.0
EXT-103881,2026-04-09,Rappi,Arroz con Mariscos,1,38.5,18,Cajamarca,55,5.0
EXT-103882,2026-05-07,PedidosYa,arroz con pato marino,1,36.3,22,San Juan,35,5.0
EXT-103883,2026-05-13,PedidosYa,CHAUFA DE PESCADO,1,30.8,22,Cajamarca,30,4.0
EXT-103884,2026-08-05,PedidosYa,Sudado de Pescado,1,37.4,25,Cajamarca,33,5.0
EXT-103885,2026-01-17,PedidosYa,ceviche de pota,1,24.2,22,Cajamarca,31,4.0
EXT-103886,2026-02-09,Rappi,Ceviche de Conchas Negras,1,46.2,20,Cajamarca,28,4.0
EXT-103887,2026-01-22,PedidosYa,CEVICHE CARRETILLERO,1,33.0,22,Cajamarca,27,5.0
EXT-103888,2026-07-13,Rappi,Jalea Mixta,1,49.5,20,Cajamarca,40,5.0
EXT-103889,2026-01-09,PedidosYa,Sopa Chilcano de Pescado,1,27.5,22,Cajamarca,35,3.0
EXT-103890,2026-04-16,Rappi,sudado de pescado,1,37.4,18,Baños del Inca,27,4.0
EXT-103891,2026-02-02,PedidosYa,TACU TACU CON MARISCOS,1,40.7,22,Baños del Inca,39,5.0
EXT-103892,2026-04-11,PedidosYa,parihuela,3,138.6,25,Cajamarca,27,5.0
EXT-103893,2026-03-15,PedidosYa,Parihuela,1,46.2,22,Cajamarca,25,2.0
EXT-103894,2026-06-16,Rappi,Arroz Negro,2,79.2,18,Cajamarca,30,4.0
EXT-103895,2026-04-12,PedidosYa,Arroz Negro,1,39.6,22,Cajamarca,24,5.0
EXT-103896,2026-09-11,PedidosYa,Ceviche de Conchas Negras,1,46.2,25,Los Baños,23,5.0
EXT-103897,2026-01-26,PedidosYa,CEVICHE MIXTO,1,37.4,25,Cajamarca,23,5.0
EXT-103898,2026-02-25,PedidosYa,Ceviche de Pota,1,24.2,25,Los Baños,40,5.0
EXT-103899,2026-02-01,Rappi,Ceviche Vegetariano,2,52.8,20,Los Baños,42,5.0
EXT-103900,2026-01-21,PedidosYa,Tiradito Nikkei,1,39.6,25,Baños del Inca,44,5.0
EXT-103901,2026-01-21,Rappi,Ceviche Clásico,1,30.8,18,Cajamarca,26,4.0
EXT-103902,2026-08-17,Rappi,sopa chilcano de pescado,1,27.5,18,Cajamarca,35,3.0
EXT-103903,2026-01-30,Rappi,Ceviche de Camarón,2,83.6,20,Cajamarca,26,4.0
EXT-103904,2026-01-16,PedidosYa,Ceviche de Pota,1,24.2,22,Baños del Inca,49,5.0
EXT-103905,2026-05-17,PedidosYa,filete a la chorrillana,1,41.8,25,Cajamarca,49,4.0
EXT-103906,2026-08-25,Rappi,TIRADITO NIKKEI,1,39.6,18,Cajamarca,31,3.0
EXT-103907,2026-04-04,PedidosYa,Ceviche de Conchas Negras,1,46.2,25,Llacanora,30,5.0
EXT-103908,2026-03-15,PedidosYa,ARROZ CON PATO MARINO,1,36.3,25,Llacanora,30,5.0
EXT-103909,2026-07-07,Rappi,Leche de Tigre,1,19.8,18,Cajamarca,15,5.0
EXT-103910,2026-03-21,Rappi,SOPA CHILCANO DE PESCADO,2,55.0,18,Cajamarca,46,5.0
EXT-103911,2026-07-01,Rappi,CEVICHE DE CONCHAS NEGRAS,1,46.2,20,Los Baños,34,5.0
EXT-103912,2026-06-26,Rappi,CEVICHE DE CONCHAS NEGRAS,1,46.2,20,Cajamarca,19,5.0
EXT-103913,2026-07-10,PedidosYa,Filete a la Chorrillana,1,41.8,22,Los Baños,24,
EXT-103914,2026-06-12,PedidosYa,Parihuela,1,46.2,25,Cajamarca,23,5.0
EXT-103915,2026-03-30,Rappi,Ceviche Carretillero,1,33.0,18,Cajamarca,33,4.0
EXT-103916,2026-02-13,PedidosYa,Ceviche Mixto,2,74.8,22,Cajamarca,12,5.0
EXT-103917,2026-02-27,PedidosYa,Arroz con Pato Marino,2,72.6,22,Cajamarca,35,4.0
EXT-103918,2026-03-12,PedidosYa,CEVICHE MIXTO,1,37.4,25,Baños del Inca,29,4.0
EXT-103919,2026-09-15,Rappi,Cebiche Clásico,1,30.8,18,Cajamarca,25,4.0
EXT-103920,2026-07-01,PedidosYa,Jalea Mixta,1,49.5,22,Cajamarca,33,4.0
EXT-103921,2026-01-02,Rappi,Pescado a lo Macho,1,48.4,20,Baños del Inca,35,2.0
EXT-103922,2026-01-06,PedidosYa,Sudado de Pescado,1,37.4,22,Cajamarca,32,5.0
EXT-103923,2026-04-27,Rappi,tacu tacu con mariscos,1,40.7,20,Los Baños,32,5.0
EXT-103924,2026-04-12,Rappi,Ceviche de Camarón,1,41.8,20,Baños del Inca,30,4.0
EXT-103925,2026-03-04,PedidosYa,FILETE A LA CHORRILLANA,1,41.8,22,Cajamarca,23,4.0
EXT-103926,2026-07-19,Rappi,Arroz Chaufa de Mariscos,1,35.2,20,Baños del Inca,30,3.0
EXT-103927,2026-04-21,PedidosYa,Tiradito Nikkei,1,39.6,22,Namora,56,5.0
EXT-103928,2026-01-31,PedidosYa,Ceviche Clásico,1,30.8,25,Cajamarca,26,3.0
EXT-103929,2026-08-20,PedidosYa,leche de tigre,1,19.8,25,Cajamarca,31,5.0
EXT-103930,2026-06-19,PedidosYa,CHICHARRÓN DE PESCADO,2,66.0,25,Baños del Inca,54,4.0
EXT-103931,2026-01-03,PedidosYa,filete a la chorrillana,1,41.8,25,Llacanora,44,4.0
EXT-103932,2026-07-08,Rappi,Leche de Tigre,2,39.6,20,Cajamarca,29,5.0
EXT-103933,2026-05-26,Rappi,Leche de Tigre,1,19.8,18,Cajamarca,16,4.0
EXT-103934,2026-07-14,PedidosYa,CHICHARRÓN DE CALAMAR,1,35.2,22,Cajamarca,36,4.0
EXT-103935,2026-07-22,Rappi,Jalea Mixta,1,49.5,18,Baños del Inca,43,
EXT-103936,2026-07-16,PedidosYa,Cebiche Mixto,1,37.4,22,Cajamarca,27,5.0
EXT-103937,2026-09-20,PedidosYa,Leche de Tigre,1,19.8,25,Cajamarca,24,3.0
EXT-103938,2026-02-02,Rappi,Tacu Tacu con Mariscos,1,40.7,20,Cajamarca,31,5.0
EXT-103939,2026-04-08,PedidosYa,Tiradito Nikkei,1,39.6,25,Cajamarca,21,4.0
EXT-103940,2026-09-09,PedidosYa,ARROZ CON MARISCOS,1,38.5,22,Cajamarca,37,3.0
EXT-103941,2026-08-13,PedidosYa,leche de tigre,1,19.8,22,Cajamarca,31,4.0
EXT-103942,2026-09-09,Rappi,ceviche de camarón,1,41.8,20,Cajamarca,34,
EXT-103943,2026-08-30,PedidosYa,Chicharron de Calamar,1,35.2,22,Cajamarca,38,4.0
EXT-103944,2026-08-12,PedidosYa,Ceviche de Conchas Negras,1,46.2,22,Cajamarca,26,3.0
EXT-103945,2026-03-18,PedidosYa,LECHE DE TIGRE,1,19.8,22,Cajamarca,35,4.0
EXT-103946,2026-07-19,Rappi,Cebiche de Camarón,1,41.8,18,Cajamarca,41,4.0
EXT-103947,2026-07-18,Rappi,Filete a la Chorrillana,1,41.8,18,Cajamarca,30,3.0
EXT-103948,2026-09-09,Rappi,TIRADITO NIKKEI,1,39.6,18,Cajamarca,27,4.0
EXT-103949,2026-09-05,PedidosYa,Ceviche Clasico,1,30.8,22,Cajamarca,38,3.0
EXT-103950,2026-02-01,PedidosYa,Tacu Tacu con Mariscos,1,40.7,22,Cajamarca,31,3.0
EXT-103951,2026-03-02,PedidosYa,chaufa de pescado,1,30.8,25,Cajamarca,25,5.0
EXT-103952,2026-01-05,PedidosYa,Parihuela,1,46.2,25,Cajamarca,28,5.0
EXT-103953,2026-04-01,PedidosYa,tiradito nikkei,2,79.2,22,Llacanora,49,5.0
EXT-103954,2026-02-24,PedidosYa,Leche de Pantera,1,28.6,22,Cajamarca,31,
EXT-103955,2026-01-11,PedidosYa,Ceviche de Pota,1,24.2,25,Baños del Inca,34,4.0
EXT-103956,2026-08-27,Rappi,Ceviche de Pota,2,48.4,18,Cajamarca,25,2.0
EXT-103957,2026-02-02,Rappi,Sopa Chilcano de Pescado,1,27.5,20,Cajamarca,39,5.0
EXT-103958,2026-08-15,PedidosYa,chicharrón de pescado,1,33.0,25,Cajamarca,32,5.0
EXT-103959,2026-09-18,Rappi,Sudado de Pescado,1,37.4,18,Llacanora,36,5.0
EXT-103960,2026-09-22,Rappi,ceviche de pota,1,24.2,20,Baños del Inca,38,
EXT-103961,2026-09-18,PedidosYa,Arroz Chaufa de Mariscos,1,35.2,25,Cajamarca,23,5.0
EXT-103962,2026-07-04,PedidosYa,Sopa Chilcano de Pescado,1,27.5,22,Cajamarca,29,5.0
EXT-103963,2026-04-19,PedidosYa,Leche de Tigre Especial,1,26.4,25,Baños del Inca,18,3.0
EXT-103964,2026-03-03,Rappi,Sopa Chilcano de Pescado,1,27.5,20,Cajamarca,37,4.0
EXT-103965,2026-08-21,Rappi,ARROZ NEGRO,1,39.6,20,Cajamarca,32,4.0
EXT-103966,2026-07-27,PedidosYa,SALTADO DE MARISCOS,2,79.2,22,Cajamarca,35,5.0
EXT-103967,2026-03-21,Rappi,tiradito nikkei,1,39.6,18,Baños del Inca,25,5.0
EXT-103968,2026-09-15,PedidosYa,Leche de Tigre,1,19.8,22,Cajamarca,49,
EXT-103969,2026-09-04,Rappi,Ceviche Carretillero,1,33.0,18,Cajamarca,28,5.0
EXT-103970,2026-01-13,PedidosYa,CHICHARRÓN DE CALAMAR,1,35.2,22,Los Baños,17,4.0
EXT-103971,2026-02-06,Rappi,leche de pantera,1,28.6,18,Baños del Inca,40,3.0
EXT-103972,2026-07-23,Rappi,Cebiche Clásico,1,30.8,20,Cajamarca,28,4.0
EXT-103973,2026-06-30,Rappi,Sudado de Pescado,1,37.4,20,Cajamarca,47,5.0
EXT-103974,2026-09-06,PedidosYa,Parihuela,1,46.2,22,Cajamarca,40,3.0
EXT-103975,2026-04-15,PedidosYa,Tiradito Nikkei,1,39.6,25,Cajamarca,28,5.0
EXT-103976,2026-03-05,Rappi,Chicharrón de Calamar,1,35.2,20,Baños del Inca,25,4.0
EXT-103977,2026-09-25,PedidosYa,CEVICHE DE CAMARÓN,1,41.8,22,San Juan,36,3.0
EXT-103978,2026-01-22,Rappi,Chicharrón de Pescado,1,33.0,18,Llacanora,35,4.0
EXT-103979,2026-02-22,Rappi,Sopa Chilcano de Pescado,3,82.5,18,Cajamarca,38,3.0
EXT-103980,2026-08-19,Rappi,Pescado a lo Macho,2,96.8,18,Cajamarca,37,2.0
EXT-103981,2026-01-02,Rappi,LECHE DE TIGRE,1,19.8,20,Baños del Inca,17,4.0
EXT-103982,2026-07-12,PedidosYa,Ceviche de Pota,3,72.6,22,Namora,27,5.0
EXT-103983,2026-03-13,PedidosYa,tacu tacu con mariscos,1,40.7,22,Cajamarca,42,5.0
EXT-103984,2026-04-27,PedidosYa,ceviche mixto,1,37.4,22,Baños del Inca,37,4.0
EXT-103985,2026-07-25,PedidosYa,Pescado a lo Macho,1,48.4,25,Namora,41,1.0
EXT-103986,2026-02-05,PedidosYa,Chicharrón de Pescado,1,33.0,22,Los Baños,26,2.0
EXT-103987,2026-02-06,Rappi,tiradito nikkei,1,39.6,20,Baños del Inca,44,
EXT-103988,2026-04-03,PedidosYa,CEVICHE VEGETARIANO,1,26.4,22,Cajamarca,29,5.0
EXT-103989,2026-09-22,PedidosYa,Ceviche Carretillero,2,66.0,25,Llacanora,46,3.0
EXT-103990,2026-06-26,PedidosYa,Cebiche Clásico,1,30.8,22,Cajamarca,53,5.0
EXT-103991,2026-02-26,Rappi,ceviche clásico,3,92.4,20,Cajamarca,29,3.0
EXT-103992,2026-01-19,Rappi,ceviche mixto,1,37.4,20,Baños del Inca,32,
EXT-103993,2026-03-12,PedidosYa,Arroz con Mariscos,1,38.5,25,Cajamarca,41,5.0
EXT-103994,2026-05-30,Rappi,arroz chaufa de mariscos,1,35.2,18,Cajamarca,36,
EXT-103995,2026-04-18,PedidosYa,Cebiche Vegetariano,1,26.4,22,Cajamarca,30,3.0
EXT-103996,2026-03-08,Rappi,TIRADITO NIKKEI,2,79.2,18,Baños del Inca,39,4.0
EXT-103997,2026-02-26,PedidosYa,ceviche vegetariano,2,52.8,22,Baños del Inca,43,4.0
EXT-103998,2026-04-19,Rappi,Ceviche Carretillero,1,33.0,20,Cajamarca,37,4.0
EXT-103999,2026-05-17,PedidosYa,CEVICHE VEGETARIANO,1,26.4,25,Cajamarca,25,3.0
EXT-104000,2026-01-24,PedidosYa,Pescado a lo Macho,3,145.2,22,Cajamarca,47,
EXT-104001,2026-01-01,PedidosYa,leche de tigre especial,1,26.4,25,Baños del Inca,38,4.0
EXT-104002,2026-07-03,PedidosYa,chicharrón de pescado,2,66.0,25,Cajamarca,28,5.0
EXT-104003,2026-03-16,PedidosYa,Ceviche de Pota,1,24.2,22,Llacanora,43,4.0
EXT-104004,2026-06-29,PedidosYa,ceviche vegetariano,3,79.2,22,Baños del Inca,32,5.0
EXT-104005,2026-02-27,PedidosYa,CEVICHE MIXTO,1,37.4,25,Cajamarca,50,3.0
EXT-104006,2026-09-11,Rappi,ceviche vegetariano,3,79.2,20,Cajamarca,53,2.0
EXT-104007,2026-06-17,PedidosYa,CEVICHE DE POTA,1,24.2,25,Baños del Inca,44,3.0
EXT-104008,2026-04-05,Rappi,Chicharrón de Calamar,3,105.6,18,Cajamarca,26,5.0
EXT-104009,2026-07-03,PedidosYa,chicharrón de calamar,1,35.2,22,Cajamarca,32,5.0
EXT-104010,2026-06-28,Rappi,Chicharrón de Pescado,1,33.0,20,Cajamarca,53,5.0
EXT-104011,2026-05-10,PedidosYa,Ceviche Vegetariano,1,26.4,25,Cajamarca,36,4.0
EXT-104012,2026-01-22,PedidosYa,Chaufa de Pescado,2,61.6,22,Cajamarca,43,2.0
EXT-104013,2026-06-30,Rappi,CEVICHE CLÁSICO,1,30.8,18,Cajamarca,34,4.0
EXT-104014,2026-08-01,PedidosYa,tiradito nikkei,2,79.2,22,Cajamarca,32,4.0
EXT-104015,2026-01-16,Rappi,Jalea Mixta,3,148.5,18,Baños del Inca,31,5.0
EXT-104016,2026-04-14,PedidosYa,TIRADITO NIKKEI,2,79.2,25,San Juan,42,4.0
EXT-104017,2026-08-01,PedidosYa,Ceviche Vegetariano,1,26.4,22,Cajamarca,27,4.0
EXT-104018,2026-09-03,PedidosYa,Leche de Tigre Especial,1,26.4,22,Cajamarca,25,2.0
EXT-104019,2026-03-02,Rappi,LECHE DE TIGRE ESPECIAL,2,52.8,18,Cajamarca,49,4.0
EXT-104020,2026-06-08,PedidosYa,jalea mixta,1,49.5,25,Cajamarca,33,4.0
EXT-104021,2026-09-16,Rappi,ceviche de pota,1,24.2,20,Cajamarca,57,3.0
EXT-104022,2026-04-01,Rappi,CHICHARRÓN DE CALAMAR,2,70.4,20,Los Baños,41,2.0
EXT-104023,2026-03-03,Rappi,ARROZ CON MARISCOS,3,115.5,20,Baños del Inca,29,5.0
EXT-104024,2026-03-24,Rappi,arroz chaufa de mariscos,1,35.2,20,Baños del Inca,27,1.0
EXT-104025,2026-05-02,PedidosYa,ceviche carretillero,2,66.0,22,Cajamarca,31,4.0
EXT-104026,2026-05-10,PedidosYa,saltado de mariscos,2,79.2,22,Llacanora,47,5.0
EXT-104027,2026-08-13,PedidosYa,Tiradito Nikkei,1,39.6,25,Cajamarca,31,4.0
EXT-104028,2026-04-09,PedidosYa,Tiradito Nikkei,1,39.6,25,Llacanora,41,4.0
EXT-104029,2026-05-12,PedidosYa,Ceviche de Camaron,1,41.8,22,Cajamarca,14,5.0
EXT-104030,2026-01-05,PedidosYa,Arroz Negro,1,39.6,22,Los Baños,33,3.0
EXT-104031,2026-05-10,PedidosYa,Cebiche de Pota,1,24.2,25,Baños del Inca,33,4.0
EXT-104032,2026-02-05,PedidosYa,Pescado a lo Macho,1,48.4,25,Cajamarca,22,1.0
EXT-104033,2026-06-07,Rappi,Ceviche de Pota,1,24.2,18,Cajamarca,45,5.0
EXT-104034,2026-01-01,Rappi,Cebiche de Camarón,1,41.8,20,Cajamarca,29,5.0
EXT-104035,2026-05-21,Rappi,Arroz con Mariscos,1,38.5,20,Namora,26,5.0
EXT-104036,2026-03-24,Rappi,Ceviche de Conchas Negras,1,46.2,20,Cajamarca,36,5.0
EXT-104037,2026-09-23,PedidosYa,pescado a lo macho,1,48.4,22,Baños del Inca,40,5.0
EXT-104038,2026-02-17,Rappi,Ceviche de Conchas Negras,1,46.2,18,San Juan,36,3.0
EXT-104039,2026-03-07,PedidosYa,Tiradito Nikkei,1,39.6,22,Cajamarca,37,4.0
EXT-104040,2026-06-15,PedidosYa,Arroz Chaufa de Mariscos,2,70.4,25,Cajamarca,38,4.0
EXT-104041,2026-08-17,PedidosYa,Ceviche de Camarón,1,41.8,22,San Juan,37,5.0
EXT-104042,2026-01-13,Rappi,CHAUFA DE PESCADO,1,30.8,18,Cajamarca,28,
EXT-104043,2026-04-14,Rappi,sopa chilcano de pescado,1,27.5,18,Cajamarca,42,4.0
EXT-104044,2026-04-03,Rappi,JALEA MIXTA,1,49.5,20,Cajamarca,26,5.0
EXT-104045,2026-03-05,Rappi,Leche de Tigre,3,59.4,20,Cajamarca,42,
EXT-104046,2026-01-13,PedidosYa,Chicharrón de Calamar,2,70.4,22,Cajamarca,47,4.0
EXT-104047,2026-06-11,PedidosYa,PARIHUELA,3,138.6,22,Cajamarca,33,3.0
EXT-104048,2026-05-25,Rappi,arroz con mariscos,1,38.5,20,Baños del Inca,34,1.0
EXT-104049,2026-07-30,Rappi,Arroz Chaufa de Mariscos,1,35.2,18,Cajamarca,34,5.0
EXT-104050,2026-09-16,PedidosYa,ceviche de camarón,2,83.6,25,Cajamarca,24,2.0
EXT-104051,2026-01-09,PedidosYa,Ceviche Clasico,2,61.6,22,San Juan,17,4.0
EXT-104052,2026-02-01,PedidosYa,Tiradito Nikkei,1,39.6,22,San Juan,22,5.0
EXT-104053,2026-09-13,PedidosYa,CHAUFA DE PESCADO,1,30.8,22,Baños del Inca,39,5.0
EXT-104054,2026-07-07,PedidosYa,Ceviche de Camaron,2,83.6,22,Cajamarca,39,4.0
EXT-104055,2026-04-11,PedidosYa,CEVICHE DE POTA,1,24.2,25,Llacanora,28,3.0
EXT-104056,2026-02-10,Rappi,Ceviche Vegetariano,3,79.2,20,Cajamarca,43,5.0
EXT-104057,2026-03-26,Rappi,CEVICHE CLÁSICO,2,61.6,20,Cajamarca,29,4.0
EXT-104058,2026-07-02,Rappi,Ceviche Mixto,1,37.4,20,Cajamarca,34,5.0
EXT-104059,2026-02-19,Rappi,leche de tigre,1,19.8,18,Namora,34,
EXT-104060,2026-01-16,Rappi,Pescado a lo Macho,1,48.4,20,Cajamarca,36,5.0
EXT-104061,2026-09-25,PedidosYa,Ceviche de Conchas Negras,2,92.4,22,Baños del Inca,27,3.0
EXT-104062,2026-04-10,Rappi,Ceviche Mixto,1,37.4,18,Cajamarca,45,
EXT-104063,2026-01-31,Rappi,Cebiche Clásico,1,30.8,20,Cajamarca,52,
EXT-104064,2026-03-01,PedidosYa,Leche de Pantera,2,57.2,22,Baños del Inca,47,4.0
EXT-104065,2026-01-05,Rappi,Cebiche Carretillero,1,33.0,18,Baños del Inca,28,3.0
EXT-104066,2026-08-28,PedidosYa,Ceviche de Pota,1,24.2,22,Los Baños,23,4.0
EXT-104067,2026-06-06,PedidosYa,Cebiche Carretillero,3,99.0,25,Cajamarca,49,5.0
EXT-104068,2026-07-04,Rappi,Tiradito Nikkei,1,39.6,20,Cajamarca,47,2.0
EXT-104069,2026-02-05,Rappi,CEVICHE DE CAMARÓN,1,41.8,20,Cajamarca,26,4.0
EXT-104070,2026-05-13,PedidosYa,Tiradito Nikkei,2,79.2,22,Baños del Inca,28,4.0
EXT-104071,2026-05-16,PedidosYa,Ceviche de Camarón,1,41.8,25,Cajamarca,18,3.0
EXT-104072,2026-08-16,PedidosYa,Ceviche Vegetariano,2,52.8,25,Baños del Inca,39,4.0
EXT-104073,2026-09-02,PedidosYa,Ceviche Carretillero,2,66.0,25,Cajamarca,33,1.0
EXT-104074,2026-04-07,Rappi,JALEA MIXTA,1,49.5,20,Baños del Inca,53,5.0
EXT-104075,2026-06-26,Rappi,arroz negro,1,39.6,20,Namora,46,3.0
EXT-104076,2026-03-30,Rappi,Tacu Tacu con Mariscos,1,40.7,18,Cajamarca,28,5.0
EXT-104077,2026-03-31,PedidosYa,CEVICHE MIXTO,1,37.4,22,Namora,33,5.0
EXT-104078,2026-02-14,PedidosYa,Ceviche Vegetariano,1,26.4,25,Cajamarca,27,4.0
EXT-104079,2026-06-04,Rappi,leche de pantera,1,28.6,18,Cajamarca,37,5.0
EXT-104080,2026-04-28,PedidosYa,chaufa de pescado,1,30.8,22,Cajamarca,16,5.0
EXT-104081,2026-01-14,PedidosYa,Chicharrón de Pescado,1,33.0,22,Cajamarca,41,3.0
EXT-104082,2026-03-05,PedidosYa,LECHE DE TIGRE,2,39.6,25,Cajamarca,15,3.0
EXT-104083,2026-09-15,PedidosYa,Leche de Tigre,1,19.8,25,Cajamarca,29,5.0
EXT-104084,2026-03-15,Rappi,Parihuela,3,138.6,18,Namora,30,3.0
EXT-104085,2026-07-02,Rappi,Cebiche de Conchas Negras,2,92.4,18,Los Baños,28,5.0
EXT-104086,2026-04-12,Rappi,Chicharron de Calamar,1,35.2,20,Cajamarca,39,3.0
EXT-104087,2026-09-14,PedidosYa,Arroz Chaufa de Mariscos,2,70.4,25,Cajamarca,25,1.0
EXT-104088,2026-08-08,Rappi,ceviche clásico,1,30.8,20,Cajamarca,38,
EXT-104089,2026-07-16,Rappi,Cebiche Carretillero,1,33.0,20,Baños del Inca,35,4.0
EXT-104090,2026-09-26,PedidosYa,Ceviche Mixto,1,37.4,22,Cajamarca,28,4.0
EXT-104091,2026-06-08,PedidosYa,jalea mixta,1,49.5,25,Cajamarca,54,1.0
EXT-104092,2026-09-11,Rappi,Arroz Chaufa de Mariscos,1,35.2,20,Cajamarca,23,3.0
EXT-104093,2026-05-11,PedidosYa,CEVICHE DE POTA,1,24.2,25,Cajamarca,26,3.0
EXT-104094,2026-04-21,PedidosYa,SALTADO DE MARISCOS,1,39.6,25,Baños del Inca,16,5.0
EXT-104095,2026-09-17,PedidosYa,Arroz Negro,1,39.6,22,Cajamarca,52,5.0
EXT-104096,2026-05-05,PedidosYa,chaufa de pescado,1,30.8,25,Cajamarca,39,5.0
EXT-104097,2026-02-01,PedidosYa,ceviche carretillero,2,66.0,22,Cajamarca,37,5.0
EXT-104098,2026-04-28,PedidosYa,Sopa Chilcano de Pescado,1,27.5,22,Cajamarca,28,5.0
EXT-104099,2026-01-02,Rappi,Chicharron de Calamar,1,35.2,20,Baños del Inca,27,3.0
EXT-104100,2026-01-28,Rappi,ceviche carretillero,1,33.0,18,Cajamarca,35,3.0
EXT-104101,2026-04-27,Rappi,Ceviche Carretillero,1,33.0,18,Cajamarca,28,
EXT-104102,2026-01-06,Rappi,CEVICHE MIXTO,2,74.8,20,San Juan,12,4.0
EXT-104103,2026-08-05,Rappi,Filete a la Chorrillana,3,125.4,20,Los Baños,35,5.0
EXT-104104,2026-02-28,PedidosYa,Chicharron de Calamar,1,35.2,25,Cajamarca,29,
EXT-104105,2026-04-30,Rappi,ceviche mixto,1,37.4,20,Baños del Inca,37,
EXT-104106,2026-02-15,Rappi,Tiradito Nikkei,1,39.6,18,Cajamarca,36,4.0
EXT-104107,2026-03-11,Rappi,CEVICHE MIXTO,2,74.8,18,Cajamarca,41,5.0
EXT-104108,2026-09-15,PedidosYa,SOPA CHILCANO DE PESCADO,1,27.5,25,Llacanora,29,3.0
EXT-104109,2026-03-27,Rappi,Saltado de Mariscos,1,39.6,20,Cajamarca,32,3.0
EXT-104110,2026-06-23,PedidosYa,CEVICHE CARRETILLERO,1,33.0,22,Llacanora,43,4.0
EXT-104111,2026-04-08,PedidosYa,Arroz Negro,1,39.6,22,Baños del Inca,39,4.0
EXT-104112,2026-03-31,PedidosYa,Ceviche Carretillero,1,33.0,22,Cajamarca,43,3.0
EXT-104113,2026-06-28,PedidosYa,CEVICHE VEGETARIANO,1,26.4,22,Los Baños,35,4.0
EXT-104114,2026-04-29,Rappi,Cebiche Vegetariano,2,52.8,20,Los Baños,37,5.0
EXT-104115,2026-03-28,PedidosYa,Cebiche Carretillero,1,33.0,25,Cajamarca,31,4.0
EXT-104116,2026-06-06,Rappi,Arroz Chaufa de Mariscos,1,35.2,18,Cajamarca,45,
EXT-104117,2026-08-23,PedidosYa,Ceviche Mixto,2,74.8,25,Namora,49,
EXT-104118,2026-08-24,Rappi,Ceviche de Camaron,1,41.8,20,Los Baños,23,5.0
EXT-104119,2026-03-21,Rappi,JALEA MIXTA,1,49.5,18,Namora,45,2.0
EXT-104120,2026-06-24,Rappi,Parihuela,2,92.4,18,Llacanora,33,5.0
EXT-104121,2026-02-27,PedidosYa,Arroz con Mariscos,1,38.5,22,Cajamarca,57,
EXT-104122,2026-04-18,PedidosYa,Tiradito Nikkei,2,79.2,22,Llacanora,56,5.0
EXT-104123,2026-07-07,PedidosYa,ceviche vegetariano,1,26.4,25,Namora,33,4.0
EXT-104124,2026-03-28,PedidosYa,Ceviche Clásico,3,92.4,22,Cajamarca,36,3.0
EXT-104125,2026-09-09,Rappi,LECHE DE PANTERA,2,57.2,20,Baños del Inca,45,3.0
EXT-104126,2026-02-09,Rappi,Tiradito Nikkei,1,39.6,18,Cajamarca,27,
EXT-104127,2026-01-12,PedidosYa,Filete a la Chorrillana,1,41.8,22,Cajamarca,33,4.0
EXT-104128,2026-02-24,PedidosYa,Ceviche Clasico,2,61.6,25,Cajamarca,35,5.0
EXT-104129,2026-07-27,PedidosYa,chicharrón de calamar,2,70.4,22,Cajamarca,53,4.0
EXT-104130,2026-02-04,PedidosYa,Ceviche Clasico,1,30.8,22,Cajamarca,31,4.0
EXT-104131,2026-08-23,Rappi,Ceviche Carretillero,1,33.0,18,San Juan,52,4.0
EXT-104132,2026-09-03,Rappi,ceviche carretillero,2,66.0,20,Cajamarca,19,5.0
EXT-104133,2026-07-09,PedidosYa,tiradito nikkei,1,,22,Cajamarca,13,4.0
EXT-104134,2026-01-22,PedidosYa,TIRADITO NIKKEI,1,39.6,25,Cajamarca,28,3.0
EXT-104135,2026-02-12,PedidosYa,tiradito nikkei,1,39.6,22,Baños del Inca,37,4.0
EXT-104136,2026-03-25,PedidosYa,ceviche carretillero,1,33.0,22,Cajamarca,32,3.0
EXT-104137,2026-05-16,PedidosYa,Ceviche Vegetariano,2,52.8,25,Cajamarca,42,5.0
EXT-104138,2026-03-28,PedidosYa,Ceviche de Pota,2,48.4,25,Namora,35,
EXT-104139,2026-03-28,PedidosYa,ceviche carretillero,1,33.0,25,Cajamarca,30,5.0
EXT-104140,2026-07-28,Rappi,ceviche clásico,1,30.8,18,Los Baños,29,5.0
EXT-104141,2026-08-08,PedidosYa,Leche de Pantera,1,28.6,22,Cajamarca,35,
EXT-104142,2026-03-16,Rappi,arroz chaufa de mariscos,2,70.4,18,Cajamarca,37,5.0
EXT-104143,2026-05-31,PedidosYa,TIRADITO NIKKEI,2,79.2,22,Baños del Inca,33,4.0
EXT-104144,2026-08-15,Rappi,sudado de pescado,1,37.4,18,Cajamarca,38,5.0
EXT-104145,2026-07-10,PedidosYa,Cebiche Clásico,1,30.8,25,Cajamarca,35,5.0
EXT-104146,2026-05-13,Rappi,ceviche de pota,1,24.2,18,Cajamarca,44,5.0
EXT-104147,2026-01-26,PedidosYa,arroz con pato marino,1,36.3,25,Llacanora,28,5.0
EXT-104148,2026-07-20,PedidosYa,TIRADITO NIKKEI,2,79.2,22,Baños del Inca,31,3.0
EXT-104149,2026-03-30,PedidosYa,Saltado de Mariscos,1,39.6,22,Cajamarca,37,5.0
EXT-104150,2026-02-16,Rappi,chaufa de pescado,2,61.6,20,Cajamarca,40,3.0
EXT-104151,2026-02-03,PedidosYa,Arroz con Mariscos,1,38.5,22,Cajamarca,39,5.0
EXT-104152,2026-06-23,Rappi,Ceviche Mixto,2,74.8,20,Los Baños,35,
EXT-104153,2026-09-15,PedidosYa,Tiradito Nikkei,2,79.2,22,Cajamarca,13,5.0
EXT-104154,2026-05-07,PedidosYa,Ceviche Mixto,1,37.4,25,Los Baños,48,4.0
EXT-104155,2026-08-05,PedidosYa,Cebiche Vegetariano,1,26.4,25,Los Baños,56,5.0
EXT-104156,2026-02-14,PedidosYa,Cebiche Mixto,1,37.4,25,Baños del Inca,29,4.0
EXT-104157,2026-07-25,Rappi,CEVICHE MIXTO,1,37.4,18,Cajamarca,39,4.0
EXT-104158,2026-08-05,PedidosYa,SALTADO DE MARISCOS,1,39.6,25,Los Baños,22,4.0
EXT-104159,2026-08-13,PedidosYa,Saltado de Mariscos,1,39.6,25,Baños del Inca,28,3.0
EXT-104160,2026-09-16,PedidosYa,Arroz Chaufa de Mariscos,2,70.4,25,Cajamarca,22,4.0
EXT-104161,2026-08-01,PedidosYa,Filete a la Chorrillana,1,41.8,22,Cajamarca,26,3.0
EXT-104162,2026-08-19,PedidosYa,TIRADITO NIKKEI,1,39.6,25,Cajamarca,38,4.0
EXT-104163,2026-04-22,Rappi,Cebiche de Camarón,1,41.8,20,Baños del Inca,52,4.0
EXT-104164,2026-06-19,PedidosYa,FILETE A LA CHORRILLANA,1,41.8,22,Los Baños,36,1.0
EXT-104165,2026-04-24,PedidosYa,arroz chaufa de mariscos,1,35.2,25,Cajamarca,48,
EXT-104166,2026-01-08,PedidosYa,TIRADITO NIKKEI,1,39.6,25,Cajamarca,27,2.0
EXT-104167,2026-03-23,PedidosYa,Ceviche Carretillero,1,33.0,25,Baños del Inca,46,5.0
EXT-104168,2026-08-07,PedidosYa,Arroz Chaufa de Mariscos,1,35.2,22,Baños del Inca,46,3.0
EXT-104169,2026-03-24,Rappi,Jalea Mixta,1,49.5,18,Cajamarca,22,3.0
EXT-104170,2026-04-28,PedidosYa,CEVICHE MIXTO,1,37.4,22,Baños del Inca,28,5.0
EXT-104171,2026-01-24,PedidosYa,Ceviche Clásico,1,30.8,25,Cajamarca,29,
EXT-104172,2026-08-13,Rappi,Parihuela,1,46.2,20,Llacanora,45,
EXT-104173,2026-07-27,PedidosYa,Ceviche Mixto,2,74.8,25,Cajamarca,18,4.0
EXT-104174,2026-04-08,PedidosYa,Ceviche Vegetariano,1,26.4,25,San Juan,40,4.0
EXT-104175,2026-01-23,PedidosYa,Jalea Mixta,1,49.5,22,Cajamarca,27,
EXT-104176,2026-03-21,Rappi,Cebiche de Camarón,1,41.8,18,Cajamarca,41,5.0
EXT-104177,2026-03-05,PedidosYa,tiradito nikkei,1,39.6,25,Cajamarca,36,4.0
EXT-104178,2026-05-26,PedidosYa,TIRADITO NIKKEI,2,79.2,25,Cajamarca,34,
EXT-104179,2026-01-13,PedidosYa,TACU TACU CON MARISCOS,1,40.7,22,Llacanora,40,5.0
EXT-104180,2026-03-13,Rappi,Sudado de Pescado,2,74.8,18,Baños del Inca,43,3.0
EXT-104181,2026-03-16,PedidosYa,tacu tacu con mariscos,2,81.4,25,San Juan,35,4.0
EXT-104182,2026-01-11,PedidosYa,CEVICHE VEGETARIANO,1,26.4,22,Cajamarca,25,3.0
EXT-104183,2026-08-31,PedidosYa,Chicharrón de Pescado,2,66.0,22,Namora,26,
EXT-104184,2026-03-04,Rappi,Pescado a lo Macho,2,96.8,20,Cajamarca,25,4.0
EXT-104185,2026-03-16,PedidosYa,chicharrón de calamar,1,35.2,22,Cajamarca,42,2.0
EXT-104186,2026-07-07,PedidosYa,Arroz Negro,1,39.6,22,San Juan,38,4.0
EXT-104187,2026-01-09,Rappi,Filete a la Chorrillana,1,41.8,20,Cajamarca,43,4.0
EXT-104188,2026-04-15,PedidosYa,ARROZ NEGRO,1,39.6,25,Cajamarca,22,1.0
EXT-104189,2026-04-20,Rappi,Ceviche de Conchas Negras,1,46.2,18,Cajamarca,40,
EXT-104190,2026-06-03,PedidosYa,Chaufa de Pescado,2,61.6,25,Cajamarca,42,3.0
EXT-104191,2026-07-28,PedidosYa,Tiradito Nikkei,1,39.6,22,Cajamarca,37,4.0
EXT-104192,2026-05-24,PedidosYa,CEVICHE MIXTO,1,37.4,25,Cajamarca,36,
EXT-104193,2026-03-31,PedidosYa,CEVICHE MIXTO,1,37.4,25,Los Baños,38,5.0
EXT-104194,2026-04-15,PedidosYa,Ceviche Carretillero,1,33.0,25,Baños del Inca,34,4.0
EXT-104195,2026-06-18,Rappi,Ceviche Carretillero,1,33.0,18,Los Baños,31,4.0
EXT-104196,2026-07-06,PedidosYa,Cebiche Vegetariano,1,26.4,22,Baños del Inca,31,5.0
EXT-104197,2026-04-04,PedidosYa,Arroz con Pato Marino,2,72.6,22,Cajamarca,38,4.0
EXT-104198,2026-04-06,Rappi,arroz con mariscos,3,115.5,18,Llacanora,35,5.0
EXT-104199,2026-07-21,PedidosYa,Ceviche Carretillero,1,33.0,22,Llacanora,35,4.0
EXT-104200,2026-09-23,Rappi,Filete a la Chorrillana,3,125.4,20,Baños del Inca,66,3.0
EXT-104201,2026-03-28,PedidosYa,leche de tigre,2,39.6,25,Llacanora,23,
EXT-104202,2026-09-27,Rappi,Leche de Tigre,1,19.8,20,Cajamarca,37,4.0
EXT-104203,2026-07-31,Rappi,Pescado a lo Macho,1,48.4,18,Baños del Inca,42,4.0
EXT-104204,2026-03-25,PedidosYa,Tiradito Nikkei,1,39.6,22,Cajamarca,31,5.0
EXT-104205,2026-03-22,PedidosYa,Leche de Tigre Especial,3,79.2,22,Cajamarca,37,5.0
EXT-104206,2026-07-20,PedidosYa,Cebiche de Camarón,2,83.6,22,Cajamarca,30,5.0
EXT-104207,2026-07-07,PedidosYa,SALTADO DE MARISCOS,2,79.2,25,Cajamarca,24,4.0
EXT-104208,2026-09-16,Rappi,Cebiche de Conchas Negras,1,46.2,18,Los Baños,20,4.0
EXT-104209,2026-02-06,PedidosYa,Arroz Chaufa de Mariscos,3,105.6,22,Cajamarca,33,5.0
EXT-104210,2026-09-25,PedidosYa,Cebiche de Camarón,2,83.6,25,Los Baños,41,5.0
EXT-104211,2026-07-24,PedidosYa,ARROZ CON PATO MARINO,1,36.3,25,Baños del Inca,31,
EXT-104212,2026-03-20,Rappi,Arroz Negro,2,79.2,18,Namora,32,
EXT-104213,2026-07-17,Rappi,Cebiche de Camarón,2,83.6,20,Cajamarca,46,4.0
EXT-104214,2026-03-05,PedidosYa,TIRADITO NIKKEI,1,39.6,25,Cajamarca,25,5.0
EXT-104215,2026-08-02,Rappi,arroz negro,2,79.2,18,Llacanora,39,4.0
EXT-104216,2026-06-03,PedidosYa,Cebiche Carretillero,1,33.0,22,Baños del Inca,31,2.0
EXT-104217,2026-05-19,PedidosYa,Chaufa de Pescado,1,30.8,22,Cajamarca,28,5.0
EXT-104218,2026-06-29,PedidosYa,Ceviche Mixto,3,112.2,25,Cajamarca,17,3.0
EXT-104219,2026-05-02,PedidosYa,CEVICHE MIXTO,1,37.4,25,San Juan,52,3.0
EXT-104220,2026-03-25,Rappi,Ceviche Vegetariano,2,52.8,20,Baños del Inca,40,5.0
EXT-104221,2026-09-12,PedidosYa,ceviche vegetariano,2,52.8,25,Baños del Inca,30,3.0
EXT-104222,2026-09-17,Rappi,Ceviche Mixto,2,74.8,18,Baños del Inca,49,2.0
EXT-104223,2026-09-21,Rappi,Jalea Mixta,1,49.5,18,Namora,29,3.0
EXT-104224,2026-04-10,Rappi,ceviche vegetariano,2,52.8,20,Cajamarca,34,3.0
EXT-104225,2026-06-11,Rappi,Sudado de Pescado,1,37.4,18,Baños del Inca,46,1.0
EXT-104226,2026-06-18,Rappi,Parihuela,2,92.4,18,Baños del Inca,45,5.0
EXT-104227,2026-02-15,PedidosYa,chicharrón de calamar,1,35.2,25,Baños del Inca,23,4.0
EXT-104228,2026-04-06,PedidosYa,tiradito nikkei,2,79.2,22,Cajamarca,51,
EXT-104229,2026-01-25,Rappi,Arroz Chaufa de Mariscos,1,35.2,18,Baños del Inca,23,5.0
EXT-104230,2026-03-12,Rappi,tacu tacu con mariscos,1,40.7,18,Cajamarca,41,4.0
EXT-104231,2026-09-04,Rappi,Ceviche Vegetariano,2,52.8,18,Namora,39,3.0
EXT-104232,2026-02-21,PedidosYa,Tiradito Nikkei,1,39.6,25,Namora,30,5.0
EXT-104233,2026-02-16,PedidosYa,ceviche carretillero,2,66.0,22,San Juan,37,2.0
EXT-104234,2026-02-20,Rappi,Ceviche Vegetariano,1,26.4,20,Cajamarca,26,3.0
EXT-104235,2026-07-25,PedidosYa,Ceviche de Camarón,2,83.6,22,Cajamarca,29,5.0
EXT-104236,2026-02-11,Rappi,PESCADO A LO MACHO,2,96.8,18,Cajamarca,21,5.0
EXT-104237,2026-01-09,Rappi,ceviche de camarón,1,41.8,20,Los Baños,39,5.0
EXT-104238,2026-09-26,PedidosYa,Ceviche Mixto,1,37.4,22,Cajamarca,42,5.0
EXT-104239,2026-08-15,PedidosYa,Leche de Tigre,1,19.8,22,Cajamarca,31,
EXT-104240,2026-05-09,PedidosYa,leche de tigre especial,1,26.4,25,Cajamarca,53,4.0
EXT-104241,2026-01-02,Rappi,chicharrón de calamar,2,70.4,18,Cajamarca,33,4.0
EXT-104242,2026-02-07,PedidosYa,CHICHARRÓN DE PESCADO,1,33.0,22,Cajamarca,23,4.0
EXT-104243,2026-02-10,Rappi,CEVICHE MIXTO,1,37.4,20,Cajamarca,33,5.0
EXT-104244,2026-05-24,PedidosYa,Arroz Negro,1,39.6,25,Baños del Inca,47,5.0
EXT-104245,2026-02-08,Rappi,chaufa de pescado,3,92.4,20,Cajamarca,26,5.0
EXT-104246,2026-04-07,PedidosYa,CEVICHE DE CONCHAS NEGRAS,3,138.6,25,San Juan,34,
EXT-104247,2026-07-15,PedidosYa,Leche de Tigre Especial,1,26.4,22,Llacanora,29,5.0
EXT-104248,2026-04-17,Rappi,leche de tigre,1,19.8,18,Baños del Inca,21,5.0
EXT-104249,2026-02-10,PedidosYa,Arroz con Pato Marino,1,36.3,22,Llacanora,29,4.0
EXT-104250,2026-03-18,PedidosYa,Chicharron de Calamar,1,35.2,25,Baños del Inca,25,3.0
EXT-104251,2026-02-01,Rappi,Ceviche Vegetariano,1,26.4,20,Cajamarca,29,5.0
EXT-104252,2026-08-24,Rappi,Tiradito Nikkei,2,79.2,20,Baños del Inca,28,4.0
EXT-104253,2026-05-14,PedidosYa,LECHE DE TIGRE,1,19.8,25,Namora,21,5.0
EXT-104254,2026-01-14,PedidosYa,Ceviche de Camarón,3,125.4,22,Cajamarca,12,2.0
EXT-104255,2026-05-15,PedidosYa,Jalea Mixta,2,99.0,22,Cajamarca,42,4.0
EXT-104256,2026-05-08,PedidosYa,Ceviche de Camarón,1,41.8,25,Baños del Inca,41,4.0
EXT-104257,2026-09-05,Rappi,LECHE DE PANTERA,3,85.8,20,Cajamarca,30,3.0
EXT-104258,2026-01-04,Rappi,sudado de pescado,1,37.4,20,Cajamarca,29,1.0
EXT-104259,2026-07-04,Rappi,ARROZ CHAUFA DE MARISCOS,1,35.2,20,Baños del Inca,31,3.0
EXT-104260,2026-07-29,PedidosYa,Cebiche de Conchas Negras,1,46.2,22,Cajamarca,35,4.0
EXT-104261,2026-03-31,PedidosYa,Chicharrón de Calamar,1,35.2,22,Baños del Inca,16,4.0
EXT-104262,2026-03-08,PedidosYa,Arroz Negro,1,39.6,25,Cajamarca,42,4.0
EXT-104263,2026-06-12,PedidosYa,Arroz con Mariscos,1,38.5,22,Baños del Inca,33,5.0
EXT-104264,2026-04-04,PedidosYa,Ceviche de Conchas Negras,2,92.4,22,Cajamarca,31,5.0
EXT-104265,2026-08-29,Rappi,Tiradito Nikkei,1,39.6,18,Cajamarca,36,5.0
EXT-104266,2026-01-06,PedidosYa,Chicharron de Calamar,1,35.2,25,Baños del Inca,39,3.0
EXT-104267,2026-03-27,Rappi,chicharrón de calamar,1,35.2,18,Cajamarca,48,4.0
EXT-104268,2026-09-15,PedidosYa,Arroz Chaufa de Mariscos,2,70.4,22,Cajamarca,27,
EXT-104269,2026-06-28,Rappi,Cebiche Carretillero,1,33.0,20,Baños del Inca,46,1.0
EXT-104270,2026-01-23,PedidosYa,Arroz con Pato Marino,2,72.6,22,Baños del Inca,48,3.0
EXT-104271,2026-04-23,PedidosYa,Tiradito Nikkei,1,39.6,22,Baños del Inca,29,5.0
EXT-104272,2026-09-03,PedidosYa,Tiradito Nikkei,1,39.6,22,Cajamarca,30,5.0
EXT-104273,2026-06-10,PedidosYa,Ceviche Carretillero,3,99.0,25,Llacanora,29,4.0
EXT-104274,2026-04-12,PedidosYa,SOPA CHILCANO DE PESCADO,1,27.5,22,Cajamarca,47,
EXT-104275,2026-07-19,PedidosYa,Chicharrón de Pescado,1,33.0,22,Cajamarca,38,5.0
EXT-104276,2026-01-05,Rappi,CEVICHE DE POTA,1,24.2,18,Cajamarca,29,5.0
EXT-104277,2026-02-01,Rappi,Chicharron de Calamar,2,70.4,20,Cajamarca,33,5.0
EXT-104278,2026-02-19,PedidosYa,Arroz Negro,1,39.6,22,Los Baños,47,5.0
EXT-104279,2026-02-15,PedidosYa,Tiradito Nikkei,1,39.6,25,Baños del Inca,45,
EXT-104280,2026-06-06,PedidosYa,Ceviche de Conchas Negras,2,92.4,25,Cajamarca,31,4.0
EXT-104281,2026-06-13,PedidosYa,CEVICHE CARRETILLERO,1,33.0,22,Cajamarca,31,4.0
EXT-104282,2026-03-13,PedidosYa,CEVICHE MIXTO,1,37.4,22,Cajamarca,29,
EXT-104283,2026-07-03,PedidosYa,Tiradito Nikkei,1,39.6,25,Baños del Inca,50,4.0
EXT-104284,2026-06-22,PedidosYa,Arroz Chaufa de Mariscos,1,35.2,25,Cajamarca,47,5.0
EXT-104285,2026-05-23,Rappi,Ceviche Clásico,1,30.8,20,Baños del Inca,45,3.0
EXT-104286,2026-05-04,Rappi,arroz chaufa de mariscos,1,35.2,20,Cajamarca,44,1.0
EXT-104287,2026-01-27,PedidosYa,CEVICHE DE CONCHAS NEGRAS,1,46.2,25,Cajamarca,28,2.0
EXT-104288,2026-07-20,PedidosYa,Sopa Chilcano de Pescado,1,27.5,25,Cajamarca,35,4.0
EXT-104289,2026-03-21,PedidosYa,CEVICHE DE CAMARÓN,1,41.8,25,Los Baños,36,3.0
EXT-104290,2026-05-18,PedidosYa,Chaufa de Pescado,1,30.8,22,Baños del Inca,36,
EXT-104291,2026-04-13,PedidosYa,Cebiche Vegetariano,2,52.8,22,Cajamarca,38,4.0
EXT-104292,2026-02-20,PedidosYa,Cebiche Carretillero,2,66.0,22,Cajamarca,36,4.0
EXT-104293,2026-08-24,PedidosYa,Ceviche Vegetariano,1,26.4,22,Llacanora,19,4.0
EXT-104294,2026-09-10,Rappi,Cebiche de Camarón,1,41.8,20,Cajamarca,38,4.0
EXT-104295,2026-07-02,Rappi,Ceviche Vegetariano,1,26.4,18,Cajamarca,36,4.0
EXT-104296,2026-04-04,PedidosYa,Saltado de Mariscos,2,79.2,22,Cajamarca,39,5.0
EXT-104297,2026-03-23,PedidosYa,chicharrón de calamar,1,35.2,25,Namora,22,5.0
EXT-104298,2026-06-27,Rappi,Filete a la Chorrillana,2,83.6,18,Baños del Inca,44,5.0
EXT-104299,2026-03-06,PedidosYa,CEVICHE MIXTO,3,112.2,22,Llacanora,27,4.0
EXT-104300,2026-01-05,PedidosYa,Ceviche Vegetariano,1,26.4,25,Cajamarca,36,
EXT-104301,2026-06-18,PedidosYa,Ceviche de Camaron,1,41.8,25,Llacanora,34,4.0
EXT-104302,2026-02-07,PedidosYa,Cebiche Clásico,1,30.8,22,Baños del Inca,32,5.0
EXT-104303,2026-06-29,Rappi,CEVICHE MIXTO,1,37.4,18,Namora,35,5.0
EXT-104304,2026-09-09,PedidosYa,Ceviche Mixto,1,37.4,25,Cajamarca,32,2.0
EXT-104305,2026-07-18,PedidosYa,ARROZ NEGRO,1,39.6,22,Cajamarca,35,
EXT-104306,2026-04-22,Rappi,Leche de Tigre,2,39.6,18,Cajamarca,21,5.0
EXT-104307,2026-03-13,PedidosYa,Ceviche Mixto,2,74.8,22,Cajamarca,28,
EXT-104308,2026-03-20,Rappi,Ceviche Carretillero,1,33.0,20,Cajamarca,25,3.0
EXT-104309,2026-09-14,PedidosYa,tiradito nikkei,1,39.6,25,Baños del Inca,29,5.0
EXT-104310,2026-02-16,PedidosYa,Ceviche Mixto,1,37.4,25,Cajamarca,41,5.0
EXT-104311,2026-09-04,PedidosYa,TIRADITO NIKKEI,1,39.6,25,Cajamarca,42,4.0
EXT-104312,2026-03-04,Rappi,leche de tigre especial,1,26.4,18,Cajamarca,43,3.0
EXT-104313,2026-03-08,Rappi,Cebiche Vegetariano,2,52.8,20,San Juan,24,
EXT-104314,2026-05-05,Rappi,Cebiche Carretillero,1,33.0,18,Cajamarca,38,4.0
EXT-104315,2026-01-28,Rappi,Arroz Chaufa de Mariscos,3,105.6,18,San Juan,33,4.0
EXT-104316,2026-06-27,PedidosYa,ARROZ CON PATO MARINO,2,72.6,25,Cajamarca,48,5.0
EXT-104317,2026-04-03,PedidosYa,Arroz Negro,1,39.6,22,Cajamarca,39,5.0
EXT-104318,2026-06-21,PedidosYa,Leche de Tigre,1,19.8,22,Cajamarca,48,5.0
EXT-104319,2026-03-11,PedidosYa,ceviche carretillero,1,33.0,25,Baños del Inca,32,
EXT-104320,2026-08-03,Rappi,SOPA CHILCANO DE PESCADO,3,82.5,20,Cajamarca,41,4.0
EXT-104321,2026-01-17,Rappi,tacu tacu con mariscos,1,40.7,18,Namora,46,5.0
EXT-104322,2026-02-15,Rappi,ceviche de camarón,1,41.8,20,Cajamarca,36,3.0
EXT-104323,2026-07-30,PedidosYa,Parihuela,1,46.2,22,San Juan,43,
EXT-104324,2026-02-07,Rappi,Cebiche de Conchas Negras,3,138.6,18,Cajamarca,45,5.0
EXT-104325,2026-05-17,PedidosYa,Arroz con Pato Marino,2,72.6,22,Cajamarca,29,
EXT-104326,2026-05-17,Rappi,PESCADO A LO MACHO,1,48.4,20,Namora,32,3.0
EXT-104327,2026-08-07,Rappi,Sudado de Pescado,1,37.4,18,Cajamarca,49,4.0
EXT-104328,2026-04-07,PedidosYa,Tacu Tacu con Mariscos,3,122.1,22,Baños del Inca,31,2.0
EXT-104329,2026-02-12,PedidosYa,Chaufa de Pescado,1,30.8,22,Cajamarca,39,5.0
EXT-104330,2026-05-05,Rappi,sopa chilcano de pescado,1,27.5,20,Baños del Inca,34,5.0
EXT-104331,2026-07-11,Rappi,CEVICHE CLÁSICO,1,30.8,18,Namora,31,
EXT-104332,2026-07-04,PedidosYa,Ceviche Carretillero,1,33.0,25,Cajamarca,37,3.0
EXT-104333,2026-01-25,Rappi,Ceviche de Conchas Negras,1,46.2,20,Cajamarca,30,
EXT-104334,2026-05-16,PedidosYa,Cebiche Carretillero,1,33.0,22,Cajamarca,48,3.0
EXT-104335,2026-02-24,PedidosYa,ARROZ CON MARISCOS,2,77.0,25,Los Baños,25,3.0
EXT-104336,2026-02-10,Rappi,Ceviche de Camaron,1,41.8,18,Baños del Inca,35,3.0
EXT-104337,2026-04-27,Rappi,CEVICHE DE CAMARÓN,1,41.8,18,Cajamarca,37,5.0
EXT-104338,2026-07-13,PedidosYa,Leche de Pantera,2,57.2,25,Cajamarca,33,4.0
EXT-104339,2026-09-20,PedidosYa,ceviche vegetariano,3,79.2,25,Namora,40,2.0
EXT-104340,2026-08-05,PedidosYa,Arroz con Pato Marino,1,36.3,25,Los Baños,35,5.0
EXT-104341,2026-09-05,PedidosYa,Cebiche Mixto,1,37.4,25,Cajamarca,35,5.0
EXT-104342,2026-01-26,PedidosYa,CEVICHE MIXTO,1,37.4,22,Los Baños,27,
EXT-104343,2026-08-02,Rappi,Tiradito Nikkei,1,39.6,20,Baños del Inca,36,5.0
EXT-104344,2026-05-30,PedidosYa,TIRADITO NIKKEI,1,39.6,25,Baños del Inca,35,
EXT-104345,2026-03-16,Rappi,CEVICHE DE POTA,1,24.2,18,Baños del Inca,34,
EXT-104346,2026-02-10,Rappi,Tiradito Nikkei,1,39.6,18,Cajamarca,42,5.0
EXT-104347,2026-02-07,Rappi,Filete a la Chorrillana,1,41.8,20,Cajamarca,31,4.0
EXT-104348,2026-04-20,PedidosYa,CEVICHE MIXTO,1,37.4,25,Cajamarca,18,5.0
EXT-104349,2026-03-14,PedidosYa,CEVICHE MIXTO,1,37.4,22,Cajamarca,42,4.0
EXT-104350,2026-09-07,PedidosYa,ceviche clásico,2,61.6,22,San Juan,37,5.0
EXT-104351,2026-01-06,Rappi,Ceviche de Pota,3,72.6,20,Cajamarca,30,2.0
EXT-104352,2026-02-04,Rappi,Cebiche Vegetariano,1,26.4,20,Namora,12,
EXT-104353,2026-03-04,Rappi,Filete a la Chorrillana,1,41.8,20,Cajamarca,46,4.0
EXT-104354,2026-03-17,PedidosYa,Chicharrón de Pescado,1,33.0,25,Cajamarca,44,
EXT-104355,2026-01-16,PedidosYa,Ceviche de Conchas Negras,1,46.2,25,Cajamarca,17,5.0
EXT-104356,2026-07-08,PedidosYa,ARROZ NEGRO,1,39.6,25,Cajamarca,43,3.0
EXT-104357,2026-08-11,Rappi,Ceviche Vegetariano,1,26.4,20,Cajamarca,34,5.0
EXT-104358,2026-02-16,PedidosYa,Tacu Tacu con Mariscos,1,40.7,25,Cajamarca,46,3.0
EXT-104359,2026-08-01,PedidosYa,Chaufa de Pescado,1,30.8,22,San Juan,34,4.0
EXT-104360,2026-04-12,PedidosYa,Chicharron de Pescado,1,33.0,22,Cajamarca,32,3.0
EXT-104361,2026-09-03,Rappi,filete a la chorrillana,1,41.8,20,Cajamarca,35,4.0
EXT-104362,2026-07-10,Rappi,CEVICHE CARRETILLERO,2,66.0,20,Cajamarca,27,4.0
EXT-104363,2026-02-12,Rappi,Arroz Negro,2,79.2,20,Llacanora,28,5.0
EXT-104364,2026-08-21,Rappi,Ceviche Mixto,1,37.4,18,Baños del Inca,30,
EXT-104365,2026-03-01,Rappi,Ceviche de Camarón,1,41.8,18,Cajamarca,29,4.0
EXT-104366,2026-07-25,Rappi,Ceviche Carretillero,1,33.0,18,Cajamarca,24,
EXT-104367,2026-03-04,Rappi,CEVICHE CARRETILLERO,1,33.0,20,Cajamarca,48,2.0
EXT-104368,2026-03-12,PedidosYa,leche de pantera,1,28.6,22,Cajamarca,27,1.0
EXT-104369,2026-09-15,PedidosYa,Ceviche de Conchas Negras,1,46.2,22,Llacanora,43,4.0
EXT-104370,2026-04-23,PedidosYa,Ceviche de Conchas Negras,1,46.2,25,Cajamarca,35,5.0
EXT-104371,2026-06-15,PedidosYa,ARROZ CHAUFA DE MARISCOS,2,70.4,25,Cajamarca,31,5.0
EXT-104372,2026-04-04,PedidosYa,Ceviche Carretillero,2,66.0,25,Cajamarca,27,5.0
EXT-104373,2026-01-04,PedidosYa,ceviche de conchas negras,1,46.2,25,Cajamarca,52,4.0
EXT-104374,2026-04-10,PedidosYa,sudado de pescado,1,37.4,22,Baños del Inca,23,2.0
EXT-104375,2026-07-30,PedidosYa,Ceviche Mixto,1,37.4,25,Cajamarca,28,5.0
EXT-104376,2026-04-25,PedidosYa,Cebiche Carretillero,1,33.0,25,Cajamarca,51,5.0
EXT-104377,2026-09-11,PedidosYa,Ceviche Clasico,1,30.8,25,Cajamarca,31,
EXT-104378,2026-04-11,PedidosYa,Cebiche Mixto,1,,22,Cajamarca,22,4.0
EXT-104379,2026-08-25,PedidosYa,Chicharrón de Pescado,1,33.0,25,Namora,31,5.0
EXT-104380,2026-06-03,PedidosYa,Sopa Chilcano de Pescado,2,55.0,25,Cajamarca,45,3.0
EXT-104381,2026-01-18,PedidosYa,Chaufa de Pescado,2,61.6,22,Cajamarca,38,4.0
EXT-104382,2026-09-06,PedidosYa,Ceviche Vegetariano,1,26.4,22,San Juan,43,4.0
EXT-104383,2026-08-21,PedidosYa,Cebiche Vegetariano,1,26.4,22,Cajamarca,27,4.0
EXT-104384,2026-06-28,Rappi,Ceviche Vegetariano,2,52.8,18,Cajamarca,50,5.0
EXT-104385,2026-03-21,Rappi,Filete a la Chorrillana,3,125.4,18,Baños del Inca,34,4.0
EXT-104386,2026-09-05,PedidosYa,ARROZ NEGRO,2,79.2,25,Cajamarca,42,1.0
EXT-104387,2026-08-06,Rappi,ceviche de pota,1,24.2,18,Cajamarca,34,5.0
EXT-104388,2026-04-05,PedidosYa,SUDADO DE PESCADO,1,37.4,25,Cajamarca,13,2.0
EXT-104389,2026-06-28,Rappi,Ceviche Clásico,1,30.8,20,Cajamarca,32,4.0
EXT-104390,2026-05-03,PedidosYa,CEVICHE VEGETARIANO,1,26.4,25,San Juan,37,5.0
EXT-104391,2026-04-22,Rappi,Leche de Tigre,1,19.8,18,Cajamarca,53,5.0
EXT-104392,2026-09-25,PedidosYa,jalea mixta,1,49.5,25,Baños del Inca,35,1.0
EXT-104393,2026-06-12,PedidosYa,ceviche carretillero,2,66.0,25,Cajamarca,47,3.0
EXT-104394,2026-01-29,Rappi,Leche de Pantera,2,57.2,20,Cajamarca,14,2.0
EXT-104395,2026-03-19,PedidosYa,CEVICHE VEGETARIANO,1,26.4,25,Cajamarca,32,4.0
EXT-104396,2026-06-26,Rappi,CEVICHE DE CONCHAS NEGRAS,2,92.4,20,Cajamarca,34,5.0
EXT-104397,2026-01-02,PedidosYa,tacu tacu con mariscos,3,122.1,22,Baños del Inca,42,4.0
EXT-104398,2026-01-11,Rappi,filete a la chorrillana,1,41.8,20,Baños del Inca,49,4.0
EXT-104399,2026-01-07,PedidosYa,Pescado a lo Macho,2,96.8,25,Cajamarca,40,
EXT-104400,2026-06-04,Rappi,Ceviche de Pota,1,24.2,18,Baños del Inca,36,4.0
EXT-104401,2026-08-08,Rappi,SOPA CHILCANO DE PESCADO,1,27.5,18,Llacanora,18,5.0
EXT-104402,2026-06-16,Rappi,Ceviche Mixto,2,74.8,18,Cajamarca,12,5.0
EXT-104403,2026-03-22,Rappi,Arroz Negro,3,118.8,20,Baños del Inca,43,4.0
EXT-104404,2026-03-13,Rappi,LECHE DE TIGRE,1,19.8,18,Cajamarca,24,4.0
EXT-104405,2026-05-14,PedidosYa,Filete a la Chorrillana,1,41.8,22,San Juan,46,
EXT-104406,2026-07-06,Rappi,LECHE DE TIGRE,1,19.8,20,Cajamarca,23,5.0
EXT-104407,2026-09-16,PedidosYa,CEVICHE DE CAMARÓN,1,41.8,22,Cajamarca,33,3.0
EXT-104408,2026-06-01,PedidosYa,CEVICHE CARRETILLERO,2,66.0,25,Cajamarca,54,4.0
EXT-104409,2026-07-21,Rappi,Arroz Chaufa de Mariscos,1,35.2,18,Cajamarca,54,2.0
EXT-104410,2026-03-18,PedidosYa,Arroz Negro,1,39.6,25,Los Baños,30,5.0
EXT-104411,2026-01-14,Rappi,Cebiche Clásico,1,30.8,18,Cajamarca,47,
EXT-104412,2026-08-15,PedidosYa,filete a la chorrillana,2,83.6,22,Los Baños,37,4.0
EXT-104413,2026-07-19,Rappi,CEVICHE DE POTA,1,24.2,18,Cajamarca,37,5.0
EXT-104414,2026-02-20,Rappi,Ceviche Carretillero,1,33.0,20,Namora,24,5.0
EXT-104415,2026-07-07,Rappi,Ceviche Clasico,2,61.6,18,Llacanora,49,4.0
EXT-104416,2026-03-20,PedidosYa,Tiradito Nikkei,1,39.6,25,Cajamarca,41,3.0
EXT-104417,2026-05-09,PedidosYa,Arroz Negro,1,39.6,22,Baños del Inca,38,3.0
EXT-104418,2026-06-22,PedidosYa,Chaufa de Pescado,1,30.8,22,Baños del Inca,30,4.0
EXT-104419,2026-03-16,PedidosYa,Saltado de Mariscos,1,39.6,22,Cajamarca,37,
EXT-104420,2026-01-05,PedidosYa,Arroz Negro,1,39.6,22,Baños del Inca,27,5.0
EXT-104421,2026-06-11,Rappi,Ceviche Clásico,1,30.8,20,Cajamarca,33,1.0
EXT-104422,2026-07-21,Rappi,Ceviche de Conchas Negras,2,92.4,20,Cajamarca,21,5.0
EXT-104423,2026-01-28,Rappi,Ceviche de Camaron,1,41.8,18,Los Baños,30,4.0
EXT-104424,2026-07-11,PedidosYa,arroz con mariscos,2,77.0,22,Cajamarca,33,5.0
EXT-104425,2026-05-03,PedidosYa,pescado a lo macho,2,96.8,22,Los Baños,21,5.0
EXT-104426,2026-04-05,PedidosYa,Sudado de Pescado,1,37.4,25,Los Baños,18,3.0
EXT-104427,2026-03-02,PedidosYa,PARIHUELA,2,92.4,22,Baños del Inca,47,5.0
EXT-104428,2026-07-23,PedidosYa,ceviche carretillero,3,99.0,25,Cajamarca,31,4.0
EXT-104429,2026-02-16,PedidosYa,TACU TACU CON MARISCOS,1,40.7,25,Baños del Inca,27,5.0
EXT-104430,2026-01-11,Rappi,Leche de Tigre Especial,1,26.4,18,Cajamarca,43,5.0
EXT-104431,2026-09-03,Rappi,Filete a la Chorrillana,1,41.8,18,Baños del Inca,33,2.0
EXT-104432,2026-07-28,Rappi,Jalea Mixta,3,148.5,20,Namora,30,5.0
EXT-104433,2026-08-06,Rappi,Chicharron de Calamar,1,35.2,18,Cajamarca,51,4.0
EXT-104434,2026-07-27,PedidosYa,tacu tacu con mariscos,1,40.7,25,Llacanora,40,5.0
EXT-104435,2026-05-19,PedidosYa,ceviche de camarón,1,41.8,25,Cajamarca,38,5.0
EXT-104436,2026-01-31,PedidosYa,Arroz Chaufa de Mariscos,1,35.2,25,Baños del Inca,38,4.0
EXT-104437,2026-05-03,PedidosYa,Arroz Negro,1,39.6,25,Cajamarca,34,3.0
EXT-104438,2026-07-20,Rappi,arroz con mariscos,2,77.0,18,Cajamarca,50,
EXT-104439,2026-09-06,PedidosYa,leche de tigre,1,19.8,25,Baños del Inca,45,4.0
EXT-104440,2026-06-15,Rappi,Ceviche Mixto,2,74.8,20,Cajamarca,38,3.0
EXT-104441,2026-07-04,PedidosYa,FILETE A LA CHORRILLANA,1,41.8,25,Cajamarca,30,3.0
EXT-104442,2026-05-30,PedidosYa,CEVICHE DE CONCHAS NEGRAS,1,46.2,25,Cajamarca,38,
EXT-104443,2026-07-26,PedidosYa,Tiradito Nikkei,1,39.6,22,Cajamarca,41,4.0
EXT-104444,2026-06-19,PedidosYa,Tiradito Nikkei,1,39.6,22,Llacanora,38,4.0
EXT-104445,2026-06-30,PedidosYa,Filete a la Chorrillana,1,41.8,25,Baños del Inca,35,5.0
EXT-104446,2026-04-18,Rappi,ceviche vegetariano,1,26.4,20,Baños del Inca,31,3.0
EXT-104447,2026-07-12,PedidosYa,ceviche vegetariano,2,52.8,25,Cajamarca,27,3.0
EXT-104448,2026-09-20,Rappi,Arroz Chaufa de Mariscos,1,35.2,18,Baños del Inca,33,2.0
EXT-104449,2026-08-20,Rappi,leche de tigre,2,39.6,20,Cajamarca,47,1.0
EXT-104450,2026-09-11,Rappi,Chicharron de Calamar,1,35.2,20,Cajamarca,36,4.0
EXT-104451,2026-09-22,PedidosYa,SUDADO DE PESCADO,3,112.2,25,Namora,44,1.0
EXT-104452,2026-04-26,Rappi,Ceviche Clásico,3,92.4,20,Baños del Inca,52,4.0
EXT-104453,2026-03-18,Rappi,Parihuela,2,92.4,18,Cajamarca,28,4.0
EXT-104454,2026-08-27,Rappi,LECHE DE TIGRE,1,19.8,20,Los Baños,34,3.0
EXT-104455,2026-04-01,PedidosYa,Tacu Tacu con Mariscos,1,40.7,22,Cajamarca,24,4.0
EXT-104456,2026-02-23,Rappi,Tiradito Nikkei,1,39.6,20,Llacanora,12,4.0
EXT-104457,2026-01-13,Rappi,CEVICHE CLÁSICO,1,30.8,18,Cajamarca,32,1.0
EXT-104458,2026-03-16,Rappi,Leche de Tigre,1,19.8,18,Cajamarca,34,3.0
EXT-104459,2026-05-02,PedidosYa,Chicharrón de Calamar,1,35.2,22,San Juan,40,3.0
EXT-104460,2026-06-12,PedidosYa,FILETE A LA CHORRILLANA,1,41.8,25,Cajamarca,42,5.0
EXT-104461,2026-06-07,Rappi,Sudado de Pescado,3,112.2,20,Cajamarca,32,
EXT-104462,2026-05-02,PedidosYa,Ceviche Vegetariano,1,26.4,22,Cajamarca,38,
EXT-104463,2026-05-29,Rappi,ceviche carretillero,1,33.0,18,Cajamarca,20,4.0
EXT-104464,2026-05-15,PedidosYa,CHICHARRÓN DE PESCADO,1,33.0,22,Baños del Inca,39,4.0
EXT-104465,2026-05-15,PedidosYa,CEVICHE DE CAMARÓN,1,41.8,22,Baños del Inca,34,3.0
EXT-104466,2026-08-03,PedidosYa,Tiradito Nikkei,1,39.6,22,Baños del Inca,34,
EXT-104467,2026-08-13,PedidosYa,TIRADITO NIKKEI,1,39.6,22,Cajamarca,52,4.0
EXT-104468,2026-05-13,PedidosYa,Pescado a lo Macho,3,145.2,25,Baños del Inca,34,5.0
EXT-104469,2026-09-25,Rappi,Tacu Tacu con Mariscos,1,40.7,20,Los Baños,49,5.0
EXT-104470,2026-05-25,PedidosYa,TIRADITO NIKKEI,2,79.2,25,Cajamarca,12,
EXT-104471,2026-02-19,PedidosYa,Leche de Tigre,1,19.8,22,Namora,20,5.0
EXT-104472,2026-03-22,Rappi,parihuela,1,46.2,20,Cajamarca,45,4.0
EXT-104473,2026-08-22,Rappi,CEVICHE VEGETARIANO,1,26.4,18,Cajamarca,31,
EXT-104474,2026-02-05,PedidosYa,chicharrón de pescado,1,33.0,25,Cajamarca,34,5.0
EXT-104475,2026-05-28,PedidosYa,CHAUFA DE PESCADO,2,61.6,25,Cajamarca,44,3.0
EXT-104476,2026-04-22,PedidosYa,CEVICHE MIXTO,1,37.4,22,Cajamarca,28,4.0
EXT-104477,2026-07-18,Rappi,ceviche mixto,1,37.4,18,Cajamarca,35,4.0
EXT-104478,2026-04-21,Rappi,Arroz Chaufa de Mariscos,1,35.2,18,Cajamarca,39,4.0
EXT-104479,2026-07-13,PedidosYa,Ceviche Vegetariano,2,52.8,25,Cajamarca,32,5.0
EXT-104480,2026-07-16,PedidosYa,ceviche de pota,1,24.2,22,Baños del Inca,29,4.0
EXT-104481,2026-09-25,PedidosYa,Arroz Negro,3,118.8,22,Cajamarca,41,2.0
EXT-104482,2026-09-08,Rappi,ceviche vegetariano,1,26.4,18,Cajamarca,17,5.0
EXT-104483,2026-06-25,PedidosYa,ceviche de camarón,1,41.8,22,Cajamarca,35,4.0
EXT-104484,2026-05-18,PedidosYa,tacu tacu con mariscos,2,81.4,22,Cajamarca,35,4.0
EXT-104485,2026-06-29,PedidosYa,leche de tigre,1,19.8,25,Cajamarca,42,2.0
EXT-104486,2026-05-01,Rappi,arroz negro,2,79.2,18,Baños del Inca,39,5.0
EXT-104487,2026-09-27,Rappi,Ceviche Clásico,1,30.8,20,Cajamarca,12,4.0
EXT-104488,2026-01-03,Rappi,arroz con mariscos,1,38.5,20,Los Baños,26,4.0
EXT-104489,2026-05-08,Rappi,Ceviche de Camarón,1,41.8,20,Cajamarca,29,2.0
EXT-104490,2026-06-19,PedidosYa,LECHE DE TIGRE ESPECIAL,1,26.4,25,Los Baños,33,5.0
EXT-104491,2026-06-13,PedidosYa,FILETE A LA CHORRILLANA,1,41.8,22,Cajamarca,38,3.0
EXT-104492,2026-09-07,PedidosYa,CEVICHE VEGETARIANO,1,26.4,22,Cajamarca,38,5.0
EXT-104493,2026-04-20,Rappi,chaufa de pescado,1,30.8,20,Baños del Inca,50,2.0
EXT-104494,2026-05-08,Rappi,Pescado a lo Macho,1,48.4,18,Cajamarca,35,
EXT-104495,2026-04-30,Rappi,Leche de Pantera,1,28.6,20,Cajamarca,44,2.0
EXT-104496,2026-05-16,PedidosYa,PARIHUELA,1,46.2,25,Cajamarca,27,2.0
EXT-104497,2026-07-12,PedidosYa,Arroz Chaufa de Mariscos,2,70.4,22,Cajamarca,42,4.0
EXT-104498,2026-04-21,Rappi,Ceviche Vegetariano,1,26.4,20,Namora,35,5.0
EXT-104499,2026-08-09,Rappi,CEVICHE DE CAMARÓN,1,41.8,18,Baños del Inca,21,4.0
EXT-104500,2026-05-10,PedidosYa,CEVICHE CLÁSICO,1,30.8,25,Cajamarca,38,5.0
EXT-104501,2026-04-04,PedidosYa,Ceviche de Pota,2,48.4,25,Cajamarca,29,4.0
EXT-104502,2026-08-20,PedidosYa,Ceviche de Camaron,1,41.8,25,Baños del Inca,27,4.0
EXT-104503,2026-09-14,PedidosYa,Ceviche de Pota,1,24.2,25,Baños del Inca,40,4.0
EXT-104504,2026-01-20,PedidosYa,ceviche clásico,1,30.8,22,Baños del Inca,48,4.0
EXT-104505,2026-07-02,PedidosYa,Chicharrón de Calamar,1,35.2,25,San Juan,44,4.0
EXT-104506,2026-07-27,PedidosYa,ARROZ CHAUFA DE MARISCOS,1,35.2,22,San Juan,27,4.0
EXT-104507,2026-08-15,Rappi,Tiradito Nikkei,1,39.6,20,Cajamarca,32,4.0
EXT-104508,2026-03-07,Rappi,Pescado a lo Macho,2,96.8,20,Cajamarca,31,
EXT-104509,2026-03-21,Rappi,ceviche de pota,1,24.2,20,Cajamarca,36,3.0
EXT-104510,2026-02-16,Rappi,Tacu Tacu con Mariscos,1,40.7,18,Cajamarca,26,
EXT-104511,2026-01-29,Rappi,chicharrón de calamar,1,35.2,18,Cajamarca,32,2.0
EXT-104512,2026-06-13,PedidosYa,leche de tigre,1,19.8,22,Cajamarca,20,3.0
EXT-104513,2026-05-19,PedidosYa,Leche de Pantera,1,28.6,25,Baños del Inca,40,1.0
EXT-104514,2026-04-21,Rappi,SUDADO DE PESCADO,1,37.4,20,Baños del Inca,40,5.0
EXT-104515,2026-01-30,PedidosYa,tiradito nikkei,1,39.6,22,Cajamarca,33,
EXT-104516,2026-07-13,Rappi,Jalea Mixta,1,49.5,18,Cajamarca,22,2.0
EXT-104517,2026-07-23,Rappi,Parihuela,1,46.2,18,Namora,25,
EXT-104518,2026-09-20,PedidosYa,Saltado de Mariscos,1,39.6,25,Baños del Inca,40,4.0
EXT-104519,2026-07-25,Rappi,arroz negro,1,39.6,18,San Juan,31,3.0
EXT-104520,2026-04-10,PedidosYa,CEVICHE MIXTO,3,112.2,25,Cajamarca,39,4.0
EXT-104521,2026-07-29,PedidosYa,saltado de mariscos,2,79.2,25,Cajamarca,22,5.0
EXT-104522,2026-03-25,Rappi,CEVICHE DE CONCHAS NEGRAS,1,46.2,20,Cajamarca,41,
EXT-104523,2026-03-25,Rappi,Ceviche Vegetariano,3,79.2,20,Llacanora,44,4.0
EXT-104524,2026-06-06,PedidosYa,Chicharron de Calamar,2,70.4,22,Cajamarca,32,5.0
EXT-104525,2026-02-06,Rappi,Cebiche Vegetariano,1,26.4,20,Cajamarca,27,4.0
EXT-104526,2026-03-02,PedidosYa,Arroz Chaufa de Mariscos,1,35.2,22,Baños del Inca,17,5.0
EXT-104527,2026-05-31,PedidosYa,Tacu Tacu con Mariscos,1,40.7,25,Cajamarca,37,5.0
EXT-104528,2026-05-15,PedidosYa,Sudado de Pescado,3,112.2,22,Baños del Inca,40,4.0
EXT-104529,2026-06-09,Rappi,CEVICHE MIXTO,1,37.4,18,Cajamarca,36,5.0
EXT-104530,2026-08-17,PedidosYa,Tiradito Nikkei,1,39.6,25,Cajamarca,37,4.0
EXT-104531,2026-07-01,PedidosYa,Pescado a lo Macho,1,48.4,22,Baños del Inca,26,3.0
EXT-104532,2026-01-07,Rappi,Tiradito Nikkei,1,39.6,20,Cajamarca,41,3.0
EXT-104533,2026-09-22,Rappi,Filete a la Chorrillana,2,83.6,20,Cajamarca,37,4.0
EXT-104534,2026-06-06,PedidosYa,Arroz con Mariscos,1,38.5,22,Cajamarca,39,5.0
EXT-104535,2026-09-16,PedidosYa,Ceviche Mixto,2,74.8,22,Cajamarca,32,4.0
EXT-104536,2026-05-13,PedidosYa,Arroz con Mariscos,1,38.5,22,Cajamarca,23,3.0
EXT-104537,2026-07-27,PedidosYa,Ceviche Carretillero,3,99.0,25,Namora,26,4.0
EXT-104538,2026-08-16,PedidosYa,Jalea Mixta,1,49.5,25,Llacanora,39,5.0
EXT-104539,2026-06-29,PedidosYa,sopa chilcano de pescado,2,55.0,25,Cajamarca,33,
EXT-104540,2026-02-11,PedidosYa,Leche de Pantera,2,57.2,22,Cajamarca,31,5.0
EXT-104541,2026-03-28,PedidosYa,Arroz Negro,1,39.6,25,San Juan,26,4.0
EXT-104542,2026-05-12,Rappi,Chaufa de Pescado,1,30.8,20,Cajamarca,40,5.0
EXT-104543,2026-06-11,Rappi,filete a la chorrillana,1,41.8,20,Baños del Inca,43,5.0
EXT-104544,2026-04-18,PedidosYa,ceviche de camarón,1,41.8,22,Baños del Inca,34,5.0
EXT-104545,2026-03-11,PedidosYa,Sopa Chilcano de Pescado,1,27.5,25,Cajamarca,42,
EXT-104546,2026-07-06,Rappi,Ceviche de Conchas Negras,1,46.2,18,Namora,29,5.0
EXT-104547,2026-07-03,PedidosYa,Chicharrón de Calamar,1,35.2,25,Cajamarca,45,
EXT-104548,2026-07-21,Rappi,Tiradito Nikkei,1,39.6,18,Cajamarca,24,1.0
EXT-104549,2026-04-23,PedidosYa,Cebiche Mixto,3,112.2,25,Baños del Inca,29,
EXT-104550,2026-02-01,Rappi,Ceviche Carretillero,2,66.0,20,Baños del Inca,51,5.0
EXT-104551,2026-04-24,Rappi,Ceviche Mixto,1,37.4,20,Cajamarca,27,4.0
EXT-104552,2026-09-16,PedidosYa,Ceviche Vegetariano,1,26.4,22,Baños del Inca,46,4.0
EXT-104553,2026-02-10,PedidosYa,Chicharron de Calamar,1,35.2,25,Cajamarca,35,4.0
EXT-104554,2026-06-20,PedidosYa,Parihuela,2,92.4,25,Baños del Inca,51,5.0
EXT-104555,2026-04-04,Rappi,sudado de pescado,1,37.4,18,Cajamarca,37,5.0
EXT-104556,2026-02-01,PedidosYa,Sopa Chilcano de Pescado,2,55.0,25,San Juan,26,3.0
EXT-104557,2026-06-15,Rappi,LECHE DE TIGRE ESPECIAL,2,52.8,20,Baños del Inca,35,5.0
EXT-104558,2026-09-14,Rappi,Leche de Tigre,1,19.8,20,Baños del Inca,39,5.0
EXT-104559,2026-03-15,Rappi,Ceviche de Camarón,2,83.6,20,Cajamarca,24,
EXT-104560,2026-08-12,PedidosYa,ceviche vegetariano,1,26.4,25,Cajamarca,47,4.0
EXT-104561,2026-02-20,Rappi,Leche de Tigre,1,19.8,20,Baños del Inca,28,
EXT-104562,2026-02-11,Rappi,Cebiche de Camarón,2,83.6,20,Namora,23,5.0
EXT-104563,2026-06-30,Rappi,ceviche vegetariano,1,26.4,18,Cajamarca,41,4.0
EXT-104564,2026-06-04,Rappi,CEVICHE VEGETARIANO,1,26.4,18,Cajamarca,49,4.0
EXT-104565,2026-09-24,PedidosYa,Leche de Tigre,1,19.8,25,Cajamarca,30,5.0
EXT-104566,2026-07-09,Rappi,CHICHARRÓN DE PESCADO,1,33.0,20,Cajamarca,32,5.0
EXT-104567,2026-09-21,Rappi,ARROZ CON MARISCOS,2,77.0,20,Cajamarca,28,5.0
EXT-104568,2026-05-15,PedidosYa,Ceviche Carretillero,1,33.0,22,Baños del Inca,41,4.0
EXT-104569,2026-05-10,PedidosYa,Chicharrón de Pescado,1,33.0,22,Cajamarca,21,4.0
EXT-104570,2026-07-08,Rappi,Tiradito Nikkei,2,79.2,18,Llacanora,29,
EXT-104571,2026-06-08,PedidosYa,Leche de Tigre Especial,1,26.4,22,Cajamarca,48,5.0
EXT-104572,2026-06-21,PedidosYa,Tacu Tacu con Mariscos,1,40.7,22,Cajamarca,48,4.0
EXT-104573,2026-07-16,Rappi,Ceviche Clasico,3,92.4,18,Los Baños,42,4.0
EXT-104574,2026-07-02,PedidosYa,TACU TACU CON MARISCOS,1,40.7,25,Baños del Inca,38,4.0
EXT-104575,2026-04-21,PedidosYa,Ceviche Clásico,1,30.8,22,Baños del Inca,34,2.0
EXT-104576,2026-02-17,Rappi,ceviche mixto,1,37.4,20,San Juan,40,4.0
EXT-104577,2026-08-26,PedidosYa,tacu tacu con mariscos,1,40.7,25,Llacanora,27,5.0
EXT-104578,2026-07-27,PedidosYa,Chaufa de Pescado,1,30.8,25,Cajamarca,32,5.0
EXT-104579,2026-02-05,PedidosYa,CEVICHE DE CAMARÓN,2,83.6,25,Llacanora,30,2.0
EXT-104580,2026-08-18,PedidosYa,Pescado a lo Macho,1,48.4,22,Cajamarca,23,
EXT-104581,2026-04-14,Rappi,Filete a la Chorrillana,2,83.6,20,Baños del Inca,38,
EXT-104582,2026-05-21,Rappi,CEVICHE VEGETARIANO,2,52.8,18,Cajamarca,12,4.0
EXT-104583,2026-02-18,Rappi,CEVICHE CARRETILLERO,1,33.0,18,Cajamarca,31,5.0
EXT-104584,2026-05-22,PedidosYa,Ceviche Vegetariano,2,52.8,22,Cajamarca,31,
EXT-104585,2026-04-14,PedidosYa,Arroz con Pato Marino,2,72.6,25,San Juan,25,4.0
EXT-104586,2026-02-14,PedidosYa,ARROZ NEGRO,1,39.6,22,Cajamarca,43,4.0
EXT-104587,2026-04-28,PedidosYa,Ceviche Carretillero,1,33.0,22,Cajamarca,18,4.0
EXT-104588,2026-05-07,PedidosYa,PARIHUELA,2,92.4,22,Cajamarca,40,4.0
EXT-104589,2026-09-08,Rappi,pescado a lo macho,1,48.4,20,Cajamarca,17,
EXT-104590,2026-07-30,PedidosYa,Leche de Tigre,3,59.4,25,Cajamarca,41,
EXT-104591,2026-03-22,PedidosYa,Arroz con Mariscos,1,38.5,22,Cajamarca,40,5.0
EXT-104592,2026-08-09,PedidosYa,ceviche clásico,1,30.8,25,Cajamarca,21,2.0
EXT-104593,2026-09-10,Rappi,Leche de Pantera,1,28.6,18,Cajamarca,37,4.0
EXT-104594,2026-08-11,PedidosYa,Ceviche Clasico,1,30.8,25,Baños del Inca,32,5.0
EXT-104595,2026-01-04,PedidosYa,Cebiche de Conchas Negras,1,46.2,22,Llacanora,15,5.0
EXT-104596,2026-04-17,PedidosYa,Pescado a lo Macho,1,48.4,25,Baños del Inca,16,5.0
EXT-104597,2026-07-06,Rappi,Chicharrón de Calamar,1,35.2,18,Cajamarca,35,
EXT-104598,2026-01-01,PedidosYa,JALEA MIXTA,2,99.0,22,Cajamarca,47,5.0
EXT-104599,2026-07-07,PedidosYa,ceviche de conchas negras,1,46.2,22,Cajamarca,37,1.0
EXT-104600,2026-02-10,PedidosYa,CEVICHE DE CONCHAS NEGRAS,2,92.4,22,Baños del Inca,16,4.0
EXT-104601,2026-08-09,PedidosYa,sudado de pescado,2,74.8,25,Namora,34,4.0
EXT-104602,2026-01-26,Rappi,Chicharron de Pescado,2,66.0,18,Cajamarca,34,5.0
EXT-104603,2026-03-28,PedidosYa,Parihuela,1,46.2,22,Cajamarca,22,5.0
EXT-104604,2026-05-18,PedidosYa,Cebiche Vegetariano,1,26.4,22,Los Baños,35,5.0
EXT-104605,2026-02-27,PedidosYa,Jalea Mixta,1,49.5,25,Cajamarca,28,5.0
EXT-104606,2026-03-09,PedidosYa,Leche de Tigre Especial,1,26.4,22,Cajamarca,26,4.0
EXT-104607,2026-01-31,Rappi,arroz chaufa de mariscos,1,35.2,18,Llacanora,29,1.0
EXT-104608,2026-08-18,Rappi,CEVICHE CARRETILLERO,1,33.0,20,Los Baños,32,5.0
EXT-104609,2026-06-12,PedidosYa,Cebiche de Pota,1,24.2,25,Cajamarca,27,
EXT-104610,2026-05-31,PedidosYa,Leche de Tigre Especial,2,52.8,22,Los Baños,26,2.0
EXT-104611,2026-01-09,Rappi,arroz con pato marino,1,36.3,18,Cajamarca,42,
EXT-104612,2026-04-08,PedidosYa,Chicharrón de Calamar,1,35.2,22,Cajamarca,41,1.0
EXT-104613,2026-07-18,Rappi,Cebiche Clásico,1,30.8,18,Cajamarca,21,5.0
EXT-104614,2026-08-10,Rappi,Chicharrón de Pescado,2,66.0,20,Cajamarca,30,2.0
EXT-104615,2026-04-15,PedidosYa,Filete a la Chorrillana,3,125.4,25,Llacanora,42,5.0
EXT-104616,2026-05-01,Rappi,CEVICHE CLÁSICO,1,30.8,20,Baños del Inca,35,2.0
EXT-104617,2026-05-05,PedidosYa,leche de tigre especial,1,26.4,22,Cajamarca,34,5.0
EXT-104618,2026-01-12,Rappi,Cebiche de Pota,1,24.2,18,Los Baños,42,4.0
EXT-104619,2026-09-24,PedidosYa,Cebiche de Pota,2,48.4,22,Los Baños,37,4.0
EXT-104620,2026-06-02,Rappi,Tacu Tacu con Mariscos,2,81.4,20,Cajamarca,33,
EXT-104621,2026-04-04,PedidosYa,parihuela,1,46.2,25,Cajamarca,55,2.0
EXT-104622,2026-06-11,PedidosYa,Ceviche de Camarón,2,83.6,25,Cajamarca,24,5.0
EXT-104623,2026-01-20,PedidosYa,Cebiche Carretillero,1,33.0,25,Cajamarca,38,4.0
EXT-104624,2026-02-12,Rappi,Ceviche Vegetariano,1,26.4,20,Namora,28,4.0
EXT-104625,2026-03-27,PedidosYa,Ceviche de Conchas Negras,1,46.2,25,San Juan,52,
EXT-104626,2026-03-29,Rappi,Chaufa de Pescado,1,30.8,20,Cajamarca,27,4.0
EXT-104627,2026-02-01,Rappi,Ceviche de Pota,2,48.4,18,Cajamarca,53,
EXT-104628,2026-03-06,Rappi,Leche de Tigre,1,19.8,20,Cajamarca,64,4.0
EXT-104629,2026-09-22,Rappi,Ceviche Vegetariano,1,26.4,20,Cajamarca,44,5.0
EXT-104630,2026-09-22,PedidosYa,ceviche vegetariano,1,26.4,25,Cajamarca,38,4.0
EXT-104631,2026-01-01,Rappi,Ceviche Vegetariano,2,52.8,18,Cajamarca,28,
EXT-104632,2026-08-07,PedidosYa,Pescado a lo Macho,2,96.8,22,Cajamarca,32,5.0
EXT-104633,2026-09-08,Rappi,CEVICHE DE CONCHAS NEGRAS,1,46.2,20,Baños del Inca,42,4.0
EXT-104634,2026-01-09,Rappi,Leche de Tigre,2,39.6,20,Los Baños,33,4.0
EXT-104635,2026-07-28,PedidosYa,CEVICHE CLÁSICO,3,92.4,25,Cajamarca,35,5.0
EXT-104636,2026-01-11,PedidosYa,Sudado de Pescado,1,37.4,25,Namora,34,5.0
EXT-104637,2026-08-02,Rappi,CEVICHE DE POTA,1,24.2,18,Cajamarca,29,4.0
EXT-104638,2026-07-13,PedidosYa,arroz con pato marino,1,36.3,25,Baños del Inca,26,5.0
EXT-104639,2026-09-26,PedidosYa,ceviche mixto,1,37.4,22,Cajamarca,29,5.0
EXT-104640,2026-03-08,PedidosYa,TACU TACU CON MARISCOS,1,40.7,25,Cajamarca,32,
EXT-104641,2026-01-08,Rappi,arroz chaufa de mariscos,2,70.4,18,Cajamarca,43,4.0
EXT-104642,2026-07-12,PedidosYa,Chicharrón de Calamar,1,35.2,22,Llacanora,17,3.0
EXT-104643,2026-02-24,PedidosYa,Cebiche Clásico,1,30.8,25,Cajamarca,44,4.0
EXT-104644,2026-05-20,Rappi,Saltado de Mariscos,1,39.6,20,Baños del Inca,37,5.0
EXT-104645,2026-08-27,PedidosYa,Arroz Negro,1,39.6,25,Baños del Inca,42,3.0
EXT-104646,2026-09-19,PedidosYa,Filete a la Chorrillana,1,41.8,25,Cajamarca,41,
EXT-104647,2026-08-09,Rappi,Cebiche de Pota,1,24.2,18,Cajamarca,28,5.0
EXT-104648,2026-06-24,Rappi,Sopa Chilcano de Pescado,1,27.5,20,Namora,18,2.0
EXT-104649,2026-07-25,Rappi,Ceviche de Pota,3,72.6,18,Baños del Inca,34,5.0
EXT-104650,2026-02-19,PedidosYa,arroz chaufa de mariscos,1,35.2,25,Cajamarca,36,4.0
EXT-104651,2026-02-11,Rappi,Arroz con Pato Marino,1,36.3,18,Los Baños,31,4.0
EXT-104652,2026-06-03,PedidosYa,Ceviche Carretillero,1,33.0,25,Cajamarca,23,5.0
EXT-104653,2026-06-04,Rappi,ceviche de conchas negras,1,46.2,18,Cajamarca,33,4.0
EXT-104654,2026-03-16,PedidosYa,ceviche vegetariano,1,26.4,25,Cajamarca,31,4.0
EXT-104655,2026-04-17,PedidosYa,chicharrón de pescado,1,33.0,25,Cajamarca,17,5.0
EXT-104656,2026-02-24,Rappi,Arroz Negro,2,79.2,18,Baños del Inca,43,
EXT-104657,2026-02-02,PedidosYa,Arroz Negro,1,39.6,25,Cajamarca,44,5.0
EXT-104658,2026-07-04,Rappi,Cebiche Mixto,1,37.4,20,Cajamarca,39,5.0
EXT-104659,2026-06-17,Rappi,Filete a la Chorrillana,1,41.8,18,Llacanora,44,4.0
EXT-104660,2026-06-15,PedidosYa,Arroz con Pato Marino,3,108.9,25,Cajamarca,33,5.0
EXT-104661,2026-04-27,Rappi,arroz chaufa de mariscos,1,35.2,18,Cajamarca,21,4.0
EXT-104662,2026-01-20,PedidosYa,CEVICHE MIXTO,1,37.4,22,Los Baños,42,
EXT-104663,2026-02-18,PedidosYa,Ceviche de Camarón,2,83.6,25,Cajamarca,38,3.0
EXT-104664,2026-03-19,Rappi,leche de tigre especial,1,26.4,20,Baños del Inca,26,2.0
EXT-104665,2026-04-10,PedidosYa,Chaufa de Pescado,2,61.6,22,Los Baños,54,4.0
EXT-104666,2026-02-05,PedidosYa,ceviche vegetariano,1,26.4,25,Cajamarca,27,5.0
EXT-104667,2026-06-29,Rappi,FILETE A LA CHORRILLANA,2,83.6,18,Cajamarca,51,3.0
EXT-104668,2026-03-25,Rappi,tacu tacu con mariscos,1,40.7,18,Baños del Inca,24,2.0
EXT-104669,2026-08-27,PedidosYa,Cebiche Mixto,1,37.4,22,Cajamarca,34,4.0
EXT-104670,2026-01-05,Rappi,Ceviche Vegetariano,2,52.8,18,Cajamarca,34,5.0
EXT-104671,2026-01-12,Rappi,SOPA CHILCANO DE PESCADO,1,27.5,20,Cajamarca,37,5.0
EXT-104672,2026-02-18,PedidosYa,ARROZ CHAUFA DE MARISCOS,1,35.2,22,Cajamarca,38,4.0
EXT-104673,2026-07-14,PedidosYa,Tiradito Nikkei,1,39.6,25,Cajamarca,28,5.0
EXT-104674,2026-05-22,PedidosYa,Ceviche Clasico,1,30.8,25,Cajamarca,39,4.0
EXT-104675,2026-01-14,PedidosYa,Cebiche Mixto,2,74.8,25,Cajamarca,30,4.0
EXT-104676,2026-08-24,PedidosYa,Cebiche Mixto,2,74.8,22,Cajamarca,23,5.0
EXT-104677,2026-02-24,PedidosYa,chicharrón de pescado,1,33.0,25,Cajamarca,24,4.0
EXT-104678,2026-08-24,Rappi,Filete a la Chorrillana,2,83.6,18,Baños del Inca,38,2.0
EXT-104679,2026-04-07,PedidosYa,leche de tigre,2,39.6,25,Baños del Inca,38,
EXT-104680,2026-09-08,PedidosYa,leche de pantera,1,28.6,25,Los Baños,24,5.0
EXT-104681,2026-02-11,Rappi,Jalea Mixta,1,49.5,18,Baños del Inca,47,4.0
EXT-104682,2026-04-06,Rappi,CEVICHE MIXTO,2,74.8,20,Los Baños,26,3.0
EXT-104683,2026-08-14,PedidosYa,Cebiche de Pota,1,24.2,25,Cajamarca,47,
EXT-104684,2026-06-14,PedidosYa,Chicharron de Calamar,1,35.2,25,Baños del Inca,42,5.0
EXT-104685,2026-04-08,Rappi,CEVICHE CARRETILLERO,1,33.0,20,Cajamarca,30,5.0
EXT-104686,2026-08-25,Rappi,Cebiche Vegetariano,2,52.8,18,Los Baños,32,3.0
EXT-104687,2026-02-09,PedidosYa,Leche de Tigre,1,19.8,22,Los Baños,29,5.0
EXT-104688,2026-06-20,PedidosYa,Ceviche de Camarón,3,125.4,25,Cajamarca,37,
EXT-104689,2026-01-09,Rappi,CHICHARRÓN DE CALAMAR,1,35.2,20,Cajamarca,38,2.0
EXT-104690,2026-06-27,PedidosYa,Tiradito Nikkei,1,39.6,25,Cajamarca,24,4.0
EXT-104691,2026-06-21,PedidosYa,Ceviche Mixto,3,112.2,25,Los Baños,32,2.0
EXT-104692,2026-05-24,Rappi,Cebiche Clásico,1,30.8,20,Baños del Inca,36,5.0
EXT-104693,2026-01-11,PedidosYa,ceviche carretillero,1,33.0,25,Cajamarca,29,5.0
EXT-104694,2026-03-26,PedidosYa,ceviche de camarón,1,41.8,25,Baños del Inca,33,1.0
EXT-104695,2026-06-25,PedidosYa,Parihuela,1,46.2,25,Baños del Inca,37,4.0
EXT-104696,2026-08-04,PedidosYa,filete a la chorrillana,1,41.8,22,Baños del Inca,41,5.0
EXT-104697,2026-04-08,PedidosYa,Ceviche Vegetariano,1,26.4,22,Baños del Inca,43,
EXT-104698,2026-08-17,PedidosYa,CEVICHE MIXTO,1,37.4,25,Cajamarca,41,3.0
EXT-104699,2026-06-03,PedidosYa,Tacu Tacu con Mariscos,1,40.7,25,Cajamarca,36,
EXT-104700,2026-02-17,PedidosYa,ARROZ CHAUFA DE MARISCOS,1,35.2,22,Cajamarca,38,4.0
EXT-104701,2026-02-27,Rappi,ceviche de pota,1,24.2,18,Cajamarca,55,
EXT-104702,2026-04-20,PedidosYa,Chicharrón de Calamar,3,105.6,22,Baños del Inca,41,2.0
EXT-104703,2026-01-27,PedidosYa,Arroz con Mariscos,1,38.5,22,Cajamarca,29,3.0
EXT-104704,2026-03-09,PedidosYa,Ceviche Vegetariano,2,52.8,25,Cajamarca,28,4.0
EXT-104705,2026-09-12,Rappi,Ceviche Vegetariano,1,26.4,18,Cajamarca,41,4.0
EXT-104706,2026-07-19,Rappi,Chaufa de Pescado,1,30.8,20,Cajamarca,26,5.0
EXT-104707,2026-03-04,PedidosYa,Ceviche Mixto,1,37.4,22,Baños del Inca,39,5.0
EXT-104708,2026-01-27,PedidosYa,CEVICHE DE CAMARÓN,1,41.8,25,Cajamarca,22,4.0
EXT-104709,2026-01-04,PedidosYa,Ceviche Carretillero,1,33.0,25,Namora,38,5.0
EXT-104710,2026-09-16,Rappi,tiradito nikkei,1,39.6,20,Cajamarca,34,3.0
EXT-104711,2026-07-14,Rappi,Chaufa de Pescado,1,30.8,18,Cajamarca,20,4.0
EXT-104712,2026-03-02,Rappi,CEVICHE DE POTA,1,24.2,20,Baños del Inca,37,3.0
EXT-104713,2026-02-28,Rappi,chicharrón de calamar,1,35.2,20,Namora,36,3.0
EXT-104714,2026-05-23,PedidosYa,Ceviche Vegetariano,1,26.4,25,Cajamarca,28,2.0
EXT-104715,2026-04-19,Rappi,Ceviche Mixto,1,37.4,18,Cajamarca,43,4.0
EXT-104716,2026-06-17,Rappi,Sudado de Pescado,1,37.4,20,Cajamarca,37,
EXT-104717,2026-01-28,PedidosYa,Chicharrón de Calamar,1,35.2,25,San Juan,53,3.0
EXT-104718,2026-07-15,PedidosYa,Chaufa de Pescado,2,61.6,25,Cajamarca,39,5.0
EXT-104719,2026-06-26,PedidosYa,ceviche clásico,3,92.4,22,Cajamarca,28,5.0
EXT-104720,2026-03-22,Rappi,ARROZ CON MARISCOS,1,38.5,20,Cajamarca,16,5.0
EXT-104721,2026-03-13,PedidosYa,Ceviche de Conchas Negras,2,92.4,25,Baños del Inca,52,4.0
EXT-104722,2026-03-01,PedidosYa,ceviche carretillero,2,66.0,25,Cajamarca,45,3.0
EXT-104723,2026-02-02,Rappi,Ceviche Carretillero,2,66.0,18,Baños del Inca,34,5.0
EXT-104724,2026-04-23,PedidosYa,ceviche vegetariano,1,26.4,25,San Juan,39,
EXT-104725,2026-04-27,PedidosYa,TIRADITO NIKKEI,2,79.2,22,Cajamarca,24,1.0
EXT-104726,2026-06-12,Rappi,Arroz Negro,1,39.6,18,Baños del Inca,31,5.0
EXT-104727,2026-07-21,PedidosYa,CEVICHE VEGETARIANO,1,26.4,22,Cajamarca,43,4.0
EXT-104728,2026-04-15,PedidosYa,TIRADITO NIKKEI,3,118.8,25,Baños del Inca,32,5.0
EXT-104729,2026-06-23,PedidosYa,Cebiche Mixto,2,74.8,25,Cajamarca,14,
EXT-104730,2026-05-30,Rappi,Tiradito Nikkei,1,39.6,20,Cajamarca,45,5.0
EXT-104731,2026-03-13,Rappi,Cebiche Carretillero,2,66.0,18,Cajamarca,30,4.0
EXT-104732,2026-05-08,PedidosYa,saltado de mariscos,3,118.8,25,Los Baños,29,3.0
EXT-104733,2026-06-28,Rappi,Leche de Tigre Especial,1,26.4,20,Baños del Inca,53,4.0
EXT-104734,2026-08-27,PedidosYa,Leche de Tigre,3,59.4,22,Cajamarca,27,3.0
EXT-104735,2026-06-25,PedidosYa,Ceviche Mixto,1,37.4,22,Baños del Inca,59,5.0
EXT-104736,2026-01-12,PedidosYa,Cebiche Carretillero,2,66.0,25,Cajamarca,40,4.0
EXT-104737,2026-01-22,PedidosYa,tiradito nikkei,3,118.8,22,Cajamarca,31,3.0
EXT-104738,2026-09-03,PedidosYa,Chicharrón de Pescado,2,66.0,22,San Juan,29,
EXT-104739,2026-09-11,Rappi,Chaufa de Pescado,1,30.8,20,Cajamarca,20,4.0
EXT-104740,2026-08-25,PedidosYa,Ceviche Vegetariano,1,26.4,22,Cajamarca,42,
EXT-104741,2026-06-06,PedidosYa,tiradito nikkei,1,39.6,25,San Juan,27,4.0
EXT-104742,2026-07-30,Rappi,Cebiche de Pota,2,48.4,20,Baños del Inca,24,3.0
EXT-104743,2026-03-09,PedidosYa,Ceviche Carretillero,2,66.0,25,Cajamarca,23,5.0
EXT-104744,2026-02-06,Rappi,CEVICHE CARRETILLERO,1,33.0,18,Baños del Inca,30,3.0
EXT-104745,2026-02-02,PedidosYa,Cebiche de Pota,1,24.2,25,Baños del Inca,30,
EXT-104746,2026-05-30,Rappi,Ceviche de Camarón,2,83.6,20,Baños del Inca,20,3.0
EXT-104747,2026-08-02,PedidosYa,LECHE DE TIGRE ESPECIAL,2,52.8,25,Cajamarca,49,4.0
EXT-104748,2026-02-09,PedidosYa,Sopa Chilcano de Pescado,2,55.0,22,Cajamarca,30,5.0
EXT-104749,2026-07-04,Rappi,SOPA CHILCANO DE PESCADO,1,27.5,18,Cajamarca,44,4.0
EXT-104750,2026-02-23,PedidosYa,arroz chaufa de mariscos,2,70.4,25,Cajamarca,29,4.0
EXT-104751,2026-04-09,Rappi,Ceviche de Pota,1,24.2,18,Cajamarca,35,4.0
EXT-104752,2026-05-14,PedidosYa,Saltado de Mariscos,2,79.2,22,Cajamarca,26,2.0
EXT-104753,2026-09-15,PedidosYa,filete a la chorrillana,1,41.8,25,Cajamarca,37,5.0
EXT-104754,2026-04-25,PedidosYa,Ceviche Mixto,2,74.8,25,Baños del Inca,29,5.0
EXT-104755,2026-02-10,PedidosYa,Ceviche Vegetariano,1,26.4,25,San Juan,49,4.0
EXT-104756,2026-02-04,PedidosYa,Ceviche Carretillero,1,33.0,25,Baños del Inca,43,4.0
EXT-104757,2026-04-28,PedidosYa,LECHE DE TIGRE,3,59.4,25,Cajamarca,12,5.0
EXT-104758,2026-04-24,PedidosYa,Cebiche Clásico,1,30.8,22,Baños del Inca,39,
EXT-104759,2026-09-21,Rappi,Cebiche de Pota,1,24.2,18,Cajamarca,43,4.0
EXT-104760,2026-05-28,Rappi,Chaufa de Pescado,2,61.6,20,Cajamarca,49,5.0
EXT-104761,2026-04-12,PedidosYa,Jalea Mixta,1,49.5,22,Cajamarca,27,3.0
EXT-104762,2026-07-11,Rappi,ceviche clásico,1,30.8,18,Cajamarca,37,5.0
EXT-104763,2026-07-12,PedidosYa,Ceviche de Pota,1,24.2,25,Cajamarca,49,1.0
EXT-104764,2026-02-15,PedidosYa,Chaufa de Pescado,3,92.4,22,Cajamarca,37,5.0
EXT-104765,2026-05-25,PedidosYa,Ceviche de Pota,1,24.2,22,Cajamarca,31,5.0
EXT-104766,2026-06-21,PedidosYa,CHAUFA DE PESCADO,2,61.6,25,Cajamarca,43,
EXT-104767,2026-02-10,Rappi,chaufa de pescado,1,30.8,18,Baños del Inca,47,5.0
EXT-104768,2026-02-16,PedidosYa,CEVICHE MIXTO,1,37.4,25,Llacanora,25,1.0
EXT-104769,2026-09-15,Rappi,Chicharron de Calamar,1,35.2,18,Baños del Inca,21,4.0
EXT-104770,2026-01-25,Rappi,Tiradito Nikkei,3,118.8,20,Baños del Inca,34,
EXT-104771,2026-02-04,Rappi,FILETE A LA CHORRILLANA,2,83.6,20,Cajamarca,26,4.0
EXT-104772,2026-02-02,Rappi,CHICHARRÓN DE PESCADO,1,33.0,20,Cajamarca,28,4.0
EXT-104773,2026-08-18,PedidosYa,LECHE DE TIGRE,1,19.8,25,Cajamarca,34,4.0
EXT-104774,2026-03-26,PedidosYa,Tiradito Nikkei,1,39.6,25,Baños del Inca,16,3.0
EXT-104775,2026-09-17,PedidosYa,tacu tacu con mariscos,1,40.7,25,San Juan,27,3.0
EXT-104776,2026-01-30,Rappi,Sopa Chilcano de Pescado,1,27.5,18,Cajamarca,40,5.0
EXT-104777,2026-08-31,PedidosYa,Ceviche de Camarón,1,41.8,22,Cajamarca,26,
EXT-104778,2026-09-05,PedidosYa,Chaufa de Pescado,2,61.6,25,Cajamarca,37,
EXT-104779,2026-09-03,Rappi,Arroz Negro,3,118.8,20,Cajamarca,35,4.0
EXT-104780,2026-06-08,Rappi,Arroz Chaufa de Mariscos,1,35.2,18,Los Baños,32,4.0
EXT-104781,2026-07-06,Rappi,Tiradito Nikkei,3,118.8,18,Cajamarca,43,4.0
EXT-104782,2026-09-26,PedidosYa,Chaufa de Pescado,2,61.6,22,Cajamarca,41,2.0
EXT-104783,2026-01-10,PedidosYa,Cebiche de Pota,1,24.2,25,Cajamarca,55,3.0
EXT-104784,2026-07-16,PedidosYa,Cebiche Vegetariano,2,52.8,22,Cajamarca,34,2.0
EXT-104785,2026-07-19,Rappi,CHICHARRÓN DE CALAMAR,1,35.2,20,Baños del Inca,35,4.0
EXT-104786,2026-08-04,PedidosYa,Cebiche de Conchas Negras,1,46.2,22,Baños del Inca,35,2.0
EXT-104787,2026-02-19,Rappi,Ceviche de Pota,1,24.2,18,Baños del Inca,27,5.0
EXT-104788,2026-03-31,PedidosYa,Ceviche de Pota,2,48.4,25,Baños del Inca,35,4.0
EXT-104789,2026-09-09,Rappi,Leche de Pantera,1,28.6,18,Cajamarca,46,3.0
EXT-104790,2026-07-28,Rappi,ceviche de pota,1,24.2,18,Cajamarca,32,5.0
EXT-104791,2026-05-04,PedidosYa,tiradito nikkei,3,118.8,25,Cajamarca,30,4.0
EXT-104792,2026-05-13,PedidosYa,Parihuela,2,92.4,25,Los Baños,32,3.0
EXT-104793,2026-05-19,Rappi,chicharrón de pescado,1,33.0,20,Namora,25,
EXT-104794,2026-09-24,Rappi,TACU TACU CON MARISCOS,1,40.7,20,Cajamarca,19,5.0
EXT-104795,2026-03-13,Rappi,Filete a la Chorrillana,2,83.6,20,Baños del Inca,28,
EXT-104796,2026-06-15,Rappi,ARROZ CON PATO MARINO,1,36.3,20,Cajamarca,27,4.0
EXT-104797,2026-05-11,PedidosYa,Arroz Chaufa de Mariscos,1,35.2,22,Los Baños,45,5.0
EXT-104798,2026-07-09,PedidosYa,Leche de Tigre,1,19.8,25,Cajamarca,38,
EXT-104799,2026-09-03,PedidosYa,leche de tigre especial,1,26.4,25,Baños del Inca,31,4.0
EXT-104800,2026-09-09,PedidosYa,Ceviche Mixto,2,74.8,22,Los Baños,32,2.0
EXT-104801,2026-09-15,Rappi,Tiradito Nikkei,1,39.6,20,Cajamarca,49,4.0
EXT-104802,2026-07-28,Rappi,Arroz Chaufa de Mariscos,2,70.4,18,Baños del Inca,44,4.0
EXT-104803,2026-05-12,PedidosYa,Ceviche Clasico,2,61.6,22,Llacanora,31,3.0
EXT-104804,2026-01-04,PedidosYa,Arroz Chaufa de Mariscos,1,35.2,22,San Juan,25,4.0
EXT-104805,2026-08-13,Rappi,Ceviche Vegetariano,3,79.2,18,Cajamarca,28,4.0
EXT-104806,2026-01-09,PedidosYa,Arroz con Mariscos,2,77.0,25,Cajamarca,23,1.0
EXT-104807,2026-05-25,Rappi,ceviche carretillero,1,33.0,20,Cajamarca,26,4.0
EXT-104808,2026-03-26,Rappi,Ceviche Clásico,1,30.8,18,Namora,34,5.0
EXT-104809,2026-06-24,Rappi,ceviche mixto,1,37.4,18,Cajamarca,40,4.0
EXT-104810,2026-08-26,Rappi,arroz negro,1,39.6,20,Cajamarca,51,3.0
EXT-104811,2026-01-01,Rappi,Chicharrón de Calamar,1,35.2,20,Cajamarca,39,4.0
EXT-104812,2026-09-12,Rappi,Leche de Tigre Especial,1,26.4,18,Baños del Inca,20,5.0
EXT-104813,2026-07-03,Rappi,leche de tigre,2,39.6,20,Baños del Inca,40,3.0
EXT-104814,2026-07-17,Rappi,Cebiche Mixto,1,37.4,18,Los Baños,39,2.0
EXT-104815,2026-05-18,Rappi,Cebiche de Pota,1,24.2,20,Baños del Inca,41,4.0
EXT-104816,2026-02-17,PedidosYa,Arroz Negro,2,79.2,22,Baños del Inca,23,
EXT-104817,2026-01-27,PedidosYa,Ceviche de Pota,3,72.6,25,Cajamarca,37,5.0
EXT-104818,2026-01-02,Rappi,SUDADO DE PESCADO,1,37.4,18,Cajamarca,27,5.0
EXT-104819,2026-08-24,PedidosYa,Sudado de Pescado,1,37.4,22,Baños del Inca,42,4.0
EXT-104820,2026-07-31,PedidosYa,Chicharron de Calamar,2,70.4,25,Baños del Inca,33,4.0
EXT-104821,2026-07-15,PedidosYa,Cebiche Mixto,1,37.4,25,Cajamarca,33,5.0
EXT-104822,2026-02-28,PedidosYa,TIRADITO NIKKEI,2,79.2,22,Cajamarca,28,
EXT-104823,2026-05-08,PedidosYa,arroz con pato marino,2,72.6,25,Cajamarca,39,4.0
EXT-104824,2026-04-10,Rappi,CHICHARRÓN DE CALAMAR,2,70.4,18,Llacanora,37,2.0
EXT-104825,2026-07-05,PedidosYa,Pescado a lo Macho,2,96.8,25,Llacanora,37,3.0
EXT-104826,2026-06-13,Rappi,Tiradito Nikkei,2,79.2,18,Cajamarca,33,3.0
EXT-104827,2026-09-01,Rappi,Cebiche Mixto,2,74.8,20,Cajamarca,41,4.0
EXT-104828,2026-02-05,PedidosYa,leche de tigre,1,19.8,22,Baños del Inca,27,4.0
EXT-104829,2026-04-27,PedidosYa,Arroz Chaufa de Mariscos,1,35.2,25,Cajamarca,43,5.0
EXT-104830,2026-03-25,PedidosYa,CHICHARRÓN DE CALAMAR,1,35.2,25,Cajamarca,51,5.0
EXT-104831,2026-07-19,PedidosYa,Ceviche Mixto,1,37.4,22,Cajamarca,16,1.0
EXT-104832,2026-01-31,PedidosYa,Arroz con Pato Marino,2,72.6,22,Cajamarca,38,
EXT-104833,2026-07-19,PedidosYa,Cebiche Carretillero,1,33.0,25,Cajamarca,25,2.0
EXT-104834,2026-02-16,PedidosYa,Arroz Chaufa de Mariscos,1,35.2,25,Cajamarca,31,3.0
EXT-104835,2026-05-05,PedidosYa,Pescado a lo Macho,2,96.8,22,Cajamarca,41,4.0
EXT-104836,2026-07-20,Rappi,Arroz Chaufa de Mariscos,1,35.2,20,Cajamarca,41,5.0
EXT-104837,2026-07-02,Rappi,CEVICHE CARRETILLERO,3,99.0,18,Baños del Inca,38,4.0
EXT-104838,2026-07-17,PedidosYa,Cebiche de Pota,1,24.2,22,Cajamarca,16,4.0
EXT-104839,2026-09-01,PedidosYa,Pescado a lo Macho,2,96.8,22,Cajamarca,48,4.0
EXT-104840,2026-08-11,Rappi,ceviche de conchas negras,3,138.6,18,Los Baños,48,4.0
EXT-104841,2026-08-19,Rappi,CEVICHE CLÁSICO,3,92.4,20,Baños del Inca,27,5.0
EXT-104842,2026-08-01,PedidosYa,Arroz Negro,1,39.6,25,Cajamarca,44,4.0
EXT-104843,2026-09-08,PedidosYa,ceviche de camarón,1,41.8,25,Cajamarca,55,3.0
EXT-104844,2026-09-19,PedidosYa,ceviche de pota,1,24.2,22,Cajamarca,25,
EXT-104845,2026-06-28,Rappi,tiradito nikkei,1,39.6,20,Cajamarca,24,
EXT-104846,2026-04-02,PedidosYa,arroz chaufa de mariscos,2,70.4,25,Baños del Inca,34,4.0
EXT-104847,2026-08-12,PedidosYa,Ceviche de Pota,1,24.2,22,Llacanora,27,4.0
EXT-104848,2026-02-07,PedidosYa,Arroz con Mariscos,1,38.5,25,Baños del Inca,44,5.0
EXT-104849,2026-09-14,Rappi,Arroz Chaufa de Mariscos,1,35.2,18,Los Baños,39,5.0
EXT-104850,2026-08-23,PedidosYa,Tacu Tacu con Mariscos,1,40.7,22,San Juan,25,5.0
EXT-104851,2026-01-02,Rappi,pescado a lo macho,1,48.4,18,Baños del Inca,35,5.0
EXT-104852,2026-03-01,PedidosYa,Ceviche Clasico,1,30.8,22,Namora,39,4.0
EXT-104853,2026-02-01,Rappi,jalea mixta,2,99.0,20,Cajamarca,22,4.0
EXT-104854,2026-05-03,Rappi,Tacu Tacu con Mariscos,3,122.1,18,Namora,15,5.0
EXT-104855,2026-01-21,PedidosYa,Cebiche de Pota,1,24.2,25,Cajamarca,37,5.0
EXT-104856,2026-04-18,Rappi,Chicharrón de Pescado,1,33.0,20,Cajamarca,36,4.0
EXT-104857,2026-01-20,PedidosYa,Tiradito Nikkei,1,39.6,22,Cajamarca,37,5.0
EXT-104858,2026-06-27,PedidosYa,CEVICHE CARRETILLERO,1,33.0,22,Cajamarca,41,2.0
EXT-104859,2026-01-02,Rappi,Jalea Mixta,2,99.0,20,Cajamarca,48,3.0
EXT-104860,2026-09-10,Rappi,ceviche clásico,1,30.8,18,Baños del Inca,45,1.0
EXT-104861,2026-02-20,PedidosYa,SOPA CHILCANO DE PESCADO,1,27.5,22,Cajamarca,27,3.0
EXT-104862,2026-08-03,Rappi,Chicharrón de Pescado,1,33.0,20,Baños del Inca,33,5.0
EXT-104863,2026-06-03,PedidosYa,tacu tacu con mariscos,3,122.1,22,San Juan,27,5.0
EXT-104864,2026-04-21,PedidosYa,Ceviche Carretillero,3,99.0,25,Cajamarca,32,5.0
EXT-104865,2026-05-08,Rappi,Leche de Tigre,2,39.6,20,Namora,30,4.0
EXT-104866,2026-06-18,PedidosYa,CEVICHE MIXTO,1,37.4,22,Cajamarca,36,5.0
EXT-104867,2026-01-26,PedidosYa,Saltado de Mariscos,1,39.6,22,Baños del Inca,42,4.0
EXT-104868,2026-01-10,PedidosYa,Leche de Tigre,1,19.8,25,Cajamarca,37,4.0
EXT-104869,2026-08-15,PedidosYa,Ceviche Vegetariano,1,26.4,22,Namora,20,1.0
EXT-104870,2026-03-09,PedidosYa,arroz con mariscos,2,77.0,25,Baños del Inca,28,4.0
EXT-104871,2026-08-10,Rappi,saltado de mariscos,2,79.2,18,Baños del Inca,38,3.0
EXT-104872,2026-01-01,PedidosYa,Ceviche Vegetariano,1,26.4,25,Cajamarca,45,5.0
EXT-104873,2026-06-11,PedidosYa,arroz negro,1,39.6,25,Cajamarca,43,3.0
EXT-104874,2026-03-01,Rappi,filete a la chorrillana,2,83.6,20,Cajamarca,37,
EXT-104875,2026-04-07,PedidosYa,Tiradito Nikkei,1,39.6,25,Cajamarca,29,5.0
EXT-104876,2026-03-31,PedidosYa,PARIHUELA,1,46.2,22,Baños del Inca,28,3.0
EXT-104877,2026-05-16,PedidosYa,ceviche de pota,2,48.4,25,Cajamarca,31,5.0
EXT-104878,2026-09-10,PedidosYa,Jalea Mixta,1,49.5,22,Cajamarca,25,4.0
EXT-104879,2026-05-18,Rappi,Ceviche Mixto,2,74.8,20,Los Baños,42,5.0
EXT-104880,2026-06-30,PedidosYa,Jalea Mixta,1,49.5,22,Llacanora,45,5.0
EXT-104881,2026-02-04,Rappi,Ceviche Vegetariano,1,26.4,20,Baños del Inca,30,4.0
EXT-104882,2026-01-18,Rappi,leche de tigre,1,19.8,18,Cajamarca,41,
EXT-104883,2026-07-05,PedidosYa,Ceviche Mixto,2,74.8,22,Los Baños,37,1.0
EXT-104884,2026-02-05,Rappi,leche de tigre especial,1,26.4,20,Cajamarca,38,5.0
EXT-104885,2026-02-08,PedidosYa,sopa chilcano de pescado,1,27.5,25,Llacanora,20,4.0
EXT-104886,2026-02-13,Rappi,Pescado a lo Macho,1,48.4,18,Baños del Inca,35,2.0
EXT-104887,2026-02-17,PedidosYa,Leche de Tigre,1,19.8,22,Llacanora,30,
EXT-104888,2026-06-22,Rappi,leche de tigre especial,2,52.8,20,Cajamarca,15,4.0
EXT-104889,2026-03-22,PedidosYa,Chaufa de Pescado,2,61.6,22,Llacanora,38,4.0
EXT-104890,2026-03-25,PedidosYa,Sudado de Pescado,1,37.4,25,Baños del Inca,32,5.0
EXT-104891,2026-04-26,PedidosYa,parihuela,1,46.2,22,Cajamarca,29,5.0
EXT-104892,2026-03-31,PedidosYa,Chicharrón de Calamar,1,35.2,22,Namora,12,4.0
EXT-104893,2026-08-30,PedidosYa,Ceviche Vegetariano,1,26.4,22,San Juan,43,5.0
EXT-104894,2026-03-26,PedidosYa,Tacu Tacu con Mariscos,2,81.4,22,Cajamarca,28,4.0
EXT-104895,2026-06-12,Rappi,Chicharron de Pescado,1,33.0,18,Baños del Inca,25,
EXT-104896,2026-04-28,PedidosYa,ceviche carretillero,3,99.0,25,Cajamarca,31,4.0
EXT-104897,2026-02-03,Rappi,chicharrón de pescado,1,33.0,20,Cajamarca,27,4.0
EXT-104898,2026-06-04,PedidosYa,Arroz Negro,3,118.8,25,San Juan,38,4.0
EXT-104899,2026-08-24,Rappi,Arroz Chaufa de Mariscos,1,35.2,18,Cajamarca,25,5.0
EXT-104900,2026-02-24,PedidosYa,Tiradito Nikkei,1,39.6,25,Cajamarca,44,5.0
EXT-104901,2026-01-09,Rappi,Ceviche Mixto,1,37.4,20,Baños del Inca,26,3.0
EXT-104902,2026-09-18,Rappi,JALEA MIXTA,1,49.5,20,Cajamarca,29,4.0
EXT-104903,2026-07-14,PedidosYa,Arroz Chaufa de Mariscos,1,35.2,22,Llacanora,33,4.0
EXT-104904,2026-01-20,PedidosYa,leche de tigre especial,1,26.4,25,Cajamarca,44,5.0
EXT-104905,2026-08-22,PedidosYa,Leche de Tigre,2,39.6,25,Cajamarca,31,4.0
EXT-104906,2026-02-12,PedidosYa,Ceviche Vegetariano,1,26.4,22,Cajamarca,40,
EXT-104907,2026-02-14,Rappi,Chicharrón de Pescado,1,33.0,20,Cajamarca,35,4.0
EXT-104908,2026-02-01,Rappi,Leche de Tigre,1,19.8,20,Llacanora,33,4.0
EXT-104909,2026-07-07,PedidosYa,Pescado a lo Macho,1,48.4,22,Cajamarca,16,4.0
EXT-104910,2026-02-27,PedidosYa,arroz negro,1,39.6,25,Cajamarca,23,5.0
EXT-104911,2026-01-24,PedidosYa,Sudado de Pescado,1,37.4,25,Los Baños,17,3.0
EXT-104912,2026-06-09,PedidosYa,Sopa Chilcano de Pescado,1,27.5,25,Los Baños,14,5.0
EXT-104913,2026-03-04,PedidosYa,Arroz con Pato Marino,1,36.3,22,Cajamarca,47,
EXT-104914,2026-03-25,PedidosYa,Ceviche de Camarón,3,125.4,22,Cajamarca,34,
EXT-104915,2026-09-06,Rappi,Sudado de Pescado,2,74.8,18,Cajamarca,39,4.0
EXT-104916,2026-04-14,Rappi,Saltado de Mariscos,1,39.6,18,Los Baños,30,5.0
EXT-104917,2026-07-18,PedidosYa,Arroz Negro,1,39.6,22,Cajamarca,25,5.0
EXT-104918,2026-03-12,Rappi,Leche de Pantera,1,28.6,18,Cajamarca,38,
EXT-104919,2026-02-25,PedidosYa,Ceviche de Camaron,2,83.6,25,Los Baños,33,5.0
EXT-104920,2026-05-27,Rappi,Leche de Tigre,1,19.8,18,Baños del Inca,37,4.0
EXT-104921,2026-07-03,Rappi,Tacu Tacu con Mariscos,1,40.7,20,Cajamarca,12,4.0
EXT-104922,2026-05-21,PedidosYa,SOPA CHILCANO DE PESCADO,2,55.0,25,Cajamarca,27,5.0
EXT-104923,2026-01-17,PedidosYa,Arroz con Mariscos,3,115.5,22,Cajamarca,39,
EXT-104924,2026-06-13,PedidosYa,Chicharrón de Calamar,1,35.2,22,Cajamarca,31,4.0
EXT-104925,2026-04-06,PedidosYa,Arroz con Pato Marino,2,72.6,22,Baños del Inca,46,
EXT-104926,2026-03-17,PedidosYa,chicharrón de calamar,2,70.4,25,Cajamarca,40,4.0
EXT-104927,2026-07-05,PedidosYa,ceviche carretillero,1,33.0,22,Baños del Inca,32,
EXT-104928,2026-03-13,Rappi,Ceviche Vegetariano,1,26.4,20,Cajamarca,45,4.0
EXT-104929,2026-04-02,PedidosYa,Cebiche Vegetariano,1,26.4,25,Cajamarca,45,5.0
EXT-104930,2026-05-05,PedidosYa,Leche de Tigre,1,19.8,22,Cajamarca,44,3.0
EXT-104931,2026-05-11,PedidosYa,Ceviche Clasico,1,30.8,22,Cajamarca,33,
EXT-104932,2026-06-19,Rappi,ceviche vegetariano,2,52.8,18,Baños del Inca,41,5.0
EXT-104933,2026-09-11,PedidosYa,CEVICHE VEGETARIANO,2,52.8,25,Cajamarca,23,5.0
EXT-104934,2026-06-13,Rappi,FILETE A LA CHORRILLANA,1,41.8,18,Baños del Inca,56,
EXT-104935,2026-05-22,PedidosYa,ARROZ CON PATO MARINO,1,36.3,22,Cajamarca,46,5.0
EXT-104936,2026-06-30,PedidosYa,Cebiche Carretillero,1,33.0,22,Llacanora,34,4.0
EXT-104937,2026-06-10,Rappi,Ceviche Carretillero,2,66.0,20,Cajamarca,46,4.0
EXT-104938,2026-07-17,Rappi,Sudado de Pescado,2,74.8,20,Cajamarca,33,4.0
EXT-104939,2026-09-02,PedidosYa,arroz con pato marino,1,36.3,22,Cajamarca,27,4.0
EXT-104940,2026-03-27,PedidosYa,ceviche carretillero,3,99.0,22,Namora,26,5.0
EXT-104941,2026-04-09,PedidosYa,Leche de Pantera,3,85.8,25,Cajamarca,26,3.0
EXT-104942,2026-07-02,Rappi,Leche de Tigre,1,19.8,18,Cajamarca,26,3.0
EXT-104943,2026-04-04,Rappi,Ceviche Mixto,1,37.4,18,Namora,41,5.0
EXT-104944,2026-03-01,PedidosYa,Tiradito Nikkei,1,39.6,25,Cajamarca,41,5.0
EXT-104945,2026-09-23,Rappi,Cebiche Mixto,1,37.4,18,Cajamarca,38,5.0
EXT-104946,2026-08-02,PedidosYa,Cebiche de Camarón,3,125.4,22,Namora,30,
EXT-104947,2026-08-31,PedidosYa,Sopa Chilcano de Pescado,1,27.5,22,Baños del Inca,47,4.0
EXT-104948,2026-04-05,Rappi,Arroz Negro,1,39.6,18,Cajamarca,48,3.0
EXT-104949,2026-03-05,PedidosYa,chaufa de pescado,1,30.8,25,Los Baños,29,5.0
EXT-104950,2026-08-16,PedidosYa,jalea mixta,1,49.5,22,Baños del Inca,40,5.0
EXT-104951,2026-08-20,PedidosYa,Ceviche Vegetariano,1,26.4,22,Namora,47,5.0
EXT-104952,2026-09-08,PedidosYa,Cebiche Vegetariano,1,26.4,22,Cajamarca,45,
EXT-104953,2026-09-04,Rappi,Filete a la Chorrillana,2,83.6,20,Cajamarca,38,4.0
EXT-104954,2026-06-19,PedidosYa,ARROZ CHAUFA DE MARISCOS,1,35.2,22,Baños del Inca,45,3.0
EXT-104955,2026-03-19,PedidosYa,JALEA MIXTA,1,49.5,25,Baños del Inca,54,4.0
EXT-104956,2026-06-10,Rappi,Cebiche Mixto,1,37.4,20,Cajamarca,41,1.0
EXT-104957,2026-01-08,Rappi,Parihuela,1,46.2,18,Los Baños,26,4.0
EXT-104958,2026-06-22,Rappi,ceviche vegetariano,2,52.8,18,Cajamarca,37,4.0
EXT-104959,2026-09-01,PedidosYa,Ceviche de Camaron,1,41.8,25,Cajamarca,24,3.0
EXT-104960,2026-03-23,PedidosYa,Filete a la Chorrillana,1,41.8,22,Namora,39,5.0
EXT-104961,2026-01-17,PedidosYa,Ceviche de Pota,1,24.2,25,Cajamarca,30,3.0
EXT-104962,2026-07-21,PedidosYa,ARROZ CON PATO MARINO,1,36.3,25,Baños del Inca,56,3.0
EXT-104963,2026-07-01,PedidosYa,Ceviche de Conchas Negras,2,92.4,22,Llacanora,26,4.0
EXT-104964,2026-04-04,PedidosYa,ceviche de pota,1,24.2,25,Baños del Inca,18,4.0
EXT-104965,2026-02-12,PedidosYa,Parihuela,1,46.2,25,Baños del Inca,16,5.0
EXT-104966,2026-07-04,PedidosYa,CEVICHE DE CONCHAS NEGRAS,1,46.2,25,Baños del Inca,42,3.0
EXT-104967,2026-05-13,PedidosYa,Chicharron de Calamar,2,70.4,25,Cajamarca,46,4.0
EXT-104968,2026-02-13,PedidosYa,CEVICHE MIXTO,1,37.4,25,Cajamarca,32,4.0
EXT-104969,2026-01-16,PedidosYa,Ceviche Vegetariano,1,26.4,22,Cajamarca,39,4.0
EXT-104970,2026-03-09,PedidosYa,Jalea Mixta,1,49.5,25,Namora,32,
EXT-104971,2026-07-23,Rappi,Chicharrón de Calamar,1,35.2,20,Cajamarca,29,5.0
EXT-104972,2026-01-07,PedidosYa,leche de tigre especial,3,79.2,25,Cajamarca,30,4.0
EXT-104973,2026-06-10,PedidosYa,sudado de pescado,3,112.2,22,Baños del Inca,30,1.0
EXT-104974,2026-07-07,PedidosYa,Ceviche Clasico,1,30.8,25,Cajamarca,17,5.0
EXT-104975,2026-07-09,Rappi,Filete a la Chorrillana,2,83.6,18,Baños del Inca,33,5.0
EXT-104976,2026-06-17,Rappi,Ceviche Vegetariano,1,26.4,18,Cajamarca,19,4.0
EXT-104977,2026-02-17,PedidosYa,Tacu Tacu con Mariscos,2,81.4,25,Cajamarca,13,4.0
EXT-104978,2026-09-07,Rappi,chicharrón de pescado,3,99.0,20,Cajamarca,27,4.0
EXT-104979,2026-01-11,Rappi,Jalea Mixta,1,49.5,18,Cajamarca,38,
EXT-104980,2026-08-18,Rappi,Cebiche Mixto,2,74.8,20,Namora,38,4.0
EXT-104981,2026-05-25,PedidosYa,Arroz con Mariscos,2,77.0,22,Baños del Inca,22,4.0
EXT-104982,2026-05-19,Rappi,PARIHUELA,1,46.2,18,Llacanora,27,2.0
EXT-104983,2026-05-27,Rappi,Leche de Tigre Especial,1,26.4,18,Baños del Inca,28,5.0
EXT-104984,2026-04-03,Rappi,arroz chaufa de mariscos,1,35.2,18,Cajamarca,37,5.0
EXT-104985,2026-03-19,Rappi,Ceviche Carretillero,1,33.0,18,Llacanora,32,5.0
EXT-104986,2026-01-13,PedidosYa,Arroz Chaufa de Mariscos,1,35.2,22,Baños del Inca,34,3.0
EXT-104987,2026-08-15,Rappi,Chicharron de Pescado,3,99.0,18,Los Baños,35,
EXT-104988,2026-06-02,PedidosYa,Chicharrón de Pescado,2,66.0,25,Cajamarca,48,3.0
EXT-104989,2026-04-16,Rappi,Cebiche Vegetariano,1,26.4,20,Baños del Inca,30,4.0
EXT-104990,2026-06-22,PedidosYa,Cebiche de Camarón,1,41.8,22,Cajamarca,13,
EXT-104991,2026-01-01,Rappi,JALEA MIXTA,1,49.5,18,Cajamarca,26,4.0
EXT-104992,2026-08-22,Rappi,Ceviche Vegetariano,1,26.4,20,Cajamarca,43,4.0
EXT-104993,2026-04-21,Rappi,Leche de Pantera,2,57.2,18,Los Baños,25,3.0
EXT-104994,2026-02-17,Rappi,Jalea Mixta,1,49.5,18,Cajamarca,37,5.0
EXT-104995,2026-02-11,Rappi,Tiradito Nikkei,1,39.6,20,Cajamarca,42,2.0
EXT-104996,2026-05-15,PedidosYa,Ceviche Vegetariano,1,26.4,25,Cajamarca,28,3.0
EXT-104997,2026-01-15,PedidosYa,CHICHARRÓN DE PESCADO,1,33.0,25,Cajamarca,51,5.0
EXT-104998,2026-07-29,PedidosYa,chaufa de pescado,1,30.8,25,Baños del Inca,52,
EXT-104999,2026-06-22,Rappi,Arroz con Pato Marino,2,72.6,20,Cajamarca,36,4.0
EXT-105000,2026-01-04,PedidosYa,Tiradito Nikkei,1,39.6,25,Los Baños,46,3.0
EXT-105001,2026-01-14,Rappi,Leche de Tigre Especial,1,26.4,18,Cajamarca,34,4.0
EXT-105002,2026-08-21,Rappi,Filete a la Chorrillana,1,41.8,18,Cajamarca,19,5.0
EXT-105003,2026-07-07,PedidosYa,Sudado de Pescado,1,37.4,25,Namora,35,3.0
EXT-105004,2026-02-26,Rappi,Chicharrón de Calamar,2,70.4,20,Cajamarca,31,5.0
EXT-105005,2026-07-18,Rappi,Chaufa de Pescado,1,30.8,20,Baños del Inca,25,4.0
EXT-105006,2026-03-19,PedidosYa,ceviche mixto,1,37.4,22,Cajamarca,36,3.0
EXT-105007,2026-05-15,PedidosYa,Cebiche Clásico,2,61.6,25,Cajamarca,30,2.0
EXT-105008,2026-03-30,PedidosYa,Chicharron de Pescado,1,33.0,25,Namora,25,
EXT-105009,2026-05-28,Rappi,ceviche de camarón,1,41.8,20,Baños del Inca,41,5.0
EXT-105010,2026-04-21,Rappi,Leche de Tigre Especial,1,26.4,18,Cajamarca,39,3.0
EXT-105011,2026-01-04,Rappi,CEVICHE VEGETARIANO,1,26.4,20,Cajamarca,34,2.0
EXT-105012,2026-02-04,PedidosYa,chicharrón de pescado,2,66.0,25,Baños del Inca,33,4.0
EXT-105013,2026-06-17,PedidosYa,chicharrón de pescado,1,33.0,25,Baños del Inca,44,5.0
EXT-105014,2026-02-24,PedidosYa,Arroz Chaufa de Mariscos,3,105.6,22,Baños del Inca,44,5.0
EXT-105015,2026-05-24,PedidosYa,arroz negro,1,39.6,22,Cajamarca,55,5.0
EXT-105016,2026-04-13,Rappi,Leche de Tigre,3,59.4,20,Cajamarca,37,4.0
EXT-105017,2026-07-10,PedidosYa,Arroz Negro,1,39.6,25,Cajamarca,27,5.0
EXT-105018,2026-07-13,PedidosYa,Ceviche Mixto,2,74.8,25,Baños del Inca,33,3.0
EXT-105019,2026-05-15,PedidosYa,Cebiche de Camarón,1,41.8,25,Baños del Inca,34,5.0
EXT-105020,2026-04-04,PedidosYa,Chicharron de Pescado,1,33.0,22,Baños del Inca,28,4.0
EXT-105021,2026-08-27,Rappi,Cebiche Vegetariano,1,26.4,18,San Juan,34,3.0
EXT-105022,2026-05-30,PedidosYa,Tacu Tacu con Mariscos,1,40.7,25,Llacanora,42,4.0
EXT-105023,2026-04-06,Rappi,Ceviche Mixto,3,112.2,18,Namora,43,4.0
EXT-105024,2026-03-05,Rappi,Leche de Pantera,1,28.6,18,Cajamarca,25,4.0
EXT-105025,2026-06-28,Rappi,Jalea Mixta,1,49.5,20,Baños del Inca,25,
EXT-105026,2026-03-16,Rappi,Cebiche Carretillero,2,66.0,18,Baños del Inca,45,5.0
EXT-105027,2026-02-06,PedidosYa,sopa chilcano de pescado,1,27.5,25,Baños del Inca,47,5.0
EXT-105028,2026-08-14,Rappi,LECHE DE TIGRE,1,19.8,20,Cajamarca,18,4.0
EXT-105029,2026-03-22,PedidosYa,Arroz Chaufa de Mariscos,1,35.2,22,Cajamarca,42,4.0
EXT-105030,2026-05-31,Rappi,LECHE DE PANTERA,1,28.6,18,Los Baños,24,5.0
EXT-105031,2026-01-24,PedidosYa,Ceviche Vegetariano,1,26.4,22,Cajamarca,33,
EXT-105032,2026-03-05,PedidosYa,Chicharron de Calamar,1,35.2,25,Cajamarca,47,4.0
EXT-105033,2026-02-23,Rappi,CEVICHE DE CAMARÓN,1,41.8,18,Llacanora,36,4.0
EXT-105034,2026-03-31,PedidosYa,Tiradito Nikkei,1,39.6,25,Cajamarca,53,2.0
EXT-105035,2026-02-05,PedidosYa,leche de pantera,2,57.2,25,Cajamarca,36,3.0
EXT-105036,2026-08-18,PedidosYa,Ceviche Mixto,2,74.8,25,Baños del Inca,25,
EXT-105037,2026-01-08,Rappi,CEVICHE CARRETILLERO,2,66.0,18,Cajamarca,18,4.0
EXT-105038,2026-05-25,PedidosYa,CEVICHE CLÁSICO,1,30.8,25,Namora,34,4.0
EXT-105039,2026-04-25,PedidosYa,arroz negro,2,79.2,22,Cajamarca,35,4.0
EXT-105040,2026-01-06,PedidosYa,CHAUFA DE PESCADO,1,30.8,22,Cajamarca,43,3.0
EXT-105041,2026-02-02,PedidosYa,Cebiche Vegetariano,1,26.4,25,Cajamarca,25,4.0
EXT-105042,2026-05-27,PedidosYa,Ceviche Carretillero,1,33.0,22,Los Baños,31,2.0
EXT-105043,2026-06-28,PedidosYa,leche de tigre,1,19.8,25,Baños del Inca,33,3.0
EXT-105044,2026-01-02,Rappi,Tacu Tacu con Mariscos,1,40.7,20,Cajamarca,54,4.0
EXT-105045,2026-01-21,PedidosYa,Chicharrón de Pescado,1,33.0,25,Baños del Inca,47,5.0
EXT-105046,2026-02-17,PedidosYa,LECHE DE PANTERA,1,28.6,25,Baños del Inca,29,4.0
EXT-105047,2026-03-31,PedidosYa,Tiradito Nikkei,1,39.6,22,Llacanora,44,3.0
EXT-105048,2026-07-30,PedidosYa,ceviche carretillero,2,66.0,25,Cajamarca,43,5.0
EXT-105049,2026-02-01,PedidosYa,Chaufa de Pescado,1,30.8,22,Namora,23,1.0
EXT-105050,2026-05-07,PedidosYa,ceviche vegetariano,1,26.4,22,Baños del Inca,40,3.0
EXT-105051,2026-08-13,PedidosYa,Cebiche de Camarón,1,41.8,22,Cajamarca,30,5.0
EXT-105052,2026-02-27,PedidosYa,Tiradito Nikkei,1,39.6,25,Cajamarca,35,4.0
EXT-105053,2026-06-14,PedidosYa,Ceviche Mixto,3,112.2,22,Baños del Inca,27,5.0
EXT-105054,2026-05-29,Rappi,FILETE A LA CHORRILLANA,1,41.8,20,Cajamarca,25,4.0
EXT-105055,2026-02-28,Rappi,Arroz con Mariscos,1,38.5,18,Cajamarca,35,4.0
EXT-105056,2026-06-23,Rappi,Chaufa de Pescado,1,30.8,20,Cajamarca,52,5.0
EXT-105057,2026-08-14,Rappi,CEVICHE CARRETILLERO,1,33.0,18,Namora,17,5.0
EXT-105058,2026-08-24,PedidosYa,Jalea Mixta,1,49.5,22,Cajamarca,40,4.0
EXT-105059,2026-07-11,PedidosYa,Jalea Mixta,1,49.5,22,Cajamarca,24,
EXT-105060,2026-05-19,PedidosYa,Sudado de Pescado,2,74.8,25,Cajamarca,42,2.0
EXT-105061,2026-04-30,PedidosYa,Chicharrón de Calamar,1,35.2,25,Cajamarca,16,4.0
EXT-105062,2026-08-11,PedidosYa,Ceviche Vegetariano,1,26.4,25,Baños del Inca,45,1.0
EXT-105063,2026-08-21,Rappi,Tacu Tacu con Mariscos,2,81.4,18,Los Baños,30,3.0
EXT-105064,2026-04-22,Rappi,Ceviche Mixto,2,74.8,18,Baños del Inca,29,3.0
EXT-105065,2026-07-01,Rappi,Tiradito Nikkei,1,39.6,20,Cajamarca,30,4.0
EXT-105066,2026-09-14,PedidosYa,arroz chaufa de mariscos,1,35.2,22,Los Baños,21,
EXT-105067,2026-05-18,Rappi,Filete a la Chorrillana,2,83.6,18,Cajamarca,35,5.0
EXT-105068,2026-01-08,PedidosYa,Leche de Tigre,1,19.8,25,Cajamarca,26,4.0
EXT-105069,2026-08-21,PedidosYa,ceviche vegetariano,2,52.8,22,Cajamarca,31,4.0
EXT-105070,2026-08-09,Rappi,Tiradito Nikkei,1,39.6,20,Los Baños,34,5.0
EXT-105071,2026-05-22,PedidosYa,Ceviche de Camaron,1,41.8,25,Cajamarca,42,5.0
EXT-105072,2026-08-13,PedidosYa,Ceviche de Camarón,1,41.8,22,Baños del Inca,26,
EXT-105073,2026-08-17,PedidosYa,Parihuela,2,92.4,25,Cajamarca,49,4.0
EXT-105074,2026-09-24,PedidosYa,Ceviche Carretillero,2,66.0,22,Cajamarca,26,4.0
EXT-105075,2026-04-04,PedidosYa,Cebiche de Conchas Negras,1,46.2,22,Namora,18,5.0
EXT-105076,2026-03-30,PedidosYa,Ceviche de Pota,1,24.2,22,Cajamarca,32,2.0
EXT-105077,2026-05-26,PedidosYa,CEVICHE CARRETILLERO,1,33.0,25,Baños del Inca,38,5.0
EXT-105078,2026-07-19,Rappi,Chaufa de Pescado,2,61.6,18,Cajamarca,49,5.0
EXT-105079,2026-06-01,PedidosYa,sudado de pescado,1,37.4,22,Cajamarca,47,
EXT-105080,2026-07-16,Rappi,Ceviche de Conchas Negras,1,46.2,18,Cajamarca,40,3.0
EXT-105081,2026-09-14,PedidosYa,CHAUFA DE PESCADO,1,30.8,22,Cajamarca,27,4.0
EXT-105082,2026-04-11,Rappi,Cebiche Carretillero,2,66.0,18,Cajamarca,24,
EXT-105083,2026-04-29,Rappi,Ceviche de Conchas Negras,2,92.4,18,Cajamarca,36,3.0
EXT-105084,2026-06-02,Rappi,JALEA MIXTA,1,49.5,20,Cajamarca,39,3.0
EXT-105085,2026-02-16,PedidosYa,CEVICHE CLÁSICO,1,30.8,22,Cajamarca,20,4.0
EXT-105086,2026-04-01,PedidosYa,Chicharrón de Calamar,1,35.2,22,Namora,33,4.0
EXT-105087,2026-03-07,PedidosYa,Arroz Negro,1,39.6,25,San Juan,28,
EXT-105088,2026-08-26,PedidosYa,sudado de pescado,1,37.4,25,Cajamarca,28,3.0
EXT-105089,2026-07-02,PedidosYa,Chicharrón de Pescado,1,33.0,22,Namora,24,4.0
EXT-105090,2026-07-08,Rappi,Tiradito Nikkei,3,118.8,18,Namora,61,4.0
EXT-105091,2026-05-04,PedidosYa,ceviche de camarón,1,41.8,22,Cajamarca,38,3.0
EXT-105092,2026-08-07,PedidosYa,Ceviche Carretillero,1,33.0,25,Baños del Inca,25,5.0
EXT-105093,2026-01-03,PedidosYa,Chicharron de Pescado,1,33.0,22,Cajamarca,33,4.0
EXT-105094,2026-02-21,Rappi,chaufa de pescado,3,92.4,20,Cajamarca,30,3.0
EXT-105095,2026-01-21,PedidosYa,Tiradito Nikkei,1,39.6,22,Cajamarca,33,4.0
EXT-105096,2026-03-05,PedidosYa,ceviche vegetariano,1,26.4,22,Cajamarca,51,4.0
EXT-105097,2026-02-03,PedidosYa,FILETE A LA CHORRILLANA,1,41.8,22,Cajamarca,26,
EXT-105098,2026-07-05,PedidosYa,leche de pantera,1,28.6,22,Llacanora,37,5.0
EXT-105099,2026-03-28,PedidosYa,Leche de Tigre Especial,1,26.4,22,Cajamarca,37,4.0
EXT-105100,2026-09-12,PedidosYa,tacu tacu con mariscos,1,40.7,25,Cajamarca,46,4.0
EXT-105101,2026-05-12,PedidosYa,Arroz con Mariscos,3,115.5,22,Baños del Inca,32,
EXT-105102,2026-06-15,PedidosYa,CHICHARRÓN DE PESCADO,1,33.0,22,Cajamarca,41,3.0
EXT-105103,2026-06-01,PedidosYa,arroz chaufa de mariscos,1,35.2,25,Cajamarca,41,4.0
EXT-105104,2026-03-19,PedidosYa,leche de tigre especial,1,26.4,22,Cajamarca,45,3.0
EXT-105105,2026-05-19,Rappi,CEVICHE MIXTO,1,37.4,20,Llacanora,34,
EXT-105106,2026-07-25,Rappi,Tiradito Nikkei,1,39.6,20,Baños del Inca,35,4.0
EXT-105107,2026-04-25,PedidosYa,Sudado de Pescado,1,37.4,22,Baños del Inca,42,5.0
EXT-105108,2026-08-22,PedidosYa,Sopa Chilcano de Pescado,2,55.0,22,Cajamarca,33,4.0
EXT-105109,2026-04-26,Rappi,Arroz con Mariscos,1,38.5,20,Namora,25,4.0
EXT-105110,2026-07-29,PedidosYa,Parihuela,1,46.2,22,Cajamarca,49,5.0
EXT-105111,2026-08-07,PedidosYa,Cebiche Carretillero,1,33.0,25,Llacanora,52,5.0
EXT-105112,2026-04-12,Rappi,CEVICHE MIXTO,1,37.4,18,Cajamarca,25,1.0
EXT-105113,2026-07-05,PedidosYa,Arroz con Mariscos,2,77.0,25,Baños del Inca,28,3.0
EXT-105114,2026-04-06,Rappi,Ceviche de Conchas Negras,1,46.2,18,Cajamarca,39,4.0
EXT-105115,2026-05-31,Rappi,PESCADO A LO MACHO,1,48.4,20,Cajamarca,30,2.0
EXT-105116,2026-05-06,PedidosYa,leche de pantera,1,28.6,25,Cajamarca,28,4.0
EXT-105117,2026-05-18,Rappi,CEVICHE DE POTA,3,72.6,18,Cajamarca,14,4.0
EXT-105118,2026-05-15,PedidosYa,Ceviche Vegetariano,1,26.4,25,Baños del Inca,43,5.0
EXT-105119,2026-06-25,PedidosYa,Ceviche de Camaron,3,125.4,25,Baños del Inca,42,5.0
EXT-105120,2026-09-08,Rappi,chaufa de pescado,2,61.6,18,Baños del Inca,40,5.0
EXT-105121,2026-04-08,Rappi,Tiradito Nikkei,1,39.6,18,Llacanora,37,4.0
EXT-105122,2026-02-28,Rappi,ceviche mixto,1,37.4,20,Los Baños,44,
EXT-105123,2026-01-25,Rappi,Ceviche Vegetariano,1,26.4,20,Cajamarca,21,4.0
EXT-105124,2026-07-17,PedidosYa,tiradito nikkei,1,39.6,25,Cajamarca,49,2.0
EXT-105125,2026-09-03,PedidosYa,Arroz Negro,2,79.2,22,Cajamarca,41,4.0
EXT-105126,2026-08-17,PedidosYa,ceviche mixto,1,37.4,25,Baños del Inca,33,5.0
EXT-105127,2026-04-06,PedidosYa,Leche de Tigre,1,19.8,22,Cajamarca,44,2.0
EXT-105128,2026-07-27,PedidosYa,Arroz Negro,3,118.8,25,Los Baños,29,4.0
EXT-105129,2026-07-15,PedidosYa,CEVICHE DE CONCHAS NEGRAS,1,46.2,25,Cajamarca,29,
EXT-105130,2026-04-21,Rappi,Arroz Negro,1,39.6,20,Cajamarca,43,4.0
EXT-105131,2026-02-20,Rappi,tiradito nikkei,1,39.6,20,Llacanora,41,4.0
EXT-105132,2026-02-13,Rappi,Ceviche de Conchas Negras,1,46.2,18,Llacanora,21,4.0
EXT-105133,2026-01-09,PedidosYa,Ceviche de Camaron,1,41.8,22,San Juan,32,
EXT-105134,2026-01-17,Rappi,Chicharron de Calamar,2,70.4,18,Cajamarca,34,4.0
EXT-105135,2026-04-13,PedidosYa,ceviche de camarón,2,83.6,25,Los Baños,34,5.0
EXT-105136,2026-06-01,PedidosYa,ARROZ CON PATO MARINO,1,36.3,25,Baños del Inca,48,4.0
EXT-105137,2026-05-11,PedidosYa,Cebiche de Pota,1,24.2,22,Llacanora,29,5.0
EXT-105138,2026-01-05,PedidosYa,ceviche mixto,1,37.4,22,Cajamarca,27,4.0
EXT-105139,2026-08-27,PedidosYa,Leche de Pantera,1,28.6,22,Cajamarca,20,5.0
EXT-105140,2026-08-12,PedidosYa,Tiradito Nikkei,1,39.6,25,Cajamarca,18,4.0
EXT-105141,2026-05-17,PedidosYa,leche de tigre,2,39.6,22,Los Baños,44,3.0
EXT-105142,2026-04-17,PedidosYa,ceviche mixto,1,37.4,25,Baños del Inca,31,5.0
EXT-105143,2026-04-10,Rappi,Tacu Tacu con Mariscos,2,81.4,18,Cajamarca,26,2.0
EXT-105144,2026-05-23,PedidosYa,Ceviche de Camarón,3,125.4,22,Cajamarca,35,3.0
EXT-105145,2026-03-23,Rappi,Cebiche Mixto,1,37.4,18,Cajamarca,40,4.0
EXT-105146,2026-05-26,PedidosYa,Cebiche Mixto,2,74.8,22,Cajamarca,36,5.0
EXT-105147,2026-06-25,PedidosYa,Leche de Tigre,1,19.8,25,Cajamarca,30,5.0
EXT-105148,2026-01-07,PedidosYa,Ceviche de Conchas Negras,1,46.2,22,Baños del Inca,32,4.0
EXT-105149,2026-03-15,PedidosYa,Leche de Tigre,1,19.8,22,Baños del Inca,45,5.0
EXT-105150,2026-07-10,PedidosYa,Ceviche Mixto,1,37.4,25,Baños del Inca,30,5.0
EXT-105151,2026-07-09,PedidosYa,Tacu Tacu con Mariscos,1,40.7,25,Baños del Inca,27,3.0
EXT-105152,2026-07-01,Rappi,arroz chaufa de mariscos,1,35.2,20,Cajamarca,36,5.0
EXT-105153,2026-08-06,PedidosYa,Cebiche Clásico,2,61.6,25,Cajamarca,45,3.0
EXT-105154,2026-08-30,Rappi,chaufa de pescado,1,30.8,20,Baños del Inca,30,
EXT-105155,2026-08-05,Rappi,Ceviche de Conchas Negras,3,138.6,20,Cajamarca,40,
EXT-105156,2026-05-24,PedidosYa,CHAUFA DE PESCADO,1,30.8,22,Baños del Inca,40,1.0
EXT-105157,2026-08-20,Rappi,ARROZ CON PATO MARINO,1,36.3,20,Cajamarca,24,4.0
EXT-105158,2026-07-24,PedidosYa,Arroz con Mariscos,1,38.5,25,Cajamarca,32,3.0
EXT-105159,2026-07-04,Rappi,CEVICHE MIXTO,1,37.4,18,Cajamarca,36,5.0
EXT-105160,2026-03-23,PedidosYa,PARIHUELA,2,92.4,22,Los Baños,43,5.0
EXT-105161,2026-05-21,PedidosYa,Ceviche de Pota,1,24.2,22,Baños del Inca,29,5.0
EXT-105162,2026-05-03,PedidosYa,ARROZ NEGRO,2,79.2,22,Cajamarca,42,4.0
EXT-105163,2026-04-03,PedidosYa,Cebiche Vegetariano,1,26.4,25,Cajamarca,32,
EXT-105164,2026-06-22,PedidosYa,Cebiche de Pota,2,48.4,22,Llacanora,40,5.0
EXT-105165,2026-09-12,PedidosYa,ceviche de conchas negras,1,46.2,25,Llacanora,34,5.0
EXT-105166,2026-02-11,Rappi,Cebiche Mixto,1,37.4,18,Cajamarca,31,4.0
EXT-105167,2026-08-26,PedidosYa,Chaufa de Pescado,1,30.8,22,Cajamarca,35,4.0
EXT-105168,2026-02-21,Rappi,CEVICHE MIXTO,1,37.4,18,Namora,31,5.0
EXT-105169,2026-06-06,Rappi,CHICHARRÓN DE PESCADO,1,33.0,20,Cajamarca,26,5.0
EXT-105170,2026-08-10,PedidosYa,Ceviche Mixto,2,74.8,25,Cajamarca,37,3.0
EXT-105171,2026-01-18,Rappi,Chicharrón de Calamar,1,35.2,20,Cajamarca,27,5.0
EXT-105172,2026-06-22,PedidosYa,Chaufa de Pescado,1,30.8,25,Cajamarca,33,4.0
EXT-105173,2026-03-10,PedidosYa,TIRADITO NIKKEI,1,39.6,25,Cajamarca,36,3.0
EXT-105174,2026-08-14,PedidosYa,chaufa de pescado,1,30.8,22,Cajamarca,32,5.0
EXT-105175,2026-04-07,PedidosYa,LECHE DE PANTERA,2,57.2,25,Llacanora,25,2.0
EXT-105176,2026-02-27,PedidosYa,Filete a la Chorrillana,1,41.8,25,Llacanora,40,3.0
EXT-105177,2026-04-17,Rappi,Ceviche Mixto,1,37.4,20,San Juan,34,
EXT-105178,2026-07-24,Rappi,ceviche vegetariano,1,26.4,20,Baños del Inca,36,1.0
EXT-105179,2026-03-11,PedidosYa,ceviche de camarón,1,41.8,22,Cajamarca,32,5.0
EXT-105180,2026-01-18,PedidosYa,Cebiche de Pota,2,48.4,25,Baños del Inca,37,4.0
EXT-105181,2026-03-26,PedidosYa,Arroz con Mariscos,2,77.0,22,Cajamarca,27,
EXT-105182,2026-03-21,PedidosYa,Tiradito Nikkei,1,39.6,25,Llacanora,36,5.0
EXT-105183,2026-09-27,PedidosYa,Cebiche de Conchas Negras,1,46.2,25,Cajamarca,34,
EXT-105184,2026-03-01,PedidosYa,CEVICHE CARRETILLERO,1,33.0,22,Cajamarca,38,5.0
EXT-105185,2026-09-20,Rappi,CEVICHE CARRETILLERO,1,33.0,20,Baños del Inca,39,4.0
EXT-105186,2026-08-19,Rappi,Ceviche Mixto,2,74.8,20,Cajamarca,34,
EXT-105187,2026-02-21,Rappi,Tiradito Nikkei,1,39.6,20,Cajamarca,37,4.0
EXT-105188,2026-05-16,Rappi,Arroz con Pato Marino,1,36.3,20,Cajamarca,37,
EXT-105189,2026-02-04,PedidosYa,Arroz con Mariscos,1,38.5,25,Baños del Inca,34,4.0
EXT-105190,2026-02-14,Rappi,Leche de Tigre Especial,1,26.4,20,Cajamarca,25,3.0
EXT-105191,2026-08-18,Rappi,Cebiche de Camarón,1,41.8,20,Cajamarca,34,5.0
EXT-105192,2026-03-14,PedidosYa,Ceviche Carretillero,1,33.0,22,Cajamarca,38,5.0
EXT-105193,2026-02-05,PedidosYa,Tacu Tacu con Mariscos,1,40.7,25,Llacanora,39,5.0
EXT-105194,2026-07-08,Rappi,ARROZ NEGRO,1,39.6,20,Cajamarca,30,4.0
EXT-105195,2026-04-11,PedidosYa,Leche de Tigre Especial,3,79.2,25,Cajamarca,38,
EXT-105196,2026-08-21,PedidosYa,Ceviche Clasico,1,30.8,22,Cajamarca,32,5.0
EXT-105197,2026-08-18,Rappi,Ceviche de Camarón,1,41.8,18,Baños del Inca,38,2.0
EXT-105198,2026-01-22,PedidosYa,CEVICHE DE CAMARÓN,2,83.6,22,Cajamarca,44,4.0
EXT-105199,2026-08-12,Rappi,SOPA CHILCANO DE PESCADO,1,27.5,18,Llacanora,41,
EXT-105200,2026-04-24,PedidosYa,Ceviche Carretillero,1,33.0,22,Namora,50,4.0
EXT-105201,2026-05-31,Rappi,Leche de Tigre Especial,1,26.4,20,Baños del Inca,22,5.0
EXT-105202,2026-04-10,PedidosYa,Cebiche Vegetariano,2,52.8,22,San Juan,12,4.0
EXT-105203,2026-01-26,PedidosYa,chaufa de pescado,1,30.8,25,Cajamarca,37,
EXT-105204,2026-06-04,PedidosYa,Sopa Chilcano de Pescado,2,55.0,22,Cajamarca,33,5.0
EXT-105205,2026-01-12,Rappi,Cebiche Vegetariano,2,52.8,18,Cajamarca,17,4.0
EXT-105206,2026-06-16,PedidosYa,LECHE DE TIGRE ESPECIAL,1,26.4,25,Baños del Inca,40,4.0
EXT-105207,2026-01-11,Rappi,JALEA MIXTA,1,49.5,20,Cajamarca,38,
EXT-105208,2026-03-16,PedidosYa,Tacu Tacu con Mariscos,1,40.7,22,Llacanora,27,
EXT-105209,2026-01-16,Rappi,Chicharrón de Calamar,1,35.2,20,Cajamarca,28,5.0
EXT-105210,2026-08-20,Rappi,ceviche de camarón,1,41.8,18,Llacanora,49,
EXT-105211,2026-01-05,PedidosYa,arroz chaufa de mariscos,2,70.4,25,Cajamarca,30,5.0
EXT-105212,2026-07-05,PedidosYa,CEVICHE MIXTO,1,37.4,25,Cajamarca,22,3.0
EXT-105213,2026-04-26,Rappi,Sopa Chilcano de Pescado,1,27.5,20,Cajamarca,28,4.0
EXT-105214,2026-08-24,Rappi,Pescado a lo Macho,1,48.4,18,Cajamarca,41,4.0
EXT-105215,2026-03-16,PedidosYa,arroz con pato marino,1,36.3,22,Llacanora,43,4.0
EXT-105216,2026-03-25,Rappi,CEVICHE MIXTO,3,112.2,20,Cajamarca,33,5.0
EXT-105217,2026-01-06,Rappi,Sudado de Pescado,1,37.4,20,Cajamarca,40,5.0
EXT-105218,2026-09-22,PedidosYa,Chicharrón de Calamar,1,35.2,25,Cajamarca,50,3.0
EXT-105219,2026-05-31,PedidosYa,Ceviche de Pota,1,24.2,22,Cajamarca,43,5.0
EXT-105220,2026-01-14,PedidosYa,Ceviche de Camaron,2,83.6,22,Cajamarca,28,4.0
EXT-105221,2026-04-26,Rappi,Arroz con Pato Marino,2,72.6,18,Baños del Inca,43,
EXT-105222,2026-09-05,Rappi,ceviche clásico,3,92.4,20,Cajamarca,39,5.0
EXT-105223,2026-02-21,Rappi,Leche de Tigre Especial,2,52.8,18,Cajamarca,15,5.0
EXT-105224,2026-02-17,PedidosYa,ceviche clásico,2,61.6,22,Cajamarca,42,2.0
EXT-105225,2026-03-24,PedidosYa,Ceviche Mixto,1,37.4,22,Cajamarca,26,5.0
EXT-105226,2026-07-23,Rappi,Arroz Chaufa de Mariscos,3,105.6,18,Los Baños,44,2.0
EXT-105227,2026-08-04,PedidosYa,Filete a la Chorrillana,1,41.8,25,Cajamarca,35,5.0
EXT-105228,2026-03-26,PedidosYa,ceviche clásico,1,30.8,22,Baños del Inca,31,5.0
EXT-105229,2026-01-03,Rappi,filete a la chorrillana,1,41.8,20,Cajamarca,29,1.0
EXT-105230,2026-08-30,Rappi,Ceviche Carretillero,2,66.0,18,Baños del Inca,17,5.0
EXT-105231,2026-06-10,PedidosYa,parihuela,1,46.2,22,Cajamarca,33,5.0
EXT-105232,2026-03-23,PedidosYa,ceviche de pota,2,48.4,22,San Juan,26,5.0
EXT-105233,2026-02-05,Rappi,filete a la chorrillana,3,125.4,18,Baños del Inca,36,3.0
EXT-105234,2026-02-18,PedidosYa,LECHE DE TIGRE,3,59.4,22,Cajamarca,30,5.0
EXT-105235,2026-04-15,Rappi,Ceviche Mixto,1,37.4,18,Cajamarca,35,5.0
EXT-105236,2026-01-15,PedidosYa,tiradito nikkei,1,39.6,25,Baños del Inca,36,3.0
EXT-105237,2026-07-25,Rappi,ceviche de camarón,2,83.6,20,Cajamarca,40,2.0
EXT-105238,2026-01-15,Rappi,CEVICHE MIXTO,1,37.4,20,Cajamarca,24,
EXT-105239,2026-06-23,PedidosYa,Chicharrón de Calamar,3,105.6,25,Los Baños,40,4.0
EXT-105240,2026-08-21,PedidosYa,filete a la chorrillana,1,41.8,22,Baños del Inca,39,2.0
EXT-105241,2026-07-08,Rappi,TACU TACU CON MARISCOS,1,40.7,20,Los Baños,26,
EXT-105242,2026-03-03,PedidosYa,arroz negro,1,39.6,22,Cajamarca,45,5.0
EXT-105243,2026-04-06,PedidosYa,Ceviche Mixto,2,74.8,25,Llacanora,19,5.0
EXT-105244,2026-05-07,PedidosYa,CEVICHE CLÁSICO,1,30.8,22,Baños del Inca,23,
EXT-105245,2026-04-29,Rappi,Chicharrón de Calamar,2,70.4,20,Baños del Inca,20,4.0
EXT-105246,2026-06-18,Rappi,Arroz Negro,1,39.6,18,Baños del Inca,28,5.0
EXT-105247,2026-06-22,PedidosYa,Jalea Mixta,1,49.5,22,Cajamarca,49,5.0
EXT-105248,2026-04-28,PedidosYa,Filete a la Chorrillana,2,83.6,25,Cajamarca,44,4.0
EXT-105249,2026-06-21,PedidosYa,FILETE A LA CHORRILLANA,3,125.4,22,Baños del Inca,38,
EXT-105250,2026-07-05,PedidosYa,SUDADO DE PESCADO,2,74.8,22,Baños del Inca,23,5.0
EXT-105251,2026-05-29,Rappi,Sopa Chilcano de Pescado,2,55.0,20,Cajamarca,43,4.0
EXT-105252,2026-05-18,PedidosYa,Leche de Tigre Especial,2,52.8,22,Cajamarca,36,
EXT-105253,2026-07-22,PedidosYa,Arroz con Mariscos,1,38.5,25,Cajamarca,27,
EXT-105254,2026-06-18,PedidosYa,CEVICHE VEGETARIANO,1,26.4,25,Cajamarca,36,4.0
EXT-105255,2026-06-25,PedidosYa,leche de pantera,2,57.2,22,Cajamarca,41,4.0
EXT-105256,2026-05-27,Rappi,Sopa Chilcano de Pescado,1,27.5,20,Cajamarca,35,4.0
EXT-105257,2026-02-06,PedidosYa,Ceviche Carretillero,2,66.0,25,Cajamarca,23,4.0
EXT-105258,2026-03-29,PedidosYa,Ceviche Carretillero,1,33.0,22,Baños del Inca,40,
EXT-105259,2026-05-09,Rappi,arroz negro,1,39.6,20,Los Baños,40,5.0
EXT-105260,2026-06-13,Rappi,Cebiche de Conchas Negras,1,46.2,18,Cajamarca,43,2.0
EXT-105261,2026-01-17,PedidosYa,Arroz Negro,2,79.2,25,Llacanora,53,3.0
EXT-105262,2026-08-06,Rappi,Chicharrón de Pescado,1,33.0,20,Cajamarca,50,3.0
EXT-105263,2026-08-30,PedidosYa,Arroz Negro,1,39.6,22,Cajamarca,35,5.0
EXT-105264,2026-07-11,Rappi,Tiradito Nikkei,2,79.2,20,Cajamarca,55,4.0
EXT-105265,2026-01-31,Rappi,Filete a la Chorrillana,2,83.6,20,Los Baños,28,5.0
EXT-105266,2026-09-09,Rappi,Tiradito Nikkei,1,39.6,20,Cajamarca,41,5.0
EXT-105267,2026-07-31,Rappi,leche de tigre,1,19.8,20,Cajamarca,29,4.0
EXT-105268,2026-06-26,PedidosYa,CEVICHE MIXTO,3,112.2,25,Cajamarca,31,4.0
EXT-105269,2026-06-05,PedidosYa,Chicharron de Calamar,1,35.2,22,Cajamarca,27,5.0
EXT-105270,2026-08-09,PedidosYa,Ceviche Clasico,1,30.8,22,Namora,49,
EXT-105271,2026-01-13,Rappi,Tacu Tacu con Mariscos,1,40.7,20,Cajamarca,18,5.0
EXT-105272,2026-02-25,PedidosYa,CEVICHE CARRETILLERO,1,33.0,22,Baños del Inca,50,4.0
EXT-105273,2026-04-19,Rappi,CHICHARRÓN DE CALAMAR,1,35.2,18,Cajamarca,29,4.0
EXT-105274,2026-06-03,PedidosYa,ARROZ CON PATO MARINO,1,36.3,25,Llacanora,28,5.0
EXT-105275,2026-01-22,Rappi,Cebiche Clásico,1,30.8,18,Cajamarca,49,5.0
EXT-105276,2026-07-19,PedidosYa,Sopa Chilcano de Pescado,2,55.0,22,Namora,24,5.0
EXT-105277,2026-05-31,PedidosYa,arroz chaufa de mariscos,1,35.2,22,Cajamarca,41,4.0
EXT-105278,2026-06-04,PedidosYa,Ceviche Carretillero,1,33.0,25,Cajamarca,32,4.0
EXT-105279,2026-08-31,PedidosYa,ARROZ CHAUFA DE MARISCOS,2,70.4,25,Cajamarca,35,2.0
EXT-105280,2026-09-02,Rappi,LECHE DE PANTERA,1,28.6,20,Cajamarca,27,
EXT-105281,2026-03-23,PedidosYa,Cebiche de Conchas Negras,1,46.2,25,Cajamarca,49,
EXT-105282,2026-04-29,PedidosYa,Tiradito Nikkei,3,118.8,25,Cajamarca,36,4.0
EXT-105283,2026-03-11,PedidosYa,Ceviche de Conchas Negras,2,92.4,25,Cajamarca,27,5.0
EXT-105284,2026-05-12,PedidosYa,Saltado de Mariscos,2,79.2,25,Cajamarca,18,4.0
EXT-105285,2026-03-01,PedidosYa,Leche de Pantera,1,28.6,22,Cajamarca,40,
EXT-105286,2026-01-14,Rappi,CEVICHE CLÁSICO,3,92.4,20,Baños del Inca,28,3.0
EXT-105287,2026-04-03,Rappi,chicharrón de pescado,1,33.0,20,Cajamarca,49,1.0
EXT-105288,2026-05-20,Rappi,Parihuela,1,46.2,18,Cajamarca,33,5.0
EXT-105289,2026-01-24,Rappi,jalea mixta,1,49.5,20,Baños del Inca,42,3.0
EXT-105290,2026-01-31,PedidosYa,Chaufa de Pescado,1,30.8,22,Baños del Inca,31,5.0
EXT-105291,2026-04-15,PedidosYa,Ceviche de Camarón,2,83.6,25,San Juan,36,
EXT-105292,2026-02-25,Rappi,TIRADITO NIKKEI,1,39.6,20,Cajamarca,25,3.0
EXT-105293,2026-09-21,PedidosYa,Ceviche Mixto,1,37.4,22,Baños del Inca,29,4.0
EXT-105294,2026-02-05,PedidosYa,Ceviche de Pota,1,24.2,25,Baños del Inca,29,4.0
EXT-105295,2026-01-06,Rappi,tiradito nikkei,1,39.6,18,Cajamarca,33,
EXT-105296,2026-05-16,PedidosYa,jalea mixta,3,148.5,25,Los Baños,42,5.0
EXT-105297,2026-06-11,PedidosYa,ceviche mixto,2,74.8,22,Cajamarca,28,
EXT-105298,2026-02-16,Rappi,ceviche vegetariano,3,79.2,18,Cajamarca,32,
EXT-105299,2026-03-13,PedidosYa,LECHE DE TIGRE ESPECIAL,2,52.8,25,San Juan,36,5.0
EXT-105300,2026-04-13,PedidosYa,Chicharrón de Pescado,1,33.0,22,Cajamarca,36,5.0
EXT-105301,2026-05-04,Rappi,Ceviche de Camaron,1,41.8,20,Cajamarca,44,4.0
EXT-105302,2026-02-17,PedidosYa,Arroz Negro,1,39.6,25,Los Baños,42,5.0
EXT-105303,2026-05-19,PedidosYa,Parihuela,2,92.4,22,Baños del Inca,12,2.0
EXT-105304,2026-03-04,PedidosYa,Chaufa de Pescado,1,30.8,25,Cajamarca,42,4.0
EXT-105305,2026-05-31,Rappi,Arroz Negro,1,39.6,20,Baños del Inca,25,4.0
EXT-105306,2026-01-27,Rappi,CEVICHE CARRETILLERO,1,33.0,20,Cajamarca,31,4.0
EXT-105307,2026-01-11,PedidosYa,CEVICHE MIXTO,1,37.4,25,Baños del Inca,40,3.0
EXT-105308,2026-09-21,Rappi,Ceviche Clasico,1,30.8,18,Cajamarca,38,4.0
EXT-105309,2026-05-06,Rappi,Ceviche Carretillero,1,33.0,18,Cajamarca,25,2.0
EXT-105310,2026-04-29,PedidosYa,TIRADITO NIKKEI,1,39.6,22,Cajamarca,33,5.0
EXT-105311,2026-06-08,PedidosYa,Ceviche Vegetariano,1,26.4,22,Baños del Inca,27,4.0
EXT-105312,2026-02-17,PedidosYa,Ceviche de Conchas Negras,3,138.6,25,Baños del Inca,36,4.0
EXT-105313,2026-05-02,PedidosYa,Tiradito Nikkei,1,39.6,25,Cajamarca,31,3.0
EXT-105314,2026-08-06,Rappi,Arroz con Mariscos,1,38.5,20,Baños del Inca,34,4.0
EXT-105315,2026-08-28,PedidosYa,tiradito nikkei,2,79.2,22,Los Baños,51,
EXT-105316,2026-06-18,PedidosYa,Arroz Negro,1,39.6,25,Namora,40,
EXT-105317,2026-07-26,Rappi,Arroz Negro,1,39.6,18,San Juan,37,5.0
EXT-105318,2026-09-19,PedidosYa,leche de tigre especial,2,52.8,25,Namora,39,5.0
EXT-105319,2026-01-25,Rappi,Tiradito Nikkei,1,39.6,18,Cajamarca,23,3.0
EXT-105320,2026-03-20,PedidosYa,Ceviche Mixto,1,37.4,22,Cajamarca,27,3.0
EXT-105321,2026-03-26,Rappi,Arroz Negro,1,39.6,18,San Juan,35,4.0
EXT-105322,2026-08-07,Rappi,Arroz Chaufa de Mariscos,1,35.2,18,Baños del Inca,27,
EXT-105323,2026-07-31,PedidosYa,CEVICHE DE CONCHAS NEGRAS,1,46.2,25,Cajamarca,39,5.0
EXT-105324,2026-03-22,Rappi,Jalea Mixta,1,49.5,20,Cajamarca,55,
EXT-105325,2026-06-23,Rappi,tiradito nikkei,2,79.2,20,Cajamarca,48,5.0
EXT-105326,2026-09-09,Rappi,Saltado de Mariscos,1,39.6,20,Cajamarca,30,4.0
EXT-105327,2026-01-16,PedidosYa,Chaufa de Pescado,2,61.6,22,Cajamarca,22,3.0
EXT-105328,2026-04-18,PedidosYa,filete a la chorrillana,2,83.6,22,San Juan,35,5.0
EXT-105329,2026-07-30,Rappi,Ceviche de Camarón,1,41.8,20,Cajamarca,26,
EXT-105330,2026-06-15,Rappi,CHICHARRÓN DE PESCADO,3,99.0,18,Cajamarca,26,5.0
EXT-105331,2026-02-15,Rappi,Filete a la Chorrillana,1,41.8,18,Baños del Inca,34,3.0
EXT-105332,2026-04-19,Rappi,Tiradito Nikkei,2,79.2,18,Los Baños,32,
EXT-105333,2026-08-04,Rappi,Saltado de Mariscos,2,79.2,20,Cajamarca,39,
EXT-105334,2026-07-01,PedidosYa,Tiradito Nikkei,2,79.2,25,Namora,42,5.0
EXT-105335,2026-07-05,Rappi,ceviche carretillero,2,66.0,20,Cajamarca,33,5.0
EXT-105336,2026-09-12,Rappi,ceviche de pota,1,24.2,20,Namora,18,4.0
EXT-105337,2026-08-19,PedidosYa,Leche de Tigre,1,19.8,25,Cajamarca,31,3.0
EXT-105338,2026-03-31,Rappi,chaufa de pescado,1,30.8,20,Cajamarca,42,4.0
EXT-105339,2026-05-12,PedidosYa,CEVICHE DE POTA,1,24.2,25,Cajamarca,18,5.0
EXT-105340,2026-04-12,PedidosYa,ceviche mixto,3,112.2,22,Llacanora,36,5.0
EXT-105341,2026-03-27,Rappi,Tiradito Nikkei,1,39.6,20,Cajamarca,51,1.0
EXT-105342,2026-04-28,PedidosYa,Chicharrón de Pescado,1,33.0,25,Cajamarca,41,4.0
EXT-105343,2026-09-24,Rappi,Leche de Pantera,1,28.6,18,Cajamarca,18,
EXT-105344,2026-08-25,PedidosYa,Cebiche de Conchas Negras,2,92.4,25,Baños del Inca,20,2.0
EXT-105345,2026-05-08,Rappi,ceviche de camarón,1,41.8,18,Cajamarca,40,2.0
EXT-105346,2026-02-11,PedidosYa,Arroz Negro,1,39.6,25,Baños del Inca,29,5.0
EXT-105347,2026-07-09,PedidosYa,Cebiche Mixto,1,37.4,22,Cajamarca,30,5.0
EXT-105348,2026-09-16,PedidosYa,Cebiche Mixto,1,37.4,22,Cajamarca,33,2.0
EXT-105349,2026-03-10,Rappi,leche de tigre,1,19.8,20,Cajamarca,36,1.0
EXT-105350,2026-05-13,Rappi,Arroz con Mariscos,2,77.0,18,Cajamarca,29,4.0
EXT-105351,2026-03-11,Rappi,Chicharrón de Calamar,1,35.2,20,Baños del Inca,41,
EXT-105352,2026-04-29,PedidosYa,Ceviche Vegetariano,2,52.8,25,Baños del Inca,21,3.0
EXT-105353,2026-09-25,PedidosYa,Ceviche de Conchas Negras,1,46.2,25,Baños del Inca,24,5.0
EXT-105354,2026-09-15,Rappi,Arroz Chaufa de Mariscos,1,35.2,18,Baños del Inca,34,4.0
EXT-105355,2026-05-25,PedidosYa,Leche de Tigre Especial,2,52.8,25,Cajamarca,26,3.0
EXT-105356,2026-03-30,PedidosYa,ceviche de camarón,1,41.8,22,Los Baños,25,4.0
EXT-105357,2026-05-24,Rappi,Tacu Tacu con Mariscos,1,40.7,20,Cajamarca,32,3.0
EXT-105358,2026-03-20,PedidosYa,Arroz Negro,1,39.6,25,Cajamarca,28,
EXT-105359,2026-06-26,PedidosYa,jalea mixta,1,49.5,25,Baños del Inca,24,4.0
EXT-105360,2026-03-09,PedidosYa,ceviche vegetariano,1,26.4,25,Cajamarca,42,2.0
EXT-105361,2026-01-12,PedidosYa,Cebiche de Conchas Negras,1,46.2,25,Cajamarca,25,1.0
EXT-105362,2026-01-11,PedidosYa,pescado a lo macho,1,48.4,25,Cajamarca,23,4.0
EXT-105363,2026-03-12,PedidosYa,CEVICHE MIXTO,1,37.4,22,Cajamarca,42,4.0
EXT-105364,2026-06-30,PedidosYa,Chaufa de Pescado,2,61.6,22,San Juan,29,5.0
EXT-105365,2026-02-14,Rappi,Cebiche de Camarón,1,41.8,18,Cajamarca,34,4.0
EXT-105366,2026-08-06,PedidosYa,Tiradito Nikkei,1,39.6,22,Cajamarca,31,3.0
EXT-105367,2026-08-11,Rappi,Ceviche Carretillero,1,33.0,20,Cajamarca,40,4.0
EXT-105368,2026-07-05,PedidosYa,Arroz con Pato Marino,3,108.9,22,Cajamarca,41,4.0
EXT-105369,2026-03-13,Rappi,Cebiche Vegetariano,1,26.4,20,Cajamarca,25,
EXT-105370,2026-03-23,PedidosYa,chicharrón de calamar,1,35.2,25,Cajamarca,24,4.0
EXT-105371,2026-09-08,PedidosYa,Chicharrón de Calamar,1,35.2,25,Cajamarca,29,4.0
EXT-105372,2026-08-06,Rappi,Arroz con Mariscos,2,77.0,18,Cajamarca,47,
EXT-105373,2026-07-11,Rappi,Sudado de Pescado,1,37.4,20,Los Baños,40,5.0
EXT-105374,2026-02-19,PedidosYa,ARROZ CHAUFA DE MARISCOS,1,35.2,25,Cajamarca,26,4.0
EXT-105375,2026-03-11,PedidosYa,SUDADO DE PESCADO,2,74.8,25,Baños del Inca,36,5.0
EXT-105376,2026-09-12,Rappi,CEVICHE VEGETARIANO,1,26.4,20,Cajamarca,40,4.0
EXT-105377,2026-07-18,Rappi,SUDADO DE PESCADO,2,74.8,20,Cajamarca,48,5.0
EXT-105378,2026-03-12,PedidosYa,Tacu Tacu con Mariscos,1,40.7,22,Cajamarca,37,5.0
EXT-105379,2026-07-29,PedidosYa,Cebiche de Camarón,2,83.6,22,Cajamarca,40,4.0
EXT-105380,2026-08-25,Rappi,Ceviche Vegetariano,1,26.4,18,Cajamarca,29,4.0
EXT-105381,2026-05-04,PedidosYa,ceviche de camarón,1,41.8,25,Cajamarca,39,4.0
EXT-105382,2026-05-25,PedidosYa,Cebiche de Pota,1,24.2,22,Cajamarca,16,4.0
EXT-105383,2026-02-21,PedidosYa,chaufa de pescado,1,30.8,25,Cajamarca,20,4.0
EXT-105384,2026-09-20,PedidosYa,TIRADITO NIKKEI,2,79.2,22,Cajamarca,52,4.0
EXT-105385,2026-08-31,PedidosYa,CEVICHE VEGETARIANO,2,52.8,22,Baños del Inca,28,5.0
EXT-105386,2026-03-31,PedidosYa,CEVICHE VEGETARIANO,1,26.4,22,Llacanora,29,
EXT-105387,2026-09-26,PedidosYa,Arroz Negro,1,39.6,22,Cajamarca,53,4.0
EXT-105388,2026-09-07,PedidosYa,Ceviche de Conchas Negras,1,46.2,22,Baños del Inca,42,3.0
EXT-105389,2026-01-09,Rappi,Ceviche de Pota,1,24.2,20,Cajamarca,38,4.0
EXT-105390,2026-05-18,Rappi,Arroz con Mariscos,1,38.5,18,San Juan,45,
EXT-105391,2026-07-05,Rappi,Arroz con Mariscos,2,77.0,18,Cajamarca,21,5.0
EXT-105392,2026-08-21,PedidosYa,Tacu Tacu con Mariscos,1,40.7,22,Cajamarca,28,4.0
EXT-105393,2026-03-13,PedidosYa,Sudado de Pescado,2,74.8,22,Cajamarca,34,4.0
EXT-105394,2026-03-10,Rappi,ARROZ NEGRO,3,118.8,20,Cajamarca,51,1.0
EXT-105395,2026-08-17,PedidosYa,Ceviche Mixto,2,74.8,22,Llacanora,30,5.0
EXT-105396,2026-06-01,PedidosYa,Tacu Tacu con Mariscos,3,122.1,25,Baños del Inca,36,3.0
EXT-105397,2026-04-25,PedidosYa,Tiradito Nikkei,1,39.6,22,Cajamarca,19,4.0
EXT-105398,2026-07-29,Rappi,ceviche carretillero,2,66.0,18,Los Baños,35,4.0
EXT-105399,2026-02-11,Rappi,Jalea Mixta,1,49.5,18,Cajamarca,48,5.0
EXT-100021,2026-08-27,PedidosYa,Tiradito Nikkei,1,39.6,22,Cajamarca,36,2.0
EXT-101956,2026-03-18,Rappi,Leche de Tigre,1,19.8,20,Cajamarca,32,5.0
EXT-105162,2026-05-03,PedidosYa,ARROZ NEGRO,2,79.2,22,Cajamarca,42,4.0
EXT-100091,2026-08-07,PedidosYa,Cebiche Clásico,2,61.6,25,Cajamarca,43,1.0
EXT-102465,2026-06-16,Rappi,Parihuela,1,46.2,18,Baños del Inca,22,5.0
EXT-103730,2026-04-03,PedidosYa,Cebiche Carretillero,2,66.0,25,Llacanora,33,5.0
EXT-101666,2026-07-17,PedidosYa,Cebiche Mixto,1,37.4,22,Cajamarca,43,4.0
EXT-105397,2026-04-25,PedidosYa,Tiradito Nikkei,1,39.6,22,Cajamarca,19,4.0
EXT-100289,2026-04-14,PedidosYa,Arroz con Pato Marino,1,36.3,22,Cajamarca,28,4.0
EXT-103552,2026-01-25,Rappi,SUDADO DE PESCADO,3,112.2,20,Cajamarca,22,2.0
EXT-101617,2026-08-02,Rappi,ceviche carretillero,1,33.0,20,Cajamarca,18,4.0
EXT-101543,2026-06-18,Rappi,Ceviche de Conchas Negras,1,46.2,20,Cajamarca,38,4.0
EXT-105354,2026-09-15,Rappi,Arroz Chaufa de Mariscos,1,35.2,18,Baños del Inca,34,4.0
EXT-101942,2026-01-28,Rappi,ceviche clásico,1,30.8,20,Cajamarca,25,4.0
EXT-101852,2026-03-09,Rappi,Chicharrón de Pescado,1,33.0,18,Cajamarca,36,4.0
EXT-101246,2026-09-06,Rappi,TIRADITO NIKKEI,1,39.6,18,Cajamarca,25,4.0
EXT-104691,2026-06-21,PedidosYa,Ceviche Mixto,3,112.2,25,Los Baños,32,2.0
EXT-102835,2026-05-16,Rappi,ARROZ CON PATO MARINO,1,36.3,20,Llacanora,38,3.0
EXT-104300,2026-01-05,PedidosYa,Ceviche Vegetariano,1,26.4,25,Cajamarca,36,
EXT-101903,2026-07-27,PedidosYa,Ceviche Clasico,3,92.4,25,Cajamarca,34,
EXT-101800,2026-08-26,PedidosYa,CHICHARRÓN DE CALAMAR,1,35.2,22,Baños del Inca,29,4.0
EXT-101732,2026-02-23,Rappi,Leche de Pantera,1,28.6,18,Baños del Inca,29,2.0
EXT-101345,2026-04-02,PedidosYa,Arroz Chaufa de Mariscos,1,35.2,25,Cajamarca,37,4.0
EXT-104278,2026-02-19,PedidosYa,Arroz Negro,1,39.6,22,Los Baños,47,5.0
EXT-104466,2026-08-03,PedidosYa,Tiradito Nikkei,1,39.6,22,Baños del Inca,34,
EXT-101539,2026-08-26,PedidosYa,arroz con pato marino,2,72.6,22,Cajamarca,53,5.0
EXT-101824,2026-07-28,PedidosYa,Arroz con Mariscos,1,38.5,25,Cajamarca,42,5.0
EXT-103729,2026-08-14,PedidosYa,ceviche vegetariano,1,26.4,25,Cajamarca,42,5.0
EXT-100851,2026-03-02,PedidosYa,Cebiche Mixto,1,37.4,25,Cajamarca,34,5.0
EXT-103754,2026-01-13,Rappi,leche de pantera,3,85.8,18,Baños del Inca,26,5.0
EXT-100171,2026-04-16,Rappi,chicharrón de pescado,1,33.0,20,Cajamarca,24,1.0
EXT-103046,2026-01-18,PedidosYa,sopa chilcano de pescado,1,27.5,25,Cajamarca,30,4.0
EXT-102541,2026-07-19,PedidosYa,Ceviche Carretillero,1,33.0,22,Cajamarca,39,5.0
EXT-100243,2026-04-28,PedidosYa,Chicharron de Pescado,1,33.0,25,Cajamarca,26,3.0
EXT-101235,2026-03-10,PedidosYa,ceviche de camarón,3,125.4,25,Cajamarca,48,5.0
EXT-100050,2026-06-08,PedidosYa,LECHE DE TIGRE,1,19.8,25,Los Baños,30,5.0
EXT-102761,2026-09-19,Rappi,Ceviche Mixto,1,37.4,20,Cajamarca,26,4.0
EXT-102240,2026-09-15,Rappi,CHICHARRÓN DE PESCADO,2,66.0,20,Baños del Inca,45,4.0
EXT-103879,2026-02-11,Rappi,LECHE DE TIGRE,1,19.8,20,Cajamarca,35,4.0
EXT-103577,2026-04-13,PedidosYa,Tacu Tacu con Mariscos,2,81.4,25,Namora,43,5.0
EXT-101368,2026-04-06,PedidosYa,Tiradito Nikkei,3,118.8,22,Cajamarca,29,4.0
EXT-100308,2026-09-04,PedidosYa,Chaufa de Pescado,1,30.8,25,Namora,19,2.0
EXT-100893,2026-08-07,Rappi,ceviche clásico,1,30.8,18,Cajamarca,40,5.0
EXT-103467,2026-04-24,Rappi,Tacu Tacu con Mariscos,1,40.7,18,Baños del Inca,31,4.0
EXT-105213,2026-04-26,Rappi,Sopa Chilcano de Pescado,1,27.5,20,Cajamarca,28,4.0
EXT-100735,2026-08-01,Rappi,Ceviche Mixto,1,37.4,18,Baños del Inca,35,5.0
EXT-100607,2026-01-28,Rappi,Chicharron de Pescado,1,33.0,18,Baños del Inca,41,4.0
EXT-101987,2026-05-22,Rappi,Jalea Mixta,1,49.5,20,Baños del Inca,31,5.0
EXT-102101,2026-02-23,PedidosYa,SOPA CHILCANO DE PESCADO,1,27.5,25,Cajamarca,30,3.0
EXT-104853,2026-02-01,Rappi,jalea mixta,2,99.0,20,Cajamarca,22,4.0
EXT-100904,2026-02-08,PedidosYa,Ceviche Carretillero,2,66.0,25,Cajamarca,42,4.0
EXT-102327,2026-04-06,Rappi,ceviche de camarón,2,83.6,18,Cajamarca,38,5.0
EXT-102297,2026-09-02,PedidosYa,Chicharrón de Pescado,1,33.0,22,Cajamarca,27,4.0
EXT-101884,2026-04-03,PedidosYa,CHICHARRÓN DE PESCADO,1,33.0,25,Baños del Inca,27,1.0
EXT-102587,2026-07-18,Rappi,Ceviche Clásico,1,30.8,18,Cajamarca,41,5.0
EXT-105239,2026-06-23,PedidosYa,Chicharrón de Calamar,3,105.6,25,Los Baños,40,4.0
EXT-104526,2026-03-02,PedidosYa,Arroz Chaufa de Mariscos,1,35.2,22,Baños del Inca,17,5.0
EXT-105218,2026-09-22,PedidosYa,Chicharrón de Calamar,1,35.2,25,Cajamarca,50,3.0
EXT-101314,2026-02-14,Rappi,Leche de Pantera,1,28.6,20,Baños del Inca,33,
EXT-102605,2026-04-10,Rappi,Leche de Tigre Especial,1,26.4,20,Baños del Inca,37,
