id_cliente,dni,nombre,apellido,distrito,tipo_cliente,fecha_registro,email,telefono
1,45593336,Jorge,Vásquez Bardales,Cajamarca,Nuevo,2026-06-07,,918927271.0
2,25479986,José,Huamán Torres,Cajamarca,Frecuente,2025-12-31,jose2@correo.pe,918184810.0
3,38315661,Marleni,Pérez Vásquez,Cajamarca,Frecuente,2026-03-13,marleni3@correo.pe,931298968.0
4,12767233,Patricia,Sangay Vásquez,Cajamarca,Nuevo,2025-09-11,patricia4@correo.pe,990395166.0
5,58771696,Marleni,Tello Mego,Llacanora,Frecuente,2025-08-08,marleni5@correo.pe,964326438.0
6,42282021,Ricardo,Pérez Becerra,Cajamarca,Frecuente,2026-05-08,ricardo6@correo.pe,924599184.0
7,54934036,Miguel,Mendoza Bardales,Magdalena,Frecuente,2026-06-12,miguel7@correo.pe,990897716.0
8,19750353,Carlos,Huamán Mego,Baños del Inca,Nuevo,2025-11-10,carlos8@correo.pe,936481798.0
9,60695406,Andrés,Alva Rojas,Cajamarca,Frecuente,2026-01-03,andres9@correo.pe,918612386.0
10,20413728,Ricardo,Flores Torres,Cajamarca,Nuevo,2026-03-13,ricardo10@correo.pe,939786596.0
11,18943593,Ricardo,Llamo Vásquez,Cajamarca,Nuevo,2026-03-27,ricardo11@correo.pe,980748749.0
12,74392390,Diego,Terrones Sangay,Cajamarca,Frecuente,2025-07-08,diego12@correo.pe,993012173.0
13,69728909,Carmen,Tello Mego,Cajamarca,Nuevo,2026-06-26,carmen13@correo.pe,918721690.0
14,54019823,Wilmer,Llamo Huamán,Cajamarca,Nuevo,2026-09-11,wilmer14@correo.pe,976359917.0
15,74100724,Juan,Alva Rojas,Cajabamba,Nuevo,2025-09-08,juan15@correo.pe,988844263.0
16,20006535,Héctor,Flores Lozano,Cajamarca,Nuevo,2025-07-23,hector16@correo.pe,970207935.0
17,59091230,Miguel,Huamán Ramos,Cajamarca,Frecuente,2026-01-01,miguel17@correo.pe,950046631.0
18,57039445,Pedro,Tello Quispe,Celendín,Frecuente,2026-04-10,pedro18@correo.pe,968002427.0
19,38054495,Elena,Aguilar Bardales,Cajamarca,Frecuente,2025-10-30,,941096290.0
20,69660434,Fernando,Zelada Lozano,Baños del Inca,Frecuente,2026-01-02,fernando20@correo.pe,969476970.0
21,31420694,José,Ramos Castrejón,Magdalena,Nuevo,2026-01-05,jose21@correo.pe,987046474.0
22,53725340,Patricia,Terrones Rojas,Baños del Inca,Frecuente,2025-10-06,patricia22@correo.pe,980220998.0
23,61261552,Patricia,Aguilar Tello,Cajamarca,Frecuente,2025-07-22,patricia23@correo.pe,972027451.0
24,69590109,Pedro,Cueva Ramos,Baños del Inca,Frecuente,2026-06-22,pedro24@correo.pe,958674517.0
25,45819976,Gabriela,Torres Mego,Cajamarca,Frecuente,2026-01-13,gabriela25@correo.pe,944550948.0
26,76942276,Carmen,Guevara Chávez,Cajamarca,Nuevo,2025-07-17,carmen26@correo.pe,942179350.0
27,35144414,Valeria,Ramos Vásquez,Baños del Inca,Corporativo,2026-06-30,,963046394.0
28,54542195,Miguel,Huamán Aguilar,San Juan,Frecuente,2026-06-02,,978544771.0
29,24011625,José,Mendoza Ramos,Cajamarca,Corporativo,2026-05-26,jose29@correo.pe,998311263.0
30,20606238,Sofía,Mego Cueva,Cajabamba,Nuevo,2025-09-10,sofia30@correo.pe,985078276.0
31,29115099,Yesenia,Quispe Díaz,Cajamarca,Frecuente,2026-08-04,yesenia31@correo.pe,963218586.0
32,72512788,Héctor,Rojas Aguilar,Baños del Inca,Nuevo,2025-10-11,hector32@correo.pe,940436459.0
33,43145477,Ana,Bardales Bardales,Magdalena,Frecuente,2026-02-19,ana33@correo.pe,957021026.0
34,71439721,Marleni,Mego Díaz,Cajamarca,Nuevo,2025-08-27,marleni34@correo.pe,973075308.0
35,45060405,Edwin,Mego Díaz,Baños del Inca,Frecuente,2026-02-12,edwin35@correo.pe,935235422.0
36,43730395,Andrés,Coronel Coronel,San Juan,Corporativo,2025-08-09,andres36@correo.pe,994830466.0
37,76429953,María,Cabrera Zelada,Cajamarca,Frecuente,2025-12-02,maria37@correo.pe,930717795.0
38,55079353,Jorge,Quispe Vásquez,Baños del Inca,Nuevo,2026-04-21,jorge38@correo.pe,986293924.0
39,62593158,Milagros,Sangay Castrejón,Cajamarca,Nuevo,2025-12-03,milagros39@correo.pe,994889752.0
40,75768293,Fernando,Cueva Pérez,Celendín,Frecuente,2026-02-22,fernando40@correo.pe,987192284.0
41,37749629,Pedro,Quispe Bardales,Cajamarca,Nuevo,2026-05-04,pedro41@correo.pe,982979912.0
42,17217769,Marleni,Torres Ramos,Cajamarca,Nuevo,2026-08-25,marleni42@correo.pe,952236954.0
43,13683436,Pedro,Alva Bardales,Los Baños,Frecuente,2025-11-19,pedro43@correo.pe,953778568.0
44,43959612,Camila,Alva Cabrera,Baños del Inca,Nuevo,2026-09-05,camila44@correo.pe,960111382.0
45,10970201,Luis,Terrones Mendoza,Cajamarca,Nuevo,2025-09-07,luis45@correo.pe,945397852.0
46,17274264,Ana,Sangay Aguilar,Los Baños,Nuevo,2025-08-28,ana46@correo.pe,997599592.0
47,76518424,Juan,Cabrera Huamán,Cajamarca,Frecuente,2025-06-23,juan47@correo.pe,915808741.0
48,71239571,Milagros,Quispe Díaz,Cajamarca,Frecuente,2026-06-22,milagros48@correo.pe,932582287.0
49,52253802,Ricardo,Chávez Sangay,Baños del Inca,Frecuente,2025-11-26,ricardo49@correo.pe,985435635.0
50,22810530,Héctor,Mego Rojas,Cajamarca,Frecuente,2025-10-29,hector50@correo.pe,967408792.0
51,15880293,Ricardo,Vásquez Díaz,Cajamarca,Nuevo,2026-01-23,ricardo51@correo.pe,937732634.0
52,37278909,María,Ramos Rojas,Namora,Nuevo,2025-07-28,maria52@correo.pe,997187219.0
53,51206080,Luis,Zelada Cabrera,Celendín,Nuevo,2025-07-08,luis53@correo.pe,976211774.0
54,25586561,María,Cueva Aguilar,Cajamarca,Frecuente,2026-03-27,maria54@correo.pe,960287442.0
55,68496482,Rosa,Mendoza Llamo,Cajamarca,Nuevo,2026-04-01,rosa55@correo.pe,944706200.0
56,18926088,Miguel,Rojas Sangay,San Juan,Frecuente,2026-04-24,miguel56@correo.pe,997143100.0
57,77524632,Jorge,Sánchez Cabrera,Cajabamba,Nuevo,2026-02-07,jorge57@correo.pe,949025593.0
58,43700070,Fernando,Aguilar Alva,Cajamarca,Nuevo,2025-06-13,fernando58@correo.pe,967117003.0
59,27447769,Fernando,Alva Bardales,Cajamarca,Nuevo,2025-12-02,fernando59@correo.pe,951829899.0
60,51853111,Carlos,Mego Cabrera,Cajamarca,Nuevo,2025-06-18,carlos60@correo.pe,942252679.0
61,60525877,Elena,Mendoza Pérez,San Juan,Nuevo,2025-11-01,elena61@correo.pe,944698903.0
62,77377355,Carlos,Cueva Guevara,Cajamarca,Nuevo,2025-08-19,carlos62@correo.pe,989513371.0
63,29069989,Andrés,Becerra Huamán,Namora,Frecuente,2025-12-05,andres63@correo.pe,910064884.0
64,30942349,Gabriela,Aguilar Flores,Cajabamba,Nuevo,2026-08-16,gabriela64@correo.pe,963989731.0
65,27139005,Héctor,Mego Vásquez,Cajabamba,Frecuente,2025-09-27,hector65@correo.pe,960269666.0
66,34592531,Diego,Torres Becerra,Namora,Nuevo,2026-01-12,diego66@correo.pe,997876531.0
67,59410954,Milagros,Sangay Becerra,Cajamarca,Nuevo,2025-10-24,milagros67@correo.pe,927861134.0
68,27653849,María,Cueva Chávez,Cajamarca,Frecuente,2026-06-05,maria68@correo.pe,987467511.0
69,19720057,María,Sánchez Cueva,Baños del Inca,Nuevo,2025-09-17,maria69@correo.pe,936399243.0
70,51182264,Gabriela,Terrones Sangay,Los Baños,Frecuente,2025-10-22,gabriela70@correo.pe,932917191.0
71,63380856,Noemí,Huamán Cabrera,Los Baños,Frecuente,2025-10-15,noemi71@correo.pe,913069956.0
72,28882727,Segundo,Castrejón Aguilar,Cajamarca,Nuevo,2025-11-06,segundo72@correo.pe,916138150.0
73,32570390,Elena,Chávez Castrejón,Celendín,Nuevo,2026-05-15,elena73@correo.pe,997738019.0
74,37317388,José,Coronel Vásquez,Cajamarca,Nuevo,2025-09-15,jose74@correo.pe,933130358.0
75,72603157,Wilmer,Pérez Bardales,Namora,Nuevo,2026-08-18,wilmer75@correo.pe,910875243.0
76,44206890,Wilmer,Terrones Tello,Baños del Inca,Nuevo,2025-06-18,wilmer76@correo.pe,936982561.0
77,41625188,Diego,Aguilar Becerra,Baños del Inca,Frecuente,2026-07-12,diego77@correo.pe,941421960.0
78,76517096,Carlos,Sangay Mendoza,Cajamarca,Nuevo,2025-08-16,carlos78@correo.pe,999465278.0
79,62686341,Juan,Guevara Llamo,Cajamarca,Nuevo,2025-12-30,juan79@correo.pe,980093814.0
80,79950658,María,Castrejón Becerra,Cajamarca,Frecuente,2025-06-09,maria80@correo.pe,997832657.0
81,11290222,Elena,Zelada Coronel,Los Baños,Nuevo,2026-05-03,elena81@correo.pe,921178562.0
82,39490412,Miguel,Vásquez Mego,Cajamarca,Nuevo,2026-07-28,miguel82@correo.pe,972263588.0
83,69663154,Elena,Llamo Torres,Cajamarca,Frecuente,2026-02-11,elena83@correo.pe,981601107.0
84,54630078,Ana,Rojas Alva,Baños del Inca,Nuevo,2026-07-10,ana84@correo.pe,963673939.0
85,56951948,Milagros,Aguilar Alva,Cajamarca,Frecuente,2025-09-17,milagros85@correo.pe,926234732.0
86,37413003,Wilmer,Alva Zelada,Baños del Inca,Frecuente,2026-05-21,wilmer86@correo.pe,968435818.0
87,56267933,Luz,Chávez Mendoza,San Juan,Frecuente,2025-11-25,luz87@correo.pe,951421929.0
88,72003942,Wilmer,Guevara Díaz,Cajamarca,Nuevo,2026-04-17,wilmer88@correo.pe,983809489.0
89,50748094,María,Alva Huamán,Magdalena,Nuevo,2026-03-13,maria89@correo.pe,941373141.0
90,50761036,Milagros,Guevara Ramos,Baños del Inca,Nuevo,2026-03-17,milagros90@correo.pe,970521661.0
91,11477912,Héctor,Sánchez Vásquez,Los Baños,Frecuente,2026-07-27,hector91@correo.pe,951530869.0
92,46414395,Sofía,Zelada Becerra,Cajamarca,Nuevo,2025-08-27,sofia92@correo.pe,929505410.0
93,73753839,Edwin,Becerra Tello,Cajamarca,Nuevo,2025-10-29,edwin93@correo.pe,990310084.0
94,21265174,María,Castrejón Cabrera,Cajamarca,Frecuente,2026-05-18,maria94@correo.pe,980901580.0
95,10538596,María,Chávez Mego,Cajamarca,Frecuente,2026-02-08,maria95@correo.pe,961053817.0
96,19172610,Fernando,Cueva Coronel,Cajabamba,Frecuente,2025-11-01,fernando96@correo.pe,963917767.0
97,65614309,Carlos,Pérez Ramos,Cajabamba,Frecuente,2026-08-22,carlos97@correo.pe,954953182.0
98,60988634,Héctor,Vásquez Becerra,Baños del Inca,Nuevo,2026-06-18,hector98@correo.pe,957279741.0
99,32968403,Jorge,Vásquez Sánchez,Cajamarca,Nuevo,2026-07-10,jorge99@correo.pe,971863326.0
100,37720479,Andrés,Aguilar Castrejón,Cajamarca,Frecuente,2026-07-25,andres100@correo.pe,921143690.0
101,24056384,Carmen,Cueva Quispe,Celendín,Frecuente,2026-06-24,carmen101@correo.pe,933622895.0
102,37143392,Sofía,Ramos Cueva,Cajamarca,Nuevo,2025-06-15,sofia102@correo.pe,974322643.0
103,44898025,Rosa,Ramos Cueva,Magdalena,Nuevo,2026-01-20,rosa103@correo.pe,977953184.0
104,37470851,Noemí,Bardales Mendoza,Namora,Nuevo,2026-01-18,noemi104@correo.pe,986655795.0
105,73078750,Edwin,Bardales Coronel,Celendín,Nuevo,2025-10-17,edwin105@correo.pe,928081229.0
106,36345699,Andrés,Torres Guevara,Magdalena,Frecuente,2026-07-27,andres106@correo.pe,982593420.0
107,55791853,Wilmer,Guevara Cueva,Los Baños,Nuevo,2026-03-16,wilmer107@correo.pe,973531293.0
108,33165541,Rosa,Mego Guevara,Los Baños,Nuevo,2026-06-01,rosa108@correo.pe,961344857.0
109,22179440,Noemí,Huamán Pérez,Baños del Inca,Nuevo,2025-12-15,noemi109@correo.pe,917797556.0
110,60687635,Diego,Mego Mego,Baños del Inca,Nuevo,2026-07-30,diego110@correo.pe,961315221.0
111,13631040,Diego,Becerra Sangay,Cajamarca,Nuevo,2026-04-22,diego111@correo.pe,968530975.0
112,42306447,Camila,Sánchez Sangay,Cajamarca,Frecuente,2025-12-06,camila112@correo.pe,954851661.0
113,52455015,Marleni,Bardales Chávez,Cajamarca,Nuevo,2026-07-25,marleni113@correo.pe,989380462.0
114,21222770,Yesenia,Flores Llamo,Baños del Inca,Nuevo,2025-07-11,yesenia114@correo.pe,923648952.0
115,34398375,Noemí,Cueva Quispe,Cajamarca,Frecuente,2025-12-16,noemi115@correo.pe,953809696.0
116,48324993,Segundo,Huamán Mego,Cajamarca,Nuevo,2026-03-15,segundo116@correo.pe,950631387.0
117,57627687,Segundo,Castrejón Terrones,Cajamarca,Nuevo,2025-12-31,segundo117@correo.pe,984787390.0
118,13796855,José,Cueva Cueva,Baños del Inca,Nuevo,2025-10-02,jose118@correo.pe,988833811.0
119,71224280,Segundo,Sangay Coronel,Cajamarca,Frecuente,2026-06-07,segundo119@correo.pe,961538258.0
120,33334037,Pedro,Sánchez Lozano,Cajamarca,Frecuente,2026-01-03,pedro120@correo.pe,914174842.0
121,19415817,Miguel,Torres Sangay,Cajamarca,Nuevo,2025-12-19,miguel121@correo.pe,916007874.0
122,37016417,Camila,Coronel Zelada,Magdalena,Nuevo,2025-12-20,camila122@correo.pe,915803609.0
123,32876976,José,Becerra Bardales,Celendín,Nuevo,2026-03-26,jose123@correo.pe,926225741.0
124,73437709,Carlos,Pérez Pérez,Cajamarca,Frecuente,2026-02-25,carlos124@correo.pe,977102227.0
125,79268875,Juan,Terrones Bardales,Baños del Inca,Corporativo,2025-09-30,juan125@correo.pe,941374226.0
126,66998756,Pedro,Quispe Tello,Cajamarca,Frecuente,2026-06-15,pedro126@correo.pe,923977860.0
127,78861519,Héctor,Flores Mego,San Juan,Nuevo,2025-09-19,hector127@correo.pe,949606536.0
128,48981878,Sofía,Bardales Sangay,Baños del Inca,Nuevo,2026-02-03,sofia128@correo.pe,923409760.0
129,17522397,Noemí,Llamo Zelada,Cajamarca,Frecuente,2025-08-15,noemi129@correo.pe,914279925.0
130,30671641,Camila,Cueva Quispe,Cajamarca,Frecuente,2026-03-13,camila130@correo.pe,945895057.0
131,56311929,Luz,Quispe Coronel,Cajamarca,Nuevo,2026-08-04,luz131@correo.pe,948422150.0
132,13428427,Diego,Torres Huamán,Baños del Inca,Frecuente,2025-09-06,diego132@correo.pe,985881640.0
133,69717580,Carmen,Alva Díaz,Baños del Inca,Corporativo,2026-05-16,carmen133@correo.pe,952025438.0
134,33159567,Segundo,Flores Flores,Cajamarca,Nuevo,2025-12-10,segundo134@correo.pe,940920301.0
135,46306182,Carmen,Pérez Quispe,Los Baños,Nuevo,2026-08-24,carmen135@correo.pe,979912251.0
136,39534106,Marleni,Aguilar Mendoza,Cajamarca,Nuevo,2026-07-29,marleni136@correo.pe,970110521.0
137,54574452,Segundo,Castrejón Aguilar,Cajamarca,Frecuente,2026-01-19,segundo137@correo.pe,949174428.0
138,47348407,Fernando,Mego Sangay,Baños del Inca,Nuevo,2026-07-18,fernando138@correo.pe,923365379.0
139,25592636,Héctor,Becerra Coronel,Cajamarca,Nuevo,2025-12-01,hector139@correo.pe,958344211.0
140,47387856,Luz,Sánchez Ramos,Cajamarca,Nuevo,2026-04-25,luz140@correo.pe,950668738.0
141,48818202,Héctor,Sangay Ramos,Celendín,Frecuente,2025-08-04,hector141@correo.pe,997878835.0
142,38151781,Jorge,Terrones Lozano,Cajamarca,Nuevo,2025-08-11,jorge142@correo.pe,988690237.0
143,17523843,José,Bardales Zelada,Baños del Inca,Frecuente,2025-10-23,,916719837.0
144,59684304,Fernando,Cabrera Becerra,Celendín,Frecuente,2026-05-03,fernando144@correo.pe,964057869.0
145,49259734,Edwin,Quispe Mendoza,Namora,Nuevo,2025-08-20,edwin145@correo.pe,933094729.0
146,42896441,Camila,Tello Mego,Cajamarca,Frecuente,2025-08-21,camila146@correo.pe,933944069.0
147,67955287,Diego,Castrejón Quispe,Cajamarca,Nuevo,2026-02-10,diego147@correo.pe,951507912.0
148,37060836,Noemí,Alva Lozano,Cajamarca,Nuevo,2026-03-06,noemi148@correo.pe,972050428.0
149,14987689,Milagros,Mendoza Torres,Baños del Inca,Frecuente,2025-08-11,milagros149@correo.pe,956502364.0
150,47245806,Ricardo,Chávez Llamo,Cajamarca,Frecuente,2025-11-25,ricardo150@correo.pe,973525315.0
151,10280487,Luz,Tello Mego,Cajamarca,Nuevo,2026-04-06,luz151@correo.pe,986027936.0
152,54919328,Ricardo,Flores Becerra,Cajamarca,Frecuente,2026-05-20,ricardo152@correo.pe,947498346.0
153,52786822,María,Chávez Castrejón,Cajabamba,Nuevo,2025-12-09,maria153@correo.pe,997517691.0
154,71701619,Camila,Becerra Ramos,Baños del Inca,Nuevo,2026-03-12,camila154@correo.pe,915901467.0
155,33487763,Carlos,Llamo Guevara,San Juan,Nuevo,2025-09-18,carlos155@correo.pe,985778447.0
156,15132469,Rosa,Ramos Lozano,Celendín,Nuevo,2026-09-04,rosa156@correo.pe,919220907.0
157,78649229,Wilmer,Quispe Castrejón,Cajamarca,Nuevo,2025-06-17,wilmer157@correo.pe,954803811.0
158,35323827,José,Aguilar Díaz,Baños del Inca,Nuevo,2026-06-24,jose158@correo.pe,910210734.0
159,77604511,Patricia,Castrejón Mego,Cajamarca,Nuevo,2026-02-28,patricia159@correo.pe,912098572.0
160,51061210,Milagros,Terrones Pérez,Cajamarca,Frecuente,2025-09-06,milagros160@correo.pe,959617912.0
161,38459690,Diego,Terrones Pérez,Cajamarca,Nuevo,2025-12-29,diego161@correo.pe,911303171.0
162,31840952,Camila,Rojas Rojas,Llacanora,Frecuente,2026-05-08,camila162@correo.pe,979539091.0
163,71190577,Marleni,Quispe Bardales,Cajamarca,Corporativo,2025-11-16,marleni163@correo.pe,932422018.0
164,,Segundo,Mego Sánchez,Cajamarca,Nuevo,2026-06-27,segundo164@correo.pe,913948448.0
165,40534235,Sofía,Alva Rojas,Cajamarca,Frecuente,2026-01-07,sofia165@correo.pe,974750893.0
166,52563454,Wilmer,Flores Tello,Cajamarca,Nuevo,2025-12-13,wilmer166@correo.pe,920311119.0
167,31169619,Jorge,Vásquez Zelada,Celendín,Nuevo,2025-07-05,jorge167@correo.pe,989151137.0
168,18684598,Luz,Huamán Becerra,Cajamarca,Nuevo,2025-09-12,luz168@correo.pe,973133383.0
169,73993603,Yesenia,Aguilar Bardales,Cajamarca,Nuevo,2025-09-19,yesenia169@correo.pe,924888074.0
170,45082227,Andrés,Terrones Sánchez,Cajamarca,Frecuente,2025-11-08,,969945964.0
171,74086617,Miguel,Castrejón Cabrera,Baños del Inca,Nuevo,2026-05-12,miguel171@correo.pe,967603119.0
172,65090228,Fernando,Rojas Llamo,Cajabamba,Nuevo,2026-08-20,fernando172@correo.pe,945580628.0
173,34257627,María,Zelada Aguilar,Baños del Inca,Nuevo,2026-05-06,maria173@correo.pe,932634448.0
174,10601388,Gabriela,Pérez Cueva,Baños del Inca,Nuevo,2025-07-21,gabriela174@correo.pe,979919516.0
175,47748621,Luz,Lozano Huamán,Cajamarca,Nuevo,2025-07-04,luz175@correo.pe,965019239.0
176,45433038,Miguel,Torres Terrones,Baños del Inca,Frecuente,2025-11-25,miguel176@correo.pe,994320926.0
177,59576317,Noemí,Bardales Castrejón,Llacanora,Frecuente,2026-03-08,noemi177@correo.pe,988466424.0
178,37322118,Ana,Becerra Vásquez,Cajamarca,Corporativo,2026-08-22,ana178@correo.pe,971210353.0
179,31926405,Noemí,Sánchez Díaz,Celendín,Nuevo,2026-08-22,noemi179@correo.pe,988616690.0
180,54869076,Marleni,Vásquez Lozano,Jesús,Frecuente,2026-01-22,marleni180@correo.pe,988662800.0
181,39409573,Ricardo,Vásquez Ramos,Cajamarca,Frecuente,2026-03-06,ricardo181@correo.pe,917760829.0
182,38846954,Luz,Sánchez Mendoza,Cajamarca,Nuevo,2026-07-09,luz182@correo.pe,972090534.0
183,23823056,Camila,Coronel Quispe,Cajamarca,Frecuente,2026-08-20,camila183@correo.pe,944717144.0
184,66954867,Carlos,Alva Bardales,Cajamarca,Frecuente,2025-10-15,carlos184@correo.pe,922612635.0
185,74915852,Elena,Huamán Coronel,Baños del Inca,Nuevo,2026-02-15,elena185@correo.pe,955392059.0
186,11020006,Edwin,Llamo Llamo,Cajamarca,Frecuente,2026-04-12,edwin186@correo.pe,917310432.0
187,18567959,Carlos,Guevara Huamán,Cajamarca,Corporativo,2025-11-11,carlos187@correo.pe,945627449.0
188,66063739,Segundo,Díaz Llamo,Cajamarca,Frecuente,2025-06-15,segundo188@correo.pe,994718403.0
189,44887053,María,Díaz Sangay,Cajamarca,Frecuente,2025-11-11,maria189@correo.pe,998606857.0
190,79076868,Ana,Torres Pérez,Magdalena,Nuevo,2025-10-15,ana190@correo.pe,942988325.0
191,64436808,Wilmer,Flores Coronel,Los Baños,Nuevo,2025-06-06,wilmer191@correo.pe,976301728.0
192,15099635,María,Castrejón Bardales,Cajamarca,Frecuente,2026-08-01,maria192@correo.pe,976171088.0
193,74205656,María,Zelada Terrones,Los Baños,Nuevo,2026-05-16,maria193@correo.pe,921420412.0
194,53421879,Valeria,Ramos Torres,Cajamarca,Nuevo,2026-07-05,valeria194@correo.pe,950427749.0
195,36099496,Edwin,Torres Cueva,Cajamarca,Frecuente,2026-05-11,edwin195@correo.pe,988188299.0
196,51198174,Rosa,Lozano Sangay,Cajamarca,Nuevo,2025-07-28,rosa196@correo.pe,920041403.0
197,36204046,Sofía,Mego Cabrera,Cajamarca,Nuevo,2025-07-07,sofia197@correo.pe,958320502.0
198,28999775,Ana,Sánchez Huamán,Magdalena,Frecuente,2026-05-10,ana198@correo.pe,952240762.0
199,32057262,José,Lozano Flores,Baños del Inca,Nuevo,2025-12-04,jose199@correo.pe,942277104.0
200,36686208,Rosa,Ramos Chávez,Jesús,Frecuente,2026-05-07,rosa200@correo.pe,973049782.0
201,32336366,Jorge,Bardales Flores,Cajamarca,Nuevo,2026-05-25,jorge201@correo.pe,992167865.0
202,72631796,María,Rojas Ramos,Cajamarca,Nuevo,2026-03-14,maria202@correo.pe,978727807.0
203,25730373,Juan,Torres Sánchez,Baños del Inca,Nuevo,2026-03-20,juan203@correo.pe,911007853.0
204,59632362,Elena,Guevara Cueva,Cajamarca,Frecuente,2025-08-14,elena204@correo.pe,996523787.0
205,56234932,Diego,Vásquez Bardales,Jesús,Nuevo,2026-07-09,diego205@correo.pe,993698731.0
206,18222778,Yesenia,Rojas Vásquez,Cajamarca,Frecuente,2026-05-25,yesenia206@correo.pe,910482451.0
207,61741255,Pedro,Lozano Zelada,Cajamarca,Nuevo,2026-08-16,pedro207@correo.pe,991862163.0
208,68092297,Elena,Sánchez Tello,Cajamarca,Frecuente,2025-07-12,elena208@correo.pe,940023303.0
209,72759601,Segundo,Bardales Vásquez,Cajamarca,Nuevo,2025-09-08,segundo209@correo.pe,966273858.0
210,39862259,Elena,Becerra Mego,Baños del Inca,Nuevo,2026-09-01,elena210@correo.pe,985699770.0
211,59428824,Wilmer,Mego Pérez,Magdalena,Nuevo,2026-02-03,wilmer211@correo.pe,967279172.0
212,23125258,Valeria,Quispe Alva,Cajamarca,Nuevo,2025-08-20,valeria212@correo.pe,956569937.0
213,45853629,Miguel,Lozano Lozano,Cajamarca,Frecuente,2025-08-11,miguel213@correo.pe,960234075.0
214,51879474,Carlos,Pérez Cueva,Cajamarca,Frecuente,2025-08-29,carlos214@correo.pe,957094406.0
215,77904767,Diego,Guevara Cueva,Cajamarca,Nuevo,2026-04-03,diego215@correo.pe,972996511.0
216,79597652,María,Castrejón Lozano,Baños del Inca,Nuevo,2026-06-01,maria216@correo.pe,948827569.0
217,77492893,Luis,Quispe Castrejón,Baños del Inca,Frecuente,2026-03-25,luis217@correo.pe,930332185.0
218,52734188,Gabriela,Guevara Torres,Cajamarca,Nuevo,2025-12-07,gabriela218@correo.pe,972316286.0
219,31877480,Sofía,Mego Torres,Baños del Inca,Nuevo,2025-09-29,sofia219@correo.pe,977561789.0
220,68125004,Carmen,Vásquez Alva,Namora,Nuevo,2026-05-09,,963098661.0
221,30317933,Elena,Quispe Quispe,Baños del Inca,Nuevo,2026-09-09,elena221@correo.pe,966524984.0
222,56023097,Segundo,Torres Chávez,Baños del Inca,Frecuente,2026-05-31,segundo222@correo.pe,984841315.0
223,15074481,Andrés,Vásquez Llamo,Cajamarca,Nuevo,2026-01-19,andres223@correo.pe,916820259.0
224,46550105,María,Pérez Huamán,Jesús,Frecuente,2026-04-02,maria224@correo.pe,943301948.0
225,27078133,Milagros,Becerra Lozano,Baños del Inca,Nuevo,2025-12-28,milagros225@correo.pe,937663472.0
226,59051462,Wilmer,Castrejón Castrejón,Cajamarca,Nuevo,2025-07-30,wilmer226@correo.pe,963085811.0
227,61985041,Camila,Ramos Sangay,Baños del Inca,Nuevo,2026-02-02,camila227@correo.pe,934851876.0
228,47985749,Pedro,Vásquez Sangay,Cajamarca,Frecuente,2025-11-22,pedro228@correo.pe,922741754.0
229,55164015,Ricardo,Quispe Llamo,Namora,Nuevo,2025-09-03,ricardo229@correo.pe,983212249.0
230,58320874,Sofía,Vásquez Huamán,Baños del Inca,Corporativo,2025-06-02,sofia230@correo.pe,937119500.0
231,60022080,Marleni,Cabrera Quispe,Magdalena,Corporativo,2026-06-10,marleni231@correo.pe,961365196.0
232,52680977,Wilmer,Guevara Sánchez,Cajamarca,Nuevo,2026-07-19,wilmer232@correo.pe,915026206.0
233,25901060,José,Alva Ramos,Los Baños,Nuevo,2025-12-28,jose233@correo.pe,995343291.0
234,38829264,María,Aguilar Mendoza,Namora,Nuevo,2025-12-30,maria234@correo.pe,946199578.0
235,44812252,Marleni,Lozano Terrones,Cajamarca,Nuevo,2025-11-10,marleni235@correo.pe,916157490.0
236,47388649,Héctor,Becerra Mendoza,Cajamarca,Nuevo,2025-09-04,hector236@correo.pe,947501282.0
237,39538837,Héctor,Bardales Cueva,Cajamarca,Nuevo,2026-02-04,hector237@correo.pe,982431202.0
238,15497705,Gabriela,Rojas Chávez,Cajamarca,Nuevo,2026-04-13,gabriela238@correo.pe,920138544.0
239,59355404,Rosa,Alva Aguilar,Baños del Inca,Frecuente,2026-05-26,rosa239@correo.pe,951011005.0
240,42082822,Miguel,Coronel Becerra,Cajamarca,Frecuente,2026-07-14,miguel240@correo.pe,985135642.0
241,38286319,Juan,Tello Vásquez,Cajamarca,Nuevo,2026-03-19,juan241@correo.pe,957482108.0
242,66942264,Elena,Lozano Becerra,Llacanora,Nuevo,2026-02-12,elena242@correo.pe,951447683.0
243,53089019,Yesenia,Alva Sánchez,Cajamarca,Frecuente,2026-03-16,yesenia243@correo.pe,934133854.0
244,30117109,Gabriela,Lozano Rojas,Cajamarca,Frecuente,2026-02-22,gabriela244@correo.pe,938399960.0
245,18298475,Carlos,Flores Guevara,Cajabamba,Corporativo,2025-06-17,carlos245@correo.pe,990849991.0
246,16493797,Segundo,Quispe Quispe,Cajamarca,Nuevo,2026-06-02,segundo246@correo.pe,999414959.0
247,42109161,Patricia,Coronel Cabrera,Baños del Inca,Nuevo,2025-07-15,patricia247@correo.pe,949608670.0
248,64323689,Diego,Terrones Mendoza,Cajamarca,Nuevo,2025-08-03,diego248@correo.pe,995794981.0
249,29126191,Carlos,Tello Chávez,Cajamarca,Frecuente,2026-05-17,carlos249@correo.pe,948925291.0
250,65955450,Ricardo,Sangay Rojas,Cajamarca,Frecuente,2026-03-07,ricardo250@correo.pe,999107987.0
251,69172248,Valeria,Mendoza Tello,Baños del Inca,Corporativo,2025-07-14,valeria251@correo.pe,937294162.0
252,11581578,Sofía,Pérez Rojas,Cajamarca,Frecuente,2026-01-15,sofia252@correo.pe,985148575.0
253,16318127,Gabriela,Rojas Chávez,Cajamarca,Frecuente,2025-11-22,gabriela253@correo.pe,966554431.0
254,54252854,Camila,Mego Pérez,Llacanora,Frecuente,2026-09-13,camila254@correo.pe,939996580.0
255,28386581,Fernando,Cabrera Castrejón,Cajamarca,Nuevo,2025-11-25,fernando255@correo.pe,947871669.0
256,,Sofía,Sánchez Díaz,Cajabamba,Frecuente,2025-07-10,sofia256@correo.pe,984038078.0
257,77911477,José,Flores Aguilar,Cajamarca,Nuevo,2025-06-08,jose257@correo.pe,937795968.0
258,57949008,Andrés,Tello Zelada,Baños del Inca,Nuevo,2026-05-03,andres258@correo.pe,941291087.0
259,31390448,Ana,Chávez Mego,Cajabamba,Frecuente,2025-06-03,ana259@correo.pe,913595041.0
260,70948335,Sofía,Sánchez Castrejón,Baños del Inca,Nuevo,2026-03-09,sofia260@correo.pe,938713246.0
261,68715775,Miguel,Llamo Terrones,Cajamarca,Frecuente,2026-01-28,miguel261@correo.pe,931607972.0
262,69253229,Elena,Llamo Díaz,Cajamarca,Nuevo,2026-05-10,elena262@correo.pe,993159725.0
263,61653566,Pedro,Cabrera Mendoza,Cajamarca,Corporativo,2026-05-11,pedro263@correo.pe,959515321.0
264,61374995,Juan,Quispe Aguilar,Cajamarca,Corporativo,2026-05-30,juan264@correo.pe,912011594.0
265,74040314,Sofía,Ramos Zelada,Cajamarca,Nuevo,2026-03-05,sofia265@correo.pe,955224979.0
266,28176365,Juan,Chávez Becerra,Baños del Inca,Nuevo,2026-04-14,juan266@correo.pe,974285246.0
267,43290471,Diego,Ramos Mendoza,Cajamarca,Frecuente,2026-01-11,diego267@correo.pe,996046188.0
268,30629900,María,Bardales Huamán,Baños del Inca,Nuevo,2026-06-08,maria268@correo.pe,930949279.0
269,25788275,Carmen,Lozano Bardales,Celendín,Frecuente,2025-10-04,carmen269@correo.pe,983699300.0
270,38672828,Valeria,Coronel Chávez,Magdalena,Nuevo,2026-09-12,valeria270@correo.pe,993058943.0
271,66149956,Fernando,Sánchez Coronel,Cajamarca,Nuevo,2026-07-07,fernando271@correo.pe,968122774.0
272,36763069,Ricardo,Alva Sangay,Cajamarca,Nuevo,2025-12-28,ricardo272@correo.pe,989621162.0
273,53636692,Diego,Huamán Rojas,Cajamarca,Nuevo,2025-10-13,diego273@correo.pe,945196634.0
274,25513382,Carlos,Becerra Vásquez,Los Baños,Frecuente,2026-04-16,,972046372.0
275,47775047,Carmen,Llamo Mendoza,Cajamarca,Nuevo,2026-08-15,carmen275@correo.pe,928400224.0
276,45969604,Yesenia,Huamán Sangay,Cajamarca,Nuevo,2025-09-29,yesenia276@correo.pe,970953986.0
277,62190953,Carlos,Guevara Guevara,Cajamarca,Nuevo,2025-06-02,carlos277@correo.pe,989883991.0
278,65880288,Andrés,Flores Castrejón,Cajabamba,Frecuente,2026-08-10,andres278@correo.pe,919395007.0
279,,Milagros,Becerra Bardales,San Juan,Frecuente,2025-06-17,milagros279@correo.pe,963017346.0
280,19589148,Sofía,Terrones Torres,Cajamarca,Frecuente,2026-05-18,sofia280@correo.pe,977132004.0
281,42935143,Elena,Alva Huamán,Cajamarca,Nuevo,2026-07-24,elena281@correo.pe,973758384.0
282,36300857,Wilmer,Ramos Zelada,Magdalena,Nuevo,2026-07-16,wilmer282@correo.pe,925170681.0
283,62571211,Pedro,Bardales Becerra,Cajamarca,Nuevo,2026-03-16,,922046366.0
284,15472053,Yesenia,Cabrera Zelada,Cajamarca,Nuevo,2025-11-27,yesenia284@correo.pe,935515066.0
285,44414645,Marleni,Llamo Aguilar,Cajamarca,Nuevo,2026-06-24,marleni285@correo.pe,933625670.0
286,45878561,Luis,Castrejón Huamán,Jesús,Corporativo,2026-09-02,luis286@correo.pe,917189624.0
287,32021199,Segundo,Huamán Lozano,Celendín,Frecuente,2026-04-30,segundo287@correo.pe,937603148.0
288,52828439,María,Vásquez Castrejón,Cajamarca,Nuevo,2025-06-21,maria288@correo.pe,986612826.0
289,17382162,Fernando,Díaz Huamán,Baños del Inca,Nuevo,2025-06-20,,944007714.0
290,65352092,Marleni,Sánchez Flores,Cajamarca,Nuevo,2025-10-16,marleni290@correo.pe,933762738.0
291,34431158,Juan,Cueva Castrejón,Cajamarca,Nuevo,2025-11-03,juan291@correo.pe,986927048.0
292,62682868,Fernando,Becerra Castrejón,Llacanora,Nuevo,2025-06-06,fernando292@correo.pe,929418926.0
293,75531505,Luis,Torres Torres,Cajamarca,Nuevo,2026-03-03,luis293@correo.pe,919435098.0
294,17374838,Rosa,Guevara Flores,Cajabamba,Frecuente,2026-09-11,rosa294@correo.pe,998492777.0
295,27051331,Gabriela,Huamán Rojas,Cajabamba,Nuevo,2026-07-08,gabriela295@correo.pe,953841393.0
296,77344988,Segundo,Cabrera Cueva,Cajamarca,Frecuente,2025-07-23,segundo296@correo.pe,931684567.0
297,24425276,Héctor,Zelada Tello,Jesús,Frecuente,2026-06-03,hector297@correo.pe,974180863.0
298,30893874,Valeria,Flores Chávez,Los Baños,Nuevo,2026-07-17,valeria298@correo.pe,933520787.0
299,45978529,Segundo,Lozano Quispe,Cajamarca,Frecuente,2026-06-16,segundo299@correo.pe,975338965.0
300,62332331,Ricardo,Bardales Terrones,Baños del Inca,Frecuente,2025-12-14,ricardo300@correo.pe,936498654.0
301,56371475,Sofía,Sánchez Tello,Celendín,Nuevo,2026-03-18,sofia301@correo.pe,930069739.0
302,11438221,Jorge,Díaz Cueva,Cajamarca,Nuevo,2025-11-08,jorge302@correo.pe,960892653.0
303,16427323,Noemí,Guevara Huamán,Cajamarca,Frecuente,2026-06-18,,989471552.0
304,63678793,Fernando,Torres Rojas,Los Baños,Nuevo,2026-07-23,fernando304@correo.pe,973018660.0
305,,Sofía,Castrejón Sangay,Cajamarca,Nuevo,2026-06-26,sofia305@correo.pe,933644655.0
306,14122157,Yesenia,Díaz Alva,Cajamarca,Frecuente,2026-04-01,yesenia306@correo.pe,981583050.0
307,29278284,Fernando,Castrejón Flores,Baños del Inca,Nuevo,2025-11-29,fernando307@correo.pe,947762291.0
308,17741339,Rosa,Coronel Guevara,Cajamarca,Nuevo,2026-03-27,rosa308@correo.pe,994833833.0
309,59885370,Milagros,Cabrera Cabrera,Llacanora,Nuevo,2026-04-24,milagros309@correo.pe,926752881.0
310,18344776,Segundo,Torres Guevara,Cajamarca,Nuevo,2026-08-11,segundo310@correo.pe,953679741.0
311,20635630,Edwin,Quispe Llamo,Cajamarca,Nuevo,2025-10-12,edwin311@correo.pe,954268651.0
312,64490619,Rosa,Mendoza Huamán,Cajamarca,Nuevo,2026-03-03,rosa312@correo.pe,990098092.0
313,68619684,Gabriela,Llamo Sangay,Baños del Inca,Frecuente,2026-07-11,gabriela313@correo.pe,918236532.0
314,15374826,José,Llamo Cabrera,Cajamarca,Frecuente,2025-08-04,jose314@correo.pe,924271174.0
315,13938652,Camila,Flores Sangay,Magdalena,Nuevo,2025-07-20,camila315@correo.pe,986897234.0
316,23182223,Valeria,Becerra Chávez,Cajamarca,Nuevo,2026-01-06,valeria316@correo.pe,925544580.0
317,37057180,Sofía,Sangay Sánchez,Cajamarca,Nuevo,2025-12-30,sofia317@correo.pe,940069614.0
318,71314180,Fernando,Castrejón Flores,Cajamarca,Nuevo,2025-07-26,fernando318@correo.pe,926877143.0
319,19302806,Rosa,Alva Becerra,Cajamarca,Frecuente,2026-05-01,rosa319@correo.pe,915613346.0
320,73303969,Carlos,Terrones Guevara,Cajamarca,Nuevo,2026-07-16,carlos320@correo.pe,952492393.0
321,56503801,Milagros,Vásquez Chávez,Cajamarca,Nuevo,2025-12-26,milagros321@correo.pe,912742409.0
322,50695778,Héctor,Lozano Alva,Cajamarca,Nuevo,2026-03-04,hector322@correo.pe,932056033.0
323,65366147,Luis,Aguilar Torres,Cajamarca,Nuevo,2026-03-05,luis323@correo.pe,957982273.0
324,73608988,Sofía,Mendoza Pérez,Jesús,Nuevo,2026-05-28,sofia324@correo.pe,940276318.0
325,55638598,José,Terrones Quispe,Cajamarca,Nuevo,2025-11-24,jose325@correo.pe,971173491.0
326,49046617,Elena,Sangay Alva,Baños del Inca,Nuevo,2026-06-05,elena326@correo.pe,943766787.0
327,28845955,Sofía,Lozano Sangay,Baños del Inca,Nuevo,2025-10-14,sofia327@correo.pe,969205380.0
328,78231692,Wilmer,Castrejón Castrejón,Baños del Inca,Nuevo,2026-08-13,wilmer328@correo.pe,974508886.0
329,36720425,Noemí,Díaz Ramos,Magdalena,Nuevo,2026-07-25,noemi329@correo.pe,929007987.0
330,26086488,Carmen,Huamán Coronel,Cajamarca,Nuevo,2026-04-25,carmen330@correo.pe,910171718.0
331,57114763,Miguel,Mendoza Sangay,Jesús,Nuevo,2026-08-06,miguel331@correo.pe,917345829.0
332,58581389,Wilmer,Zelada Guevara,Cajamarca,Nuevo,2026-01-17,wilmer332@correo.pe,943782901.0
333,61760302,Luz,Mendoza Sánchez,Cajamarca,Frecuente,2025-09-04,luz333@correo.pe,953518206.0
334,29520576,Andrés,Castrejón Alva,Cajamarca,Nuevo,2025-12-07,andres334@correo.pe,946285460.0
335,39659240,Wilmer,Zelada Sangay,Baños del Inca,Frecuente,2026-03-06,wilmer335@correo.pe,913624065.0
336,31170443,Noemí,Lozano Huamán,Cajamarca,Nuevo,2026-01-29,noemi336@correo.pe,991254416.0
337,51371527,Sofía,Huamán Ramos,Cajamarca,Frecuente,2026-03-04,sofia337@correo.pe,956385378.0
338,74581039,Marleni,Sangay Terrones,Cajamarca,Frecuente,2026-01-27,marleni338@correo.pe,924888599.0
339,46984516,Diego,Pérez Sánchez,Cajamarca,Nuevo,2026-04-10,diego339@correo.pe,942933499.0
340,77637814,Jorge,Quispe Sangay,Cajamarca,Frecuente,2026-02-12,jorge340@correo.pe,990441159.0
341,52989745,María,Vásquez Díaz,Cajamarca,Frecuente,2026-06-26,maria341@correo.pe,989583996.0
342,71281352,Noemí,Llamo Quispe,Celendín,Frecuente,2025-08-12,noemi342@correo.pe,991849071.0
343,72999672,Luz,Becerra Terrones,San Juan,Nuevo,2026-05-30,luz343@correo.pe,978755530.0
344,38940063,Sofía,Ramos Bardales,Cajamarca,Nuevo,2026-08-19,sofia344@correo.pe,952795096.0
345,21215677,Luis,Cabrera Pérez,San Juan,Corporativo,2026-02-25,luis345@correo.pe,987800455.0
346,28090349,Héctor,Alva Quispe,Cajamarca,Nuevo,2025-06-12,,916174334.0
347,41890187,Edwin,Sánchez Ramos,Baños del Inca,Frecuente,2026-08-25,edwin347@correo.pe,960036115.0
348,69273002,Jorge,Cabrera Terrones,Cajamarca,Nuevo,2025-10-25,jorge348@correo.pe,944987062.0
349,53608138,Camila,Aguilar Flores,Celendín,Corporativo,2025-09-02,camila349@correo.pe,914441076.0
350,20472120,Edwin,Sánchez Torres,Jesús,Frecuente,2026-08-25,edwin350@correo.pe,992838487.0
351,18312394,Carmen,Ramos Llamo,Cajabamba,Frecuente,2026-01-16,carmen351@correo.pe,959682614.0
352,47201107,Marleni,Castrejón Pérez,Cajamarca,Nuevo,2025-08-05,marleni352@correo.pe,981945459.0
353,69263262,Miguel,Tello Aguilar,Cajamarca,Nuevo,2026-05-29,miguel353@correo.pe,952114918.0
354,26269115,Valeria,Cabrera Cabrera,Baños del Inca,Frecuente,2026-02-22,valeria354@correo.pe,939760995.0
355,21292306,Fernando,Díaz Guevara,Cajamarca,Nuevo,2026-06-27,,991882280.0
356,45597522,Sofía,Lozano Vásquez,Cajamarca,Frecuente,2025-11-15,sofia356@correo.pe,996186860.0
357,74821920,Pedro,Lozano Quispe,Cajamarca,Nuevo,2026-04-22,pedro357@correo.pe,910909241.0
358,29338361,Gabriela,Huamán Mego,Celendín,Frecuente,2025-11-11,gabriela358@correo.pe,913822079.0
359,61047786,Wilmer,Sangay Mendoza,Cajamarca,Nuevo,2025-06-20,wilmer359@correo.pe,956532780.0
360,79447339,Fernando,Ramos Alva,Cajamarca,Corporativo,2026-03-14,fernando360@correo.pe,922045267.0
361,60944467,Fernando,Chávez Lozano,Cajamarca,Nuevo,2026-05-25,fernando361@correo.pe,977193927.0
362,16576169,Sofía,Pérez Lozano,Cajamarca,Nuevo,2026-07-03,sofia362@correo.pe,996073564.0
363,45220188,Carmen,Lozano Sánchez,Cajamarca,Frecuente,2026-08-20,carmen363@correo.pe,965395869.0
364,32911869,Juan,Terrones Rojas,Namora,Nuevo,2025-08-22,juan364@correo.pe,967055749.0
365,67887411,Elena,Becerra Terrones,Cajamarca,Nuevo,2025-07-04,elena365@correo.pe,962346773.0
366,13530489,Ana,Castrejón Chávez,Cajamarca,Nuevo,2025-12-27,ana366@correo.pe,980670045.0
367,28956895,Luz,Becerra Pérez,Cajamarca,Nuevo,2025-09-20,luz367@correo.pe,955559483.0
368,44715163,María,Mendoza Castrejón,Cajamarca,Nuevo,2026-06-07,maria368@correo.pe,941720999.0
369,46148330,Marleni,Pérez Tello,Cajamarca,Nuevo,2026-06-05,marleni369@correo.pe,980067971.0
370,55002732,Pedro,Sangay Aguilar,Baños del Inca,Nuevo,2026-09-02,pedro370@correo.pe,939055198.0
371,77136214,Noemí,Chávez Flores,Cajamarca,Nuevo,2025-09-01,noemi371@correo.pe,964353832.0
372,43275314,Camila,Castrejón Cabrera,Cajamarca,Frecuente,2026-03-02,camila372@correo.pe,954366492.0
373,65092852,Ana,Sánchez Chávez,Cajamarca,Nuevo,2026-09-07,ana373@correo.pe,969716607.0
374,53471517,Segundo,Becerra Torres,Llacanora,Frecuente,2025-12-30,segundo374@correo.pe,949994220.0
375,67669443,Wilmer,Quispe Llamo,Cajamarca,Frecuente,2025-10-21,wilmer375@correo.pe,994134804.0
376,35285104,Fernando,Terrones Terrones,Cajamarca,Nuevo,2026-08-24,fernando376@correo.pe,969769007.0
377,47315545,Elena,Alva Sangay,Baños del Inca,Frecuente,2026-09-12,elena377@correo.pe,960580612.0
378,58647191,Noemí,Huamán Flores,Los Baños,Nuevo,2025-08-28,,952897837.0
379,45180490,María,Flores Cabrera,Celendín,Nuevo,2026-04-07,maria379@correo.pe,927702565.0
380,62592113,Ana,Cueva Coronel,Cajamarca,Nuevo,2025-08-05,ana380@correo.pe,991513779.0
381,63620871,Camila,Terrones Chávez,Baños del Inca,Nuevo,2025-11-29,camila381@correo.pe,913768965.0
382,41805721,Carlos,Cueva Pérez,Cajamarca,Nuevo,2026-09-04,carlos382@correo.pe,991370049.0
383,16171621,Marleni,Mendoza Tello,Cajamarca,Frecuente,2025-08-02,marleni383@correo.pe,952293637.0
384,79249354,Marleni,Mendoza Cueva,Cajamarca,Nuevo,2026-07-08,marleni384@correo.pe,934816849.0
385,70613489,Segundo,Lozano Chávez,Cajamarca,Nuevo,2026-05-10,segundo385@correo.pe,981020946.0
386,11217390,Camila,Terrones Castrejón,Cajamarca,Nuevo,2025-12-11,camila386@correo.pe,910462365.0
387,78103980,Gabriela,Alva Terrones,Cajamarca,Frecuente,2025-07-04,gabriela387@correo.pe,987412285.0
388,71702967,Rosa,Aguilar Lozano,Cajamarca,Frecuente,2026-01-09,rosa388@correo.pe,930889689.0
389,66907838,María,Aguilar Terrones,Cajamarca,Nuevo,2026-01-01,maria389@correo.pe,989887510.0
390,40333115,Fernando,Pérez Tello,Cajamarca,Frecuente,2026-07-29,fernando390@correo.pe,926963046.0
391,37680139,Carmen,Sánchez Vásquez,Jesús,Frecuente,2025-12-03,carmen391@correo.pe,963197321.0
392,61798949,Miguel,Chávez Coronel,Cajamarca,Nuevo,2025-09-10,miguel392@correo.pe,927250932.0
393,62046137,Héctor,Cueva Ramos,Llacanora,Nuevo,2026-05-03,hector393@correo.pe,925136823.0
394,59211768,Miguel,Terrones Flores,Namora,Frecuente,2026-04-26,miguel394@correo.pe,956543501.0
395,66420612,Carmen,Lozano Mendoza,Celendín,Nuevo,2025-12-16,carmen395@correo.pe,983030101.0
396,23958764,Elena,Quispe Vásquez,Cajamarca,Nuevo,2026-06-14,elena396@correo.pe,916093468.0
397,12166526,Yesenia,Huamán Sánchez,Baños del Inca,Frecuente,2025-09-19,yesenia397@correo.pe,975313988.0
398,74850213,Wilmer,Chávez Chávez,Cajabamba,Nuevo,2025-12-02,wilmer398@correo.pe,922829395.0
399,14364677,Ricardo,Cueva Becerra,San Juan,Frecuente,2026-02-11,ricardo399@correo.pe,992993816.0
400,69940734,Patricia,Flores Coronel,San Juan,Nuevo,2026-05-10,patricia400@correo.pe,926270130.0
401,31150978,María,Rojas Alva,Cajamarca,Frecuente,2026-07-16,maria401@correo.pe,922251848.0
402,18176087,Héctor,Terrones Vásquez,San Juan,Nuevo,2025-06-11,hector402@correo.pe,921031680.0
403,74921111,Edwin,Llamo Mego,San Juan,Nuevo,2026-04-28,edwin403@correo.pe,989088566.0
404,50199863,Sofía,Cueva Zelada,Baños del Inca,Nuevo,2026-07-30,sofia404@correo.pe,978007367.0
405,65945065,Fernando,Flores Ramos,Cajamarca,Frecuente,2026-02-24,fernando405@correo.pe,949524013.0
406,22364334,Pedro,Mego Torres,Baños del Inca,Frecuente,2025-11-25,pedro406@correo.pe,984582027.0
407,77854813,Pedro,Zelada Terrones,Cajamarca,Frecuente,2025-06-14,,983704846.0
408,70471787,Juan,Díaz Quispe,Baños del Inca,Nuevo,2026-05-14,juan408@correo.pe,999001615.0
409,37790827,Wilmer,Coronel Coronel,Cajamarca,Frecuente,2025-10-23,wilmer409@correo.pe,947790645.0
410,61070485,Fernando,Lozano Chávez,Celendín,Corporativo,2026-03-18,fernando410@correo.pe,910888042.0
411,37942357,Patricia,Torres Guevara,Jesús,Nuevo,2025-08-28,patricia411@correo.pe,986371410.0
412,54980232,Sofía,Lozano Zelada,Cajamarca,Nuevo,2026-09-02,sofia412@correo.pe,973968746.0
413,46603078,Luis,Pérez Torres,Celendín,Nuevo,2025-09-22,luis413@correo.pe,970658797.0
414,22878010,Marleni,Torres Pérez,Cajamarca,Nuevo,2025-06-07,marleni414@correo.pe,940607189.0
415,64244930,Héctor,Becerra Huamán,Baños del Inca,Nuevo,2026-01-27,hector415@correo.pe,932962885.0
416,39973186,María,Becerra Huamán,Baños del Inca,Nuevo,2025-12-14,maria416@correo.pe,945045225.0
417,10124524,Luis,Sánchez Lozano,Cajamarca,Corporativo,2026-01-24,luis417@correo.pe,914787908.0
418,11139424,Valeria,Terrones Díaz,Baños del Inca,Nuevo,2025-07-05,valeria418@correo.pe,926402845.0
419,68146599,Andrés,Becerra Llamo,Cajamarca,Nuevo,2026-06-03,andres419@correo.pe,919318106.0
420,38918163,Carlos,Ramos Tello,Cajamarca,Nuevo,2025-12-07,carlos420@correo.pe,958850837.0
421,41564129,Luis,Aguilar Cueva,Celendín,Nuevo,2025-12-04,luis421@correo.pe,960727206.0
422,10486750,Luis,Huamán Bardales,Namora,Nuevo,2026-02-17,luis422@correo.pe,935306288.0
423,64572915,Camila,Ramos Becerra,Cajamarca,Nuevo,2026-08-28,camila423@correo.pe,925189063.0
424,48465685,Luz,Alva Quispe,Llacanora,Frecuente,2025-07-19,luz424@correo.pe,918833410.0
425,19542143,Wilmer,Quispe Vásquez,Baños del Inca,Nuevo,2025-06-25,wilmer425@correo.pe,935152229.0
426,49473400,Andrés,Torres Becerra,Cajabamba,Nuevo,2025-09-11,andres426@correo.pe,938322303.0
427,44994472,Milagros,Vásquez Pérez,Cajamarca,Nuevo,2026-01-11,milagros427@correo.pe,918235466.0
428,34780950,Elena,Bardales Quispe,Cajamarca,Nuevo,2025-09-10,elena428@correo.pe,921128706.0
429,62572038,Elena,Flores Coronel,Cajamarca,Frecuente,2025-11-09,elena429@correo.pe,966512459.0
430,30847275,Milagros,Díaz Cabrera,Llacanora,Frecuente,2025-10-30,milagros430@correo.pe,996217384.0
431,55546662,Luz,Bardales Ramos,Cajabamba,Nuevo,2025-11-24,luz431@correo.pe,937833326.0
432,49959577,Fernando,Díaz Quispe,Los Baños,Nuevo,2025-10-22,fernando432@correo.pe,964828404.0
433,20790787,José,Castrejón Cabrera,Cajamarca,Nuevo,2026-09-12,jose433@correo.pe,963823982.0
434,34672957,Diego,Pérez Castrejón,Baños del Inca,Nuevo,2026-08-06,diego434@correo.pe,926902765.0
435,24507017,Gabriela,Flores Becerra,Celendín,Nuevo,2025-06-05,gabriela435@correo.pe,915810171.0
436,30523320,Luz,Bardales Torres,Cajamarca,Nuevo,2026-02-10,luz436@correo.pe,961768670.0
437,46686045,Miguel,Guevara Díaz,Baños del Inca,Frecuente,2026-04-14,miguel437@correo.pe,969736813.0
438,76042520,Andrés,Cabrera Vásquez,Cajamarca,Frecuente,2025-09-26,andres438@correo.pe,995743270.0
439,64023238,José,Mendoza Díaz,Cajamarca,Nuevo,2026-08-22,jose439@correo.pe,914130229.0
440,44194091,Pedro,Díaz Chávez,Llacanora,Nuevo,2026-04-09,pedro440@correo.pe,963856238.0
441,44639269,Milagros,Flores Mego,Cajamarca,Frecuente,2026-05-22,milagros441@correo.pe,968991017.0
442,75398389,Sofía,Díaz Llamo,Cajamarca,Nuevo,2025-12-20,sofia442@correo.pe,960047955.0
443,19550704,Luz,Torres Cabrera,Cajamarca,Frecuente,2025-12-26,luz443@correo.pe,933755691.0
444,22147775,Sofía,Bardales Castrejón,Baños del Inca,Nuevo,2026-05-20,sofia444@correo.pe,964306941.0
445,52630402,Carlos,Tello Mego,Cajamarca,Nuevo,2025-10-07,carlos445@correo.pe,959608031.0
446,11077299,Fernando,Torres Aguilar,Cajamarca,Nuevo,2026-05-21,,977559556.0
447,37403102,Patricia,Lozano Díaz,Magdalena,Frecuente,2026-03-16,patricia447@correo.pe,938499821.0
448,24624625,Ana,Mego Aguilar,Cajamarca,Corporativo,2026-05-28,ana448@correo.pe,979646376.0
449,23862657,Gabriela,Mendoza Chávez,Cajamarca,Nuevo,2026-06-09,gabriela449@correo.pe,994337836.0
450,28088646,María,Tello Becerra,Baños del Inca,Nuevo,2026-03-27,maria450@correo.pe,951111060.0
451,45716622,José,Mendoza Torres,Cajamarca,Nuevo,2026-06-24,jose451@correo.pe,946637337.0
452,18867110,Valeria,Chávez Becerra,Cajabamba,Nuevo,2025-07-04,valeria452@correo.pe,919718045.0
453,76754083,Segundo,Torres Ramos,Cajamarca,Nuevo,2026-08-28,segundo453@correo.pe,968496381.0
454,16359930,Sofía,Sánchez Coronel,Cajamarca,Nuevo,2026-05-21,sofia454@correo.pe,994282438.0
455,72893710,Carlos,Chávez Alva,Cajabamba,Nuevo,2026-04-19,carlos455@correo.pe,929405330.0
456,11476761,Valeria,Sangay Lozano,Cajamarca,Frecuente,2026-08-18,valeria456@correo.pe,911425326.0
457,51759177,Yesenia,Vásquez Flores,Cajamarca,Frecuente,2025-07-03,yesenia457@correo.pe,937658018.0
458,49576683,María,Flores Quispe,Celendín,Frecuente,2026-03-01,maria458@correo.pe,968544030.0
459,24248043,Carmen,Pérez Díaz,Celendín,Frecuente,2026-04-25,carmen459@correo.pe,943153064.0
460,77776477,Juan,Mendoza Coronel,San Juan,Nuevo,2025-12-18,juan460@correo.pe,959868801.0
461,17487434,María,Torres Cabrera,Jesús,Corporativo,2025-08-17,maria461@correo.pe,945395249.0
462,53839535,Juan,Llamo Cabrera,Cajamarca,Frecuente,2025-07-01,juan462@correo.pe,970176238.0
463,30741978,Yesenia,Alva Chávez,Los Baños,Frecuente,2026-03-17,yesenia463@correo.pe,917338234.0
464,11094973,Carlos,Becerra Flores,Cajamarca,Nuevo,2026-03-01,carlos464@correo.pe,982005273.0
465,29004120,Carmen,Vásquez Tello,Cajamarca,Corporativo,2025-11-22,carmen465@correo.pe,927631843.0
466,42639696,Sofía,Rojas Ramos,Baños del Inca,Frecuente,2026-03-23,sofia466@correo.pe,931101680.0
467,43663980,Camila,Bardales Rojas,Cajamarca,Frecuente,2026-04-30,camila467@correo.pe,922149324.0
468,46958404,Carmen,Aguilar Chávez,Cajabamba,Frecuente,2026-04-06,carmen468@correo.pe,991543144.0
469,77177813,Edwin,Cueva Huamán,Cajamarca,Nuevo,2026-02-21,edwin469@correo.pe,998164689.0
470,35923265,Sofía,Mego Alva,Baños del Inca,Frecuente,2025-06-06,sofia470@correo.pe,937789960.0
471,63785145,Milagros,Guevara Aguilar,Cajamarca,Nuevo,2026-05-10,milagros471@correo.pe,921551516.0
472,24864254,Luz,Cabrera Lozano,Cajamarca,Nuevo,2026-08-25,luz472@correo.pe,964861422.0
473,30844141,Carmen,Mego Zelada,Baños del Inca,Nuevo,2025-07-29,carmen473@correo.pe,917791902.0
474,36425062,Héctor,Mego Llamo,Cajamarca,Nuevo,2026-02-24,hector474@correo.pe,980503456.0
475,24706476,Héctor,Quispe Alva,Baños del Inca,Nuevo,2026-07-17,hector475@correo.pe,924578566.0
476,45761711,Carlos,Sangay Rojas,Baños del Inca,Frecuente,2025-06-16,carlos476@correo.pe,936914471.0
477,58712999,Patricia,Mego Sangay,Jesús,Nuevo,2025-11-01,patricia477@correo.pe,923422409.0
478,10833164,Héctor,Alva Chávez,Cajamarca,Nuevo,2026-02-21,,937490622.0
479,10537550,Elena,Mego Bardales,Baños del Inca,Nuevo,2026-02-26,elena479@correo.pe,974996776.0
480,18956463,Milagros,Bardales Cueva,Baños del Inca,Nuevo,2025-06-18,milagros480@correo.pe,961570732.0
481,70775593,Edwin,Sangay Ramos,Cajamarca,Frecuente,2026-02-08,edwin481@correo.pe,940989752.0
482,53945910,Noemí,Terrones Aguilar,Cajamarca,Frecuente,2026-04-17,noemi482@correo.pe,986530145.0
483,53404849,Noemí,Tello Torres,Cajamarca,Nuevo,2026-03-30,noemi483@correo.pe,925980369.0
484,68002094,Ricardo,Becerra Rojas,Cajamarca,Frecuente,2026-03-01,ricardo484@correo.pe,988720632.0
485,15505223,Rosa,Rojas Alva,Cajamarca,Nuevo,2026-03-28,rosa485@correo.pe,963737823.0
486,76456670,Gabriela,Mego Mendoza,Cajamarca,Nuevo,2025-07-05,gabriela486@correo.pe,998216557.0
487,55100680,Patricia,Sánchez Quispe,Jesús,Nuevo,2026-01-30,patricia487@correo.pe,939845360.0
488,15992795,Gabriela,Tello Becerra,Baños del Inca,Nuevo,2025-12-11,gabriela488@correo.pe,990487240.0
489,68655854,Carlos,Chávez Mendoza,Cajamarca,Nuevo,2026-06-23,carlos489@correo.pe,955554384.0
490,68029083,Luz,Coronel Pérez,Cajabamba,Nuevo,2026-03-26,luz490@correo.pe,947990727.0
491,67299376,Yesenia,Chávez Chávez,Jesús,Frecuente,2026-03-16,yesenia491@correo.pe,920673006.0
492,19345463,Héctor,Huamán Lozano,Cajamarca,Nuevo,2025-12-09,hector492@correo.pe,954789385.0
493,,Miguel,Coronel Cabrera,Cajamarca,Corporativo,2026-07-20,miguel493@correo.pe,990990203.0
494,26763988,Marleni,Flores Mendoza,Cajamarca,Frecuente,2025-07-12,marleni494@correo.pe,934024316.0
495,65321862,Rosa,Quispe Huamán,Cajamarca,Corporativo,2025-12-26,rosa495@correo.pe,911287384.0
496,69005921,Luz,Sánchez Ramos,Cajamarca,Nuevo,2026-04-18,luz496@correo.pe,981817122.0
497,62662821,María,Becerra Aguilar,Cajamarca,Frecuente,2025-06-01,maria497@correo.pe,931428909.0
498,11337232,Ricardo,Terrones Ramos,Cajamarca,Frecuente,2026-04-04,ricardo498@correo.pe,957680195.0
499,42854785,Milagros,Torres Coronel,Cajamarca,Frecuente,2026-06-01,milagros499@correo.pe,986660827.0
500,,Elena,Castrejón Sangay,Cajamarca,Nuevo,2026-02-23,elena500@correo.pe,935274691.0
501,78578549,Héctor,Coronel Castrejón,Cajamarca,Corporativo,2026-06-14,hector501@correo.pe,918325560.0
502,17973941,Jorge,Guevara Chávez,Cajamarca,Nuevo,2026-04-27,jorge502@correo.pe,987094192.0
503,63394378,Juan,Tello Rojas,Cajabamba,Corporativo,2026-08-03,juan503@correo.pe,990216237.0
504,54347197,Juan,Chávez Sangay,Cajamarca,Nuevo,2026-05-29,juan504@correo.pe,989490219.0
505,52350872,María,Torres Llamo,Cajamarca,Frecuente,2026-03-21,maria505@correo.pe,925586818.0
506,10118006,Segundo,Guevara Torres,Cajabamba,Frecuente,2025-07-29,segundo506@correo.pe,914478898.0
507,15743251,Héctor,Quispe Becerra,Cajamarca,Nuevo,2026-06-23,hector507@correo.pe,946245671.0
508,37566875,Héctor,Alva Becerra,Baños del Inca,Frecuente,2026-03-16,hector508@correo.pe,934508665.0
509,78013777,Jorge,Flores Becerra,Cajamarca,Nuevo,2025-10-17,jorge509@correo.pe,937990980.0
510,73430295,Juan,Flores Mendoza,Cajamarca,Nuevo,2025-08-05,juan510@correo.pe,970224984.0
511,24028748,Jorge,Guevara Díaz,Celendín,Nuevo,2025-06-24,jorge511@correo.pe,937782644.0
512,71235322,Héctor,Flores Mendoza,Baños del Inca,Frecuente,2026-08-21,hector512@correo.pe,928646246.0
513,67826562,Segundo,Mendoza Cabrera,Cajamarca,Nuevo,2025-11-12,segundo513@correo.pe,998491402.0
514,75271752,Juan,Zelada Becerra,Cajamarca,Frecuente,2025-08-29,juan514@correo.pe,960619289.0
515,20167153,Camila,Mendoza Huamán,Cajamarca,Frecuente,2025-09-21,camila515@correo.pe,931725654.0
516,78437015,María,Quispe Guevara,Cajamarca,Nuevo,2026-01-11,maria516@correo.pe,986348257.0
517,62286213,Rosa,Torres Vásquez,Cajamarca,Frecuente,2026-06-02,rosa517@correo.pe,912484057.0
518,32609174,Camila,Mendoza Quispe,Cajamarca,Frecuente,2026-05-24,camila518@correo.pe,984044294.0
519,39179476,Andrés,Tello Pérez,Cajamarca,Frecuente,2026-06-16,andres519@correo.pe,918745574.0
520,18217616,Camila,Ramos Becerra,San Juan,Nuevo,2026-08-30,camila520@correo.pe,951459196.0
521,50974372,Miguel,Sánchez Huamán,Cajamarca,Nuevo,2026-01-14,miguel521@correo.pe,945168494.0
522,72065876,Gabriela,Quispe Becerra,Cajabamba,Nuevo,2026-06-17,gabriela522@correo.pe,984787921.0
523,42886520,Camila,Ramos Sánchez,San Juan,Nuevo,2026-03-12,camila523@correo.pe,949113877.0
524,54787530,José,Aguilar Guevara,San Juan,Frecuente,2025-08-20,jose524@correo.pe,969775878.0
525,43871593,Gabriela,Castrejón Guevara,Cajamarca,Frecuente,2025-10-08,gabriela525@correo.pe,974974838.0
526,51948197,Héctor,Castrejón Cabrera,Celendín,Corporativo,2025-09-18,hector526@correo.pe,921482190.0
527,65466217,Edwin,Mego Díaz,Celendín,Frecuente,2026-07-23,edwin527@correo.pe,917321238.0
528,26760233,Segundo,Ramos Vásquez,Baños del Inca,Nuevo,2025-09-02,segundo528@correo.pe,923965325.0
529,43340479,Ana,Llamo Chávez,Cajabamba,Frecuente,2026-05-17,ana529@correo.pe,959125568.0
530,77251486,María,Mego Terrones,Namora,Nuevo,2026-03-02,maria530@correo.pe,946027903.0
531,77753937,Pedro,Aguilar Sangay,Los Baños,Frecuente,2026-05-25,pedro531@correo.pe,999958799.0
532,33796810,Luz,Alva Flores,Cajamarca,Nuevo,2026-01-22,luz532@correo.pe,920417418.0
533,74998832,Wilmer,Sangay Castrejón,Cajamarca,Nuevo,2026-03-06,wilmer533@correo.pe,931100641.0
534,33822024,Yesenia,Pérez Mego,Cajamarca,Frecuente,2026-04-24,yesenia534@correo.pe,982856375.0
535,22110509,Sofía,Aguilar Bardales,Llacanora,Frecuente,2025-07-21,sofia535@correo.pe,946672094.0
536,16649166,Ricardo,Mendoza Zelada,Cajamarca,Frecuente,2025-07-02,ricardo536@correo.pe,967419754.0
537,20909526,Luz,Ramos Bardales,Los Baños,Nuevo,2025-07-29,luz537@correo.pe,962138849.0
538,21289356,Luz,Coronel Mego,Cajamarca,Frecuente,2026-05-30,luz538@correo.pe,966285104.0
539,30239079,Luis,Pérez Bardales,Cajamarca,Frecuente,2026-06-23,luis539@correo.pe,915289204.0
540,76652037,Héctor,Aguilar Lozano,Cajamarca,Nuevo,2026-02-16,,947009052.0
541,74915392,Pedro,Terrones Rojas,Cajamarca,Nuevo,2026-05-14,pedro541@correo.pe,922672520.0
542,40182324,Diego,Vásquez Cueva,Baños del Inca,Frecuente,2026-03-31,diego542@correo.pe,942686163.0
543,44951588,Patricia,Huamán Cabrera,Cajamarca,Nuevo,2025-08-15,patricia543@correo.pe,923523171.0
544,55509036,Segundo,Bardales Guevara,Cajamarca,Frecuente,2026-01-07,segundo544@correo.pe,981248095.0
545,24479753,Ana,Aguilar Mendoza,Baños del Inca,Corporativo,2026-02-08,ana545@correo.pe,970011867.0
546,67683297,Segundo,Bardales Lozano,San Juan,Nuevo,2026-02-13,segundo546@correo.pe,981880186.0
547,17210145,Carlos,Tello Cueva,San Juan,Nuevo,2025-08-22,carlos547@correo.pe,920593654.0
548,20638087,Valeria,Lozano Tello,Cajamarca,Frecuente,2025-10-07,valeria548@correo.pe,996655853.0
549,37584866,Camila,Terrones Sánchez,Cajamarca,Nuevo,2026-08-15,camila549@correo.pe,921684723.0
550,57515733,José,Chávez Flores,Baños del Inca,Nuevo,2026-09-02,jose550@correo.pe,985334443.0
551,35422875,Fernando,Sangay Ramos,Cajamarca,Nuevo,2026-04-23,fernando551@correo.pe,996315257.0
552,64335684,Luis,Guevara Becerra,Cajamarca,Frecuente,2025-11-08,luis552@correo.pe,917912221.0
553,49610705,Andrés,Becerra Pérez,Celendín,Nuevo,2025-07-12,andres553@correo.pe,917481521.0
554,77249953,Héctor,Quispe Coronel,Cajamarca,Frecuente,2025-07-30,,969109450.0
555,71225847,Milagros,Castrejón Díaz,Cajamarca,Frecuente,2025-07-18,milagros555@correo.pe,943029611.0
556,30135221,Camila,Terrones Sánchez,Cajabamba,Nuevo,2026-06-24,camila556@correo.pe,940359309.0
557,64212359,Gabriela,Zelada Cabrera,Cajamarca,Nuevo,2026-02-18,gabriela557@correo.pe,987335818.0
558,46238434,Noemí,Aguilar Flores,Cajamarca,Nuevo,2025-10-16,noemi558@correo.pe,958066267.0
559,76980866,Valeria,Ramos Castrejón,Cajamarca,Frecuente,2025-09-19,valeria559@correo.pe,928176761.0
560,63541943,Juan,Aguilar Lozano,Baños del Inca,Frecuente,2026-08-05,juan560@correo.pe,955616284.0
561,65760244,Gabriela,Bardales Chávez,Jesús,Frecuente,2026-06-11,gabriela561@correo.pe,949294788.0
562,39020789,Wilmer,Terrones Sánchez,Cajamarca,Nuevo,2025-12-17,wilmer562@correo.pe,919892322.0
563,77069579,Edwin,Cabrera Terrones,Cajamarca,Frecuente,2025-07-05,edwin563@correo.pe,993372349.0
564,51287800,Luz,Alva Huamán,Cajamarca,Nuevo,2025-10-30,luz564@correo.pe,964538071.0
565,17614229,Sofía,Zelada Cabrera,Cajamarca,Nuevo,2026-03-13,sofia565@correo.pe,976226004.0
566,17584492,Camila,Quispe Aguilar,Cajamarca,Nuevo,2025-10-17,camila566@correo.pe,982355207.0
567,24159433,Milagros,Becerra Becerra,Cajamarca,Frecuente,2026-04-01,milagros567@correo.pe,926626719.0
568,70774268,Camila,Lozano Alva,Magdalena,Nuevo,2026-06-26,camila568@correo.pe,944152466.0
569,68373751,Fernando,Vásquez Mendoza,Cajamarca,Frecuente,2026-07-04,fernando569@correo.pe,920447796.0
570,37580278,Ana,Mego Aguilar,Magdalena,Nuevo,2025-08-22,ana570@correo.pe,975350558.0
571,31931058,Miguel,Aguilar Cueva,Cajabamba,Nuevo,2026-05-09,miguel571@correo.pe,947684422.0
572,24940489,Valeria,Alva Rojas,Cajamarca,Nuevo,2025-12-05,valeria572@correo.pe,938158684.0
573,22301432,Ana,Sangay Zelada,Cajabamba,Nuevo,2026-03-23,ana573@correo.pe,996270405.0
574,21364778,Luis,Zelada Mego,Cajamarca,Nuevo,2026-09-05,luis574@correo.pe,982700210.0
575,25664949,Noemí,Aguilar Coronel,Cajamarca,Frecuente,2025-10-16,noemi575@correo.pe,931009315.0
576,44507559,Carlos,Huamán Cabrera,Cajamarca,Nuevo,2025-12-03,carlos576@correo.pe,965700081.0
577,16970964,Patricia,Guevara Tello,Los Baños,Nuevo,2026-03-22,patricia577@correo.pe,927414688.0
578,29740314,Carlos,Lozano Lozano,Celendín,Corporativo,2025-08-12,carlos578@correo.pe,964518923.0
579,12980330,Edwin,Chávez Bardales,Cajamarca,Nuevo,2025-07-02,edwin579@correo.pe,913231386.0
580,54207444,Elena,Lozano Sánchez,Cajamarca,Nuevo,2026-01-18,elena580@correo.pe,962158085.0
581,42214901,Miguel,Mego Quispe,Cajamarca,Frecuente,2025-08-01,miguel581@correo.pe,983790712.0
582,78490156,Carmen,Díaz Pérez,Magdalena,Nuevo,2026-08-26,carmen582@correo.pe,925313761.0
583,72138234,María,Alva Mendoza,Cajamarca,Frecuente,2026-08-21,maria583@correo.pe,964270040.0
584,38095197,Ricardo,Huamán Sangay,Cajabamba,Nuevo,2025-10-31,ricardo584@correo.pe,946447597.0
585,29493802,Elena,Huamán Cabrera,Cajamarca,Nuevo,2026-05-28,elena585@correo.pe,985715680.0
586,12307291,Milagros,Sánchez Ramos,Cajamarca,Nuevo,2025-08-31,milagros586@correo.pe,952568085.0
587,21475626,Juan,Cueva Guevara,Cajabamba,Nuevo,2026-01-23,juan587@correo.pe,918603613.0
588,42724478,Ricardo,Ramos Mego,Cajabamba,Frecuente,2025-06-11,ricardo588@correo.pe,919478807.0
589,26864693,Carmen,Zelada Alva,Cajamarca,Frecuente,2026-03-09,carmen589@correo.pe,999880216.0
590,54085307,Fernando,Becerra Becerra,Celendín,Corporativo,2025-11-18,fernando590@correo.pe,910909083.0
591,55712039,Jorge,Flores Llamo,Cajamarca,Nuevo,2025-09-18,jorge591@correo.pe,981675254.0
592,28675148,Patricia,Mego Pérez,San Juan,Frecuente,2026-02-19,patricia592@correo.pe,910096639.0
593,62101214,Yesenia,Lozano Ramos,Cajabamba,Nuevo,2025-06-24,yesenia593@correo.pe,946021378.0
594,66658787,Patricia,Rojas Castrejón,Cajamarca,Nuevo,2025-08-29,patricia594@correo.pe,937713844.0
595,31733468,Pedro,Cabrera Pérez,Baños del Inca,Nuevo,2025-07-19,pedro595@correo.pe,919977643.0
596,19492223,Juan,Castrejón Sánchez,Cajamarca,Frecuente,2025-08-02,juan596@correo.pe,942654910.0
597,52280008,Sofía,Zelada Terrones,Magdalena,Frecuente,2025-11-30,sofia597@correo.pe,988216054.0
598,75296906,Miguel,Coronel Vásquez,Baños del Inca,Frecuente,2026-01-18,miguel598@correo.pe,965841797.0
599,76194922,Milagros,Aguilar Aguilar,Los Baños,Nuevo,2025-10-03,milagros599@correo.pe,960093225.0
600,59118857,Pedro,Castrejón Rojas,San Juan,Frecuente,2025-07-08,pedro600@correo.pe,926682077.0
601,71086779,Ana,Ramos Flores,Cajamarca,Frecuente,2026-06-26,ana601@correo.pe,944756241.0
602,39539033,Yesenia,Díaz Ramos,Cajamarca,Nuevo,2026-08-19,yesenia602@correo.pe,999543730.0
603,47852076,Rosa,Cabrera Lozano,Cajabamba,Nuevo,2026-07-10,rosa603@correo.pe,927620971.0
604,60391959,Rosa,Torres Becerra,Llacanora,Frecuente,2026-07-26,rosa604@correo.pe,993983181.0
605,68539477,Héctor,Ramos Cabrera,Cajamarca,Nuevo,2026-02-03,hector605@correo.pe,983247313.0
606,46060783,Héctor,Castrejón Rojas,Celendín,Nuevo,2026-05-10,hector606@correo.pe,987209917.0
607,64261487,Elena,Quispe Coronel,Cajamarca,Frecuente,2026-03-11,,934731879.0
608,20342500,Carlos,Alva Aguilar,Baños del Inca,Frecuente,2026-08-13,carlos608@correo.pe,971721407.0
609,48349762,Yesenia,Bardales Llamo,Baños del Inca,Nuevo,2026-04-19,yesenia609@correo.pe,965930133.0
610,34559108,Pedro,Flores Alva,Cajamarca,Nuevo,2026-07-13,pedro610@correo.pe,993422066.0
611,50329471,Elena,Mego Llamo,Cajamarca,Frecuente,2025-08-28,elena611@correo.pe,969834923.0
612,49475561,Camila,Castrejón Castrejón,Baños del Inca,Nuevo,2026-08-25,camila612@correo.pe,999124716.0
613,34514215,Edwin,Tello Aguilar,Magdalena,Frecuente,2025-07-18,edwin613@correo.pe,932852397.0
614,21324887,Luis,Becerra Aguilar,Jesús,Nuevo,2025-08-15,luis614@correo.pe,919762842.0
615,13277618,María,Rojas Díaz,Cajamarca,Nuevo,2025-11-23,maria615@correo.pe,987007361.0
616,21548865,Yesenia,Alva Lozano,Cajamarca,Nuevo,2026-07-21,yesenia616@correo.pe,999895779.0
617,69928200,Diego,Cabrera Terrones,Baños del Inca,Nuevo,2025-11-03,diego617@correo.pe,923756765.0
618,68304550,Milagros,Rojas Vásquez,Celendín,Nuevo,2026-08-27,milagros618@correo.pe,998733940.0
619,77684380,Wilmer,Rojas Rojas,Cajamarca,Nuevo,2025-11-21,wilmer619@correo.pe,997449765.0
620,20224545,Camila,Díaz Flores,Baños del Inca,Nuevo,2026-01-21,camila620@correo.pe,970137098.0
621,26111618,Noemí,Flores Cabrera,Celendín,Nuevo,2025-09-07,noemi621@correo.pe,924498584.0
622,16111706,Andrés,Cueva Díaz,San Juan,Nuevo,2025-11-01,andres622@correo.pe,942217708.0
623,40654213,Carlos,Cabrera Torres,Cajamarca,Nuevo,2025-07-06,carlos623@correo.pe,929971701.0
624,12551074,Ana,Guevara Ramos,Cajabamba,Nuevo,2025-09-29,ana624@correo.pe,967221969.0
625,21030580,Edwin,Zelada Flores,Baños del Inca,Frecuente,2025-08-06,edwin625@correo.pe,960260137.0
626,61102761,Camila,Vásquez Mendoza,Cajamarca,Nuevo,2026-06-28,camila626@correo.pe,922660349.0
627,78908544,Diego,Vásquez Guevara,Baños del Inca,Nuevo,2025-07-18,diego627@correo.pe,983409600.0
628,40930737,Valeria,Sánchez Flores,Cajamarca,Frecuente,2026-06-20,valeria628@correo.pe,987182922.0
629,41798184,Miguel,Sangay Torres,Cajamarca,Nuevo,2025-07-08,miguel629@correo.pe,934177064.0
630,27970379,Carlos,Tello Sánchez,San Juan,Corporativo,2026-03-17,carlos630@correo.pe,923129522.0
631,70046498,Andrés,Alva Mego,Cajamarca,Nuevo,2026-09-01,andres631@correo.pe,923669420.0
632,68676572,Luz,Mendoza Alva,San Juan,Frecuente,2026-09-05,luz632@correo.pe,951508106.0
633,39074398,Diego,Cueva Castrejón,San Juan,Nuevo,2026-02-27,diego633@correo.pe,962715161.0
634,59082201,Carmen,Terrones Terrones,Cajamarca,Frecuente,2025-06-22,,973518501.0
635,33378774,Jorge,Sánchez Terrones,Cajamarca,Nuevo,2026-04-05,jorge635@correo.pe,975212792.0
636,19724922,Ricardo,Chávez Vásquez,Cajamarca,Nuevo,2026-08-29,ricardo636@correo.pe,969282926.0
637,70916385,Héctor,Bardales Lozano,Baños del Inca,Nuevo,2025-10-15,hector637@correo.pe,974862984.0
638,15001926,Jorge,Terrones Torres,Cajamarca,Nuevo,2025-10-09,jorge638@correo.pe,969865219.0
639,75841906,José,Vásquez Cueva,Cajamarca,Nuevo,2026-08-29,jose639@correo.pe,975039842.0
640,73245204,Jorge,Pérez Sangay,Baños del Inca,Nuevo,2026-05-01,jorge640@correo.pe,983341242.0
641,79058432,Fernando,Sánchez Zelada,Cajamarca,Nuevo,2025-10-06,fernando641@correo.pe,951812320.0
642,13392611,Diego,Zelada Mego,Celendín,Nuevo,2025-12-16,diego642@correo.pe,919586882.0
643,64520469,María,Zelada Ramos,San Juan,Nuevo,2026-08-31,maria643@correo.pe,978186038.0
644,79572574,Valeria,Llamo Lozano,Cajamarca,Nuevo,2025-09-27,valeria644@correo.pe,916082420.0
645,47958245,Jorge,Zelada Alva,Jesús,Frecuente,2026-03-19,jorge645@correo.pe,976439064.0
646,27290131,Patricia,Llamo Becerra,Cajamarca,Corporativo,2025-09-14,patricia646@correo.pe,920232239.0
647,23887609,Diego,Aguilar Guevara,Cajamarca,Nuevo,2025-09-28,diego647@correo.pe,993694338.0
648,32748028,Jorge,Rojas Huamán,Cajamarca,Nuevo,2026-01-11,jorge648@correo.pe,943555287.0
649,51345454,Yesenia,Díaz Terrones,Cajamarca,Nuevo,2026-07-31,yesenia649@correo.pe,922487889.0
650,55213092,Andrés,Ramos Díaz,Cajamarca,Frecuente,2025-09-23,andres650@correo.pe,941698575.0
651,19984282,Andrés,Becerra Cueva,Cajamarca,Nuevo,2026-03-04,andres651@correo.pe,960012340.0
652,51225795,Diego,Bardales Cueva,Celendín,Nuevo,2025-12-16,diego652@correo.pe,937175138.0
653,14757951,Jorge,Aguilar Tello,Cajamarca,Nuevo,2025-11-05,jorge653@correo.pe,943285246.0
654,59144055,Héctor,Castrejón Ramos,Cajamarca,Nuevo,2025-08-27,hector654@correo.pe,926635608.0
655,61469744,Ana,Díaz Terrones,Baños del Inca,Corporativo,2025-11-21,ana655@correo.pe,951361187.0
656,44457676,Ricardo,Mendoza Guevara,Los Baños,Nuevo,2025-07-11,ricardo656@correo.pe,958680755.0
657,67609923,Yesenia,Sánchez Huamán,Cajamarca,Frecuente,2026-02-04,yesenia657@correo.pe,958632848.0
658,,Milagros,Terrones Bardales,Cajamarca,Nuevo,2026-06-29,milagros658@correo.pe,986703398.0
659,31284927,Valeria,Alva Becerra,Baños del Inca,Nuevo,2026-05-02,valeria659@correo.pe,970478959.0
660,77652286,Ricardo,Zelada Ramos,Llacanora,Frecuente,2025-07-12,ricardo660@correo.pe,990662451.0
661,73583133,Ricardo,Rojas Huamán,Baños del Inca,Nuevo,2026-02-24,ricardo661@correo.pe,932451512.0
662,55536220,Juan,Mego Alva,Celendín,Nuevo,2025-12-16,juan662@correo.pe,983073145.0
663,10443318,Ana,Zelada Llamo,Cajamarca,Nuevo,2025-06-26,ana663@correo.pe,926359876.0
664,14850612,Jorge,Mego Pérez,Baños del Inca,Nuevo,2025-10-14,jorge664@correo.pe,931260406.0
665,54010976,Miguel,Cabrera Zelada,Jesús,Nuevo,2026-08-18,miguel665@correo.pe,968355463.0
666,10694357,Diego,Rojas Torres,Cajamarca,Nuevo,2026-02-05,diego666@correo.pe,924085612.0
667,43710993,Wilmer,Mendoza Quispe,Cajamarca,Frecuente,2026-03-03,wilmer667@correo.pe,946027502.0
668,28660414,Miguel,Terrones Torres,Cajamarca,Nuevo,2026-08-15,miguel668@correo.pe,949826908.0
669,57529789,Ana,Zelada Guevara,Cajamarca,Nuevo,2025-10-26,ana669@correo.pe,929347469.0
670,44225952,Miguel,Díaz Rojas,Cajamarca,Corporativo,2025-12-05,miguel670@correo.pe,988646783.0
671,28086186,Carmen,Sangay Rojas,Llacanora,Nuevo,2025-06-13,carmen671@correo.pe,959677120.0
672,61360704,Marleni,Mego Torres,Cajabamba,Nuevo,2025-07-23,marleni672@correo.pe,932879114.0
673,65281009,Miguel,Cueva Flores,Cajamarca,Nuevo,2026-05-18,miguel673@correo.pe,982017935.0
674,68998978,Luz,Llamo Coronel,Baños del Inca,Frecuente,2025-11-27,luz674@correo.pe,948810775.0
675,75390532,Yesenia,Terrones Díaz,Cajamarca,Frecuente,2026-08-31,yesenia675@correo.pe,932187688.0
676,61281367,Héctor,Ramos Bardales,Cajamarca,Frecuente,2026-03-26,hector676@correo.pe,992633647.0
677,46767095,Gabriela,Chávez Flores,Los Baños,Corporativo,2025-07-30,gabriela677@correo.pe,960696216.0
678,18859628,Gabriela,Cabrera Castrejón,Cajamarca,Corporativo,2026-07-06,gabriela678@correo.pe,963687123.0
679,44029425,Luis,Mego Llamo,Cajamarca,Nuevo,2025-11-29,luis679@correo.pe,953901598.0
680,27497234,Carlos,Chávez Llamo,Cajamarca,Frecuente,2026-09-05,carlos680@correo.pe,945407759.0
681,68099126,Milagros,Lozano Vásquez,Cajamarca,Frecuente,2026-08-24,milagros681@correo.pe,973420070.0
682,59783968,Rosa,Pérez Guevara,Llacanora,Nuevo,2026-08-22,rosa682@correo.pe,969068993.0
683,53036489,Carlos,Cabrera Castrejón,San Juan,Frecuente,2025-11-23,carlos683@correo.pe,931273415.0
684,60937335,Andrés,Cabrera Llamo,Cajamarca,Nuevo,2026-02-17,andres684@correo.pe,924490397.0
685,18015365,Héctor,Alva Flores,San Juan,Nuevo,2026-07-25,hector685@correo.pe,980466453.0
686,59987447,Marleni,Sangay Tello,Cajamarca,Nuevo,2026-08-16,marleni686@correo.pe,998221662.0
687,60403508,Edwin,Pérez Mego,Cajamarca,Nuevo,2025-12-12,edwin687@correo.pe,930884389.0
688,25229576,Sofía,Tello Cueva,Cajamarca,Nuevo,2026-05-07,sofia688@correo.pe,912751550.0
689,45364098,Carlos,Tello Díaz,Cajamarca,Nuevo,2025-12-16,carlos689@correo.pe,941802037.0
690,75660232,Valeria,Castrejón Aguilar,Magdalena,Nuevo,2026-08-14,valeria690@correo.pe,955186701.0
691,60569711,Jorge,Chávez Mendoza,Cajamarca,Frecuente,2026-03-29,jorge691@correo.pe,961089188.0
692,59690405,Juan,Pérez Aguilar,Cajamarca,Nuevo,2026-05-13,juan692@correo.pe,981638642.0
693,65527434,Jorge,Terrones Alva,Cajamarca,Nuevo,2025-07-25,jorge693@correo.pe,951065891.0
694,25859497,Fernando,Terrones Coronel,Cajamarca,Frecuente,2025-10-20,fernando694@correo.pe,959464796.0
695,46120646,Carlos,Flores Pérez,Baños del Inca,Frecuente,2025-11-30,carlos695@correo.pe,950566326.0
696,26656464,Noemí,Díaz Mego,Llacanora,Frecuente,2026-08-16,noemi696@correo.pe,962939977.0
697,36662236,Miguel,Quispe Castrejón,Celendín,Nuevo,2025-10-19,miguel697@correo.pe,913790827.0
698,61963518,José,Chávez Huamán,Baños del Inca,Frecuente,2026-03-08,jose698@correo.pe,973731354.0
699,26762230,Pedro,Aguilar Lozano,Cajamarca,Nuevo,2025-12-15,pedro699@correo.pe,996566718.0
700,15753998,Rosa,Cabrera Flores,Cajamarca,Frecuente,2025-06-09,rosa700@correo.pe,966344035.0
701,58964239,Valeria,Flores Cueva,Baños del Inca,Nuevo,2025-07-13,valeria701@correo.pe,992225442.0
702,63042380,Sofía,Tello Mego,Cajamarca,Frecuente,2026-06-12,sofia702@correo.pe,913832818.0
703,52572128,Gabriela,Chávez Cabrera,Baños del Inca,Frecuente,2026-07-25,gabriela703@correo.pe,992055425.0
704,69150491,Luz,Becerra Lozano,Baños del Inca,Frecuente,2026-04-01,luz704@correo.pe,923192029.0
705,64693418,Andrés,Quispe Aguilar,Cajamarca,Frecuente,2026-08-20,andres705@correo.pe,925844313.0
706,39259164,Edwin,Rojas Ramos,San Juan,Nuevo,2026-09-07,edwin706@correo.pe,987567332.0
707,33173179,Andrés,Pérez Coronel,Cajamarca,Frecuente,2026-08-06,andres707@correo.pe,972881083.0
708,57801903,Elena,Pérez Díaz,Cajamarca,Nuevo,2026-03-30,elena708@correo.pe,980147729.0
709,57789194,Camila,Lozano Zelada,Los Baños,Nuevo,2026-05-22,camila709@correo.pe,983684335.0
710,43934562,Héctor,Tello Lozano,Cajamarca,Nuevo,2026-02-10,hector710@correo.pe,937938652.0
711,63314320,Camila,Díaz Pérez,Cajamarca,Frecuente,2026-07-21,camila711@correo.pe,928613834.0
712,21514501,Sofía,Lozano Huamán,Jesús,Frecuente,2025-11-20,sofia712@correo.pe,982231696.0
713,33576880,Fernando,Bardales Bardales,Magdalena,Nuevo,2026-06-12,fernando713@correo.pe,979359208.0
714,17979305,Luz,Flores Bardales,Cajamarca,Nuevo,2025-10-19,luz714@correo.pe,953078116.0
715,66754182,Pedro,Mendoza Sánchez,Cajamarca,Frecuente,2025-12-05,pedro715@correo.pe,954202170.0
716,77466977,Luz,Bardales Llamo,Cajamarca,Nuevo,2026-04-03,luz716@correo.pe,934489515.0
717,59853706,Juan,Pérez Bardales,San Juan,Nuevo,2026-01-12,juan717@correo.pe,997775754.0
718,34443902,Valeria,Coronel Mendoza,Baños del Inca,Nuevo,2025-11-15,valeria718@correo.pe,965724265.0
719,46087483,Fernando,Alva Torres,Cajamarca,Nuevo,2025-08-24,fernando719@correo.pe,975879735.0
720,72804540,Patricia,Quispe Sánchez,Baños del Inca,Frecuente,2025-11-18,patricia720@correo.pe,956385440.0
721,61933233,Noemí,Becerra Coronel,Cajamarca,Nuevo,2025-06-14,noemi721@correo.pe,995586599.0
722,26834359,Segundo,Chávez Torres,Cajamarca,Frecuente,2026-03-17,segundo722@correo.pe,995306431.0
723,52987998,Segundo,Guevara Aguilar,Cajamarca,Nuevo,2025-09-23,segundo723@correo.pe,920869631.0
724,75030863,María,Rojas Guevara,Baños del Inca,Nuevo,2025-09-10,maria724@correo.pe,916935415.0
725,37377102,Ricardo,Cueva Flores,Cajabamba,Nuevo,2026-08-18,ricardo725@correo.pe,949309144.0
726,13285971,Milagros,Huamán Sangay,Baños del Inca,Nuevo,2025-12-04,milagros726@correo.pe,964582272.0
727,23625352,José,Llamo Aguilar,San Juan,Nuevo,2026-08-16,jose727@correo.pe,939151396.0
728,59862771,Juan,Mego Coronel,Cajamarca,Corporativo,2026-06-10,juan728@correo.pe,997334741.0
729,57096552,Sofía,Aguilar Lozano,Cajamarca,Nuevo,2025-06-23,sofia729@correo.pe,987003374.0
730,68389628,Ricardo,Tello Sangay,Cajamarca,Nuevo,2025-08-13,ricardo730@correo.pe,998228636.0
731,47086611,Yesenia,Rojas Llamo,Cajamarca,Corporativo,2026-07-04,yesenia731@correo.pe,984113130.0
732,68862320,Sofía,Mego Chávez,Los Baños,Nuevo,2026-07-30,sofia732@correo.pe,951022716.0
733,11783342,Ricardo,Terrones Guevara,Baños del Inca,Nuevo,2026-04-02,ricardo733@correo.pe,940167810.0
734,41130379,Camila,Aguilar Alva,Los Baños,Nuevo,2026-04-16,camila734@correo.pe,973167535.0
735,56953675,Sofía,Lozano Lozano,Cajamarca,Frecuente,2025-07-22,sofia735@correo.pe,922907455.0
736,50339311,Patricia,Terrones Huamán,Llacanora,Nuevo,2025-10-08,patricia736@correo.pe,969960168.0
737,42322534,Milagros,Quispe Huamán,Cajamarca,Frecuente,2026-03-07,milagros737@correo.pe,938975031.0
738,69192361,Ana,Rojas Lozano,Celendín,Frecuente,2025-07-25,ana738@correo.pe,915819655.0
739,12657081,Edwin,Ramos Quispe,Cajamarca,Frecuente,2025-07-08,edwin739@correo.pe,922972576.0
740,66337994,Rosa,Flores Mego,Cajamarca,Nuevo,2026-01-06,rosa740@correo.pe,990716069.0
741,60389766,Camila,Díaz Terrones,Baños del Inca,Nuevo,2025-10-07,camila741@correo.pe,949116555.0
742,12131424,Pedro,Cabrera Chávez,Baños del Inca,Frecuente,2026-06-11,pedro742@correo.pe,998992455.0
743,22313146,Fernando,Mendoza Zelada,Cajamarca,Nuevo,2026-05-17,fernando743@correo.pe,952085089.0
744,63712099,Ricardo,Rojas Lozano,Jesús,Nuevo,2026-05-24,ricardo744@correo.pe,917556292.0
745,49998437,Edwin,Vásquez Díaz,Los Baños,Frecuente,2025-07-25,edwin745@correo.pe,917350493.0
746,61364691,Luz,Huamán Pérez,Cajamarca,Nuevo,2026-07-08,luz746@correo.pe,995258108.0
747,13249668,Patricia,Coronel Díaz,Baños del Inca,Nuevo,2025-06-12,patricia747@correo.pe,915975044.0
748,19904295,Luis,Mego Aguilar,Cajamarca,Nuevo,2026-02-03,,929646188.0
749,30537686,Miguel,Coronel Rojas,Baños del Inca,Nuevo,2026-02-14,miguel749@correo.pe,961920155.0
750,26133576,Patricia,Guevara Terrones,Cajamarca,Frecuente,2025-08-15,patricia750@correo.pe,979263562.0
751,27285269,Jorge,Guevara Mendoza,Llacanora,Nuevo,2025-10-21,jorge751@correo.pe,933110977.0
752,19271391,José,Becerra Vásquez,Cajamarca,Frecuente,2026-04-23,,923869033.0
753,28819828,Sofía,Mendoza Coronel,Cajamarca,Nuevo,2026-05-22,sofia753@correo.pe,971248006.0
754,27428919,Camila,Huamán Sangay,Celendín,Frecuente,2025-12-10,camila754@correo.pe,995087319.0
755,74716675,Sofía,Tello Díaz,Cajamarca,Frecuente,2025-09-05,sofia755@correo.pe,992451507.0
756,79007684,Luz,Zelada Quispe,Cajamarca,Nuevo,2025-10-29,luz756@correo.pe,937179399.0
757,15847428,Noemí,Becerra Pérez,Celendín,Frecuente,2025-11-11,noemi757@correo.pe,934181315.0
758,23202976,Ricardo,Huamán Castrejón,Cajamarca,Frecuente,2025-06-15,ricardo758@correo.pe,933362286.0
759,60116586,José,Huamán Cabrera,Cajamarca,Frecuente,2026-06-18,jose759@correo.pe,945643019.0
760,14393123,Ana,Llamo Torres,Llacanora,Frecuente,2025-10-20,ana760@correo.pe,960372162.0
761,24481774,Patricia,Pérez Díaz,Cajabamba,Corporativo,2026-03-29,patricia761@correo.pe,964352062.0
762,25166621,Segundo,Sangay Quispe,Cajamarca,Nuevo,2026-09-02,segundo762@correo.pe,962851553.0
763,71542534,Edwin,Mego Sangay,Cajamarca,Nuevo,2026-05-17,edwin763@correo.pe,988542833.0
764,11486149,Yesenia,Vásquez Zelada,Cajabamba,Nuevo,2026-03-19,yesenia764@correo.pe,931569249.0
765,68534127,Andrés,Vásquez Sangay,Cajamarca,Nuevo,2025-08-17,andres765@correo.pe,916912707.0
766,36257761,Héctor,Castrejón Ramos,Cajamarca,Nuevo,2026-03-04,hector766@correo.pe,999130174.0
767,27501827,Wilmer,Vásquez Bardales,San Juan,Nuevo,2025-09-06,wilmer767@correo.pe,943229971.0
768,24442108,Pedro,Chávez Rojas,Cajamarca,Frecuente,2026-06-22,pedro768@correo.pe,945384538.0
769,40919179,Milagros,Mego Guevara,Cajamarca,Frecuente,2025-07-20,milagros769@correo.pe,920745859.0
770,17499602,Noemí,Sánchez Becerra,Cajamarca,Frecuente,2025-08-29,noemi770@correo.pe,958813356.0
771,48107905,Yesenia,Ramos Huamán,Cajamarca,Nuevo,2025-08-29,yesenia771@correo.pe,987051405.0
772,17099504,Wilmer,Sangay Castrejón,Cajamarca,Nuevo,2025-12-20,wilmer772@correo.pe,937458166.0
773,26302279,Segundo,Terrones Ramos,Baños del Inca,Nuevo,2025-11-28,segundo773@correo.pe,973055373.0
774,21395378,Pedro,Chávez Cueva,Cajamarca,Frecuente,2026-04-26,pedro774@correo.pe,929490571.0
775,59877219,Valeria,Tello Mendoza,Cajamarca,Frecuente,2026-06-03,valeria775@correo.pe,914054594.0
776,34641877,Yesenia,Rojas Zelada,Cajamarca,Nuevo,2026-02-20,yesenia776@correo.pe,927040476.0
777,32634878,Luz,Aguilar Bardales,Cajamarca,Nuevo,2025-09-07,luz777@correo.pe,954504050.0
778,27880183,Carmen,Ramos Aguilar,Baños del Inca,Frecuente,2026-08-30,carmen778@correo.pe,941145021.0
779,61637144,Yesenia,Díaz Tello,Cajamarca,Nuevo,2026-01-22,yesenia779@correo.pe,950594282.0
780,45075571,Héctor,Mendoza Sangay,Cajamarca,Corporativo,2025-09-24,hector780@correo.pe,960648783.0
781,46371678,María,Flores Coronel,Jesús,Frecuente,2026-05-08,maria781@correo.pe,935755947.0
782,46544944,Segundo,Guevara Torres,Cajamarca,Nuevo,2025-09-04,segundo782@correo.pe,920627224.0
783,40294222,Marleni,Vásquez Pérez,Cajamarca,Frecuente,2026-06-05,marleni783@correo.pe,994770715.0
784,46017010,Ana,Vásquez Tello,Baños del Inca,Frecuente,2026-04-01,ana784@correo.pe,947113868.0
785,61772134,José,Cueva Sánchez,Baños del Inca,Nuevo,2026-01-21,jose785@correo.pe,982988011.0
786,51590897,Rosa,Sánchez Pérez,Magdalena,Nuevo,2026-08-29,rosa786@correo.pe,958881907.0
787,78191150,Miguel,Coronel Becerra,Cajamarca,Corporativo,2026-05-30,miguel787@correo.pe,911830702.0
788,10198917,Segundo,Mego Flores,Baños del Inca,Nuevo,2025-08-24,segundo788@correo.pe,930809548.0
789,74660002,Carmen,Sangay Sangay,Cajamarca,Frecuente,2025-10-02,carmen789@correo.pe,990345049.0
790,24239592,Milagros,Alva Chávez,Cajamarca,Frecuente,2025-09-17,milagros790@correo.pe,941470508.0
791,31058070,Jorge,Bardales Rojas,Magdalena,Frecuente,2026-02-01,jorge791@correo.pe,916456814.0
792,22480440,Milagros,Bardales Cueva,Cajamarca,Nuevo,2025-11-04,milagros792@correo.pe,980555642.0
793,57230498,Edwin,Terrones Aguilar,Cajamarca,Frecuente,2026-08-14,edwin793@correo.pe,953565576.0
794,41312637,Edwin,Flores Lozano,Cajamarca,Nuevo,2026-01-18,edwin794@correo.pe,987586016.0
795,46177151,Fernando,Sangay Alva,Cajamarca,Frecuente,2026-07-26,fernando795@correo.pe,978957135.0
796,34877015,Edwin,Zelada Mego,Cajamarca,Nuevo,2026-04-17,edwin796@correo.pe,964681063.0
797,44218995,Ricardo,Díaz Cabrera,Cajamarca,Nuevo,2026-02-08,ricardo797@correo.pe,986732943.0
798,25657364,Marleni,Torres Díaz,Cajamarca,Nuevo,2025-11-23,marleni798@correo.pe,911225700.0
799,48733603,Ana,Quispe Rojas,Baños del Inca,Nuevo,2025-06-19,ana799@correo.pe,952077264.0
800,47064806,Segundo,Díaz Pérez,San Juan,Nuevo,2026-08-25,segundo800@correo.pe,923778392.0
801,19615504,Luz,Mendoza Huamán,Baños del Inca,Nuevo,2026-07-05,luz801@correo.pe,927292029.0
802,55036359,Milagros,Tello Zelada,Cajamarca,Frecuente,2025-06-28,milagros802@correo.pe,910245626.0
803,63462559,Rosa,Aguilar Cabrera,Cajamarca,Nuevo,2026-05-25,rosa803@correo.pe,939315179.0
804,76914489,Sofía,Ramos Tello,Celendín,Nuevo,2026-08-21,sofia804@correo.pe,922508143.0
805,76378385,Sofía,Díaz Quispe,Baños del Inca,Nuevo,2025-11-12,sofia805@correo.pe,929173222.0
806,19229561,Fernando,Huamán Flores,Cajabamba,Frecuente,2026-01-09,fernando806@correo.pe,915038728.0
807,22908181,Carlos,Quispe Alva,Baños del Inca,Frecuente,2025-11-21,carlos807@correo.pe,957686405.0
808,17210526,Noemí,Aguilar Mego,Los Baños,Nuevo,2025-11-23,noemi808@correo.pe,975065861.0
809,33020944,Jorge,Tello Cabrera,Los Baños,Frecuente,2025-06-02,jorge809@correo.pe,978995398.0
810,27059894,Elena,Rojas Becerra,Cajamarca,Nuevo,2025-10-30,elena810@correo.pe,989681978.0
811,16815961,Yesenia,Flores Sánchez,Cajamarca,Frecuente,2026-02-14,yesenia811@correo.pe,984571924.0
812,10433662,José,Sánchez Cueva,Llacanora,Nuevo,2026-07-21,jose812@correo.pe,922132599.0
813,23374217,Wilmer,Flores Castrejón,Baños del Inca,Nuevo,2026-03-19,wilmer813@correo.pe,953066377.0
814,41460636,Juan,Mego Ramos,Baños del Inca,Nuevo,2026-03-31,juan814@correo.pe,965834182.0
815,51732404,Luis,Díaz Pérez,Celendín,Frecuente,2025-12-29,luis815@correo.pe,935327032.0
816,15415045,Valeria,Guevara Flores,Baños del Inca,Frecuente,2026-04-19,valeria816@correo.pe,928777443.0
817,11118352,Miguel,Vásquez Terrones,Baños del Inca,Frecuente,2026-08-07,miguel817@correo.pe,914870780.0
818,79752312,Carmen,Rojas Alva,Cajamarca,Nuevo,2026-07-19,carmen818@correo.pe,942682447.0
819,24550307,Luz,Coronel Becerra,Cajamarca,Nuevo,2026-01-29,luz819@correo.pe,990175842.0
820,17252320,Carlos,Huamán Mendoza,Celendín,Frecuente,2026-01-13,carlos820@correo.pe,941755771.0
821,73792278,Jorge,Huamán Coronel,Cajamarca,Frecuente,2026-05-17,jorge821@correo.pe,944924959.0
822,68126469,Valeria,Quispe Huamán,Cajamarca,Corporativo,2025-10-05,valeria822@correo.pe,950613316.0
823,,Segundo,Díaz Ramos,Cajamarca,Nuevo,2025-07-24,segundo823@correo.pe,990225264.0
824,15865637,Carlos,Becerra Cabrera,Cajamarca,Nuevo,2025-09-23,carlos824@correo.pe,965796731.0
825,76038562,Camila,Flores Mego,Cajamarca,Nuevo,2026-01-31,camila825@correo.pe,942358047.0
826,22657252,Edwin,Huamán Aguilar,Cajamarca,Nuevo,2025-06-16,edwin826@correo.pe,958654760.0
827,43002281,Jorge,Pérez Cabrera,Cajamarca,Nuevo,2026-09-11,jorge827@correo.pe,966637743.0
828,77791025,Carmen,Quispe Lozano,Cajamarca,Corporativo,2026-02-16,carmen828@correo.pe,986541575.0
829,69438938,Sofía,Mego Coronel,Cajamarca,Nuevo,2025-11-03,sofia829@correo.pe,955871889.0
830,19122642,Fernando,Zelada Sánchez,Cajabamba,Frecuente,2025-08-22,fernando830@correo.pe,976563384.0
831,18002188,Camila,Lozano Coronel,Cajabamba,Nuevo,2026-06-05,camila831@correo.pe,987192909.0
832,72754964,Sofía,Ramos Alva,Namora,Corporativo,2025-10-06,sofia832@correo.pe,956030928.0
833,40069438,Noemí,Zelada Lozano,Baños del Inca,Nuevo,2025-08-06,noemi833@correo.pe,927687930.0
834,74453902,Carmen,Flores Flores,Cajamarca,Nuevo,2025-08-31,carmen834@correo.pe,982308401.0
835,32593201,Juan,Díaz Coronel,Celendín,Nuevo,2025-06-05,juan835@correo.pe,942144182.0
836,26506392,Fernando,Vásquez Coronel,Cajabamba,Frecuente,2025-10-07,fernando836@correo.pe,919052468.0
837,38687354,Patricia,Sánchez Alva,Cajamarca,Nuevo,2026-08-30,patricia837@correo.pe,986525849.0
838,57849169,Camila,Quispe Coronel,Cajamarca,Frecuente,2026-05-15,camila838@correo.pe,937462457.0
839,14520960,Héctor,Zelada Coronel,Cajamarca,Frecuente,2026-07-11,hector839@correo.pe,973144606.0
840,72348542,Miguel,Rojas Llamo,Baños del Inca,Nuevo,2026-01-05,miguel840@correo.pe,980016312.0
841,54997352,Wilmer,Quispe Coronel,Jesús,Nuevo,2026-04-30,wilmer841@correo.pe,987592027.0
842,64208789,Elena,Vásquez Mendoza,Cajamarca,Frecuente,2026-06-26,elena842@correo.pe,930561028.0
843,29007341,Sofía,Torres Tello,Baños del Inca,Nuevo,2025-08-27,sofia843@correo.pe,926020188.0
844,31505928,Fernando,Terrones Alva,Cajamarca,Frecuente,2025-09-09,fernando844@correo.pe,910251972.0
845,64857593,Wilmer,Llamo Lozano,San Juan,Corporativo,2026-05-11,wilmer845@correo.pe,959182757.0
846,25159093,José,Pérez Bardales,Cajamarca,Nuevo,2026-01-07,jose846@correo.pe,973684651.0
847,62971731,Rosa,Huamán Mendoza,Cajamarca,Nuevo,2026-02-24,rosa847@correo.pe,932518440.0
848,73665744,Rosa,Tello Coronel,Cajamarca,Corporativo,2025-11-02,rosa848@correo.pe,971885186.0
849,76294412,Valeria,Cabrera Mendoza,Celendín,Nuevo,2026-04-17,valeria849@correo.pe,947461566.0
850,64360457,Diego,Huamán Aguilar,Baños del Inca,Frecuente,2025-09-21,diego850@correo.pe,950722713.0
851,52992771,Héctor,Ramos Castrejón,Cajamarca,Nuevo,2026-08-01,hector851@correo.pe,953996115.0
852,36897344,Luz,Mendoza Cabrera,Magdalena,Nuevo,2025-08-04,luz852@correo.pe,964679018.0
853,42434750,Noemí,Chávez Sánchez,Cajamarca,Frecuente,2026-06-04,noemi853@correo.pe,935212302.0
854,47859310,Jorge,Mego Llamo,Cajamarca,Frecuente,2025-07-30,jorge854@correo.pe,915515643.0
855,69646246,Jorge,Flores Becerra,Cajamarca,Frecuente,2026-08-05,jorge855@correo.pe,983975704.0
856,39492075,Noemí,Llamo Díaz,Baños del Inca,Nuevo,2025-06-15,noemi856@correo.pe,998724528.0
857,25223258,Ana,Becerra Ramos,Baños del Inca,Nuevo,2025-08-16,ana857@correo.pe,919551609.0
858,,Carmen,Llamo Flores,Celendín,Nuevo,2026-08-19,carmen858@correo.pe,980128121.0
859,31815890,Patricia,Coronel Cueva,Cajamarca,Nuevo,2026-01-23,patricia859@correo.pe,924400094.0
860,59608129,Rosa,Vásquez Bardales,Cajamarca,Nuevo,2026-04-14,rosa860@correo.pe,912141367.0
861,32398215,Elena,Lozano Huamán,Cajamarca,Nuevo,2026-08-15,elena861@correo.pe,970489929.0
862,58577891,Luz,Vásquez Ramos,San Juan,Nuevo,2026-09-02,luz862@correo.pe,985098536.0
863,35773078,Patricia,Sangay Sánchez,Cajamarca,Nuevo,2026-06-13,patricia863@correo.pe,921407006.0
864,50033175,Sofía,Vásquez Zelada,Cajabamba,Nuevo,2026-08-05,sofia864@correo.pe,972638395.0
865,76438801,Milagros,Castrejón Huamán,San Juan,Nuevo,2025-11-14,milagros865@correo.pe,934796020.0
866,23922631,Sofía,Ramos Pérez,Cajamarca,Frecuente,2026-05-14,sofia866@correo.pe,960636215.0
867,41316787,Ricardo,Flores Coronel,Cajamarca,Nuevo,2026-02-25,ricardo867@correo.pe,995582324.0
868,66409999,Carlos,Torres Tello,Los Baños,Nuevo,2026-03-31,carlos868@correo.pe,915791066.0
869,13693735,Camila,Sánchez Mendoza,Cajamarca,Nuevo,2026-01-01,camila869@correo.pe,933669712.0
870,46596690,Wilmer,Chávez Guevara,Cajamarca,Nuevo,2025-07-05,wilmer870@correo.pe,997726183.0
871,66194691,Segundo,Huamán Bardales,Cajamarca,Nuevo,2025-10-15,segundo871@correo.pe,996450583.0
872,20990833,Ricardo,Flores Becerra,Cajamarca,Frecuente,2025-07-27,ricardo872@correo.pe,931690664.0
873,39783484,Luz,Cabrera Terrones,Celendín,Nuevo,2026-01-24,luz873@correo.pe,922911864.0
874,19572587,Noemí,Becerra Zelada,Cajamarca,Nuevo,2025-09-11,noemi874@correo.pe,963189399.0
875,32547864,Gabriela,Coronel Llamo,Cajamarca,Nuevo,2025-12-24,gabriela875@correo.pe,926473126.0
876,24707286,Camila,Terrones Guevara,Celendín,Frecuente,2026-01-26,camila876@correo.pe,991449730.0
877,51186954,Milagros,Castrejón Coronel,Baños del Inca,Nuevo,2025-08-27,milagros877@correo.pe,942393634.0
878,76171283,Jorge,Guevara Llamo,Cajamarca,Nuevo,2026-01-06,jorge878@correo.pe,915037154.0
879,57625339,Pedro,Cabrera Zelada,Baños del Inca,Nuevo,2026-08-01,pedro879@correo.pe,960914844.0
880,43177812,Luz,Mego Castrejón,Celendín,Frecuente,2026-02-17,luz880@correo.pe,974955703.0
881,14478457,Jorge,Lozano Torres,San Juan,Nuevo,2025-06-04,jorge881@correo.pe,935491053.0
882,34358272,Ana,Alva Ramos,Cajamarca,Frecuente,2026-02-12,ana882@correo.pe,961889689.0
883,73998818,Valeria,Torres Cueva,Cajamarca,Frecuente,2026-01-24,valeria883@correo.pe,976916258.0
884,49207716,Gabriela,Aguilar Zelada,Celendín,Nuevo,2025-07-02,gabriela884@correo.pe,927626751.0
885,28002168,Luis,Castrejón Lozano,Cajamarca,Nuevo,2025-12-30,luis885@correo.pe,968688883.0
886,11246379,Milagros,Vásquez Bardales,Celendín,Corporativo,2026-04-01,milagros886@correo.pe,974610965.0
887,31502628,Carmen,Alva Quispe,Baños del Inca,Nuevo,2026-04-21,carmen887@correo.pe,922479358.0
888,56349792,Milagros,Cueva Tello,Baños del Inca,Nuevo,2025-08-06,milagros888@correo.pe,915691849.0
889,40177229,Ricardo,Vásquez Bardales,Cajamarca,Frecuente,2026-01-15,ricardo889@correo.pe,965504326.0
890,21828950,Ana,Mego Llamo,Celendín,Nuevo,2025-11-18,ana890@correo.pe,958783984.0
891,53450707,Segundo,Llamo Cabrera,San Juan,Nuevo,2026-07-19,segundo891@correo.pe,964750750.0
892,68554716,Pedro,Torres Bardales,Celendín,Frecuente,2026-04-24,pedro892@correo.pe,985664568.0
893,58368797,Wilmer,Lozano Llamo,Cajamarca,Frecuente,2026-06-17,wilmer893@correo.pe,994368701.0
894,64922407,Sofía,Becerra Tello,Baños del Inca,Nuevo,2025-07-08,sofia894@correo.pe,913913624.0
895,16118055,Jorge,Aguilar Zelada,Llacanora,Nuevo,2025-09-15,jorge895@correo.pe,948829964.0
896,73526069,Sofía,Flores Tello,Cajamarca,Nuevo,2026-08-30,sofia896@correo.pe,985478367.0
897,24935016,Rosa,Rojas Ramos,Cajamarca,Frecuente,2026-02-19,rosa897@correo.pe,958632766.0
898,10774957,Fernando,Torres Rojas,Baños del Inca,Nuevo,2026-06-15,fernando898@correo.pe,923927948.0
899,21457136,Luis,Rojas Sangay,Cajamarca,Nuevo,2025-06-10,luis899@correo.pe,930209871.0
900,10639974,Sofía,Lozano Mendoza,Cajamarca,Corporativo,2026-06-09,sofia900@correo.pe,944918407.0
901,54401669,Ricardo,Coronel Zelada,Cajamarca,Nuevo,2025-10-15,ricardo901@correo.pe,922273500.0
902,27242378,María,Quispe Lozano,Cajamarca,Nuevo,2026-05-21,maria902@correo.pe,953530897.0
903,44373687,Diego,Sangay Aguilar,Cajamarca,Frecuente,2026-07-24,diego903@correo.pe,932078709.0
904,47957695,Camila,Cabrera Mego,Baños del Inca,Frecuente,2025-06-15,,943846986.0
905,55904918,Sofía,Alva Ramos,Baños del Inca,Frecuente,2026-06-01,sofia905@correo.pe,983804010.0
906,46734591,Milagros,Pérez Mendoza,Magdalena,Frecuente,2026-02-12,milagros906@correo.pe,945779993.0
907,17211756,Patricia,Vásquez Becerra,Cajamarca,Frecuente,2026-02-14,patricia907@correo.pe,943861717.0
908,57244815,Wilmer,Sánchez Huamán,Cajamarca,Nuevo,2025-09-16,wilmer908@correo.pe,928097144.0
909,12076665,Yesenia,Torres Sangay,Baños del Inca,Nuevo,2026-05-21,yesenia909@correo.pe,957261426.0
910,68802344,Carlos,Coronel Aguilar,San Juan,Nuevo,2025-11-23,carlos910@correo.pe,987544269.0
911,70893201,José,Cabrera Huamán,Cajamarca,Nuevo,2025-11-01,jose911@correo.pe,986285971.0
912,64385470,Luis,Cabrera Castrejón,Baños del Inca,Nuevo,2025-06-20,luis912@correo.pe,948839713.0
913,46432217,Camila,Sánchez Coronel,Celendín,Frecuente,2026-02-20,camila913@correo.pe,954502816.0
914,53398427,Sofía,Zelada Quispe,Cajamarca,Nuevo,2026-02-16,sofia914@correo.pe,929144062.0
915,61037288,Héctor,Terrones Pérez,Cajamarca,Nuevo,2025-11-05,hector915@correo.pe,960391696.0
916,51205978,Rosa,Terrones Sangay,Namora,Nuevo,2025-12-14,rosa916@correo.pe,950796216.0
917,29533166,María,Chávez Mendoza,Cajamarca,Nuevo,2026-02-21,maria917@correo.pe,913631779.0
918,21988687,Héctor,Huamán Zelada,Llacanora,Frecuente,2026-07-12,hector918@correo.pe,966422375.0
919,47549799,Edwin,Guevara Mendoza,Baños del Inca,Nuevo,2025-11-11,edwin919@correo.pe,945904069.0
920,15504283,Elena,Guevara Zelada,Cajamarca,Frecuente,2025-10-30,elena920@correo.pe,924058736.0
921,35077351,Valeria,Sangay Alva,Cajamarca,Nuevo,2025-12-29,valeria921@correo.pe,944216450.0
922,21899843,Wilmer,Sangay Zelada,Cajamarca,Corporativo,2025-10-13,wilmer922@correo.pe,917904307.0
923,14413800,Fernando,Ramos Rojas,Cajamarca,Nuevo,2026-01-16,fernando923@correo.pe,937547569.0
924,40437485,Wilmer,Guevara Quispe,Cajamarca,Nuevo,2026-08-18,wilmer924@correo.pe,929225127.0
925,26924471,Diego,Sangay Torres,Baños del Inca,Nuevo,2025-09-21,diego925@correo.pe,975390073.0
926,66222172,Rosa,Alva Mendoza,Jesús,Nuevo,2026-07-11,rosa926@correo.pe,942165692.0
927,15985867,Elena,Alva Tello,Cajabamba,Nuevo,2026-01-12,elena927@correo.pe,994993888.0
928,71790215,Wilmer,Castrejón Zelada,Baños del Inca,Nuevo,2025-12-26,wilmer928@correo.pe,969240291.0
929,37971537,Carlos,Díaz Cabrera,Cajamarca,Nuevo,2026-02-13,carlos929@correo.pe,912139956.0
930,79076202,Sofía,Alva Coronel,Cajamarca,Corporativo,2025-09-26,sofia930@correo.pe,994219913.0
931,70823287,Gabriela,Flores Llamo,Los Baños,Nuevo,2026-04-23,gabriela931@correo.pe,926790795.0
932,76558857,Carlos,Becerra Sánchez,Baños del Inca,Frecuente,2025-10-30,carlos932@correo.pe,957124959.0
933,75321396,Pedro,Rojas Quispe,Baños del Inca,Nuevo,2026-02-16,pedro933@correo.pe,912159784.0
934,66419462,Patricia,Coronel Mendoza,Cajamarca,Frecuente,2025-08-13,patricia934@correo.pe,942293168.0
935,32310145,Fernando,Sangay Rojas,Baños del Inca,Corporativo,2025-06-07,fernando935@correo.pe,964625496.0
936,34081886,Luis,Bardales Llamo,Los Baños,Nuevo,2026-03-03,luis936@correo.pe,975284811.0
937,72645435,Héctor,Aguilar Pérez,Cajamarca,Frecuente,2026-04-04,hector937@correo.pe,986971322.0
938,78165713,Jorge,Alva Aguilar,Cajamarca,Nuevo,2026-02-13,jorge938@correo.pe,958050785.0
939,72368979,Luz,Díaz Bardales,Baños del Inca,Nuevo,2025-10-16,luz939@correo.pe,973889544.0
940,12165067,Juan,Becerra Torres,Cajamarca,Nuevo,2026-03-04,juan940@correo.pe,928658690.0
941,17281886,Valeria,Alva Pérez,Cajamarca,Frecuente,2025-08-30,valeria941@correo.pe,980369355.0
942,44622383,Jorge,Sangay Quispe,Cajamarca,Nuevo,2026-04-14,jorge942@correo.pe,932461735.0
943,20428870,Sofía,Sánchez Terrones,Cajamarca,Nuevo,2026-07-15,sofia943@correo.pe,963433993.0
944,18842808,Luis,Guevara Alva,Cajamarca,Nuevo,2025-12-29,luis944@correo.pe,910104752.0
945,55635532,Ricardo,Tello Torres,Cajamarca,Nuevo,2026-01-13,ricardo945@correo.pe,998546268.0
946,71978275,Yesenia,Tello Zelada,Celendín,Frecuente,2025-06-08,yesenia946@correo.pe,998454040.0
947,12236377,Pedro,Ramos Coronel,Cajamarca,Nuevo,2026-07-02,pedro947@correo.pe,975763494.0
948,50482627,Diego,Cueva Quispe,Cajamarca,Nuevo,2026-09-06,diego948@correo.pe,941914089.0
949,46064472,Edwin,Mego Terrones,Cajamarca,Frecuente,2026-08-26,edwin949@correo.pe,952487839.0
950,60465396,Milagros,Becerra Becerra,Los Baños,Frecuente,2026-04-05,milagros950@correo.pe,927299982.0
951,26776389,Rosa,Becerra Tello,Cajamarca,Nuevo,2025-11-18,rosa951@correo.pe,915561248.0
952,13187049,Diego,Pérez Ramos,Cajamarca,Nuevo,2026-03-09,diego952@correo.pe,987004730.0
953,71479958,Ana,Mego Zelada,Celendín,Nuevo,2026-05-30,ana953@correo.pe,987761894.0
954,67847094,Valeria,Tello Flores,Cajamarca,Frecuente,2026-01-12,valeria954@correo.pe,963488977.0
955,67698983,Héctor,Huamán Bardales,Cajamarca,Frecuente,2025-10-23,hector955@correo.pe,946695329.0
956,20381288,Rosa,Torres Lozano,Cajamarca,Nuevo,2026-09-10,rosa956@correo.pe,915306468.0
957,75396244,Luis,Sánchez Díaz,Los Baños,Nuevo,2025-10-22,luis957@correo.pe,987644471.0
958,62830837,Luz,Sangay Tello,Jesús,Nuevo,2025-11-20,luz958@correo.pe,916310312.0
959,70449689,Pedro,Alva Lozano,Cajamarca,Corporativo,2026-02-13,pedro959@correo.pe,919884754.0
960,67934564,Pedro,Lozano Becerra,Cajamarca,Nuevo,2026-09-09,pedro960@correo.pe,973991007.0
961,50481544,Edwin,Zelada Quispe,Cajamarca,Frecuente,2025-09-12,edwin961@correo.pe,968593184.0
962,61192576,Héctor,Coronel Pérez,Cajamarca,Nuevo,2025-10-01,hector962@correo.pe,938467433.0
963,33880339,Carlos,Rojas Ramos,Magdalena,Nuevo,2026-05-06,carlos963@correo.pe,966325397.0
964,15329257,Noemí,Chávez Mego,Cajamarca,Frecuente,2025-12-13,noemi964@correo.pe,996442592.0
965,41270061,Marleni,Guevara Rojas,Cajabamba,Frecuente,2025-08-05,marleni965@correo.pe,914150073.0
966,16217438,Carlos,Vásquez Cabrera,Los Baños,Nuevo,2025-07-12,carlos966@correo.pe,986074288.0
967,46971730,Yesenia,Torres Vásquez,Cajabamba,Nuevo,2025-10-11,yesenia967@correo.pe,926705568.0
968,34264298,Yesenia,Alva Tello,Cajamarca,Frecuente,2026-03-02,yesenia968@correo.pe,995375591.0
969,17844593,Edwin,Flores Díaz,Cajamarca,Nuevo,2025-07-24,edwin969@correo.pe,978347455.0
970,28829297,Camila,Aguilar Coronel,Cajamarca,Nuevo,2026-07-03,camila970@correo.pe,920676512.0
971,48624392,Fernando,Becerra Díaz,Celendín,Nuevo,2026-03-04,fernando971@correo.pe,943520650.0
972,16116894,Diego,Pérez Guevara,Cajamarca,Nuevo,2026-09-05,diego972@correo.pe,934130795.0
973,71930327,Sofía,Sánchez Llamo,Cajamarca,Nuevo,2026-03-24,sofia973@correo.pe,913261862.0
974,67335125,Camila,Flores Quispe,Jesús,Frecuente,2025-08-10,camila974@correo.pe,935570315.0
975,33416338,Pedro,Mego Pérez,Cajamarca,Frecuente,2026-06-21,pedro975@correo.pe,974470191.0
976,50038636,Luis,Ramos Aguilar,Cajamarca,Nuevo,2025-09-01,luis976@correo.pe,998400113.0
977,55136304,Carmen,Quispe Díaz,Cajamarca,Nuevo,2025-08-31,carmen977@correo.pe,959758664.0
978,23103505,Gabriela,Mendoza Díaz,Cajamarca,Nuevo,2025-11-05,gabriela978@correo.pe,962000052.0
979,60602491,Rosa,Bardales Bardales,Cajamarca,Corporativo,2026-01-28,,973612107.0
980,37877122,Luis,Rojas Mendoza,Cajamarca,Frecuente,2026-08-28,luis980@correo.pe,966752964.0
981,79844158,Jorge,Sánchez Lozano,Cajamarca,Nuevo,2025-12-13,jorge981@correo.pe,943037404.0
982,22141879,Luz,Bardales Rojas,Baños del Inca,Nuevo,2026-09-13,luz982@correo.pe,941693543.0
983,51728313,Andrés,Terrones Chávez,Cajamarca,Frecuente,2025-12-27,,978412932.0
984,54172273,Pedro,Tello Huamán,Namora,Nuevo,2025-07-25,pedro984@correo.pe,980224667.0
985,36171315,Noemí,Ramos Vásquez,Cajamarca,Nuevo,2026-06-10,noemi985@correo.pe,922048310.0
986,27396155,Sofía,Guevara Sánchez,Jesús,Nuevo,2026-05-02,sofia986@correo.pe,979553991.0
987,38563424,Ana,Sangay Quispe,Cajamarca,Nuevo,2025-06-03,ana987@correo.pe,985006596.0
988,25302734,Miguel,Lozano Huamán,Cajamarca,Nuevo,2025-07-10,miguel988@correo.pe,959300467.0
989,68346397,Jorge,Ramos Quispe,Llacanora,Frecuente,2025-06-08,jorge989@correo.pe,968869904.0
990,71937103,Valeria,Mendoza Llamo,Cajamarca,Nuevo,2026-08-28,valeria990@correo.pe,955181858.0
991,35612194,Gabriela,Díaz Díaz,Baños del Inca,Frecuente,2026-05-14,gabriela991@correo.pe,984202574.0
992,59784316,Luis,Mego Huamán,Baños del Inca,Nuevo,2026-08-22,luis992@correo.pe,961598612.0
993,61587561,Héctor,Becerra Zelada,Cajamarca,Nuevo,2025-09-06,hector993@correo.pe,937259781.0
994,27555180,Ricardo,Chávez Quispe,Cajabamba,Nuevo,2025-07-22,ricardo994@correo.pe,952401812.0
995,73555461,Andrés,Vásquez Tello,Cajamarca,Frecuente,2026-03-14,andres995@correo.pe,942623146.0
996,76394059,Segundo,Ramos Mendoza,Cajabamba,Frecuente,2026-08-14,segundo996@correo.pe,951436200.0
997,79862229,Wilmer,Aguilar Guevara,Cajamarca,Frecuente,2025-06-22,wilmer997@correo.pe,936565821.0
998,50944440,Valeria,Sánchez Guevara,San Juan,Frecuente,2025-07-09,valeria998@correo.pe,974442447.0
999,51116081,Valeria,Rojas Mendoza,Jesús,Nuevo,2025-06-12,valeria999@correo.pe,921161823.0
1000,79474343,Edwin,Cabrera Vásquez,Cajamarca,Frecuente,2026-03-26,edwin1000@correo.pe,923504933.0
1001,30077339,Diego,Guevara Chávez,Cajamarca,Frecuente,2026-02-07,diego1001@correo.pe,926804703.0
1002,67569138,Patricia,Vásquez Sánchez,Cajabamba,Nuevo,2025-09-07,patricia1002@correo.pe,971892976.0
1003,22441935,Wilmer,Pérez Castrejón,Cajamarca,Frecuente,2026-03-16,wilmer1003@correo.pe,932172367.0
1004,70356672,Juan,Castrejón Huamán,Cajamarca,Nuevo,2025-08-02,juan1004@correo.pe,970759345.0
1005,21461841,Carlos,Sánchez Tello,Cajamarca,Frecuente,2026-04-05,carlos1005@correo.pe,983828871.0
1006,45578724,Carlos,Terrones Zelada,Cajamarca,Frecuente,2026-08-21,carlos1006@correo.pe,925625445.0
1007,40015617,Fernando,Rojas Sangay,Los Baños,Frecuente,2025-06-10,fernando1007@correo.pe,932234898.0
1008,74294311,Miguel,Rojas Coronel,Cajamarca,Nuevo,2025-06-03,miguel1008@correo.pe,914295276.0
1009,64861724,Andrés,Lozano Lozano,Cajamarca,Nuevo,2026-08-21,andres1009@correo.pe,917294767.0
1010,71515417,Héctor,Sánchez Ramos,Cajamarca,Frecuente,2025-09-14,hector1010@correo.pe,985312834.0
1011,24261356,Ana,Flores Mendoza,Cajabamba,Nuevo,2026-03-06,ana1011@correo.pe,963757142.0
1012,11469026,Elena,Cueva Ramos,Cajamarca,Nuevo,2025-10-02,elena1012@correo.pe,968301607.0
1013,25511175,Diego,Mendoza Huamán,Cajamarca,Nuevo,2026-02-14,diego1013@correo.pe,910498738.0
1014,55650039,Pedro,Ramos Alva,Namora,Nuevo,2026-06-18,pedro1014@correo.pe,993183012.0
1015,30566301,Wilmer,Cabrera Vásquez,Cajamarca,Nuevo,2026-07-29,wilmer1015@correo.pe,989739829.0
1016,22842511,Rosa,Pérez Terrones,Jesús,Nuevo,2025-07-15,rosa1016@correo.pe,986908747.0
1017,75633607,Ana,Chávez Lozano,Cajamarca,Nuevo,2025-09-25,ana1017@correo.pe,946890208.0
1018,53071346,Carmen,Alva Becerra,Baños del Inca,Nuevo,2025-09-20,carmen1018@correo.pe,982796703.0
1019,15184061,Carlos,Castrejón Cabrera,Cajamarca,Nuevo,2025-10-01,carlos1019@correo.pe,946721953.0
1020,27774040,Luz,Zelada Coronel,Cajamarca,Frecuente,2025-08-12,luz1020@correo.pe,942045299.0
1021,68772293,Gabriela,Becerra Torres,San Juan,Nuevo,2025-11-02,gabriela1021@correo.pe,919779901.0
1022,30076710,Diego,Alva Alva,Magdalena,Nuevo,2026-01-03,diego1022@correo.pe,959184006.0
1023,47786360,Elena,Huamán Pérez,Baños del Inca,Corporativo,2026-06-08,elena1023@correo.pe,942655989.0
1024,40632162,Luz,Quispe Cueva,Cajamarca,Corporativo,2026-07-23,luz1024@correo.pe,917894247.0
1025,44735695,Elena,Torres Vásquez,Cajamarca,Frecuente,2026-01-22,elena1025@correo.pe,928068439.0
1026,18164767,Ana,Díaz Ramos,Baños del Inca,Nuevo,2025-07-20,ana1026@correo.pe,984423982.0
1027,21080317,Sofía,Torres Chávez,Cajamarca,Nuevo,2025-09-28,sofia1027@correo.pe,986106188.0
1028,36372518,Luz,Lozano Becerra,Baños del Inca,Nuevo,2026-03-15,luz1028@correo.pe,963133110.0
1029,54161739,Miguel,Bardales Llamo,Cajamarca,Corporativo,2025-09-29,miguel1029@correo.pe,911428065.0
1030,44594542,Pedro,Coronel Tello,Llacanora,Frecuente,2026-04-05,pedro1030@correo.pe,920044638.0
1031,17970565,Noemí,Díaz Cueva,Los Baños,Frecuente,2026-07-01,noemi1031@correo.pe,939181377.0
1032,45961125,Milagros,Ramos Torres,Cajamarca,Nuevo,2026-06-28,milagros1032@correo.pe,925240494.0
1033,52276072,Rosa,Sánchez Ramos,Cajamarca,Nuevo,2026-02-05,rosa1033@correo.pe,961384194.0
1034,49513060,Valeria,Quispe Chávez,Baños del Inca,Nuevo,2026-08-24,valeria1034@correo.pe,999122320.0
1035,47986241,Héctor,Terrones Tello,Cajamarca,Nuevo,2026-01-19,hector1035@correo.pe,978850639.0
1036,11904403,Sofía,Sánchez Guevara,Namora,Nuevo,2025-12-30,sofia1036@correo.pe,912680098.0
1037,32303279,Sofía,Huamán Alva,San Juan,Frecuente,2025-08-09,sofia1037@correo.pe,952578866.0
1038,79174060,Rosa,Llamo Sangay,Cajamarca,Nuevo,2026-06-12,rosa1038@correo.pe,966968397.0
1039,58084263,Fernando,Rojas Bardales,Llacanora,Nuevo,2026-02-22,fernando1039@correo.pe,993224990.0
1040,74406093,Diego,Coronel Castrejón,Cajamarca,Nuevo,2026-07-30,diego1040@correo.pe,923794465.0
1041,14432254,Segundo,Castrejón Torres,Baños del Inca,Nuevo,2025-11-07,segundo1041@correo.pe,975486046.0
1042,25409122,Jorge,Ramos Guevara,Baños del Inca,Nuevo,2025-07-29,jorge1042@correo.pe,996614390.0
1043,27824911,Segundo,Cueva Alva,Baños del Inca,Nuevo,2026-06-12,segundo1043@correo.pe,979612924.0
1044,17242641,Segundo,Ramos Llamo,Cajamarca,Nuevo,2026-05-18,segundo1044@correo.pe,966723059.0
1045,10597340,Carlos,Chávez Lozano,Baños del Inca,Frecuente,2025-10-01,carlos1045@correo.pe,930820979.0
1046,47674457,María,Alva Cabrera,Cajamarca,Nuevo,2026-04-10,maria1046@correo.pe,973056726.0
1047,66290177,Andrés,Rojas Pérez,Cajamarca,Frecuente,2026-04-29,andres1047@correo.pe,993207027.0
1048,57538106,Miguel,Terrones Vásquez,Los Baños,Nuevo,2026-03-13,miguel1048@correo.pe,985441848.0
1049,45177803,Fernando,Sangay Cueva,Cajabamba,Frecuente,2026-03-05,fernando1049@correo.pe,938532673.0
1050,32996855,Patricia,Tello Quispe,Cajamarca,Nuevo,2026-05-17,patricia1050@correo.pe,961147994.0
1051,25986096,Héctor,Pérez Becerra,San Juan,Corporativo,2025-07-19,hector1051@correo.pe,966150123.0
1052,13080564,Pedro,Becerra Aguilar,Cajamarca,Nuevo,2026-02-09,pedro1052@correo.pe,949766340.0
1053,65091582,Gabriela,Díaz Llamo,Celendín,Frecuente,2026-04-24,gabriela1053@correo.pe,928173290.0
1054,42953018,Diego,Chávez Sangay,Cajamarca,Nuevo,2025-10-14,diego1054@correo.pe,955885399.0
1055,22706415,Valeria,Díaz Lozano,Cajamarca,Nuevo,2026-05-24,valeria1055@correo.pe,957816498.0
1056,30850190,Diego,Sangay Cueva,Celendín,Nuevo,2026-05-23,diego1056@correo.pe,989468921.0
1057,10585130,Carmen,Lozano Lozano,Cajamarca,Nuevo,2026-03-14,carmen1057@correo.pe,941271834.0
1058,78415302,Andrés,Pérez Mego,San Juan,Nuevo,2026-06-22,andres1058@correo.pe,981767078.0
1059,69862268,Rosa,Castrejón Alva,Cajamarca,Corporativo,2026-05-18,rosa1059@correo.pe,998653430.0
1060,54646604,Luz,Castrejón Cueva,Cajamarca,Nuevo,2025-10-18,,937118227.0
1061,69393573,José,Coronel Cueva,Baños del Inca,Frecuente,2026-09-10,jose1061@correo.pe,947560064.0
1062,28099610,Rosa,Alva Becerra,Baños del Inca,Nuevo,2025-11-19,rosa1062@correo.pe,910458400.0
1063,62682834,Gabriela,Llamo Rojas,Cajamarca,Nuevo,2026-02-21,gabriela1063@correo.pe,961118889.0
1064,74722553,Carlos,Cabrera Chávez,Cajamarca,Nuevo,2026-08-26,carlos1064@correo.pe,945775676.0
1065,13465351,Edwin,Quispe Rojas,Cajamarca,Nuevo,2026-08-10,edwin1065@correo.pe,927233435.0
1066,42159166,Marleni,Cueva Rojas,Cajamarca,Frecuente,2026-06-09,marleni1066@correo.pe,986363152.0
1067,79056312,Wilmer,Terrones Llamo,Cajamarca,Nuevo,2025-06-23,wilmer1067@correo.pe,994455478.0
1068,48342137,Jorge,Llamo Quispe,Cajamarca,Nuevo,2026-03-14,jorge1068@correo.pe,980754169.0
1069,46444735,Rosa,Huamán Flores,Cajamarca,Nuevo,2026-01-20,rosa1069@correo.pe,950520308.0
1070,32350940,Fernando,Ramos Tello,Cajamarca,Nuevo,2026-03-25,fernando1070@correo.pe,931701477.0
1071,68083654,Fernando,Vásquez Lozano,Cajamarca,Nuevo,2026-01-17,fernando1071@correo.pe,950917943.0
1072,10770884,Valeria,Mego Terrones,Los Baños,Corporativo,2026-02-26,valeria1072@correo.pe,981666484.0
1073,52700766,Gabriela,Pérez Ramos,Cajabamba,Corporativo,2026-02-01,gabriela1073@correo.pe,964796421.0
1074,25913927,Carmen,Cueva Cueva,Cajamarca,Nuevo,2025-07-10,carmen1074@correo.pe,968350487.0
1075,70290886,Camila,Aguilar Castrejón,San Juan,Nuevo,2026-09-07,camila1075@correo.pe,944259237.0
1076,62240966,Segundo,Díaz Huamán,Los Baños,Nuevo,2025-09-26,segundo1076@correo.pe,929506672.0
1077,52434200,Elena,Huamán Terrones,Cajamarca,Nuevo,2025-12-09,elena1077@correo.pe,986820302.0
1078,34452095,Elena,Llamo Flores,Magdalena,Corporativo,2026-08-28,elena1078@correo.pe,986319304.0
1079,12862309,Camila,Mego Aguilar,Baños del Inca,Nuevo,2026-08-05,camila1079@correo.pe,972519832.0
1080,59283204,Ana,Rojas Guevara,Cajamarca,Nuevo,2025-09-18,ana1080@correo.pe,921012666.0
1081,14155847,Marleni,Torres Alva,Baños del Inca,Nuevo,2026-08-05,marleni1081@correo.pe,927130472.0
1082,33784917,Ricardo,Sangay Ramos,Cajamarca,Frecuente,2026-01-29,ricardo1082@correo.pe,962038438.0
1083,43712120,Diego,Sánchez Ramos,Cajamarca,Nuevo,2025-09-25,diego1083@correo.pe,989451887.0
1084,29414108,Jorge,Ramos Guevara,Magdalena,Nuevo,2026-07-28,jorge1084@correo.pe,912946625.0
1085,45598665,Juan,Cabrera Guevara,Cajamarca,Nuevo,2025-09-03,juan1085@correo.pe,996731241.0
1086,18468623,Marleni,Vásquez Zelada,Cajamarca,Nuevo,2026-06-20,marleni1086@correo.pe,923665135.0
1087,12813275,Ricardo,Cabrera Guevara,Cajamarca,Nuevo,2026-03-01,ricardo1087@correo.pe,962324866.0
1088,65904292,Marleni,Terrones Zelada,Baños del Inca,Nuevo,2026-04-06,marleni1088@correo.pe,975952396.0
1089,73646466,Yesenia,Mego Mendoza,Baños del Inca,Nuevo,2026-04-18,yesenia1089@correo.pe,969676841.0
1090,26733268,Carlos,Zelada Huamán,San Juan,Nuevo,2026-01-30,carlos1090@correo.pe,935454622.0
1091,78476484,Ricardo,Rojas Mendoza,Cajabamba,Frecuente,2025-12-11,ricardo1091@correo.pe,947582844.0
1092,71003388,José,Quispe Díaz,Jesús,Frecuente,2026-07-17,jose1092@correo.pe,955637068.0
1093,63312882,Wilmer,Aguilar Huamán,Cajamarca,Nuevo,2026-05-04,wilmer1093@correo.pe,952628568.0
1094,64493899,Andrés,Guevara Bardales,Cajamarca,Frecuente,2026-05-13,andres1094@correo.pe,929575392.0
1095,40511298,Juan,Lozano Tello,Cajamarca,Nuevo,2025-12-25,juan1095@correo.pe,974504677.0
1096,23714816,Wilmer,Pérez Castrejón,Cajamarca,Nuevo,2026-04-21,wilmer1096@correo.pe,933421339.0
1097,77391395,Wilmer,Terrones Sánchez,Cajamarca,Nuevo,2026-09-13,wilmer1097@correo.pe,912321716.0
1098,35242610,Diego,Llamo Sánchez,Cajabamba,Nuevo,2025-11-10,diego1098@correo.pe,977756103.0
1099,53753391,Rosa,Ramos Bardales,Cajamarca,Nuevo,2026-01-02,rosa1099@correo.pe,943304569.0
1100,42179214,Pedro,Zelada Rojas,Baños del Inca,Nuevo,2025-10-02,pedro1100@correo.pe,924137234.0
1101,77043980,Elena,Becerra Zelada,Baños del Inca,Frecuente,2025-08-13,elena1101@correo.pe,957063497.0
1102,65795647,Jorge,Chávez Aguilar,Cajamarca,Nuevo,2026-09-09,jorge1102@correo.pe,925973809.0
1103,11669618,Héctor,Aguilar Zelada,Baños del Inca,Corporativo,2026-04-25,hector1103@correo.pe,993277461.0
1104,64171714,Héctor,Sánchez Becerra,Cajamarca,Nuevo,2026-08-15,hector1104@correo.pe,940185075.0
1105,36603571,Ana,Coronel Mego,Llacanora,Nuevo,2026-03-11,ana1105@correo.pe,911840426.0
1106,51717859,Ricardo,Aguilar Chávez,Cajamarca,Nuevo,2026-04-15,ricardo1106@correo.pe,949688542.0
1107,61241091,Ricardo,Becerra Flores,Cajamarca,Nuevo,2026-06-30,ricardo1107@correo.pe,942614204.0
1108,62779007,Elena,Guevara Cueva,Cajamarca,Frecuente,2026-07-31,elena1108@correo.pe,911173607.0
1109,10334186,Miguel,Chávez Chávez,Cajamarca,Frecuente,2025-07-25,miguel1109@correo.pe,970694128.0
1110,25109910,Carmen,Becerra Flores,Cajamarca,Frecuente,2026-08-17,carmen1110@correo.pe,976310924.0
1111,37819799,Milagros,Coronel Flores,San Juan,Nuevo,2025-10-09,milagros1111@correo.pe,912196334.0
1112,41994684,Héctor,Quispe Quispe,Cajamarca,Nuevo,2025-10-24,hector1112@correo.pe,926327880.0
1113,48333894,Diego,Vásquez Rojas,Cajamarca,Nuevo,2025-07-03,diego1113@correo.pe,977704160.0
1114,66849921,Juan,Cabrera Quispe,Cajamarca,Frecuente,2026-05-26,juan1114@correo.pe,912154248.0
1115,55088007,Noemí,Guevara Ramos,Celendín,Nuevo,2026-08-01,noemi1115@correo.pe,984342669.0
1116,29337811,Fernando,Chávez Tello,Los Baños,Nuevo,2026-08-03,fernando1116@correo.pe,941521750.0
1117,16114759,Gabriela,Cueva Cabrera,Cajamarca,Nuevo,2025-08-01,gabriela1117@correo.pe,986492766.0
1118,29066295,Miguel,Coronel Castrejón,Llacanora,Nuevo,2025-08-28,miguel1118@correo.pe,933892324.0
1119,79209518,María,Llamo Sánchez,Cajamarca,Frecuente,2026-07-23,maria1119@correo.pe,934007236.0
1120,65487847,Diego,Flores Guevara,San Juan,Frecuente,2026-03-03,diego1120@correo.pe,919506721.0
1121,70810229,Jorge,Terrones Cueva,Baños del Inca,Frecuente,2025-06-06,jorge1121@correo.pe,941608642.0
1122,35687190,Carmen,Sangay Flores,Cajamarca,Nuevo,2025-11-09,carmen1122@correo.pe,985658196.0
1123,75103251,Miguel,Díaz Cabrera,Cajamarca,Nuevo,2025-12-06,miguel1123@correo.pe,956191669.0
1124,71488809,Rosa,Rojas Vásquez,Cajamarca,Frecuente,2026-03-08,rosa1124@correo.pe,972931842.0
1125,76470035,Jorge,Torres Torres,Cajamarca,Nuevo,2025-10-07,jorge1125@correo.pe,919442564.0
1126,15594283,Carlos,Rojas Sánchez,Cajamarca,Frecuente,2026-03-04,carlos1126@correo.pe,959642005.0
1127,64143781,Gabriela,Huamán Torres,Llacanora,Nuevo,2026-03-07,,991819462.0
1128,37015118,Milagros,Sangay Díaz,Cajamarca,Nuevo,2025-11-01,milagros1128@correo.pe,925930069.0
1129,26796336,Camila,Sánchez Aguilar,Cajamarca,Frecuente,2026-03-18,camila1129@correo.pe,943620653.0
1130,73543137,Segundo,Castrejón Llamo,Cajamarca,Nuevo,2025-10-10,segundo1130@correo.pe,992674921.0
1131,53202485,Fernando,Bardales Chávez,Baños del Inca,Nuevo,2025-07-02,fernando1131@correo.pe,944353978.0
1132,15661101,Fernando,Sangay Guevara,Llacanora,Nuevo,2026-05-09,fernando1132@correo.pe,972942744.0
1133,64196988,Ana,Ramos Ramos,Cajamarca,Nuevo,2026-03-30,ana1133@correo.pe,954299670.0
1134,37891096,Carmen,Mego Terrones,Los Baños,Nuevo,2026-02-12,carmen1134@correo.pe,984508998.0
1135,77260572,Noemí,Cabrera Ramos,Los Baños,Frecuente,2026-04-22,noemi1135@correo.pe,949393778.0
1136,56227529,Fernando,Cueva Terrones,Baños del Inca,Nuevo,2026-03-17,fernando1136@correo.pe,933406834.0
1137,78551561,Luz,Ramos Sánchez,Cajamarca,Nuevo,2026-07-03,luz1137@correo.pe,963435099.0
1138,25075626,Marleni,Alva Lozano,Celendín,Nuevo,2026-01-27,marleni1138@correo.pe,980978139.0
1139,52671936,María,Pérez Terrones,Baños del Inca,Nuevo,2026-05-13,maria1139@correo.pe,932190602.0
1140,32467722,Wilmer,Coronel Coronel,Cajamarca,Nuevo,2025-08-17,wilmer1140@correo.pe,949155039.0
1141,38808787,Fernando,Huamán Cabrera,Baños del Inca,Nuevo,2026-01-19,fernando1141@correo.pe,944527901.0
1142,53555149,Marleni,Ramos Cueva,Baños del Inca,Nuevo,2026-07-20,marleni1142@correo.pe,951909978.0
1143,69301653,Ricardo,Terrones Vásquez,Cajamarca,Nuevo,2025-08-16,ricardo1143@correo.pe,981435192.0
1144,18007307,Héctor,Sangay Torres,Cajamarca,Frecuente,2026-05-06,hector1144@correo.pe,957170450.0
1145,36525424,Noemí,Flores Terrones,Cajamarca,Frecuente,2026-03-17,noemi1145@correo.pe,947756229.0
1146,60877555,Luis,Sánchez Bardales,Magdalena,Nuevo,2026-07-15,luis1146@correo.pe,971302665.0
1147,19409902,Sofía,Lozano Zelada,Cajamarca,Corporativo,2025-09-01,sofia1147@correo.pe,960740056.0
1148,54507867,Rosa,Castrejón Díaz,Cajamarca,Nuevo,2026-04-29,rosa1148@correo.pe,941043443.0
1149,15495611,Rosa,Zelada Lozano,Cajamarca,Nuevo,2025-06-08,rosa1149@correo.pe,958962943.0
1150,49294842,Patricia,Llamo Castrejón,Cajamarca,Frecuente,2025-11-15,patricia1150@correo.pe,916390201.0
1151,13284853,Yesenia,Alva Llamo,Cajamarca,Nuevo,2026-07-30,yesenia1151@correo.pe,989111435.0
1152,67583199,Milagros,Aguilar Pérez,Baños del Inca,Frecuente,2025-07-07,milagros1152@correo.pe,916976623.0
1153,46411052,Jorge,Tello Bardales,Cajamarca,Frecuente,2025-07-22,jorge1153@correo.pe,926256470.0
1154,34183242,Luis,Lozano Quispe,Baños del Inca,Nuevo,2026-02-01,luis1154@correo.pe,993459659.0
1155,58289746,Camila,Huamán Lozano,Celendín,Frecuente,2026-04-14,camila1155@correo.pe,927818882.0
1156,25434026,María,Torres Mendoza,Celendín,Nuevo,2026-03-18,maria1156@correo.pe,916534199.0
1157,75827341,Marleni,Alva Torres,Llacanora,Nuevo,2026-05-30,marleni1157@correo.pe,954907512.0
1158,11325535,Valeria,Llamo Díaz,San Juan,Nuevo,2025-09-22,valeria1158@correo.pe,966612302.0
1159,35040720,Noemí,Guevara Lozano,Cajamarca,Frecuente,2025-09-27,noemi1159@correo.pe,919615012.0
1160,78659538,Gabriela,Díaz Coronel,Cajamarca,Frecuente,2026-04-23,gabriela1160@correo.pe,977337684.0
1161,57081164,José,Guevara Zelada,Baños del Inca,Nuevo,2025-06-16,jose1161@correo.pe,984580943.0
1162,67053107,María,Zelada Becerra,Celendín,Nuevo,2025-09-19,maria1162@correo.pe,937228878.0
1163,21683319,Valeria,Cueva Guevara,Cajamarca,Frecuente,2026-03-04,valeria1163@correo.pe,978500064.0
1164,28893676,Juan,Becerra Llamo,Cajamarca,Nuevo,2026-06-22,juan1164@correo.pe,993468880.0
1165,27641215,Patricia,Cueva Aguilar,Cajamarca,Nuevo,2025-09-12,patricia1165@correo.pe,944516690.0
1166,43720180,Sofía,Tello Vásquez,Cajamarca,Nuevo,2026-03-07,sofia1166@correo.pe,936353825.0
1167,57668402,Luis,Terrones Vásquez,Cajamarca,Nuevo,2025-06-17,luis1167@correo.pe,931205403.0
1168,35116065,Diego,Alva Cabrera,San Juan,Nuevo,2025-10-13,diego1168@correo.pe,960976051.0
1169,58839453,Gabriela,Vásquez Rojas,Cajamarca,Nuevo,2026-06-28,gabriela1169@correo.pe,979990915.0
1170,42716170,Pedro,Becerra Guevara,Cajamarca,Nuevo,2025-10-08,pedro1170@correo.pe,938859348.0
1171,30849369,Valeria,Pérez Aguilar,Cajamarca,Nuevo,2026-07-11,valeria1171@correo.pe,958731763.0
1172,55356554,Camila,Becerra Sánchez,Celendín,Nuevo,2026-05-18,camila1172@correo.pe,945725531.0
1173,23110082,Camila,Quispe Llamo,Cajamarca,Nuevo,2025-11-07,camila1173@correo.pe,941295884.0
1174,58764635,Carlos,Quispe Aguilar,Cajamarca,Nuevo,2026-05-26,carlos1174@correo.pe,937930048.0
1175,60843935,Andrés,Terrones Castrejón,Baños del Inca,Frecuente,2026-05-08,andres1175@correo.pe,961230561.0
1176,42263139,José,Díaz Llamo,Magdalena,Nuevo,2026-07-08,jose1176@correo.pe,988490569.0
1177,24827174,Milagros,Sánchez Cueva,Baños del Inca,Frecuente,2026-05-07,milagros1177@correo.pe,987507718.0
1178,64227705,Wilmer,Aguilar Rojas,Cajabamba,Nuevo,2026-08-12,wilmer1178@correo.pe,977333869.0
1179,55543996,José,Quispe Torres,Cajamarca,Nuevo,2026-09-03,jose1179@correo.pe,913642445.0
1180,68844567,Ana,Guevara Llamo,Baños del Inca,Nuevo,2025-12-20,ana1180@correo.pe,922109499.0
1181,35585651,Rosa,Vásquez Mego,Cajamarca,Nuevo,2026-03-10,rosa1181@correo.pe,964533254.0
1182,63604560,Segundo,Cabrera Tello,Baños del Inca,Nuevo,2025-11-10,segundo1182@correo.pe,924116689.0
1183,45009688,Noemí,Cabrera Tello,Jesús,Nuevo,2025-08-11,noemi1183@correo.pe,938815792.0
1184,35926423,Camila,Guevara Sangay,Cajamarca,Nuevo,2026-08-08,camila1184@correo.pe,986938954.0
1185,58225174,Valeria,Cabrera Flores,Cajamarca,Nuevo,2026-07-14,valeria1185@correo.pe,944762896.0
1186,52479541,Diego,Rojas Mendoza,Cajamarca,Frecuente,2025-12-16,diego1186@correo.pe,978443527.0
1187,20358290,Elena,Ramos Rojas,Cajamarca,Nuevo,2026-04-23,elena1187@correo.pe,992455306.0
1188,70409093,Luz,Tello Tello,Cajamarca,Nuevo,2025-09-10,luz1188@correo.pe,988173828.0
1189,18805543,Fernando,Quispe Cueva,Baños del Inca,Frecuente,2026-04-03,fernando1189@correo.pe,957089644.0
1190,23477680,José,Vásquez Coronel,Celendín,Nuevo,2026-03-19,jose1190@correo.pe,948744408.0
1191,61113245,Héctor,Ramos Sangay,Cajamarca,Nuevo,2026-04-05,hector1191@correo.pe,955304960.0
1192,51562128,Marleni,Díaz Sánchez,Cajamarca,Nuevo,2026-08-30,marleni1192@correo.pe,997000523.0
1193,17071579,Ricardo,Llamo Díaz,Cajamarca,Nuevo,2025-12-24,ricardo1193@correo.pe,964873384.0
1194,51851165,Edwin,Castrejón Sánchez,Baños del Inca,Nuevo,2025-07-22,edwin1194@correo.pe,996865873.0
1195,76294739,Juan,Quispe Cabrera,Cajamarca,Nuevo,2025-10-12,juan1195@correo.pe,989300879.0
1196,23836157,María,Terrones Sánchez,Cajamarca,Nuevo,2026-09-09,,938087132.0
1197,38060444,Luis,Vásquez Torres,Los Baños,Corporativo,2025-06-30,luis1197@correo.pe,995462405.0
1198,63045652,Milagros,Guevara Cabrera,Celendín,Frecuente,2026-04-29,milagros1198@correo.pe,965577004.0
1199,77691961,Ana,Díaz Coronel,Cajamarca,Nuevo,2026-08-02,ana1199@correo.pe,949050857.0
1200,11212012,Carlos,Coronel Castrejón,Cajabamba,Nuevo,2026-03-13,carlos1200@correo.pe,976981793.0
1201,49168680,María,Tello Mendoza,Cajamarca,Nuevo,2025-09-28,maria1201@correo.pe,954505310.0
1202,20294291,Segundo,Becerra Sangay,Cajamarca,Nuevo,2025-09-18,segundo1202@correo.pe,916963870.0
1203,63583840,Héctor,Alva Zelada,Magdalena,Nuevo,2025-12-11,hector1203@correo.pe,941438368.0
1204,36280343,Milagros,Tello Huamán,Cajamarca,Nuevo,2025-12-16,milagros1204@correo.pe,921018673.0
1205,53574809,Valeria,Chávez Rojas,Cajamarca,Frecuente,2026-06-24,valeria1205@correo.pe,942321979.0
1206,55967128,Patricia,Mego Zelada,Cajamarca,Corporativo,2025-06-06,patricia1206@correo.pe,956095881.0
1207,29436605,Miguel,Huamán Ramos,Baños del Inca,Frecuente,2026-09-11,miguel1207@correo.pe,915587856.0
1208,43877756,Yesenia,Torres Cueva,Baños del Inca,Nuevo,2026-07-20,yesenia1208@correo.pe,952600684.0
1209,13113303,Héctor,Aguilar Díaz,Cajabamba,Nuevo,2025-06-29,hector1209@correo.pe,951272568.0
1210,16205511,Luz,Torres Llamo,San Juan,Nuevo,2026-07-25,luz1210@correo.pe,952715796.0
1211,29679289,Valeria,Mendoza Terrones,Cajamarca,Frecuente,2025-11-05,valeria1211@correo.pe,960253307.0
1212,52600526,Wilmer,Coronel Sánchez,Llacanora,Nuevo,2025-08-22,wilmer1212@correo.pe,979732390.0
1213,71474966,Héctor,Huamán Zelada,Baños del Inca,Frecuente,2025-07-11,hector1213@correo.pe,988223494.0
1214,54425350,Pedro,Huamán Ramos,Cajamarca,Frecuente,2026-05-21,pedro1214@correo.pe,911194832.0
1215,49880477,Pedro,Llamo Castrejón,Magdalena,Nuevo,2026-04-29,pedro1215@correo.pe,992350867.0
1216,31718307,Carmen,Bardales Huamán,Cajamarca,Nuevo,2025-06-12,carmen1216@correo.pe,915799877.0
1217,29376586,Segundo,Guevara Díaz,Cajamarca,Frecuente,2026-01-08,segundo1217@correo.pe,947405295.0
1218,16717607,Valeria,Terrones Terrones,Cajamarca,Nuevo,2025-10-14,valeria1218@correo.pe,972790699.0
1219,22861602,Ana,Coronel Huamán,Cajamarca,Nuevo,2026-08-01,ana1219@correo.pe,931503021.0
1220,37782036,Pedro,Torres Alva,Baños del Inca,Nuevo,2026-03-14,pedro1220@correo.pe,985216138.0
1221,36097747,Diego,Pérez Rojas,Cajamarca,Nuevo,2025-10-28,diego1221@correo.pe,942764941.0
1222,44444145,Sofía,Pérez Mego,Cajamarca,Frecuente,2025-11-26,sofia1222@correo.pe,937277960.0
1223,29979439,Segundo,Mendoza Aguilar,Baños del Inca,Nuevo,2025-10-30,segundo1223@correo.pe,997054593.0
1224,38448636,Luz,Tello Cueva,Jesús,Nuevo,2025-08-26,,958100779.0
1225,72090830,Fernando,Aguilar Lozano,Cajamarca,Frecuente,2025-11-03,fernando1225@correo.pe,971623425.0
1226,74342692,Luz,Coronel Alva,Jesús,Frecuente,2025-09-28,luz1226@correo.pe,927250033.0
1227,39437522,Luis,Sánchez Sánchez,Cajamarca,Nuevo,2025-08-07,luis1227@correo.pe,925798147.0
1228,63158925,Sofía,Aguilar Flores,Cajabamba,Nuevo,2025-06-17,sofia1228@correo.pe,981368065.0
1229,38223190,Juan,Tello Huamán,Cajamarca,Nuevo,2026-03-23,juan1229@correo.pe,918786309.0
1230,43837673,Carmen,Alva Quispe,Cajamarca,Nuevo,2026-03-25,carmen1230@correo.pe,971052090.0
1231,66140976,Andrés,Flores Rojas,Baños del Inca,Frecuente,2026-01-12,andres1231@correo.pe,931652918.0
1232,44246120,Fernando,Bardales Díaz,Jesús,Frecuente,2025-12-17,fernando1232@correo.pe,985600955.0
1233,34051380,María,Aguilar Rojas,Cajamarca,Nuevo,2026-08-20,maria1233@correo.pe,927798628.0
1234,40234595,Juan,Castrejón Castrejón,Cajamarca,Nuevo,2025-09-19,juan1234@correo.pe,969449160.0
1235,14996574,Valeria,Castrejón Torres,Magdalena,Frecuente,2026-08-28,valeria1235@correo.pe,914279059.0
1236,52934645,Carmen,Chávez Lozano,Cajamarca,Frecuente,2026-06-18,carmen1236@correo.pe,932511681.0
1237,75529151,Valeria,Díaz Alva,Baños del Inca,Nuevo,2025-12-02,valeria1237@correo.pe,961419052.0
1238,32295144,Carmen,Coronel Cueva,Baños del Inca,Frecuente,2025-11-29,carmen1238@correo.pe,911197393.0
1239,69175157,Camila,Quispe Vásquez,Llacanora,Nuevo,2026-08-03,camila1239@correo.pe,951409865.0
1240,33234567,Andrés,Coronel Guevara,Baños del Inca,Nuevo,2025-11-11,andres1240@correo.pe,924544073.0
1241,16751832,Patricia,Tello Ramos,Cajamarca,Nuevo,2025-07-05,,990984909.0
1242,37367253,Miguel,Rojas Sangay,Cajamarca,Frecuente,2026-06-16,miguel1242@correo.pe,979713206.0
1243,16107108,Patricia,Huamán Chávez,San Juan,Nuevo,2025-08-28,patricia1243@correo.pe,999706569.0
1244,37266793,Camila,Quispe Mego,Cajamarca,Nuevo,2025-07-22,camila1244@correo.pe,957356458.0
1245,60995788,Jorge,Mego Coronel,Cajamarca,Nuevo,2025-10-15,jorge1245@correo.pe,967550238.0
1246,56370522,Segundo,Tello Flores,Cajamarca,Nuevo,2026-05-24,segundo1246@correo.pe,959646148.0
1247,45563365,Camila,Llamo Alva,Cajamarca,Frecuente,2026-07-12,camila1247@correo.pe,915843594.0
1248,63354405,Andrés,Bardales Coronel,Cajamarca,Nuevo,2025-07-12,andres1248@correo.pe,967022622.0
1249,18436148,Miguel,Chávez Sangay,Cajamarca,Frecuente,2025-10-18,miguel1249@correo.pe,980314463.0
1250,61910466,Marleni,Huamán Cabrera,Celendín,Nuevo,2025-08-11,marleni1250@correo.pe,993444092.0
1251,12068831,Camila,Sánchez Vásquez,Baños del Inca,Nuevo,2025-08-20,camila1251@correo.pe,940982265.0
1252,63706196,Wilmer,Aguilar Lozano,Cajabamba,Corporativo,2025-08-10,wilmer1252@correo.pe,992201004.0
1253,34956066,Wilmer,Coronel Cabrera,Cajabamba,Nuevo,2026-08-04,wilmer1253@correo.pe,956910852.0
1254,64363806,Noemí,Sánchez Becerra,Llacanora,Nuevo,2026-07-27,noemi1254@correo.pe,952926981.0
1255,28331585,Valeria,Llamo Bardales,Cajamarca,Nuevo,2026-04-20,valeria1255@correo.pe,945861610.0
1256,59564130,Miguel,Tello Quispe,Baños del Inca,Frecuente,2026-01-05,miguel1256@correo.pe,965653829.0
1257,68749468,Luz,Huamán Cabrera,Cajamarca,Nuevo,2025-10-08,luz1257@correo.pe,981546438.0
1258,69167532,Elena,Llamo Mendoza,Baños del Inca,Nuevo,2025-07-21,elena1258@correo.pe,981509174.0
1259,68567100,Camila,Quispe Sánchez,Celendín,Nuevo,2025-09-01,camila1259@correo.pe,930581178.0
1260,18198597,Fernando,Vásquez Coronel,Baños del Inca,Frecuente,2026-08-22,fernando1260@correo.pe,926674820.0
1261,74753675,Fernando,Flores Zelada,Llacanora,Nuevo,2026-04-11,fernando1261@correo.pe,980835024.0
1262,67677893,Edwin,Vásquez Tello,Baños del Inca,Frecuente,2026-01-28,edwin1262@correo.pe,910853232.0
1263,22118262,Ana,Becerra Huamán,Cajamarca,Nuevo,2026-04-11,ana1263@correo.pe,949408763.0
1264,34425072,Marleni,Ramos Huamán,Cajamarca,Nuevo,2025-08-31,marleni1264@correo.pe,910290233.0
1265,44197918,Wilmer,Cabrera Díaz,Cajamarca,Frecuente,2026-01-05,wilmer1265@correo.pe,941640517.0
1266,76492075,Sofía,Sánchez Mego,Namora,Frecuente,2025-12-07,sofia1266@correo.pe,953481673.0
1267,63381450,Sofía,Ramos Mendoza,Cajabamba,Nuevo,2026-08-14,sofia1267@correo.pe,980727317.0
1268,36469082,Gabriela,Coronel Bardales,Llacanora,Nuevo,2025-07-26,gabriela1268@correo.pe,999610024.0
1269,69683048,Héctor,Díaz Cabrera,Cajamarca,Nuevo,2026-08-21,hector1269@correo.pe,962909049.0
1270,12016531,Yesenia,Pérez Becerra,Cajabamba,Nuevo,2026-03-04,yesenia1270@correo.pe,954129346.0
1271,30847705,Carmen,Alva Becerra,Los Baños,Frecuente,2026-05-31,carmen1271@correo.pe,983552058.0
1272,23875358,Valeria,Flores Flores,San Juan,Nuevo,2026-03-26,valeria1272@correo.pe,961759131.0
1273,54958308,Ricardo,Castrejón Alva,Cajamarca,Nuevo,2026-07-16,ricardo1273@correo.pe,986283848.0
1274,31392754,Yesenia,Sánchez Terrones,Cajamarca,Nuevo,2025-08-31,yesenia1274@correo.pe,924132107.0
1275,65241617,Héctor,Bardales Mendoza,San Juan,Nuevo,2025-12-12,hector1275@correo.pe,944513589.0
1276,66361729,Héctor,Cabrera Mendoza,Cajamarca,Frecuente,2025-08-27,hector1276@correo.pe,956040728.0
1277,36075249,Edwin,Cueva Cueva,Cajamarca,Nuevo,2026-03-18,edwin1277@correo.pe,993583351.0
1278,26535087,Edwin,Rojas Zelada,Cajamarca,Nuevo,2025-09-24,edwin1278@correo.pe,979104674.0
1279,65644404,María,Aguilar Cabrera,Cajamarca,Corporativo,2025-11-24,maria1279@correo.pe,935763295.0
1280,34078510,Edwin,Pérez Lozano,Baños del Inca,Nuevo,2026-09-05,edwin1280@correo.pe,927628549.0
1281,17377611,Segundo,Pérez Mendoza,Jesús,Nuevo,2025-10-01,segundo1281@correo.pe,978894901.0
1282,48774736,Miguel,Zelada Castrejón,Cajamarca,Nuevo,2026-05-24,miguel1282@correo.pe,922886593.0
1283,48414801,Edwin,Becerra Llamo,Cajamarca,Frecuente,2025-11-03,edwin1283@correo.pe,996957140.0
1284,12895468,Yesenia,Alva Becerra,Baños del Inca,Corporativo,2026-04-27,yesenia1284@correo.pe,976347081.0
1285,10731518,Pedro,Torres Rojas,Cajamarca,Frecuente,2025-11-26,pedro1285@correo.pe,933586522.0
1286,24452287,Juan,Mendoza Llamo,Baños del Inca,Nuevo,2025-09-21,juan1286@correo.pe,929166983.0
1287,79383182,Carlos,Ramos Quispe,Cajamarca,Nuevo,2026-03-13,carlos1287@correo.pe,965140802.0
1288,37289868,Pedro,Huamán Tello,Cajamarca,Frecuente,2026-05-15,pedro1288@correo.pe,965618188.0
1289,53027850,Ricardo,Mendoza Huamán,Cajamarca,Nuevo,2026-07-14,ricardo1289@correo.pe,982230337.0
1290,11045182,Wilmer,Llamo Huamán,Cajamarca,Frecuente,2026-03-22,wilmer1290@correo.pe,976202074.0
1291,24611456,Juan,Torres Zelada,Cajamarca,Nuevo,2025-11-11,juan1291@correo.pe,993169751.0
1292,79256293,Segundo,Llamo Sangay,Cajamarca,Nuevo,2026-07-09,segundo1292@correo.pe,996033284.0
1293,68519756,Gabriela,Tello Cabrera,Cajamarca,Nuevo,2026-07-03,gabriela1293@correo.pe,986698915.0
1294,68540801,Juan,Sánchez Sangay,Cajamarca,Nuevo,2026-04-29,juan1294@correo.pe,938205044.0
1295,72728848,Camila,Zelada Torres,Cajabamba,Nuevo,2025-10-15,camila1295@correo.pe,919347530.0
1296,10956037,Luis,Pérez Coronel,Los Baños,Nuevo,2025-07-05,luis1296@correo.pe,922777748.0
1297,25111686,José,Rojas Zelada,Cajamarca,Nuevo,2025-07-28,jose1297@correo.pe,963539443.0
1298,33998887,Edwin,Ramos Huamán,Baños del Inca,Frecuente,2025-09-01,edwin1298@correo.pe,980227622.0
1299,60245040,Fernando,Huamán Alva,Baños del Inca,Nuevo,2025-07-25,fernando1299@correo.pe,996206700.0
1300,41182061,Elena,Terrones Ramos,Cajamarca,Nuevo,2026-04-15,elena1300@correo.pe,926609848.0
1301,67386174,Marleni,Huamán Coronel,Cajamarca,Nuevo,2026-06-11,marleni1301@correo.pe,994322926.0
1302,15882970,Wilmer,Bardales Castrejón,Llacanora,Nuevo,2025-08-21,wilmer1302@correo.pe,965295709.0
1303,64962347,Camila,Sánchez Cueva,Baños del Inca,Nuevo,2025-08-21,,975103803.0
1304,33408646,Carmen,Llamo Rojas,Cajamarca,Frecuente,2026-08-25,,969735353.0
1305,64312512,Milagros,Flores Castrejón,Cajamarca,Frecuente,2026-04-28,milagros1305@correo.pe,920340047.0
1306,60843982,José,Bardales Quispe,Cajabamba,Frecuente,2026-04-13,jose1306@correo.pe,948783292.0
1307,15157731,Rosa,Bardales Sangay,Cajamarca,Nuevo,2026-05-13,rosa1307@correo.pe,939949390.0
1308,61539106,Héctor,Aguilar Lozano,Namora,Corporativo,2025-07-28,hector1308@correo.pe,970371908.0
1309,21430516,Carlos,Zelada Vásquez,Cajamarca,Nuevo,2025-06-13,carlos1309@correo.pe,980824099.0
1310,23661433,Yesenia,Sánchez Chávez,Cajamarca,Nuevo,2026-08-24,yesenia1310@correo.pe,950876242.0
1311,27439552,Ana,Lozano Pérez,Cajamarca,Frecuente,2026-05-27,ana1311@correo.pe,949002103.0
1312,70539891,Milagros,Chávez Tello,San Juan,Frecuente,2026-03-12,milagros1312@correo.pe,923183039.0
1313,49713238,Milagros,Cabrera Chávez,Baños del Inca,Frecuente,2026-01-11,milagros1313@correo.pe,924010690.0
1314,16655018,Ricardo,Zelada Sangay,Cajamarca,Frecuente,2026-01-01,ricardo1314@correo.pe,933615463.0
1315,70460273,Ricardo,Rojas Cabrera,Baños del Inca,Corporativo,2026-02-14,ricardo1315@correo.pe,960840227.0
1316,30982687,Héctor,Cabrera Alva,San Juan,Nuevo,2025-06-29,hector1316@correo.pe,925944971.0
1317,26772653,Luis,Zelada Vásquez,Magdalena,Nuevo,2026-03-18,luis1317@correo.pe,998683857.0
1318,10347605,Milagros,Coronel Mendoza,Cajabamba,Nuevo,2026-09-07,milagros1318@correo.pe,974356603.0
1319,40317300,Gabriela,Guevara Terrones,Cajamarca,Nuevo,2026-07-13,gabriela1319@correo.pe,914078776.0
1320,14554926,Yesenia,Alva Becerra,Cajamarca,Nuevo,2025-10-30,yesenia1320@correo.pe,994152256.0
1321,21656636,Andrés,Sánchez Coronel,Cajamarca,Nuevo,2026-05-20,andres1321@correo.pe,931466587.0
1322,72867371,Juan,Quispe Huamán,Baños del Inca,Nuevo,2026-08-30,,943170951.0
1323,64170797,Yesenia,Sánchez Huamán,Celendín,Nuevo,2026-01-10,yesenia1323@correo.pe,914168734.0
1324,34878280,Camila,Bardales Aguilar,Cajamarca,Nuevo,2026-04-03,camila1324@correo.pe,916516537.0
1325,13961616,Andrés,Zelada Coronel,Cajamarca,Frecuente,2025-12-19,andres1325@correo.pe,993981774.0
1326,38540823,Fernando,Aguilar Lozano,Cajamarca,Nuevo,2025-10-01,fernando1326@correo.pe,952254005.0
1327,63582576,Segundo,Ramos Flores,Cajamarca,Nuevo,2026-03-12,segundo1327@correo.pe,927026884.0
1328,70428429,Pedro,Mendoza Becerra,Cajabamba,Frecuente,2025-08-26,pedro1328@correo.pe,950772148.0
1329,36664322,Sofía,Becerra Huamán,Cajamarca,Nuevo,2025-12-05,sofia1329@correo.pe,934791290.0
1330,38433017,Andrés,Flores Flores,Cajamarca,Frecuente,2026-04-12,andres1330@correo.pe,950214604.0
1331,21820656,Carlos,Torres Sangay,Cajamarca,Nuevo,2026-01-25,carlos1331@correo.pe,988988552.0
1332,10705175,Diego,Guevara Torres,Jesús,Nuevo,2026-07-21,diego1332@correo.pe,950412345.0
1333,27973392,Héctor,Sangay Ramos,Los Baños,Nuevo,2025-10-08,hector1333@correo.pe,956560865.0
1334,24575945,Valeria,Guevara Ramos,Baños del Inca,Frecuente,2025-09-13,valeria1334@correo.pe,976202192.0
1335,37522030,Miguel,Bardales Cabrera,Baños del Inca,Nuevo,2026-08-10,miguel1335@correo.pe,956747279.0
1336,46955292,Wilmer,Rojas Mendoza,Baños del Inca,Nuevo,2026-05-06,wilmer1336@correo.pe,952787384.0
1337,56759227,Luis,Lozano Huamán,Cajamarca,Corporativo,2025-11-22,luis1337@correo.pe,972582042.0
1338,77905441,Jorge,Becerra Castrejón,Cajamarca,Frecuente,2026-05-17,jorge1338@correo.pe,955695216.0
1339,30420338,Ricardo,Guevara Ramos,Celendín,Frecuente,2025-10-19,ricardo1339@correo.pe,988797601.0
1340,27846145,Camila,Llamo Guevara,Los Baños,Nuevo,2026-01-19,camila1340@correo.pe,985722232.0
1341,36789442,Yesenia,Chávez Lozano,Cajamarca,Nuevo,2025-12-02,yesenia1341@correo.pe,996274734.0
1342,17172824,Diego,Guevara Cueva,Cajamarca,Nuevo,2025-07-14,diego1342@correo.pe,911407477.0
1343,14899885,Carmen,Quispe Castrejón,Cajamarca,Nuevo,2026-08-28,carmen1343@correo.pe,942276740.0
1344,25918679,Noemí,Mego Llamo,Cajabamba,Nuevo,2025-12-10,noemi1344@correo.pe,949716942.0
1345,69981760,Yesenia,Ramos Cueva,Cajamarca,Nuevo,2026-05-20,yesenia1345@correo.pe,996784684.0
1346,72612807,Diego,Rojas Chávez,Cajamarca,Frecuente,2026-08-21,diego1346@correo.pe,932264074.0
1347,58369726,Elena,Vásquez Torres,Namora,Nuevo,2026-01-16,elena1347@correo.pe,930353996.0
1348,21228558,Camila,Llamo Castrejón,Cajamarca,Nuevo,2026-01-23,camila1348@correo.pe,987010861.0
1349,71134394,Fernando,Aguilar Mego,Cajamarca,Nuevo,2025-06-12,fernando1349@correo.pe,997113921.0
1350,11267243,Gabriela,Becerra Chávez,Cajamarca,Frecuente,2026-01-02,gabriela1350@correo.pe,976526618.0
1351,65054556,Elena,Becerra Lozano,Cajamarca,Nuevo,2026-03-03,elena1351@correo.pe,949819647.0
1352,27003655,Juan,Mego Terrones,Baños del Inca,Nuevo,2025-08-19,juan1352@correo.pe,968200994.0
1353,14746822,Diego,Coronel Bardales,Cajamarca,Frecuente,2026-01-05,diego1353@correo.pe,916101149.0
1354,43425124,Ricardo,Díaz Flores,Cajamarca,Nuevo,2025-07-07,ricardo1354@correo.pe,968101737.0
1355,24266416,Segundo,Sánchez Quispe,Magdalena,Frecuente,2026-09-03,segundo1355@correo.pe,980804869.0
1356,61788357,Edwin,Sánchez Quispe,Cajamarca,Nuevo,2025-09-17,edwin1356@correo.pe,937506015.0
1357,78482446,Milagros,Chávez Díaz,San Juan,Frecuente,2026-07-23,milagros1357@correo.pe,917276656.0
1358,51024494,Noemí,Guevara Mendoza,Cajamarca,Nuevo,2026-04-05,noemi1358@correo.pe,943735012.0
1359,15343164,Andrés,Bardales Vásquez,Cajamarca,Nuevo,2025-11-26,andres1359@correo.pe,961789997.0
1360,59836685,Andrés,Flores Vásquez,Cajamarca,Nuevo,2025-09-12,andres1360@correo.pe,990607481.0
1361,47963364,Noemí,Cueva Chávez,Cajamarca,Nuevo,2026-05-16,noemi1361@correo.pe,965413050.0
1362,20145591,Héctor,Flores Mendoza,Cajamarca,Frecuente,2025-10-27,hector1362@correo.pe,911426023.0
1363,15349207,Diego,Lozano Becerra,Llacanora,Nuevo,2026-09-03,diego1363@correo.pe,978493283.0
1364,42538284,Marleni,Ramos Díaz,Cajamarca,Nuevo,2026-01-22,marleni1364@correo.pe,979694014.0
1365,64468477,Luz,Zelada Llamo,Cajamarca,Nuevo,2026-05-07,luz1365@correo.pe,952688008.0
1366,29941797,Luis,Quispe Zelada,Namora,Nuevo,2026-07-11,luis1366@correo.pe,982220318.0
1367,25312868,Segundo,Cabrera Vásquez,San Juan,Nuevo,2026-06-17,segundo1367@correo.pe,924116055.0
1368,59264942,Marleni,Coronel Lozano,Cajamarca,Nuevo,2026-06-24,marleni1368@correo.pe,941170825.0
1369,39059728,Héctor,Zelada Becerra,Cajamarca,Nuevo,2026-04-17,hector1369@correo.pe,997317008.0
1370,44328091,Noemí,Cabrera Ramos,Cajamarca,Corporativo,2025-09-27,,990063607.0
1371,34264574,Segundo,Ramos Bardales,San Juan,Frecuente,2025-07-21,segundo1371@correo.pe,982567134.0
1372,26549584,Segundo,Lozano Rojas,Cajamarca,Corporativo,2026-02-13,segundo1372@correo.pe,976604880.0
1373,62833809,Andrés,Chávez Vásquez,Cajamarca,Nuevo,2026-08-23,andres1373@correo.pe,965051802.0
1374,49152663,Valeria,Rojas Mendoza,Cajamarca,Nuevo,2025-11-12,valeria1374@correo.pe,957999649.0
1375,22935600,Miguel,Mego Torres,Cajabamba,Nuevo,2025-07-22,,970982348.0
1376,69981248,Yesenia,Ramos Alva,Los Baños,Nuevo,2025-06-23,yesenia1376@correo.pe,960968691.0
1377,30618085,Juan,Sangay Rojas,Cajabamba,Frecuente,2025-08-22,juan1377@correo.pe,921324159.0
1378,79186319,Noemí,Sangay Guevara,Llacanora,Nuevo,2025-11-18,noemi1378@correo.pe,979136985.0
1379,53384004,Marleni,Chávez Castrejón,Cajamarca,Frecuente,2026-03-17,marleni1379@correo.pe,994545257.0
1380,12740649,Elena,Torres Lozano,Cajamarca,Nuevo,2026-07-27,elena1380@correo.pe,932038308.0
1381,41388410,Noemí,Terrones Lozano,Cajamarca,Frecuente,2026-02-09,noemi1381@correo.pe,968845362.0
1382,65441189,Gabriela,Torres Tello,Cajamarca,Nuevo,2026-07-02,gabriela1382@correo.pe,968593039.0
1383,57892142,Ricardo,Terrones Bardales,Cajamarca,Nuevo,2026-08-15,ricardo1383@correo.pe,929598156.0
1384,63457780,Fernando,Terrones Castrejón,Baños del Inca,Frecuente,2025-07-30,fernando1384@correo.pe,913461410.0
1385,47747517,Elena,Terrones Alva,Cajamarca,Nuevo,2026-03-28,elena1385@correo.pe,968768041.0
1386,18806454,Andrés,Rojas Llamo,Cajamarca,Corporativo,2025-08-03,andres1386@correo.pe,984792395.0
1387,50038345,Miguel,Terrones Mego,Cajamarca,Nuevo,2025-08-12,miguel1387@correo.pe,973925599.0
1388,55733117,Carlos,Sánchez Flores,Cajamarca,Frecuente,2026-08-11,carlos1388@correo.pe,926542966.0
1389,54711146,Diego,Sangay Alva,Cajamarca,Nuevo,2026-06-02,diego1389@correo.pe,981697501.0
1390,41283695,Pedro,Ramos Castrejón,Cajamarca,Frecuente,2026-03-25,pedro1390@correo.pe,947528881.0
1391,77038286,José,Huamán Aguilar,Cajamarca,Nuevo,2026-06-07,jose1391@correo.pe,918353244.0
1392,52664444,Valeria,Chávez Llamo,Cajamarca,Nuevo,2026-03-09,valeria1392@correo.pe,941909317.0
1393,19721228,Héctor,Lozano Rojas,Magdalena,Frecuente,2026-05-14,hector1393@correo.pe,913487251.0
1394,74553474,Juan,Mendoza Becerra,Cajamarca,Nuevo,2026-01-04,juan1394@correo.pe,988240254.0
1395,51320023,Rosa,Becerra Flores,Jesús,Frecuente,2025-06-08,rosa1395@correo.pe,943657668.0
1396,29794083,Diego,Zelada Coronel,Baños del Inca,Frecuente,2025-07-18,diego1396@correo.pe,910528001.0
1397,39823724,Noemí,Sánchez Quispe,Cajamarca,Frecuente,2025-08-17,noemi1397@correo.pe,943493237.0
1398,43874109,María,Torres Coronel,Cajamarca,Corporativo,2025-10-01,maria1398@correo.pe,924979366.0
1399,66598662,Carlos,Coronel Torres,Cajamarca,Frecuente,2025-09-25,carlos1399@correo.pe,994325779.0
1400,48565178,Milagros,Huamán Llamo,Jesús,Frecuente,2025-12-25,milagros1400@correo.pe,961422141.0
1401,35523589,Sofía,Vásquez Sánchez,Namora,Frecuente,2025-07-20,sofia1401@correo.pe,961245930.0
1402,62706166,Juan,Rojas Quispe,Cajamarca,Frecuente,2025-08-01,juan1402@correo.pe,967120012.0
1403,62159349,Noemí,Ramos Alva,Cajamarca,Corporativo,2026-07-15,noemi1403@correo.pe,996544735.0
1404,34194811,Juan,Flores Mego,Baños del Inca,Frecuente,2026-07-31,juan1404@correo.pe,964974513.0
1405,18075562,Luz,Cueva Cueva,Cajamarca,Nuevo,2026-07-10,luz1405@correo.pe,979882989.0
1406,38802678,Patricia,Díaz Ramos,Cajamarca,Frecuente,2026-03-31,patricia1406@correo.pe,924981099.0
1407,10329269,José,Aguilar Torres,Cajamarca,Nuevo,2026-03-25,jose1407@correo.pe,980268362.0
1408,52255926,Ricardo,Aguilar Alva,Llacanora,Corporativo,2025-07-03,ricardo1408@correo.pe,997647146.0
1409,40406760,Noemí,Díaz Mego,Cajabamba,Nuevo,2026-02-08,noemi1409@correo.pe,982038259.0
1410,73358096,Edwin,Rojas Mendoza,Magdalena,Nuevo,2025-08-10,edwin1410@correo.pe,967369695.0
1411,66707780,María,Becerra Mendoza,Magdalena,Nuevo,2026-06-12,maria1411@correo.pe,937348308.0
1412,18533396,Juan,Bardales Aguilar,Cajamarca,Frecuente,2025-12-10,juan1412@correo.pe,997065718.0
1413,68032061,Jorge,Cueva Cueva,Cajabamba,Nuevo,2026-07-05,jorge1413@correo.pe,910278468.0
1414,64400741,Camila,Huamán Mego,Cajamarca,Nuevo,2025-08-31,camila1414@correo.pe,976441495.0
1415,30050021,Valeria,Díaz Alva,Cajamarca,Nuevo,2026-03-05,valeria1415@correo.pe,917710016.0
1416,77622879,Noemí,Huamán Díaz,Llacanora,Frecuente,2025-09-30,noemi1416@correo.pe,956078006.0
1417,55608930,Gabriela,Pérez Cueva,Cajamarca,Nuevo,2026-07-21,gabriela1417@correo.pe,942451053.0
1418,18316067,Carmen,Quispe Rojas,Cajabamba,Nuevo,2025-10-28,carmen1418@correo.pe,931322419.0
1419,10424056,Juan,Sánchez Becerra,Baños del Inca,Nuevo,2025-10-02,juan1419@correo.pe,979215074.0
1420,32895674,Wilmer,Zelada Quispe,Cajamarca,Frecuente,2025-08-11,wilmer1420@correo.pe,957013765.0
1421,18190012,Edwin,Díaz Flores,Celendín,Frecuente,2025-06-28,edwin1421@correo.pe,990239379.0
1422,63299608,Ricardo,Sánchez Ramos,Cajamarca,Nuevo,2026-04-18,ricardo1422@correo.pe,984652298.0
1423,51855790,Jorge,Vásquez Quispe,San Juan,Nuevo,2025-12-06,jorge1423@correo.pe,942971066.0
1424,17672905,Ana,Díaz Tello,Namora,Nuevo,2026-05-08,,972731148.0
1425,58125491,Jorge,Coronel Chávez,San Juan,Nuevo,2025-11-10,jorge1425@correo.pe,945406452.0
1426,36515303,Rosa,Flores Chávez,Baños del Inca,Nuevo,2025-07-03,rosa1426@correo.pe,940528105.0
1427,23415153,María,Pérez Flores,Magdalena,Frecuente,2025-12-12,,926328668.0
1428,53939589,Fernando,Torres Bardales,Baños del Inca,Nuevo,2025-12-22,fernando1428@correo.pe,941452583.0
1429,64766321,Miguel,Mego Aguilar,Cajamarca,Nuevo,2026-04-02,miguel1429@correo.pe,986674369.0
1430,11359519,Miguel,Aguilar Lozano,Cajamarca,Frecuente,2026-05-16,miguel1430@correo.pe,947765052.0
1431,56498423,Andrés,Cueva Alva,Cajamarca,Nuevo,2026-05-23,andres1431@correo.pe,993593154.0
1432,30919288,Wilmer,Llamo Sangay,Celendín,Nuevo,2026-04-20,wilmer1432@correo.pe,992467980.0
1433,28862597,Juan,Cueva Becerra,Cajamarca,Frecuente,2026-08-08,juan1433@correo.pe,934525541.0
1434,76102024,Milagros,Coronel Sangay,Cajamarca,Nuevo,2025-12-30,milagros1434@correo.pe,931873314.0
1435,38034831,Pedro,Quispe Mendoza,Los Baños,Nuevo,2026-03-11,pedro1435@correo.pe,956455006.0
1436,15476058,Noemí,Guevara Zelada,Baños del Inca,Frecuente,2026-06-28,noemi1436@correo.pe,962524489.0
1437,52625770,Diego,Pérez Guevara,Cajamarca,Nuevo,2026-07-25,diego1437@correo.pe,922804609.0
1438,15805972,María,Coronel Huamán,Cajamarca,Frecuente,2026-08-11,maria1438@correo.pe,958377195.0
1439,40480556,Rosa,Ramos Rojas,San Juan,Corporativo,2026-01-15,rosa1439@correo.pe,955765916.0
1440,26858891,Wilmer,Llamo Zelada,Cajamarca,Frecuente,2025-06-20,wilmer1440@correo.pe,944991662.0
1441,36334075,Elena,Cueva Coronel,Baños del Inca,Nuevo,2025-07-18,elena1441@correo.pe,937453611.0
1442,26610560,Wilmer,Lozano Rojas,Cajamarca,Frecuente,2026-02-05,wilmer1442@correo.pe,969915096.0
1443,22479206,Juan,Llamo Tello,Cajamarca,Nuevo,2025-12-11,juan1443@correo.pe,975738679.0
1444,21938247,Fernando,Lozano Guevara,Cajamarca,Frecuente,2025-06-08,fernando1444@correo.pe,974451104.0
1445,24051802,Elena,Chávez Cueva,Baños del Inca,Frecuente,2025-08-10,elena1445@correo.pe,951209938.0
1446,59312756,Miguel,Rojas Huamán,Cajamarca,Nuevo,2025-08-27,miguel1446@correo.pe,968646290.0
1447,78956990,Gabriela,Huamán Díaz,Baños del Inca,Frecuente,2026-02-27,gabriela1447@correo.pe,915144106.0
1448,49432238,Pedro,Sangay Guevara,Baños del Inca,Frecuente,2026-08-25,pedro1448@correo.pe,980104091.0
1449,13407154,Noemí,Chávez Sánchez,Cajabamba,Frecuente,2025-07-28,noemi1449@correo.pe,911425799.0
1450,76521095,Carlos,Sangay Cabrera,Los Baños,Nuevo,2026-06-20,carlos1450@correo.pe,969654491.0
1451,58391889,Jorge,Cueva Mego,Cajamarca,Frecuente,2026-04-09,jorge1451@correo.pe,991449070.0
1452,17476521,Wilmer,Chávez Coronel,Cajamarca,Frecuente,2025-10-15,wilmer1452@correo.pe,920156559.0
1453,10814886,Milagros,Ramos Aguilar,Cajamarca,Nuevo,2026-07-06,milagros1453@correo.pe,981307288.0
1454,14332626,Elena,Castrejón Torres,Cajamarca,Nuevo,2026-07-10,elena1454@correo.pe,949671465.0
1455,61295618,Carmen,Llamo Vásquez,Magdalena,Frecuente,2026-08-16,carmen1455@correo.pe,971666613.0
1456,71426581,Pedro,Mendoza Sangay,Jesús,Nuevo,2026-06-17,pedro1456@correo.pe,970572699.0
1457,33013715,Fernando,Flores Torres,Cajamarca,Nuevo,2025-08-10,,968031109.0
1458,23944108,Patricia,Mendoza Becerra,Cajamarca,Nuevo,2026-01-06,patricia1458@correo.pe,931140605.0
1459,35814657,Camila,Ramos Chávez,Cajamarca,Nuevo,2025-08-26,camila1459@correo.pe,933896449.0
1460,75371536,Carmen,Bardales Lozano,Cajamarca,Frecuente,2025-10-13,carmen1460@correo.pe,945415286.0
1461,13096308,Valeria,Quispe Torres,Celendín,Frecuente,2026-09-08,valeria1461@correo.pe,912340778.0
1462,54514877,Elena,Llamo Huamán,Cajamarca,Nuevo,2026-09-07,elena1462@correo.pe,972727488.0
1463,51748439,Rosa,Zelada Bardales,Cajamarca,Nuevo,2026-03-26,rosa1463@correo.pe,945797842.0
1464,31514852,Marleni,Bardales Aguilar,Cajamarca,Frecuente,2026-08-17,marleni1464@correo.pe,936212037.0
1465,67302189,Carmen,Pérez Guevara,Cajamarca,Nuevo,2026-07-02,carmen1465@correo.pe,960060079.0
1466,14403024,Jorge,Flores Ramos,Cajabamba,Frecuente,2025-12-25,jorge1466@correo.pe,987808444.0
1467,58936068,Patricia,Cueva Huamán,Jesús,Nuevo,2025-08-31,patricia1467@correo.pe,985140732.0
1468,59663039,José,Tello Bardales,Cajamarca,Nuevo,2026-05-30,jose1468@correo.pe,994221223.0
1469,57638136,Wilmer,Ramos Chávez,Baños del Inca,Nuevo,2026-08-26,wilmer1469@correo.pe,963773834.0
1470,66659015,Camila,Díaz Quispe,Celendín,Nuevo,2026-04-03,camila1470@correo.pe,926486567.0
1471,22632400,Elena,Rojas Cabrera,Cajamarca,Frecuente,2025-10-06,elena1471@correo.pe,979138302.0
1472,76765111,María,Mendoza Bardales,Cajamarca,Frecuente,2025-11-17,maria1472@correo.pe,977455226.0
1473,44040586,Milagros,Mego Coronel,Llacanora,Nuevo,2025-10-14,milagros1473@correo.pe,981933703.0
1474,66288515,Luis,Rojas Torres,Baños del Inca,Nuevo,2025-12-02,luis1474@correo.pe,920241406.0
1475,21382752,Marleni,Torres Cabrera,Celendín,Frecuente,2025-10-16,marleni1475@correo.pe,968903935.0
1476,55313381,Edwin,Alva Díaz,Cajamarca,Nuevo,2026-05-08,edwin1476@correo.pe,916149388.0
1477,39959400,Pedro,Becerra Tello,Cajamarca,Nuevo,2026-05-26,pedro1477@correo.pe,972225560.0
1478,10878347,Jorge,Torres Mego,Cajamarca,Nuevo,2026-05-28,jorge1478@correo.pe,954139622.0
1479,54210707,Camila,Mendoza Bardales,Cajamarca,Nuevo,2026-07-03,camila1479@correo.pe,946336764.0
1480,39551031,Edwin,Chávez Zelada,Cajamarca,Nuevo,2026-03-26,edwin1480@correo.pe,987819346.0
1481,77599035,Sofía,Zelada Zelada,Cajamarca,Frecuente,2026-06-22,sofia1481@correo.pe,929054613.0
1482,23837006,Luis,Castrejón Flores,Cajamarca,Frecuente,2026-08-18,luis1482@correo.pe,977996370.0
1483,54962252,Carlos,Chávez Pérez,Cajamarca,Frecuente,2026-02-09,carlos1483@correo.pe,930282215.0
1484,39977388,Luz,Vásquez Cabrera,Cajamarca,Frecuente,2026-07-17,luz1484@correo.pe,981998550.0
1485,18411175,Jorge,Flores Coronel,Magdalena,Nuevo,2025-11-04,jorge1485@correo.pe,967118186.0
1486,66626617,José,Becerra Alva,Magdalena,Nuevo,2025-09-04,jose1486@correo.pe,993202883.0
1487,69195282,Carlos,Llamo Quispe,Cajamarca,Frecuente,2026-03-23,carlos1487@correo.pe,999982818.0
1488,44393224,Miguel,Terrones Terrones,Cajamarca,Frecuente,2026-07-16,miguel1488@correo.pe,972676750.0
1489,34056579,Marleni,Coronel Guevara,Cajamarca,Nuevo,2026-07-01,marleni1489@correo.pe,998856779.0
1490,50119573,Carlos,Quispe Mendoza,Cajamarca,Nuevo,2026-01-07,carlos1490@correo.pe,970171054.0
1491,34328278,Ana,Guevara Rojas,Cajabamba,Nuevo,2026-08-23,ana1491@correo.pe,999485386.0
1492,53261045,Ana,Coronel Mendoza,Cajabamba,Nuevo,2026-08-14,ana1492@correo.pe,957313057.0
1493,75811846,Gabriela,Tello Sangay,Cajamarca,Nuevo,2025-12-24,gabriela1493@correo.pe,938039799.0
1494,61584562,Gabriela,Llamo Cabrera,Cajabamba,Nuevo,2025-07-10,gabriela1494@correo.pe,990335726.0
1495,11578400,Wilmer,Llamo Terrones,Cajamarca,Nuevo,2026-07-18,wilmer1495@correo.pe,985418182.0
1496,29023063,Rosa,Cabrera Torres,Cajabamba,Frecuente,2026-02-18,rosa1496@correo.pe,914389150.0
1497,61638745,Diego,Tello Terrones,Cajamarca,Nuevo,2026-03-23,diego1497@correo.pe,992413004.0
1498,18422296,Camila,Rojas Huamán,Cajamarca,Nuevo,2025-07-29,,976376642.0
1499,37590247,Valeria,Lozano Cabrera,Cajamarca,Nuevo,2025-08-20,valeria1499@correo.pe,998325441.0
1500,30760486,Andrés,Mendoza Mendoza,Cajamarca,Nuevo,2026-02-15,andres1500@correo.pe,975151623.0
1501,41770848,Ana,Alva Sánchez,Celendín,Nuevo,2025-11-17,ana1501@correo.pe,941045414.0
1502,12040918,Luz,Coronel Guevara,Baños del Inca,Frecuente,2026-03-14,luz1502@correo.pe,978363840.0
1503,59835227,Camila,Rojas Flores,Los Baños,Nuevo,2025-07-10,camila1503@correo.pe,977281432.0
1504,33020495,Juan,Lozano Castrejón,Cajamarca,Frecuente,2026-08-09,juan1504@correo.pe,913043548.0
1505,74149815,Jorge,Rojas Tello,San Juan,Frecuente,2025-07-23,jorge1505@correo.pe,950756681.0
1506,15418509,Noemí,Quispe Chávez,Los Baños,Nuevo,2026-04-30,noemi1506@correo.pe,920113397.0
1507,44723632,Juan,Guevara Cabrera,Cajamarca,Nuevo,2026-03-28,juan1507@correo.pe,962727464.0
1508,30099631,Segundo,Huamán Bardales,Magdalena,Nuevo,2026-03-10,segundo1508@correo.pe,954420300.0
1509,30094431,Edwin,Flores Pérez,Cajamarca,Frecuente,2025-07-18,edwin1509@correo.pe,961433276.0
1510,47059316,Gabriela,Tello Vásquez,Cajamarca,Frecuente,2025-06-10,gabriela1510@correo.pe,989828104.0
1511,64931068,Luz,Llamo Guevara,Cajamarca,Frecuente,2026-01-31,luz1511@correo.pe,943352142.0
1512,48745377,Ricardo,Guevara Sangay,San Juan,Nuevo,2026-01-11,ricardo1512@correo.pe,977517598.0
1513,58007823,Diego,Pérez Chávez,Cajamarca,Nuevo,2025-12-03,diego1513@correo.pe,928333537.0
1514,31488490,Rosa,Quispe Bardales,Cajamarca,Nuevo,2026-04-12,rosa1514@correo.pe,932964593.0
1515,26923478,Yesenia,Aguilar Coronel,Cajamarca,Frecuente,2025-08-28,yesenia1515@correo.pe,948108558.0
1516,29592018,Milagros,Terrones Díaz,Celendín,Nuevo,2026-07-17,milagros1516@correo.pe,910962319.0
1517,78289913,Marleni,Rojas Becerra,Cajamarca,Frecuente,2026-02-03,marleni1517@correo.pe,949816286.0
1518,65174299,Diego,Sánchez Mego,Celendín,Frecuente,2025-10-31,diego1518@correo.pe,924969784.0
1519,22492514,Andrés,Mego Sangay,Celendín,Nuevo,2025-11-19,andres1519@correo.pe,991016474.0
1520,61456123,Milagros,Aguilar Cueva,Baños del Inca,Nuevo,2025-08-24,milagros1520@correo.pe,999857333.0
1521,77648362,Elena,Sangay Huamán,Baños del Inca,Corporativo,2025-12-24,elena1521@correo.pe,926756339.0
1522,40385991,María,Quispe Terrones,Baños del Inca,Nuevo,2026-07-11,maria1522@correo.pe,947784347.0
1523,57598762,Edwin,Torres Coronel,Jesús,Nuevo,2026-03-16,edwin1523@correo.pe,945811255.0
1524,20888913,Carlos,Cabrera Bardales,Cajamarca,Nuevo,2026-06-04,carlos1524@correo.pe,998248758.0
1525,76330309,Segundo,Castrejón Bardales,Baños del Inca,Frecuente,2025-12-04,segundo1525@correo.pe,951310335.0
1526,49002461,Milagros,Mego Aguilar,Baños del Inca,Frecuente,2026-03-31,milagros1526@correo.pe,962310517.0
1527,,Luis,Pérez Sangay,Cajamarca,Frecuente,2026-07-10,luis1527@correo.pe,992187757.0
1528,15127444,Edwin,Llamo Coronel,Llacanora,Frecuente,2026-01-31,edwin1528@correo.pe,991834624.0
1529,63561834,Carlos,Zelada Coronel,Baños del Inca,Nuevo,2025-08-23,carlos1529@correo.pe,921738054.0
1530,47852480,Wilmer,Lozano Huamán,Namora,Frecuente,2026-03-14,wilmer1530@correo.pe,959222156.0
1531,23840677,Jorge,Ramos Terrones,Cajamarca,Nuevo,2026-06-14,jorge1531@correo.pe,936667660.0
1532,21161517,José,Terrones Sangay,Cajamarca,Nuevo,2026-08-30,jose1532@correo.pe,959763576.0
1533,22781599,Luz,Llamo Castrejón,Celendín,Frecuente,2025-10-17,luz1533@correo.pe,995598596.0
1534,39182629,Diego,Bardales Torres,Cajamarca,Frecuente,2025-08-13,diego1534@correo.pe,972537424.0
1535,33201017,Luis,Coronel Llamo,Cajamarca,Frecuente,2026-07-29,luis1535@correo.pe,980809152.0
1536,42597707,Gabriela,Rojas Aguilar,Baños del Inca,Frecuente,2025-11-20,gabriela1536@correo.pe,929689751.0
1537,41323538,Luis,Ramos Díaz,Cajamarca,Nuevo,2026-03-19,luis1537@correo.pe,952201002.0
1538,11676490,Diego,Sangay Guevara,Cajamarca,Nuevo,2025-11-22,diego1538@correo.pe,914243299.0
1539,71949952,Andrés,Guevara Cueva,Cajamarca,Frecuente,2026-07-11,andres1539@correo.pe,933776653.0
1540,29759180,Segundo,Vásquez Flores,Cajamarca,Nuevo,2026-01-06,segundo1540@correo.pe,947640395.0
1541,31091399,Rosa,Aguilar Aguilar,Cajamarca,Frecuente,2025-08-10,rosa1541@correo.pe,954262903.0
1542,19951587,Camila,Cueva Cueva,Cajamarca,Nuevo,2026-05-03,camila1542@correo.pe,932298842.0
1543,42319735,Luz,Sangay Flores,Los Baños,Nuevo,2026-08-13,luz1543@correo.pe,922932870.0
1544,11012689,Pedro,Sangay Guevara,Cajamarca,Frecuente,2026-03-29,pedro1544@correo.pe,995861014.0
1545,37129579,Yesenia,Llamo Terrones,Cajamarca,Nuevo,2025-11-16,yesenia1545@correo.pe,953029865.0
1546,40964629,Valeria,Sangay Mendoza,Baños del Inca,Frecuente,2026-03-18,valeria1546@correo.pe,944198221.0
1547,36439252,Diego,Flores Terrones,Cajamarca,Frecuente,2025-08-07,diego1547@correo.pe,923019784.0
1548,78463041,Andrés,Guevara Terrones,Cajamarca,Nuevo,2025-12-18,andres1548@correo.pe,978754396.0
1549,52865781,Sofía,Zelada Coronel,Cajamarca,Nuevo,2026-01-30,sofia1549@correo.pe,910002527.0
1550,54255945,Wilmer,Bardales Tello,Cajamarca,Frecuente,2025-12-17,wilmer1550@correo.pe,924024052.0
1551,18271366,Carlos,Aguilar Mendoza,Cajamarca,Nuevo,2025-12-09,carlos1551@correo.pe,971701843.0
1552,66660703,Milagros,Bardales Mego,Jesús,Frecuente,2026-01-27,milagros1552@correo.pe,932444202.0
1553,26687874,Yesenia,Quispe Castrejón,Cajamarca,Nuevo,2026-01-15,yesenia1553@correo.pe,963027539.0
1554,63352476,Luz,Terrones Torres,Cajamarca,Nuevo,2026-06-03,luz1554@correo.pe,967552758.0
1555,59524804,Rosa,Coronel Quispe,Llacanora,Frecuente,2025-09-17,,929469110.0
1556,75474084,Ana,Rojas Vásquez,Cajamarca,Frecuente,2025-10-16,ana1556@correo.pe,968927483.0
1557,60720483,Patricia,Bardales Sangay,Celendín,Nuevo,2025-08-05,patricia1557@correo.pe,914065020.0
1558,43494724,Gabriela,Tello Coronel,Cajamarca,Nuevo,2025-09-17,gabriela1558@correo.pe,919513595.0
1559,29244255,Camila,Sánchez Vásquez,Jesús,Nuevo,2025-09-13,camila1559@correo.pe,975021185.0
1560,76264336,Luis,Becerra Ramos,Magdalena,Nuevo,2026-08-19,luis1560@correo.pe,978533838.0
1561,73197987,Miguel,Díaz Lozano,Cajamarca,Frecuente,2025-11-11,miguel1561@correo.pe,970873517.0
1562,18923931,Segundo,Bardales Sánchez,Cajamarca,Frecuente,2025-06-07,segundo1562@correo.pe,931085507.0
1563,13301826,Sofía,Torres Díaz,Cajamarca,Frecuente,2025-08-29,sofia1563@correo.pe,921634142.0
1564,42672500,Valeria,Ramos Terrones,Cajamarca,Frecuente,2025-06-14,,954382981.0
1565,58716706,Milagros,Torres Chávez,Cajamarca,Nuevo,2026-05-12,milagros1565@correo.pe,978961070.0
1566,46689534,Pedro,Flores Huamán,Cajamarca,Nuevo,2025-09-18,pedro1566@correo.pe,966771383.0
1567,67191354,Ana,Cabrera Pérez,Cajamarca,Nuevo,2025-12-24,ana1567@correo.pe,996164735.0
1568,72919040,Ricardo,Tello Llamo,Cajamarca,Nuevo,2026-04-30,ricardo1568@correo.pe,970960193.0
1569,69583744,Sofía,Cabrera Torres,Cajabamba,Nuevo,2025-07-16,sofia1569@correo.pe,929051750.0
1570,18037371,Patricia,Pérez Torres,Magdalena,Frecuente,2026-05-01,patricia1570@correo.pe,982345463.0
1571,40244520,Luz,Cabrera Mendoza,Baños del Inca,Frecuente,2025-09-23,luz1571@correo.pe,978144259.0
1572,74901970,Fernando,Lozano Guevara,Cajamarca,Nuevo,2025-07-18,fernando1572@correo.pe,999913397.0
1573,60874695,Rosa,Terrones Huamán,Cajamarca,Nuevo,2025-12-30,rosa1573@correo.pe,940439285.0
1574,44050627,Fernando,Llamo Alva,Cajamarca,Nuevo,2026-08-06,fernando1574@correo.pe,973715769.0
1575,56047680,Miguel,Vásquez Huamán,Celendín,Nuevo,2025-11-08,,919255699.0
1576,32541440,Luz,Mego Terrones,Cajabamba,Frecuente,2025-08-03,luz1576@correo.pe,996844817.0
1577,75351471,Valeria,Huamán Cueva,Cajamarca,Nuevo,2026-05-28,valeria1577@correo.pe,977302940.0
1578,16764248,Edwin,Torres Chávez,Los Baños,Frecuente,2026-01-25,edwin1578@correo.pe,915765867.0
1579,47805457,Milagros,Flores Chávez,San Juan,Nuevo,2026-05-27,milagros1579@correo.pe,951897512.0
1580,68477997,Ana,Castrejón Lozano,Baños del Inca,Frecuente,2025-12-11,ana1580@correo.pe,996564980.0
1581,54377903,Luz,Aguilar Chávez,Magdalena,Nuevo,2026-06-16,luz1581@correo.pe,970685200.0
1582,49219070,Camila,Bardales Zelada,Cajamarca,Nuevo,2026-05-08,camila1582@correo.pe,916141103.0
1583,37774357,Segundo,Becerra Chávez,Baños del Inca,Nuevo,2026-09-07,segundo1583@correo.pe,915339299.0
1584,22162380,José,Ramos Rojas,Cajamarca,Frecuente,2026-03-02,jose1584@correo.pe,993832670.0
1585,24232453,Luis,Alva Flores,Celendín,Nuevo,2026-07-20,luis1585@correo.pe,975497012.0
1586,23770497,Edwin,Huamán Coronel,Cajamarca,Nuevo,2026-05-10,edwin1586@correo.pe,927970872.0
1587,40121755,Ana,Bardales Mego,Cajamarca,Nuevo,2025-12-30,ana1587@correo.pe,989892045.0
1588,55298023,Wilmer,Sangay Pérez,Cajamarca,Frecuente,2025-10-11,,940016837.0
1589,28977470,Ana,Cabrera Becerra,Cajamarca,Nuevo,2026-03-19,ana1589@correo.pe,994502796.0
1590,52681911,Sofía,Aguilar Quispe,Cajamarca,Nuevo,2025-12-02,sofia1590@correo.pe,978349208.0
1591,20263745,Carmen,Cueva Becerra,Cajamarca,Nuevo,2026-06-01,carmen1591@correo.pe,921601996.0
1592,18658801,Héctor,Flores Torres,Cajamarca,Nuevo,2026-09-12,hector1592@correo.pe,945338409.0
1593,40955489,Gabriela,Alva Flores,Namora,Nuevo,2025-11-04,gabriela1593@correo.pe,989603795.0
1594,59694039,Marleni,Llamo Sánchez,Jesús,Nuevo,2025-12-02,marleni1594@correo.pe,928869986.0
1595,35639260,Rosa,Castrejón Cabrera,Cajamarca,Frecuente,2026-03-15,rosa1595@correo.pe,994124987.0
1596,40853622,Edwin,Castrejón Llamo,Namora,Nuevo,2025-09-12,edwin1596@correo.pe,970063593.0
1597,17265271,Marleni,Zelada Alva,Cajamarca,Nuevo,2025-11-25,marleni1597@correo.pe,925357543.0
1598,55763224,Yesenia,Guevara Mendoza,Cajamarca,Nuevo,2026-02-12,yesenia1598@correo.pe,983435161.0
1599,17185484,María,Mego Lozano,Cajamarca,Frecuente,2025-09-21,maria1599@correo.pe,998958271.0
1600,73263677,Luis,Pérez Becerra,Cajamarca,Nuevo,2026-04-04,luis1600@correo.pe,993022587.0
1601,19849792,Rosa,Guevara Zelada,Cajamarca,Nuevo,2025-10-23,,934394018.0
1602,62577200,Wilmer,Terrones Guevara,Cajamarca,Frecuente,2026-02-19,wilmer1602@correo.pe,958676679.0
1603,70164986,Carmen,Flores Cueva,Cajamarca,Frecuente,2026-06-21,carmen1603@correo.pe,992027416.0
1604,60876418,Luis,Huamán Flores,Cajamarca,Nuevo,2026-06-13,luis1604@correo.pe,974658022.0
1605,10969193,Gabriela,Rojas Castrejón,Cajamarca,Frecuente,2026-05-15,gabriela1605@correo.pe,914291458.0
1606,23410951,Juan,Quispe Mendoza,Cajabamba,Nuevo,2026-05-22,juan1606@correo.pe,944804916.0
1607,44944513,Carlos,Mendoza Zelada,Cajamarca,Nuevo,2026-06-05,carlos1607@correo.pe,993261310.0
1608,34346739,Héctor,Aguilar Alva,Cajamarca,Frecuente,2026-02-28,hector1608@correo.pe,944325151.0
1609,53759560,Yesenia,Guevara Díaz,Cajamarca,Nuevo,2026-03-03,yesenia1609@correo.pe,910149581.0
1610,58729776,Rosa,Huamán Aguilar,Baños del Inca,Nuevo,2025-08-10,rosa1610@correo.pe,983160776.0
1611,37090160,José,Díaz Coronel,Cajamarca,Frecuente,2026-06-11,jose1611@correo.pe,923303575.0
1612,41108620,Ricardo,Torres Aguilar,Cajabamba,Nuevo,2025-11-29,ricardo1612@correo.pe,967755151.0
1613,14692974,Elena,Coronel Bardales,Cajamarca,Nuevo,2025-10-15,elena1613@correo.pe,964027371.0
1614,36807643,Juan,Bardales Díaz,Cajamarca,Nuevo,2025-09-03,juan1614@correo.pe,938611457.0
1615,69769821,Camila,Lozano Sangay,San Juan,Nuevo,2025-10-28,camila1615@correo.pe,942367509.0
1616,75070918,Patricia,Mego Castrejón,Llacanora,Nuevo,2026-04-27,patricia1616@correo.pe,985393920.0
1617,59629578,Wilmer,Flores Vásquez,Baños del Inca,Nuevo,2025-10-05,wilmer1617@correo.pe,922819734.0
1618,,Valeria,Rojas Pérez,Llacanora,Corporativo,2025-12-24,valeria1618@correo.pe,953868511.0
1619,61673200,Milagros,Aguilar Llamo,Cajamarca,Frecuente,2026-05-13,milagros1619@correo.pe,960097214.0
1620,22973714,Andrés,Chávez Sangay,Cajamarca,Nuevo,2026-04-26,andres1620@correo.pe,964241835.0
1621,49381475,Elena,Cueva Guevara,Los Baños,Nuevo,2026-03-17,elena1621@correo.pe,980109292.0
1622,64156770,Andrés,Vásquez Guevara,Baños del Inca,Corporativo,2026-08-17,andres1622@correo.pe,925952000.0
1623,32661579,Marleni,Sánchez Pérez,Cajamarca,Nuevo,2026-01-13,marleni1623@correo.pe,939804961.0
1624,14169403,Carlos,Sangay Rojas,Baños del Inca,Nuevo,2026-06-25,carlos1624@correo.pe,945718151.0
1625,14287197,Juan,Llamo Huamán,Cajamarca,Nuevo,2026-02-03,juan1625@correo.pe,935009233.0
1626,37487631,Luis,Ramos Flores,Baños del Inca,Frecuente,2026-03-28,luis1626@correo.pe,924569606.0
1627,57676594,Sofía,Castrejón Becerra,Los Baños,Frecuente,2026-01-29,sofia1627@correo.pe,961977193.0
1628,47165890,Marleni,Aguilar Becerra,Cajamarca,Frecuente,2025-12-06,marleni1628@correo.pe,922271882.0
1629,73226002,Yesenia,Chávez Huamán,Cajamarca,Nuevo,2026-06-30,yesenia1629@correo.pe,963182819.0
1630,39738421,Andrés,Coronel Aguilar,Baños del Inca,Frecuente,2025-06-22,andres1630@correo.pe,928623402.0
1631,32701156,Ana,Zelada Rojas,Cajamarca,Nuevo,2025-08-20,ana1631@correo.pe,980063281.0
1632,33676984,Wilmer,Bardales Díaz,Cajamarca,Frecuente,2025-11-03,wilmer1632@correo.pe,925544358.0
1633,37248286,Milagros,Ramos Mego,Cajamarca,Nuevo,2026-04-18,milagros1633@correo.pe,938092342.0
1634,17033960,Patricia,Huamán Llamo,Cajamarca,Nuevo,2025-10-09,patricia1634@correo.pe,969286554.0
1635,79076542,Patricia,Huamán Pérez,Llacanora,Nuevo,2025-12-31,patricia1635@correo.pe,966096350.0
1636,33373087,Luis,Coronel Díaz,Baños del Inca,Nuevo,2026-07-11,luis1636@correo.pe,935166341.0
1637,67032942,José,Flores Chávez,Cajamarca,Nuevo,2025-07-05,jose1637@correo.pe,926309355.0
1638,58665744,Patricia,Torres Bardales,Cajamarca,Nuevo,2025-08-23,patricia1638@correo.pe,954378488.0
1639,51853063,Elena,Becerra Sangay,Cajabamba,Frecuente,2025-07-21,elena1639@correo.pe,991681468.0
1640,13113111,Carlos,Díaz Bardales,Cajabamba,Nuevo,2025-12-24,,927892720.0
1641,70547418,Andrés,Mendoza Bardales,Baños del Inca,Nuevo,2026-05-31,andres1641@correo.pe,941075237.0
1642,78909966,Yesenia,Chávez Zelada,Jesús,Frecuente,2025-12-18,yesenia1642@correo.pe,977493407.0
1643,32218899,Yesenia,Tello Alva,Jesús,Frecuente,2025-11-04,yesenia1643@correo.pe,955824963.0
1644,40535949,María,Alva Bardales,Cajamarca,Nuevo,2026-08-12,maria1644@correo.pe,917151617.0
1645,65028849,Carlos,Quispe Chávez,Cajamarca,Frecuente,2025-10-11,carlos1645@correo.pe,924416883.0
1646,31509001,Carlos,Cabrera Chávez,Baños del Inca,Nuevo,2025-09-03,,928369289.0
1647,50715753,Carlos,Guevara Sangay,Cajamarca,Nuevo,2026-08-13,carlos1647@correo.pe,989998653.0
1648,49467141,Carmen,Torres Bardales,Jesús,Nuevo,2025-08-19,carmen1648@correo.pe,969750023.0
1649,55499054,Juan,Vásquez Bardales,Cajamarca,Frecuente,2025-08-25,juan1649@correo.pe,934675174.0
1650,76379559,José,Cabrera Rojas,Cajamarca,Nuevo,2025-10-25,jose1650@correo.pe,971214343.0
1651,30391795,Rosa,Huamán Coronel,Cajabamba,Frecuente,2026-03-22,rosa1651@correo.pe,925395535.0
1652,70482429,Camila,Llamo Sangay,Los Baños,Nuevo,2026-06-12,camila1652@correo.pe,953667563.0
1653,60813230,Gabriela,Cueva Mendoza,Cajamarca,Frecuente,2025-11-10,gabriela1653@correo.pe,950403127.0
1654,79307607,María,Becerra Sánchez,Cajamarca,Nuevo,2025-06-20,maria1654@correo.pe,947379253.0
1655,36703549,Andrés,Sánchez Aguilar,Cajamarca,Nuevo,2025-06-24,andres1655@correo.pe,953660559.0
1656,34991404,Ricardo,Zelada Terrones,Cajamarca,Nuevo,2026-02-23,ricardo1656@correo.pe,993413231.0
1657,25231923,Milagros,Zelada Coronel,Baños del Inca,Frecuente,2026-03-01,milagros1657@correo.pe,943842926.0
1658,17280299,Edwin,Quispe Cabrera,Baños del Inca,Nuevo,2026-01-12,edwin1658@correo.pe,975423718.0
1659,20751233,María,Lozano Becerra,Llacanora,Frecuente,2026-07-18,maria1659@correo.pe,979469849.0
1660,24199038,Patricia,Bardales Terrones,Cajamarca,Nuevo,2025-11-15,patricia1660@correo.pe,930191526.0
1661,24239806,Jorge,Cabrera Becerra,Cajamarca,Corporativo,2026-08-17,jorge1661@correo.pe,912691413.0
1662,37508893,Jorge,Flores Sánchez,Jesús,Nuevo,2025-09-11,jorge1662@correo.pe,971452736.0
1663,13431766,Yesenia,Sangay Cabrera,Cajamarca,Frecuente,2026-05-04,yesenia1663@correo.pe,951495331.0
1664,36853288,Miguel,Díaz Sánchez,Jesús,Corporativo,2026-07-01,miguel1664@correo.pe,928478069.0
1665,57358323,José,Aguilar Vásquez,Baños del Inca,Frecuente,2025-07-07,jose1665@correo.pe,982770382.0
1666,66081037,Carmen,Alva Huamán,Cajabamba,Frecuente,2026-07-13,carmen1666@correo.pe,994662782.0
1667,51940469,Camila,Flores Chávez,Cajamarca,Frecuente,2025-12-31,camila1667@correo.pe,959658366.0
1668,33503742,María,Castrejón Sangay,Baños del Inca,Nuevo,2026-05-11,maria1668@correo.pe,911759014.0
1669,79705965,Fernando,Coronel Sangay,Cajamarca,Frecuente,2025-10-07,fernando1669@correo.pe,977031304.0
1670,63463283,Fernando,Terrones Llamo,Cajamarca,Nuevo,2026-08-27,fernando1670@correo.pe,962759451.0
1671,17839288,Héctor,Becerra Cabrera,Baños del Inca,Nuevo,2026-07-14,hector1671@correo.pe,935778044.0
1672,49285142,Segundo,Ramos Bardales,Cajamarca,Frecuente,2026-04-15,segundo1672@correo.pe,947649937.0
1673,51069042,Camila,Flores Quispe,Cajamarca,Nuevo,2026-05-27,camila1673@correo.pe,929587051.0
1674,52248714,Luz,Zelada Díaz,Cajamarca,Nuevo,2026-07-11,luz1674@correo.pe,973376678.0
1675,58204518,Miguel,Vásquez Sangay,Cajamarca,Nuevo,2026-03-03,miguel1675@correo.pe,972691919.0
1676,67159165,Milagros,Alva Llamo,Cajamarca,Nuevo,2025-11-09,milagros1676@correo.pe,964953703.0
1677,62614574,Miguel,Pérez Alva,Cajamarca,Nuevo,2026-03-08,miguel1677@correo.pe,964593769.0
1678,10464245,Miguel,Vásquez Aguilar,Cajamarca,Nuevo,2025-07-03,miguel1678@correo.pe,917930885.0
1679,45374075,Milagros,Bardales Vásquez,Cajamarca,Frecuente,2026-08-31,milagros1679@correo.pe,940558403.0
1680,57113701,Ricardo,Alva Sangay,Baños del Inca,Frecuente,2025-11-13,ricardo1680@correo.pe,954098047.0
1681,18891131,Luis,Ramos Flores,Cajamarca,Frecuente,2025-10-09,luis1681@correo.pe,954194385.0
1682,26849681,Rosa,Cueva Mego,Cajamarca,Frecuente,2026-07-10,rosa1682@correo.pe,987621351.0
1683,22401639,Andrés,Sánchez Sánchez,Namora,Nuevo,2026-04-22,andres1683@correo.pe,980604511.0
1684,33993690,Diego,Torres Becerra,Cajamarca,Nuevo,2025-12-03,diego1684@correo.pe,920070382.0
1685,11000448,Carmen,Bardales Cabrera,Cajamarca,Nuevo,2026-04-28,carmen1685@correo.pe,970480982.0
1686,34452795,Elena,Llamo Lozano,Cajamarca,Frecuente,2025-12-05,elena1686@correo.pe,919600989.0
1687,62511465,Ricardo,Sánchez Díaz,Celendín,Nuevo,2025-11-16,ricardo1687@correo.pe,975380956.0
1688,34052446,Diego,Cueva Aguilar,Cajamarca,Frecuente,2026-06-28,diego1688@correo.pe,914371058.0
1689,74607708,Rosa,Díaz Quispe,Namora,Nuevo,2025-07-05,rosa1689@correo.pe,949861273.0
1690,35131848,Segundo,Mego Aguilar,Cajamarca,Nuevo,2026-03-30,segundo1690@correo.pe,970874856.0
1691,21438523,Patricia,Pérez Ramos,Cajamarca,Frecuente,2026-05-19,patricia1691@correo.pe,958294586.0
1692,10198624,Diego,Vásquez Tello,Baños del Inca,Frecuente,2025-09-14,diego1692@correo.pe,967420756.0
1693,20700883,Patricia,Huamán Quispe,Celendín,Nuevo,2025-09-04,patricia1693@correo.pe,972390247.0
1694,68535857,Andrés,Mego Huamán,Cajamarca,Nuevo,2026-06-22,andres1694@correo.pe,973314981.0
1695,38709217,Héctor,Chávez Quispe,Baños del Inca,Frecuente,2026-05-02,,997618026.0
1696,70593270,Miguel,Becerra Tello,Cajamarca,Frecuente,2025-06-10,miguel1696@correo.pe,943869682.0
1697,52957438,Marleni,Flores Coronel,Cajamarca,Frecuente,2025-07-27,marleni1697@correo.pe,998999580.0
1698,49872126,Gabriela,Castrejón Cueva,Baños del Inca,Nuevo,2025-11-09,gabriela1698@correo.pe,966084831.0
1699,50848643,Wilmer,Huamán Zelada,Cajamarca,Frecuente,2026-08-09,wilmer1699@correo.pe,963273930.0
1700,36984088,María,Mego Lozano,Cajabamba,Nuevo,2025-09-02,maria1700@correo.pe,935966784.0
1701,70782735,José,Guevara Castrejón,Cajamarca,Corporativo,2026-05-25,jose1701@correo.pe,965508633.0
1702,25686800,Jorge,Ramos Rojas,Cajabamba,Nuevo,2026-07-17,jorge1702@correo.pe,963510493.0
1703,45441052,Fernando,Guevara Terrones,Cajamarca,Nuevo,2026-01-29,fernando1703@correo.pe,917989079.0
1704,16581892,Pedro,Sánchez Mendoza,Cajamarca,Corporativo,2026-06-13,pedro1704@correo.pe,917624543.0
1705,22921517,Yesenia,Mendoza Cueva,Los Baños,Nuevo,2025-08-15,yesenia1705@correo.pe,929745578.0
1706,39703930,Valeria,Rojas Díaz,Cajamarca,Frecuente,2025-11-24,valeria1706@correo.pe,932575011.0
1707,40189472,Diego,Alva Torres,Baños del Inca,Frecuente,2026-08-17,diego1707@correo.pe,925147859.0
1708,50009424,Diego,Guevara Mego,Cajamarca,Frecuente,2025-11-29,diego1708@correo.pe,985379468.0
1709,41627357,Carlos,Tello Vásquez,Cajamarca,Nuevo,2026-08-06,carlos1709@correo.pe,990716572.0
1710,16238586,Andrés,Tello Guevara,Cajamarca,Nuevo,2026-01-26,andres1710@correo.pe,918977590.0
1711,28050496,Jorge,Huamán Chávez,Cajamarca,Nuevo,2025-09-19,jorge1711@correo.pe,948521554.0
1712,34154712,Carlos,Rojas Rojas,Cajamarca,Nuevo,2025-07-22,carlos1712@correo.pe,970912253.0
1713,77498060,Valeria,Chávez Chávez,Cajamarca,Frecuente,2026-05-22,valeria1713@correo.pe,989870923.0
1714,18314874,Patricia,Cueva Rojas,Baños del Inca,Frecuente,2025-06-18,patricia1714@correo.pe,998939422.0
1715,62138882,Marleni,Mego Quispe,Cajamarca,Nuevo,2025-08-21,marleni1715@correo.pe,975142598.0
1716,28194144,Edwin,Sánchez Sangay,Llacanora,Nuevo,2025-06-29,edwin1716@correo.pe,990126102.0
1717,13495521,Patricia,Sangay Rojas,Cajamarca,Nuevo,2026-03-17,patricia1717@correo.pe,988843007.0
1718,40741056,Rosa,Terrones Guevara,Celendín,Frecuente,2026-06-28,rosa1718@correo.pe,919692847.0
1719,24643135,Milagros,Llamo Chávez,Cajamarca,Nuevo,2025-10-27,milagros1719@correo.pe,930787632.0
1720,69281434,Patricia,Becerra Aguilar,Celendín,Frecuente,2025-06-04,patricia1720@correo.pe,965698771.0
1721,73568232,Fernando,Mendoza Ramos,Los Baños,Corporativo,2026-03-16,fernando1721@correo.pe,953144494.0
1722,13978532,Patricia,Quispe Cueva,Baños del Inca,Nuevo,2026-01-26,patricia1722@correo.pe,965414617.0
1723,45652584,Elena,Chávez Bardales,Baños del Inca,Nuevo,2025-12-07,elena1723@correo.pe,991756405.0
1724,14345135,Carlos,Bardales Llamo,Llacanora,Frecuente,2025-11-13,carlos1724@correo.pe,997244785.0
1725,42484198,Carlos,Llamo Huamán,Cajabamba,Frecuente,2025-07-16,carlos1725@correo.pe,980479956.0
1726,32154814,Ana,Guevara Sangay,Baños del Inca,Nuevo,2026-04-07,ana1726@correo.pe,944209814.0
1727,13786968,Gabriela,Rojas Llamo,San Juan,Nuevo,2026-07-18,gabriela1727@correo.pe,971823645.0
1728,72224343,Carmen,Flores Zelada,Cajamarca,Nuevo,2026-01-23,carmen1728@correo.pe,978907387.0
1729,41693802,Milagros,Rojas Mego,Cajamarca,Nuevo,2025-07-15,milagros1729@correo.pe,963752483.0
1730,33348312,Jorge,Cueva Terrones,Cajamarca,Nuevo,2025-10-25,jorge1730@correo.pe,933444417.0
1731,26897091,Luz,Mendoza Sangay,Los Baños,Nuevo,2026-01-25,luz1731@correo.pe,911719813.0
1732,78433116,Milagros,Tello Torres,Llacanora,Frecuente,2025-11-07,milagros1732@correo.pe,946251926.0
1733,18151837,Yesenia,Sánchez Mendoza,Cajamarca,Nuevo,2026-03-11,yesenia1733@correo.pe,911527814.0
1734,26847392,Sofía,Mego Lozano,Cajamarca,Frecuente,2025-08-26,sofia1734@correo.pe,975015240.0
1735,13896202,María,Zelada Lozano,Los Baños,Nuevo,2025-11-11,maria1735@correo.pe,949549140.0
1736,21080074,José,Sangay Terrones,Cajamarca,Nuevo,2026-07-09,jose1736@correo.pe,935280773.0
1737,21008892,Juan,Díaz Sangay,Cajamarca,Nuevo,2026-03-06,juan1737@correo.pe,960723052.0
1738,35591515,Luis,Guevara Tello,Cajamarca,Frecuente,2026-07-28,luis1738@correo.pe,976486213.0
1739,61212029,Sofía,Ramos Coronel,Cajamarca,Frecuente,2026-03-20,sofia1739@correo.pe,935911471.0
1740,37475668,Carlos,Llamo Tello,Cajamarca,Frecuente,2025-08-06,carlos1740@correo.pe,919846469.0
1741,20756788,Miguel,Díaz Cueva,Cajamarca,Nuevo,2025-10-23,miguel1741@correo.pe,976858315.0
1742,12877385,Edwin,Alva Cabrera,Jesús,Nuevo,2026-06-28,edwin1742@correo.pe,925414398.0
1743,75294929,Carmen,Mego Flores,Cajamarca,Nuevo,2026-06-27,,992271478.0
1744,44061388,Ricardo,Torres Becerra,Cajamarca,Frecuente,2026-03-18,ricardo1744@correo.pe,987895796.0
1745,75610384,Luz,Lozano Quispe,Magdalena,Nuevo,2026-07-24,luz1745@correo.pe,919959411.0
1746,33235148,Carmen,Quispe Mendoza,Cajamarca,Frecuente,2026-04-22,carmen1746@correo.pe,975397731.0
1747,19823140,Marleni,Sánchez Zelada,Cajamarca,Nuevo,2025-12-09,,951593201.0
1748,21089745,Sofía,Sangay Coronel,San Juan,Nuevo,2025-10-31,sofia1748@correo.pe,981762352.0
1749,60449908,Segundo,Mendoza Sangay,Cajamarca,Nuevo,2026-08-02,segundo1749@correo.pe,994342240.0
1750,14912607,Patricia,Llamo Ramos,Llacanora,Nuevo,2025-10-23,patricia1750@correo.pe,954310527.0
1751,70872406,Andrés,Vásquez Quispe,Namora,Frecuente,2025-06-27,andres1751@correo.pe,974017292.0
1752,75704473,Luz,Alva Flores,Magdalena,Nuevo,2026-09-09,luz1752@correo.pe,955429640.0
1753,57945479,Marleni,Zelada Quispe,Cajamarca,Nuevo,2025-11-09,marleni1753@correo.pe,983314978.0
1754,63171892,Gabriela,Sangay Sangay,Llacanora,Frecuente,2025-07-15,gabriela1754@correo.pe,955595240.0
1755,78427298,Diego,Tello Terrones,Cajamarca,Nuevo,2026-01-15,diego1755@correo.pe,993763964.0
1756,47375807,Edwin,Guevara Aguilar,Cajabamba,Nuevo,2026-07-09,edwin1756@correo.pe,915955911.0
1757,25737782,Fernando,Flores Torres,Cajamarca,Nuevo,2025-12-22,fernando1757@correo.pe,989960717.0
1758,22789719,Edwin,Zelada Cueva,Baños del Inca,Frecuente,2025-09-22,edwin1758@correo.pe,986460962.0
1759,17122132,Diego,Coronel Llamo,Cajamarca,Nuevo,2025-06-11,diego1759@correo.pe,989700215.0
1760,40291207,Diego,Mendoza Aguilar,Cajamarca,Frecuente,2025-06-26,diego1760@correo.pe,973880636.0
1761,50304645,Andrés,Aguilar Cueva,Cajamarca,Nuevo,2026-04-10,andres1761@correo.pe,983162165.0
1762,50190969,Carlos,Mendoza Zelada,Magdalena,Frecuente,2026-02-10,carlos1762@correo.pe,994356972.0
1763,28150224,Noemí,Ramos Terrones,Cajamarca,Frecuente,2026-07-17,noemi1763@correo.pe,996781094.0
1764,35826725,María,Mego Flores,Cajamarca,Nuevo,2026-03-07,maria1764@correo.pe,984743277.0
1765,77018782,María,Becerra Huamán,Baños del Inca,Nuevo,2026-05-03,maria1765@correo.pe,951285098.0
1766,40936549,Patricia,Cabrera Díaz,Magdalena,Frecuente,2026-03-16,,977884728.0
1767,53569284,Milagros,Huamán Quispe,Llacanora,Nuevo,2025-09-08,milagros1767@correo.pe,965484036.0
1768,43153297,Wilmer,Zelada Coronel,Baños del Inca,Nuevo,2026-08-11,,948389650.0
1769,34277483,Carmen,Alva Sánchez,Jesús,Nuevo,2026-05-05,carmen1769@correo.pe,930983684.0
1770,39634619,Diego,Bardales Bardales,Cajamarca,Frecuente,2026-03-15,diego1770@correo.pe,967056465.0
1771,15521305,Gabriela,Zelada Aguilar,Cajamarca,Nuevo,2025-08-14,gabriela1771@correo.pe,961350723.0
1772,62090317,Fernando,Huamán Terrones,Cajamarca,Nuevo,2025-10-20,fernando1772@correo.pe,966513396.0
1773,69444196,Sofía,Bardales Castrejón,Llacanora,Frecuente,2025-08-10,sofia1773@correo.pe,910976023.0
1774,26280947,Wilmer,Quispe Torres,Baños del Inca,Frecuente,2025-07-26,wilmer1774@correo.pe,923152498.0
1775,71070511,Juan,Zelada Terrones,Cajamarca,Frecuente,2026-04-15,juan1775@correo.pe,942470725.0
1776,20390313,Luis,Bardales Vásquez,Cajamarca,Nuevo,2025-06-18,luis1776@correo.pe,917529863.0
1777,25979133,Pedro,Díaz Tello,Cajamarca,Frecuente,2026-04-21,pedro1777@correo.pe,919528340.0
1778,29994189,Andrés,Huamán Coronel,Namora,Frecuente,2026-05-24,andres1778@correo.pe,926176774.0
1779,63197574,Jorge,Chávez Cabrera,Jesús,Nuevo,2025-09-30,jorge1779@correo.pe,919758435.0
1780,43284306,Sofía,Mego Terrones,Cajamarca,Nuevo,2025-12-29,sofia1780@correo.pe,973410953.0
1781,44698353,Ricardo,Cueva Mego,Cajamarca,Nuevo,2026-03-11,ricardo1781@correo.pe,971449916.0
1782,27566263,Andrés,Sánchez Terrones,Cajabamba,Frecuente,2025-06-23,andres1782@correo.pe,989918817.0
1783,30624070,Miguel,Sangay Cueva,Baños del Inca,Nuevo,2025-11-14,miguel1783@correo.pe,992359034.0
1784,79580665,Ana,Sánchez Torres,Cajamarca,Frecuente,2026-01-24,ana1784@correo.pe,980035468.0
1785,39095491,Carmen,Castrejón Díaz,Los Baños,Frecuente,2026-07-08,carmen1785@correo.pe,939282135.0
1786,69951565,Jorge,Rojas Sangay,Cajamarca,Nuevo,2025-06-25,jorge1786@correo.pe,926655764.0
1787,19002540,Valeria,Cabrera Flores,Cajamarca,Nuevo,2026-09-12,valeria1787@correo.pe,916519760.0
1788,39356982,Miguel,Chávez Terrones,Cajamarca,Nuevo,2026-03-29,miguel1788@correo.pe,922220439.0
1789,26445320,Segundo,Ramos Pérez,Baños del Inca,Frecuente,2025-07-04,segundo1789@correo.pe,968398628.0
1790,20197215,Luis,Guevara Vásquez,Baños del Inca,Frecuente,2025-12-17,luis1790@correo.pe,989212950.0
1791,59742661,Yesenia,Quispe Becerra,Cajamarca,Nuevo,2025-06-27,yesenia1791@correo.pe,923613051.0
1792,42211713,Wilmer,Rojas Lozano,Magdalena,Frecuente,2025-12-31,wilmer1792@correo.pe,976393120.0
1793,68185709,Luis,Huamán Díaz,Baños del Inca,Nuevo,2025-11-01,luis1793@correo.pe,929220782.0
1794,61599691,Juan,Quispe Becerra,Cajamarca,Nuevo,2025-08-15,juan1794@correo.pe,910857250.0
1795,33894302,Gabriela,Sangay Huamán,Cajamarca,Nuevo,2026-08-12,gabriela1795@correo.pe,965409114.0
1796,55974742,Ana,Castrejón Becerra,Cajamarca,Nuevo,2025-11-29,ana1796@correo.pe,931112131.0
1797,63762865,Elena,Llamo Coronel,Cajamarca,Nuevo,2026-04-22,elena1797@correo.pe,930346341.0
1798,60664305,Patricia,Coronel Tello,Cajamarca,Nuevo,2026-09-13,patricia1798@correo.pe,959084500.0
1799,52852444,Marleni,Pérez Castrejón,San Juan,Frecuente,2025-10-15,,994780688.0
1800,72812141,Valeria,Ramos Bardales,Cajamarca,Frecuente,2026-01-04,valeria1800@correo.pe,968689357.0
1801,68934201,Gabriela,Guevara Sánchez,Magdalena,Frecuente,2025-10-26,gabriela1801@correo.pe,974537110.0
1802,63766840,Segundo,Rojas Ramos,Cajamarca,Corporativo,2026-02-01,segundo1802@correo.pe,916238268.0
1803,14427435,Marleni,Lozano Mendoza,Cajamarca,Frecuente,2025-09-18,marleni1803@correo.pe,934917546.0
1804,61010326,María,Lozano Huamán,Magdalena,Nuevo,2025-08-31,maria1804@correo.pe,913175248.0
1805,64248452,Carlos,Sangay Becerra,Cajamarca,Nuevo,2025-07-25,carlos1805@correo.pe,914680018.0
1806,63804454,Héctor,Tello Bardales,Baños del Inca,Frecuente,2026-06-24,hector1806@correo.pe,943452978.0
1807,16135645,Patricia,Tello Cabrera,Namora,Frecuente,2026-04-07,patricia1807@correo.pe,959562724.0
1808,18076851,Rosa,Vásquez Llamo,Cajamarca,Frecuente,2025-08-26,rosa1808@correo.pe,942970942.0
1809,61363041,Luis,Cabrera Castrejón,Cajamarca,Frecuente,2025-11-27,luis1809@correo.pe,983173007.0
1810,73964342,Luz,Quispe Torres,Magdalena,Frecuente,2025-11-11,luz1810@correo.pe,913468466.0
1811,46691105,Luis,Zelada Alva,Jesús,Nuevo,2025-08-22,luis1811@correo.pe,939071639.0
1812,64906707,Segundo,Pérez Quispe,Cajamarca,Nuevo,2025-08-04,segundo1812@correo.pe,958118499.0
1813,69472004,Marleni,Cueva Llamo,Cajamarca,Frecuente,2025-08-26,,915245100.0
1814,51313084,Gabriela,Guevara Huamán,Cajabamba,Nuevo,2025-07-20,gabriela1814@correo.pe,939966821.0
1815,63813029,Yesenia,Vásquez Quispe,Magdalena,Nuevo,2026-07-31,yesenia1815@correo.pe,923388342.0
1816,16755228,Ana,Becerra Coronel,Cajamarca,Frecuente,2026-04-03,ana1816@correo.pe,912523928.0
1817,26610193,Luis,Vásquez Mendoza,Los Baños,Frecuente,2025-10-20,luis1817@correo.pe,948712407.0
1818,43065772,Fernando,Sangay Guevara,Magdalena,Nuevo,2025-12-31,fernando1818@correo.pe,955032042.0
1819,78307038,Carmen,Sangay Mendoza,Jesús,Frecuente,2026-08-22,carmen1819@correo.pe,922977710.0
1820,28359655,Elena,Pérez Alva,Cajamarca,Frecuente,2025-08-27,elena1820@correo.pe,965243902.0
1821,77885004,Milagros,Zelada Alva,Cajamarca,Frecuente,2025-11-16,milagros1821@correo.pe,910857558.0
1822,57262560,Yesenia,Quispe Bardales,Baños del Inca,Nuevo,2026-08-30,yesenia1822@correo.pe,913145822.0
1823,20101390,Luis,Aguilar Vásquez,Baños del Inca,Frecuente,2026-01-24,luis1823@correo.pe,986509693.0
1824,,Andrés,Huamán Mego,Magdalena,Nuevo,2025-12-09,andres1824@correo.pe,956351168.0
1825,20715046,Carmen,Castrejón Díaz,Cajamarca,Nuevo,2026-01-06,,966157713.0
1826,43750098,Diego,Coronel Terrones,San Juan,Nuevo,2026-03-20,diego1826@correo.pe,913754400.0
1827,11878677,Rosa,Quispe Guevara,Baños del Inca,Nuevo,2026-02-19,rosa1827@correo.pe,939041447.0
1828,33215039,Luz,Castrejón Díaz,Jesús,Frecuente,2025-07-25,luz1828@correo.pe,963501325.0
1829,24703017,Luis,Flores Mendoza,Cajamarca,Nuevo,2025-09-18,luis1829@correo.pe,977171368.0
1830,16071890,Luz,Zelada Vásquez,Celendín,Nuevo,2026-08-24,luz1830@correo.pe,933578962.0
1831,64369207,José,Guevara Coronel,Los Baños,Nuevo,2026-04-01,jose1831@correo.pe,988548608.0
1832,56522498,María,Torres Cabrera,Cajamarca,Nuevo,2025-11-06,maria1832@correo.pe,917016121.0
1833,34840085,Miguel,Rojas Sangay,Cajamarca,Nuevo,2026-05-31,miguel1833@correo.pe,945990536.0
1834,78426643,Luz,Mego Guevara,Cajamarca,Frecuente,2026-07-30,luz1834@correo.pe,947699517.0
1835,25429349,Gabriela,Llamo Rojas,Baños del Inca,Nuevo,2025-12-13,gabriela1835@correo.pe,984026411.0
1836,75288598,Pedro,Llamo Tello,Cajamarca,Nuevo,2026-07-12,pedro1836@correo.pe,951232399.0
1837,31099136,Valeria,Bardales Torres,Cajamarca,Nuevo,2025-09-02,valeria1837@correo.pe,936306979.0
1838,50169731,Patricia,Torres Rojas,Baños del Inca,Nuevo,2025-11-18,patricia1838@correo.pe,926002827.0
1839,66441012,Patricia,Mendoza Becerra,Cajamarca,Nuevo,2025-07-19,patricia1839@correo.pe,962888508.0
1840,65949706,Patricia,Coronel Terrones,Baños del Inca,Frecuente,2026-05-16,patricia1840@correo.pe,998630184.0
1841,64621176,Andrés,Torres Huamán,Celendín,Nuevo,2025-07-20,andres1841@correo.pe,918267950.0
1842,79973394,Héctor,Lozano Sánchez,Cajamarca,Nuevo,2026-08-02,hector1842@correo.pe,942648804.0
1843,14867777,Carlos,Mendoza Sangay,Cajamarca,Nuevo,2026-02-09,carlos1843@correo.pe,965713518.0
1844,20578441,Rosa,Ramos Sánchez,Cajamarca,Nuevo,2025-09-17,,996010443.0
1845,41598993,Fernando,Terrones Rojas,Cajabamba,Nuevo,2025-08-10,fernando1845@correo.pe,942663688.0
1846,57018370,Ana,Chávez Torres,Cajabamba,Corporativo,2026-04-30,ana1846@correo.pe,910598227.0
1847,25350245,Milagros,Lozano Torres,Cajamarca,Frecuente,2025-12-19,milagros1847@correo.pe,982191304.0
1848,79292318,Yesenia,Llamo Ramos,Cajamarca,Nuevo,2025-10-21,yesenia1848@correo.pe,959377902.0
1849,39596521,Miguel,Huamán Mego,Cajamarca,Nuevo,2025-11-18,miguel1849@correo.pe,960563455.0
1850,78102869,María,Coronel Tello,Baños del Inca,Nuevo,2026-08-04,maria1850@correo.pe,947118427.0
1851,59649996,Elena,Guevara Bardales,Namora,Frecuente,2026-04-04,elena1851@correo.pe,949230615.0
1852,47602019,Carlos,Tello Torres,Namora,Frecuente,2025-08-08,carlos1852@correo.pe,952871444.0
1853,63846148,Rosa,Mego Cabrera,Baños del Inca,Nuevo,2026-02-24,rosa1853@correo.pe,963337921.0
1854,20962590,Ricardo,Becerra Cueva,Baños del Inca,Nuevo,2026-06-14,ricardo1854@correo.pe,977352364.0
1855,61269540,Patricia,Bardales Castrejón,Los Baños,Corporativo,2025-10-21,patricia1855@correo.pe,951285283.0
1856,46745704,María,Sánchez Sánchez,Cajamarca,Frecuente,2026-05-14,maria1856@correo.pe,985866492.0
1857,52400804,Marleni,Huamán Sangay,Baños del Inca,Frecuente,2025-09-18,marleni1857@correo.pe,996893697.0
1858,48119536,Carmen,Zelada Sangay,Cajamarca,Nuevo,2026-06-30,carmen1858@correo.pe,930428139.0
1859,49415152,María,Llamo Tello,Celendín,Nuevo,2026-08-25,maria1859@correo.pe,945051842.0
1860,29326085,Fernando,Chávez Cabrera,Cajamarca,Frecuente,2025-10-17,fernando1860@correo.pe,961678438.0
1861,35652372,Camila,Cabrera Aguilar,Cajamarca,Nuevo,2025-11-06,camila1861@correo.pe,950656759.0
1862,68925428,Sofía,Llamo Mego,Cajamarca,Nuevo,2026-06-06,sofia1862@correo.pe,966616387.0
1863,18206299,María,Cabrera Guevara,Cajamarca,Frecuente,2026-08-23,maria1863@correo.pe,934675629.0
1864,68845190,Wilmer,Tello Ramos,Baños del Inca,Frecuente,2025-08-10,wilmer1864@correo.pe,921041202.0
1865,79898174,Ana,Castrejón Sánchez,Baños del Inca,Nuevo,2025-10-21,ana1865@correo.pe,927299880.0
1866,24001207,Noemí,Coronel Sangay,San Juan,Nuevo,2026-05-09,noemi1866@correo.pe,945423087.0
1867,35794021,José,Sánchez Mego,San Juan,Nuevo,2026-01-26,jose1867@correo.pe,966328039.0
1868,76724021,Sofía,Díaz Alva,Cajamarca,Frecuente,2025-11-02,sofia1868@correo.pe,968490333.0
1869,39569811,Ana,Flores Mendoza,Cajamarca,Nuevo,2026-02-22,ana1869@correo.pe,915974434.0
1870,51340657,Sofía,Sangay Zelada,Cajamarca,Nuevo,2025-08-09,sofia1870@correo.pe,934022154.0
1871,68126817,Elena,Mendoza Huamán,Celendín,Nuevo,2026-08-13,elena1871@correo.pe,948736015.0
1872,48519513,Gabriela,Sangay Guevara,San Juan,Nuevo,2026-08-02,gabriela1872@correo.pe,942747922.0
1873,65401294,Camila,Flores Mego,Cajamarca,Frecuente,2026-06-09,camila1873@correo.pe,992487839.0
1874,44413287,Noemí,Vásquez Quispe,Cajamarca,Frecuente,2026-05-12,noemi1874@correo.pe,960621215.0
1875,74997054,Wilmer,Guevara Alva,Llacanora,Nuevo,2026-06-11,wilmer1875@correo.pe,961221026.0
1876,57320198,Luis,Quispe Vásquez,Cajamarca,Nuevo,2025-11-11,luis1876@correo.pe,926422158.0
1877,46757786,Luis,Torres Coronel,Cajamarca,Frecuente,2026-07-19,luis1877@correo.pe,972829862.0
1878,51520469,Andrés,Flores Díaz,Cajabamba,Nuevo,2025-12-23,andres1878@correo.pe,929905592.0
1879,16412220,María,Becerra Aguilar,Cajabamba,Frecuente,2026-01-18,maria1879@correo.pe,939303255.0
1880,49426104,Ricardo,Lozano Rojas,Cajabamba,Nuevo,2025-08-15,ricardo1880@correo.pe,921664316.0
1881,76958903,Luis,Cueva Llamo,Magdalena,Frecuente,2025-12-24,luis1881@correo.pe,981763560.0
1882,32126864,Wilmer,Becerra Quispe,Cajamarca,Nuevo,2025-09-02,wilmer1882@correo.pe,969501802.0
1883,41732286,Miguel,Coronel Guevara,Baños del Inca,Frecuente,2025-06-07,miguel1883@correo.pe,998400924.0
1884,44219331,Noemí,Cueva Lozano,Cajamarca,Nuevo,2025-10-12,noemi1884@correo.pe,943887602.0
1885,63043221,Milagros,Lozano Cabrera,Cajamarca,Nuevo,2026-07-20,milagros1885@correo.pe,974140466.0
1886,29047311,Ricardo,Pérez Díaz,Cajamarca,Frecuente,2025-07-05,ricardo1886@correo.pe,962158215.0
1887,54233385,Milagros,Aguilar Becerra,Cajamarca,Frecuente,2025-06-18,milagros1887@correo.pe,928082615.0
1888,76549118,Yesenia,Aguilar Cueva,Los Baños,Corporativo,2026-08-13,yesenia1888@correo.pe,953051821.0
1889,59309483,Ana,Pérez Díaz,Baños del Inca,Nuevo,2025-08-12,ana1889@correo.pe,975352508.0
1890,79169880,Elena,Torres Coronel,Magdalena,Nuevo,2026-07-01,elena1890@correo.pe,916584812.0
1891,46243386,Andrés,Mego Alva,Cajamarca,Frecuente,2025-09-23,andres1891@correo.pe,938373816.0
1892,29395688,Segundo,Quispe Torres,Cajamarca,Frecuente,2026-07-24,segundo1892@correo.pe,950603869.0
1893,78006892,Héctor,Ramos Lozano,Cajamarca,Corporativo,2026-06-01,hector1893@correo.pe,997315445.0
1894,59707422,Diego,Castrejón Coronel,Celendín,Frecuente,2026-05-31,diego1894@correo.pe,961868787.0
1895,15559323,Camila,Bardales Bardales,Magdalena,Nuevo,2026-05-20,camila1895@correo.pe,983477189.0
1896,51572100,Wilmer,Lozano Mego,Cajamarca,Nuevo,2025-08-10,wilmer1896@correo.pe,915736998.0
1897,19744461,José,Mendoza Becerra,Cajamarca,Nuevo,2026-04-26,jose1897@correo.pe,963216059.0
1898,52196314,Edwin,Flores Sangay,Cajamarca,Nuevo,2026-07-26,edwin1898@correo.pe,971005143.0
1899,22836811,Valeria,Becerra Quispe,Cajamarca,Nuevo,2026-07-02,valeria1899@correo.pe,942020359.0
1900,77139680,Gabriela,Rojas Guevara,Cajabamba,Nuevo,2026-05-26,gabriela1900@correo.pe,925088126.0
1901,41659642,Diego,Coronel Sangay,Llacanora,Nuevo,2026-08-13,,956756584.0
1902,69575930,Andrés,Quispe Castrejón,Cajamarca,Frecuente,2026-08-04,andres1902@correo.pe,932025415.0
1903,14115847,Valeria,Coronel Castrejón,Magdalena,Frecuente,2025-08-15,valeria1903@correo.pe,912984911.0
1904,65466286,Gabriela,Terrones Cabrera,Cajabamba,Frecuente,2026-06-15,gabriela1904@correo.pe,985915966.0
1905,34619626,Marleni,Aguilar Becerra,Cajamarca,Frecuente,2026-05-10,marleni1905@correo.pe,978024892.0
1906,48731948,Milagros,Cabrera Castrejón,Cajabamba,Frecuente,2026-01-23,milagros1906@correo.pe,922981818.0
1907,38790085,Ricardo,Bardales Sánchez,Cajamarca,Frecuente,2025-06-02,ricardo1907@correo.pe,957240708.0
1908,39615730,Segundo,Sánchez Rojas,Cajabamba,Nuevo,2026-05-02,segundo1908@correo.pe,913277510.0
1909,67089347,Héctor,Sánchez Flores,Cajamarca,Nuevo,2026-05-02,hector1909@correo.pe,925711080.0
1910,25825307,Carlos,Huamán Díaz,Cajamarca,Nuevo,2025-07-02,carlos1910@correo.pe,962660671.0
1911,31430076,Ricardo,Lozano Cabrera,Cajamarca,Nuevo,2026-07-02,ricardo1911@correo.pe,963794439.0
1912,34042133,Juan,Becerra Castrejón,Baños del Inca,Nuevo,2025-11-06,juan1912@correo.pe,917284235.0
1913,70673047,Edwin,Lozano Mendoza,Cajamarca,Nuevo,2026-05-29,edwin1913@correo.pe,964920382.0
1914,22706110,Camila,Bardales Ramos,San Juan,Nuevo,2025-12-25,camila1914@correo.pe,942735485.0
1915,43320624,Carlos,Tello Tello,Los Baños,Nuevo,2025-08-25,carlos1915@correo.pe,955644072.0
1916,14189674,Yesenia,Terrones Torres,Cajamarca,Frecuente,2026-02-11,yesenia1916@correo.pe,984642762.0
1917,60555358,Camila,Castrejón Castrejón,San Juan,Frecuente,2025-12-23,camila1917@correo.pe,984255888.0
1918,40146401,Héctor,Tello Terrones,Llacanora,Nuevo,2026-03-19,hector1918@correo.pe,953184267.0
1919,28201859,José,Mego Alva,Cajamarca,Nuevo,2025-08-07,jose1919@correo.pe,933635809.0
1920,30623451,Héctor,Terrones Vásquez,Cajamarca,Nuevo,2025-07-17,hector1920@correo.pe,957090927.0
1921,23923238,Miguel,Tello Quispe,Cajamarca,Nuevo,2025-09-30,miguel1921@correo.pe,986978177.0
1922,26998515,Segundo,Guevara Castrejón,Cajamarca,Nuevo,2025-08-30,segundo1922@correo.pe,926747076.0
1923,45457084,Carlos,Sangay Llamo,Cajamarca,Frecuente,2025-07-14,carlos1923@correo.pe,986192169.0
1924,17883173,Luis,Flores Rojas,Cajamarca,Nuevo,2025-07-27,luis1924@correo.pe,918042159.0
1925,68825111,Sofía,Terrones Sánchez,Baños del Inca,Corporativo,2025-06-01,sofia1925@correo.pe,960335831.0
1926,48046963,Jorge,Huamán Rojas,Baños del Inca,Nuevo,2026-07-09,jorge1926@correo.pe,920753753.0
1927,36540859,Héctor,Vásquez Guevara,Magdalena,Frecuente,2025-10-20,hector1927@correo.pe,918279442.0
1928,31038376,Luz,Tello Chávez,Cajamarca,Nuevo,2026-07-01,luz1928@correo.pe,959534824.0
1929,78251349,Sofía,Chávez Vásquez,Baños del Inca,Nuevo,2026-03-11,sofia1929@correo.pe,981278727.0
1930,10030859,Ricardo,Coronel Quispe,Baños del Inca,Frecuente,2025-09-10,ricardo1930@correo.pe,983156330.0
1931,52440299,Fernando,Rojas Chávez,Jesús,Nuevo,2026-09-02,fernando1931@correo.pe,933226918.0
1932,24546004,Carmen,Mego Bardales,Cajamarca,Nuevo,2025-09-03,carmen1932@correo.pe,945726009.0
1933,20069128,Andrés,Torres Díaz,Namora,Nuevo,2026-01-25,andres1933@correo.pe,954393676.0
1934,27307966,Elena,Tello Rojas,San Juan,Nuevo,2026-04-17,elena1934@correo.pe,922135974.0
1935,70852525,Luis,Aguilar Sánchez,Cajamarca,Frecuente,2025-07-13,luis1935@correo.pe,923861540.0
1936,12987754,Edwin,Zelada Rojas,Cajabamba,Nuevo,2026-02-13,edwin1936@correo.pe,950382594.0
1937,46445612,Carmen,Quispe Rojas,Cajamarca,Nuevo,2025-08-22,carmen1937@correo.pe,921184951.0
1938,29644405,Edwin,Becerra Sánchez,Cajamarca,Nuevo,2026-04-07,edwin1938@correo.pe,936849422.0
1939,28179445,Carlos,Terrones Rojas,Llacanora,Nuevo,2025-08-17,carlos1939@correo.pe,984638250.0
1940,54542453,Noemí,Sangay Mendoza,Cajamarca,Nuevo,2026-04-29,noemi1940@correo.pe,915882614.0
1941,37976494,Camila,Pérez Cueva,Cajamarca,Frecuente,2025-09-09,camila1941@correo.pe,967602410.0
1942,36208605,Marleni,Sangay Cueva,Cajamarca,Frecuente,2025-08-24,marleni1942@correo.pe,973963653.0
1943,34502331,Rosa,Cueva Alva,Cajamarca,Nuevo,2025-11-21,rosa1943@correo.pe,972048132.0
1944,26629609,Luz,Flores Sánchez,Cajamarca,Nuevo,2026-08-26,luz1944@correo.pe,917689485.0
1945,29576031,Fernando,Ramos Becerra,Llacanora,Nuevo,2026-05-21,fernando1945@correo.pe,985019403.0
1946,34097368,Luis,Pérez Rojas,Cajamarca,Nuevo,2026-07-01,luis1946@correo.pe,969675372.0
1947,66533834,Sofía,Vásquez Lozano,Los Baños,Nuevo,2026-08-21,sofia1947@correo.pe,936572682.0
1948,46806022,Gabriela,Díaz Zelada,Celendín,Nuevo,2026-02-09,gabriela1948@correo.pe,990972922.0
1949,38137762,Jorge,Castrejón Bardales,Jesús,Frecuente,2025-07-23,jorge1949@correo.pe,980231047.0
1950,31163223,Diego,Cueva Zelada,Cajamarca,Frecuente,2026-07-19,diego1950@correo.pe,915627293.0
1951,29600507,Sofía,Llamo Sánchez,Cajamarca,Nuevo,2026-08-18,sofia1951@correo.pe,913318467.0
1952,53322511,Carmen,Mego Pérez,Cajamarca,Nuevo,2026-02-14,carmen1952@correo.pe,978134974.0
1953,79556782,Juan,Mendoza Torres,Jesús,Frecuente,2025-08-18,juan1953@correo.pe,942378638.0
1954,22118347,Marleni,Quispe Cabrera,Celendín,Nuevo,2026-02-23,marleni1954@correo.pe,934259047.0
1955,61623324,Elena,Pérez Bardales,Magdalena,Nuevo,2026-04-04,elena1955@correo.pe,947184679.0
1956,62104122,Patricia,Quispe Ramos,Baños del Inca,Nuevo,2026-07-12,patricia1956@correo.pe,931366377.0
1957,61749343,Héctor,Chávez Zelada,Cajamarca,Nuevo,2026-05-26,hector1957@correo.pe,941239527.0
1958,59220598,Elena,Sangay Ramos,Cajamarca,Nuevo,2026-08-21,elena1958@correo.pe,925725427.0
1959,55559254,Ana,Vásquez Sánchez,Cajamarca,Frecuente,2025-09-14,ana1959@correo.pe,931489708.0
1960,36685600,Ana,Becerra Quispe,Cajamarca,Corporativo,2026-05-28,ana1960@correo.pe,985438354.0
1961,31560333,Patricia,Ramos Becerra,Cajamarca,Frecuente,2025-10-24,patricia1961@correo.pe,945449386.0
1962,66554152,Carlos,Aguilar Cueva,Cajamarca,Nuevo,2025-07-04,carlos1962@correo.pe,962567761.0
1963,21546355,Noemí,Sangay Díaz,Cajamarca,Nuevo,2025-08-17,noemi1963@correo.pe,944577084.0
1964,59334052,Valeria,Cueva Alva,Cajamarca,Frecuente,2026-01-14,valeria1964@correo.pe,926418342.0
1965,61574945,Milagros,Ramos Ramos,Baños del Inca,Nuevo,2026-04-23,milagros1965@correo.pe,940232364.0
1966,19980290,Segundo,Coronel Sangay,Magdalena,Frecuente,2025-07-02,segundo1966@correo.pe,949368917.0
1967,48429183,José,Huamán Cabrera,Cajamarca,Nuevo,2026-08-09,jose1967@correo.pe,975527604.0
1968,13572010,Miguel,Terrones Quispe,Cajamarca,Nuevo,2025-11-23,miguel1968@correo.pe,944671928.0
1969,64123891,Milagros,Cabrera Huamán,Cajamarca,Nuevo,2025-07-22,milagros1969@correo.pe,964431583.0
1970,17665675,José,Ramos Sánchez,Baños del Inca,Frecuente,2026-07-24,jose1970@correo.pe,965179135.0
1971,14742594,Gabriela,Alva Alva,Cajamarca,Nuevo,2025-11-24,gabriela1971@correo.pe,939704422.0
1972,21093156,Camila,Becerra Mego,Cajabamba,Nuevo,2026-08-07,camila1972@correo.pe,921178586.0
1973,51711390,Miguel,Ramos Coronel,San Juan,Frecuente,2026-05-02,miguel1973@correo.pe,943462681.0
1974,76572542,Noemí,Chávez Becerra,Cajamarca,Nuevo,2026-04-29,noemi1974@correo.pe,954269841.0
1975,70200049,Segundo,Sangay Chávez,Jesús,Nuevo,2025-12-19,segundo1975@correo.pe,934679534.0
1976,74854560,Ricardo,Huamán Guevara,Cajamarca,Frecuente,2026-05-28,ricardo1976@correo.pe,977317268.0
1977,75105909,Edwin,Guevara Terrones,Cajamarca,Nuevo,2025-10-14,edwin1977@correo.pe,985911929.0
1978,53360342,José,Chávez Torres,Cajamarca,Nuevo,2026-01-11,jose1978@correo.pe,960916786.0
1979,39192779,Segundo,Zelada Aguilar,Cajamarca,Frecuente,2025-12-27,segundo1979@correo.pe,910305471.0
1980,53932402,Héctor,Díaz Terrones,Cajamarca,Nuevo,2026-02-04,hector1980@correo.pe,997488830.0
1981,78204138,Edwin,Vásquez Ramos,Llacanora,Nuevo,2025-11-06,edwin1981@correo.pe,987435677.0
1982,30852773,Camila,Quispe Cueva,Cajamarca,Frecuente,2026-09-02,camila1982@correo.pe,994405726.0
1983,19119548,Juan,Pérez Lozano,Cajamarca,Frecuente,2026-08-06,juan1983@correo.pe,918886470.0
1984,37581942,Carmen,Lozano Cabrera,Baños del Inca,Frecuente,2025-06-30,,994046947.0
1985,51820801,Carmen,Vásquez Coronel,Cajamarca,Frecuente,2026-02-26,carmen1985@correo.pe,981803493.0
1986,58498660,José,Aguilar Coronel,Los Baños,Frecuente,2026-07-23,,978423470.0
1987,42950203,Héctor,Terrones Sangay,Los Baños,Frecuente,2025-09-08,hector1987@correo.pe,971112674.0
1988,68045949,Rosa,Mego Guevara,Baños del Inca,Frecuente,2025-12-15,rosa1988@correo.pe,923878883.0
1989,64170993,Juan,Sánchez Coronel,Cajamarca,Nuevo,2025-08-07,juan1989@correo.pe,959150429.0
1990,67557294,Gabriela,Tello Llamo,Cajabamba,Nuevo,2026-01-03,gabriela1990@correo.pe,958031027.0
1991,40840147,Wilmer,Mendoza Tello,Celendín,Nuevo,2025-11-15,wilmer1991@correo.pe,950167490.0
1992,58710808,Yesenia,Alva Coronel,Baños del Inca,Frecuente,2026-01-16,yesenia1992@correo.pe,929420766.0
1993,46232307,Ana,Terrones Huamán,Cajamarca,Nuevo,2026-05-27,ana1993@correo.pe,936462980.0
1994,14871173,Elena,Becerra Castrejón,Cajamarca,Frecuente,2025-09-18,elena1994@correo.pe,970416086.0
1995,,Patricia,Quispe Mego,Cajamarca,Nuevo,2025-10-02,patricia1995@correo.pe,923451299.0
1996,43630752,Ricardo,Torres Ramos,Cajamarca,Nuevo,2026-06-07,ricardo1996@correo.pe,951130298.0
1997,34900462,Wilmer,Castrejón Zelada,Cajamarca,Nuevo,2025-10-10,wilmer1997@correo.pe,959879801.0
1998,58222943,Elena,Lozano Bardales,Cajamarca,Nuevo,2025-06-04,,984984136.0
1999,45261523,Marleni,Lozano Mego,Baños del Inca,Frecuente,2026-01-08,marleni1999@correo.pe,914484636.0
2000,40815527,Juan,Sánchez Ramos,Cajamarca,Nuevo,2026-07-30,,931030935.0
2001,61602270,Wilmer,Mendoza Chávez,Baños del Inca,Frecuente,2026-01-24,wilmer2001@correo.pe,984154316.0
2002,17301879,Gabriela,Sangay Coronel,Cajamarca,Nuevo,2026-05-13,gabriela2002@correo.pe,965381440.0
2003,69196597,Segundo,Mendoza Coronel,Cajamarca,Nuevo,2026-04-07,segundo2003@correo.pe,969331793.0
2004,53076709,Gabriela,Lozano Chávez,Cajamarca,Nuevo,2025-07-19,gabriela2004@correo.pe,917556140.0
2005,66805819,Juan,Llamo Tello,Los Baños,Nuevo,2026-05-21,juan2005@correo.pe,911224922.0
2006,30049638,José,Tello Flores,Cajamarca,Nuevo,2025-07-22,jose2006@correo.pe,921718590.0
2007,72603096,Luz,Castrejón Lozano,Cajamarca,Nuevo,2025-09-24,luz2007@correo.pe,956308716.0
2008,34574092,Carlos,Huamán Aguilar,Cajamarca,Nuevo,2025-11-21,carlos2008@correo.pe,955715669.0
2009,64729861,Noemí,Alva Bardales,Cajamarca,Nuevo,2026-06-07,noemi2009@correo.pe,942365144.0
2010,29551877,Héctor,Guevara Coronel,Baños del Inca,Nuevo,2025-07-22,hector2010@correo.pe,970322079.0
2011,67115439,Edwin,Aguilar Coronel,Celendín,Nuevo,2025-09-09,edwin2011@correo.pe,978109461.0
2012,11377828,Rosa,Llamo Becerra,Jesús,Frecuente,2025-12-11,rosa2012@correo.pe,916951942.0
2013,33636005,Camila,Vásquez Lozano,Cajamarca,Frecuente,2026-01-06,camila2013@correo.pe,933168969.0
2014,39284250,Pedro,Alva Mendoza,Cajamarca,Frecuente,2026-08-11,pedro2014@correo.pe,951974987.0
2015,63247269,Noemí,Aguilar Guevara,San Juan,Nuevo,2026-06-13,noemi2015@correo.pe,925290021.0
2016,47379146,Rosa,Pérez Quispe,San Juan,Frecuente,2026-05-06,rosa2016@correo.pe,947199313.0
2017,19658562,Miguel,Cueva Ramos,San Juan,Frecuente,2025-09-28,miguel2017@correo.pe,924686063.0
2018,77412149,Rosa,Coronel Bardales,Baños del Inca,Nuevo,2026-08-24,rosa2018@correo.pe,972163398.0
2019,24741464,Pedro,Lozano Rojas,Cajamarca,Frecuente,2026-01-24,pedro2019@correo.pe,979418562.0
2020,66402959,Patricia,Coronel Flores,Magdalena,Nuevo,2025-10-29,patricia2020@correo.pe,941019094.0
2021,27929237,Milagros,Aguilar Vásquez,Cajamarca,Nuevo,2026-08-25,milagros2021@correo.pe,991366571.0
2022,71214078,Luis,Chávez Zelada,Cajamarca,Frecuente,2025-06-26,luis2022@correo.pe,912525373.0
2023,64404114,Marleni,Quispe Cueva,Cajamarca,Frecuente,2026-04-19,marleni2023@correo.pe,936066151.0
2024,19835725,Valeria,Tello Llamo,Baños del Inca,Nuevo,2025-07-31,valeria2024@correo.pe,988194456.0
2025,50443870,Carmen,Sánchez Coronel,Celendín,Frecuente,2025-11-05,carmen2025@correo.pe,994936169.0
2026,23285850,Ana,Llamo Cabrera,San Juan,Corporativo,2026-04-11,ana2026@correo.pe,988502890.0
2027,25040926,Héctor,Chávez Quispe,Cajamarca,Nuevo,2025-09-24,hector2027@correo.pe,992386638.0
2028,21069435,Héctor,Becerra Alva,Llacanora,Nuevo,2026-08-22,hector2028@correo.pe,959981350.0
2029,65309317,Jorge,Díaz Castrejón,Baños del Inca,Nuevo,2025-07-25,jorge2029@correo.pe,918772630.0
2030,55671094,Miguel,Rojas Cabrera,Cajamarca,Nuevo,2025-09-27,miguel2030@correo.pe,934270929.0
2031,41997458,Edwin,Terrones Bardales,Namora,Nuevo,2025-08-10,edwin2031@correo.pe,956416180.0
2032,56835322,Segundo,Becerra Pérez,Baños del Inca,Nuevo,2025-11-20,segundo2032@correo.pe,968386878.0
2033,20933557,Valeria,Aguilar Guevara,Cajamarca,Nuevo,2026-08-29,valeria2033@correo.pe,938929675.0
2034,51959464,Wilmer,Huamán Flores,Cajamarca,Nuevo,2026-08-21,wilmer2034@correo.pe,950031337.0
2035,43747334,Ana,Tello Bardales,Cajamarca,Nuevo,2026-06-03,ana2035@correo.pe,972752173.0
2036,21337645,José,Bardales Flores,Baños del Inca,Frecuente,2026-03-11,jose2036@correo.pe,920809845.0
2037,44732575,Andrés,Rojas Lozano,Cajabamba,Nuevo,2025-12-09,andres2037@correo.pe,985346945.0
2038,17695381,Gabriela,Bardales Bardales,Baños del Inca,Nuevo,2025-10-17,gabriela2038@correo.pe,943920186.0
2039,72402746,Diego,Díaz Mego,San Juan,Nuevo,2025-12-07,diego2039@correo.pe,983561878.0
2040,64574785,Jorge,Huamán Mego,Cajamarca,Nuevo,2026-01-23,jorge2040@correo.pe,955490067.0
2041,21499858,Ricardo,Coronel Llamo,Cajamarca,Frecuente,2025-11-03,ricardo2041@correo.pe,928386972.0
2042,16560311,Rosa,Huamán Huamán,Cajabamba,Nuevo,2026-06-10,rosa2042@correo.pe,971607142.0
2043,52628380,Sofía,Sánchez Aguilar,Cajamarca,Nuevo,2025-07-16,sofia2043@correo.pe,995921339.0
2044,,Yesenia,Guevara Sangay,Magdalena,Frecuente,2025-09-08,yesenia2044@correo.pe,998081989.0
2045,61984508,Héctor,Vásquez Mendoza,Cajamarca,Frecuente,2026-05-04,hector2045@correo.pe,938004701.0
2046,13598947,Héctor,Sangay Mendoza,Cajabamba,Nuevo,2025-09-02,hector2046@correo.pe,962179985.0
2047,46303098,Carlos,Sánchez Tello,Jesús,Nuevo,2026-08-11,carlos2047@correo.pe,945880385.0
2048,77132767,Ricardo,Díaz Torres,Magdalena,Nuevo,2026-07-30,ricardo2048@correo.pe,949132850.0
2049,51694333,Rosa,Terrones Cabrera,Cajamarca,Frecuente,2025-11-16,rosa2049@correo.pe,996326063.0
2050,12890277,María,Mego Vásquez,Celendín,Nuevo,2026-09-06,maria2050@correo.pe,934826327.0
2051,20385474,Camila,Vásquez Cueva,Baños del Inca,Frecuente,2025-07-14,camila2051@correo.pe,988284751.0
2052,62942155,Carlos,Becerra Mego,Cajamarca,Frecuente,2025-09-28,carlos2052@correo.pe,962581484.0
2053,55461081,Camila,Cabrera Pérez,Cajamarca,Nuevo,2025-08-21,camila2053@correo.pe,954822494.0
2054,24039685,Rosa,Vásquez Quispe,Celendín,Frecuente,2025-06-29,rosa2054@correo.pe,968740609.0
2055,13678181,Gabriela,Sangay Ramos,Cajamarca,Frecuente,2025-06-22,gabriela2055@correo.pe,985950587.0
2056,60251007,María,Llamo Huamán,Los Baños,Frecuente,2026-07-28,maria2056@correo.pe,996179446.0
2057,66948091,Edwin,Díaz Quispe,Cajamarca,Frecuente,2026-01-13,edwin2057@correo.pe,992603767.0
2058,68487779,Sofía,Huamán Cueva,Cajamarca,Nuevo,2025-06-12,sofia2058@correo.pe,918582329.0
2059,19722345,Noemí,Zelada Ramos,San Juan,Nuevo,2026-07-15,noemi2059@correo.pe,938996900.0
2060,48347253,Gabriela,Flores Flores,Cajamarca,Nuevo,2025-11-12,gabriela2060@correo.pe,911078682.0
2061,31393860,Edwin,Sánchez Sangay,Cajamarca,Frecuente,2026-08-24,edwin2061@correo.pe,982640879.0
2062,12004942,Rosa,Huamán Pérez,Cajamarca,Nuevo,2026-04-13,rosa2062@correo.pe,983883085.0
2063,51163523,Camila,Alva Alva,Cajamarca,Nuevo,2025-10-25,camila2063@correo.pe,967296630.0
2064,32460684,Ana,Flores Rojas,Cajamarca,Nuevo,2026-08-12,ana2064@correo.pe,914912455.0
2065,65515278,Luz,Díaz Cabrera,Cajamarca,Frecuente,2026-06-27,luz2065@correo.pe,943104597.0
2066,17654123,Juan,Vásquez Quispe,Magdalena,Frecuente,2025-11-21,juan2066@correo.pe,969927937.0
2067,52763576,Wilmer,Lozano Quispe,Baños del Inca,Nuevo,2026-02-12,wilmer2067@correo.pe,993910198.0
2068,68317586,Segundo,Bardales Guevara,Baños del Inca,Frecuente,2026-02-11,segundo2068@correo.pe,997737315.0
2069,45173171,Andrés,Lozano Guevara,Celendín,Nuevo,2026-01-13,,962844903.0
2070,58532728,Carlos,Llamo Bardales,Baños del Inca,Frecuente,2026-01-23,carlos2070@correo.pe,970665210.0
2071,76885224,Diego,Díaz Torres,Jesús,Frecuente,2026-06-19,diego2071@correo.pe,948698154.0
2072,62489718,Yesenia,Llamo Sánchez,Cajamarca,Frecuente,2026-01-21,yesenia2072@correo.pe,915484183.0
2073,40784936,Héctor,Mendoza Pérez,Baños del Inca,Frecuente,2026-07-17,hector2073@correo.pe,929018199.0
2074,41712853,María,Coronel Pérez,Baños del Inca,Corporativo,2025-08-25,maria2074@correo.pe,928687795.0
2075,17024529,Patricia,Díaz Tello,Cajabamba,Frecuente,2025-08-19,patricia2075@correo.pe,973573980.0
2076,35846102,José,Huamán Mendoza,Celendín,Frecuente,2026-08-31,jose2076@correo.pe,964426818.0
2077,,Luis,Bardales Cueva,Cajamarca,Nuevo,2026-01-02,luis2077@correo.pe,955857867.0
2078,61788413,Jorge,Huamán Bardales,Cajamarca,Nuevo,2026-05-30,jorge2078@correo.pe,985988516.0
2079,59329363,Fernando,Coronel Huamán,Magdalena,Nuevo,2026-01-29,fernando2079@correo.pe,959598707.0
2080,51589699,Noemí,Guevara Cueva,Cajamarca,Frecuente,2026-05-07,noemi2080@correo.pe,949434358.0
2081,61581803,Rosa,Quispe Ramos,Cajabamba,Frecuente,2025-08-07,rosa2081@correo.pe,975108787.0
2082,54451569,Juan,Becerra Quispe,Llacanora,Nuevo,2025-09-29,juan2082@correo.pe,976042854.0
2083,27356195,Valeria,Huamán Mendoza,Cajamarca,Nuevo,2025-08-11,valeria2083@correo.pe,954248412.0
2084,38716553,Ana,Flores Terrones,Celendín,Frecuente,2025-11-19,ana2084@correo.pe,963135778.0
2085,30678692,Segundo,Pérez Sangay,Llacanora,Corporativo,2026-09-05,segundo2085@correo.pe,968631223.0
2086,74379450,Edwin,Ramos Mendoza,Baños del Inca,Nuevo,2026-06-17,edwin2086@correo.pe,979779029.0
2087,45895405,Jorge,Cabrera Cueva,San Juan,Frecuente,2026-08-25,jorge2087@correo.pe,917313495.0
2088,31169250,Ana,Llamo Quispe,Cajamarca,Nuevo,2026-09-06,ana2088@correo.pe,972251893.0
2089,39370266,Ana,Mendoza Quispe,Cajabamba,Nuevo,2025-06-28,ana2089@correo.pe,945426946.0
2090,30285820,María,Llamo Cabrera,Cajamarca,Nuevo,2026-06-06,maria2090@correo.pe,984995884.0
2091,51472087,Luis,Terrones Castrejón,Cajabamba,Nuevo,2025-09-02,luis2091@correo.pe,955322493.0
2092,24991765,Diego,Díaz Coronel,Baños del Inca,Corporativo,2026-05-27,diego2092@correo.pe,940410202.0
2093,62887686,Diego,Flores Quispe,Cajamarca,Nuevo,2025-09-06,diego2093@correo.pe,940277895.0
2094,76427436,Andrés,Vásquez Mendoza,San Juan,Frecuente,2026-04-07,andres2094@correo.pe,935966292.0
2095,55545103,Carmen,Chávez Cabrera,Cajamarca,Nuevo,2025-09-02,carmen2095@correo.pe,954340457.0
2096,26334040,Pedro,Aguilar Torres,Baños del Inca,Nuevo,2026-06-20,pedro2096@correo.pe,922289811.0
2097,32276743,Segundo,Bardales Díaz,Los Baños,Nuevo,2026-06-23,segundo2097@correo.pe,989974715.0
2098,41334550,Ana,Bardales Chávez,Los Baños,Nuevo,2025-09-27,ana2098@correo.pe,985207514.0
2099,48739167,Ricardo,Rojas Huamán,Baños del Inca,Frecuente,2025-10-09,ricardo2099@correo.pe,960848821.0
2100,27094426,Juan,Díaz Cabrera,Baños del Inca,Nuevo,2025-09-26,juan2100@correo.pe,974947550.0
2101,21353910,Yesenia,Aguilar Vásquez,Cajamarca,Nuevo,2025-08-09,yesenia2101@correo.pe,917348364.0
2102,64460919,Gabriela,Pérez Chávez,Cajamarca,Nuevo,2026-03-15,gabriela2102@correo.pe,981948586.0
2103,32314258,Pedro,Cabrera Sánchez,Baños del Inca,Nuevo,2026-05-21,pedro2103@correo.pe,944668905.0
2104,49318193,Yesenia,Mego Tello,Cajamarca,Nuevo,2026-02-11,yesenia2104@correo.pe,979496231.0
2105,49989043,Valeria,Cabrera Huamán,Cajamarca,Nuevo,2025-08-16,valeria2105@correo.pe,955130389.0
2106,53962438,Andrés,Huamán Ramos,San Juan,Nuevo,2025-07-07,andres2106@correo.pe,951810191.0
2107,31280284,Elena,Mego Terrones,Cajamarca,Nuevo,2025-07-06,elena2107@correo.pe,933240799.0
2108,24942188,Marleni,Lozano Pérez,Cajamarca,Nuevo,2026-09-11,,920770347.0
2109,21273326,Rosa,Mego Tello,Cajamarca,Nuevo,2025-08-31,rosa2109@correo.pe,935024041.0
2110,34287339,Camila,Quispe Mego,Jesús,Nuevo,2025-07-19,camila2110@correo.pe,923956745.0
2111,18425427,Noemí,Lozano Rojas,Cajamarca,Nuevo,2025-06-25,,992747815.0
2112,70239003,Luis,Alva Aguilar,Cajamarca,Nuevo,2026-02-01,luis2112@correo.pe,915798707.0
2113,,María,Terrones Ramos,Celendín,Frecuente,2026-07-22,maria2113@correo.pe,912931033.0
2114,18137783,Diego,Pérez Terrones,Jesús,Frecuente,2026-04-03,diego2114@correo.pe,924913921.0
2115,38590055,José,Sánchez Mendoza,Cajamarca,Frecuente,2025-09-23,jose2115@correo.pe,931453737.0
2116,55082353,Valeria,Coronel Becerra,Jesús,Nuevo,2025-06-24,valeria2116@correo.pe,957958412.0
2117,78503969,Fernando,Ramos Quispe,Cajamarca,Nuevo,2026-01-22,fernando2117@correo.pe,977082994.0
2118,32709938,Wilmer,Alva Tello,Cajamarca,Nuevo,2025-07-11,wilmer2118@correo.pe,969780271.0
2119,36417949,Pedro,Flores Aguilar,Cajamarca,Nuevo,2025-11-29,pedro2119@correo.pe,935983180.0
2120,20820681,Segundo,Pérez Becerra,Baños del Inca,Frecuente,2025-06-28,segundo2120@correo.pe,935029829.0
2121,32872040,Wilmer,Guevara Quispe,Los Baños,Frecuente,2026-02-22,wilmer2121@correo.pe,936773750.0
2122,41511307,Segundo,Ramos Rojas,Cajamarca,Frecuente,2026-01-04,segundo2122@correo.pe,966345542.0
2123,35189131,Noemí,Llamo Huamán,Los Baños,Nuevo,2025-12-19,noemi2123@correo.pe,939359114.0
2124,58428817,Diego,Sánchez Terrones,Baños del Inca,Nuevo,2025-09-15,diego2124@correo.pe,956335989.0
2125,33560497,Ana,Alva Alva,Baños del Inca,Nuevo,2025-10-19,ana2125@correo.pe,991232293.0
2126,47378252,María,Guevara Vásquez,Cajamarca,Nuevo,2026-08-14,maria2126@correo.pe,963818655.0
2127,36721424,Andrés,Terrones Pérez,Cajabamba,Nuevo,2025-07-10,andres2127@correo.pe,991085986.0
2128,71597994,Milagros,Sangay Guevara,Celendín,Nuevo,2026-06-29,milagros2128@correo.pe,985715458.0
2129,36204710,Camila,Chávez Ramos,Cajamarca,Nuevo,2025-11-06,camila2129@correo.pe,934005106.0
2130,42487237,Diego,Terrones Sangay,Cajamarca,Nuevo,2025-10-08,diego2130@correo.pe,929580500.0
2131,30967447,Diego,Alva Becerra,Llacanora,Nuevo,2026-01-29,diego2131@correo.pe,977222048.0
2132,34934424,Luz,Llamo Pérez,Cajamarca,Nuevo,2025-07-23,luz2132@correo.pe,941657413.0
2133,61849527,Segundo,Coronel Flores,Los Baños,Nuevo,2026-01-14,segundo2133@correo.pe,944790052.0
2134,44822372,Carlos,Flores Guevara,Cajamarca,Nuevo,2026-05-04,carlos2134@correo.pe,963261958.0
2135,25045667,Valeria,Mendoza Mego,Cajamarca,Nuevo,2025-11-09,valeria2135@correo.pe,922560198.0
2136,69799324,Yesenia,Pérez Chávez,Cajamarca,Corporativo,2026-01-25,yesenia2136@correo.pe,963813602.0
2137,33926895,Miguel,Mego Mendoza,Cajamarca,Frecuente,2026-02-12,miguel2137@correo.pe,947278730.0
2138,55452115,Héctor,Cueva Guevara,Jesús,Nuevo,2026-07-15,hector2138@correo.pe,981837112.0
2139,29777745,Milagros,Guevara Terrones,Cajamarca,Frecuente,2026-03-05,milagros2139@correo.pe,982076758.0
2140,41827818,Yesenia,Chávez Vásquez,Baños del Inca,Corporativo,2026-08-10,yesenia2140@correo.pe,915118028.0
2141,23915233,Ana,Coronel Torres,Jesús,Nuevo,2025-06-23,ana2141@correo.pe,964165310.0
2142,70268745,Yesenia,Castrejón Torres,Baños del Inca,Nuevo,2025-06-03,yesenia2142@correo.pe,974369914.0
2143,60018532,Luis,Alva Coronel,Cajamarca,Nuevo,2026-05-03,luis2143@correo.pe,958331381.0
2144,24594684,Diego,Chávez Bardales,Cajamarca,Nuevo,2026-06-12,diego2144@correo.pe,910468057.0
2145,58677589,Sofía,Zelada Bardales,Cajamarca,Nuevo,2026-08-19,sofia2145@correo.pe,982904352.0
2146,24444455,Diego,Guevara Cabrera,Llacanora,Nuevo,2026-09-12,diego2146@correo.pe,989464993.0
2147,35720249,Yesenia,Chávez Quispe,Cajamarca,Corporativo,2026-06-19,yesenia2147@correo.pe,929778271.0
2148,54195407,Andrés,Rojas Díaz,Cajamarca,Nuevo,2026-04-08,andres2148@correo.pe,993287254.0
2149,54410653,Carmen,Becerra Tello,Cajamarca,Nuevo,2025-09-23,carmen2149@correo.pe,918410374.0
2150,23491788,Andrés,Pérez Guevara,Baños del Inca,Nuevo,2025-11-18,andres2150@correo.pe,956989969.0
2151,13600765,Marleni,Aguilar Vásquez,Celendín,Nuevo,2025-07-20,marleni2151@correo.pe,918872219.0
2152,35870777,Segundo,Lozano Aguilar,Cajamarca,Frecuente,2025-12-20,segundo2152@correo.pe,992134844.0
2153,71462800,María,Llamo Sánchez,Cajamarca,Nuevo,2026-02-02,maria2153@correo.pe,923827493.0
2154,42952666,Edwin,Ramos Mego,Cajabamba,Frecuente,2026-02-12,edwin2154@correo.pe,939304468.0
2155,44382729,Rosa,Tello Mendoza,Cajamarca,Nuevo,2025-06-26,rosa2155@correo.pe,981202672.0
2156,43271867,Pedro,Díaz Becerra,Cajamarca,Frecuente,2026-01-05,pedro2156@correo.pe,939516076.0
2157,38043506,Carlos,Tello Guevara,Baños del Inca,Nuevo,2026-01-21,carlos2157@correo.pe,988642306.0
2158,28313459,Marleni,Cabrera Flores,Cajamarca,Nuevo,2025-08-26,marleni2158@correo.pe,913550509.0
2159,50765875,Luis,Castrejón Alva,Namora,Nuevo,2025-07-25,luis2159@correo.pe,917063027.0
2160,,Edwin,Castrejón Ramos,Cajamarca,Frecuente,2026-06-01,edwin2160@correo.pe,923860499.0
2161,23123096,María,Mego Ramos,Magdalena,Frecuente,2025-06-26,maria2161@correo.pe,963537450.0
2162,37392521,Carmen,Zelada Chávez,Cajamarca,Nuevo,2025-12-17,carmen2162@correo.pe,910547069.0
2163,28240122,Segundo,Aguilar Terrones,Cajamarca,Frecuente,2026-08-03,segundo2163@correo.pe,977190231.0
2164,56371758,Pedro,Aguilar Sangay,Namora,Nuevo,2025-09-09,pedro2164@correo.pe,926846363.0
2165,21560112,Ricardo,Díaz Coronel,Cajamarca,Frecuente,2025-08-04,ricardo2165@correo.pe,936121710.0
2166,70128741,Rosa,Guevara Guevara,Jesús,Frecuente,2026-04-12,rosa2166@correo.pe,970448913.0
2167,53603246,Yesenia,Torres Sangay,Celendín,Nuevo,2026-01-17,yesenia2167@correo.pe,950675330.0
2168,28383640,Sofía,Rojas Sánchez,Cajamarca,Nuevo,2026-04-05,sofia2168@correo.pe,978813987.0
2169,61651433,Fernando,Flores Lozano,Llacanora,Nuevo,2025-08-27,fernando2169@correo.pe,970489352.0
2170,33791148,Rosa,Pérez Sánchez,Cajamarca,Nuevo,2025-06-01,rosa2170@correo.pe,929987170.0
2171,34792238,Miguel,Bardales Huamán,Magdalena,Nuevo,2026-05-09,miguel2171@correo.pe,925872852.0
2172,12682134,Pedro,Vásquez Cueva,Cajamarca,Frecuente,2025-06-19,pedro2172@correo.pe,928365623.0
2173,54600964,José,Zelada Terrones,Cajamarca,Nuevo,2026-08-26,jose2173@correo.pe,968303476.0
2174,21601036,Jorge,Pérez Guevara,Baños del Inca,Nuevo,2025-06-11,jorge2174@correo.pe,971290253.0
2175,57182548,Luis,Aguilar Torres,Magdalena,Frecuente,2026-03-04,luis2175@correo.pe,998425983.0
2176,18394281,Diego,Zelada Terrones,Cajamarca,Frecuente,2026-02-08,diego2176@correo.pe,923147592.0
2177,58430047,Sofía,Sánchez Vásquez,Cajamarca,Corporativo,2025-11-07,sofia2177@correo.pe,941948483.0
2178,22224265,Patricia,Llamo Quispe,Baños del Inca,Nuevo,2025-08-18,patricia2178@correo.pe,992153555.0
2179,31809343,María,Rojas Tello,Cajamarca,Corporativo,2025-09-08,maria2179@correo.pe,965254200.0
2180,58601239,Segundo,Sánchez Chávez,Jesús,Nuevo,2025-06-25,segundo2180@correo.pe,929574173.0
2181,51851036,Jorge,Llamo Mego,Cajamarca,Frecuente,2026-05-11,jorge2181@correo.pe,999201698.0
2182,50015979,Héctor,Terrones Cabrera,Baños del Inca,Frecuente,2025-09-01,hector2182@correo.pe,918466017.0
2183,73505539,Elena,Mendoza Sangay,Cajamarca,Corporativo,2025-08-15,,918368222.0
2184,25261798,Milagros,Rojas Terrones,Cajamarca,Frecuente,2026-08-19,milagros2184@correo.pe,910380200.0
2185,20346344,Fernando,Lozano Tello,Cajamarca,Nuevo,2026-07-07,fernando2185@correo.pe,965675784.0
2186,43172691,Fernando,Terrones Lozano,Baños del Inca,Frecuente,2026-08-18,fernando2186@correo.pe,921822879.0
2187,62226030,Patricia,Chávez Becerra,Cajamarca,Nuevo,2025-06-27,patricia2187@correo.pe,964518455.0
2188,74409970,Yesenia,Lozano Llamo,Cajamarca,Frecuente,2026-08-30,yesenia2188@correo.pe,913721923.0
2189,11712178,José,Vásquez Alva,Cajamarca,Frecuente,2026-08-31,jose2189@correo.pe,949546597.0
2190,40190806,José,Becerra Terrones,San Juan,Nuevo,2025-11-03,jose2190@correo.pe,940345896.0
2191,31281729,Andrés,Castrejón Becerra,Cajamarca,Corporativo,2026-03-21,andres2191@correo.pe,951252635.0
2192,30015329,Gabriela,Sangay Mendoza,Cajabamba,Frecuente,2026-05-07,,952621545.0
2193,36690786,Camila,Guevara Díaz,Baños del Inca,Nuevo,2026-08-10,camila2193@correo.pe,959210003.0
2194,74315651,Wilmer,Rojas Becerra,Cajamarca,Nuevo,2025-06-22,wilmer2194@correo.pe,934135525.0
2195,71209800,Fernando,Chávez Mendoza,Namora,Nuevo,2026-07-23,fernando2195@correo.pe,932409114.0
2196,43532225,Patricia,Castrejón Terrones,San Juan,Frecuente,2025-08-28,patricia2196@correo.pe,949100947.0
2197,40861949,Carlos,Guevara Alva,Cajamarca,Frecuente,2025-11-03,carlos2197@correo.pe,934289853.0
2198,54448037,Luis,Díaz Lozano,Cajamarca,Nuevo,2026-02-04,luis2198@correo.pe,954591008.0
2199,20463388,Andrés,Terrones Alva,Jesús,Nuevo,2026-03-24,andres2199@correo.pe,963255625.0
2200,63030991,Andrés,Zelada Ramos,Namora,Nuevo,2026-01-28,andres2200@correo.pe,914921800.0
2201,30730997,Luis,Flores Sangay,Cajamarca,Nuevo,2026-07-08,luis2201@correo.pe,919623603.0
2202,52420722,Camila,Mendoza Torres,San Juan,Corporativo,2026-02-01,camila2202@correo.pe,914219581.0
2203,72563426,Pedro,Sangay Llamo,Cajamarca,Nuevo,2026-04-13,pedro2203@correo.pe,931863424.0
2204,42887284,Pedro,Vásquez Lozano,Cajamarca,Nuevo,2026-06-21,pedro2204@correo.pe,948296598.0
2205,34968133,Patricia,Guevara Becerra,Cajamarca,Nuevo,2026-03-20,patricia2205@correo.pe,936286045.0
2206,56170436,Noemí,Tello Flores,Cajamarca,Nuevo,2026-01-09,noemi2206@correo.pe,928029220.0
2207,50192784,Patricia,Coronel Pérez,Celendín,Frecuente,2026-01-29,patricia2207@correo.pe,961461832.0
2208,,Diego,Alva Lozano,Cajamarca,Nuevo,2026-02-20,diego2208@correo.pe,961662490.0
2209,23869602,José,Sangay Tello,Cajamarca,Frecuente,2026-06-10,jose2209@correo.pe,929145777.0
2210,70557930,Ricardo,Flores Pérez,Magdalena,Nuevo,2025-06-24,ricardo2210@correo.pe,960545111.0
2211,21907386,Fernando,Pérez Huamán,Cajamarca,Frecuente,2025-07-07,fernando2211@correo.pe,978473923.0
2212,74603965,Sofía,Lozano Castrejón,Cajamarca,Nuevo,2026-09-12,sofia2212@correo.pe,940334135.0
2213,32298937,Patricia,Sánchez Terrones,Cajamarca,Frecuente,2025-08-30,patricia2213@correo.pe,917991766.0
2214,77013979,Sofía,Lozano Tello,Baños del Inca,Frecuente,2026-05-26,sofia2214@correo.pe,997765055.0
2215,60724159,Patricia,Bardales Tello,Baños del Inca,Frecuente,2025-10-15,patricia2215@correo.pe,985933142.0
2216,36179924,Segundo,Aguilar Vásquez,Cajamarca,Nuevo,2026-05-06,segundo2216@correo.pe,988915529.0
2217,56852382,Pedro,Sangay Huamán,Cajamarca,Frecuente,2025-09-19,pedro2217@correo.pe,922351693.0
2218,43672103,Ricardo,Sangay Llamo,Cajabamba,Nuevo,2026-01-19,ricardo2218@correo.pe,961163866.0
2219,65175030,Edwin,Tello Zelada,Baños del Inca,Frecuente,2025-10-24,edwin2219@correo.pe,938669152.0
2220,44135669,Valeria,Llamo Flores,Cajamarca,Nuevo,2026-06-25,valeria2220@correo.pe,977082084.0
2221,28625094,Valeria,Becerra Sangay,Cajamarca,Nuevo,2025-09-08,valeria2221@correo.pe,920576641.0
2222,18240312,Edwin,Rojas Becerra,Cajamarca,Nuevo,2025-07-23,edwin2222@correo.pe,923173085.0
2223,59807388,Luz,Chávez Ramos,Baños del Inca,Nuevo,2025-12-29,luz2223@correo.pe,920709114.0
2224,29056778,Miguel,Sangay Rojas,Baños del Inca,Nuevo,2026-08-14,miguel2224@correo.pe,963893260.0
2225,66829670,Elena,Chávez Lozano,Cajabamba,Nuevo,2025-06-12,elena2225@correo.pe,947707182.0
2226,54487304,Ana,Mendoza Bardales,Cajabamba,Frecuente,2026-04-03,ana2226@correo.pe,922526804.0
2227,17484737,Andrés,Torres Rojas,Cajamarca,Frecuente,2026-07-13,andres2227@correo.pe,936057800.0
2228,68289757,Camila,Lozano Llamo,Magdalena,Frecuente,2026-06-25,camila2228@correo.pe,921544857.0
2229,69827391,Pedro,Vásquez Cueva,Cajamarca,Corporativo,2026-01-19,pedro2229@correo.pe,965221094.0
2230,77002011,Patricia,Vásquez Cueva,Cajamarca,Frecuente,2025-08-30,patricia2230@correo.pe,957489758.0
2231,29125877,Diego,Chávez Ramos,Cajamarca,Frecuente,2026-03-11,diego2231@correo.pe,983281836.0
2232,71802167,Segundo,Rojas Díaz,Cajamarca,Nuevo,2026-09-08,segundo2232@correo.pe,964797790.0
2233,60169217,Elena,Alva Bardales,Cajamarca,Frecuente,2025-12-11,elena2233@correo.pe,942782293.0
2234,43180392,Elena,Cabrera Flores,Baños del Inca,Nuevo,2026-02-06,elena2234@correo.pe,955815532.0
2235,24269363,Valeria,Cabrera Guevara,Cajamarca,Frecuente,2025-07-14,valeria2235@correo.pe,967928414.0
2236,55631373,Ana,Pérez Ramos,Cajamarca,Nuevo,2025-09-25,ana2236@correo.pe,938331819.0
2237,17801603,José,Terrones Vásquez,Cajamarca,Nuevo,2026-05-25,jose2237@correo.pe,966050484.0
2238,26250212,Carlos,Aguilar Flores,Cajamarca,Nuevo,2026-05-08,carlos2238@correo.pe,966718430.0
2239,50900245,Noemí,Coronel Chávez,Baños del Inca,Frecuente,2025-12-09,noemi2239@correo.pe,945170513.0
2240,50437827,Elena,Tello Becerra,Baños del Inca,Nuevo,2025-11-02,elena2240@correo.pe,958661705.0
2241,76147236,Diego,Bardales Alva,Celendín,Nuevo,2026-04-07,diego2241@correo.pe,926075086.0
2242,65156783,Ana,Torres Quispe,Celendín,Frecuente,2025-12-05,ana2242@correo.pe,964056538.0
2243,49008056,Andrés,Becerra Coronel,Cajamarca,Nuevo,2026-05-16,andres2243@correo.pe,921530555.0
2244,79043397,Elena,Mego Huamán,Jesús,Nuevo,2025-10-06,elena2244@correo.pe,949463927.0
2245,57764692,Yesenia,Mego Cueva,Cajabamba,Frecuente,2026-07-27,yesenia2245@correo.pe,958365073.0
2246,28220982,Gabriela,Ramos Torres,Cajamarca,Nuevo,2025-06-28,gabriela2246@correo.pe,952968446.0
2247,72555427,Ana,Aguilar Mendoza,Cajamarca,Frecuente,2026-06-24,ana2247@correo.pe,956872613.0
2248,28743205,Milagros,Llamo Díaz,Cajamarca,Nuevo,2025-10-08,milagros2248@correo.pe,952690990.0
2249,10769593,Edwin,Cabrera Ramos,Los Baños,Nuevo,2026-04-11,edwin2249@correo.pe,920310930.0
2250,38247588,Gabriela,Rojas Coronel,Cajamarca,Frecuente,2025-07-24,gabriela2250@correo.pe,973845727.0
2251,62421959,Ricardo,Vásquez Ramos,Cajamarca,Nuevo,2026-06-24,ricardo2251@correo.pe,970370728.0
2252,29173420,Pedro,Aguilar Zelada,Namora,Nuevo,2025-09-12,pedro2252@correo.pe,997797980.0
2253,70055873,Diego,Bardales Coronel,Cajamarca,Frecuente,2026-04-18,diego2253@correo.pe,984788328.0
2254,30366630,Diego,Ramos Cueva,Cajamarca,Nuevo,2026-06-17,,932830401.0
2255,16743056,Juan,Ramos Terrones,Cajamarca,Nuevo,2026-08-25,juan2255@correo.pe,916533501.0
2256,69373637,Milagros,Flores Mendoza,Cajamarca,Frecuente,2025-12-16,milagros2256@correo.pe,971342576.0
2257,43713777,Pedro,Lozano Mego,Cajamarca,Nuevo,2026-08-13,pedro2257@correo.pe,932167205.0
2258,12805917,Patricia,Bardales Coronel,Baños del Inca,Nuevo,2026-02-25,patricia2258@correo.pe,921141454.0
2259,46037498,José,Coronel Alva,Cajabamba,Nuevo,2026-05-07,jose2259@correo.pe,995553573.0
2260,17497909,José,Sangay Huamán,Baños del Inca,Frecuente,2025-11-04,jose2260@correo.pe,929235663.0
2261,21924476,Wilmer,Lozano Lozano,Jesús,Nuevo,2025-07-04,wilmer2261@correo.pe,944632800.0
2262,67285389,Camila,Tello Ramos,Celendín,Nuevo,2025-08-24,camila2262@correo.pe,920489451.0
2263,14314510,Yesenia,Rojas Zelada,Cajamarca,Nuevo,2025-08-03,yesenia2263@correo.pe,913875732.0
2264,70795438,Noemí,Becerra Aguilar,Celendín,Nuevo,2026-06-02,noemi2264@correo.pe,980040901.0
2265,19465759,Milagros,Lozano Mego,Cajamarca,Nuevo,2025-08-22,milagros2265@correo.pe,977168488.0
2266,70868511,Carlos,Pérez Sánchez,Cajamarca,Frecuente,2025-07-20,carlos2266@correo.pe,930454159.0
2267,64245654,Carlos,Chávez Mendoza,Cajamarca,Nuevo,2026-05-13,carlos2267@correo.pe,995702992.0
2268,32780140,Luz,Díaz Mego,Cajabamba,Nuevo,2025-12-18,luz2268@correo.pe,916735949.0
2269,43528827,José,Terrones Huamán,Cajamarca,Nuevo,2025-10-02,jose2269@correo.pe,977150963.0
2270,37279691,Fernando,Quispe Vásquez,Baños del Inca,Nuevo,2026-02-22,fernando2270@correo.pe,973272563.0
2271,52010606,Sofía,Llamo Zelada,Cajamarca,Nuevo,2026-06-04,sofia2271@correo.pe,993933011.0
2272,49657743,Camila,Díaz Coronel,Cajamarca,Nuevo,2025-11-05,camila2272@correo.pe,990787333.0
2273,27058014,Luz,Tello Guevara,Baños del Inca,Nuevo,2025-11-16,,925087098.0
2274,19076343,Pedro,Quispe Torres,Baños del Inca,Nuevo,2026-02-28,pedro2274@correo.pe,910283910.0
2275,75391424,Fernando,Bardales Mendoza,Cajamarca,Corporativo,2026-02-21,fernando2275@correo.pe,969253766.0
2276,52512496,Pedro,Torres Sangay,Cajamarca,Nuevo,2026-08-12,pedro2276@correo.pe,943815634.0
2277,39450478,Pedro,Vásquez Huamán,Cajamarca,Nuevo,2025-12-25,pedro2277@correo.pe,984740463.0
2278,59015371,Valeria,Vásquez Bardales,Los Baños,Frecuente,2025-06-11,valeria2278@correo.pe,998505994.0
2279,76376995,Edwin,Rojas Coronel,Cajamarca,Nuevo,2025-11-17,edwin2279@correo.pe,912251080.0
2280,11428116,Diego,Vásquez Tello,Cajamarca,Nuevo,2026-07-17,diego2280@correo.pe,935298456.0
2281,68040918,María,Castrejón Cueva,Cajamarca,Nuevo,2025-09-14,maria2281@correo.pe,927810309.0
2282,10003031,Yesenia,Castrejón Ramos,Baños del Inca,Nuevo,2025-10-10,yesenia2282@correo.pe,959245580.0
2283,12222774,Ricardo,Pérez Díaz,Cajamarca,Nuevo,2025-09-19,ricardo2283@correo.pe,944336380.0
2284,15127661,Luis,Mendoza Llamo,Cajamarca,Nuevo,2025-07-06,luis2284@correo.pe,946362890.0
2285,31255451,Milagros,Tello Mego,Cajamarca,Frecuente,2026-07-01,milagros2285@correo.pe,996242718.0
2286,73360523,Juan,Chávez Sánchez,Celendín,Frecuente,2026-09-01,juan2286@correo.pe,975266346.0
2287,33468720,Juan,Mendoza Zelada,Cajamarca,Nuevo,2026-07-08,juan2287@correo.pe,974459757.0
2288,64077043,Camila,Ramos Aguilar,Cajamarca,Nuevo,2025-08-01,camila2288@correo.pe,921624305.0
2289,45803221,Fernando,Lozano Díaz,Cajamarca,Nuevo,2026-02-22,fernando2289@correo.pe,915152276.0
2290,39467525,Fernando,Vásquez Tello,Cajamarca,Frecuente,2026-08-06,fernando2290@correo.pe,961191220.0
2291,59478903,Patricia,Coronel Coronel,Jesús,Frecuente,2026-03-28,patricia2291@correo.pe,952807499.0
2292,66721032,Juan,Guevara Sangay,Namora,Nuevo,2026-01-19,juan2292@correo.pe,954090323.0
2293,76443513,Marleni,Lozano Lozano,Cajamarca,Nuevo,2025-12-22,marleni2293@correo.pe,942443822.0
2294,17225029,Juan,Mendoza Cueva,Baños del Inca,Nuevo,2026-06-16,juan2294@correo.pe,997150906.0
2295,29432224,Luis,Huamán Ramos,Cajamarca,Nuevo,2025-12-07,luis2295@correo.pe,985627604.0
2296,23463450,Segundo,Díaz Quispe,Cajamarca,Nuevo,2026-01-08,segundo2296@correo.pe,979727811.0
2297,23967206,Valeria,Flores Díaz,Baños del Inca,Frecuente,2025-07-06,valeria2297@correo.pe,936998095.0
2298,33419514,Segundo,Huamán Huamán,San Juan,Corporativo,2025-08-27,segundo2298@correo.pe,961513090.0
2299,66803412,Carlos,Sánchez Cueva,Baños del Inca,Nuevo,2026-06-18,carlos2299@correo.pe,987735325.0
2300,44738954,Carmen,Pérez Castrejón,Baños del Inca,Nuevo,2025-07-09,carmen2300@correo.pe,934380340.0
2301,14648209,Marleni,Aguilar Tello,Cajamarca,Nuevo,2025-11-09,marleni2301@correo.pe,975585118.0
2302,68363251,Héctor,Sangay Sánchez,Cajamarca,Frecuente,2025-11-30,hector2302@correo.pe,988692443.0
2303,20930543,Camila,Torres Rojas,Cajabamba,Nuevo,2026-05-28,camila2303@correo.pe,921148014.0
2304,23080242,Sofía,Mego Guevara,Cajamarca,Nuevo,2026-03-21,sofia2304@correo.pe,941996757.0
2305,33170210,Patricia,Zelada Bardales,Celendín,Frecuente,2026-02-16,patricia2305@correo.pe,978139818.0
2306,67541640,Jorge,Rojas Mego,Cajamarca,Frecuente,2026-01-14,,942490659.0
2307,35485559,Wilmer,Coronel Mego,Cajabamba,Nuevo,2026-05-25,wilmer2307@correo.pe,989792068.0
2308,74259053,Juan,Zelada Guevara,Cajamarca,Nuevo,2026-02-01,juan2308@correo.pe,974781534.0
2309,65819976,Miguel,Torres Cueva,Cajamarca,Frecuente,2026-04-23,miguel2309@correo.pe,933855885.0
2310,71743478,Diego,Zelada Díaz,Baños del Inca,Frecuente,2025-06-30,,999406738.0
2311,58453414,Pedro,Castrejón Aguilar,Cajamarca,Frecuente,2026-06-06,pedro2311@correo.pe,962377569.0
2312,46849982,Rosa,Terrones Coronel,San Juan,Nuevo,2025-06-28,rosa2312@correo.pe,928791364.0
2313,45801840,Ricardo,Pérez Tello,Celendín,Frecuente,2025-06-25,ricardo2313@correo.pe,978920217.0
2314,61794095,Fernando,Zelada Bardales,Cajamarca,Nuevo,2026-04-13,fernando2314@correo.pe,926501204.0
2315,18096250,Luis,Castrejón Coronel,Cajamarca,Corporativo,2025-12-29,luis2315@correo.pe,931889225.0
2316,36090245,Valeria,Pérez Castrejón,Cajabamba,Nuevo,2025-11-09,valeria2316@correo.pe,960912131.0
2317,68821652,Rosa,Rojas Coronel,Cajamarca,Frecuente,2025-10-18,rosa2317@correo.pe,937107143.0
2318,70297955,Elena,Mego Mego,Jesús,Nuevo,2026-08-25,elena2318@correo.pe,977102499.0
2319,40729797,Andrés,Pérez Castrejón,Los Baños,Nuevo,2025-09-12,andres2319@correo.pe,913406020.0
2320,34315958,Camila,Zelada Díaz,Baños del Inca,Frecuente,2026-01-20,camila2320@correo.pe,952824454.0
2321,72143985,Camila,Cabrera Pérez,Cajamarca,Frecuente,2026-05-06,camila2321@correo.pe,981231775.0
2322,20105095,Fernando,Cabrera Rojas,Cajamarca,Nuevo,2026-08-15,fernando2322@correo.pe,958954434.0
2323,26403503,Milagros,Terrones Cabrera,Baños del Inca,Frecuente,2026-01-12,milagros2323@correo.pe,926579960.0
2324,30199212,Valeria,Coronel Guevara,San Juan,Frecuente,2025-08-18,valeria2324@correo.pe,942006772.0
2325,63434634,Fernando,Mego Aguilar,San Juan,Frecuente,2025-12-01,fernando2325@correo.pe,990004602.0
2326,42238572,Carlos,Coronel Huamán,Cajabamba,Nuevo,2026-03-21,carlos2326@correo.pe,986524299.0
2327,37495260,Carmen,Vásquez Aguilar,Cajamarca,Nuevo,2025-11-08,carmen2327@correo.pe,992657586.0
2328,13497543,Luz,Tello Lozano,Cajamarca,Corporativo,2025-08-07,luz2328@correo.pe,944518019.0
2329,55086118,Wilmer,Huamán Terrones,Cajabamba,Frecuente,2026-04-12,wilmer2329@correo.pe,996573614.0
2330,28375587,Ana,Vásquez Tello,Cajamarca,Frecuente,2026-08-14,ana2330@correo.pe,917140945.0
2331,78276718,Valeria,Bardales Vásquez,San Juan,Nuevo,2026-04-28,valeria2331@correo.pe,929688098.0
2332,19686843,Ricardo,Coronel Tello,Cajabamba,Nuevo,2025-09-02,ricardo2332@correo.pe,949750574.0
2333,79411147,Milagros,Zelada Tello,Cajamarca,Nuevo,2025-06-19,milagros2333@correo.pe,911376056.0
2334,65594789,Elena,Guevara Terrones,Cajamarca,Nuevo,2026-07-01,elena2334@correo.pe,927691909.0
2335,40451636,Carlos,Huamán Guevara,Cajamarca,Nuevo,2026-03-31,carlos2335@correo.pe,992036196.0
2336,43766519,Diego,Chávez Tello,Cajamarca,Frecuente,2026-08-22,diego2336@correo.pe,994095782.0
2337,42312040,Carmen,Cabrera Terrones,Cajamarca,Frecuente,2026-04-15,carmen2337@correo.pe,928683294.0
2338,26820082,Miguel,Mego Becerra,Los Baños,Frecuente,2026-07-02,miguel2338@correo.pe,961792102.0
2339,58085527,Héctor,Zelada Lozano,Cajamarca,Frecuente,2026-06-04,hector2339@correo.pe,959515171.0
2340,70348298,Jorge,Torres Díaz,Cajamarca,Frecuente,2026-01-06,jorge2340@correo.pe,975081503.0
2341,41580532,Ricardo,Díaz Vásquez,Jesús,Frecuente,2026-01-22,ricardo2341@correo.pe,977334757.0
2342,18660626,José,Flores Cabrera,Baños del Inca,Nuevo,2026-03-20,jose2342@correo.pe,993980848.0
2343,45749246,Rosa,Vásquez Pérez,Cajamarca,Frecuente,2025-11-09,rosa2343@correo.pe,986293234.0
2344,70310479,Ana,Ramos Cueva,Baños del Inca,Corporativo,2026-02-24,ana2344@correo.pe,915571418.0
2345,24038863,José,Díaz Rojas,San Juan,Nuevo,2025-09-09,jose2345@correo.pe,957025591.0
2346,33985270,Carlos,Vásquez Tello,Llacanora,Nuevo,2026-08-13,carlos2346@correo.pe,916626226.0
2347,52311832,Segundo,Mego Sangay,Cajabamba,Frecuente,2026-05-19,segundo2347@correo.pe,974883082.0
2348,59249832,Gabriela,Llamo Becerra,Celendín,Frecuente,2026-06-07,gabriela2348@correo.pe,958551799.0
2349,24704936,José,Coronel Mego,San Juan,Nuevo,2026-04-13,,960458380.0
2350,72121704,Milagros,Mego Pérez,Cajamarca,Nuevo,2026-06-03,milagros2350@correo.pe,997593290.0
2351,74664674,Marleni,Pérez Ramos,Jesús,Nuevo,2025-06-03,marleni2351@correo.pe,996623828.0
2352,48291694,Diego,Ramos Alva,Cajamarca,Nuevo,2025-11-10,diego2352@correo.pe,954345433.0
2353,48597597,Héctor,Lozano Ramos,Baños del Inca,Nuevo,2025-07-21,,986246966.0
2354,70312366,Diego,Vásquez Pérez,Cajamarca,Nuevo,2025-07-08,diego2354@correo.pe,971036375.0
2355,60679925,José,Coronel Sangay,Cajamarca,Nuevo,2025-08-26,jose2355@correo.pe,959788854.0
2356,26102697,Miguel,Aguilar Huamán,Cajamarca,Nuevo,2026-02-11,miguel2356@correo.pe,979757388.0
2357,44976560,Andrés,Quispe Ramos,Baños del Inca,Nuevo,2025-10-23,andres2357@correo.pe,961687345.0
2358,52036672,Camila,Rojas Alva,Cajamarca,Nuevo,2025-12-23,camila2358@correo.pe,910363461.0
2359,27581047,Luis,Vásquez Díaz,Magdalena,Nuevo,2025-10-12,luis2359@correo.pe,924469554.0
2360,64461847,Segundo,Guevara Becerra,Cajamarca,Frecuente,2026-02-26,segundo2360@correo.pe,983475796.0
2361,41017914,Segundo,Quispe Torres,Llacanora,Nuevo,2025-07-31,segundo2361@correo.pe,972226967.0
2362,10250069,Wilmer,Alva Lozano,Cajamarca,Nuevo,2025-12-30,wilmer2362@correo.pe,998968510.0
2363,25772077,Sofía,Guevara Becerra,Celendín,Nuevo,2026-02-20,sofia2363@correo.pe,959545577.0
2364,76001192,Andrés,Rojas Huamán,Baños del Inca,Nuevo,2025-12-26,andres2364@correo.pe,963429593.0
2365,17177042,Jorge,Cueva Vásquez,Cajamarca,Nuevo,2026-01-26,jorge2365@correo.pe,931336427.0
2366,20618698,Carlos,Mendoza Mego,Los Baños,Nuevo,2026-01-31,carlos2366@correo.pe,976209739.0
2367,31551960,Yesenia,Cabrera Vásquez,Cajamarca,Nuevo,2025-08-28,yesenia2367@correo.pe,932115352.0
2368,29814077,Camila,Díaz Ramos,Cajamarca,Nuevo,2026-02-01,camila2368@correo.pe,992112170.0
2369,72445095,Marleni,Pérez Llamo,Cajamarca,Frecuente,2026-03-30,marleni2369@correo.pe,972310266.0
2370,54616357,Rosa,Rojas Pérez,Baños del Inca,Nuevo,2026-04-13,rosa2370@correo.pe,949320202.0
2371,61240850,Segundo,Terrones Tello,Cajamarca,Nuevo,2025-10-09,segundo2371@correo.pe,948404828.0
2372,73797802,Segundo,Terrones Aguilar,Cajamarca,Corporativo,2026-07-20,segundo2372@correo.pe,966553416.0
2373,19477105,Yesenia,Zelada Huamán,Baños del Inca,Nuevo,2026-05-03,yesenia2373@correo.pe,976756027.0
2374,30771030,Andrés,Castrejón Flores,Baños del Inca,Nuevo,2026-02-16,andres2374@correo.pe,921734432.0
2375,41768194,Carmen,Sangay Coronel,Baños del Inca,Nuevo,2026-03-27,carmen2375@correo.pe,998425442.0
2376,75573433,Luis,Pérez Bardales,Cajamarca,Frecuente,2025-07-30,luis2376@correo.pe,962643638.0
2377,14693839,Héctor,Guevara Torres,Cajamarca,Nuevo,2026-02-04,hector2377@correo.pe,936103093.0
2378,17226495,Pedro,Coronel Sánchez,Celendín,Frecuente,2025-09-02,pedro2378@correo.pe,998902002.0
2379,67298004,Carmen,Cabrera Becerra,Cajamarca,Corporativo,2026-07-13,carmen2379@correo.pe,985401741.0
2380,26440284,Milagros,Castrejón Mego,Los Baños,Nuevo,2025-06-14,milagros2380@correo.pe,913892360.0
2381,58779129,Noemí,Quispe Bardales,Celendín,Frecuente,2025-12-25,noemi2381@correo.pe,945351911.0
2382,34251281,Segundo,Quispe Coronel,Baños del Inca,Frecuente,2026-09-07,segundo2382@correo.pe,956723489.0
2383,79113242,Ricardo,Llamo Castrejón,Baños del Inca,Frecuente,2025-07-29,ricardo2383@correo.pe,915520072.0
2384,21893610,Héctor,Torres Sánchez,Magdalena,Frecuente,2026-06-21,hector2384@correo.pe,915766393.0
2385,42960503,Sofía,Pérez Sánchez,Cajamarca,Nuevo,2025-08-14,sofia2385@correo.pe,993749514.0
2386,22224759,Camila,Becerra Mendoza,Cajamarca,Nuevo,2025-06-11,camila2386@correo.pe,941186694.0
2387,75423570,Carmen,Terrones Tello,Cajamarca,Frecuente,2026-01-28,carmen2387@correo.pe,965740777.0
2388,37221856,Carlos,Terrones Mendoza,Cajamarca,Frecuente,2025-07-28,carlos2388@correo.pe,944576646.0
2389,62446659,Marleni,Alva Bardales,Cajamarca,Frecuente,2026-04-01,marleni2389@correo.pe,968913740.0
2390,78761946,Carmen,Quispe Sangay,Jesús,Frecuente,2025-06-28,carmen2390@correo.pe,976214353.0
2391,69125919,Héctor,Guevara Tello,Cajamarca,Nuevo,2025-08-02,hector2391@correo.pe,941187910.0
2392,35218603,Pedro,Bardales Guevara,Cajamarca,Nuevo,2026-07-28,pedro2392@correo.pe,919170639.0
2393,35877181,Jorge,Torres Becerra,Baños del Inca,Nuevo,2025-08-19,jorge2393@correo.pe,957095315.0
2394,61794701,Diego,Díaz Zelada,Cajamarca,Nuevo,2026-06-15,diego2394@correo.pe,990186460.0
2395,21911918,José,Zelada Sangay,Cajamarca,Nuevo,2026-07-02,jose2395@correo.pe,975546350.0
2396,17525612,Noemí,Zelada Quispe,Cajamarca,Nuevo,2026-05-02,noemi2396@correo.pe,918755611.0
2397,12463896,Segundo,Pérez Huamán,Cajamarca,Frecuente,2026-04-20,segundo2397@correo.pe,953951929.0
2398,38316854,Rosa,Mendoza Cabrera,Cajamarca,Nuevo,2026-03-21,rosa2398@correo.pe,998586780.0
2399,22058301,Pedro,Sangay Quispe,Cajamarca,Nuevo,2025-10-15,pedro2399@correo.pe,982960719.0
2400,41138409,Valeria,Sánchez Ramos,Cajabamba,Nuevo,2026-02-07,valeria2400@correo.pe,930143636.0
2401,27677799,Fernando,Vásquez Guevara,Cajamarca,Frecuente,2026-07-04,fernando2401@correo.pe,910997321.0
2402,12516960,Héctor,Llamo Llamo,Cajamarca,Frecuente,2025-06-07,hector2402@correo.pe,994452309.0
2403,46404670,Luis,Llamo Vásquez,Cajamarca,Nuevo,2026-05-07,luis2403@correo.pe,995346367.0
2404,41535950,María,Coronel Castrejón,Cajamarca,Frecuente,2026-01-01,maria2404@correo.pe,951898598.0
2405,24446795,Ricardo,Mendoza Castrejón,Los Baños,Nuevo,2026-04-21,ricardo2405@correo.pe,913104322.0
2406,63453718,José,Aguilar Huamán,Cajamarca,Nuevo,2025-08-11,jose2406@correo.pe,987313000.0
2407,74195080,Marleni,Ramos Terrones,Cajamarca,Nuevo,2026-02-01,marleni2407@correo.pe,911986846.0
2408,40308234,Sofía,Sangay Pérez,Cajamarca,Frecuente,2025-08-09,sofia2408@correo.pe,938309943.0
2409,21645926,Yesenia,Chávez Huamán,Baños del Inca,Frecuente,2026-06-03,yesenia2409@correo.pe,991081414.0
2410,61879812,Carlos,Huamán Chávez,Baños del Inca,Frecuente,2026-02-18,carlos2410@correo.pe,930047452.0
2411,21380505,María,Lozano Llamo,Cajamarca,Nuevo,2025-10-25,maria2411@correo.pe,965083487.0
2412,70819399,Elena,Huamán Pérez,Cajamarca,Nuevo,2025-06-30,elena2412@correo.pe,968047363.0
2413,21953484,María,Díaz Aguilar,Cajamarca,Nuevo,2026-06-19,maria2413@correo.pe,912157061.0
2414,60977535,Valeria,Quispe Quispe,Cajamarca,Nuevo,2025-10-10,valeria2414@correo.pe,974724149.0
2415,38721833,Fernando,Sangay Huamán,Cajamarca,Nuevo,2025-10-07,fernando2415@correo.pe,917819182.0
2416,78647660,Ricardo,Guevara Pérez,San Juan,Nuevo,2025-11-12,ricardo2416@correo.pe,980965581.0
2417,53516676,Andrés,Cabrera Quispe,Cajamarca,Corporativo,2026-08-20,andres2417@correo.pe,983795104.0
2418,16843141,Noemí,Cabrera Rojas,Baños del Inca,Nuevo,2026-06-12,noemi2418@correo.pe,919709882.0
2419,,Patricia,Cueva Torres,Namora,Nuevo,2025-11-08,patricia2419@correo.pe,954859853.0
2420,30157216,Wilmer,Terrones Coronel,Cajamarca,Frecuente,2026-01-24,wilmer2420@correo.pe,995928868.0
2421,46393115,Luis,Tello Cabrera,Cajamarca,Frecuente,2025-12-31,luis2421@correo.pe,989667792.0
2422,65841433,Camila,Flores Guevara,Cajamarca,Nuevo,2026-08-21,camila2422@correo.pe,963472036.0
2423,77130894,Edwin,Cabrera Becerra,Cajamarca,Nuevo,2026-05-07,edwin2423@correo.pe,948406524.0
2424,66458111,Ana,Bardales Huamán,Cajamarca,Nuevo,2025-08-09,ana2424@correo.pe,922081383.0
2425,76727506,Camila,Ramos Alva,Cajabamba,Nuevo,2025-10-18,camila2425@correo.pe,996755102.0
2426,60989445,Fernando,Cueva Becerra,Baños del Inca,Nuevo,2025-09-09,fernando2426@correo.pe,919421170.0
2427,49657392,Patricia,Castrejón Alva,Cajamarca,Frecuente,2026-04-17,patricia2427@correo.pe,922434080.0
2428,23763495,Patricia,Aguilar Torres,Cajamarca,Nuevo,2026-06-26,patricia2428@correo.pe,977678037.0
2429,71898296,Carlos,Cueva Bardales,Baños del Inca,Nuevo,2025-08-09,carlos2429@correo.pe,916034754.0
2430,22956631,Héctor,Castrejón Quispe,Baños del Inca,Frecuente,2025-10-19,hector2430@correo.pe,942148008.0
2431,22008197,Valeria,Llamo Sánchez,Cajamarca,Frecuente,2026-06-20,valeria2431@correo.pe,968409890.0
2432,11700372,Jorge,Sánchez Tello,Cajamarca,Nuevo,2025-09-02,,965335362.0
2433,48636939,Edwin,Díaz Zelada,Jesús,Nuevo,2025-10-15,edwin2433@correo.pe,927032904.0
2434,,Ricardo,Flores Chávez,Cajamarca,Frecuente,2025-07-07,ricardo2434@correo.pe,920502137.0
2435,75643896,Wilmer,Llamo Rojas,Cajamarca,Nuevo,2025-08-27,wilmer2435@correo.pe,959280304.0
2436,74010307,Héctor,Flores Lozano,Baños del Inca,Nuevo,2025-09-10,hector2436@correo.pe,931188745.0
2437,27242953,Luis,Quispe Vásquez,Cajamarca,Frecuente,2026-03-02,luis2437@correo.pe,918668451.0
2438,21935808,Valeria,Díaz Llamo,Celendín,Frecuente,2025-06-21,valeria2438@correo.pe,952659835.0
2439,61648345,María,Torres Alva,Baños del Inca,Nuevo,2025-11-18,maria2439@correo.pe,957194363.0
2440,71019618,Luis,Chávez Torres,Cajamarca,Corporativo,2026-01-08,luis2440@correo.pe,975571655.0
2441,20982698,Miguel,Vásquez Mego,Cajamarca,Nuevo,2025-09-12,miguel2441@correo.pe,968169093.0
2442,66207919,Ricardo,Becerra Mendoza,Cajamarca,Nuevo,2026-06-26,ricardo2442@correo.pe,992604576.0
2443,54173979,Wilmer,Torres Guevara,Cajabamba,Frecuente,2026-05-13,wilmer2443@correo.pe,998066927.0
2444,74283549,Diego,Díaz Zelada,Cajamarca,Nuevo,2025-06-11,diego2444@correo.pe,993826893.0
2445,59299868,Gabriela,Aguilar Torres,Celendín,Nuevo,2025-10-12,gabriela2445@correo.pe,989392487.0
2446,79121200,Segundo,Quispe Castrejón,Namora,Frecuente,2025-12-28,segundo2446@correo.pe,933998331.0
2447,24698535,Miguel,Mendoza Díaz,Cajamarca,Nuevo,2025-06-06,miguel2447@correo.pe,977902812.0
2448,46119082,Edwin,Bardales Cabrera,Cajamarca,Frecuente,2026-07-04,edwin2448@correo.pe,953800437.0
2449,67732578,Pedro,Terrones Mego,Cajamarca,Frecuente,2026-03-26,pedro2449@correo.pe,944066911.0
2450,15614855,Milagros,Llamo Becerra,Baños del Inca,Nuevo,2025-07-06,milagros2450@correo.pe,984591862.0
2451,54634508,Milagros,Ramos Bardales,Cajamarca,Nuevo,2026-08-26,milagros2451@correo.pe,965975101.0
2452,71449724,Andrés,Aguilar Tello,Baños del Inca,Nuevo,2025-12-23,andres2452@correo.pe,978207877.0
2453,76350052,Yesenia,Sánchez Díaz,Baños del Inca,Nuevo,2026-08-29,yesenia2453@correo.pe,967886695.0
2454,78708102,Diego,Terrones Flores,Baños del Inca,Frecuente,2025-08-05,diego2454@correo.pe,922958744.0
2455,11276701,Andrés,Cueva Díaz,Baños del Inca,Corporativo,2026-09-08,andres2455@correo.pe,983318655.0
2456,37979083,Diego,Coronel Rojas,Cajamarca,Nuevo,2026-01-09,diego2456@correo.pe,915271834.0
2457,65730570,Héctor,Vásquez Huamán,Jesús,Nuevo,2025-12-25,hector2457@correo.pe,912744500.0
2458,15466183,Sofía,Becerra Quispe,Cajamarca,Nuevo,2026-07-28,sofia2458@correo.pe,976252771.0
2459,28496402,Diego,Guevara Becerra,Llacanora,Nuevo,2026-06-27,diego2459@correo.pe,960220885.0
2460,20676433,Miguel,Sánchez Aguilar,Los Baños,Nuevo,2026-03-26,miguel2460@correo.pe,913066356.0
2461,58463954,Héctor,Cueva Chávez,Cajamarca,Frecuente,2026-04-20,hector2461@correo.pe,988037545.0
2462,22913809,Wilmer,Alva Cueva,Celendín,Frecuente,2025-07-15,wilmer2462@correo.pe,961891106.0
2463,68935084,Héctor,Alva Mendoza,Llacanora,Nuevo,2025-06-17,hector2463@correo.pe,951682378.0
2464,43654500,Carlos,Llamo Llamo,Baños del Inca,Nuevo,2026-02-12,carlos2464@correo.pe,997693171.0
2465,70325740,Gabriela,Sangay Castrejón,Cajamarca,Nuevo,2026-09-10,gabriela2465@correo.pe,991361507.0
2466,73268307,Fernando,Mendoza Lozano,Cajamarca,Corporativo,2025-12-11,fernando2466@correo.pe,990628915.0
2467,62732666,Marleni,Mendoza Flores,Cajamarca,Nuevo,2026-07-19,,956848209.0
2468,20289564,María,Tello Flores,Cajamarca,Frecuente,2026-06-14,maria2468@correo.pe,941292677.0
2469,47956517,Rosa,Sangay Aguilar,Los Baños,Nuevo,2026-05-22,rosa2469@correo.pe,928371567.0
2470,55187040,Rosa,Alva Cueva,Cajamarca,Nuevo,2025-06-01,rosa2470@correo.pe,996369116.0
2471,47644708,Yesenia,Becerra Mendoza,Cajamarca,Nuevo,2026-02-16,yesenia2471@correo.pe,975482772.0
2472,57498387,Sofía,Coronel Becerra,Cajamarca,Frecuente,2026-03-30,sofia2472@correo.pe,944186781.0
2473,24826314,Luis,Díaz Aguilar,Cajabamba,Nuevo,2026-07-03,luis2473@correo.pe,926801469.0
2474,43455397,Valeria,Cabrera Tello,Cajamarca,Frecuente,2025-07-15,valeria2474@correo.pe,986423889.0
2475,26237691,Edwin,Cabrera Cueva,Cajabamba,Nuevo,2025-07-22,edwin2475@correo.pe,988121474.0
2476,77348196,Milagros,Rojas Mendoza,Baños del Inca,Corporativo,2025-11-24,milagros2476@correo.pe,945509343.0
2477,69156242,Miguel,Pérez Guevara,Baños del Inca,Nuevo,2026-01-13,miguel2477@correo.pe,994599814.0
2478,12780895,Juan,Mendoza Pérez,Baños del Inca,Frecuente,2026-07-31,juan2478@correo.pe,959142053.0
2479,70957336,Héctor,Sangay Huamán,Cajabamba,Frecuente,2025-06-03,hector2479@correo.pe,978480790.0
2480,20796865,Diego,Coronel Pérez,Cajamarca,Frecuente,2025-10-29,diego2480@correo.pe,996999291.0
2481,33406625,Valeria,Sánchez Guevara,Namora,Corporativo,2025-12-31,valeria2481@correo.pe,937741742.0
2482,55651541,José,Zelada Llamo,Baños del Inca,Nuevo,2026-02-03,jose2482@correo.pe,988710526.0
2483,53554062,Gabriela,Torres Vásquez,Namora,Nuevo,2026-06-19,gabriela2483@correo.pe,999665921.0
2484,57611954,Luz,Flores Chávez,Cajabamba,Nuevo,2026-08-27,luz2484@correo.pe,969839289.0
2485,59731151,Marleni,Chávez Flores,Cajamarca,Nuevo,2025-07-20,,960353164.0
2486,43538121,Elena,Díaz Bardales,Cajamarca,Corporativo,2025-09-03,elena2486@correo.pe,990319563.0
2487,45627751,Carmen,Zelada Aguilar,Baños del Inca,Nuevo,2025-07-18,carmen2487@correo.pe,964929831.0
2488,,Yesenia,Mego Llamo,San Juan,Nuevo,2026-05-12,,978591169.0
2489,64727919,Valeria,Huamán Huamán,San Juan,Frecuente,2026-01-25,valeria2489@correo.pe,975710728.0
2490,27078341,José,Aguilar Tello,Jesús,Nuevo,2026-05-11,jose2490@correo.pe,981552814.0
2491,48559136,Segundo,Sánchez Bardales,Cajamarca,Nuevo,2025-12-08,segundo2491@correo.pe,977081374.0
2492,22671345,Héctor,Huamán Sánchez,Cajamarca,Nuevo,2026-04-11,hector2492@correo.pe,927002274.0
2493,23226043,Carlos,Aguilar Alva,Los Baños,Corporativo,2026-07-06,carlos2493@correo.pe,948986869.0
2494,37315269,Gabriela,Tello Coronel,Cajamarca,Frecuente,2025-07-14,gabriela2494@correo.pe,917215002.0
2495,54780573,Carlos,Aguilar Huamán,Jesús,Nuevo,2026-01-21,carlos2495@correo.pe,950456825.0
2496,72664961,Miguel,Terrones Becerra,Cajamarca,Nuevo,2025-09-03,,950762875.0
2497,14317316,Rosa,Cueva Lozano,Cajamarca,Nuevo,2026-05-11,rosa2497@correo.pe,912033822.0
2498,69801855,Rosa,Zelada Mego,San Juan,Frecuente,2026-08-04,rosa2498@correo.pe,972888553.0
2499,24203626,Luis,Cueva Coronel,Cajamarca,Nuevo,2026-03-25,luis2499@correo.pe,982037143.0
2500,49188639,Camila,Sangay Flores,Cajamarca,Nuevo,2026-02-10,camila2500@correo.pe,972489101.0
2501,30394191,Ricardo,Lozano Cabrera,Baños del Inca,Nuevo,2026-04-09,ricardo2501@correo.pe,980831905.0
2502,75187060,Elena,Torres Bardales,Cajamarca,Nuevo,2026-07-03,elena2502@correo.pe,956569462.0
2503,37927262,Ricardo,Chávez Mego,Cajamarca,Nuevo,2025-12-08,ricardo2503@correo.pe,996185465.0
2504,57569730,Jorge,Ramos Zelada,Los Baños,Nuevo,2026-06-16,jorge2504@correo.pe,979770272.0
2505,14978824,Miguel,Zelada Pérez,Cajamarca,Nuevo,2026-06-20,miguel2505@correo.pe,967899648.0
2506,59599133,Pedro,Mego Alva,Cajamarca,Frecuente,2026-08-31,pedro2506@correo.pe,916887536.0
2507,40128750,Pedro,Coronel Castrejón,Cajamarca,Nuevo,2026-04-22,,920002446.0
2508,68418008,Segundo,Mego Flores,Cajamarca,Frecuente,2026-06-19,segundo2508@correo.pe,951770394.0
2509,30030345,Carlos,Tello Chávez,Baños del Inca,Nuevo,2026-04-30,carlos2509@correo.pe,977625896.0
2510,46799599,Luis,Rojas Guevara,Cajamarca,Nuevo,2025-06-07,luis2510@correo.pe,924325761.0
2511,10587530,Rosa,Bardales Coronel,Cajamarca,Nuevo,2026-04-15,rosa2511@correo.pe,976398130.0
2512,22824988,Camila,Cueva Tello,Cajamarca,Frecuente,2025-09-18,camila2512@correo.pe,979691658.0
2513,53277169,Ana,Huamán Chávez,Cajamarca,Nuevo,2026-05-24,,943292627.0
2514,56902700,Yesenia,Alva Alva,Cajamarca,Nuevo,2025-09-08,yesenia2514@correo.pe,949747197.0
2515,11058797,Ana,Chávez Llamo,Cajamarca,Nuevo,2026-04-20,ana2515@correo.pe,951705721.0
2516,79027160,Diego,Sánchez Llamo,Celendín,Frecuente,2026-08-26,diego2516@correo.pe,930853129.0
2517,49007880,Andrés,Terrones Mendoza,Llacanora,Frecuente,2026-01-03,,980203555.0
2518,10716190,Patricia,Rojas Chávez,Baños del Inca,Nuevo,2026-08-04,patricia2518@correo.pe,988796910.0
2519,78832871,Rosa,Mego Alva,Cajamarca,Nuevo,2025-07-31,rosa2519@correo.pe,988847752.0
2520,74525507,Miguel,Pérez Terrones,Cajamarca,Nuevo,2026-05-31,miguel2520@correo.pe,941720581.0
2521,74230975,Pedro,Cabrera Chávez,Baños del Inca,Frecuente,2026-08-30,pedro2521@correo.pe,951411986.0
2522,78438539,Fernando,Guevara Guevara,Cajamarca,Nuevo,2025-07-11,,983386674.0
2523,34441577,Juan,Torres Rojas,Cajamarca,Nuevo,2025-10-21,juan2523@correo.pe,980232553.0
2524,18405200,Camila,Castrejón Mego,Cajamarca,Nuevo,2026-02-12,camila2524@correo.pe,913435973.0
2525,54296355,Luis,Ramos Terrones,Namora,Frecuente,2026-03-27,luis2525@correo.pe,965932288.0
2526,37901885,Héctor,Díaz Vásquez,Cajamarca,Nuevo,2025-11-25,hector2526@correo.pe,953567397.0
2527,48323928,Noemí,Pérez Huamán,San Juan,Nuevo,2026-08-30,noemi2527@correo.pe,985844246.0
2528,10494430,Sofía,Quispe Aguilar,Baños del Inca,Frecuente,2026-01-05,sofia2528@correo.pe,984185202.0
2529,28269339,Valeria,Mendoza Coronel,Cajamarca,Nuevo,2026-01-18,valeria2529@correo.pe,927734568.0
2530,71016256,Ricardo,Lozano Mendoza,Cajamarca,Nuevo,2026-03-22,ricardo2530@correo.pe,984821771.0
2531,73038346,Luz,Huamán Sangay,Cajabamba,Nuevo,2026-02-09,luz2531@correo.pe,993147273.0
2532,62939564,Luis,Lozano Chávez,Magdalena,Nuevo,2026-03-15,luis2532@correo.pe,991538985.0
2533,67122152,Juan,Alva Aguilar,Cajamarca,Frecuente,2025-07-07,juan2533@correo.pe,917349195.0
2534,63054650,Milagros,Alva Coronel,Cajamarca,Nuevo,2025-09-29,milagros2534@correo.pe,981899755.0
2535,30607762,Wilmer,Vásquez Llamo,Cajamarca,Corporativo,2025-08-10,wilmer2535@correo.pe,932602407.0
2536,68819500,Segundo,Ramos Díaz,Baños del Inca,Corporativo,2025-09-25,segundo2536@correo.pe,976264110.0
2537,36918822,Héctor,Guevara Sánchez,Jesús,Nuevo,2025-12-04,hector2537@correo.pe,968436343.0
2538,75200914,Juan,Vásquez Vásquez,Cajamarca,Frecuente,2026-03-13,juan2538@correo.pe,961385479.0
2539,66604059,Miguel,Díaz Vásquez,Cajamarca,Nuevo,2026-04-14,miguel2539@correo.pe,997195079.0
2540,30716455,Diego,Mego Sangay,Cajamarca,Nuevo,2025-11-05,diego2540@correo.pe,924761442.0
2541,65820027,Ana,Sánchez Huamán,Celendín,Frecuente,2026-07-20,ana2541@correo.pe,922182502.0
2542,24394892,Luis,Díaz Díaz,Magdalena,Nuevo,2026-03-15,luis2542@correo.pe,914403352.0
2543,74264561,Camila,Becerra Becerra,Jesús,Nuevo,2025-09-18,camila2543@correo.pe,958816554.0
2544,47382095,Héctor,Cueva Zelada,Celendín,Nuevo,2026-09-03,hector2544@correo.pe,931594284.0
2545,77277634,Jorge,Mego Bardales,Cajamarca,Frecuente,2026-03-01,jorge2545@correo.pe,966920792.0
2546,61166678,Patricia,Lozano Cabrera,Cajamarca,Frecuente,2026-08-12,patricia2546@correo.pe,936152258.0
2547,20329927,Andrés,Mego Coronel,Magdalena,Frecuente,2026-04-02,andres2547@correo.pe,938686945.0
2548,65086414,Pedro,Vásquez Vásquez,Cajamarca,Frecuente,2025-12-02,pedro2548@correo.pe,952403569.0
2549,23819149,Patricia,Guevara Torres,Cajamarca,Frecuente,2025-08-23,patricia2549@correo.pe,934482098.0
2550,52573332,Segundo,Castrejón Bardales,Cajamarca,Nuevo,2025-07-11,segundo2550@correo.pe,972796650.0
2551,65868210,Edwin,Mendoza Coronel,Cajamarca,Corporativo,2026-07-27,edwin2551@correo.pe,935492239.0
2552,19810365,Ana,Sánchez Guevara,Celendín,Frecuente,2025-09-24,ana2552@correo.pe,976326376.0
2553,55899180,Diego,Sánchez Rojas,Baños del Inca,Nuevo,2026-03-06,diego2553@correo.pe,947239954.0
2554,28582055,Ana,Coronel Tello,Cajamarca,Frecuente,2025-08-30,ana2554@correo.pe,921771207.0
2555,71935579,Yesenia,Alva Ramos,Cajamarca,Nuevo,2025-07-09,yesenia2555@correo.pe,933694995.0
2556,17410879,Yesenia,Flores Coronel,Cajamarca,Nuevo,2025-06-26,yesenia2556@correo.pe,944559778.0
2557,35514519,María,Sangay Torres,Cajamarca,Nuevo,2026-07-18,maria2557@correo.pe,989790713.0
2558,37117019,José,Mendoza Mego,Cajamarca,Nuevo,2026-05-01,jose2558@correo.pe,997389232.0
2559,66574751,Fernando,Sánchez Castrejón,Baños del Inca,Nuevo,2026-06-25,fernando2559@correo.pe,987444475.0
2560,12464869,Fernando,Vásquez Rojas,Los Baños,Nuevo,2025-09-25,fernando2560@correo.pe,993818995.0
2561,68823247,María,Cueva Quispe,Baños del Inca,Nuevo,2025-10-01,maria2561@correo.pe,953831574.0
2562,70414244,María,Mendoza Vásquez,Cajamarca,Corporativo,2026-04-20,maria2562@correo.pe,910100491.0
2563,78687079,Andrés,Lozano Lozano,Los Baños,Frecuente,2025-10-03,,917261153.0
2564,64315700,Wilmer,Díaz Quispe,Cajamarca,Frecuente,2026-02-28,wilmer2564@correo.pe,928097901.0
2565,40789807,Valeria,Vásquez Sánchez,Cajamarca,Nuevo,2025-11-06,valeria2565@correo.pe,993346673.0
2566,48219805,Segundo,Quispe Huamán,Cajamarca,Nuevo,2026-06-11,segundo2566@correo.pe,955983151.0
2567,20286377,Rosa,Castrejón Mego,Cajamarca,Frecuente,2026-04-28,rosa2567@correo.pe,912734513.0
2568,75534984,Sofía,Mego Terrones,Llacanora,Frecuente,2026-08-30,sofia2568@correo.pe,985570499.0
2569,40583019,José,Sánchez Zelada,Baños del Inca,Nuevo,2026-01-12,jose2569@correo.pe,927930607.0
2570,66673357,Rosa,Guevara Vásquez,Magdalena,Nuevo,2025-07-22,rosa2570@correo.pe,933011326.0
2571,68588467,Valeria,Coronel Chávez,Cajamarca,Nuevo,2025-07-16,valeria2571@correo.pe,911705582.0
2572,10905411,Edwin,Alva Quispe,Celendín,Nuevo,2026-05-10,edwin2572@correo.pe,950904334.0
2573,72890751,Patricia,Vásquez Chávez,Cajamarca,Nuevo,2025-12-26,patricia2573@correo.pe,924930807.0
2574,16727363,Wilmer,Vásquez Rojas,Cajamarca,Frecuente,2025-07-24,wilmer2574@correo.pe,911136084.0
2575,32771109,Segundo,Cabrera Llamo,Cajamarca,Nuevo,2025-11-13,segundo2575@correo.pe,956568586.0
2576,72076077,Jorge,Quispe Alva,Cajamarca,Frecuente,2025-06-03,jorge2576@correo.pe,977976707.0
2577,35275668,Pedro,Terrones Mendoza,Cajabamba,Frecuente,2025-07-28,pedro2577@correo.pe,957300094.0
2578,67930902,Yesenia,Cueva Ramos,Cajamarca,Nuevo,2025-11-22,yesenia2578@correo.pe,995489196.0
2579,36686246,Elena,Terrones Sánchez,Cajamarca,Frecuente,2025-08-29,elena2579@correo.pe,920692765.0
2580,25485273,Milagros,Ramos Sangay,Jesús,Corporativo,2026-03-15,milagros2580@correo.pe,957236990.0
2581,36470540,Rosa,Tello Bardales,Magdalena,Frecuente,2026-07-30,rosa2581@correo.pe,985576394.0
2582,45902020,Camila,Becerra Mendoza,Cajamarca,Frecuente,2025-08-23,camila2582@correo.pe,950737948.0
2583,51716922,Rosa,Chávez Guevara,Cajamarca,Nuevo,2025-09-03,rosa2583@correo.pe,967374365.0
2584,51409226,Milagros,Vásquez Cueva,Cajamarca,Corporativo,2026-04-21,milagros2584@correo.pe,951840488.0
2585,26006388,Marleni,Rojas Torres,Cajamarca,Nuevo,2026-07-12,marleni2585@correo.pe,976156950.0
2586,37387316,Noemí,Terrones Pérez,Baños del Inca,Frecuente,2026-09-05,noemi2586@correo.pe,918648936.0
2587,33277102,Carmen,Castrejón Castrejón,Los Baños,Nuevo,2025-07-22,carmen2587@correo.pe,993080231.0
2588,59760144,Ana,Chávez Mendoza,Baños del Inca,Frecuente,2026-04-27,ana2588@correo.pe,912319577.0
2589,17573723,Patricia,Rojas Coronel,Cajamarca,Nuevo,2026-02-12,patricia2589@correo.pe,993427790.0
2590,34145090,Carlos,Rojas Sánchez,Cajamarca,Frecuente,2026-03-29,carlos2590@correo.pe,913923085.0
2591,61538794,Segundo,Becerra Pérez,Magdalena,Nuevo,2026-07-24,segundo2591@correo.pe,922681628.0
2592,53022320,Marleni,Cueva Cabrera,San Juan,Frecuente,2026-08-11,marleni2592@correo.pe,928469436.0
2593,26785653,Valeria,Llamo Alva,Cajabamba,Nuevo,2026-07-17,valeria2593@correo.pe,963976182.0
2594,20950119,Edwin,Flores Pérez,Cajabamba,Nuevo,2026-06-16,edwin2594@correo.pe,930003325.0
2595,61640692,Marleni,Becerra Quispe,Los Baños,Nuevo,2025-06-15,marleni2595@correo.pe,992951043.0
2596,16945726,Jorge,Coronel Flores,Cajamarca,Nuevo,2025-11-13,jorge2596@correo.pe,944483672.0
2597,17498695,Luis,Cueva Rojas,Namora,Nuevo,2025-07-28,luis2597@correo.pe,993857945.0
2598,11344742,Rosa,Guevara Coronel,Cajamarca,Nuevo,2025-09-04,rosa2598@correo.pe,970792491.0
2599,12750351,Patricia,Mendoza Mendoza,San Juan,Nuevo,2026-03-23,patricia2599@correo.pe,968112713.0
2600,20259524,Ricardo,Lozano Cueva,Los Baños,Frecuente,2025-07-23,ricardo2600@correo.pe,993355943.0
2601,66012872,Jorge,Alva Sánchez,Baños del Inca,Nuevo,2026-04-30,jorge2601@correo.pe,946779667.0
2602,53976985,José,Huamán Zelada,Cajamarca,Frecuente,2026-09-11,,954734589.0
2603,57012060,Rosa,Cabrera Sánchez,Cajamarca,Nuevo,2026-05-09,rosa2603@correo.pe,943467837.0
2604,31299491,Fernando,Becerra Sangay,Cajamarca,Nuevo,2026-08-25,fernando2604@correo.pe,923209124.0
2605,61746876,Ana,Tello Flores,Llacanora,Nuevo,2026-04-05,ana2605@correo.pe,959361316.0
2606,54849697,Luis,Llamo Mego,Cajamarca,Corporativo,2026-06-15,luis2606@correo.pe,950716021.0
2607,43673801,Milagros,Mego Flores,Cajamarca,Frecuente,2026-05-11,milagros2607@correo.pe,946977940.0
2608,11689967,Juan,Rojas Coronel,Cajamarca,Nuevo,2025-09-26,juan2608@correo.pe,995932056.0
2609,50816487,Juan,Sangay Vásquez,Cajamarca,Nuevo,2026-01-15,juan2609@correo.pe,932155324.0
2610,30029306,Luz,Becerra Aguilar,Cajamarca,Nuevo,2025-11-16,luz2610@correo.pe,917635760.0
2611,77464795,Segundo,Mendoza Becerra,San Juan,Frecuente,2026-06-26,segundo2611@correo.pe,919834243.0
2612,17220043,Luz,Díaz Cueva,Cajamarca,Frecuente,2025-11-28,luz2612@correo.pe,935340453.0
2613,39311309,Juan,Mendoza Lozano,Cajamarca,Nuevo,2025-12-17,juan2613@correo.pe,940943537.0
2614,30314931,Jorge,Sánchez Quispe,San Juan,Nuevo,2026-01-06,jorge2614@correo.pe,971252096.0
2615,49649158,Camila,Flores Becerra,Namora,Nuevo,2026-03-21,camila2615@correo.pe,966621152.0
2616,43023381,Diego,Aguilar Díaz,Cajamarca,Nuevo,2025-12-27,diego2616@correo.pe,934922613.0
2617,19322111,Diego,Pérez Sánchez,Baños del Inca,Frecuente,2026-06-01,diego2617@correo.pe,987813377.0
2618,15507548,Wilmer,Quispe Quispe,Cajamarca,Frecuente,2025-07-25,wilmer2618@correo.pe,916847210.0
2619,30864109,José,Flores Bardales,Cajamarca,Nuevo,2026-04-09,jose2619@correo.pe,978510773.0
2620,57645120,Wilmer,Bardales Terrones,Llacanora,Nuevo,2025-06-30,wilmer2620@correo.pe,991776726.0
2621,76137043,Noemí,Torres Mego,Cajamarca,Nuevo,2025-12-31,noemi2621@correo.pe,970751257.0
2622,37231081,Pedro,Mego Becerra,Cajamarca,Frecuente,2026-01-16,pedro2622@correo.pe,962227573.0
2623,69217147,Patricia,Castrejón Terrones,Cajamarca,Nuevo,2025-10-08,patricia2623@correo.pe,949025857.0
2624,15221340,Luis,Castrejón Castrejón,Cajamarca,Nuevo,2025-08-05,luis2624@correo.pe,953514938.0
2625,22548145,Miguel,Flores Cabrera,Cajamarca,Frecuente,2026-07-06,miguel2625@correo.pe,966263005.0
2626,54877412,Jorge,Díaz Torres,San Juan,Frecuente,2026-08-11,jorge2626@correo.pe,988061372.0
2627,77161534,Gabriela,Zelada Aguilar,Cajamarca,Frecuente,2026-05-07,gabriela2627@correo.pe,978368357.0
2628,64833131,Segundo,Cueva Guevara,Jesús,Nuevo,2026-06-13,segundo2628@correo.pe,945345429.0
2629,60358723,Marleni,Flores Cabrera,Cajamarca,Frecuente,2025-07-20,marleni2629@correo.pe,990261107.0
2630,12370904,Milagros,Sánchez Terrones,Cajabamba,Nuevo,2026-05-11,,935460213.0
2631,19513430,Pedro,Guevara Zelada,Cajabamba,Nuevo,2025-11-08,pedro2631@correo.pe,915208895.0
2632,55565910,José,Cueva Llamo,Celendín,Frecuente,2026-01-24,jose2632@correo.pe,996067168.0
2633,78426623,José,Coronel Mendoza,Jesús,Nuevo,2025-06-17,,999607663.0
2634,56017231,Luz,Flores Lozano,Cajamarca,Nuevo,2026-07-12,luz2634@correo.pe,915342675.0
2635,48544552,Héctor,Zelada Rojas,Cajamarca,Nuevo,2026-04-02,hector2635@correo.pe,977597036.0
2636,14919601,Carlos,Coronel Terrones,Cajamarca,Frecuente,2025-12-03,carlos2636@correo.pe,991846420.0
2637,47604181,Segundo,Mego Sangay,Cajamarca,Nuevo,2026-03-18,segundo2637@correo.pe,968039196.0
2638,72955759,Yesenia,Bardales Zelada,Cajabamba,Nuevo,2025-12-09,yesenia2638@correo.pe,910061003.0
2639,61921693,Miguel,Terrones Aguilar,Cajamarca,Nuevo,2025-10-10,miguel2639@correo.pe,970544029.0
2640,78709628,Segundo,Cabrera Vásquez,Namora,Nuevo,2025-06-11,segundo2640@correo.pe,952738394.0
2641,68128495,Fernando,Sánchez Alva,Cajamarca,Frecuente,2026-03-13,fernando2641@correo.pe,956414071.0
2642,16190484,Juan,Terrones Torres,Magdalena,Nuevo,2026-08-14,juan2642@correo.pe,984507449.0
2643,66454382,Edwin,Torres Cabrera,Cajamarca,Nuevo,2026-04-24,edwin2643@correo.pe,940978657.0
2644,10255512,Wilmer,Mendoza Tello,Cajamarca,Nuevo,2025-08-03,wilmer2644@correo.pe,996794801.0
2645,19334397,Luz,Aguilar Lozano,Cajamarca,Frecuente,2026-09-03,luz2645@correo.pe,992359968.0
2646,10895528,María,Aguilar Becerra,Cajamarca,Frecuente,2025-11-23,maria2646@correo.pe,928915141.0
2647,74074353,Valeria,Tello Vásquez,Cajabamba,Nuevo,2025-11-24,valeria2647@correo.pe,990750151.0
2648,33495196,Marleni,Vásquez Aguilar,Cajamarca,Nuevo,2025-08-16,marleni2648@correo.pe,983310916.0
2649,64278181,Camila,Zelada Pérez,Namora,Nuevo,2026-08-22,camila2649@correo.pe,912714597.0
2650,20018126,Héctor,Sangay Mego,Cajamarca,Nuevo,2025-11-08,hector2650@correo.pe,932512416.0
2651,48305973,María,Ramos Díaz,Cajamarca,Frecuente,2025-10-27,maria2651@correo.pe,942895048.0
2652,70838174,Juan,Quispe Mendoza,Cajamarca,Nuevo,2026-09-11,juan2652@correo.pe,991076244.0
2653,79146508,Edwin,Terrones Castrejón,Baños del Inca,Nuevo,2025-12-07,edwin2653@correo.pe,961976567.0
2654,73659520,José,Bardales Chávez,Cajamarca,Frecuente,2026-01-30,jose2654@correo.pe,913595808.0
2655,14275849,María,Cabrera Flores,Cajamarca,Frecuente,2026-08-21,maria2655@correo.pe,938263312.0
2656,25774007,Juan,Torres Quispe,Jesús,Frecuente,2025-07-10,juan2656@correo.pe,949788174.0
2657,30872674,Ricardo,Alva Pérez,Celendín,Nuevo,2025-07-30,ricardo2657@correo.pe,962910352.0
2658,58820731,Juan,Tello Vásquez,Cajamarca,Nuevo,2026-04-07,juan2658@correo.pe,934718007.0
2659,74490922,Sofía,Torres Vásquez,Jesús,Frecuente,2025-07-08,sofia2659@correo.pe,966006715.0
2660,23691468,José,Alva Pérez,Baños del Inca,Nuevo,2025-10-25,jose2660@correo.pe,918085436.0
2661,65340342,Pedro,Quispe Zelada,Magdalena,Corporativo,2026-02-03,pedro2661@correo.pe,929760023.0
2662,56663494,Andrés,Sánchez Ramos,Cajamarca,Nuevo,2025-07-31,andres2662@correo.pe,940150396.0
2663,53645781,Sofía,Lozano Zelada,Cajabamba,Frecuente,2025-06-11,,936458164.0
2664,11892926,Carmen,Pérez Rojas,Baños del Inca,Nuevo,2026-07-08,,994954534.0
2665,79212450,Elena,Alva Bardales,Cajamarca,Nuevo,2025-11-11,elena2665@correo.pe,949018700.0
2666,50447972,Gabriela,Bardales Mego,Cajamarca,Nuevo,2026-01-18,gabriela2666@correo.pe,970255158.0
2667,12973805,Yesenia,Aguilar Torres,Llacanora,Nuevo,2025-09-19,yesenia2667@correo.pe,940471245.0
2668,52555519,Héctor,Alva Mego,Baños del Inca,Nuevo,2026-04-18,hector2668@correo.pe,950498827.0
2669,49862167,Carmen,Cabrera Huamán,Cajamarca,Nuevo,2025-10-03,carmen2669@correo.pe,929772386.0
2670,14575732,Yesenia,Flores Cabrera,Cajamarca,Frecuente,2025-08-31,yesenia2670@correo.pe,960518486.0
2671,53157049,Pedro,Ramos Sangay,Cajamarca,Nuevo,2026-03-28,pedro2671@correo.pe,973453469.0
2672,37356958,José,Cabrera Coronel,Cajamarca,Frecuente,2025-07-19,jose2672@correo.pe,931234157.0
2673,47188668,María,Quispe Pérez,Magdalena,Nuevo,2025-09-02,maria2673@correo.pe,999960974.0
2674,39920309,Yesenia,Quispe Zelada,Baños del Inca,Nuevo,2026-07-06,yesenia2674@correo.pe,947721351.0
2675,62596593,Segundo,Guevara Aguilar,Cajamarca,Corporativo,2025-11-09,segundo2675@correo.pe,918945890.0
2676,19468074,Luis,Mendoza Torres,Celendín,Nuevo,2025-09-03,luis2676@correo.pe,939267620.0
2677,58491774,Sofía,Ramos Coronel,Celendín,Frecuente,2025-09-15,sofia2677@correo.pe,927979613.0
2678,41266613,Luz,Pérez Castrejón,Baños del Inca,Frecuente,2025-09-12,luz2678@correo.pe,943681788.0
2679,75094700,Yesenia,Llamo Vásquez,Baños del Inca,Nuevo,2026-07-13,yesenia2679@correo.pe,930601998.0
2680,59998459,Carlos,Aguilar Flores,Cajamarca,Nuevo,2026-08-17,carlos2680@correo.pe,931207667.0
2681,52279993,Wilmer,Aguilar Becerra,Baños del Inca,Nuevo,2025-07-14,wilmer2681@correo.pe,932196643.0
2682,52638662,Carmen,Mendoza Sangay,Cajamarca,Nuevo,2026-06-07,carmen2682@correo.pe,919469675.0
2683,57853772,Segundo,Sánchez Guevara,Cajamarca,Nuevo,2026-01-08,segundo2683@correo.pe,984592386.0
2684,22323694,María,Tello Flores,San Juan,Nuevo,2026-01-12,maria2684@correo.pe,954102537.0
2685,22468068,Juan,Cueva Zelada,Baños del Inca,Nuevo,2025-11-16,juan2685@correo.pe,937092875.0
2686,28838439,Gabriela,Terrones Cabrera,Cajamarca,Frecuente,2026-04-01,gabriela2686@correo.pe,990809265.0
2687,77171300,Elena,Rojas Terrones,Magdalena,Nuevo,2025-07-24,elena2687@correo.pe,945824043.0
2688,18323147,Camila,Mendoza Terrones,Llacanora,Nuevo,2026-01-06,camila2688@correo.pe,990382852.0
2689,35549605,Wilmer,Alva Guevara,Cajamarca,Nuevo,2026-03-24,,940834894.0
2690,35908989,María,Huamán Alva,Baños del Inca,Nuevo,2026-09-07,maria2690@correo.pe,956231006.0
2691,67139598,Jorge,Mego Castrejón,Cajamarca,Nuevo,2025-11-06,jorge2691@correo.pe,915871310.0
2692,14855559,Jorge,Alva Bardales,Cajamarca,Nuevo,2026-05-18,jorge2692@correo.pe,950046143.0
2693,66938929,Marleni,Sánchez Mendoza,Cajamarca,Nuevo,2025-06-01,marleni2693@correo.pe,916848361.0
2694,15822169,Héctor,Zelada Alva,Cajamarca,Frecuente,2025-12-12,hector2694@correo.pe,911298192.0
2695,33798543,Luis,Quispe Llamo,Baños del Inca,Nuevo,2025-10-27,luis2695@correo.pe,936718888.0
2696,17562663,Andrés,Mendoza Quispe,Cajamarca,Corporativo,2026-07-15,andres2696@correo.pe,971524355.0
2697,65983653,Patricia,Flores Castrejón,Celendín,Nuevo,2025-10-21,patricia2697@correo.pe,946714710.0
2698,17139440,Rosa,Rojas Lozano,Jesús,Corporativo,2026-02-02,rosa2698@correo.pe,925743793.0
2699,49749296,Wilmer,Llamo Cueva,Baños del Inca,Nuevo,2025-09-18,wilmer2699@correo.pe,993598866.0
2700,38541514,Luis,Mego Guevara,Cajamarca,Nuevo,2026-06-03,luis2700@correo.pe,984273259.0
2701,22610657,Noemí,Sangay Rojas,Namora,Frecuente,2025-08-21,noemi2701@correo.pe,999088615.0
2702,68646170,Ricardo,Cueva Flores,Cajamarca,Frecuente,2025-10-14,ricardo2702@correo.pe,930719919.0
2703,63514098,Fernando,Llamo Pérez,Cajamarca,Frecuente,2025-11-04,fernando2703@correo.pe,938153401.0
2704,74344948,Elena,Zelada Pérez,Baños del Inca,Nuevo,2025-11-28,elena2704@correo.pe,940252645.0
2705,66117721,Carlos,Llamo Zelada,Celendín,Nuevo,2025-09-18,carlos2705@correo.pe,929367001.0
2706,23997123,Carmen,Mego Vásquez,Jesús,Nuevo,2026-04-12,carmen2706@correo.pe,954557519.0
2707,38405465,Andrés,Llamo Coronel,Cajamarca,Frecuente,2025-06-03,,936645178.0
2708,61255168,José,Terrones Coronel,Cajamarca,Nuevo,2026-01-31,jose2708@correo.pe,955834918.0
2709,73912160,Ricardo,Alva Quispe,Cajamarca,Nuevo,2026-08-05,ricardo2709@correo.pe,963648114.0
2710,25342476,María,Alva Flores,Baños del Inca,Frecuente,2026-06-17,maria2710@correo.pe,924096603.0
2711,13781015,Carmen,Pérez Sangay,Cajamarca,Frecuente,2025-07-27,carmen2711@correo.pe,965200799.0
2712,67389426,María,Mego Becerra,Cajamarca,Frecuente,2025-09-01,maria2712@correo.pe,960868665.0
2713,30888663,María,Flores Bardales,Cajamarca,Nuevo,2026-02-01,maria2713@correo.pe,983012005.0
2714,56413343,María,Pérez Cabrera,Cajamarca,Nuevo,2025-06-15,maria2714@correo.pe,929963127.0
2715,32039581,Sofía,Huamán Guevara,Cajamarca,Frecuente,2026-07-17,sofia2715@correo.pe,954486473.0
2716,51769559,Andrés,Sánchez Castrejón,Baños del Inca,Nuevo,2026-01-15,andres2716@correo.pe,977562956.0
2717,62192390,Héctor,Sangay Ramos,Baños del Inca,Frecuente,2025-10-06,hector2717@correo.pe,995757380.0
2718,65265174,Wilmer,Becerra Vásquez,Cajamarca,Nuevo,2025-08-31,wilmer2718@correo.pe,988298925.0
2719,32630196,Luis,Cueva Chávez,Cajabamba,Nuevo,2026-03-22,luis2719@correo.pe,994042101.0
2720,65879433,Luz,Rojas Sánchez,San Juan,Nuevo,2026-03-18,luz2720@correo.pe,980756074.0
2721,72156669,Yesenia,Pérez Guevara,Cajamarca,Corporativo,2025-07-12,yesenia2721@correo.pe,970650773.0
2722,32322400,Carmen,Bardales Pérez,Cajamarca,Frecuente,2025-10-18,carmen2722@correo.pe,917147703.0
2723,23252900,Ana,Llamo Pérez,Celendín,Frecuente,2026-07-29,ana2723@correo.pe,977479442.0
2724,67742571,Miguel,Chávez Castrejón,Llacanora,Frecuente,2026-06-05,miguel2724@correo.pe,980819299.0
2725,45168589,Noemí,Quispe Flores,Llacanora,Frecuente,2026-08-02,noemi2725@correo.pe,996172079.0
2726,29634315,Edwin,Vásquez Mego,Cajabamba,Nuevo,2025-12-16,edwin2726@correo.pe,940600558.0
2727,11999658,Milagros,Terrones Ramos,Cajamarca,Frecuente,2026-02-23,milagros2727@correo.pe,939944102.0
2728,58101798,Carmen,Alva Huamán,Jesús,Corporativo,2025-09-26,carmen2728@correo.pe,919495305.0
2729,68950805,Noemí,Becerra Díaz,Cajabamba,Nuevo,2026-04-08,noemi2729@correo.pe,962560115.0
2730,74881608,Noemí,Flores Quispe,Celendín,Nuevo,2025-09-10,noemi2730@correo.pe,986772827.0
2731,58411523,Milagros,Zelada Pérez,Baños del Inca,Nuevo,2026-05-25,milagros2731@correo.pe,976284601.0
2732,55247693,Héctor,Tello Chávez,Jesús,Nuevo,2026-07-10,hector2732@correo.pe,917041533.0
2733,14844930,Rosa,Vásquez Aguilar,Baños del Inca,Nuevo,2025-07-21,rosa2733@correo.pe,992520647.0
2734,31199597,Luz,Castrejón Pérez,Cajabamba,Frecuente,2026-03-25,luz2734@correo.pe,945611698.0
2735,65563267,Valeria,Torres Quispe,Los Baños,Frecuente,2026-07-31,valeria2735@correo.pe,953791867.0
2736,72557366,Marleni,Cabrera Ramos,Los Baños,Frecuente,2025-06-15,marleni2736@correo.pe,963960166.0
2737,17970948,Elena,Castrejón Cabrera,Celendín,Nuevo,2026-02-27,elena2737@correo.pe,911944084.0
2738,18343545,Elena,Bardales Ramos,Baños del Inca,Nuevo,2025-06-04,elena2738@correo.pe,922670874.0
2739,39503343,Ana,Coronel Cabrera,Llacanora,Nuevo,2026-01-16,ana2739@correo.pe,926706259.0
2740,41970460,Luis,Pérez Chávez,Cajamarca,Frecuente,2026-03-09,luis2740@correo.pe,977970228.0
2741,32988968,Carmen,Mego Mego,San Juan,Frecuente,2025-12-09,carmen2741@correo.pe,988820832.0
2742,70570769,Miguel,Guevara Chávez,Cajamarca,Nuevo,2025-06-18,miguel2742@correo.pe,929436302.0
2743,60781908,Elena,Alva Becerra,Cajamarca,Nuevo,2026-08-13,elena2743@correo.pe,976500951.0
2744,42065986,Rosa,Torres Cueva,Cajamarca,Frecuente,2026-07-02,rosa2744@correo.pe,957585721.0
2745,44075455,Andrés,Flores Quispe,Cajamarca,Frecuente,2026-07-03,andres2745@correo.pe,916829629.0
2746,73715405,Noemí,Rojas Becerra,Celendín,Frecuente,2026-03-23,noemi2746@correo.pe,910980474.0
2747,46163732,Luis,Mendoza Vásquez,Cajamarca,Frecuente,2025-06-27,luis2747@correo.pe,914807511.0
2748,10045324,Rosa,Sánchez Zelada,Cajamarca,Corporativo,2026-01-24,rosa2748@correo.pe,947396854.0
2749,61388259,Pedro,Torres Sangay,Cajamarca,Nuevo,2025-06-29,pedro2749@correo.pe,995895280.0
2750,38556600,Edwin,Sánchez Chávez,Jesús,Nuevo,2025-08-04,edwin2750@correo.pe,988576716.0
2751,49289011,Segundo,Pérez Rojas,Cajamarca,Nuevo,2026-08-08,segundo2751@correo.pe,952402805.0
2752,24120335,Elena,Cabrera Alva,Cajamarca,Corporativo,2026-06-25,elena2752@correo.pe,959101016.0
2753,51118081,Miguel,Díaz Alva,San Juan,Nuevo,2026-04-17,miguel2753@correo.pe,911222769.0
2754,51176860,Fernando,Pérez Guevara,Cajamarca,Frecuente,2026-03-17,fernando2754@correo.pe,997385572.0
2755,58856914,Ana,Bardales Bardales,Cajamarca,Frecuente,2026-03-23,ana2755@correo.pe,996469434.0
2756,32357555,Ana,Díaz Bardales,Jesús,Nuevo,2025-12-08,ana2756@correo.pe,930776456.0
2757,50991892,Carmen,Castrejón Bardales,Celendín,Nuevo,2025-09-04,carmen2757@correo.pe,918194139.0
2758,14730731,Ana,Vásquez Sánchez,Cajamarca,Frecuente,2025-12-03,ana2758@correo.pe,964745057.0
2759,26281062,José,Díaz Coronel,Baños del Inca,Nuevo,2025-07-20,jose2759@correo.pe,918179352.0
2760,55601013,Elena,Flores Pérez,Baños del Inca,Nuevo,2026-08-09,elena2760@correo.pe,976157483.0
2761,10240752,Juan,Llamo Mendoza,Namora,Nuevo,2025-12-12,juan2761@correo.pe,933202112.0
2762,66425458,Carlos,Castrejón Becerra,Cajamarca,Nuevo,2026-05-11,carlos2762@correo.pe,912124941.0
2763,13624629,Gabriela,Huamán Rojas,Cajamarca,Frecuente,2025-06-22,gabriela2763@correo.pe,967028930.0
2764,51562018,José,Alva Guevara,Los Baños,Nuevo,2026-01-10,jose2764@correo.pe,929682800.0
2765,22047414,Luz,Sangay Mego,Celendín,Nuevo,2025-08-26,luz2765@correo.pe,969577692.0
2766,20990727,Camila,Becerra Flores,Cajamarca,Nuevo,2025-12-22,camila2766@correo.pe,992498203.0
2767,79535593,Ricardo,Torres Ramos,Cajamarca,Frecuente,2025-09-02,,927263334.0
2768,11586680,Pedro,Aguilar Bardales,Magdalena,Frecuente,2025-12-10,pedro2768@correo.pe,956345649.0
2769,67950842,Carlos,Pérez Aguilar,Cajamarca,Frecuente,2026-04-21,carlos2769@correo.pe,910308457.0
2770,49269951,Andrés,Zelada Alva,Namora,Nuevo,2026-07-02,,940634348.0
2771,56650103,Miguel,Vásquez Terrones,Cajabamba,Nuevo,2025-06-16,miguel2771@correo.pe,936290609.0
2772,47334790,Carmen,Pérez Rojas,Cajamarca,Frecuente,2025-06-23,carmen2772@correo.pe,952448433.0
2773,37286115,Andrés,Alva Terrones,Baños del Inca,Nuevo,2026-07-07,andres2773@correo.pe,926814924.0
2774,55098864,Milagros,Alva Bardales,Baños del Inca,Nuevo,2026-02-25,milagros2774@correo.pe,972419093.0
2775,74318297,Yesenia,Ramos Becerra,Baños del Inca,Nuevo,2026-02-17,yesenia2775@correo.pe,947352193.0
2776,23422366,Wilmer,Pérez Llamo,Baños del Inca,Nuevo,2026-04-10,wilmer2776@correo.pe,999743573.0
2777,76104406,María,Quispe Castrejón,Cajamarca,Nuevo,2026-02-19,maria2777@correo.pe,964991235.0
2778,26979657,Jorge,Lozano Cabrera,Cajamarca,Nuevo,2026-03-25,jorge2778@correo.pe,983154189.0
2779,57578303,Pedro,Vásquez Bardales,Cajamarca,Nuevo,2025-10-16,pedro2779@correo.pe,916798773.0
2780,15647188,Sofía,Cueva Chávez,Cajamarca,Corporativo,2025-08-30,sofia2780@correo.pe,977519030.0
2781,60631340,Marleni,Zelada Zelada,Cajabamba,Frecuente,2025-10-26,marleni2781@correo.pe,971201441.0
2782,32833671,Pedro,Mendoza Coronel,Cajamarca,Frecuente,2026-05-15,pedro2782@correo.pe,973543719.0
2783,43327140,Jorge,Pérez Lozano,Baños del Inca,Nuevo,2026-02-11,jorge2783@correo.pe,971407903.0
2784,12351895,Carlos,Zelada Aguilar,Cajabamba,Nuevo,2025-06-16,carlos2784@correo.pe,914435068.0
2785,33416332,Carlos,Sangay Torres,Los Baños,Frecuente,2026-01-27,carlos2785@correo.pe,946028406.0
2786,75664810,Camila,Sánchez Llamo,Cajamarca,Nuevo,2025-06-17,camila2786@correo.pe,979415186.0
2787,76866187,Pedro,Aguilar Torres,Cajamarca,Frecuente,2026-05-05,pedro2787@correo.pe,963712500.0
2788,22100615,Juan,Sangay Aguilar,Los Baños,Frecuente,2026-07-14,juan2788@correo.pe,980978459.0
2789,28256529,Diego,Vásquez Coronel,Cajamarca,Nuevo,2026-08-03,diego2789@correo.pe,944297741.0
2790,37310654,Héctor,Flores Alva,Cajabamba,Nuevo,2026-04-10,hector2790@correo.pe,942500455.0
2791,28612039,Miguel,Guevara Aguilar,Baños del Inca,Nuevo,2025-09-25,miguel2791@correo.pe,989005326.0
2792,28969745,Rosa,Terrones Sánchez,Cajamarca,Nuevo,2026-07-09,rosa2792@correo.pe,949422917.0
2793,48846478,Gabriela,Flores Flores,Baños del Inca,Frecuente,2026-02-20,gabriela2793@correo.pe,929466788.0
2794,25846484,Ana,Mego Zelada,Cajamarca,Frecuente,2025-08-29,ana2794@correo.pe,934648404.0
2795,37089229,María,Terrones Flores,Cajamarca,Frecuente,2026-03-11,maria2795@correo.pe,967531125.0
2796,19207715,Luz,Torres Aguilar,Jesús,Frecuente,2026-07-29,luz2796@correo.pe,987566302.0
2797,40168836,Ana,Aguilar Castrejón,Baños del Inca,Nuevo,2026-04-19,ana2797@correo.pe,996413168.0
2798,20935481,Edwin,Llamo Bardales,Celendín,Frecuente,2026-07-10,edwin2798@correo.pe,992355292.0
2799,76154232,Diego,Lozano Vásquez,Magdalena,Frecuente,2026-04-14,diego2799@correo.pe,913846299.0
2800,76461390,Fernando,Pérez Llamo,Cajamarca,Frecuente,2025-12-06,fernando2800@correo.pe,977891964.0
2801,20622511,Patricia,Mendoza Chávez,Llacanora,Frecuente,2026-08-27,patricia2801@correo.pe,945695523.0
2802,62441545,Diego,Mendoza Llamo,Cajamarca,Nuevo,2026-07-11,diego2802@correo.pe,954747538.0
2803,62420878,Valeria,Mego Ramos,Cajamarca,Nuevo,2026-04-09,valeria2803@correo.pe,962342237.0
2804,75476347,Edwin,Becerra Chávez,Cajamarca,Nuevo,2026-08-24,,966859837.0
2805,28800653,Ricardo,Huamán Ramos,Cajamarca,Frecuente,2026-05-10,ricardo2805@correo.pe,940538618.0
2806,27547699,Carmen,Quispe Alva,San Juan,Nuevo,2025-10-11,carmen2806@correo.pe,949126981.0
2807,14461694,Marleni,Mendoza Sangay,Cajamarca,Nuevo,2025-11-15,marleni2807@correo.pe,954273869.0
2808,32278820,Gabriela,Quispe Alva,Celendín,Nuevo,2026-03-07,gabriela2808@correo.pe,981697697.0
2809,20134193,Juan,Chávez Cueva,Cajamarca,Frecuente,2025-10-24,juan2809@correo.pe,986755852.0
2810,27533413,Héctor,Lozano Cabrera,San Juan,Nuevo,2026-05-12,hector2810@correo.pe,927895710.0
2811,41044329,Milagros,Becerra Guevara,San Juan,Nuevo,2026-01-30,milagros2811@correo.pe,967794402.0
2812,79629908,Camila,Sangay Alva,Los Baños,Nuevo,2026-01-04,camila2812@correo.pe,920022569.0
2813,74024144,Carlos,Huamán Cueva,San Juan,Nuevo,2025-09-20,carlos2813@correo.pe,954175819.0
2814,24524567,Noemí,Alva Sangay,Baños del Inca,Nuevo,2025-06-16,noemi2814@correo.pe,973131783.0
2815,25977567,Valeria,Ramos Alva,Cajamarca,Nuevo,2026-06-16,valeria2815@correo.pe,963314940.0
2816,69050786,Milagros,Mendoza Sánchez,Cajamarca,Nuevo,2026-02-01,milagros2816@correo.pe,989603943.0
2817,36437914,Valeria,Mendoza Terrones,Cajamarca,Nuevo,2025-10-06,valeria2817@correo.pe,955742319.0
2818,40675170,Luz,Castrejón Tello,Cajamarca,Nuevo,2026-04-25,luz2818@correo.pe,963627840.0
2819,38105389,Yesenia,Lozano Ramos,Cajamarca,Corporativo,2026-05-02,yesenia2819@correo.pe,941049653.0
2820,25198330,Miguel,Díaz Sangay,Cajamarca,Frecuente,2026-06-07,miguel2820@correo.pe,998131275.0
2821,35944254,José,Cabrera Cabrera,Cajabamba,Corporativo,2026-05-10,jose2821@correo.pe,919976966.0
2822,16553194,Wilmer,Díaz Quispe,Cajamarca,Frecuente,2026-04-01,wilmer2822@correo.pe,912965231.0
2823,16454782,Ana,Becerra Vásquez,Cajamarca,Nuevo,2026-03-05,ana2823@correo.pe,952449100.0
2824,36836847,Ricardo,Tello Becerra,Cajamarca,Nuevo,2026-01-19,ricardo2824@correo.pe,983563885.0
2825,10471486,Pedro,Terrones Terrones,Cajamarca,Frecuente,2025-06-17,pedro2825@correo.pe,929371612.0
2826,34025363,Wilmer,Ramos Llamo,Cajamarca,Frecuente,2026-08-07,wilmer2826@correo.pe,939403690.0
2827,23962446,Noemí,Lozano Llamo,Baños del Inca,Nuevo,2026-09-08,noemi2827@correo.pe,976407691.0
2828,74417965,José,Vásquez Coronel,Cajamarca,Nuevo,2025-08-12,jose2828@correo.pe,940615281.0
2829,22365448,Elena,Tello Cabrera,Cajamarca,Nuevo,2025-08-26,elena2829@correo.pe,933529599.0
2830,69139042,Jorge,Quispe Sánchez,Baños del Inca,Nuevo,2026-08-12,jorge2830@correo.pe,921162256.0
2831,59180151,Juan,Lozano Ramos,Cajamarca,Nuevo,2026-01-18,juan2831@correo.pe,924597298.0
2832,36078222,Diego,Vásquez Vásquez,Cajamarca,Nuevo,2026-04-08,diego2832@correo.pe,981272659.0
2833,10178489,Ana,Torres Pérez,Celendín,Nuevo,2025-11-28,ana2833@correo.pe,923734061.0
2834,21871587,Valeria,Pérez Becerra,Cajabamba,Nuevo,2025-12-04,valeria2834@correo.pe,983048046.0
2835,47191185,Jorge,Mego Terrones,Llacanora,Frecuente,2025-11-25,jorge2835@correo.pe,976572947.0
2836,19153053,Camila,Huamán Díaz,Celendín,Nuevo,2025-07-08,camila2836@correo.pe,968022561.0
2837,57345068,José,Cueva Becerra,Celendín,Nuevo,2025-06-07,,943844942.0
2838,46378571,Elena,Chávez Lozano,Jesús,Nuevo,2025-10-22,elena2838@correo.pe,960692717.0
2839,64751496,María,Torres Mendoza,Jesús,Frecuente,2026-06-04,maria2839@correo.pe,999785759.0
2840,36978331,Miguel,Torres Flores,Cajamarca,Nuevo,2026-06-01,miguel2840@correo.pe,966131286.0
2841,73594898,Andrés,Cueva Rojas,Cajamarca,Nuevo,2026-05-02,andres2841@correo.pe,951574921.0
2842,58744940,Patricia,Tello Alva,Cajamarca,Frecuente,2026-05-24,patricia2842@correo.pe,952437605.0
2843,60421668,Camila,Aguilar Cabrera,Cajamarca,Nuevo,2025-12-14,camila2843@correo.pe,922299912.0
2844,32906316,Patricia,Ramos Lozano,Cajamarca,Frecuente,2025-12-23,patricia2844@correo.pe,935700537.0
2845,30364812,Juan,Chávez Pérez,Cajamarca,Nuevo,2026-05-14,juan2845@correo.pe,979746411.0
2846,59997321,Ana,Mego Guevara,Baños del Inca,Nuevo,2026-01-13,ana2846@correo.pe,972639979.0
2847,74348985,Sofía,Torres Coronel,Baños del Inca,Nuevo,2025-07-06,sofia2847@correo.pe,993251872.0
2848,33543435,Pedro,Huamán Huamán,Cajamarca,Nuevo,2025-06-06,pedro2848@correo.pe,938540028.0
2849,27230099,Héctor,Quispe Mego,Cajamarca,Nuevo,2026-09-07,hector2849@correo.pe,958248121.0
2850,72016299,Milagros,Quispe Díaz,Llacanora,Nuevo,2026-03-24,milagros2850@correo.pe,927676329.0
2851,47733334,Andrés,Huamán Quispe,Magdalena,Nuevo,2026-09-09,andres2851@correo.pe,987663726.0
2852,16346771,Luis,Sánchez Mego,Cajamarca,Nuevo,2026-04-22,luis2852@correo.pe,946730258.0
2853,17871104,Luz,Zelada Sangay,San Juan,Nuevo,2025-08-20,luz2853@correo.pe,998803572.0
2854,48139626,Valeria,Aguilar Sangay,Jesús,Frecuente,2026-03-08,valeria2854@correo.pe,914478614.0
2855,53148262,María,Cabrera Guevara,Llacanora,Corporativo,2026-08-22,maria2855@correo.pe,998032521.0
2856,46437952,Camila,Quispe Mego,Baños del Inca,Nuevo,2026-08-20,camila2856@correo.pe,947398015.0
2857,43728720,Pedro,Cueva Llamo,Cajamarca,Nuevo,2026-01-22,pedro2857@correo.pe,996844954.0
2858,54931559,Marleni,Torres Torres,Baños del Inca,Nuevo,2026-07-15,marleni2858@correo.pe,936398326.0
2859,36612985,Marleni,Aguilar Lozano,Los Baños,Nuevo,2026-08-08,marleni2859@correo.pe,921758919.0
2860,45748003,Wilmer,Llamo Zelada,Cajamarca,Nuevo,2026-05-30,wilmer2860@correo.pe,985611652.0
2861,73741055,Ana,Alva Llamo,Cajamarca,Nuevo,2026-05-06,ana2861@correo.pe,936127811.0
2862,66846071,Patricia,Chávez Huamán,Cajamarca,Frecuente,2025-06-19,patricia2862@correo.pe,956307783.0
2863,44364903,Jorge,Huamán Alva,Jesús,Frecuente,2026-01-26,jorge2863@correo.pe,959661760.0
2864,79134640,Andrés,Ramos Díaz,Cajamarca,Frecuente,2026-03-10,andres2864@correo.pe,949490687.0
2865,59081011,Gabriela,Sangay Coronel,Baños del Inca,Nuevo,2025-11-27,gabriela2865@correo.pe,961905235.0
2866,40010364,Noemí,Flores Cabrera,Celendín,Frecuente,2026-05-05,noemi2866@correo.pe,982333926.0
2867,62415617,Luz,Becerra Sangay,Cajamarca,Frecuente,2026-08-07,luz2867@correo.pe,976142912.0
2868,79159619,Carlos,Mego Becerra,Baños del Inca,Nuevo,2026-01-09,carlos2868@correo.pe,921400100.0
2869,34414558,Patricia,Ramos Sangay,Cajamarca,Nuevo,2025-10-30,patricia2869@correo.pe,994740754.0
2870,21311878,Wilmer,Chávez Alva,Cajamarca,Nuevo,2025-07-08,wilmer2870@correo.pe,946432932.0
2871,19228811,Pedro,Torres Bardales,Baños del Inca,Frecuente,2025-06-12,pedro2871@correo.pe,929927646.0
2872,74074610,Elena,Chávez Mendoza,Cajamarca,Nuevo,2025-10-09,elena2872@correo.pe,916601928.0
2873,52326285,Juan,Aguilar Coronel,Los Baños,Frecuente,2025-09-15,juan2873@correo.pe,948473867.0
2874,10046686,Sofía,Lozano Huamán,Jesús,Nuevo,2025-10-17,sofia2874@correo.pe,991495713.0
2875,75228234,Noemí,Chávez Mego,Baños del Inca,Nuevo,2025-11-12,noemi2875@correo.pe,993518175.0
2876,20022479,Yesenia,Cabrera Lozano,Cajamarca,Nuevo,2026-04-24,yesenia2876@correo.pe,927420665.0
2877,19697199,María,Becerra Rojas,Namora,Nuevo,2025-12-01,maria2877@correo.pe,990126505.0
2878,47183488,Patricia,Guevara Díaz,Cajamarca,Nuevo,2026-05-07,patricia2878@correo.pe,923894032.0
2879,19073622,Pedro,Díaz Vásquez,Cajamarca,Nuevo,2025-12-03,pedro2879@correo.pe,919257764.0
2880,60212220,Wilmer,Flores Llamo,Baños del Inca,Nuevo,2025-09-27,wilmer2880@correo.pe,947744049.0
2881,41201411,Carlos,Alva Cueva,Cajamarca,Nuevo,2026-01-13,carlos2881@correo.pe,960811071.0
2882,47146786,Edwin,Cabrera Pérez,Los Baños,Frecuente,2025-10-25,edwin2882@correo.pe,976886561.0
2883,14440265,Wilmer,Lozano Sánchez,Baños del Inca,Frecuente,2026-07-28,wilmer2883@correo.pe,989110768.0
2884,14302126,Camila,Aguilar Ramos,Cajamarca,Frecuente,2026-08-18,camila2884@correo.pe,984331927.0
2885,49117619,Carmen,Ramos Mendoza,Cajamarca,Frecuente,2026-04-18,carmen2885@correo.pe,952925431.0
2886,49219097,Marleni,Terrones Flores,Baños del Inca,Nuevo,2026-02-24,marleni2886@correo.pe,940121629.0
2887,76166928,Diego,Zelada Rojas,Celendín,Nuevo,2025-07-08,diego2887@correo.pe,979862074.0
2888,41756981,Noemí,Sangay Ramos,Los Baños,Frecuente,2026-01-22,noemi2888@correo.pe,959860145.0
2889,19719235,José,Guevara Ramos,Baños del Inca,Nuevo,2025-06-25,jose2889@correo.pe,966277694.0
2890,61679423,Camila,Aguilar Vásquez,Cajamarca,Frecuente,2026-07-05,camila2890@correo.pe,913961756.0
2891,56482872,Luis,Llamo Sánchez,Celendín,Nuevo,2025-12-04,luis2891@correo.pe,933418056.0
2892,57859958,Marleni,Becerra Rojas,Cajamarca,Nuevo,2025-12-25,,973506087.0
2893,24709373,Luis,Pérez Cueva,Cajabamba,Nuevo,2026-01-13,luis2893@correo.pe,946680432.0
2894,60466068,Ana,Huamán Torres,Cajamarca,Nuevo,2025-08-15,ana2894@correo.pe,924012262.0
2895,41993814,Sofía,Díaz Pérez,Cajamarca,Nuevo,2026-03-28,sofia2895@correo.pe,959065935.0
2896,23318756,Valeria,Becerra Sánchez,Jesús,Nuevo,2025-09-07,valeria2896@correo.pe,913974470.0
2897,73495615,Marleni,Cabrera Ramos,Cajamarca,Nuevo,2026-09-02,marleni2897@correo.pe,912180331.0
2898,59803071,Miguel,Lozano Terrones,Cajabamba,Nuevo,2025-07-28,miguel2898@correo.pe,973833045.0
2899,76545277,Héctor,Lozano Mendoza,Cajamarca,Frecuente,2026-06-18,hector2899@correo.pe,952139642.0
2900,36593740,Diego,Llamo Guevara,Cajamarca,Nuevo,2025-11-14,diego2900@correo.pe,934830588.0
2901,73330342,Noemí,Pérez Becerra,Cajamarca,Nuevo,2026-07-27,noemi2901@correo.pe,982433336.0
2902,79783706,José,Díaz Guevara,Cajamarca,Frecuente,2025-11-14,jose2902@correo.pe,974699633.0
2903,14498987,Jorge,Torres Mendoza,Cajamarca,Frecuente,2025-09-07,jorge2903@correo.pe,952082700.0
2904,14001220,Ana,Cabrera Cueva,Baños del Inca,Nuevo,2026-09-07,ana2904@correo.pe,916838458.0
2905,24963436,Luz,Alva Mego,San Juan,Frecuente,2026-03-02,luz2905@correo.pe,987804783.0
2906,43838442,Gabriela,Tello Guevara,Cajamarca,Corporativo,2026-02-14,gabriela2906@correo.pe,939403935.0
2907,63177320,Wilmer,Cabrera Tello,Llacanora,Nuevo,2026-03-05,wilmer2907@correo.pe,972763927.0
2908,25813938,Carlos,Bardales Lozano,Cajamarca,Nuevo,2026-03-13,carlos2908@correo.pe,928900712.0
2909,19131612,Miguel,Terrones Aguilar,Jesús,Frecuente,2026-08-24,miguel2909@correo.pe,986288293.0
2910,29144565,Noemí,Mendoza Becerra,Cajamarca,Frecuente,2026-07-20,noemi2910@correo.pe,962540220.0
2911,44772490,Elena,Quispe Alva,Cajamarca,Frecuente,2026-01-11,elena2911@correo.pe,910125045.0
2912,14722684,Ana,Vásquez Ramos,Cajamarca,Nuevo,2025-12-25,ana2912@correo.pe,993385055.0
2913,10494063,Gabriela,Vásquez Rojas,Los Baños,Corporativo,2026-05-24,gabriela2913@correo.pe,966561242.0
2914,33777545,Patricia,Ramos Bardales,Cajamarca,Nuevo,2025-10-24,patricia2914@correo.pe,964732947.0
2915,52089351,Noemí,Terrones Aguilar,Cajamarca,Nuevo,2025-11-10,noemi2915@correo.pe,930948512.0
2916,18012317,Luz,Flores Sangay,Cajamarca,Nuevo,2026-02-24,luz2916@correo.pe,953028313.0
2917,33353745,José,Díaz Tello,Baños del Inca,Corporativo,2026-01-20,jose2917@correo.pe,980387204.0
2918,61068780,Carmen,Bardales Chávez,Cajamarca,Nuevo,2025-07-17,carmen2918@correo.pe,991646060.0
2919,52768555,Juan,Sánchez Díaz,Cajabamba,Nuevo,2026-07-03,juan2919@correo.pe,977105820.0
2920,13404773,Ana,Castrejón Ramos,Cajamarca,Nuevo,2026-01-27,ana2920@correo.pe,930517830.0
2921,16663898,Miguel,Becerra Coronel,Cajamarca,Frecuente,2026-06-18,miguel2921@correo.pe,992065552.0
2922,37429614,Héctor,Castrejón Chávez,Baños del Inca,Frecuente,2026-08-08,hector2922@correo.pe,984038516.0
2923,18482602,Carmen,Ramos Bardales,Cajabamba,Frecuente,2026-01-03,carmen2923@correo.pe,937143968.0
2924,75526234,Milagros,Bardales Sangay,Cajamarca,Nuevo,2025-09-28,milagros2924@correo.pe,910196073.0
2925,48261152,Milagros,Vásquez Quispe,Baños del Inca,Frecuente,2025-08-25,milagros2925@correo.pe,936443182.0
2926,24628641,Ana,Quispe Rojas,Cajamarca,Nuevo,2026-05-05,ana2926@correo.pe,959808598.0
2927,66966023,Wilmer,Mego Lozano,Cajamarca,Nuevo,2026-08-31,wilmer2927@correo.pe,942847123.0
2928,61092974,Andrés,Mendoza Aguilar,Cajamarca,Nuevo,2025-07-24,andres2928@correo.pe,954358263.0
2929,48476335,Ricardo,Cueva Guevara,Cajamarca,Nuevo,2026-08-26,ricardo2929@correo.pe,954865413.0
2930,62603300,Valeria,Llamo Llamo,Cajamarca,Nuevo,2025-11-08,valeria2930@correo.pe,927671120.0
2931,46141778,Jorge,Mendoza Lozano,Cajamarca,Nuevo,2025-07-09,jorge2931@correo.pe,954005420.0
2932,24629593,Segundo,Torres Torres,Cajamarca,Frecuente,2026-09-08,segundo2932@correo.pe,984323635.0
2933,48698516,Diego,Vásquez Mego,San Juan,Frecuente,2026-09-07,diego2933@correo.pe,919898676.0
2934,19933529,Luz,Pérez Llamo,Cajamarca,Nuevo,2026-02-07,luz2934@correo.pe,989542257.0
2935,55034817,Jorge,Mendoza Zelada,Cajamarca,Frecuente,2026-01-11,jorge2935@correo.pe,916556844.0
2936,54333258,Carmen,Castrejón Llamo,Llacanora,Nuevo,2025-08-30,,917644376.0
2937,36652541,Juan,Tello Vásquez,Baños del Inca,Nuevo,2025-08-21,juan2937@correo.pe,978275609.0
2938,59073280,Carlos,Chávez Chávez,Cajamarca,Nuevo,2025-11-09,carlos2938@correo.pe,986924068.0
2939,46630524,Milagros,Huamán Díaz,Cajamarca,Nuevo,2026-07-06,milagros2939@correo.pe,982935186.0
2940,58260803,Carmen,Zelada Chávez,Cajamarca,Frecuente,2026-07-31,carmen2940@correo.pe,918456944.0
2941,10346063,Camila,Huamán Quispe,Cajamarca,Frecuente,2025-08-03,camila2941@correo.pe,964400910.0
2942,52414943,Diego,Aguilar Díaz,Cajamarca,Frecuente,2025-06-29,diego2942@correo.pe,997543594.0
2943,43545762,Gabriela,Sánchez Mendoza,Baños del Inca,Nuevo,2026-04-18,gabriela2943@correo.pe,933662668.0
2944,65979068,Segundo,Vásquez Sangay,Cajamarca,Nuevo,2026-03-26,segundo2944@correo.pe,968027868.0
2945,15139275,Sofía,Aguilar Aguilar,Cajamarca,Frecuente,2026-03-30,sofia2945@correo.pe,999082695.0
2946,17431249,Gabriela,Díaz Sangay,Cajabamba,Frecuente,2025-10-16,gabriela2946@correo.pe,957527536.0
2947,77951318,Juan,Alva Sánchez,Baños del Inca,Frecuente,2025-06-09,juan2947@correo.pe,964118581.0
2948,13009156,Camila,Chávez Pérez,Cajamarca,Nuevo,2025-10-23,camila2948@correo.pe,926464450.0
2949,24231930,Luis,Pérez Terrones,Cajamarca,Nuevo,2025-06-11,luis2949@correo.pe,917275618.0
2950,22737261,Ana,Mendoza Bardales,Cajamarca,Frecuente,2026-06-26,ana2950@correo.pe,936709278.0
2951,54857018,Camila,Guevara Llamo,Baños del Inca,Nuevo,2026-01-29,camila2951@correo.pe,965368045.0
2952,35436463,Edwin,Tello Tello,Cajamarca,Nuevo,2026-08-04,edwin2952@correo.pe,946728165.0
2953,14984723,Segundo,Becerra Cueva,Baños del Inca,Nuevo,2026-04-15,segundo2953@correo.pe,987785896.0
2954,26329782,Diego,Zelada Ramos,Cajamarca,Frecuente,2025-09-20,diego2954@correo.pe,914280130.0
2955,71207661,Noemí,Díaz Castrejón,Cajamarca,Nuevo,2026-07-30,noemi2955@correo.pe,957240495.0
2956,12658158,Milagros,Cueva Sánchez,Cajamarca,Nuevo,2026-06-17,milagros2956@correo.pe,995838755.0
2957,68267589,Carmen,Mego Torres,Cajamarca,Frecuente,2026-07-10,carmen2957@correo.pe,964673322.0
2958,24600529,Carmen,Pérez Torres,Cajamarca,Frecuente,2025-08-24,carmen2958@correo.pe,935554746.0
2959,26617670,Carmen,Terrones Torres,Cajamarca,Nuevo,2026-01-03,carmen2959@correo.pe,926805640.0
2960,47117357,Jorge,Zelada Quispe,Cajamarca,Nuevo,2025-10-04,jorge2960@correo.pe,945277542.0
2961,13675911,Luz,Cabrera Cueva,Cajamarca,Frecuente,2025-07-15,luz2961@correo.pe,918404002.0
2962,53270384,Ricardo,Torres Díaz,Cajamarca,Nuevo,2025-12-06,ricardo2962@correo.pe,923266186.0
2963,70819809,Segundo,Huamán Castrejón,Cajabamba,Nuevo,2026-01-26,segundo2963@correo.pe,926547839.0
2964,27147406,Juan,Bardales Mego,Cajamarca,Nuevo,2026-08-13,juan2964@correo.pe,961150049.0
2965,55723434,Gabriela,Aguilar Quispe,Cajamarca,Frecuente,2025-09-30,gabriela2965@correo.pe,973927861.0
2966,45504422,Luis,Rojas Aguilar,Magdalena,Frecuente,2025-09-24,luis2966@correo.pe,935498064.0
2967,72235439,Camila,Quispe Pérez,Cajamarca,Nuevo,2026-03-13,camila2967@correo.pe,985951392.0
2968,31543147,Segundo,Vásquez Aguilar,Cajamarca,Corporativo,2026-09-02,segundo2968@correo.pe,956855054.0
2969,48022458,Ana,Alva Zelada,Cajamarca,Nuevo,2025-07-02,ana2969@correo.pe,958327055.0
2970,77562454,Sofía,Alva Castrejón,Cajamarca,Frecuente,2026-02-24,sofia2970@correo.pe,929401079.0
2971,42975296,Miguel,Torres Flores,Cajamarca,Nuevo,2026-07-22,miguel2971@correo.pe,936594064.0
2972,63860203,Noemí,Ramos Torres,San Juan,Frecuente,2025-08-10,noemi2972@correo.pe,966022733.0
2973,33179966,Jorge,Castrejón Torres,Cajamarca,Nuevo,2026-05-22,jorge2973@correo.pe,912832525.0
2974,67835011,Jorge,Tello Flores,Cajamarca,Corporativo,2025-07-14,jorge2974@correo.pe,989174431.0
2975,17933626,Valeria,Huamán Rojas,Llacanora,Frecuente,2025-11-10,valeria2975@correo.pe,977819362.0
2976,24837914,Andrés,Vásquez Zelada,Cajamarca,Nuevo,2025-12-02,andres2976@correo.pe,947970607.0
2977,20962755,Diego,Alva Mego,Namora,Frecuente,2026-07-22,diego2977@correo.pe,992069583.0
2978,67812872,Noemí,Sánchez Vásquez,Cajabamba,Nuevo,2026-04-04,noemi2978@correo.pe,993858037.0
2979,29641347,Luz,Rojas Aguilar,Cajamarca,Nuevo,2026-07-19,luz2979@correo.pe,981900329.0
2980,56695661,Jorge,Llamo Coronel,Cajamarca,Nuevo,2025-06-24,jorge2980@correo.pe,989203418.0
2981,21658448,José,Aguilar Alva,Cajamarca,Nuevo,2026-05-01,jose2981@correo.pe,973535371.0
2982,77271266,Noemí,Flores Quispe,Cajamarca,Nuevo,2026-08-05,noemi2982@correo.pe,959249196.0
2983,31704557,José,Vásquez Chávez,Celendín,Frecuente,2025-10-24,jose2983@correo.pe,913495627.0
2984,75411211,Camila,Mego Llamo,Llacanora,Frecuente,2026-01-16,camila2984@correo.pe,952608727.0
2985,28317877,Elena,Chávez Rojas,Cajamarca,Nuevo,2025-07-17,elena2985@correo.pe,920074227.0
2986,45248524,Ana,Sangay Torres,Cajamarca,Nuevo,2025-06-18,ana2986@correo.pe,951888379.0
2987,20272811,Luz,Aguilar Aguilar,Cajamarca,Nuevo,2026-08-17,luz2987@correo.pe,984577425.0
2988,55687554,Rosa,Díaz Lozano,Cajamarca,Frecuente,2026-06-25,rosa2988@correo.pe,960904505.0
2989,35301103,Luis,Mego Castrejón,Cajamarca,Nuevo,2025-11-26,luis2989@correo.pe,989310007.0
2990,29144354,Ricardo,Mego Huamán,Baños del Inca,Nuevo,2026-01-21,ricardo2990@correo.pe,960122867.0
2991,61356109,Pedro,Chávez Bardales,Cajamarca,Nuevo,2026-06-06,pedro2991@correo.pe,918858930.0
2992,22709844,Milagros,Aguilar Ramos,Cajamarca,Frecuente,2026-03-13,milagros2992@correo.pe,982865364.0
2993,11245234,Andrés,Coronel Rojas,Cajamarca,Corporativo,2025-06-18,andres2993@correo.pe,963642247.0
2994,76305762,Juan,Alva Mendoza,Cajamarca,Corporativo,2026-06-11,juan2994@correo.pe,978593027.0
2995,13724458,Diego,Cueva Alva,Cajamarca,Frecuente,2025-06-18,diego2995@correo.pe,921685834.0
2996,10676642,José,Quispe Ramos,Baños del Inca,Nuevo,2026-06-21,jose2996@correo.pe,986264769.0
2997,20823951,Noemí,Chávez Castrejón,Cajamarca,Frecuente,2026-02-05,noemi2997@correo.pe,933919261.0
2998,73053668,Fernando,Tello Sangay,Baños del Inca,Corporativo,2026-01-26,fernando2998@correo.pe,933535258.0
2999,40024492,Edwin,Lozano Lozano,Cajamarca,Frecuente,2025-09-17,edwin2999@correo.pe,934334279.0
3000,78163446,Carlos,Huamán Tello,Llacanora,Nuevo,2025-06-26,carlos3000@correo.pe,986647232.0
3001,11684030,Yesenia,Ramos Llamo,Cajamarca,Nuevo,2025-07-10,yesenia3001@correo.pe,967835401.0
3002,29778360,Milagros,Lozano Mendoza,Cajamarca,Nuevo,2026-08-07,milagros3002@correo.pe,969734446.0
3003,37152853,Luz,Aguilar Zelada,Baños del Inca,Nuevo,2026-09-13,luz3003@correo.pe,925092846.0
3004,76512938,Jorge,Bardales Alva,Cajamarca,Nuevo,2026-02-09,jorge3004@correo.pe,994170929.0
3005,34028234,Gabriela,Cabrera Pérez,Llacanora,Nuevo,2025-10-26,gabriela3005@correo.pe,977543341.0
3006,35014051,Ricardo,Tello Huamán,Cajamarca,Corporativo,2025-10-08,ricardo3006@correo.pe,965239538.0
3007,56500768,Héctor,Tello Lozano,Baños del Inca,Frecuente,2026-09-04,hector3007@correo.pe,917294481.0
3008,43950418,Pedro,Cabrera Huamán,Cajamarca,Frecuente,2025-06-10,,957967725.0
3009,11642900,Rosa,Becerra Ramos,Cajamarca,Nuevo,2025-11-18,rosa3009@correo.pe,951517010.0
3010,34773130,Segundo,Pérez Zelada,Baños del Inca,Frecuente,2026-07-04,segundo3010@correo.pe,982099253.0
3011,52279126,Elena,Aguilar Flores,Baños del Inca,Nuevo,2026-01-05,elena3011@correo.pe,919228046.0
3012,33315410,Luis,Castrejón Tello,Cajabamba,Nuevo,2026-05-19,luis3012@correo.pe,953946122.0
3013,36126205,Marleni,Coronel Cueva,Celendín,Nuevo,2026-05-29,marleni3013@correo.pe,962744480.0
3014,24232097,Ana,Vásquez Lozano,Celendín,Frecuente,2026-02-07,ana3014@correo.pe,947346624.0
3015,54675007,Jorge,Tello Bardales,Los Baños,Frecuente,2025-07-22,jorge3015@correo.pe,914349348.0
3016,18278267,Yesenia,Mendoza Vásquez,San Juan,Nuevo,2026-03-13,yesenia3016@correo.pe,931717129.0
3017,29591953,Milagros,Lozano Llamo,Cajamarca,Nuevo,2026-06-10,milagros3017@correo.pe,924127426.0
3018,48869849,Miguel,Vásquez Torres,Cajamarca,Corporativo,2025-09-13,miguel3018@correo.pe,971372922.0
3019,71271973,Edwin,Quispe Zelada,Cajamarca,Nuevo,2025-07-19,edwin3019@correo.pe,965291132.0
3020,32644170,Andrés,Guevara Cabrera,Cajamarca,Nuevo,2026-09-03,andres3020@correo.pe,985044227.0
3021,63493566,Andrés,Alva Ramos,Jesús,Frecuente,2026-02-06,andres3021@correo.pe,984741323.0
3022,57109632,Edwin,Cueva Chávez,Cajamarca,Nuevo,2026-08-05,edwin3022@correo.pe,997668598.0
3023,74403646,Ricardo,Quispe Alva,Namora,Nuevo,2025-11-29,ricardo3023@correo.pe,966076153.0
3024,13016044,Andrés,Tello Cueva,Cajamarca,Frecuente,2025-10-10,andres3024@correo.pe,991323134.0
3025,45625506,Andrés,Aguilar Mego,Llacanora,Nuevo,2026-06-15,andres3025@correo.pe,991936109.0
3026,21413977,Carmen,Tello Bardales,Celendín,Frecuente,2026-07-15,carmen3026@correo.pe,966077402.0
3027,14899624,Pedro,Zelada Pérez,Baños del Inca,Nuevo,2025-10-20,pedro3027@correo.pe,935159253.0
3028,74491187,Milagros,Chávez Alva,Cajabamba,Nuevo,2026-02-25,milagros3028@correo.pe,925804642.0
3029,62674719,Luz,Pérez Flores,Cajamarca,Nuevo,2026-09-03,luz3029@correo.pe,930333179.0
3030,43562507,Carlos,Quispe Díaz,Magdalena,Frecuente,2026-06-15,,977032118.0
3031,43314086,Miguel,Tello Ramos,Cajamarca,Frecuente,2026-04-02,miguel3031@correo.pe,987397935.0
3032,11566690,Ana,Mego Becerra,Jesús,Nuevo,2026-02-20,ana3032@correo.pe,981032485.0
3033,13384862,Miguel,Coronel Pérez,Cajamarca,Frecuente,2025-08-16,miguel3033@correo.pe,933380010.0
3034,66064597,Jorge,Chávez Mego,Cajamarca,Frecuente,2026-02-17,jorge3034@correo.pe,981513574.0
3035,19293650,Noemí,Castrejón Aguilar,Cajamarca,Nuevo,2025-12-15,noemi3035@correo.pe,972464283.0
3036,79247436,Noemí,Lozano Lozano,Cajamarca,Frecuente,2026-04-17,noemi3036@correo.pe,973891565.0
3037,77210752,Milagros,Torres Mendoza,Baños del Inca,Nuevo,2025-07-06,milagros3037@correo.pe,930311517.0
3038,,Patricia,Rojas Mendoza,Cajamarca,Nuevo,2025-08-15,patricia3038@correo.pe,920999241.0
3039,52128407,Juan,Zelada Rojas,Jesús,Nuevo,2026-07-04,juan3039@correo.pe,958745464.0
3040,60862016,Segundo,Huamán Castrejón,Los Baños,Nuevo,2026-07-24,segundo3040@correo.pe,997872003.0
3041,53205908,Carmen,Mego Lozano,Cajamarca,Frecuente,2025-09-08,carmen3041@correo.pe,911060269.0
3042,75967351,Ana,Sangay Coronel,Celendín,Frecuente,2025-11-28,ana3042@correo.pe,987979443.0
3043,76229160,Edwin,Torres Díaz,Cajamarca,Frecuente,2026-05-09,edwin3043@correo.pe,996194630.0
3044,64523334,Juan,Chávez Zelada,Baños del Inca,Frecuente,2025-06-27,juan3044@correo.pe,943568082.0
3045,40622381,Elena,Rojas Llamo,Cajamarca,Nuevo,2026-01-25,elena3045@correo.pe,938961694.0
3046,61937023,Fernando,Pérez Cabrera,Jesús,Frecuente,2026-07-19,fernando3046@correo.pe,972762651.0
3047,19443580,Edwin,Flores Quispe,Cajamarca,Frecuente,2025-10-10,edwin3047@correo.pe,998036535.0
3048,60766284,Luz,Alva Zelada,Magdalena,Nuevo,2026-05-10,luz3048@correo.pe,930908741.0
3049,49320640,Jorge,Alva Mego,Magdalena,Nuevo,2026-06-02,jorge3049@correo.pe,952763228.0
3050,20487933,Héctor,Aguilar Zelada,Cajamarca,Frecuente,2026-06-20,hector3050@correo.pe,979686673.0
3051,58032032,Juan,Coronel Sánchez,Cajamarca,Nuevo,2025-08-16,juan3051@correo.pe,949891700.0
3052,74134359,Marleni,Quispe Pérez,Cajamarca,Nuevo,2025-10-19,marleni3052@correo.pe,910143303.0
3053,53258031,Camila,Alva Ramos,Baños del Inca,Nuevo,2026-08-22,camila3053@correo.pe,998762266.0
3054,26284288,Diego,Vásquez Mego,Cajamarca,Nuevo,2026-03-22,diego3054@correo.pe,979984622.0
3055,26831222,Ricardo,Lozano Flores,Cajamarca,Nuevo,2026-01-28,ricardo3055@correo.pe,945835725.0
3056,18089809,Milagros,Cabrera Torres,Cajamarca,Frecuente,2026-01-07,milagros3056@correo.pe,994170189.0
3057,65521697,María,Flores Ramos,Cajabamba,Frecuente,2025-09-13,maria3057@correo.pe,926624064.0
3058,42759661,Carlos,Llamo Lozano,Cajamarca,Frecuente,2025-10-31,carlos3058@correo.pe,969976503.0
3059,58202611,Patricia,Díaz Torres,Jesús,Frecuente,2026-04-21,patricia3059@correo.pe,918608308.0
3060,15665541,Héctor,Coronel Ramos,Cajamarca,Frecuente,2025-12-31,hector3060@correo.pe,918287580.0
3061,47161146,Héctor,Guevara Lozano,Cajamarca,Frecuente,2026-06-12,hector3061@correo.pe,959399217.0
3062,52590286,Sofía,Tello Flores,Llacanora,Nuevo,2026-05-08,sofia3062@correo.pe,926620549.0
3063,79723522,Jorge,Mendoza Terrones,Magdalena,Nuevo,2026-07-02,jorge3063@correo.pe,927545327.0
3064,10010833,Edwin,Llamo Huamán,Cajamarca,Frecuente,2026-05-09,edwin3064@correo.pe,930979756.0
3065,18333279,Sofía,Bardales Torres,Cajamarca,Frecuente,2026-02-10,sofia3065@correo.pe,925703967.0
3066,50827533,Wilmer,Mego Torres,Cajamarca,Nuevo,2026-06-04,wilmer3066@correo.pe,932526093.0
3067,14341486,Luz,Terrones Zelada,Baños del Inca,Nuevo,2025-07-13,luz3067@correo.pe,934703305.0
3068,61974438,Diego,Díaz Sánchez,Cajamarca,Nuevo,2026-01-15,diego3068@correo.pe,954646157.0
3069,28016717,Patricia,Guevara Pérez,Baños del Inca,Frecuente,2026-07-21,patricia3069@correo.pe,911169136.0
3070,30829574,Luis,Cueva Aguilar,Cajamarca,Nuevo,2025-09-19,luis3070@correo.pe,958577247.0
3071,47056660,Ana,Coronel Mego,San Juan,Frecuente,2026-04-13,ana3071@correo.pe,958690082.0
3072,40359153,Ana,Mendoza Lozano,Cajamarca,Frecuente,2026-08-25,ana3072@correo.pe,952577830.0
3073,34645367,Luis,Pérez Pérez,Magdalena,Nuevo,2026-02-16,luis3073@correo.pe,987090650.0
3074,39215827,Elena,Alva Vásquez,Cajabamba,Frecuente,2025-10-29,elena3074@correo.pe,932210812.0
3075,18164676,Miguel,Díaz Pérez,Jesús,Frecuente,2025-09-22,miguel3075@correo.pe,961066840.0
3076,27956208,Fernando,Guevara Alva,Cajamarca,Nuevo,2026-07-30,fernando3076@correo.pe,930525742.0
3077,33780749,Luis,Alva Ramos,Cajamarca,Frecuente,2026-05-13,luis3077@correo.pe,917633608.0
3078,74677720,Milagros,Guevara Mendoza,Celendín,Frecuente,2025-06-06,,953686456.0
3079,36433131,Noemí,Guevara Cabrera,Jesús,Nuevo,2025-12-29,noemi3079@correo.pe,997056466.0
3080,32159341,José,Tello Alva,Cajabamba,Frecuente,2026-07-12,jose3080@correo.pe,981888743.0
3081,71607759,Gabriela,Terrones Huamán,Llacanora,Frecuente,2026-09-03,gabriela3081@correo.pe,965668235.0
3082,67533700,Elena,Flores Coronel,Cajamarca,Frecuente,2026-06-18,elena3082@correo.pe,988144598.0
3083,44022011,Pedro,Guevara Quispe,Cajamarca,Nuevo,2026-03-14,pedro3083@correo.pe,912487390.0
3084,47511644,Yesenia,Rojas Sangay,San Juan,Corporativo,2026-07-11,yesenia3084@correo.pe,932229737.0
3085,75266311,Elena,Torres Díaz,Cajamarca,Nuevo,2026-07-18,elena3085@correo.pe,940099703.0
3086,63610457,Diego,Quispe Coronel,Cajamarca,Nuevo,2026-05-07,diego3086@correo.pe,919846712.0
3087,44672302,Noemí,Quispe Huamán,Cajabamba,Frecuente,2026-09-09,noemi3087@correo.pe,930342343.0
3088,79249844,Segundo,Díaz Coronel,Cajamarca,Nuevo,2025-10-04,segundo3088@correo.pe,984867838.0
3089,65952084,Andrés,Zelada Ramos,Jesús,Nuevo,2025-08-16,andres3089@correo.pe,968949418.0
3090,56521321,Sofía,Mego Coronel,Cajamarca,Frecuente,2025-08-31,sofia3090@correo.pe,940072887.0
3091,72754507,Segundo,Pérez Chávez,Cajamarca,Nuevo,2026-01-01,segundo3091@correo.pe,998843935.0
3092,29775212,Miguel,Zelada Quispe,Cajamarca,Nuevo,2026-06-27,miguel3092@correo.pe,976622116.0
3093,63499987,Milagros,Guevara Llamo,Cajamarca,Nuevo,2025-06-11,milagros3093@correo.pe,983108996.0
3094,28039335,Ana,Llamo Aguilar,Baños del Inca,Nuevo,2026-01-03,ana3094@correo.pe,969247684.0
3095,27283349,Elena,Terrones Aguilar,Cajamarca,Nuevo,2026-03-15,elena3095@correo.pe,970639357.0
3096,19932907,Patricia,Rojas Chávez,Cajamarca,Nuevo,2026-07-27,patricia3096@correo.pe,925833499.0
3097,41960713,Miguel,Bardales Aguilar,Baños del Inca,Nuevo,2026-03-06,miguel3097@correo.pe,963391774.0
3098,60557369,Pedro,Aguilar Huamán,San Juan,Frecuente,2026-06-18,pedro3098@correo.pe,935000109.0
3099,21867547,Gabriela,Chávez Huamán,Cajamarca,Frecuente,2026-01-30,gabriela3099@correo.pe,996522817.0
3100,27439379,Valeria,Alva Torres,Cajamarca,Nuevo,2025-08-09,valeria3100@correo.pe,973290388.0
3101,17912188,Diego,Ramos Bardales,Cajamarca,Frecuente,2026-01-31,diego3101@correo.pe,921464080.0
3102,54232530,Edwin,Sangay Sangay,Cajamarca,Nuevo,2026-01-09,,989485342.0
3103,60072235,Yesenia,Chávez Flores,Cajamarca,Corporativo,2026-08-23,yesenia3103@correo.pe,989246093.0
3104,21959641,Jorge,Pérez Castrejón,Cajamarca,Nuevo,2025-08-10,jorge3104@correo.pe,967805744.0
3105,51303151,Segundo,Guevara Cueva,Cajamarca,Nuevo,2026-08-09,segundo3105@correo.pe,935995670.0
3106,12537512,Pedro,Díaz Zelada,Cajamarca,Nuevo,2025-06-21,pedro3106@correo.pe,997598274.0
3107,23252169,Camila,Huamán Aguilar,Namora,Nuevo,2026-04-07,camila3107@correo.pe,947708200.0
3108,36596991,Héctor,Llamo Torres,Baños del Inca,Frecuente,2025-11-19,hector3108@correo.pe,989154397.0
3109,70079360,Luz,Bardales Aguilar,San Juan,Nuevo,2026-01-28,luz3109@correo.pe,967884934.0
3110,36653368,Diego,Bardales Torres,Magdalena,Nuevo,2026-01-06,diego3110@correo.pe,958030423.0
3111,55696060,Segundo,Aguilar Cabrera,Cajamarca,Nuevo,2026-03-19,segundo3111@correo.pe,948982120.0
3112,67006586,Diego,Terrones Pérez,Cajamarca,Nuevo,2025-09-20,diego3112@correo.pe,988057683.0
3113,23369198,Edwin,Alva Chávez,Cajamarca,Nuevo,2026-08-28,edwin3113@correo.pe,972917651.0
3114,41689022,Noemí,Torres Llamo,Baños del Inca,Nuevo,2026-01-08,noemi3114@correo.pe,992820662.0
3115,71330606,Carmen,Ramos Quispe,Los Baños,Nuevo,2026-05-13,carmen3115@correo.pe,972869910.0
3116,38039332,Carlos,Torres Castrejón,Cajamarca,Nuevo,2025-11-08,carlos3116@correo.pe,952678566.0
3117,47774487,Carlos,Terrones Alva,Cajamarca,Nuevo,2026-06-29,carlos3117@correo.pe,976589715.0
3118,16142260,Ricardo,Bardales Torres,Baños del Inca,Corporativo,2026-07-16,ricardo3118@correo.pe,956536317.0
3119,70402712,Camila,Ramos Castrejón,Cajamarca,Nuevo,2025-07-08,camila3119@correo.pe,951807371.0
3120,52644885,Diego,Bardales Sánchez,Cajabamba,Frecuente,2025-08-30,diego3120@correo.pe,929113479.0
3121,58026940,Rosa,Sangay Cueva,Baños del Inca,Frecuente,2026-02-03,rosa3121@correo.pe,957730493.0
3122,79476879,Edwin,Pérez Mego,Cajamarca,Frecuente,2026-03-31,edwin3122@correo.pe,910400053.0
3123,73448611,Carlos,Ramos Tello,Cajamarca,Frecuente,2025-08-22,carlos3123@correo.pe,923987950.0
3124,65303117,Rosa,Chávez Terrones,Cajamarca,Frecuente,2026-03-27,rosa3124@correo.pe,942928619.0
3125,31574164,Wilmer,Díaz Ramos,Cajamarca,Nuevo,2025-09-10,wilmer3125@correo.pe,995316362.0
3126,11398573,Carmen,Terrones Llamo,Baños del Inca,Nuevo,2025-06-14,carmen3126@correo.pe,971053354.0
3127,32640535,Wilmer,Mendoza Flores,Cajamarca,Nuevo,2026-08-14,wilmer3127@correo.pe,965846253.0
3128,58006997,Noemí,Guevara Mendoza,Cajamarca,Frecuente,2026-08-03,noemi3128@correo.pe,991191228.0
3129,30310771,Patricia,Ramos Lozano,Cajamarca,Nuevo,2025-08-05,patricia3129@correo.pe,976751231.0
3130,15225788,Rosa,Vásquez Bardales,Cajamarca,Frecuente,2026-01-01,rosa3130@correo.pe,991011934.0
3131,34023998,Fernando,Aguilar Díaz,Cajamarca,Nuevo,2025-08-15,fernando3131@correo.pe,946591534.0
3132,36382504,Edwin,Cueva Mego,San Juan,Nuevo,2025-08-17,edwin3132@correo.pe,937046559.0
3133,59820620,José,Cueva Vásquez,San Juan,Nuevo,2026-01-29,jose3133@correo.pe,964133890.0
3134,26599543,Valeria,Cueva Sangay,Magdalena,Frecuente,2025-12-22,valeria3134@correo.pe,942264835.0
3135,29327336,Camila,Rojas Cabrera,Baños del Inca,Nuevo,2026-04-19,camila3135@correo.pe,978881362.0
3136,51382453,Milagros,Flores Mego,Cajamarca,Frecuente,2025-07-16,milagros3136@correo.pe,978486727.0
3137,58342382,Juan,Sánchez Guevara,Cajamarca,Nuevo,2026-02-21,juan3137@correo.pe,996407332.0
3138,34483727,Elena,Cueva Aguilar,Cajamarca,Nuevo,2025-06-13,elena3138@correo.pe,913642421.0
3139,64317963,Jorge,Sangay Cueva,Cajamarca,Nuevo,2025-10-04,jorge3139@correo.pe,928691634.0
3140,46298585,Noemí,Díaz Terrones,San Juan,Nuevo,2026-05-27,noemi3140@correo.pe,933521796.0
3141,60077977,Marleni,Pérez Tello,Cajamarca,Nuevo,2025-10-14,marleni3141@correo.pe,958468443.0
3142,35009105,Carmen,Mego Tello,Cajamarca,Nuevo,2025-09-26,carmen3142@correo.pe,959468055.0
3143,36101134,Yesenia,Bardales Aguilar,Cajamarca,Frecuente,2026-06-29,yesenia3143@correo.pe,927791849.0
3144,16525725,Pedro,Mendoza Alva,Baños del Inca,Frecuente,2026-03-05,pedro3144@correo.pe,951010005.0
3145,46150285,Diego,Castrejón Zelada,Cajabamba,Frecuente,2026-06-27,diego3145@correo.pe,949476616.0
3146,13067434,Miguel,Zelada Tello,Cajamarca,Frecuente,2026-03-21,miguel3146@correo.pe,911252829.0
3147,56273618,Marleni,Mendoza Guevara,Cajamarca,Frecuente,2026-02-27,marleni3147@correo.pe,973891439.0
3148,26017670,Jorge,Díaz Aguilar,Cajamarca,Frecuente,2026-05-26,jorge3148@correo.pe,989330602.0
3149,26409856,Elena,Rojas Sánchez,Llacanora,Nuevo,2026-01-28,elena3149@correo.pe,929032791.0
3150,60582244,Carmen,Bardales Cueva,Cajamarca,Frecuente,2026-09-06,carmen3150@correo.pe,915581594.0
3151,15722003,Wilmer,Tello Alva,Cajamarca,Frecuente,2025-09-25,wilmer3151@correo.pe,983632844.0
3152,31798146,Gabriela,Alva Llamo,Cajamarca,Nuevo,2026-08-07,gabriela3152@correo.pe,985607130.0
3153,55492450,Patricia,Alva Llamo,Cajamarca,Nuevo,2026-05-27,patricia3153@correo.pe,971890608.0
3154,26745959,Pedro,Sangay Terrones,Llacanora,Nuevo,2025-09-03,pedro3154@correo.pe,941191648.0
3155,66121894,Carmen,Mendoza Pérez,Namora,Frecuente,2025-08-25,carmen3155@correo.pe,912687244.0
3156,22495978,Camila,Tello Alva,Celendín,Frecuente,2026-02-21,camila3156@correo.pe,910788933.0
3157,34941899,Fernando,Bardales Llamo,Cajamarca,Nuevo,2025-10-03,,946865937.0
3158,59259723,Marleni,Chávez Ramos,Cajamarca,Frecuente,2026-07-19,marleni3158@correo.pe,972173118.0
3159,64455749,Luz,Cabrera Rojas,Cajamarca,Frecuente,2026-06-15,luz3159@correo.pe,946211563.0
3160,62674787,María,Castrejón Ramos,Cajamarca,Nuevo,2026-04-23,maria3160@correo.pe,917985085.0
3161,68365152,Marleni,Tello Bardales,Cajamarca,Nuevo,2025-09-19,marleni3161@correo.pe,994183949.0
3162,52653638,Diego,Mego Tello,Celendín,Corporativo,2026-07-28,diego3162@correo.pe,979553292.0
3163,55318086,Luis,Becerra Sánchez,Baños del Inca,Nuevo,2025-07-05,luis3163@correo.pe,947476404.0
3164,17100899,Wilmer,Flores Flores,Cajamarca,Frecuente,2025-07-29,wilmer3164@correo.pe,971361369.0
3165,69698455,Gabriela,Aguilar Mego,San Juan,Corporativo,2026-08-11,gabriela3165@correo.pe,989764924.0
3166,23835125,Pedro,Terrones Cueva,Cajamarca,Nuevo,2026-02-13,pedro3166@correo.pe,937172314.0
3167,24123154,Luz,Chávez Aguilar,Cajabamba,Frecuente,2025-10-14,luz3167@correo.pe,938633356.0
3168,60912545,Milagros,Terrones Quispe,Cajamarca,Nuevo,2025-09-16,milagros3168@correo.pe,945106015.0
3169,29339590,Patricia,Alva Huamán,Cajamarca,Nuevo,2025-09-29,patricia3169@correo.pe,968802546.0
3170,18682718,Ricardo,Zelada Chávez,Cajamarca,Corporativo,2026-05-03,ricardo3170@correo.pe,912548737.0
3171,55932702,Elena,Flores Díaz,Cajamarca,Nuevo,2026-01-12,elena3171@correo.pe,941170336.0
3172,65139068,José,Guevara Becerra,Cajamarca,Nuevo,2026-04-13,jose3172@correo.pe,969471939.0
3173,47311457,Yesenia,Coronel Zelada,Cajamarca,Corporativo,2026-07-30,yesenia3173@correo.pe,982324852.0
3174,32998018,Gabriela,Guevara Alva,Cajabamba,Frecuente,2026-04-14,gabriela3174@correo.pe,939026765.0
3175,69185162,Sofía,Mego Terrones,Baños del Inca,Nuevo,2026-01-01,sofia3175@correo.pe,910089936.0
3176,51860689,Valeria,Mendoza Ramos,Cajamarca,Nuevo,2026-02-03,valeria3176@correo.pe,914812419.0
3177,29539054,Camila,Becerra Llamo,Cajamarca,Nuevo,2025-12-27,camila3177@correo.pe,977051833.0
3178,59341298,Héctor,Becerra Bardales,San Juan,Nuevo,2026-06-01,hector3178@correo.pe,988238157.0
3179,52485203,Jorge,Chávez Chávez,Cajamarca,Nuevo,2025-07-14,jorge3179@correo.pe,994755341.0
3180,40475269,Ana,Bardales Cabrera,Cajamarca,Nuevo,2025-07-07,ana3180@correo.pe,910418607.0
3181,49890308,Ana,Quispe Díaz,Cajamarca,Frecuente,2025-12-30,ana3181@correo.pe,979030830.0
3182,71371792,Camila,Vásquez Chávez,Cajamarca,Nuevo,2025-08-02,camila3182@correo.pe,987450390.0
3183,76578181,Gabriela,Quispe Vásquez,Cajamarca,Nuevo,2025-08-02,gabriela3183@correo.pe,979307497.0
3184,46266123,Pedro,Bardales Mendoza,Baños del Inca,Nuevo,2026-08-17,pedro3184@correo.pe,910835525.0
3185,66322504,Juan,Díaz Castrejón,Cajamarca,Nuevo,2025-10-10,juan3185@correo.pe,918913693.0
3186,25869076,Fernando,Becerra Guevara,Cajamarca,Nuevo,2026-06-06,fernando3186@correo.pe,911560463.0
3187,29726269,Juan,Chávez Mego,Celendín,Nuevo,2025-11-12,juan3187@correo.pe,953731910.0
3188,25091049,José,Sánchez Cabrera,Cajamarca,Frecuente,2026-07-04,jose3188@correo.pe,958254531.0
3189,76747560,Patricia,Alva Tello,Cajamarca,Nuevo,2025-07-27,patricia3189@correo.pe,932626136.0
3190,55273425,Gabriela,Alva Sangay,Cajamarca,Nuevo,2026-03-06,,969424350.0
3191,23289559,Juan,Mego Sangay,Baños del Inca,Corporativo,2025-07-30,juan3191@correo.pe,961827720.0
3192,42489011,Miguel,Rojas Coronel,Baños del Inca,Nuevo,2026-09-12,miguel3192@correo.pe,918033591.0
3193,46252370,Milagros,Sánchez Becerra,Celendín,Nuevo,2025-07-31,milagros3193@correo.pe,996167646.0
3194,74217557,Fernando,Sangay Pérez,Cajamarca,Nuevo,2026-09-07,fernando3194@correo.pe,956420794.0
3195,56166341,Rosa,Huamán Rojas,Baños del Inca,Frecuente,2026-01-10,rosa3195@correo.pe,945344692.0
3196,17693855,Miguel,Tello Lozano,Baños del Inca,Nuevo,2025-07-26,miguel3196@correo.pe,962563358.0
3197,64176623,Camila,Llamo Tello,Cajamarca,Frecuente,2026-05-28,camila3197@correo.pe,982613704.0
3198,54267911,Elena,Mendoza Torres,Cajamarca,Frecuente,2025-09-28,elena3198@correo.pe,977088915.0
3199,63803290,Diego,Bardales Sánchez,Cajamarca,Frecuente,2026-02-27,diego3199@correo.pe,978623352.0
3200,30575386,Pedro,Quispe Alva,Cajamarca,Frecuente,2026-08-11,pedro3200@correo.pe,964351544.0
3201,21558028,Sofía,Díaz Castrejón,Baños del Inca,Nuevo,2026-06-25,sofia3201@correo.pe,970296198.0
3202,56062103,Camila,Cabrera Alva,Magdalena,Nuevo,2026-08-11,camila3202@correo.pe,985004847.0
3203,54255996,Diego,Terrones Mendoza,Cajamarca,Frecuente,2026-03-18,diego3203@correo.pe,978239918.0
3204,55805318,Segundo,Mego Alva,Cajamarca,Frecuente,2025-06-15,segundo3204@correo.pe,990062638.0
3205,74533263,Valeria,Lozano Aguilar,Cajamarca,Nuevo,2026-07-22,valeria3205@correo.pe,941578658.0
3206,21310270,Segundo,Castrejón Flores,Baños del Inca,Nuevo,2025-11-13,,972979771.0
3207,17793957,Yesenia,Díaz Ramos,Cajamarca,Nuevo,2026-02-13,yesenia3207@correo.pe,959053050.0
3208,50678669,Diego,Torres Guevara,Cajamarca,Frecuente,2025-11-26,diego3208@correo.pe,959303498.0
3209,48743240,Ricardo,Ramos Cueva,Baños del Inca,Frecuente,2026-03-08,ricardo3209@correo.pe,982027891.0
3210,76671645,Luz,Ramos Sánchez,Los Baños,Nuevo,2025-11-23,luz3210@correo.pe,988566310.0
3211,33434774,Luz,Cueva Mendoza,Baños del Inca,Nuevo,2025-09-17,luz3211@correo.pe,987777244.0
3212,18930411,Patricia,Alva Tello,Cajamarca,Frecuente,2025-10-28,patricia3212@correo.pe,962148692.0
3213,16974722,José,Becerra Flores,Cajamarca,Nuevo,2025-11-11,jose3213@correo.pe,937871441.0
3214,23125880,Milagros,Quispe Tello,Los Baños,Frecuente,2026-04-05,milagros3214@correo.pe,935429381.0
3215,23222228,José,Mego Becerra,Cajamarca,Frecuente,2026-08-13,jose3215@correo.pe,935896601.0
3216,44444368,Fernando,Díaz Becerra,Los Baños,Nuevo,2025-09-28,fernando3216@correo.pe,965169494.0
3217,20480206,José,Cueva Coronel,Baños del Inca,Frecuente,2026-05-12,jose3217@correo.pe,952701730.0
3218,17511493,Yesenia,Sánchez Ramos,Baños del Inca,Nuevo,2025-10-04,yesenia3218@correo.pe,965193501.0
3219,34608389,Patricia,Cabrera Díaz,Baños del Inca,Corporativo,2026-09-03,patricia3219@correo.pe,928599526.0
3220,16286302,Héctor,Lozano Zelada,Jesús,Frecuente,2025-07-29,hector3220@correo.pe,960256003.0
3221,74244675,Yesenia,Castrejón Cueva,Cajamarca,Frecuente,2026-03-11,yesenia3221@correo.pe,919402327.0
3222,42897798,Edwin,Pérez Huamán,Cajamarca,Frecuente,2025-08-03,edwin3222@correo.pe,953971342.0
3223,11853870,Patricia,Tello Llamo,Cajamarca,Nuevo,2026-09-01,patricia3223@correo.pe,930286922.0
3224,72516594,José,Coronel Mego,Cajamarca,Nuevo,2026-07-23,jose3224@correo.pe,982047587.0
3225,63455455,Marleni,Vásquez Mego,Cajamarca,Nuevo,2026-05-16,marleni3225@correo.pe,920318277.0
3226,75430164,Wilmer,Castrejón Mendoza,Namora,Nuevo,2025-08-21,wilmer3226@correo.pe,995959811.0
3227,42301410,Segundo,Becerra Rojas,Cajamarca,Nuevo,2025-10-09,segundo3227@correo.pe,913738384.0
3228,57955831,Juan,Zelada Alva,Cajamarca,Frecuente,2025-10-01,juan3228@correo.pe,926714611.0
3229,51365371,Ana,Flores Rojas,Cajamarca,Nuevo,2025-08-15,ana3229@correo.pe,940919697.0
3230,58727261,Andrés,Vásquez Ramos,Cajamarca,Nuevo,2026-03-04,andres3230@correo.pe,930223439.0
3231,39148130,Valeria,Terrones Rojas,Cajamarca,Nuevo,2025-07-08,valeria3231@correo.pe,935005561.0
3232,36983041,Luz,Coronel Cueva,Cajabamba,Nuevo,2026-05-10,luz3232@correo.pe,927588487.0
3233,11537026,Segundo,Llamo Huamán,Cajamarca,Frecuente,2026-01-18,segundo3233@correo.pe,929190472.0
3234,38989344,José,Zelada Ramos,Baños del Inca,Frecuente,2026-01-29,jose3234@correo.pe,963025712.0
3235,76510052,Sofía,Rojas Llamo,Cajamarca,Frecuente,2026-02-06,sofia3235@correo.pe,986487832.0
3236,51646685,Miguel,Aguilar Chávez,Cajamarca,Frecuente,2026-03-16,miguel3236@correo.pe,934526375.0
3237,15212695,Noemí,Torres Guevara,Cajamarca,Frecuente,2026-02-14,noemi3237@correo.pe,983863956.0
3238,58683801,Juan,Ramos Quispe,Cajamarca,Frecuente,2026-07-09,juan3238@correo.pe,961423786.0
3239,78297242,Segundo,Guevara Becerra,Cajamarca,Nuevo,2026-06-20,segundo3239@correo.pe,954904795.0
3240,66297348,Valeria,Pérez Flores,Los Baños,Frecuente,2026-06-06,valeria3240@correo.pe,989299235.0
3241,70613725,Wilmer,Terrones Díaz,Cajamarca,Frecuente,2025-08-20,wilmer3241@correo.pe,931959849.0
3242,66086190,Milagros,Chávez Zelada,Cajamarca,Frecuente,2025-08-02,milagros3242@correo.pe,935939776.0
3243,25244402,Pedro,Alva Mendoza,Cajamarca,Nuevo,2025-09-29,pedro3243@correo.pe,922898559.0
3244,73115071,Noemí,Becerra Huamán,San Juan,Corporativo,2026-02-17,noemi3244@correo.pe,933723068.0
3245,10396853,Ana,Ramos Llamo,Cajabamba,Nuevo,2026-02-04,ana3245@correo.pe,981209583.0
3246,44858575,Sofía,Flores Huamán,Cajamarca,Corporativo,2026-06-16,sofia3246@correo.pe,986366780.0
3247,59274103,Milagros,Becerra Tello,Cajamarca,Nuevo,2026-01-09,milagros3247@correo.pe,961235928.0
3248,43992089,Gabriela,Coronel Torres,Cajamarca,Frecuente,2026-05-05,gabriela3248@correo.pe,949869278.0
3249,76225764,Marleni,Bardales Alva,Baños del Inca,Corporativo,2026-03-16,marleni3249@correo.pe,935786444.0
3250,58829030,Luz,Ramos Quispe,San Juan,Corporativo,2025-12-21,luz3250@correo.pe,986334117.0
3251,57784386,Rosa,Cueva Díaz,Cajamarca,Nuevo,2026-04-10,rosa3251@correo.pe,914437254.0
3252,56949705,Segundo,Flores Torres,Cajamarca,Nuevo,2026-07-07,segundo3252@correo.pe,913288438.0
3253,28657569,Patricia,Ramos Terrones,Cajamarca,Frecuente,2025-11-08,patricia3253@correo.pe,924876190.0
3254,11902494,Yesenia,Pérez Torres,Baños del Inca,Nuevo,2026-04-06,yesenia3254@correo.pe,920435924.0
3255,13959956,Fernando,Flores Alva,Baños del Inca,Frecuente,2025-12-01,,927202270.0
3256,66209999,Segundo,Chávez Rojas,Cajamarca,Frecuente,2026-07-16,segundo3256@correo.pe,992166161.0
3257,21693767,María,Castrejón Díaz,Cajamarca,Frecuente,2026-05-29,maria3257@correo.pe,963675526.0
3258,37629105,Ricardo,Huamán Ramos,Baños del Inca,Nuevo,2026-04-18,ricardo3258@correo.pe,989016317.0
3259,77393138,Gabriela,Ramos Sangay,Cajabamba,Nuevo,2025-06-21,gabriela3259@correo.pe,993899081.0
3260,34586221,Camila,Flores Sánchez,Magdalena,Nuevo,2025-06-13,camila3260@correo.pe,935360310.0
3261,31115539,Rosa,Llamo Lozano,Cajamarca,Nuevo,2026-03-10,rosa3261@correo.pe,923200320.0
3262,28228486,Carlos,Castrejón Tello,Baños del Inca,Nuevo,2025-08-28,,942521456.0
3263,21478173,María,Alva Guevara,Jesús,Corporativo,2025-07-28,maria3263@correo.pe,986398246.0
3264,35417022,Sofía,Tello Llamo,Baños del Inca,Nuevo,2025-08-06,sofia3264@correo.pe,993253537.0
3265,60109029,Jorge,Castrejón Castrejón,Celendín,Nuevo,2025-11-18,jorge3265@correo.pe,969072551.0
3266,62593755,Milagros,Mego Flores,Cajabamba,Corporativo,2026-09-02,milagros3266@correo.pe,920102630.0
3267,37943977,Segundo,Becerra Rojas,Baños del Inca,Frecuente,2025-10-28,segundo3267@correo.pe,980848074.0
3268,41193043,Yesenia,Bardales Aguilar,Cajamarca,Nuevo,2026-03-31,yesenia3268@correo.pe,911175129.0
3269,31407407,Rosa,Becerra Bardales,Cajamarca,Nuevo,2026-02-01,rosa3269@correo.pe,928591091.0
3270,71725094,María,Quispe Zelada,Cajabamba,Frecuente,2026-06-22,,953557701.0
3271,56242817,Yesenia,Castrejón Cabrera,Cajamarca,Nuevo,2025-07-20,yesenia3271@correo.pe,925392524.0
3272,55611710,Marleni,Becerra Torres,Jesús,Frecuente,2026-01-07,marleni3272@correo.pe,973264714.0
3273,52687960,Rosa,Chávez Guevara,Cajamarca,Nuevo,2026-04-21,rosa3273@correo.pe,953446952.0
3274,39924776,Valeria,Pérez Quispe,Celendín,Nuevo,2025-11-11,valeria3274@correo.pe,934362226.0
3275,65919130,Fernando,Mego Mendoza,Cajamarca,Frecuente,2026-03-22,fernando3275@correo.pe,937224912.0
3276,51999968,Camila,Díaz Sánchez,Cajamarca,Nuevo,2026-09-12,camila3276@correo.pe,962276402.0
3277,63491467,Marleni,Terrones Coronel,Cajabamba,Nuevo,2026-01-26,marleni3277@correo.pe,929848587.0
3278,47600167,José,Quispe Ramos,Cajamarca,Nuevo,2026-01-10,jose3278@correo.pe,968923946.0
3279,36936202,Jorge,Chávez Zelada,Cajamarca,Frecuente,2026-02-01,jorge3279@correo.pe,953305896.0
3280,28318377,Jorge,Llamo Becerra,Cajamarca,Nuevo,2026-02-23,jorge3280@correo.pe,989653414.0
3281,67757273,Miguel,Coronel Bardales,Cajamarca,Corporativo,2026-07-21,miguel3281@correo.pe,946388875.0
3282,67732366,Noemí,Ramos Cueva,Cajamarca,Nuevo,2026-01-11,noemi3282@correo.pe,978672494.0
3283,36705332,Sofía,Pérez Zelada,Baños del Inca,Corporativo,2025-10-24,sofia3283@correo.pe,928067838.0
3284,75927072,Luis,Sánchez Cueva,San Juan,Frecuente,2025-12-03,luis3284@correo.pe,989095380.0
3285,50523587,Miguel,Coronel Lozano,Cajamarca,Frecuente,2026-09-03,miguel3285@correo.pe,950761301.0
3286,33125030,Fernando,Zelada Aguilar,Cajamarca,Nuevo,2026-01-09,fernando3286@correo.pe,980347827.0
3287,64877788,Ana,Sangay Coronel,Baños del Inca,Nuevo,2026-03-10,ana3287@correo.pe,952073812.0
3288,49648804,Elena,Ramos Becerra,Cajamarca,Nuevo,2025-11-06,elena3288@correo.pe,978756479.0
3289,34404620,Diego,Becerra Chávez,Cajamarca,Frecuente,2026-02-28,diego3289@correo.pe,964738356.0
3290,17031317,Sofía,Mendoza Rojas,Cajamarca,Frecuente,2025-07-07,sofia3290@correo.pe,932348049.0
3291,61309961,Milagros,Díaz Vásquez,Baños del Inca,Nuevo,2025-11-26,milagros3291@correo.pe,930157543.0
3292,64359062,Patricia,Zelada Rojas,Llacanora,Corporativo,2026-04-02,patricia3292@correo.pe,963353394.0
3293,10447333,Wilmer,Sánchez Aguilar,Baños del Inca,Frecuente,2026-07-24,wilmer3293@correo.pe,996106496.0
3294,74849802,Valeria,Díaz Huamán,Celendín,Frecuente,2026-01-26,valeria3294@correo.pe,942937950.0
3295,15497504,María,Vásquez Zelada,Cajamarca,Frecuente,2025-10-10,maria3295@correo.pe,976282042.0
3296,78192922,Luis,Bardales Alva,Cajamarca,Nuevo,2025-09-24,luis3296@correo.pe,959131219.0
3297,45280547,Juan,Cabrera Coronel,Cajamarca,Nuevo,2026-04-29,juan3297@correo.pe,914205966.0
3298,34136331,Milagros,Huamán Aguilar,Los Baños,Nuevo,2026-03-21,milagros3298@correo.pe,912606673.0
3299,38140533,Diego,Alva Terrones,Cajamarca,Nuevo,2026-05-21,diego3299@correo.pe,921026403.0
3300,79420469,Milagros,Zelada Alva,Baños del Inca,Nuevo,2026-03-14,milagros3300@correo.pe,922257692.0
3301,15972193,Miguel,Mendoza Flores,Llacanora,Frecuente,2025-08-15,miguel3301@correo.pe,948377474.0
3302,63766877,Diego,Sánchez Guevara,Cajamarca,Nuevo,2026-02-04,diego3302@correo.pe,992706651.0
3303,45976543,Ana,Rojas Llamo,Cajabamba,Nuevo,2026-02-12,ana3303@correo.pe,975897384.0
3304,76793850,Yesenia,Cueva Zelada,Jesús,Nuevo,2026-02-22,yesenia3304@correo.pe,918738703.0
3305,36030103,Fernando,Zelada Quispe,Cajabamba,Frecuente,2026-06-08,fernando3305@correo.pe,932020066.0
3306,73387781,Luz,Quispe Díaz,Baños del Inca,Nuevo,2025-06-21,luz3306@correo.pe,952486721.0
3307,61806031,María,Mendoza Coronel,Baños del Inca,Nuevo,2026-01-09,maria3307@correo.pe,959165774.0
3308,12642728,Miguel,Bardales Becerra,Celendín,Nuevo,2025-07-02,,949525634.0
3309,59384570,Diego,Cabrera Zelada,Cajamarca,Frecuente,2025-08-07,diego3309@correo.pe,962962314.0
3310,28952138,Edwin,Flores Quispe,Cajamarca,Frecuente,2026-04-09,edwin3310@correo.pe,958667527.0
3311,35768121,Noemí,Becerra Sangay,Baños del Inca,Nuevo,2025-08-07,,985673019.0
3312,76273880,Elena,Lozano Aguilar,Cajamarca,Nuevo,2026-07-02,elena3312@correo.pe,960704998.0
3313,29152736,Juan,Terrones Ramos,Cajamarca,Nuevo,2025-11-07,juan3313@correo.pe,960577008.0
3314,42051508,Andrés,Coronel Quispe,Cajamarca,Nuevo,2026-01-05,andres3314@correo.pe,937311141.0
3315,49464245,Juan,Quispe Vásquez,Cajamarca,Frecuente,2026-06-21,juan3315@correo.pe,968848244.0
3316,40742480,Marleni,Becerra Vásquez,Cajabamba,Nuevo,2026-04-29,marleni3316@correo.pe,945353192.0
3317,79994918,Carmen,Zelada Bardales,Llacanora,Nuevo,2025-08-16,carmen3317@correo.pe,999833677.0
3318,45532333,Carlos,Zelada Mendoza,Cajamarca,Nuevo,2025-11-13,carlos3318@correo.pe,998545758.0
3319,54280828,Rosa,Mego Torres,Cajamarca,Nuevo,2025-08-01,rosa3319@correo.pe,919666806.0
3320,20350823,Edwin,Ramos Bardales,Cajamarca,Corporativo,2026-02-20,edwin3320@correo.pe,972156099.0
3321,33704255,Sofía,Llamo Castrejón,Cajamarca,Frecuente,2026-02-25,sofia3321@correo.pe,942203745.0
3322,27273274,Rosa,Vásquez Ramos,San Juan,Nuevo,2026-02-12,rosa3322@correo.pe,974201271.0
3323,73695411,Sofía,Zelada Terrones,San Juan,Nuevo,2026-08-30,sofia3323@correo.pe,996160137.0
3324,68768996,Patricia,Rojas Lozano,Cajamarca,Nuevo,2025-12-23,patricia3324@correo.pe,953891053.0
3325,77724894,Ricardo,Mendoza Zelada,Cajamarca,Nuevo,2026-06-29,ricardo3325@correo.pe,983763068.0
3326,44228574,Luz,Díaz Llamo,Cajamarca,Frecuente,2026-03-01,luz3326@correo.pe,935720237.0
3327,46205495,Pedro,Pérez Quispe,Cajamarca,Frecuente,2026-06-09,pedro3327@correo.pe,937115233.0
3328,30070064,Milagros,Huamán Vásquez,Cajamarca,Nuevo,2025-07-20,milagros3328@correo.pe,984634915.0
3329,42655885,Noemí,Ramos Mendoza,Cajamarca,Nuevo,2026-03-07,noemi3329@correo.pe,962413316.0
3330,50274181,José,Becerra Cueva,Cajamarca,Nuevo,2026-02-02,jose3330@correo.pe,918313353.0
3331,19702208,Rosa,Mendoza Sánchez,Cajamarca,Nuevo,2026-03-29,rosa3331@correo.pe,933221921.0
3332,17390191,Milagros,Zelada Ramos,Cajamarca,Nuevo,2025-09-02,milagros3332@correo.pe,999889859.0
3333,52377981,Wilmer,Zelada Alva,Magdalena,Frecuente,2026-04-09,wilmer3333@correo.pe,939479589.0
3334,77031476,Valeria,Lozano Llamo,Cajamarca,Nuevo,2026-03-11,valeria3334@correo.pe,923960832.0
3335,78927204,Yesenia,Mego Zelada,Jesús,Nuevo,2025-07-26,yesenia3335@correo.pe,993278278.0
3336,75252018,Elena,Sánchez Sánchez,Cajamarca,Frecuente,2026-08-01,,999126529.0
3337,42094851,José,Ramos Cueva,Llacanora,Nuevo,2026-08-23,jose3337@correo.pe,948165108.0
3338,55011115,Noemí,Torres Tello,Cajamarca,Frecuente,2026-03-28,noemi3338@correo.pe,992651412.0
3339,35062842,Pedro,Chávez Castrejón,Cajamarca,Nuevo,2026-02-02,pedro3339@correo.pe,970439216.0
3340,57713609,Yesenia,Alva Bardales,Namora,Frecuente,2026-01-03,yesenia3340@correo.pe,963935079.0
3341,66612408,Segundo,Terrones Mendoza,Cajamarca,Nuevo,2025-10-15,segundo3341@correo.pe,979649291.0
3342,73287557,José,Sánchez Flores,Baños del Inca,Nuevo,2025-10-02,jose3342@correo.pe,973554134.0
3343,27173967,Carlos,Quispe Becerra,Jesús,Nuevo,2026-01-28,carlos3343@correo.pe,957084087.0
3344,32371150,Miguel,Lozano Ramos,Jesús,Nuevo,2026-01-08,miguel3344@correo.pe,923849065.0
3345,18014825,Andrés,Castrejón Ramos,Magdalena,Nuevo,2025-07-31,andres3345@correo.pe,961380210.0
3346,41999901,Camila,Díaz Sangay,Cajamarca,Frecuente,2026-01-02,camila3346@correo.pe,963968532.0
3347,23393063,Gabriela,Cueva Cueva,Celendín,Nuevo,2026-08-15,gabriela3347@correo.pe,919101945.0
3348,75324940,Jorge,Castrejón Castrejón,Cajamarca,Nuevo,2025-09-02,jorge3348@correo.pe,972256429.0
3349,34871571,Juan,Chávez Quispe,San Juan,Nuevo,2025-10-13,juan3349@correo.pe,942753392.0
3350,30936024,Diego,Zelada Mego,Cajamarca,Frecuente,2025-09-07,diego3350@correo.pe,982587830.0
3351,51081172,Valeria,Torres Mego,Cajamarca,Nuevo,2026-05-08,valeria3351@correo.pe,910076657.0
3352,72367461,Milagros,Cueva Cueva,Baños del Inca,Frecuente,2025-11-28,milagros3352@correo.pe,979395066.0
3353,64266905,Segundo,Quispe Vásquez,Cajamarca,Nuevo,2026-04-16,segundo3353@correo.pe,952214234.0
3354,59666457,Carmen,Coronel Flores,Cajamarca,Nuevo,2026-06-17,carmen3354@correo.pe,992257577.0
3355,32552197,Camila,Sánchez Quispe,Celendín,Nuevo,2025-09-16,camila3355@correo.pe,928028870.0
3356,34368681,Miguel,Flores Ramos,Cajamarca,Corporativo,2026-09-13,miguel3356@correo.pe,922703391.0
3357,25117751,Miguel,Díaz Sangay,Cajamarca,Corporativo,2026-05-16,miguel3357@correo.pe,942412512.0
3358,22102743,Sofía,Alva Ramos,Cajamarca,Frecuente,2025-12-13,sofia3358@correo.pe,912686333.0
3359,59725224,Luis,Coronel Flores,Los Baños,Nuevo,2025-07-27,luis3359@correo.pe,992527409.0
3360,40824089,Gabriela,Mendoza Aguilar,Cajamarca,Frecuente,2025-12-19,gabriela3360@correo.pe,961400273.0
3361,32675852,Diego,Flores Mendoza,Cajamarca,Nuevo,2025-06-24,diego3361@correo.pe,940720950.0
3362,41570082,Jorge,Guevara Coronel,Cajamarca,Nuevo,2026-07-19,jorge3362@correo.pe,967590936.0
3363,28787686,Marleni,Mendoza Zelada,Cajamarca,Nuevo,2025-07-26,marleni3363@correo.pe,944728720.0
3364,67740788,Valeria,Rojas Tello,Cajabamba,Corporativo,2025-08-22,valeria3364@correo.pe,921953986.0
3365,65301403,Marleni,Ramos Pérez,Celendín,Nuevo,2025-11-04,marleni3365@correo.pe,937570342.0
3366,50428578,Luis,Terrones Mendoza,Baños del Inca,Nuevo,2025-06-04,luis3366@correo.pe,941404416.0
3367,25778390,Luis,Sangay Coronel,Cajabamba,Nuevo,2025-09-19,luis3367@correo.pe,993511053.0
3368,42796338,Luis,Becerra Vásquez,Baños del Inca,Nuevo,2026-07-15,,924654842.0
3369,65938600,Carmen,Lozano Tello,Jesús,Frecuente,2026-01-30,carmen3369@correo.pe,918348774.0
3370,53525175,Patricia,Torres Mendoza,Cajamarca,Frecuente,2025-08-07,patricia3370@correo.pe,946756259.0
3371,52083861,Marleni,Mendoza Rojas,Cajamarca,Nuevo,2025-09-27,marleni3371@correo.pe,947521821.0
3372,41967798,Pedro,Sánchez Quispe,Los Baños,Nuevo,2026-03-19,pedro3372@correo.pe,978667172.0
3373,62521285,Marleni,Quispe Bardales,Baños del Inca,Nuevo,2025-06-10,marleni3373@correo.pe,989890048.0
3374,54947346,Gabriela,Mendoza Sangay,Cajamarca,Frecuente,2026-02-07,gabriela3374@correo.pe,958419652.0
3375,52808894,Patricia,Lozano Coronel,Cajamarca,Nuevo,2026-01-31,patricia3375@correo.pe,953479403.0
3376,79469219,Carlos,Cabrera Alva,San Juan,Nuevo,2026-01-11,carlos3376@correo.pe,970706566.0
3377,60620285,Juan,Cueva Zelada,Cajamarca,Frecuente,2025-12-23,juan3377@correo.pe,942131916.0
3378,42926727,Andrés,Cueva Mendoza,Cajamarca,Frecuente,2025-11-03,andres3378@correo.pe,918439575.0
3379,38196241,Fernando,Díaz Tello,Baños del Inca,Nuevo,2026-04-03,fernando3379@correo.pe,996724985.0
3380,78501461,Sofía,Llamo Vásquez,Cajamarca,Nuevo,2026-09-10,sofia3380@correo.pe,955939146.0
3381,60368351,Edwin,Huamán Guevara,Cajamarca,Nuevo,2025-09-10,edwin3381@correo.pe,914502804.0
3382,41444998,Rosa,Vásquez Quispe,Cajamarca,Nuevo,2026-08-29,rosa3382@correo.pe,968914329.0
3383,13470311,Noemí,Coronel Cueva,Cajabamba,Frecuente,2026-04-09,noemi3383@correo.pe,942647913.0
3384,61132280,Valeria,Ramos Llamo,Namora,Nuevo,2026-01-16,valeria3384@correo.pe,932570601.0
3385,51655528,Patricia,Castrejón Tello,Baños del Inca,Frecuente,2026-03-31,,956696466.0
3386,78543263,Sofía,Torres Bardales,Cajamarca,Frecuente,2026-08-21,sofia3386@correo.pe,958914415.0
3387,47615860,José,Huamán Quispe,Los Baños,Frecuente,2025-06-06,jose3387@correo.pe,969726676.0
3388,16167679,Marleni,Llamo Cabrera,San Juan,Nuevo,2026-07-18,marleni3388@correo.pe,916544864.0
3389,35571865,Fernando,Aguilar Terrones,Baños del Inca,Frecuente,2025-06-07,fernando3389@correo.pe,912347238.0
3390,44712061,Elena,Tello Becerra,Cajamarca,Corporativo,2025-08-24,elena3390@correo.pe,987273028.0
3391,27576492,Carmen,Cueva Vásquez,Baños del Inca,Nuevo,2025-10-01,carmen3391@correo.pe,969518487.0
3392,46774094,Carmen,Cabrera Huamán,Celendín,Nuevo,2026-01-22,carmen3392@correo.pe,980728543.0
3393,32350415,Jorge,Sangay Mendoza,Cajamarca,Frecuente,2026-03-21,jorge3393@correo.pe,946586591.0
3394,52341945,Ana,Zelada Mego,Cajamarca,Frecuente,2026-05-17,,966147084.0
3395,19056067,Jorge,Chávez Bardales,Cajabamba,Nuevo,2026-07-31,jorge3395@correo.pe,976855080.0
3396,38087766,Miguel,Bardales Huamán,Llacanora,Frecuente,2025-08-20,miguel3396@correo.pe,940426323.0
3397,69498541,Gabriela,Becerra Cueva,Cajabamba,Frecuente,2026-07-07,gabriela3397@correo.pe,958470957.0
3398,10034122,Miguel,Chávez Castrejón,Cajamarca,Corporativo,2026-06-01,miguel3398@correo.pe,998407816.0
3399,46275856,Milagros,Tello Díaz,Cajamarca,Frecuente,2026-03-07,milagros3399@correo.pe,922518941.0
3400,63317846,Edwin,Rojas Cueva,Celendín,Nuevo,2026-08-28,edwin3400@correo.pe,977738966.0
3401,56898116,Yesenia,Ramos Zelada,Llacanora,Nuevo,2026-08-25,yesenia3401@correo.pe,988330403.0
3402,79541871,Edwin,Rojas Cabrera,Cajamarca,Nuevo,2025-12-16,edwin3402@correo.pe,985045832.0
3403,66571448,Jorge,Tello Llamo,Baños del Inca,Corporativo,2025-11-06,jorge3403@correo.pe,932111591.0
3404,57450938,Segundo,Llamo Cueva,Baños del Inca,Nuevo,2025-10-29,segundo3404@correo.pe,948915793.0
3405,14423942,Elena,Aguilar Ramos,Cajamarca,Nuevo,2026-03-24,elena3405@correo.pe,913033423.0
3406,11560622,Wilmer,Alva Pérez,Cajamarca,Corporativo,2025-07-27,wilmer3406@correo.pe,929909360.0
3407,69373527,Patricia,Coronel Bardales,Baños del Inca,Frecuente,2025-08-21,,969025574.0
3408,79150784,Ana,Lozano Castrejón,Celendín,Frecuente,2025-11-05,ana3408@correo.pe,938309284.0
3409,75058044,Jorge,Sánchez Torres,Cajamarca,Nuevo,2025-11-19,jorge3409@correo.pe,968738711.0
3410,44700306,Juan,Ramos Vásquez,Cajamarca,Nuevo,2025-06-03,juan3410@correo.pe,930135394.0
3411,21538445,Héctor,Díaz Coronel,Baños del Inca,Frecuente,2025-07-30,hector3411@correo.pe,911757745.0
3412,69567717,Carlos,Mendoza Lozano,Namora,Frecuente,2025-09-19,carlos3412@correo.pe,924407551.0
3413,55107061,Miguel,Bardales Castrejón,Cajamarca,Nuevo,2026-08-15,miguel3413@correo.pe,948848511.0
3414,41030355,Gabriela,Quispe Llamo,Cajamarca,Nuevo,2026-02-23,gabriela3414@correo.pe,944370483.0
3415,74963498,Valeria,Huamán Zelada,Cajamarca,Nuevo,2026-02-12,valeria3415@correo.pe,988178143.0
3416,10560000,Rosa,Rojas Zelada,Cajamarca,Nuevo,2025-11-01,rosa3416@correo.pe,973353890.0
3417,16867169,Valeria,Lozano Huamán,Cajamarca,Frecuente,2025-06-27,valeria3417@correo.pe,951561353.0
3418,72208661,Wilmer,Torres Becerra,Magdalena,Nuevo,2025-11-30,wilmer3418@correo.pe,985072499.0
3419,57882590,Héctor,Cueva Mendoza,Baños del Inca,Frecuente,2026-05-28,hector3419@correo.pe,973456173.0
3420,57713570,Yesenia,Aguilar Mego,Baños del Inca,Nuevo,2026-06-05,yesenia3420@correo.pe,956497629.0
3421,31312189,Yesenia,Lozano Pérez,Cajamarca,Nuevo,2025-12-25,yesenia3421@correo.pe,972045970.0
3422,64699123,Wilmer,Sánchez Becerra,Cajamarca,Nuevo,2026-05-04,wilmer3422@correo.pe,931487950.0
3423,14139311,María,Sangay Mego,Cajamarca,Nuevo,2025-11-19,maria3423@correo.pe,923147817.0
3424,26218432,Ana,Llamo Guevara,Cajamarca,Frecuente,2025-11-29,ana3424@correo.pe,936167812.0
3425,31356814,Elena,Díaz Mendoza,San Juan,Nuevo,2025-12-22,elena3425@correo.pe,949027897.0
3426,71730538,Milagros,Sangay Huamán,Cajamarca,Nuevo,2025-06-27,milagros3426@correo.pe,999508651.0
3427,68624015,Noemí,Becerra Zelada,Los Baños,Nuevo,2026-03-28,noemi3427@correo.pe,951443123.0
3428,61226388,Elena,Pérez Chávez,Cajamarca,Corporativo,2026-04-22,elena3428@correo.pe,976710838.0
3429,44484387,Carmen,Castrejón Cueva,Jesús,Nuevo,2025-10-31,carmen3429@correo.pe,987577163.0
3430,16780682,Andrés,Mego Díaz,Namora,Frecuente,2025-07-06,andres3430@correo.pe,940412484.0
3431,34346489,Edwin,Pérez Ramos,Cajamarca,Nuevo,2026-06-14,edwin3431@correo.pe,942486160.0
3432,55837985,Edwin,Vásquez Alva,Los Baños,Nuevo,2025-11-10,edwin3432@correo.pe,971456128.0
3433,78925651,José,Mego Torres,Cajamarca,Frecuente,2026-09-10,jose3433@correo.pe,986781009.0
3434,58865648,Valeria,Guevara Alva,Cajabamba,Frecuente,2026-03-29,valeria3434@correo.pe,921354885.0
3435,20892499,Sofía,Sánchez Flores,Cajamarca,Nuevo,2026-05-17,sofia3435@correo.pe,962884704.0
3436,44224102,Noemí,Sangay Bardales,Llacanora,Nuevo,2026-05-24,noemi3436@correo.pe,999947087.0
3437,49995948,Miguel,Sánchez Alva,Cajamarca,Nuevo,2026-01-30,miguel3437@correo.pe,968014232.0
3438,47495543,Juan,Pérez Chávez,Cajamarca,Nuevo,2026-07-23,juan3438@correo.pe,996939224.0
3439,40309251,Valeria,Zelada Cueva,Cajamarca,Nuevo,2026-06-20,valeria3439@correo.pe,956657385.0
3440,18912500,María,Vásquez Mego,Cajamarca,Frecuente,2026-08-15,maria3440@correo.pe,987651187.0
3441,25529123,Andrés,Cabrera Cabrera,Cajamarca,Nuevo,2026-02-22,andres3441@correo.pe,922662530.0
3442,28501599,Diego,Vásquez Tello,Cajamarca,Frecuente,2026-07-14,diego3442@correo.pe,949458218.0
3443,18847730,Ricardo,Bardales Sánchez,Cajamarca,Frecuente,2026-04-18,ricardo3443@correo.pe,926415669.0
3444,40553476,Wilmer,Sangay Llamo,Los Baños,Nuevo,2026-01-16,wilmer3444@correo.pe,927944600.0
3445,64561991,Juan,Guevara Díaz,Cajamarca,Nuevo,2026-04-25,juan3445@correo.pe,958731725.0
3446,72842731,Edwin,Aguilar Quispe,Cajamarca,Nuevo,2026-04-07,edwin3446@correo.pe,990991117.0
3447,47229757,Rosa,Quispe Ramos,Cajamarca,Frecuente,2026-01-26,rosa3447@correo.pe,927554636.0
3448,72450963,Jorge,Sangay Huamán,Cajamarca,Nuevo,2026-07-01,jorge3448@correo.pe,973765367.0
3449,37847934,Andrés,Tello Quispe,Cajamarca,Frecuente,2025-08-22,andres3449@correo.pe,990478927.0
3450,37773164,Ricardo,Rojas Llamo,Cajamarca,Nuevo,2026-09-01,ricardo3450@correo.pe,931877692.0
3451,79483833,Miguel,Chávez Aguilar,Cajamarca,Nuevo,2025-11-17,miguel3451@correo.pe,937000542.0
3452,44754395,Gabriela,Terrones Castrejón,Baños del Inca,Nuevo,2025-12-09,gabriela3452@correo.pe,934848633.0
3453,49934509,Carmen,Zelada Sánchez,Cajamarca,Frecuente,2026-01-23,carmen3453@correo.pe,977832878.0
3454,36293155,Edwin,Cabrera Tello,Jesús,Frecuente,2026-09-09,edwin3454@correo.pe,916536087.0
3455,55561312,Diego,Flores Guevara,Cajamarca,Frecuente,2026-06-29,diego3455@correo.pe,930464221.0
3456,47673870,Andrés,Sangay Mendoza,San Juan,Nuevo,2026-06-29,andres3456@correo.pe,968792433.0
3457,60608857,Gabriela,Mendoza Llamo,Baños del Inca,Nuevo,2026-06-12,gabriela3457@correo.pe,976812656.0
3458,34827528,Sofía,Aguilar Coronel,Cajamarca,Nuevo,2025-06-07,sofia3458@correo.pe,977281000.0
3459,74892718,José,Lozano Torres,Cajamarca,Frecuente,2025-09-10,jose3459@correo.pe,950149882.0
3460,28284128,Milagros,Mego Tello,Cajamarca,Frecuente,2026-01-23,milagros3460@correo.pe,990560953.0
3461,37320371,Valeria,Lozano Coronel,Jesús,Nuevo,2026-03-18,valeria3461@correo.pe,992319658.0
3462,72069508,Wilmer,Castrejón Vásquez,Baños del Inca,Nuevo,2025-09-12,wilmer3462@correo.pe,930501489.0
3463,18737103,Rosa,Díaz Torres,San Juan,Frecuente,2026-05-29,rosa3463@correo.pe,970900198.0
3464,13313160,Patricia,Flores Coronel,Cajamarca,Frecuente,2026-05-26,patricia3464@correo.pe,997656520.0
3465,40135813,Carmen,Sangay Pérez,Cajabamba,Nuevo,2025-12-05,carmen3465@correo.pe,988945259.0
3466,72407100,Gabriela,Cabrera Chávez,Cajamarca,Nuevo,2026-05-17,gabriela3466@correo.pe,965349872.0
3467,43312199,Milagros,Flores Pérez,Namora,Frecuente,2026-05-01,milagros3467@correo.pe,932763811.0
3468,65828222,Camila,Cabrera Lozano,Celendín,Nuevo,2025-10-21,camila3468@correo.pe,947480247.0
3469,70250618,Carlos,Becerra Rojas,Cajamarca,Nuevo,2026-08-29,carlos3469@correo.pe,935706637.0
3470,38346546,Andrés,Tello Tello,Cajamarca,Nuevo,2026-08-09,andres3470@correo.pe,961527216.0
3471,17683746,Sofía,Guevara Zelada,Cajamarca,Frecuente,2025-12-25,sofia3471@correo.pe,988064700.0
3472,52854861,Patricia,Quispe Mendoza,Jesús,Nuevo,2026-05-08,patricia3472@correo.pe,922690601.0
3473,74787471,Juan,Mendoza Cabrera,Cajamarca,Frecuente,2026-06-17,juan3473@correo.pe,969336073.0
3474,35128527,Gabriela,Coronel Vásquez,Llacanora,Frecuente,2026-03-26,gabriela3474@correo.pe,949003930.0
3475,22881443,Miguel,Tello Chávez,Cajabamba,Nuevo,2026-07-02,miguel3475@correo.pe,931806669.0
3476,65579744,Sofía,Cueva Cueva,Cajamarca,Frecuente,2025-12-26,sofia3476@correo.pe,933640701.0
3477,66120548,Elena,Flores Torres,Celendín,Nuevo,2026-06-20,elena3477@correo.pe,913600538.0
3478,13778810,Ana,Huamán Quispe,Cajamarca,Frecuente,2025-10-19,ana3478@correo.pe,913957914.0
3479,45288528,Luis,Torres Vásquez,Namora,Corporativo,2026-03-25,luis3479@correo.pe,922423025.0
3480,48545081,Luz,Pérez Flores,Cajamarca,Frecuente,2025-06-26,luz3480@correo.pe,917756599.0
3481,28749160,Sofía,Pérez Sangay,Baños del Inca,Nuevo,2025-08-22,sofia3481@correo.pe,952787070.0
3482,35543952,Ana,Ramos Sangay,Los Baños,Nuevo,2026-09-11,ana3482@correo.pe,958129371.0
3483,14055894,Milagros,Torres Terrones,Cajamarca,Nuevo,2026-05-20,milagros3483@correo.pe,915782530.0
3484,26797488,Gabriela,Pérez Rojas,Cajamarca,Nuevo,2025-07-13,gabriela3484@correo.pe,919758786.0
3485,58386918,Noemí,Ramos Zelada,Los Baños,Frecuente,2026-06-27,noemi3485@correo.pe,978124859.0
3486,66815005,Ana,Becerra Sánchez,Baños del Inca,Frecuente,2026-03-29,ana3486@correo.pe,960853258.0
3487,58755352,Jorge,Alva Tello,Cajamarca,Frecuente,2026-02-20,jorge3487@correo.pe,975559031.0
3488,78506772,Marleni,Mego Alva,Cajamarca,Corporativo,2026-02-12,marleni3488@correo.pe,974006361.0
3489,38224989,Segundo,Ramos Alva,Cajabamba,Nuevo,2026-05-07,segundo3489@correo.pe,927790629.0
3490,15209708,Yesenia,Coronel Rojas,Cajamarca,Corporativo,2025-10-03,yesenia3490@correo.pe,921507936.0
3491,50725321,Carmen,Flores Llamo,Magdalena,Corporativo,2025-10-30,carmen3491@correo.pe,963600534.0
3492,34419755,Héctor,Díaz Lozano,Baños del Inca,Frecuente,2026-04-19,hector3492@correo.pe,999495151.0
3493,53269623,Wilmer,Quispe Sangay,Cajamarca,Frecuente,2026-04-20,,915665904.0
3494,24937059,Luis,Guevara Sangay,Cajamarca,Nuevo,2025-07-18,luis3494@correo.pe,963082842.0
3495,22566609,Camila,Alva Becerra,Llacanora,Nuevo,2025-09-09,camila3495@correo.pe,932487944.0
3496,18766754,Camila,Becerra Vásquez,Jesús,Nuevo,2026-06-04,camila3496@correo.pe,931593115.0
3497,20787474,Héctor,Sangay Mego,Cajamarca,Nuevo,2026-08-29,,967817855.0
3498,63014560,Ana,Huamán Huamán,Magdalena,Nuevo,2026-04-18,ana3498@correo.pe,943947542.0
3499,30538076,Andrés,Vásquez Rojas,Baños del Inca,Nuevo,2026-03-14,andres3499@correo.pe,965812343.0
3500,14432769,Noemí,Alva Díaz,Cajamarca,Frecuente,2025-10-21,noemi3500@correo.pe,977488570.0
3501,34835286,Carlos,Coronel Huamán,Cajamarca,Frecuente,2026-04-02,carlos3501@correo.pe,983962663.0
3502,54376458,Yesenia,Llamo Cabrera,Cajamarca,Nuevo,2026-01-14,yesenia3502@correo.pe,936364278.0
3503,49691152,Rosa,Llamo Llamo,Cajamarca,Frecuente,2026-08-23,rosa3503@correo.pe,989257387.0
3504,64279890,Wilmer,Castrejón Bardales,Baños del Inca,Frecuente,2026-01-14,wilmer3504@correo.pe,917542711.0
3505,66876363,Diego,Becerra Lozano,Cajamarca,Nuevo,2026-01-10,diego3505@correo.pe,992063956.0
3506,46297668,Héctor,Ramos Llamo,Cajamarca,Nuevo,2025-06-28,hector3506@correo.pe,993271450.0
3507,19823179,Segundo,Mendoza Tello,Cajamarca,Nuevo,2026-07-01,segundo3507@correo.pe,958882127.0
3508,67859676,Wilmer,Pérez Huamán,Cajamarca,Nuevo,2026-03-25,wilmer3508@correo.pe,978266672.0
3509,49159436,Carmen,Cueva Mego,Jesús,Corporativo,2026-09-10,carmen3509@correo.pe,925089334.0
3510,17132666,Ana,Cueva Bardales,Cajamarca,Nuevo,2025-07-26,ana3510@correo.pe,928885281.0
3511,73989498,José,Terrones Zelada,Cajamarca,Nuevo,2026-01-24,jose3511@correo.pe,916594527.0
3512,72555456,Gabriela,Alva Quispe,Magdalena,Nuevo,2025-10-04,gabriela3512@correo.pe,961020099.0
3513,23646006,Patricia,Guevara Huamán,Cajamarca,Nuevo,2025-07-17,patricia3513@correo.pe,951479962.0
3514,60913459,Rosa,Becerra Aguilar,Cajamarca,Frecuente,2025-10-16,rosa3514@correo.pe,974504982.0
3515,71677050,Gabriela,Tello Bardales,Cajamarca,Nuevo,2025-10-22,gabriela3515@correo.pe,927954673.0
3516,66023898,Rosa,Terrones Becerra,Cajamarca,Frecuente,2025-09-20,rosa3516@correo.pe,985765656.0
3517,11364745,Carmen,Terrones Becerra,Cajamarca,Frecuente,2025-12-02,carmen3517@correo.pe,950193085.0
3518,77679523,Carmen,Guevara Huamán,Cajamarca,Nuevo,2026-01-06,carmen3518@correo.pe,944455963.0
3519,12048792,Marleni,Flores Alva,Cajamarca,Nuevo,2025-06-09,marleni3519@correo.pe,938477073.0
3520,54281810,Miguel,Quispe Cabrera,Los Baños,Frecuente,2026-04-06,miguel3520@correo.pe,927388912.0
3521,70098122,Valeria,Pérez Lozano,Celendín,Nuevo,2026-02-17,valeria3521@correo.pe,986429826.0
3522,29904798,Valeria,Quispe Castrejón,Cajamarca,Nuevo,2025-10-02,valeria3522@correo.pe,935848058.0
3523,31872148,Elena,Mendoza Llamo,Cajamarca,Frecuente,2026-08-15,elena3523@correo.pe,957684202.0
3524,25569894,Noemí,Torres Pérez,Cajamarca,Frecuente,2026-01-28,noemi3524@correo.pe,936862380.0
3525,64073991,Rosa,Coronel Cabrera,Cajamarca,Frecuente,2026-02-12,rosa3525@correo.pe,927014580.0
3526,42734426,María,Alva Vásquez,Cajamarca,Frecuente,2026-05-26,maria3526@correo.pe,915346007.0
3527,60030243,José,Huamán Coronel,Jesús,Nuevo,2026-02-27,jose3527@correo.pe,973143619.0
3528,50305204,Luis,Bardales Torres,Cajamarca,Nuevo,2026-05-01,luis3528@correo.pe,996989867.0
3529,28683790,Wilmer,Aguilar Zelada,Cajabamba,Frecuente,2025-11-29,wilmer3529@correo.pe,951863680.0
3530,12599551,Luz,Alva Cueva,Cajamarca,Nuevo,2026-03-26,luz3530@correo.pe,988482443.0
3531,14090291,Elena,Torres Sangay,Cajamarca,Frecuente,2025-10-21,elena3531@correo.pe,952181581.0
3532,30355353,Milagros,Chávez Quispe,Namora,Nuevo,2026-01-20,milagros3532@correo.pe,982321391.0
3533,47881991,Juan,Díaz Bardales,Cajamarca,Nuevo,2026-06-12,juan3533@correo.pe,993701058.0
3534,57155364,Noemí,Huamán Guevara,Baños del Inca,Nuevo,2025-07-06,noemi3534@correo.pe,930976767.0
3535,12940933,Wilmer,Cabrera Chávez,Cajamarca,Frecuente,2026-04-10,wilmer3535@correo.pe,952778423.0
3536,56964047,Luz,Quispe Alva,Baños del Inca,Frecuente,2026-08-19,luz3536@correo.pe,999212867.0
3537,44508032,Carlos,Aguilar Huamán,Magdalena,Frecuente,2026-02-20,carlos3537@correo.pe,981482351.0
3538,17662252,Gabriela,Tello Pérez,Baños del Inca,Nuevo,2025-10-12,gabriela3538@correo.pe,915101376.0
3539,72691575,Diego,Llamo Torres,San Juan,Nuevo,2025-06-18,diego3539@correo.pe,960081425.0
3540,35625302,Elena,Mendoza Coronel,Celendín,Frecuente,2026-08-27,elena3540@correo.pe,937486168.0
3541,19360597,Pedro,Terrones Mendoza,Cajabamba,Nuevo,2025-12-09,pedro3541@correo.pe,915331778.0
3542,33832703,Diego,Rojas Coronel,Los Baños,Frecuente,2026-02-19,diego3542@correo.pe,981149435.0
3543,12269442,Marleni,Coronel Quispe,Cajamarca,Frecuente,2025-09-17,marleni3543@correo.pe,992528323.0
3544,73150847,Yesenia,Torres Llamo,Cajamarca,Nuevo,2025-11-20,,921959129.0
3545,24652089,Rosa,Tello Flores,Cajamarca,Nuevo,2025-12-17,rosa3545@correo.pe,958422933.0
3546,42927088,Marleni,Mego Mendoza,Namora,Frecuente,2026-07-21,marleni3546@correo.pe,982389034.0
3547,76304901,Marleni,Mendoza Mego,Cajamarca,Nuevo,2025-10-28,marleni3547@correo.pe,926877801.0
3548,29323355,Carmen,Castrejón Cueva,Cajamarca,Frecuente,2026-05-20,carmen3548@correo.pe,961313104.0
3549,78004473,Carmen,Coronel Mego,Baños del Inca,Frecuente,2025-12-19,carmen3549@correo.pe,968242978.0
3550,33279422,Jorge,Díaz Rojas,Baños del Inca,Frecuente,2025-08-02,jorge3550@correo.pe,999224579.0
3551,44636760,Wilmer,Alva Llamo,Cajamarca,Nuevo,2025-09-27,wilmer3551@correo.pe,936952520.0
3552,14576605,Luis,Cueva Llamo,Baños del Inca,Nuevo,2025-12-18,luis3552@correo.pe,912998624.0
3553,37645707,Ana,Sangay Terrones,Baños del Inca,Nuevo,2026-05-18,ana3553@correo.pe,980430376.0
3554,19300585,Héctor,Rojas Castrejón,Baños del Inca,Nuevo,2026-03-22,hector3554@correo.pe,947786450.0
3555,29443548,Valeria,Pérez Terrones,Baños del Inca,Nuevo,2026-09-06,valeria3555@correo.pe,958584185.0
3556,50995817,Juan,Guevara Alva,Cajamarca,Frecuente,2026-08-01,juan3556@correo.pe,936057055.0
3557,34713398,Pedro,Llamo Becerra,Cajamarca,Frecuente,2026-04-20,pedro3557@correo.pe,942233001.0
3558,25899288,Patricia,Mendoza Zelada,Cajamarca,Frecuente,2026-07-23,patricia3558@correo.pe,923432934.0
3559,33168616,Gabriela,Huamán Alva,Cajamarca,Frecuente,2026-08-15,gabriela3559@correo.pe,980825746.0
3560,44833100,Miguel,Pérez Huamán,Cajabamba,Frecuente,2025-09-09,miguel3560@correo.pe,916975620.0
3561,29382765,Valeria,Pérez Sánchez,Cajamarca,Corporativo,2026-05-13,valeria3561@correo.pe,977481649.0
3562,65600056,Yesenia,Lozano Cabrera,San Juan,Corporativo,2025-10-14,yesenia3562@correo.pe,973280197.0
3563,25619050,Camila,Ramos Coronel,Cajamarca,Nuevo,2025-08-28,camila3563@correo.pe,978133633.0
3564,77082151,Valeria,Ramos Guevara,Cajamarca,Nuevo,2026-07-14,valeria3564@correo.pe,948970719.0
3565,36684455,Camila,Pérez Castrejón,Cajamarca,Nuevo,2026-04-21,camila3565@correo.pe,982909219.0
3566,19690970,Pedro,Pérez Zelada,Cajamarca,Nuevo,2026-08-06,pedro3566@correo.pe,926637500.0
3567,72305480,María,Cabrera Lozano,Cajamarca,Frecuente,2026-03-08,maria3567@correo.pe,961233785.0
3568,44868005,Marleni,Chávez Mendoza,Cajamarca,Nuevo,2025-06-24,marleni3568@correo.pe,995935289.0
3569,62994039,Elena,Díaz Llamo,Baños del Inca,Nuevo,2025-12-17,elena3569@correo.pe,972313462.0
3570,25702597,Luis,Alva Castrejón,Cajabamba,Frecuente,2026-02-27,luis3570@correo.pe,972974953.0
3571,43943228,Carlos,Vásquez Chávez,Cajamarca,Nuevo,2026-04-02,carlos3571@correo.pe,994231611.0
3572,21692085,Patricia,Huamán Becerra,Cajamarca,Frecuente,2026-08-11,patricia3572@correo.pe,941893911.0
3573,13337419,Patricia,Pérez Alva,Cajamarca,Nuevo,2026-02-06,patricia3573@correo.pe,960416140.0
3574,30623898,Milagros,Tello Becerra,Cajamarca,Nuevo,2026-03-05,milagros3574@correo.pe,943199251.0
3575,57070525,Noemí,Guevara Quispe,Baños del Inca,Nuevo,2026-03-29,noemi3575@correo.pe,932118237.0
3576,60362979,Segundo,Castrejón Alva,San Juan,Nuevo,2026-04-08,segundo3576@correo.pe,951236226.0
3577,56596468,Wilmer,Alva Huamán,Baños del Inca,Frecuente,2026-07-18,wilmer3577@correo.pe,966696856.0
3578,21983773,Pedro,Cueva Torres,Cajabamba,Frecuente,2026-04-12,pedro3578@correo.pe,992218294.0
3579,57461237,José,Terrones Flores,Cajamarca,Nuevo,2025-06-29,jose3579@correo.pe,945849093.0
3580,61637889,Luis,Lozano Becerra,Cajamarca,Nuevo,2025-07-22,luis3580@correo.pe,973599369.0
3581,71724484,Noemí,Mego Huamán,Cajabamba,Nuevo,2026-09-04,noemi3581@correo.pe,951583964.0
3582,79894966,Juan,Mendoza Ramos,Magdalena,Nuevo,2025-12-21,juan3582@correo.pe,920808917.0
3583,53023589,Fernando,Pérez Llamo,Namora,Frecuente,2025-11-22,fernando3583@correo.pe,937668934.0
3584,13463092,Carlos,Torres Cabrera,Magdalena,Frecuente,2026-06-23,carlos3584@correo.pe,992817394.0
3585,63619989,Diego,Mego Terrones,Cajabamba,Nuevo,2025-08-18,diego3585@correo.pe,969741211.0
3586,14447246,Pedro,Pérez Sangay,Llacanora,Nuevo,2025-12-14,pedro3586@correo.pe,993098741.0
3587,35598712,Yesenia,Zelada Guevara,Cajamarca,Corporativo,2026-07-08,yesenia3587@correo.pe,992058823.0
3588,44615881,Ana,Quispe Flores,Cajamarca,Nuevo,2026-04-19,ana3588@correo.pe,938514515.0
3589,30635442,Carmen,Rojas Terrones,Cajamarca,Nuevo,2025-07-25,carmen3589@correo.pe,925131884.0
3590,15402573,Diego,Torres Castrejón,Cajamarca,Nuevo,2026-01-25,diego3590@correo.pe,963865642.0
3591,26535810,Sofía,Llamo Díaz,Cajamarca,Nuevo,2026-01-09,sofia3591@correo.pe,954358266.0
3592,15086295,Rosa,Cabrera Pérez,Cajamarca,Corporativo,2025-09-04,rosa3592@correo.pe,994206384.0
3593,79327719,Camila,Coronel Zelada,Cajamarca,Nuevo,2025-07-19,camila3593@correo.pe,934768113.0
3594,19668488,Noemí,Cabrera Zelada,Cajamarca,Nuevo,2025-08-11,noemi3594@correo.pe,915897046.0
3595,12882073,Diego,Mendoza Mendoza,Cajamarca,Frecuente,2025-10-14,diego3595@correo.pe,962429323.0
3596,74265588,Luz,Sánchez Mendoza,Cajamarca,Nuevo,2025-09-23,luz3596@correo.pe,942025199.0
3597,46468225,María,Zelada Díaz,Baños del Inca,Nuevo,2026-06-20,maria3597@correo.pe,953446560.0
3598,46772826,Valeria,Castrejón Guevara,Baños del Inca,Nuevo,2026-05-14,valeria3598@correo.pe,937199545.0
3599,61510781,Carlos,Torres Cueva,Cajamarca,Frecuente,2025-07-18,carlos3599@correo.pe,948045891.0
3600,13482983,Edwin,Chávez Chávez,Baños del Inca,Corporativo,2026-02-02,edwin3600@correo.pe,961837405.0
3601,62782945,Sofía,Terrones Díaz,Baños del Inca,Nuevo,2025-06-01,sofia3601@correo.pe,962097803.0
3602,31220993,Yesenia,Ramos Aguilar,San Juan,Frecuente,2026-04-26,yesenia3602@correo.pe,977353112.0
3603,67249897,Luz,Ramos Coronel,Cajamarca,Nuevo,2025-10-27,luz3603@correo.pe,933799129.0
3604,11709890,Ana,Castrejón Castrejón,Baños del Inca,Frecuente,2026-09-11,ana3604@correo.pe,951247223.0
3605,35013917,Miguel,Lozano Cueva,Cajamarca,Nuevo,2026-06-29,,940130738.0
3606,36974094,Yesenia,Chávez Alva,Baños del Inca,Corporativo,2025-10-22,yesenia3606@correo.pe,919822400.0
3607,31866220,Milagros,Becerra Quispe,Cajamarca,Nuevo,2025-11-29,milagros3607@correo.pe,993053281.0
3608,66576795,Wilmer,Ramos Guevara,Cajamarca,Nuevo,2026-07-16,wilmer3608@correo.pe,961222564.0
3609,74943636,Pedro,Sánchez Ramos,Cajamarca,Frecuente,2025-11-26,pedro3609@correo.pe,919878102.0
3610,73460556,Sofía,Bardales Díaz,San Juan,Nuevo,2025-11-20,sofia3610@correo.pe,961869373.0
3611,74581173,Ricardo,Cueva Llamo,Cajabamba,Nuevo,2025-10-14,ricardo3611@correo.pe,999774501.0
3612,45971399,Andrés,Cabrera Sánchez,Cajamarca,Nuevo,2025-06-22,andres3612@correo.pe,933363088.0
3613,16808428,Miguel,Rojas Zelada,Cajamarca,Nuevo,2026-02-18,miguel3613@correo.pe,991477306.0
3614,40894859,Noemí,Sánchez Becerra,Baños del Inca,Nuevo,2026-07-20,noemi3614@correo.pe,971258146.0
3615,71443505,Ana,Llamo Sánchez,Cajamarca,Nuevo,2026-02-13,ana3615@correo.pe,935102102.0
3616,59797057,Jorge,Coronel Flores,Baños del Inca,Nuevo,2026-04-24,jorge3616@correo.pe,944456926.0
3617,43393600,Camila,Coronel Becerra,Cajabamba,Frecuente,2026-06-10,camila3617@correo.pe,967165860.0
3618,39249655,Segundo,Chávez Zelada,Cajamarca,Nuevo,2025-08-02,segundo3618@correo.pe,996742364.0
3619,46487828,María,Sangay Quispe,Cajamarca,Frecuente,2026-07-17,maria3619@correo.pe,926742921.0
3620,42222634,Edwin,Huamán Quispe,Cajabamba,Frecuente,2026-06-03,edwin3620@correo.pe,978075252.0
3621,56324294,Héctor,Huamán Llamo,Cajamarca,Frecuente,2026-03-28,hector3621@correo.pe,963300695.0
3622,26361721,Gabriela,Flores Aguilar,San Juan,Corporativo,2025-06-12,gabriela3622@correo.pe,940751041.0
3623,48409501,Sofía,Quispe Rojas,Cajamarca,Frecuente,2025-11-27,sofia3623@correo.pe,981129851.0
3624,46282632,Luis,Mendoza Quispe,Cajamarca,Nuevo,2026-06-11,luis3624@correo.pe,995753935.0
3625,55468127,Carmen,Terrones Becerra,Celendín,Frecuente,2026-06-19,carmen3625@correo.pe,968269135.0
3626,20060362,José,Huamán Vásquez,Cajamarca,Frecuente,2026-04-07,jose3626@correo.pe,934883232.0
3627,75644210,Ricardo,Guevara Mego,Llacanora,Nuevo,2026-05-31,ricardo3627@correo.pe,968822678.0
3628,14092976,Miguel,Huamán Aguilar,San Juan,Nuevo,2026-02-05,miguel3628@correo.pe,928136216.0
3629,67306937,Miguel,Flores Sangay,Jesús,Nuevo,2026-04-13,miguel3629@correo.pe,920764151.0
3630,70041237,Valeria,Rojas Tello,Magdalena,Nuevo,2025-07-25,valeria3630@correo.pe,966641196.0
3631,42655507,Carmen,Tello Cueva,Cajamarca,Frecuente,2026-01-06,carmen3631@correo.pe,937165590.0
3632,25643530,Carmen,Sangay Becerra,Baños del Inca,Nuevo,2025-06-21,carmen3632@correo.pe,973285077.0
3633,42403211,Rosa,Llamo Lozano,Cajamarca,Nuevo,2026-04-13,rosa3633@correo.pe,979698558.0
3634,32026269,Patricia,Tello Bardales,Cajamarca,Frecuente,2025-12-23,patricia3634@correo.pe,929274533.0
3635,61598034,Gabriela,Huamán Torres,Jesús,Nuevo,2026-05-22,gabriela3635@correo.pe,968118880.0
3636,,Camila,Quispe Díaz,Cajamarca,Frecuente,2026-01-22,camila3636@correo.pe,961246418.0
3637,48064139,Luis,Sangay Aguilar,Magdalena,Frecuente,2026-04-28,,952180904.0
3638,33461344,Ricardo,Díaz Mendoza,Cajamarca,Frecuente,2025-12-10,ricardo3638@correo.pe,920039432.0
3639,17549948,Miguel,Coronel Torres,Baños del Inca,Frecuente,2025-09-28,miguel3639@correo.pe,961166465.0
3640,66684543,Yesenia,Quispe Bardales,Cajamarca,Frecuente,2025-06-10,yesenia3640@correo.pe,981119047.0
3641,31639931,Edwin,Pérez Lozano,Cajamarca,Nuevo,2025-07-16,edwin3641@correo.pe,973378736.0
3642,21755867,Miguel,Lozano Cueva,Baños del Inca,Frecuente,2026-08-21,miguel3642@correo.pe,913164891.0
3643,22481237,Carlos,Chávez Quispe,Cajamarca,Nuevo,2026-03-27,carlos3643@correo.pe,994370065.0
3644,49489223,Milagros,Huamán Mego,Cajamarca,Nuevo,2026-07-08,milagros3644@correo.pe,983727178.0
3645,38797271,Luz,Cabrera Guevara,Los Baños,Nuevo,2025-09-07,,974376584.0
3646,17783213,Andrés,Sánchez Castrejón,Celendín,Frecuente,2025-10-28,,986094788.0
3647,58947535,Marleni,Coronel Tello,Baños del Inca,Nuevo,2025-10-11,marleni3647@correo.pe,949491499.0
3648,72953344,Ricardo,Becerra Lozano,Baños del Inca,Nuevo,2026-04-07,ricardo3648@correo.pe,954190272.0
3649,24259994,Camila,Bardales Mego,Cajamarca,Frecuente,2025-10-28,camila3649@correo.pe,923983800.0
3650,68664446,Segundo,Sangay Coronel,San Juan,Frecuente,2025-11-05,segundo3650@correo.pe,939271294.0
3651,29476822,José,Mego Mendoza,San Juan,Frecuente,2025-06-09,jose3651@correo.pe,990000237.0
3652,34530173,Sofía,Alva Ramos,Jesús,Nuevo,2025-11-03,sofia3652@correo.pe,911197757.0
3653,22636433,Gabriela,Sánchez Bardales,Cajamarca,Nuevo,2025-07-15,gabriela3653@correo.pe,968065748.0
3654,37381900,Noemí,Vásquez Mego,Baños del Inca,Nuevo,2026-02-28,noemi3654@correo.pe,956238444.0
3655,23711681,Fernando,Tello Torres,Celendín,Frecuente,2026-08-09,fernando3655@correo.pe,987544119.0
3656,13416717,Miguel,Cabrera Rojas,Cajamarca,Nuevo,2025-08-15,miguel3656@correo.pe,976809958.0
3657,54086062,Luz,Pérez Huamán,Cajamarca,Nuevo,2025-07-18,luz3657@correo.pe,944534249.0
3658,14118832,Héctor,Chávez Zelada,Cajabamba,Nuevo,2026-09-12,hector3658@correo.pe,979570670.0
3659,59806162,Elena,Terrones Aguilar,Cajamarca,Nuevo,2026-02-16,elena3659@correo.pe,999845476.0
3660,31391904,Andrés,Huamán Alva,Cajamarca,Nuevo,2026-07-23,andres3660@correo.pe,955082063.0
3661,53320894,Yesenia,Castrejón Guevara,Cajamarca,Nuevo,2025-09-12,yesenia3661@correo.pe,943804976.0
3662,44275021,Rosa,Lozano Llamo,Magdalena,Nuevo,2026-06-11,rosa3662@correo.pe,923380236.0
3663,22730896,Marleni,Vásquez Zelada,Cajamarca,Nuevo,2026-04-08,,939250295.0
3664,65681139,Luis,Lozano Zelada,Los Baños,Corporativo,2025-09-02,luis3664@correo.pe,982584574.0
3665,42320553,Milagros,Lozano Terrones,Cajamarca,Frecuente,2026-08-15,milagros3665@correo.pe,936824089.0
3666,20567802,Edwin,Vásquez Mego,Baños del Inca,Nuevo,2026-04-03,edwin3666@correo.pe,989737689.0
3667,21126455,José,Mego Lozano,Llacanora,Corporativo,2025-09-03,jose3667@correo.pe,928484630.0
3668,42220684,Juan,Guevara Rojas,Cajamarca,Frecuente,2026-05-23,juan3668@correo.pe,964550873.0
3669,34409055,Edwin,Alva Castrejón,Celendín,Nuevo,2026-02-13,edwin3669@correo.pe,938741920.0
3670,75897228,Jorge,Chávez Castrejón,Cajamarca,Frecuente,2025-07-22,jorge3670@correo.pe,941594361.0
3671,55144339,Camila,Mendoza Cueva,Namora,Nuevo,2025-08-23,camila3671@correo.pe,971817722.0
3672,25057279,Sofía,Cueva Huamán,Los Baños,Nuevo,2025-10-13,sofia3672@correo.pe,937567302.0
3673,17597080,Héctor,Rojas Rojas,Baños del Inca,Corporativo,2025-10-30,hector3673@correo.pe,918357902.0
3674,25108268,Elena,Castrejón Mendoza,Cajamarca,Nuevo,2025-08-30,elena3674@correo.pe,975539721.0
3675,44434059,Ana,Sangay Mendoza,Cajamarca,Frecuente,2025-07-29,ana3675@correo.pe,968423890.0
3676,59557560,Ricardo,Flores Rojas,Cajabamba,Nuevo,2026-08-01,ricardo3676@correo.pe,986360137.0
3677,19677915,Luz,Cabrera Becerra,Cajamarca,Frecuente,2026-05-15,luz3677@correo.pe,928213399.0
3678,51423646,José,Coronel Cueva,Cajamarca,Frecuente,2026-06-02,jose3678@correo.pe,952600518.0
3679,17931237,Pedro,Castrejón Becerra,Cajamarca,Nuevo,2026-05-26,pedro3679@correo.pe,927433635.0
3680,68252229,Sofía,Chávez Cabrera,Cajamarca,Frecuente,2025-12-26,sofia3680@correo.pe,989359928.0
3681,40211340,Luis,Díaz Cabrera,Celendín,Nuevo,2025-08-08,luis3681@correo.pe,915857730.0
3682,,Ana,Castrejón Becerra,San Juan,Nuevo,2025-12-11,ana3682@correo.pe,913134832.0
3683,28024405,Rosa,Becerra Bardales,Baños del Inca,Frecuente,2026-06-30,rosa3683@correo.pe,925328534.0
3684,39130731,Segundo,Cueva Ramos,Los Baños,Nuevo,2025-11-29,segundo3684@correo.pe,982785199.0
3685,61895022,Camila,Llamo Bardales,Cajamarca,Nuevo,2026-01-02,camila3685@correo.pe,915036485.0
3686,59962391,José,Ramos Rojas,Cajamarca,Nuevo,2026-02-05,jose3686@correo.pe,935419489.0
3687,13728000,Pedro,Tello Flores,San Juan,Nuevo,2026-03-14,pedro3687@correo.pe,947698954.0
3688,37016387,Luz,Díaz Díaz,Cajamarca,Frecuente,2026-08-07,luz3688@correo.pe,994118755.0
3689,10938520,Luis,Rojas Zelada,Cajamarca,Nuevo,2025-10-11,luis3689@correo.pe,949585441.0
3690,,Yesenia,Cabrera Torres,Cajamarca,Nuevo,2026-07-18,yesenia3690@correo.pe,953344014.0
3691,65808766,Rosa,Becerra Cueva,Baños del Inca,Nuevo,2025-12-24,rosa3691@correo.pe,962895110.0
3692,59723426,Noemí,Coronel Guevara,Cajamarca,Nuevo,2025-07-09,noemi3692@correo.pe,969185026.0
3693,20025387,Jorge,Castrejón Cabrera,Baños del Inca,Nuevo,2025-09-09,jorge3693@correo.pe,915019173.0
3694,27329890,Pedro,Díaz Mendoza,Magdalena,Frecuente,2026-04-14,pedro3694@correo.pe,951206696.0
3695,20863378,Rosa,Huamán Coronel,Cajamarca,Nuevo,2025-07-31,rosa3695@correo.pe,958754250.0
3696,26397718,Héctor,Rojas Mendoza,Cajamarca,Nuevo,2025-07-29,hector3696@correo.pe,971054949.0
3697,56521455,Luz,Torres Coronel,Cajamarca,Nuevo,2026-04-02,luz3697@correo.pe,996717827.0
3698,56641068,Noemí,Aguilar Mego,Cajamarca,Nuevo,2026-08-07,noemi3698@correo.pe,921201545.0
3699,53255697,Carlos,Sánchez Chávez,Cajamarca,Nuevo,2025-07-16,carlos3699@correo.pe,947810634.0
3700,13165068,Camila,Cueva Alva,Cajabamba,Nuevo,2026-07-17,camila3700@correo.pe,916721967.0
3701,43484455,Camila,Sangay Mego,Cajamarca,Nuevo,2025-10-07,camila3701@correo.pe,951715192.0
3702,36602714,Patricia,Vásquez Mego,Cajamarca,Frecuente,2025-08-03,patricia3702@correo.pe,996399051.0
3703,56776485,Carmen,Ramos Terrones,Cajabamba,Nuevo,2025-07-15,carmen3703@correo.pe,955136935.0
3704,72458505,María,Mendoza Vásquez,Baños del Inca,Nuevo,2026-07-27,maria3704@correo.pe,997540326.0
3705,35872373,María,Rojas Lozano,Cajamarca,Nuevo,2025-07-17,maria3705@correo.pe,955177996.0
3706,46246982,Ricardo,Terrones Díaz,Cajamarca,Frecuente,2026-02-01,ricardo3706@correo.pe,989036624.0
3707,69441005,Diego,Mendoza Mendoza,Cajamarca,Nuevo,2025-10-24,diego3707@correo.pe,911897205.0
3708,76537802,Marleni,Rojas Pérez,Cajamarca,Nuevo,2026-01-16,marleni3708@correo.pe,988625589.0
3709,18100926,Patricia,Coronel Díaz,Los Baños,Corporativo,2026-04-25,patricia3709@correo.pe,947351755.0
3710,10748548,Carmen,Tello Mego,Celendín,Nuevo,2026-01-05,carmen3710@correo.pe,935276496.0
3711,43902572,Segundo,Sánchez Ramos,Baños del Inca,Nuevo,2026-01-13,segundo3711@correo.pe,960428028.0
3712,17547071,Andrés,Cabrera Flores,Cajamarca,Nuevo,2025-11-27,andres3712@correo.pe,912921607.0
3713,12021372,Elena,Quispe Llamo,Baños del Inca,Nuevo,2025-12-29,elena3713@correo.pe,956810653.0
3714,55166445,Luz,Ramos Quispe,Cajamarca,Frecuente,2026-01-14,luz3714@correo.pe,960095233.0
3715,51214794,Miguel,Aguilar Ramos,Cajabamba,Frecuente,2026-06-12,miguel3715@correo.pe,998933698.0
3716,77258573,Sofía,Tello Torres,Namora,Nuevo,2026-04-06,sofia3716@correo.pe,951890735.0
3717,27383534,José,Ramos Coronel,Los Baños,Frecuente,2025-11-30,jose3717@correo.pe,958434081.0
3718,26289391,Elena,Zelada Tello,Cajamarca,Nuevo,2025-09-07,elena3718@correo.pe,971684445.0
3719,27472203,Miguel,Lozano Tello,Cajamarca,Nuevo,2026-05-14,miguel3719@correo.pe,934406565.0
3720,37883603,Patricia,Coronel Quispe,Celendín,Nuevo,2025-06-29,patricia3720@correo.pe,968231868.0
3721,13503308,Ricardo,Sangay Chávez,Cajamarca,Frecuente,2026-04-11,ricardo3721@correo.pe,968535417.0
3722,70366802,Camila,Zelada Cueva,Baños del Inca,Nuevo,2025-10-29,camila3722@correo.pe,927047604.0
3723,78062879,Luis,Castrejón Mendoza,Cajamarca,Nuevo,2025-06-02,luis3723@correo.pe,969388831.0
3724,61566395,Andrés,Castrejón Sangay,Cajabamba,Nuevo,2026-06-30,andres3724@correo.pe,978625815.0
3725,65654610,Milagros,Aguilar Castrejón,Los Baños,Nuevo,2025-12-25,milagros3725@correo.pe,932641286.0
3726,72758011,Elena,Rojas Aguilar,Cajamarca,Frecuente,2026-06-23,elena3726@correo.pe,981850791.0
3727,77394351,Noemí,Cabrera Tello,Cajamarca,Nuevo,2025-06-06,,952558212.0
3728,48543543,Andrés,Llamo Terrones,Cajamarca,Frecuente,2025-06-29,andres3728@correo.pe,945921360.0
3729,32246527,Sofía,Tello Zelada,San Juan,Frecuente,2026-05-04,sofia3729@correo.pe,974852916.0
3730,20918298,María,Castrejón Bardales,Baños del Inca,Nuevo,2026-01-14,maria3730@correo.pe,912311668.0
3731,21497239,Ricardo,Huamán Rojas,San Juan,Frecuente,2026-03-19,ricardo3731@correo.pe,974403283.0
3732,25137298,Luis,Ramos Vásquez,Cajamarca,Nuevo,2025-12-12,luis3732@correo.pe,952822874.0
3733,19515546,Edwin,Terrones Flores,Baños del Inca,Corporativo,2025-11-16,edwin3733@correo.pe,999363402.0
3734,72468949,Milagros,Alva Torres,Cajamarca,Nuevo,2026-06-26,milagros3734@correo.pe,947999744.0
3735,41760235,Marleni,Ramos Chávez,Cajamarca,Corporativo,2026-08-28,marleni3735@correo.pe,925028421.0
3736,67878656,Milagros,Coronel Aguilar,Cajamarca,Nuevo,2025-12-19,milagros3736@correo.pe,994963479.0
3737,12622109,Yesenia,Chávez Coronel,Cajamarca,Nuevo,2026-06-28,yesenia3737@correo.pe,960497718.0
3738,71944676,Miguel,Tello Terrones,Cajamarca,Nuevo,2025-07-10,miguel3738@correo.pe,923996643.0
3739,36932316,Andrés,Terrones Flores,Cajamarca,Nuevo,2026-03-11,andres3739@correo.pe,911691390.0
3740,52784268,Fernando,Mendoza Sangay,Cajamarca,Nuevo,2026-07-23,fernando3740@correo.pe,987891755.0
3741,11568786,Andrés,Zelada Cabrera,Cajamarca,Nuevo,2025-11-26,andres3741@correo.pe,963135882.0
3742,54750409,Ricardo,Ramos Díaz,Namora,Nuevo,2025-06-29,ricardo3742@correo.pe,959192195.0
3743,36113141,Ana,Llamo Mego,Cajamarca,Frecuente,2025-07-09,ana3743@correo.pe,952743145.0
3744,40017217,Diego,Castrejón Guevara,Cajamarca,Nuevo,2025-06-14,diego3744@correo.pe,944428025.0
3745,24129711,Carmen,Cueva Tello,Los Baños,Nuevo,2025-08-14,carmen3745@correo.pe,996717399.0
3746,60901220,Ana,Pérez Vásquez,Cajabamba,Frecuente,2025-10-02,ana3746@correo.pe,983696689.0
3747,54395427,Luis,Aguilar Sánchez,Los Baños,Frecuente,2026-04-03,luis3747@correo.pe,953372429.0
3748,25265888,Gabriela,Flores Rojas,Baños del Inca,Frecuente,2025-11-05,gabriela3748@correo.pe,930324576.0
3749,37202822,Carmen,Sánchez Vásquez,Cajabamba,Nuevo,2025-06-09,carmen3749@correo.pe,947975484.0
3750,77408257,Elena,Castrejón Guevara,Cajamarca,Nuevo,2026-08-05,elena3750@correo.pe,917834154.0
3751,20274989,Gabriela,Castrejón Lozano,Baños del Inca,Nuevo,2026-06-12,gabriela3751@correo.pe,968320380.0
3752,56530673,Milagros,Aguilar Terrones,Los Baños,Nuevo,2025-08-11,milagros3752@correo.pe,941997386.0
3753,16139541,Carlos,Cabrera Castrejón,Cajamarca,Nuevo,2026-05-02,carlos3753@correo.pe,978251298.0
3754,71688623,Héctor,Terrones Castrejón,Cajamarca,Nuevo,2025-07-15,hector3754@correo.pe,920564062.0
3755,34382404,Luis,Sangay Zelada,Cajamarca,Frecuente,2025-11-25,luis3755@correo.pe,947205468.0
3756,23131743,Fernando,Flores Cueva,Cajamarca,Nuevo,2025-11-29,fernando3756@correo.pe,982456829.0
3757,79677080,Marleni,Cueva Flores,Cajamarca,Nuevo,2026-06-10,marleni3757@correo.pe,959621564.0
3758,70218757,María,Terrones Coronel,Cajamarca,Frecuente,2026-04-24,maria3758@correo.pe,993712943.0
3759,16804828,Wilmer,Ramos Guevara,Cajamarca,Nuevo,2025-06-30,wilmer3759@correo.pe,966820718.0
3760,75813998,Segundo,Coronel Chávez,Cajamarca,Frecuente,2026-04-15,segundo3760@correo.pe,910579805.0
3761,59329228,Miguel,Chávez Torres,Baños del Inca,Nuevo,2026-05-04,miguel3761@correo.pe,971273126.0
3762,56330959,Marleni,Díaz Ramos,Baños del Inca,Nuevo,2025-08-15,marleni3762@correo.pe,939160773.0
3763,14929034,José,Llamo Alva,Cajabamba,Nuevo,2025-09-16,jose3763@correo.pe,974282643.0
3764,17646813,José,Terrones Mendoza,Cajamarca,Nuevo,2025-06-23,jose3764@correo.pe,965203688.0
3765,49276992,Wilmer,Pérez Ramos,Los Baños,Frecuente,2026-08-01,wilmer3765@correo.pe,941083557.0
3766,24382609,Edwin,Llamo Sánchez,Cajamarca,Frecuente,2026-05-09,edwin3766@correo.pe,929834216.0
3767,46876928,Milagros,Castrejón Pérez,Cajamarca,Frecuente,2025-08-01,milagros3767@correo.pe,915361965.0
3768,43876017,Miguel,Flores Cueva,Cajamarca,Nuevo,2026-06-26,miguel3768@correo.pe,949676287.0
3769,63448482,Carlos,Lozano Bardales,Baños del Inca,Nuevo,2026-04-21,carlos3769@correo.pe,925539139.0
3770,54599291,Yesenia,Mendoza Guevara,Baños del Inca,Frecuente,2025-09-15,yesenia3770@correo.pe,980671158.0
3771,23396291,Camila,Rojas Cabrera,Cajamarca,Nuevo,2025-10-16,camila3771@correo.pe,969411029.0
3772,39204327,Marleni,Becerra Alva,Celendín,Nuevo,2025-06-28,marleni3772@correo.pe,974331686.0
3773,65980339,Pedro,Zelada Ramos,Cajamarca,Nuevo,2026-09-07,pedro3773@correo.pe,958801277.0
3774,32993431,Carmen,Flores Aguilar,Baños del Inca,Frecuente,2025-12-31,carmen3774@correo.pe,996562071.0
3775,32032448,Fernando,Tello Chávez,Los Baños,Nuevo,2026-09-09,fernando3775@correo.pe,954912302.0
3776,26087814,Rosa,Pérez Becerra,Baños del Inca,Nuevo,2026-08-18,rosa3776@correo.pe,922382165.0
3777,49353257,Segundo,Vásquez Rojas,Cajamarca,Frecuente,2026-05-08,segundo3777@correo.pe,966984751.0
3778,45709234,Juan,Guevara Huamán,Cajamarca,Nuevo,2025-10-23,juan3778@correo.pe,933324169.0
3779,58272200,Edwin,Huamán Tello,Cajamarca,Frecuente,2025-11-26,edwin3779@correo.pe,929917287.0
3780,70946962,Gabriela,Aguilar Mego,Cajamarca,Nuevo,2025-07-11,gabriela3780@correo.pe,924390921.0
3781,64099589,Miguel,Mendoza Bardales,Cajamarca,Nuevo,2026-03-20,miguel3781@correo.pe,920656077.0
3782,46533886,Wilmer,Becerra Terrones,Celendín,Nuevo,2025-06-17,wilmer3782@correo.pe,984423801.0
3783,61454906,Elena,Chávez Llamo,Cajamarca,Frecuente,2025-06-18,elena3783@correo.pe,933947690.0
3784,54978687,Pedro,Torres Castrejón,Cajabamba,Corporativo,2026-08-01,pedro3784@correo.pe,942727852.0
3785,18930745,Héctor,Rojas Vásquez,Celendín,Corporativo,2026-03-02,hector3785@correo.pe,954173198.0
3786,43327148,Rosa,Zelada Pérez,Cajamarca,Nuevo,2025-07-07,rosa3786@correo.pe,981967917.0
3787,58480603,Gabriela,Coronel Cabrera,San Juan,Nuevo,2025-08-29,gabriela3787@correo.pe,986630128.0
3788,61938777,Diego,Rojas Coronel,Cajamarca,Nuevo,2025-09-09,diego3788@correo.pe,947273331.0
3789,55859523,Jorge,Flores Castrejón,Magdalena,Frecuente,2025-08-20,jorge3789@correo.pe,942533075.0
3790,12625168,Milagros,Vásquez Mego,Cajamarca,Nuevo,2025-09-03,milagros3790@correo.pe,988736998.0
3791,47634367,Luz,Castrejón Cabrera,Jesús,Nuevo,2026-01-28,luz3791@correo.pe,956504735.0
3792,34380998,Segundo,Mego Sánchez,Cajamarca,Nuevo,2026-04-17,,945646522.0
3793,28952692,Luis,Llamo Torres,Baños del Inca,Frecuente,2026-04-03,luis3793@correo.pe,920568568.0
3794,52147553,Patricia,Tello Cueva,Baños del Inca,Frecuente,2025-08-02,patricia3794@correo.pe,984448729.0
3795,40668463,Andrés,Torres Díaz,Cajamarca,Frecuente,2025-09-11,andres3795@correo.pe,943671342.0
3796,17245996,Miguel,Alva Ramos,Cajamarca,Nuevo,2025-07-23,miguel3796@correo.pe,987308611.0
3797,56008292,Sofía,Torres Huamán,Magdalena,Frecuente,2026-02-16,sofia3797@correo.pe,952938127.0
3798,65344702,Milagros,Lozano Mego,Cajabamba,Frecuente,2026-08-07,milagros3798@correo.pe,939410402.0
3799,28241410,Camila,Terrones Cabrera,Cajamarca,Frecuente,2025-09-19,camila3799@correo.pe,915465203.0
3800,18918297,Noemí,Quispe Chávez,Baños del Inca,Frecuente,2026-02-21,noemi3800@correo.pe,931879092.0
3801,46989006,José,Flores Vásquez,Llacanora,Nuevo,2025-12-03,jose3801@correo.pe,959089169.0
3802,24263195,María,Llamo Cueva,Magdalena,Frecuente,2026-07-03,maria3802@correo.pe,998697760.0
3803,66797848,Ana,Alva Sangay,Baños del Inca,Nuevo,2026-06-06,ana3803@correo.pe,941028948.0
3804,16018050,Diego,Aguilar Chávez,Cajamarca,Nuevo,2025-06-26,diego3804@correo.pe,972999474.0
3805,29885509,Fernando,Tello Guevara,Cajabamba,Nuevo,2025-06-21,fernando3805@correo.pe,977198112.0
3806,77936277,Wilmer,Huamán Mendoza,Cajamarca,Nuevo,2026-03-30,wilmer3806@correo.pe,983124482.0
3807,26166891,Juan,Alva Chávez,Los Baños,Nuevo,2025-08-05,juan3807@correo.pe,954360508.0
3808,22867677,Diego,Tello Quispe,Cajamarca,Frecuente,2026-06-18,diego3808@correo.pe,984707620.0
3809,65025803,Yesenia,Alva Bardales,Cajamarca,Nuevo,2026-06-16,yesenia3809@correo.pe,935764350.0
3810,48179793,Juan,Ramos Sánchez,Cajamarca,Nuevo,2025-06-09,juan3810@correo.pe,982342976.0
3811,50092002,José,Huamán Cabrera,Cajamarca,Corporativo,2025-10-04,jose3811@correo.pe,989276041.0
3812,24556505,Andrés,Terrones Cabrera,San Juan,Nuevo,2026-08-29,andres3812@correo.pe,953367221.0
3813,75275073,Andrés,Sánchez Lozano,Cajamarca,Frecuente,2025-08-08,andres3813@correo.pe,919144469.0
3814,22972852,Wilmer,Pérez Coronel,San Juan,Frecuente,2025-09-19,wilmer3814@correo.pe,931954887.0
3815,31467596,Camila,Sangay Aguilar,Baños del Inca,Nuevo,2026-02-17,camila3815@correo.pe,981890088.0
3816,73127264,Luz,Bardales Mego,Baños del Inca,Nuevo,2026-04-01,luz3816@correo.pe,975902775.0
3817,43336172,Miguel,Terrones Castrejón,Cajamarca,Nuevo,2025-09-21,miguel3817@correo.pe,922007749.0
3818,22580946,Miguel,Guevara Flores,Cajamarca,Nuevo,2026-05-28,miguel3818@correo.pe,978461945.0
3819,10228884,Carmen,Aguilar Pérez,Cajamarca,Nuevo,2025-09-19,carmen3819@correo.pe,912988082.0
3820,71254563,Diego,Huamán Becerra,Baños del Inca,Nuevo,2026-08-28,diego3820@correo.pe,939161057.0
3821,78794420,Gabriela,Chávez Cabrera,Celendín,Nuevo,2026-08-17,gabriela3821@correo.pe,926416610.0
3822,64402718,Patricia,Cabrera Sangay,Baños del Inca,Corporativo,2025-12-26,patricia3822@correo.pe,992561747.0
3823,11756906,Segundo,Cueva Guevara,Cajamarca,Frecuente,2026-03-30,segundo3823@correo.pe,994129937.0
3824,45097568,Andrés,Tello Flores,Cajamarca,Nuevo,2025-08-03,andres3824@correo.pe,958498564.0
3825,23112988,Carlos,Sánchez Sangay,Cajamarca,Corporativo,2026-06-23,carlos3825@correo.pe,998840752.0
3826,73095558,Wilmer,Cabrera Cueva,Cajamarca,Nuevo,2026-05-25,wilmer3826@correo.pe,977997983.0
3827,33252060,Wilmer,Huamán Rojas,Cajamarca,Frecuente,2026-06-10,wilmer3827@correo.pe,919226196.0
3828,48201227,Diego,Mendoza Terrones,Cajamarca,Nuevo,2025-09-24,diego3828@correo.pe,954209858.0
3829,69348814,Yesenia,Pérez Pérez,Celendín,Frecuente,2026-05-25,yesenia3829@correo.pe,910972298.0
3830,57936431,Wilmer,Díaz Zelada,Cajamarca,Nuevo,2026-06-24,wilmer3830@correo.pe,987362741.0
3831,65218019,Juan,Flores Zelada,Cajamarca,Nuevo,2026-02-04,juan3831@correo.pe,961269383.0
3832,50684022,Valeria,Llamo Lozano,Cajamarca,Frecuente,2026-03-10,valeria3832@correo.pe,976814761.0
3833,32656296,Héctor,Ramos Castrejón,Cajabamba,Nuevo,2026-02-24,hector3833@correo.pe,998442345.0
3834,59716319,Fernando,Mego Huamán,Cajamarca,Frecuente,2025-06-12,fernando3834@correo.pe,966172364.0
3835,30362976,Sofía,Huamán Lozano,Los Baños,Nuevo,2025-08-14,sofia3835@correo.pe,913086518.0
3836,16160614,Ricardo,Terrones Flores,Cajabamba,Frecuente,2026-09-02,ricardo3836@correo.pe,938236401.0
3837,33662234,Edwin,Alva Castrejón,Cajamarca,Frecuente,2026-03-24,edwin3837@correo.pe,970263349.0
3838,41753891,Gabriela,Torres Chávez,Los Baños,Nuevo,2025-12-12,gabriela3838@correo.pe,998873678.0
3839,55938722,Andrés,Huamán Mego,Cajamarca,Frecuente,2026-01-27,andres3839@correo.pe,959746921.0
3840,47896053,Marleni,Zelada Ramos,San Juan,Nuevo,2025-12-14,marleni3840@correo.pe,925250099.0
3841,42066969,Sofía,Díaz Huamán,Cajamarca,Nuevo,2025-09-08,sofia3841@correo.pe,975158405.0
3842,46197115,Valeria,Guevara Cueva,Cajamarca,Frecuente,2025-07-02,valeria3842@correo.pe,974669207.0
3843,32966443,Ricardo,Huamán Mendoza,Magdalena,Nuevo,2026-05-21,ricardo3843@correo.pe,913351663.0
3844,41836344,Marleni,Mego Chávez,Cajamarca,Nuevo,2026-07-17,marleni3844@correo.pe,925587787.0
3845,65469799,Segundo,Quispe Bardales,Celendín,Frecuente,2026-08-18,segundo3845@correo.pe,971207268.0
3846,74814381,Héctor,Llamo Lozano,Baños del Inca,Nuevo,2025-06-06,hector3846@correo.pe,933608503.0
3847,48790054,Andrés,Tello Coronel,Cajamarca,Nuevo,2026-04-28,andres3847@correo.pe,999666058.0
3848,19493065,Elena,Rojas Torres,Cajamarca,Nuevo,2025-07-08,elena3848@correo.pe,952374775.0
3849,25618282,Elena,Bardales Pérez,Los Baños,Frecuente,2026-03-16,elena3849@correo.pe,991590176.0
3850,22000977,Héctor,Aguilar Cueva,Cajabamba,Nuevo,2025-09-16,hector3850@correo.pe,948507753.0
3851,69156912,Sofía,Sangay Mendoza,Baños del Inca,Frecuente,2026-01-08,,982320715.0
3852,41799915,Luis,Becerra Becerra,Cajamarca,Nuevo,2026-03-04,luis3852@correo.pe,917187755.0
3853,47707310,Héctor,Ramos Chávez,San Juan,Nuevo,2026-05-20,hector3853@correo.pe,971139031.0
3854,74181744,Miguel,Rojas Terrones,Cajamarca,Nuevo,2026-05-22,miguel3854@correo.pe,970383393.0
3855,75319166,Juan,Mego Tello,Cajamarca,Nuevo,2025-11-17,juan3855@correo.pe,972091637.0
3856,49467596,Segundo,Guevara Pérez,Jesús,Nuevo,2025-10-29,segundo3856@correo.pe,943513028.0
3857,51959312,Valeria,Tello Chávez,Llacanora,Nuevo,2025-07-28,valeria3857@correo.pe,950671456.0
3858,76269807,Héctor,Tello Terrones,Cajamarca,Frecuente,2026-07-15,,986978243.0
3859,32824301,Luis,Quispe Huamán,San Juan,Frecuente,2026-02-01,luis3859@correo.pe,938417982.0
3860,59748268,Héctor,Cueva Ramos,Cajamarca,Nuevo,2026-03-06,hector3860@correo.pe,944315559.0
3861,12242417,Elena,Pérez Castrejón,Cajamarca,Frecuente,2026-03-31,elena3861@correo.pe,945218986.0
3862,37512719,Noemí,Castrejón Mego,Cajamarca,Nuevo,2026-05-16,noemi3862@correo.pe,912449885.0
3863,70660696,Sofía,Alva Lozano,Cajamarca,Frecuente,2025-11-27,sofia3863@correo.pe,989694726.0
3864,75871227,Segundo,Tello Zelada,Baños del Inca,Frecuente,2026-02-24,segundo3864@correo.pe,972289965.0
3865,18617424,Sofía,Huamán Becerra,Cajabamba,Nuevo,2026-06-21,sofia3865@correo.pe,932149411.0
3866,13668330,Jorge,Díaz Pérez,Cajamarca,Nuevo,2025-11-02,jorge3866@correo.pe,997562585.0
3867,76464647,Andrés,Alva Castrejón,Jesús,Nuevo,2026-04-17,andres3867@correo.pe,967859046.0
3868,36943050,María,Díaz Sangay,Llacanora,Frecuente,2026-02-05,maria3868@correo.pe,916853771.0
3869,22069555,Elena,Ramos Huamán,Cajamarca,Corporativo,2025-11-24,elena3869@correo.pe,994666415.0
3870,56429223,Gabriela,Bardales Quispe,Cajamarca,Nuevo,2025-08-21,gabriela3870@correo.pe,977274019.0
3871,10896059,Luis,Terrones Tello,Cajamarca,Frecuente,2026-09-12,luis3871@correo.pe,965480100.0
3872,14660718,Ricardo,Terrones Aguilar,Cajamarca,Nuevo,2026-06-27,ricardo3872@correo.pe,970402699.0
3873,40309457,Rosa,Sangay Huamán,Cajamarca,Frecuente,2026-02-23,rosa3873@correo.pe,992280741.0
3874,45152263,Fernando,Díaz Vásquez,Cajamarca,Corporativo,2026-04-27,fernando3874@correo.pe,912987344.0
3875,18936121,Valeria,Llamo Castrejón,Los Baños,Nuevo,2025-08-02,valeria3875@correo.pe,942367213.0
3876,32990061,Ana,Terrones Sánchez,Celendín,Nuevo,2025-09-09,ana3876@correo.pe,915795064.0
3877,71104103,Miguel,Cueva Díaz,Celendín,Frecuente,2025-10-01,miguel3877@correo.pe,960264258.0
3878,37369527,Edwin,Coronel Torres,Baños del Inca,Nuevo,2025-10-15,edwin3878@correo.pe,996596743.0
3879,25169927,Diego,Zelada Bardales,Cajamarca,Frecuente,2025-09-19,diego3879@correo.pe,968396817.0
3880,34334593,Pedro,Flores Sangay,Cajamarca,Nuevo,2025-10-13,pedro3880@correo.pe,912276787.0
3881,61251355,Wilmer,Castrejón Cueva,Cajamarca,Frecuente,2025-11-18,wilmer3881@correo.pe,959989516.0
3882,16789490,Milagros,Llamo Bardales,Magdalena,Nuevo,2025-07-28,milagros3882@correo.pe,962458340.0
3883,45746199,Camila,Guevara Pérez,Cajamarca,Frecuente,2025-08-02,camila3883@correo.pe,926740763.0
3884,74563703,Carlos,Alva Tello,San Juan,Corporativo,2026-01-03,carlos3884@correo.pe,982503733.0
3885,49560072,Carmen,Terrones Flores,Cajamarca,Frecuente,2025-12-04,carmen3885@correo.pe,998129298.0
3886,48544357,Elena,Rojas Terrones,Magdalena,Nuevo,2026-03-14,elena3886@correo.pe,926673714.0
3887,51253801,Valeria,Guevara Coronel,Cajamarca,Nuevo,2025-06-18,valeria3887@correo.pe,935992078.0
3888,78090065,Pedro,Alva Sangay,Jesús,Nuevo,2026-04-01,pedro3888@correo.pe,986410458.0
3889,60602232,Luz,Flores Sánchez,Baños del Inca,Nuevo,2025-07-11,luz3889@correo.pe,929214172.0
3890,55664157,Andrés,Guevara Llamo,Cajamarca,Nuevo,2026-02-04,andres3890@correo.pe,962550118.0
3891,72518945,Segundo,Díaz Ramos,Cajamarca,Frecuente,2025-07-08,segundo3891@correo.pe,916023529.0
3892,17708272,Luis,Quispe Terrones,Cajamarca,Frecuente,2025-06-14,,915881008.0
3893,14116381,Camila,Mego Aguilar,Cajamarca,Frecuente,2025-10-17,camila3893@correo.pe,929500084.0
3894,29138922,Elena,Cueva Mendoza,Baños del Inca,Frecuente,2026-08-06,elena3894@correo.pe,971103378.0
3895,50364992,Patricia,Rojas Terrones,Cajamarca,Frecuente,2025-08-01,patricia3895@correo.pe,948723606.0
3896,31114482,Segundo,Chávez Bardales,Cajamarca,Nuevo,2025-10-20,segundo3896@correo.pe,917405697.0
3897,60395487,Marleni,Becerra Llamo,Cajamarca,Nuevo,2025-06-21,marleni3897@correo.pe,930500887.0
3898,71033981,María,Díaz Chávez,Los Baños,Nuevo,2025-07-07,maria3898@correo.pe,959717466.0
3899,57992165,Gabriela,Vásquez Chávez,Baños del Inca,Nuevo,2025-08-09,gabriela3899@correo.pe,918716633.0
3900,55827313,Jorge,Terrones Llamo,Cajamarca,Nuevo,2026-07-19,jorge3900@correo.pe,931375571.0
3901,61450418,Carmen,Chávez Ramos,Jesús,Nuevo,2026-05-07,carmen3901@correo.pe,985337814.0
3902,68410688,Valeria,Castrejón Chávez,Cajamarca,Nuevo,2026-01-13,valeria3902@correo.pe,989378281.0
3903,61624417,Juan,Castrejón Terrones,Cajamarca,Frecuente,2025-12-04,juan3903@correo.pe,960379379.0
3904,40598728,Edwin,Mendoza Castrejón,Baños del Inca,Nuevo,2026-03-17,,974330852.0
3905,46219033,Sofía,Sangay Vásquez,Cajamarca,Nuevo,2026-07-30,sofia3905@correo.pe,963051714.0
3906,40036223,Wilmer,Coronel Becerra,Cajamarca,Nuevo,2026-03-05,wilmer3906@correo.pe,914161572.0
3907,13245986,Segundo,Llamo Alva,San Juan,Frecuente,2026-07-03,segundo3907@correo.pe,939495376.0
3908,13252085,Miguel,Vásquez Alva,Llacanora,Nuevo,2026-04-23,miguel3908@correo.pe,916538710.0
3909,79142837,Wilmer,Bardales Vásquez,Cajamarca,Nuevo,2025-07-24,,956031421.0
3910,60436891,Milagros,Sánchez Zelada,Baños del Inca,Nuevo,2025-11-08,milagros3910@correo.pe,989139191.0
3911,61669773,Edwin,Chávez Huamán,Cajamarca,Nuevo,2026-01-08,edwin3911@correo.pe,951017007.0
3912,26733880,Milagros,Mego Guevara,Cajamarca,Frecuente,2026-02-24,milagros3912@correo.pe,984247208.0
3913,30712828,Patricia,Coronel Bardales,Celendín,Nuevo,2026-08-18,patricia3913@correo.pe,929847940.0
3914,58934324,Juan,Lozano Vásquez,Magdalena,Nuevo,2025-11-21,juan3914@correo.pe,935536271.0
3915,21582776,Edwin,Llamo Cueva,Cajamarca,Frecuente,2025-07-12,edwin3915@correo.pe,978204209.0
3916,78220231,María,Huamán Mendoza,Los Baños,Nuevo,2025-11-05,maria3916@correo.pe,921549462.0
3917,27389460,Luis,Aguilar Becerra,Baños del Inca,Nuevo,2025-10-02,luis3917@correo.pe,947193468.0
3918,30862950,Elena,Quispe Terrones,Cajamarca,Nuevo,2025-09-07,elena3918@correo.pe,966537481.0
3919,26361035,Ana,Alva Bardales,Cajamarca,Frecuente,2026-01-30,ana3919@correo.pe,936151144.0
3920,33465127,Héctor,Bardales Zelada,Cajamarca,Nuevo,2025-11-30,hector3920@correo.pe,941797571.0
3921,70755997,Rosa,Chávez Guevara,Cajamarca,Nuevo,2026-07-26,rosa3921@correo.pe,961624396.0
3922,77741852,Ana,Sánchez Sangay,Baños del Inca,Nuevo,2025-12-04,ana3922@correo.pe,961571957.0
3923,77461813,Pedro,Tello Aguilar,Cajamarca,Nuevo,2025-12-18,pedro3923@correo.pe,923047538.0
3924,20999777,Rosa,Díaz Becerra,Cajamarca,Frecuente,2026-06-16,rosa3924@correo.pe,912215819.0
3925,28532205,José,Pérez Sánchez,Cajamarca,Frecuente,2025-11-20,jose3925@correo.pe,991511514.0
3926,40593098,Sofía,Huamán Quispe,Magdalena,Frecuente,2026-02-11,sofia3926@correo.pe,917812016.0
3927,35388979,Segundo,Rojas Flores,Los Baños,Frecuente,2026-01-27,segundo3927@correo.pe,987729576.0
3928,29011211,Ricardo,Cabrera Huamán,Cajamarca,Frecuente,2025-09-26,ricardo3928@correo.pe,951924654.0
3929,67928688,Camila,Pérez Vásquez,Cajabamba,Frecuente,2025-07-23,camila3929@correo.pe,932593705.0
3930,60956824,Milagros,Lozano Llamo,Cajamarca,Nuevo,2025-08-01,milagros3930@correo.pe,990203157.0
3931,60256482,Luz,Cueva Rojas,Magdalena,Nuevo,2025-10-02,luz3931@correo.pe,912910445.0
3932,62172239,Miguel,Vásquez Guevara,Cajamarca,Frecuente,2026-09-02,miguel3932@correo.pe,946412808.0
3933,29418156,Ricardo,Alva Becerra,Cajamarca,Nuevo,2026-03-02,ricardo3933@correo.pe,937922976.0
3934,45054521,Edwin,Castrejón Díaz,Cajabamba,Nuevo,2026-05-25,edwin3934@correo.pe,961431561.0
3935,46199853,Miguel,Mego Sangay,Baños del Inca,Frecuente,2026-06-13,miguel3935@correo.pe,944084433.0
3936,70375220,Gabriela,Tello Ramos,Los Baños,Nuevo,2025-09-16,gabriela3936@correo.pe,927862958.0
3937,61097369,Luis,Flores Bardales,Cajamarca,Frecuente,2026-05-01,luis3937@correo.pe,915679700.0
3938,35985768,Carmen,Coronel Lozano,Cajamarca,Nuevo,2025-06-19,carmen3938@correo.pe,921083965.0
3939,48678097,Luz,Quispe Torres,Baños del Inca,Nuevo,2025-09-09,luz3939@correo.pe,928312163.0
3940,75305468,Miguel,Coronel Ramos,Cajamarca,Frecuente,2026-07-24,miguel3940@correo.pe,993635740.0
3941,73651269,Juan,Guevara Bardales,Cajamarca,Nuevo,2026-03-26,juan3941@correo.pe,994157503.0
3942,32045401,Camila,Huamán Pérez,Cajamarca,Nuevo,2025-06-29,camila3942@correo.pe,928879407.0
3943,38119466,Carlos,Bardales Rojas,Cajamarca,Frecuente,2026-04-21,carlos3943@correo.pe,950004889.0
3944,61718849,Diego,Llamo Lozano,Cajamarca,Nuevo,2026-01-31,diego3944@correo.pe,929461557.0
3945,13936379,Patricia,Ramos Vásquez,San Juan,Nuevo,2026-06-19,patricia3945@correo.pe,953477353.0
3946,10882859,Miguel,Tello Llamo,Baños del Inca,Nuevo,2025-09-21,miguel3946@correo.pe,914141421.0
3947,20080601,Elena,Llamo Alva,Cajamarca,Nuevo,2026-04-19,elena3947@correo.pe,913051234.0
3948,27075542,Milagros,Alva Huamán,Los Baños,Frecuente,2025-07-02,milagros3948@correo.pe,966977409.0
3949,19425482,Andrés,Lozano Cabrera,Cajamarca,Nuevo,2025-06-09,andres3949@correo.pe,985885799.0
3950,26095934,Segundo,Guevara Rojas,Cajamarca,Nuevo,2025-12-27,segundo3950@correo.pe,927486338.0
3951,10510833,Segundo,Sánchez Coronel,Cajamarca,Frecuente,2026-05-23,segundo3951@correo.pe,989093988.0
3952,73794823,Segundo,Quispe Huamán,Celendín,Nuevo,2026-02-26,segundo3952@correo.pe,987926976.0
3953,18120697,Yesenia,Becerra Becerra,Celendín,Frecuente,2025-12-11,yesenia3953@correo.pe,917128802.0
3954,13927480,Edwin,Quispe Chávez,Cajamarca,Nuevo,2026-02-21,edwin3954@correo.pe,980195086.0
3955,51097325,Elena,Quispe Aguilar,Cajamarca,Nuevo,2026-04-16,elena3955@correo.pe,938255600.0
3956,14758205,Fernando,Chávez Zelada,Baños del Inca,Nuevo,2026-09-05,fernando3956@correo.pe,914668590.0
3957,63421965,Carlos,Pérez Castrejón,Namora,Corporativo,2026-01-11,carlos3957@correo.pe,965156623.0
3958,23553869,José,Aguilar Mego,San Juan,Nuevo,2026-03-06,,959872849.0
3959,62235236,Héctor,Aguilar Rojas,Cajamarca,Frecuente,2026-03-22,hector3959@correo.pe,921177985.0
3960,71292575,María,Rojas Cabrera,Baños del Inca,Nuevo,2026-09-11,maria3960@correo.pe,976987765.0
3961,43945724,Noemí,Vásquez Castrejón,Cajamarca,Frecuente,2026-06-28,noemi3961@correo.pe,950336149.0
3962,60074655,Patricia,Huamán Torres,Cajamarca,Frecuente,2025-06-25,patricia3962@correo.pe,932472255.0
3963,74596809,Segundo,Flores Cabrera,Cajamarca,Nuevo,2025-09-22,segundo3963@correo.pe,959091577.0
3964,73995294,Elena,Quispe Chávez,Magdalena,Nuevo,2025-06-29,elena3964@correo.pe,957625458.0
3965,12963213,Ricardo,Torres Tello,Cajamarca,Frecuente,2026-01-08,ricardo3965@correo.pe,980899274.0
3966,43472587,Pedro,Mendoza Torres,Cajamarca,Nuevo,2025-07-19,pedro3966@correo.pe,987963768.0
3967,47450866,Valeria,Vásquez Alva,Cajamarca,Frecuente,2026-04-24,valeria3967@correo.pe,928784402.0
3968,73805058,Diego,Vásquez Mendoza,Cajamarca,Frecuente,2025-06-30,diego3968@correo.pe,960220060.0
3969,32885917,Andrés,Coronel Bardales,Cajamarca,Nuevo,2026-04-22,andres3969@correo.pe,956585277.0
3970,39745906,Carmen,Coronel Ramos,Cajamarca,Corporativo,2026-07-22,,942309904.0
3971,69850499,Luis,Guevara Bardales,Cajamarca,Frecuente,2026-06-18,luis3971@correo.pe,984728619.0
3972,21951181,Andrés,Sangay Mego,Cajamarca,Nuevo,2026-01-20,andres3972@correo.pe,999899584.0
3973,36646031,Andrés,Terrones Vásquez,Cajamarca,Nuevo,2025-08-08,andres3973@correo.pe,971954569.0
3974,60190342,Sofía,Huamán Becerra,Cajamarca,Nuevo,2026-02-26,sofia3974@correo.pe,998614947.0
3975,28060222,Ricardo,Pérez Alva,Cajamarca,Nuevo,2025-09-19,ricardo3975@correo.pe,978872664.0
3976,38315432,Carmen,Chávez Quispe,Llacanora,Frecuente,2026-03-15,carmen3976@correo.pe,980882802.0
3977,37340697,Diego,Flores Mego,Cajamarca,Frecuente,2026-02-09,diego3977@correo.pe,938883722.0
3978,76425937,Rosa,Bardales Mendoza,Cajamarca,Frecuente,2026-08-21,rosa3978@correo.pe,941815913.0
3979,52799545,Noemí,Becerra Vásquez,San Juan,Nuevo,2026-09-02,noemi3979@correo.pe,996338633.0
3980,41540539,Milagros,Huamán Quispe,Cajamarca,Nuevo,2026-05-29,milagros3980@correo.pe,942594323.0
3981,74201140,Patricia,Guevara Sangay,Celendín,Nuevo,2025-08-03,patricia3981@correo.pe,990557402.0
3982,10241342,Camila,Cabrera Sangay,Los Baños,Nuevo,2025-07-07,camila3982@correo.pe,942418560.0
3983,43552169,Andrés,Pérez Rojas,Baños del Inca,Nuevo,2026-05-17,andres3983@correo.pe,957102865.0
3984,63903400,Milagros,Flores Aguilar,Cajamarca,Nuevo,2026-05-21,milagros3984@correo.pe,981564247.0
3985,68335631,Sofía,Quispe Flores,Baños del Inca,Nuevo,2026-02-25,sofia3985@correo.pe,997330686.0
3986,44108936,Carmen,Cueva Flores,Cajamarca,Frecuente,2025-10-06,carmen3986@correo.pe,939419453.0
3987,52894137,Fernando,Coronel Quispe,Celendín,Nuevo,2026-04-18,fernando3987@correo.pe,981835394.0
3988,23583125,Andrés,Llamo Guevara,Cajamarca,Frecuente,2025-11-25,andres3988@correo.pe,998550967.0
3989,12830052,Wilmer,Sangay Coronel,Cajamarca,Nuevo,2026-04-01,wilmer3989@correo.pe,926738484.0
3990,79457907,Wilmer,Alva Castrejón,Cajamarca,Nuevo,2026-09-11,wilmer3990@correo.pe,941576312.0
3991,24056181,Fernando,Cueva Mego,Llacanora,Nuevo,2026-08-08,fernando3991@correo.pe,969879288.0
3992,39140524,Carlos,Vásquez Rojas,Cajamarca,Corporativo,2026-06-23,carlos3992@correo.pe,994583906.0
3993,24172626,Patricia,Becerra Lozano,Cajamarca,Frecuente,2025-12-27,,959783720.0
3994,76279271,Carmen,Tello Torres,Baños del Inca,Corporativo,2026-01-08,carmen3994@correo.pe,973048657.0
3995,56057765,Elena,Vásquez Cueva,Cajamarca,Nuevo,2026-02-16,elena3995@correo.pe,935301852.0
3996,52685281,Marleni,Chávez Zelada,Los Baños,Nuevo,2026-05-16,marleni3996@correo.pe,944673194.0
3997,42071694,María,Tello Sangay,Cajamarca,Frecuente,2025-12-16,maria3997@correo.pe,967738597.0
3998,31443316,Juan,Rojas Aguilar,Cajamarca,Nuevo,2025-09-19,juan3998@correo.pe,919649035.0
3999,14871900,Marleni,Becerra Sangay,Baños del Inca,Nuevo,2026-04-18,marleni3999@correo.pe,916735482.0
4000,72161296,Diego,Ramos Mendoza,Cajamarca,Nuevo,2026-01-25,diego4000@correo.pe,975773342.0
4001,45868564,Wilmer,Flores Aguilar,Cajamarca,Frecuente,2025-06-12,wilmer4001@correo.pe,921890010.0
4002,17959329,Elena,Cabrera Rojas,Cajamarca,Nuevo,2026-06-14,elena4002@correo.pe,974699280.0
4003,29291542,Camila,Lozano Huamán,Cajamarca,Nuevo,2025-07-26,camila4003@correo.pe,952058150.0
4004,71873598,Gabriela,Zelada Aguilar,Cajamarca,Nuevo,2026-08-03,gabriela4004@correo.pe,920459960.0
4005,29666070,Elena,Tello Huamán,Cajamarca,Nuevo,2025-06-20,elena4005@correo.pe,991462399.0
4006,51455337,Noemí,Cabrera Ramos,Cajamarca,Nuevo,2026-04-29,noemi4006@correo.pe,937710987.0
4007,37373444,Camila,Quispe Coronel,Cajabamba,Frecuente,2025-07-11,camila4007@correo.pe,991651329.0
4008,61550427,Pedro,Torres Torres,Cajamarca,Nuevo,2026-03-30,pedro4008@correo.pe,921664981.0
4009,32744745,Segundo,Vásquez Chávez,Celendín,Nuevo,2026-05-20,segundo4009@correo.pe,995014558.0
4010,78897848,Juan,Sánchez Quispe,Cajamarca,Nuevo,2026-07-31,juan4010@correo.pe,922586259.0
4011,14457024,Valeria,Alva Flores,Cajamarca,Corporativo,2026-01-12,valeria4011@correo.pe,930667956.0
4012,32771833,Patricia,Mego Flores,Cajabamba,Nuevo,2025-12-04,patricia4012@correo.pe,960259458.0
4013,25335261,Noemí,Quispe Guevara,Cajamarca,Nuevo,2026-06-18,noemi4013@correo.pe,917059608.0
4014,40658832,Luis,Lozano Huamán,Cajamarca,Nuevo,2026-03-07,luis4014@correo.pe,942248346.0
4015,47228414,Wilmer,Terrones Zelada,Baños del Inca,Nuevo,2026-07-26,wilmer4015@correo.pe,931062903.0
4016,10925596,Juan,Guevara Coronel,Llacanora,Frecuente,2026-06-08,juan4016@correo.pe,969306528.0
4017,54531084,Patricia,Torres Sánchez,Baños del Inca,Nuevo,2026-07-20,patricia4017@correo.pe,992541916.0
4018,11548897,Noemí,Terrones Torres,Cajamarca,Nuevo,2025-06-25,noemi4018@correo.pe,951044853.0
4019,20222995,Pedro,Lozano Sánchez,Cajamarca,Nuevo,2026-07-21,pedro4019@correo.pe,977693252.0
4020,31898897,Edwin,Ramos Sánchez,Cajamarca,Frecuente,2025-06-30,edwin4020@correo.pe,996231043.0
4021,27184655,Ricardo,Becerra Cueva,Cajamarca,Nuevo,2025-06-15,ricardo4021@correo.pe,992059578.0
4022,37464584,Luis,Chávez Guevara,Baños del Inca,Frecuente,2026-01-27,luis4022@correo.pe,960713616.0
4023,28694879,Marleni,Zelada Llamo,Cajamarca,Nuevo,2026-04-05,marleni4023@correo.pe,954690319.0
4024,30479946,Jorge,Tello Sánchez,Cajamarca,Frecuente,2026-02-12,jorge4024@correo.pe,945094185.0
4025,11199448,Carlos,Alva Terrones,Cajamarca,Nuevo,2025-10-27,carlos4025@correo.pe,917684449.0
4026,18965051,José,Pérez Chávez,Cajamarca,Frecuente,2025-11-04,jose4026@correo.pe,965355854.0
4027,59762925,Fernando,Mego Cabrera,Jesús,Nuevo,2026-07-15,fernando4027@correo.pe,992085919.0
4028,58194213,Luis,Aguilar Mendoza,Cajamarca,Frecuente,2025-08-20,luis4028@correo.pe,958899331.0
4029,78860821,Ricardo,Sangay Lozano,Cajamarca,Frecuente,2026-07-11,ricardo4029@correo.pe,985286613.0
4030,76665315,Héctor,Vásquez Quispe,Magdalena,Frecuente,2026-04-19,hector4030@correo.pe,910594508.0
4031,73046811,Edwin,Sánchez Chávez,Llacanora,Nuevo,2025-07-17,edwin4031@correo.pe,973862039.0
4032,67879457,Milagros,Lozano Terrones,Cajamarca,Nuevo,2025-12-06,milagros4032@correo.pe,977746887.0
4033,43642703,Andrés,Vásquez Díaz,Cajamarca,Frecuente,2025-06-21,andres4033@correo.pe,922106316.0
4034,18665065,Camila,Rojas Llamo,Cajabamba,Nuevo,2026-01-05,camila4034@correo.pe,932334195.0
4035,29322237,Juan,Quispe Alva,Cajamarca,Frecuente,2025-08-15,juan4035@correo.pe,935389117.0
4036,64230535,Elena,Lozano Flores,Baños del Inca,Frecuente,2026-08-02,elena4036@correo.pe,958999174.0
4037,19936148,Juan,Coronel Díaz,Celendín,Frecuente,2026-08-19,,954191983.0
4038,43062928,Sofía,Pérez Huamán,Cajamarca,Nuevo,2025-11-19,sofia4038@correo.pe,991515894.0
4039,47795469,Edwin,Sánchez Bardales,Cajamarca,Nuevo,2026-03-14,edwin4039@correo.pe,976612113.0
4040,68250312,Jorge,Castrejón Sánchez,Cajamarca,Nuevo,2026-02-22,jorge4040@correo.pe,947506394.0
4041,20267902,Elena,Castrejón Llamo,Cajamarca,Nuevo,2026-08-06,elena4041@correo.pe,928055106.0
4042,52376998,Milagros,Alva Tello,Cajamarca,Frecuente,2025-06-18,milagros4042@correo.pe,990178437.0
4043,33657836,María,Bardales Mendoza,Los Baños,Nuevo,2026-03-14,maria4043@correo.pe,996706303.0
4044,22790060,Carmen,Huamán Huamán,Baños del Inca,Frecuente,2026-03-14,carmen4044@correo.pe,934905230.0
4045,52165086,Carlos,Vásquez Alva,San Juan,Frecuente,2025-10-29,carlos4045@correo.pe,916632070.0
4046,23223529,Patricia,Cabrera Flores,Cajamarca,Nuevo,2025-09-29,patricia4046@correo.pe,969894521.0
4047,34679587,Edwin,Mego Sánchez,Cajamarca,Frecuente,2025-08-28,edwin4047@correo.pe,944062912.0
4048,32702332,Elena,Becerra Alva,Cajamarca,Nuevo,2026-01-30,elena4048@correo.pe,918954174.0
4049,20321200,José,Flores Díaz,Cajamarca,Nuevo,2025-09-20,jose4049@correo.pe,917275214.0
4050,66079588,Fernando,Huamán Aguilar,Cajamarca,Nuevo,2025-11-26,,978599147.0
4051,53712351,Elena,Sangay Cabrera,Cajamarca,Frecuente,2025-10-26,elena4051@correo.pe,972322166.0
4052,35170360,Rosa,Becerra Mendoza,Baños del Inca,Frecuente,2026-01-08,rosa4052@correo.pe,975714109.0
4053,25130930,Miguel,Quispe Mendoza,Cajamarca,Frecuente,2025-09-23,miguel4053@correo.pe,933401338.0
4054,47729864,Gabriela,Vásquez Huamán,Cajamarca,Nuevo,2025-07-10,gabriela4054@correo.pe,977905588.0
4055,13915485,Héctor,Llamo Sánchez,Jesús,Nuevo,2026-04-19,hector4055@correo.pe,930471243.0
4056,31862830,Juan,Sangay Cueva,Los Baños,Nuevo,2026-04-13,juan4056@correo.pe,992851510.0
4057,19555897,Valeria,Flores Alva,Cajamarca,Frecuente,2025-07-20,valeria4057@correo.pe,999622042.0
4058,16330751,Segundo,Quispe Mendoza,Cajamarca,Nuevo,2026-06-03,segundo4058@correo.pe,935758611.0
4059,48766235,Héctor,Vásquez Lozano,Jesús,Nuevo,2026-06-27,hector4059@correo.pe,951963473.0
4060,21935451,Pedro,Tello Becerra,Cajamarca,Frecuente,2025-06-02,pedro4060@correo.pe,966750527.0
4061,64312881,Miguel,Bardales Torres,Magdalena,Nuevo,2025-09-25,miguel4061@correo.pe,946578353.0
4062,63713909,Elena,Lozano Mendoza,Cajamarca,Frecuente,2026-07-02,elena4062@correo.pe,918722006.0
4063,65626980,Ricardo,Coronel Rojas,Baños del Inca,Frecuente,2025-12-03,ricardo4063@correo.pe,956467320.0
4064,23396366,Segundo,Lozano Rojas,Cajamarca,Frecuente,2025-09-11,segundo4064@correo.pe,987658973.0
4065,32221664,Patricia,Huamán Sánchez,Baños del Inca,Frecuente,2026-07-18,patricia4065@correo.pe,942025598.0
4066,15076195,Valeria,Cabrera Guevara,Cajamarca,Nuevo,2026-08-20,valeria4066@correo.pe,970730038.0
4067,72497376,José,Torres Guevara,Los Baños,Frecuente,2026-08-21,jose4067@correo.pe,982010961.0
4068,73561776,Ricardo,Becerra Terrones,Cajamarca,Nuevo,2026-02-23,ricardo4068@correo.pe,948340410.0
4069,17707182,Valeria,Cabrera Tello,Los Baños,Nuevo,2025-08-16,valeria4069@correo.pe,992697607.0
4070,63051168,Valeria,Mendoza Rojas,Cajabamba,Frecuente,2026-02-21,valeria4070@correo.pe,964524772.0
4071,50104384,Carlos,Tello Chávez,Magdalena,Frecuente,2026-02-10,carlos4071@correo.pe,979038655.0
4072,17996274,Fernando,Coronel Cueva,Cajamarca,Frecuente,2026-07-15,fernando4072@correo.pe,939609072.0
4073,46058906,Edwin,Flores Pérez,Celendín,Frecuente,2025-12-17,edwin4073@correo.pe,935157678.0
4074,51538751,Yesenia,Tello Torres,Celendín,Nuevo,2026-06-23,yesenia4074@correo.pe,991136798.0
4075,27844518,Fernando,Mendoza Cueva,Cajabamba,Frecuente,2025-11-18,fernando4075@correo.pe,912099365.0
4076,27480002,Rosa,Pérez Cabrera,Celendín,Nuevo,2025-08-11,rosa4076@correo.pe,979534904.0
4077,78642989,Carlos,Guevara Ramos,Cajamarca,Frecuente,2026-09-12,carlos4077@correo.pe,912664580.0
4078,21446183,Sofía,Llamo Vásquez,Namora,Nuevo,2026-03-11,sofia4078@correo.pe,949608645.0
4079,72394489,María,Ramos Guevara,Baños del Inca,Nuevo,2025-07-03,maria4079@correo.pe,979324119.0
4080,21664422,Fernando,Aguilar Díaz,Cajamarca,Nuevo,2026-04-16,fernando4080@correo.pe,963714531.0
4081,60183593,Carmen,Mendoza Quispe,Baños del Inca,Nuevo,2026-03-06,carmen4081@correo.pe,988486708.0
4082,50905887,Elena,Coronel Lozano,Cajamarca,Nuevo,2026-01-16,elena4082@correo.pe,956268556.0
4083,40139794,Héctor,Guevara Terrones,Cajamarca,Nuevo,2026-08-09,hector4083@correo.pe,920516122.0
4084,14126141,Wilmer,Terrones Alva,Cajabamba,Nuevo,2025-12-14,wilmer4084@correo.pe,987704553.0
4085,56920907,Wilmer,Chávez Castrejón,Baños del Inca,Nuevo,2026-04-08,wilmer4085@correo.pe,994535479.0
4086,63863629,Ana,Sangay Castrejón,Cajamarca,Frecuente,2026-02-25,ana4086@correo.pe,991425062.0
4087,63766173,Carlos,Zelada Quispe,Cajamarca,Nuevo,2026-05-02,carlos4087@correo.pe,980087737.0
4088,51516656,Rosa,Guevara Sangay,Cajamarca,Nuevo,2025-12-10,rosa4088@correo.pe,915483955.0
4089,39840813,Miguel,Ramos Chávez,Cajamarca,Nuevo,2025-11-14,miguel4089@correo.pe,981964509.0
4090,19115311,Andrés,Zelada Torres,Cajamarca,Nuevo,2026-05-26,andres4090@correo.pe,983681366.0
4091,11820936,Carmen,Torres Mendoza,Baños del Inca,Frecuente,2025-07-29,carmen4091@correo.pe,984762799.0
4092,25698750,María,Terrones Quispe,Cajamarca,Frecuente,2025-12-16,maria4092@correo.pe,942311746.0
4093,53583339,Edwin,Coronel Díaz,Baños del Inca,Nuevo,2026-04-23,edwin4093@correo.pe,942275278.0
4094,25031759,Fernando,Quispe Huamán,Cajamarca,Nuevo,2026-02-14,fernando4094@correo.pe,920860886.0
4095,15503118,Jorge,Llamo Cabrera,Cajamarca,Nuevo,2025-09-19,jorge4095@correo.pe,930442219.0
4096,45688245,Milagros,Vásquez Tello,San Juan,Nuevo,2026-02-19,milagros4096@correo.pe,925183567.0
4097,18909038,Marleni,Chávez Guevara,Cajamarca,Frecuente,2026-07-15,marleni4097@correo.pe,954831250.0
4098,43452057,Patricia,Chávez Torres,Cajamarca,Nuevo,2025-06-03,patricia4098@correo.pe,941427166.0
4099,15273407,Marleni,Ramos Llamo,Celendín,Frecuente,2026-03-18,marleni4099@correo.pe,973070245.0
4100,66267714,Miguel,Quispe Castrejón,Cajamarca,Nuevo,2026-03-14,miguel4100@correo.pe,961745626.0
4101,42406131,Gabriela,Torres Alva,Los Baños,Corporativo,2026-07-03,gabriela4101@correo.pe,937464909.0
4102,31426104,Luis,Rojas Ramos,Llacanora,Nuevo,2025-09-06,luis4102@correo.pe,916481053.0
4103,37357547,Ricardo,Ramos Vásquez,Cajamarca,Nuevo,2026-03-28,ricardo4103@correo.pe,943212696.0
4104,79205284,Rosa,Flores Cueva,Baños del Inca,Corporativo,2025-10-29,rosa4104@correo.pe,960869911.0
4105,29367720,Gabriela,Terrones Mendoza,Baños del Inca,Nuevo,2025-10-21,gabriela4105@correo.pe,936729929.0
4106,19569844,Elena,Zelada Lozano,Cajamarca,Nuevo,2025-08-29,elena4106@correo.pe,949340586.0
4107,70734478,Gabriela,Mego Coronel,Cajamarca,Frecuente,2026-04-24,gabriela4107@correo.pe,985073508.0
4108,16496255,Diego,Cabrera Pérez,Baños del Inca,Nuevo,2025-09-23,diego4108@correo.pe,980358601.0
4109,36587683,Gabriela,Cueva Coronel,Cajabamba,Corporativo,2025-06-11,gabriela4109@correo.pe,922840664.0
4110,34880917,Patricia,Díaz Mego,Cajamarca,Nuevo,2025-12-04,patricia4110@correo.pe,930219273.0
4111,47233634,Wilmer,Ramos Cabrera,Cajamarca,Nuevo,2026-03-09,wilmer4111@correo.pe,960773165.0
4112,38205860,Milagros,Cueva Huamán,San Juan,Nuevo,2026-01-12,milagros4112@correo.pe,981007313.0
4113,33708998,Rosa,Mendoza Alva,Jesús,Frecuente,2025-06-03,rosa4113@correo.pe,981566823.0
4114,18569702,Pedro,Castrejón Cabrera,Baños del Inca,Nuevo,2025-08-07,pedro4114@correo.pe,989479340.0
4115,57447053,Fernando,Rojas Bardales,Cajamarca,Nuevo,2026-02-23,fernando4115@correo.pe,999387753.0
4116,31132657,Sofía,Cabrera Mendoza,Los Baños,Nuevo,2026-08-04,sofia4116@correo.pe,933867976.0
4117,10165817,Camila,Lozano Zelada,Cajamarca,Corporativo,2026-06-18,camila4117@correo.pe,998014787.0
4118,77665832,José,Huamán Tello,Cajamarca,Frecuente,2025-11-23,jose4118@correo.pe,997777196.0
4119,55294222,Miguel,Cueva Sánchez,Cajamarca,Nuevo,2026-05-28,miguel4119@correo.pe,944651384.0
4120,15242929,Camila,Rojas Díaz,Jesús,Nuevo,2025-11-18,camila4120@correo.pe,913424656.0
4121,29733625,Carmen,Ramos Castrejón,Cajabamba,Nuevo,2025-10-01,carmen4121@correo.pe,936423925.0
4122,32277600,Miguel,Alva Castrejón,Cajamarca,Frecuente,2025-10-22,miguel4122@correo.pe,995390451.0
4123,19528749,Héctor,Cueva Llamo,Cajamarca,Frecuente,2026-03-12,hector4123@correo.pe,939043176.0
4124,18906790,Jorge,Chávez Mego,Cajamarca,Corporativo,2026-04-13,jorge4124@correo.pe,979312528.0
4125,37702393,Sofía,Pérez Torres,Magdalena,Nuevo,2026-03-13,sofia4125@correo.pe,994731530.0
4126,52356786,Ana,Díaz Huamán,Cajamarca,Nuevo,2025-12-30,ana4126@correo.pe,917642521.0
4127,72291836,Milagros,Mego Mendoza,Cajamarca,Nuevo,2026-04-15,milagros4127@correo.pe,928997407.0
4128,28101905,Jorge,Ramos Tello,Cajabamba,Nuevo,2026-02-06,jorge4128@correo.pe,920999189.0
4129,40386543,Marleni,Alva Lozano,Cajamarca,Nuevo,2025-12-14,marleni4129@correo.pe,934525441.0
4130,41300845,Luz,Rojas Sangay,Magdalena,Frecuente,2026-08-02,luz4130@correo.pe,942962195.0
4131,35954544,Marleni,Alva Zelada,San Juan,Frecuente,2026-01-02,marleni4131@correo.pe,959930674.0
4132,61942837,Patricia,Alva Pérez,Cajamarca,Nuevo,2025-11-20,patricia4132@correo.pe,961755911.0
4133,44458825,Carlos,Pérez Pérez,Cajamarca,Frecuente,2025-06-07,carlos4133@correo.pe,939631397.0
4134,69965339,Luz,Guevara Bardales,Cajamarca,Frecuente,2025-10-28,luz4134@correo.pe,934066666.0
4135,63591236,Valeria,Cabrera Castrejón,Baños del Inca,Frecuente,2026-05-23,valeria4135@correo.pe,913082626.0
4136,61525020,María,Mendoza Becerra,Baños del Inca,Nuevo,2026-02-09,maria4136@correo.pe,917893981.0
4137,17252559,Andrés,Ramos Torres,Los Baños,Nuevo,2026-03-25,andres4137@correo.pe,928364565.0
4138,76904498,Ana,Sánchez Coronel,Cajamarca,Nuevo,2026-08-25,ana4138@correo.pe,956687307.0
4139,79952665,Héctor,Cabrera Alva,Cajamarca,Frecuente,2026-03-02,hector4139@correo.pe,950092085.0
4140,63364091,Andrés,Becerra Pérez,Cajamarca,Nuevo,2026-01-09,andres4140@correo.pe,998571255.0
4141,35348049,Edwin,Mego Bardales,Cajabamba,Frecuente,2026-02-15,edwin4141@correo.pe,938971347.0
4142,55426715,Gabriela,Vásquez Vásquez,Cajamarca,Nuevo,2025-06-12,gabriela4142@correo.pe,951119834.0
4143,15236173,Miguel,Flores Bardales,Cajamarca,Nuevo,2026-03-21,miguel4143@correo.pe,968789978.0
4144,52656208,Juan,Bardales Sánchez,Cajamarca,Nuevo,2026-06-30,juan4144@correo.pe,951996798.0
4145,68672726,Carlos,Flores Quispe,Celendín,Frecuente,2026-05-02,carlos4145@correo.pe,954026657.0
4146,71732414,Carmen,Guevara Díaz,Jesús,Frecuente,2025-08-12,carmen4146@correo.pe,945294292.0
4147,57392359,José,Guevara Terrones,Cajamarca,Nuevo,2025-09-19,jose4147@correo.pe,977121339.0
4148,50266774,Camila,Tello Guevara,Cajamarca,Frecuente,2026-06-13,camila4148@correo.pe,934303886.0
4149,31464154,Segundo,Cueva Vásquez,Cajamarca,Nuevo,2025-06-03,segundo4149@correo.pe,926713723.0
4150,73037767,Rosa,Zelada Castrejón,Baños del Inca,Frecuente,2026-06-25,rosa4150@correo.pe,974858805.0
4151,58702473,María,Castrejón Ramos,Celendín,Nuevo,2025-07-13,maria4151@correo.pe,915009742.0
4152,46435082,Miguel,Ramos Flores,San Juan,Nuevo,2026-05-26,,942991629.0
4153,61370353,Andrés,Alva Díaz,Jesús,Frecuente,2025-08-04,andres4153@correo.pe,998999361.0
4154,24152311,Pedro,Tello Alva,Llacanora,Nuevo,2025-10-15,pedro4154@correo.pe,976720988.0
4155,11607358,Miguel,Cueva Torres,Cajamarca,Nuevo,2025-10-30,miguel4155@correo.pe,944515208.0
4156,14961212,Sofía,Tello Sánchez,Baños del Inca,Nuevo,2026-08-07,sofia4156@correo.pe,999968538.0
4157,43995364,Luz,Ramos Becerra,Cajamarca,Frecuente,2026-02-01,luz4157@correo.pe,957679446.0
4158,57539340,Marleni,Huamán Pérez,Celendín,Nuevo,2025-12-19,marleni4158@correo.pe,974814581.0
4159,49619518,Yesenia,Cueva Huamán,Cajamarca,Frecuente,2026-06-02,yesenia4159@correo.pe,979366498.0
4160,43509123,Rosa,Sánchez Zelada,Cajamarca,Nuevo,2025-06-30,rosa4160@correo.pe,916923327.0
4161,17031285,María,Lozano Díaz,Cajamarca,Frecuente,2026-04-23,maria4161@correo.pe,943335616.0
4162,54288173,Pedro,Vásquez Rojas,Cajamarca,Frecuente,2025-12-21,pedro4162@correo.pe,912533120.0
4163,75566624,Sofía,Lozano Guevara,Cajamarca,Nuevo,2026-05-15,sofia4163@correo.pe,968065734.0
4164,61298527,Segundo,Aguilar Terrones,Cajamarca,Corporativo,2025-11-06,segundo4164@correo.pe,949233017.0
4165,12523570,Diego,Huamán Lozano,Los Baños,Nuevo,2025-08-17,diego4165@correo.pe,910726082.0
4166,41638309,Fernando,Huamán Vásquez,Cajamarca,Nuevo,2026-08-17,fernando4166@correo.pe,950201951.0
4167,63472947,Jorge,Vásquez Pérez,Cajamarca,Frecuente,2026-07-23,jorge4167@correo.pe,948759129.0
4168,19970730,Milagros,Ramos Ramos,Cajamarca,Nuevo,2026-08-20,milagros4168@correo.pe,948781711.0
4169,77667040,Camila,Cabrera Guevara,Cajamarca,Frecuente,2026-01-15,camila4169@correo.pe,995346540.0
4170,79355371,Luz,Castrejón Pérez,Cajamarca,Frecuente,2025-08-22,luz4170@correo.pe,956239020.0
4171,,Jorge,Sánchez Flores,Baños del Inca,Corporativo,2025-07-27,jorge4171@correo.pe,973757732.0
4172,51692371,Diego,Lozano Terrones,Cajamarca,Nuevo,2026-06-28,diego4172@correo.pe,947459574.0
4173,65903061,Ricardo,Bardales Coronel,Celendín,Frecuente,2026-02-04,ricardo4173@correo.pe,919551125.0
4174,48305773,Sofía,Llamo Coronel,Cajamarca,Frecuente,2026-02-03,sofia4174@correo.pe,926196189.0
4175,15958291,Jorge,Guevara Zelada,Cajamarca,Frecuente,2026-05-03,jorge4175@correo.pe,985638957.0
4176,44740586,Miguel,Mendoza Flores,Cajamarca,Frecuente,2026-02-20,miguel4176@correo.pe,992197909.0
4177,29521327,Pedro,Cueva Chávez,Baños del Inca,Nuevo,2026-09-03,pedro4177@correo.pe,972517866.0
4178,59469914,Noemí,Mego Tello,Cajamarca,Nuevo,2025-09-17,noemi4178@correo.pe,975893869.0
4179,43620316,Carmen,Pérez Bardales,Baños del Inca,Nuevo,2025-12-22,carmen4179@correo.pe,972123997.0
4180,55376425,José,Rojas Zelada,Cajamarca,Frecuente,2026-09-13,jose4180@correo.pe,955663285.0
4181,18306936,Elena,Becerra Huamán,Celendín,Frecuente,2025-09-23,elena4181@correo.pe,919941031.0
4182,62815333,María,Ramos Flores,Los Baños,Nuevo,2026-03-02,maria4182@correo.pe,935191775.0
4183,46259690,Luis,Rojas Zelada,Cajamarca,Frecuente,2026-06-09,luis4183@correo.pe,921403911.0
4184,32650562,Valeria,Zelada Cabrera,Cajamarca,Frecuente,2025-10-04,valeria4184@correo.pe,988725550.0
4185,22219720,Andrés,Coronel Torres,Baños del Inca,Frecuente,2025-09-06,andres4185@correo.pe,973103643.0
4186,12704705,Miguel,Flores Lozano,Llacanora,Nuevo,2026-05-08,miguel4186@correo.pe,968808753.0
4187,20996687,Luz,Alva Llamo,Cajamarca,Frecuente,2025-08-30,luz4187@correo.pe,935683740.0
4188,46138315,Noemí,Bardales Coronel,Cajamarca,Frecuente,2025-09-13,noemi4188@correo.pe,953769605.0
4189,43178604,Wilmer,Bardales Cabrera,Cajamarca,Nuevo,2026-02-08,wilmer4189@correo.pe,936675097.0
4190,79755246,Héctor,Llamo Zelada,Cajamarca,Frecuente,2025-10-07,hector4190@correo.pe,974188365.0
4191,23538962,Diego,Cabrera Llamo,Cajamarca,Nuevo,2026-08-13,diego4191@correo.pe,989867447.0
4192,18435185,Carmen,Tello Mego,Magdalena,Nuevo,2026-02-25,carmen4192@correo.pe,940732681.0
4193,52433832,Pedro,Mego Flores,Cajabamba,Frecuente,2025-06-26,pedro4193@correo.pe,951403339.0
4194,65224394,Juan,Vásquez Aguilar,Namora,Frecuente,2026-06-24,juan4194@correo.pe,985781138.0
4195,73126592,Yesenia,Sánchez Lozano,Cajamarca,Frecuente,2026-07-12,yesenia4195@correo.pe,952954661.0
4196,19839720,Ana,Pérez Alva,Cajamarca,Nuevo,2026-06-28,ana4196@correo.pe,948375230.0
4197,64056482,Ana,Vásquez Sánchez,Cajamarca,Frecuente,2025-11-04,ana4197@correo.pe,928743750.0
4198,25283875,Ricardo,Huamán Torres,Cajamarca,Nuevo,2026-03-30,ricardo4198@correo.pe,914472404.0
4199,46809884,Luz,Tello Vásquez,Baños del Inca,Frecuente,2026-08-03,luz4199@correo.pe,943426060.0
4200,13400006,Milagros,Vásquez Cueva,Cajamarca,Nuevo,2026-04-07,milagros4200@correo.pe,986862391.0
4201,69710739,Edwin,Llamo Coronel,Baños del Inca,Nuevo,2025-08-15,edwin4201@correo.pe,928931691.0
4202,73961045,Wilmer,Mendoza Vásquez,Cajamarca,Frecuente,2025-10-10,wilmer4202@correo.pe,939295391.0
4203,58816269,Patricia,Aguilar Rojas,Cajamarca,Nuevo,2025-09-15,patricia4203@correo.pe,956942574.0
4204,32317916,Carmen,Cabrera Aguilar,Los Baños,Nuevo,2025-06-13,carmen4204@correo.pe,916680380.0
4205,52170097,Luz,Chávez Becerra,Cajamarca,Nuevo,2025-08-19,luz4205@correo.pe,927986535.0
4206,32199594,José,Vásquez Bardales,Cajamarca,Nuevo,2025-12-18,jose4206@correo.pe,915520224.0
4207,57002312,Luz,Vásquez Díaz,Cajamarca,Nuevo,2026-08-16,luz4207@correo.pe,942652951.0
4208,43523856,Wilmer,Guevara Tello,Cajamarca,Nuevo,2025-10-29,wilmer4208@correo.pe,973471057.0
4209,44108200,Carlos,Pérez Alva,Baños del Inca,Corporativo,2026-06-05,carlos4209@correo.pe,937584033.0
4210,33737453,Rosa,Cabrera Zelada,San Juan,Nuevo,2025-06-08,rosa4210@correo.pe,958620232.0
4211,40165760,Patricia,Torres Quispe,Cajamarca,Frecuente,2025-09-13,patricia4211@correo.pe,972441801.0
4212,73573216,Rosa,Zelada Cueva,Cajamarca,Frecuente,2025-06-13,rosa4212@correo.pe,945923115.0
4213,51945155,Noemí,Vásquez Aguilar,Cajamarca,Frecuente,2026-07-23,noemi4213@correo.pe,940693386.0
4214,74791025,Wilmer,Cabrera Coronel,Los Baños,Nuevo,2026-02-26,wilmer4214@correo.pe,942747835.0
4215,10617839,Segundo,Torres Tello,Cajamarca,Nuevo,2025-08-06,segundo4215@correo.pe,997553930.0
4216,43465841,Ricardo,Becerra Chávez,Magdalena,Nuevo,2025-10-31,ricardo4216@correo.pe,974296284.0
4217,63649446,María,Tello Becerra,Baños del Inca,Nuevo,2025-11-10,maria4217@correo.pe,960467462.0
4218,26013249,Milagros,Coronel Coronel,Celendín,Nuevo,2026-06-01,milagros4218@correo.pe,960722569.0
4219,20252242,Camila,Ramos Díaz,Cajamarca,Nuevo,2026-01-17,camila4219@correo.pe,928351135.0
4220,33731382,Milagros,Terrones Torres,Cajabamba,Nuevo,2025-09-05,milagros4220@correo.pe,938086381.0
4221,16070268,Fernando,Lozano Tello,Baños del Inca,Nuevo,2026-01-30,fernando4221@correo.pe,995067308.0
4222,19396803,Elena,Lozano Flores,Cajamarca,Nuevo,2025-06-02,elena4222@correo.pe,991797875.0
4223,75611542,Edwin,Lozano Huamán,Los Baños,Nuevo,2025-12-29,edwin4223@correo.pe,957554695.0
4224,19659517,Camila,Sánchez Aguilar,Cajamarca,Nuevo,2026-04-14,camila4224@correo.pe,959043474.0
4225,39971103,Ana,Rojas Torres,Cajamarca,Corporativo,2025-11-15,ana4225@correo.pe,968899709.0
4226,11761208,Yesenia,Chávez Zelada,Cajamarca,Nuevo,2026-05-20,yesenia4226@correo.pe,924938068.0
4227,64550855,Miguel,Llamo Rojas,Cajamarca,Nuevo,2026-04-20,miguel4227@correo.pe,975472373.0
4228,10219635,Luis,Rojas Bardales,Cajamarca,Nuevo,2025-10-30,luis4228@correo.pe,918081221.0
4229,24460910,Juan,Chávez Alva,Cajamarca,Frecuente,2025-12-06,juan4229@correo.pe,910940947.0
4230,15832511,José,Terrones Sánchez,Cajamarca,Nuevo,2026-08-08,jose4230@correo.pe,924000442.0
4231,55091994,José,Bardales Sánchez,Cajamarca,Corporativo,2026-03-25,jose4231@correo.pe,974839322.0
4232,67753260,Luz,Terrones Sánchez,San Juan,Nuevo,2025-08-03,luz4232@correo.pe,935518027.0
4233,38262235,Milagros,Becerra Lozano,Cajamarca,Frecuente,2025-07-30,milagros4233@correo.pe,929702573.0
4234,34490301,Camila,Sangay Lozano,Celendín,Frecuente,2026-07-01,camila4234@correo.pe,975267767.0
4235,15369886,Andrés,Coronel Cabrera,Cajamarca,Nuevo,2026-04-11,andres4235@correo.pe,919810613.0
4236,49286989,Ana,Flores Tello,Cajamarca,Nuevo,2026-03-08,ana4236@correo.pe,995124290.0
4237,53284324,Patricia,Bardales Llamo,Baños del Inca,Frecuente,2026-08-18,patricia4237@correo.pe,949358709.0
4238,64871284,Sofía,Vásquez Zelada,Cajamarca,Frecuente,2025-09-15,,946344011.0
4239,18680919,Andrés,Sangay Díaz,Jesús,Frecuente,2026-02-05,andres4239@correo.pe,999391898.0
4240,67596600,Elena,Díaz Vásquez,Cajamarca,Nuevo,2025-07-13,elena4240@correo.pe,948613676.0
4241,40860002,Carlos,Lozano Lozano,Baños del Inca,Nuevo,2026-07-11,carlos4241@correo.pe,957497753.0
4242,63890394,Fernando,Sangay Chávez,Baños del Inca,Nuevo,2025-08-06,fernando4242@correo.pe,922611699.0
4243,13377925,Luz,Cueva Cueva,Celendín,Frecuente,2026-06-01,luz4243@correo.pe,932824902.0
4244,40407695,Marleni,Alva Chávez,Cajamarca,Frecuente,2026-03-05,marleni4244@correo.pe,941031983.0
4245,70799789,Fernando,Vásquez Zelada,San Juan,Nuevo,2025-10-17,fernando4245@correo.pe,989748953.0
4246,35513449,Luz,Rojas Alva,Cajamarca,Nuevo,2026-02-03,luz4246@correo.pe,954329069.0
4247,56415075,Noemí,Sánchez Coronel,San Juan,Frecuente,2026-05-04,noemi4247@correo.pe,919500516.0
4248,12620280,Rosa,Ramos Becerra,Cajamarca,Corporativo,2026-08-26,rosa4248@correo.pe,988617004.0
4249,28394544,Marleni,Flores Díaz,Cajamarca,Nuevo,2026-05-22,marleni4249@correo.pe,939875104.0
4250,69147969,Diego,Bardales Mego,Namora,Nuevo,2026-01-13,diego4250@correo.pe,912447684.0
4251,54230102,Diego,Zelada Vásquez,Cajamarca,Corporativo,2026-04-01,diego4251@correo.pe,918971748.0
4252,72689386,Ricardo,Ramos Flores,Cajamarca,Nuevo,2025-11-07,ricardo4252@correo.pe,940309604.0
4253,40741035,Ricardo,Coronel Chávez,Cajamarca,Nuevo,2025-10-05,,973586916.0
4254,61044972,Luz,Becerra Mendoza,Cajamarca,Nuevo,2026-07-24,luz4254@correo.pe,993901009.0
4255,22132492,Ana,Zelada Mendoza,Magdalena,Nuevo,2026-06-29,ana4255@correo.pe,913312924.0
4256,70859041,José,Llamo Díaz,Cajamarca,Nuevo,2025-08-02,jose4256@correo.pe,972794581.0
4257,28887933,Camila,Sánchez Lozano,Cajamarca,Nuevo,2026-03-06,camila4257@correo.pe,948844270.0
4258,31376364,Ana,Aguilar Cueva,Llacanora,Nuevo,2026-06-06,ana4258@correo.pe,923517158.0
4259,49637760,José,Torres Chávez,Cajamarca,Nuevo,2026-02-22,jose4259@correo.pe,993076833.0
4260,50686059,Yesenia,Guevara Terrones,Cajamarca,Nuevo,2025-12-15,yesenia4260@correo.pe,938836969.0
4261,60659512,Milagros,Llamo Alva,Llacanora,Nuevo,2026-09-03,milagros4261@correo.pe,915366715.0
4262,64011500,Carmen,Chávez Castrejón,Cajamarca,Nuevo,2025-09-14,carmen4262@correo.pe,977793686.0
4263,63666246,Diego,Zelada Mendoza,Cajamarca,Nuevo,2025-07-01,diego4263@correo.pe,917527016.0
4264,56944535,Luis,Torres Zelada,San Juan,Frecuente,2025-11-20,luis4264@correo.pe,942557983.0
4265,65173685,Marleni,Vásquez Torres,Cajamarca,Frecuente,2026-04-28,marleni4265@correo.pe,968327505.0
4266,23386722,Marleni,Quispe Castrejón,Los Baños,Frecuente,2026-01-22,marleni4266@correo.pe,982583267.0
4267,17215809,Diego,Torres Castrejón,Baños del Inca,Nuevo,2026-06-27,diego4267@correo.pe,999288403.0
4268,20668296,Héctor,Aguilar Rojas,Cajamarca,Nuevo,2025-11-17,hector4268@correo.pe,974542103.0
4269,23376148,Luz,Díaz Llamo,Cajamarca,Frecuente,2026-02-28,luz4269@correo.pe,999179577.0
4270,26263054,Diego,Aguilar Ramos,Llacanora,Frecuente,2026-07-02,diego4270@correo.pe,997609607.0
4271,68271119,Luz,Cabrera Coronel,Baños del Inca,Nuevo,2026-05-09,luz4271@correo.pe,966908645.0
4272,53011442,Edwin,Cueva Cabrera,Cajamarca,Nuevo,2026-05-10,edwin4272@correo.pe,943119186.0
4273,14164109,José,Chávez Tello,Namora,Frecuente,2025-07-28,jose4273@correo.pe,916108767.0
4274,16399977,Carmen,Ramos Ramos,Baños del Inca,Nuevo,2026-05-27,carmen4274@correo.pe,941792039.0
4275,20484525,Juan,Becerra Becerra,Cajamarca,Frecuente,2025-10-28,juan4275@correo.pe,991941372.0
4276,69265122,Ricardo,Tello Guevara,Cajamarca,Nuevo,2025-12-24,ricardo4276@correo.pe,974171230.0
4277,58024008,Patricia,Mego Huamán,Baños del Inca,Frecuente,2026-01-05,patricia4277@correo.pe,973728275.0
4278,61447512,Pedro,Chávez Vásquez,Cajamarca,Nuevo,2026-01-06,pedro4278@correo.pe,931338262.0
4279,29026160,José,Terrones Alva,Cajabamba,Nuevo,2025-10-01,jose4279@correo.pe,934240718.0
4280,79618250,Carmen,Bardales Castrejón,Namora,Corporativo,2025-08-24,carmen4280@correo.pe,916115145.0
4281,33631913,Juan,Vásquez Cueva,Cajamarca,Nuevo,2026-01-02,juan4281@correo.pe,938812998.0
4282,16473453,Camila,Tello Quispe,Cajamarca,Frecuente,2025-09-18,camila4282@correo.pe,996194452.0
4283,21990477,Ricardo,Guevara Guevara,Cajamarca,Corporativo,2025-07-11,ricardo4283@correo.pe,966518994.0
4284,24040919,Rosa,Llamo Vásquez,Cajamarca,Nuevo,2025-11-22,rosa4284@correo.pe,981213906.0
4285,73077089,Fernando,Torres Flores,Baños del Inca,Frecuente,2026-04-28,fernando4285@correo.pe,928590452.0
4286,69215447,Marleni,Castrejón Alva,Cajamarca,Nuevo,2025-07-24,marleni4286@correo.pe,913542658.0
4287,16784834,Edwin,Castrejón Díaz,Cajamarca,Nuevo,2026-02-07,edwin4287@correo.pe,931603874.0
4288,26152392,Jorge,Chávez Pérez,Magdalena,Frecuente,2025-09-14,jorge4288@correo.pe,981753849.0
4289,47595939,Rosa,Guevara Pérez,Cajamarca,Corporativo,2025-11-01,rosa4289@correo.pe,910906352.0
4290,40796861,Noemí,Chávez Quispe,San Juan,Frecuente,2025-07-06,noemi4290@correo.pe,968210790.0
4291,19436062,Noemí,Sangay Becerra,Celendín,Nuevo,2025-10-18,noemi4291@correo.pe,990587667.0
4292,28926685,Wilmer,Quispe Díaz,Cajamarca,Nuevo,2026-05-20,wilmer4292@correo.pe,933291759.0
4293,10316300,Fernando,Lozano Quispe,Cajamarca,Corporativo,2026-04-11,,937969770.0
4294,32822518,Marleni,Mego Cabrera,Cajamarca,Nuevo,2026-02-18,marleni4294@correo.pe,996210060.0
4295,41179381,Luis,Zelada Guevara,Baños del Inca,Nuevo,2026-05-26,,996736278.0
4296,11383012,Sofía,Quispe Becerra,Baños del Inca,Nuevo,2026-03-13,sofia4296@correo.pe,940661179.0
4297,33318694,Rosa,Becerra Tello,Cajabamba,Frecuente,2026-01-27,rosa4297@correo.pe,967449709.0
4298,79976388,Rosa,Alva Bardales,Cajamarca,Nuevo,2026-08-21,,978425702.0
4299,32667384,Ana,Huamán Rojas,Cajamarca,Frecuente,2026-04-09,ana4299@correo.pe,930277008.0
4300,44263113,Fernando,Mendoza Torres,Baños del Inca,Nuevo,2026-02-10,fernando4300@correo.pe,945306286.0
4301,75129778,Segundo,Díaz Coronel,Cajamarca,Frecuente,2025-10-17,segundo4301@correo.pe,992022311.0
4302,64742949,Rosa,Zelada Chávez,Cajabamba,Frecuente,2025-10-23,rosa4302@correo.pe,933609743.0
4303,35139316,Elena,Chávez Quispe,San Juan,Frecuente,2026-07-06,elena4303@correo.pe,994818755.0
4304,59806543,Jorge,Terrones Díaz,Cajamarca,Nuevo,2025-12-04,jorge4304@correo.pe,960107039.0
4305,73377182,Luis,Sánchez Rojas,Los Baños,Corporativo,2026-05-13,luis4305@correo.pe,936518920.0
4306,19096385,Juan,Díaz Tello,Baños del Inca,Nuevo,2026-01-10,juan4306@correo.pe,958779868.0
4307,51353790,Pedro,Huamán Alva,Cajamarca,Nuevo,2026-06-27,pedro4307@correo.pe,986482879.0
4308,78823530,Yesenia,Lozano Díaz,Los Baños,Frecuente,2025-10-06,yesenia4308@correo.pe,922069373.0
4309,76375679,Marleni,Quispe Quispe,Cajamarca,Nuevo,2026-02-17,marleni4309@correo.pe,932925406.0
4310,35952620,Camila,Ramos Llamo,Baños del Inca,Nuevo,2026-02-06,camila4310@correo.pe,933409289.0
4311,26185126,Luis,Zelada Torres,Cajamarca,Frecuente,2026-02-18,luis4311@correo.pe,925752579.0
4312,37252654,Gabriela,Cabrera Castrejón,Cajamarca,Frecuente,2026-08-02,gabriela4312@correo.pe,946713008.0
4313,32347107,Milagros,Zelada Mendoza,Jesús,Nuevo,2026-05-04,milagros4313@correo.pe,951959867.0
4314,36660924,Miguel,Sánchez Pérez,Cajamarca,Nuevo,2026-08-23,miguel4314@correo.pe,944536503.0
4315,34394951,Rosa,Terrones Flores,Cajabamba,Frecuente,2025-08-15,rosa4315@correo.pe,917655589.0
4316,16703447,Elena,Sangay Cueva,Cajamarca,Nuevo,2025-06-06,elena4316@correo.pe,921300694.0
4317,68490590,Milagros,Castrejón Mendoza,Cajamarca,Nuevo,2025-06-22,milagros4317@correo.pe,941983940.0
4318,44271716,Noemí,Alva Coronel,Cajamarca,Frecuente,2025-11-13,noemi4318@correo.pe,961664602.0
4319,72558801,Jorge,Tello Tello,Cajamarca,Frecuente,2026-02-16,jorge4319@correo.pe,916344197.0
4320,56867002,María,Rojas Guevara,Magdalena,Nuevo,2025-12-27,maria4320@correo.pe,915221020.0
4321,38550124,Juan,Pérez Alva,Baños del Inca,Nuevo,2025-10-23,juan4321@correo.pe,967940345.0
4322,69482204,Héctor,Mego Huamán,Jesús,Frecuente,2026-01-01,hector4322@correo.pe,958813682.0
4323,59161429,Jorge,Castrejón Aguilar,Jesús,Frecuente,2025-09-01,jorge4323@correo.pe,924585191.0
4324,23262789,Wilmer,Rojas Alva,Namora,Nuevo,2025-12-14,wilmer4324@correo.pe,994730936.0
4325,11008765,Carmen,Ramos Zelada,Baños del Inca,Nuevo,2026-05-24,carmen4325@correo.pe,948408566.0
4326,71709558,Carlos,Cabrera Huamán,Cajamarca,Frecuente,2026-01-27,carlos4326@correo.pe,940341731.0
4327,18730298,Wilmer,Zelada Díaz,Baños del Inca,Nuevo,2025-11-17,wilmer4327@correo.pe,921729459.0
4328,57117963,Héctor,Mego Díaz,Celendín,Nuevo,2025-07-10,hector4328@correo.pe,994929553.0
4329,27051844,Segundo,Vásquez Flores,Cajamarca,Nuevo,2025-10-04,segundo4329@correo.pe,992889474.0
4330,19708119,Gabriela,Rojas Pérez,Cajamarca,Frecuente,2025-11-14,gabriela4330@correo.pe,913493892.0
4331,14557181,Gabriela,Chávez Mendoza,Cajamarca,Nuevo,2025-08-30,gabriela4331@correo.pe,971237449.0
4332,37358265,José,Coronel Terrones,San Juan,Nuevo,2025-09-18,,945271986.0
4333,72407181,Camila,Sánchez Ramos,Llacanora,Corporativo,2026-03-06,camila4333@correo.pe,992042105.0
4334,55031833,Marleni,Bardales Quispe,Cajamarca,Frecuente,2025-08-25,marleni4334@correo.pe,920262678.0
4335,26068542,Ana,Sánchez Mendoza,Cajamarca,Nuevo,2026-06-13,ana4335@correo.pe,972387364.0
4336,23160320,Jorge,Chávez Alva,Baños del Inca,Frecuente,2025-08-10,jorge4336@correo.pe,977096354.0
4337,17522335,Wilmer,Sangay Llamo,Cajamarca,Nuevo,2025-07-29,wilmer4337@correo.pe,997591246.0
4338,28954649,Pedro,Chávez Pérez,Baños del Inca,Frecuente,2025-08-29,pedro4338@correo.pe,917081123.0
4339,21753380,Luz,Castrejón Quispe,Baños del Inca,Frecuente,2026-02-21,luz4339@correo.pe,938410483.0
4340,31459120,Miguel,Aguilar Bardales,San Juan,Nuevo,2026-05-07,miguel4340@correo.pe,974491148.0
4341,51267253,Carlos,Lozano Flores,Cajamarca,Nuevo,2025-06-07,carlos4341@correo.pe,971602998.0
4342,65446598,Noemí,Vásquez Llamo,Cajamarca,Nuevo,2025-11-25,noemi4342@correo.pe,966008056.0
4343,36653862,Héctor,Cabrera Alva,Cajamarca,Nuevo,2026-07-21,hector4343@correo.pe,926508890.0
4344,71751365,Luis,Chávez Ramos,Cajabamba,Corporativo,2025-12-19,luis4344@correo.pe,953625404.0
4345,55061483,Marleni,Cabrera Díaz,Cajabamba,Nuevo,2026-07-27,marleni4345@correo.pe,910291934.0
4346,44669855,Ana,Torres Mego,Cajamarca,Nuevo,2026-08-06,ana4346@correo.pe,951894250.0
4347,34238815,Diego,Guevara Sangay,Baños del Inca,Corporativo,2026-03-25,diego4347@correo.pe,942843325.0
4348,36282638,Valeria,Bardales Mendoza,Cajamarca,Corporativo,2026-05-03,valeria4348@correo.pe,969721046.0
4349,53686365,Carmen,Lozano Terrones,Cajamarca,Nuevo,2025-09-10,carmen4349@correo.pe,925347915.0
4350,55455691,Héctor,Huamán Bardales,Cajabamba,Nuevo,2025-06-22,hector4350@correo.pe,997559729.0
4351,14815346,Diego,Alva Sánchez,Cajamarca,Corporativo,2026-06-30,diego4351@correo.pe,970887795.0
4352,49382715,Elena,Aguilar Bardales,Cajamarca,Nuevo,2025-06-21,,931649690.0
4353,77054793,Ana,Rojas Chávez,Cajamarca,Nuevo,2026-09-12,ana4353@correo.pe,976188805.0
4354,67782364,Wilmer,Pérez Llamo,Cajamarca,Nuevo,2026-04-08,wilmer4354@correo.pe,914872656.0
4355,48037592,Diego,Vásquez Llamo,Cajamarca,Nuevo,2026-07-31,diego4355@correo.pe,951348776.0
4356,20871739,Milagros,Cabrera Mego,Celendín,Frecuente,2025-07-27,milagros4356@correo.pe,986765476.0
4357,29878574,Juan,Chávez Bardales,Cajamarca,Frecuente,2025-08-11,juan4357@correo.pe,960078312.0
4358,54211384,Milagros,Becerra Llamo,Cajamarca,Corporativo,2025-06-04,milagros4358@correo.pe,975968576.0
4359,30653992,Ana,Coronel Tello,Baños del Inca,Frecuente,2026-06-18,ana4359@correo.pe,961711498.0
4360,62859058,Segundo,Flores Chávez,Celendín,Nuevo,2026-08-11,segundo4360@correo.pe,911554678.0
4361,64316304,Segundo,Díaz Sánchez,Celendín,Nuevo,2026-04-17,segundo4361@correo.pe,956996307.0
4362,53994351,Segundo,Becerra Quispe,Cajamarca,Frecuente,2026-05-21,segundo4362@correo.pe,918687568.0
4363,52079592,Luis,Becerra Cabrera,Celendín,Nuevo,2026-07-19,luis4363@correo.pe,919377604.0
4364,11070098,Fernando,Quispe Guevara,Celendín,Frecuente,2026-09-07,fernando4364@correo.pe,971225093.0
4365,45617090,Diego,Pérez Sangay,Llacanora,Nuevo,2026-01-12,diego4365@correo.pe,950697476.0
4366,17398820,Fernando,Ramos Becerra,Cajamarca,Corporativo,2025-11-23,fernando4366@correo.pe,931516875.0
4367,19670056,Sofía,Tello Vásquez,Cajamarca,Frecuente,2026-09-10,sofia4367@correo.pe,932284279.0
4368,15605854,Valeria,Ramos Cueva,San Juan,Nuevo,2025-06-14,valeria4368@correo.pe,975036511.0
4369,50014305,Miguel,Tello Chávez,Cajamarca,Frecuente,2026-04-18,miguel4369@correo.pe,940284325.0
4370,32845326,Wilmer,Díaz Díaz,Cajamarca,Frecuente,2025-09-21,wilmer4370@correo.pe,958782513.0
4371,74122359,Juan,Tello Coronel,Cajamarca,Nuevo,2026-08-13,juan4371@correo.pe,964001506.0
4372,34293574,Carmen,Chávez Becerra,Jesús,Nuevo,2025-12-20,carmen4372@correo.pe,987390290.0
4373,40709254,Camila,Tello Chávez,Celendín,Nuevo,2025-10-18,camila4373@correo.pe,917940337.0
4374,29371402,Milagros,Chávez Bardales,Cajabamba,Nuevo,2025-11-10,milagros4374@correo.pe,998184577.0
4375,17531193,Marleni,Quispe Torres,Cajamarca,Corporativo,2025-06-06,marleni4375@correo.pe,942112207.0
4376,51563718,Luz,Sangay Quispe,Cajamarca,Nuevo,2025-09-23,luz4376@correo.pe,929518129.0
4377,30507999,Pedro,Sangay Bardales,Cajamarca,Nuevo,2025-07-10,pedro4377@correo.pe,983394057.0
4378,56106596,Milagros,Lozano Cabrera,Namora,Frecuente,2026-03-21,milagros4378@correo.pe,950511667.0
4379,48524480,Edwin,Pérez Castrejón,Namora,Frecuente,2025-10-09,edwin4379@correo.pe,977816400.0
4380,73582935,Andrés,Cueva Guevara,Cajamarca,Nuevo,2025-06-05,andres4380@correo.pe,942024630.0
4381,23494664,Ricardo,Cabrera Zelada,Baños del Inca,Frecuente,2026-05-10,ricardo4381@correo.pe,977412307.0
4382,32583949,Diego,Mego Mego,Cajamarca,Nuevo,2026-04-18,diego4382@correo.pe,922659735.0
4383,79480786,Pedro,Mego Guevara,San Juan,Nuevo,2026-06-26,pedro4383@correo.pe,979144152.0
4384,74618261,José,Chávez Tello,Cajamarca,Frecuente,2026-02-09,jose4384@correo.pe,957677868.0
4385,38304000,Carmen,Díaz Cueva,Baños del Inca,Nuevo,2025-08-19,carmen4385@correo.pe,996550966.0
4386,26061152,Yesenia,Cabrera Pérez,Cajabamba,Nuevo,2025-11-01,yesenia4386@correo.pe,981850208.0
4387,62537742,Carlos,Torres Sánchez,Los Baños,Nuevo,2025-10-19,carlos4387@correo.pe,977739441.0
4388,47778529,Segundo,Quispe Sangay,Cajamarca,Frecuente,2025-08-13,segundo4388@correo.pe,966967766.0
4389,51440537,Diego,Flores Bardales,Cajamarca,Nuevo,2026-03-10,diego4389@correo.pe,945000701.0
4390,40411347,Héctor,Rojas Zelada,Baños del Inca,Frecuente,2025-10-23,hector4390@correo.pe,918723556.0
4391,50366238,Rosa,Mendoza Díaz,Cajamarca,Nuevo,2026-03-24,rosa4391@correo.pe,972151389.0
4392,47055077,Yesenia,Mendoza Flores,Cajamarca,Nuevo,2025-11-18,yesenia4392@correo.pe,981211838.0
4393,67537775,Ana,Sangay Coronel,Cajamarca,Nuevo,2025-08-02,ana4393@correo.pe,931950915.0
4394,43772273,José,Zelada Quispe,Cajamarca,Nuevo,2025-10-10,jose4394@correo.pe,921870644.0
4395,10774460,Sofía,Tello Ramos,Cajamarca,Nuevo,2026-07-26,sofia4395@correo.pe,912326442.0
4396,45748580,Sofía,Lozano Terrones,Magdalena,Nuevo,2025-09-15,sofia4396@correo.pe,980231577.0
4397,33871424,Carmen,Rojas Rojas,Cajamarca,Nuevo,2026-03-05,carmen4397@correo.pe,916508057.0
4398,12239642,Sofía,Quispe Lozano,San Juan,Frecuente,2026-07-01,sofia4398@correo.pe,940284675.0
4399,19776509,Segundo,Zelada Vásquez,Baños del Inca,Corporativo,2026-05-13,segundo4399@correo.pe,914160530.0
4400,54685352,Wilmer,Alva Díaz,Baños del Inca,Frecuente,2026-03-03,wilmer4400@correo.pe,910494463.0
4401,37527902,Jorge,Quispe Mendoza,Cajamarca,Frecuente,2026-06-10,jorge4401@correo.pe,928842076.0
4402,19856660,Noemí,Mego Aguilar,Cajamarca,Nuevo,2025-09-16,noemi4402@correo.pe,954469576.0
4403,62891894,Milagros,Aguilar Zelada,Cajamarca,Nuevo,2026-07-19,milagros4403@correo.pe,953115049.0
4404,76100197,Noemí,Rojas Rojas,Cajamarca,Nuevo,2025-06-17,noemi4404@correo.pe,931666391.0
4405,15071235,Milagros,Cabrera Coronel,San Juan,Nuevo,2025-09-14,milagros4405@correo.pe,998390055.0
4406,79955722,Diego,Becerra Alva,Cajamarca,Nuevo,2026-04-30,diego4406@correo.pe,963919442.0
4407,73395443,Elena,Flores Mego,Cajamarca,Nuevo,2025-12-25,elena4407@correo.pe,920231441.0
4408,12851106,Fernando,Zelada Llamo,Cajamarca,Nuevo,2026-01-07,fernando4408@correo.pe,998546315.0
4409,73427764,Gabriela,Becerra Sangay,Cajamarca,Nuevo,2026-04-28,gabriela4409@correo.pe,969487153.0
4410,66423757,Luis,Cabrera Zelada,Los Baños,Nuevo,2026-08-24,luis4410@correo.pe,951856245.0
4411,36727084,Ana,Llamo Bardales,Cajamarca,Nuevo,2025-09-04,ana4411@correo.pe,921014161.0
4412,49083976,Rosa,Rojas Sangay,Llacanora,Corporativo,2025-07-02,rosa4412@correo.pe,941760042.0
4413,38965301,Miguel,Bardales Sánchez,Cajamarca,Nuevo,2026-05-20,miguel4413@correo.pe,926710332.0
4414,30447198,Andrés,Guevara Bardales,San Juan,Frecuente,2026-06-27,andres4414@correo.pe,997503991.0
4415,73713344,Andrés,Lozano Huamán,Namora,Nuevo,2026-06-26,andres4415@correo.pe,914710441.0
4416,68621908,Carlos,Díaz Guevara,Cajamarca,Frecuente,2025-08-21,carlos4416@correo.pe,952757913.0
4417,14512784,Héctor,Rojas Chávez,Magdalena,Nuevo,2025-09-04,hector4417@correo.pe,929314529.0
4418,63039115,Juan,Cabrera Ramos,Baños del Inca,Nuevo,2026-08-31,juan4418@correo.pe,919080382.0
4419,26534018,Diego,Mego Pérez,Cajamarca,Nuevo,2025-09-11,diego4419@correo.pe,950548787.0
4420,56708363,Andrés,Guevara Coronel,Cajamarca,Nuevo,2026-02-10,andres4420@correo.pe,919758767.0
4421,23371914,Carlos,Torres Coronel,Cajamarca,Nuevo,2025-11-20,carlos4421@correo.pe,945206969.0
4422,30334999,Noemí,Vásquez Bardales,Los Baños,Nuevo,2026-07-22,noemi4422@correo.pe,920156003.0
4423,35162838,Patricia,Sánchez Llamo,Llacanora,Frecuente,2026-06-29,patricia4423@correo.pe,962078274.0
4424,61042611,Milagros,Rojas Bardales,Cajabamba,Nuevo,2025-07-28,milagros4424@correo.pe,978264266.0
4425,52469656,Ana,Pérez Bardales,Cajabamba,Frecuente,2025-12-10,ana4425@correo.pe,919768088.0
4426,43977884,Diego,Castrejón Flores,Cajamarca,Nuevo,2026-06-20,diego4426@correo.pe,964331309.0
4427,10652730,Andrés,Torres Lozano,San Juan,Nuevo,2026-06-16,andres4427@correo.pe,961859762.0
4428,57667157,Gabriela,Llamo Terrones,Cajamarca,Nuevo,2025-06-16,gabriela4428@correo.pe,966168594.0
4429,69448613,Edwin,Díaz Alva,Cajamarca,Corporativo,2025-12-16,edwin4429@correo.pe,973111406.0
4430,21880712,Andrés,Zelada Alva,Los Baños,Nuevo,2026-03-29,andres4430@correo.pe,955144915.0
4431,39125244,Luis,Torres Ramos,Llacanora,Nuevo,2026-09-06,luis4431@correo.pe,922791759.0
4432,45878831,Jorge,Torres Sangay,Cajamarca,Frecuente,2026-06-17,jorge4432@correo.pe,939851088.0
4433,27199807,Yesenia,Zelada Zelada,Los Baños,Nuevo,2026-09-05,,978009671.0
4434,47144771,Andrés,Becerra Alva,Cajabamba,Nuevo,2026-04-18,andres4434@correo.pe,941416896.0
4435,34219392,Fernando,Becerra Guevara,Baños del Inca,Frecuente,2026-01-04,fernando4435@correo.pe,962521770.0
4436,67953563,Ana,Bardales Tello,Cajamarca,Nuevo,2026-06-02,ana4436@correo.pe,918164430.0
4437,73646583,Jorge,Lozano Mendoza,Cajabamba,Nuevo,2025-08-26,jorge4437@correo.pe,982666434.0
4438,43014961,Héctor,Aguilar Guevara,Celendín,Frecuente,2026-03-10,hector4438@correo.pe,972420694.0
4439,27273402,Gabriela,Rojas Huamán,San Juan,Nuevo,2025-09-10,gabriela4439@correo.pe,996517809.0
4440,45179740,Yesenia,Sangay Ramos,Cajamarca,Nuevo,2025-09-09,yesenia4440@correo.pe,981066185.0
4441,49487854,Noemí,Mego Rojas,Cajamarca,Nuevo,2025-09-12,noemi4441@correo.pe,978224468.0
4442,72913696,Sofía,Quispe Flores,Cajamarca,Frecuente,2026-03-23,sofia4442@correo.pe,965615488.0
4443,46508745,Sofía,Llamo Chávez,Baños del Inca,Nuevo,2026-08-25,sofia4443@correo.pe,925546110.0
4444,55827750,Rosa,Díaz Díaz,Cajamarca,Frecuente,2025-06-10,rosa4444@correo.pe,962399740.0
4445,35562470,Wilmer,Sánchez Torres,Cajamarca,Nuevo,2025-12-03,wilmer4445@correo.pe,990812560.0
4446,54360931,Luz,Vásquez Torres,Cajamarca,Frecuente,2026-03-15,luz4446@correo.pe,930254469.0
4447,65621000,Segundo,Bardales Vásquez,Cajamarca,Nuevo,2025-06-14,segundo4447@correo.pe,996617087.0
4448,43066995,Patricia,Rojas Sangay,Cajamarca,Nuevo,2026-08-08,patricia4448@correo.pe,924070158.0
4449,22305846,Gabriela,Chávez Lozano,Cajamarca,Nuevo,2025-09-18,gabriela4449@correo.pe,932546892.0
4450,50605071,Pedro,Cabrera Mego,Cajamarca,Nuevo,2026-07-05,pedro4450@correo.pe,921030994.0
4451,77900052,Rosa,Bardales Huamán,Cajamarca,Frecuente,2025-06-24,,914480158.0
4452,36543496,Wilmer,Pérez Torres,Cajamarca,Frecuente,2025-10-08,wilmer4452@correo.pe,932047071.0
4453,79573153,Milagros,Sangay Alva,Cajamarca,Frecuente,2025-11-03,,996436030.0
4454,25593534,Elena,Mendoza Cueva,Cajamarca,Nuevo,2026-03-12,elena4454@correo.pe,999830381.0
4455,59659177,Héctor,Bardales Alva,Baños del Inca,Frecuente,2026-06-08,hector4455@correo.pe,952799965.0
4456,62784969,Elena,Coronel Flores,Cajamarca,Frecuente,2026-08-28,elena4456@correo.pe,936468475.0
4457,24646325,Segundo,Chávez Torres,Cajamarca,Nuevo,2025-11-18,segundo4457@correo.pe,920016574.0
4458,34834592,Segundo,Díaz Sánchez,Cajamarca,Nuevo,2026-03-08,segundo4458@correo.pe,944994304.0
4459,58367625,Juan,Rojas Cabrera,Baños del Inca,Frecuente,2025-08-23,juan4459@correo.pe,911262561.0
4460,22063982,Elena,Ramos Sangay,Los Baños,Frecuente,2026-03-18,elena4460@correo.pe,915220406.0
4461,48914232,Pedro,Tello Tello,Cajamarca,Nuevo,2025-10-11,pedro4461@correo.pe,985694131.0
4462,27523628,Patricia,Vásquez Torres,Los Baños,Nuevo,2026-03-28,patricia4462@correo.pe,988381891.0
4463,37969707,Noemí,Terrones Cabrera,Cajamarca,Nuevo,2025-11-30,noemi4463@correo.pe,976420685.0
4464,74242130,Fernando,Torres Pérez,San Juan,Nuevo,2025-10-14,fernando4464@correo.pe,936427048.0
4465,30397779,Elena,Pérez Cabrera,Cajamarca,Frecuente,2026-07-16,elena4465@correo.pe,959658818.0
4466,35650823,Camila,Vásquez Sánchez,Cajamarca,Frecuente,2026-06-29,camila4466@correo.pe,931005892.0
4467,30049222,Fernando,Tello Guevara,Cajamarca,Frecuente,2026-04-12,fernando4467@correo.pe,935675338.0
4468,14234741,Juan,Flores Díaz,Cajamarca,Frecuente,2026-03-18,juan4468@correo.pe,993530714.0
4469,19211928,María,Zelada Pérez,Cajamarca,Corporativo,2025-08-08,,973002306.0
4470,65831086,Miguel,Sangay Becerra,Cajamarca,Frecuente,2025-08-11,miguel4470@correo.pe,931280081.0
4471,78651668,Noemí,Sánchez Pérez,Cajamarca,Nuevo,2026-05-11,noemi4471@correo.pe,968257440.0
4472,72756523,Jorge,Torres Mendoza,Cajamarca,Frecuente,2025-11-20,jorge4472@correo.pe,979489692.0
4473,16372415,Carmen,Rojas Mego,Cajamarca,Nuevo,2025-08-29,carmen4473@correo.pe,929224503.0
4474,11700646,Diego,Flores Zelada,Cajamarca,Frecuente,2026-02-01,diego4474@correo.pe,929643229.0
4475,74499206,Ricardo,Llamo Mendoza,Cajamarca,Nuevo,2025-10-29,ricardo4475@correo.pe,960587524.0
4476,50165112,Andrés,Flores Cabrera,Namora,Frecuente,2026-08-15,andres4476@correo.pe,946142440.0
4477,58241574,Luis,Sangay Flores,Cajamarca,Frecuente,2025-08-13,luis4477@correo.pe,948620560.0
4478,79077212,Pedro,Flores Rojas,Cajamarca,Frecuente,2025-07-06,pedro4478@correo.pe,911103485.0
4479,28240956,Ricardo,Chávez Mego,Cajamarca,Nuevo,2025-06-01,ricardo4479@correo.pe,949884450.0
4480,23464757,Héctor,Alva Lozano,Baños del Inca,Nuevo,2026-05-21,hector4480@correo.pe,983709635.0
4481,30479498,Segundo,Quispe Cabrera,Jesús,Nuevo,2025-07-21,segundo4481@correo.pe,955738278.0
4482,27121171,Milagros,Aguilar Torres,Magdalena,Corporativo,2025-06-06,milagros4482@correo.pe,972994603.0
4483,47870665,Valeria,Zelada Mendoza,Cajamarca,Nuevo,2025-07-29,valeria4483@correo.pe,938920135.0
4484,15615600,Wilmer,Mego Terrones,Cajamarca,Frecuente,2026-07-20,wilmer4484@correo.pe,949705637.0
4485,49351532,Juan,Terrones Cueva,Cajamarca,Corporativo,2026-05-11,juan4485@correo.pe,990478932.0
4486,16764330,Valeria,Castrejón Vásquez,San Juan,Nuevo,2026-06-19,valeria4486@correo.pe,978046345.0
4487,37758028,Milagros,Torres Tello,Cajamarca,Corporativo,2026-01-07,milagros4487@correo.pe,987353688.0
4488,39190693,Carmen,Llamo Terrones,Magdalena,Frecuente,2026-01-27,carmen4488@correo.pe,977394342.0
4489,61308366,Camila,Huamán Quispe,Baños del Inca,Nuevo,2026-07-08,camila4489@correo.pe,990379662.0
4490,10319725,Pedro,Huamán Guevara,Cajamarca,Nuevo,2025-11-20,pedro4490@correo.pe,956960465.0
4491,72183222,Patricia,Zelada Cueva,Baños del Inca,Nuevo,2025-08-15,patricia4491@correo.pe,987532362.0
4492,22335521,Segundo,Alva Castrejón,Baños del Inca,Frecuente,2026-03-28,segundo4492@correo.pe,947248386.0
4493,33533005,Ricardo,Bardales Díaz,Cajamarca,Nuevo,2025-11-17,ricardo4493@correo.pe,925590510.0
4494,13479708,Camila,Huamán Coronel,Los Baños,Nuevo,2026-05-14,camila4494@correo.pe,940924925.0
4495,49477591,Marleni,Rojas Castrejón,Cajamarca,Frecuente,2025-08-01,marleni4495@correo.pe,993065487.0
4496,44160376,Miguel,Zelada Zelada,Llacanora,Frecuente,2026-03-20,miguel4496@correo.pe,913511904.0
4497,65816893,Héctor,Flores Cueva,Cajamarca,Nuevo,2026-03-11,hector4497@correo.pe,989535632.0
4498,43360366,José,Flores Sánchez,Cajamarca,Nuevo,2026-01-09,jose4498@correo.pe,947936242.0
4499,54111282,Gabriela,Pérez Díaz,Cajamarca,Nuevo,2026-08-01,gabriela4499@correo.pe,938405465.0
4500,12021761,Diego,Coronel Terrones,Celendín,Nuevo,2025-11-04,diego4500@correo.pe,926371256.0
4501,60270991,Juan,Lozano Sangay,San Juan,Nuevo,2026-05-13,juan4501@correo.pe,965310006.0
4502,34054067,Héctor,Ramos Alva,Cajamarca,Nuevo,2025-10-29,hector4502@correo.pe,990651470.0
4503,18739485,Ricardo,Díaz Cueva,Cajamarca,Nuevo,2026-05-15,ricardo4503@correo.pe,989866607.0
4504,73295680,Pedro,Ramos Ramos,Baños del Inca,Nuevo,2025-10-30,pedro4504@correo.pe,936732887.0
4505,70714695,Héctor,Becerra Ramos,Cajamarca,Frecuente,2026-01-07,hector4505@correo.pe,981414304.0
4506,65812125,Jorge,Becerra Terrones,Cajamarca,Corporativo,2026-06-13,jorge4506@correo.pe,965699802.0
4507,74247678,María,Cueva Flores,Cajamarca,Frecuente,2025-09-27,maria4507@correo.pe,948583823.0
4508,39739774,Carlos,Llamo Sangay,Jesús,Frecuente,2026-05-22,carlos4508@correo.pe,949588293.0
4509,21323542,Segundo,Cabrera Ramos,Cajamarca,Nuevo,2026-06-05,segundo4509@correo.pe,954240096.0
4510,35066145,Segundo,Alva Coronel,Baños del Inca,Frecuente,2026-08-23,segundo4510@correo.pe,955295439.0
4511,45525557,Patricia,Huamán Sangay,San Juan,Frecuente,2025-09-19,patricia4511@correo.pe,947115314.0
4512,58850265,Carmen,Díaz Becerra,Magdalena,Frecuente,2026-01-23,carmen4512@correo.pe,978952632.0
4513,67816230,Rosa,Ramos Cueva,Baños del Inca,Nuevo,2026-08-18,rosa4513@correo.pe,971262332.0
4514,75267863,Edwin,Cabrera Sánchez,Namora,Nuevo,2026-03-29,edwin4514@correo.pe,990518895.0
4515,11610089,Luis,Sangay Flores,Cajamarca,Corporativo,2026-05-02,luis4515@correo.pe,925187107.0
4516,27605888,Luis,Cabrera Zelada,San Juan,Nuevo,2026-02-19,luis4516@correo.pe,979820535.0
4517,50383807,Sofía,Bardales Llamo,Cajamarca,Nuevo,2026-04-21,sofia4517@correo.pe,979758064.0
4518,28680199,Ana,Ramos Rojas,Magdalena,Frecuente,2026-09-05,ana4518@correo.pe,950151460.0
4519,44734031,Pedro,Torres Guevara,Namora,Nuevo,2025-11-10,pedro4519@correo.pe,987008474.0
4520,76232779,Miguel,Terrones Sánchez,Cajamarca,Nuevo,2026-02-24,miguel4520@correo.pe,920923161.0
4521,72218853,Edwin,Guevara Ramos,Baños del Inca,Frecuente,2025-10-11,edwin4521@correo.pe,940225580.0
4522,68474745,Yesenia,Sangay Mego,Cajamarca,Nuevo,2025-12-21,yesenia4522@correo.pe,944176728.0
4523,63444728,Pedro,Huamán Aguilar,Cajamarca,Nuevo,2026-09-07,pedro4523@correo.pe,985343445.0
4524,57240192,Jorge,Zelada Huamán,Cajamarca,Frecuente,2025-06-29,jorge4524@correo.pe,942696126.0
4525,55778647,Fernando,Guevara Bardales,Magdalena,Nuevo,2025-08-12,fernando4525@correo.pe,998142957.0
4526,53127711,Juan,Terrones Ramos,Cajamarca,Frecuente,2025-10-07,juan4526@correo.pe,925454488.0
4527,38192850,Miguel,Cueva Castrejón,Celendín,Nuevo,2026-08-02,miguel4527@correo.pe,923710118.0
4528,41749502,Milagros,Coronel Zelada,Cajamarca,Nuevo,2026-04-10,milagros4528@correo.pe,953007298.0
4529,30380071,Gabriela,Rojas Pérez,Baños del Inca,Frecuente,2025-09-19,gabriela4529@correo.pe,925454760.0
4530,41371527,Sofía,Sánchez Torres,Celendín,Nuevo,2025-11-25,sofia4530@correo.pe,928983073.0
4531,44402157,José,Cueva Rojas,Cajamarca,Nuevo,2026-05-26,jose4531@correo.pe,938520980.0
4532,69378234,Wilmer,Llamo Flores,Cajamarca,Nuevo,2026-07-11,,976151253.0
4533,39235798,Patricia,Vásquez Llamo,Cajamarca,Nuevo,2025-07-25,patricia4533@correo.pe,995790897.0
4534,68356970,Wilmer,Llamo Mendoza,Cajamarca,Nuevo,2025-10-09,,945519869.0
4535,42336077,Ricardo,Coronel Vásquez,Cajamarca,Nuevo,2025-07-09,ricardo4535@correo.pe,941706985.0
4536,58930996,Héctor,Zelada Zelada,Los Baños,Nuevo,2026-05-06,hector4536@correo.pe,956846296.0
4537,65400909,Yesenia,Llamo Becerra,Baños del Inca,Nuevo,2025-09-07,yesenia4537@correo.pe,997111142.0
4538,51420141,Segundo,Coronel Terrones,Baños del Inca,Nuevo,2025-10-30,segundo4538@correo.pe,948309793.0
4539,67008438,Wilmer,Cabrera Coronel,Magdalena,Nuevo,2026-08-04,wilmer4539@correo.pe,924503986.0
4540,18708747,Ricardo,Rojas Becerra,Cajamarca,Nuevo,2025-10-23,ricardo4540@correo.pe,973095741.0
4541,44240194,Segundo,Cueva Chávez,San Juan,Nuevo,2025-08-07,segundo4541@correo.pe,989390115.0
4542,71711842,Rosa,Cabrera Becerra,Baños del Inca,Frecuente,2026-09-07,rosa4542@correo.pe,947654975.0
4543,26532652,Andrés,Rojas Cabrera,Cajamarca,Frecuente,2026-03-26,andres4543@correo.pe,972370515.0
4544,69472688,Carlos,Cabrera Tello,Cajabamba,Nuevo,2026-03-28,carlos4544@correo.pe,930254004.0
4545,15293244,Ana,Pérez Terrones,Celendín,Frecuente,2026-07-23,,963338416.0
4546,19677454,José,Lozano Terrones,Cajamarca,Frecuente,2025-10-16,jose4546@correo.pe,944192150.0
4547,63006765,Luz,Vásquez Rojas,Cajamarca,Nuevo,2025-10-25,luz4547@correo.pe,956525794.0
4548,63371019,Gabriela,Zelada Bardales,Cajamarca,Nuevo,2026-07-29,gabriela4548@correo.pe,944214709.0
4549,79338490,Miguel,Terrones Mego,Cajamarca,Frecuente,2026-05-04,miguel4549@correo.pe,974141796.0
4550,56681935,Valeria,Tello Sánchez,Celendín,Nuevo,2025-07-17,valeria4550@correo.pe,960141372.0
4551,57441830,Juan,Quispe Zelada,Cajabamba,Corporativo,2025-10-01,juan4551@correo.pe,986284514.0
4552,37882114,Rosa,Vásquez Coronel,Cajamarca,Nuevo,2025-10-14,rosa4552@correo.pe,989341603.0
4553,31146368,Marleni,Díaz Aguilar,Baños del Inca,Nuevo,2026-04-19,marleni4553@correo.pe,934384639.0
4554,44773277,Andrés,Cueva Pérez,Los Baños,Nuevo,2025-06-06,andres4554@correo.pe,984520919.0
4555,36126906,Luz,Sangay Bardales,Cajamarca,Nuevo,2026-03-31,luz4555@correo.pe,915037060.0
4556,24664952,Jorge,Castrejón Mego,Cajamarca,Nuevo,2025-06-10,jorge4556@correo.pe,951314547.0
4557,23904846,Carlos,Mego Huamán,Cajamarca,Frecuente,2026-07-12,carlos4557@correo.pe,937002137.0
4558,71770807,Fernando,Cabrera Castrejón,Cajabamba,Nuevo,2026-07-22,fernando4558@correo.pe,996363437.0
4559,18585974,Carlos,Lozano Díaz,Los Baños,Frecuente,2025-11-04,carlos4559@correo.pe,985441118.0
4560,68206991,Andrés,Quispe Mendoza,Cajabamba,Nuevo,2026-05-25,andres4560@correo.pe,955043155.0
4561,59178102,Ricardo,Rojas Rojas,Cajamarca,Frecuente,2026-05-25,ricardo4561@correo.pe,999055139.0
4562,74016740,Patricia,Huamán Bardales,Cajamarca,Nuevo,2025-06-21,patricia4562@correo.pe,991761444.0
4563,38324790,Sofía,Rojas Terrones,Baños del Inca,Nuevo,2026-03-17,sofia4563@correo.pe,970915168.0
4564,26507945,Wilmer,Lozano Sangay,Baños del Inca,Nuevo,2026-04-21,wilmer4564@correo.pe,950963066.0
4565,78869185,Yesenia,Díaz Llamo,Cajamarca,Frecuente,2025-11-29,yesenia4565@correo.pe,973177446.0
4566,62909155,Camila,Pérez Chávez,Baños del Inca,Corporativo,2025-07-07,camila4566@correo.pe,975234646.0
4567,57621322,Wilmer,Huamán Mendoza,Cajamarca,Nuevo,2026-09-07,wilmer4567@correo.pe,998354453.0
4568,56637137,Sofía,Cabrera Lozano,Los Baños,Nuevo,2025-08-25,sofia4568@correo.pe,920055017.0
4569,64932411,Noemí,Guevara Quispe,Cajamarca,Nuevo,2025-12-11,noemi4569@correo.pe,953422274.0
4570,54722775,Segundo,Cueva Terrones,Cajabamba,Nuevo,2025-11-27,segundo4570@correo.pe,991840404.0
4571,20092295,Gabriela,Chávez Cueva,Baños del Inca,Frecuente,2026-07-02,gabriela4571@correo.pe,945607585.0
4572,71996856,Sofía,Vásquez Cueva,Cajamarca,Nuevo,2025-09-24,sofia4572@correo.pe,971789783.0
4573,70852807,Milagros,Zelada Coronel,Cajamarca,Frecuente,2025-12-08,milagros4573@correo.pe,924766719.0
4574,29995792,Gabriela,Terrones Mego,Cajamarca,Frecuente,2026-07-27,gabriela4574@correo.pe,960015045.0
4575,49084676,Andrés,Cueva Sangay,Cajamarca,Nuevo,2026-02-14,andres4575@correo.pe,926557639.0
4576,75173627,Fernando,Aguilar Mego,Cajamarca,Frecuente,2025-12-29,fernando4576@correo.pe,983892853.0
4577,73776855,Wilmer,Rojas Becerra,San Juan,Nuevo,2026-03-20,wilmer4577@correo.pe,959330524.0
4578,17299074,Patricia,Alva Chávez,Cajamarca,Nuevo,2025-08-26,patricia4578@correo.pe,942266027.0
4579,31982939,Valeria,Lozano Díaz,Cajamarca,Frecuente,2025-09-06,valeria4579@correo.pe,985829755.0
4580,73159751,Gabriela,Coronel Coronel,Baños del Inca,Nuevo,2026-01-27,gabriela4580@correo.pe,957295848.0
4581,66473047,Juan,Pérez Guevara,Cajamarca,Nuevo,2026-01-16,juan4581@correo.pe,985645695.0
4582,55328713,Edwin,Ramos Cabrera,Cajamarca,Nuevo,2025-11-02,edwin4582@correo.pe,941816209.0
4583,22427913,Noemí,Cueva Bardales,Baños del Inca,Nuevo,2025-09-25,noemi4583@correo.pe,987544916.0
4584,31947468,Miguel,Quispe Guevara,Llacanora,Nuevo,2025-07-14,miguel4584@correo.pe,937920279.0
4585,30929952,Carlos,Guevara Huamán,Celendín,Nuevo,2026-06-18,carlos4585@correo.pe,930652164.0
4586,39701832,Valeria,Flores Sangay,Celendín,Nuevo,2026-05-02,valeria4586@correo.pe,929774027.0
4587,15407725,Miguel,Coronel Zelada,Cajamarca,Nuevo,2025-06-08,,977985580.0
4588,53373072,Rosa,Quispe Díaz,Magdalena,Nuevo,2025-11-22,rosa4588@correo.pe,996767534.0
4589,28994191,Carmen,Becerra Díaz,Cajamarca,Frecuente,2025-07-09,carmen4589@correo.pe,913591958.0
4590,38227699,Yesenia,Guevara Lozano,Cajamarca,Frecuente,2025-09-04,yesenia4590@correo.pe,915812929.0
4591,70133802,Juan,Alva Cueva,Cajabamba,Nuevo,2025-10-19,juan4591@correo.pe,950716618.0
4592,26385462,José,Quispe Flores,Baños del Inca,Frecuente,2025-11-26,jose4592@correo.pe,948109591.0
4593,59934878,Miguel,Díaz Mendoza,Cajamarca,Nuevo,2025-08-25,miguel4593@correo.pe,912108775.0
4594,56384374,Noemí,Cueva Mendoza,Cajamarca,Corporativo,2026-01-10,noemi4594@correo.pe,999471024.0
4595,60547419,Marleni,Torres Sánchez,Cajamarca,Nuevo,2025-11-29,marleni4595@correo.pe,935624898.0
4596,62455471,Ana,Quispe Vásquez,Celendín,Frecuente,2025-08-09,ana4596@correo.pe,965584910.0
4597,77738928,Luz,Chávez Huamán,Cajamarca,Frecuente,2025-06-08,luz4597@correo.pe,916502567.0
4598,79119590,Milagros,Chávez Sánchez,Cajamarca,Nuevo,2025-12-26,milagros4598@correo.pe,964711141.0
4599,31966119,Edwin,Vásquez Coronel,Baños del Inca,Nuevo,2026-07-01,edwin4599@correo.pe,940849270.0
4600,11968009,Patricia,Terrones Chávez,Celendín,Nuevo,2026-04-17,patricia4600@correo.pe,998298483.0
4601,21393851,Diego,Castrejón Castrejón,Baños del Inca,Nuevo,2026-08-10,diego4601@correo.pe,963283898.0
4602,77299890,Wilmer,Rojas Sangay,Magdalena,Frecuente,2025-07-31,wilmer4602@correo.pe,923952093.0
4603,37101861,Valeria,Alva Alva,Cajamarca,Nuevo,2025-08-30,valeria4603@correo.pe,968417615.0
4604,26099554,Sofía,Chávez Ramos,Cajamarca,Nuevo,2025-07-04,sofia4604@correo.pe,946762991.0
4605,50903614,Jorge,Chávez Alva,Cajamarca,Nuevo,2025-12-16,jorge4605@correo.pe,960960036.0
4606,40206721,María,Cabrera Sangay,Cajamarca,Frecuente,2026-05-21,maria4606@correo.pe,977190523.0
4607,73715344,Segundo,Guevara Sangay,Cajamarca,Frecuente,2025-07-31,segundo4607@correo.pe,935137952.0
4608,75360947,Andrés,Tello Becerra,Cajamarca,Nuevo,2025-08-19,andres4608@correo.pe,965420469.0
4609,19947130,Sofía,Pérez Aguilar,San Juan,Nuevo,2025-11-07,sofia4609@correo.pe,976205321.0
4610,57298279,Yesenia,Torres Mendoza,Cajamarca,Nuevo,2025-07-01,yesenia4610@correo.pe,970505015.0
4611,54997472,Héctor,Aguilar Cueva,Baños del Inca,Nuevo,2025-12-31,hector4611@correo.pe,919595074.0
4612,11420660,Sofía,Lozano Lozano,Cajamarca,Nuevo,2026-01-19,sofia4612@correo.pe,918295382.0
4613,71081299,Sofía,Guevara Rojas,Magdalena,Frecuente,2026-07-15,sofia4613@correo.pe,951924921.0
4614,20521884,Andrés,Castrejón Bardales,Cajamarca,Frecuente,2026-04-14,andres4614@correo.pe,973772124.0
4615,35023984,Andrés,Pérez Ramos,Cajamarca,Nuevo,2025-09-10,andres4615@correo.pe,930009350.0
4616,57014595,Carmen,Coronel Chávez,Cajabamba,Nuevo,2025-09-27,carmen4616@correo.pe,981912936.0
4617,65474120,Segundo,Vásquez Cueva,Celendín,Frecuente,2025-06-04,segundo4617@correo.pe,983223707.0
4618,79897925,Jorge,Bardales Cueva,Cajamarca,Nuevo,2026-02-20,jorge4618@correo.pe,966945812.0
4619,53972814,Valeria,Vásquez Mendoza,Celendín,Frecuente,2026-06-24,valeria4619@correo.pe,961764417.0
4620,36510641,Ricardo,Bardales Torres,Llacanora,Frecuente,2025-12-30,ricardo4620@correo.pe,932969615.0
4621,61027424,Segundo,Terrones Torres,Cajamarca,Nuevo,2026-07-28,segundo4621@correo.pe,994617709.0
4622,42930617,Carmen,Flores Huamán,Cajamarca,Nuevo,2026-08-21,carmen4622@correo.pe,947297243.0
4623,60339598,Camila,Aguilar Mego,Baños del Inca,Frecuente,2025-10-24,camila4623@correo.pe,939171621.0
4624,14176796,Luz,Aguilar Zelada,Los Baños,Nuevo,2026-01-19,luz4624@correo.pe,979620425.0
4625,56429126,Diego,Torres Alva,Celendín,Nuevo,2026-01-07,diego4625@correo.pe,945976686.0
4626,47002775,Segundo,Torres Coronel,Baños del Inca,Nuevo,2025-10-27,segundo4626@correo.pe,966016291.0
4627,40891331,Camila,Sánchez Aguilar,Cajamarca,Nuevo,2026-03-23,camila4627@correo.pe,998959151.0
4628,48850539,Marleni,Mendoza Coronel,Namora,Nuevo,2026-04-21,marleni4628@correo.pe,934595117.0
4629,45970235,Luis,Guevara Terrones,Llacanora,Nuevo,2026-02-17,luis4629@correo.pe,915144264.0
4630,73903540,Edwin,Coronel Ramos,Cajamarca,Nuevo,2026-06-27,edwin4630@correo.pe,939909997.0
4631,32900472,Luz,Ramos Flores,Cajamarca,Frecuente,2026-04-12,luz4631@correo.pe,996417200.0
4632,15379143,Marleni,Pérez Quispe,Baños del Inca,Nuevo,2025-12-16,marleni4632@correo.pe,992988188.0
4633,53074949,Ana,Llamo Mendoza,Cajamarca,Frecuente,2026-07-07,ana4633@correo.pe,980300215.0
4634,31789337,Fernando,Coronel Cabrera,Los Baños,Nuevo,2025-06-02,fernando4634@correo.pe,970249457.0
4635,54138371,Camila,Torres Pérez,Cajamarca,Nuevo,2025-07-07,camila4635@correo.pe,934264922.0
4636,78585550,Elena,Alva Cueva,Llacanora,Nuevo,2026-07-11,elena4636@correo.pe,947679097.0
4637,64965962,Jorge,Cabrera Cueva,Cajamarca,Nuevo,2026-08-14,jorge4637@correo.pe,988200771.0
4638,68727138,Milagros,Llamo Mendoza,Baños del Inca,Frecuente,2026-09-13,milagros4638@correo.pe,944283564.0
4639,74394671,Jorge,Becerra Lozano,Baños del Inca,Nuevo,2025-06-20,jorge4639@correo.pe,956223021.0
4640,59325613,Segundo,Bardales Alva,Cajamarca,Frecuente,2025-06-06,segundo4640@correo.pe,945931166.0
4641,70232632,Yesenia,Coronel Coronel,Cajamarca,Frecuente,2025-11-03,yesenia4641@correo.pe,964701210.0
4642,70932151,Luz,Huamán Llamo,San Juan,Nuevo,2025-07-12,luz4642@correo.pe,977400947.0
4643,13284741,Segundo,Mendoza Llamo,Baños del Inca,Nuevo,2025-10-04,segundo4643@correo.pe,910063076.0
4644,59854904,Rosa,Mego Terrones,Cajamarca,Frecuente,2026-01-02,rosa4644@correo.pe,931055797.0
4645,66673864,Andrés,Aguilar Aguilar,Cajamarca,Nuevo,2025-11-19,andres4645@correo.pe,975122477.0
4646,41158338,Jorge,Chávez Flores,Cajamarca,Nuevo,2025-07-19,jorge4646@correo.pe,964280043.0
4647,66901205,Marleni,Mendoza Quispe,Cajamarca,Nuevo,2025-10-12,marleni4647@correo.pe,998085835.0
4648,54278475,Gabriela,Sánchez Becerra,Baños del Inca,Nuevo,2026-05-12,gabriela4648@correo.pe,933331310.0
4649,32064198,José,Flores Cabrera,Cajamarca,Frecuente,2026-04-15,jose4649@correo.pe,923792595.0
4650,67455485,Miguel,Coronel Sánchez,Cajamarca,Frecuente,2026-03-04,miguel4650@correo.pe,968467143.0
4651,24101736,Pedro,Mego Lozano,Baños del Inca,Nuevo,2025-07-17,pedro4651@correo.pe,984972277.0
4652,75399740,Juan,Chávez Pérez,Cajamarca,Nuevo,2026-07-23,juan4652@correo.pe,915607041.0
4653,37332342,Noemí,Becerra Castrejón,Cajamarca,Corporativo,2026-03-18,noemi4653@correo.pe,935893520.0
4654,63499726,Valeria,Bardales Mendoza,Cajamarca,Frecuente,2026-05-26,valeria4654@correo.pe,964906587.0
4655,19618623,Carmen,Zelada Ramos,Cajamarca,Nuevo,2026-03-11,carmen4655@correo.pe,914523735.0
4656,13467966,Jorge,Huamán Huamán,Cajamarca,Nuevo,2025-12-26,jorge4656@correo.pe,988299217.0
4657,36944817,Andrés,Castrejón Ramos,Cajamarca,Nuevo,2026-03-17,andres4657@correo.pe,944251759.0
4658,33126913,Fernando,Mego Llamo,Baños del Inca,Nuevo,2025-06-27,fernando4658@correo.pe,946639662.0
4659,20156154,Noemí,Vásquez Chávez,Magdalena,Nuevo,2026-03-12,noemi4659@correo.pe,982811831.0
4660,51906623,José,Bardales Huamán,Cajamarca,Nuevo,2025-08-05,jose4660@correo.pe,989746071.0
4661,74347657,Camila,Zelada Mego,Cajabamba,Nuevo,2026-01-13,camila4661@correo.pe,977658265.0
4662,27588875,Luis,Becerra Mendoza,Baños del Inca,Frecuente,2025-12-17,luis4662@correo.pe,957135753.0
4663,35744432,Ana,Guevara Zelada,Cajamarca,Nuevo,2025-06-19,ana4663@correo.pe,946897048.0
4664,36344271,Segundo,Rojas Sánchez,Cajamarca,Frecuente,2025-10-29,segundo4664@correo.pe,972509352.0
4665,37503394,Sofía,Guevara Lozano,Cajamarca,Nuevo,2026-06-17,sofia4665@correo.pe,977104924.0
4666,48033688,Elena,Lozano Díaz,Cajamarca,Frecuente,2026-01-02,elena4666@correo.pe,963895918.0
4667,74442390,Sofía,Sangay Becerra,Cajamarca,Nuevo,2026-09-03,sofia4667@correo.pe,968048564.0
4668,69594252,Ana,Tello Llamo,Llacanora,Frecuente,2026-06-05,ana4668@correo.pe,941213366.0
4669,10531974,Valeria,Huamán Aguilar,Cajamarca,Nuevo,2025-06-09,valeria4669@correo.pe,951684416.0
4670,75535805,Carlos,Tello Terrones,Cajamarca,Nuevo,2025-07-04,carlos4670@correo.pe,952042611.0
4671,36143693,Marleni,Sangay Guevara,Baños del Inca,Frecuente,2025-07-08,marleni4671@correo.pe,961396800.0
4672,34002242,Edwin,Sangay Cabrera,Cajabamba,Frecuente,2026-06-09,,947168671.0
4673,10167268,Marleni,Zelada Zelada,Los Baños,Frecuente,2026-04-18,marleni4673@correo.pe,963866511.0
4674,19680442,Milagros,Sangay Rojas,Baños del Inca,Frecuente,2025-11-06,milagros4674@correo.pe,941172221.0
4675,74448796,Edwin,Castrejón Cabrera,Cajamarca,Nuevo,2026-02-24,edwin4675@correo.pe,954474136.0
4676,34336207,Gabriela,Vásquez Vásquez,Cajamarca,Nuevo,2025-12-01,gabriela4676@correo.pe,952429674.0
4677,34945774,Yesenia,Sangay Bardales,Celendín,Frecuente,2025-10-25,yesenia4677@correo.pe,949464600.0
4678,37348714,Carlos,Zelada Becerra,Cajamarca,Nuevo,2026-04-28,carlos4678@correo.pe,941829376.0
4679,26248787,Wilmer,Pérez Chávez,Llacanora,Corporativo,2026-03-08,wilmer4679@correo.pe,954669643.0
4680,44338625,Patricia,Tello Ramos,Cajamarca,Frecuente,2026-07-29,patricia4680@correo.pe,959810735.0
4681,35208844,Andrés,Bardales Torres,Cajamarca,Frecuente,2025-12-31,andres4681@correo.pe,987248941.0
4682,10393119,Milagros,Huamán Lozano,Baños del Inca,Nuevo,2026-03-13,milagros4682@correo.pe,996821365.0
4683,28320227,Andrés,Bardales Flores,Cajamarca,Frecuente,2025-12-04,andres4683@correo.pe,994037738.0
4684,39764283,Patricia,Quispe Mendoza,Cajamarca,Nuevo,2025-10-28,patricia4684@correo.pe,939897316.0
4685,29591265,Diego,Bardales Rojas,Baños del Inca,Nuevo,2025-07-23,,954576631.0
4686,14992941,María,Torres Llamo,Cajamarca,Nuevo,2025-10-03,maria4686@correo.pe,980052856.0
4687,61064087,Sofía,Vásquez Chávez,Cajamarca,Corporativo,2026-08-30,sofia4687@correo.pe,967503380.0
4688,67903776,Miguel,Flores Ramos,Baños del Inca,Corporativo,2026-08-20,miguel4688@correo.pe,987589023.0
4689,41218300,Miguel,Quispe Alva,Cajamarca,Frecuente,2026-07-25,miguel4689@correo.pe,920877985.0
4690,63575126,Camila,Rojas Quispe,Cajamarca,Nuevo,2025-11-19,camila4690@correo.pe,923651975.0
4691,62400428,Yesenia,Sangay Tello,Cajamarca,Nuevo,2025-09-03,yesenia4691@correo.pe,961573943.0
4692,21037311,Edwin,Ramos Becerra,Baños del Inca,Nuevo,2025-07-21,edwin4692@correo.pe,956129477.0
4693,18583672,Fernando,Torres Quispe,Baños del Inca,Nuevo,2026-08-06,fernando4693@correo.pe,918577442.0
4694,63573875,Edwin,Torres Cueva,Cajamarca,Frecuente,2025-08-03,edwin4694@correo.pe,976493266.0
4695,21953714,Carlos,Cabrera Mego,Cajamarca,Nuevo,2025-11-25,carlos4695@correo.pe,921440874.0
4696,46411305,Héctor,Zelada Chávez,Cajamarca,Nuevo,2025-09-11,hector4696@correo.pe,992051277.0
4697,16504621,Diego,Sánchez Ramos,Cajamarca,Frecuente,2026-05-23,diego4697@correo.pe,952620624.0
4698,19284772,Jorge,Guevara Cabrera,Cajamarca,Frecuente,2026-05-25,jorge4698@correo.pe,978478159.0
4699,50419686,Camila,Bardales Guevara,Baños del Inca,Nuevo,2026-02-08,camila4699@correo.pe,965143971.0
4700,10882848,Andrés,Castrejón Torres,Cajabamba,Nuevo,2026-06-19,andres4700@correo.pe,927873513.0
4701,16578387,Valeria,Huamán Tello,Magdalena,Frecuente,2026-01-09,valeria4701@correo.pe,942661468.0
4702,12455297,Wilmer,Rojas Flores,Baños del Inca,Frecuente,2025-12-16,wilmer4702@correo.pe,979541768.0
4703,21772871,Juan,Torres Zelada,Cajabamba,Frecuente,2025-11-28,juan4703@correo.pe,926189052.0
4704,38179730,Sofía,Rojas Cabrera,San Juan,Nuevo,2025-11-09,sofia4704@correo.pe,971374381.0
4705,72479900,Ricardo,Rojas Quispe,Cajamarca,Nuevo,2026-08-04,ricardo4705@correo.pe,912838285.0
4706,71973193,Milagros,Torres Pérez,Baños del Inca,Frecuente,2025-09-06,milagros4706@correo.pe,944033361.0
4707,24033220,Camila,Tello Aguilar,Baños del Inca,Nuevo,2026-06-02,camila4707@correo.pe,928689619.0
4708,74016122,Diego,Sangay Cueva,Cajabamba,Nuevo,2025-12-01,diego4708@correo.pe,999847634.0
4709,26895592,Pedro,Guevara Cabrera,Baños del Inca,Frecuente,2026-02-08,,922423865.0
4710,65945354,Marleni,Castrejón Cueva,Baños del Inca,Frecuente,2026-03-03,marleni4710@correo.pe,932418303.0
4711,48234166,Rosa,Quispe Zelada,Cajamarca,Nuevo,2025-09-09,rosa4711@correo.pe,971761599.0
4712,51268439,Marleni,Becerra Pérez,Cajamarca,Nuevo,2025-12-22,marleni4712@correo.pe,952431141.0
4713,12965252,Luis,Pérez Chávez,San Juan,Nuevo,2025-12-05,luis4713@correo.pe,986129105.0
4714,59530156,Andrés,Huamán Zelada,Cajamarca,Corporativo,2025-12-14,andres4714@correo.pe,919376209.0
4715,48196051,Yesenia,Llamo Zelada,Baños del Inca,Frecuente,2025-06-19,yesenia4715@correo.pe,947615631.0
4716,75110660,Fernando,Vásquez Cabrera,Baños del Inca,Nuevo,2026-07-26,fernando4716@correo.pe,996132086.0
4717,48375384,Carlos,Tello Huamán,Llacanora,Frecuente,2026-01-21,carlos4717@correo.pe,955327290.0
4718,66700008,Andrés,Mendoza Guevara,Cajamarca,Corporativo,2026-04-05,andres4718@correo.pe,964706378.0
4719,62232846,Marleni,Coronel Flores,Llacanora,Nuevo,2026-04-23,marleni4719@correo.pe,920445650.0
4720,19324771,Rosa,Terrones Llamo,Baños del Inca,Frecuente,2025-10-31,rosa4720@correo.pe,948545723.0
4721,29036600,Luz,Flores Díaz,Cajamarca,Nuevo,2025-08-23,luz4721@correo.pe,997664362.0
4722,35921414,Wilmer,Vásquez Mendoza,Cajamarca,Corporativo,2025-12-29,wilmer4722@correo.pe,993044232.0
4723,37314653,Wilmer,Lozano Aguilar,Cajabamba,Frecuente,2026-02-02,wilmer4723@correo.pe,917849101.0
4724,39138940,Ana,Chávez Torres,Baños del Inca,Corporativo,2026-02-09,ana4724@correo.pe,984656162.0
4725,75272570,Carlos,Cabrera Díaz,Cajamarca,Frecuente,2026-05-02,carlos4725@correo.pe,933309135.0
4726,16379060,Rosa,Guevara Huamán,San Juan,Nuevo,2026-06-29,rosa4726@correo.pe,965894775.0
4727,17000103,Noemí,Guevara Cabrera,Cajamarca,Nuevo,2025-10-27,noemi4727@correo.pe,913693371.0
4728,59664497,Juan,Terrones Sangay,Cajamarca,Nuevo,2026-08-13,juan4728@correo.pe,990996248.0
4729,59455701,Andrés,Lozano Zelada,Cajamarca,Nuevo,2026-07-06,andres4729@correo.pe,938007510.0
4730,41865658,Carmen,Rojas Lozano,Celendín,Nuevo,2026-06-29,carmen4730@correo.pe,974368136.0
4731,56618036,Carmen,Becerra Ramos,Namora,Nuevo,2026-07-07,carmen4731@correo.pe,945744638.0
4732,37521267,Camila,Flores Torres,Cajamarca,Nuevo,2025-11-23,camila4732@correo.pe,982483299.0
4733,50659234,María,Terrones Castrejón,San Juan,Frecuente,2026-02-19,maria4733@correo.pe,979029445.0
4734,42885907,Milagros,Rojas Vásquez,Namora,Frecuente,2025-07-27,milagros4734@correo.pe,998586292.0
4735,63066208,Diego,Díaz Mendoza,Baños del Inca,Frecuente,2026-02-23,diego4735@correo.pe,949586577.0
4736,44319454,Luz,Becerra Lozano,Cajamarca,Corporativo,2026-05-23,luz4736@correo.pe,917137628.0
4737,50818943,Carlos,Flores Díaz,Namora,Corporativo,2025-10-24,carlos4737@correo.pe,938614946.0
4738,61283982,Héctor,Lozano Chávez,Baños del Inca,Nuevo,2025-08-03,hector4738@correo.pe,958453452.0
4739,56349382,Carmen,Pérez Díaz,Namora,Corporativo,2025-12-01,carmen4739@correo.pe,973246192.0
4740,76211887,Luis,Cueva Terrones,Baños del Inca,Nuevo,2025-11-05,luis4740@correo.pe,935464613.0
4741,64164388,Noemí,Vásquez Ramos,Cajabamba,Nuevo,2026-06-15,noemi4741@correo.pe,922931397.0
4742,26261929,Patricia,Guevara Terrones,Jesús,Frecuente,2025-11-10,patricia4742@correo.pe,928210866.0
4743,52952850,Valeria,Bardales Llamo,Cajamarca,Nuevo,2025-06-22,,925808937.0
4744,58535857,Segundo,Rojas Guevara,San Juan,Nuevo,2025-10-02,segundo4744@correo.pe,924291142.0
4745,70667424,Juan,Chávez Guevara,Cajamarca,Nuevo,2026-01-25,juan4745@correo.pe,910266718.0
4746,36194269,Segundo,Tello Pérez,Cajamarca,Nuevo,2026-01-20,segundo4746@correo.pe,919888974.0
4747,37732638,Milagros,Ramos Flores,Cajamarca,Nuevo,2025-08-14,milagros4747@correo.pe,941454693.0
4748,51420417,Noemí,Mego Sánchez,Cajamarca,Nuevo,2025-12-21,noemi4748@correo.pe,999648421.0
4749,76554777,Ricardo,Vásquez Torres,Cajamarca,Frecuente,2025-10-11,ricardo4749@correo.pe,987653173.0
4750,44432223,Carmen,Castrejón Castrejón,Cajamarca,Frecuente,2026-06-30,carmen4750@correo.pe,971505886.0
4751,28243559,Noemí,Guevara Aguilar,Cajamarca,Frecuente,2025-10-17,noemi4751@correo.pe,916217529.0
4752,44743885,Andrés,Guevara Alva,Los Baños,Nuevo,2026-05-15,andres4752@correo.pe,974867189.0
4753,41230995,Luz,Pérez Díaz,Cajamarca,Frecuente,2026-09-12,luz4753@correo.pe,964846689.0
4754,63032320,Rosa,Díaz Castrejón,Baños del Inca,Nuevo,2026-03-10,rosa4754@correo.pe,967073927.0
4755,30979781,Wilmer,Ramos Mendoza,Cajamarca,Nuevo,2025-07-24,wilmer4755@correo.pe,988559014.0
4756,56020537,Marleni,Bardales Chávez,Llacanora,Nuevo,2025-07-23,marleni4756@correo.pe,950480100.0
4757,78182847,Milagros,Huamán Aguilar,Cajamarca,Frecuente,2025-06-23,milagros4757@correo.pe,997388222.0
4758,45052131,Juan,Sánchez Sangay,Cajamarca,Corporativo,2026-07-31,juan4758@correo.pe,961616611.0
4759,53691956,Noemí,Tello Cabrera,Llacanora,Nuevo,2026-02-25,noemi4759@correo.pe,980084668.0
4760,43979531,Noemí,Quispe Pérez,Cajamarca,Nuevo,2025-07-09,noemi4760@correo.pe,967327829.0
4761,11092455,Segundo,Díaz Rojas,Cajamarca,Nuevo,2025-09-18,segundo4761@correo.pe,967508039.0
4762,27354945,Rosa,Becerra Torres,Cajamarca,Nuevo,2026-05-28,rosa4762@correo.pe,993220885.0
4763,49791431,Gabriela,Díaz Flores,Cajamarca,Nuevo,2025-11-17,gabriela4763@correo.pe,986623641.0
4764,79597184,Camila,Vásquez Díaz,Cajamarca,Nuevo,2026-06-25,camila4764@correo.pe,926759985.0
4765,24852165,Carmen,Cabrera Pérez,Celendín,Nuevo,2026-05-28,carmen4765@correo.pe,995927812.0
4766,37946219,Camila,Pérez Becerra,Baños del Inca,Nuevo,2026-01-22,camila4766@correo.pe,938039143.0
4767,31906679,Rosa,Terrones Ramos,Cajamarca,Nuevo,2025-08-18,rosa4767@correo.pe,937350381.0
4768,54572283,Marleni,Aguilar Torres,Cajamarca,Nuevo,2026-02-08,marleni4768@correo.pe,959961083.0
4769,13397010,Carmen,Pérez Castrejón,Cajamarca,Frecuente,2026-08-16,carmen4769@correo.pe,974995964.0
4770,47503253,Camila,Huamán Mendoza,Cajamarca,Nuevo,2026-06-30,camila4770@correo.pe,990985394.0
4771,29071573,Carlos,Quispe Torres,Celendín,Frecuente,2025-09-22,carlos4771@correo.pe,916092185.0
4772,56959253,Marleni,Pérez Mego,San Juan,Frecuente,2025-08-17,marleni4772@correo.pe,952596463.0
4773,40176441,Elena,Guevara Becerra,Magdalena,Nuevo,2025-11-30,elena4773@correo.pe,928517171.0
4774,68339115,Gabriela,Flores Quispe,Baños del Inca,Frecuente,2025-09-09,gabriela4774@correo.pe,958281453.0
4775,55756959,Marleni,Mego Ramos,Cajamarca,Nuevo,2025-08-05,marleni4775@correo.pe,941375567.0
4776,70223567,Jorge,Mego Terrones,Celendín,Nuevo,2025-09-26,jorge4776@correo.pe,944821448.0
4777,54903324,Luis,Díaz Huamán,Cajabamba,Nuevo,2025-11-13,luis4777@correo.pe,934619185.0
4778,20320164,Gabriela,Quispe Llamo,Cajamarca,Nuevo,2026-05-31,gabriela4778@correo.pe,993892662.0
4779,68352482,Milagros,Llamo Vásquez,Magdalena,Nuevo,2026-01-23,milagros4779@correo.pe,921756374.0
4780,40920021,Wilmer,Sánchez Mego,Jesús,Nuevo,2025-10-18,wilmer4780@correo.pe,920260129.0
4781,29205724,Ana,Bardales Lozano,Cajamarca,Frecuente,2025-09-12,ana4781@correo.pe,965175998.0
4782,42508513,Segundo,Cabrera Sánchez,Baños del Inca,Nuevo,2025-12-25,segundo4782@correo.pe,941221034.0
4783,10108709,Carlos,Quispe Tello,Baños del Inca,Nuevo,2026-04-11,carlos4783@correo.pe,968011270.0
4784,41758876,Luis,Alva Alva,Cajamarca,Frecuente,2025-07-31,luis4784@correo.pe,992295142.0
4785,72079564,Elena,Llamo Cueva,Magdalena,Corporativo,2025-06-06,elena4785@correo.pe,991845364.0
4786,66161872,Edwin,Quispe Chávez,Baños del Inca,Frecuente,2025-10-19,edwin4786@correo.pe,985581729.0
4787,40958636,Carlos,Sánchez Alva,Cajamarca,Frecuente,2026-03-18,carlos4787@correo.pe,946548432.0
4788,11529121,Andrés,Tello Zelada,Namora,Nuevo,2025-09-01,andres4788@correo.pe,936885727.0
4789,77327136,Andrés,Guevara Sánchez,Cajamarca,Frecuente,2025-09-20,andres4789@correo.pe,959980424.0
4790,58265976,Jorge,Zelada Llamo,Cajamarca,Frecuente,2026-03-13,jorge4790@correo.pe,942345390.0
4791,67621340,Gabriela,Coronel Guevara,Cajamarca,Nuevo,2026-01-07,,970268104.0
4792,29735352,Ana,Lozano Rojas,Los Baños,Nuevo,2026-08-24,ana4792@correo.pe,939809851.0
4793,21133543,Pedro,Flores Cueva,Cajabamba,Frecuente,2026-05-12,pedro4793@correo.pe,930875866.0
4794,30918480,Noemí,Chávez Becerra,Baños del Inca,Frecuente,2025-10-28,noemi4794@correo.pe,963434843.0
4795,30298600,Jorge,Terrones Castrejón,Baños del Inca,Nuevo,2026-03-14,jorge4795@correo.pe,926253195.0
4796,71063174,Noemí,Pérez Chávez,Cajamarca,Nuevo,2026-01-14,noemi4796@correo.pe,999479299.0
4797,17036538,Edwin,Flores Terrones,Cajamarca,Frecuente,2025-08-29,edwin4797@correo.pe,934270365.0
4798,63718847,Marleni,Terrones Cabrera,Baños del Inca,Frecuente,2025-10-08,marleni4798@correo.pe,996316301.0
4799,38640571,Héctor,Rojas Tello,Los Baños,Nuevo,2026-05-08,hector4799@correo.pe,983608774.0
4800,32537592,Fernando,Coronel Lozano,Baños del Inca,Frecuente,2026-03-31,fernando4800@correo.pe,989194886.0
4801,,Fernando,Huamán Coronel,Cajamarca,Nuevo,2026-06-22,fernando4801@correo.pe,943791910.0
4802,68868312,Jorge,Bardales Cueva,Cajamarca,Nuevo,2026-08-11,jorge4802@correo.pe,962720885.0
4803,46364945,Luz,Becerra Flores,Cajamarca,Nuevo,2025-07-06,luz4803@correo.pe,974995304.0
4804,24327344,Ana,Torres Rojas,Cajamarca,Nuevo,2025-11-06,ana4804@correo.pe,990307974.0
4805,79002205,Sofía,Guevara Becerra,Cajamarca,Frecuente,2025-12-03,sofia4805@correo.pe,928011326.0
4806,43957950,Sofía,Becerra Rojas,Cajamarca,Nuevo,2025-09-24,sofia4806@correo.pe,949118514.0
4807,35060460,Sofía,Flores Guevara,Cajamarca,Corporativo,2025-10-08,sofia4807@correo.pe,945322654.0
4808,78018809,Milagros,Guevara Pérez,Cajamarca,Nuevo,2026-02-13,milagros4808@correo.pe,979743393.0
4809,36711756,Patricia,Zelada Alva,Baños del Inca,Nuevo,2026-09-09,patricia4809@correo.pe,934961263.0
4810,28656507,Juan,Flores Cabrera,Cajamarca,Frecuente,2025-09-25,juan4810@correo.pe,982786848.0
4811,61246631,Patricia,Lozano Díaz,Cajamarca,Frecuente,2025-07-27,patricia4811@correo.pe,918871393.0
4812,75205501,Marleni,Pérez Lozano,Cajamarca,Nuevo,2026-06-22,,923923740.0
4813,52455316,Carlos,Mendoza Cabrera,Cajamarca,Frecuente,2025-08-28,carlos4813@correo.pe,976714850.0
4814,12120608,Camila,Ramos Chávez,Cajamarca,Nuevo,2025-06-28,camila4814@correo.pe,951597471.0
4815,40282389,Miguel,Castrejón Cueva,Baños del Inca,Frecuente,2025-10-05,miguel4815@correo.pe,931912662.0
4816,30182672,Edwin,Terrones Alva,Cajamarca,Frecuente,2025-07-08,edwin4816@correo.pe,917549682.0
4817,31043145,Gabriela,Vásquez Guevara,Baños del Inca,Frecuente,2025-07-16,gabriela4817@correo.pe,997062804.0
4818,58965356,Valeria,Quispe Torres,Cajamarca,Nuevo,2025-06-23,valeria4818@correo.pe,984767306.0
4819,62216269,Jorge,Zelada Zelada,Baños del Inca,Nuevo,2026-01-12,,978223544.0
4820,49411674,Luz,Díaz Ramos,Cajamarca,Nuevo,2026-06-15,luz4820@correo.pe,945577000.0
4821,17225839,Rosa,Díaz Llamo,Baños del Inca,Nuevo,2025-11-14,rosa4821@correo.pe,989370255.0
4822,19507847,Elena,Cueva Flores,Cajamarca,Nuevo,2026-01-18,elena4822@correo.pe,941181523.0
4823,76796738,Camila,Coronel Coronel,Cajamarca,Nuevo,2026-02-21,camila4823@correo.pe,983943638.0
4824,46032561,Valeria,Chávez Pérez,Cajamarca,Corporativo,2025-09-05,valeria4824@correo.pe,995937155.0
4825,20733358,Ricardo,Llamo Aguilar,Cajamarca,Frecuente,2025-11-16,ricardo4825@correo.pe,934688170.0
4826,43919782,María,Pérez Guevara,Baños del Inca,Nuevo,2025-07-19,maria4826@correo.pe,972989523.0
4827,71405881,Juan,Guevara Quispe,Celendín,Frecuente,2025-10-19,juan4827@correo.pe,964095722.0
4828,50181524,Milagros,Huamán Sánchez,Baños del Inca,Frecuente,2026-01-11,milagros4828@correo.pe,957703296.0
4829,33707100,Luz,Cueva Sangay,Los Baños,Frecuente,2025-11-23,luz4829@correo.pe,982951235.0
4830,65953998,Camila,Torres Rojas,Cajamarca,Frecuente,2025-09-02,camila4830@correo.pe,945983356.0
4831,17012770,Sofía,Huamán Ramos,Llacanora,Nuevo,2025-11-11,sofia4831@correo.pe,990240686.0
4832,49976129,Elena,Torres Mendoza,Cajamarca,Nuevo,2026-01-16,elena4832@correo.pe,956589043.0
4833,57264706,Miguel,Guevara Becerra,Cajamarca,Nuevo,2026-08-09,miguel4833@correo.pe,983472716.0
4834,34023600,Rosa,Cueva Lozano,Cajamarca,Frecuente,2026-08-31,rosa4834@correo.pe,960063546.0
4835,39707928,Diego,Flores Mendoza,Cajabamba,Frecuente,2026-01-17,diego4835@correo.pe,948190097.0
4836,48555357,José,Mego Lozano,Cajamarca,Corporativo,2025-08-03,jose4836@correo.pe,911403907.0
4837,47218104,Ricardo,Cabrera Flores,Jesús,Nuevo,2026-09-04,ricardo4837@correo.pe,972618871.0
4838,43187787,Rosa,Tello Llamo,Baños del Inca,Frecuente,2025-08-24,rosa4838@correo.pe,915853410.0
4839,77736056,Carmen,Sánchez Bardales,Los Baños,Corporativo,2025-06-21,carmen4839@correo.pe,986463827.0
4840,43568784,Ana,Rojas Lozano,Magdalena,Nuevo,2026-08-23,ana4840@correo.pe,976888607.0
4841,56088506,Miguel,Cabrera Mego,Cajamarca,Nuevo,2025-10-14,miguel4841@correo.pe,969768920.0
4842,76038467,Sofía,Vásquez Rojas,Llacanora,Corporativo,2025-10-11,sofia4842@correo.pe,993763053.0
4843,65813242,Yesenia,Rojas Terrones,Cajamarca,Nuevo,2026-06-23,yesenia4843@correo.pe,910857946.0
4844,67480720,Wilmer,Mego Bardales,Cajamarca,Nuevo,2026-03-22,wilmer4844@correo.pe,958707456.0
4845,53143230,Patricia,Mego Chávez,Cajamarca,Nuevo,2026-07-02,patricia4845@correo.pe,968977678.0
4846,14999481,Rosa,Torres Cueva,Baños del Inca,Frecuente,2026-09-10,rosa4846@correo.pe,957855167.0
4847,21053044,José,Díaz Mendoza,Cajamarca,Nuevo,2026-01-20,jose4847@correo.pe,941188883.0
4848,75376406,Elena,Flores Mego,Cajamarca,Nuevo,2026-02-15,elena4848@correo.pe,914026345.0
4849,31130913,Wilmer,Lozano Aguilar,Magdalena,Nuevo,2026-05-06,wilmer4849@correo.pe,937429519.0
4850,51969947,Wilmer,Guevara Castrejón,Baños del Inca,Nuevo,2026-04-26,wilmer4850@correo.pe,957442157.0
4851,64252390,Fernando,Mego Lozano,Cajamarca,Nuevo,2026-04-01,fernando4851@correo.pe,977498402.0
4852,67438240,Edwin,Mendoza Mendoza,Cajamarca,Nuevo,2025-09-20,edwin4852@correo.pe,910132813.0
4853,76365688,Andrés,Torres Guevara,Celendín,Frecuente,2025-11-21,andres4853@correo.pe,926847761.0
4854,34133015,Luz,Díaz Quispe,Cajamarca,Nuevo,2025-06-03,luz4854@correo.pe,947044511.0
4855,58472100,Gabriela,Ramos Díaz,Cajamarca,Frecuente,2025-09-13,gabriela4855@correo.pe,950961049.0
4856,15292529,María,Pérez Cueva,Cajamarca,Nuevo,2025-06-17,maria4856@correo.pe,987589552.0
4857,57499629,Elena,Sangay Quispe,Cajamarca,Nuevo,2025-09-08,elena4857@correo.pe,924190106.0
4858,57712139,Wilmer,Castrejón Sangay,Cajamarca,Nuevo,2026-05-11,wilmer4858@correo.pe,945829387.0
4859,43851328,Diego,Bardales Lozano,Celendín,Nuevo,2026-07-22,diego4859@correo.pe,981890876.0
4860,46042244,Luz,Lozano Cueva,Baños del Inca,Frecuente,2025-08-22,luz4860@correo.pe,939839447.0
4861,68110398,Milagros,Ramos Sánchez,Cajamarca,Nuevo,2025-07-27,milagros4861@correo.pe,986707451.0
4862,25579973,Rosa,Chávez Sangay,Baños del Inca,Nuevo,2026-06-19,rosa4862@correo.pe,955825765.0
4863,57861692,Segundo,Coronel Llamo,Cajabamba,Nuevo,2025-07-05,segundo4863@correo.pe,945068257.0
4864,51488596,Héctor,Sánchez Torres,Cajamarca,Nuevo,2026-06-06,hector4864@correo.pe,951221927.0
4865,78119796,Ana,Aguilar Pérez,Los Baños,Nuevo,2026-01-03,ana4865@correo.pe,920955146.0
4866,,Carmen,Castrejón Castrejón,Cajamarca,Nuevo,2025-10-03,carmen4866@correo.pe,974961050.0
4867,59243543,Patricia,Llamo Sánchez,Cajamarca,Nuevo,2025-11-21,patricia4867@correo.pe,926740284.0
4868,41877904,José,Ramos Díaz,Cajamarca,Frecuente,2026-05-30,jose4868@correo.pe,993142874.0
4869,19135099,Diego,Quispe Torres,Cajamarca,Nuevo,2025-12-02,diego4869@correo.pe,972275598.0
4870,77231598,Luz,Huamán Terrones,Cajamarca,Nuevo,2025-08-15,luz4870@correo.pe,985510437.0
4871,26397423,Andrés,Quispe Guevara,Cajamarca,Frecuente,2026-03-05,andres4871@correo.pe,946035073.0
4872,75833967,Marleni,Castrejón Díaz,Cajamarca,Nuevo,2026-05-25,marleni4872@correo.pe,933658493.0
4873,35070906,Gabriela,Aguilar Lozano,Baños del Inca,Nuevo,2025-10-06,gabriela4873@correo.pe,937844428.0
4874,67245673,Gabriela,Chávez Cueva,Celendín,Nuevo,2025-08-15,,973453259.0
4875,57535592,Marleni,Vásquez Coronel,Cajamarca,Frecuente,2025-10-24,marleni4875@correo.pe,955086142.0
4876,32578170,José,Sangay Cabrera,Baños del Inca,Nuevo,2025-10-25,jose4876@correo.pe,939280714.0
4877,73597965,Jorge,Aguilar Torres,Baños del Inca,Frecuente,2025-06-26,jorge4877@correo.pe,962763454.0
4878,41457732,Segundo,Sangay Quispe,Cajamarca,Nuevo,2026-08-16,segundo4878@correo.pe,916308740.0
4879,34660395,Pedro,Cabrera Terrones,Cajamarca,Frecuente,2026-01-25,pedro4879@correo.pe,961362884.0
4880,30098174,Milagros,Cabrera Bardales,Cajamarca,Nuevo,2026-08-20,milagros4880@correo.pe,988874656.0
4881,12137264,Sofía,Mendoza Torres,Cajamarca,Frecuente,2025-12-24,sofia4881@correo.pe,938684458.0
4882,12291531,Gabriela,Becerra Alva,Cajamarca,Nuevo,2025-06-08,gabriela4882@correo.pe,913182512.0
4883,19412024,Valeria,Sangay Llamo,Cajamarca,Frecuente,2025-09-29,valeria4883@correo.pe,948556550.0
4884,36119513,Milagros,Llamo Tello,Cajamarca,Nuevo,2025-10-17,milagros4884@correo.pe,969022442.0
4885,61962167,Ana,Pérez Lozano,Cajamarca,Frecuente,2025-09-24,ana4885@correo.pe,981039567.0
4886,20094166,Fernando,Llamo Díaz,Jesús,Frecuente,2026-03-23,fernando4886@correo.pe,967119300.0
4887,63538787,Jorge,Llamo Llamo,Baños del Inca,Nuevo,2026-07-01,jorge4887@correo.pe,921291950.0
4888,61291658,Marleni,Zelada Bardales,Los Baños,Frecuente,2025-09-03,marleni4888@correo.pe,926857903.0
4889,64501497,Fernando,Huamán Guevara,Cajamarca,Frecuente,2026-05-15,fernando4889@correo.pe,946985435.0
4890,16367940,Carlos,Becerra Tello,Cajamarca,Frecuente,2026-01-23,carlos4890@correo.pe,911262232.0
4891,73093966,Noemí,Mendoza Sánchez,Cajamarca,Nuevo,2026-09-06,noemi4891@correo.pe,916036472.0
4892,44950663,Edwin,Flores Becerra,Cajamarca,Nuevo,2026-01-14,edwin4892@correo.pe,991674736.0
4893,,Ana,Pérez Huamán,Cajamarca,Frecuente,2026-03-27,ana4893@correo.pe,943029563.0
4894,60391282,Wilmer,Llamo Rojas,Cajamarca,Frecuente,2025-10-29,wilmer4894@correo.pe,956052338.0
4895,39073919,Ricardo,Flores Cabrera,Jesús,Nuevo,2025-07-27,ricardo4895@correo.pe,924229395.0
4896,41615554,Pedro,Bardales Guevara,Cajamarca,Corporativo,2026-03-01,pedro4896@correo.pe,942500343.0
4897,22356597,Andrés,Mego Tello,Cajamarca,Frecuente,2026-07-13,andres4897@correo.pe,930135849.0
4898,29723596,Gabriela,Aguilar Zelada,Cajamarca,Frecuente,2025-07-14,gabriela4898@correo.pe,956204295.0
4899,76943999,Jorge,Cueva Vásquez,Cajamarca,Corporativo,2025-08-25,jorge4899@correo.pe,928339186.0
4900,12305619,Wilmer,Huamán Zelada,Baños del Inca,Frecuente,2026-01-19,wilmer4900@correo.pe,931622254.0
4901,11768222,Ana,Castrejón Huamán,Cajamarca,Nuevo,2026-09-04,ana4901@correo.pe,922968724.0
4902,55092958,Valeria,Cueva Ramos,San Juan,Frecuente,2025-07-05,valeria4902@correo.pe,967157690.0
4903,20475032,Patricia,Alva Zelada,Cajamarca,Corporativo,2026-05-31,patricia4903@correo.pe,979734516.0
4904,21678903,Valeria,Zelada Rojas,Cajamarca,Frecuente,2026-04-04,valeria4904@correo.pe,994698474.0
4905,46445621,Camila,Tello Guevara,Cajamarca,Frecuente,2026-01-21,camila4905@correo.pe,916005523.0
4906,63777042,María,Aguilar Guevara,Cajamarca,Frecuente,2025-09-09,maria4906@correo.pe,997552055.0
4907,23403954,Milagros,Becerra Chávez,Baños del Inca,Nuevo,2025-06-23,milagros4907@correo.pe,978337029.0
4908,45951419,José,Terrones Pérez,Baños del Inca,Frecuente,2025-09-18,jose4908@correo.pe,969475915.0
4909,67734041,Rosa,Díaz Coronel,Cajamarca,Nuevo,2025-09-25,rosa4909@correo.pe,931916663.0
4910,78552044,Pedro,Bardales Cabrera,Jesús,Nuevo,2026-04-24,pedro4910@correo.pe,952835753.0
4911,12437899,Jorge,Lozano Cabrera,Magdalena,Corporativo,2026-08-03,jorge4911@correo.pe,915593643.0
4912,56771470,Edwin,Chávez Coronel,Cajamarca,Frecuente,2026-05-22,edwin4912@correo.pe,944545120.0
4913,39850083,Milagros,Mendoza Quispe,Cajamarca,Nuevo,2026-02-25,milagros4913@correo.pe,914758483.0
4914,27267178,Noemí,Vásquez Becerra,Cajamarca,Frecuente,2025-06-30,noemi4914@correo.pe,933505583.0
4915,78722758,Wilmer,Chávez Sánchez,Magdalena,Frecuente,2026-05-05,wilmer4915@correo.pe,995176733.0
4916,56887224,Jorge,Becerra Bardales,Cajamarca,Frecuente,2026-05-27,jorge4916@correo.pe,943345992.0
4917,14094588,Andrés,Sánchez Huamán,Cajamarca,Nuevo,2026-05-07,andres4917@correo.pe,959087866.0
4918,64455337,Carmen,Chávez Tello,Cajabamba,Frecuente,2026-06-22,carmen4918@correo.pe,963483684.0
4919,54503873,Pedro,Sangay Mego,Cajamarca,Nuevo,2025-11-20,pedro4919@correo.pe,953384638.0
4920,28995361,Valeria,Flores Llamo,Cajamarca,Nuevo,2026-08-16,valeria4920@correo.pe,993504566.0
4921,42470056,Ricardo,Guevara Ramos,Baños del Inca,Nuevo,2025-10-02,ricardo4921@correo.pe,991719711.0
4922,70613063,Milagros,Terrones Sánchez,Baños del Inca,Nuevo,2026-01-27,milagros4922@correo.pe,972561248.0
4923,25582757,José,Sánchez Becerra,Baños del Inca,Nuevo,2026-02-21,jose4923@correo.pe,946100611.0
4924,16825073,Carmen,Mendoza Llamo,Baños del Inca,Frecuente,2026-02-02,carmen4924@correo.pe,956280045.0
4925,58951646,Luis,Mego Díaz,Llacanora,Nuevo,2025-11-16,luis4925@correo.pe,999602910.0
4926,51138593,Valeria,Zelada Cabrera,Baños del Inca,Nuevo,2026-04-09,valeria4926@correo.pe,928352564.0
4927,38992068,Carmen,Tello Bardales,Cajamarca,Frecuente,2026-04-25,carmen4927@correo.pe,995757298.0
4928,44489281,Gabriela,Chávez Zelada,Namora,Nuevo,2026-01-07,gabriela4928@correo.pe,945139574.0
4929,61694262,Wilmer,Cabrera Mendoza,Cajamarca,Nuevo,2026-03-31,wilmer4929@correo.pe,926734676.0
4930,70415002,Jorge,Aguilar Vásquez,Cajamarca,Nuevo,2026-06-06,jorge4930@correo.pe,985831932.0
4931,51342338,Juan,Coronel Chávez,Celendín,Nuevo,2025-07-29,juan4931@correo.pe,955093054.0
4932,55813679,Diego,Castrejón Sánchez,Cajamarca,Nuevo,2025-10-29,diego4932@correo.pe,916446721.0
4933,13665352,Miguel,Cabrera Mendoza,Cajamarca,Nuevo,2025-06-11,miguel4933@correo.pe,986021306.0
4934,69755667,Miguel,Becerra Terrones,Cajamarca,Frecuente,2025-07-26,miguel4934@correo.pe,969921306.0
4935,73827208,Patricia,Torres Torres,Baños del Inca,Frecuente,2025-06-07,patricia4935@correo.pe,929363608.0
4936,14135672,Pedro,Chávez Chávez,Cajabamba,Nuevo,2025-09-16,pedro4936@correo.pe,997214734.0
4937,33309204,Diego,Cabrera Quispe,Cajamarca,Nuevo,2025-11-06,diego4937@correo.pe,916682228.0
4938,39216501,Juan,Aguilar Castrejón,Jesús,Corporativo,2026-01-04,juan4938@correo.pe,926415657.0
4939,62084588,Carmen,Terrones Llamo,Cajamarca,Nuevo,2025-06-16,carmen4939@correo.pe,929988663.0
4940,43350940,Marleni,Quispe Mendoza,San Juan,Frecuente,2025-06-10,marleni4940@correo.pe,993271369.0
4941,38539717,Yesenia,Alva Quispe,San Juan,Nuevo,2026-06-20,yesenia4941@correo.pe,939598970.0
4942,15927526,María,Llamo Cueva,Baños del Inca,Frecuente,2025-11-23,maria4942@correo.pe,955247294.0
4943,63257026,Fernando,Cueva Sánchez,Cajamarca,Nuevo,2025-12-25,fernando4943@correo.pe,947310669.0
4944,35205830,Edwin,Alva Coronel,Magdalena,Frecuente,2025-09-12,edwin4944@correo.pe,965465927.0
4945,31966309,Camila,Quispe Mego,Cajamarca,Nuevo,2025-12-30,camila4945@correo.pe,963605938.0
4946,46044562,Miguel,Díaz Mendoza,Cajamarca,Nuevo,2025-12-11,miguel4946@correo.pe,956568779.0
4947,48575256,Carlos,Zelada Ramos,Cajamarca,Nuevo,2026-03-20,carlos4947@correo.pe,951638590.0
4948,70599621,Milagros,Mendoza Alva,Cajamarca,Frecuente,2026-07-17,milagros4948@correo.pe,956692210.0
4949,50853370,José,Rojas Chávez,Cajamarca,Frecuente,2025-12-06,jose4949@correo.pe,986498834.0
4950,68634852,Jorge,Becerra Coronel,Cajamarca,Frecuente,2026-03-15,jorge4950@correo.pe,992455578.0
4951,69696944,Patricia,Vásquez Cueva,Cajamarca,Frecuente,2025-10-23,patricia4951@correo.pe,951973584.0
4952,61576725,Juan,Guevara Chávez,Celendín,Nuevo,2025-11-22,juan4952@correo.pe,956455784.0
4953,51014822,Juan,Zelada Sánchez,Cajamarca,Nuevo,2026-03-23,juan4953@correo.pe,950289957.0
4954,53958925,José,Pérez Ramos,Cajamarca,Nuevo,2026-06-14,jose4954@correo.pe,941127244.0
4955,15979354,Luis,Lozano Mendoza,Jesús,Frecuente,2025-07-28,luis4955@correo.pe,972086477.0
4956,12567040,Miguel,Quispe Guevara,Cajamarca,Nuevo,2026-04-16,miguel4956@correo.pe,986681005.0
4957,34455499,Wilmer,Díaz Torres,Cajamarca,Nuevo,2026-07-19,wilmer4957@correo.pe,972881199.0
4958,46202418,José,Guevara Sánchez,Llacanora,Nuevo,2025-09-08,jose4958@correo.pe,983853853.0
4959,78081860,Luz,Coronel Bardales,Cajamarca,Frecuente,2025-12-13,luz4959@correo.pe,960789469.0
4960,69770323,Segundo,Mego Huamán,Cajamarca,Frecuente,2026-05-04,segundo4960@correo.pe,985599804.0
4961,51754607,Wilmer,Alva Quispe,Cajamarca,Nuevo,2026-03-17,wilmer4961@correo.pe,964788047.0
4962,45802602,Marleni,Huamán Cabrera,Los Baños,Nuevo,2026-07-26,marleni4962@correo.pe,982477942.0
4963,21400491,Miguel,Coronel Guevara,Cajamarca,Nuevo,2026-08-28,miguel4963@correo.pe,918096431.0
4964,15905752,Pedro,Sangay Pérez,Cajamarca,Nuevo,2026-04-14,pedro4964@correo.pe,943360078.0
4965,62611967,Luis,Cueva Tello,Cajamarca,Frecuente,2025-07-20,luis4965@correo.pe,995790823.0
4966,29497340,Carlos,Cabrera Tello,Los Baños,Nuevo,2026-01-01,carlos4966@correo.pe,948163578.0
4967,60553125,Gabriela,Huamán Rojas,Cajabamba,Nuevo,2026-03-01,gabriela4967@correo.pe,970058846.0
4968,21140063,Juan,Guevara Vásquez,Cajabamba,Nuevo,2026-07-31,juan4968@correo.pe,923030131.0
4969,51723129,Patricia,Coronel Guevara,Cajamarca,Frecuente,2025-07-07,patricia4969@correo.pe,952822466.0
4970,57421126,Miguel,Mendoza Mego,Cajamarca,Frecuente,2026-07-30,miguel4970@correo.pe,947290475.0
4971,27909305,Elena,Quispe Quispe,Cajamarca,Nuevo,2025-12-15,elena4971@correo.pe,954158926.0
4972,46151539,Gabriela,Terrones Huamán,Baños del Inca,Frecuente,2025-12-31,gabriela4972@correo.pe,946456072.0
4973,17148845,Ricardo,Lozano Guevara,Cajamarca,Nuevo,2026-06-02,ricardo4973@correo.pe,912280808.0
4974,71528817,Pedro,Terrones Alva,Baños del Inca,Nuevo,2025-08-31,pedro4974@correo.pe,979270041.0
4975,40153257,Gabriela,Huamán Zelada,Cajamarca,Nuevo,2025-11-24,gabriela4975@correo.pe,975406923.0
4976,54287917,Milagros,Cabrera Guevara,Cajamarca,Nuevo,2026-01-06,milagros4976@correo.pe,981319375.0
4977,36028882,Sofía,Castrejón Terrones,Cajamarca,Frecuente,2026-06-08,sofia4977@correo.pe,942023181.0
4978,79993125,José,Llamo Sangay,San Juan,Corporativo,2026-01-29,jose4978@correo.pe,985416440.0
4979,13948036,Andrés,Sangay Huamán,Celendín,Nuevo,2026-08-18,andres4979@correo.pe,963083377.0
4980,63346209,Patricia,Cueva Aguilar,Cajamarca,Nuevo,2026-05-01,patricia4980@correo.pe,932988038.0
4981,29064722,Segundo,Tello Rojas,Cajamarca,Nuevo,2025-12-18,segundo4981@correo.pe,997872045.0
4982,43124158,Noemí,Zelada Vásquez,Baños del Inca,Nuevo,2025-11-02,noemi4982@correo.pe,997687248.0
4983,13672267,Ana,Mego Cueva,Cajamarca,Frecuente,2025-07-22,ana4983@correo.pe,945973621.0
4984,57900200,Fernando,Tello Quispe,Cajamarca,Nuevo,2026-08-21,fernando4984@correo.pe,927126746.0
4985,41564409,Sofía,Quispe Lozano,Baños del Inca,Nuevo,2025-06-09,sofia4985@correo.pe,954960224.0
4986,51506705,Diego,Becerra Sangay,Jesús,Frecuente,2025-12-15,diego4986@correo.pe,994167522.0
4987,72477995,Rosa,Bardales Cueva,Cajamarca,Nuevo,2025-12-03,rosa4987@correo.pe,991421359.0
4988,50999726,Pedro,Terrones Terrones,Cajamarca,Frecuente,2025-08-21,pedro4988@correo.pe,934041357.0
4989,33093167,Pedro,Mego Sangay,Cajamarca,Nuevo,2025-07-24,pedro4989@correo.pe,912377839.0
4990,65201130,Luis,Ramos Torres,Magdalena,Nuevo,2025-10-24,luis4990@correo.pe,970390353.0
4991,33324097,Fernando,Cueva Sánchez,Cajamarca,Nuevo,2026-04-10,fernando4991@correo.pe,975420645.0
4992,18219484,Yesenia,Vásquez Pérez,Cajamarca,Nuevo,2025-09-18,yesenia4992@correo.pe,917399516.0
4993,19620974,Miguel,Cabrera Guevara,Cajamarca,Nuevo,2026-04-28,,935160746.0
4994,44445385,Sofía,Guevara Tello,Cajamarca,Nuevo,2026-02-28,sofia4994@correo.pe,986875239.0
4995,75084601,Fernando,Becerra Zelada,Cajabamba,Frecuente,2026-01-18,fernando4995@correo.pe,941076891.0
4996,51864670,Andrés,Becerra Mego,Cajamarca,Corporativo,2025-10-19,andres4996@correo.pe,943285683.0
4997,38086302,Luz,Castrejón Sangay,Cajamarca,Nuevo,2025-10-10,luz4997@correo.pe,937053569.0
4998,27404013,Camila,Terrones Cabrera,Cajamarca,Frecuente,2026-03-19,camila4998@correo.pe,994179583.0
4999,17687124,Rosa,Quispe Cabrera,Baños del Inca,Nuevo,2026-06-13,rosa4999@correo.pe,940944337.0
5000,25765176,Milagros,Tello Guevara,Cajamarca,Nuevo,2025-06-15,milagros5000@correo.pe,926902605.0
5001,46549966,José,Castrejón Chávez,Namora,Frecuente,2026-05-27,jose5001@correo.pe,922838818.0
5002,32626451,Ana,Sangay Becerra,Cajamarca,Nuevo,2026-08-18,ana5002@correo.pe,943535203.0
5003,54643911,Ana,Díaz Alva,Baños del Inca,Nuevo,2026-08-12,ana5003@correo.pe,992464295.0
5004,68120524,Miguel,Guevara Bardales,Baños del Inca,Frecuente,2025-11-14,miguel5004@correo.pe,935100103.0
5005,16917073,Luz,Becerra Torres,San Juan,Corporativo,2025-10-24,luz5005@correo.pe,997900413.0
5006,29846349,Milagros,Ramos Guevara,Celendín,Nuevo,2025-11-14,milagros5006@correo.pe,910740193.0
5007,67757581,Carmen,Becerra Llamo,Cajamarca,Corporativo,2025-11-02,carmen5007@correo.pe,930192685.0
5008,67561529,Carlos,Becerra Vásquez,Baños del Inca,Frecuente,2025-09-09,carlos5008@correo.pe,933082424.0
5009,10046531,Miguel,Quispe Flores,Cajamarca,Nuevo,2025-11-05,miguel5009@correo.pe,940439882.0
5010,77367476,Noemí,Chávez Vásquez,Llacanora,Frecuente,2026-08-29,,968042082.0
5011,37616716,Jorge,Rojas Coronel,Cajamarca,Nuevo,2026-03-15,jorge5011@correo.pe,925263552.0
5012,43779601,Ana,Alva Flores,Cajamarca,Nuevo,2025-07-21,ana5012@correo.pe,930970938.0
5013,25767788,Héctor,Díaz Pérez,Los Baños,Frecuente,2025-12-19,hector5013@correo.pe,938460815.0
5014,25054606,Sofía,Chávez Coronel,Baños del Inca,Nuevo,2026-04-16,sofia5014@correo.pe,961599478.0
5015,77418713,Rosa,Rojas Terrones,Cajamarca,Nuevo,2025-07-01,rosa5015@correo.pe,999146471.0
5016,60210298,María,Becerra Díaz,Cajamarca,Nuevo,2025-08-21,maria5016@correo.pe,928798595.0
5017,69599196,Diego,Torres Mendoza,Jesús,Nuevo,2025-11-08,diego5017@correo.pe,967983800.0
5018,73227882,Edwin,Mendoza Castrejón,Cajamarca,Corporativo,2025-12-22,edwin5018@correo.pe,929652288.0
5019,42601535,Marleni,Cueva Aguilar,Cajamarca,Nuevo,2026-08-02,marleni5019@correo.pe,925416929.0
5020,10624688,Sofía,Flores Ramos,Cajamarca,Frecuente,2026-04-13,sofia5020@correo.pe,963698413.0
5021,30465348,Miguel,Vásquez Díaz,Cajabamba,Nuevo,2025-09-06,miguel5021@correo.pe,921747445.0
5022,18834116,Gabriela,Pérez Pérez,Cajamarca,Nuevo,2026-09-11,gabriela5022@correo.pe,922661416.0
5023,67239845,Camila,Díaz Tello,Cajamarca,Nuevo,2026-04-24,camila5023@correo.pe,947144767.0
5024,69392599,Fernando,Torres Coronel,Los Baños,Nuevo,2025-11-11,fernando5024@correo.pe,931714411.0
5025,11324223,Héctor,Sánchez Coronel,Celendín,Nuevo,2025-09-19,hector5025@correo.pe,963865778.0
5026,36017897,Segundo,Torres Sangay,Baños del Inca,Nuevo,2025-09-09,segundo5026@correo.pe,935385296.0
5027,28173873,Diego,Mego Díaz,Magdalena,Corporativo,2026-06-17,diego5027@correo.pe,956702474.0
5028,12340511,Diego,Tello Rojas,Los Baños,Nuevo,2025-07-11,diego5028@correo.pe,969516114.0
5029,34424637,Rosa,Huamán Lozano,Magdalena,Nuevo,2025-11-26,rosa5029@correo.pe,995400246.0
5030,69955274,Andrés,Pérez Alva,Magdalena,Nuevo,2025-12-31,andres5030@correo.pe,981529603.0
5031,54041301,Marleni,Tello Chávez,Cajamarca,Nuevo,2026-07-23,marleni5031@correo.pe,921218811.0
5032,45568014,José,Aguilar Castrejón,Cajamarca,Frecuente,2025-12-11,jose5032@correo.pe,951279851.0
5033,65204127,Noemí,Pérez Coronel,Baños del Inca,Nuevo,2026-09-09,noemi5033@correo.pe,921835971.0
5034,12952266,Milagros,Huamán Cueva,Cajamarca,Nuevo,2025-07-14,milagros5034@correo.pe,933478736.0
5035,14447231,Fernando,Mendoza Pérez,Cajamarca,Frecuente,2026-05-28,fernando5035@correo.pe,999510390.0
5036,78491393,Diego,Mendoza Díaz,Cajabamba,Nuevo,2026-08-28,diego5036@correo.pe,933295497.0
5037,30001760,Camila,Guevara Terrones,Baños del Inca,Frecuente,2026-03-15,camila5037@correo.pe,965519474.0
5038,41435610,Gabriela,Pérez Coronel,Celendín,Nuevo,2026-01-16,gabriela5038@correo.pe,998293626.0
5039,53522359,Valeria,Ramos Cabrera,Cajamarca,Corporativo,2025-09-09,valeria5039@correo.pe,970871503.0
5040,29130291,Edwin,Mendoza Tello,Cajamarca,Frecuente,2025-08-21,edwin5040@correo.pe,918377338.0
5041,32556668,Elena,Cabrera Alva,Cajamarca,Frecuente,2026-07-22,elena5041@correo.pe,946742879.0
5042,62427665,Rosa,Rojas Vásquez,Cajamarca,Nuevo,2026-07-25,rosa5042@correo.pe,971252697.0
5043,66810235,Pedro,Coronel Vásquez,Cajamarca,Nuevo,2026-05-05,pedro5043@correo.pe,983189455.0
5044,74907438,Patricia,Llamo Zelada,Baños del Inca,Nuevo,2026-01-31,patricia5044@correo.pe,983736303.0
5045,20951538,Pedro,Bardales Mendoza,Cajabamba,Nuevo,2026-07-23,pedro5045@correo.pe,998697287.0
5046,60629703,José,Torres Quispe,Cajamarca,Nuevo,2026-02-19,jose5046@correo.pe,930559144.0
5047,54195374,Valeria,Díaz Bardales,San Juan,Nuevo,2026-07-12,valeria5047@correo.pe,923278815.0
5048,46155642,Segundo,Sangay Coronel,Jesús,Nuevo,2026-06-06,segundo5048@correo.pe,931985229.0
5049,18463328,María,Flores Becerra,Namora,Nuevo,2025-06-25,maria5049@correo.pe,925929643.0
5050,68342500,Gabriela,Díaz Castrejón,Cajamarca,Frecuente,2026-04-01,gabriela5050@correo.pe,949181395.0
5051,36371583,Ana,Guevara Cueva,San Juan,Nuevo,2026-03-25,ana5051@correo.pe,941548286.0
5052,17568261,Rosa,Llamo Becerra,Cajamarca,Nuevo,2025-06-06,rosa5052@correo.pe,958389145.0
5053,15027964,Miguel,Rojas Terrones,Cajamarca,Nuevo,2026-08-18,miguel5053@correo.pe,923916286.0
5054,71897255,Patricia,Mego Zelada,Cajamarca,Nuevo,2026-03-29,patricia5054@correo.pe,967752021.0
5055,59458328,Valeria,Becerra Ramos,Cajabamba,Frecuente,2026-01-13,valeria5055@correo.pe,949509547.0
5056,17134055,Carmen,Sánchez Coronel,Cajamarca,Nuevo,2026-08-16,carmen5056@correo.pe,961683518.0
5057,72807477,Ricardo,Aguilar Coronel,Cajamarca,Nuevo,2026-06-24,ricardo5057@correo.pe,939821115.0
5058,74652493,Noemí,Mego Cueva,Cajamarca,Frecuente,2025-06-30,noemi5058@correo.pe,979673057.0
5059,31964713,Elena,Vásquez Cabrera,Cajabamba,Frecuente,2025-12-07,elena5059@correo.pe,916913685.0
5060,11853544,Camila,Llamo Pérez,Cajamarca,Nuevo,2026-05-23,camila5060@correo.pe,992932939.0
5061,18919902,Elena,Flores Chávez,Los Baños,Nuevo,2026-07-11,elena5061@correo.pe,951737099.0
5062,64804175,Fernando,Pérez Mego,Cajamarca,Nuevo,2025-07-01,fernando5062@correo.pe,910265282.0
5063,77790452,Jorge,Chávez Lozano,Celendín,Frecuente,2026-05-19,jorge5063@correo.pe,922806295.0
5064,,Milagros,Huamán Vásquez,Cajamarca,Nuevo,2025-09-05,milagros5064@correo.pe,975362426.0
5065,66737995,Ricardo,Vásquez Coronel,San Juan,Frecuente,2025-10-07,ricardo5065@correo.pe,986620303.0
5066,48860118,Camila,Terrones Becerra,Cajamarca,Nuevo,2026-02-06,camila5066@correo.pe,999154610.0
5067,63264868,Patricia,Cueva Sangay,Jesús,Nuevo,2025-12-03,patricia5067@correo.pe,974743147.0
5068,19863182,Elena,Huamán Tello,Cajamarca,Nuevo,2025-12-24,elena5068@correo.pe,911787214.0
5069,59834753,Luz,Guevara Aguilar,Cajamarca,Nuevo,2026-01-21,luz5069@correo.pe,977179061.0
5070,28502144,Valeria,Becerra Alva,Jesús,Nuevo,2025-09-18,valeria5070@correo.pe,995326124.0
5071,53802415,Luis,Mendoza Zelada,Celendín,Nuevo,2026-05-09,luis5071@correo.pe,951544162.0
5072,72649414,Luz,Pérez Torres,Cajamarca,Nuevo,2025-07-14,luz5072@correo.pe,912427978.0
5073,35827929,Sofía,Terrones Coronel,San Juan,Nuevo,2025-12-22,sofia5073@correo.pe,914301203.0
5074,69090969,Fernando,Rojas Llamo,Jesús,Nuevo,2025-11-26,fernando5074@correo.pe,931208832.0
5075,47317850,Héctor,Zelada Torres,Los Baños,Nuevo,2025-06-06,hector5075@correo.pe,941668505.0
5076,10697969,Edwin,Bardales Lozano,Cajamarca,Frecuente,2026-08-22,edwin5076@correo.pe,965681487.0
5077,50544430,Camila,Bardales Aguilar,Magdalena,Nuevo,2026-07-16,camila5077@correo.pe,917549421.0
5078,32212056,Marleni,Cueva Terrones,Llacanora,Nuevo,2025-09-21,marleni5078@correo.pe,975744122.0
5079,32708922,Sofía,Becerra Castrejón,San Juan,Nuevo,2026-06-19,sofia5079@correo.pe,947781066.0
5080,14698106,José,Zelada Aguilar,Celendín,Frecuente,2026-03-30,jose5080@correo.pe,938483128.0
5081,65892537,Juan,Chávez Bardales,Baños del Inca,Corporativo,2025-06-27,juan5081@correo.pe,941904701.0
5082,36589457,Rosa,Mendoza Becerra,Jesús,Nuevo,2026-09-10,rosa5082@correo.pe,972348663.0
5083,35060079,Diego,Becerra Sangay,Cajamarca,Nuevo,2025-07-05,diego5083@correo.pe,946218462.0
5084,26373092,Valeria,Cueva Flores,Cajamarca,Nuevo,2025-12-06,valeria5084@correo.pe,924205574.0
5085,25081293,Luz,Coronel Terrones,Cajamarca,Frecuente,2026-02-04,luz5085@correo.pe,996144913.0
5086,41529617,Rosa,Huamán Torres,Cajamarca,Nuevo,2025-07-24,rosa5086@correo.pe,991824050.0
5087,72805782,Elena,Cueva Terrones,Cajamarca,Nuevo,2025-12-12,elena5087@correo.pe,939875098.0
5088,37670313,Carlos,Cabrera Cabrera,Baños del Inca,Nuevo,2025-12-05,carlos5088@correo.pe,975317511.0
5089,47772849,Andrés,Alva Terrones,Baños del Inca,Nuevo,2025-06-18,andres5089@correo.pe,995814433.0
5090,73370544,Luis,Pérez Díaz,Cajamarca,Nuevo,2025-12-05,luis5090@correo.pe,954768565.0
5091,56905971,Wilmer,Tello Castrejón,Cajamarca,Nuevo,2026-03-20,wilmer5091@correo.pe,920083936.0
5092,40732390,Carmen,Huamán Mego,Cajamarca,Nuevo,2025-09-27,carmen5092@correo.pe,973522694.0
5093,45741282,María,Ramos Díaz,San Juan,Nuevo,2026-02-19,maria5093@correo.pe,986094975.0
5094,33513934,Valeria,Lozano Castrejón,Cajamarca,Corporativo,2025-06-30,valeria5094@correo.pe,945467172.0
5095,22722235,Elena,Cabrera Flores,Cajabamba,Frecuente,2026-04-08,elena5095@correo.pe,933920343.0
5096,73287339,José,Torres Llamo,Jesús,Nuevo,2026-03-19,jose5096@correo.pe,930436480.0
5097,28397322,Andrés,Llamo Pérez,Cajamarca,Frecuente,2025-07-16,andres5097@correo.pe,981373434.0
5098,34614874,Patricia,Vásquez Coronel,San Juan,Nuevo,2026-06-04,patricia5098@correo.pe,983199637.0
5099,78804219,Sofía,Tello Mego,Baños del Inca,Nuevo,2026-08-15,sofia5099@correo.pe,936015780.0
5100,56205109,Yesenia,Cabrera Becerra,Cajamarca,Frecuente,2026-06-19,yesenia5100@correo.pe,913105974.0
5101,20073412,Héctor,Díaz Huamán,Cajamarca,Nuevo,2026-06-21,hector5101@correo.pe,988577762.0
5102,60686280,Jorge,Llamo Bardales,Cajamarca,Nuevo,2025-10-11,jorge5102@correo.pe,968286121.0
5103,25181747,Valeria,Ramos Zelada,Cajamarca,Nuevo,2026-08-18,valeria5103@correo.pe,913511533.0
5104,42240567,Diego,Llamo Ramos,Cajabamba,Nuevo,2025-09-14,diego5104@correo.pe,997936616.0
5105,73299365,Miguel,Aguilar Huamán,Llacanora,Nuevo,2026-08-01,miguel5105@correo.pe,947584527.0
5106,31435907,Elena,Cabrera Alva,Cajamarca,Nuevo,2026-06-23,elena5106@correo.pe,986035550.0
5107,15580418,Miguel,Cabrera Zelada,Cajamarca,Nuevo,2025-10-01,miguel5107@correo.pe,966804427.0
5108,25612281,Yesenia,Vásquez Sánchez,San Juan,Nuevo,2026-01-15,yesenia5108@correo.pe,979159349.0
5109,69719842,Carlos,Ramos Becerra,Cajamarca,Nuevo,2026-01-29,carlos5109@correo.pe,977975770.0
5110,31481488,Ana,Castrejón Lozano,Namora,Nuevo,2026-08-17,ana5110@correo.pe,949824330.0
5111,57874863,Segundo,Sánchez Pérez,Namora,Nuevo,2025-07-16,segundo5111@correo.pe,923932634.0
5112,18533625,Fernando,Chávez Huamán,Baños del Inca,Nuevo,2026-05-03,fernando5112@correo.pe,957816609.0
5113,23601570,Noemí,Becerra Becerra,Los Baños,Corporativo,2026-07-07,noemi5113@correo.pe,948446860.0
5114,51782229,Edwin,Tello Torres,Cajabamba,Frecuente,2026-01-21,edwin5114@correo.pe,991186601.0
5115,73738957,Miguel,Coronel Llamo,Cajamarca,Frecuente,2026-05-12,miguel5115@correo.pe,937761846.0
5116,72848050,Elena,Tello Llamo,Cajabamba,Frecuente,2026-02-01,elena5116@correo.pe,962124676.0
5117,52933852,Héctor,Vásquez Rojas,Cajamarca,Frecuente,2026-02-19,hector5117@correo.pe,956640453.0
5118,38411731,Carmen,Bardales Tello,Cajamarca,Nuevo,2026-03-25,carmen5118@correo.pe,927405186.0
5119,58408174,María,Mendoza Huamán,Cajamarca,Frecuente,2025-06-05,maria5119@correo.pe,959961985.0
5120,65677757,Luz,Pérez Sangay,Cajamarca,Nuevo,2026-08-17,luz5120@correo.pe,947794621.0
5121,11625946,Carlos,Zelada Mendoza,Cajamarca,Frecuente,2025-12-28,carlos5121@correo.pe,977956117.0
5122,42198896,José,Rojas Zelada,Cajamarca,Nuevo,2026-02-21,jose5122@correo.pe,952821729.0
5123,22995256,Carmen,Tello Cabrera,San Juan,Nuevo,2025-12-11,carmen5123@correo.pe,971837677.0
5124,75080270,Segundo,Alva Tello,Cajamarca,Frecuente,2026-05-02,segundo5124@correo.pe,950630120.0
5125,52845525,Wilmer,Alva Pérez,Cajamarca,Nuevo,2026-06-08,wilmer5125@correo.pe,983992048.0
5126,42060861,Elena,Becerra Torres,Cajamarca,Nuevo,2026-07-02,elena5126@correo.pe,924575704.0
5127,46231823,Noemí,Díaz Zelada,Baños del Inca,Frecuente,2026-02-14,noemi5127@correo.pe,995694440.0
5128,37441488,Luz,Cueva Mego,Cajamarca,Corporativo,2026-08-24,luz5128@correo.pe,933099192.0
5129,13606299,Noemí,Lozano Mendoza,Cajamarca,Nuevo,2025-06-24,noemi5129@correo.pe,911150390.0
5130,64062816,Carmen,Mego Tello,Cajamarca,Nuevo,2026-07-04,carmen5130@correo.pe,982149858.0
5131,33855313,Edwin,Llamo Becerra,Los Baños,Frecuente,2026-04-13,edwin5131@correo.pe,918457960.0
5132,78785628,Gabriela,Díaz Aguilar,Celendín,Nuevo,2025-10-10,gabriela5132@correo.pe,961551225.0
5133,39365892,Carlos,Huamán Rojas,Cajamarca,Nuevo,2026-08-03,carlos5133@correo.pe,999912285.0
5134,26613542,Elena,Guevara Aguilar,Cajamarca,Nuevo,2026-05-11,elena5134@correo.pe,984720777.0
5135,,Luis,Quispe Huamán,Cajamarca,Frecuente,2025-10-17,luis5135@correo.pe,966343848.0
5136,19447032,Pedro,Tello Coronel,Cajamarca,Frecuente,2026-04-01,pedro5136@correo.pe,942206383.0
5137,54040927,Yesenia,Díaz Becerra,Cajabamba,Frecuente,2026-02-27,yesenia5137@correo.pe,920331669.0
5138,54643088,Carlos,Bardales Chávez,Cajabamba,Nuevo,2026-05-04,carlos5138@correo.pe,988618756.0
5139,73689447,Diego,Torres Zelada,Cajamarca,Nuevo,2026-06-09,diego5139@correo.pe,973832006.0
5140,68803530,Patricia,Ramos Guevara,Cajamarca,Nuevo,2025-07-14,patricia5140@correo.pe,952747827.0
5141,79604437,Sofía,Cabrera Sangay,Baños del Inca,Frecuente,2025-06-20,sofia5141@correo.pe,994050691.0
5142,76004773,Edwin,Díaz Llamo,Magdalena,Frecuente,2025-10-29,edwin5142@correo.pe,996537915.0
5143,77571471,Patricia,Díaz Pérez,Cajabamba,Frecuente,2025-09-02,patricia5143@correo.pe,934398940.0
5144,75581126,Valeria,Vásquez Zelada,Cajamarca,Nuevo,2026-05-26,valeria5144@correo.pe,995839904.0
5145,51260966,Jorge,Coronel Tello,Llacanora,Corporativo,2026-02-01,jorge5145@correo.pe,945906553.0
5146,21291049,Ricardo,Alva Mego,Los Baños,Nuevo,2026-07-30,ricardo5146@correo.pe,969489877.0
5147,27457224,Wilmer,Mendoza Mendoza,Baños del Inca,Frecuente,2025-12-01,wilmer5147@correo.pe,947955405.0
5148,36698243,Milagros,Sánchez Bardales,Llacanora,Nuevo,2025-11-22,milagros5148@correo.pe,970393133.0
5149,26295524,Luis,Ramos Cueva,San Juan,Corporativo,2026-05-10,luis5149@correo.pe,965856935.0
5150,76345468,Diego,Castrejón Ramos,Cajamarca,Nuevo,2026-02-12,diego5150@correo.pe,980720605.0
5151,23242927,Carlos,Cabrera Bardales,Cajamarca,Frecuente,2025-09-30,carlos5151@correo.pe,993278131.0
5152,43483042,Camila,Castrejón Díaz,Cajamarca,Nuevo,2026-06-24,camila5152@correo.pe,958756568.0
5153,21825047,Pedro,Mendoza Aguilar,Cajamarca,Nuevo,2025-09-24,pedro5153@correo.pe,920802130.0
5154,57612664,Luis,Mego Bardales,Los Baños,Frecuente,2026-08-13,luis5154@correo.pe,914435571.0
5155,25700134,Miguel,Torres Vásquez,Cajamarca,Nuevo,2026-04-24,miguel5155@correo.pe,916117733.0
5156,54855170,Yesenia,Guevara Díaz,Cajamarca,Nuevo,2026-01-04,yesenia5156@correo.pe,953733184.0
5157,48865729,Héctor,Mego Tello,Llacanora,Frecuente,2026-03-28,hector5157@correo.pe,989753143.0
5158,51262440,Ana,Sangay Vásquez,Cajamarca,Frecuente,2026-02-02,ana5158@correo.pe,956035481.0
5159,59128664,Yesenia,Sánchez Tello,Cajamarca,Nuevo,2025-06-12,yesenia5159@correo.pe,910298033.0
5160,39522472,Camila,Cabrera Aguilar,Jesús,Nuevo,2025-09-27,camila5160@correo.pe,918291755.0
5161,48889170,José,Cabrera Vásquez,Cajabamba,Nuevo,2025-06-21,jose5161@correo.pe,989311767.0
5162,44334165,Jorge,Aguilar Cabrera,Cajamarca,Nuevo,2025-12-09,jorge5162@correo.pe,938994701.0
5163,57390481,Héctor,Zelada Zelada,Cajamarca,Nuevo,2025-06-27,hector5163@correo.pe,938125672.0
5164,15764476,Rosa,Tello Mego,Cajamarca,Nuevo,2026-02-09,rosa5164@correo.pe,991767835.0
5165,40964188,Elena,Ramos Quispe,Cajabamba,Nuevo,2026-03-30,elena5165@correo.pe,945044648.0
5166,11676229,Diego,Mendoza Bardales,Cajabamba,Frecuente,2025-11-17,diego5166@correo.pe,958399547.0
5167,42842935,Wilmer,Llamo Tello,Cajamarca,Frecuente,2026-03-06,wilmer5167@correo.pe,923495108.0
5168,69139807,Carlos,Vásquez Coronel,San Juan,Frecuente,2025-12-29,carlos5168@correo.pe,984424933.0
5169,56815468,Wilmer,Bardales Llamo,Cajamarca,Nuevo,2026-05-23,wilmer5169@correo.pe,991049944.0
5170,78543848,Carlos,Sánchez Terrones,Cajabamba,Corporativo,2026-08-29,carlos5170@correo.pe,948953793.0
5171,74862609,Noemí,Alva Flores,Cajamarca,Nuevo,2025-09-27,noemi5171@correo.pe,946854256.0
5172,47303667,Héctor,Rojas Chávez,Baños del Inca,Nuevo,2025-06-03,hector5172@correo.pe,930708765.0
5173,32443403,Wilmer,Huamán Guevara,Cajamarca,Frecuente,2025-08-03,wilmer5173@correo.pe,931523672.0
5174,74637630,Patricia,Vásquez Terrones,Celendín,Nuevo,2026-03-06,patricia5174@correo.pe,978423766.0
5175,68130110,Héctor,Chávez Ramos,Cajabamba,Frecuente,2026-07-09,hector5175@correo.pe,993454369.0
5176,43257426,José,Alva Huamán,Cajamarca,Nuevo,2025-10-04,jose5176@correo.pe,913514862.0
5177,26857468,José,Aguilar Flores,Jesús,Nuevo,2025-07-31,jose5177@correo.pe,951869273.0
5178,72331379,Gabriela,Guevara Cabrera,Cajamarca,Nuevo,2025-09-04,gabriela5178@correo.pe,950810550.0
5179,22435778,María,Tello Pérez,Llacanora,Corporativo,2025-06-28,maria5179@correo.pe,957176604.0
5180,64208292,Segundo,Rojas Terrones,Celendín,Nuevo,2025-09-13,segundo5180@correo.pe,970012442.0
5181,66919110,Miguel,Zelada Castrejón,Baños del Inca,Nuevo,2026-02-01,miguel5181@correo.pe,915310355.0
5182,18095317,Pedro,Bardales Sánchez,Cajabamba,Frecuente,2025-08-26,pedro5182@correo.pe,927868159.0
5183,12966228,Wilmer,Mego Zelada,Baños del Inca,Nuevo,2026-01-27,wilmer5183@correo.pe,987984959.0
5184,50246493,Diego,Mendoza Aguilar,Cajamarca,Nuevo,2026-03-28,diego5184@correo.pe,986551152.0
5185,24673703,Ana,Chávez Guevara,Cajamarca,Nuevo,2026-06-19,ana5185@correo.pe,995036438.0
5186,70489978,Fernando,Guevara Cueva,Cajamarca,Nuevo,2025-12-04,fernando5186@correo.pe,932353663.0
5187,34763148,Milagros,Torres Tello,Cajamarca,Frecuente,2026-05-23,milagros5187@correo.pe,991247292.0
5188,,Valeria,Quispe Cabrera,Cajamarca,Nuevo,2026-06-27,valeria5188@correo.pe,929860688.0
5189,72339319,Fernando,Pérez Mendoza,Cajamarca,Frecuente,2026-05-24,fernando5189@correo.pe,990349541.0
5190,50908340,Elena,Vásquez Flores,Cajamarca,Frecuente,2025-12-11,elena5190@correo.pe,923450837.0
5191,57170895,Ana,Alva Chávez,Cajamarca,Corporativo,2025-08-17,ana5191@correo.pe,969874117.0
5192,79880290,Juan,Aguilar Bardales,Cajamarca,Nuevo,2025-06-21,juan5192@correo.pe,975985533.0
5193,55356456,Camila,Mego Torres,Baños del Inca,Nuevo,2025-07-01,camila5193@correo.pe,999258435.0
5194,14495420,Fernando,Quispe Bardales,Cajamarca,Nuevo,2025-06-12,fernando5194@correo.pe,977140000.0
5195,30381153,Ricardo,Quispe Ramos,Namora,Nuevo,2025-08-27,ricardo5195@correo.pe,965086264.0
5196,13925561,Wilmer,Rojas Llamo,Cajamarca,Nuevo,2025-08-30,wilmer5196@correo.pe,949043573.0
5197,51424032,Carmen,Sánchez Pérez,Cajamarca,Nuevo,2025-08-24,carmen5197@correo.pe,914104842.0
5198,17386037,José,Alva Tello,Cajamarca,Nuevo,2026-03-23,jose5198@correo.pe,972336247.0
5199,27698109,Valeria,Cueva Sánchez,Baños del Inca,Nuevo,2026-01-09,valeria5199@correo.pe,959480889.0
5200,75909833,Gabriela,Sánchez Pérez,Baños del Inca,Nuevo,2025-10-17,gabriela5200@correo.pe,979359294.0
5201,45331130,Elena,Mendoza Llamo,Cajamarca,Nuevo,2026-04-19,elena5201@correo.pe,910316580.0
5202,26270597,Sofía,Coronel Torres,Cajamarca,Frecuente,2026-08-07,sofia5202@correo.pe,969441352.0
5203,54089911,Héctor,Pérez Guevara,Cajamarca,Nuevo,2026-07-13,hector5203@correo.pe,968695437.0
5204,29133021,Camila,Pérez Torres,Cajabamba,Nuevo,2026-07-18,camila5204@correo.pe,985062816.0
5205,17246367,Edwin,Pérez Tello,Baños del Inca,Frecuente,2025-11-27,edwin5205@correo.pe,982445739.0
5206,22097856,Ricardo,Becerra Sánchez,Baños del Inca,Frecuente,2025-11-17,ricardo5206@correo.pe,925753132.0
5207,42308770,Héctor,Alva Zelada,Cajamarca,Nuevo,2025-10-18,hector5207@correo.pe,983249495.0
5208,27887389,Valeria,Díaz Chávez,Magdalena,Frecuente,2025-09-18,valeria5208@correo.pe,968121081.0
5209,31156884,Luz,Tello Mendoza,Jesús,Frecuente,2026-08-17,luz5209@correo.pe,914885790.0
5210,46449483,Patricia,Mego Aguilar,Cajamarca,Nuevo,2026-01-12,patricia5210@correo.pe,915016411.0
5211,11955843,Milagros,Mendoza Aguilar,San Juan,Frecuente,2025-06-16,milagros5211@correo.pe,957993132.0
5212,31653834,Gabriela,Ramos Castrejón,Cajamarca,Frecuente,2026-01-21,gabriela5212@correo.pe,943932289.0
5213,71593488,Patricia,Lozano Cueva,Cajabamba,Nuevo,2026-01-21,patricia5213@correo.pe,918071920.0
5214,68356285,Marleni,Coronel Quispe,Los Baños,Nuevo,2026-03-16,marleni5214@correo.pe,992823868.0
5215,44658863,Camila,Vásquez Becerra,Cajamarca,Nuevo,2026-07-13,camila5215@correo.pe,997290510.0
5216,17033148,Andrés,Díaz Becerra,San Juan,Frecuente,2025-10-13,andres5216@correo.pe,988507705.0
5217,23678812,Gabriela,Ramos Terrones,Llacanora,Nuevo,2026-02-10,gabriela5217@correo.pe,987936245.0
5218,70198051,Rosa,Chávez Sangay,Cajamarca,Nuevo,2026-09-10,rosa5218@correo.pe,918079607.0
5219,54700553,Miguel,Cabrera Lozano,Cajamarca,Frecuente,2025-06-03,miguel5219@correo.pe,997654543.0
5220,43227390,María,Lozano Cueva,Baños del Inca,Nuevo,2026-07-05,maria5220@correo.pe,935502265.0
5221,60150891,Diego,Torres Mendoza,Cajamarca,Nuevo,2026-08-12,diego5221@correo.pe,910442618.0
5222,10046389,Ricardo,Llamo Coronel,Cajamarca,Nuevo,2026-08-18,ricardo5222@correo.pe,991016957.0
5223,42823044,Milagros,Pérez Guevara,Magdalena,Frecuente,2026-07-09,milagros5223@correo.pe,977348505.0
5224,74243446,Milagros,Zelada Rojas,Los Baños,Nuevo,2026-07-29,milagros5224@correo.pe,981559566.0
5225,44030366,Carlos,Cabrera Terrones,Cajamarca,Nuevo,2025-08-13,carlos5225@correo.pe,975291924.0
5226,75693081,Luis,Mego Zelada,Cajamarca,Nuevo,2026-09-11,luis5226@correo.pe,994057401.0
5227,20870739,Luz,Tello Llamo,Baños del Inca,Nuevo,2025-10-23,luz5227@correo.pe,976489810.0
5228,68668892,Juan,Zelada Guevara,Cajamarca,Nuevo,2025-06-13,juan5228@correo.pe,995085259.0
5229,51678208,Noemí,Quispe Zelada,Baños del Inca,Nuevo,2026-03-18,noemi5229@correo.pe,948140892.0
5230,65891698,Milagros,Ramos Huamán,Cajamarca,Frecuente,2026-03-27,milagros5230@correo.pe,963900671.0
5231,77505415,Andrés,Cueva Castrejón,Cajamarca,Nuevo,2026-05-13,,934038451.0
5232,12416963,Luz,Cueva Becerra,Cajabamba,Nuevo,2026-03-23,luz5232@correo.pe,954702091.0
5233,56359054,Marleni,Terrones Sangay,Cajamarca,Nuevo,2026-06-07,marleni5233@correo.pe,953285367.0
5234,60496204,Edwin,Coronel Chávez,Cajamarca,Frecuente,2026-01-03,edwin5234@correo.pe,960266405.0
5235,79896477,Miguel,Zelada Mendoza,Celendín,Frecuente,2026-04-19,,984775633.0
5236,45077759,Ana,Cueva Pérez,Cajamarca,Nuevo,2025-06-26,ana5236@correo.pe,981494403.0
5237,31838421,Luz,Ramos Díaz,Celendín,Nuevo,2025-10-17,luz5237@correo.pe,973820690.0
5238,36578552,Carmen,Flores Mendoza,Cajabamba,Frecuente,2025-12-12,carmen5238@correo.pe,967269527.0
5239,53030925,José,Flores Flores,Namora,Nuevo,2026-03-21,jose5239@correo.pe,945273500.0
5240,34192518,Yesenia,Mendoza Cabrera,Baños del Inca,Nuevo,2026-03-25,yesenia5240@correo.pe,982273377.0
5241,64387309,Valeria,Terrones Terrones,Cajamarca,Nuevo,2025-09-27,valeria5241@correo.pe,963207440.0
5242,37136261,Elena,Llamo Cabrera,Cajamarca,Nuevo,2026-06-04,elena5242@correo.pe,937250142.0
5243,23685291,Rosa,Rojas Chávez,Cajamarca,Frecuente,2025-12-30,rosa5243@correo.pe,923504982.0
5244,53434109,Marleni,Lozano Torres,Magdalena,Nuevo,2026-02-12,marleni5244@correo.pe,999275559.0
5245,44728050,Wilmer,Cueva Terrones,Baños del Inca,Frecuente,2025-12-24,wilmer5245@correo.pe,917426564.0
5246,63483411,Carmen,Chávez Cueva,Baños del Inca,Nuevo,2026-04-02,carmen5246@correo.pe,997260038.0
5247,10068970,Carmen,Guevara Llamo,Cajamarca,Nuevo,2025-07-07,,928033944.0
5248,64722585,Edwin,Chávez Cabrera,Cajamarca,Nuevo,2025-07-19,edwin5248@correo.pe,960233542.0
5249,54745898,Noemí,Sánchez Bardales,Cajabamba,Nuevo,2026-05-25,noemi5249@correo.pe,989691317.0
5250,49625515,Edwin,Cabrera Chávez,Cajamarca,Nuevo,2025-11-23,edwin5250@correo.pe,974456415.0
5251,76585136,María,Lozano Becerra,Cajamarca,Nuevo,2025-08-21,maria5251@correo.pe,990043596.0
5252,78261277,Jorge,Zelada Huamán,Cajamarca,Nuevo,2026-08-19,jorge5252@correo.pe,976291271.0
5253,48489022,Juan,Cabrera Sangay,Celendín,Frecuente,2025-07-06,juan5253@correo.pe,986113398.0
5254,62304907,Andrés,Zelada Becerra,Baños del Inca,Frecuente,2026-07-03,andres5254@correo.pe,949891373.0
5255,22519851,Juan,Becerra Alva,Namora,Nuevo,2026-08-28,juan5255@correo.pe,926930206.0
5256,19302898,Noemí,Huamán Pérez,Llacanora,Nuevo,2025-12-13,noemi5256@correo.pe,979675531.0
5257,32189379,Edwin,Llamo Lozano,Llacanora,Frecuente,2025-08-19,edwin5257@correo.pe,922309479.0
5258,51965963,Carmen,Alva Huamán,Cajamarca,Corporativo,2026-05-24,carmen5258@correo.pe,982989458.0
5259,46219741,Pedro,Castrejón Tello,Cajamarca,Frecuente,2026-08-13,pedro5259@correo.pe,987679545.0
5260,26383970,Segundo,Ramos Cabrera,Cajamarca,Nuevo,2026-01-29,segundo5260@correo.pe,913855434.0
5261,49269710,Jorge,Ramos Sangay,Celendín,Nuevo,2025-06-19,jorge5261@correo.pe,950355075.0
5262,34294706,Yesenia,Becerra Terrones,Magdalena,Nuevo,2026-07-04,yesenia5262@correo.pe,967505042.0
5263,79270126,Gabriela,Terrones Zelada,Cajamarca,Frecuente,2025-08-05,gabriela5263@correo.pe,969934901.0
5264,69991495,Camila,Vásquez Castrejón,Celendín,Corporativo,2025-07-08,camila5264@correo.pe,990664014.0
5265,53305763,Noemí,Bardales Mendoza,Cajamarca,Frecuente,2026-03-13,noemi5265@correo.pe,931890469.0
5266,32224328,Carmen,Pérez Zelada,Baños del Inca,Nuevo,2026-08-20,carmen5266@correo.pe,961621288.0
5267,70593797,Patricia,Guevara Huamán,Cajamarca,Frecuente,2025-08-25,patricia5267@correo.pe,957220315.0
5268,43825282,Camila,Tello Zelada,Cajamarca,Nuevo,2026-06-29,camila5268@correo.pe,913385688.0
5269,57683170,Valeria,Huamán Zelada,Los Baños,Nuevo,2026-08-12,valeria5269@correo.pe,971940870.0
5270,32990121,Miguel,Sangay Llamo,Cajamarca,Nuevo,2026-07-16,miguel5270@correo.pe,911305033.0
5271,63533474,Ricardo,Coronel Flores,Cajamarca,Nuevo,2026-02-05,ricardo5271@correo.pe,912867761.0
5272,26773744,Wilmer,Díaz Llamo,Cajamarca,Frecuente,2025-10-19,wilmer5272@correo.pe,920361272.0
5273,11963338,Gabriela,Bardales Mego,Cajamarca,Nuevo,2026-08-25,gabriela5273@correo.pe,910737505.0
5274,42333038,Valeria,Mego Cabrera,Celendín,Frecuente,2026-04-15,valeria5274@correo.pe,960550718.0
5275,36334389,Héctor,Mego Sangay,Cajamarca,Nuevo,2026-06-11,hector5275@correo.pe,977244408.0
5276,69769084,Carmen,Mego Sánchez,Cajamarca,Frecuente,2025-10-31,carmen5276@correo.pe,953626043.0
5277,66406244,Wilmer,Sánchez Guevara,Baños del Inca,Frecuente,2026-07-03,wilmer5277@correo.pe,995204538.0
5278,37343409,Camila,Bardales Vásquez,Cajamarca,Frecuente,2026-07-19,camila5278@correo.pe,952589128.0
5279,50419212,Andrés,Mego Vásquez,Cajamarca,Frecuente,2026-08-16,andres5279@correo.pe,935999783.0
5280,56872005,Edwin,Pérez Mendoza,Cajabamba,Frecuente,2026-02-23,edwin5280@correo.pe,986891508.0
5281,43092695,Ricardo,Díaz Huamán,Cajamarca,Nuevo,2026-05-05,ricardo5281@correo.pe,962388732.0
5282,71280244,Milagros,Guevara Bardales,Cajamarca,Frecuente,2026-09-02,milagros5282@correo.pe,949026260.0
5283,47986007,María,Quispe Cueva,Cajamarca,Nuevo,2025-09-23,maria5283@correo.pe,924900340.0
5284,35295735,Juan,Chávez Mendoza,Cajamarca,Nuevo,2025-06-05,juan5284@correo.pe,936558824.0
5285,19820360,Patricia,Becerra Zelada,Cajamarca,Nuevo,2025-12-23,patricia5285@correo.pe,939777554.0
5286,73618923,Edwin,Llamo Pérez,Cajamarca,Nuevo,2026-06-10,edwin5286@correo.pe,970786751.0
5287,21273574,Luis,Mego Llamo,Los Baños,Frecuente,2025-07-02,luis5287@correo.pe,979320176.0
5288,37687857,Andrés,Mendoza Huamán,Cajamarca,Frecuente,2026-09-09,andres5288@correo.pe,974653032.0
5289,54978653,Diego,Mego Mendoza,Magdalena,Nuevo,2026-02-01,diego5289@correo.pe,929919834.0
5290,62823903,Yesenia,Llamo Aguilar,Cajamarca,Nuevo,2025-09-11,yesenia5290@correo.pe,938134529.0
5291,34954900,Segundo,Llamo Becerra,Cajamarca,Frecuente,2025-08-27,segundo5291@correo.pe,924493115.0
5292,27160640,Fernando,Flores Zelada,Cajamarca,Nuevo,2026-01-10,fernando5292@correo.pe,928600792.0
5293,16686304,Wilmer,Castrejón Ramos,Cajamarca,Nuevo,2026-06-10,wilmer5293@correo.pe,940722559.0
5294,27999137,Marleni,Cueva Lozano,Cajamarca,Nuevo,2025-12-04,marleni5294@correo.pe,994846090.0
5295,51190649,Andrés,Pérez Mego,Cajabamba,Nuevo,2025-09-21,andres5295@correo.pe,915390861.0
5296,60365035,Milagros,Ramos Huamán,Magdalena,Nuevo,2026-07-10,milagros5296@correo.pe,912039089.0
5297,38355929,Carlos,Aguilar Chávez,Baños del Inca,Frecuente,2025-10-22,carlos5297@correo.pe,940582805.0
5298,57973145,Juan,Sangay Alva,Namora,Frecuente,2026-03-17,juan5298@correo.pe,993582466.0
5299,26060068,Diego,Llamo Mego,Cajamarca,Nuevo,2026-04-26,diego5299@correo.pe,968234344.0
5300,25323507,Juan,Mego Guevara,Baños del Inca,Nuevo,2025-07-29,juan5300@correo.pe,944260756.0
5301,73769516,Marleni,Vásquez Ramos,San Juan,Nuevo,2025-10-01,marleni5301@correo.pe,940180001.0
5302,22026547,Ana,Ramos Alva,Magdalena,Nuevo,2025-06-24,ana5302@correo.pe,975484989.0
5303,45255544,Ana,Cabrera Sánchez,Los Baños,Nuevo,2025-10-30,ana5303@correo.pe,910935514.0
5304,27579121,Miguel,Guevara Bardales,Los Baños,Corporativo,2025-07-31,miguel5304@correo.pe,978189755.0
5305,47999323,María,Castrejón Sánchez,Cajamarca,Nuevo,2025-10-25,maria5305@correo.pe,944187170.0
5306,22667665,Yesenia,Tello Aguilar,Cajamarca,Nuevo,2025-07-09,yesenia5306@correo.pe,996021347.0
5307,34838116,Juan,Cueva Pérez,Cajamarca,Nuevo,2026-07-04,juan5307@correo.pe,930311307.0
5308,21649789,Luz,Rojas Ramos,Baños del Inca,Nuevo,2025-07-29,luz5308@correo.pe,922016007.0
5309,75670192,María,Mego Mendoza,Cajamarca,Nuevo,2025-10-14,maria5309@correo.pe,910621120.0
5310,13312402,Elena,Ramos Cueva,Baños del Inca,Frecuente,2025-08-15,elena5310@correo.pe,934179569.0
5311,77852589,Miguel,Díaz Mendoza,Baños del Inca,Nuevo,2025-08-14,miguel5311@correo.pe,940725427.0
5312,12966371,Wilmer,Bardales Zelada,Cajamarca,Nuevo,2026-03-26,wilmer5312@correo.pe,945455001.0
5313,44823926,Marleni,Alva Coronel,Cajamarca,Corporativo,2025-11-01,marleni5313@correo.pe,915278355.0
5314,30315690,Noemí,Cabrera Terrones,Cajamarca,Frecuente,2026-06-06,noemi5314@correo.pe,914042750.0
5315,51723026,Patricia,Coronel Huamán,Cajamarca,Nuevo,2025-06-28,patricia5315@correo.pe,953121338.0
5316,19449748,Diego,Díaz Tello,Celendín,Nuevo,2025-08-24,diego5316@correo.pe,928920195.0
5317,64538466,Sofía,Becerra Castrejón,Cajamarca,Frecuente,2025-12-11,sofia5317@correo.pe,912727235.0
5318,22274759,Yesenia,Guevara Pérez,Cajamarca,Frecuente,2025-12-05,yesenia5318@correo.pe,951468276.0
5319,10285802,Pedro,Alva Díaz,Cajamarca,Nuevo,2026-03-28,pedro5319@correo.pe,962897842.0
5320,48220997,Diego,Cabrera Aguilar,Baños del Inca,Nuevo,2025-06-06,diego5320@correo.pe,972108765.0
5321,46529441,Luis,Terrones Cabrera,Cajamarca,Frecuente,2025-12-14,luis5321@correo.pe,940803691.0
5322,71278907,Elena,Becerra Becerra,Magdalena,Nuevo,2026-05-15,elena5322@correo.pe,917904788.0
5323,24458579,Jorge,Zelada Tello,Cajabamba,Corporativo,2025-07-15,jorge5323@correo.pe,982091578.0
5324,54777115,José,Becerra Torres,Baños del Inca,Frecuente,2026-07-23,jose5324@correo.pe,935778108.0
5325,36324107,Juan,Aguilar Becerra,Cajamarca,Frecuente,2026-07-01,juan5325@correo.pe,976094263.0
5326,25809427,Carmen,Sánchez Díaz,Cajamarca,Nuevo,2026-01-21,carmen5326@correo.pe,934418580.0
5327,57603181,Luz,Ramos Zelada,Baños del Inca,Frecuente,2025-06-20,luz5327@correo.pe,990802210.0
5328,15555506,José,Vásquez Terrones,Baños del Inca,Nuevo,2025-07-13,jose5328@correo.pe,944532186.0
5329,31776241,Héctor,Huamán Rojas,Cajamarca,Nuevo,2025-12-25,hector5329@correo.pe,966968909.0
5330,26547845,Miguel,Pérez Rojas,Cajamarca,Nuevo,2025-06-11,miguel5330@correo.pe,942083215.0
5331,27474729,Juan,Sánchez Pérez,Cajamarca,Nuevo,2026-03-09,juan5331@correo.pe,924856857.0
5332,63935140,Marleni,Mego Vásquez,Celendín,Frecuente,2026-01-25,marleni5332@correo.pe,939575868.0
5333,48928830,Wilmer,Zelada Díaz,Cajabamba,Nuevo,2026-05-06,wilmer5333@correo.pe,938995871.0
5334,44830740,Luz,Sánchez Guevara,Baños del Inca,Nuevo,2025-09-25,luz5334@correo.pe,918392819.0
5335,29875059,Yesenia,Bardales Bardales,Cajamarca,Nuevo,2026-01-14,yesenia5335@correo.pe,966593413.0
5336,45396406,María,Zelada Huamán,Cajamarca,Corporativo,2025-08-11,maria5336@correo.pe,951502190.0
5337,36218036,Marleni,Pérez Mego,Cajamarca,Nuevo,2025-07-26,marleni5337@correo.pe,913314241.0
5338,27802986,Marleni,Guevara Terrones,Cajamarca,Nuevo,2025-11-25,marleni5338@correo.pe,971309617.0
5339,29120645,Héctor,Mego Tello,Magdalena,Nuevo,2026-01-07,hector5339@correo.pe,932846630.0
5340,43192776,José,Ramos Mendoza,Cajamarca,Nuevo,2026-08-23,jose5340@correo.pe,930554765.0
5341,61352170,Yesenia,Ramos Rojas,Cajamarca,Nuevo,2026-01-24,yesenia5341@correo.pe,961509683.0
5342,31861144,Juan,Pérez Lozano,Baños del Inca,Nuevo,2026-05-29,juan5342@correo.pe,918025355.0
5343,74484500,Ana,Mego Guevara,Cajamarca,Frecuente,2025-09-16,ana5343@correo.pe,942662027.0
5344,42982237,Ana,Sánchez Bardales,Cajabamba,Frecuente,2026-04-02,ana5344@correo.pe,997503462.0
5345,67070775,Edwin,Mendoza Sánchez,Baños del Inca,Nuevo,2026-09-05,edwin5345@correo.pe,964486831.0
5346,30621264,Ana,Lozano Mego,Cajamarca,Nuevo,2026-08-15,ana5346@correo.pe,918236256.0
5347,58029798,José,Guevara Ramos,Cajamarca,Nuevo,2025-10-01,jose5347@correo.pe,952096220.0
5348,77800203,Wilmer,Terrones Llamo,Cajabamba,Nuevo,2026-05-28,wilmer5348@correo.pe,917954876.0
5349,50172244,Carlos,Mendoza Sangay,Cajamarca,Frecuente,2026-04-17,carlos5349@correo.pe,950851984.0
5350,76416374,Ana,Chávez Sangay,Baños del Inca,Frecuente,2025-07-23,ana5350@correo.pe,936218693.0
5351,19466203,Edwin,Castrejón Huamán,Cajamarca,Nuevo,2026-03-12,edwin5351@correo.pe,939014655.0
5352,58703045,Ricardo,Castrejón Mendoza,Baños del Inca,Nuevo,2025-12-27,ricardo5352@correo.pe,998186586.0
5353,14260692,Yesenia,Mendoza Bardales,Jesús,Frecuente,2026-01-23,yesenia5353@correo.pe,930624535.0
5354,75136139,Carlos,Vásquez Díaz,Cajamarca,Nuevo,2026-03-12,carlos5354@correo.pe,980411796.0
5355,17502294,María,Terrones Sangay,Jesús,Frecuente,2025-08-30,maria5355@correo.pe,959338540.0
5356,21917306,Elena,Zelada Chávez,Baños del Inca,Nuevo,2025-10-30,elena5356@correo.pe,955754473.0
5357,33735248,Carlos,Huamán Chávez,Baños del Inca,Nuevo,2026-09-10,,938052060.0
5358,67794457,Edwin,Flores Mego,Cajamarca,Nuevo,2025-06-21,edwin5358@correo.pe,958426858.0
5359,33637246,Fernando,Ramos Sánchez,Celendín,Frecuente,2025-06-28,fernando5359@correo.pe,973890441.0
5360,26123722,Gabriela,Aguilar Díaz,Cajamarca,Nuevo,2025-12-13,gabriela5360@correo.pe,948414924.0
5361,10273242,Valeria,Lozano Cueva,Cajamarca,Nuevo,2026-05-21,valeria5361@correo.pe,927242546.0
5362,62409014,Luis,Coronel Quispe,Baños del Inca,Frecuente,2025-06-20,luis5362@correo.pe,962464187.0
5363,17852907,María,Cabrera Quispe,Baños del Inca,Nuevo,2026-01-08,maria5363@correo.pe,920241154.0
5364,78516522,Luz,Pérez Terrones,San Juan,Nuevo,2025-10-23,luz5364@correo.pe,987727130.0
5365,40642994,Camila,Aguilar Díaz,Cajamarca,Frecuente,2025-07-25,camila5365@correo.pe,989295827.0
5366,11725889,Miguel,Flores Sánchez,Los Baños,Frecuente,2025-09-06,miguel5366@correo.pe,984413171.0
5367,51745297,Pedro,Coronel Guevara,Jesús,Nuevo,2026-05-23,pedro5367@correo.pe,914012900.0
5368,33928099,Wilmer,Bardales Huamán,Jesús,Nuevo,2025-09-30,wilmer5368@correo.pe,970846244.0
5369,78791185,Juan,Vásquez Tello,Cajamarca,Nuevo,2025-12-14,juan5369@correo.pe,914751748.0
5370,17370903,Valeria,Terrones Torres,Cajabamba,Nuevo,2026-04-28,valeria5370@correo.pe,991837555.0
5371,70996681,Elena,Flores Vásquez,Cajamarca,Nuevo,2026-09-09,elena5371@correo.pe,932035966.0
5372,29309962,Jorge,Vásquez Mego,Cajamarca,Nuevo,2026-06-01,jorge5372@correo.pe,948383268.0
5373,43961338,Sofía,Aguilar Díaz,Baños del Inca,Nuevo,2026-08-05,sofia5373@correo.pe,987024921.0
5374,26193773,Camila,Sangay Aguilar,Baños del Inca,Nuevo,2026-01-19,camila5374@correo.pe,931275029.0
5375,26744505,Ana,Rojas Torres,Baños del Inca,Nuevo,2026-04-08,ana5375@correo.pe,954987669.0
5376,51104466,Ricardo,Guevara Coronel,Cajamarca,Nuevo,2026-07-12,ricardo5376@correo.pe,960101856.0
5377,76378947,Rosa,Aguilar Tello,Baños del Inca,Nuevo,2025-12-20,rosa5377@correo.pe,996899143.0
5378,47403890,Ana,Coronel Mendoza,Cajamarca,Frecuente,2026-03-21,,917497795.0
5379,56491415,Diego,Llamo Lozano,Namora,Frecuente,2026-09-07,diego5379@correo.pe,923041890.0
5380,13703518,Héctor,Alva Ramos,Cajabamba,Nuevo,2025-09-29,hector5380@correo.pe,933628326.0
5381,61039249,Héctor,Lozano Flores,Cajamarca,Nuevo,2025-06-02,hector5381@correo.pe,957817059.0
5382,26726556,María,Cueva Torres,Cajabamba,Nuevo,2026-05-08,maria5382@correo.pe,977550630.0
5383,22392529,Jorge,Bardales Bardales,Llacanora,Corporativo,2025-09-28,jorge5383@correo.pe,950494318.0
5384,73767635,Elena,Díaz Rojas,Cajamarca,Frecuente,2025-09-02,elena5384@correo.pe,925035414.0
5385,53329702,Marleni,Vásquez Llamo,Cajamarca,Nuevo,2025-12-02,marleni5385@correo.pe,951987027.0
5386,30903677,Andrés,Pérez Quispe,Cajamarca,Nuevo,2026-01-17,andres5386@correo.pe,956883987.0
5387,21707255,Carmen,Coronel Lozano,Cajamarca,Nuevo,2026-05-07,carmen5387@correo.pe,993141824.0
5388,35234116,Pedro,Pérez Terrones,Cajamarca,Frecuente,2025-10-11,pedro5388@correo.pe,970376248.0
5389,21630088,Marleni,Bardales Chávez,Namora,Nuevo,2025-11-17,marleni5389@correo.pe,929004526.0
5390,15089299,Miguel,Lozano Guevara,Cajamarca,Nuevo,2025-09-09,miguel5390@correo.pe,918253507.0
5391,50814700,Valeria,Díaz Aguilar,Baños del Inca,Frecuente,2026-06-02,valeria5391@correo.pe,979775949.0
5392,27218963,Valeria,Aguilar Llamo,Baños del Inca,Frecuente,2025-08-18,valeria5392@correo.pe,944291265.0
5393,68768952,Marleni,Torres Terrones,Baños del Inca,Frecuente,2025-10-17,marleni5393@correo.pe,936439894.0
5394,40250765,Carlos,Sangay Rojas,Cajamarca,Frecuente,2026-06-23,carlos5394@correo.pe,964306440.0
5395,48063091,Carlos,Becerra Chávez,Baños del Inca,Nuevo,2026-08-16,carlos5395@correo.pe,923026036.0
5396,36713579,Carlos,Sánchez Zelada,Cajamarca,Nuevo,2025-12-16,carlos5396@correo.pe,968701550.0
5397,27471716,Carlos,Chávez Cueva,Baños del Inca,Nuevo,2026-02-03,carlos5397@correo.pe,936120272.0
5398,17098700,Carlos,Rojas Coronel,Los Baños,Nuevo,2026-05-23,carlos5398@correo.pe,940816268.0
5399,54486754,Carlos,Castrejón Chávez,Cajamarca,Nuevo,2025-12-30,carlos5399@correo.pe,996443649.0
5400,38331652,Luis,Aguilar Sánchez,Cajamarca,Nuevo,2026-07-10,luis5400@correo.pe,931680741.0
5401,48827053,Sofía,Becerra Torres,Cajabamba,Nuevo,2025-09-12,sofia5401@correo.pe,932136830.0
5402,79600891,Wilmer,Flores Chávez,Cajamarca,Corporativo,2026-01-25,wilmer5402@correo.pe,937612478.0
5403,17838360,Elena,Lozano Quispe,Cajamarca,Nuevo,2026-05-18,elena5403@correo.pe,975439345.0
5404,48938865,Ana,Sangay Cabrera,Celendín,Nuevo,2026-01-29,ana5404@correo.pe,954020785.0
5405,40942483,Luis,Castrejón Aguilar,Baños del Inca,Nuevo,2026-02-09,luis5405@correo.pe,912472950.0
5406,43558184,Jorge,Díaz Bardales,Cajamarca,Nuevo,2025-12-20,jorge5406@correo.pe,910785007.0
5407,36296592,Yesenia,Mego Flores,Baños del Inca,Frecuente,2026-03-11,yesenia5407@correo.pe,959907049.0
5408,68714264,Gabriela,Vásquez Chávez,Cajabamba,Nuevo,2026-08-03,gabriela5408@correo.pe,983002461.0
5409,63867641,Rosa,Tello Castrejón,Cajamarca,Nuevo,2026-04-19,rosa5409@correo.pe,959692482.0
5410,17077936,Rosa,Ramos Díaz,Baños del Inca,Nuevo,2026-06-28,rosa5410@correo.pe,985377322.0
5411,75701433,Carmen,Cueva Mendoza,Baños del Inca,Nuevo,2026-06-16,carmen5411@correo.pe,995349583.0
5412,72759081,María,Cueva Alva,Baños del Inca,Corporativo,2025-12-10,maria5412@correo.pe,954667171.0
5413,63642651,Fernando,Cueva Sánchez,Llacanora,Nuevo,2025-08-20,fernando5413@correo.pe,983059505.0
5414,44001640,Gabriela,Mendoza Vásquez,Cajabamba,Nuevo,2026-06-18,gabriela5414@correo.pe,956292881.0
5415,49885678,Ana,Flores Zelada,Baños del Inca,Nuevo,2026-03-25,ana5415@correo.pe,970913074.0
5416,65210012,Jorge,Terrones Flores,Baños del Inca,Nuevo,2025-11-29,,922545498.0
5417,47309935,Ana,Castrejón Díaz,Cajamarca,Frecuente,2026-08-09,ana5417@correo.pe,975750632.0
5418,46464628,Patricia,Aguilar Castrejón,Baños del Inca,Nuevo,2025-07-16,patricia5418@correo.pe,976301726.0
5419,46150858,Juan,Bardales Quispe,Baños del Inca,Nuevo,2025-07-19,juan5419@correo.pe,912793421.0
5420,29757468,Luz,Huamán Chávez,Cajabamba,Frecuente,2026-01-17,luz5420@correo.pe,993804425.0
5421,32248562,Carmen,Rojas Aguilar,Cajamarca,Frecuente,2025-12-11,carmen5421@correo.pe,978512061.0
5422,30251499,José,Sangay Rojas,Cajamarca,Frecuente,2026-01-01,jose5422@correo.pe,973741938.0
5423,55426084,Jorge,Terrones Sangay,Cajamarca,Nuevo,2025-10-23,jorge5423@correo.pe,949864431.0
5424,58179681,Diego,Mendoza Sánchez,Cajamarca,Frecuente,2025-07-03,diego5424@correo.pe,978081827.0
5425,42725802,Carlos,Díaz Pérez,Namora,Nuevo,2025-12-25,carlos5425@correo.pe,980453889.0
5426,71908899,Milagros,Chávez Aguilar,Cajamarca,Corporativo,2025-11-12,milagros5426@correo.pe,910486955.0
5427,10066080,Patricia,Becerra Bardales,Cajamarca,Nuevo,2026-08-03,patricia5427@correo.pe,973057570.0
5428,74260607,Sofía,Mego Tello,Baños del Inca,Frecuente,2025-09-28,sofia5428@correo.pe,932444092.0
5429,29380482,Rosa,Torres Díaz,Cajamarca,Frecuente,2025-06-26,rosa5429@correo.pe,987863947.0
5430,14955916,Fernando,Bardales Tello,Baños del Inca,Nuevo,2026-08-21,fernando5430@correo.pe,927502643.0
5431,33327195,Marleni,Rojas Torres,Cajamarca,Nuevo,2025-09-24,marleni5431@correo.pe,927931322.0
5432,47223036,Gabriela,Torres Flores,Cajamarca,Nuevo,2025-11-27,gabriela5432@correo.pe,945846972.0
5433,79576810,Carmen,Zelada Becerra,Baños del Inca,Frecuente,2026-06-23,carmen5433@correo.pe,976479243.0
5434,15417949,Ricardo,Lozano Huamán,Jesús,Nuevo,2025-08-19,ricardo5434@correo.pe,942559953.0
5435,31097541,Noemí,Tello Sánchez,Cajamarca,Frecuente,2025-08-03,noemi5435@correo.pe,968610500.0
5436,43334735,Jorge,Cueva Bardales,Baños del Inca,Nuevo,2025-11-05,jorge5436@correo.pe,973410114.0
5437,63907612,Juan,Mego Sánchez,Namora,Nuevo,2026-06-08,juan5437@correo.pe,983914423.0
5438,40797021,Patricia,Castrejón Vásquez,Cajamarca,Nuevo,2026-03-25,patricia5438@correo.pe,958987168.0
5439,14741987,José,Ramos Castrejón,Los Baños,Nuevo,2026-06-26,jose5439@correo.pe,954780662.0
5440,37342215,Ricardo,Guevara Pérez,Cajabamba,Nuevo,2026-01-20,ricardo5440@correo.pe,991995442.0
5441,79298887,Rosa,Cabrera Cueva,Cajamarca,Nuevo,2026-03-31,rosa5441@correo.pe,986176779.0
5442,15560328,Diego,Cabrera Zelada,Cajamarca,Frecuente,2026-02-16,diego5442@correo.pe,961604701.0
5443,23647380,Luis,Llamo Sánchez,Cajamarca,Frecuente,2025-11-02,luis5443@correo.pe,997942070.0
5444,23851105,Elena,Tello Sánchez,Cajamarca,Nuevo,2025-10-04,elena5444@correo.pe,964808044.0
5445,28232680,Gabriela,Bardales Torres,Cajamarca,Frecuente,2025-08-12,gabriela5445@correo.pe,972722669.0
5446,50910886,Juan,Sangay Mego,Magdalena,Nuevo,2026-06-02,juan5446@correo.pe,934337672.0
5447,65627383,Rosa,Huamán Zelada,Cajamarca,Nuevo,2025-10-22,rosa5447@correo.pe,979980067.0
5448,11348269,Sofía,Cabrera Terrones,Celendín,Nuevo,2025-06-03,sofia5448@correo.pe,937458969.0
5449,37091602,Héctor,Vásquez Vásquez,Cajabamba,Nuevo,2026-01-22,hector5449@correo.pe,921067719.0
5450,20130755,Valeria,Mendoza Cueva,Magdalena,Corporativo,2025-11-10,valeria5450@correo.pe,925667994.0
5451,48978492,Marleni,Mego Llamo,Cajamarca,Nuevo,2026-01-23,marleni5451@correo.pe,920186780.0
5452,55792896,Patricia,Sangay Ramos,Cajamarca,Frecuente,2026-06-11,patricia5452@correo.pe,997351182.0
5453,56056556,Valeria,Chávez Pérez,Los Baños,Nuevo,2025-12-31,valeria5453@correo.pe,954373907.0
5454,55979219,Patricia,Mendoza Ramos,Cajamarca,Nuevo,2026-04-21,patricia5454@correo.pe,943220090.0
5455,79970168,Fernando,Tello Becerra,Cajabamba,Nuevo,2025-10-29,fernando5455@correo.pe,998773506.0
5456,71615525,Luis,Guevara Pérez,Cajamarca,Nuevo,2025-12-11,luis5456@correo.pe,955082457.0
5457,22327429,Juan,Flores Sangay,Cajamarca,Frecuente,2026-09-11,juan5457@correo.pe,944698326.0
5458,12502630,Rosa,Torres Ramos,Baños del Inca,Nuevo,2026-06-11,rosa5458@correo.pe,950700569.0
5459,54745863,Valeria,Vásquez Mendoza,Magdalena,Corporativo,2026-03-28,valeria5459@correo.pe,932816611.0
5460,35555685,Wilmer,Rojas Castrejón,Cajamarca,Nuevo,2025-10-24,wilmer5460@correo.pe,959930213.0
5461,35004140,José,Coronel Flores,Cajamarca,Nuevo,2026-04-30,jose5461@correo.pe,980686767.0
5462,21874266,Gabriela,Cabrera Tello,Celendín,Nuevo,2026-02-20,gabriela5462@correo.pe,930073991.0
5463,55473496,Gabriela,Díaz Díaz,Cajamarca,Nuevo,2025-06-26,gabriela5463@correo.pe,996317440.0
5464,55860157,Héctor,Vásquez Ramos,Cajamarca,Frecuente,2026-07-26,hector5464@correo.pe,987814935.0
5465,64505183,Edwin,Pérez Flores,Cajamarca,Nuevo,2026-01-03,edwin5465@correo.pe,950883083.0
5466,71096096,Carlos,Alva Torres,Magdalena,Corporativo,2026-03-12,carlos5466@correo.pe,920946055.0
5467,25298075,Luis,Guevara Cueva,San Juan,Frecuente,2026-03-11,luis5467@correo.pe,945938499.0
5468,69336860,Noemí,Cabrera Castrejón,Celendín,Nuevo,2026-04-29,noemi5468@correo.pe,956174602.0
5469,45332956,Wilmer,Vásquez Mego,Cajamarca,Nuevo,2026-07-20,wilmer5469@correo.pe,935609622.0
5470,46728557,Luz,Rojas Zelada,Cajamarca,Nuevo,2026-04-18,luz5470@correo.pe,918463022.0
5471,17315416,Noemí,Rojas Castrejón,Cajamarca,Frecuente,2025-06-16,noemi5471@correo.pe,929033629.0
5472,16580877,Segundo,Becerra Rojas,Cajamarca,Nuevo,2026-01-26,segundo5472@correo.pe,911648607.0
5473,52375062,Marleni,Cabrera Aguilar,Cajamarca,Nuevo,2025-10-13,marleni5473@correo.pe,972750247.0
5474,73037213,Fernando,Chávez Bardales,Jesús,Nuevo,2026-08-12,fernando5474@correo.pe,994334177.0
5475,25964840,María,Guevara Lozano,Cajamarca,Nuevo,2025-07-30,maria5475@correo.pe,971659728.0
5476,16311705,José,Alva Castrejón,Cajamarca,Nuevo,2025-07-31,jose5476@correo.pe,959680199.0
5477,75671334,Marleni,Mego Cabrera,San Juan,Nuevo,2026-05-22,marleni5477@correo.pe,974447204.0
5478,51702423,Elena,Becerra Cueva,Cajabamba,Nuevo,2026-07-04,elena5478@correo.pe,988614616.0
5479,11955393,Ricardo,Vásquez Huamán,Cajamarca,Frecuente,2026-01-31,ricardo5479@correo.pe,960160209.0
5480,21091964,Pedro,Coronel Quispe,Cajamarca,Nuevo,2026-05-27,pedro5480@correo.pe,940635440.0
5481,76444624,Sofía,Bardales Bardales,Baños del Inca,Frecuente,2025-12-27,sofia5481@correo.pe,981737836.0
5482,43381349,Segundo,Ramos Alva,Cajabamba,Nuevo,2025-11-16,segundo5482@correo.pe,949066939.0
5483,69348598,Yesenia,Huamán Aguilar,Cajamarca,Frecuente,2026-04-25,yesenia5483@correo.pe,979903469.0
5484,22487090,Yesenia,Alva Coronel,Cajamarca,Nuevo,2026-04-16,yesenia5484@correo.pe,918132513.0
5485,42288868,Milagros,Rojas Flores,Cajamarca,Nuevo,2025-10-24,milagros5485@correo.pe,915199268.0
5486,53208810,Marleni,Alva Mendoza,Cajabamba,Frecuente,2025-07-29,marleni5486@correo.pe,966885472.0
5487,32177261,Segundo,Castrejón Lozano,Jesús,Frecuente,2025-11-20,segundo5487@correo.pe,926916423.0
5488,12101692,Héctor,Cueva Lozano,Cajamarca,Frecuente,2026-01-29,hector5488@correo.pe,989386465.0
5489,63215539,Marleni,Guevara Cueva,Cajamarca,Nuevo,2025-11-19,marleni5489@correo.pe,947294538.0
5490,65815607,Yesenia,Cueva Díaz,Namora,Nuevo,2026-05-20,yesenia5490@correo.pe,975154689.0
5491,69071037,Elena,Mego Mendoza,Cajamarca,Nuevo,2026-04-08,elena5491@correo.pe,952894476.0
5492,79757416,Carlos,Llamo Cabrera,Namora,Frecuente,2025-12-20,carlos5492@correo.pe,963583505.0
5493,55929840,Elena,Castrejón Mendoza,Cajamarca,Nuevo,2026-06-02,,996489044.0
5494,69671678,Pedro,Rojas Castrejón,Llacanora,Frecuente,2025-11-05,pedro5494@correo.pe,954690788.0
5495,43222248,Luis,Mendoza Chávez,Cajamarca,Nuevo,2026-06-03,luis5495@correo.pe,965145816.0
5496,10425527,Elena,Cueva Torres,Cajabamba,Nuevo,2026-05-27,elena5496@correo.pe,964525239.0
5497,20919150,Andrés,Mendoza Cabrera,Cajamarca,Frecuente,2025-09-26,andres5497@correo.pe,986886001.0
5498,35366316,Gabriela,Castrejón Rojas,Cajamarca,Nuevo,2025-08-17,gabriela5498@correo.pe,920894554.0
5499,22446686,Fernando,Zelada Terrones,Cajamarca,Frecuente,2026-04-21,fernando5499@correo.pe,981909058.0
5500,74896652,Jorge,Flores Llamo,Cajamarca,Nuevo,2025-10-17,jorge5500@correo.pe,953793603.0
9999,,CLIENTE,DE PASO,N/A,Nuevo,2025-06-01,,
