id_pedido,fecha_pedido,hora_pedido,id_cliente,id_empleado,canal_interno,metodo_pago,monto_total,fecha_imputada
1,2025-10-01,18:05,898,22,Delivery propio,Tarjeta,42.0,0
2,2025-10-01,11:51,1616,3,Salón,Yape,34.0,0
3,2025-10-01,13:21,5126,2,Salón,Efectivo,120.0,0
4,2025-10-01,13:04,4671,19,Para llevar,Tarjeta,138.0,0
5,2025-10-01,13:04,634,22,Para llevar,Efectivo,134.0,0
6,2025-10-01,19:45,9999,20,Salón,Efectivo,56.0,0
7,2025-10-01,19:46,5031,20,Salón,Yape,112.0,0
8,2025-10-01,15:23,9999,17,Salón,Efectivo,178.0,0
9,2025-10-01,13:00,2086,18,Salón,Plin,67.0,0
10,2025-10-01,15:06,9999,19,Delivery propio,Yape,350.0,0
11,2026-09-28,13:46,267,20,Delivery propio,Yape,99.0,1
12,2025-10-01,20:49,4448,5,Salón,Tarjeta,36.0,0
13,2025-10-01,17:49,2852,24,Salón,Plin,54.0,0
14,2025-10-01,20:52,4262,24,Salón,Yape,184.0,0
15,2025-10-01,18:35,3684,5,Salón,Yape,108.0,0
16,2025-10-01,12:42,817,5,Delivery propio,Tarjeta,164.0,0
17,2025-10-01,19:44,9999,19,Delivery propio,Tarjeta,100.0,0
18,2025-10-01,21:38,5363,3,Salón,Yape,139.0,0
19,2025-10-01,18:19,22,17,Salón,Plin,172.0,0
20,2025-10-01,14:46,5256,22,Salón,Yape,228.0,0
21,2025-10-01,17:02,3640,7,Salón,Yape,46.0,0
22,2025-10-01,19:14,4629,19,Delivery propio,Efectivo,128.0,0
23,2025-10-02,20:26,5054,20,Delivery propio,Tarjeta,148.0,0
24,2025-10-02,14:55,3483,18,Salón,Efectivo,60.0,0
25,2025-10-02,15:16,4107,18,Salón,Efectivo,236.0,0
26,2025-10-02,15:33,2931,16,Salón,Efectivo,102.0,0
27,2025-10-02,18:35,3134,17,Salón,Tarjeta,258.0,0
28,2025-10-02,19:10,3776,19,Salón,Yape,77.0,0
29,2025-10-02,13:16,565,3,Delivery propio,Efectivo,35.0,0
30,2025-10-02,13:32,5351,5,Salón,Tarjeta,60.0,0
31,2025-10-02,15:36,2395,7,Salón,Yape,78.0,0
32,2025-10-02,12:52,4479,18,Salón,Yape,86.0,0
33,2025-10-02,13:49,3658,2,Delivery propio,Plin,74.0,0
34,2025-10-02,13:32,1042,16,Salón,Efectivo,125.0,0
35,2025-10-02,12:33,2762,16,Salón,Efectivo,184.0,0
36,2025-10-02,14:46,4142,17,Salón,Tarjeta,48.0,0
37,2025-10-02,13:27,3969,22,Salón,Efectivo,138.0,0
38,2025-10-02,13:28,943,22,Para llevar,Yape,248.0,0
39,2025-10-02,15:49,730,16,Para llevar,Plin,160.0,0
40,2025-10-02,12:08,494,3,Delivery propio,Efectivo,176.0,0
41,2025-10-02,19:13,2374,19,Para llevar,Plin,142.0,0
42,2025-10-02,15:29,901,2,Para llevar,Efectivo,38.0,0
43,2025-10-02,13:20,4463,18,Salón,Tarjeta,126.0,0
44,2025-10-02,20:37,3143,7,Salón,Efectivo,18.0,0
45,2025-10-02,21:02,3009,5,Para llevar,Yape,193.0,0
46,2025-10-02,13:44,9999,17,Delivery propio,Yape,246.0,0
48,2025-10-03,14:13,2686,20,Salón,Efectivo,233.0,0
49,2025-10-03,13:57,5398,24,Salón,Tarjeta,171.0,0
50,2025-10-03,21:09,9999,19,Salón,Tarjeta,170.0,0
51,2025-10-03,15:21,2110,2,Salón,Yape,160.0,0
52,2025-10-03,15:47,3336,19,Para llevar,Yape,66.0,0
53,2025-10-03,20:34,9999,24,Salón,Tarjeta,76.0,0
54,2025-10-03,16:26,403,16,Salón,Tarjeta,124.0,0
55,2025-10-03,14:46,3939,20,Delivery propio,Plin,162.0,0
56,2025-10-03,19:53,1501,17,Salón,Yape,48.0,0
57,2025-10-03,11:23,9999,19,Salón,Plin,108.0,0
58,2025-10-03,19:44,359,17,Para llevar,Tarjeta,380.0,0
59,2025-10-03,17:31,5424,18,Salón,Efectivo,50.0,0
60,2025-10-03,12:36,746,18,Delivery propio,Tarjeta,68.0,0
61,2025-10-03,17:42,3586,19,Para llevar,Efectivo,100.0,0
62,2025-10-03,20:38,858,19,Para llevar,Efectivo,62.0,0
63,2025-10-03,16:42,5449,17,Delivery propio,Efectivo,290.0,0
64,2025-10-03,14:00,5462,22,Para llevar,Efectivo,146.0,0
65,2025-10-03,13:26,9999,5,Salón,Efectivo,104.0,0
66,2025-10-03,13:26,2400,22,Salón,Efectivo,62.0,0
67,2025-10-03,21:59,4051,7,Salón,Yape,32.0,0
68,2025-10-03,12:50,1796,20,Delivery propio,Efectivo,140.0,0
69,2025-10-03,19:43,4329,18,Salón,Tarjeta,168.0,0
70,2025-10-03,17:02,1115,5,Salón,Efectivo,110.0,0
71,2025-10-03,12:22,2691,20,Salón,Yape,44.0,0
72,2025-10-03,14:56,2425,16,Salón,Tarjeta,268.0,0
73,2025-10-03,11:27,3066,20,Salón,Yape,60.0,0
74,2025-10-03,13:40,3641,17,Para llevar,Efectivo,72.0,0
75,2025-10-03,11:34,4107,2,Salón,Efectivo,194.0,0
76,2025-10-03,12:54,2463,16,Salón,Tarjeta,42.0,0
77,2025-10-03,21:13,5321,2,Delivery propio,Yape,66.0,0
78,2025-10-04,13:25,3603,18,Salón,Efectivo,55.0,0
79,2025-10-04,13:28,3732,22,Delivery propio,Plin,284.0,0
80,2025-10-04,14:43,381,20,Salón,Efectivo,212.0,0
81,2025-10-04,13:02,2512,17,Delivery propio,Tarjeta,214.0,0
82,2025-10-04,14:25,4198,3,Delivery propio,Yape,96.0,0
83,2025-10-04,13:12,771,22,Salón,Efectivo,288.0,0
84,2025-10-04,18:46,877,16,Salón,Efectivo,92.0,0
85,2025-10-04,13:19,1919,20,Salón,Yape,79.0,0
86,2025-10-04,13:49,4300,2,Salón,Yape,72.0,0
87,2025-10-04,13:15,2990,16,Para llevar,Tarjeta,220.0,0
88,2025-10-04,14:50,1799,17,Para llevar,Yape,194.0,0
89,2025-10-04,14:20,3959,2,Salón,Efectivo,238.0,0
90,2025-10-04,15:09,36,22,Salón,Tarjeta,54.0,0
91,2025-10-04,15:56,2742,2,Salón,Tarjeta,318.0,0
92,2025-10-04,19:47,4495,18,Salón,Plin,200.0,0
93,2025-10-04,15:07,2402,2,Salón,Tarjeta,44.0,0
94,2025-10-04,19:04,18,16,Salón,Tarjeta,100.0,0
95,2025-10-04,12:41,2036,3,Salón,Tarjeta,173.0,0
96,2025-10-04,20:06,2127,22,Salón,Yape,166.0,0
97,2025-10-04,14:07,9999,7,Delivery propio,Efectivo,103.0,0
98,2025-10-04,13:20,1491,19,Salón,Efectivo,149.0,0
99,2025-10-04,13:12,2004,20,Salón,Efectivo,186.0,0
100,2025-10-04,13:01,3313,24,Salón,Yape,180.0,0
101,2025-10-04,13:58,1636,22,Salón,Tarjeta,128.0,0
102,2025-10-04,11:19,5231,17,Delivery propio,Yape,134.0,0
103,2025-10-04,15:05,22,17,Delivery propio,Efectivo,128.0,0
104,2025-10-04,17:43,9999,17,Salón,Tarjeta,10.0,0
105,2025-10-04,18:35,3942,22,Salón,Yape,95.0,0
106,2025-10-04,12:29,5118,22,Salón,Efectivo,150.0,0
107,2025-10-04,16:47,598,19,Salón,Yape,34.0,0
108,2025-10-04,12:59,3025,5,Delivery propio,Efectivo,94.0,0
109,2025-10-04,14:30,970,18,Salón,Efectivo,82.0,0
110,2025-10-04,15:19,3210,19,Salón,Efectivo,130.0,0
111,2025-10-04,15:40,1389,5,Para llevar,Plin,157.0,0
112,2025-10-04,19:01,9999,5,Salón,Yape,42.0,0
113,2025-10-04,13:45,9999,7,Salón,Yape,88.0,0
114,2025-10-05,14:11,1085,17,Salón,Yape,80.0,0
115,2025-10-05,21:29,5068,5,Salón,Efectivo,142.0,0
116,2025-10-05,14:46,2295,7,Para llevar,Yape,270.0,0
117,2025-10-05,12:00,9999,19,Salón,Efectivo,91.0,0
118,2025-10-05,13:41,3757,2,Delivery propio,Yape,105.0,0
119,2025-10-05,16:01,3163,5,Salón,Yape,99.0,0
120,2025-10-05,14:44,4014,22,Para llevar,Efectivo,74.0,0
121,2026-09-28,13:02,1967,22,Delivery propio,Yape,132.0,1
122,2025-10-05,18:40,562,5,Salón,Tarjeta,45.0,0
123,2025-10-05,12:45,4356,16,Para llevar,Tarjeta,30.0,0
124,2025-10-05,15:18,150,2,Salón,Yape,110.0,0
125,2025-10-05,12:16,1063,20,Salón,Yape,128.0,0
126,2025-10-05,17:40,4425,18,Salón,Efectivo,126.0,0
127,2025-10-05,13:07,3938,16,Para llevar,Efectivo,68.0,0
128,2025-10-05,13:57,9999,16,Salón,Efectivo,98.0,0
129,2025-10-05,12:28,4182,2,Delivery propio,Efectivo,38.0,0
130,2025-10-05,13:44,2614,17,Salón,Tarjeta,182.0,0
131,2025-10-05,21:23,452,16,Delivery propio,Plin,129.0,0
132,2025-10-05,12:42,9999,22,Salón,Yape,177.0,0
133,2025-10-05,19:45,116,5,Salón,Plin,84.0,0
134,2025-10-05,18:09,5447,18,Salón,Yape,36.0,0
135,2025-10-05,15:26,1304,17,Salón,Tarjeta,142.0,0
136,2025-10-05,13:44,1481,19,Salón,Tarjeta,28.0,0
137,2025-10-05,18:54,3302,17,Delivery propio,Yape,140.0,0
138,2025-10-05,15:12,4043,5,Para llevar,Tarjeta,205.0,0
139,2025-10-05,15:20,3098,2,Salón,Efectivo,154.0,0
140,2025-10-05,15:15,2354,7,Salón,Efectivo,258.0,0
141,2025-10-05,14:14,4568,2,Salón,Efectivo,131.0,0
142,2025-10-05,19:04,4700,24,Salón,Efectivo,32.0,0
143,2025-10-05,11:13,4407,18,Salón,Tarjeta,220.0,0
144,2025-10-05,14:12,375,22,Salón,Efectivo,36.0,0
145,2025-10-05,18:48,1559,24,Salón,Tarjeta,136.0,0
146,2025-10-05,13:01,2796,24,Para llevar,Tarjeta,166.0,0
147,2025-10-05,19:10,121,22,Salón,Yape,12.0,0
148,2025-10-05,20:24,4826,20,Salón,Efectivo,50.0,0
149,2025-10-05,21:42,4446,7,Salón,Yape,120.0,0
150,2025-10-05,16:24,159,22,Salón,Efectivo,113.0,0
151,2025-10-05,12:46,2900,24,Delivery propio,Efectivo,64.0,0
152,2025-10-05,16:49,451,3,Salón,Yape,98.0,0
153,2025-10-05,14:46,155,7,Salón,Tarjeta,116.0,0
154,2025-10-05,18:06,1090,17,Salón,Yape,40.0,0
155,2025-10-06,18:05,5494,3,Salón,Efectivo,175.0,0
156,2025-10-06,15:18,2237,19,Delivery propio,Tarjeta,86.0,0
157,2025-10-06,15:49,973,20,Para llevar,Yape,50.0,0
158,2025-10-06,14:01,4107,19,Delivery propio,Efectivo,208.0,0
159,2025-10-06,20:23,4600,20,Salón,Tarjeta,148.0,0
160,2025-10-06,12:08,339,19,Delivery propio,Efectivo,118.0,0
161,2025-10-06,17:36,1177,5,Para llevar,Yape,126.0,0
162,2025-10-06,12:26,22,22,Salón,Yape,108.0,0
163,2025-10-06,13:03,4739,2,Salón,Yape,66.0,0
164,2025-10-06,18:26,1711,5,Salón,Plin,277.0,0
165,2025-10-06,14:18,4493,5,Salón,Efectivo,140.0,0
166,2025-10-06,18:42,196,18,Para llevar,Yape,70.0,0
167,2025-10-06,12:25,1729,3,Delivery propio,Efectivo,66.0,0
168,2025-10-06,14:23,2574,3,Salón,Yape,114.0,0
169,2025-10-06,19:06,1751,5,Para llevar,Efectivo,307.0,0
170,2025-10-06,21:40,211,3,Delivery propio,Yape,72.0,0
171,2025-10-06,20:11,3240,3,Salón,Tarjeta,76.0,0
172,2025-10-06,19:32,40,19,Salón,Efectivo,145.0,0
173,2025-10-06,15:18,4723,2,Delivery propio,Tarjeta,184.0,0
174,2025-10-07,15:55,1694,16,Salón,Efectivo,264.0,0
175,2025-10-07,20:12,2061,7,Delivery propio,Yape,190.0,0
176,2025-10-07,11:49,5374,17,Salón,Tarjeta,177.0,0
177,2025-10-07,14:54,433,7,Para llevar,Efectivo,195.0,0
178,2025-10-07,17:33,4479,7,Para llevar,Plin,178.0,0
179,2025-10-07,19:58,2520,24,Para llevar,Efectivo,60.0,0
180,2025-10-07,12:58,9999,17,Salón,Plin,56.0,0
181,2025-10-07,13:45,3904,20,Delivery propio,Efectivo,96.0,0
182,2025-10-07,17:19,4874,3,Salón,Tarjeta,144.0,0
183,2025-10-07,20:17,3730,7,Salón,Efectivo,122.0,0
184,2025-10-07,15:04,5270,17,Salón,Tarjeta,198.0,0
185,2025-10-07,13:29,5035,16,Salón,Yape,50.0,0
186,2025-10-08,19:01,2526,5,Salón,Efectivo,215.0,0
187,2025-10-08,19:17,3483,16,Salón,Yape,106.0,0
188,2025-10-08,19:23,5124,22,Salón,Tarjeta,212.0,0
189,2025-10-08,14:51,853,7,Salón,Yape,80.0,0
190,2025-10-08,11:01,4159,2,Delivery propio,Tarjeta,68.0,0
191,2025-10-08,13:09,9999,7,Salón,Tarjeta,128.0,0
192,2025-10-08,13:01,1468,24,Salón,Plin,170.0,0
193,2025-10-08,20:36,3808,7,Delivery propio,Efectivo,140.0,0
194,2025-10-08,20:55,624,2,Salón,Efectivo,186.0,0
195,2025-10-08,16:21,3126,2,Salón,Efectivo,38.0,0
196,2025-10-09,15:07,4230,17,Delivery propio,Efectivo,72.0,0
197,2025-10-09,11:24,1168,19,Salón,Tarjeta,146.0,0
198,2025-10-09,11:26,4118,3,Salón,Yape,94.0,0
199,2025-10-09,12:38,2643,18,Salón,Tarjeta,223.0,0
200,2025-10-09,19:28,2846,18,Salón,Efectivo,139.0,0
201,2025-10-09,19:22,3508,3,Para llevar,Efectivo,64.0,0
202,2025-10-09,13:01,2888,16,Para llevar,Tarjeta,149.0,0
203,2025-10-09,21:52,4173,17,Salón,Efectivo,308.0,0
204,2025-10-09,18:55,4150,2,Para llevar,Tarjeta,69.0,0
205,2025-10-09,14:13,3792,16,Salón,Efectivo,312.0,0
206,2025-10-09,21:00,1379,18,Salón,Efectivo,106.0,0
207,2025-10-09,19:25,4621,18,Salón,Efectivo,105.0,0
208,2025-10-09,16:04,4650,22,Salón,Plin,82.0,0
209,2025-10-09,12:13,3451,3,Salón,Efectivo,97.0,0
210,2025-10-09,15:30,5161,24,Delivery propio,Efectivo,76.0,0
211,2025-10-10,19:24,1239,5,Para llevar,Tarjeta,100.0,0
212,2025-10-10,14:31,5147,5,Para llevar,Yape,18.0,0
213,2025-10-10,15:34,3834,7,Salón,Tarjeta,94.0,0
214,2025-10-10,12:18,9999,3,Salón,Efectivo,50.0,0
215,2025-10-10,13:52,971,3,Salón,Tarjeta,288.0,0
216,2025-10-10,15:02,2749,22,Salón,Efectivo,160.0,0
217,2025-10-10,12:27,4568,7,Salón,Yape,208.0,0
218,2025-10-10,12:42,4848,24,Salón,Efectivo,179.0,0
219,2025-10-10,20:52,4824,24,Delivery propio,Yape,170.0,0
220,2025-10-10,16:14,9999,3,Para llevar,Yape,180.0,0
221,2025-10-10,21:20,2596,19,Salón,Tarjeta,138.0,0
222,2025-10-10,19:21,3798,19,Salón,Plin,59.0,0
223,2025-10-10,20:17,3647,18,Salón,Yape,68.0,0
224,2025-10-10,14:00,4738,17,Delivery propio,Yape,72.0,0
225,2025-10-10,18:56,1583,3,Delivery propio,Efectivo,130.0,0
226,2025-10-10,14:46,1883,22,Delivery propio,Plin,150.0,0
227,2025-10-10,19:33,2715,17,Salón,Plin,75.0,0
228,2025-10-10,14:20,5148,7,Salón,Yape,22.0,0
229,2025-10-10,17:04,3720,24,Delivery propio,Yape,100.0,0
230,2025-10-10,13:40,4742,7,Salón,Tarjeta,34.0,0
231,2025-10-10,14:59,5107,18,Delivery propio,Efectivo,284.0,0
232,2026-09-28,16:16,2773,22,Salón,Tarjeta,83.0,1
233,2025-10-10,13:33,4354,18,Para llevar,Efectivo,68.0,0
234,2025-10-10,21:08,1260,17,Salón,Tarjeta,80.0,0
235,2025-10-10,19:48,496,22,Para llevar,Plin,260.0,0
236,2025-10-10,14:57,1987,24,Salón,Yape,82.0,0
237,2025-10-10,13:31,3299,18,Salón,Yape,160.0,0
238,2025-10-10,14:08,2512,20,Delivery propio,Tarjeta,163.0,0
239,2025-10-10,15:52,9999,7,Salón,Yape,118.0,0
240,2025-10-10,12:42,5001,3,Delivery propio,Tarjeta,124.0,0
241,2025-10-10,12:25,537,18,Para llevar,Tarjeta,38.0,0
242,2025-10-10,13:44,3562,16,Delivery propio,Efectivo,46.0,0
243,2025-10-10,19:53,5376,16,Salón,Yape,222.0,0
244,2025-10-10,12:06,302,20,Para llevar,Yape,24.0,0
245,2025-10-10,18:44,3694,18,Para llevar,Tarjeta,38.0,0
246,2025-10-10,14:03,4427,24,Salón,Efectivo,104.0,0
247,2025-10-10,14:10,682,5,Delivery propio,Efectivo,38.0,0
248,2025-10-10,20:49,9999,20,Salón,Yape,156.0,0
249,2025-10-10,14:00,2579,18,Para llevar,Tarjeta,126.0,0
250,2025-10-10,19:05,2187,5,Salón,Tarjeta,98.0,0
251,2025-10-10,12:27,1249,18,Salón,Yape,21.0,0
252,2025-10-10,15:55,3161,24,Salón,Yape,62.0,0
253,2025-10-10,16:41,4787,7,Delivery propio,Efectivo,174.0,0
254,2026-09-28,12:21,3323,19,Delivery propio,Yape,285.0,1
255,2025-10-11,12:20,1543,7,Delivery propio,Efectivo,218.0,0
256,2025-10-11,17:54,1402,20,Salón,Efectivo,120.0,0
257,2025-10-11,19:16,2687,24,Salón,Yape,138.0,0
258,2025-10-11,11:51,2738,2,Delivery propio,Efectivo,198.0,0
259,2025-10-11,14:41,326,18,Para llevar,Efectivo,203.0,0
260,2025-10-11,15:24,2900,2,Delivery propio,Tarjeta,36.0,0
261,2025-10-11,15:44,2749,3,Para llevar,Efectivo,18.0,0
262,2025-10-11,14:44,2766,20,Salón,Efectivo,28.0,0
263,2025-10-11,13:28,1952,18,Salón,Plin,121.0,0
264,2025-10-11,17:48,3823,3,Salón,Tarjeta,230.0,0
265,2025-10-11,20:30,4465,16,Salón,Efectivo,56.0,0
266,2025-10-11,13:55,839,24,Para llevar,Efectivo,147.0,0
267,2025-10-11,19:07,3642,20,Delivery propio,Tarjeta,142.0,0
268,2025-10-11,19:38,9999,19,Para llevar,Plin,226.0,0
269,2025-10-11,20:01,5230,17,Delivery propio,Tarjeta,120.0,0
270,2025-10-11,20:19,1178,22,Para llevar,Efectivo,308.0,0
271,2025-10-11,19:37,5385,2,Delivery propio,Efectivo,68.0,0
272,2025-10-11,14:50,4855,19,Para llevar,Yape,70.0,0
273,2025-10-11,12:07,5215,20,Para llevar,Yape,268.0,0
274,2025-10-11,14:59,3829,7,Para llevar,Yape,18.0,0
275,2025-10-11,13:22,119,20,Para llevar,Efectivo,116.0,0
276,2025-10-11,11:40,4329,24,Salón,Yape,140.0,0
277,2025-10-11,15:35,1331,5,Salón,Yape,78.0,0
278,2025-10-11,13:45,469,3,Delivery propio,Plin,108.0,0
279,2025-10-11,14:31,4141,17,Salón,Efectivo,86.0,0
280,2025-10-11,15:27,2740,19,Salón,Yape,142.0,0
281,2025-10-11,16:04,9999,19,Salón,Tarjeta,222.0,0
282,2025-10-11,13:20,5094,2,Delivery propio,Efectivo,186.0,0
283,2025-10-11,19:24,1487,24,Delivery propio,Tarjeta,10.0,0
284,2025-10-11,19:59,1389,5,Salón,Efectivo,127.0,0
285,2025-10-11,14:28,1920,24,Salón,Yape,231.0,0
286,2025-10-11,12:08,9999,24,Delivery propio,Yape,90.0,0
287,2025-10-11,20:27,9999,7,Delivery propio,Tarjeta,98.0,0
288,2025-10-11,17:16,9999,16,Para llevar,Yape,176.0,0
289,2025-10-11,13:52,5126,19,Delivery propio,Efectivo,26.0,0
290,2025-10-11,14:24,1284,2,Delivery propio,Efectivo,165.0,0
291,2025-10-11,11:38,831,7,Salón,Efectivo,10.0,0
292,2025-10-11,17:00,1599,18,Salón,Tarjeta,298.0,0
293,2025-10-12,11:23,9999,24,Delivery propio,Yape,231.0,0
294,2025-10-12,20:53,2620,19,Salón,Efectivo,194.0,0
295,2025-10-12,13:47,4164,5,Para llevar,Plin,205.0,0
296,2025-10-12,19:20,1451,22,Salón,Efectivo,130.0,0
297,2025-10-12,18:52,657,3,Salón,Yape,144.0,0
298,2025-10-12,19:00,980,18,Delivery propio,Yape,96.0,0
299,2025-10-12,19:07,2065,17,Salón,Tarjeta,70.0,0
300,2025-10-12,14:24,5484,18,Para llevar,Tarjeta,260.0,0
301,2025-10-12,12:09,448,18,Salón,Plin,34.0,0
302,2025-10-12,15:16,3099,22,Para llevar,Efectivo,149.0,0
303,2025-10-12,20:19,3513,20,Salón,Efectivo,58.0,0
304,2025-10-12,14:50,1851,5,Para llevar,Tarjeta,135.0,0
305,2025-10-12,14:04,228,7,Salón,Tarjeta,170.0,0
306,2025-10-12,15:16,3401,2,Salón,Efectivo,152.0,0
307,2025-10-12,19:38,4084,3,Salón,Tarjeta,117.0,0
308,2025-10-12,13:29,2124,3,Delivery propio,Plin,50.0,0
309,2025-10-12,15:49,5377,2,Delivery propio,Plin,136.0,0
310,2025-10-12,15:03,889,7,Salón,Efectivo,328.0,0
311,2025-10-12,16:10,5360,16,Para llevar,Yape,118.0,0
312,2025-10-12,15:52,235,22,Salón,Efectivo,88.0,0
313,2025-10-12,14:28,9999,17,Salón,Yape,186.0,0
314,2025-10-12,19:07,1734,17,Salón,Tarjeta,26.0,0
315,2025-10-12,20:26,1445,16,Para llevar,Yape,64.0,0
316,2025-10-12,16:34,1380,17,Salón,Plin,14.0,0
317,2025-10-12,13:31,9999,22,Salón,Efectivo,295.0,0
318,2025-10-12,19:47,9999,17,Salón,Tarjeta,36.0,0
319,2025-10-12,15:01,4839,5,Delivery propio,Yape,137.0,0
320,2025-10-12,14:54,1001,5,Delivery propio,Efectivo,173.0,0
321,2025-10-12,15:44,4592,19,Salón,Tarjeta,146.0,0
322,2025-10-12,12:19,1856,24,Salón,Yape,210.0,0
323,2025-10-12,20:04,103,7,Delivery propio,Yape,147.0,0
324,2025-10-12,14:49,9999,17,Salón,Efectivo,252.0,0
325,2025-10-12,20:45,3627,22,Salón,Efectivo,269.0,0
326,2025-10-12,15:30,534,20,Para llevar,Efectivo,18.0,0
327,2025-10-12,18:50,1631,2,Para llevar,Yape,133.0,0
328,2025-10-12,20:53,2526,19,Salón,Plin,95.0,0
329,2025-10-12,19:09,1825,18,Delivery propio,Yape,122.0,0
330,2025-10-12,16:50,2232,3,Para llevar,Efectivo,96.0,0
331,2025-10-12,14:16,52,18,Salón,Yape,106.0,0
332,2025-10-12,11:05,1662,19,Salón,Yape,82.0,0
333,2025-10-12,13:21,4598,5,Salón,Tarjeta,261.0,0
334,2025-10-12,18:04,2352,19,Salón,Tarjeta,144.0,0
335,2025-10-12,14:06,4721,17,Salón,Efectivo,61.0,0
336,2025-10-12,16:06,877,24,Salón,Yape,146.0,0
337,2025-10-12,11:40,2113,2,Para llevar,Yape,168.0,0
338,2025-10-12,19:29,960,2,Salón,Tarjeta,38.0,0
339,2025-10-12,19:02,4435,2,Salón,Yape,22.0,0
340,2025-10-12,19:19,4119,18,Salón,Plin,92.0,0
341,2025-10-12,12:07,4754,2,Para llevar,Yape,104.0,0
342,2025-10-12,12:25,2550,5,Salón,Efectivo,188.0,0
343,2025-10-12,15:56,2242,18,Salón,Efectivo,110.0,0
344,2025-10-12,15:45,5439,19,Para llevar,Tarjeta,33.0,0
345,2025-10-12,18:30,4389,7,Salón,Yape,144.0,0
346,2025-10-12,12:42,2220,7,Para llevar,Plin,100.0,0
347,2025-10-12,13:08,3486,24,Para llevar,Plin,102.0,0
348,2025-10-13,13:38,5097,2,Salón,Efectivo,355.0,0
349,2025-10-13,11:04,9999,16,Salón,Yape,62.0,0
350,2025-10-13,18:27,1805,16,Salón,Efectivo,140.0,0
351,2025-10-13,11:46,2751,22,Salón,Efectivo,234.0,0
352,2025-10-13,17:03,4177,16,Salón,Efectivo,128.0,0
353,2025-10-13,21:48,1203,24,Salón,Efectivo,152.0,0
354,2025-10-13,13:19,4325,2,Para llevar,Plin,331.0,0
355,2025-10-13,17:36,3839,17,Para llevar,Efectivo,99.0,0
356,2025-10-13,13:35,4962,2,Salón,Tarjeta,116.0,0
357,2025-10-13,15:17,9999,18,Salón,Efectivo,128.0,0
358,2025-10-13,13:52,4923,2,Salón,Yape,187.0,0
359,2025-10-13,16:09,2374,2,Para llevar,Yape,218.0,0
360,2025-10-13,12:01,9999,3,Salón,Efectivo,86.0,0
361,2025-10-13,17:58,1519,20,Salón,Yape,188.0,0
362,2025-10-14,20:34,6,18,Salón,Yape,80.0,0
363,2025-10-14,12:27,3611,3,Para llevar,Tarjeta,94.0,0
364,2025-10-14,13:13,182,16,Salón,Plin,144.0,0
365,2025-10-14,13:17,2274,24,Para llevar,Tarjeta,74.0,0
366,2025-10-14,11:09,4217,17,Delivery propio,Plin,71.0,0
367,2025-10-14,18:26,63,3,Salón,Efectivo,204.0,0
368,2025-10-14,15:26,3217,20,Salón,Yape,144.0,0
369,2025-10-14,20:57,9999,16,Para llevar,Tarjeta,86.0,0
370,2025-10-14,19:01,9999,18,Salón,Yape,118.0,0
371,2025-10-14,21:09,587,16,Para llevar,Plin,30.0,0
372,2025-10-14,18:45,1232,16,Para llevar,Yape,175.0,0
373,2025-10-14,13:46,906,20,Salón,Yape,95.0,0
374,2025-10-14,14:26,3754,7,Salón,Yape,208.0,0
375,2025-10-14,14:18,360,19,Salón,Efectivo,154.0,0
376,2025-10-14,12:19,2486,3,Salón,Yape,130.0,0
377,2025-10-14,14:08,1484,16,Salón,Efectivo,132.0,0
378,2025-10-14,19:39,1557,17,Delivery propio,Yape,162.0,0
379,2025-10-15,13:07,3617,18,Salón,Yape,207.0,0
380,2025-10-15,12:51,2825,3,Salón,Tarjeta,134.0,0
381,2025-10-15,15:28,4296,18,Delivery propio,Efectivo,52.0,0
382,2025-10-15,14:40,3543,5,Salón,Yape,100.0,0
383,2025-10-15,16:40,2124,3,Salón,Yape,186.0,0
384,2025-10-15,12:54,5286,16,Salón,Yape,153.0,0
385,2025-10-15,14:50,5209,19,Delivery propio,Yape,258.0,0
386,2025-10-15,13:14,1041,20,Salón,Yape,126.0,0
387,2025-10-15,13:29,1165,3,Salón,Yape,174.0,0
388,2025-10-15,18:21,477,18,Salón,Yape,339.0,0
389,2025-10-15,12:01,3763,19,Salón,Yape,80.0,0
390,2025-10-15,12:43,610,22,Salón,Tarjeta,111.0,0
391,2025-10-15,11:05,3273,3,Salón,Tarjeta,206.0,0
392,2025-10-15,19:55,1799,18,Para llevar,Yape,131.0,0
393,2025-10-15,13:42,4537,24,Para llevar,Efectivo,44.0,0
394,2025-10-15,19:05,1361,18,Para llevar,Plin,36.0,0
395,2025-10-15,13:15,3621,16,Delivery propio,Efectivo,126.0,0
396,2025-10-16,20:18,1343,2,Para llevar,Plin,141.0,0
397,2025-10-16,21:33,2482,24,Para llevar,Efectivo,70.0,0
398,2025-10-16,11:54,3984,3,Salón,Yape,74.0,0
399,2025-10-16,18:53,4493,2,Delivery propio,Plin,102.0,0
400,2025-10-16,19:47,854,17,Salón,Tarjeta,70.0,0
401,2025-10-16,20:54,359,19,Delivery propio,Tarjeta,60.0,0
402,2025-10-16,14:03,4720,16,Salón,Yape,122.0,0
403,2025-10-16,15:12,4479,22,Para llevar,Efectivo,57.0,0
404,2025-10-16,20:09,2238,24,Salón,Plin,253.0,0
405,2025-10-16,13:00,4050,3,Para llevar,Yape,77.0,0
406,2025-10-16,12:05,1998,3,Salón,Tarjeta,68.0,0
407,2025-10-16,13:28,1042,24,Para llevar,Plin,106.0,0
408,2025-10-16,12:45,4073,7,Salón,Yape,108.0,0
409,2025-10-16,17:08,2611,22,Delivery propio,Efectivo,120.0,0
410,2025-10-16,13:44,1560,17,Para llevar,Tarjeta,80.0,0
411,2025-10-16,13:57,717,5,Salón,Efectivo,84.0,0
412,2025-10-16,13:29,4635,5,Delivery propio,Efectivo,223.0,0
413,2025-10-16,14:18,5418,2,Salón,Efectivo,92.0,0
414,2025-10-16,11:45,2571,3,Salón,Plin,109.0,0
415,2025-10-16,13:30,5248,17,Salón,Yape,198.0,0
416,2025-10-16,14:13,9999,2,Salón,Efectivo,101.0,0
417,2025-10-17,12:34,5284,24,Salón,Yape,128.0,0
418,2025-10-17,20:10,2931,2,Para llevar,Yape,110.0,0
419,2025-10-17,14:13,953,18,Salón,Yape,154.0,0
420,2025-10-17,15:05,5256,17,Salón,Yape,84.0,0
421,2025-10-17,13:12,4434,2,Salón,Efectivo,214.0,0
422,2025-10-17,16:46,3147,3,Salón,Plin,104.0,0
423,2025-10-17,21:59,4395,19,Delivery propio,Tarjeta,36.0,0
424,2025-10-17,13:21,2506,5,Salón,Tarjeta,148.0,0
425,2025-10-17,11:02,9999,19,Para llevar,Efectivo,90.0,0
426,2025-10-17,19:27,778,17,Delivery propio,Efectivo,72.0,0
427,2025-10-17,12:17,4458,20,Salón,Efectivo,129.0,0
428,2025-10-17,13:33,9999,22,Salón,Efectivo,166.0,0
429,2025-10-17,13:48,1984,18,Salón,Yape,136.0,0
430,2025-10-17,18:48,2526,3,Delivery propio,Tarjeta,106.0,0
431,2025-10-17,20:25,4613,2,Para llevar,Plin,152.0,0
432,2025-10-17,20:43,1685,24,Delivery propio,Yape,134.0,0
433,2025-10-17,15:55,9999,7,Delivery propio,Yape,58.0,0
434,2025-10-17,18:09,3596,17,Salón,Plin,122.0,0
435,2025-10-17,12:23,1002,16,Salón,Yape,84.0,0
436,2025-10-17,16:16,4400,22,Salón,Yape,106.0,0
437,2025-10-17,14:59,4479,19,Delivery propio,Efectivo,138.0,0
438,2025-10-17,21:08,9999,24,Delivery propio,Efectivo,258.0,0
439,2025-10-17,21:12,2691,20,Salón,Yape,258.0,0
440,2025-10-18,12:10,1856,16,Salón,Efectivo,152.0,0
441,2025-10-18,13:07,3239,16,Salón,Tarjeta,48.0,0
442,2025-10-18,18:44,1837,16,Para llevar,Efectivo,104.0,0
443,2025-10-18,11:05,684,17,Para llevar,Plin,138.0,0
444,2025-10-18,18:36,1391,3,Para llevar,Efectivo,102.0,0
445,2025-10-18,12:33,1621,16,Salón,Plin,90.0,0
446,2025-10-18,12:17,4158,17,Salón,Yape,102.0,0
447,2025-10-18,21:17,3734,18,Salón,Efectivo,60.0,0
448,2025-10-18,13:28,9999,2,Para llevar,Efectivo,126.0,0
449,2025-10-18,15:59,278,7,Salón,Plin,138.0,0
450,2025-10-18,13:04,3702,20,Para llevar,Plin,22.0,0
451,2025-10-18,19:09,9999,20,Salón,Tarjeta,120.0,0
452,2025-10-18,19:28,1648,5,Salón,Tarjeta,170.0,0
453,2025-10-18,18:05,3032,7,Delivery propio,Efectivo,116.0,0
454,2025-10-18,14:07,1010,2,Salón,Yape,62.0,0
455,2025-10-18,19:18,1290,5,Delivery propio,Yape,212.0,0
456,2025-10-18,18:20,2073,22,Delivery propio,Yape,98.0,0
457,2025-10-18,11:16,2349,2,Salón,Efectivo,68.0,0
458,2025-10-18,12:54,4973,7,Delivery propio,Tarjeta,180.0,0
459,2025-10-18,20:56,4219,7,Delivery propio,Yape,84.0,0
460,2025-10-18,21:02,4236,3,Salón,Plin,85.0,0
461,2025-10-18,14:26,2551,2,Salón,Plin,290.0,0
462,2025-10-18,12:53,1481,2,Delivery propio,Yape,56.0,0
463,2025-10-18,14:14,1542,16,Para llevar,Plin,6.0,0
464,2025-10-18,20:02,5099,22,Salón,Yape,309.0,0
465,2025-10-18,20:05,1583,24,Salón,Efectivo,112.0,0
466,2025-10-18,15:35,5229,20,Delivery propio,Efectivo,150.0,0
467,2025-10-18,18:17,9999,17,Salón,Efectivo,162.0,0
468,2025-10-18,14:28,1760,20,Salón,Tarjeta,70.0,0
469,2025-10-18,12:08,5008,17,Delivery propio,Efectivo,331.0,0
470,2025-10-18,13:16,483,7,Salón,Tarjeta,147.0,0
471,2025-10-18,14:49,9999,17,Salón,Plin,153.0,0
472,2025-10-18,12:25,70,7,Delivery propio,Plin,74.0,0
473,2025-10-18,21:03,9999,17,Delivery propio,Efectivo,329.0,0
474,2025-10-18,12:03,572,19,Para llevar,Efectivo,98.0,0
475,2025-10-18,12:13,2098,7,Para llevar,Yape,231.0,0
476,2025-10-18,13:17,1349,3,Salón,Yape,155.0,0
477,2025-10-18,12:54,4621,17,Salón,Efectivo,180.0,0
478,2025-10-18,15:50,18,22,Salón,Efectivo,229.0,0
479,2025-10-18,14:09,5078,5,Salón,Yape,96.0,0
480,2025-10-18,14:54,2340,16,Delivery propio,Efectivo,222.0,0
481,2025-10-19,19:03,3023,5,Salón,Plin,91.0,0
482,2025-10-19,14:54,4176,3,Para llevar,Yape,52.0,0
483,2025-10-19,19:30,249,22,Salón,Yape,192.0,0
484,2025-10-19,16:13,5229,22,Para llevar,Yape,130.0,0
485,2025-10-19,19:40,601,17,Para llevar,Yape,38.0,0
486,2025-10-19,20:41,2160,20,Salón,Efectivo,173.0,0
487,2025-10-19,20:20,435,22,Salón,Tarjeta,151.0,0
488,2025-10-19,12:31,4244,18,Salón,Plin,30.0,0
489,2025-10-19,13:11,4392,17,Delivery propio,Efectivo,103.0,0
490,2025-10-19,14:28,4498,22,Salón,Plin,86.0,0
491,2025-10-19,13:04,5308,5,Para llevar,Yape,157.0,0
492,2025-10-19,20:22,5030,20,Salón,Efectivo,60.0,0
493,2025-10-19,19:26,4682,24,Para llevar,Tarjeta,90.0,0
494,2025-10-19,13:39,3735,7,Para llevar,Efectivo,126.0,0
495,2025-10-19,15:36,877,19,Salón,Tarjeta,206.0,0
496,2025-10-19,21:41,5160,7,Salón,Tarjeta,38.0,0
497,2025-10-19,19:03,325,2,Para llevar,Plin,100.0,0
498,2025-10-19,16:57,4568,16,Delivery propio,Tarjeta,243.0,0
499,2025-10-19,13:07,2653,2,Salón,Tarjeta,116.0,0
500,2025-10-19,13:11,54,2,Salón,Efectivo,132.0,0
501,2025-10-19,14:10,1025,17,Salón,Plin,137.0,0
502,2025-10-19,20:32,9999,22,Para llevar,Tarjeta,36.0,0
503,2025-10-19,12:01,2289,7,Salón,Efectivo,92.0,0
504,2025-10-19,18:33,1741,18,Salón,Tarjeta,88.0,0
505,2025-10-19,14:51,1303,24,Salón,Tarjeta,51.0,0
506,2025-10-19,13:54,4297,5,Para llevar,Yape,280.0,0
507,2025-10-19,13:27,1079,17,Para llevar,Efectivo,102.0,0
508,2025-10-19,18:39,2836,17,Delivery propio,Plin,234.0,0
509,2025-10-19,19:42,3788,7,Salón,Efectivo,67.0,0
510,2025-10-19,12:51,5288,3,Salón,Tarjeta,36.0,0
511,2025-10-19,15:10,1416,3,Salón,Yape,176.0,0
512,2025-10-19,21:12,9999,17,Salón,Yape,95.0,0
513,2025-10-19,11:41,4801,3,Salón,Efectivo,87.0,0
514,2025-10-19,15:50,3645,3,Salón,Efectivo,98.0,0
515,2025-10-19,13:31,2026,20,Salón,Tarjeta,210.0,0
516,2025-10-19,14:09,537,3,Salón,Efectivo,98.0,0
517,2025-10-19,20:21,2710,24,Delivery propio,Efectivo,116.0,0
518,2025-10-19,13:03,4321,19,Delivery propio,Efectivo,132.0,0
519,2025-10-19,18:54,4729,16,Salón,Efectivo,82.0,0
520,2025-10-19,14:42,5346,20,Para llevar,Efectivo,138.0,0
521,2025-10-19,18:04,9999,19,Salón,Tarjeta,28.0,0
522,2025-10-19,13:28,3346,3,Salón,Tarjeta,18.0,0
523,2025-10-19,12:22,2386,7,Salón,Yape,126.0,0
524,2025-10-19,13:45,459,18,Salón,Efectivo,38.0,0
525,2025-10-19,13:36,2574,24,Salón,Yape,98.0,0
526,2025-10-19,11:56,4952,2,Salón,Plin,35.0,0
527,2025-10-19,14:54,2022,17,Salón,Efectivo,66.0,0
528,2025-10-20,21:23,1744,7,Salón,Efectivo,142.0,0
529,2025-10-20,20:27,4060,17,Salón,Tarjeta,164.0,0
530,2025-10-20,20:01,206,7,Salón,Tarjeta,87.0,0
531,2025-10-20,11:28,5124,3,Salón,Yape,42.0,0
532,2025-10-20,14:26,1803,19,Salón,Efectivo,10.0,0
533,2025-10-20,17:10,1933,5,Salón,Plin,192.0,0
534,2025-10-20,14:51,4204,24,Salón,Efectivo,284.0,0
535,2025-10-20,13:46,3897,22,Delivery propio,Efectivo,9.0,0
536,2025-10-20,14:54,1935,19,Salón,Tarjeta,115.0,0
537,2025-10-20,14:12,4479,3,Salón,Efectivo,92.0,0
538,2025-10-20,14:17,3130,7,Salón,Efectivo,176.0,0
539,2025-10-20,13:07,5348,24,Delivery propio,Plin,168.0,0
540,2025-10-20,13:27,1744,17,Salón,Plin,88.0,0
541,2025-10-20,19:40,5244,16,Salón,Efectivo,110.0,0
542,2025-10-20,17:14,2239,5,Salón,Efectivo,300.0,0
543,2025-10-20,19:36,4363,18,Salón,Efectivo,158.0,0
544,2025-10-20,15:49,684,7,Salón,Efectivo,38.0,0
545,2025-10-20,13:16,746,3,Para llevar,Yape,150.0,0
546,2025-10-20,13:28,5487,24,Salón,Efectivo,18.0,0
547,2025-10-20,20:07,214,22,Para llevar,Efectivo,320.0,0
548,2025-10-20,18:49,4945,5,Delivery propio,Efectivo,32.0,0
549,2025-10-21,17:26,1996,5,Salón,Tarjeta,116.0,0
550,2025-10-21,16:03,1201,16,Delivery propio,Yape,66.0,0
551,2025-10-21,14:16,4390,3,Salón,Tarjeta,84.0,0
552,2025-10-21,12:59,1883,16,Para llevar,Efectivo,136.0,0
553,2025-10-21,14:06,3349,20,Salón,Efectivo,130.0,0
554,2025-10-21,11:19,3258,22,Salón,Yape,90.0,0
555,2025-10-21,12:48,17,20,Salón,Efectivo,32.0,0
556,2025-10-21,11:18,5270,5,Delivery propio,Yape,58.0,0
557,2025-10-21,19:08,9999,20,Delivery propio,Plin,80.0,0
558,2025-10-21,18:17,3976,18,Salón,Tarjeta,76.0,0
559,2025-10-21,16:48,3689,2,Salón,Efectivo,190.0,0
560,2025-10-21,13:14,1960,2,Para llevar,Plin,56.0,0
561,2025-10-21,12:13,1727,17,Delivery propio,Efectivo,206.0,0
562,2025-10-21,13:37,4788,2,Delivery propio,Efectivo,75.0,0
563,2025-10-21,16:31,4204,18,Para llevar,Yape,58.0,0
564,2025-10-22,13:16,1124,24,Salón,Yape,80.0,0
565,2025-10-22,14:03,1978,17,Para llevar,Yape,77.0,0
566,2025-10-22,19:11,3682,19,Para llevar,Yape,234.0,0
567,2025-10-22,19:42,4479,7,Salón,Efectivo,105.0,0
568,2025-10-22,14:24,3088,17,Delivery propio,Efectivo,180.0,0
569,2025-10-22,15:31,5256,3,Salón,Tarjeta,169.0,0
570,2025-10-22,13:43,3180,3,Salón,Yape,224.0,0
571,2025-10-22,18:41,3672,19,Salón,Efectivo,226.0,0
572,2025-10-22,20:09,1574,22,Salón,Tarjeta,294.0,0
573,2025-10-22,13:25,2812,20,Salón,Yape,72.0,0
574,2025-10-22,14:55,3,17,Para llevar,Tarjeta,48.0,0
575,2025-10-22,13:51,9999,20,Salón,Yape,276.0,0
576,2025-10-22,11:37,3868,19,Salón,Efectivo,68.0,0
577,2025-10-22,18:53,406,7,Delivery propio,Efectivo,86.0,0
578,2025-10-22,14:09,2970,2,Salón,Efectivo,130.0,0
579,2025-10-22,15:26,3160,22,Salón,Efectivo,136.0,0
580,2025-10-23,19:30,496,22,Para llevar,Efectivo,133.0,0
581,2025-10-23,15:56,3631,22,Salón,Efectivo,138.0,0
582,2025-10-23,14:56,2899,24,Salón,Efectivo,64.0,0
583,2025-10-23,13:33,4592,24,Delivery propio,Efectivo,26.0,0
584,2025-10-23,13:25,1159,24,Salón,Efectivo,96.0,0
585,2025-10-23,19:57,467,3,Delivery propio,Tarjeta,46.0,0
586,2025-10-23,13:08,3539,22,Salón,Efectivo,68.0,0
587,2025-10-23,20:48,4912,22,Para llevar,Plin,102.0,0
588,2025-10-23,13:15,749,2,Salón,Plin,92.0,0
589,2025-10-23,13:05,2615,3,Salón,Yape,214.0,0
590,2025-10-23,18:33,9999,3,Salón,Efectivo,222.0,0
591,2025-10-23,12:45,2,19,Salón,Efectivo,156.0,0
592,2025-10-23,19:41,2917,2,Salón,Efectivo,226.0,0
593,2025-10-23,15:56,2936,17,Salón,Plin,44.0,0
594,2025-10-23,12:46,2900,19,Salón,Tarjeta,201.0,0
595,2025-10-23,11:28,709,2,Salón,Tarjeta,110.0,0
596,2025-10-23,20:17,131,16,Salón,Tarjeta,244.0,0
597,2025-10-23,20:38,9999,22,Salón,Yape,48.0,0
598,2025-10-23,21:07,496,20,Delivery propio,Efectivo,44.0,0
599,2025-10-24,14:33,892,20,Salón,Efectivo,180.0,0
600,2025-10-24,17:48,9999,7,Delivery propio,Efectivo,123.0,0
601,2025-10-24,20:27,286,24,Salón,Tarjeta,34.0,0
602,2025-10-24,14:30,3229,5,Delivery propio,Tarjeta,52.0,0
603,2025-10-24,12:15,3441,20,Salón,Tarjeta,140.0,0
604,2025-10-24,11:57,872,22,Para llevar,Tarjeta,68.0,0
605,2025-10-24,14:41,4261,20,Delivery propio,Tarjeta,88.0,0
606,2025-10-24,15:51,3328,20,Salón,Tarjeta,115.0,0
607,2025-10-24,19:27,2125,22,Salón,Yape,94.0,0
608,2025-10-24,12:14,5287,7,Salón,Yape,52.0,0
609,2025-10-24,11:52,3477,17,Salón,Plin,66.0,0
610,2025-10-24,21:56,5044,22,Para llevar,Yape,36.0,0
611,2025-10-24,14:25,3576,24,Para llevar,Efectivo,73.0,0
612,2025-10-24,20:22,2483,19,Salón,Yape,222.0,0
613,2025-10-24,17:13,3405,19,Delivery propio,Efectivo,158.0,0
614,2025-10-24,15:32,1489,24,Salón,Tarjeta,252.0,0
615,2025-10-24,18:33,2798,22,Para llevar,Plin,223.0,0
616,2025-10-24,18:01,2020,24,Delivery propio,Plin,32.0,0
617,2025-10-24,14:17,1525,3,Salón,Yape,126.0,0
618,2025-10-24,20:11,4030,16,Salón,Efectivo,209.0,0
619,2025-10-24,11:18,3068,20,Salón,Plin,66.0,0
620,2025-10-24,11:52,1670,16,Salón,Efectivo,101.0,0
621,2025-10-24,14:40,9999,17,Para llevar,Yape,136.0,0
622,2025-10-24,12:14,5334,22,Salón,Tarjeta,118.0,0
623,2025-10-24,14:51,655,17,Salón,Yape,174.0,0
624,2025-10-24,12:42,3140,24,Salón,Plin,28.0,0
625,2025-10-24,14:46,9999,2,Salón,Tarjeta,84.0,0
626,2025-10-24,12:02,3229,24,Delivery propio,Tarjeta,136.0,0
627,2025-10-24,14:15,3143,19,Para llevar,Efectivo,182.0,0
628,2025-10-24,13:48,2288,17,Salón,Efectivo,28.0,0
629,2025-10-24,13:30,5116,24,Salón,Tarjeta,144.0,0
630,2025-10-24,19:52,2663,7,Para llevar,Tarjeta,124.0,0
631,2025-10-24,15:17,9999,18,Salón,Efectivo,171.0,0
632,2025-10-24,20:45,4597,22,Delivery propio,Plin,56.0,0
633,2025-10-24,21:46,4350,2,Salón,Tarjeta,106.0,0
634,2025-10-25,14:06,713,18,Salón,Tarjeta,72.0,0
635,2025-10-25,18:04,2416,16,Para llevar,Efectivo,123.0,0
636,2025-10-25,19:07,3323,19,Salón,Yape,58.0,0
637,2025-10-25,14:37,1058,16,Delivery propio,Yape,122.0,0
638,2025-10-25,12:26,5196,18,Salón,Plin,28.0,0
639,2025-10-25,13:29,569,20,Delivery propio,Plin,189.0,0
640,2025-10-25,16:54,534,7,Salón,Efectivo,142.0,0
641,2025-10-25,15:16,4222,7,Salón,Efectivo,107.0,0
642,2025-10-25,13:56,5447,20,Salón,Efectivo,38.0,0
643,2025-10-25,14:39,587,20,Delivery propio,Efectivo,58.0,0
644,2025-10-25,13:13,3046,24,Delivery propio,Efectivo,54.0,0
645,2025-10-25,12:37,4526,18,Salón,Yape,70.0,0
646,2025-10-25,12:09,3897,2,Para llevar,Yape,92.0,0
647,2025-10-25,13:12,803,5,Salón,Tarjeta,68.0,0
648,2025-10-25,14:04,3062,20,Salón,Yape,51.0,0
649,2025-10-25,12:00,1743,19,Para llevar,Yape,52.0,0
650,2025-10-25,18:59,9999,17,Para llevar,Efectivo,116.0,0
651,2025-10-25,14:19,1107,3,Salón,Yape,98.0,0
652,2025-10-25,20:09,2986,5,Para llevar,Efectivo,64.0,0
653,2025-10-25,19:13,190,2,Salón,Plin,340.0,0
654,2025-10-25,14:27,33,20,Para llevar,Yape,72.0,0
655,2025-10-25,13:48,4619,5,Para llevar,Tarjeta,86.0,0
656,2025-10-25,13:20,2738,16,Salón,Yape,70.0,0
657,2025-10-25,13:02,1739,19,Salón,Efectivo,86.0,0
658,2025-10-25,19:22,376,2,Delivery propio,Efectivo,108.0,0
659,2025-10-25,19:29,2680,22,Salón,Plin,221.0,0
660,2025-10-25,15:03,3226,16,Salón,Tarjeta,108.0,0
661,2025-10-25,20:07,3483,5,Salón,Yape,262.0,0
662,2025-10-25,11:05,3433,16,Delivery propio,Yape,110.0,0
663,2025-10-25,13:31,2458,20,Salón,Yape,248.0,0
664,2025-10-25,14:15,4192,2,Salón,Efectivo,84.0,0
665,2025-10-25,13:10,1530,24,Salón,Efectivo,126.0,0
666,2025-10-25,12:33,194,17,Salón,Efectivo,62.0,0
667,2025-10-25,13:56,1152,3,Salón,Tarjeta,30.0,0
668,2025-10-25,20:38,3995,22,Para llevar,Efectivo,110.0,0
669,2025-10-25,12:40,3213,3,Para llevar,Efectivo,130.0,0
670,2025-10-25,14:16,2170,16,Salón,Efectivo,69.0,0
671,2025-10-25,14:37,4759,18,Salón,Yape,162.0,0
672,2025-10-25,12:26,3862,17,Para llevar,Yape,146.0,0
673,2025-10-25,18:05,1755,17,Salón,Efectivo,46.0,0
674,2025-10-25,14:18,5333,22,Salón,Efectivo,44.0,0
675,2025-10-25,20:38,9999,7,Delivery propio,Plin,110.0,0
676,2025-10-26,19:35,4659,17,Salón,Efectivo,132.0,0
677,2025-10-26,12:17,1347,20,Para llevar,Efectivo,143.0,0
678,2025-10-26,14:50,4509,5,Salón,Efectivo,94.0,0
679,2025-10-26,18:29,1321,18,Salón,Efectivo,90.0,0
680,2025-10-26,20:37,4578,5,Salón,Yape,71.0,0
681,2025-10-26,13:05,2388,17,Salón,Tarjeta,92.0,0
682,2025-10-26,19:20,459,7,Salón,Efectivo,72.0,0
683,2025-10-26,14:39,3255,24,Para llevar,Plin,290.0,0
684,2025-10-26,14:58,2594,5,Salón,Plin,150.0,0
685,2025-10-26,13:09,110,5,Salón,Efectivo,122.0,0
686,2025-10-26,18:59,938,24,Salón,Efectivo,178.0,0
687,2025-10-26,20:54,4226,5,Salón,Tarjeta,98.0,0
688,2025-10-26,13:23,4765,22,Para llevar,Yape,152.0,0
689,2025-10-26,15:03,2013,3,Salón,Yape,84.0,0
690,2025-10-26,15:24,4864,2,Para llevar,Efectivo,233.0,0
691,2025-10-26,14:51,5462,5,Salón,Plin,189.0,0
692,2025-10-26,11:14,9999,20,Salón,Efectivo,134.0,0
693,2025-10-26,21:00,1441,18,Salón,Efectivo,251.0,0
694,2025-10-26,13:20,2504,19,Para llevar,Efectivo,18.0,0
695,2025-10-26,21:29,1276,19,Para llevar,Plin,86.0,0
696,2025-10-26,21:42,4952,17,Salón,Efectivo,233.0,0
697,2025-10-26,13:11,1819,2,Salón,Efectivo,108.0,0
698,2025-10-26,13:51,3498,20,Delivery propio,Tarjeta,98.0,0
699,2025-10-26,11:13,548,2,Delivery propio,Plin,140.0,0
700,2025-10-26,14:15,1042,18,Salón,Tarjeta,80.0,0
701,2025-10-26,21:58,2629,3,Salón,Tarjeta,102.0,0
702,2025-10-26,20:49,707,7,Delivery propio,Efectivo,192.0,0
703,2025-10-26,19:10,661,16,Delivery propio,Efectivo,200.0,0
704,2025-10-26,13:10,5231,3,Salón,Tarjeta,184.0,0
705,2025-10-26,20:28,2638,17,Delivery propio,Yape,123.0,0
706,2025-10-26,14:01,3812,18,Salón,Efectivo,126.0,0
707,2025-10-26,13:19,4930,24,Salón,Tarjeta,91.0,0
708,2025-10-26,20:38,1598,20,Salón,Efectivo,215.0,0
709,2025-10-26,13:37,3273,3,Salón,Efectivo,56.0,0
710,2025-10-26,16:56,4967,7,Salón,Tarjeta,32.0,0
711,2025-10-26,17:06,5062,17,Salón,Tarjeta,196.0,0
712,2025-10-26,20:45,3926,24,Salón,Efectivo,130.0,0
713,2025-10-26,14:36,3783,5,Salón,Efectivo,82.0,0
714,2025-10-26,20:21,2398,18,Salón,Efectivo,86.0,0
715,2025-10-26,19:35,4504,3,Salón,Yape,78.0,0
716,2025-10-26,14:21,4479,18,Delivery propio,Yape,160.0,0
717,2025-10-26,13:17,3044,3,Delivery propio,Yape,228.0,0
718,2025-10-27,17:55,2226,19,Salón,Efectivo,97.0,0
719,2025-10-27,20:20,5321,3,Salón,Plin,148.0,0
720,2025-10-27,18:15,2872,17,Para llevar,Yape,84.0,0
721,2025-10-27,17:34,2552,22,Salón,Plin,250.0,0
722,2025-10-27,20:09,496,19,Salón,Tarjeta,210.0,0
723,2025-10-27,12:21,352,24,Delivery propio,Efectivo,81.0,0
724,2025-10-27,21:54,2353,18,Para llevar,Efectivo,98.0,0
725,2025-10-27,18:50,877,20,Salón,Yape,50.0,0
726,2025-10-27,12:51,9999,5,Para llevar,Plin,276.0,0
727,2025-10-27,20:18,5075,22,Para llevar,Efectivo,42.0,0
728,2025-10-27,14:36,2712,17,Salón,Efectivo,30.0,0
729,2025-10-27,14:01,2822,16,Salón,Efectivo,88.0,0
730,2025-10-27,16:08,3354,16,Salón,Efectivo,84.0,0
731,2025-10-27,19:28,1095,24,Para llevar,Yape,164.0,0
732,2025-10-27,16:17,225,19,Salón,Yape,108.0,0
733,2025-10-27,14:55,3483,20,Salón,Tarjeta,68.0,0
734,2025-10-27,19:48,1086,17,Salón,Plin,101.0,0
735,2025-10-27,19:31,2944,3,Salón,Efectivo,162.0,0
736,2025-10-27,21:48,1958,24,Salón,Efectivo,166.0,0
737,2025-10-28,14:40,9999,2,Delivery propio,Tarjeta,61.0,0
738,2025-10-28,21:01,4192,7,Salón,Yape,72.0,0
739,2025-10-28,12:27,2332,2,Para llevar,Plin,138.0,0
740,2025-10-28,15:06,9999,18,Salón,Efectivo,110.0,0
741,2025-10-28,19:29,669,16,Delivery propio,Tarjeta,126.0,0
742,2025-10-28,13:10,4607,18,Para llevar,Tarjeta,190.0,0
743,2025-10-28,14:30,3734,16,Delivery propio,Efectivo,118.0,0
744,2025-10-28,19:10,1787,3,Salón,Efectivo,150.0,0
745,2025-10-28,12:34,4253,22,Salón,Plin,100.0,0
746,2025-10-28,20:55,89,20,Salón,Tarjeta,168.0,0
747,2025-10-28,15:48,926,5,Salón,Plin,42.0,0
748,2025-10-28,17:13,3222,18,Salón,Efectivo,334.0,0
749,2025-10-28,16:22,5123,5,Delivery propio,Yape,128.0,0
750,2025-10-28,15:28,1042,22,Delivery propio,Tarjeta,136.0,0
751,2025-10-28,12:34,9999,3,Para llevar,Yape,196.0,0
752,2025-10-28,13:15,5462,20,Delivery propio,Efectivo,225.0,0
753,2025-10-28,14:49,507,24,Salón,Yape,64.0,0
754,2025-10-28,13:11,2200,2,Salón,Plin,116.0,0
755,2025-10-28,16:21,3533,7,Salón,Yape,214.0,0
756,2025-10-28,15:43,5316,19,Delivery propio,Efectivo,34.0,0
757,2025-10-28,19:48,5202,24,Delivery propio,Efectivo,42.0,0
758,2025-10-28,13:14,9999,2,Salón,Efectivo,223.0,0
759,2025-10-28,12:07,9999,17,Salón,Plin,42.0,0
760,2025-10-29,12:03,3902,18,Salón,Yape,204.0,0
761,2025-10-29,13:39,5174,18,Salón,Yape,342.0,0
762,2025-10-29,16:03,4270,16,Salón,Efectivo,54.0,0
763,2025-10-29,16:13,2989,24,Salón,Yape,220.0,0
764,2025-10-29,15:04,4015,2,Salón,Efectivo,106.0,0
765,2025-10-29,14:49,3176,2,Delivery propio,Tarjeta,272.0,0
766,2025-10-29,19:58,2960,2,Delivery propio,Tarjeta,222.0,0
767,2025-10-29,12:50,1319,24,Para llevar,Efectivo,22.0,0
768,2026-09-28,13:22,5444,24,Salón,Efectivo,92.0,1
769,2025-10-29,14:43,3107,17,Salón,Efectivo,126.0,0
770,2025-10-29,15:27,3838,18,Salón,Efectivo,99.0,0
771,2025-10-29,14:30,1736,16,Para llevar,Tarjeta,30.0,0
772,2025-10-29,13:29,2498,24,Salón,Plin,30.0,0
773,2025-10-29,13:21,5089,20,Delivery propio,Yape,170.0,0
774,2025-10-29,18:08,4392,16,Para llevar,Plin,194.0,0
775,2025-10-29,11:26,4689,16,Salón,Tarjeta,106.0,0
776,2025-10-29,19:40,2749,5,Salón,Tarjeta,356.0,0
777,2025-10-29,18:00,1742,5,Salón,Tarjeta,115.0,0
778,2025-10-29,12:10,3331,2,Salón,Yape,90.0,0
779,2025-10-29,18:06,1736,17,Salón,Efectivo,64.0,0
780,2025-10-29,12:04,1739,22,Para llevar,Plin,212.0,0
781,2025-10-29,13:02,2709,3,Para llevar,Yape,43.0,0
782,2025-10-30,15:01,2256,18,Salón,Yape,176.0,0
783,2025-10-30,13:31,4632,7,Para llevar,Tarjeta,294.0,0
784,2025-10-30,17:53,1125,17,Delivery propio,Plin,154.0,0
785,2025-10-30,12:24,2450,16,Para llevar,Tarjeta,188.0,0
786,2025-10-30,14:31,5022,22,Salón,Efectivo,292.0,0
787,2025-10-30,14:32,9999,5,Delivery propio,Tarjeta,48.0,0
788,2025-10-30,13:39,1717,3,Delivery propio,Efectivo,94.0,0
789,2025-10-30,14:19,9999,2,Salón,Yape,44.0,0
790,2025-10-30,18:34,2487,7,Para llevar,Efectivo,68.0,0
791,2025-10-30,13:50,3828,16,Salón,Efectivo,196.0,0
792,2025-10-30,16:09,5269,3,Salón,Yape,84.0,0
793,2025-10-30,20:17,4621,22,Salón,Yape,196.0,0
794,2025-10-30,16:08,4035,19,Salón,Tarjeta,335.0,0
795,2025-10-30,19:02,1071,18,Para llevar,Efectivo,231.0,0
796,2025-10-30,18:32,2749,17,Salón,Efectivo,118.0,0
797,2025-10-30,19:47,3894,2,Delivery propio,Plin,144.0,0
798,2025-10-30,19:33,1746,24,Para llevar,Efectivo,172.0,0
800,2025-10-30,13:04,2958,18,Salón,Efectivo,142.0,0
801,2025-10-30,17:11,3393,2,Salón,Yape,180.0,0
802,2025-10-30,13:06,3869,22,Para llevar,Efectivo,68.0,0
803,2025-10-30,13:37,3069,20,Salón,Yape,128.0,0
804,2025-10-30,14:30,5337,3,Para llevar,Efectivo,88.0,0
805,2025-10-30,20:16,4914,7,Salón,Tarjeta,90.0,0
806,2025-10-30,16:37,1455,16,Salón,Efectivo,150.0,0
807,2025-10-30,11:04,598,5,Delivery propio,Yape,132.0,0
808,2025-10-30,13:26,4143,16,Delivery propio,Tarjeta,112.0,0
809,2025-10-30,19:04,5191,7,Salón,Yape,70.0,0
810,2025-10-30,14:21,484,3,Delivery propio,Efectivo,106.0,0
811,2025-10-30,14:05,1029,18,Salón,Yape,52.0,0
812,2025-10-30,19:26,4217,24,Salón,Efectivo,62.0,0
813,2025-10-31,12:15,693,5,Salón,Tarjeta,188.0,0
814,2025-10-31,15:30,4494,3,Salón,Yape,148.0,0
815,2025-10-31,15:34,3641,5,Salón,Plin,114.0,0
816,2025-10-31,18:24,5321,3,Salón,Tarjeta,85.0,0
817,2025-10-31,18:05,3284,3,Salón,Efectivo,211.0,0
818,2025-10-31,11:38,780,18,Salón,Plin,191.0,0
819,2025-10-31,21:03,833,2,Delivery propio,Tarjeta,83.0,0
820,2025-10-31,18:27,4592,22,Delivery propio,Efectivo,127.0,0
821,2025-10-31,14:37,2340,3,Salón,Yape,109.0,0
822,2025-10-31,18:58,4831,7,Salón,Tarjeta,126.0,0
823,2025-10-31,21:24,297,24,Salón,Tarjeta,96.0,0
824,2025-10-31,20:26,3160,17,Salón,Efectivo,164.0,0
825,2025-10-31,18:08,2283,22,Para llevar,Yape,242.0,0
826,2025-10-31,20:49,496,24,Salón,Tarjeta,136.0,0
827,2025-10-31,12:49,9999,3,Salón,Plin,26.0,0
828,2025-10-31,13:27,1609,5,Delivery propio,Efectivo,56.0,0
829,2025-10-31,17:02,2010,7,Salón,Efectivo,91.0,0
830,2025-10-31,18:53,1320,5,Salón,Plin,43.0,0
831,2025-10-31,13:07,2464,22,Salón,Tarjeta,50.0,0
832,2025-10-31,21:25,3129,24,Salón,Yape,32.0,0
833,2025-10-31,11:59,3139,16,Para llevar,Efectivo,201.0,0
834,2025-10-31,18:03,1000,19,Salón,Plin,132.0,0
835,2025-10-31,20:38,225,2,Para llevar,Yape,21.0,0
836,2025-10-31,19:55,68,22,Delivery propio,Yape,162.0,0
837,2025-10-31,19:51,9999,16,Salón,Yape,60.0,0
838,2025-10-31,15:38,4027,20,Para llevar,Efectivo,108.0,0
839,2025-10-31,20:21,2796,18,Salón,Yape,44.0,0
840,2025-10-31,13:04,1480,22,Delivery propio,Yape,298.0,0
841,2025-10-31,14:33,2868,22,Salón,Efectivo,80.0,0
842,2025-10-31,14:21,244,5,Salón,Efectivo,46.0,0
843,2026-09-28,13:12,242,18,Salón,Efectivo,241.0,1
844,2025-11-01,15:46,3714,17,Para llevar,Efectivo,184.0,0
845,2025-11-01,17:26,705,3,Salón,Plin,95.0,0
846,2025-11-01,11:33,2545,24,Para llevar,Efectivo,146.0,0
847,2025-11-01,14:21,786,18,Para llevar,Plin,134.0,0
848,2025-11-01,16:11,2340,5,Para llevar,Plin,272.0,0
849,2025-11-01,13:36,4861,22,Salón,Yape,84.0,0
850,2025-11-01,21:35,1406,22,Salón,Yape,98.0,0
851,2025-11-01,16:31,720,7,Salón,Yape,239.0,0
852,2025-11-01,14:20,9999,3,Para llevar,Efectivo,225.0,0
853,2025-11-01,12:50,9999,3,Delivery propio,Yape,102.0,0
854,2025-11-01,13:23,2282,24,Para llevar,Efectivo,176.0,0
855,2025-11-01,16:10,1204,19,Delivery propio,Tarjeta,55.0,0
856,2025-11-01,17:33,73,17,Salón,Yape,42.0,0
857,2025-11-01,14:19,1883,22,Salón,Yape,60.0,0
858,2025-11-01,12:58,3307,18,Salón,Efectivo,107.0,0
859,2025-11-01,18:33,1850,7,Salón,Yape,64.0,0
860,2025-11-01,13:21,418,18,Salón,Efectivo,119.0,0
861,2025-11-01,20:23,5253,3,Delivery propio,Efectivo,147.0,0
862,2025-11-01,14:19,2617,19,Para llevar,Yape,275.0,0
863,2025-11-01,11:54,2288,2,Delivery propio,Efectivo,68.0,0
864,2025-11-01,18:50,3443,17,Salón,Yape,86.0,0
865,2025-11-01,13:02,3983,18,Para llevar,Plin,134.0,0
866,2025-11-01,12:42,5010,22,Para llevar,Yape,82.0,0
867,2025-11-01,14:21,3414,24,Para llevar,Efectivo,467.0,0
868,2025-11-01,15:44,950,7,Salón,Tarjeta,299.0,0
869,2025-11-01,13:05,5308,18,Salón,Tarjeta,98.0,0
870,2025-11-01,12:46,3087,7,Salón,Efectivo,24.0,0
871,2025-11-01,15:52,2009,17,Delivery propio,Yape,100.0,0
872,2025-11-01,17:52,1931,20,Para llevar,Tarjeta,80.0,0
873,2025-11-01,16:40,4983,2,Para llevar,Efectivo,84.0,0
874,2025-11-01,14:50,607,20,Salón,Efectivo,168.0,0
875,2025-11-01,21:57,356,16,Salón,Efectivo,150.0,0
876,2025-11-01,14:48,2340,3,Salón,Efectivo,68.0,0
877,2025-11-01,12:35,1571,7,Delivery propio,Tarjeta,104.0,0
878,2025-11-01,12:57,3773,19,Salón,Yape,197.0,0
879,2025-11-01,12:12,1658,3,Salón,Tarjeta,74.0,0
880,2025-11-01,20:33,4067,7,Para llevar,Efectivo,122.0,0
881,2025-11-02,16:01,2509,16,Salón,Tarjeta,167.0,0
882,2025-11-02,21:14,5201,5,Para llevar,Plin,164.0,0
883,2025-11-02,17:45,4191,19,Delivery propio,Efectivo,136.0,0
884,2025-11-02,14:46,9999,19,Salón,Plin,60.0,0
885,2025-11-02,13:02,229,16,Salón,Tarjeta,138.0,0
886,2025-11-02,13:16,4596,2,Delivery propio,Efectivo,148.0,0
887,2025-11-02,13:29,5260,19,Salón,Efectivo,202.0,0
888,2025-11-02,17:28,2022,3,Delivery propio,Efectivo,32.0,0
889,2025-11-02,13:13,4479,7,Salón,Efectivo,60.0,0
890,2025-11-02,18:25,4303,2,Salón,Plin,122.0,0
891,2025-11-02,13:41,511,3,Salón,Plin,120.0,0
892,2025-11-02,19:52,9999,5,Salón,Tarjeta,38.0,0
893,2025-11-02,14:45,3845,16,Delivery propio,Efectivo,111.0,0
894,2025-11-02,17:57,1142,5,Salón,Yape,28.0,0
895,2025-11-02,14:53,4254,7,Salón,Yape,44.0,0
896,2025-11-02,13:59,1880,16,Para llevar,Efectivo,137.0,0
897,2025-11-02,15:32,2340,16,Para llevar,Efectivo,238.0,0
898,2025-11-02,14:24,3873,16,Para llevar,Plin,42.0,0
899,2025-11-02,18:19,3540,22,Delivery propio,Yape,106.0,0
900,2025-11-02,12:58,3416,2,Salón,Tarjeta,35.0,0
901,2025-11-02,18:27,5318,19,Salón,Yape,177.0,0
902,2025-11-02,16:45,496,17,Delivery propio,Tarjeta,149.0,0
903,2025-11-02,15:10,3849,24,Para llevar,Efectivo,157.0,0
904,2025-11-02,20:58,374,7,Delivery propio,Tarjeta,246.0,0
905,2025-11-02,19:05,732,24,Salón,Yape,56.0,0
906,2025-11-02,14:52,1118,22,Salón,Efectivo,142.0,0
907,2025-11-02,13:13,1198,24,Salón,Efectivo,156.0,0
908,2025-11-02,17:29,3641,17,Salón,Yape,135.0,0
909,2025-11-02,13:48,3856,16,Delivery propio,Tarjeta,160.0,0
910,2025-11-02,15:46,2709,16,Para llevar,Efectivo,76.0,0
911,2025-11-02,17:55,2428,17,Delivery propio,Plin,216.0,0
912,2025-11-02,13:08,1358,5,Salón,Efectivo,98.0,0
913,2025-11-02,15:56,2227,2,Delivery propio,Yape,215.0,0
914,2025-11-02,19:53,9999,24,Salón,Yape,104.0,0
915,2025-11-02,20:01,4355,16,Salón,Plin,260.0,0
916,2025-11-02,14:47,1623,17,Salón,Plin,122.0,0
917,2025-11-02,18:50,2558,24,Salón,Efectivo,109.0,0
918,2025-11-02,18:13,3777,24,Salón,Efectivo,61.0,0
919,2025-11-02,13:13,9999,5,Delivery propio,Yape,98.0,0
920,2025-11-02,13:05,4482,16,Salón,Plin,102.0,0
921,2025-11-02,14:06,5301,18,Delivery propio,Plin,254.0,0
922,2025-11-02,14:17,3252,17,Salón,Tarjeta,102.0,0
923,2025-11-02,17:12,4431,5,Salón,Yape,108.0,0
924,2025-11-02,11:09,1750,18,Para llevar,Efectivo,161.0,0
925,2025-11-02,14:27,356,22,Salón,Tarjeta,123.0,0
926,2025-11-02,15:55,9999,19,Salón,Tarjeta,99.0,0
927,2025-11-02,17:27,1284,20,Salón,Tarjeta,81.0,0
928,2025-11-02,18:14,3480,3,Salón,Yape,219.0,0
929,2025-11-03,14:28,4289,5,Salón,Tarjeta,42.0,0
930,2025-11-03,18:18,154,20,Para llevar,Efectivo,76.0,0
931,2025-11-03,20:43,3943,5,Salón,Yape,148.0,0
932,2025-11-03,12:13,1687,18,Para llevar,Tarjeta,223.0,0
933,2025-11-03,13:18,4097,20,Salón,Tarjeta,157.0,0
934,2025-11-03,16:59,3986,24,Salón,Efectivo,84.0,0
935,2025-11-03,15:23,3054,3,Salón,Tarjeta,172.0,0
936,2025-11-03,14:47,9999,20,Salón,Tarjeta,198.0,0
937,2025-11-03,15:02,4042,7,Salón,Efectivo,80.0,0
938,2025-11-03,12:10,9999,20,Salón,Yape,62.0,0
939,2025-11-03,13:49,2077,3,Salón,Efectivo,337.0,0
940,2025-11-03,13:29,5321,5,Para llevar,Efectivo,106.0,0
941,2025-11-03,15:16,2893,19,Salón,Tarjeta,56.0,0
942,2025-11-03,20:09,3318,5,Delivery propio,Plin,133.0,0
943,2025-11-04,15:11,301,3,Salón,Efectivo,218.0,0
944,2025-11-04,17:00,1803,2,Salón,Plin,128.0,0
945,2025-11-04,13:56,4367,3,Delivery propio,Yape,97.0,0
946,2025-11-04,19:36,2452,22,Salón,Tarjeta,124.0,0
947,2025-11-04,11:53,4899,2,Salón,Efectivo,233.0,0
948,2025-11-04,19:16,5462,2,Salón,Efectivo,283.0,0
949,2025-11-04,21:45,1080,20,Salón,Yape,95.0,0
950,2025-11-04,17:41,3278,2,Salón,Tarjeta,10.0,0
951,2025-11-04,12:57,2713,3,Salón,Efectivo,36.0,0
952,2025-11-04,17:22,5173,2,Para llevar,Yape,116.0,0
953,2025-11-04,12:59,432,18,Salón,Efectivo,124.0,0
954,2025-11-04,12:34,1213,17,Salón,Yape,126.0,0
955,2025-11-04,18:49,2868,3,Delivery propio,Efectivo,239.0,0
956,2025-11-04,14:20,2398,7,Salón,Efectivo,36.0,0
957,2025-11-04,13:49,1343,3,Para llevar,Plin,140.0,0
958,2025-11-04,19:31,1193,17,Salón,Yape,164.0,0
959,2025-11-04,11:06,3477,24,Salón,Tarjeta,72.0,0
960,2025-11-04,14:39,9999,24,Delivery propio,Efectivo,60.0,0
961,2025-11-04,18:21,2785,20,Salón,Efectivo,162.0,0
962,2025-11-04,20:22,4275,20,Delivery propio,Plin,59.0,0
963,2025-11-04,13:25,877,2,Salón,Tarjeta,93.0,0
964,2025-11-04,13:34,2189,22,Para llevar,Efectivo,106.0,0
965,2025-11-05,13:53,1957,18,Salón,Efectivo,168.0,0
966,2025-11-05,18:46,1996,5,Salón,Efectivo,118.0,0
967,2025-11-05,14:48,196,5,Salón,Efectivo,88.0,0
968,2025-11-05,15:02,1149,5,Salón,Yape,226.0,0
969,2025-11-05,20:45,9999,3,Para llevar,Yape,118.0,0
970,2025-11-05,14:16,1353,7,Para llevar,Yape,208.0,0
971,2025-11-05,15:41,2983,2,Salón,Efectivo,247.0,0
972,2025-11-05,20:38,3032,5,Delivery propio,Efectivo,118.0,0
973,2025-11-05,17:08,2555,3,Salón,Yape,256.0,0
974,2025-11-05,17:03,3464,16,Salón,Yape,72.0,0
975,2025-11-05,12:38,1604,7,Salón,Efectivo,56.0,0
976,2025-11-05,20:16,1411,5,Para llevar,Plin,186.0,0
977,2025-11-05,14:22,718,20,Delivery propio,Efectivo,235.0,0
978,2025-11-05,12:15,4673,5,Salón,Plin,74.0,0
979,2025-11-06,17:42,3428,18,Salón,Yape,84.0,0
980,2025-11-06,15:18,9999,3,Salón,Yape,48.0,0
981,2025-11-06,14:20,9999,17,Delivery propio,Efectivo,64.0,0
982,2025-11-06,17:06,1094,19,Salón,Efectivo,146.0,0
983,2025-11-06,16:26,2022,7,Salón,Tarjeta,82.0,0
984,2025-11-06,13:50,3168,5,Salón,Yape,74.0,0
985,2025-11-06,18:14,4631,22,Para llevar,Yape,101.0,0
986,2025-11-06,14:05,3488,7,Salón,Tarjeta,113.0,0
987,2025-11-06,15:02,307,5,Para llevar,Tarjeta,89.0,0
988,2025-11-06,20:50,2031,3,Delivery propio,Plin,173.0,0
989,2025-11-06,17:47,4242,5,Para llevar,Tarjeta,33.0,0
990,2025-11-06,19:46,2156,20,Para llevar,Efectivo,106.0,0
991,2025-11-06,20:04,1665,7,Delivery propio,Efectivo,92.0,0
992,2025-11-06,17:56,3296,2,Salón,Plin,62.0,0
993,2025-11-06,18:28,877,20,Salón,Tarjeta,52.0,0
994,2025-11-06,11:57,766,19,Salón,Efectivo,44.0,0
995,2025-11-06,15:27,1641,3,Para llevar,Efectivo,49.0,0
996,2025-11-06,15:52,2489,16,Salón,Efectivo,9.0,0
997,2025-11-06,15:52,3948,17,Salón,Tarjeta,54.0,0
998,2025-11-06,14:46,1029,2,Delivery propio,Yape,188.0,0
999,2025-11-06,21:26,3641,2,Para llevar,Tarjeta,230.0,0
1000,2025-11-06,14:18,414,22,Delivery propio,Tarjeta,114.0,0
1001,2025-11-07,16:16,270,3,Para llevar,Yape,62.0,0
1002,2025-11-07,13:37,3333,18,Delivery propio,Tarjeta,142.0,0
1003,2025-11-07,19:21,2940,18,Salón,Tarjeta,52.0,0
1004,2025-11-07,12:49,1531,22,Para llevar,Yape,180.0,0
1005,2025-11-07,18:57,5385,5,Delivery propio,Yape,68.0,0
1006,2025-11-07,15:32,2856,20,Salón,Tarjeta,246.0,0
1007,2025-11-07,14:39,2297,19,Salón,Yape,106.0,0
1008,2025-11-07,20:51,877,16,Salón,Yape,84.0,0
1009,2025-11-07,18:27,5464,5,Salón,Tarjeta,204.0,0
1010,2025-11-07,20:05,9999,2,Salón,Plin,183.0,0
1011,2025-11-07,13:04,2645,7,Salón,Efectivo,22.0,0
1012,2025-11-07,14:50,2746,5,Salón,Efectivo,206.0,0
1013,2025-11-07,13:45,3852,5,Delivery propio,Efectivo,70.0,0
1014,2025-11-07,13:11,3090,20,Salón,Efectivo,94.0,0
1015,2025-11-07,20:10,1960,16,Para llevar,Efectivo,72.0,0
1016,2025-11-07,14:21,9999,7,Para llevar,Efectivo,106.0,0
1017,2025-11-07,11:38,9999,7,Para llevar,Tarjeta,163.0,0
1018,2025-11-07,14:51,1042,24,Salón,Tarjeta,120.0,0
1019,2025-11-07,20:30,1129,24,Salón,Yape,264.0,0
1020,2025-11-07,20:57,3894,19,Salón,Tarjeta,100.0,0
1021,2025-11-07,20:48,5169,3,Salón,Yape,20.0,0
1022,2026-09-28,17:55,9999,17,Delivery propio,Tarjeta,78.0,1
1023,2025-11-07,13:27,4053,2,Salón,Tarjeta,312.0,0
1024,2025-11-07,12:59,5246,2,Salón,Yape,12.0,0
1025,2025-11-07,13:54,2893,24,Salón,Yape,94.0,0
1026,2025-11-07,12:22,1163,19,Salón,Efectivo,26.0,0
1027,2025-11-07,14:33,3623,22,Para llevar,Efectivo,182.0,0
1028,2025-11-07,20:21,1701,5,Salón,Tarjeta,198.0,0
1029,2025-11-08,12:45,4252,7,Salón,Efectivo,259.0,0
1030,2025-11-08,20:32,3302,20,Delivery propio,Efectivo,76.0,0
1031,2025-11-08,14:24,4330,19,Salón,Yape,72.0,0
1032,2025-11-08,14:11,975,19,Delivery propio,Tarjeta,9.0,0
1033,2025-11-08,12:26,3792,5,Delivery propio,Tarjeta,216.0,0
1034,2025-11-08,19:22,303,22,Para llevar,Yape,108.0,0
1035,2025-11-08,12:29,4148,18,Salón,Plin,132.0,0
1036,2025-11-08,20:48,9999,20,Salón,Plin,22.0,0
1037,2025-11-08,14:45,4977,16,Delivery propio,Yape,108.0,0
1038,2025-11-08,19:47,1525,2,Salón,Tarjeta,34.0,0
1039,2026-09-28,14:06,4708,3,Salón,Yape,121.0,1
1040,2025-11-08,12:52,3245,16,Delivery propio,Tarjeta,119.0,0
1041,2025-11-08,12:36,877,2,Delivery propio,Plin,138.0,0
1042,2025-11-08,12:25,9999,7,Salón,Tarjeta,33.0,0
1043,2025-11-08,17:07,5327,24,Delivery propio,Yape,120.0,0
1044,2025-11-08,21:18,2118,3,Salón,Yape,40.0,0
1045,2025-11-08,18:11,1805,20,Para llevar,Yape,68.0,0
1046,2025-11-08,20:48,4479,22,Salón,Yape,90.0,0
1047,2025-11-08,13:17,3796,16,Delivery propio,Plin,120.0,0
1048,2025-11-08,14:14,3840,17,Salón,Efectivo,136.0,0
1049,2025-11-08,19:35,638,3,Delivery propio,Yape,200.0,0
1050,2025-11-08,16:51,706,18,Salón,Yape,80.0,0
1051,2025-11-08,20:00,3788,24,Salón,Yape,60.0,0
1052,2025-11-08,14:17,2245,19,Salón,Yape,116.0,0
1053,2025-11-08,11:11,5250,18,Salón,Tarjeta,153.0,0
1054,2026-09-28,14:05,1237,3,Delivery propio,Yape,60.0,1
1055,2025-11-08,19:44,2801,7,Salón,Efectivo,103.0,0
1056,2025-11-08,19:54,4656,7,Para llevar,Efectivo,155.0,0
1057,2025-11-08,14:34,1340,2,Delivery propio,Tarjeta,94.0,0
1058,2025-11-08,13:33,2502,24,Salón,Efectivo,56.0,0
1059,2025-11-08,11:15,5364,18,Salón,Efectivo,90.0,0
1060,2025-11-08,12:46,3579,3,Salón,Tarjeta,124.0,0
1061,2025-11-08,13:39,1830,18,Delivery propio,Yape,123.0,0
1062,2025-11-08,14:26,1284,2,Salón,Efectivo,129.0,0
1063,2025-11-08,20:33,1496,16,Para llevar,Yape,162.0,0
1064,2025-11-08,18:44,4142,5,Salón,Plin,141.0,0
1065,2025-11-08,18:05,5358,22,Delivery propio,Efectivo,138.0,0
1066,2025-11-08,13:43,2645,2,Delivery propio,Efectivo,264.0,0
1067,2025-11-08,15:01,1221,7,Delivery propio,Tarjeta,179.0,0
1068,2025-11-08,15:35,4441,16,Para llevar,Tarjeta,142.0,0
1069,2025-11-08,14:56,1373,18,Delivery propio,Yape,142.0,0
1070,2025-11-08,18:29,302,7,Para llevar,Tarjeta,132.0,0
1071,2025-11-08,20:31,4645,3,Para llevar,Yape,82.0,0
1072,2025-11-08,13:45,2077,22,Salón,Efectivo,136.0,0
1073,2025-11-08,20:38,3734,24,Salón,Yape,96.0,0
1074,2025-11-08,18:46,4572,19,Salón,Efectivo,86.0,0
1075,2025-11-08,14:39,610,20,Salón,Yape,158.0,0
1076,2025-11-08,21:49,2374,7,Delivery propio,Tarjeta,83.0,0
1077,2025-11-09,17:12,5127,20,Para llevar,Plin,72.0,0
1078,2025-11-09,12:39,5193,22,Salón,Yape,184.0,0
1079,2025-11-09,19:03,4126,5,Salón,Yape,126.0,0
1080,2025-11-09,19:13,1348,19,Salón,Yape,183.0,0
1081,2025-11-09,20:50,4768,7,Para llevar,Efectivo,174.0,0
1082,2025-11-09,16:50,5350,18,Salón,Efectivo,114.0,0
1083,2025-11-09,11:30,4736,24,Delivery propio,Efectivo,10.0,0
1084,2025-11-09,14:59,2490,5,Delivery propio,Yape,78.0,0
1085,2025-11-09,16:54,5484,2,Delivery propio,Plin,36.0,0
1086,2025-11-09,19:35,3983,7,Delivery propio,Efectivo,96.0,0
1087,2025-11-09,16:08,3615,7,Salón,Plin,158.0,0
1088,2025-11-09,16:49,9999,3,Salón,Yape,108.0,0
1089,2025-11-09,12:34,4203,24,Para llevar,Efectivo,36.0,0
1090,2025-11-09,21:52,1863,17,Salón,Efectivo,200.0,0
1091,2025-11-09,15:44,2805,3,Salón,Efectivo,220.0,0
1092,2025-11-09,18:00,4529,17,Para llevar,Tarjeta,160.0,0
1093,2025-11-09,11:07,1271,17,Salón,Yape,161.0,0
1094,2025-11-09,12:10,1896,17,Salón,Yape,48.0,0
1095,2025-11-09,16:26,1212,22,Salón,Yape,86.0,0
1096,2025-11-09,20:14,9999,5,Salón,Efectivo,296.0,0
1097,2025-11-09,18:34,1274,22,Salón,Efectivo,148.0,0
1098,2025-11-09,20:16,584,17,Salón,Yape,54.0,0
1099,2025-11-09,18:44,1838,2,Para llevar,Tarjeta,188.0,0
1100,2025-11-09,13:15,2094,20,Salón,Tarjeta,182.0,0
1101,2025-11-09,20:05,1116,7,Para llevar,Yape,116.0,0
1102,2025-11-09,19:15,4446,3,Salón,Efectivo,48.0,0
1103,2025-11-09,16:25,680,22,Salón,Yape,138.0,0
1104,2025-11-09,18:52,3664,20,Salón,Yape,224.0,0
1105,2025-11-09,14:10,1747,7,Salón,Efectivo,54.0,0
1106,2025-11-09,11:19,367,20,Salón,Tarjeta,140.0,0
1107,2025-11-09,19:37,1991,22,Para llevar,Plin,24.0,0
1108,2025-11-09,16:28,1647,19,Delivery propio,Efectivo,166.0,0
1109,2025-11-09,12:34,4537,3,Salón,Efectivo,77.0,0
1110,2025-11-09,12:08,4392,19,Delivery propio,Yape,135.0,0
1111,2025-11-09,12:29,1026,19,Delivery propio,Tarjeta,50.0,0
1112,2025-11-09,15:49,2571,2,Salón,Tarjeta,32.0,0
1113,2025-11-09,19:23,2091,18,Salón,Efectivo,138.0,0
1114,2025-11-09,11:30,3839,17,Salón,Tarjeta,60.0,0
1115,2025-11-09,19:14,3247,19,Salón,Plin,177.0,0
1116,2025-11-09,14:18,4698,5,Salón,Yape,102.0,0
1117,2025-11-09,11:30,9999,2,Delivery propio,Plin,131.0,0
1118,2025-11-09,13:27,4441,20,Delivery propio,Efectivo,54.0,0
1119,2025-11-09,15:49,9999,7,Para llevar,Efectivo,138.0,0
1120,2025-11-09,19:27,148,7,Salón,Tarjeta,50.0,0
1121,2025-11-09,16:48,780,5,Delivery propio,Yape,149.0,0
1122,2025-11-09,16:34,9999,19,Delivery propio,Yape,201.0,0
1123,2025-11-09,11:10,3399,3,Salón,Tarjeta,102.0,0
1124,2025-11-09,18:19,2048,2,Delivery propio,Yape,175.0,0
1125,2025-11-09,19:19,2846,16,Para llevar,Yape,102.0,0
1126,2025-11-09,15:24,1553,5,Salón,Efectivo,232.0,0
1127,2025-11-10,17:10,4537,20,Salón,Tarjeta,108.0,0
1128,2025-11-10,14:26,4331,17,Delivery propio,Efectivo,62.0,0
1129,2025-11-10,16:23,4135,3,Delivery propio,Tarjeta,254.0,0
1130,2025-11-10,14:53,1863,7,Salón,Efectivo,90.0,0
1131,2025-11-10,14:45,2837,22,Salón,Yape,74.0,0
1132,2025-11-10,13:13,2170,3,Salón,Efectivo,96.0,0
1133,2025-11-10,19:03,3311,7,Delivery propio,Efectivo,34.0,0
1134,2025-11-10,17:43,4291,7,Delivery propio,Tarjeta,50.0,0
1135,2025-11-10,15:38,1577,2,Salón,Yape,58.0,0
1136,2025-11-10,19:56,9999,2,Salón,Yape,278.0,0
1137,2025-11-10,14:56,2065,19,Salón,Efectivo,107.0,0
1138,2025-11-10,16:17,2022,17,Salón,Yape,52.0,0
1139,2025-11-10,20:06,1958,5,Salón,Tarjeta,210.0,0
1140,2025-11-10,16:59,9999,17,Para llevar,Yape,118.0,0
1141,2025-11-10,13:39,9999,24,Para llevar,Efectivo,174.0,0
1142,2025-11-10,14:56,2540,17,Salón,Yape,135.0,0
1143,2025-11-10,12:04,2772,19,Salón,Plin,123.0,0
1144,2025-11-10,12:45,4261,19,Salón,Yape,314.0,0
1145,2025-11-10,12:37,5402,5,Delivery propio,Tarjeta,88.0,0
1146,2025-11-10,13:48,3434,7,Salón,Efectivo,96.0,0
1147,2025-11-11,12:10,4269,22,Salón,Yape,30.0,0
1148,2025-11-11,20:51,4825,18,Salón,Plin,180.0,0
1149,2025-11-11,19:23,4146,20,Salón,Yape,188.0,0
1150,2025-11-11,13:54,3252,22,Salón,Yape,175.0,0
1151,2025-11-11,14:20,120,17,Delivery propio,Efectivo,141.0,0
1152,2025-11-11,20:37,5006,2,Salón,Yape,122.0,0
1153,2025-11-11,13:02,4450,20,Salón,Plin,238.0,0
1154,2025-11-11,18:25,2446,20,Salón,Plin,86.0,0
1155,2025-11-11,13:38,4352,3,Salón,Efectivo,184.0,0
1156,2025-11-11,20:03,9999,17,Salón,Yape,181.0,0
1157,2025-11-11,14:28,3939,16,Para llevar,Yape,122.0,0
1158,2025-11-11,20:34,9999,2,Salón,Tarjeta,89.0,0
1159,2025-11-11,13:00,3596,18,Salón,Yape,81.0,0
1160,2025-11-11,19:51,5278,2,Salón,Efectivo,142.0,0
1161,2025-11-11,13:20,4258,2,Salón,Tarjeta,196.0,0
1162,2025-11-11,17:53,9999,17,Delivery propio,Tarjeta,58.0,0
1163,2025-11-11,11:14,9999,18,Salón,Efectivo,42.0,0
1164,2025-11-11,13:37,3809,7,Salón,Efectivo,196.0,0
1165,2025-11-11,18:44,3494,22,Para llevar,Tarjeta,146.0,0
1166,2025-11-11,16:01,2374,20,Salón,Yape,108.0,0
1167,2025-11-11,16:03,3933,5,Salón,Efectivo,30.0,0
1168,2025-11-11,12:58,3987,22,Para llevar,Yape,118.0,0
1169,2025-11-11,17:03,3799,20,Salón,Yape,184.0,0
1170,2025-11-11,14:36,1189,18,Salón,Efectivo,58.0,0
1171,2025-11-12,11:36,5326,16,Salón,Efectivo,68.0,0
1172,2025-11-12,19:36,5396,19,Salón,Yape,163.0,0
1173,2025-11-12,12:41,4693,3,Delivery propio,Yape,70.0,0
1174,2025-11-12,13:28,5408,17,Salón,Efectivo,76.0,0
1175,2025-11-12,12:20,9999,5,Salón,Efectivo,118.0,0
1176,2025-11-12,19:52,1635,20,Salón,Plin,72.0,0
1177,2025-11-12,12:55,2409,22,Delivery propio,Efectivo,84.0,0
1178,2025-11-12,14:51,833,16,Salón,Yape,38.0,0
1179,2025-11-12,13:19,1684,17,Salón,Tarjeta,90.0,0
1180,2025-11-12,12:40,2620,18,Salón,Efectivo,152.0,0
1181,2025-11-12,14:39,190,3,Salón,Tarjeta,36.0,0
1182,2025-11-12,19:46,406,20,Salón,Tarjeta,80.0,0
1183,2025-11-12,12:53,116,7,Salón,Yape,34.0,0
1184,2025-11-12,19:32,1398,22,Para llevar,Tarjeta,73.0,0
1185,2025-11-12,20:04,1233,2,Salón,Yape,180.0,0
1186,2025-11-12,11:07,3734,2,Salón,Yape,78.0,0
1187,2025-11-12,17:42,211,17,Salón,Efectivo,72.0,0
1188,2025-11-12,15:28,270,20,Delivery propio,Efectivo,84.0,0
1189,2025-11-12,19:22,2406,18,Delivery propio,Tarjeta,106.0,0
1190,2025-11-12,19:13,698,7,Para llevar,Yape,198.0,0
1191,2025-11-12,16:31,418,18,Salón,Efectivo,122.0,0
1192,2025-11-12,15:05,3904,20,Para llevar,Tarjeta,115.0,0
1193,2025-11-12,13:06,430,19,Delivery propio,Yape,74.0,0
1194,2025-11-12,16:51,9999,3,Salón,Yape,178.0,0
1195,2025-11-12,19:02,38,16,Para llevar,Efectivo,114.0,0
1196,2025-11-12,14:46,186,22,Salón,Efectivo,56.0,0
1197,2025-11-12,15:54,1747,24,Salón,Yape,108.0,0
1198,2025-11-12,17:45,4370,19,Salón,Tarjeta,200.0,0
1199,2025-11-12,14:34,279,22,Salón,Tarjeta,82.0,0
1200,2025-11-13,17:38,2562,7,Salón,Efectivo,138.0,0
1201,2025-11-13,15:01,2977,19,Para llevar,Yape,64.0,0
1202,2025-11-13,14:26,25,24,Salón,Tarjeta,78.0,0
1203,2025-11-13,13:18,2262,16,Para llevar,Yape,282.0,0
1204,2025-11-13,13:56,5430,5,Delivery propio,Yape,128.0,0
1205,2025-11-13,18:12,558,19,Salón,Yape,178.0,0
1206,2025-11-13,20:47,1488,24,Salón,Yape,186.0,0
1207,2025-11-13,20:24,4703,5,Salón,Efectivo,262.0,0
1208,2025-11-13,18:54,453,24,Salón,Efectivo,128.0,0
1209,2025-11-13,15:05,9999,7,Salón,Efectivo,138.0,0
1210,2025-11-13,19:00,512,24,Salón,Tarjeta,158.0,0
1211,2025-11-13,20:26,4893,24,Para llevar,Yape,138.0,0
1212,2025-11-13,15:49,4344,7,Salón,Yape,42.0,0
1213,2025-11-13,11:10,4566,2,Salón,Tarjeta,268.0,0
1214,2025-11-13,12:53,2792,20,Salón,Efectivo,94.0,0
1215,2025-11-13,18:24,5107,16,Para llevar,Yape,105.0,0
1216,2025-11-13,15:42,9999,22,Delivery propio,Yape,86.0,0
1217,2025-11-13,18:55,4986,3,Salón,Yape,54.0,0
1218,2025-11-13,16:50,3066,22,Salón,Yape,368.0,0
1219,2025-11-13,12:51,1049,20,Salón,Yape,70.0,0
1220,2025-11-13,11:46,2465,3,Para llevar,Efectivo,68.0,0
1221,2025-11-13,11:00,3734,16,Salón,Efectivo,146.0,0
1222,2025-11-13,13:21,5223,19,Salón,Tarjeta,142.0,0
1223,2025-11-14,17:53,4517,18,Delivery propio,Yape,166.0,0
1224,2025-11-14,13:36,3588,19,Salón,Plin,246.0,0
1225,2025-11-14,18:24,4205,7,Para llevar,Yape,68.0,0
1226,2025-11-14,14:26,3566,5,Salón,Tarjeta,187.0,0
1227,2025-11-14,11:24,3596,22,Salón,Tarjeta,244.0,0
1228,2025-11-14,13:26,3539,24,Salón,Tarjeta,90.0,0
1229,2025-11-14,14:00,1223,20,Delivery propio,Efectivo,276.0,0
1230,2025-11-14,15:47,2824,22,Salón,Plin,164.0,0
1231,2025-11-14,18:13,336,16,Salón,Tarjeta,30.0,0
1232,2025-11-14,18:35,9999,22,Salón,Tarjeta,154.0,0
1233,2025-11-14,19:52,4388,20,Para llevar,Plin,104.0,0
1234,2025-11-14,21:33,2683,2,Salón,Tarjeta,25.0,0
1235,2025-11-14,20:40,2378,17,Delivery propio,Yape,102.0,0
1236,2025-11-14,16:22,2746,2,Salón,Tarjeta,22.0,0
1237,2025-11-14,15:15,157,18,Salón,Yape,12.0,0
1238,2025-11-14,11:24,4479,20,Salón,Tarjeta,48.0,0
1239,2025-11-14,20:27,3874,16,Delivery propio,Plin,232.0,0
1240,2025-11-14,13:25,2613,18,Salón,Efectivo,98.0,0
1241,2025-11-14,12:22,1327,5,Para llevar,Efectivo,128.0,0
1242,2025-11-14,18:07,64,22,Salón,Yape,237.0,0
1243,2025-11-14,18:18,2270,2,Delivery propio,Tarjeta,179.0,0
1244,2025-11-15,13:34,3889,20,Salón,Efectivo,72.0,0
1245,2025-11-15,14:46,2831,17,Salón,Yape,179.0,0
1246,2025-11-15,12:46,3349,19,Delivery propio,Efectivo,330.0,0
1247,2025-11-15,20:43,990,24,Delivery propio,Tarjeta,159.0,0
1248,2025-11-15,20:08,2006,24,Salón,Yape,44.0,0
1249,2025-11-15,14:54,2714,24,Salón,Efectivo,142.0,0
1250,2025-11-15,19:38,4678,2,Salón,Plin,142.0,0
1251,2025-11-15,19:46,3598,3,Para llevar,Efectivo,134.0,0
1252,2025-11-15,14:20,602,24,Delivery propio,Tarjeta,132.0,0
1253,2025-11-15,13:28,5494,3,Salón,Yape,70.0,0
1254,2025-11-15,14:25,3423,22,Delivery propio,Tarjeta,52.0,0
1255,2025-11-15,16:25,4681,22,Salón,Efectivo,42.0,0
1256,2025-11-15,14:49,3508,20,Salón,Yape,89.0,0
1257,2025-11-15,21:55,2246,24,Salón,Yape,60.0,0
1258,2025-11-15,13:36,821,3,Para llevar,Tarjeta,148.0,0
1259,2025-11-15,13:15,1487,7,Para llevar,Plin,88.0,0
1260,2025-11-15,13:29,4974,20,Para llevar,Plin,70.0,0
1261,2025-11-15,16:50,5019,3,Salón,Efectivo,252.0,0
1262,2025-11-15,20:40,1830,18,Para llevar,Yape,50.0,0
1263,2025-11-15,21:56,1038,7,Para llevar,Tarjeta,140.0,0
1264,2025-11-15,15:02,5248,18,Salón,Tarjeta,140.0,0
1265,2025-11-15,15:26,4973,19,Para llevar,Efectivo,27.0,0
1266,2025-11-15,13:26,633,5,Para llevar,Efectivo,192.0,0
1267,2025-11-15,13:31,775,3,Salón,Efectivo,22.0,0
1268,2025-11-15,16:59,2195,20,Salón,Efectivo,100.0,0
1269,2025-11-15,15:00,682,24,Salón,Plin,50.0,0
1270,2025-11-15,20:33,3430,16,Delivery propio,Yape,36.0,0
1271,2025-11-15,21:54,5424,19,Para llevar,Efectivo,254.0,0
1272,2025-11-15,19:38,1265,17,Salón,Plin,68.0,0
1273,2025-11-15,11:52,237,20,Delivery propio,Tarjeta,72.0,0
1274,2025-11-15,12:59,4872,2,Salón,Tarjeta,78.0,0
1275,2025-11-15,19:29,2154,17,Salón,Yape,255.0,0
1276,2025-11-15,13:25,1062,7,Delivery propio,Efectivo,84.0,0
1277,2025-11-15,14:17,9999,22,Delivery propio,Yape,167.0,0
1278,2025-11-15,12:59,3756,22,Delivery propio,Efectivo,84.0,0
1279,2025-11-15,18:21,3335,24,Delivery propio,Plin,106.0,0
1280,2025-11-15,20:25,3944,16,Salón,Yape,60.0,0
1281,2025-11-15,21:37,3718,16,Salón,Tarjeta,57.0,0
1282,2025-11-15,14:04,2771,5,Delivery propio,Plin,96.0,0
1283,2025-11-15,14:44,4734,24,Para llevar,Efectivo,56.0,0
1284,2025-11-15,11:45,5387,7,Delivery propio,Efectivo,106.0,0
1285,2025-11-15,13:36,3282,7,Delivery propio,Efectivo,164.0,0
1286,2025-11-16,21:06,5271,20,Para llevar,Plin,22.0,0
1287,2025-11-16,14:35,3064,7,Salón,Tarjeta,24.0,0
1288,2025-11-16,12:49,5308,19,Salón,Yape,96.0,0
1289,2025-11-16,14:17,463,16,Para llevar,Yape,326.0,0
1290,2025-11-16,13:43,1539,17,Para llevar,Plin,28.0,0
1291,2025-11-16,19:25,4396,16,Para llevar,Tarjeta,112.0,0
1292,2025-11-16,19:34,5345,16,Salón,Yape,270.0,0
1293,2025-11-16,18:23,5163,16,Delivery propio,Tarjeta,262.0,0
1294,2025-11-16,14:05,4196,16,Delivery propio,Tarjeta,70.0,0
1295,2025-11-16,14:18,754,18,Salón,Tarjeta,78.0,0
1296,2025-11-16,14:12,5157,7,Salón,Yape,187.0,0
1297,2025-11-16,15:15,2160,3,Salón,Yape,88.0,0
1298,2025-11-16,13:01,5189,17,Salón,Plin,214.0,0
1299,2025-11-16,21:35,5098,24,Salón,Efectivo,60.0,0
1300,2025-11-16,13:01,3695,19,Para llevar,Efectivo,24.0,0
1301,2025-11-16,15:50,1421,18,Salón,Yape,66.0,0
1302,2025-11-16,12:21,78,20,Delivery propio,Efectivo,93.0,0
1303,2025-11-16,19:02,3663,20,Para llevar,Efectivo,74.0,0
1304,2025-11-16,19:07,4280,17,Para llevar,Yape,152.0,0
1305,2025-11-16,21:41,845,16,Salón,Tarjeta,261.0,0
1306,2025-11-16,12:04,2650,19,Salón,Tarjeta,92.0,0
1307,2025-11-16,16:37,3787,22,Salón,Yape,104.0,0
1308,2025-11-16,12:57,590,19,Salón,Efectivo,56.0,0
1309,2025-11-16,14:04,4930,22,Delivery propio,Tarjeta,146.0,0
1310,2025-11-16,18:40,4949,7,Salón,Tarjeta,162.0,0
1311,2025-11-16,18:24,4664,18,Salón,Efectivo,148.0,0
1312,2025-11-16,20:52,4127,22,Salón,Plin,114.0,0
1313,2025-11-16,13:58,1762,17,Salón,Tarjeta,140.0,0
1314,2025-11-16,16:22,4312,20,Salón,Yape,156.0,0
1315,2025-11-16,15:14,5256,20,Delivery propio,Yape,34.0,0
1316,2025-11-16,17:38,850,17,Delivery propio,Tarjeta,412.0,0
1317,2025-11-16,15:21,1223,19,Salón,Yape,22.0,0
1318,2025-11-16,20:24,1324,16,Delivery propio,Tarjeta,172.0,0
1319,2025-11-16,13:57,5440,16,Para llevar,Plin,174.0,0
1320,2025-11-16,20:03,2544,22,Salón,Tarjeta,299.0,0
1321,2025-11-16,14:15,561,18,Para llevar,Tarjeta,275.0,0
1322,2025-11-16,14:14,134,3,Salón,Tarjeta,55.0,0
1323,2025-11-16,20:23,1094,24,Delivery propio,Efectivo,154.0,0
1324,2025-11-16,14:36,5085,19,Salón,Plin,305.0,0
1325,2025-11-16,12:48,130,20,Salón,Tarjeta,44.0,0
1326,2025-11-16,14:55,2529,3,Salón,Tarjeta,46.0,0
1327,2025-11-16,18:38,1799,7,Salón,Yape,102.0,0
1328,2025-11-16,12:50,618,7,Salón,Yape,228.0,0
1329,2025-11-16,19:09,712,7,Salón,Efectivo,309.0,0
1330,2025-11-16,16:16,873,19,Delivery propio,Plin,80.0,0
1331,2025-11-16,18:17,480,3,Salón,Yape,14.0,0
1332,2025-11-16,13:36,4901,7,Delivery propio,Efectivo,54.0,0
1333,2025-11-16,19:11,791,3,Para llevar,Efectivo,106.0,0
1334,2025-11-16,20:29,9999,2,Salón,Efectivo,167.0,0
1335,2025-11-16,15:06,1235,20,Salón,Yape,18.0,0
1336,2025-11-16,14:16,1310,18,Delivery propio,Efectivo,74.0,0
1337,2025-11-16,14:03,1852,5,Salón,Tarjeta,174.0,0
1338,2025-11-16,16:03,2671,19,Para llevar,Yape,76.0,0
1339,2025-11-16,19:02,1158,22,Salón,Plin,54.0,0
1340,2025-11-17,12:25,1865,3,Para llevar,Yape,204.0,0
1341,2025-11-17,15:36,1852,3,Delivery propio,Yape,72.0,0
1342,2025-11-17,20:50,3698,18,Salón,Yape,340.0,0
1343,2025-11-17,17:36,1760,24,Delivery propio,Yape,52.0,0
1344,2025-11-17,15:16,3562,7,Salón,Efectivo,178.0,0
1345,2025-11-17,20:39,4602,24,Salón,Yape,293.0,0
1346,2025-11-17,20:24,3974,22,Salón,Plin,36.0,0
1347,2025-11-17,14:20,292,19,Salón,Yape,78.0,0
1348,2025-11-17,16:42,5257,3,Salón,Efectivo,82.0,0
1349,2025-11-17,19:03,2023,16,Salón,Efectivo,62.0,0
1350,2025-11-17,21:46,1339,3,Salón,Efectivo,187.0,0
1351,2025-11-17,13:12,1226,5,Salón,Yape,128.0,0
1352,2025-11-17,19:10,1833,16,Salón,Plin,247.0,0
1353,2025-11-17,12:20,2298,18,Salón,Yape,48.0,0
1354,2025-11-17,15:58,3710,16,Salón,Efectivo,52.0,0
1355,2025-11-17,20:59,3045,16,Salón,Tarjeta,258.0,0
1356,2025-11-17,21:52,2207,5,Salón,Efectivo,36.0,0
1357,2025-11-17,13:26,1318,7,Para llevar,Yape,38.0,0
1358,2025-11-17,18:21,1090,18,Delivery propio,Tarjeta,117.0,0
1359,2025-11-17,14:23,3323,20,Salón,Efectivo,214.0,0
1360,2025-11-17,14:51,5215,5,Salón,Yape,116.0,0
1361,2025-11-18,17:40,1500,24,Salón,Tarjeta,60.0,0
1362,2025-11-18,19:20,4667,19,Delivery propio,Yape,84.0,0
1363,2025-11-18,11:52,4711,24,Delivery propio,Tarjeta,142.0,0
1364,2025-11-18,19:05,5324,17,Para llevar,Yape,401.0,0
1365,2025-11-18,11:15,553,24,Salón,Tarjeta,10.0,0
1366,2025-11-18,13:14,394,22,Salón,Tarjeta,114.0,0
1367,2025-11-18,15:20,9999,18,Salón,Efectivo,62.0,0
1368,2025-11-18,15:28,4510,5,Salón,Plin,210.0,0
1369,2025-11-18,14:35,5250,18,Salón,Yape,106.0,0
1370,2025-11-18,19:01,9999,16,Para llevar,Efectivo,156.0,0
1371,2025-11-18,14:37,4479,20,Delivery propio,Yape,66.0,0
1372,2025-11-18,14:16,2836,20,Delivery propio,Tarjeta,68.0,0
1373,2025-11-18,15:11,1022,19,Salón,Efectivo,39.0,0
1374,2025-11-18,17:24,9999,5,Para llevar,Yape,146.0,0
1375,2025-11-18,15:52,548,19,Para llevar,Tarjeta,154.0,0
1376,2025-11-18,20:56,1616,20,Salón,Yape,255.0,0
1377,2025-11-18,18:17,98,16,Para llevar,Yape,148.0,0
1378,2025-11-18,13:05,540,3,Delivery propio,Tarjeta,216.0,0
1379,2025-11-19,16:57,9999,3,Salón,Efectivo,100.0,0
1380,2025-11-19,13:15,4500,7,Delivery propio,Yape,34.0,0
1381,2025-11-19,19:30,572,17,Salón,Efectivo,68.0,0
1382,2025-11-19,14:29,387,3,Salón,Efectivo,48.0,0
1383,2025-11-19,18:38,2675,20,Delivery propio,Yape,78.0,0
1384,2026-09-28,13:14,4867,16,Salón,Yape,33.0,1
1385,2025-11-19,12:44,4449,17,Salón,Efectivo,96.0,0
1386,2025-11-19,13:43,4177,24,Salón,Yape,105.0,0
1387,2025-11-19,13:15,3489,16,Para llevar,Yape,130.0,0
1388,2025-11-19,16:15,4729,5,Salón,Yape,204.0,0
1389,2025-11-19,14:19,3561,7,Salón,Tarjeta,112.0,0
1390,2025-11-19,20:32,9999,19,Salón,Yape,128.0,0
1391,2025-11-19,12:02,4392,24,Para llevar,Efectivo,186.0,0
1392,2025-11-19,14:47,286,7,Salón,Efectivo,226.0,0
1393,2025-11-19,15:27,4333,24,Delivery propio,Efectivo,57.0,0
1394,2025-11-19,20:38,460,20,Salón,Tarjeta,158.0,0
1395,2025-11-19,19:56,2788,19,Salón,Efectivo,154.0,0
1396,2025-11-19,20:41,558,5,Salón,Yape,70.0,0
1397,2025-11-19,14:06,3025,16,Delivery propio,Plin,184.0,0
1398,2025-11-19,13:34,5314,24,Para llevar,Tarjeta,162.0,0
1399,2025-11-19,14:24,5009,18,Salón,Efectivo,132.0,0
1400,2025-11-19,21:46,5356,19,Para llevar,Tarjeta,104.0,0
1401,2025-11-19,14:15,3734,20,Para llevar,Plin,19.0,0
1402,2025-11-20,13:52,2718,16,Salón,Tarjeta,147.0,0
1403,2025-11-20,19:17,3358,20,Delivery propio,Plin,188.0,0
1404,2025-11-20,13:56,4760,18,Salón,Yape,62.0,0
1405,2025-11-20,15:31,1018,20,Delivery propio,Yape,162.0,0
1406,2025-11-20,19:45,2340,19,Delivery propio,Yape,296.0,0
1407,2025-11-20,14:37,1956,20,Salón,Yape,66.0,0
1408,2025-11-20,13:54,3921,24,Salón,Plin,88.0,0
1409,2025-11-20,18:09,1168,24,Salón,Tarjeta,147.0,0
1410,2025-11-20,20:10,1763,2,Salón,Tarjeta,79.0,0
1411,2025-11-20,14:36,2985,22,Salón,Yape,115.0,0
1412,2025-11-20,14:59,4634,17,Delivery propio,Tarjeta,104.0,0
1413,2025-11-20,12:20,4326,2,Para llevar,Efectivo,112.0,0
1414,2025-11-20,19:14,3081,17,Delivery propio,Yape,130.0,0
1415,2025-11-20,14:44,1157,16,Salón,Plin,80.0,0
1416,2025-11-20,20:11,3007,3,Salón,Tarjeta,152.0,0
1417,2025-11-20,20:25,2774,5,Salón,Yape,333.0,0
1418,2025-11-20,12:21,2379,7,Salón,Efectivo,60.0,0
1419,2025-11-21,13:50,4242,17,Salón,Efectivo,229.0,0
1420,2025-11-21,20:03,3904,24,Para llevar,Yape,112.0,0
1421,2025-11-21,15:52,4418,18,Salón,Efectivo,175.0,0
1422,2025-11-21,13:12,9999,16,Delivery propio,Efectivo,142.0,0
1423,2025-11-21,14:56,2158,7,Delivery propio,Efectivo,120.0,0
1424,2025-11-21,12:55,9999,5,Para llevar,Efectivo,84.0,0
1425,2025-11-21,20:51,2472,18,Salón,Plin,311.0,0
1426,2025-11-21,14:19,9999,17,Salón,Efectivo,166.0,0
1427,2025-11-21,12:33,4566,5,Salón,Yape,114.0,0
1428,2025-11-21,16:15,3130,17,Delivery propio,Yape,203.0,0
1429,2025-11-21,15:20,1344,22,Salón,Tarjeta,116.0,0
1430,2025-11-21,21:19,4358,7,Salón,Tarjeta,160.0,0
1431,2025-11-21,18:04,5256,17,Para llevar,Efectivo,194.0,0
1432,2025-11-21,19:30,2340,22,Salón,Yape,66.0,0
1433,2025-11-21,21:19,1474,20,Salón,Tarjeta,218.0,0
1434,2025-11-21,15:46,877,24,Salón,Yape,241.0,0
1435,2025-11-21,16:31,4992,24,Delivery propio,Efectivo,185.0,0
1436,2025-11-21,20:10,4187,17,Salón,Yape,64.0,0
1437,2025-11-21,18:21,3713,18,Salón,Efectivo,194.0,0
1438,2025-11-21,11:35,558,24,Salón,Yape,198.0,0
1439,2025-11-21,20:08,5491,3,Salón,Plin,216.0,0
1440,2025-11-21,19:38,587,24,Delivery propio,Efectivo,127.0,0
1441,2025-11-22,19:40,4479,5,Delivery propio,Efectivo,198.0,0
1442,2025-11-22,17:43,3223,20,Para llevar,Efectivo,106.0,0
1443,2025-11-22,18:55,1141,3,Salón,Efectivo,80.0,0
1444,2025-11-22,13:45,478,20,Para llevar,Efectivo,150.0,0
1445,2025-11-22,14:11,2291,7,Salón,Efectivo,37.0,0
1446,2025-11-22,15:28,1439,22,Delivery propio,Efectivo,228.0,0
1447,2025-11-22,13:16,3137,20,Salón,Yape,154.0,0
1448,2025-11-22,14:26,9999,24,Salón,Yape,56.0,0
1449,2025-11-22,21:37,1313,20,Para llevar,Tarjeta,67.0,0
1450,2025-11-22,14:58,5357,24,Salón,Efectivo,140.0,0
1451,2025-11-22,14:02,1488,16,Para llevar,Yape,82.0,0
1452,2025-11-22,12:15,3641,19,Salón,Yape,241.0,0
1453,2025-11-22,14:12,1002,16,Salón,Tarjeta,98.0,0
1454,2025-11-22,13:52,3592,16,Salón,Tarjeta,106.0,0
1455,2025-11-22,15:33,2989,5,Salón,Tarjeta,174.0,0
1456,2025-11-22,13:02,2918,3,Salón,Tarjeta,78.0,0
1457,2025-11-22,13:45,4729,17,Delivery propio,Yape,68.0,0
1458,2025-11-22,14:05,246,19,Para llevar,Tarjeta,75.0,0
1459,2025-11-22,17:12,4343,3,Salón,Tarjeta,168.0,0
1460,2025-11-22,14:54,4592,24,Salón,Efectivo,52.0,0
1461,2025-11-22,11:42,5163,3,Salón,Efectivo,36.0,0
1462,2025-11-22,18:27,3132,5,Delivery propio,Efectivo,114.0,0
1463,2025-11-22,12:14,2001,7,Salón,Yape,36.0,0
1464,2025-11-22,19:48,4496,16,Salón,Yape,75.0,0
1465,2025-11-22,17:33,2987,22,Delivery propio,Efectivo,36.0,0
1466,2025-11-22,15:08,3176,20,Salón,Efectivo,225.0,0
1467,2025-11-22,16:37,3944,3,Salón,Efectivo,62.0,0
1468,2025-11-22,17:44,106,3,Delivery propio,Yape,52.0,0
1469,2025-11-22,21:17,5421,5,Salón,Tarjeta,69.0,0
1470,2025-11-22,19:11,2098,2,Salón,Tarjeta,124.0,0
1471,2025-11-22,15:00,4480,22,Salón,Tarjeta,80.0,0
1472,2025-11-23,17:41,9999,7,Salón,Efectivo,212.0,0
1473,2025-11-23,20:35,5217,2,Salón,Plin,124.0,0
1474,2025-11-23,14:21,639,5,Salón,Efectivo,78.0,0
1475,2025-11-23,14:27,9999,24,Salón,Tarjeta,81.0,0
1476,2025-11-23,13:06,3560,24,Delivery propio,Efectivo,204.0,0
1477,2025-11-23,14:35,1302,17,Para llevar,Tarjeta,74.0,0
1478,2025-11-23,12:11,4479,7,Delivery propio,Plin,168.0,0
1479,2025-11-23,12:28,1949,5,Salón,Efectivo,174.0,0
1480,2025-11-23,18:14,2983,16,Salón,Plin,90.0,0
1481,2025-11-23,13:30,9999,24,Para llevar,Tarjeta,106.0,0
1482,2025-11-23,19:58,9999,18,Para llevar,Yape,168.0,0
1483,2025-11-23,20:58,1616,24,Salón,Efectivo,285.0,0
1484,2025-11-23,14:42,1627,22,Delivery propio,Efectivo,106.0,0
1485,2025-11-23,17:49,9999,18,Salón,Efectivo,108.0,0
1486,2025-11-23,20:07,4766,17,Delivery propio,Efectivo,84.0,0
1487,2025-11-23,13:46,5469,19,Salón,Plin,78.0,0
1488,2025-11-23,13:33,2131,2,Salón,Yape,9.0,0
1489,2025-11-23,20:47,9999,5,Salón,Efectivo,94.0,0
1490,2025-11-23,13:03,2000,17,Salón,Yape,144.0,0
1491,2025-11-23,14:23,1410,2,Delivery propio,Plin,237.0,0
1492,2025-11-23,14:25,634,22,Salón,Efectivo,72.0,0
1493,2025-11-23,20:27,9999,17,Salón,Yape,148.0,0
1494,2025-11-23,11:00,1958,20,Salón,Tarjeta,99.0,0
1495,2025-11-23,13:48,9999,3,Salón,Yape,324.0,0
1496,2025-11-23,14:19,115,17,Salón,Yape,120.0,0
1497,2025-11-23,12:23,4411,5,Delivery propio,Yape,98.0,0
1498,2025-11-23,13:19,2894,16,Salón,Tarjeta,28.0,0
1499,2025-11-23,21:55,4529,18,Salón,Yape,86.0,0
1500,2025-11-23,14:40,1854,5,Salón,Tarjeta,32.0,0
1501,2025-11-23,15:34,629,24,Salón,Efectivo,127.0,0
1502,2025-11-23,15:13,2225,5,Salón,Yape,234.0,0
1503,2025-11-23,19:53,9999,17,Salón,Plin,184.0,0
1504,2025-11-23,19:30,9999,17,Salón,Tarjeta,138.0,0
1505,2025-11-23,20:35,4701,24,Salón,Tarjeta,234.0,0
1506,2025-11-23,14:59,3760,20,Delivery propio,Tarjeta,140.0,0
1507,2025-11-23,12:40,230,24,Delivery propio,Yape,180.0,0
1508,2025-11-23,12:04,4501,3,Salón,Efectivo,8.0,0
1509,2025-11-23,20:26,2223,18,Salón,Yape,101.0,0
1510,2025-11-23,11:47,9,18,Para llevar,Yape,130.0,0
1511,2025-11-23,12:59,4713,7,Salón,Efectivo,65.0,0
1512,2025-11-23,20:59,810,17,Salón,Yape,130.0,0
1513,2025-11-24,13:15,3142,17,Delivery propio,Tarjeta,304.0,0
1514,2025-11-24,13:27,4469,2,Salón,Plin,178.0,0
1515,2025-11-24,13:11,1198,3,Salón,Tarjeta,134.0,0
1516,2025-11-24,20:37,1976,7,Para llevar,Efectivo,70.0,0
1517,2025-11-24,19:46,5260,24,Salón,Yape,74.0,0
1518,2025-11-24,13:31,3969,7,Para llevar,Efectivo,36.0,0
1519,2025-11-24,12:47,4184,19,Delivery propio,Efectivo,184.0,0
1520,2025-11-24,17:52,1568,24,Salón,Efectivo,151.0,0
1521,2025-11-24,14:46,1181,3,Para llevar,Efectivo,80.0,0
1522,2025-11-24,15:09,547,17,Salón,Efectivo,159.0,0
1523,2025-11-24,19:53,1016,3,Para llevar,Tarjeta,264.0,0
1524,2025-11-24,13:17,111,24,Salón,Plin,92.0,0
1525,2025-11-24,17:58,9999,17,Para llevar,Efectivo,90.0,0
1526,2025-11-24,15:38,5360,22,Salón,Yape,6.0,0
1527,2025-11-24,21:36,4566,2,Para llevar,Efectivo,74.0,0
1528,2025-11-24,14:16,2986,18,Salón,Tarjeta,115.0,0
1529,2025-11-25,14:35,115,18,Salón,Tarjeta,96.0,0
1530,2025-11-25,13:50,2116,3,Salón,Efectivo,38.0,0
1531,2025-11-25,19:27,5261,16,Salón,Yape,156.0,0
1532,2025-11-25,12:34,9999,20,Salón,Efectivo,116.0,0
1533,2025-11-25,17:47,1112,17,Salón,Tarjeta,128.0,0
1534,2025-11-25,18:36,2315,2,Salón,Plin,42.0,0
1535,2025-11-25,20:25,9999,17,Para llevar,Efectivo,64.0,0
1536,2025-11-25,21:59,1270,17,Salón,Tarjeta,222.0,0
1537,2025-11-25,17:39,2918,2,Para llevar,Tarjeta,76.0,0
1538,2025-11-25,19:13,877,24,Para llevar,Tarjeta,70.0,0
1539,2025-11-25,13:17,2134,3,Para llevar,Efectivo,178.0,0
1540,2025-11-25,15:54,9999,24,Salón,Tarjeta,142.0,0
1541,2025-11-25,15:17,4950,5,Salón,Efectivo,124.0,0
1542,2025-11-25,20:11,1760,22,Salón,Yape,35.0,0
1543,2025-11-25,12:41,1621,5,Para llevar,Yape,94.0,0
1544,2025-11-25,14:23,1477,22,Salón,Tarjeta,60.0,0
1545,2025-11-25,17:17,3512,5,Para llevar,Yape,130.0,0
1546,2025-11-25,12:14,4845,3,Salón,Yape,54.0,0
1547,2025-11-25,12:37,4872,3,Salón,Efectivo,90.0,0
1548,2025-11-25,20:00,9999,18,Para llevar,Tarjeta,153.0,0
1549,2025-11-26,13:10,2340,18,Salón,Efectivo,22.0,0
1550,2025-11-26,20:32,3756,18,Delivery propio,Yape,66.0,0
1551,2025-11-26,15:56,2008,20,Salón,Yape,234.0,0
1552,2025-11-26,18:48,1138,17,Salón,Efectivo,252.0,0
1553,2025-11-26,13:45,1481,18,Salón,Tarjeta,228.0,0
1554,2025-11-26,12:24,5441,24,Salón,Yape,68.0,0
1555,2025-11-26,13:49,338,16,Salón,Yape,107.0,0
1556,2025-11-26,13:49,1996,17,Para llevar,Yape,128.0,0
1557,2025-11-26,15:15,3433,18,Delivery propio,Yape,134.0,0
1558,2025-11-26,13:53,4851,7,Salón,Tarjeta,106.0,0
1559,2025-11-26,19:14,3226,19,Salón,Efectivo,108.0,0
1560,2025-11-26,16:31,947,18,Delivery propio,Plin,70.0,0
1561,2025-11-26,13:28,9999,22,Salón,Efectivo,38.0,0
1562,2025-11-26,14:06,335,2,Salón,Efectivo,96.0,0
1563,2025-11-26,14:20,9999,19,Delivery propio,Tarjeta,98.0,0
1564,2025-11-27,18:30,527,22,Delivery propio,Plin,82.0,0
1565,2025-11-27,12:51,756,2,Salón,Yape,90.0,0
1566,2025-11-27,14:53,3719,16,Salón,Efectivo,234.0,0
1567,2025-11-27,13:10,1099,7,Para llevar,Tarjeta,198.0,0
1568,2025-11-27,14:41,4380,2,Para llevar,Tarjeta,200.0,0
1569,2025-11-27,20:46,1962,20,Salón,Yape,120.0,0
1570,2025-11-27,17:53,4303,2,Salón,Tarjeta,104.0,0
1571,2025-11-27,18:49,4390,5,Delivery propio,Efectivo,76.0,0
1572,2025-11-27,15:56,5337,22,Delivery propio,Yape,232.0,0
1573,2025-11-27,19:04,4213,19,Salón,Yape,73.0,0
1574,2025-11-27,12:50,3573,3,Salón,Efectivo,224.0,0
1575,2025-11-27,19:33,3858,22,Salón,Efectivo,208.0,0
1576,2025-11-27,13:17,4386,5,Salón,Plin,90.0,0
1577,2025-11-27,14:12,2403,19,Delivery propio,Tarjeta,36.0,0
1578,2025-11-27,15:45,308,20,Salón,Plin,37.0,0
1579,2025-11-27,15:41,4958,24,Salón,Efectivo,180.0,0
1580,2025-11-27,19:16,5029,16,Salón,Efectivo,86.0,0
1581,2025-11-27,13:50,9999,20,Delivery propio,Efectivo,90.0,0
1582,2025-11-27,20:27,3974,17,Delivery propio,Tarjeta,112.0,0
1583,2025-11-27,14:25,1243,5,Salón,Yape,210.0,0
1584,2025-11-27,14:30,3859,3,Salón,Efectivo,168.0,0
1585,2025-11-27,15:08,3763,7,Salón,Yape,102.0,0
1586,2025-11-27,14:39,4618,24,Salón,Efectivo,30.0,0
1587,2025-11-27,17:20,3839,5,Delivery propio,Plin,68.0,0
1588,2025-11-28,15:21,3063,22,Salón,Efectivo,98.0,0
1589,2025-11-28,17:51,2833,18,Salón,Yape,46.0,0
1590,2025-11-28,19:13,5173,18,Para llevar,Efectivo,58.0,0
1591,2025-11-28,14:02,2849,22,Para llevar,Yape,188.0,0
1592,2025-11-28,15:23,950,7,Salón,Efectivo,176.0,0
1593,2025-11-28,12:09,2311,16,Salón,Yape,28.0,0
1594,2025-11-28,11:16,1308,17,Salón,Yape,94.0,0
1595,2025-11-28,12:39,3856,22,Para llevar,Efectivo,83.0,0
1596,2025-11-28,13:58,4730,22,Salón,Plin,126.0,0
1597,2025-11-28,18:12,9999,16,Salón,Yape,334.0,0
1598,2025-11-28,12:08,4592,7,Salón,Tarjeta,34.0,0
1599,2025-11-28,12:18,9999,22,Para llevar,Plin,72.0,0
1600,2025-11-28,20:54,2137,20,Salón,Efectivo,94.0,0
1601,2025-11-28,21:12,5150,16,Para llevar,Efectivo,144.0,0
1602,2025-11-28,15:45,3100,22,Salón,Efectivo,82.0,0
1603,2025-11-28,17:54,333,24,Para llevar,Plin,112.0,0
1604,2025-11-28,11:38,437,17,Para llevar,Efectivo,224.0,0
1605,2025-11-28,20:21,1216,20,Para llevar,Yape,54.0,0
1606,2025-11-28,19:34,1752,19,Salón,Tarjeta,108.0,0
1607,2025-11-28,21:56,9999,19,Delivery propio,Yape,132.0,0
1608,2025-11-28,20:24,2685,22,Salón,Tarjeta,76.0,0
1609,2025-11-28,13:48,3681,17,Salón,Yape,28.0,0
1610,2025-11-28,19:28,9999,16,Salón,Plin,84.0,0
1611,2025-11-28,19:14,5140,5,Para llevar,Plin,90.0,0
1612,2025-11-28,12:01,4685,24,Salón,Efectivo,279.0,0
1613,2025-11-28,13:54,4596,17,Delivery propio,Plin,334.0,0
1614,2025-11-28,13:07,1941,22,Para llevar,Efectivo,17.0,0
1615,2025-11-28,13:41,2239,16,Para llevar,Efectivo,106.0,0
1616,2025-11-28,14:46,877,2,Salón,Efectivo,172.0,0
1617,2025-11-28,19:32,18,17,Salón,Efectivo,207.0,0
1618,2025-11-29,20:32,1890,7,Salón,Efectivo,162.0,0
1619,2025-11-29,16:33,1279,24,Salón,Efectivo,134.0,0
1620,2025-11-29,14:57,5019,2,Delivery propio,Efectivo,399.0,0
1621,2025-11-29,13:17,2770,18,Para llevar,Tarjeta,212.0,0
1622,2025-11-29,18:49,3883,7,Salón,Plin,78.0,0
1623,2025-11-29,19:00,1580,17,Delivery propio,Yape,94.0,0
1624,2025-11-29,14:39,3512,20,Para llevar,Efectivo,122.0,0
1625,2025-11-29,14:36,2114,18,Para llevar,Efectivo,80.0,0
1626,2025-11-29,14:45,4908,16,Salón,Yape,216.0,0
1627,2025-11-29,13:18,4022,24,Para llevar,Efectivo,54.0,0
1628,2025-11-29,21:10,285,3,Delivery propio,Efectivo,160.0,0
1629,2025-11-29,12:45,4114,19,Salón,Plin,102.0,0
1630,2025-11-29,13:24,9999,5,Delivery propio,Efectivo,88.0,0
1631,2025-11-29,11:18,3507,22,Para llevar,Efectivo,76.0,0
1632,2025-11-29,11:00,4242,3,Salón,Yape,44.0,0
1633,2025-11-29,17:10,4691,17,Salón,Efectivo,71.0,0
1634,2025-11-29,19:39,2024,3,Salón,Yape,111.0,0
1635,2025-11-29,15:13,1489,19,Salón,Efectivo,58.0,0
1636,2025-11-29,13:33,4795,3,Salón,Efectivo,79.0,0
1637,2025-11-29,20:27,3412,16,Salón,Tarjeta,98.0,0
1638,2025-11-29,19:23,1966,3,Salón,Yape,18.0,0
1639,2025-11-29,12:38,2411,5,Para llevar,Yape,118.0,0
1640,2025-11-29,13:25,3827,2,Salón,Efectivo,234.0,0
1641,2025-11-29,15:56,9999,24,Salón,Tarjeta,66.0,0
1642,2025-11-29,14:45,607,2,Delivery propio,Yape,74.0,0
1643,2025-11-29,12:17,4181,19,Salón,Tarjeta,123.0,0
1644,2025-11-29,14:16,4051,24,Salón,Tarjeta,222.0,0
1645,2025-11-29,15:04,9999,20,Para llevar,Yape,74.0,0
1646,2025-11-29,12:40,4669,16,Salón,Tarjeta,208.0,0
1647,2025-11-29,14:48,2749,5,Salón,Efectivo,122.0,0
1648,2025-11-29,19:14,643,16,Para llevar,Yape,272.0,0
1649,2025-11-29,11:27,4314,2,Salón,Yape,130.0,0
1650,2025-11-29,13:19,1527,24,Salón,Yape,45.0,0
1651,2025-11-29,14:41,1359,22,Salón,Yape,36.0,0
1652,2025-11-30,14:30,676,7,Salón,Efectivo,20.0,0
1653,2025-11-30,12:09,2738,3,Para llevar,Tarjeta,48.0,0
1654,2025-11-30,19:02,4125,5,Salón,Yape,218.0,0
1655,2025-11-30,20:53,997,18,Salón,Plin,36.0,0
1656,2025-11-30,17:47,408,18,Salón,Yape,64.0,0
1657,2025-11-30,17:56,2201,16,Salón,Tarjeta,142.0,0
1658,2025-11-30,12:45,224,5,Salón,Tarjeta,271.0,0
1659,2025-11-30,14:45,1044,2,Para llevar,Yape,88.0,0
1660,2025-11-30,13:16,4234,17,Salón,Plin,236.0,0
1661,2025-11-30,13:57,2629,5,Salón,Efectivo,140.0,0
1662,2025-11-30,12:55,2530,19,Delivery propio,Yape,114.0,0
1663,2025-11-30,14:27,5024,19,Salón,Tarjeta,73.0,0
1664,2025-11-30,19:19,4436,3,Para llevar,Efectivo,172.0,0
1665,2025-11-30,13:10,1619,24,Delivery propio,Yape,92.0,0
1666,2025-11-30,16:11,2643,7,Para llevar,Yape,78.0,0
1667,2025-11-30,19:25,9999,19,Salón,Plin,36.0,0
1668,2025-11-30,13:27,4898,7,Salón,Efectivo,103.0,0
1669,2025-11-30,19:42,869,3,Para llevar,Efectivo,168.0,0
1670,2025-11-30,13:52,1682,3,Salón,Efectivo,174.0,0
1671,2025-11-30,17:14,1907,16,Para llevar,Yape,151.0,0
1672,2025-11-30,14:28,1796,22,Salón,Efectivo,89.0,0
1673,2025-11-30,21:17,3442,16,Salón,Efectivo,125.0,0
1674,2025-11-30,15:47,1591,18,Salón,Efectivo,198.0,0
1675,2025-11-30,16:48,5402,5,Salón,Yape,60.0,0
1676,2025-11-30,17:42,4973,20,Salón,Efectivo,144.0,0
1677,2025-11-30,15:04,5351,18,Salón,Efectivo,238.0,0
1678,2025-11-30,16:41,1834,16,Salón,Tarjeta,90.0,0
1679,2025-11-30,14:57,3798,22,Salón,Yape,48.0,0
1680,2025-11-30,12:51,1494,7,Delivery propio,Tarjeta,42.0,0
1681,2025-11-30,16:38,3293,19,Salón,Yape,84.0,0
1682,2025-11-30,12:07,4617,3,Salón,Yape,26.0,0
1683,2025-11-30,15:18,270,7,Para llevar,Efectivo,93.0,0
1684,2025-11-30,18:46,9999,19,Delivery propio,Yape,73.0,0
1685,2025-11-30,15:36,895,3,Salón,Plin,40.0,0
1686,2025-11-30,14:07,2980,19,Salón,Efectivo,112.0,0
1687,2025-11-30,17:12,9999,5,Salón,Plin,197.0,0
1688,2025-11-30,18:21,9999,19,Salón,Plin,34.0,0
1689,2025-11-30,14:15,4635,24,Salón,Yape,188.0,0
1690,2025-11-30,13:41,9999,19,Para llevar,Tarjeta,120.0,0
1691,2025-11-30,18:40,4408,19,Delivery propio,Tarjeta,367.0,0
1692,2025-11-30,20:08,2145,17,Para llevar,Tarjeta,90.0,0
1693,2025-11-30,15:53,606,24,Salón,Tarjeta,109.0,0
1694,2025-11-30,13:44,5096,19,Salón,Efectivo,206.0,0
1695,2025-11-30,13:28,3609,16,Salón,Yape,196.0,0
1696,2025-11-30,14:18,5370,24,Salón,Efectivo,30.0,0
1697,2025-11-30,21:27,9999,18,Para llevar,Efectivo,144.0,0
1698,2025-11-30,11:09,624,7,Salón,Tarjeta,174.0,0
1699,2025-11-30,17:16,1758,17,Salón,Tarjeta,118.0,0
1700,2025-11-30,19:31,4531,18,Para llevar,Efectivo,67.0,0
1701,2025-11-30,20:55,638,2,Para llevar,Yape,73.0,0
1702,2025-11-30,14:45,2414,22,Salón,Yape,38.0,0
1703,2025-11-30,20:21,1642,22,Delivery propio,Plin,38.0,0
1704,2025-11-30,20:20,2355,18,Salón,Plin,48.0,0
1705,2025-12-01,12:13,21,19,Salón,Efectivo,94.0,0
1706,2025-12-01,12:48,1093,24,Delivery propio,Yape,367.0,0
1707,2025-12-01,14:08,72,16,Delivery propio,Plin,68.0,0
1708,2025-12-01,14:48,9999,17,Salón,Tarjeta,80.0,0
1709,2025-12-01,15:25,4872,16,Salón,Yape,190.0,0
1710,2025-12-01,19:48,4011,16,Salón,Efectivo,110.0,0
1711,2025-12-01,14:49,2027,24,Delivery propio,Efectivo,292.0,0
1712,2025-12-01,16:02,4185,19,Delivery propio,Tarjeta,28.0,0
1713,2025-12-01,19:10,1332,16,Salón,Yape,88.0,0
1714,2025-12-01,12:23,877,20,Salón,Yape,78.0,0
1715,2025-12-01,18:41,1964,18,Para llevar,Efectivo,120.0,0
1716,2025-12-01,15:52,1346,2,Para llevar,Plin,66.0,0
1717,2025-12-01,13:05,2624,7,Salón,Yape,169.0,0
1718,2025-12-01,12:14,5215,3,Salón,Efectivo,24.0,0
1719,2025-12-01,11:30,1172,7,Para llevar,Efectivo,233.0,0
1720,2025-12-01,13:35,9999,3,Delivery propio,Efectivo,70.0,0
1721,2025-12-01,19:23,3771,3,Salón,Efectivo,170.0,0
1722,2025-12-01,21:22,2184,19,Para llevar,Efectivo,98.0,0
1723,2025-12-01,20:02,79,7,Salón,Yape,136.0,0
1724,2025-12-02,13:25,9999,2,Delivery propio,Yape,138.0,0
1725,2025-12-02,15:51,1495,22,Salón,Yape,221.0,0
1726,2025-12-02,12:44,9999,17,Salón,Efectivo,190.0,0
1727,2025-12-02,14:58,2402,19,Salón,Efectivo,90.0,0
1728,2025-12-02,18:02,583,5,Salón,Tarjeta,96.0,0
1729,2025-12-02,13:40,9999,22,Salón,Plin,190.0,0
1730,2025-12-02,18:53,2106,2,Delivery propio,Tarjeta,198.0,0
1731,2025-12-02,14:03,21,7,Salón,Efectivo,203.0,0
1732,2025-12-02,14:54,5305,18,Salón,Tarjeta,72.0,0
1733,2025-12-02,19:58,3317,22,Para llevar,Plin,68.0,0
1734,2025-12-02,14:33,121,17,Salón,Yape,26.0,0
1735,2025-12-02,14:20,3690,2,Salón,Plin,168.0,0
1736,2025-12-02,13:04,4653,16,Salón,Yape,93.0,0
1737,2025-12-02,15:34,5409,17,Para llevar,Tarjeta,178.0,0
1738,2025-12-02,12:43,2314,16,Salón,Yape,326.0,0
1739,2025-12-02,20:36,4132,5,Delivery propio,Yape,38.0,0
1740,2025-12-02,14:28,1550,5,Salón,Efectivo,101.0,0
1741,2025-12-02,17:24,9999,18,Salón,Efectivo,100.0,0
1742,2025-12-02,19:50,3679,5,Para llevar,Tarjeta,64.0,0
1743,2025-12-02,14:26,3176,20,Salón,Tarjeta,191.0,0
1744,2025-12-03,12:11,556,18,Para llevar,Yape,30.0,0
1745,2025-12-03,19:08,4772,17,Delivery propio,Yape,118.0,0
1746,2025-12-03,14:34,3249,18,Salón,Efectivo,41.0,0
1747,2025-12-03,13:35,3249,24,Delivery propio,Yape,72.0,0
1748,2025-12-03,17:34,3598,19,Salón,Efectivo,71.0,0
1749,2025-12-03,20:28,9999,2,Salón,Tarjeta,266.0,0
1750,2025-12-03,14:48,3180,20,Salón,Yape,100.0,0
1751,2025-12-03,19:25,4479,19,Delivery propio,Efectivo,35.0,0
1752,2025-12-03,12:01,9999,24,Salón,Efectivo,118.0,0
1753,2025-12-03,13:33,691,19,Delivery propio,Yape,44.0,0
1754,2025-12-03,14:36,1695,18,Salón,Efectivo,49.0,0
1755,2025-12-03,18:19,3789,3,Delivery propio,Efectivo,48.0,0
1756,2025-12-03,17:11,2375,5,Salón,Tarjeta,92.0,0
1757,2025-12-03,15:52,4815,16,Salón,Yape,244.0,0
1758,2025-12-03,18:56,2640,5,Para llevar,Yape,124.0,0
1759,2025-12-03,20:13,1005,17,Para llevar,Efectivo,78.0,0
1760,2025-12-03,14:30,3202,5,Salón,Efectivo,82.0,0
1761,2025-12-03,11:35,24,3,Para llevar,Plin,108.0,0
1762,2025-12-03,16:35,4594,24,Salón,Yape,50.0,0
1763,2025-12-03,15:01,303,18,Salón,Yape,30.0,0
1764,2025-12-03,12:17,4560,7,Salón,Efectivo,68.0,0
1765,2025-12-04,14:27,9999,18,Salón,Yape,69.0,0
1766,2025-12-04,12:16,1004,19,Salón,Yape,128.0,0
1767,2025-12-04,11:50,9999,18,Para llevar,Yape,140.0,0
1768,2025-12-04,11:24,4289,20,Para llevar,Efectivo,132.0,0
1769,2025-12-04,11:02,2372,18,Salón,Tarjeta,126.0,0
1770,2025-12-04,16:01,1583,20,Salón,Yape,46.0,0
1771,2025-12-04,11:05,3697,17,Salón,Efectivo,82.0,0
1772,2025-12-04,12:45,4629,20,Salón,Plin,128.0,0
1773,2025-12-04,15:49,4908,16,Salón,Yape,106.0,0
1774,2025-12-04,20:15,2220,17,Salón,Yape,160.0,0
1775,2025-12-04,20:38,4479,17,Salón,Efectivo,116.0,0
1776,2025-12-04,18:58,386,18,Salón,Efectivo,104.0,0
1777,2025-12-04,13:10,9999,3,Salón,Efectivo,66.0,0
1778,2025-12-04,20:01,4881,16,Delivery propio,Tarjeta,66.0,0
1779,2025-12-04,15:40,4639,17,Para llevar,Yape,217.0,0
1780,2025-12-04,15:13,322,18,Para llevar,Yape,101.0,0
1781,2025-12-04,18:01,3641,17,Salón,Yape,322.0,0
1782,2025-12-04,18:24,9999,19,Salón,Efectivo,160.0,0
1783,2025-12-04,20:37,3575,24,Salón,Yape,138.0,0
1784,2025-12-04,13:09,661,17,Salón,Efectivo,182.0,0
1785,2025-12-04,19:43,3904,3,Delivery propio,Yape,156.0,0
1786,2025-12-04,12:35,2036,3,Para llevar,Tarjeta,108.0,0
1787,2025-12-04,13:54,1209,24,Salón,Efectivo,122.0,0
1788,2025-12-05,13:26,1867,19,Salón,Plin,102.0,0
1789,2025-12-05,15:21,2904,17,Delivery propio,Efectivo,175.0,0
1790,2025-12-05,15:31,2288,19,Para llevar,Efectivo,16.0,0
1791,2025-12-05,19:10,9999,20,Salón,Yape,48.0,0
1792,2025-12-05,19:43,1232,2,Salón,Tarjeta,68.0,0
1793,2025-12-05,20:55,1170,5,Para llevar,Tarjeta,156.0,0
1794,2025-12-05,11:03,765,19,Delivery propio,Efectivo,124.0,0
1795,2025-12-05,13:21,3635,3,Salón,Tarjeta,176.0,0
1796,2025-12-05,15:00,9999,24,Salón,Efectivo,164.0,0
1797,2025-12-05,14:10,2912,2,Delivery propio,Plin,94.0,0
1798,2025-12-05,15:19,1730,7,Salón,Yape,90.0,0
1799,2025-12-05,19:39,3027,22,Salón,Efectivo,59.0,0
1800,2025-12-05,18:49,9999,17,Salón,Yape,127.0,0
1801,2025-12-05,12:34,3695,3,Salón,Efectivo,151.0,0
1802,2025-12-05,15:49,4118,20,Salón,Efectivo,39.0,0
1803,2025-12-05,11:22,9999,2,Salón,Tarjeta,138.0,0
1804,2025-12-05,11:51,1570,19,Salón,Plin,69.0,0
1805,2025-12-05,14:23,5445,18,Salón,Yape,196.0,0
1806,2025-12-05,14:19,3293,22,Para llevar,Efectivo,218.0,0
1807,2025-12-05,15:26,11,16,Salón,Efectivo,105.0,0
1808,2025-12-05,12:51,2971,19,Para llevar,Plin,90.0,0
1809,2025-12-05,20:58,2749,19,Salón,Plin,117.0,0
1810,2025-12-05,12:22,4389,2,Para llevar,Yape,248.0,0
1811,2025-12-05,15:05,2137,18,Salón,Efectivo,64.0,0
1812,2025-12-05,15:29,3302,2,Salón,Yape,198.0,0
1813,2025-12-05,19:44,2644,16,Salón,Yape,70.0,0
1814,2025-12-06,14:15,4752,16,Salón,Efectivo,69.0,0
1815,2025-12-06,19:06,9999,22,Salón,Yape,58.0,0
1816,2025-12-06,12:58,4875,18,Salón,Plin,42.0,0
1817,2025-12-06,14:45,5015,20,Salón,Yape,222.0,0
1818,2025-12-06,12:56,4764,18,Salón,Yape,76.0,0
1819,2025-12-06,18:34,3175,17,Salón,Tarjeta,170.0,0
1820,2025-12-06,18:39,2897,24,Salón,Efectivo,174.0,0
1821,2025-12-06,13:22,788,2,Salón,Plin,46.0,0
1822,2025-12-06,20:13,592,7,Salón,Yape,108.0,0
1823,2025-12-06,14:50,4746,16,Salón,Yape,58.0,0
1824,2025-12-06,14:50,303,5,Salón,Yape,100.0,0
1825,2025-12-06,12:17,2530,5,Para llevar,Yape,126.0,0
1826,2025-12-06,15:46,650,17,Para llevar,Tarjeta,201.0,0
1827,2025-12-06,13:55,2257,19,Para llevar,Tarjeta,156.0,0
1828,2025-12-06,20:17,3575,5,Salón,Plin,36.0,0
1829,2025-12-06,19:54,3271,17,Salón,Yape,244.0,0
1830,2025-12-06,17:13,252,19,Delivery propio,Yape,153.0,0
1831,2025-12-06,18:08,302,3,Salón,Efectivo,139.0,0
1832,2025-12-06,18:04,2974,5,Para llevar,Plin,206.0,0
1833,2025-12-06,14:42,4679,20,Para llevar,Efectivo,200.0,0
1834,2025-12-06,12:46,1232,16,Salón,Tarjeta,42.0,0
1835,2025-12-06,12:54,3526,24,Para llevar,Efectivo,74.0,0
1836,2025-12-06,14:46,2183,7,Para llevar,Yape,212.0,0
1837,2025-12-06,12:15,2466,16,Delivery propio,Yape,54.0,0
1838,2025-12-06,19:21,4834,19,Salón,Efectivo,38.0,0
1839,2025-12-06,11:08,2707,7,Delivery propio,Efectivo,130.0,0
1840,2025-12-06,13:19,2388,3,Salón,Plin,26.0,0
1841,2025-12-06,21:20,490,5,Para llevar,Yape,80.0,0
1842,2025-12-06,15:14,9999,20,Salón,Efectivo,56.0,0
1843,2025-12-06,13:55,676,20,Salón,Efectivo,110.0,0
1844,2025-12-06,12:16,4067,2,Salón,Tarjeta,146.0,0
1845,2025-12-06,19:37,3668,24,Salón,Yape,84.0,0
1846,2025-12-06,11:27,1865,2,Salón,Yape,206.0,0
1847,2025-12-06,20:32,5034,16,Salón,Efectivo,144.0,0
1848,2025-12-06,11:31,3737,3,Salón,Tarjeta,140.0,0
1849,2025-12-06,11:19,4331,22,Delivery propio,Yape,80.0,0
1850,2025-12-06,15:31,9999,2,Para llevar,Tarjeta,118.0,0
1851,2025-12-06,20:43,2774,22,Para llevar,Tarjeta,126.0,0
1852,2025-12-06,13:06,4768,2,Salón,Efectivo,34.0,0
1853,2025-12-06,18:58,2141,3,Para llevar,Plin,180.0,0
1854,2025-12-06,14:30,5307,22,Salón,Efectivo,225.0,0
1855,2025-12-06,14:40,2514,5,Salón,Yape,72.0,0
1856,2025-12-06,19:45,4945,19,Para llevar,Plin,54.0,0
1857,2025-12-06,13:05,1549,2,Para llevar,Yape,80.0,0
1858,2025-12-07,18:07,4864,18,Salón,Efectivo,149.0,0
1859,2025-12-07,20:01,1452,7,Para llevar,Efectivo,158.0,0
1860,2025-12-07,15:10,3645,17,Salón,Efectivo,167.0,0
1861,2025-12-07,16:58,3596,18,Salón,Yape,54.0,0
1862,2025-12-07,16:13,9999,22,Salón,Plin,102.0,0
1863,2025-12-07,12:29,2832,19,Delivery propio,Yape,38.0,0
1864,2025-12-07,20:17,1319,3,Delivery propio,Efectivo,124.0,0
1865,2025-12-07,14:27,5256,2,Salón,Yape,66.0,0
1866,2025-12-07,12:20,1179,7,Para llevar,Efectivo,111.0,0
1867,2025-12-07,18:56,2993,7,Salón,Yape,216.0,0
1868,2025-12-07,11:40,1174,17,Delivery propio,Tarjeta,154.0,0
1869,2025-12-07,13:54,240,20,Salón,Efectivo,234.0,0
1870,2025-12-07,13:55,3933,24,Salón,Yape,114.0,0
1871,2025-12-07,11:28,2740,20,Salón,Efectivo,26.0,0
1872,2025-12-07,14:39,9999,16,Para llevar,Efectivo,70.0,0
1873,2025-12-07,15:25,877,18,Para llevar,Tarjeta,121.0,0
1874,2025-12-07,15:58,381,24,Para llevar,Yape,130.0,0
1875,2025-12-07,15:46,335,17,Salón,Yape,174.0,0
1876,2025-12-07,18:08,2016,16,Para llevar,Tarjeta,143.0,0
1877,2025-12-07,12:56,2029,3,Delivery propio,Tarjeta,132.0,0
1878,2025-12-07,13:20,4058,17,Salón,Tarjeta,70.0,0
1879,2025-12-07,13:52,4987,22,Salón,Plin,254.0,0
1880,2025-12-07,13:12,3460,18,Para llevar,Efectivo,84.0,0
1881,2025-12-07,20:17,3616,24,Para llevar,Efectivo,115.0,0
1882,2025-12-07,14:48,1856,17,Delivery propio,Plin,163.0,0
1883,2025-12-07,13:40,1151,7,Salón,Yape,74.0,0
1884,2025-12-07,15:42,3520,24,Salón,Plin,56.0,0
1885,2025-12-07,20:06,5294,16,Salón,Yape,109.0,0
1886,2025-12-07,12:42,187,3,Salón,Yape,60.0,0
1887,2025-12-07,12:31,5183,20,Salón,Tarjeta,142.0,0
1888,2025-12-07,13:51,1755,3,Para llevar,Efectivo,36.0,0
1889,2025-12-07,17:47,9999,5,Salón,Yape,188.0,0
1890,2025-12-07,15:51,1489,19,Para llevar,Plin,111.0,0
1891,2025-12-07,15:27,3970,5,Salón,Efectivo,172.0,0
1892,2025-12-07,14:47,9999,7,Delivery propio,Tarjeta,9.0,0
1893,2025-12-07,13:06,4205,19,Salón,Efectivo,98.0,0
1894,2025-12-07,15:59,1662,20,Delivery propio,Efectivo,78.0,0
1895,2025-12-07,19:42,244,7,Salón,Efectivo,108.0,0
1896,2025-12-07,16:47,3772,18,Salón,Efectivo,112.0,0
1897,2025-12-07,13:48,2612,24,Para llevar,Yape,198.0,0
1898,2025-12-07,12:24,5303,17,Para llevar,Yape,58.0,0
1899,2025-12-07,18:11,9999,19,Para llevar,Plin,102.0,0
1900,2025-12-07,19:40,2900,5,Salón,Efectivo,116.0,0
1901,2025-12-07,17:29,4691,2,Delivery propio,Efectivo,36.0,0
1902,2025-12-07,16:19,2218,17,Delivery propio,Yape,76.0,0
1903,2025-12-07,14:26,429,2,Para llevar,Tarjeta,109.0,0
1904,2025-12-07,15:29,4825,3,Delivery propio,Efectivo,40.0,0
1905,2025-12-07,16:58,9999,16,Salón,Yape,248.0,0
1906,2025-12-07,19:25,53,17,Salón,Yape,122.0,0
1907,2025-12-07,11:07,653,22,Salón,Tarjeta,126.0,0
1908,2025-12-07,14:50,2299,3,Salón,Yape,208.0,0
1909,2025-12-07,11:24,2819,18,Salón,Yape,112.0,0
1910,2025-12-07,14:23,2552,5,Salón,Yape,125.0,0
1911,2025-12-07,12:12,2340,19,Para llevar,Tarjeta,78.0,0
1912,2025-12-07,12:41,4214,2,Salón,Plin,90.0,0
1913,2025-12-08,15:59,1446,24,Salón,Plin,24.0,0
1914,2025-12-08,12:47,1940,20,Salón,Tarjeta,10.0,0
1915,2025-12-08,19:27,1760,17,Salón,Efectivo,146.0,0
1916,2025-12-08,20:48,129,7,Salón,Yape,96.0,0
1917,2025-12-08,13:11,4711,24,Para llevar,Efectivo,56.0,0
1918,2025-12-08,11:59,3734,20,Salón,Yape,143.0,0
1919,2025-12-08,20:30,4205,17,Delivery propio,Tarjeta,46.0,0
1920,2025-12-08,17:13,1297,3,Salón,Tarjeta,84.0,0
1921,2025-12-08,14:58,1600,7,Salón,Yape,128.0,0
1922,2025-12-08,18:31,802,7,Salón,Plin,86.0,0
1923,2025-12-08,20:12,1453,19,Delivery propio,Plin,176.0,0
1924,2025-12-08,18:41,4282,17,Delivery propio,Yape,88.0,0
1925,2025-12-08,20:15,2423,5,Salón,Efectivo,153.0,0
1926,2025-12-08,14:16,1901,2,Salón,Yape,210.0,0
1927,2025-12-08,19:52,4569,19,Salón,Efectivo,169.0,0
1928,2025-12-08,17:28,2976,2,Salón,Efectivo,68.0,0
1929,2025-12-08,11:47,1529,20,Salón,Plin,80.0,0
1930,2025-12-08,20:17,3091,16,Salón,Tarjeta,86.0,0
1931,2025-12-08,20:51,324,24,Salón,Efectivo,126.0,0
1932,2025-12-08,20:11,5498,3,Para llevar,Efectivo,141.0,0
1933,2025-12-08,14:00,5470,16,Delivery propio,Efectivo,122.0,0
1934,2025-12-08,17:57,877,17,Salón,Yape,140.0,0
1935,2025-12-08,21:00,4065,18,Salón,Yape,185.0,0
1936,2025-12-08,12:01,9999,5,Delivery propio,Efectivo,38.0,0
1937,2025-12-08,14:01,604,22,Para llevar,Tarjeta,162.0,0
1938,2025-12-08,13:05,4979,2,Delivery propio,Yape,100.0,0
1939,2025-12-08,19:38,9999,24,Salón,Yape,148.0,0
1940,2025-12-08,18:19,3472,22,Salón,Tarjeta,151.0,0
1941,2025-12-08,14:35,2836,5,Delivery propio,Tarjeta,124.0,0
1942,2025-12-09,14:30,1796,18,Salón,Yape,230.0,0
1943,2025-12-09,11:09,4366,2,Salón,Tarjeta,155.0,0
1944,2025-12-09,19:55,1838,20,Salón,Yape,76.0,0
1945,2025-12-09,17:28,4044,7,Para llevar,Plin,76.0,0
1946,2025-12-09,11:33,534,22,Salón,Yape,108.0,0
1947,2025-12-09,13:25,112,24,Salón,Plin,146.0,0
1948,2025-12-09,14:50,584,3,Delivery propio,Tarjeta,360.0,0
1949,2025-12-09,16:27,2292,22,Salón,Tarjeta,135.0,0
1950,2025-12-09,21:14,5455,19,Delivery propio,Tarjeta,132.0,0
1951,2025-12-09,12:34,693,16,Salón,Tarjeta,238.0,0
1952,2025-12-09,15:01,2904,16,Delivery propio,Efectivo,150.0,0
1953,2025-12-09,13:12,5012,3,Salón,Tarjeta,108.0,0
1954,2025-12-09,13:04,5427,3,Salón,Tarjeta,54.0,0
1955,2025-12-09,13:37,4711,19,Salón,Tarjeta,114.0,0
1956,2025-12-09,19:59,478,5,Para llevar,Efectivo,170.0,0
1957,2025-12-09,17:29,1524,16,Salón,Tarjeta,371.0,0
1958,2025-12-09,13:49,5249,20,Delivery propio,Efectivo,158.0,0
1959,2025-12-09,20:28,9999,5,Salón,Efectivo,142.0,0
1960,2025-12-09,15:48,5218,16,Para llevar,Yape,113.0,0
1961,2025-12-09,20:10,721,5,Delivery propio,Efectivo,208.0,0
1962,2025-12-09,15:16,3082,3,Delivery propio,Yape,132.0,0
1963,2025-12-09,12:02,3696,17,Salón,Efectivo,46.0,0
1964,2025-12-09,17:43,9999,20,Salón,Tarjeta,156.0,0
1965,2025-12-09,19:55,877,24,Para llevar,Tarjeta,74.0,0
1966,2025-12-10,20:50,3704,2,Delivery propio,Yape,152.0,0
1967,2025-12-10,13:22,4780,17,Salón,Efectivo,150.0,0
1968,2025-12-10,13:49,5207,7,Salón,Tarjeta,210.0,0
1969,2025-12-10,14:10,2709,24,Salón,Efectivo,176.0,0
1970,2025-12-10,14:14,3678,20,Salón,Tarjeta,106.0,0
1971,2025-12-10,12:04,3545,2,Delivery propio,Yape,182.0,0
1972,2025-12-10,12:42,3726,19,Delivery propio,Efectivo,104.0,0
1973,2025-12-10,19:15,4121,19,Salón,Yape,203.0,0
1974,2025-12-10,13:32,3833,20,Salón,Yape,140.0,0
1975,2025-12-10,16:47,3138,16,Salón,Yape,50.0,0
1976,2025-12-10,11:09,2315,16,Salón,Efectivo,120.0,0
1977,2025-12-10,18:36,3603,22,Delivery propio,Efectivo,138.0,0
1978,2025-12-10,19:54,5082,7,Para llevar,Plin,191.0,0
1979,2025-12-10,11:36,9999,5,Salón,Plin,70.0,0
1980,2025-12-10,19:42,3029,22,Para llevar,Yape,24.0,0
1981,2025-12-10,13:26,5159,16,Salón,Yape,279.0,0
1982,2025-12-10,11:13,281,3,Delivery propio,Efectivo,46.0,0
1983,2025-12-10,15:48,4038,5,Delivery propio,Efectivo,94.0,0
1984,2025-12-10,11:30,4436,17,Salón,Efectivo,110.0,0
1985,2025-12-10,16:49,3136,19,Salón,Tarjeta,120.0,0
1986,2025-12-10,12:09,334,20,Salón,Yape,89.0,0
1987,2025-12-10,12:25,9999,18,Para llevar,Efectivo,58.0,0
1988,2025-12-10,20:32,786,20,Salón,Efectivo,102.0,0
1989,2025-12-10,19:51,9999,19,Salón,Yape,163.0,0
1990,2025-12-10,12:19,1906,20,Salón,Tarjeta,30.0,0
1991,2025-12-10,12:11,4466,19,Salón,Tarjeta,108.0,0
1992,2025-12-11,18:02,3461,24,Salón,Yape,206.0,0
1993,2025-12-11,15:51,587,20,Delivery propio,Efectivo,114.0,0
1994,2026-09-28,12:16,5099,5,Salón,Efectivo,50.0,1
1995,2025-12-11,16:26,3605,3,Delivery propio,Plin,38.0,0
1996,2025-12-11,13:38,3757,22,Para llevar,Plin,74.0,0
1997,2025-12-11,13:54,4299,20,Salón,Efectivo,96.0,0
1998,2025-12-11,14:33,1408,5,Salón,Yape,42.0,0
1999,2025-12-11,14:16,1562,18,Salón,Efectivo,134.0,0
2000,2025-12-11,18:31,2766,5,Salón,Efectivo,116.0,0
2001,2025-12-11,19:46,5446,2,Salón,Yape,138.0,0
2002,2025-12-11,13:17,3205,19,Salón,Tarjeta,166.0,0
2003,2025-12-11,20:14,2757,22,Para llevar,Yape,34.0,0
2004,2025-12-11,18:30,1632,7,Para llevar,Efectivo,166.0,0
2005,2025-12-11,19:48,2527,18,Salón,Efectivo,90.0,0
2006,2025-12-11,17:39,3184,2,Salón,Yape,122.0,0
2007,2025-12-11,12:58,3326,17,Salón,Efectivo,49.0,0
2008,2025-12-11,21:25,1652,17,Salón,Efectivo,59.0,0
2009,2025-12-11,13:33,3140,20,Salón,Tarjeta,142.0,0
2010,2025-12-11,12:50,3036,20,Salón,Plin,168.0,0
2011,2025-12-11,19:02,5478,18,Salón,Efectivo,36.0,0
2012,2025-12-11,13:48,3641,7,Salón,Yape,78.0,0
2013,2025-12-11,19:59,495,19,Para llevar,Tarjeta,72.0,0
2014,2025-12-11,14:19,2220,3,Delivery propio,Tarjeta,18.0,0
2015,2025-12-11,14:18,790,22,Salón,Yape,168.0,0
2016,2025-12-11,12:54,607,16,Para llevar,Tarjeta,166.0,0
2017,2025-12-11,14:26,2349,3,Para llevar,Efectivo,170.0,0
2018,2025-12-11,11:32,1008,24,Salón,Yape,38.0,0
2019,2025-12-11,14:48,9999,5,Salón,Yape,134.0,0
2020,2025-12-11,15:56,9999,7,Para llevar,Yape,108.0,0
2021,2025-12-12,13:19,9999,2,Salón,Yape,124.0,0
2022,2025-12-12,19:08,3451,20,Delivery propio,Tarjeta,94.0,0
2023,2025-12-12,11:54,5455,7,Salón,Plin,157.0,0
2024,2025-12-12,13:33,1500,24,Salón,Yape,128.0,0
2025,2025-12-12,18:14,4735,16,Delivery propio,Yape,34.0,0
2026,2025-12-12,15:12,4271,19,Salón,Plin,204.0,0
2027,2025-12-12,17:51,2574,18,Para llevar,Efectivo,144.0,0
2028,2025-12-12,14:22,9999,17,Salón,Efectivo,114.0,0
2029,2025-12-12,11:10,4684,5,Salón,Tarjeta,174.0,0
2030,2025-12-12,18:30,3259,24,Salón,Efectivo,123.0,0
2031,2025-12-12,14:09,612,17,Para llevar,Yape,96.0,0
2032,2025-12-12,20:11,5337,3,Delivery propio,Efectivo,62.0,0
2033,2025-12-12,12:08,945,20,Salón,Efectivo,180.0,0
2034,2025-12-12,18:33,4766,22,Salón,Efectivo,203.0,0
2035,2025-12-12,12:37,4973,18,Salón,Efectivo,60.0,0
2036,2025-12-12,19:23,1476,20,Salón,Yape,30.0,0
2037,2025-12-12,12:19,1201,18,Salón,Efectivo,36.0,0
2038,2025-12-12,14:54,5043,24,Salón,Efectivo,102.0,0
2039,2025-12-12,20:51,4174,2,Delivery propio,Yape,121.0,0
2040,2025-12-12,11:01,3942,7,Salón,Efectivo,58.0,0
2041,2025-12-12,14:42,1989,20,Salón,Efectivo,268.0,0
2042,2025-12-12,16:45,2151,7,Salón,Yape,100.0,0
2043,2025-12-13,12:00,4825,22,Para llevar,Tarjeta,174.0,0
2044,2025-12-13,20:47,4392,3,Salón,Efectivo,66.0,0
2045,2025-12-13,19:55,769,3,Salón,Yape,97.0,0
2046,2025-12-13,19:14,9999,5,Salón,Tarjeta,88.0,0
2047,2025-12-13,13:30,2489,5,Salón,Yape,192.0,0
2048,2025-12-13,13:18,9999,16,Salón,Tarjeta,69.0,0
2049,2025-12-13,17:30,1601,5,Salón,Yape,32.0,0
2050,2025-12-13,11:27,2712,2,Delivery propio,Tarjeta,181.0,0
2051,2025-12-13,19:01,2340,22,Para llevar,Tarjeta,118.0,0
2052,2025-12-13,12:20,9999,19,Salón,Plin,82.0,0
2053,2025-12-13,14:11,3752,3,Para llevar,Efectivo,86.0,0
2054,2025-12-13,16:38,1910,17,Para llevar,Yape,55.0,0
2055,2025-12-13,13:51,5178,2,Salón,Yape,133.0,0
2056,2025-12-13,11:48,4722,24,Salón,Efectivo,70.0,0
2057,2025-12-13,14:17,4508,24,Salón,Efectivo,220.0,0
2058,2025-12-13,20:41,9999,17,Para llevar,Yape,134.0,0
2059,2025-12-13,13:05,240,16,Salón,Yape,153.0,0
2060,2025-12-13,11:49,158,17,Salón,Efectivo,216.0,0
2061,2025-12-13,11:52,4744,17,Salón,Efectivo,140.0,0
2062,2025-12-13,19:09,4975,22,Para llevar,Plin,124.0,0
2063,2025-12-13,14:01,4537,16,Salón,Tarjeta,91.0,0
2064,2026-09-28,14:51,1539,3,Salón,Efectivo,60.0,1
2065,2025-12-13,12:17,5224,19,Delivery propio,Tarjeta,156.0,0
2066,2025-12-13,12:47,1853,18,Delivery propio,Yape,160.0,0
2067,2025-12-13,19:16,3405,5,Para llevar,Efectivo,170.0,0
2068,2025-12-13,19:06,3290,2,Delivery propio,Yape,180.0,0
2069,2025-12-13,20:34,1556,2,Delivery propio,Efectivo,116.0,0
2070,2025-12-13,14:31,9999,7,Salón,Yape,185.0,0
2071,2025-12-13,16:47,9999,2,Salón,Efectivo,68.0,0
2072,2025-12-13,14:51,272,3,Para llevar,Efectivo,238.0,0
2073,2025-12-13,13:12,9999,5,Delivery propio,Efectivo,120.0,0
2074,2025-12-13,15:47,1924,20,Delivery propio,Yape,128.0,0
2075,2025-12-13,13:30,4948,24,Salón,Tarjeta,184.0,0
2076,2025-12-13,11:16,4509,20,Salón,Tarjeta,177.0,0
2077,2025-12-13,15:36,4642,3,Salón,Efectivo,176.0,0
2078,2025-12-13,14:00,4479,19,Delivery propio,Yape,158.0,0
2079,2025-12-13,21:01,9999,3,Salón,Yape,127.0,0
2080,2025-12-13,13:17,2754,5,Salón,Efectivo,84.0,0
2081,2025-12-14,12:10,1636,22,Delivery propio,Tarjeta,180.0,0
2082,2025-12-14,14:40,3631,16,Salón,Tarjeta,90.0,0
2083,2025-12-14,12:53,492,5,Salón,Efectivo,100.0,0
2084,2025-12-14,20:07,1166,19,Para llevar,Tarjeta,164.0,0
2085,2025-12-14,13:45,1885,22,Para llevar,Tarjeta,186.0,0
2086,2025-12-14,15:28,5138,16,Delivery propio,Tarjeta,81.0,0
2087,2025-12-14,16:55,627,20,Para llevar,Efectivo,96.0,0
2088,2025-12-14,20:39,3495,19,Para llevar,Efectivo,94.0,0
2089,2025-12-14,15:14,5140,2,Para llevar,Efectivo,125.0,0
2090,2025-12-14,12:57,370,22,Salón,Plin,126.0,0
2091,2025-12-14,19:04,1793,18,Salón,Efectivo,16.0,0
2092,2025-12-14,13:18,4940,24,Delivery propio,Plin,136.0,0
2093,2025-12-14,14:00,3866,16,Para llevar,Tarjeta,146.0,0
2094,2025-12-14,12:56,2776,24,Delivery propio,Efectivo,88.0,0
2095,2025-12-14,17:24,4006,20,Delivery propio,Plin,178.0,0
2096,2025-12-14,20:54,2680,7,Salón,Tarjeta,34.0,0
2097,2025-12-14,19:18,3631,20,Para llevar,Tarjeta,94.0,0
2098,2025-12-14,13:10,79,3,Salón,Tarjeta,61.0,0
2099,2025-12-14,17:16,9999,3,Salón,Yape,282.0,0
2100,2025-12-14,13:42,2056,22,Salón,Plin,62.0,0
2101,2025-12-14,13:37,3296,20,Salón,Tarjeta,128.0,0
2102,2025-12-14,19:51,2470,20,Salón,Yape,180.0,0
2103,2025-12-14,19:40,1214,2,Salón,Yape,60.0,0
2104,2025-12-14,21:19,1875,17,Salón,Efectivo,125.0,0
2105,2025-12-14,15:36,335,18,Delivery propio,Efectivo,18.0,0
2106,2025-12-14,11:24,9999,19,Delivery propio,Efectivo,36.0,0
2107,2025-12-14,20:32,3866,20,Delivery propio,Yape,46.0,0
2108,2025-12-14,12:21,688,24,Salón,Plin,200.0,0
2109,2025-12-14,13:40,2293,24,Salón,Plin,158.0,0
2110,2025-12-14,18:53,75,22,Salón,Efectivo,116.0,0
2111,2025-12-14,21:47,578,17,Salón,Yape,120.0,0
2112,2025-12-14,15:16,5255,5,Delivery propio,Efectivo,283.0,0
2113,2025-12-14,15:14,1770,7,Salón,Efectivo,30.0,0
2114,2025-12-14,13:05,1667,17,Salón,Efectivo,114.0,0
2115,2025-12-14,14:08,3949,24,Salón,Efectivo,120.0,0
2116,2025-12-15,13:53,441,16,Salón,Tarjeta,145.0,0
2117,2025-12-15,19:41,4961,3,Salón,Yape,273.0,0
2118,2025-12-15,13:30,3972,20,Delivery propio,Efectivo,34.0,0
2119,2025-12-15,14:55,2578,17,Para llevar,Plin,84.0,0
2120,2025-12-15,14:35,1047,17,Salón,Efectivo,28.0,0
2121,2025-12-15,20:30,3210,20,Delivery propio,Efectivo,252.0,0
2122,2025-12-15,14:03,3623,19,Salón,Tarjeta,62.0,0
2123,2025-12-15,14:16,2838,22,Salón,Plin,10.0,0
2124,2025-12-15,18:04,3933,2,Salón,Tarjeta,62.0,0
2125,2025-12-15,13:21,9999,17,Salón,Tarjeta,10.0,0
2126,2025-12-15,11:31,1789,17,Salón,Efectivo,196.0,0
2127,2025-12-15,17:42,4007,22,Salón,Plin,206.0,0
2128,2025-12-15,12:13,9999,19,Salón,Efectivo,91.0,0
2129,2025-12-15,16:09,1909,24,Para llevar,Efectivo,57.0,0
2130,2025-12-15,14:47,3008,18,Salón,Efectivo,200.0,0
2131,2025-12-15,19:52,2311,2,Salón,Tarjeta,84.0,0
2132,2025-12-15,20:55,4289,2,Para llevar,Efectivo,58.0,0
2133,2025-12-15,15:28,4413,3,Salón,Yape,72.0,0
2134,2025-12-15,13:06,3573,20,Para llevar,Yape,94.0,0
2135,2025-12-15,13:10,3838,20,Salón,Efectivo,32.0,0
2136,2025-12-15,21:32,2399,5,Para llevar,Plin,16.0,0
2137,2025-12-15,19:25,4837,16,Para llevar,Efectivo,84.0,0
2138,2025-12-15,13:01,3394,16,Delivery propio,Efectivo,112.0,0
2139,2025-12-15,19:54,2388,16,Para llevar,Efectivo,69.0,0
2140,2025-12-15,12:52,3358,16,Salón,Plin,134.0,0
2141,2025-12-15,18:06,5002,20,Salón,Yape,137.0,0
2142,2025-12-15,12:11,4624,16,Salón,Tarjeta,20.0,0
2143,2025-12-15,13:37,2014,18,Salón,Yape,52.0,0
2144,2025-12-16,11:12,3346,18,Para llevar,Plin,227.0,0
2145,2025-12-16,13:42,9999,2,Delivery propio,Plin,16.0,0
2146,2025-12-16,21:19,3437,19,Salón,Yape,246.0,0
2147,2025-12-16,15:43,1170,17,Para llevar,Efectivo,102.0,0
2148,2025-12-16,13:29,1696,5,Salón,Efectivo,152.0,0
2149,2026-09-28,11:52,4918,5,Salón,Efectivo,52.0,1
2150,2025-12-16,14:03,4088,19,Para llevar,Yape,246.0,0
2151,2025-12-16,16:03,3048,3,Para llevar,Tarjeta,221.0,0
2152,2025-12-16,20:13,2341,7,Salón,Yape,202.0,0
2153,2025-12-16,21:46,5165,16,Salón,Tarjeta,86.0,0
2154,2025-12-16,14:49,81,19,Para llevar,Yape,196.0,0
2155,2025-12-16,16:15,496,24,Salón,Efectivo,224.0,0
2156,2025-12-16,14:56,9999,5,Para llevar,Tarjeta,146.0,0
2157,2025-12-16,12:41,9999,7,Salón,Efectivo,52.0,0
2158,2025-12-16,20:51,3951,22,Para llevar,Efectivo,93.0,0
2159,2025-12-16,14:00,259,3,Para llevar,Efectivo,182.0,0
2160,2025-12-16,13:10,4199,19,Para llevar,Efectivo,151.0,0
2161,2025-12-16,19:13,2701,19,Para llevar,Tarjeta,100.0,0
2162,2025-12-17,12:36,1492,19,Salón,Plin,170.0,0
2163,2025-12-17,19:16,9999,7,Delivery propio,Tarjeta,110.0,0
2164,2025-12-17,14:43,352,5,Salón,Yape,106.0,0
2165,2025-12-17,11:16,4004,22,Salón,Plin,202.0,0
2166,2025-12-17,14:32,5107,17,Salón,Efectivo,30.0,0
2167,2025-12-17,12:42,5184,19,Salón,Yape,195.0,0
2168,2025-12-17,11:14,9999,2,Delivery propio,Yape,53.0,0
2169,2025-12-17,18:05,130,24,Salón,Tarjeta,74.0,0
2170,2026-09-28,13:22,4638,20,Para llevar,Efectivo,116.0,1
2171,2025-12-17,19:25,4677,19,Delivery propio,Efectivo,276.0,0
2172,2025-12-17,16:18,3142,17,Salón,Efectivo,162.0,0
2173,2025-12-17,13:32,218,18,Salón,Efectivo,243.0,0
2174,2025-12-17,20:36,4684,3,Salón,Tarjeta,72.0,0
2175,2025-12-17,20:14,1222,20,Salón,Yape,88.0,0
2176,2025-12-17,16:39,52,22,Delivery propio,Efectivo,22.0,0
2177,2025-12-17,14:55,357,22,Salón,Yape,38.0,0
2178,2025-12-17,15:59,2852,19,Delivery propio,Yape,104.0,0
2179,2025-12-17,13:59,1550,5,Para llevar,Efectivo,34.0,0
2180,2025-12-17,13:00,4479,3,Para llevar,Efectivo,116.0,0
2181,2025-12-18,20:05,2136,20,Salón,Yape,84.0,0
2182,2025-12-18,13:23,4953,16,Salón,Yape,149.0,0
2183,2025-12-18,14:09,1815,16,Salón,Yape,162.0,0
2184,2025-12-18,19:08,669,7,Delivery propio,Yape,37.0,0
2185,2025-12-18,13:38,1042,5,Para llevar,Yape,50.0,0
2186,2025-12-18,20:59,568,17,Para llevar,Tarjeta,247.0,0
2187,2025-12-18,16:53,2279,7,Salón,Tarjeta,56.0,0
2188,2025-12-18,14:59,2756,18,Para llevar,Yape,84.0,0
2189,2025-12-18,14:53,3757,17,Salón,Plin,135.0,0
2190,2025-12-18,14:08,1359,5,Para llevar,Yape,118.0,0
2191,2025-12-18,13:32,2396,7,Salón,Yape,146.0,0
2192,2025-12-18,19:52,1780,5,Salón,Tarjeta,44.0,0
2193,2025-12-18,13:34,3774,19,Salón,Yape,204.0,0
2194,2025-12-18,12:43,3599,17,Salón,Tarjeta,200.0,0
2195,2025-12-18,18:07,4273,20,Salón,Efectivo,121.0,0
2196,2025-12-18,20:12,1696,20,Delivery propio,Tarjeta,210.0,0
2197,2025-12-18,14:59,429,17,Salón,Yape,45.0,0
2198,2025-12-18,11:36,877,5,Salón,Efectivo,101.0,0
2199,2025-12-18,19:00,4779,17,Salón,Tarjeta,54.0,0
2200,2025-12-18,20:37,3025,20,Para llevar,Efectivo,114.0,0
2201,2025-12-19,18:25,3442,5,Salón,Plin,56.0,0
2202,2025-12-19,18:18,693,17,Delivery propio,Yape,62.0,0
2203,2025-12-19,15:13,3267,18,Salón,Efectivo,77.0,0
2204,2025-12-19,13:40,451,20,Delivery propio,Yape,226.0,0
2205,2025-12-19,16:19,832,2,Salón,Yape,228.0,0
2206,2025-12-19,12:42,3053,18,Delivery propio,Tarjeta,134.0,0
2207,2025-12-19,19:50,564,3,Salón,Efectivo,138.0,0
2208,2025-12-19,15:44,566,5,Salón,Yape,52.0,0
2209,2025-12-19,17:57,567,22,Para llevar,Tarjeta,211.0,0
2210,2025-12-19,13:20,1086,3,Salón,Tarjeta,68.0,0
2211,2025-12-19,15:04,899,5,Salón,Efectivo,86.0,0
2212,2025-12-19,18:09,9999,24,Salón,Tarjeta,72.0,0
2213,2025-12-19,14:27,2100,17,Delivery propio,Tarjeta,216.0,0
2214,2025-12-19,12:41,1178,17,Delivery propio,Efectivo,66.0,0
2215,2025-12-19,11:01,1591,19,Para llevar,Efectivo,82.0,0
2216,2025-12-19,12:08,3411,20,Delivery propio,Yape,58.0,0
2217,2025-12-19,12:06,4596,24,Salón,Yape,156.0,0
2218,2025-12-19,14:37,1992,5,Salón,Yape,167.0,0
2219,2025-12-19,18:10,3200,19,Salón,Tarjeta,248.0,0
2220,2025-12-19,11:27,4852,18,Para llevar,Efectivo,72.0,0
2221,2025-12-19,13:36,2232,3,Delivery propio,Plin,221.0,0
2222,2025-12-19,13:19,2836,20,Salón,Tarjeta,56.0,0
2223,2025-12-19,15:42,3371,7,Salón,Yape,18.0,0
2224,2025-12-19,18:35,193,16,Para llevar,Tarjeta,28.0,0
2225,2025-12-19,20:04,645,2,Para llevar,Efectivo,144.0,0
2226,2025-12-19,14:04,5352,19,Salón,Efectivo,86.0,0
2227,2025-12-19,18:10,1148,24,Para llevar,Efectivo,179.0,0
2228,2025-12-19,14:51,3451,3,Para llevar,Yape,107.0,0
2229,2025-12-19,14:15,4012,5,Salón,Efectivo,76.0,0
2230,2025-12-20,19:12,2220,7,Salón,Yape,142.0,0
2231,2025-12-20,13:04,807,2,Salón,Plin,110.0,0
2232,2025-12-20,18:54,9999,18,Para llevar,Efectivo,145.0,0
2233,2025-12-20,19:38,4689,5,Salón,Tarjeta,116.0,0
2234,2025-12-20,19:53,3354,3,Salón,Efectivo,229.0,0
2235,2025-12-20,12:16,9999,19,Para llevar,Tarjeta,160.0,0
2236,2025-12-20,19:05,3511,22,Delivery propio,Tarjeta,134.0,0
2237,2025-12-20,14:25,687,18,Delivery propio,Yape,66.0,0
2238,2025-12-20,19:42,4344,24,Salón,Efectivo,190.0,0
2239,2025-12-20,21:38,9999,16,Salón,Tarjeta,63.0,0
2240,2025-12-20,17:07,5217,24,Salón,Yape,94.0,0
2241,2025-12-20,15:04,2108,17,Salón,Yape,210.0,0
2242,2025-12-20,12:52,273,20,Salón,Tarjeta,76.0,0
2243,2025-12-20,14:17,660,18,Para llevar,Efectivo,245.0,0
2244,2025-12-20,20:14,354,24,Delivery propio,Yape,116.0,0
2245,2025-12-20,18:38,4479,22,Salón,Efectivo,108.0,0
2246,2025-12-20,19:39,2248,3,Para llevar,Efectivo,205.0,0
2247,2025-12-20,19:10,1477,17,Salón,Efectivo,8.0,0
2248,2025-12-20,18:34,3781,19,Delivery propio,Yape,117.0,0
2249,2026-09-28,18:32,4094,7,Delivery propio,Tarjeta,230.0,1
2250,2025-12-20,18:30,9999,17,Para llevar,Plin,106.0,0
2251,2025-12-20,13:28,4890,5,Salón,Yape,252.0,0
2252,2025-12-20,17:07,2400,2,Salón,Efectivo,82.0,0
2253,2025-12-20,14:20,4562,24,Para llevar,Tarjeta,146.0,0
2254,2025-12-20,12:15,5317,18,Para llevar,Yape,38.0,0
2255,2025-12-20,20:17,550,19,Delivery propio,Plin,95.0,0
2256,2025-12-20,15:58,5256,2,Salón,Tarjeta,30.0,0
2257,2025-12-20,17:43,5436,24,Salón,Efectivo,210.0,0
2258,2025-12-20,12:49,1900,17,Salón,Plin,42.0,0
2259,2025-12-20,13:15,2987,22,Salón,Yape,111.0,0
2260,2025-12-20,11:08,614,18,Salón,Yape,118.0,0
2261,2025-12-20,17:32,2674,22,Para llevar,Efectivo,112.0,0
2262,2025-12-20,20:42,1609,19,Salón,Plin,106.0,0
2263,2025-12-20,13:01,4988,7,Delivery propio,Yape,244.0,0
2264,2025-12-20,20:51,1529,16,Salón,Efectivo,106.0,0
2265,2025-12-20,13:33,4283,20,Salón,Yape,79.0,0
2266,2025-12-20,12:19,3071,7,Salón,Plin,58.0,0
2267,2025-12-20,11:48,4610,5,Salón,Efectivo,112.0,0
2268,2025-12-20,14:45,2795,2,Para llevar,Efectivo,88.0,0
2269,2025-12-20,21:54,2093,2,Salón,Efectivo,234.0,0
2270,2025-12-20,15:57,5016,2,Para llevar,Yape,184.0,0
2271,2025-12-20,12:35,5485,3,Salón,Yape,112.0,0
2272,2025-12-20,16:39,761,20,Salón,Tarjeta,138.0,0
2273,2025-12-20,16:55,2361,17,Salón,Tarjeta,96.0,0
2274,2025-12-20,12:46,9999,17,Para llevar,Efectivo,120.0,0
2275,2025-12-20,14:54,2774,16,Salón,Plin,98.0,0
2276,2025-12-20,16:43,3201,17,Para llevar,Yape,97.0,0
2277,2025-12-20,18:58,2790,19,Salón,Yape,106.0,0
2278,2025-12-20,15:53,9999,19,Salón,Efectivo,38.0,0
2279,2025-12-21,14:41,1969,24,Salón,Efectivo,162.0,0
2280,2025-12-21,17:41,235,5,Para llevar,Plin,94.0,0
2281,2025-12-21,14:58,1267,5,Delivery propio,Efectivo,6.0,0
2282,2025-12-21,20:34,2319,2,Salón,Yape,178.0,0
2283,2025-12-21,11:04,54,2,Salón,Plin,114.0,0
2284,2025-12-21,17:39,1672,18,Salón,Yape,144.0,0
2285,2025-12-21,13:39,9999,18,Para llevar,Efectivo,100.0,0
2286,2025-12-21,21:18,1096,17,Salón,Tarjeta,141.0,0
2287,2025-12-21,17:38,4723,5,Salón,Efectivo,232.0,0
2288,2025-12-21,12:59,753,2,Salón,Yape,110.0,0
2289,2025-12-21,15:41,4479,2,Para llevar,Efectivo,141.0,0
2290,2025-12-21,19:18,9999,17,Salón,Yape,50.0,0
2291,2025-12-21,15:19,9999,19,Para llevar,Efectivo,224.0,0
2292,2025-12-21,13:02,877,19,Salón,Plin,84.0,0
2293,2025-12-21,13:49,556,3,Salón,Tarjeta,72.0,0
2294,2025-12-21,12:29,822,16,Salón,Efectivo,210.0,0
2295,2025-12-21,19:36,3602,16,Salón,Efectivo,114.0,0
2296,2025-12-21,13:11,5197,5,Para llevar,Yape,84.0,0
2297,2025-12-21,15:55,9999,20,Delivery propio,Yape,70.0,0
2298,2025-12-21,14:17,4033,20,Salón,Yape,90.0,0
2299,2025-12-21,16:43,9999,16,Delivery propio,Efectivo,32.0,0
2300,2025-12-21,18:22,2957,7,Delivery propio,Efectivo,228.0,0
2301,2025-12-21,13:10,566,16,Salón,Tarjeta,30.0,0
2302,2025-12-21,13:11,642,2,Salón,Tarjeta,78.0,0
2303,2025-12-21,13:08,776,3,Para llevar,Tarjeta,102.0,0
2304,2025-12-21,17:22,1825,5,Para llevar,Yape,65.0,0
2305,2025-12-21,16:21,1086,24,Salón,Yape,86.0,0
2306,2025-12-21,19:38,1676,19,Delivery propio,Yape,88.0,0
2307,2025-12-21,12:47,2717,17,Salón,Yape,28.0,0
2308,2025-12-21,11:19,972,3,Salón,Yape,62.0,0
2309,2025-12-21,11:27,1336,2,Delivery propio,Yape,142.0,0
2310,2025-12-21,13:05,9999,17,Salón,Yape,94.0,0
2311,2025-12-21,19:25,417,19,Salón,Efectivo,108.0,0
2312,2025-12-21,13:29,4982,19,Delivery propio,Yape,148.0,0
2313,2025-12-21,13:48,4306,24,Salón,Efectivo,62.0,0
2314,2025-12-21,11:09,2952,18,Salón,Yape,288.0,0
2315,2025-12-21,15:34,607,16,Salón,Tarjeta,108.0,0
2316,2025-12-21,18:58,4479,2,Salón,Plin,67.0,0
2317,2025-12-21,20:45,46,18,Delivery propio,Plin,66.0,0
2318,2025-12-21,17:52,1232,20,Delivery propio,Efectivo,136.0,0
2319,2025-12-21,14:30,3460,5,Salón,Efectivo,167.0,0
2320,2025-12-21,15:55,1322,7,Delivery propio,Efectivo,147.0,0
2321,2025-12-21,12:33,2330,5,Salón,Plin,180.0,0
2322,2025-12-21,14:20,610,24,Salón,Yape,112.0,0
2323,2025-12-21,20:51,3585,19,Para llevar,Yape,208.0,0
2324,2025-12-21,20:12,3314,22,Salón,Yape,108.0,0
2325,2025-12-21,14:41,1724,16,Delivery propio,Efectivo,46.0,0
2326,2025-12-21,13:37,3980,22,Salón,Plin,194.0,0
2327,2025-12-21,14:40,3743,19,Salón,Tarjeta,38.0,0
2328,2025-12-21,14:41,5430,17,Para llevar,Tarjeta,156.0,0
2329,2025-12-21,17:53,5405,2,Delivery propio,Yape,74.0,0
2330,2025-12-21,13:32,298,24,Para llevar,Plin,74.0,0
2331,2025-12-21,11:06,1198,17,Salón,Tarjeta,62.0,0
2332,2025-12-21,14:19,190,7,Delivery propio,Efectivo,236.0,0
2333,2025-12-21,19:54,556,18,Salón,Yape,64.0,0
2334,2025-12-21,14:33,2965,2,Para llevar,Efectivo,76.0,0
2335,2025-12-21,19:12,3970,7,Salón,Efectivo,67.0,0
2336,2025-12-21,21:27,135,2,Salón,Plin,74.0,0
2337,2025-12-22,13:54,346,7,Para llevar,Yape,224.0,0
2338,2025-12-22,13:45,2732,3,Salón,Yape,94.0,0
2339,2025-12-22,14:12,4745,17,Salón,Yape,66.0,0
2340,2025-12-22,15:34,994,16,Salón,Yape,123.0,0
2341,2025-12-22,14:13,4242,18,Para llevar,Efectivo,118.0,0
2342,2025-12-22,14:51,53,3,Salón,Yape,58.0,0
2343,2025-12-22,19:25,54,20,Salón,Tarjeta,50.0,0
2344,2025-12-22,13:40,2974,19,Salón,Efectivo,136.0,0
2345,2025-12-22,17:44,2906,22,Salón,Tarjeta,150.0,0
2346,2025-12-22,12:33,2017,22,Para llevar,Tarjeta,72.0,0
2347,2025-12-22,18:59,2733,19,Salón,Tarjeta,166.0,0
2348,2025-12-22,15:14,3320,5,Salón,Efectivo,18.0,0
2349,2025-12-22,15:21,4903,19,Salón,Efectivo,254.0,0
2350,2025-12-22,13:00,9999,3,Salón,Tarjeta,236.0,0
2351,2025-12-22,13:19,4975,7,Salón,Efectivo,152.0,0
2352,2025-12-22,14:46,9999,22,Salón,Tarjeta,77.0,0
2353,2025-12-22,14:16,301,19,Delivery propio,Plin,287.0,0
2354,2025-12-22,19:36,1198,18,Salón,Yape,110.0,0
2355,2025-12-22,18:51,2135,2,Salón,Tarjeta,38.0,0
2356,2025-12-22,13:33,2184,17,Salón,Yape,22.0,0
2357,2025-12-22,14:45,9999,24,Para llevar,Efectivo,58.0,0
2358,2025-12-22,20:23,4562,20,Delivery propio,Yape,115.0,0
2359,2025-12-22,13:39,4970,3,Delivery propio,Efectivo,153.0,0
2360,2025-12-23,12:21,877,16,Para llevar,Plin,154.0,0
2361,2025-12-23,16:19,2967,20,Para llevar,Efectivo,200.0,0
2362,2025-12-23,13:35,90,7,Salón,Tarjeta,88.0,0
2363,2025-12-23,13:10,4934,24,Para llevar,Tarjeta,98.0,0
2364,2025-12-23,13:04,2294,19,Salón,Efectivo,108.0,0
2365,2025-12-23,14:38,3482,3,Salón,Tarjeta,127.0,0
2366,2025-12-23,13:01,4772,24,Salón,Efectivo,96.0,0
2367,2025-12-23,16:08,1591,20,Delivery propio,Tarjeta,92.0,0
2368,2025-12-23,12:41,3007,20,Para llevar,Plin,106.0,0
2369,2025-12-23,18:57,573,24,Salón,Efectivo,127.0,0
2370,2025-12-23,15:53,9999,7,Salón,Yape,141.0,0
2371,2025-12-23,17:09,115,16,Salón,Tarjeta,216.0,0
2372,2025-12-23,14:01,4511,16,Salón,Plin,118.0,0
2373,2025-12-23,14:32,4,16,Delivery propio,Tarjeta,24.0,0
2374,2025-12-23,19:37,5052,22,Delivery propio,Efectivo,196.0,0
2375,2025-12-23,13:04,2374,3,Salón,Efectivo,66.0,0
2376,2025-12-23,19:23,997,7,Salón,Tarjeta,50.0,0
2377,2025-12-23,11:33,4774,2,Salón,Tarjeta,90.0,0
2378,2025-12-23,19:40,3581,2,Delivery propio,Yape,60.0,0
2379,2025-12-23,21:45,2763,2,Salón,Efectivo,216.0,0
2380,2025-12-23,11:53,4022,3,Para llevar,Efectivo,280.0,0
2381,2025-12-23,19:58,2268,17,Salón,Tarjeta,182.0,0
2382,2025-12-24,14:23,4486,19,Para llevar,Yape,156.0,0
2383,2025-12-24,17:03,2023,2,Salón,Yape,191.0,0
2384,2025-12-24,20:52,9999,2,Salón,Efectivo,233.0,0
2385,2025-12-24,13:16,4591,5,Salón,Yape,69.0,0
2386,2025-12-24,12:45,2049,19,Delivery propio,Yape,86.0,0
2387,2025-12-24,16:09,3581,16,Salón,Yape,92.0,0
2388,2025-12-24,17:48,4479,22,Salón,Plin,64.0,0
2389,2025-12-24,15:49,9999,20,Salón,Efectivo,40.0,0
2390,2025-12-24,20:08,1952,17,Salón,Tarjeta,112.0,0
2391,2025-12-24,18:09,3869,20,Delivery propio,Efectivo,75.0,0
2392,2025-12-24,11:19,3530,16,Para llevar,Efectivo,88.0,0
2393,2025-12-24,19:39,4741,22,Salón,Tarjeta,90.0,0
2394,2025-12-24,11:14,9999,18,Para llevar,Yape,278.0,0
2395,2025-12-24,13:49,2796,24,Salón,Efectivo,52.0,0
2396,2025-12-24,15:35,3750,17,Salón,Efectivo,170.0,0
2397,2025-12-24,14:09,3879,18,Salón,Plin,42.0,0
2398,2025-12-24,14:30,4105,24,Salón,Tarjeta,62.0,0
2399,2025-12-24,12:39,3879,19,Delivery propio,Tarjeta,90.0,0
2400,2025-12-24,17:58,9999,3,Delivery propio,Plin,136.0,0
2401,2025-12-24,14:40,9999,22,Salón,Yape,194.0,0
2402,2025-12-24,17:13,9999,20,Salón,Tarjeta,277.0,0
2403,2025-12-24,14:19,200,24,Delivery propio,Plin,166.0,0
2404,2025-12-24,14:50,504,16,Para llevar,Efectivo,208.0,0
2405,2025-12-24,17:05,2221,24,Salón,Yape,261.0,0
2406,2025-12-24,21:39,832,17,Delivery propio,Yape,54.0,0
2407,2025-12-24,18:33,5281,16,Para llevar,Tarjeta,261.0,0
2408,2025-12-24,15:33,4255,20,Salón,Yape,104.0,0
2409,2025-12-24,20:27,2978,7,Salón,Plin,108.0,0
2410,2025-12-25,14:00,582,18,Delivery propio,Yape,74.0,0
2411,2025-12-25,17:28,9999,19,Salón,Tarjeta,288.0,0
2412,2025-12-25,12:59,2133,2,Salón,Efectivo,98.0,0
2413,2025-12-25,14:46,613,19,Salón,Yape,66.0,0
2414,2025-12-25,18:46,4917,5,Salón,Yape,119.0,0
2415,2025-12-25,19:24,1159,17,Delivery propio,Efectivo,90.0,0
2416,2025-12-25,17:48,9999,16,Salón,Plin,180.0,0
2418,2025-12-25,20:41,2421,16,Salón,Plin,60.0,0
2419,2025-12-25,16:27,2889,3,Salón,Efectivo,72.0,0
2420,2025-12-25,14:48,3235,5,Para llevar,Yape,168.0,0
2421,2025-12-25,13:04,1918,24,Para llevar,Plin,156.0,0
2422,2025-12-25,21:35,3734,2,Salón,Plin,250.0,0
2423,2025-12-25,15:04,2928,7,Salón,Efectivo,292.0,0
2424,2025-12-25,19:23,2103,18,Salón,Efectivo,292.0,0
2425,2025-12-25,20:37,1186,3,Salón,Yape,72.0,0
2426,2025-12-25,13:36,4903,24,Salón,Yape,52.0,0
2427,2025-12-25,15:08,4426,24,Para llevar,Yape,179.0,0
2428,2025-12-25,18:49,4535,18,Para llevar,Tarjeta,24.0,0
2429,2025-12-25,19:35,818,18,Para llevar,Efectivo,117.0,0
2430,2025-12-25,12:11,3263,18,Para llevar,Efectivo,118.0,0
2431,2025-12-25,21:49,3803,17,Delivery propio,Yape,98.0,0
2432,2025-12-25,15:54,9999,3,Salón,Yape,152.0,0
2433,2025-12-25,13:41,3573,19,Para llevar,Plin,186.0,0
2434,2025-12-26,14:38,5250,5,Salón,Tarjeta,66.0,0
2435,2025-12-26,18:29,188,2,Para llevar,Plin,70.0,0
2436,2025-12-26,11:59,2084,19,Para llevar,Efectivo,200.0,0
2437,2025-12-26,21:38,2134,3,Para llevar,Efectivo,93.0,0
2438,2025-12-26,17:02,9999,16,Salón,Plin,68.0,0
2439,2025-12-26,20:20,214,20,Salón,Tarjeta,95.0,0
2440,2025-12-26,17:41,9999,17,Delivery propio,Yape,221.0,0
2441,2025-12-26,14:15,4864,17,Salón,Efectivo,140.0,0
2442,2025-12-26,12:52,1852,19,Delivery propio,Yape,106.0,0
2443,2025-12-26,11:21,3544,20,Salón,Tarjeta,140.0,0
2444,2025-12-26,19:53,2272,20,Salón,Plin,72.0,0
2445,2025-12-26,11:14,3225,19,Salón,Plin,46.0,0
2446,2025-12-26,14:44,4880,18,Salón,Tarjeta,100.0,0
2447,2025-12-26,17:21,1395,20,Salón,Yape,38.0,0
2448,2025-12-26,12:28,4154,19,Salón,Tarjeta,158.0,0
2449,2025-12-26,20:24,5074,17,Salón,Efectivo,213.0,0
2450,2025-12-26,13:10,2296,17,Delivery propio,Yape,51.0,0
2451,2025-12-26,13:19,2902,19,Salón,Efectivo,174.0,0
2452,2025-12-26,17:12,825,2,Para llevar,Yape,83.0,0
2453,2025-12-26,21:51,1958,5,Para llevar,Efectivo,18.0,0
2454,2025-12-26,13:50,1644,24,Salón,Efectivo,86.0,0
2455,2025-12-26,14:30,1121,22,Salón,Plin,196.0,0
2456,2025-12-26,18:23,416,19,Para llevar,Tarjeta,50.0,0
2457,2025-12-26,15:04,5229,22,Salón,Yape,160.0,0
2458,2025-12-26,16:20,3486,24,Delivery propio,Tarjeta,99.0,0
2459,2025-12-26,15:24,2793,17,Salón,Efectivo,36.0,0
2460,2025-12-26,13:31,2697,7,Salón,Plin,212.0,0
2461,2025-12-26,19:19,1383,7,Delivery propio,Efectivo,84.0,0
2462,2025-12-26,12:17,3554,18,Salón,Efectivo,28.0,0
2463,2025-12-26,14:02,1093,3,Salón,Efectivo,125.0,0
2464,2025-12-26,17:39,1405,16,Salón,Efectivo,53.0,0
2465,2025-12-26,21:19,9999,20,Salón,Efectivo,47.0,0
2466,2025-12-26,14:01,3366,17,Salón,Efectivo,111.0,0
2467,2025-12-26,20:15,4570,20,Salón,Yape,88.0,0
2468,2025-12-26,14:18,5210,16,Salón,Efectivo,170.0,0
2469,2025-12-27,19:02,1095,16,Salón,Tarjeta,32.0,0
2470,2025-12-27,16:12,4462,19,Salón,Yape,124.0,0
2471,2025-12-27,18:10,2451,19,Para llevar,Yape,128.0,0
2472,2025-12-27,20:18,2343,17,Salón,Tarjeta,46.0,0
2473,2025-12-27,15:09,2755,7,Salón,Efectivo,34.0,0
2474,2025-12-27,14:21,3109,24,Salón,Yape,178.0,0
2475,2025-12-27,18:48,1286,16,Para llevar,Yape,136.0,0
2476,2025-12-27,15:02,502,2,Para llevar,Yape,152.0,0
2477,2025-12-27,11:57,4247,22,Salón,Tarjeta,150.0,0
2478,2025-12-27,12:29,2614,22,Salón,Efectivo,110.0,0
2479,2026-09-28,14:33,726,19,Salón,Tarjeta,78.0,1
2480,2025-12-27,13:42,1689,24,Para llevar,Yape,44.0,0
2481,2025-12-27,18:01,9999,24,Delivery propio,Yape,32.0,0
2482,2025-12-27,20:55,4287,2,Delivery propio,Efectivo,133.0,0
2483,2025-12-27,20:50,5309,7,Delivery propio,Tarjeta,148.0,0
2484,2025-12-27,15:12,829,7,Salón,Efectivo,260.0,0
2485,2025-12-27,17:09,3358,22,Salón,Plin,174.0,0
2486,2025-12-27,17:52,4252,2,Salón,Tarjeta,173.0,0
2487,2025-12-27,14:43,3538,22,Salón,Efectivo,132.0,0
2488,2025-12-27,18:58,9999,3,Delivery propio,Yape,42.0,0
2489,2025-12-27,12:57,980,3,Salón,Plin,48.0,0
2490,2025-12-27,18:54,973,7,Salón,Tarjeta,140.0,0
2491,2025-12-27,20:16,2204,17,Para llevar,Yape,98.0,0
2492,2025-12-27,13:45,4446,24,Salón,Plin,33.0,0
2493,2025-12-27,12:06,4848,19,Delivery propio,Plin,208.0,0
2494,2025-12-27,20:46,2731,17,Para llevar,Efectivo,92.0,0
2495,2025-12-27,14:46,4877,7,Delivery propio,Plin,90.0,0
2496,2025-12-27,12:11,5250,18,Para llevar,Tarjeta,10.0,0
2497,2025-12-27,14:48,4968,19,Salón,Yape,54.0,0
2498,2025-12-27,14:45,2270,7,Salón,Efectivo,116.0,0
2499,2025-12-27,14:17,478,17,Salón,Efectivo,76.0,0
2500,2025-12-27,11:50,1047,24,Salón,Tarjeta,350.0,0
2501,2025-12-27,15:09,3734,18,Salón,Efectivo,140.0,0
2502,2025-12-27,20:04,4274,17,Salón,Efectivo,144.0,0
2503,2025-12-27,14:12,5103,24,Para llevar,Efectivo,158.0,0
2504,2025-12-27,11:16,2859,16,Salón,Yape,128.0,0
2505,2025-12-27,18:55,9999,18,Salón,Yape,152.0,0
2506,2025-12-27,15:51,5234,18,Salón,Yape,167.0,0
2507,2025-12-27,12:51,3493,17,Para llevar,Efectivo,64.0,0
2508,2025-12-27,11:16,5100,2,Salón,Efectivo,85.0,0
2509,2025-12-27,16:55,3805,18,Salón,Yape,86.0,0
2510,2025-12-27,15:37,2631,5,Salón,Yape,75.0,0
2511,2025-12-27,13:55,1291,5,Delivery propio,Efectivo,34.0,0
2512,2025-12-27,13:53,196,19,Delivery propio,Yape,158.0,0
2513,2025-12-27,14:37,3296,22,Delivery propio,Efectivo,232.0,0
2514,2025-12-27,11:55,820,22,Salón,Yape,48.0,0
2515,2025-12-27,15:50,1650,3,Salón,Efectivo,236.0,0
2516,2025-12-27,14:07,1686,22,Salón,Yape,42.0,0
2517,2025-12-27,13:45,4361,5,Salón,Yape,337.0,0
2518,2025-12-27,19:14,2453,18,Para llevar,Efectivo,100.0,0
2519,2025-12-27,14:26,1372,17,Salón,Tarjeta,52.0,0
2520,2025-12-27,16:38,9999,3,Salón,Tarjeta,148.0,0
2521,2025-12-27,13:36,4916,24,Salón,Efectivo,128.0,0
2522,2025-12-28,12:42,3016,5,Salón,Efectivo,84.0,0
2523,2025-12-28,13:28,1876,17,Salón,Yape,72.0,0
2524,2025-12-28,14:35,2980,5,Delivery propio,Yape,113.0,0
2525,2025-12-28,15:38,4533,18,Delivery propio,Tarjeta,221.0,0
2526,2025-12-28,15:37,4276,3,Delivery propio,Tarjeta,73.0,0
2527,2025-12-28,20:20,2846,20,Salón,Efectivo,46.0,0
2528,2025-12-28,13:52,5350,22,Salón,Yape,180.0,0
2529,2025-12-28,18:32,5126,20,Salón,Tarjeta,114.0,0
2530,2025-12-28,14:24,4629,24,Salón,Plin,136.0,0
2531,2025-12-28,19:52,9999,5,Delivery propio,Plin,195.0,0
2532,2025-12-28,13:53,4446,20,Delivery propio,Yape,92.0,0
2533,2025-12-28,19:55,5440,20,Salón,Yape,128.0,0
2534,2025-12-28,14:54,4404,24,Salón,Tarjeta,190.0,0
2535,2025-12-28,21:33,2155,19,Salón,Plin,39.0,0
2536,2025-12-28,19:37,2711,5,Salón,Yape,118.0,0
2537,2025-12-28,15:23,2619,24,Salón,Efectivo,24.0,0
2538,2025-12-28,17:38,9999,16,Salón,Efectivo,121.0,0
2539,2025-12-28,19:07,3825,5,Salón,Tarjeta,134.0,0
2540,2025-12-28,18:53,5060,3,Salón,Plin,184.0,0
2541,2025-12-28,12:50,1630,24,Salón,Yape,75.0,0
2542,2025-12-28,13:49,4527,18,Salón,Efectivo,74.0,0
2543,2025-12-28,18:14,1175,2,Salón,Efectivo,136.0,0
2544,2025-12-28,14:00,2291,18,Salón,Efectivo,72.0,0
2545,2025-12-28,14:35,3532,17,Salón,Tarjeta,92.0,0
2546,2025-12-28,15:48,1992,19,Salón,Tarjeta,109.0,0
2547,2025-12-28,15:01,3697,17,Delivery propio,Yape,80.0,0
2548,2025-12-28,16:59,5396,24,Salón,Tarjeta,115.0,0
2549,2025-12-28,19:37,1659,16,Salón,Tarjeta,156.0,0
2550,2025-12-28,14:11,766,17,Salón,Tarjeta,66.0,0
2551,2025-12-28,18:35,9999,16,Delivery propio,Tarjeta,139.0,0
2552,2025-12-28,11:51,4919,2,Para llevar,Tarjeta,128.0,0
2553,2025-12-28,13:27,5226,5,Para llevar,Tarjeta,102.0,0
2554,2025-12-28,16:53,65,3,Salón,Efectivo,100.0,0
2555,2025-12-28,14:03,9999,19,Salón,Tarjeta,112.0,0
2556,2025-12-28,18:10,416,7,Para llevar,Yape,30.0,0
2557,2025-12-28,15:11,2698,2,Para llevar,Tarjeta,36.0,0
2558,2025-12-28,16:10,84,3,Salón,Tarjeta,90.0,0
2559,2025-12-28,11:00,229,7,Delivery propio,Yape,106.0,0
2560,2025-12-28,13:30,5256,3,Para llevar,Efectivo,38.0,0
2561,2025-12-28,15:37,3264,19,Salón,Efectivo,83.0,0
2562,2025-12-28,21:59,5215,24,Salón,Yape,136.0,0
2563,2025-12-28,21:06,4389,22,Para llevar,Plin,215.0,0
2564,2025-12-28,18:01,1906,16,Salón,Yape,158.0,0
2565,2025-12-28,18:43,4393,3,Salón,Yape,80.0,0
2566,2025-12-28,13:32,4562,22,Delivery propio,Efectivo,176.0,0
2567,2025-12-28,14:51,1958,20,Salón,Efectivo,92.0,0
2568,2025-12-28,11:41,877,7,Para llevar,Plin,136.0,0
2569,2025-12-28,12:38,5490,5,Salón,Efectivo,18.0,0
2570,2025-12-28,19:42,1923,5,Para llevar,Efectivo,120.0,0
2571,2025-12-28,20:13,9999,16,Delivery propio,Efectivo,108.0,0
2572,2025-12-28,15:16,1317,7,Para llevar,Yape,106.0,0
2573,2025-12-28,13:38,303,2,Salón,Yape,46.0,0
2574,2025-12-28,13:41,1209,5,Salón,Efectivo,92.0,0
2575,2025-12-28,12:00,4060,5,Para llevar,Tarjeta,58.0,0
2576,2025-12-29,20:39,1576,24,Salón,Tarjeta,204.0,0
2577,2025-12-29,11:11,1621,24,Salón,Yape,181.0,0
2578,2025-12-29,19:16,3033,24,Salón,Efectivo,256.0,0
2579,2025-12-29,15:36,9999,5,Salón,Yape,44.0,0
2580,2025-12-29,21:00,9999,17,Delivery propio,Yape,38.0,0
2581,2025-12-29,14:28,5261,19,Salón,Plin,30.0,0
2582,2025-12-29,14:11,1055,5,Delivery propio,Plin,36.0,0
2583,2025-12-29,13:19,4779,2,Salón,Efectivo,91.0,0
2584,2025-12-29,18:23,3948,17,Salón,Plin,178.0,0
2585,2025-12-29,13:27,2056,5,Delivery propio,Yape,67.0,0
2586,2025-12-29,15:02,480,7,Salón,Efectivo,48.0,0
2587,2025-12-29,14:36,5161,7,Salón,Yape,76.0,0
2588,2025-12-29,12:32,1321,7,Delivery propio,Plin,281.0,0
2589,2025-12-29,14:00,317,16,Salón,Tarjeta,74.0,0
2590,2025-12-29,17:09,580,16,Salón,Efectivo,116.0,0
2591,2025-12-29,20:25,89,19,Salón,Yape,209.0,0
2592,2025-12-29,16:13,2791,3,Salón,Efectivo,46.0,0
2593,2025-12-29,11:27,1945,18,Salón,Yape,18.0,0
2594,2025-12-29,19:22,1102,17,Delivery propio,Yape,160.0,0
2595,2025-12-30,15:16,3036,7,Para llevar,Efectivo,111.0,0
2596,2025-12-30,14:08,1859,3,Salón,Efectivo,128.0,0
2597,2025-12-30,13:00,5270,5,Salón,Yape,24.0,0
2598,2025-12-30,11:20,4341,7,Salón,Yape,28.0,0
2599,2025-12-30,16:32,9999,24,Salón,Tarjeta,134.0,0
2600,2025-12-30,15:46,3777,2,Salón,Tarjeta,148.0,0
2601,2025-12-30,18:25,9999,16,Para llevar,Yape,70.0,0
2602,2025-12-30,11:48,226,18,Salón,Tarjeta,56.0,0
2603,2025-12-30,20:33,5362,5,Salón,Yape,217.0,0
2604,2025-12-30,13:08,5262,19,Salón,Tarjeta,257.0,0
2605,2025-12-30,20:36,2250,20,Para llevar,Plin,36.0,0
2606,2025-12-30,15:08,11,18,Salón,Yape,66.0,0
2607,2025-12-30,18:35,3599,3,Delivery propio,Yape,48.0,0
2608,2025-12-30,13:12,3043,7,Salón,Yape,116.0,0
2609,2025-12-30,16:05,5144,3,Salón,Plin,94.0,0
2610,2025-12-30,17:24,709,5,Salón,Tarjeta,82.0,0
2611,2025-12-30,12:38,3988,17,Salón,Yape,310.0,0
2612,2025-12-30,13:43,1954,19,Salón,Plin,99.0,0
2613,2025-12-30,11:54,4878,3,Salón,Efectivo,208.0,0
2614,2025-12-30,18:15,3007,5,Salón,Tarjeta,241.0,0
2615,2025-12-30,14:10,2644,17,Delivery propio,Efectivo,201.0,0
2616,2025-12-30,14:24,2091,3,Salón,Yape,94.0,0
2617,2025-12-30,13:55,4368,5,Salón,Tarjeta,141.0,0
2618,2025-12-30,13:38,9999,2,Para llevar,Efectivo,144.0,0
2619,2025-12-30,17:11,1879,24,Salón,Yape,228.0,0
2620,2025-12-30,12:21,2849,20,Salón,Efectivo,279.0,0
2621,2025-12-30,16:26,3809,18,Delivery propio,Plin,120.0,0
2622,2025-12-30,14:46,5189,16,Salón,Efectivo,193.0,0
2623,2025-12-30,17:09,2342,17,Para llevar,Tarjeta,32.0,0
2624,2025-12-30,13:50,5093,3,Para llevar,Plin,139.0,0
2625,2025-12-30,20:34,2766,2,Salón,Yape,54.0,0
2626,2025-12-30,17:28,3312,18,Delivery propio,Yape,25.0,0
2627,2025-12-30,14:32,3880,20,Delivery propio,Efectivo,69.0,0
2628,2025-12-30,12:40,318,20,Delivery propio,Tarjeta,88.0,0
2629,2025-12-30,15:33,9999,24,Para llevar,Tarjeta,108.0,0
2630,2025-12-31,12:32,3478,17,Delivery propio,Efectivo,94.0,0
2631,2025-12-31,19:02,2147,24,Salón,Efectivo,221.0,0
2632,2025-12-31,14:14,2644,17,Salón,Yape,114.0,0
2633,2025-12-31,19:57,243,22,Para llevar,Tarjeta,134.0,0
2634,2025-12-31,11:50,2290,7,Salón,Tarjeta,138.0,0
2635,2025-12-31,18:08,4161,5,Salón,Plin,98.0,0
2636,2025-12-31,14:42,2431,3,Salón,Yape,107.0,0
2637,2025-12-31,20:34,129,18,Salón,Tarjeta,181.0,0
2638,2025-12-31,20:14,2876,22,Para llevar,Efectivo,68.0,0
2639,2025-12-31,15:53,2203,24,Salón,Yape,174.0,0
2640,2025-12-31,20:49,2220,5,Salón,Plin,252.0,0
2641,2025-12-31,14:18,1961,3,Delivery propio,Yape,168.0,0
2642,2025-12-31,15:39,3244,2,Delivery propio,Efectivo,32.0,0
2643,2025-12-31,12:39,5309,5,Salón,Plin,108.0,0
2644,2025-12-31,15:16,2586,17,Salón,Yape,66.0,0
2645,2025-12-31,13:10,273,16,Salón,Efectivo,54.0,0
2646,2025-12-31,13:06,3467,16,Salón,Tarjeta,80.0,0
2647,2025-12-31,19:43,877,2,Para llevar,Tarjeta,94.0,0
2648,2025-12-31,19:42,4474,24,Salón,Efectivo,78.0,0
2649,2025-12-31,13:20,319,2,Delivery propio,Efectivo,118.0,0
2650,2025-12-31,11:51,4452,17,Salón,Tarjeta,28.0,0
2651,2025-12-31,17:02,4677,18,Salón,Yape,35.0,0
2652,2025-12-31,13:12,2923,16,Salón,Efectivo,54.0,0
2653,2025-12-31,13:05,5256,19,Salón,Yape,12.0,0
2654,2025-12-31,18:18,3560,2,Salón,Efectivo,114.0,0
2655,2026-01-01,14:55,1013,5,Salón,Tarjeta,72.0,0
2656,2026-01-01,16:42,2714,7,Delivery propio,Plin,234.0,0
2657,2026-01-01,20:53,5229,5,Salón,Tarjeta,98.0,0
2658,2026-01-01,14:04,9999,18,Delivery propio,Tarjeta,108.0,0
2659,2026-01-01,14:00,2893,18,Delivery propio,Yape,54.0,0
2660,2026-01-01,13:29,9999,16,Para llevar,Tarjeta,24.0,0
2661,2026-01-01,19:14,4955,2,Salón,Efectivo,90.0,0
2662,2026-01-01,19:55,1036,16,Para llevar,Efectivo,92.0,0
2663,2026-01-01,11:49,1224,3,Salón,Yape,321.0,0
2664,2026-01-01,13:24,4825,16,Salón,Efectivo,64.0,0
2665,2026-01-01,12:44,9999,18,Para llevar,Tarjeta,131.0,0
2666,2026-01-01,18:52,556,5,Salón,Efectivo,60.0,0
2667,2026-01-01,13:42,4890,22,Salón,Tarjeta,66.0,0
2668,2026-01-01,16:19,513,22,Salón,Yape,18.0,0
2669,2026-01-01,13:35,9999,22,Delivery propio,Yape,222.0,0
2670,2026-01-01,17:39,5388,3,Para llevar,Efectivo,38.0,0
2671,2026-01-01,14:54,877,24,Salón,Tarjeta,84.0,0
2672,2026-01-01,16:22,92,20,Salón,Efectivo,122.0,0
2673,2026-01-01,13:03,4232,16,Salón,Tarjeta,80.0,0
2674,2026-01-01,13:51,2643,17,Salón,Yape,82.0,0
2675,2026-01-01,20:17,1229,2,Salón,Tarjeta,182.0,0
2676,2026-01-01,14:30,4729,18,Delivery propio,Efectivo,144.0,0
2677,2026-01-01,13:50,4386,24,Para llevar,Tarjeta,52.0,0
2678,2026-01-01,19:28,744,17,Salón,Tarjeta,118.0,0
2679,2026-01-02,14:13,1040,18,Salón,Efectivo,83.0,0
2680,2026-01-02,13:42,1305,16,Delivery propio,Tarjeta,288.0,0
2681,2026-01-02,14:47,303,24,Salón,Tarjeta,220.0,0
2682,2026-01-02,21:19,9999,22,Para llevar,Efectivo,122.0,0
2683,2026-01-02,18:37,451,16,Salón,Yape,269.0,0
2684,2026-01-02,11:13,5094,18,Delivery propio,Efectivo,167.0,0
2685,2026-01-02,14:56,633,20,Salón,Efectivo,36.0,0
2686,2026-01-02,11:57,1080,24,Salón,Efectivo,218.0,0
2687,2026-01-02,12:33,4629,7,Salón,Efectivo,116.0,0
2688,2026-01-02,21:17,789,19,Salón,Tarjeta,180.0,0
2689,2026-01-02,13:19,4009,3,Delivery propio,Tarjeta,193.0,0
2690,2026-01-02,16:49,2784,7,Salón,Tarjeta,66.0,0
2691,2026-01-02,18:16,55,24,Salón,Tarjeta,138.0,0
2692,2026-01-02,13:48,2220,17,Salón,Tarjeta,133.0,0
2693,2026-01-02,16:09,5424,2,Para llevar,Plin,36.0,0
2694,2026-01-02,19:10,4078,24,Salón,Plin,158.0,0
2695,2026-01-02,18:45,1651,22,Salón,Yape,51.0,0
2696,2026-01-02,14:51,3122,18,Para llevar,Efectivo,89.0,0
2697,2026-01-02,19:34,9999,3,Salón,Yape,120.0,0
2698,2026-01-02,15:47,5440,19,Delivery propio,Tarjeta,96.0,0
2699,2026-01-02,13:18,2504,18,Salón,Efectivo,110.0,0
2700,2026-09-28,12:56,976,5,Salón,Yape,193.0,1
2701,2026-01-02,13:40,2989,24,Delivery propio,Plin,110.0,0
2702,2026-01-02,15:12,2408,18,Salón,Yape,50.0,0
2703,2026-01-02,19:05,3377,22,Para llevar,Tarjeta,158.0,0
2704,2026-01-02,13:18,2841,7,Salón,Yape,58.0,0
2705,2026-01-02,16:14,9999,20,Delivery propio,Tarjeta,147.0,0
2706,2026-01-02,16:29,2169,22,Para llevar,Efectivo,191.0,0
2707,2026-01-02,14:41,1760,2,Salón,Plin,108.0,0
2708,2026-01-02,20:04,9999,24,Salón,Efectivo,96.0,0
2709,2026-01-02,13:00,2843,3,Salón,Tarjeta,296.0,0
2710,2026-01-02,14:09,2298,24,Salón,Yape,154.0,0
2711,2026-01-02,15:20,5385,19,Delivery propio,Yape,197.0,0
2712,2026-01-02,19:31,5405,22,Salón,Tarjeta,88.0,0
2713,2026-01-02,15:12,845,7,Salón,Efectivo,56.0,0
2714,2026-01-02,14:00,1220,19,Salón,Tarjeta,176.0,0
2715,2026-01-02,13:35,4014,17,Salón,Yape,48.0,0
2716,2026-01-02,14:43,739,3,Salón,Yape,36.0,0
2717,2026-01-02,19:11,3777,19,Salón,Efectivo,97.0,0
2718,2026-09-28,14:15,1223,22,Salón,Yape,136.0,1
2719,2026-01-02,16:11,5149,2,Delivery propio,Efectivo,95.0,0
2720,2026-01-02,14:02,3632,18,Para llevar,Tarjeta,240.0,0
2721,2026-01-03,17:33,485,19,Para llevar,Tarjeta,34.0,0
2722,2026-01-03,14:04,5357,3,Salón,Efectivo,134.0,0
2723,2026-01-03,15:40,4297,20,Delivery propio,Tarjeta,172.0,0
2724,2026-01-03,19:06,4241,16,Para llevar,Yape,90.0,0
2725,2026-01-03,14:07,3706,20,Salón,Efectivo,76.0,0
2726,2026-01-03,20:27,3168,20,Salón,Plin,72.0,0
2727,2026-01-03,16:17,2370,20,Delivery propio,Efectivo,158.0,0
2728,2026-01-03,13:33,9999,18,Delivery propio,Plin,86.0,0
2729,2026-01-03,13:56,3869,16,Salón,Efectivo,102.0,0
2730,2026-01-03,13:08,5247,22,Salón,Yape,78.0,0
2731,2026-01-03,20:01,2637,22,Salón,Tarjeta,76.0,0
2732,2026-01-03,12:27,3555,19,Salón,Yape,238.0,0
2733,2026-01-03,19:39,1154,22,Salón,Plin,6.0,0
2734,2026-01-03,15:40,1277,18,Salón,Yape,181.0,0
2735,2026-01-03,14:58,761,16,Para llevar,Tarjeta,90.0,0
2736,2026-01-03,15:51,3717,7,Salón,Efectivo,18.0,0
2737,2026-01-03,11:03,1800,17,Salón,Yape,227.0,0
2738,2026-01-03,19:28,1764,5,Delivery propio,Plin,174.0,0
2739,2026-01-03,18:03,3600,16,Salón,Yape,168.0,0
2740,2026-01-03,12:10,2683,17,Salón,Yape,89.0,0
2741,2026-01-03,21:04,1707,18,Para llevar,Efectivo,94.0,0
2742,2026-01-03,14:26,2425,20,Para llevar,Plin,114.0,0
2743,2026-01-03,14:45,4217,22,Delivery propio,Efectivo,199.0,0
2744,2026-01-03,12:36,375,24,Para llevar,Tarjeta,64.0,0
2745,2026-01-03,12:08,147,7,Salón,Efectivo,142.0,0
2746,2026-01-03,11:34,5034,18,Delivery propio,Efectivo,38.0,0
2747,2026-01-03,14:09,1598,2,Salón,Efectivo,122.0,0
2748,2026-01-03,14:11,267,22,Para llevar,Efectivo,72.0,0
2749,2026-01-03,13:44,4727,16,Para llevar,Efectivo,88.0,0
2750,2026-01-03,14:43,2867,5,Salón,Yape,83.0,0
2751,2026-01-03,13:00,9999,18,Salón,Plin,120.0,0
2752,2026-01-03,20:53,877,17,Para llevar,Yape,72.0,0
2753,2026-01-03,13:15,4078,22,Salón,Yape,84.0,0
2754,2026-01-03,19:44,5474,2,Salón,Tarjeta,182.0,0
2755,2026-01-03,13:36,450,16,Para llevar,Plin,238.0,0
2756,2026-01-03,12:33,4633,5,Salón,Plin,118.0,0
2757,2026-01-03,13:20,1203,22,Salón,Yape,59.0,0
2758,2026-01-03,14:09,596,2,Salón,Plin,46.0,0
2759,2026-01-03,14:26,4832,24,Delivery propio,Tarjeta,217.0,0
2760,2026-01-03,19:24,3186,22,Para llevar,Efectivo,36.0,0
2761,2026-01-03,12:17,5324,2,Salón,Efectivo,92.0,0
2762,2026-01-03,13:46,115,20,Para llevar,Plin,44.0,0
2763,2026-01-03,14:28,1028,24,Delivery propio,Tarjeta,124.0,0
2764,2026-01-03,21:15,4095,19,Para llevar,Tarjeta,85.0,0
2765,2026-01-03,15:30,907,18,Para llevar,Yape,98.0,0
2766,2026-01-03,14:04,9999,16,Salón,Efectivo,94.0,0
2767,2026-01-03,20:36,4129,24,Para llevar,Yape,227.0,0
2768,2026-01-03,16:32,4318,20,Salón,Yape,128.0,0
2769,2026-01-03,13:05,763,19,Salón,Yape,170.0,0
2770,2026-01-03,15:38,772,5,Delivery propio,Tarjeta,206.0,0
2771,2026-01-04,19:54,5044,2,Salón,Yape,125.0,0
2772,2026-01-04,16:04,1790,3,Salón,Yape,35.0,0
2773,2026-01-04,14:04,3941,24,Delivery propio,Efectivo,60.0,0
2774,2026-01-04,11:06,597,7,Salón,Plin,48.0,0
2775,2026-01-04,13:02,4879,7,Para llevar,Efectivo,74.0,0
2776,2026-01-04,16:39,599,20,Salón,Yape,140.0,0
2777,2026-01-04,20:25,4402,2,Para llevar,Efectivo,337.0,0
2778,2026-01-04,11:41,3232,19,Salón,Yape,76.0,0
2779,2026-01-04,14:10,2132,18,Salón,Efectivo,90.0,0
2780,2026-01-04,19:00,1565,19,Salón,Yape,222.0,0
2781,2026-01-04,13:53,4592,22,Salón,Efectivo,24.0,0
2782,2026-01-04,21:04,1972,19,Para llevar,Efectivo,113.0,0
2783,2026-01-04,12:46,2960,22,Salón,Efectivo,106.0,0
2784,2026-01-04,19:35,4261,7,Salón,Plin,24.0,0
2785,2026-01-04,12:31,3864,5,Salón,Yape,112.0,0
2786,2026-01-04,17:55,3580,16,Salón,Efectivo,106.0,0
2787,2026-01-04,14:45,3446,3,Delivery propio,Efectivo,86.0,0
2788,2026-01-04,11:31,1984,18,Salón,Yape,236.0,0
2789,2026-01-04,14:15,869,22,Para llevar,Efectivo,156.0,0
2790,2026-01-04,11:16,2024,3,Delivery propio,Tarjeta,192.0,0
2791,2026-01-04,14:05,454,7,Salón,Yape,168.0,0
2792,2026-01-04,15:16,5224,24,Delivery propio,Efectivo,258.0,0
2793,2026-01-04,16:50,4442,17,Salón,Tarjeta,36.0,0
2794,2026-01-04,13:58,2216,5,Salón,Tarjeta,120.0,0
2795,2026-01-04,11:36,9999,2,Salón,Tarjeta,248.0,0
2796,2026-01-04,12:56,1876,5,Salón,Yape,59.0,0
2797,2026-01-04,13:14,1796,16,Salón,Tarjeta,140.0,0
2798,2026-01-04,11:42,3094,2,Delivery propio,Efectivo,68.0,0
2799,2026-01-04,14:18,3975,24,Salón,Yape,58.0,0
2800,2026-01-04,13:46,2551,18,Salón,Yape,82.0,0
2801,2026-01-04,18:29,4764,7,Salón,Efectivo,52.0,0
2802,2026-01-04,21:12,1589,16,Salón,Efectivo,62.0,0
2803,2026-01-04,12:51,1997,22,Salón,Yape,52.0,0
2804,2026-01-04,13:44,4983,5,Salón,Tarjeta,109.0,0
2805,2026-01-04,13:42,9999,22,Salón,Efectivo,131.0,0
2806,2026-01-04,16:29,2467,16,Delivery propio,Efectivo,46.0,0
2807,2026-01-04,20:10,4744,19,Delivery propio,Efectivo,123.0,0
2808,2026-01-04,14:28,2020,16,Delivery propio,Yape,142.0,0
2809,2026-01-04,19:04,358,2,Para llevar,Efectivo,118.0,0
2810,2026-01-04,14:33,1128,7,Para llevar,Efectivo,72.0,0
2811,2026-01-04,11:22,9999,22,Salón,Efectivo,44.0,0
2812,2026-01-04,20:17,1310,24,Para llevar,Tarjeta,68.0,0
2813,2026-01-04,19:31,2147,24,Salón,Plin,284.0,0
2814,2026-01-04,11:49,1190,19,Salón,Yape,212.0,0
2815,2026-01-04,15:37,1420,16,Salón,Tarjeta,132.0,0
2816,2026-01-04,19:22,611,7,Delivery propio,Efectivo,71.0,0
2817,2026-01-04,18:39,1372,17,Delivery propio,Yape,72.0,0
2818,2026-01-04,13:50,4948,17,Salón,Yape,104.0,0
2819,2026-01-04,16:41,9999,3,Salón,Tarjeta,155.0,0
2820,2026-01-04,17:10,14,2,Salón,Tarjeta,105.0,0
2821,2026-01-04,20:10,4901,24,Para llevar,Yape,66.0,0
2822,2026-01-04,20:17,3613,3,Salón,Tarjeta,180.0,0
2823,2026-01-04,18:59,118,16,Delivery propio,Efectivo,120.0,0
2824,2026-01-04,14:07,3757,16,Salón,Efectivo,104.0,0
2825,2026-01-04,16:21,140,19,Salón,Plin,276.0,0
2826,2026-01-04,14:18,555,19,Salón,Efectivo,73.0,0
2827,2026-01-04,19:12,2989,2,Salón,Plin,113.0,0
2828,2026-01-04,16:32,2946,5,Salón,Yape,269.0,0
2829,2026-01-04,14:36,3794,16,Para llevar,Plin,126.0,0
2830,2026-01-04,18:30,3700,22,Salón,Yape,118.0,0
2831,2026-01-04,15:54,3170,17,Delivery propio,Efectivo,96.0,0
2832,2026-01-04,21:09,2699,17,Delivery propio,Plin,146.0,0
2833,2026-01-04,13:16,3425,16,Salón,Efectivo,198.0,0
2834,2026-01-04,14:39,523,16,Salón,Plin,170.0,0
2835,2026-01-04,14:21,4578,16,Salón,Tarjeta,70.0,0
2836,2026-01-04,15:09,9999,17,Salón,Efectivo,80.0,0
2837,2026-01-05,12:25,2464,5,Delivery propio,Efectivo,25.0,0
2838,2026-01-05,14:38,1757,24,Salón,Tarjeta,36.0,0
2839,2026-01-05,21:57,2468,20,Delivery propio,Yape,74.0,0
2840,2026-01-05,14:52,140,3,Salón,Tarjeta,110.0,0
2841,2026-01-05,12:17,5076,2,Salón,Tarjeta,154.0,0
2842,2026-01-05,11:49,3971,24,Salón,Tarjeta,145.0,0
2843,2026-01-05,13:09,651,7,Salón,Yape,112.0,0
2844,2026-01-05,13:57,5029,2,Delivery propio,Efectivo,116.0,0
2845,2026-01-05,17:33,3331,18,Salón,Efectivo,80.0,0
2846,2026-01-05,18:28,3007,17,Salón,Yape,88.0,0
2847,2026-01-05,16:42,69,19,Delivery propio,Efectivo,218.0,0
2848,2026-01-05,13:23,1901,18,Delivery propio,Efectivo,314.0,0
2849,2026-01-05,11:57,2110,17,Salón,Yape,124.0,0
2850,2026-01-05,14:32,9999,24,Salón,Plin,192.0,0
2851,2026-01-05,15:39,9999,24,Para llevar,Yape,40.0,0
2852,2026-01-05,21:35,9999,3,Para llevar,Efectivo,56.0,0
2853,2026-01-05,19:03,829,22,Salón,Efectivo,88.0,0
2854,2026-01-05,11:09,9999,16,Delivery propio,Yape,64.0,0
2855,2026-01-05,20:55,3571,5,Delivery propio,Tarjeta,44.0,0
2856,2026-01-05,15:01,743,2,Delivery propio,Yape,179.0,0
2857,2026-01-05,13:17,2723,19,Para llevar,Yape,305.0,0
2858,2026-01-05,20:29,3321,7,Delivery propio,Efectivo,42.0,0
2859,2026-01-06,20:02,4630,17,Salón,Tarjeta,78.0,0
2860,2026-01-06,13:12,2001,7,Salón,Efectivo,120.0,0
2861,2026-01-06,14:26,4893,2,Salón,Yape,160.0,0
2862,2026-01-06,15:40,1567,5,Salón,Efectivo,194.0,0
2863,2026-01-06,15:24,9999,17,Delivery propio,Yape,90.0,0
2864,2026-01-06,12:27,2445,19,Salón,Plin,241.0,0
2865,2026-01-06,19:53,9999,16,Delivery propio,Yape,248.0,0
2866,2026-01-06,14:48,2311,20,Salón,Efectivo,80.0,0
2867,2026-01-06,13:39,5321,17,Salón,Tarjeta,148.0,0
2868,2026-01-06,20:15,4987,17,Salón,Yape,168.0,0
2869,2026-01-06,21:48,4079,24,Salón,Efectivo,92.0,0
2870,2026-01-06,13:12,5200,22,Salón,Yape,36.0,0
2871,2026-01-06,20:27,3726,7,Salón,Tarjeta,104.0,0
2872,2026-01-06,13:35,3205,17,Salón,Yape,9.0,0
2873,2026-01-06,15:48,877,20,Salón,Efectivo,281.0,0
2874,2026-01-06,20:12,733,19,Para llevar,Efectivo,181.0,0
2875,2026-01-06,15:53,3596,17,Salón,Yape,14.0,0
2876,2026-01-07,14:12,198,7,Delivery propio,Tarjeta,196.0,0
2877,2026-01-07,15:25,2796,16,Salón,Yape,268.0,0
2878,2026-01-07,19:32,1564,5,Para llevar,Efectivo,18.0,0
2879,2026-01-07,20:46,9999,17,Salón,Tarjeta,22.0,0
2880,2026-01-07,14:32,2900,18,Salón,Tarjeta,156.0,0
2881,2026-01-07,13:28,2718,16,Salón,Efectivo,202.0,0
2882,2026-01-07,13:50,3582,22,Delivery propio,Yape,94.0,0
2883,2026-01-07,12:30,2814,7,Delivery propio,Yape,138.0,0
2884,2026-01-07,15:29,2647,16,Salón,Yape,138.0,0
2885,2026-01-07,17:35,196,22,Salón,Tarjeta,131.0,0
2886,2026-01-07,15:37,4698,22,Salón,Tarjeta,135.0,0
2887,2026-01-07,20:59,9999,5,Delivery propio,Yape,136.0,0
2888,2026-01-07,12:53,2887,5,Salón,Efectivo,96.0,0
2889,2026-01-07,14:45,2037,17,Salón,Tarjeta,18.0,0
2890,2026-01-07,18:12,4454,3,Salón,Yape,176.0,0
2891,2026-01-07,13:25,3318,17,Salón,Efectivo,287.0,0
2892,2026-01-07,14:46,9999,24,Salón,Efectivo,26.0,0
2893,2026-01-07,20:09,4781,18,Para llevar,Yape,48.0,0
2894,2026-01-07,18:16,2988,18,Salón,Efectivo,124.0,0
2895,2026-01-07,13:22,4441,7,Salón,Yape,22.0,0
2896,2026-01-07,18:13,2489,18,Para llevar,Yape,88.0,0
2897,2026-01-07,14:20,829,24,Salón,Plin,100.0,0
2898,2026-01-07,13:35,3158,3,Salón,Tarjeta,130.0,0
2899,2026-01-07,14:48,2333,19,Delivery propio,Efectivo,42.0,0
2900,2026-01-07,16:12,9999,18,Para llevar,Yape,162.0,0
2901,2026-01-07,18:24,9999,18,Para llevar,Yape,38.0,0
2902,2026-01-07,14:27,2265,18,Salón,Tarjeta,318.0,0
2903,2026-01-07,11:46,1251,2,Salón,Tarjeta,247.0,0
2904,2026-01-07,13:47,3747,16,Salón,Efectivo,114.0,0
2905,2026-01-07,14:59,4977,17,Salón,Tarjeta,90.0,0
2906,2026-01-07,19:21,5175,2,Salón,Efectivo,266.0,0
2907,2026-01-08,18:53,1980,24,Salón,Tarjeta,48.0,0
2908,2026-01-08,21:15,1702,20,Para llevar,Efectivo,199.0,0
2909,2026-01-08,19:13,4479,22,Para llevar,Yape,266.0,0
2910,2026-01-08,13:51,2450,5,Salón,Yape,210.0,0
2911,2026-01-08,13:16,3143,16,Delivery propio,Efectivo,96.0,0
2912,2026-01-08,13:25,9999,22,Salón,Efectivo,55.0,0
2913,2026-01-08,13:15,3641,5,Salón,Efectivo,98.0,0
2914,2026-01-08,12:13,2532,5,Salón,Efectivo,165.0,0
2915,2026-01-08,14:37,3855,22,Delivery propio,Tarjeta,183.0,0
2916,2026-01-08,19:16,9999,22,Salón,Yape,264.0,0
2917,2026-01-08,13:48,4023,7,Salón,Tarjeta,113.0,0
2918,2026-01-08,13:10,499,22,Salón,Efectivo,184.0,0
2919,2026-09-28,18:35,3944,22,Delivery propio,Yape,56.0,1
2920,2026-01-08,11:37,3472,16,Para llevar,Tarjeta,32.0,0
2921,2026-01-08,12:54,4325,19,Salón,Yape,74.0,0
2922,2026-01-08,12:22,3584,16,Salón,Tarjeta,62.0,0
2923,2026-01-08,12:05,484,16,Salón,Efectivo,288.0,0
2924,2026-09-28,14:20,2712,7,Salón,Yape,86.0,1
2925,2026-01-08,19:15,4821,22,Delivery propio,Efectivo,9.0,0
2926,2026-01-08,12:45,3574,5,Salón,Efectivo,64.0,0
2927,2026-01-08,12:50,768,16,Salón,Yape,120.0,0
2928,2026-01-08,12:46,4392,24,Salón,Yape,94.0,0
2929,2026-01-08,13:39,9999,24,Salón,Yape,187.0,0
2930,2026-01-08,16:22,4513,20,Delivery propio,Tarjeta,117.0,0
2931,2026-01-08,12:52,4973,24,Salón,Yape,213.0,0
2932,2026-01-08,17:24,1766,5,Salón,Yape,158.0,0
2933,2026-01-08,19:19,1493,5,Salón,Tarjeta,182.0,0
2934,2026-01-08,13:48,1764,22,Salón,Yape,126.0,0
2935,2026-01-08,19:46,3210,2,Salón,Efectivo,85.0,0
2936,2026-01-09,13:12,4452,3,Salón,Tarjeta,64.0,0
2937,2026-01-09,19:40,2061,24,Delivery propio,Efectivo,95.0,0
2938,2026-01-09,18:27,5324,24,Salón,Efectivo,269.0,0
2939,2026-01-09,13:17,69,3,Salón,Efectivo,136.0,0
2940,2026-01-09,14:32,5126,24,Salón,Plin,210.0,0
2941,2026-01-09,18:32,3689,19,Salón,Yape,78.0,0
2942,2026-01-09,17:46,801,7,Salón,Efectivo,148.0,0
2943,2026-01-09,18:28,2099,20,Delivery propio,Yape,154.0,0
2944,2026-01-09,13:30,2659,20,Salón,Tarjeta,87.0,0
2945,2026-01-09,15:38,398,17,Para llevar,Plin,83.0,0
2946,2026-01-09,11:37,1692,2,Salón,Plin,200.0,0
2947,2026-01-09,15:08,1649,19,Salón,Tarjeta,182.0,0
2948,2026-01-09,18:05,3425,22,Salón,Efectivo,100.0,0
2949,2026-01-09,12:37,1284,18,Salón,Efectivo,273.0,0
2950,2026-01-09,20:41,362,20,Salón,Plin,52.0,0
2951,2026-01-09,17:14,12,22,Salón,Efectivo,120.0,0
2952,2026-01-09,13:27,2350,22,Salón,Yape,50.0,0
2953,2026-01-09,18:57,9999,19,Delivery propio,Efectivo,186.0,0
2954,2026-01-09,12:37,2289,16,Salón,Efectivo,82.0,0
2955,2026-01-09,13:36,5140,2,Salón,Tarjeta,40.0,0
2956,2026-01-09,17:20,3424,16,Delivery propio,Efectivo,32.0,0
2957,2026-01-09,14:07,534,24,Salón,Yape,99.0,0
2958,2026-01-09,17:53,36,18,Delivery propio,Plin,36.0,0
2959,2026-01-09,12:22,9999,19,Salón,Yape,10.0,0
2960,2026-01-09,12:53,5474,22,Para llevar,Efectivo,194.0,0
2961,2026-01-09,11:18,3815,24,Para llevar,Efectivo,36.0,0
2962,2026-01-09,12:17,2810,22,Para llevar,Tarjeta,268.0,0
2963,2026-01-09,19:21,2911,5,Salón,Efectivo,44.0,0
2964,2026-01-09,16:19,877,17,Para llevar,Yape,20.0,0
2965,2026-01-09,12:07,4912,3,Salón,Tarjeta,145.0,0
2966,2026-01-09,14:48,185,22,Salón,Tarjeta,175.0,0
2967,2026-01-09,14:39,5138,24,Para llevar,Efectivo,136.0,0
2968,2026-01-09,21:38,877,24,Salón,Yape,97.0,0
2969,2026-01-09,18:07,3684,7,Salón,Efectivo,121.0,0
2970,2026-01-09,13:23,9999,19,Salón,Efectivo,317.0,0
2971,2026-01-09,18:49,4389,19,Salón,Tarjeta,160.0,0
2972,2026-01-09,21:35,9999,2,Para llevar,Efectivo,121.0,0
2973,2026-01-09,20:10,103,7,Salón,Efectivo,136.0,0
2974,2026-01-09,18:11,1545,22,Salón,Tarjeta,156.0,0
2975,2026-01-09,20:54,3136,17,Delivery propio,Yape,73.0,0
2976,2026-01-09,13:06,4339,22,Salón,Yape,24.0,0
2977,2026-01-09,15:04,9999,19,Salón,Yape,390.0,0
2978,2026-01-10,18:04,2650,5,Salón,Efectivo,155.0,0
2979,2026-01-10,13:27,3335,18,Delivery propio,Tarjeta,138.0,0
2980,2026-01-10,19:34,863,22,Delivery propio,Efectivo,16.0,0
2981,2026-01-10,13:33,926,20,Salón,Yape,109.0,0
2982,2026-01-10,15:44,1627,17,Delivery propio,Tarjeta,114.0,0
2983,2026-01-10,16:57,2660,22,Para llevar,Tarjeta,259.0,0
2984,2026-01-10,15:10,1253,24,Delivery propio,Yape,100.0,0
2985,2026-01-10,13:16,2406,24,Delivery propio,Efectivo,33.0,0
2986,2026-01-10,13:10,22,18,Delivery propio,Yape,54.0,0
2987,2026-01-10,14:06,3709,5,Salón,Yape,38.0,0
2988,2026-01-10,17:37,4574,2,Para llevar,Tarjeta,160.0,0
2989,2026-01-10,11:42,1042,2,Para llevar,Yape,128.0,0
2990,2026-01-10,20:54,3811,3,Delivery propio,Efectivo,134.0,0
2991,2026-01-10,11:28,5077,7,Salón,Yape,22.0,0
2992,2026-01-10,13:12,3699,2,Para llevar,Tarjeta,180.0,0
2993,2026-01-10,14:14,9999,3,Para llevar,Efectivo,26.0,0
2994,2026-01-10,13:17,4132,22,Salón,Tarjeta,97.0,0
2995,2026-01-10,15:32,9999,19,Salón,Efectivo,198.0,0
2996,2026-01-10,17:19,4067,16,Salón,Plin,124.0,0
2997,2026-01-10,15:00,4792,18,Salón,Tarjeta,26.0,0
2998,2026-01-10,14:17,9999,3,Para llevar,Tarjeta,126.0,0
2999,2026-01-10,19:19,1092,5,Salón,Tarjeta,74.0,0
3000,2026-01-10,13:44,5239,16,Salón,Efectivo,91.0,0
3001,2026-01-10,14:12,1613,3,Salón,Yape,264.0,0
3002,2026-01-10,20:05,3722,3,Delivery propio,Efectivo,119.0,0
3003,2026-01-10,21:38,1149,18,Salón,Efectivo,88.0,0
3004,2026-01-10,12:53,38,17,Para llevar,Yape,81.0,0
3005,2026-01-10,11:27,256,3,Delivery propio,Efectivo,50.0,0
3006,2026-01-10,18:28,2374,5,Delivery propio,Tarjeta,68.0,0
3007,2026-01-10,11:30,3307,5,Delivery propio,Tarjeta,25.0,0
3008,2026-01-10,13:34,4893,2,Salón,Tarjeta,196.0,0
3009,2026-01-10,14:00,5021,16,Salón,Tarjeta,238.0,0
3010,2026-01-10,20:16,4002,2,Salón,Plin,160.0,0
3011,2026-01-10,12:31,4366,2,Salón,Plin,110.0,0
3012,2026-01-10,20:54,318,16,Salón,Yape,36.0,0
3013,2026-01-10,15:22,4890,5,Salón,Yape,171.0,0
3014,2026-01-10,21:32,5250,19,Salón,Tarjeta,119.0,0
3015,2026-01-10,14:15,1747,22,Salón,Efectivo,182.0,0
3016,2026-01-10,14:22,2651,5,Delivery propio,Efectivo,136.0,0
3017,2026-01-10,12:39,1440,5,Salón,Yape,74.0,0
3018,2026-01-10,13:53,1702,17,Salón,Yape,14.0,0
3019,2026-01-10,17:37,1171,18,Salón,Yape,136.0,0
3020,2026-01-10,18:53,3662,7,Salón,Plin,32.0,0
3021,2026-01-10,11:43,3578,7,Delivery propio,Tarjeta,42.0,0
3022,2026-01-10,19:50,4135,17,Delivery propio,Tarjeta,40.0,0
3023,2026-01-10,13:36,2868,24,Salón,Yape,98.0,0
3024,2026-01-11,13:41,5349,20,Salón,Efectivo,96.0,0
3026,2026-01-11,13:40,1931,19,Para llevar,Yape,59.0,0
3027,2026-01-11,15:03,2292,24,Salón,Tarjeta,101.0,0
3028,2026-01-11,11:40,3996,19,Delivery propio,Yape,58.0,0
3029,2026-01-11,16:22,2190,16,Salón,Efectivo,326.0,0
3030,2026-01-11,18:39,229,2,Salón,Efectivo,203.0,0
3031,2026-01-11,21:30,1366,19,Delivery propio,Yape,60.0,0
3032,2026-01-11,15:00,499,2,Salón,Tarjeta,64.0,0
3033,2026-01-11,14:33,4278,19,Delivery propio,Plin,88.0,0
3034,2026-01-11,19:01,3580,17,Para llevar,Yape,86.0,0
3035,2026-01-11,19:03,9999,18,Salón,Yape,183.0,0
3036,2026-01-11,21:19,3597,3,Salón,Efectivo,43.0,0
3037,2026-01-11,18:56,1822,18,Salón,Plin,216.0,0
3038,2026-01-11,18:03,2434,3,Salón,Yape,110.0,0
3039,2026-01-11,12:48,3509,5,Para llevar,Tarjeta,42.0,0
3040,2026-01-11,12:51,9999,22,Salón,Plin,191.0,0
3041,2026-01-11,15:00,3457,3,Delivery propio,Plin,116.0,0
3042,2026-01-11,19:11,3939,5,Para llevar,Tarjeta,30.0,0
3043,2026-01-11,14:48,1199,16,Salón,Tarjeta,132.0,0
3044,2026-01-11,13:21,4068,7,Para llevar,Tarjeta,54.0,0
3045,2026-01-11,12:42,4261,22,Salón,Efectivo,30.0,0
3046,2026-01-11,12:35,3179,3,Delivery propio,Efectivo,156.0,0
3047,2026-01-11,18:32,2383,24,Para llevar,Efectivo,222.0,0
3048,2026-01-11,15:03,1102,5,Para llevar,Tarjeta,138.0,0
3049,2026-01-11,17:17,3734,16,Salón,Plin,280.0,0
3050,2026-01-11,14:00,4944,17,Delivery propio,Tarjeta,135.0,0
3051,2026-01-11,14:57,5261,24,Para llevar,Efectivo,142.0,0
3052,2026-01-11,18:15,2254,2,Delivery propio,Tarjeta,56.0,0
3053,2026-01-11,11:29,4242,5,Salón,Tarjeta,60.0,0
3054,2026-01-11,15:52,3066,7,Salón,Yape,34.0,0
3055,2026-01-11,18:49,5339,19,Salón,Tarjeta,42.0,0
3056,2026-01-11,15:20,4727,24,Salón,Tarjeta,106.0,0
3057,2026-01-11,12:14,3372,20,Salón,Tarjeta,110.0,0
3058,2026-01-11,14:20,3219,17,Para llevar,Efectivo,250.0,0
3059,2026-01-11,13:33,2406,19,Salón,Tarjeta,181.0,0
3060,2026-01-11,19:08,2373,20,Salón,Efectivo,46.0,0
3061,2026-09-28,19:26,9999,18,Salón,Plin,68.0,1
3062,2026-01-11,13:05,101,7,Salón,Plin,72.0,0
3063,2026-01-11,14:48,4976,20,Salón,Yape,283.0,0
3064,2026-01-11,13:16,128,22,Salón,Yape,152.0,0
3065,2026-01-11,15:49,2834,17,Salón,Yape,148.0,0
3066,2026-01-11,12:26,3429,18,Salón,Tarjeta,38.0,0
3067,2026-01-11,15:35,5484,24,Delivery propio,Yape,120.0,0
3068,2026-01-11,14:14,321,16,Salón,Yape,126.0,0
3069,2026-01-11,17:39,3021,20,Salón,Plin,170.0,0
3070,2026-01-11,19:25,2096,20,Delivery propio,Efectivo,140.0,0
3071,2026-01-11,20:21,46,19,Salón,Yape,266.0,0
3072,2026-01-11,18:13,4782,18,Salón,Efectivo,208.0,0
3073,2026-01-12,14:42,9999,20,Salón,Yape,278.0,0
3074,2026-01-12,12:59,4808,5,Salón,Yape,90.0,0
3075,2026-01-12,11:24,4755,19,Delivery propio,Tarjeta,81.0,0
3076,2026-01-12,14:05,3143,7,Para llevar,Efectivo,71.0,0
3077,2026-01-12,17:14,3491,5,Para llevar,Yape,121.0,0
3078,2026-01-12,20:12,1198,7,Delivery propio,Yape,108.0,0
3079,2026-01-12,15:04,655,3,Salón,Yape,264.0,0
3080,2026-01-12,14:29,1388,20,Salón,Tarjeta,102.0,0
3081,2026-01-12,14:04,2184,3,Salón,Plin,68.0,0
3082,2026-01-12,13:33,4564,18,Salón,Yape,64.0,0
3083,2026-01-12,19:51,1495,3,Para llevar,Yape,214.0,0
3084,2026-01-12,12:42,4159,16,Salón,Efectivo,18.0,0
3085,2026-01-12,11:39,4272,18,Salón,Efectivo,111.0,0
3086,2026-01-12,19:37,1776,16,Salón,Yape,74.0,0
3087,2026-01-12,15:58,196,18,Salón,Yape,120.0,0
3088,2026-01-12,12:56,9999,19,Salón,Yape,64.0,0
3089,2026-01-12,13:25,2661,22,Salón,Plin,294.0,0
3090,2026-01-12,20:37,667,5,Salón,Tarjeta,217.0,0
3091,2026-01-13,12:37,1615,18,Para llevar,Plin,112.0,0
3092,2026-01-13,21:35,1669,16,Salón,Efectivo,172.0,0
3093,2026-01-13,13:23,1283,19,Salón,Efectivo,68.0,0
3094,2026-01-13,20:44,591,19,Delivery propio,Yape,40.0,0
3095,2026-01-13,20:03,4308,22,Salón,Tarjeta,82.0,0
3096,2026-01-13,21:22,4392,2,Salón,Tarjeta,144.0,0
3097,2026-01-13,14:13,4522,22,Delivery propio,Tarjeta,132.0,0
3098,2026-01-13,14:11,3743,19,Salón,Tarjeta,145.0,0
3099,2026-01-13,20:32,1164,7,Delivery propio,Yape,40.0,0
3100,2026-01-13,14:49,1033,7,Salón,Plin,160.0,0
3101,2026-01-13,20:26,2737,22,Salón,Yape,102.0,0
3102,2026-01-13,14:58,4639,7,Salón,Plin,192.0,0
3103,2026-01-13,18:03,4696,17,Para llevar,Efectivo,140.0,0
3104,2026-01-13,12:56,2978,20,Delivery propio,Tarjeta,189.0,0
3105,2026-01-13,11:33,2818,20,Salón,Yape,110.0,0
3106,2026-01-13,14:33,833,22,Salón,Efectivo,279.0,0
3107,2026-01-13,17:37,4212,22,Salón,Efectivo,18.0,0
3108,2026-01-13,14:49,978,17,Delivery propio,Efectivo,92.0,0
3109,2026-01-13,14:51,3420,7,Salón,Efectivo,76.0,0
3110,2026-01-13,11:29,1116,7,Salón,Yape,146.0,0
3111,2026-01-13,13:44,2536,20,Delivery propio,Tarjeta,178.0,0
3112,2026-01-14,19:53,9999,7,Salón,Yape,94.0,0
3113,2026-09-28,21:46,4657,18,Salón,Tarjeta,36.0,1
3114,2026-01-14,20:26,9999,22,Salón,Tarjeta,96.0,0
3115,2026-01-14,13:37,1448,20,Salón,Tarjeta,58.0,0
3116,2026-01-14,19:18,1732,19,Salón,Yape,22.0,0
3117,2026-01-14,13:56,9999,20,Salón,Tarjeta,253.0,0
3118,2026-01-14,18:45,1279,3,Salón,Yape,216.0,0
3119,2026-01-14,13:37,9999,22,Salón,Efectivo,128.0,0
3120,2026-01-14,21:59,2656,17,Para llevar,Yape,192.0,0
3121,2026-01-14,15:01,4204,20,Salón,Tarjeta,82.0,0
3122,2026-01-14,17:21,3459,7,Salón,Yape,86.0,0
3123,2026-01-14,13:29,1186,24,Salón,Efectivo,105.0,0
3124,2026-01-14,11:24,1933,3,Salón,Plin,167.0,0
3125,2026-01-14,14:21,9999,22,Para llevar,Tarjeta,216.0,0
3126,2026-01-14,14:45,3156,17,Para llevar,Efectivo,62.0,0
3127,2026-01-14,19:20,1198,18,Salón,Yape,116.0,0
3128,2026-01-14,20:56,2160,24,Salón,Tarjeta,50.0,0
3129,2026-01-14,13:44,1873,24,Salón,Efectivo,123.0,0
3130,2026-01-14,13:55,895,7,Salón,Yape,108.0,0
3131,2026-01-14,13:36,3931,5,Salón,Efectivo,70.0,0
3132,2026-01-14,17:59,589,19,Salón,Efectivo,195.0,0
3133,2026-01-14,12:08,9999,16,Salón,Efectivo,32.0,0
3134,2026-01-14,20:06,2792,17,Salón,Yape,238.0,0
3135,2026-01-14,18:54,4617,17,Salón,Yape,100.0,0
3136,2026-01-14,13:45,4010,20,Para llevar,Efectivo,114.0,0
3137,2026-01-15,18:06,4138,7,Delivery propio,Efectivo,66.0,0
3138,2026-01-15,21:01,1507,3,Delivery propio,Tarjeta,66.0,0
3139,2026-01-15,14:43,4633,24,Salón,Efectivo,99.0,0
3140,2026-01-15,14:13,4551,7,Para llevar,Efectivo,92.0,0
3141,2026-01-15,11:01,4565,2,Salón,Efectivo,50.0,0
3142,2026-01-15,19:20,2397,2,Salón,Tarjeta,106.0,0
3143,2026-01-15,13:07,590,18,Salón,Yape,77.0,0
3144,2026-01-15,11:50,512,24,Salón,Yape,206.0,0
3145,2026-01-15,13:31,4205,20,Salón,Tarjeta,126.0,0
3146,2026-01-15,19:07,2351,19,Delivery propio,Yape,92.0,0
3147,2026-01-15,19:26,4684,19,Delivery propio,Plin,156.0,0
3148,2026-01-15,19:12,5356,7,Salón,Yape,180.0,0
3149,2026-01-15,17:37,9999,7,Salón,Efectivo,133.0,0
3150,2026-01-15,14:29,3214,3,Salón,Efectivo,166.0,0
3151,2026-01-15,14:33,725,5,Salón,Yape,117.0,0
3152,2026-01-15,14:44,9999,20,Para llevar,Tarjeta,128.0,0
3153,2026-01-15,12:27,9999,20,Delivery propio,Tarjeta,18.0,0
3154,2026-01-15,12:30,9999,2,Para llevar,Tarjeta,84.0,0
3155,2026-01-15,14:10,1255,18,Salón,Yape,180.0,0
3156,2026-01-15,19:56,284,2,Salón,Plin,288.0,0
3157,2026-01-15,15:30,1647,24,Salón,Yape,68.0,0
3158,2026-01-15,20:49,877,3,Para llevar,Efectivo,140.0,0
3159,2026-01-15,19:41,2969,18,Delivery propio,Yape,135.0,0
3160,2026-01-15,19:04,5321,17,Para llevar,Plin,172.0,0
3161,2026-01-15,13:44,3318,3,Salón,Yape,92.0,0
3162,2026-01-15,12:38,1530,19,Delivery propio,Yape,34.0,0
3163,2026-01-15,12:38,2388,22,Salón,Efectivo,152.0,0
3164,2026-01-15,12:40,4177,20,Para llevar,Yape,30.0,0
3165,2026-01-15,13:38,4730,24,Salón,Yape,132.0,0
3166,2026-01-16,15:11,951,24,Para llevar,Yape,76.0,0
3167,2026-01-16,18:25,296,2,Delivery propio,Efectivo,120.0,0
3168,2026-01-16,17:37,2340,20,Para llevar,Tarjeta,190.0,0
3169,2026-01-16,12:32,5074,18,Salón,Efectivo,136.0,0
3170,2026-01-16,13:10,9999,7,Salón,Tarjeta,66.0,0
3171,2026-01-16,14:37,1538,22,Salón,Tarjeta,276.0,0
3172,2026-01-16,15:09,3240,17,Salón,Efectivo,184.0,0
3173,2026-01-16,13:07,3509,7,Salón,Yape,106.0,0
3174,2026-01-16,13:40,2087,17,Salón,Tarjeta,83.0,0
3175,2026-01-16,14:24,5407,16,Salón,Plin,115.0,0
3176,2026-01-16,14:45,3194,3,Salón,Yape,43.0,0
3177,2026-01-16,18:06,1342,2,Salón,Yape,102.0,0
3178,2026-01-16,16:36,9999,5,Salón,Yape,158.0,0
3179,2026-01-16,16:49,1529,19,Delivery propio,Efectivo,146.0,0
3180,2026-01-16,12:59,481,24,Salón,Efectivo,243.0,0
3181,2026-01-16,15:35,702,17,Salón,Efectivo,33.0,0
3182,2026-01-16,17:54,9999,16,Salón,Tarjeta,215.0,0
3183,2026-01-16,12:20,3866,18,Salón,Plin,71.0,0
3184,2026-01-16,20:59,3375,2,Salón,Yape,50.0,0
3185,2026-01-16,21:30,5443,22,Para llevar,Yape,87.0,0
3186,2026-01-16,12:31,4498,19,Salón,Efectivo,55.0,0
3187,2026-01-16,13:32,3092,2,Salón,Tarjeta,132.0,0
3188,2026-01-16,17:47,1358,20,Delivery propio,Yape,73.0,0
3189,2026-01-16,17:43,1111,3,Salón,Efectivo,30.0,0
3190,2026-01-16,12:43,4296,5,Salón,Plin,94.0,0
3191,2026-01-16,12:52,2751,20,Delivery propio,Efectivo,84.0,0
3192,2026-01-16,13:34,3022,7,Salón,Yape,258.0,0
3193,2026-01-16,19:46,3823,17,Delivery propio,Plin,172.0,0
3194,2026-01-16,11:24,1736,17,Salón,Efectivo,190.0,0
3195,2026-01-16,20:05,67,3,Salón,Efectivo,88.0,0
3196,2026-01-16,14:18,1228,17,Salón,Tarjeta,128.0,0
3197,2026-01-16,14:41,558,7,Salón,Efectivo,240.0,0
3198,2026-01-16,17:22,3597,16,Delivery propio,Tarjeta,128.0,0
3199,2026-01-16,15:08,2738,2,Para llevar,Tarjeta,36.0,0
3200,2026-01-16,11:23,2908,22,Salón,Efectivo,27.0,0
3201,2026-01-17,13:02,9999,18,Para llevar,Tarjeta,135.0,0
3202,2026-01-17,13:08,4479,5,Salón,Efectivo,46.0,0
3203,2026-01-17,15:36,4541,16,Para llevar,Yape,280.0,0
3204,2026-01-17,14:18,9999,22,Para llevar,Yape,138.0,0
3205,2026-01-17,20:38,4058,24,Salón,Tarjeta,240.0,0
3206,2026-01-17,20:59,2850,22,Salón,Yape,201.0,0
3207,2026-01-17,18:08,3775,18,Salón,Efectivo,148.0,0
3208,2026-01-17,19:31,5021,7,Salón,Yape,64.0,0
3209,2026-01-17,19:46,9999,19,Salón,Efectivo,173.0,0
3210,2026-01-17,14:18,2413,16,Salón,Yape,102.0,0
3211,2026-01-17,17:52,2749,5,Salón,Yape,38.0,0
3212,2026-01-17,12:56,1188,5,Salón,Tarjeta,62.0,0
3213,2026-01-17,20:15,9999,24,Para llevar,Efectivo,72.0,0
3214,2026-01-17,14:57,4648,16,Salón,Yape,194.0,0
3215,2026-01-17,15:02,4620,24,Salón,Yape,125.0,0
3216,2026-01-17,18:10,2909,7,Para llevar,Efectivo,93.0,0
3217,2026-01-17,19:14,5466,19,Salón,Yape,167.0,0
3218,2026-01-17,18:37,3403,20,Salón,Efectivo,179.0,0
3219,2026-01-17,12:24,3979,3,Salón,Yape,50.0,0
3220,2026-01-17,13:10,1583,20,Salón,Efectivo,128.0,0
3221,2026-01-17,14:47,937,24,Para llevar,Yape,172.0,0
3222,2026-01-17,20:14,190,16,Salón,Efectivo,137.0,0
3223,2026-01-17,14:02,3374,24,Para llevar,Efectivo,110.0,0
3224,2026-01-17,14:51,2642,24,Salón,Plin,140.0,0
3225,2026-01-17,13:03,9999,17,Salón,Yape,264.0,0
3226,2026-01-17,14:43,3361,2,Delivery propio,Yape,66.0,0
3227,2026-01-17,17:38,3645,5,Para llevar,Tarjeta,52.0,0
3228,2026-01-17,15:06,823,16,Salón,Efectivo,112.0,0
3229,2026-01-17,14:47,1552,17,Salón,Tarjeta,34.0,0
3230,2026-01-17,12:15,4236,20,Salón,Plin,242.0,0
3231,2026-01-17,20:14,2517,3,Salón,Yape,102.0,0
3232,2026-01-17,12:36,2838,17,Delivery propio,Yape,140.0,0
3233,2026-01-17,11:56,451,5,Salón,Yape,72.0,0
3234,2026-01-17,14:44,403,22,Delivery propio,Yape,78.0,0
3235,2026-01-17,17:01,678,24,Salón,Efectivo,128.0,0
3236,2026-01-18,11:35,5325,20,Salón,Efectivo,137.0,0
3237,2026-01-18,14:57,1151,7,Salón,Yape,326.0,0
3238,2026-01-18,19:10,852,2,Salón,Efectivo,44.0,0
3239,2026-01-18,13:18,612,18,Salón,Yape,58.0,0
3240,2026-01-18,15:33,4881,3,Salón,Yape,192.0,0
3241,2026-01-18,17:38,4479,24,Salón,Efectivo,56.0,0
3242,2026-01-18,18:58,297,2,Salón,Efectivo,45.0,0
3243,2026-01-18,13:07,5321,22,Salón,Efectivo,68.0,0
3244,2026-01-18,15:17,4384,19,Para llevar,Efectivo,76.0,0
3245,2026-01-18,12:05,5344,7,Salón,Tarjeta,26.0,0
3246,2026-01-18,17:40,5067,7,Salón,Efectivo,42.0,0
3247,2026-01-18,12:29,5256,7,Salón,Efectivo,14.0,0
3248,2026-01-18,13:43,463,5,Para llevar,Efectivo,192.0,0
3249,2026-01-18,18:56,4479,24,Salón,Plin,60.0,0
3250,2026-01-18,14:17,2925,3,Salón,Efectivo,54.0,0
3251,2026-01-18,16:38,5337,19,Para llevar,Yape,62.0,0
3252,2026-01-18,13:13,3367,16,Salón,Tarjeta,86.0,0
3253,2026-01-18,12:53,5321,16,Delivery propio,Yape,40.0,0
3254,2026-01-18,13:21,1451,20,Salón,Tarjeta,160.0,0
3255,2026-01-18,15:25,2526,7,Para llevar,Tarjeta,98.0,0
3256,2026-01-18,15:37,3821,17,Salón,Efectivo,164.0,0
3257,2026-01-18,19:11,995,3,Salón,Plin,144.0,0
3258,2026-01-18,14:45,9999,24,Salón,Tarjeta,114.0,0
3259,2026-01-18,13:01,1042,19,Para llevar,Yape,190.0,0
3260,2026-01-18,12:00,4639,17,Salón,Yape,36.0,0
3261,2026-01-18,18:29,5400,5,Delivery propio,Efectivo,106.0,0
3262,2026-01-18,20:58,3469,20,Salón,Efectivo,230.0,0
3263,2026-01-18,17:24,4304,22,Delivery propio,Plin,116.0,0
3264,2026-01-18,19:19,654,20,Delivery propio,Yape,188.0,0
3265,2026-01-18,20:49,1770,2,Salón,Yape,210.0,0
3266,2026-01-18,13:59,1886,16,Para llevar,Tarjeta,114.0,0
3267,2026-01-18,13:31,4833,16,Para llevar,Efectivo,70.0,0
3268,2026-01-18,20:10,4323,5,Salón,Efectivo,36.0,0
3269,2026-01-18,13:28,9999,19,Salón,Efectivo,154.0,0
3270,2026-01-18,18:39,9999,3,Delivery propio,Efectivo,135.0,0
3271,2026-01-18,19:46,9999,19,Salón,Efectivo,18.0,0
3272,2026-01-18,14:46,1580,19,Delivery propio,Efectivo,179.0,0
3273,2026-01-18,18:39,4849,17,Salón,Plin,162.0,0
3274,2026-01-18,14:51,5013,5,Delivery propio,Tarjeta,98.0,0
3275,2026-01-18,16:01,3329,3,Salón,Efectivo,45.0,0
3276,2026-01-18,18:33,1290,2,Salón,Yape,100.0,0
3277,2026-01-18,20:09,3102,22,Salón,Efectivo,274.0,0
3278,2026-01-18,11:22,485,18,Salón,Tarjeta,144.0,0
3279,2026-01-18,14:58,185,20,Salón,Efectivo,46.0,0
3280,2026-01-18,18:32,212,24,Salón,Yape,114.0,0
3281,2026-01-18,12:06,4542,17,Delivery propio,Yape,90.0,0
3282,2026-01-18,12:57,3101,16,Salón,Efectivo,198.0,0
3283,2026-01-18,19:35,96,7,Para llevar,Efectivo,100.0,0
3284,2026-01-18,21:00,4896,5,Salón,Yape,118.0,0
3285,2026-01-18,13:38,2910,7,Delivery propio,Yape,114.0,0
3286,2026-01-19,18:49,9999,24,Salón,Tarjeta,199.0,0
3287,2026-01-19,15:30,859,20,Delivery propio,Tarjeta,176.0,0
3288,2026-01-19,16:11,2972,7,Delivery propio,Efectivo,186.0,0
3289,2026-01-19,14:20,4323,17,Para llevar,Efectivo,55.0,0
3290,2026-01-19,12:21,9999,22,Salón,Tarjeta,151.0,0
3291,2026-01-19,19:30,2413,5,Para llevar,Tarjeta,94.0,0
3292,2026-01-19,15:32,2039,18,Para llevar,Efectivo,78.0,0
3293,2026-01-19,12:37,4204,5,Salón,Plin,64.0,0
3294,2026-01-19,13:40,4857,18,Salón,Plin,170.0,0
3295,2026-01-19,17:59,4138,20,Salón,Plin,88.0,0
3296,2026-01-19,13:09,2718,19,Salón,Tarjeta,250.0,0
3297,2026-01-19,13:37,3418,19,Salón,Yape,60.0,0
3298,2026-01-19,12:18,9999,20,Salón,Plin,31.0,0
3299,2026-01-19,20:42,9999,18,Salón,Yape,154.0,0
3300,2026-01-19,19:04,4804,24,Delivery propio,Tarjeta,119.0,0
3301,2026-01-19,13:41,2311,19,Salón,Tarjeta,168.0,0
3302,2026-01-19,19:08,2111,3,Para llevar,Tarjeta,138.0,0
3303,2026-01-20,18:36,9999,24,Salón,Tarjeta,280.0,0
3304,2026-01-20,14:26,4090,2,Salón,Yape,40.0,0
3305,2026-01-20,13:38,2083,5,Salón,Yape,22.0,0
3306,2026-01-20,14:04,2646,24,Salón,Yape,129.0,0
3307,2026-01-20,14:00,531,22,Delivery propio,Tarjeta,38.0,0
3308,2026-01-20,12:28,3475,22,Delivery propio,Yape,160.0,0
3309,2026-01-20,19:13,9999,24,Para llevar,Efectivo,100.0,0
3310,2026-01-20,11:27,4562,19,Delivery propio,Efectivo,122.0,0
3311,2026-01-20,15:22,2103,3,Salón,Efectivo,198.0,0
3312,2026-01-20,21:17,2239,7,Salón,Tarjeta,86.0,0
3313,2026-09-28,14:54,5388,22,Salón,Yape,168.0,1
3314,2026-01-20,14:11,771,18,Salón,Yape,112.0,0
3315,2026-01-20,16:23,5318,7,Para llevar,Efectivo,142.0,0
3316,2026-01-20,14:56,2441,5,Salón,Yape,87.0,0
3317,2026-01-20,12:32,3878,20,Para llevar,Plin,71.0,0
3318,2026-01-20,20:30,2288,19,Salón,Yape,118.0,0
3319,2026-01-20,15:07,2239,7,Salón,Yape,14.0,0
3320,2026-01-20,21:26,5123,17,Delivery propio,Efectivo,114.0,0
3321,2026-01-20,17:54,4754,3,Salón,Yape,126.0,0
3322,2026-01-20,14:40,1744,22,Salón,Plin,28.0,0
3323,2026-01-20,18:32,3536,7,Delivery propio,Tarjeta,14.0,0
3324,2026-01-20,18:43,2015,2,Para llevar,Yape,78.0,0
3325,2026-01-20,13:29,26,16,Salón,Plin,60.0,0
3326,2026-01-20,18:37,1082,20,Para llevar,Efectivo,112.0,0
3327,2026-01-20,19:39,4392,18,Delivery propio,Plin,84.0,0
3328,2026-01-20,16:38,4555,7,Salón,Efectivo,76.0,0
3329,2026-01-21,14:49,4710,16,Salón,Tarjeta,162.0,0
3330,2026-01-21,18:18,4479,7,Salón,Yape,202.0,0
3331,2026-01-21,19:37,2146,18,Salón,Efectivo,372.0,0
3332,2026-01-21,13:31,2725,20,Para llevar,Yape,82.0,0
3333,2026-01-21,12:04,645,20,Salón,Tarjeta,110.0,0
3334,2026-01-21,18:39,3456,18,Salón,Efectivo,60.0,0
3335,2026-01-21,15:49,2490,7,Salón,Efectivo,28.0,0
3336,2026-01-21,13:49,4650,3,Salón,Yape,120.0,0
3337,2026-01-21,18:51,360,16,Salón,Efectivo,164.0,0
3338,2026-01-21,17:46,2900,24,Delivery propio,Efectivo,66.0,0
3339,2026-01-21,11:16,4674,18,Salón,Yape,76.0,0
3340,2026-01-21,15:46,1881,5,Salón,Tarjeta,28.0,0
3341,2026-01-21,19:02,1850,18,Salón,Tarjeta,103.0,0
3342,2026-01-21,13:44,3584,22,Delivery propio,Yape,70.0,0
3343,2026-01-21,15:46,1811,2,Salón,Efectivo,163.0,0
3344,2026-01-21,17:25,1314,5,Salón,Yape,60.0,0
3345,2026-01-21,19:21,1353,3,Salón,Yape,61.0,0
3346,2026-01-21,21:06,4703,5,Salón,Efectivo,136.0,0
3347,2026-01-21,11:28,5321,16,Para llevar,Yape,162.0,0
3348,2026-01-21,13:26,5337,22,Salón,Yape,170.0,0
3349,2026-01-21,12:10,3247,18,Para llevar,Tarjeta,28.0,0
3350,2026-01-21,21:42,3838,5,Para llevar,Efectivo,300.0,0
3351,2026-01-21,19:36,9999,20,Para llevar,Yape,136.0,0
3352,2026-01-22,14:21,877,7,Salón,Efectivo,121.0,0
3353,2026-01-22,18:56,3260,5,Delivery propio,Yape,224.0,0
3354,2026-01-22,15:07,415,22,Salón,Yape,32.0,0
3355,2026-01-22,11:43,4686,18,Salón,Efectivo,212.0,0
3356,2026-01-22,19:17,9999,16,Delivery propio,Efectivo,93.0,0
3357,2026-01-22,12:59,489,19,Para llevar,Efectivo,166.0,0
3358,2026-01-22,13:04,9999,5,Salón,Tarjeta,175.0,0
3359,2026-01-22,20:07,188,22,Salón,Yape,107.0,0
3360,2026-01-22,13:02,190,2,Salón,Yape,96.0,0
3361,2026-01-22,14:26,2489,7,Delivery propio,Tarjeta,82.0,0
3362,2026-01-22,16:37,3792,7,Delivery propio,Plin,30.0,0
3363,2026-01-22,19:08,923,24,Salón,Efectivo,100.0,0
3364,2026-01-22,21:14,2073,24,Para llevar,Tarjeta,36.0,0
3365,2026-01-22,20:58,2486,22,Salón,Yape,136.0,0
3366,2026-01-22,15:27,9999,18,Salón,Efectivo,67.0,0
3367,2026-01-22,12:28,9999,22,Para llevar,Yape,146.0,0
3368,2026-01-22,13:27,9999,18,Salón,Plin,138.0,0
3369,2026-01-22,21:53,4081,7,Delivery propio,Tarjeta,176.0,0
3370,2026-01-22,15:33,9999,18,Para llevar,Efectivo,98.0,0
3371,2026-01-22,14:04,3363,17,Salón,Efectivo,164.0,0
3372,2026-01-22,14:07,5428,20,Salón,Tarjeta,184.0,0
3373,2026-09-28,18:53,3652,18,Salón,Efectivo,254.0,1
3374,2026-01-22,18:39,3351,24,Salón,Plin,124.0,0
3375,2026-01-22,15:40,1074,22,Salón,Efectivo,16.0,0
3376,2026-01-22,12:06,1226,18,Para llevar,Efectivo,163.0,0
3377,2026-01-23,19:50,4075,5,Para llevar,Efectivo,223.0,0
3378,2026-01-23,20:54,448,5,Salón,Tarjeta,137.0,0
3379,2026-01-23,14:12,1286,24,Salón,Efectivo,36.0,0
3380,2026-01-23,19:11,2805,16,Salón,Tarjeta,174.0,0
3381,2026-01-23,19:26,5030,3,Para llevar,Yape,150.0,0
3382,2026-01-23,11:09,2159,24,Salón,Yape,102.0,0
3383,2026-01-23,14:55,1793,20,Salón,Efectivo,126.0,0
3384,2026-01-23,17:27,1236,3,Salón,Tarjeta,134.0,0
3385,2026-01-23,19:21,5016,5,Para llevar,Efectivo,76.0,0
3386,2026-01-23,14:08,2645,2,Salón,Yape,36.0,0
3387,2026-01-23,16:12,2754,3,Salón,Plin,132.0,0
3388,2026-01-23,16:20,643,18,Salón,Tarjeta,40.0,0
3389,2026-01-23,14:49,2477,16,Para llevar,Yape,139.0,0
3390,2026-01-23,13:38,4785,16,Salón,Yape,128.0,0
3391,2026-01-23,14:32,5491,18,Para llevar,Yape,61.0,0
3392,2026-01-23,13:15,160,3,Salón,Tarjeta,253.0,0
3393,2026-01-23,15:50,1171,2,Salón,Plin,42.0,0
3394,2026-01-23,11:25,9999,7,Salón,Efectivo,113.0,0
3395,2026-01-23,14:00,5010,20,Delivery propio,Plin,102.0,0
3396,2026-01-23,14:22,5044,20,Salón,Efectivo,162.0,0
3397,2026-01-23,17:10,9999,16,Salón,Tarjeta,198.0,0
3398,2026-01-23,14:58,1373,7,Para llevar,Yape,30.0,0
3399,2026-01-23,20:20,2571,7,Salón,Tarjeta,72.0,0
3400,2026-01-23,14:49,4120,16,Salón,Tarjeta,66.0,0
3401,2026-01-23,11:36,2075,7,Salón,Efectivo,299.0,0
3402,2026-01-23,20:37,2290,18,Salón,Plin,180.0,0
3403,2026-01-23,19:39,5038,24,Salón,Tarjeta,102.0,0
3404,2026-01-23,12:09,98,5,Salón,Efectivo,34.0,0
3405,2026-01-23,13:05,9999,7,Salón,Tarjeta,96.0,0
3406,2026-01-23,19:59,4771,22,Salón,Efectivo,118.0,0
3407,2026-01-23,12:11,2774,18,Para llevar,Yape,30.0,0
3408,2026-01-23,14:54,4043,20,Salón,Efectivo,91.0,0
3409,2026-01-23,13:06,2548,5,Salón,Efectivo,58.0,0
3410,2026-01-23,13:22,9999,22,Delivery propio,Efectivo,220.0,0
3411,2026-01-23,17:16,9999,22,Salón,Yape,180.0,0
3412,2026-01-23,13:48,270,16,Para llevar,Tarjeta,92.0,0
3413,2026-01-23,12:07,1831,3,Para llevar,Tarjeta,102.0,0
3414,2026-01-23,15:40,4019,18,Para llevar,Efectivo,45.0,0
3415,2026-01-23,20:06,9999,5,Salón,Efectivo,112.0,0
3416,2026-01-23,16:56,3447,19,Salón,Yape,86.0,0
3417,2026-01-24,14:53,3558,20,Salón,Plin,138.0,0
3418,2026-01-24,11:10,3763,7,Delivery propio,Tarjeta,310.0,0
3419,2026-01-24,13:52,5052,24,Salón,Yape,90.0,0
3420,2026-01-24,15:12,9999,16,Delivery propio,Efectivo,110.0,0
3421,2026-01-24,20:20,3020,19,Salón,Yape,90.0,0
3422,2026-01-24,13:12,877,5,Para llevar,Efectivo,36.0,0
3423,2026-01-24,14:49,9999,19,Para llevar,Yape,172.0,0
3424,2026-01-24,21:15,653,18,Salón,Plin,140.0,0
3425,2026-01-24,15:49,3951,19,Salón,Efectivo,159.0,0
3426,2026-01-24,20:53,264,18,Salón,Plin,228.0,0
3427,2026-01-24,14:49,9999,3,Para llevar,Efectivo,146.0,0
3428,2026-01-24,19:54,2908,3,Para llevar,Yape,134.0,0
3429,2026-01-24,14:15,961,18,Delivery propio,Yape,90.0,0
3430,2026-01-24,14:27,1028,20,Salón,Tarjeta,281.0,0
3431,2026-01-24,14:39,3694,24,Salón,Tarjeta,57.0,0
3432,2026-01-24,11:08,5304,19,Salón,Tarjeta,163.0,0
3433,2026-01-24,12:51,5044,2,Salón,Efectivo,99.0,0
3434,2026-01-24,14:40,678,16,Salón,Efectivo,70.0,0
3435,2026-01-24,15:48,1673,2,Salón,Efectivo,186.0,0
3436,2026-01-24,18:31,609,22,Delivery propio,Efectivo,68.0,0
3437,2026-01-24,13:37,3285,5,Salón,Plin,86.0,0
3438,2026-01-24,20:02,45,2,Salón,Efectivo,90.0,0
3439,2026-01-24,13:39,1461,3,Para llevar,Efectivo,20.0,0
3440,2026-01-24,13:00,877,18,Salón,Tarjeta,187.0,0
3441,2026-01-24,11:38,4257,18,Delivery propio,Efectivo,34.0,0
3442,2026-01-24,14:40,293,2,Salón,Plin,186.0,0
3443,2026-01-24,15:03,1194,7,Para llevar,Efectivo,112.0,0
3444,2026-01-24,17:28,259,19,Salón,Yape,74.0,0
3445,2026-01-24,17:42,811,24,Salón,Tarjeta,190.0,0
3446,2026-01-24,19:47,1737,17,Salón,Efectivo,176.0,0
3447,2026-01-24,18:12,2808,5,Para llevar,Tarjeta,157.0,0
3448,2026-01-24,21:28,4500,18,Para llevar,Efectivo,186.0,0
3449,2026-01-24,15:07,750,16,Salón,Efectivo,74.0,0
3450,2026-01-24,14:59,9999,18,Para llevar,Efectivo,104.0,0
3451,2026-01-24,16:26,5248,24,Salón,Plin,62.0,0
3452,2026-01-24,13:37,1651,7,Salón,Plin,231.0,0
3453,2026-01-24,11:07,142,18,Delivery propio,Plin,127.0,0
3454,2026-01-24,13:18,3669,17,Delivery propio,Efectivo,48.0,0
3455,2026-01-24,18:25,86,16,Salón,Yape,73.0,0
3456,2026-01-24,11:21,711,24,Salón,Efectivo,280.0,0
3457,2026-01-24,13:01,9999,7,Salón,Efectivo,236.0,0
3458,2026-01-24,19:36,645,7,Salón,Yape,37.0,0
3459,2026-01-24,14:04,1736,5,Para llevar,Efectivo,72.0,0
3460,2026-01-24,19:14,5041,3,Salón,Efectivo,350.0,0
3461,2026-01-24,13:37,921,18,Salón,Tarjeta,120.0,0
3462,2026-01-24,18:09,393,3,Salón,Yape,295.0,0
3463,2026-01-24,14:49,4596,19,Salón,Efectivo,63.0,0
3464,2026-01-24,19:43,4434,16,Salón,Efectivo,130.0,0
3465,2026-01-24,13:28,4948,17,Delivery propio,Tarjeta,24.0,0
3466,2026-01-24,15:17,3310,2,Para llevar,Efectivo,81.0,0
3467,2026-01-24,14:32,1180,3,Salón,Tarjeta,90.0,0
3468,2026-01-24,14:25,4666,5,Salón,Efectivo,56.0,0
3469,2026-01-24,14:55,812,20,Para llevar,Yape,18.0,0
3470,2026-01-24,14:25,2638,19,Para llevar,Tarjeta,194.0,0
3471,2026-01-24,14:50,3609,7,Salón,Efectivo,180.0,0
3472,2026-01-24,18:00,2273,3,Para llevar,Efectivo,299.0,0
3473,2026-01-24,13:49,3869,22,Delivery propio,Plin,116.0,0
3474,2026-01-24,12:29,4914,17,Para llevar,Efectivo,62.0,0
3475,2026-01-24,12:27,5422,17,Salón,Efectivo,181.0,0
3476,2026-01-25,20:37,2873,20,Salón,Plin,156.0,0
3477,2026-01-25,13:34,2620,24,Delivery propio,Yape,42.0,0
3478,2026-01-25,15:54,3451,19,Salón,Plin,46.0,0
3479,2026-01-25,21:35,4713,20,Salón,Plin,82.0,0
3480,2026-01-25,21:10,2746,20,Salón,Efectivo,216.0,0
3481,2026-01-25,14:49,1321,24,Salón,Tarjeta,118.0,0
3482,2026-01-25,15:48,3327,17,Salón,Efectivo,56.0,0
3483,2026-01-25,15:30,5317,17,Salón,Efectivo,230.0,0
3484,2026-01-25,12:43,4409,22,Para llevar,Efectivo,132.0,0
3485,2026-01-25,18:44,4745,2,Salón,Tarjeta,159.0,0
3486,2026-01-25,19:02,4859,3,Salón,Yape,66.0,0
3487,2026-01-25,21:41,3545,3,Salón,Plin,28.0,0
3488,2026-01-25,20:06,1835,22,Salón,Tarjeta,162.0,0
3489,2026-01-25,13:14,4896,5,Para llevar,Yape,132.0,0
3490,2026-01-25,13:08,1198,18,Salón,Tarjeta,82.0,0
3491,2026-01-25,16:40,490,3,Para llevar,Tarjeta,123.0,0
3492,2026-01-25,13:17,4479,16,Para llevar,Efectivo,245.0,0
3493,2026-01-25,11:09,4537,2,Delivery propio,Tarjeta,184.0,0
3494,2026-01-25,19:36,22,19,Salón,Yape,73.0,0
3495,2026-01-25,19:01,2823,24,Para llevar,Efectivo,184.0,0
3496,2026-01-25,11:01,1582,16,Delivery propio,Efectivo,312.0,0
3497,2026-01-25,19:13,589,18,Salón,Plin,125.0,0
3498,2026-01-25,20:24,1998,2,Salón,Tarjeta,112.0,0
3499,2026-01-25,17:20,1918,18,Salón,Efectivo,84.0,0
3500,2026-01-25,12:00,2831,3,Salón,Yape,208.0,0
3501,2026-01-25,18:42,4747,17,Salón,Efectivo,126.0,0
3502,2026-01-25,12:50,4814,20,Salón,Tarjeta,84.0,0
3503,2026-01-25,11:44,3160,18,Salón,Tarjeta,156.0,0
3504,2026-01-25,13:07,5204,17,Para llevar,Tarjeta,168.0,0
3505,2026-01-25,13:55,9999,19,Para llevar,Tarjeta,64.0,0
3506,2026-01-25,13:01,1042,5,Delivery propio,Efectivo,326.0,0
3507,2026-01-25,12:51,4408,19,Delivery propio,Plin,80.0,0
3508,2026-01-25,15:37,5327,24,Salón,Yape,178.0,0
3509,2026-01-25,12:57,5371,16,Salón,Tarjeta,144.0,0
3510,2026-01-25,14:18,3375,5,Delivery propio,Yape,96.0,0
3511,2026-01-25,21:37,1845,5,Salón,Efectivo,30.0,0
3512,2026-01-25,12:29,3896,19,Delivery propio,Efectivo,146.0,0
3513,2026-01-25,20:30,4067,16,Delivery propio,Plin,108.0,0
3514,2026-01-25,14:24,4645,22,Salón,Plin,100.0,0
3515,2026-01-25,14:27,1983,16,Salón,Plin,124.0,0
3516,2026-01-25,19:57,9999,2,Para llevar,Efectivo,99.0,0
3517,2026-01-25,12:06,6,5,Delivery propio,Tarjeta,110.0,0
3518,2026-01-25,13:21,4944,24,Salón,Efectivo,138.0,0
3519,2026-01-25,12:57,2722,16,Para llevar,Tarjeta,76.0,0
3520,2026-01-25,19:56,3970,22,Salón,Efectivo,205.0,0
3521,2026-01-25,13:37,1497,24,Salón,Plin,270.0,0
3522,2026-01-25,13:09,4669,19,Salón,Tarjeta,34.0,0
3523,2026-01-25,17:28,4500,24,Salón,Tarjeta,137.0,0
3524,2026-01-25,16:37,2388,24,Delivery propio,Efectivo,260.0,0
3525,2026-01-25,12:51,2139,5,Para llevar,Efectivo,92.0,0
3526,2026-01-25,14:19,2891,20,Salón,Yape,94.0,0
3527,2026-01-25,21:19,151,24,Salón,Efectivo,152.0,0
3528,2026-01-25,20:03,3210,22,Para llevar,Yape,144.0,0
3529,2026-01-25,13:43,1753,18,Salón,Efectivo,174.0,0
3530,2026-01-25,20:01,3118,17,Delivery propio,Efectivo,139.0,0
3531,2026-01-25,19:00,2197,17,Delivery propio,Tarjeta,88.0,0
3532,2026-01-25,20:56,2388,22,Salón,Plin,103.0,0
3533,2026-01-26,13:45,2345,7,Para llevar,Yape,122.0,0
3534,2026-01-26,17:46,3640,3,Salón,Efectivo,64.0,0
3535,2026-01-26,12:29,9999,20,Delivery propio,Efectivo,123.0,0
3536,2026-01-26,15:30,107,22,Salón,Efectivo,100.0,0
3537,2026-01-26,20:34,3424,5,Salón,Tarjeta,212.0,0
3538,2026-01-26,12:28,2737,22,Delivery propio,Tarjeta,61.0,0
3539,2026-01-26,19:48,5224,16,Salón,Yape,74.0,0
3540,2026-01-26,12:20,4205,7,Salón,Yape,74.0,0
3541,2026-09-28,11:47,5273,16,Salón,Yape,38.0,1
3542,2026-01-26,15:04,1042,24,Salón,Yape,204.0,0
3543,2026-01-26,14:44,4329,22,Delivery propio,Yape,42.0,0
3544,2026-01-26,14:40,1806,3,Salón,Efectivo,112.0,0
3545,2026-01-26,19:48,536,2,Salón,Efectivo,84.0,0
3546,2026-01-26,13:42,9999,19,Salón,Tarjeta,24.0,0
3547,2026-01-26,20:05,4180,22,Salón,Yape,136.0,0
3548,2026-01-26,18:36,3735,16,Salón,Plin,140.0,0
3549,2026-01-26,14:46,2432,19,Salón,Tarjeta,168.0,0
3550,2026-01-26,19:21,1928,18,Delivery propio,Plin,24.0,0
3551,2026-01-26,14:10,1949,3,Salón,Yape,83.0,0
3552,2026-01-26,14:53,4274,20,Salón,Yape,158.0,0
3553,2026-01-26,14:03,3500,24,Delivery propio,Efectivo,88.0,0
3554,2026-01-26,13:23,9999,3,Salón,Efectivo,52.0,0
3555,2026-01-26,12:04,5140,16,Salón,Efectivo,38.0,0
3556,2026-01-26,14:50,712,22,Salón,Efectivo,239.0,0
3557,2026-01-26,20:05,443,20,Para llevar,Yape,79.0,0
3558,2026-01-26,17:33,4621,18,Para llevar,Yape,75.0,0
3559,2026-01-27,13:13,4171,16,Salón,Plin,48.0,0
3560,2026-01-27,13:10,4487,7,Delivery propio,Yape,190.0,0
3561,2026-01-27,16:39,4707,2,Para llevar,Efectivo,334.0,0
3562,2026-01-27,20:04,2024,19,Para llevar,Efectivo,137.0,0
3563,2026-01-27,12:24,1724,24,Salón,Tarjeta,112.0,0
3564,2026-01-27,19:42,3627,18,Salón,Efectivo,167.0,0
3565,2026-01-27,20:11,765,18,Delivery propio,Yape,88.0,0
3566,2026-01-27,11:33,2351,5,Salón,Yape,166.0,0
3567,2026-01-27,16:20,5486,18,Salón,Efectivo,35.0,0
3568,2026-01-27,19:05,3320,7,Salón,Efectivo,58.0,0
3569,2026-01-27,18:05,4439,5,Delivery propio,Efectivo,84.0,0
3570,2026-01-27,20:07,3792,20,Salón,Yape,45.0,0
3571,2026-01-27,13:01,3223,19,Delivery propio,Plin,274.0,0
3572,2026-01-27,14:00,3811,16,Delivery propio,Yape,57.0,0
3573,2026-01-27,17:26,3612,24,Salón,Tarjeta,172.0,0
3574,2026-01-27,15:54,4898,20,Delivery propio,Yape,63.0,0
3575,2026-01-27,12:36,955,24,Para llevar,Efectivo,124.0,0
3576,2026-01-27,12:55,3471,17,Delivery propio,Yape,156.0,0
3577,2026-01-27,13:15,1513,3,Delivery propio,Efectivo,108.0,0
3578,2026-01-27,16:31,5020,7,Salón,Tarjeta,165.0,0
3579,2026-01-27,11:29,3532,2,Para llevar,Plin,44.0,0
3580,2026-01-27,12:42,3931,22,Salón,Efectivo,42.0,0
3581,2026-01-27,12:01,2280,16,Delivery propio,Yape,34.0,0
3582,2026-01-27,19:35,5212,20,Salón,Yape,96.0,0
3583,2026-01-27,14:57,2900,5,Delivery propio,Efectivo,134.0,0
3584,2026-01-27,11:56,3812,18,Delivery propio,Yape,114.0,0
3585,2026-01-27,13:21,2880,17,Para llevar,Plin,170.0,0
3586,2026-01-28,13:55,2569,18,Salón,Plin,229.0,0
3587,2026-01-28,13:12,1359,2,Para llevar,Yape,52.0,0
3588,2026-01-28,19:06,702,20,Salón,Plin,114.0,0
3589,2026-01-28,19:14,4729,22,Salón,Efectivo,179.0,0
3590,2026-01-28,19:06,2122,16,Delivery propio,Efectivo,208.0,0
3591,2026-01-28,15:36,9999,19,Salón,Tarjeta,48.0,0
3592,2026-01-28,14:32,2841,2,Para llevar,Tarjeta,188.0,0
3593,2026-01-28,15:42,1872,20,Salón,Plin,64.0,0
3594,2026-01-28,16:42,1067,16,Salón,Efectivo,116.0,0
3595,2026-01-28,12:48,9999,18,Salón,Efectivo,70.0,0
3596,2026-01-28,19:39,9999,3,Delivery propio,Efectivo,196.0,0
3597,2026-01-28,13:04,3491,22,Salón,Yape,140.0,0
3598,2026-01-28,20:38,3648,16,Salón,Efectivo,176.0,0
3599,2026-09-28,19:27,1036,24,Para llevar,Yape,32.0,1
3600,2026-01-28,13:22,2640,7,Salón,Tarjeta,140.0,0
3601,2026-09-28,19:45,2763,5,Salón,Yape,143.0,1
3602,2026-01-28,12:00,69,3,Salón,Yape,54.0,0
3603,2026-01-28,19:05,1171,17,Salón,Efectivo,156.0,0
3604,2026-01-28,13:15,2488,3,Salón,Yape,108.0,0
3605,2026-01-28,14:50,165,19,Salón,Yape,238.0,0
3606,2026-01-28,21:11,196,3,Salón,Tarjeta,181.0,0
3607,2026-01-28,18:46,695,3,Para llevar,Efectivo,152.0,0
3608,2026-01-28,14:29,2288,24,Salón,Yape,177.0,0
3609,2026-01-28,15:52,1758,5,Delivery propio,Efectivo,159.0,0
3610,2026-01-28,12:42,1729,2,Para llevar,Yape,273.0,0
3611,2026-01-28,13:43,9999,18,Salón,Tarjeta,112.0,0
3612,2026-01-28,20:16,558,18,Para llevar,Efectivo,249.0,0
3613,2026-01-28,18:21,9999,7,Delivery propio,Plin,52.0,0
3614,2026-01-28,13:09,2849,18,Delivery propio,Plin,76.0,0
3615,2026-01-28,13:10,2134,2,Salón,Tarjeta,230.0,0
3616,2026-01-28,14:57,4116,2,Salón,Efectivo,186.0,0
3617,2026-01-29,15:22,9999,16,Salón,Plin,44.0,0
3618,2026-01-29,21:40,1412,16,Para llevar,Tarjeta,179.0,0
3619,2026-01-29,14:25,3617,3,Delivery propio,Tarjeta,22.0,0
3620,2026-01-29,12:01,1234,3,Salón,Tarjeta,121.0,0
3621,2026-01-29,13:06,5371,5,Salón,Plin,115.0,0
3622,2026-01-29,21:30,4732,19,Salón,Yape,104.0,0
3623,2026-01-29,12:29,4107,22,Salón,Tarjeta,156.0,0
3624,2026-01-29,12:00,1129,5,Salón,Yape,175.0,0
3625,2026-01-29,19:33,5191,2,Salón,Efectivo,228.0,0
3626,2026-01-29,21:39,4454,7,Salón,Tarjeta,28.0,0
3627,2026-01-29,18:28,3512,19,Salón,Efectivo,68.0,0
3628,2026-01-29,13:06,845,20,Delivery propio,Tarjeta,198.0,0
3629,2026-01-29,19:07,286,24,Delivery propio,Tarjeta,90.0,0
3630,2026-01-29,14:46,4831,16,Salón,Yape,128.0,0
3631,2026-01-29,12:18,1833,24,Salón,Efectivo,77.0,0
3632,2026-01-29,17:07,4905,24,Salón,Tarjeta,96.0,0
3633,2026-01-29,17:17,3679,16,Para llevar,Tarjeta,82.0,0
3634,2026-01-29,21:55,4535,5,Para llevar,Efectivo,127.0,0
3635,2026-01-29,19:38,9999,22,Delivery propio,Tarjeta,106.0,0
3636,2026-01-29,20:45,4425,19,Para llevar,Yape,126.0,0
3637,2026-01-29,11:17,4592,19,Salón,Tarjeta,52.0,0
3638,2026-01-29,12:24,4434,19,Salón,Efectivo,126.0,0
3639,2026-01-29,21:33,9999,17,Salón,Efectivo,38.0,0
3640,2026-01-29,14:26,2059,19,Salón,Yape,128.0,0
3641,2026-01-29,20:05,3143,7,Salón,Plin,395.0,0
3642,2026-01-29,17:43,3553,7,Para llevar,Plin,74.0,0
3643,2026-01-29,11:32,1997,22,Delivery propio,Yape,25.0,0
3644,2026-01-29,21:11,9999,3,Salón,Plin,86.0,0
3645,2026-01-29,19:02,2792,18,Salón,Plin,94.0,0
3646,2026-01-29,14:11,4754,19,Salón,Yape,154.0,0
3647,2026-01-29,16:40,1289,5,Salón,Tarjeta,179.0,0
3648,2026-01-29,20:58,5166,20,Salón,Efectivo,118.0,0
3649,2026-01-29,14:36,1820,22,Salón,Tarjeta,237.0,0
3650,2026-01-29,19:16,3337,3,Delivery propio,Yape,55.0,0
3651,2026-01-30,18:15,2513,17,Salón,Efectivo,283.0,0
3652,2026-01-30,13:57,2302,22,Delivery propio,Yape,138.0,0
3653,2026-01-30,13:15,2900,16,Salón,Tarjeta,116.0,0
3654,2026-01-30,14:39,838,22,Salón,Tarjeta,151.0,0
3655,2026-01-30,19:36,4814,3,Salón,Tarjeta,112.0,0
3656,2026-01-30,12:51,2765,7,Salón,Tarjeta,70.0,0
3657,2026-01-30,21:17,2775,20,Salón,Tarjeta,225.0,0
3658,2026-01-30,13:23,5485,16,Salón,Tarjeta,166.0,0
3659,2026-01-30,13:15,1539,22,Salón,Plin,72.0,0
3660,2026-01-30,17:23,3330,16,Salón,Yape,30.0,0
3661,2026-01-30,21:27,4989,7,Salón,Yape,301.0,0
3662,2026-01-30,19:47,2620,18,Salón,Tarjeta,132.0,0
3663,2026-01-30,13:11,2427,2,Salón,Plin,313.0,0
3664,2026-01-30,15:19,252,22,Delivery propio,Yape,166.0,0
3665,2026-01-30,19:28,1261,24,Delivery propio,Plin,154.0,0
3666,2026-01-30,19:06,9999,16,Delivery propio,Efectivo,168.0,0
3667,2026-01-30,13:52,5360,7,Salón,Tarjeta,122.0,0
3668,2026-01-30,15:06,2084,20,Salón,Efectivo,112.0,0
3669,2026-01-30,19:52,3618,18,Salón,Efectivo,28.0,0
3670,2026-01-30,16:32,2713,7,Delivery propio,Plin,82.0,0
3671,2026-01-30,19:26,336,5,Salón,Tarjeta,206.0,0
3672,2026-01-30,18:00,1878,5,Delivery propio,Yape,76.0,0
3673,2026-01-30,18:10,3127,2,Salón,Yape,54.0,0
3674,2026-01-30,14:59,507,2,Salón,Yape,104.0,0
3675,2026-01-30,11:46,2795,24,Salón,Yape,109.0,0
3676,2026-01-30,19:27,2092,18,Salón,Plin,102.0,0
3677,2026-01-30,16:23,888,18,Para llevar,Yape,142.0,0
3678,2026-01-30,19:50,9999,2,Delivery propio,Efectivo,140.0,0
3679,2026-01-30,20:14,5495,2,Salón,Yape,150.0,0
3680,2026-01-30,13:50,3335,17,Salón,Yape,49.0,0
3681,2026-01-30,19:29,9999,24,Salón,Efectivo,80.0,0
3682,2026-01-30,20:37,1468,2,Salón,Tarjeta,16.0,0
3683,2026-01-30,14:05,1965,2,Delivery propio,Yape,117.0,0
3684,2026-01-30,13:32,3211,3,Salón,Yape,129.0,0
3685,2026-01-30,17:47,115,22,Para llevar,Yape,162.0,0
3686,2026-01-30,12:38,9999,22,Delivery propio,Yape,108.0,0
3687,2026-01-30,16:54,3742,3,Delivery propio,Yape,90.0,0
3688,2026-01-30,13:43,5109,16,Salón,Plin,134.0,0
3689,2026-01-30,18:33,3045,5,Salón,Efectivo,136.0,0
3690,2026-01-30,21:20,3417,24,Para llevar,Efectivo,120.0,0
3691,2026-01-30,11:01,1585,16,Salón,Yape,120.0,0
3692,2026-01-30,18:12,4507,19,Salón,Yape,114.0,0
3693,2026-01-30,14:24,4716,3,Para llevar,Yape,62.0,0
3694,2026-01-30,16:03,1703,17,Para llevar,Efectivo,78.0,0
3695,2026-01-30,19:29,3034,19,Salón,Efectivo,74.0,0
3696,2026-01-30,19:36,1965,5,Salón,Yape,82.0,0
3697,2026-01-30,13:17,4080,17,Delivery propio,Yape,85.0,0
3698,2026-01-30,15:54,2750,5,Para llevar,Tarjeta,122.0,0
3699,2026-01-30,15:02,1944,17,Salón,Efectivo,90.0,0
3700,2026-01-30,14:45,4718,2,Salón,Efectivo,80.0,0
3701,2026-01-31,15:45,5065,20,Delivery propio,Tarjeta,44.0,0
3702,2026-01-31,18:49,1422,2,Salón,Tarjeta,60.0,0
3703,2026-01-31,19:04,1931,20,Delivery propio,Yape,60.0,0
3704,2026-01-31,14:36,148,24,Salón,Plin,73.0,0
3705,2026-01-31,16:33,1862,3,Para llevar,Yape,46.0,0
3706,2026-01-31,13:05,4479,5,Salón,Yape,85.0,0
3707,2026-01-31,18:52,877,22,Salón,Yape,44.0,0
3708,2026-01-31,16:22,1978,18,Para llevar,Plin,30.0,0
3709,2026-01-31,14:00,2226,17,Salón,Yape,96.0,0
3710,2026-01-31,15:39,3979,18,Salón,Efectivo,152.0,0
3711,2026-01-31,18:51,646,20,Para llevar,Plin,52.0,0
3712,2026-01-31,17:12,1613,19,Salón,Tarjeta,96.0,0
3713,2026-01-31,13:01,3239,22,Salón,Tarjeta,70.0,0
3714,2026-01-31,17:25,651,20,Salón,Tarjeta,70.0,0
3715,2026-01-31,20:40,3668,5,Para llevar,Efectivo,212.0,0
3716,2026-01-31,14:40,5006,19,Para llevar,Efectivo,24.0,0
3717,2026-01-31,20:26,5208,17,Salón,Plin,166.0,0
3718,2026-01-31,13:26,3086,7,Para llevar,Efectivo,200.0,0
3719,2026-01-31,18:55,2374,17,Para llevar,Plin,203.0,0
3720,2026-01-31,21:31,1661,22,Delivery propio,Yape,252.0,0
3721,2026-01-31,12:17,836,7,Salón,Yape,80.0,0
3722,2026-01-31,13:07,3073,24,Delivery propio,Tarjeta,96.0,0
3723,2026-01-31,17:51,4385,3,Salón,Efectivo,208.0,0
3724,2026-01-31,13:52,4217,22,Salón,Yape,200.0,0
3725,2026-01-31,19:14,4311,20,Salón,Tarjeta,72.0,0
3726,2026-01-31,15:43,1901,16,Delivery propio,Tarjeta,114.0,0
3727,2026-01-31,19:47,1780,18,Para llevar,Efectivo,72.0,0
3728,2026-01-31,20:38,1569,5,Para llevar,Tarjeta,95.0,0
3729,2026-01-31,13:21,3793,22,Salón,Yape,124.0,0
3730,2026-01-31,12:29,9999,17,Para llevar,Efectivo,84.0,0
3731,2026-01-31,12:50,3972,5,Salón,Tarjeta,288.0,0
3732,2026-01-31,18:23,9999,5,Salón,Efectivo,28.0,0
3733,2026-01-31,13:09,2868,16,Salón,Efectivo,68.0,0
3734,2026-01-31,14:43,5289,20,Salón,Efectivo,20.0,0
3735,2026-01-31,18:03,1599,5,Para llevar,Efectivo,294.0,0
3736,2026-01-31,20:05,1151,2,Para llevar,Plin,102.0,0
3737,2026-01-31,20:35,1199,22,Salón,Plin,120.0,0
3738,2026-01-31,14:52,475,2,Para llevar,Yape,331.0,0
3739,2026-01-31,18:18,2838,19,Salón,Yape,84.0,0
3740,2026-01-31,20:58,1005,16,Salón,Efectivo,228.0,0
3741,2026-01-31,12:47,4136,22,Salón,Yape,177.0,0
3742,2026-01-31,19:21,4909,24,Delivery propio,Yape,32.0,0
3743,2026-01-31,16:32,3105,19,Delivery propio,Efectivo,126.0,0
3744,2026-01-31,18:20,4232,2,Salón,Efectivo,127.0,0
3745,2026-02-01,18:16,3952,3,Para llevar,Plin,97.0,0
3746,2026-02-01,19:24,5372,19,Salón,Efectivo,220.0,0
3747,2026-02-01,18:48,607,3,Delivery propio,Tarjeta,144.0,0
3748,2026-02-01,13:55,3823,16,Salón,Yape,160.0,0
3749,2026-02-01,16:20,1927,22,Salón,Tarjeta,82.0,0
3750,2026-02-01,17:19,2097,3,Para llevar,Tarjeta,58.0,0
3751,2026-02-01,14:26,5387,18,Para llevar,Yape,72.0,0
3752,2026-02-01,13:47,3818,20,Delivery propio,Tarjeta,106.0,0
3753,2026-02-01,12:34,4584,3,Salón,Efectivo,86.0,0
3754,2026-02-01,19:58,3399,20,Salón,Efectivo,177.0,0
3755,2026-02-01,14:07,2563,24,Para llevar,Efectivo,174.0,0
3756,2026-02-01,16:36,791,17,Para llevar,Tarjeta,184.0,0
3757,2026-02-01,16:30,9999,3,Salón,Yape,80.0,0
3758,2026-02-01,15:10,887,20,Delivery propio,Tarjeta,146.0,0
3759,2026-02-01,21:01,1263,2,Delivery propio,Yape,130.0,0
3760,2026-02-01,18:59,1050,19,Salón,Tarjeta,18.0,0
3761,2026-02-01,11:56,9999,7,Para llevar,Yape,142.0,0
3762,2026-02-01,21:44,4727,2,Delivery propio,Tarjeta,240.0,0
3763,2026-02-01,18:45,5340,17,Salón,Yape,149.0,0
3764,2026-02-01,13:29,4697,17,Salón,Yape,88.0,0
3765,2026-02-01,12:44,4205,16,Salón,Tarjeta,149.0,0
3766,2026-09-28,14:35,3617,3,Para llevar,Yape,172.0,1
3767,2026-02-01,12:43,1809,5,Delivery propio,Tarjeta,50.0,0
3768,2026-02-01,13:46,77,20,Salón,Yape,111.0,0
3769,2026-02-01,11:36,3641,16,Para llevar,Yape,74.0,0
3770,2026-02-01,13:12,352,24,Salón,Tarjeta,259.0,0
3771,2026-02-01,20:30,845,17,Salón,Yape,43.0,0
3772,2026-02-01,13:28,238,19,Salón,Tarjeta,328.0,0
3773,2026-02-01,18:25,1905,16,Salón,Efectivo,76.0,0
3774,2026-02-01,21:08,3038,2,Salón,Tarjeta,67.0,0
3775,2026-02-01,11:22,3860,24,Delivery propio,Yape,138.0,0
3776,2026-02-01,12:14,624,3,Para llevar,Yape,77.0,0
3777,2026-02-01,20:41,1378,20,Salón,Efectivo,73.0,0
3778,2026-02-01,21:41,756,18,Para llevar,Yape,91.0,0
3779,2026-02-01,18:13,5229,16,Delivery propio,Yape,170.0,0
3780,2026-02-01,14:53,3322,24,Salón,Efectivo,209.0,0
3781,2026-02-01,13:47,5341,2,Salón,Plin,254.0,0
3782,2026-02-01,13:04,4690,3,Salón,Efectivo,123.0,0
3783,2026-02-01,16:43,4219,24,Salón,Efectivo,322.0,0
3784,2026-02-01,15:10,1910,7,Delivery propio,Efectivo,64.0,0
3785,2026-02-01,17:05,887,17,Delivery propio,Tarjeta,252.0,0
3786,2026-02-01,12:15,47,18,Salón,Plin,150.0,0
3787,2026-02-01,19:51,502,19,Salón,Yape,196.0,0
3788,2026-02-01,20:31,4183,7,Para llevar,Plin,92.0,0
3790,2026-02-01,19:42,2962,5,Salón,Yape,263.0,0
3791,2026-02-01,16:56,2098,19,Salón,Tarjeta,36.0,0
3792,2026-02-01,18:01,1484,5,Salón,Efectivo,71.0,0
3793,2026-02-01,19:01,858,3,Salón,Yape,158.0,0
3794,2026-02-01,14:58,5409,18,Salón,Yape,54.0,0
3795,2026-02-01,12:39,2842,22,Salón,Tarjeta,85.0,0
3796,2026-02-01,18:24,5196,22,Para llevar,Efectivo,122.0,0
3797,2026-02-01,18:47,1017,19,Para llevar,Tarjeta,72.0,0
3798,2026-02-01,18:22,1169,22,Delivery propio,Yape,68.0,0
3799,2026-02-01,12:12,4523,20,Salón,Yape,80.0,0
3800,2026-02-01,21:12,1178,22,Salón,Tarjeta,282.0,0
3801,2026-02-01,14:53,1796,2,Delivery propio,Yape,84.0,0
3802,2026-02-01,11:44,9999,7,Salón,Yape,127.0,0
3803,2026-02-01,12:36,562,2,Para llevar,Efectivo,51.0,0
3804,2026-02-01,14:11,1014,16,Delivery propio,Yape,124.0,0
3805,2026-02-01,20:16,9999,19,Salón,Efectivo,176.0,0
3806,2026-02-01,14:03,3701,19,Delivery propio,Tarjeta,90.0,0
3807,2026-02-02,21:26,3,22,Salón,Tarjeta,54.0,0
3808,2026-02-02,20:08,3492,5,Salón,Efectivo,54.0,0
3809,2026-02-02,14:44,9999,5,Salón,Tarjeta,130.0,0
3810,2026-02-02,15:43,2570,18,Salón,Efectivo,159.0,0
3811,2026-02-02,13:33,3411,7,Para llevar,Plin,161.0,0
3812,2026-02-02,17:09,1965,19,Delivery propio,Efectivo,176.0,0
3813,2026-02-02,17:58,448,18,Salón,Tarjeta,309.0,0
3814,2026-02-02,13:18,4703,22,Salón,Yape,108.0,0
3815,2026-02-02,12:18,762,16,Salón,Tarjeta,36.0,0
3816,2026-02-02,12:59,4190,20,Salón,Yape,152.0,0
3817,2026-02-02,12:41,9999,22,Delivery propio,Yape,138.0,0
3818,2026-02-02,15:23,1032,3,Salón,Yape,76.0,0
3819,2026-02-02,14:53,17,17,Delivery propio,Efectivo,153.0,0
3820,2026-09-28,12:59,5355,7,Salón,Tarjeta,194.0,1
3821,2026-02-02,12:59,1852,2,Salón,Efectivo,186.0,0
3822,2026-02-02,13:27,4901,24,Salón,Tarjeta,54.0,0
3823,2026-02-02,13:00,3053,24,Para llevar,Tarjeta,198.0,0
3824,2026-02-02,14:12,1916,24,Salón,Yape,197.0,0
3825,2026-02-02,14:39,877,2,Salón,Yape,76.0,0
3826,2026-02-02,19:27,24,20,Salón,Efectivo,94.0,0
3827,2026-02-02,14:31,4961,18,Para llevar,Efectivo,130.0,0
3828,2026-02-02,13:21,2574,22,Salón,Tarjeta,182.0,0
3829,2026-02-02,14:44,260,2,Salón,Yape,114.0,0
3830,2026-02-02,13:11,1694,2,Para llevar,Efectivo,95.0,0
3831,2026-02-03,12:12,803,24,Salón,Tarjeta,18.0,0
3832,2026-02-03,15:37,4366,5,Para llevar,Efectivo,124.0,0
3833,2026-02-03,13:40,4800,3,Salón,Tarjeta,190.0,0
3834,2026-02-03,16:36,1621,16,Salón,Efectivo,167.0,0
3835,2026-02-03,14:23,556,20,Para llevar,Yape,66.0,0
3836,2026-02-03,14:20,858,2,Salón,Tarjeta,170.0,0
3837,2026-02-03,12:30,3241,2,Salón,Plin,25.0,0
3838,2026-02-03,14:37,1018,16,Salón,Efectivo,134.0,0
3839,2026-02-03,14:05,9999,2,Salón,Yape,52.0,0
3840,2026-02-03,19:48,3575,24,Salón,Efectivo,139.0,0
3841,2026-02-03,12:38,1054,24,Salón,Plin,65.0,0
3842,2026-02-03,15:35,591,17,Delivery propio,Tarjeta,64.0,0
3843,2026-02-03,15:21,4703,5,Delivery propio,Efectivo,114.0,0
3844,2026-02-03,19:47,1832,24,Para llevar,Tarjeta,222.0,0
3845,2026-02-03,15:08,4105,20,Salón,Plin,376.0,0
3846,2026-02-03,13:56,1763,3,Para llevar,Tarjeta,206.0,0
3847,2026-02-03,11:24,4392,2,Para llevar,Yape,154.0,0
3848,2026-02-03,20:53,4631,22,Delivery propio,Yape,160.0,0
3849,2026-02-03,13:28,195,24,Salón,Yape,185.0,0
3850,2026-02-03,20:29,1239,22,Salón,Plin,184.0,0
3851,2026-02-04,20:27,9999,5,Salón,Yape,150.0,0
3852,2026-02-04,14:56,4558,7,Salón,Efectivo,70.0,0
3853,2026-02-04,19:46,5220,5,Salón,Efectivo,192.0,0
3854,2026-02-04,11:41,1331,24,Salón,Tarjeta,144.0,0
3855,2026-02-04,11:03,4740,5,Salón,Efectivo,158.0,0
3856,2026-02-04,17:09,9999,2,Delivery propio,Yape,54.0,0
3857,2026-02-04,13:47,88,18,Salón,Efectivo,168.0,0
3858,2026-02-04,19:45,3592,20,Delivery propio,Efectivo,276.0,0
3859,2026-02-04,13:12,2638,24,Salón,Efectivo,42.0,0
3860,2026-02-04,17:12,1477,7,Salón,Tarjeta,10.0,0
3861,2026-02-04,19:43,3429,24,Salón,Efectivo,126.0,0
3862,2026-02-04,19:40,481,7,Salón,Yape,84.0,0
3863,2026-02-04,19:34,4975,7,Delivery propio,Yape,86.0,0
3864,2026-02-04,18:17,1057,2,Delivery propio,Tarjeta,59.0,0
3865,2026-02-04,14:55,5044,5,Salón,Yape,120.0,0
3866,2026-02-04,18:54,4863,16,Salón,Efectivo,107.0,0
3867,2026-02-04,16:33,3483,22,Salón,Efectivo,80.0,0
3868,2026-02-04,20:50,3757,5,Para llevar,Yape,172.0,0
3869,2026-02-04,13:23,4817,2,Para llevar,Tarjeta,121.0,0
3870,2026-02-04,19:18,211,20,Salón,Tarjeta,82.0,0
3871,2026-02-04,12:12,3612,18,Para llevar,Efectivo,146.0,0
3872,2026-02-05,13:33,1189,22,Salón,Tarjeta,97.0,0
3873,2026-02-05,19:07,1243,22,Salón,Yape,142.0,0
3874,2026-02-05,20:37,5154,3,Para llevar,Efectivo,38.0,0
3875,2026-02-05,11:57,3170,17,Salón,Efectivo,70.0,0
3876,2026-02-05,16:07,5442,18,Salón,Efectivo,6.0,0
3877,2026-02-05,12:55,2538,24,Salón,Yape,84.0,0
3878,2026-02-05,20:02,289,3,Salón,Tarjeta,136.0,0
3879,2026-02-05,16:08,609,19,Salón,Yape,108.0,0
3880,2026-02-05,11:16,4766,18,Delivery propio,Efectivo,76.0,0
3881,2026-02-05,19:15,1198,2,Delivery propio,Efectivo,54.0,0
3882,2026-02-05,13:11,2306,18,Salón,Efectivo,141.0,0
3883,2026-02-05,18:33,5327,5,Salón,Yape,66.0,0
3884,2026-02-05,13:45,669,22,Salón,Efectivo,146.0,0
3885,2026-02-05,18:41,3542,5,Para llevar,Efectivo,180.0,0
3886,2026-02-05,21:34,4775,3,Salón,Tarjeta,123.0,0
3887,2026-02-05,11:55,179,17,Para llevar,Efectivo,93.0,0
3888,2026-02-05,12:39,1889,5,Para llevar,Efectivo,163.0,0
3889,2026-02-06,20:08,5084,2,Delivery propio,Yape,62.0,0
3890,2026-02-06,14:33,3101,19,Salón,Tarjeta,60.0,0
3891,2026-02-06,14:18,4197,7,Salón,Yape,68.0,0
3892,2026-02-06,21:00,3767,16,Salón,Tarjeta,170.0,0
3893,2026-02-06,13:19,2659,7,Salón,Yape,200.0,0
3894,2026-02-06,14:16,5442,24,Salón,Tarjeta,172.0,0
3895,2026-02-06,18:53,174,22,Salón,Efectivo,186.0,0
3896,2026-02-06,13:24,463,18,Delivery propio,Yape,206.0,0
3897,2026-02-06,11:21,2566,3,Delivery propio,Tarjeta,54.0,0
3898,2026-02-06,21:32,1022,20,Para llevar,Efectivo,142.0,0
3899,2026-02-06,12:35,4537,19,Salón,Yape,170.0,0
3900,2026-02-06,20:12,607,17,Para llevar,Efectivo,102.0,0
3901,2026-02-06,18:39,2019,19,Para llevar,Efectivo,62.0,0
3902,2026-02-06,14:32,2600,24,Salón,Plin,208.0,0
3903,2026-02-06,20:11,1166,7,Para llevar,Yape,184.0,0
3904,2026-02-06,13:58,4729,17,Para llevar,Efectivo,43.0,0
3905,2026-02-06,13:06,9999,5,Salón,Yape,198.0,0
3906,2026-02-06,16:34,1467,24,Para llevar,Efectivo,74.0,0
3907,2026-02-06,11:53,3000,5,Salón,Efectivo,100.0,0
3908,2026-02-06,20:40,3041,16,Salón,Tarjeta,30.0,0
3909,2026-02-06,12:22,5452,16,Salón,Tarjeta,294.0,0
3910,2026-02-06,19:53,9999,17,Salón,Yape,180.0,0
3911,2026-02-06,11:22,5223,5,Salón,Yape,234.0,0
3912,2026-02-06,21:48,2066,20,Delivery propio,Tarjeta,146.0,0
3913,2026-02-06,18:19,9999,22,Salón,Efectivo,60.0,0
3914,2026-02-06,19:12,5243,20,Salón,Yape,104.0,0
3915,2026-09-28,15:38,5212,5,Para llevar,Yape,167.0,1
3916,2026-02-06,18:52,4389,3,Delivery propio,Plin,122.0,0
3917,2026-02-06,19:05,5379,2,Delivery propio,Efectivo,86.0,0
3918,2026-02-06,15:27,2723,18,Salón,Tarjeta,80.0,0
3919,2026-02-07,13:27,1282,2,Salón,Yape,52.0,0
3920,2026-02-07,20:53,1842,17,Delivery propio,Plin,30.0,0
3921,2026-02-07,13:40,1632,16,Delivery propio,Yape,211.0,0
3922,2026-02-07,13:31,3973,5,Salón,Yape,167.0,0
3923,2026-02-07,12:03,4469,22,Salón,Efectivo,218.0,0
3924,2026-02-07,14:24,3360,22,Delivery propio,Efectivo,82.0,0
3925,2026-02-07,19:41,1605,5,Para llevar,Tarjeta,82.0,0
3926,2026-02-07,15:04,3033,3,Salón,Tarjeta,177.0,0
3927,2026-02-07,13:55,495,20,Salón,Efectivo,259.0,0
3928,2026-02-07,14:33,3142,5,Salón,Efectivo,105.0,0
3929,2026-02-07,17:40,974,22,Para llevar,Efectivo,82.0,0
3930,2026-02-07,13:50,3641,2,Delivery propio,Efectivo,52.0,0
3931,2026-02-07,20:51,3138,17,Salón,Efectivo,26.0,0
3932,2026-02-07,12:33,563,17,Delivery propio,Efectivo,242.0,0
3933,2026-02-07,11:55,2669,19,Salón,Tarjeta,266.0,0
3934,2026-02-07,20:47,3424,3,Salón,Tarjeta,96.0,0
3935,2026-02-07,19:13,901,18,Delivery propio,Tarjeta,149.0,0
3936,2026-02-07,13:22,1382,19,Salón,Tarjeta,218.0,0
3937,2026-02-07,14:40,4799,24,Salón,Efectivo,74.0,0
3938,2026-02-07,20:14,2115,17,Salón,Efectivo,124.0,0
3939,2026-02-07,19:54,9999,16,Salón,Yape,24.0,0
3940,2026-02-07,13:00,2023,3,Delivery propio,Yape,30.0,0
3941,2026-02-07,14:59,4413,18,Salón,Efectivo,101.0,0
3942,2026-02-07,13:39,3172,16,Para llevar,Tarjeta,252.0,0
3943,2026-02-07,11:53,3539,3,Delivery propio,Efectivo,170.0,0
3944,2026-02-07,14:37,5370,19,Salón,Tarjeta,166.0,0
3945,2026-02-07,13:18,528,2,Delivery propio,Efectivo,119.0,0
3946,2026-02-07,17:53,776,22,Salón,Plin,67.0,0
3947,2026-02-07,15:11,734,24,Para llevar,Tarjeta,161.0,0
3948,2026-02-07,13:31,2497,19,Salón,Yape,106.0,0
3949,2026-02-07,13:09,4001,24,Salón,Yape,216.0,0
3950,2026-02-07,13:11,1543,2,Salón,Yape,132.0,0
3951,2026-02-07,14:26,967,24,Salón,Efectivo,32.0,0
3952,2026-02-07,16:29,2740,3,Delivery propio,Efectivo,78.0,0
3953,2026-02-07,14:24,780,16,Salón,Tarjeta,108.0,0
3954,2026-02-07,18:50,823,2,Salón,Efectivo,196.0,0
3955,2026-02-07,14:57,4261,16,Salón,Tarjeta,60.0,0
3956,2026-02-07,14:54,2199,5,Delivery propio,Yape,140.0,0
3957,2026-02-07,15:23,228,22,Salón,Tarjeta,64.0,0
3958,2026-02-07,19:54,5435,17,Para llevar,Efectivo,18.0,0
3959,2026-02-07,19:08,9999,2,Salón,Yape,109.0,0
3960,2026-02-07,15:19,3314,19,Para llevar,Plin,34.0,0
3961,2026-02-07,12:26,2624,3,Delivery propio,Tarjeta,104.0,0
3962,2026-02-07,16:00,311,5,Para llevar,Tarjeta,212.0,0
3963,2026-02-07,15:05,3056,2,Salón,Efectivo,117.0,0
3964,2026-02-07,17:52,1991,22,Salón,Yape,120.0,0
3965,2026-02-07,13:08,2244,18,Salón,Tarjeta,213.0,0
3966,2026-02-07,18:08,1321,16,Salón,Yape,46.0,0
3967,2026-02-07,19:11,1234,3,Delivery propio,Yape,94.0,0
3968,2026-02-07,20:18,138,19,Salón,Tarjeta,197.0,0
3969,2026-02-07,12:49,1985,20,Para llevar,Yape,40.0,0
3970,2026-02-07,13:23,4380,5,Salón,Efectivo,170.0,0
3971,2026-02-07,21:48,502,7,Salón,Yape,220.0,0
3972,2026-02-07,17:14,5321,18,Salón,Yape,55.0,0
3973,2026-02-07,15:24,2341,3,Delivery propio,Efectivo,36.0,0
3974,2026-02-07,11:35,986,22,Salón,Efectivo,210.0,0
3975,2026-02-07,14:36,524,24,Salón,Efectivo,92.0,0
3976,2026-02-07,11:53,3695,22,Para llevar,Yape,18.0,0
3977,2026-02-08,13:20,1174,19,Salón,Efectivo,167.0,0
3978,2026-02-08,21:50,2356,24,Salón,Efectivo,120.0,0
3979,2026-02-08,18:39,4325,17,Salón,Yape,101.0,0
3980,2026-02-08,20:35,3786,24,Delivery propio,Efectivo,64.0,0
3981,2026-02-08,16:10,4893,20,Para llevar,Yape,161.0,0
3982,2026-02-08,13:23,3395,3,Salón,Efectivo,84.0,0
3983,2026-02-08,13:57,3735,17,Salón,Yape,84.0,0
3984,2026-02-08,20:58,4862,19,Delivery propio,Yape,128.0,0
3985,2026-02-08,15:43,4014,24,Salón,Yape,20.0,0
3986,2026-02-08,15:18,9999,2,Para llevar,Plin,62.0,0
3987,2026-02-08,14:16,1324,5,Para llevar,Tarjeta,99.0,0
3988,2026-02-08,18:58,1583,24,Delivery propio,Plin,86.0,0
3989,2026-09-28,17:53,4535,17,Delivery propio,Efectivo,94.0,1
3990,2026-02-08,13:05,1044,16,Salón,Yape,160.0,0
3991,2026-02-08,13:51,3600,3,Salón,Efectivo,36.0,0
3992,2026-02-08,19:28,3857,20,Para llevar,Yape,129.0,0
3993,2026-02-08,15:03,2288,24,Para llevar,Tarjeta,108.0,0
3994,2026-02-08,18:30,864,24,Salón,Efectivo,136.0,0
3995,2026-02-08,12:11,386,18,Salón,Efectivo,88.0,0
3996,2026-02-08,13:33,4282,20,Salón,Yape,296.0,0
3997,2026-02-08,15:38,877,5,Para llevar,Efectivo,118.0,0
3998,2026-02-08,19:42,9999,16,Salón,Tarjeta,92.0,0
3999,2026-02-08,18:32,3333,7,Salón,Efectivo,118.0,0
4000,2026-02-08,21:24,1451,22,Salón,Efectivo,194.0,0
4001,2026-02-08,20:52,4484,16,Salón,Tarjeta,28.0,0
4002,2026-02-08,17:10,2938,20,Para llevar,Plin,168.0,0
4003,2026-02-08,19:12,4479,24,Salón,Efectivo,74.0,0
4004,2026-02-08,14:09,1264,7,Salón,Efectivo,48.0,0
4005,2026-02-08,14:53,4006,18,Para llevar,Efectivo,154.0,0
4006,2026-02-08,13:32,217,22,Salón,Tarjeta,175.0,0
4007,2026-02-08,20:50,1741,18,Salón,Tarjeta,126.0,0
4008,2026-02-08,17:58,69,16,Salón,Efectivo,72.0,0
4009,2026-02-08,20:32,4475,17,Salón,Efectivo,190.0,0
4010,2026-02-08,18:16,487,17,Salón,Tarjeta,64.0,0
4011,2026-02-08,20:55,2137,18,Salón,Efectivo,114.0,0
4012,2026-02-08,15:42,2907,18,Para llevar,Yape,92.0,0
4013,2026-02-08,14:21,3206,22,Para llevar,Tarjeta,282.0,0
4014,2026-02-08,13:24,9999,18,Salón,Yape,104.0,0
4015,2026-02-08,16:33,3554,20,Salón,Tarjeta,102.0,0
4016,2026-02-08,13:29,4570,19,Salón,Efectivo,16.0,0
4017,2026-02-08,14:14,648,24,Salón,Yape,134.0,0
4018,2026-02-08,19:24,3953,24,Salón,Yape,84.0,0
4019,2026-02-08,21:12,1755,7,Salón,Yape,154.0,0
4020,2026-02-08,13:38,4411,7,Salón,Efectivo,52.0,0
4021,2026-02-08,18:09,3816,2,Para llevar,Tarjeta,76.0,0
4022,2026-02-08,19:45,388,24,Para llevar,Yape,114.0,0
4023,2026-02-08,17:18,4185,18,Para llevar,Plin,108.0,0
4024,2026-02-08,12:01,3816,22,Salón,Tarjeta,88.0,0
4025,2026-02-08,16:33,1633,22,Salón,Efectivo,83.0,0
4026,2026-02-08,15:30,2050,7,Salón,Tarjeta,173.0,0
4027,2026-02-08,19:46,3737,16,Delivery propio,Tarjeta,169.0,0
4028,2026-02-08,21:17,3199,16,Para llevar,Yape,152.0,0
4029,2026-02-09,13:35,3763,19,Salón,Efectivo,66.0,0
4030,2026-02-09,13:20,9999,20,Para llevar,Yape,34.0,0
4031,2026-02-09,13:30,4593,24,Salón,Efectivo,66.0,0
4032,2026-09-28,14:36,2959,20,Para llevar,Efectivo,162.0,1
4033,2026-02-09,18:13,4691,2,Salón,Yape,86.0,0
4034,2026-02-09,12:15,5330,19,Salón,Plin,107.0,0
4035,2026-02-09,18:58,5190,22,Salón,Tarjeta,116.0,0
4036,2026-02-09,14:52,9999,22,Salón,Plin,78.0,0
4037,2026-02-09,14:58,2260,2,Salón,Efectivo,68.0,0
4038,2026-02-09,20:39,4891,20,Salón,Efectivo,135.0,0
4039,2026-02-09,14:53,2372,19,Salón,Efectivo,148.0,0
4040,2026-02-09,14:39,3866,19,Salón,Tarjeta,250.0,0
4041,2026-02-09,15:48,3326,16,Salón,Efectivo,80.0,0
4042,2026-02-09,12:14,2424,16,Delivery propio,Efectivo,166.0,0
4043,2026-02-09,17:16,907,22,Salón,Yape,165.0,0
4044,2026-02-09,20:42,695,18,Salón,Tarjeta,212.0,0
4045,2026-02-09,14:53,229,5,Salón,Efectivo,38.0,0
4046,2026-02-09,12:09,5321,5,Salón,Efectivo,66.0,0
4047,2026-02-09,21:34,2114,24,Salón,Tarjeta,102.0,0
4048,2026-02-09,11:19,2271,16,Salón,Yape,174.0,0
4049,2026-02-09,11:41,2563,18,Salón,Tarjeta,100.0,0
4050,2026-02-09,11:38,1638,16,Salón,Yape,197.0,0
4051,2026-02-10,14:54,690,3,Salón,Yape,150.0,0
4052,2026-02-10,14:30,1770,18,Salón,Plin,68.0,0
4053,2026-02-10,13:13,3076,18,Delivery propio,Yape,94.0,0
4054,2026-02-10,18:08,2540,20,Salón,Yape,204.0,0
4055,2026-02-10,14:45,3046,16,Salón,Efectivo,118.0,0
4056,2026-02-10,11:51,1535,16,Salón,Efectivo,16.0,0
4057,2026-02-10,14:25,1266,5,Salón,Tarjeta,140.0,0
4058,2026-02-10,16:47,5281,18,Delivery propio,Plin,48.0,0
4059,2026-02-10,21:53,4927,5,Salón,Yape,86.0,0
4060,2026-02-10,12:35,641,16,Salón,Yape,168.0,0
4061,2026-02-10,21:46,4785,18,Salón,Plin,116.0,0
4062,2026-02-10,13:47,9999,24,Para llevar,Yape,34.0,0
4063,2026-02-10,14:12,3817,24,Salón,Efectivo,200.0,0
4064,2026-02-10,18:16,2692,20,Para llevar,Yape,262.0,0
4065,2026-02-10,13:56,2900,19,Para llevar,Tarjeta,34.0,0
4066,2026-02-10,19:48,4479,24,Salón,Efectivo,38.0,0
4067,2026-02-10,11:20,2468,7,Para llevar,Tarjeta,149.0,0
4068,2026-02-10,12:37,9999,22,Para llevar,Tarjeta,84.0,0
4069,2026-02-10,20:43,2690,20,Salón,Efectivo,66.0,0
4070,2026-02-10,21:00,9999,3,Salón,Efectivo,184.0,0
4071,2026-02-10,17:36,183,20,Salón,Tarjeta,54.0,0
4072,2026-02-10,15:34,1722,18,Delivery propio,Yape,56.0,0
4073,2026-02-10,14:43,984,16,Salón,Yape,38.0,0
4074,2026-02-10,13:49,1680,19,Delivery propio,Yape,108.0,0
4075,2026-02-10,14:49,2647,2,Salón,Efectivo,292.0,0
4076,2026-02-10,19:31,944,24,Para llevar,Efectivo,50.0,0
4077,2026-02-10,12:46,4505,18,Para llevar,Efectivo,186.0,0
4078,2026-02-10,16:44,9999,5,Salón,Efectivo,98.0,0
4079,2026-02-10,11:52,9999,3,Para llevar,Yape,49.0,0
4080,2026-02-10,15:57,1159,17,Para llevar,Tarjeta,38.0,0
4081,2026-02-10,19:17,3621,5,Salón,Plin,100.0,0
4082,2026-02-10,13:12,1232,24,Salón,Efectivo,162.0,0
4083,2026-02-10,13:35,1908,2,Salón,Yape,189.0,0
4084,2026-02-11,21:17,9999,18,Delivery propio,Efectivo,236.0,0
4085,2026-02-11,14:52,640,5,Salón,Yape,235.0,0
4086,2026-02-11,19:50,3404,7,Salón,Plin,73.0,0
4087,2026-02-11,14:36,303,7,Salón,Efectivo,74.0,0
4088,2026-02-11,21:02,3162,3,Salón,Yape,108.0,0
4089,2026-02-11,19:47,4935,19,Para llevar,Efectivo,272.0,0
4090,2026-02-11,16:53,4778,7,Para llevar,Plin,94.0,0
4091,2026-02-11,11:26,1332,2,Delivery propio,Efectivo,146.0,0
4092,2026-02-11,11:54,1763,2,Para llevar,Efectivo,234.0,0
4093,2026-02-11,14:15,9999,7,Salón,Efectivo,149.0,0
4094,2026-02-11,15:08,4550,16,Salón,Yape,189.0,0
4095,2026-02-11,12:59,205,7,Salón,Yape,108.0,0
4096,2026-02-11,11:01,9999,22,Salón,Plin,160.0,0
4097,2026-02-11,13:40,3321,22,Para llevar,Efectivo,54.0,0
4098,2026-02-11,14:05,5434,17,Salón,Efectivo,166.0,0
4099,2026-02-11,15:04,546,5,Para llevar,Tarjeta,193.0,0
4100,2026-02-11,14:04,3115,7,Salón,Yape,108.0,0
4101,2026-02-11,18:53,9999,19,Para llevar,Yape,84.0,0
4102,2026-02-11,14:55,1901,2,Salón,Yape,224.0,0
4103,2026-02-11,20:43,2024,17,Para llevar,Yape,157.0,0
4104,2026-02-11,19:37,3712,3,Delivery propio,Tarjeta,96.0,0
4105,2026-02-11,14:19,9999,7,Salón,Efectivo,98.0,0
4106,2026-02-11,13:28,3169,17,Salón,Yape,266.0,0
4107,2026-02-11,18:38,2737,5,Salón,Efectivo,94.0,0
4108,2026-02-11,12:19,4711,20,Para llevar,Tarjeta,190.0,0
4109,2026-02-11,12:24,915,5,Salón,Efectivo,97.0,0
4110,2026-02-11,12:49,762,24,Delivery propio,Plin,107.0,0
4111,2026-02-11,12:07,4483,7,Salón,Efectivo,70.0,0
4112,2026-02-11,17:29,4589,7,Salón,Yape,168.0,0
4113,2026-02-11,13:30,4786,17,Delivery propio,Tarjeta,180.0,0
4114,2026-02-11,13:12,4234,18,Salón,Yape,260.0,0
4115,2026-02-11,20:12,4965,3,Salón,Efectivo,144.0,0
4116,2026-09-28,18:59,3104,24,Delivery propio,Yape,63.0,1
4117,2026-02-11,16:07,4022,16,Salón,Efectivo,122.0,0
4118,2026-02-11,14:39,2377,20,Salón,Plin,106.0,0
4119,2026-02-11,21:35,32,22,Salón,Yape,186.0,0
4120,2026-02-11,19:35,1451,22,Salón,Efectivo,96.0,0
4121,2026-02-11,14:54,3743,7,Salón,Tarjeta,363.0,0
4122,2026-02-11,11:13,2480,20,Salón,Yape,230.0,0
4123,2026-02-11,19:09,5481,16,Para llevar,Plin,141.0,0
4124,2026-02-11,14:56,80,3,Para llevar,Efectivo,91.0,0
4125,2026-02-11,20:01,2904,19,Salón,Tarjeta,88.0,0
4126,2026-02-11,19:16,1223,18,Delivery propio,Yape,96.0,0
4127,2026-02-11,19:46,50,24,Salón,Tarjeta,42.0,0
4128,2026-02-11,15:29,9999,5,Delivery propio,Efectivo,152.0,0
4129,2026-02-12,15:15,3998,19,Salón,Yape,36.0,0
4130,2026-09-28,13:47,2312,17,Salón,Tarjeta,92.0,1
4131,2026-02-12,13:28,3244,7,Delivery propio,Yape,186.0,0
4132,2026-02-12,12:43,365,18,Salón,Tarjeta,114.0,0
4133,2026-02-12,19:25,9999,5,Salón,Yape,164.0,0
4134,2026-02-12,13:35,1306,5,Salón,Plin,167.0,0
4135,2026-02-12,17:24,2593,7,Salón,Tarjeta,166.0,0
4136,2026-02-12,17:40,902,16,Para llevar,Plin,240.0,0
4137,2026-02-12,15:12,4822,5,Salón,Yape,72.0,0
4138,2026-02-12,13:26,1240,3,Delivery propio,Efectivo,45.0,0
4139,2026-02-12,19:09,1260,20,Salón,Yape,128.0,0
4140,2026-02-12,11:19,336,24,Salón,Efectivo,264.0,0
4141,2026-02-12,13:26,4495,24,Para llevar,Yape,78.0,0
4142,2026-02-12,15:30,5146,16,Salón,Yape,48.0,0
4143,2026-02-12,20:28,5181,3,Para llevar,Yape,96.0,0
4144,2026-02-12,12:26,1591,18,Salón,Plin,76.0,0
4145,2026-02-12,16:59,1407,2,Delivery propio,Yape,148.0,0
4146,2026-02-12,12:58,5236,20,Salón,Efectivo,66.0,0
4147,2026-02-12,12:57,2726,24,Salón,Efectivo,284.0,0
4148,2026-02-13,14:51,1321,2,Delivery propio,Tarjeta,104.0,0
4149,2026-02-13,18:18,5209,19,Para llevar,Yape,84.0,0
4150,2026-02-13,13:22,5259,2,Salón,Tarjeta,92.0,0
4151,2026-02-13,20:15,9999,16,Salón,Efectivo,120.0,0
4152,2026-02-13,17:17,1599,5,Salón,Plin,12.0,0
4153,2026-02-13,14:46,755,5,Salón,Efectivo,140.0,0
4154,2026-02-13,20:32,1943,20,Salón,Tarjeta,70.0,0
4155,2026-02-13,18:01,4479,2,Para llevar,Yape,98.0,0
4156,2026-02-13,19:57,1208,5,Salón,Yape,112.0,0
4157,2026-02-13,19:33,673,16,Salón,Tarjeta,172.0,0
4158,2026-02-13,12:13,4479,2,Salón,Yape,128.0,0
4159,2026-02-13,19:02,682,16,Salón,Tarjeta,72.0,0
4160,2026-02-13,13:51,1990,5,Delivery propio,Plin,66.0,0
4161,2026-02-13,20:40,4479,19,Salón,Efectivo,88.0,0
4162,2026-02-13,14:58,4479,18,Salón,Efectivo,106.0,0
4163,2026-02-13,18:42,9999,22,Para llevar,Yape,147.0,0
4164,2026-02-13,13:32,2979,19,Salón,Efectivo,91.0,0
4165,2026-02-13,13:11,5339,5,Salón,Tarjeta,91.0,0
4166,2026-02-13,17:08,3904,20,Para llevar,Tarjeta,126.0,0
4167,2026-02-13,13:32,1343,19,Salón,Tarjeta,84.0,0
4168,2026-02-13,13:48,3109,22,Salón,Yape,228.0,0
4169,2026-02-13,15:52,9999,7,Salón,Tarjeta,121.0,0
4170,2026-02-13,20:55,901,20,Delivery propio,Plin,138.0,0
4171,2026-02-13,16:48,651,18,Salón,Efectivo,199.0,0
4172,2026-02-13,19:32,4193,2,Salón,Yape,149.0,0
4173,2026-02-13,12:54,4368,7,Salón,Tarjeta,304.0,0
4174,2026-02-13,15:14,3888,16,Salón,Tarjeta,116.0,0
4175,2026-02-13,18:18,3336,24,Delivery propio,Efectivo,40.0,0
4176,2026-02-13,14:24,3879,5,Salón,Yape,78.0,0
4177,2026-02-13,14:27,1233,19,Salón,Yape,262.0,0
4178,2026-02-13,14:36,1149,20,Salón,Efectivo,56.0,0
4179,2026-02-13,17:40,5119,20,Salón,Efectivo,93.0,0
4180,2026-02-13,13:22,119,2,Salón,Yape,144.0,0
4181,2026-02-13,15:00,4479,5,Salón,Plin,96.0,0
4182,2026-02-13,12:57,4566,18,Salón,Efectivo,30.0,0
4183,2026-02-13,19:52,4434,17,Salón,Yape,229.0,0
4184,2026-02-13,11:31,9999,7,Salón,Yape,26.0,0
4185,2026-02-13,14:39,9999,17,Delivery propio,Tarjeta,148.0,0
4186,2026-02-13,21:38,9999,3,Salón,Yape,72.0,0
4187,2026-02-13,15:57,3448,24,Delivery propio,Efectivo,100.0,0
4188,2026-02-13,15:00,9999,7,Delivery propio,Tarjeta,153.0,0
4189,2026-02-14,13:43,5337,5,Salón,Efectivo,106.0,0
4190,2026-02-14,16:20,497,2,Salón,Yape,133.0,0
4191,2026-02-14,19:21,5028,18,Para llevar,Yape,73.0,0
4192,2026-02-14,13:03,4798,2,Salón,Tarjeta,104.0,0
4193,2026-02-14,16:45,1742,20,Salón,Yape,54.0,0
4194,2026-02-14,14:41,9999,7,Salón,Yape,77.0,0
4195,2026-02-14,19:12,9999,22,Salón,Tarjeta,76.0,0
4196,2026-09-28,15:09,9999,17,Para llevar,Tarjeta,99.0,1
4197,2026-02-14,17:37,3695,3,Para llevar,Plin,162.0,0
4198,2026-02-14,14:31,877,5,Para llevar,Efectivo,100.0,0
4199,2026-02-14,13:22,3956,5,Salón,Yape,109.0,0
4200,2026-02-14,14:58,4446,24,Salón,Yape,136.0,0
4201,2026-02-14,14:31,4537,17,Salón,Tarjeta,80.0,0
4202,2026-02-14,17:58,3305,2,Salón,Plin,176.0,0
4203,2026-02-14,20:10,1376,20,Salón,Yape,78.0,0
4204,2026-02-14,12:24,1182,2,Salón,Efectivo,168.0,0
4205,2026-02-14,12:14,4367,24,Salón,Efectivo,138.0,0
4206,2026-02-14,12:11,5030,22,Salón,Yape,172.0,0
4207,2026-02-14,13:55,3553,19,Salón,Plin,34.0,0
4208,2026-02-14,13:37,1496,20,Salón,Tarjeta,138.0,0
4209,2026-02-14,12:51,3045,16,Salón,Yape,84.0,0
4210,2026-02-14,19:52,9999,22,Salón,Tarjeta,96.0,0
4211,2026-02-14,21:43,9999,22,Delivery propio,Efectivo,256.0,0
4212,2026-02-14,15:37,12,20,Salón,Tarjeta,230.0,0
4213,2026-02-14,12:02,4973,17,Delivery propio,Tarjeta,100.0,0
4214,2026-02-14,17:58,4202,7,Salón,Tarjeta,164.0,0
4215,2026-02-14,12:19,3399,24,Salón,Efectivo,68.0,0
4216,2026-02-14,20:13,1830,22,Delivery propio,Plin,134.0,0
4217,2026-02-14,12:15,2900,17,Salón,Efectivo,33.0,0
4218,2026-02-14,13:17,3402,24,Para llevar,Yape,214.0,0
4219,2026-02-14,20:19,3366,18,Salón,Yape,56.0,0
4220,2026-02-14,12:27,194,20,Salón,Efectivo,72.0,0
4221,2026-02-14,21:52,495,24,Salón,Yape,74.0,0
4222,2026-02-14,15:07,480,17,Salón,Tarjeta,126.0,0
4223,2026-02-14,16:46,1961,20,Salón,Efectivo,44.0,0
4224,2026-02-14,19:24,661,2,Para llevar,Tarjeta,128.0,0
4225,2026-02-14,13:14,2504,2,Salón,Efectivo,192.0,0
4226,2026-02-14,13:31,1253,18,Salón,Tarjeta,53.0,0
4227,2026-02-14,14:29,2220,24,Delivery propio,Yape,90.0,0
4228,2026-02-14,14:21,4813,18,Salón,Efectivo,134.0,0
4229,2026-02-14,13:25,927,2,Salón,Tarjeta,76.0,0
4230,2026-02-14,21:58,2738,22,Salón,Efectivo,260.0,0
4231,2026-02-14,12:53,2488,7,Salón,Efectivo,163.0,0
4232,2026-02-14,11:32,4479,7,Para llevar,Efectivo,24.0,0
4233,2026-02-14,13:25,4729,17,Para llevar,Yape,62.0,0
4234,2026-02-15,14:34,292,3,Para llevar,Tarjeta,71.0,0
4235,2026-02-15,11:02,1093,22,Salón,Efectivo,109.0,0
4236,2026-02-15,14:25,3716,7,Para llevar,Yape,108.0,0
4237,2026-02-15,15:03,3187,16,Salón,Yape,101.0,0
4238,2026-02-15,14:56,2348,22,Salón,Tarjeta,61.0,0
4239,2026-02-15,15:17,4822,24,Para llevar,Efectivo,90.0,0
4240,2026-02-15,18:07,2526,22,Salón,Yape,206.0,0
4241,2026-02-15,14:14,2337,19,Salón,Efectivo,150.0,0
4242,2026-02-15,12:22,630,16,Delivery propio,Plin,254.0,0
4243,2026-02-15,13:55,3517,20,Salón,Tarjeta,43.0,0
4244,2026-02-15,14:37,3016,24,Delivery propio,Plin,136.0,0
4245,2026-02-15,20:47,4419,22,Salón,Yape,208.0,0
4246,2026-02-15,12:14,2039,2,Para llevar,Tarjeta,140.0,0
4247,2026-02-15,15:35,1433,7,Delivery propio,Tarjeta,122.0,0
4248,2026-02-15,14:58,902,19,Salón,Tarjeta,128.0,0
4249,2026-02-15,18:24,9999,17,Para llevar,Tarjeta,18.0,0
4250,2026-02-15,13:04,5424,20,Salón,Plin,116.0,0
4251,2026-02-15,11:57,1332,18,Para llevar,Efectivo,318.0,0
4252,2026-02-15,13:47,2320,16,Para llevar,Efectivo,26.0,0
4253,2026-02-15,20:13,5321,7,Salón,Efectivo,154.0,0
4254,2026-02-15,20:09,2637,18,Delivery propio,Efectivo,166.0,0
4255,2026-02-15,14:21,2569,3,Delivery propio,Efectivo,58.0,0
4256,2026-02-15,15:09,1793,5,Delivery propio,Yape,72.0,0
4257,2026-02-15,19:04,709,5,Para llevar,Efectivo,185.0,0
4258,2026-02-15,13:24,3079,2,Salón,Yape,193.0,0
4259,2026-02-15,21:27,1848,24,Salón,Tarjeta,87.0,0
4260,2026-02-15,14:30,9999,7,Delivery propio,Plin,42.0,0
4261,2026-02-15,12:48,3928,24,Delivery propio,Efectivo,97.0,0
4262,2026-02-15,12:49,1780,24,Delivery propio,Efectivo,144.0,0
4263,2026-02-15,18:03,1672,16,Delivery propio,Efectivo,107.0,0
4264,2026-02-15,13:43,927,2,Salón,Efectivo,38.0,0
4265,2026-02-15,21:15,3490,20,Salón,Efectivo,34.0,0
4266,2026-02-15,13:52,1806,7,Salón,Efectivo,43.0,0
4267,2026-02-15,17:09,3439,22,Salón,Tarjeta,52.0,0
4268,2026-02-15,15:51,3189,16,Salón,Tarjeta,148.0,0
4269,2026-02-15,21:33,1228,2,Para llevar,Plin,110.0,0
4270,2026-02-15,12:55,30,20,Para llevar,Yape,162.0,0
4271,2026-02-15,16:23,709,18,Delivery propio,Efectivo,180.0,0
4272,2026-02-15,14:21,318,3,Salón,Tarjeta,341.0,0
4273,2026-02-15,14:23,9999,3,Delivery propio,Efectivo,104.0,0
4274,2026-02-15,11:56,2939,18,Delivery propio,Tarjeta,120.0,0
4275,2026-02-15,14:41,1739,24,Delivery propio,Tarjeta,116.0,0
4276,2026-02-15,15:38,496,19,Para llevar,Tarjeta,84.0,0
4277,2026-02-15,13:36,1695,20,Salón,Yape,28.0,0
4278,2026-02-15,13:36,3264,3,Para llevar,Yape,100.0,0
4279,2026-02-15,14:04,2888,18,Salón,Efectivo,266.0,0
4280,2026-02-15,20:52,4067,20,Para llevar,Efectivo,68.0,0
4281,2026-02-15,19:41,9999,16,Salón,Yape,120.0,0
4282,2026-02-15,16:10,4073,19,Para llevar,Efectivo,56.0,0
4283,2026-02-15,20:39,2900,2,Salón,Efectivo,72.0,0
4284,2026-02-16,15:16,9999,19,Delivery propio,Tarjeta,138.0,0
4285,2026-02-16,19:19,1113,2,Salón,Tarjeta,190.0,0
4286,2026-02-16,12:34,201,22,Salón,Tarjeta,83.0,0
4287,2026-02-16,17:40,4181,3,Para llevar,Efectivo,70.0,0
4288,2026-02-16,14:36,3425,5,Salón,Yape,136.0,0
4289,2026-02-16,20:29,2619,24,Para llevar,Tarjeta,159.0,0
4290,2026-02-16,17:01,9999,20,Salón,Efectivo,34.0,0
4291,2026-02-16,21:20,877,22,Para llevar,Plin,83.0,0
4292,2026-02-16,21:33,2624,22,Delivery propio,Yape,190.0,0
4293,2026-02-16,17:55,964,5,Para llevar,Yape,154.0,0
4294,2026-02-16,19:23,3713,2,Salón,Plin,58.0,0
4295,2026-02-16,18:36,5216,17,Salón,Yape,106.0,0
4296,2026-02-16,18:53,1524,2,Salón,Plin,88.0,0
4297,2026-02-16,19:40,9999,19,Delivery propio,Efectivo,98.0,0
4298,2026-02-16,19:44,9999,17,Salón,Tarjeta,152.0,0
4299,2026-02-16,15:48,2356,18,Salón,Efectivo,158.0,0
4300,2026-02-16,12:13,3204,7,Delivery propio,Yape,98.0,0
4301,2026-02-16,19:57,925,7,Delivery propio,Tarjeta,246.0,0
4302,2026-02-16,14:02,499,17,Delivery propio,Efectivo,182.0,0
4303,2026-02-16,11:12,3901,20,Salón,Yape,168.0,0
4304,2026-02-16,19:02,2334,22,Delivery propio,Yape,22.0,0
4305,2026-02-16,13:43,9999,7,Salón,Plin,108.0,0
4306,2026-02-16,11:12,2900,22,Salón,Yape,64.0,0
4307,2026-02-17,20:00,9999,20,Delivery propio,Efectivo,66.0,0
4308,2026-02-17,11:57,557,20,Salón,Efectivo,48.0,0
4309,2026-02-17,14:53,1539,2,Delivery propio,Plin,101.0,0
4310,2026-02-17,18:58,219,16,Delivery propio,Efectivo,71.0,0
4311,2026-02-17,12:34,5137,2,Salón,Efectivo,180.0,0
4312,2026-02-17,19:33,1717,22,Para llevar,Yape,155.0,0
4313,2026-02-17,18:55,3649,3,Salón,Plin,128.0,0
4314,2026-02-17,14:38,2133,16,Para llevar,Efectivo,174.0,0
4315,2026-02-17,14:06,2153,18,Salón,Efectivo,63.0,0
4316,2026-02-17,14:31,4257,7,Salón,Efectivo,251.0,0
4317,2026-02-17,13:40,5191,7,Salón,Efectivo,6.0,0
4318,2026-02-17,18:26,424,16,Salón,Yape,104.0,0
4319,2026-02-17,17:50,1470,16,Salón,Yape,50.0,0
4320,2026-02-17,19:44,4575,3,Para llevar,Efectivo,164.0,0
4321,2026-02-17,14:21,2764,18,Delivery propio,Yape,136.0,0
4322,2026-02-17,12:22,1506,24,Salón,Efectivo,124.0,0
4323,2026-02-17,17:42,9999,16,Salón,Tarjeta,76.0,0
4324,2026-02-17,13:38,1955,20,Salón,Efectivo,78.0,0
4325,2026-02-17,12:56,2960,2,Salón,Yape,28.0,0
4326,2026-02-17,14:48,3932,24,Delivery propio,Tarjeta,262.0,0
4327,2026-02-17,18:23,5422,5,Delivery propio,Efectivo,60.0,0
4328,2026-02-17,19:24,2316,7,Salón,Tarjeta,24.0,0
4329,2026-02-17,20:06,2623,2,Delivery propio,Tarjeta,66.0,0
4330,2026-02-17,18:03,1092,2,Delivery propio,Yape,66.0,0
4331,2026-02-18,17:31,2635,2,Para llevar,Tarjeta,86.0,0
4332,2026-02-18,18:45,136,2,Salón,Yape,138.0,0
4333,2026-02-18,13:48,1414,22,Salón,Efectivo,164.0,0
4334,2026-02-18,21:47,5279,19,Salón,Tarjeta,220.0,0
4335,2026-02-18,15:45,9999,18,Delivery propio,Efectivo,34.0,0
4336,2026-02-18,20:05,4693,18,Salón,Efectivo,38.0,0
4337,2026-02-18,14:53,1540,2,Salón,Plin,146.0,0
4338,2026-02-18,11:42,2930,5,Para llevar,Tarjeta,110.0,0
4339,2026-02-18,15:50,1839,18,Salón,Tarjeta,129.0,0
4340,2026-02-18,14:38,1632,20,Salón,Tarjeta,78.0,0
4341,2026-02-18,19:21,2046,22,Salón,Tarjeta,205.0,0
4342,2026-02-18,16:44,3255,19,Salón,Plin,150.0,0
4343,2026-02-18,12:13,2992,17,Salón,Efectivo,158.0,0
4344,2026-02-18,17:20,3659,18,Salón,Yape,248.0,0
4345,2026-02-18,14:42,1082,3,Para llevar,Tarjeta,126.0,0
4346,2026-02-18,21:05,956,2,Salón,Yape,112.0,0
4347,2026-02-18,13:32,4603,3,Para llevar,Plin,118.0,0
4348,2026-02-18,13:42,5223,22,Salón,Yape,90.0,0
4349,2026-02-18,13:18,1707,7,Salón,Yape,140.0,0
4350,2026-02-18,11:33,222,19,Para llevar,Efectivo,104.0,0
4351,2026-02-18,17:23,1632,20,Salón,Yape,52.0,0
4352,2026-02-18,21:16,2963,2,Salón,Yape,128.0,0
4353,2026-02-18,15:39,5473,22,Para llevar,Efectivo,68.0,0
4354,2026-02-18,17:39,2319,24,Salón,Efectivo,173.0,0
4355,2026-02-18,18:11,2858,24,Para llevar,Efectivo,147.0,0
4356,2026-02-18,14:58,1446,7,Salón,Yape,122.0,0
4357,2026-02-18,18:06,4805,2,Salón,Efectivo,190.0,0
4358,2026-02-18,13:45,303,24,Delivery propio,Efectivo,42.0,0
4359,2026-02-18,17:06,1014,2,Delivery propio,Efectivo,84.0,0
4360,2026-02-18,15:53,3446,16,Salón,Yape,158.0,0
4361,2026-02-18,13:01,679,20,Para llevar,Efectivo,212.0,0
4362,2026-02-18,13:03,2557,3,Salón,Tarjeta,148.0,0
4363,2026-02-18,12:46,4890,22,Delivery propio,Efectivo,117.0,0
4364,2026-02-18,12:01,2252,20,Delivery propio,Efectivo,212.0,0
4365,2026-02-19,20:26,1491,7,Salón,Efectivo,54.0,0
4366,2026-02-19,20:49,2919,5,Salón,Efectivo,173.0,0
4367,2026-02-19,13:11,991,7,Delivery propio,Yape,54.0,0
4368,2026-02-19,13:39,3256,19,Salón,Yape,303.0,0
4369,2026-02-19,11:40,2374,7,Para llevar,Tarjeta,22.0,0
4370,2026-02-19,11:32,877,3,Delivery propio,Tarjeta,70.0,0
4371,2026-02-19,18:49,1825,2,Salón,Efectivo,134.0,0
4372,2026-02-19,20:45,662,18,Para llevar,Yape,66.0,0
4373,2026-02-19,14:54,3448,7,Delivery propio,Yape,91.0,0
4374,2026-02-19,14:26,9999,3,Salón,Tarjeta,197.0,0
4375,2026-02-19,14:28,2558,18,Salón,Efectivo,171.0,0
4376,2026-02-19,12:25,2280,24,Salón,Tarjeta,38.0,0
4377,2026-02-19,20:19,9999,22,Salón,Efectivo,192.0,0
4378,2026-02-19,16:08,3801,19,Para llevar,Efectivo,100.0,0
4379,2026-02-19,21:18,4017,24,Delivery propio,Efectivo,117.0,0
4380,2026-02-19,12:37,200,19,Salón,Plin,68.0,0
4381,2026-02-19,14:05,9999,2,Salón,Tarjeta,27.0,0
4382,2026-02-19,19:34,762,19,Salón,Efectivo,94.0,0
4383,2026-02-19,19:13,4897,19,Para llevar,Yape,96.0,0
4384,2026-02-19,18:29,3181,20,Delivery propio,Yape,25.0,0
4385,2026-02-20,15:26,5184,7,Salón,Yape,38.0,0
4386,2026-02-20,18:18,3716,2,Salón,Yape,244.0,0
4387,2026-02-20,19:47,3338,24,Salón,Efectivo,114.0,0
4388,2026-02-20,21:28,4331,2,Para llevar,Tarjeta,241.0,0
4389,2026-02-20,20:42,704,24,Salón,Efectivo,64.0,0
4390,2026-02-20,11:52,4297,19,Para llevar,Efectivo,131.0,0
4391,2026-02-20,14:20,4322,24,Delivery propio,Efectivo,56.0,0
4392,2026-02-20,19:51,3995,17,Para llevar,Yape,184.0,0
4393,2026-02-20,14:40,3573,7,Para llevar,Efectivo,116.0,0
4394,2026-02-20,20:59,4348,17,Salón,Tarjeta,140.0,0
4395,2026-02-20,11:45,1753,3,Salón,Yape,54.0,0
4396,2026-02-20,19:45,41,7,Para llevar,Efectivo,100.0,0
4397,2026-02-20,11:43,2407,20,Salón,Tarjeta,12.0,0
4398,2026-02-20,13:42,3381,2,Salón,Yape,136.0,0
4399,2026-02-20,18:02,1145,22,Salón,Yape,146.0,0
4400,2026-02-20,14:47,4812,7,Salón,Plin,30.0,0
4401,2026-02-20,19:58,2538,22,Para llevar,Yape,80.0,0
4402,2026-02-20,19:46,9999,19,Salón,Yape,226.0,0
4403,2026-02-20,11:18,432,16,Para llevar,Tarjeta,184.0,0
4404,2026-02-20,13:14,2184,3,Salón,Efectivo,241.0,0
4405,2026-02-20,19:40,1714,2,Delivery propio,Yape,114.0,0
4406,2026-02-20,18:27,4102,3,Salón,Efectivo,89.0,0
4407,2026-02-20,15:07,800,3,Delivery propio,Tarjeta,135.0,0
4408,2026-02-20,19:05,496,22,Salón,Efectivo,209.0,0
4409,2026-02-20,13:47,5217,16,Salón,Yape,294.0,0
4410,2026-02-20,19:01,2849,20,Salón,Tarjeta,236.0,0
4411,2026-02-20,13:09,9999,3,Salón,Yape,267.0,0
4412,2026-02-20,13:47,1413,2,Delivery propio,Efectivo,50.0,0
4413,2026-02-20,14:53,5213,16,Salón,Efectivo,168.0,0
4414,2026-02-20,14:33,3792,2,Salón,Efectivo,70.0,0
4415,2026-02-20,13:03,3447,5,Salón,Plin,108.0,0
4416,2026-02-20,13:52,1801,24,Para llevar,Plin,78.0,0
4417,2026-02-20,11:06,4543,22,Salón,Tarjeta,130.0,0
4418,2026-02-20,13:28,420,22,Salón,Plin,142.0,0
4419,2026-02-21,18:51,9999,22,Salón,Efectivo,110.0,0
4420,2026-02-21,16:46,4694,20,Salón,Efectivo,169.0,0
4421,2026-02-21,11:19,5360,24,Salón,Yape,90.0,0
4422,2026-02-21,14:47,2721,5,Salón,Yape,146.0,0
4423,2026-02-21,15:56,2541,24,Salón,Tarjeta,226.0,0
4424,2026-02-21,19:30,4300,24,Para llevar,Yape,210.0,0
4425,2026-02-21,15:13,3848,7,Salón,Tarjeta,114.0,0
4426,2026-02-21,18:38,4190,18,Salón,Yape,168.0,0
4427,2026-02-21,12:13,1535,18,Salón,Tarjeta,32.0,0
4428,2026-02-21,20:47,1638,7,Salón,Tarjeta,47.0,0
4429,2026-02-21,14:34,4293,2,Salón,Efectivo,30.0,0
4430,2026-02-21,12:18,1260,2,Salón,Tarjeta,126.0,0
4431,2026-02-21,16:05,3999,20,Salón,Yape,112.0,0
4432,2026-02-21,20:19,3602,5,Salón,Yape,128.0,0
4433,2026-02-21,18:21,1053,17,Salón,Efectivo,98.0,0
4434,2026-02-21,19:04,1356,5,Salón,Tarjeta,83.0,0
4435,2026-02-21,19:20,4925,22,Salón,Efectivo,159.0,0
4436,2026-02-21,14:28,2150,17,Salón,Yape,78.0,0
4437,2026-02-21,14:25,4737,20,Salón,Plin,60.0,0
4438,2026-02-21,14:52,3273,19,Salón,Tarjeta,212.0,0
4439,2026-02-21,12:01,607,22,Salón,Efectivo,108.0,0
4440,2026-02-21,14:05,4823,17,Salón,Efectivo,124.0,0
4441,2026-02-21,15:02,1703,24,Para llevar,Yape,50.0,0
4442,2026-02-21,15:23,3627,3,Salón,Efectivo,174.0,0
4443,2026-02-21,14:21,2315,5,Salón,Efectivo,46.0,0
4444,2026-02-21,19:37,1524,22,Para llevar,Efectivo,115.0,0
4445,2026-02-21,20:38,4729,19,Para llevar,Plin,171.0,0
4446,2026-02-21,12:31,2479,18,Salón,Tarjeta,136.0,0
4447,2026-02-21,18:32,2670,18,Delivery propio,Efectivo,98.0,0
4448,2026-02-21,13:53,1768,16,Salón,Yape,262.0,0
4449,2026-02-21,16:13,4261,2,Para llevar,Efectivo,181.0,0
4450,2026-02-21,14:21,4974,17,Salón,Plin,146.0,0
4451,2026-02-21,18:14,9999,17,Salón,Efectivo,174.0,0
4452,2026-02-21,12:19,4254,18,Salón,Efectivo,60.0,0
4453,2026-02-21,16:40,2069,7,Salón,Yape,160.0,0
4454,2026-02-21,11:54,175,3,Salón,Plin,172.0,0
4455,2026-02-21,14:59,3087,24,Salón,Tarjeta,102.0,0
4456,2026-02-21,14:13,2002,3,Salón,Plin,81.0,0
4457,2026-02-21,17:50,2751,17,Salón,Efectivo,66.0,0
4458,2026-02-21,14:52,1985,7,Para llevar,Efectivo,77.0,0
4459,2026-02-21,20:22,667,19,Salón,Efectivo,78.0,0
4460,2026-02-21,17:48,3467,18,Salón,Yape,112.0,0
4461,2026-02-21,18:07,4515,5,Delivery propio,Efectivo,152.0,0
4462,2026-02-21,13:50,9999,5,Salón,Tarjeta,152.0,0
4463,2026-02-21,21:53,3399,17,Para llevar,Tarjeta,60.0,0
4464,2026-02-21,17:18,22,2,Para llevar,Tarjeta,92.0,0
4465,2026-02-21,12:34,1860,19,Salón,Efectivo,97.0,0
4466,2026-02-21,16:13,5296,2,Salón,Plin,75.0,0
4467,2026-02-21,13:33,3705,7,Delivery propio,Efectivo,110.0,0
4468,2026-02-22,14:48,1219,24,Para llevar,Efectivo,60.0,0
4469,2026-02-22,13:17,9999,5,Salón,Yape,86.0,0
4470,2026-02-22,14:53,2904,17,Salón,Tarjeta,134.0,0
4471,2026-02-22,11:29,1466,19,Salón,Yape,146.0,0
4472,2026-02-22,12:20,358,19,Delivery propio,Yape,100.0,0
4473,2026-02-22,12:34,9999,18,Salón,Yape,50.0,0
4474,2026-02-22,13:49,736,7,Salón,Plin,188.0,0
4475,2026-02-22,15:18,3331,17,Salón,Plin,173.0,0
4476,2026-02-22,13:53,667,20,Delivery propio,Yape,188.0,0
4477,2026-02-22,13:14,1384,17,Salón,Yape,138.0,0
4478,2026-02-22,13:46,1547,7,Salón,Efectivo,140.0,0
4479,2026-02-22,13:21,3744,5,Salón,Tarjeta,87.0,0
4480,2026-02-22,14:25,2989,17,Para llevar,Yape,213.0,0
4481,2026-02-22,11:33,1492,5,Salón,Efectivo,246.0,0
4482,2026-02-22,14:22,1121,2,Salón,Efectivo,180.0,0
4483,2026-02-22,13:47,15,2,Salón,Yape,145.0,0
4484,2026-02-22,15:57,5383,20,Salón,Efectivo,130.0,0
4485,2026-02-22,16:38,4514,3,Para llevar,Plin,186.0,0
4486,2026-02-22,16:18,1301,17,Salón,Tarjeta,278.0,0
4487,2026-02-22,14:23,536,7,Para llevar,Tarjeta,150.0,0
4488,2026-02-22,13:52,2765,16,Delivery propio,Tarjeta,57.0,0
4489,2026-02-22,13:35,1387,24,Salón,Efectivo,178.0,0
4490,2026-02-22,20:43,2983,5,Para llevar,Efectivo,188.0,0
4491,2026-02-22,13:49,2866,16,Para llevar,Yape,54.0,0
4492,2026-02-22,19:17,1235,17,Salón,Yape,32.0,0
4493,2026-02-22,13:14,877,22,Para llevar,Plin,329.0,0
4494,2026-02-22,13:38,2849,7,Salón,Efectivo,99.0,0
4495,2026-02-22,12:50,4665,24,Salón,Yape,272.0,0
4496,2026-02-22,16:19,1307,19,Salón,Yape,74.0,0
4497,2026-02-22,15:12,2273,24,Salón,Tarjeta,232.0,0
4498,2026-02-22,15:40,3383,18,Salón,Efectivo,50.0,0
4499,2026-02-22,12:21,874,22,Salón,Plin,42.0,0
4500,2026-02-22,13:30,1743,2,Salón,Yape,281.0,0
4501,2026-02-22,13:59,52,7,Salón,Efectivo,215.0,0
4502,2026-02-22,16:05,3234,7,Salón,Tarjeta,62.0,0
4503,2026-02-22,18:02,4479,18,Salón,Yape,38.0,0
4504,2026-02-22,14:16,2251,24,Salón,Plin,46.0,0
4505,2026-02-22,19:24,698,18,Delivery propio,Efectivo,126.0,0
4506,2026-02-22,11:13,3493,18,Salón,Tarjeta,246.0,0
4507,2026-02-22,13:15,1174,7,Salón,Yape,52.0,0
4508,2026-02-22,13:17,780,3,Salón,Yape,78.0,0
4509,2026-02-22,17:04,1798,3,Para llevar,Yape,36.0,0
4510,2026-02-22,20:59,2865,18,Delivery propio,Tarjeta,137.0,0
4511,2026-02-22,12:29,1508,17,Delivery propio,Efectivo,50.0,0
4512,2026-02-22,16:21,731,3,Salón,Yape,148.0,0
4513,2026-02-22,13:54,3032,24,Para llevar,Yape,229.0,0
4514,2026-02-22,15:39,5020,20,Para llevar,Efectivo,128.0,0
4515,2026-02-22,11:14,877,24,Salón,Tarjeta,116.0,0
4516,2026-02-22,19:56,535,19,Delivery propio,Efectivo,118.0,0
4517,2026-02-22,11:25,5069,3,Para llevar,Tarjeta,88.0,0
4518,2026-02-22,21:10,5046,5,Delivery propio,Efectivo,42.0,0
4519,2026-02-22,18:04,9999,5,Salón,Efectivo,18.0,0
4520,2026-02-22,14:37,2318,5,Para llevar,Yape,182.0,0
4521,2026-02-22,12:00,1034,7,Salón,Tarjeta,196.0,0
4522,2026-02-22,16:33,4066,20,Salón,Plin,117.0,0
4523,2026-02-22,13:15,1806,3,Salón,Yape,144.0,0
4524,2026-02-22,14:17,9999,22,Salón,Efectivo,263.0,0
4525,2026-02-22,11:23,1151,16,Salón,Efectivo,28.0,0
4526,2026-02-22,12:10,3937,19,Salón,Plin,102.0,0
4527,2026-02-22,14:48,877,22,Delivery propio,Efectivo,28.0,0
4528,2026-02-22,18:21,877,24,Salón,Efectivo,46.0,0
4529,2026-02-22,13:58,6,20,Salón,Efectivo,74.0,0
4530,2026-02-22,20:16,1066,7,Delivery propio,Yape,250.0,0
4531,2026-02-23,13:39,3143,20,Salón,Yape,290.0,0
4532,2026-02-23,18:46,4425,7,Salón,Tarjeta,218.0,0
4533,2026-02-23,14:22,93,17,Para llevar,Yape,18.0,0
4534,2026-02-23,12:53,4740,19,Salón,Yape,89.0,0
4535,2026-02-23,15:58,2860,24,Para llevar,Efectivo,98.0,0
4536,2026-02-23,14:42,1235,19,Para llevar,Efectivo,53.0,0
4537,2026-02-23,14:54,670,19,Salón,Tarjeta,121.0,0
4538,2026-02-23,12:41,4560,20,Delivery propio,Yape,220.0,0
4539,2026-02-23,14:05,2557,2,Delivery propio,Efectivo,18.0,0
4540,2026-02-23,19:42,1800,17,Salón,Efectivo,198.0,0
4541,2026-02-23,20:59,4475,22,Salón,Efectivo,206.0,0
4542,2026-02-23,13:14,2346,17,Delivery propio,Plin,292.0,0
4543,2026-02-23,15:23,4285,17,Delivery propio,Efectivo,58.0,0
4544,2026-02-23,20:49,2368,18,Delivery propio,Tarjeta,86.0,0
4545,2026-02-23,12:41,9999,5,Para llevar,Yape,128.0,0
4546,2026-02-23,12:14,1343,20,Para llevar,Tarjeta,76.0,0
4547,2026-02-23,12:44,4349,18,Para llevar,Efectivo,212.0,0
4548,2026-02-23,13:25,4992,16,Salón,Efectivo,66.0,0
4549,2026-02-23,16:37,4191,24,Salón,Efectivo,163.0,0
4550,2026-02-23,12:46,4821,2,Delivery propio,Efectivo,176.0,0
4551,2026-02-23,13:57,496,19,Delivery propio,Efectivo,306.0,0
4552,2026-02-23,20:09,5027,2,Delivery propio,Tarjeta,94.0,0
4553,2026-02-23,21:35,233,17,Delivery propio,Efectivo,148.0,0
4554,2026-02-23,20:40,9999,3,Salón,Efectivo,36.0,0
4555,2026-02-23,12:51,72,3,Salón,Tarjeta,194.0,0
4556,2026-02-23,19:24,9999,20,Salón,Tarjeta,114.0,0
4557,2026-02-23,18:25,9999,2,Para llevar,Yape,118.0,0
4558,2026-02-23,12:34,9999,24,Delivery propio,Tarjeta,136.0,0
4559,2026-02-23,18:40,877,2,Para llevar,Efectivo,26.0,0
4560,2026-02-23,19:49,1673,3,Salón,Efectivo,202.0,0
4561,2026-02-23,14:24,484,20,Salón,Yape,94.0,0
4562,2026-02-24,15:13,486,20,Salón,Tarjeta,74.0,0
4563,2026-02-24,12:20,1378,3,Salón,Efectivo,68.0,0
4564,2026-02-24,20:13,4855,18,Salón,Yape,72.0,0
4565,2026-02-24,13:09,2216,18,Salón,Efectivo,101.0,0
4566,2026-02-24,14:07,698,16,Salón,Tarjeta,122.0,0
4567,2026-02-24,14:23,2435,2,Salón,Tarjeta,130.0,0
4568,2026-02-24,19:41,5440,5,Delivery propio,Plin,152.0,0
4569,2026-02-24,20:05,877,18,Para llevar,Tarjeta,94.0,0
4570,2026-02-24,19:12,3294,7,Delivery propio,Yape,38.0,0
4571,2026-02-24,14:35,4175,24,Delivery propio,Efectivo,138.0,0
4572,2026-02-24,12:51,4481,22,Para llevar,Efectivo,202.0,0
4573,2026-02-24,20:49,9999,5,Delivery propio,Yape,42.0,0
4574,2026-02-24,20:24,2035,3,Para llevar,Efectivo,66.0,0
4575,2026-02-24,14:06,1262,18,Salón,Tarjeta,66.0,0
4576,2026-02-24,13:46,9999,22,Delivery propio,Efectivo,107.0,0
4577,2026-02-24,20:43,1741,20,Delivery propio,Efectivo,151.0,0
4578,2026-02-24,20:34,244,17,Salón,Efectivo,111.0,0
4579,2026-02-24,13:38,5256,20,Salón,Plin,66.0,0
4580,2026-02-24,19:16,4550,17,Salón,Tarjeta,62.0,0
4581,2026-02-24,13:11,9999,17,Salón,Efectivo,68.0,0
4582,2026-02-24,17:27,587,20,Salón,Tarjeta,154.0,0
4583,2026-02-24,12:33,2353,20,Salón,Efectivo,227.0,0
4584,2026-02-25,13:19,9999,5,Salón,Tarjeta,126.0,0
4585,2026-02-25,12:10,3124,2,Para llevar,Efectivo,135.0,0
4586,2026-02-25,21:39,896,17,Delivery propio,Yape,42.0,0
4587,2026-02-25,19:30,2867,7,Salón,Yape,126.0,0
4588,2026-02-25,15:00,877,24,Delivery propio,Yape,36.0,0
4589,2026-02-25,15:43,3128,19,Delivery propio,Efectivo,160.0,0
4590,2026-02-25,13:13,1193,18,Para llevar,Plin,146.0,0
4591,2026-02-25,14:45,3400,5,Delivery propio,Tarjeta,139.0,0
4592,2026-02-25,14:26,1446,16,Delivery propio,Yape,95.0,0
4593,2026-02-25,17:54,9999,7,Salón,Efectivo,84.0,0
4594,2026-02-25,12:19,2793,18,Salón,Yape,24.0,0
4595,2026-02-25,16:28,880,20,Delivery propio,Tarjeta,182.0,0
4596,2026-02-25,14:24,3805,2,Para llevar,Yape,81.0,0
4597,2026-02-25,14:58,223,17,Salón,Yape,216.0,0
4598,2026-02-25,12:50,3658,5,Para llevar,Efectivo,145.0,0
4599,2026-02-25,15:45,4655,17,Salón,Efectivo,167.0,0
4600,2026-02-25,18:09,4597,5,Delivery propio,Efectivo,72.0,0
4601,2026-02-25,13:05,652,22,Delivery propio,Efectivo,116.0,0
4602,2026-02-25,13:42,2920,5,Salón,Tarjeta,20.0,0
4603,2026-02-25,14:09,814,5,Salón,Tarjeta,106.0,0
4604,2026-02-25,11:05,79,5,Salón,Efectivo,202.0,0
4605,2026-02-25,12:26,4898,19,Salón,Yape,48.0,0
4606,2026-02-25,12:57,4479,18,Delivery propio,Efectivo,36.0,0
4607,2026-02-25,13:09,1169,24,Salón,Tarjeta,237.0,0
4608,2026-02-25,14:29,3141,17,Salón,Efectivo,158.0,0
4609,2026-02-25,13:41,4456,18,Salón,Yape,98.0,0
4610,2026-02-25,12:59,2766,18,Delivery propio,Yape,50.0,0
4611,2026-02-25,15:14,5467,17,Salón,Efectivo,66.0,0
4612,2026-02-25,13:30,3986,18,Delivery propio,Efectivo,120.0,0
4613,2026-02-26,18:28,4203,22,Delivery propio,Efectivo,128.0,0
4614,2026-02-26,20:39,4261,24,Salón,Plin,183.0,0
4615,2026-02-26,18:55,2755,18,Salón,Yape,94.0,0
4616,2026-02-26,16:01,3436,17,Salón,Efectivo,64.0,0
4617,2026-02-26,19:45,1852,2,Salón,Efectivo,73.0,0
4618,2026-02-26,19:13,2711,7,Para llevar,Efectivo,64.0,0
4619,2026-02-26,15:48,2710,7,Salón,Yape,354.0,0
4620,2026-02-26,15:06,3438,17,Salón,Tarjeta,36.0,0
4621,2026-02-26,14:16,4766,20,Salón,Efectivo,48.0,0
4622,2026-02-26,15:02,2991,2,Salón,Yape,38.0,0
4623,2026-02-26,19:05,4288,22,Delivery propio,Yape,206.0,0
4624,2026-02-26,13:21,4744,2,Delivery propio,Tarjeta,110.0,0
4625,2026-02-26,20:00,4515,20,Salón,Yape,104.0,0
4626,2026-02-26,19:06,2001,16,Para llevar,Efectivo,250.0,0
4627,2026-02-26,20:40,1749,18,Salón,Tarjeta,64.0,0
4628,2026-02-26,19:29,3595,17,Salón,Efectivo,101.0,0
4629,2026-02-26,11:19,645,22,Salón,Efectivo,10.0,0
4630,2026-02-26,12:48,2342,19,Salón,Tarjeta,112.0,0
4631,2026-02-26,14:05,2217,5,Delivery propio,Efectivo,36.0,0
4632,2026-02-26,15:57,1529,3,Salón,Tarjeta,112.0,0
4633,2026-02-26,20:04,5192,24,Para llevar,Efectivo,30.0,0
4634,2026-02-27,14:31,2873,2,Salón,Tarjeta,130.0,0
4635,2026-02-27,14:57,295,20,Salón,Efectivo,90.0,0
4636,2026-02-27,13:03,4313,2,Salón,Tarjeta,108.0,0
4637,2026-02-27,19:29,4663,3,Salón,Efectivo,132.0,0
4638,2026-02-27,15:26,4969,19,Salón,Efectivo,218.0,0
4639,2026-02-27,15:21,2433,3,Delivery propio,Efectivo,44.0,0
4640,2026-02-27,13:03,877,3,Salón,Plin,124.0,0
4641,2026-02-27,14:39,1733,19,Salón,Yape,186.0,0
4642,2026-02-27,19:51,9999,17,Salón,Efectivo,162.0,0
4643,2026-02-27,11:57,9999,22,Salón,Yape,138.0,0
4644,2026-02-27,20:14,1659,3,Salón,Efectivo,210.0,0
4645,2026-02-27,19:17,1770,24,Salón,Efectivo,312.0,0
4646,2026-02-27,19:44,9999,5,Delivery propio,Tarjeta,68.0,0
4647,2026-02-27,19:05,1900,3,Salón,Yape,146.0,0
4648,2026-02-27,15:21,9999,3,Salón,Yape,66.0,0
4649,2026-02-27,12:12,5286,7,Salón,Tarjeta,82.0,0
4650,2026-02-27,11:27,2868,17,Salón,Tarjeta,36.0,0
4651,2026-02-27,19:48,517,2,Salón,Tarjeta,64.0,0
4652,2026-02-27,13:24,2246,22,Delivery propio,Tarjeta,179.0,0
4653,2026-02-27,13:33,3483,5,Para llevar,Tarjeta,167.0,0
4654,2026-02-27,20:10,3920,22,Delivery propio,Plin,94.0,0
4655,2026-02-27,12:31,9999,5,Salón,Yape,112.0,0
4656,2026-02-27,14:34,177,2,Delivery propio,Tarjeta,120.0,0
4657,2026-02-27,21:07,1647,18,Salón,Yape,50.0,0
4658,2026-02-27,20:31,2220,16,Para llevar,Yape,125.0,0
4659,2026-02-27,17:39,2849,18,Delivery propio,Yape,192.0,0
4660,2026-02-27,14:46,5321,18,Delivery propio,Plin,9.0,0
4661,2026-02-27,14:56,118,22,Salón,Yape,12.0,0
4662,2026-02-27,13:16,9999,20,Delivery propio,Efectivo,52.0,0
4663,2026-02-28,20:26,5280,3,Para llevar,Plin,208.0,0
4664,2026-02-28,21:42,3495,24,Salón,Tarjeta,122.0,0
4665,2026-02-28,18:46,671,22,Salón,Yape,205.0,0
4666,2026-02-28,14:15,5126,16,Salón,Plin,263.0,0
4667,2026-02-28,13:26,5250,7,Salón,Tarjeta,280.0,0
4668,2026-02-28,13:35,3271,3,Para llevar,Efectivo,119.0,0
4669,2026-02-28,19:12,4250,16,Salón,Tarjeta,156.0,0
4670,2026-02-28,11:42,2173,2,Para llevar,Tarjeta,74.0,0
4671,2026-02-28,14:45,4286,18,Salón,Efectivo,108.0,0
4672,2026-02-28,14:57,3320,19,Salón,Efectivo,39.0,0
4673,2026-02-28,16:19,1581,19,Para llevar,Yape,148.0,0
4674,2026-02-28,14:42,9999,7,Salón,Tarjeta,180.0,0
4675,2026-02-28,19:01,9999,2,Delivery propio,Yape,271.0,0
4676,2026-02-28,17:40,4242,18,Salón,Efectivo,196.0,0
4677,2026-02-28,12:12,665,24,Salón,Yape,226.0,0
4678,2026-02-28,19:53,2220,20,Salón,Efectivo,112.0,0
4679,2026-02-28,12:42,3879,2,Salón,Efectivo,160.0,0
4680,2026-02-28,13:02,92,20,Salón,Yape,92.0,0
4681,2026-02-28,13:42,3144,16,Salón,Yape,154.0,0
4682,2026-02-28,18:44,3449,5,Salón,Tarjeta,36.0,0
4683,2026-02-28,13:44,9999,24,Para llevar,Efectivo,98.0,0
4684,2026-02-28,16:41,2611,2,Salón,Yape,92.0,0
4685,2026-02-28,18:35,2939,20,Salón,Plin,118.0,0
4686,2026-02-28,17:03,4454,3,Salón,Efectivo,224.0,0
4687,2026-02-28,13:30,5440,19,Salón,Efectivo,122.0,0
4688,2026-02-28,13:53,398,2,Salón,Yape,102.0,0
4689,2026-02-28,17:01,4640,24,Salón,Yape,82.0,0
4690,2026-02-28,12:28,4931,18,Salón,Yape,70.0,0
4691,2026-02-28,16:04,3083,22,Salón,Tarjeta,170.0,0
4692,2026-02-28,20:05,3208,17,Salón,Efectivo,124.0,0
4693,2026-02-28,18:25,1104,16,Para llevar,Efectivo,120.0,0
4694,2026-02-28,13:02,2767,3,Salón,Tarjeta,102.0,0
4695,2026-02-28,14:42,9999,22,Salón,Efectivo,406.0,0
4696,2026-02-28,13:52,9999,24,Salón,Efectivo,111.0,0
4697,2026-02-28,14:00,4672,7,Salón,Efectivo,128.0,0
4698,2026-02-28,12:07,1847,19,Para llevar,Efectivo,92.0,0
4699,2026-02-28,15:46,1936,2,Delivery propio,Tarjeta,144.0,0
4700,2026-02-28,13:15,3264,17,Delivery propio,Yape,138.0,0
4701,2026-02-28,14:15,3662,20,Salón,Yape,92.0,0
4702,2026-02-28,18:25,5403,2,Salón,Efectivo,132.0,0
4703,2026-02-28,14:49,5432,16,Delivery propio,Tarjeta,130.0,0
4704,2026-02-28,21:55,3641,3,Salón,Yape,130.0,0
4705,2026-02-28,13:59,4435,5,Salón,Efectivo,102.0,0
4706,2026-02-28,16:54,95,24,Salón,Efectivo,40.0,0
4707,2026-03-01,15:25,2620,17,Para llevar,Plin,176.0,0
4708,2026-03-01,13:36,2446,18,Para llevar,Plin,198.0,0
4709,2026-03-01,11:47,9999,24,Salón,Efectivo,50.0,0
4710,2026-03-01,17:24,1376,22,Salón,Yape,162.0,0
4711,2026-03-01,14:05,1605,2,Salón,Yape,100.0,0
4712,2026-03-01,15:29,766,17,Salón,Efectivo,181.0,0
4713,2026-03-01,15:08,736,22,Salón,Efectivo,226.0,0
4714,2026-03-01,20:27,1818,22,Para llevar,Efectivo,128.0,0
4715,2026-03-01,19:47,4119,5,Salón,Tarjeta,150.0,0
4716,2026-03-01,12:11,4272,16,Para llevar,Yape,186.0,0
4717,2026-03-01,20:14,1089,17,Salón,Efectivo,66.0,0
4718,2026-03-01,11:43,3387,20,Salón,Efectivo,92.0,0
4719,2026-03-01,15:11,888,3,Salón,Yape,54.0,0
4720,2026-03-01,13:39,5337,19,Para llevar,Tarjeta,133.0,0
4721,2026-03-01,16:21,5141,18,Para llevar,Tarjeta,267.0,0
4722,2026-03-01,15:26,469,3,Para llevar,Yape,70.0,0
4723,2026-03-01,12:13,1457,7,Para llevar,Yape,208.0,0
4724,2026-03-01,11:27,610,5,Salón,Yape,150.0,0
4726,2026-03-01,19:32,3630,7,Para llevar,Efectivo,50.0,0
4727,2026-03-01,14:30,4462,5,Delivery propio,Efectivo,88.0,0
4728,2026-03-01,19:37,4272,19,Salón,Efectivo,148.0,0
4729,2026-03-01,16:48,9999,22,Salón,Tarjeta,171.0,0
4730,2026-03-01,19:49,273,24,Salón,Tarjeta,100.0,0
4731,2026-03-01,20:08,4858,17,Salón,Efectivo,48.0,0
4732,2026-03-01,12:09,2786,5,Salón,Tarjeta,14.0,0
4733,2026-03-01,19:51,3107,24,Salón,Plin,148.0,0
4734,2026-03-01,21:26,4214,17,Salón,Yape,150.0,0
4735,2026-03-01,14:15,3480,18,Delivery propio,Tarjeta,108.0,0
4736,2026-03-01,21:55,1074,20,Salón,Tarjeta,76.0,0
4737,2026-03-01,12:25,837,5,Salón,Plin,128.0,0
4738,2026-03-01,13:40,2636,19,Delivery propio,Yape,65.0,0
4739,2026-03-01,18:17,163,7,Salón,Efectivo,164.0,0
4740,2026-03-01,13:23,74,18,Delivery propio,Tarjeta,99.0,0
4741,2026-03-01,14:26,5337,16,Salón,Tarjeta,237.0,0
4742,2026-03-01,12:33,321,5,Delivery propio,Tarjeta,172.0,0
4743,2026-03-01,11:47,2512,20,Salón,Yape,201.0,0
4744,2026-03-01,12:55,2765,22,Salón,Plin,48.0,0
4745,2026-03-01,12:47,5456,7,Salón,Efectivo,82.0,0
4746,2026-03-01,13:50,3483,17,Salón,Tarjeta,292.0,0
4747,2026-03-01,14:38,1709,24,Salón,Tarjeta,24.0,0
4748,2026-03-01,13:22,4293,2,Delivery propio,Plin,30.0,0
4749,2026-03-01,12:05,4185,5,Delivery propio,Yape,180.0,0
4750,2026-03-01,18:16,2682,5,Delivery propio,Yape,181.0,0
4751,2026-03-01,13:32,110,20,Salón,Yape,90.0,0
4752,2026-03-01,13:12,4162,18,Salón,Plin,208.0,0
4753,2026-03-01,11:57,1909,19,Delivery propio,Tarjeta,128.0,0
4754,2026-03-01,15:47,4078,19,Delivery propio,Efectivo,48.0,0
4755,2026-03-01,14:44,2475,19,Salón,Yape,129.0,0
4756,2026-03-01,13:21,1145,20,Salón,Yape,75.0,0
4757,2026-03-01,15:15,802,24,Salón,Efectivo,62.0,0
4758,2026-03-01,16:04,9999,18,Salón,Yape,48.0,0
4759,2026-03-01,12:10,2463,2,Para llevar,Yape,78.0,0
4760,2026-03-01,18:53,3867,16,Salón,Tarjeta,102.0,0
4761,2026-03-01,14:10,4190,17,Salón,Yape,114.0,0
4762,2026-03-01,18:02,5401,17,Para llevar,Efectivo,134.0,0
4763,2026-03-01,15:19,1458,5,Salón,Plin,242.0,0
4764,2026-03-01,14:00,3392,18,Para llevar,Efectivo,118.0,0
4765,2026-03-01,18:51,1736,17,Salón,Yape,102.0,0
4766,2026-03-01,21:07,1653,22,Salón,Efectivo,166.0,0
4767,2026-03-01,13:00,4691,19,Para llevar,Tarjeta,105.0,0
4768,2026-03-01,19:42,985,24,Salón,Tarjeta,101.0,0
4769,2026-03-01,13:08,4875,5,Salón,Plin,144.0,0
4770,2026-03-02,14:55,5337,19,Delivery propio,Tarjeta,33.0,0
4771,2026-03-02,15:18,1150,16,Para llevar,Yape,171.0,0
4772,2026-03-02,18:09,5294,20,Salón,Tarjeta,134.0,0
4773,2026-03-02,11:47,5002,16,Delivery propio,Efectivo,34.0,0
4774,2026-03-02,14:22,3185,5,Para llevar,Yape,128.0,0
4775,2026-03-02,12:33,611,2,Salón,Yape,112.0,0
4776,2026-03-02,19:40,3483,20,Salón,Yape,40.0,0
4777,2026-03-02,20:51,2588,16,Salón,Efectivo,108.0,0
4778,2026-03-02,15:46,3740,22,Delivery propio,Yape,34.0,0
4779,2026-03-02,11:56,3500,2,Salón,Efectivo,372.0,0
4780,2026-03-02,18:27,2162,5,Salón,Yape,112.0,0
4781,2026-03-02,12:16,4421,19,Para llevar,Efectivo,58.0,0
4782,2026-03-02,13:09,3210,16,Salón,Yape,90.0,0
4783,2026-03-02,12:07,2185,17,Salón,Efectivo,72.0,0
4784,2026-03-02,14:30,3675,22,Salón,Tarjeta,102.0,0
4785,2026-03-02,18:02,1355,20,Salón,Efectivo,108.0,0
4786,2026-03-02,15:23,196,16,Delivery propio,Yape,114.0,0
4787,2026-03-02,14:59,2908,5,Salón,Tarjeta,34.0,0
4788,2026-03-02,21:18,9999,3,Para llevar,Yape,73.0,0
4789,2026-03-02,19:39,3184,20,Salón,Plin,156.0,0
4790,2026-03-02,21:43,4902,19,Delivery propio,Tarjeta,54.0,0
4791,2026-03-02,14:10,2579,19,Para llevar,Yape,70.0,0
4792,2026-03-02,15:44,4974,16,Delivery propio,Yape,86.0,0
4793,2026-03-02,14:03,2164,18,Delivery propio,Efectivo,33.0,0
4794,2026-03-02,12:19,2561,3,Salón,Yape,78.0,0
4795,2026-03-02,13:08,3699,16,Delivery propio,Yape,151.0,0
4796,2026-03-02,14:56,2344,24,Salón,Plin,142.0,0
4797,2026-03-02,11:32,3281,19,Salón,Efectivo,95.0,0
4798,2026-03-02,15:42,2815,18,Salón,Efectivo,217.0,0
4799,2026-03-02,16:24,711,18,Salón,Tarjeta,156.0,0
4800,2026-03-02,16:39,2998,7,Salón,Tarjeta,178.0,0
4801,2026-03-02,19:23,667,24,Salón,Yape,44.0,0
4802,2026-03-03,18:42,9999,3,Salón,Plin,44.0,0
4803,2026-03-03,13:19,4105,19,Salón,Plin,270.0,0
4804,2026-03-03,13:27,494,7,Salón,Efectivo,128.0,0
4805,2026-03-03,14:48,4185,19,Salón,Efectivo,38.0,0
4806,2026-03-03,21:44,918,7,Salón,Yape,208.0,0
4807,2026-03-03,18:22,1127,2,Salón,Yape,96.0,0
4808,2026-03-03,17:35,3132,7,Salón,Tarjeta,190.0,0
4809,2026-03-03,15:08,1025,20,Salón,Tarjeta,324.0,0
4810,2026-03-03,20:13,491,17,Delivery propio,Plin,138.0,0
4811,2026-03-03,12:35,3042,3,Salón,Efectivo,214.0,0
4812,2026-03-03,15:31,3333,20,Salón,Yape,122.0,0
4813,2026-03-03,21:15,1885,20,Salón,Yape,276.0,0
4814,2026-03-03,18:07,1157,18,Para llevar,Plin,174.0,0
4815,2026-03-03,14:11,29,17,Delivery propio,Plin,152.0,0
4816,2026-03-03,13:39,4874,7,Delivery propio,Yape,92.0,0
4817,2026-03-03,21:50,3199,17,Para llevar,Yape,120.0,0
4818,2026-03-03,15:25,3392,17,Salón,Efectivo,162.0,0
4819,2026-03-03,13:15,2173,22,Salón,Efectivo,36.0,0
4820,2026-03-03,19:22,3074,5,Salón,Yape,176.0,0
4821,2026-03-03,14:58,2734,20,Para llevar,Tarjeta,120.0,0
4822,2026-03-03,18:06,4449,17,Salón,Efectivo,132.0,0
4823,2026-03-03,14:49,5424,5,Salón,Yape,162.0,0
4824,2026-03-03,11:02,294,19,Salón,Efectivo,208.0,0
4825,2026-03-03,20:59,564,7,Salón,Tarjeta,30.0,0
4826,2026-03-03,13:01,2542,17,Salón,Efectivo,110.0,0
4827,2026-03-03,18:54,962,20,Salón,Yape,194.0,0
4828,2026-03-03,12:41,3443,17,Salón,Plin,162.0,0
4829,2026-03-03,13:20,4596,3,Delivery propio,Yape,116.0,0
4830,2026-03-03,16:05,3785,7,Salón,Efectivo,30.0,0
4831,2026-03-03,20:56,558,20,Delivery propio,Plin,300.0,0
4832,2026-03-04,15:42,4446,17,Salón,Efectivo,136.0,0
4833,2026-03-04,15:12,499,5,Salón,Efectivo,88.0,0
4834,2026-03-04,13:17,3696,2,Salón,Yape,81.0,0
4835,2026-03-04,14:28,2651,24,Para llevar,Yape,64.0,0
4836,2026-03-04,19:20,2144,2,Salón,Efectivo,187.0,0
4837,2026-03-04,14:34,3132,5,Salón,Tarjeta,162.0,0
4838,2026-03-04,13:29,1874,7,Salón,Efectivo,60.0,0
4839,2026-03-04,17:04,3608,19,Salón,Efectivo,110.0,0
4840,2026-03-04,20:44,1232,19,Delivery propio,Tarjeta,84.0,0
4841,2026-03-04,12:18,9999,22,Salón,Yape,225.0,0
4842,2026-03-04,18:11,5201,16,Salón,Tarjeta,120.0,0
4844,2026-03-04,12:29,4967,24,Salón,Yape,202.0,0
4845,2026-03-04,14:21,1042,20,Salón,Yape,248.0,0
4846,2026-03-04,15:53,2137,22,Salón,Yape,186.0,0
4847,2026-03-04,14:46,97,7,Salón,Yape,234.0,0
4848,2026-03-04,19:19,9999,18,Para llevar,Plin,58.0,0
4849,2026-03-04,17:37,9999,24,Salón,Efectivo,122.0,0
4850,2026-03-04,18:52,4855,17,Salón,Efectivo,78.0,0
4851,2026-03-04,18:19,1163,20,Delivery propio,Tarjeta,52.0,0
4852,2026-03-04,16:13,2353,22,Para llevar,Plin,158.0,0
4853,2026-03-04,14:59,3520,18,Delivery propio,Efectivo,90.0,0
4854,2026-03-04,13:49,3072,17,Salón,Tarjeta,96.0,0
4855,2026-03-04,17:34,5493,19,Delivery propio,Yape,38.0,0
4856,2026-03-04,13:52,1439,2,Delivery propio,Yape,90.0,0
4857,2026-03-04,14:16,5140,19,Salón,Efectivo,203.0,0
4858,2026-03-04,15:41,4392,20,Delivery propio,Efectivo,198.0,0
4859,2026-03-04,11:55,4709,22,Salón,Yape,162.0,0
4860,2026-03-04,13:10,1701,18,Salón,Tarjeta,184.0,0
4861,2026-03-05,21:02,2052,24,Salón,Yape,152.0,0
4862,2026-03-05,17:13,5278,16,Salón,Tarjeta,74.0,0
4863,2026-03-05,12:38,4875,20,Salón,Tarjeta,369.0,0
4864,2026-03-05,15:43,3881,22,Salón,Yape,56.0,0
4865,2026-09-28,15:59,3545,3,Para llevar,Efectivo,98.0,1
4866,2026-03-05,14:37,904,22,Salón,Yape,46.0,0
4867,2026-03-05,19:48,3100,16,Salón,Yape,150.0,0
4868,2026-03-05,19:06,2678,19,Delivery propio,Efectivo,141.0,0
4869,2026-03-05,15:33,3665,5,Salón,Yape,120.0,0
4870,2026-03-05,14:11,4566,19,Salón,Efectivo,26.0,0
4871,2026-03-05,19:38,5019,3,Salón,Tarjeta,226.0,0
4872,2026-03-05,18:02,1702,24,Salón,Plin,122.0,0
4873,2026-03-05,13:37,663,17,Salón,Efectivo,142.0,0
4874,2026-03-05,12:12,5266,19,Para llevar,Efectivo,54.0,0
4875,2026-03-05,15:39,2066,16,Para llevar,Efectivo,112.0,0
4876,2026-03-05,20:08,496,16,Salón,Efectivo,226.0,0
4877,2026-03-05,14:46,1117,20,Salón,Yape,200.0,0
4878,2026-03-05,18:41,695,2,Delivery propio,Tarjeta,207.0,0
4879,2026-03-05,18:47,9999,2,Salón,Yape,110.0,0
4880,2026-03-05,12:46,3010,20,Para llevar,Tarjeta,114.0,0
4881,2026-03-05,13:25,5261,7,Salón,Yape,66.0,0
4882,2026-03-05,14:25,3139,2,Delivery propio,Tarjeta,78.0,0
4883,2026-03-05,13:47,2644,2,Salón,Efectivo,138.0,0
4884,2026-03-05,17:56,3560,22,Delivery propio,Yape,138.0,0
4885,2026-03-05,19:29,2849,5,Delivery propio,Tarjeta,174.0,0
4886,2026-03-05,20:25,511,5,Salón,Efectivo,36.0,0
4887,2026-03-05,20:00,4890,7,Delivery propio,Tarjeta,152.0,0
4888,2026-03-05,18:14,534,20,Salón,Efectivo,231.0,0
4889,2026-03-05,19:26,3705,16,Salón,Yape,124.0,0
4890,2026-03-06,21:29,1749,3,Delivery propio,Plin,24.0,0
4891,2026-03-06,20:16,1790,7,Salón,Tarjeta,74.0,0
4892,2026-03-06,19:20,484,19,Salón,Plin,66.0,0
4893,2026-03-06,12:10,5367,16,Salón,Yape,94.0,0
4894,2026-03-06,17:45,3862,19,Salón,Efectivo,46.0,0
4895,2026-03-06,13:11,1252,22,Delivery propio,Yape,204.0,0
4896,2026-03-06,12:37,4578,2,Salón,Plin,228.0,0
4897,2026-03-06,19:07,9999,16,Para llevar,Efectivo,10.0,0
4898,2026-03-06,14:09,1930,19,Salón,Yape,175.0,0
4899,2026-03-06,13:38,4901,3,Salón,Tarjeta,76.0,0
4900,2026-03-06,14:55,9999,3,Salón,Efectivo,66.0,0
4901,2026-03-06,13:19,5440,20,Para llevar,Yape,270.0,0
4902,2026-03-06,15:26,2388,17,Delivery propio,Efectivo,54.0,0
4903,2026-03-06,14:39,4748,18,Salón,Tarjeta,72.0,0
4904,2026-03-06,14:42,5204,5,Salón,Yape,58.0,0
4905,2026-03-06,20:22,2407,2,Para llevar,Tarjeta,160.0,0
4906,2026-03-06,14:48,886,22,Salón,Efectivo,84.0,0
4907,2026-03-06,14:13,2605,5,Salón,Yape,56.0,0
4908,2026-03-06,13:55,1576,24,Salón,Tarjeta,178.0,0
4909,2026-03-06,13:03,2550,3,Delivery propio,Yape,96.0,0
4910,2026-03-06,13:16,3079,18,Salón,Yape,48.0,0
4911,2026-03-06,19:05,3510,20,Delivery propio,Efectivo,128.0,0
4912,2026-03-06,14:02,1042,7,Delivery propio,Efectivo,243.0,0
4913,2026-03-06,15:49,300,17,Salón,Plin,52.0,0
4914,2026-03-06,11:56,499,16,Para llevar,Plin,79.0,0
4915,2026-03-06,19:41,1431,18,Delivery propio,Efectivo,163.0,0
4916,2026-03-06,16:39,5462,5,Delivery propio,Tarjeta,34.0,0
4917,2026-03-06,14:37,4355,2,Salón,Efectivo,82.0,0
4918,2026-03-06,12:11,4074,2,Salón,Tarjeta,26.0,0
4919,2026-03-06,12:39,4699,19,Salón,Tarjeta,96.0,0
4920,2026-03-06,12:40,3403,17,Salón,Yape,116.0,0
4921,2026-03-06,11:25,1678,17,Salón,Yape,132.0,0
4922,2026-03-06,13:22,3631,5,Salón,Efectivo,114.0,0
4923,2026-03-06,13:56,5019,24,Para llevar,Tarjeta,164.0,0
4924,2026-03-06,15:01,9999,17,Para llevar,Efectivo,198.0,0
4925,2026-03-06,15:50,5089,16,Salón,Yape,84.0,0
4926,2026-03-06,20:49,2708,3,Salón,Efectivo,150.0,0
4927,2026-03-07,13:13,3645,18,Salón,Yape,50.0,0
4928,2026-03-07,13:19,9999,17,Delivery propio,Yape,84.0,0
4929,2026-03-07,17:23,425,18,Para llevar,Efectivo,145.0,0
4930,2026-03-07,17:33,2370,16,Salón,Efectivo,100.0,0
4931,2026-03-07,14:01,4203,16,Salón,Efectivo,202.0,0
4932,2026-03-07,13:12,469,19,Salón,Yape,156.0,0
4933,2026-03-07,18:30,140,5,Salón,Yape,130.0,0
4934,2026-03-07,18:08,2575,22,Salón,Tarjeta,42.0,0
4935,2026-03-07,13:39,1176,17,Para llevar,Plin,124.0,0
4936,2026-03-07,18:09,4974,3,Salón,Tarjeta,107.0,0
4937,2026-03-07,20:47,1539,7,Salón,Efectivo,192.0,0
4938,2026-03-07,18:30,4572,17,Para llevar,Yape,85.0,0
4939,2026-03-07,20:52,4883,19,Para llevar,Efectivo,154.0,0
4940,2026-03-07,12:58,3933,2,Para llevar,Yape,88.0,0
4941,2026-03-07,13:05,288,7,Salón,Tarjeta,284.0,0
4942,2026-03-07,20:34,2900,19,Para llevar,Yape,224.0,0
4943,2026-03-07,14:01,3940,24,Delivery propio,Yape,292.0,0
4944,2026-03-07,14:03,3351,20,Salón,Efectivo,72.0,0
4945,2026-03-07,12:29,1444,24,Para llevar,Yape,65.0,0
4946,2026-03-07,19:13,5039,3,Salón,Yape,210.0,0
4947,2026-03-07,13:50,35,2,Salón,Efectivo,87.0,0
4948,2026-03-07,12:12,2786,22,Salón,Plin,150.0,0
4949,2026-03-07,13:30,3933,20,Delivery propio,Tarjeta,72.0,0
4950,2026-03-07,13:35,3760,17,Para llevar,Yape,130.0,0
4951,2026-03-07,14:13,433,19,Para llevar,Efectivo,130.0,0
4952,2026-03-07,14:43,877,24,Salón,Plin,118.0,0
4953,2026-03-07,17:46,5248,3,Para llevar,Plin,66.0,0
4954,2026-03-07,14:53,5365,20,Salón,Efectivo,30.0,0
4955,2026-03-07,20:41,2686,18,Salón,Tarjeta,200.0,0
4956,2026-03-07,16:23,9999,3,Salón,Efectivo,82.0,0
4957,2026-03-07,16:18,9999,24,Salón,Plin,216.0,0
4958,2026-03-07,21:41,2849,19,Para llevar,Yape,62.0,0
4960,2026-03-07,14:11,9999,3,Para llevar,Efectivo,60.0,0
4961,2026-03-07,14:49,4408,19,Delivery propio,Plin,116.0,0
4962,2026-03-07,13:18,3774,3,Para llevar,Yape,70.0,0
4963,2026-03-07,17:11,9999,18,Salón,Efectivo,195.0,0
4964,2026-03-07,13:23,469,24,Salón,Tarjeta,48.0,0
4965,2026-03-07,12:44,9999,19,Para llevar,Yape,111.0,0
4966,2026-03-07,14:26,2376,16,Salón,Efectivo,124.0,0
4967,2026-03-07,14:07,3209,17,Salón,Efectivo,159.0,0
4968,2026-03-07,14:23,2948,16,Delivery propio,Efectivo,30.0,0
4969,2026-03-07,16:36,2390,24,Salón,Yape,29.0,0
4970,2026-03-07,13:31,3857,20,Delivery propio,Plin,106.0,0
4971,2026-03-07,15:59,1905,16,Salón,Yape,54.0,0
4972,2026-03-07,15:13,1200,7,Salón,Tarjeta,36.0,0
4973,2026-03-07,15:48,2833,20,Delivery propio,Yape,84.0,0
4974,2026-03-07,17:56,469,3,Salón,Efectivo,60.0,0
4975,2026-03-07,16:42,2063,2,Para llevar,Tarjeta,211.0,0
4976,2026-03-07,11:09,5151,17,Para llevar,Tarjeta,156.0,0
4977,2026-03-08,15:32,4977,16,Salón,Tarjeta,195.0,0
4978,2026-03-08,13:50,767,7,Delivery propio,Efectivo,20.0,0
4979,2026-03-08,18:22,9999,17,Delivery propio,Tarjeta,160.0,0
4980,2026-03-08,21:59,9999,19,Salón,Efectivo,104.0,0
4981,2026-03-08,20:49,4663,2,Salón,Yape,109.0,0
4982,2026-03-08,14:16,9999,5,Para llevar,Yape,273.0,0
4983,2026-03-08,13:45,1199,16,Delivery propio,Efectivo,72.0,0
4984,2026-03-08,13:05,204,16,Salón,Efectivo,34.0,0
4985,2026-03-08,14:17,1819,20,Salón,Plin,54.0,0
4986,2026-03-08,16:14,2651,7,Salón,Tarjeta,128.0,0
4987,2026-03-08,14:02,4811,5,Para llevar,Yape,259.0,0
4988,2026-03-08,14:53,5252,18,Salón,Efectivo,251.0,0
4989,2026-03-08,21:32,5476,20,Salón,Plin,101.0,0
4990,2026-03-08,13:42,4690,2,Delivery propio,Efectivo,74.0,0
4991,2026-03-08,19:41,60,3,Delivery propio,Yape,246.0,0
4992,2026-03-08,14:39,420,22,Salón,Yape,84.0,0
4993,2026-03-08,12:57,2164,18,Salón,Plin,108.0,0
4994,2026-03-08,11:31,1878,17,Delivery propio,Yape,50.0,0
4995,2026-03-08,20:51,2620,22,Salón,Plin,84.0,0
4996,2026-03-08,19:59,2257,7,Salón,Tarjeta,192.0,0
4997,2026-03-08,20:00,9999,18,Salón,Plin,72.0,0
4998,2026-03-08,20:55,2323,2,Salón,Plin,180.0,0
4999,2026-03-08,14:38,9999,17,Salón,Yape,40.0,0
5000,2026-03-08,17:28,1197,18,Salón,Efectivo,64.0,0
5001,2026-03-08,11:42,2858,7,Salón,Efectivo,82.0,0
5002,2026-03-08,11:28,1593,22,Delivery propio,Tarjeta,134.0,0
5003,2026-03-08,15:30,4620,3,Salón,Efectivo,124.0,0
5004,2026-03-08,16:47,5400,7,Salón,Yape,98.0,0
5005,2026-03-08,20:54,2375,19,Salón,Efectivo,22.0,0
5006,2026-03-08,20:51,3626,7,Salón,Yape,182.0,0
5007,2026-03-08,14:28,2611,7,Delivery propio,Yape,242.0,0
5008,2026-03-08,14:50,1956,22,Delivery propio,Efectivo,158.0,0
5009,2026-03-08,16:28,9999,18,Salón,Efectivo,94.0,0
5010,2026-03-08,17:55,9999,2,Para llevar,Yape,86.0,0
5011,2026-03-08,12:35,1648,16,Salón,Yape,82.0,0
5012,2026-03-08,19:17,5470,17,Delivery propio,Efectivo,32.0,0
5013,2026-03-08,13:47,3304,3,Salón,Tarjeta,36.0,0
5014,2026-03-08,12:05,2454,20,Delivery propio,Tarjeta,166.0,0
5015,2026-03-08,14:16,1744,3,Salón,Plin,252.0,0
5016,2026-03-08,18:47,2075,17,Delivery propio,Plin,54.0,0
5017,2026-03-08,15:20,3705,18,Salón,Yape,42.0,0
5018,2026-03-08,17:43,9999,24,Delivery propio,Yape,48.0,0
5019,2026-03-08,18:16,3790,24,Salón,Efectivo,168.0,0
5020,2026-03-08,13:26,100,22,Salón,Efectivo,108.0,0
5021,2026-03-08,13:26,568,19,Salón,Tarjeta,108.0,0
5022,2026-03-08,14:03,237,3,Delivery propio,Efectivo,160.0,0
5023,2026-03-08,13:45,965,5,Salón,Efectivo,160.0,0
5024,2026-03-08,13:58,5269,7,Salón,Tarjeta,44.0,0
5025,2026-03-08,11:57,4730,19,Para llevar,Plin,104.0,0
5026,2026-03-08,12:07,5224,24,Salón,Yape,64.0,0
5027,2026-03-08,19:46,496,20,Salón,Efectivo,126.0,0
5028,2026-03-08,18:19,9999,24,Para llevar,Efectivo,74.0,0
5029,2026-03-08,14:13,367,24,Delivery propio,Tarjeta,265.0,0
5030,2026-03-08,11:00,9999,7,Salón,Tarjeta,188.0,0
5031,2026-03-08,12:31,286,20,Delivery propio,Efectivo,210.0,0
5032,2026-03-08,20:22,9999,17,Delivery propio,Efectivo,82.0,0
5033,2026-03-08,20:54,1427,17,Salón,Efectivo,204.0,0
5034,2026-03-08,20:38,3983,24,Para llevar,Efectivo,136.0,0
5035,2026-03-08,20:28,4150,17,Salón,Yape,56.0,0
5036,2026-03-08,14:59,4325,7,Salón,Yape,146.0,0
5037,2026-03-08,13:37,255,19,Para llevar,Plin,58.0,0
5038,2026-03-08,19:26,4427,20,Delivery propio,Plin,277.0,0
5040,2026-03-09,18:13,1680,3,Salón,Yape,132.0,0
5041,2026-03-09,20:07,2021,7,Para llevar,Tarjeta,86.0,0
5042,2026-03-09,15:59,3656,17,Delivery propio,Yape,168.0,0
5043,2026-03-09,11:19,1029,5,Salón,Tarjeta,77.0,0
5044,2026-03-09,13:46,1058,18,Salón,Yape,161.0,0
5045,2026-03-09,20:10,3181,17,Delivery propio,Yape,224.0,0
5046,2026-03-09,16:00,1658,2,Salón,Tarjeta,150.0,0
5047,2026-03-09,14:03,9999,7,Salón,Yape,60.0,0
5048,2026-03-09,17:06,9999,2,Salón,Yape,41.0,0
5049,2026-03-09,12:42,244,19,Delivery propio,Efectivo,170.0,0
5050,2026-03-09,11:23,805,22,Salón,Efectivo,74.0,0
5051,2026-03-09,14:29,4799,24,Para llevar,Efectivo,238.0,0
5052,2026-03-09,13:48,3030,18,Delivery propio,Tarjeta,96.0,0
5053,2026-03-09,12:01,2993,24,Para llevar,Tarjeta,82.0,0
5054,2026-03-09,12:58,3453,19,Delivery propio,Efectivo,202.0,0
5055,2026-03-09,19:32,4180,18,Salón,Yape,18.0,0
5056,2026-03-09,15:31,3108,18,Salón,Tarjeta,170.0,0
5057,2026-03-09,14:38,940,18,Salón,Tarjeta,100.0,0
5058,2026-03-09,11:51,4416,2,Salón,Tarjeta,375.0,0
5059,2026-03-09,20:34,2040,20,Salón,Efectivo,154.0,0
5060,2026-03-09,13:11,4,24,Salón,Yape,96.0,0
5061,2026-03-09,20:54,842,19,Salón,Efectivo,104.0,0
5062,2026-03-09,17:21,234,7,Salón,Efectivo,178.0,0
5063,2026-03-10,20:40,155,17,Salón,Tarjeta,158.0,0
5064,2026-03-10,15:12,3684,16,Salón,Efectivo,126.0,0
5065,2026-03-10,18:30,4024,19,Salón,Yape,172.0,0
5066,2026-03-10,16:40,478,20,Delivery propio,Efectivo,104.0,0
5067,2026-03-10,12:46,9999,18,Salón,Tarjeta,144.0,0
5068,2026-03-10,14:06,5072,18,Salón,Yape,218.0,0
5069,2026-03-10,18:09,4853,19,Salón,Efectivo,220.0,0
5070,2026-03-10,14:28,250,18,Salón,Plin,40.0,0
5071,2026-03-10,14:03,4205,2,Delivery propio,Yape,168.0,0
5072,2026-03-10,14:22,4011,17,Salón,Efectivo,194.0,0
5073,2026-03-10,15:59,2056,19,Salón,Tarjeta,35.0,0
5074,2026-03-10,11:18,1405,2,Salón,Efectivo,64.0,0
5075,2026-03-10,13:06,4107,22,Para llevar,Yape,68.0,0
5076,2026-03-10,18:19,5075,20,Para llevar,Tarjeta,206.0,0
5077,2026-03-10,19:52,3797,2,Delivery propio,Efectivo,84.0,0
5078,2026-03-10,17:19,39,7,Salón,Tarjeta,84.0,0
5079,2026-03-10,16:29,3611,7,Salón,Plin,214.0,0
5080,2026-03-10,14:37,2362,18,Salón,Efectivo,84.0,0
5081,2026-03-10,14:51,3864,20,Delivery propio,Yape,30.0,0
5082,2026-03-10,14:58,5321,24,Delivery propio,Yape,157.0,0
5083,2026-03-10,13:26,9999,7,Salón,Efectivo,97.0,0
5084,2026-03-10,18:22,9999,20,Delivery propio,Efectivo,86.0,0
5085,2026-03-10,19:27,2724,24,Para llevar,Yape,46.0,0
5086,2026-03-11,11:54,234,7,Delivery propio,Tarjeta,147.0,0
5087,2026-03-11,15:56,477,22,Delivery propio,Tarjeta,78.0,0
5088,2026-03-11,20:59,543,24,Salón,Efectivo,118.0,0
5089,2026-03-11,14:35,2432,2,Salón,Yape,249.0,0
5090,2026-03-11,20:28,3258,24,Salón,Yape,113.0,0
5091,2026-03-11,12:09,3053,2,Para llevar,Yape,156.0,0
5092,2026-03-11,13:52,5041,19,Salón,Efectivo,188.0,0
5093,2026-03-11,20:00,3873,18,Salón,Efectivo,74.0,0
5094,2026-03-11,20:09,5031,16,Salón,Yape,102.0,0
5095,2026-03-11,14:03,2863,20,Salón,Tarjeta,34.0,0
5096,2026-03-11,11:50,4715,22,Delivery propio,Yape,50.0,0
5097,2026-03-11,15:28,9999,22,Para llevar,Yape,24.0,0
5098,2026-03-11,20:45,2905,2,Delivery propio,Efectivo,45.0,0
5099,2026-03-11,16:31,946,3,Salón,Yape,166.0,0
5100,2026-03-11,14:52,4703,7,Delivery propio,Tarjeta,72.0,0
5101,2026-03-11,20:40,5420,7,Delivery propio,Efectivo,132.0,0
5102,2026-03-11,20:56,9999,7,Salón,Plin,100.0,0
5103,2026-03-11,13:35,4769,20,Salón,Tarjeta,36.0,0
5104,2026-03-11,17:31,3587,7,Delivery propio,Yape,171.0,0
5105,2026-03-11,20:08,9999,17,Salón,Yape,110.0,0
5106,2026-03-11,14:09,1628,7,Salón,Yape,75.0,0
5107,2026-03-11,12:48,4512,20,Salón,Yape,212.0,0
5108,2026-03-11,14:23,4371,24,Para llevar,Tarjeta,64.0,0
5109,2026-03-11,12:56,4706,22,Para llevar,Yape,202.0,0
5110,2026-03-11,14:58,2220,16,Para llevar,Plin,106.0,0
5111,2026-03-11,13:43,4637,16,Salón,Plin,98.0,0
5112,2026-03-11,18:03,4906,17,Salón,Tarjeta,116.0,0
5113,2026-03-12,14:47,3641,5,Para llevar,Tarjeta,100.0,0
5114,2026-03-12,15:57,4643,18,Salón,Efectivo,108.0,0
5115,2026-03-12,18:33,9999,18,Salón,Tarjeta,28.0,0
5116,2026-03-12,13:49,3545,24,Salón,Plin,105.0,0
5117,2026-03-12,21:39,5311,16,Salón,Yape,317.0,0
5118,2026-03-12,14:20,4159,22,Delivery propio,Yape,123.0,0
5119,2026-03-12,21:57,2252,16,Salón,Plin,177.0,0
5120,2026-03-12,19:36,3880,17,Delivery propio,Yape,125.0,0
5121,2026-03-12,13:33,2049,7,Salón,Efectivo,116.0,0
5122,2026-03-12,21:53,806,5,Salón,Tarjeta,98.0,0
5123,2026-03-12,20:46,4390,16,Salón,Efectivo,146.0,0
5124,2026-03-12,17:27,2716,3,Para llevar,Yape,114.0,0
5125,2026-03-12,15:40,4962,19,Salón,Yape,109.0,0
5126,2026-03-12,12:51,1792,7,Para llevar,Tarjeta,142.0,0
5127,2026-03-12,18:53,1838,16,Salón,Tarjeta,126.0,0
5128,2026-03-12,14:54,1839,16,Salón,Tarjeta,38.0,0
5129,2026-03-12,12:58,2763,16,Para llevar,Plin,149.0,0
5130,2026-03-12,15:33,4827,22,Salón,Efectivo,189.0,0
5131,2026-03-12,19:21,1033,3,Delivery propio,Plin,52.0,0
5132,2026-03-12,15:12,203,20,Salón,Plin,69.0,0
5133,2026-03-12,20:30,450,3,Para llevar,Tarjeta,130.0,0
5134,2026-03-12,20:10,9999,19,Salón,Tarjeta,104.0,0
5135,2026-03-12,14:23,4227,17,Para llevar,Plin,80.0,0
5136,2026-03-12,20:45,3757,24,Para llevar,Plin,18.0,0
5137,2026-03-12,16:38,766,16,Para llevar,Efectivo,134.0,0
5138,2026-03-12,18:09,5121,24,Salón,Yape,165.0,0
5139,2026-03-13,14:58,1582,3,Para llevar,Tarjeta,236.0,0
5140,2026-03-13,18:31,1058,3,Para llevar,Efectivo,60.0,0
5141,2026-03-13,13:15,4489,2,Delivery propio,Efectivo,96.0,0
5142,2026-03-13,14:37,46,22,Salón,Yape,172.0,0
5143,2026-03-13,21:58,4385,18,Salón,Yape,202.0,0
5144,2026-03-13,16:12,578,19,Salón,Efectivo,66.0,0
5145,2026-03-13,14:49,2870,19,Salón,Yape,72.0,0
5146,2026-03-13,15:47,9999,17,Delivery propio,Tarjeta,78.0,0
5147,2026-03-13,18:29,4435,20,Delivery propio,Efectivo,124.0,0
5148,2026-03-13,19:24,881,20,Delivery propio,Plin,124.0,0
5149,2026-03-13,20:32,2960,22,Delivery propio,Efectivo,128.0,0
5150,2026-03-13,14:56,4592,17,Salón,Tarjeta,101.0,0
5151,2026-03-13,15:37,2750,3,Salón,Yape,110.0,0
5152,2026-03-13,18:57,1410,22,Salón,Tarjeta,138.0,0
5153,2026-03-13,19:45,3286,16,Salón,Tarjeta,191.0,0
5154,2026-03-13,13:24,1749,22,Para llevar,Yape,114.0,0
5155,2026-03-13,18:00,4744,20,Salón,Efectivo,68.0,0
5156,2026-03-13,14:54,3146,3,Salón,Yape,176.0,0
5157,2026-03-13,14:44,2839,2,Para llevar,Tarjeta,104.0,0
5158,2026-03-13,15:13,4002,2,Salón,Tarjeta,114.0,0
5159,2026-03-13,20:59,9999,20,Salón,Tarjeta,52.0,0
5160,2026-03-13,19:51,578,24,Salón,Tarjeta,38.0,0
5161,2026-03-13,13:27,2900,5,Salón,Tarjeta,166.0,0
5162,2026-03-13,18:31,2709,18,Salón,Yape,84.0,0
5163,2026-03-13,19:37,1969,5,Salón,Yape,217.0,0
5164,2026-03-13,14:16,4195,3,Para llevar,Yape,46.0,0
5165,2026-03-13,13:52,2132,5,Salón,Plin,18.0,0
5166,2026-03-13,12:42,431,18,Salón,Efectivo,180.0,0
5167,2026-03-13,13:28,2764,17,Salón,Plin,96.0,0
5168,2026-03-13,18:50,3782,18,Salón,Yape,102.0,0
5169,2026-03-13,13:49,883,22,Salón,Yape,129.0,0
5170,2026-03-13,19:34,2924,2,Salón,Tarjeta,112.0,0
5171,2026-03-13,15:52,5162,22,Salón,Yape,74.0,0
5172,2026-03-13,15:54,2849,19,Delivery propio,Yape,218.0,0
5173,2026-03-13,18:14,2870,18,Salón,Yape,129.0,0
5174,2026-03-13,12:13,5275,5,Salón,Efectivo,99.0,0
5175,2026-03-13,15:18,1102,24,Salón,Yape,69.0,0
5176,2026-03-13,20:47,2591,19,Para llevar,Efectivo,76.0,0
5177,2026-03-14,14:05,1737,16,Salón,Efectivo,256.0,0
5178,2026-03-14,13:10,4801,16,Delivery propio,Efectivo,234.0,0
5179,2026-03-14,19:20,2824,19,Salón,Efectivo,254.0,0
5180,2026-03-14,19:01,9999,22,Salón,Plin,201.0,0
5181,2026-03-14,13:58,1349,22,Salón,Efectivo,108.0,0
5182,2026-03-14,11:51,9999,5,Salón,Efectivo,96.0,0
5183,2026-03-14,15:37,5000,7,Delivery propio,Efectivo,216.0,0
5184,2026-03-14,13:21,877,20,Salón,Tarjeta,71.0,0
5185,2026-03-14,13:24,3373,18,Salón,Yape,292.0,0
5186,2026-03-14,18:26,2940,18,Delivery propio,Efectivo,128.0,0
5187,2026-03-14,11:34,1515,2,Delivery propio,Yape,144.0,0
5188,2026-03-14,13:39,4392,18,Salón,Efectivo,81.0,0
5189,2026-03-14,17:43,3008,2,Delivery propio,Tarjeta,172.0,0
5190,2026-03-14,13:07,3485,17,Salón,Plin,34.0,0
5191,2026-03-14,14:25,533,24,Delivery propio,Yape,187.0,0
5192,2026-03-14,15:34,877,3,Salón,Yape,139.0,0
5193,2026-03-14,13:16,281,24,Delivery propio,Efectivo,56.0,0
5194,2026-03-14,19:14,3939,16,Delivery propio,Efectivo,112.0,0
5195,2026-03-14,19:29,3062,5,Delivery propio,Efectivo,47.0,0
5196,2026-03-14,20:16,1190,2,Salón,Tarjeta,136.0,0
5197,2026-03-14,16:07,9999,17,Delivery propio,Tarjeta,270.0,0
5198,2026-03-14,19:09,9999,22,Salón,Efectivo,114.0,0
5199,2026-03-14,19:46,546,17,Salón,Yape,323.0,0
5200,2026-03-14,19:44,3413,3,Salón,Efectivo,68.0,0
5201,2026-03-14,13:52,2299,24,Salón,Efectivo,62.0,0
5202,2026-03-14,19:17,4158,18,Salón,Yape,108.0,0
5203,2026-03-14,12:51,3842,5,Delivery propio,Efectivo,106.0,0
5204,2026-03-14,14:04,9999,5,Salón,Tarjeta,114.0,0
5205,2026-03-14,15:10,2223,22,Para llevar,Yape,100.0,0
5206,2026-03-14,12:22,2220,7,Delivery propio,Efectivo,38.0,0
5207,2026-03-14,21:31,498,18,Salón,Efectivo,96.0,0
5208,2026-03-14,18:41,5149,19,Delivery propio,Yape,46.0,0
5209,2026-03-14,18:37,1769,16,Para llevar,Tarjeta,54.0,0
5210,2026-03-14,19:17,9999,24,Salón,Efectivo,260.0,0
5211,2026-03-14,18:29,3434,16,Salón,Efectivo,199.0,0
5212,2026-03-14,18:04,1962,17,Delivery propio,Tarjeta,18.0,0
5213,2026-03-14,21:26,600,3,Salón,Tarjeta,174.0,0
5214,2026-03-14,17:35,1775,18,Salón,Efectivo,180.0,0
5215,2026-03-14,17:47,1347,16,Delivery propio,Efectivo,146.0,0
5216,2026-03-14,19:09,3796,5,Delivery propio,Yape,304.0,0
5217,2026-03-14,16:55,3149,20,Para llevar,Yape,70.0,0
5218,2026-03-14,19:16,182,18,Para llevar,Yape,154.0,0
5219,2026-03-14,12:10,3702,17,Delivery propio,Tarjeta,115.0,0
5220,2026-03-14,20:54,3037,24,Para llevar,Tarjeta,126.0,0
5221,2026-03-14,21:05,1234,3,Delivery propio,Efectivo,78.0,0
5222,2026-03-14,12:16,3132,5,Salón,Efectivo,88.0,0
5223,2026-03-14,14:06,3560,22,Salón,Efectivo,235.0,0
5224,2026-03-14,18:53,5256,7,Para llevar,Yape,107.0,0
5225,2026-03-14,12:54,500,3,Salón,Efectivo,68.0,0
5226,2026-03-14,19:23,3815,5,Salón,Efectivo,70.0,0
5227,2026-03-14,13:38,4141,19,Delivery propio,Yape,64.0,0
5228,2026-03-14,11:25,2586,20,Salón,Yape,142.0,0
5229,2026-03-15,14:57,2388,7,Salón,Yape,400.0,0
5230,2026-03-15,16:54,3462,20,Salón,Tarjeta,200.0,0
5231,2026-03-15,16:28,972,18,Salón,Tarjeta,122.0,0
5232,2026-03-15,16:56,5217,20,Para llevar,Plin,120.0,0
5233,2026-03-15,20:21,3278,17,Salón,Yape,146.0,0
5234,2026-03-15,19:52,9999,24,Salón,Yape,26.0,0
5235,2026-03-15,15:14,4916,18,Para llevar,Yape,188.0,0
5236,2026-03-15,19:09,3644,2,Para llevar,Yape,220.0,0
5237,2026-03-15,13:18,1328,18,Salón,Tarjeta,188.0,0
5238,2026-03-15,17:52,3518,22,Salón,Yape,220.0,0
5239,2026-03-15,12:30,3499,16,Para llevar,Efectivo,157.0,0
5240,2026-03-15,14:36,1571,19,Para llevar,Tarjeta,204.0,0
5241,2026-03-15,13:49,9999,17,Para llevar,Yape,75.0,0
5242,2026-03-15,18:53,3658,19,Salón,Efectivo,68.0,0
5243,2026-03-15,12:03,9999,22,Salón,Tarjeta,36.0,0
5244,2026-03-15,13:12,58,20,Delivery propio,Plin,105.0,0
5245,2026-03-15,18:40,9999,16,Salón,Efectivo,46.0,0
5246,2026-03-15,13:13,3202,3,Salón,Tarjeta,79.0,0
5247,2026-03-15,14:10,2152,17,Salón,Efectivo,236.0,0
5248,2026-03-15,16:00,1593,17,Para llevar,Yape,196.0,0
5249,2026-03-15,12:47,148,16,Salón,Yape,292.0,0
5250,2026-03-15,19:26,2239,19,Delivery propio,Tarjeta,74.0,0
5251,2026-03-15,15:23,2041,5,Salón,Yape,45.0,0
5252,2026-03-15,19:09,3952,7,Salón,Tarjeta,122.0,0
5253,2026-03-15,19:27,3038,17,Salón,Yape,75.0,0
5254,2026-03-15,19:58,973,24,Salón,Efectivo,124.0,0
5255,2026-03-15,12:39,9999,16,Para llevar,Efectivo,54.0,0
5256,2026-03-15,16:43,9999,24,Para llevar,Yape,192.0,0
5257,2026-03-15,13:44,4960,16,Salón,Efectivo,35.0,0
5258,2026-03-15,16:59,3506,24,Para llevar,Yape,113.0,0
5259,2026-03-15,20:03,3833,16,Delivery propio,Efectivo,50.0,0
5260,2026-03-15,15:45,1199,19,Salón,Yape,166.0,0
5261,2026-03-15,14:53,3451,20,Salón,Yape,105.0,0
5262,2026-03-15,11:36,4704,5,Salón,Tarjeta,158.0,0
5263,2026-03-15,13:28,1440,17,Salón,Yape,170.0,0
5264,2026-03-15,16:42,1830,3,Salón,Efectivo,92.0,0
5265,2026-03-15,12:16,3091,17,Para llevar,Efectivo,72.0,0
5266,2026-03-15,13:30,882,22,Delivery propio,Yape,62.0,0
5267,2026-03-15,20:03,5353,19,Delivery propio,Yape,71.0,0
5268,2026-03-15,18:48,3028,20,Delivery propio,Efectivo,246.0,0
5269,2026-03-15,14:24,5042,2,Salón,Efectivo,22.0,0
5270,2026-03-15,14:16,3289,20,Para llevar,Efectivo,300.0,0
5271,2026-03-15,20:43,2718,2,Salón,Efectivo,276.0,0
5272,2026-03-15,13:22,933,2,Salón,Plin,64.0,0
5273,2026-03-15,14:42,3851,7,Delivery propio,Plin,30.0,0
5274,2026-03-15,13:31,964,17,Delivery propio,Tarjeta,82.0,0
5275,2026-03-15,11:56,2596,24,Salón,Tarjeta,82.0,0
5276,2026-03-15,14:54,2477,7,Salón,Plin,54.0,0
5277,2026-03-15,12:34,3221,3,Delivery propio,Tarjeta,60.0,0
5278,2026-03-15,14:47,2035,2,Salón,Efectivo,174.0,0
5279,2026-03-15,21:19,2262,20,Para llevar,Efectivo,104.0,0
5280,2026-03-15,19:49,3856,2,Salón,Tarjeta,216.0,0
5281,2026-03-15,14:07,3819,2,Salón,Yape,77.0,0
5282,2026-03-15,12:16,2636,2,Salón,Efectivo,72.0,0
5283,2026-03-15,13:49,1716,22,Delivery propio,Yape,52.0,0
5284,2026-03-15,14:51,2237,5,Delivery propio,Yape,148.0,0
5285,2026-03-15,13:59,877,17,Salón,Tarjeta,118.0,0
5286,2026-03-15,11:38,2835,5,Delivery propio,Tarjeta,56.0,0
5287,2026-03-15,14:20,1391,2,Salón,Efectivo,56.0,0
5288,2026-03-15,11:21,910,19,Salón,Efectivo,132.0,0
5289,2026-03-15,18:51,258,16,Delivery propio,Efectivo,112.0,0
5290,2026-03-15,13:33,5471,19,Delivery propio,Efectivo,52.0,0
5291,2026-03-16,15:44,652,24,Para llevar,Efectivo,38.0,0
5292,2026-03-16,19:00,1398,7,Salón,Efectivo,280.0,0
5293,2026-03-16,18:30,1014,22,Delivery propio,Tarjeta,136.0,0
5294,2026-03-16,13:48,4935,17,Delivery propio,Yape,92.0,0
5295,2026-03-16,13:22,1030,5,Delivery propio,Tarjeta,94.0,0
5296,2026-03-16,14:39,4973,22,Para llevar,Efectivo,68.0,0
5297,2026-03-16,18:05,2326,18,Salón,Efectivo,64.0,0
5298,2026-03-16,12:04,9999,16,Salón,Tarjeta,100.0,0
5299,2026-03-16,14:12,2600,5,Salón,Yape,190.0,0
5300,2026-03-16,14:19,78,24,Salón,Plin,155.0,0
5301,2026-03-16,19:45,9999,17,Salón,Efectivo,89.0,0
5302,2026-03-16,19:05,5365,24,Salón,Efectivo,45.0,0
5303,2026-03-16,16:04,2211,16,Salón,Efectivo,126.0,0
5304,2026-03-16,18:47,1760,17,Delivery propio,Tarjeta,190.0,0
5305,2026-03-16,12:13,9999,18,Salón,Plin,61.0,0
5306,2026-03-16,12:25,5485,2,Salón,Efectivo,212.0,0
5307,2026-03-16,19:52,9999,7,Salón,Efectivo,170.0,0
5308,2026-03-17,11:46,2300,19,Salón,Efectivo,36.0,0
5309,2026-03-17,12:37,3816,3,Salón,Tarjeta,92.0,0
5310,2026-03-17,16:23,880,7,Salón,Tarjeta,26.0,0
5311,2026-03-17,13:57,2849,24,Delivery propio,Efectivo,184.0,0
5312,2026-03-17,15:47,4018,17,Salón,Yape,179.0,0
5313,2026-03-17,14:42,926,2,Salón,Yape,92.0,0
5314,2026-03-17,12:46,667,16,Salón,Efectivo,48.0,0
5315,2026-03-17,19:24,9999,24,Delivery propio,Plin,166.0,0
5316,2026-03-17,13:49,2998,5,Delivery propio,Efectivo,197.0,0
5317,2026-03-17,13:39,3803,3,Delivery propio,Efectivo,74.0,0
5318,2026-03-17,20:44,2744,18,Salón,Plin,77.0,0
5319,2026-03-17,20:32,1577,22,Salón,Efectivo,56.0,0
5320,2026-03-17,16:28,4204,17,Para llevar,Efectivo,124.0,0
5321,2026-03-17,19:01,299,19,Salón,Plin,286.0,0
5322,2026-03-17,13:00,2073,7,Salón,Yape,80.0,0
5323,2026-03-17,12:26,4639,5,Delivery propio,Efectivo,150.0,0
5324,2026-03-17,18:18,3577,17,Para llevar,Tarjeta,91.0,0
5325,2026-03-17,19:52,3934,20,Salón,Efectivo,218.0,0
5326,2026-03-17,11:26,2533,3,Delivery propio,Efectivo,110.0,0
5327,2026-03-17,20:52,547,2,Para llevar,Efectivo,112.0,0
5328,2026-03-17,12:22,834,17,Para llevar,Yape,42.0,0
5329,2026-03-17,11:39,9999,20,Salón,Yape,235.0,0
5330,2026-03-17,13:16,612,17,Para llevar,Efectivo,94.0,0
5331,2026-03-17,14:12,2067,16,Delivery propio,Efectivo,217.0,0
5332,2026-03-18,15:23,1365,24,Salón,Yape,70.0,0
5333,2026-03-18,15:46,2154,7,Delivery propio,Tarjeta,60.0,0
5334,2026-03-18,19:33,4358,18,Para llevar,Efectivo,172.0,0
5335,2026-03-18,14:00,2141,24,Salón,Yape,40.0,0
5336,2026-03-18,14:58,9999,3,Salón,Efectivo,70.0,0
5337,2026-03-18,13:27,453,24,Para llevar,Efectivo,168.0,0
5338,2026-03-18,20:32,3898,3,Para llevar,Plin,54.0,0
5339,2026-03-18,13:36,4772,2,Salón,Efectivo,28.0,0
5340,2026-03-18,13:39,1818,2,Salón,Yape,106.0,0
5341,2026-03-18,15:21,1265,19,Salón,Plin,98.0,0
5342,2026-03-18,13:02,3552,24,Salón,Yape,134.0,0
5343,2026-03-18,13:39,41,7,Salón,Efectivo,133.0,0
5344,2026-03-18,14:45,2211,16,Salón,Efectivo,142.0,0
5345,2026-03-18,12:05,1979,19,Salón,Efectivo,101.0,0
5346,2026-03-18,13:31,3615,19,Delivery propio,Plin,36.0,0
5347,2026-03-18,14:50,2102,2,Salón,Tarjeta,110.0,0
5348,2026-03-18,20:06,3012,19,Salón,Efectivo,54.0,0
5349,2026-03-18,14:18,103,3,Salón,Efectivo,133.0,0
5350,2026-03-18,11:07,4789,7,Salón,Tarjeta,218.0,0
5351,2026-03-18,20:44,3686,18,Para llevar,Tarjeta,50.0,0
5352,2026-03-18,14:04,762,3,Salón,Yape,54.0,0
5353,2026-03-18,14:35,2576,16,Delivery propio,Efectivo,155.0,0
5354,2026-03-18,14:47,1353,17,Salón,Plin,152.0,0
5355,2026-03-18,12:06,4585,20,Salón,Tarjeta,132.0,0
5356,2026-03-18,18:47,5110,7,Para llevar,Plin,166.0,0
5357,2026-03-18,14:15,9999,22,Salón,Efectivo,170.0,0
5358,2026-03-18,12:01,1171,20,Para llevar,Tarjeta,30.0,0
5359,2026-03-18,15:02,73,2,Salón,Plin,38.0,0
5360,2026-03-18,13:35,4537,19,Delivery propio,Efectivo,188.0,0
5361,2026-03-18,13:31,9999,22,Para llevar,Plin,48.0,0
5362,2026-03-19,19:25,3292,22,Delivery propio,Efectivo,66.0,0
5363,2026-03-19,13:07,4186,2,Salón,Efectivo,201.0,0
5364,2026-03-19,15:59,385,5,Salón,Yape,86.0,0
5365,2026-03-19,14:12,2075,2,Salón,Yape,70.0,0
5366,2026-03-19,14:52,4336,2,Salón,Yape,111.0,0
5367,2026-03-19,20:12,3628,22,Salón,Tarjeta,110.0,0
5368,2026-03-19,13:39,877,2,Para llevar,Yape,45.0,0
5369,2026-03-19,19:48,20,22,Salón,Efectivo,100.0,0
5370,2026-03-19,16:45,4973,16,Salón,Yape,12.0,0
5371,2026-03-19,11:21,319,24,Salón,Yape,68.0,0
5372,2026-03-19,18:04,5208,2,Salón,Tarjeta,167.0,0
5373,2026-03-19,13:16,1251,18,Delivery propio,Tarjeta,298.0,0
5374,2026-03-19,12:38,2936,2,Para llevar,Efectivo,40.0,0
5375,2026-03-19,14:41,1647,5,Delivery propio,Efectivo,104.0,0
5376,2026-03-19,16:09,681,3,Salón,Yape,20.0,0
5377,2026-03-19,17:01,2288,7,Para llevar,Yape,209.0,0
5378,2026-03-19,21:01,4644,18,Salón,Efectivo,60.0,0
5379,2026-03-19,19:05,5271,22,Delivery propio,Efectivo,156.0,0
5380,2026-03-19,21:11,1542,18,Delivery propio,Yape,63.0,0
5381,2026-03-19,20:26,679,24,Delivery propio,Tarjeta,43.0,0
5382,2026-03-19,18:10,129,19,Delivery propio,Efectivo,130.0,0
5383,2026-03-19,20:33,4657,22,Salón,Plin,226.0,0
5384,2026-03-19,15:25,2174,24,Delivery propio,Efectivo,48.0,0
5385,2026-03-19,12:07,4539,22,Para llevar,Plin,56.0,0
5386,2026-03-19,19:20,1755,17,Para llevar,Tarjeta,130.0,0
5387,2026-03-19,13:56,2951,7,Salón,Yape,149.0,0
5388,2026-03-19,20:14,241,2,Salón,Yape,180.0,0
5389,2026-03-19,18:22,2230,20,Salón,Plin,115.0,0
5390,2026-03-19,17:22,3953,17,Salón,Efectivo,210.0,0
5391,2026-03-19,13:28,9999,3,Salón,Tarjeta,350.0,0
5392,2026-03-19,19:22,4537,7,Salón,Plin,64.0,0
5393,2026-03-19,20:57,9999,3,Salón,Tarjeta,146.0,0
5394,2026-03-20,19:44,4205,17,Salón,Efectivo,108.0,0
5395,2026-03-20,11:34,190,19,Salón,Yape,127.0,0
5396,2026-03-20,20:16,2220,2,Para llevar,Tarjeta,80.0,0
5397,2026-03-20,14:31,3972,7,Salón,Efectivo,58.0,0
5398,2026-03-20,21:06,2614,16,Salón,Plin,211.0,0
5399,2026-03-20,19:49,287,3,Salón,Yape,84.0,0
5400,2026-03-20,13:12,4497,24,Salón,Efectivo,342.0,0
5401,2026-03-20,18:14,2738,16,Salón,Efectivo,290.0,0
5402,2026-03-20,19:18,4756,16,Salón,Tarjeta,62.0,0
5403,2026-03-20,11:30,4452,22,Salón,Yape,86.0,0
5404,2026-03-20,15:29,4354,2,Salón,Efectivo,221.0,0
5405,2026-03-20,18:37,1723,19,Delivery propio,Efectivo,86.0,0
5406,2026-03-20,16:24,2626,17,Salón,Yape,56.0,0
5407,2026-03-20,18:15,1477,2,Para llevar,Tarjeta,94.0,0
5408,2026-03-20,13:43,9999,5,Delivery propio,Tarjeta,48.0,0
5409,2026-03-20,14:56,87,22,Salón,Efectivo,77.0,0
5410,2026-03-20,15:43,2808,19,Para llevar,Tarjeta,52.0,0
5411,2026-03-20,11:29,431,7,Salón,Yape,307.0,0
5412,2026-03-20,13:31,927,20,Salón,Efectivo,124.0,0
5413,2026-03-20,16:18,3687,19,Salón,Efectivo,98.0,0
5414,2026-03-20,19:37,4333,22,Salón,Efectivo,184.0,0
5415,2026-03-20,18:49,1954,5,Salón,Yape,231.0,0
5416,2026-03-20,18:46,4038,16,Para llevar,Efectivo,120.0,0
5417,2026-03-20,14:29,4281,22,Salón,Efectivo,138.0,0
5418,2026-03-20,21:50,1706,18,Delivery propio,Yape,102.0,0
5419,2026-03-20,20:27,719,24,Delivery propio,Efectivo,166.0,0
5420,2026-03-20,15:31,260,24,Salón,Efectivo,244.0,0
5421,2026-03-20,14:47,1970,19,Para llevar,Yape,287.0,0
5422,2026-03-20,19:00,1991,18,Delivery propio,Efectivo,114.0,0
5423,2026-03-20,18:28,4103,22,Para llevar,Yape,392.0,0
5424,2026-03-20,18:18,1433,17,Salón,Tarjeta,96.0,0
5425,2026-03-20,19:23,3303,16,Salón,Efectivo,198.0,0
5426,2026-03-20,15:41,1209,20,Salón,Tarjeta,58.0,0
5427,2026-03-20,14:45,5374,19,Para llevar,Efectivo,144.0,0
5428,2026-03-20,12:51,4275,24,Salón,Efectivo,268.0,0
5429,2026-03-20,15:14,5250,7,Salón,Tarjeta,126.0,0
5430,2026-03-20,12:52,5066,5,Salón,Yape,162.0,0
5431,2026-03-21,17:36,2052,16,Salón,Yape,72.0,0
5432,2026-03-21,14:36,397,2,Salón,Tarjeta,82.0,0
5433,2026-03-21,17:30,5444,19,Delivery propio,Tarjeta,335.0,0
5434,2026-03-21,13:53,372,16,Salón,Yape,306.0,0
5435,2026-03-21,14:22,511,22,Salón,Yape,70.0,0
5436,2026-03-21,12:39,1720,5,Salón,Tarjeta,263.0,0
5437,2026-03-21,17:43,1702,24,Salón,Yape,50.0,0
5438,2026-03-21,12:21,1229,5,Para llevar,Yape,134.0,0
5439,2026-03-21,19:18,468,2,Delivery propio,Efectivo,135.0,0
5440,2026-03-21,13:29,2720,5,Salón,Efectivo,60.0,0
5441,2026-03-21,20:46,3929,24,Para llevar,Yape,28.0,0
5442,2026-03-21,16:53,1987,16,Salón,Yape,272.0,0
5443,2026-03-21,20:08,5337,16,Para llevar,Plin,56.0,0
5444,2026-03-21,13:19,502,20,Delivery propio,Efectivo,84.0,0
5445,2026-03-21,19:31,2065,5,Salón,Yape,208.0,0
5446,2026-03-21,19:57,9999,3,Para llevar,Efectivo,105.0,0
5447,2026-03-21,18:43,670,22,Salón,Efectivo,121.0,0
5448,2026-03-21,20:01,594,2,Salón,Yape,172.0,0
5449,2026-03-21,18:18,4186,7,Salón,Yape,136.0,0
5450,2026-03-21,13:31,3737,20,Delivery propio,Tarjeta,181.0,0
5451,2026-03-21,18:06,3632,19,Salón,Yape,90.0,0
5452,2026-03-21,14:18,877,3,Salón,Yape,44.0,0
5453,2026-03-21,14:12,3705,5,Salón,Efectivo,98.0,0
5454,2026-03-21,16:07,4367,16,Salón,Tarjeta,201.0,0
5455,2026-03-21,20:59,9999,24,Salón,Tarjeta,112.0,0
5456,2026-03-21,13:53,3724,18,Salón,Efectivo,161.0,0
5457,2026-03-21,16:00,2368,19,Salón,Efectivo,24.0,0
5458,2026-03-21,11:11,9999,5,Salón,Tarjeta,256.0,0
5459,2026-03-21,15:19,2139,16,Salón,Efectivo,84.0,0
5460,2026-03-21,19:37,3196,24,Salón,Yape,140.0,0
5461,2026-03-21,14:45,2962,24,Para llevar,Tarjeta,45.0,0
5462,2026-03-21,18:11,493,7,Salón,Yape,100.0,0
5463,2026-03-21,18:54,3671,20,Salón,Yape,146.0,0
5464,2026-03-21,15:03,3479,2,Salón,Tarjeta,182.0,0
5465,2026-03-21,19:10,9999,7,Para llevar,Efectivo,101.0,0
5466,2026-03-21,13:38,1539,18,Salón,Tarjeta,206.0,0
5467,2026-03-21,20:13,2008,18,Salón,Yape,178.0,0
5468,2026-03-21,19:02,5264,5,Salón,Tarjeta,106.0,0
5469,2026-03-21,19:32,2713,2,Salón,Yape,143.0,0
5470,2026-03-21,19:16,728,7,Delivery propio,Tarjeta,272.0,0
5471,2026-03-21,15:52,926,3,Salón,Efectivo,88.0,0
5472,2026-03-21,13:39,2229,7,Para llevar,Efectivo,178.0,0
5473,2026-03-21,18:19,9999,22,Salón,Tarjeta,258.0,0
5474,2026-03-21,19:18,546,3,Salón,Plin,182.0,0
5475,2026-03-21,21:43,1415,24,Salón,Tarjeta,56.0,0
5476,2026-03-21,11:28,1654,16,Delivery propio,Yape,232.0,0
5477,2026-03-21,14:46,2743,3,Salón,Efectivo,109.0,0
5478,2026-03-22,13:15,1583,20,Para llevar,Tarjeta,90.0,0
5479,2026-03-22,11:40,4479,2,Salón,Tarjeta,36.0,0
5480,2026-03-22,20:07,9999,24,Salón,Efectivo,86.0,0
5481,2026-03-22,12:53,8,19,Delivery propio,Yape,18.0,0
5482,2026-03-22,15:04,4220,18,Salón,Efectivo,24.0,0
5483,2026-03-22,19:15,3627,16,Salón,Tarjeta,131.0,0
5484,2026-03-22,11:18,3757,18,Para llevar,Yape,106.0,0
5485,2026-03-22,14:36,3585,20,Delivery propio,Efectivo,36.0,0
5486,2026-03-22,12:53,2868,16,Salón,Efectivo,54.0,0
5487,2026-03-22,13:18,4061,17,Delivery propio,Efectivo,102.0,0
5488,2026-03-22,15:13,3186,5,Delivery propio,Plin,116.0,0
5489,2026-03-22,14:55,2633,3,Salón,Tarjeta,88.0,0
5490,2026-03-22,13:59,536,20,Para llevar,Efectivo,136.0,0
5491,2026-03-22,11:38,1201,3,Salón,Efectivo,38.0,0
5492,2026-03-22,17:46,5337,17,Salón,Plin,46.0,0
5493,2026-03-22,14:43,4568,20,Salón,Yape,57.0,0
5494,2026-03-22,17:32,9999,24,Salón,Efectivo,70.0,0
5495,2026-03-22,14:18,3521,17,Para llevar,Yape,88.0,0
5496,2026-03-22,14:48,5367,7,Salón,Efectivo,162.0,0
5497,2026-03-22,16:25,3096,16,Para llevar,Yape,84.0,0
5498,2026-03-22,17:42,5286,20,Salón,Yape,256.0,0
5499,2026-03-22,18:12,3593,20,Salón,Efectivo,52.0,0
5500,2026-03-22,20:23,951,16,Salón,Efectivo,38.0,0
5501,2026-03-22,17:34,3082,17,Para llevar,Yape,104.0,0
5502,2026-03-22,18:02,3303,17,Salón,Yape,167.0,0
5503,2026-03-22,14:37,9999,18,Salón,Yape,86.0,0
5504,2026-03-22,20:13,3495,16,Salón,Tarjeta,147.0,0
5505,2026-03-22,15:21,1613,18,Delivery propio,Tarjeta,76.0,0
5506,2026-03-22,17:37,2017,24,Salón,Tarjeta,314.0,0
5507,2026-03-22,11:29,1958,7,Para llevar,Efectivo,126.0,0
5508,2026-03-22,18:25,528,20,Salón,Yape,144.0,0
5509,2026-03-22,17:39,2265,7,Delivery propio,Tarjeta,108.0,0
5510,2026-03-22,18:44,27,7,Para llevar,Tarjeta,288.0,0
5511,2026-03-22,12:23,2052,17,Para llevar,Efectivo,101.0,0
5512,2026-03-22,14:57,472,18,Salón,Efectivo,102.0,0
5513,2026-03-22,14:45,9999,3,Para llevar,Yape,69.0,0
5514,2026-03-22,14:23,2749,7,Salón,Efectivo,122.0,0
5515,2026-03-22,13:28,4312,24,Delivery propio,Tarjeta,74.0,0
5516,2026-03-22,17:53,2065,20,Salón,Tarjeta,114.0,0
5517,2026-03-22,15:25,2629,24,Para llevar,Tarjeta,82.0,0
5518,2026-03-22,14:48,5004,24,Salón,Yape,98.0,0
5519,2026-03-22,20:16,98,20,Salón,Efectivo,173.0,0
5520,2026-03-22,13:25,1099,16,Salón,Plin,194.0,0
5521,2026-03-22,21:54,856,7,Delivery propio,Tarjeta,94.0,0
5522,2026-03-22,14:17,2749,5,Para llevar,Tarjeta,254.0,0
5523,2026-03-22,14:56,2989,24,Para llevar,Tarjeta,135.0,0
5524,2026-03-22,13:57,2185,16,Para llevar,Yape,180.0,0
5525,2026-03-22,15:51,5261,18,Salón,Tarjeta,116.0,0
5526,2026-03-22,21:46,2283,20,Salón,Tarjeta,90.0,0
5527,2026-03-22,14:42,9999,24,Salón,Tarjeta,90.0,0
5528,2026-03-22,12:14,402,7,Salón,Efectivo,176.0,0
5529,2026-03-22,13:24,429,7,Salón,Tarjeta,152.0,0
5530,2026-03-22,19:29,2643,19,Delivery propio,Efectivo,129.0,0
5531,2026-03-22,11:05,4991,20,Salón,Efectivo,104.0,0
5532,2026-03-22,14:34,196,16,Delivery propio,Tarjeta,63.0,0
5533,2026-03-22,11:38,2051,5,Delivery propio,Yape,44.0,0
5534,2026-03-22,20:23,5496,16,Salón,Tarjeta,98.0,0
5535,2026-03-22,20:58,4154,22,Salón,Tarjeta,86.0,0
5536,2026-03-22,13:27,1604,3,Salón,Yape,154.0,0
5537,2026-03-22,20:03,3361,3,Salón,Efectivo,34.0,0
5538,2026-03-22,12:16,1673,3,Para llevar,Yape,134.0,0
5539,2026-03-22,14:19,5110,17,Para llevar,Efectivo,283.0,0
5540,2026-03-23,18:53,587,16,Salón,Yape,256.0,0
5541,2026-03-23,14:14,2255,17,Salón,Efectivo,158.0,0
5542,2026-03-23,15:36,4961,5,Salón,Tarjeta,124.0,0
5543,2026-03-23,13:34,2850,18,Delivery propio,Efectivo,68.0,0
5544,2026-03-23,12:11,4472,7,Salón,Efectivo,149.0,0
5545,2026-03-23,14:32,4300,3,Delivery propio,Efectivo,74.0,0
5546,2026-03-23,14:35,9999,17,Para llevar,Efectivo,214.0,0
5547,2026-03-23,15:31,3303,3,Para llevar,Tarjeta,138.0,0
5548,2026-03-23,19:30,1104,5,Salón,Efectivo,60.0,0
5549,2026-03-23,13:23,3328,2,Para llevar,Efectivo,142.0,0
5550,2026-03-23,13:14,3461,3,Para llevar,Yape,202.0,0
5551,2026-03-23,12:34,3641,2,Para llevar,Efectivo,67.0,0
5552,2026-03-23,15:48,556,20,Salón,Yape,42.0,0
5553,2026-03-23,15:25,5308,18,Salón,Tarjeta,96.0,0
5554,2026-03-23,20:00,4710,22,Salón,Yape,72.0,0
5555,2026-03-23,12:05,1972,19,Delivery propio,Efectivo,88.0,0
5556,2026-03-23,14:45,1800,16,Salón,Tarjeta,114.0,0
5557,2026-03-23,13:57,3099,24,Salón,Efectivo,155.0,0
5558,2026-03-23,18:40,421,2,Delivery propio,Tarjeta,80.0,0
5559,2026-03-23,18:22,1125,19,Salón,Yape,144.0,0
5560,2026-03-23,18:29,828,3,Salón,Efectivo,10.0,0
5561,2026-03-24,12:33,5110,24,Salón,Plin,142.0,0
5562,2026-03-24,11:36,194,5,Salón,Efectivo,56.0,0
5563,2026-03-24,12:25,732,19,Delivery propio,Yape,56.0,0
5564,2026-03-24,13:18,9999,22,Salón,Efectivo,96.0,0
5565,2026-03-24,12:34,2714,17,Delivery propio,Efectivo,303.0,0
5566,2026-03-24,20:12,1011,17,Delivery propio,Tarjeta,126.0,0
5567,2026-03-24,14:05,1498,19,Delivery propio,Yape,112.0,0
5568,2026-03-24,21:06,2668,7,Salón,Yape,58.0,0
5569,2026-03-24,19:05,1612,24,Salón,Efectivo,158.0,0
5570,2026-03-24,12:12,80,7,Salón,Yape,194.0,0
5571,2026-03-24,21:41,2509,16,Salón,Efectivo,162.0,0
5572,2026-03-24,12:37,761,17,Para llevar,Efectivo,63.0,0
5573,2026-03-24,19:28,3267,22,Salón,Plin,232.0,0
5574,2026-03-24,13:20,3641,22,Salón,Plin,114.0,0
5575,2026-03-24,12:24,4756,7,Para llevar,Efectivo,17.0,0
5576,2026-03-24,11:50,1405,3,Salón,Yape,61.0,0
5577,2026-03-24,15:26,1245,3,Salón,Efectivo,38.0,0
5578,2026-03-24,19:48,2461,20,Delivery propio,Efectivo,76.0,0
5579,2026-03-24,15:56,2651,18,Delivery propio,Yape,176.0,0
5580,2026-03-24,18:25,3550,5,Salón,Efectivo,102.0,0
5581,2026-03-24,14:38,2915,24,Salón,Efectivo,158.0,0
5582,2026-03-24,15:11,1089,2,Salón,Tarjeta,36.0,0
5583,2026-03-24,15:47,1257,19,Salón,Efectivo,60.0,0
5584,2026-03-24,12:23,3981,24,Delivery propio,Yape,67.0,0
5585,2026-03-24,19:15,1175,22,Delivery propio,Efectivo,204.0,0
5586,2026-03-24,18:08,4875,24,Salón,Yape,26.0,0
5587,2026-03-25,13:25,3100,3,Para llevar,Yape,132.0,0
5588,2026-03-25,13:31,1747,3,Salón,Yape,199.0,0
5589,2026-03-25,14:41,4509,19,Salón,Yape,246.0,0
5590,2026-03-25,15:56,902,18,Delivery propio,Efectivo,52.0,0
5591,2026-03-25,16:15,2098,3,Salón,Efectivo,70.0,0
5592,2026-03-25,18:50,5003,2,Salón,Plin,40.0,0
5593,2026-03-25,14:46,2868,7,Salón,Yape,106.0,0
5594,2026-03-25,18:22,9999,7,Salón,Tarjeta,94.0,0
5595,2026-03-25,20:04,9999,3,Salón,Plin,114.0,0
5596,2026-03-25,16:58,3641,24,Salón,Efectivo,66.0,0
5597,2026-03-25,14:55,3890,7,Delivery propio,Efectivo,199.0,0
5598,2026-03-25,14:11,2265,19,Salón,Plin,22.0,0
5599,2026-03-25,15:04,1730,2,Salón,Efectivo,150.0,0
5600,2026-03-25,14:19,116,17,Salón,Efectivo,234.0,0
5601,2026-03-25,20:32,3926,3,Delivery propio,Tarjeta,68.0,0
5602,2026-03-25,17:03,9999,5,Salón,Efectivo,201.0,0
5603,2026-03-25,14:49,9999,2,Salón,Plin,52.0,0
5604,2026-03-25,13:20,607,18,Delivery propio,Efectivo,38.0,0
5605,2026-03-25,14:17,9999,3,Para llevar,Yape,163.0,0
5606,2026-03-25,15:24,3210,16,Salón,Plin,14.0,0
5607,2026-03-25,13:41,1508,20,Para llevar,Plin,60.0,0
5608,2026-03-25,15:21,522,22,Salón,Efectivo,270.0,0
5609,2026-03-25,12:15,877,16,Para llevar,Tarjeta,119.0,0
5610,2026-03-25,12:30,9999,7,Salón,Yape,126.0,0
5611,2026-03-25,14:50,205,18,Salón,Yape,285.0,0
5612,2026-03-26,14:23,2026,16,Para llevar,Efectivo,108.0,0
5613,2026-03-26,14:40,4141,2,Delivery propio,Yape,84.0,0
5614,2026-03-26,14:22,129,3,Salón,Efectivo,134.0,0
5615,2026-03-26,11:36,1770,3,Delivery propio,Yape,174.0,0
5616,2026-03-26,15:34,9999,18,Delivery propio,Yape,90.0,0
5617,2026-03-26,19:42,3372,22,Para llevar,Tarjeta,198.0,0
5618,2026-03-26,12:59,2006,22,Salón,Plin,272.0,0
5619,2026-03-26,19:22,2314,17,Salón,Tarjeta,48.0,0
5620,2026-03-26,12:16,1015,16,Para llevar,Tarjeta,183.0,0
5621,2026-03-26,15:31,1746,2,Para llevar,Tarjeta,142.0,0
5622,2026-03-26,19:55,980,7,Salón,Efectivo,261.0,0
5623,2026-03-26,18:46,5168,7,Para llevar,Efectivo,62.0,0
5624,2026-03-26,13:14,2225,19,Salón,Yape,169.0,0
5625,2026-03-26,12:07,9999,17,Salón,Yape,126.0,0
5626,2026-03-26,13:03,659,22,Salón,Yape,34.0,0
5627,2026-03-26,14:37,3695,16,Para llevar,Efectivo,60.0,0
5628,2026-03-26,12:16,4432,2,Salón,Yape,180.0,0
5629,2026-03-26,12:22,5244,16,Salón,Plin,189.0,0
5630,2026-03-26,13:53,2435,3,Salón,Efectivo,94.0,0
5631,2026-03-26,13:57,2239,22,Salón,Tarjeta,72.0,0
5632,2026-03-26,20:47,4391,16,Salón,Tarjeta,100.0,0
5633,2026-03-26,17:09,9999,24,Para llevar,Tarjeta,274.0,0
5634,2026-03-26,19:15,2530,24,Salón,Yape,112.0,0
5635,2026-03-26,14:53,4559,24,Salón,Efectivo,98.0,0
5636,2026-03-26,12:57,3491,16,Salón,Yape,112.0,0
5637,2026-03-26,15:29,4898,3,Salón,Yape,42.0,0
5638,2026-03-26,19:13,3974,3,Delivery propio,Efectivo,24.0,0
5639,2026-03-26,20:39,4592,19,Salón,Tarjeta,90.0,0
5640,2026-03-26,18:08,179,20,Para llevar,Tarjeta,158.0,0
5641,2026-03-27,16:34,4479,19,Salón,Tarjeta,28.0,0
5642,2026-03-27,14:11,3783,20,Para llevar,Yape,159.0,0
5643,2026-03-27,13:54,611,16,Salón,Efectivo,64.0,0
5644,2026-03-27,16:38,2829,19,Delivery propio,Efectivo,193.0,0
5645,2026-03-27,18:26,9999,18,Salón,Efectivo,101.0,0
5646,2026-03-27,20:12,4269,7,Salón,Efectivo,184.0,0
5647,2026-03-27,19:55,1542,7,Para llevar,Plin,84.0,0
5648,2026-03-27,14:48,1007,24,Delivery propio,Yape,52.0,0
5649,2026-03-27,14:44,988,18,Salón,Plin,144.0,0
5650,2026-03-27,19:41,4135,19,Para llevar,Plin,110.0,0
5651,2026-03-27,16:30,2717,19,Salón,Yape,68.0,0
5652,2026-03-27,14:48,2035,2,Salón,Yape,144.0,0
5653,2026-03-27,13:46,780,19,Salón,Plin,296.0,0
5654,2026-03-27,11:03,1987,18,Salón,Tarjeta,119.0,0
5655,2026-03-27,13:39,4479,24,Salón,Tarjeta,139.0,0
5656,2026-03-27,14:26,9999,7,Delivery propio,Efectivo,154.0,0
5657,2026-03-27,11:16,4542,17,Salón,Tarjeta,116.0,0
5658,2026-03-27,13:08,9999,20,Salón,Tarjeta,44.0,0
5659,2026-03-27,14:16,2990,3,Salón,Tarjeta,84.0,0
5660,2026-03-27,20:21,2857,18,Delivery propio,Efectivo,183.0,0
5661,2026-03-27,14:35,4641,20,Salón,Yape,102.0,0
5662,2026-03-27,20:10,1129,3,Delivery propio,Plin,218.0,0
5663,2026-09-28,13:47,9999,5,Salón,Tarjeta,76.0,1
5664,2026-03-27,14:33,4392,17,Salón,Yape,126.0,0
5665,2026-03-27,20:58,1896,7,Salón,Yape,120.0,0
5666,2026-03-27,21:24,5045,3,Salón,Efectivo,99.0,0
5667,2026-03-27,14:10,9999,7,Delivery propio,Tarjeta,28.0,0
5668,2026-03-27,12:37,5278,17,Delivery propio,Yape,274.0,0
5669,2026-03-27,18:39,1539,19,Salón,Efectivo,82.0,0
5670,2026-03-27,15:50,9999,16,Salón,Efectivo,66.0,0
5671,2026-03-27,12:54,9999,2,Delivery propio,Yape,66.0,0
5672,2026-03-27,13:27,2539,5,Delivery propio,Efectivo,238.0,0
5673,2026-03-27,19:06,918,24,Salón,Efectivo,212.0,0
5674,2026-03-27,11:38,1437,22,Salón,Tarjeta,45.0,0
5675,2026-03-27,12:21,1659,22,Salón,Tarjeta,176.0,0
5676,2026-03-27,19:28,1165,2,Delivery propio,Tarjeta,34.0,0
5677,2026-03-27,14:51,1280,3,Salón,Efectivo,106.0,0
5678,2026-03-27,13:30,9999,3,Salón,Efectivo,187.0,0
5679,2026-03-27,11:00,274,7,Para llevar,Yape,134.0,0
5680,2026-03-27,15:54,1401,16,Salón,Yape,313.0,0
5681,2026-03-27,15:42,9999,17,Para llevar,Yape,124.0,0
5682,2026-03-27,20:55,9999,20,Para llevar,Efectivo,73.0,0
5683,2026-03-28,20:09,1441,5,Salón,Plin,108.0,0
5684,2026-03-28,11:18,3592,2,Delivery propio,Tarjeta,20.0,0
5685,2026-03-28,20:52,1912,3,Salón,Efectivo,20.0,0
5686,2026-03-28,14:02,3014,17,Salón,Efectivo,139.0,0
5687,2026-03-28,20:11,2849,19,Salón,Efectivo,162.0,0
5688,2026-03-28,15:49,2011,16,Delivery propio,Efectivo,241.0,0
5689,2026-03-28,14:10,1124,20,Para llevar,Yape,80.0,0
5690,2026-03-28,11:36,2465,5,Salón,Yape,138.0,0
5691,2026-03-28,12:50,821,2,Salón,Tarjeta,154.0,0
5692,2026-03-28,18:07,2214,17,Para llevar,Yape,158.0,0
5693,2026-03-28,17:23,3467,16,Salón,Plin,170.0,0
5694,2026-03-28,20:35,2631,18,Salón,Efectivo,144.0,0
5695,2026-03-28,19:12,5096,20,Para llevar,Efectivo,26.0,0
5696,2026-03-28,20:01,4118,5,Delivery propio,Tarjeta,28.0,0
5697,2026-03-28,11:35,2603,16,Salón,Yape,30.0,0
5698,2026-03-28,11:52,5407,22,Para llevar,Plin,198.0,0
5699,2026-03-28,19:10,3320,3,Delivery propio,Tarjeta,128.0,0
5700,2026-03-28,13:31,5286,20,Delivery propio,Efectivo,108.0,0
5701,2026-03-28,16:07,780,5,Salón,Yape,103.0,0
5702,2026-03-28,19:40,1901,3,Delivery propio,Yape,118.0,0
5703,2026-03-28,12:18,5330,7,Salón,Efectivo,100.0,0
5704,2026-03-28,14:26,611,19,Delivery propio,Efectivo,190.0,0
5705,2026-03-28,20:25,9999,2,Salón,Tarjeta,50.0,0
5706,2026-03-28,19:00,1631,2,Salón,Efectivo,63.0,0
5707,2026-03-28,14:46,2190,16,Salón,Tarjeta,212.0,0
5708,2026-03-28,13:46,1746,5,Delivery propio,Efectivo,59.0,0
5709,2026-03-28,14:01,5279,2,Para llevar,Efectivo,144.0,0
5710,2026-03-28,12:30,1643,3,Delivery propio,Yape,36.0,0
5711,2026-03-28,19:38,1260,17,Delivery propio,Efectivo,20.0,0
5712,2026-03-28,15:54,2590,20,Salón,Yape,48.0,0
5713,2026-03-28,13:08,2589,17,Salón,Yape,208.0,0
5714,2026-03-28,12:15,4826,20,Salón,Tarjeta,108.0,0
5715,2026-03-28,14:47,1024,16,Salón,Tarjeta,172.0,0
5716,2026-03-28,17:22,4759,17,Para llevar,Yape,34.0,0
5717,2026-03-28,15:40,1720,22,Para llevar,Yape,36.0,0
5718,2026-03-28,20:42,2752,24,Salón,Yape,110.0,0
5719,2026-03-28,21:59,1241,22,Salón,Yape,218.0,0
5720,2026-03-28,13:26,4015,5,Delivery propio,Tarjeta,119.0,0
5721,2026-03-28,21:50,4727,17,Salón,Plin,52.0,0
5722,2026-03-28,21:05,2390,24,Salón,Tarjeta,38.0,0
5723,2026-03-28,13:45,4199,16,Salón,Plin,228.0,0
5724,2026-03-28,14:16,3651,20,Salón,Yape,177.0,0
5725,2026-03-28,14:30,1604,22,Salón,Yape,186.0,0
5726,2026-03-28,13:41,615,2,Salón,Efectivo,56.0,0
5727,2026-03-28,12:36,23,20,Delivery propio,Yape,239.0,0
5728,2026-03-28,12:53,4936,7,Salón,Efectivo,120.0,0
5729,2026-03-28,15:05,9999,24,Salón,Efectivo,140.0,0
5730,2026-03-28,20:46,5140,3,Salón,Yape,30.0,0
5731,2026-03-28,19:15,2418,17,Para llevar,Efectivo,212.0,0
5732,2026-03-28,13:01,954,3,Salón,Plin,122.0,0
5733,2026-03-28,14:45,4669,20,Salón,Efectivo,232.0,0
5734,2026-03-28,12:08,3625,5,Salón,Efectivo,253.0,0
5735,2026-03-28,20:34,3996,16,Salón,Yape,335.0,0
5736,2026-03-29,13:19,2738,3,Salón,Efectivo,240.0,0
5737,2026-03-29,14:02,788,20,Salón,Tarjeta,61.0,0
5738,2026-03-29,14:53,4676,22,Delivery propio,Efectivo,208.0,0
5739,2026-03-29,14:01,9999,20,Salón,Efectivo,80.0,0
5740,2026-03-29,19:00,1992,24,Para llevar,Plin,28.0,0
5741,2026-03-29,20:49,4216,22,Salón,Efectivo,44.0,0
5742,2026-03-29,20:59,9999,2,Para llevar,Tarjeta,94.0,0
5743,2026-03-29,13:50,534,22,Salón,Yape,114.0,0
5744,2026-03-29,13:09,4882,5,Salón,Yape,231.0,0
5745,2026-03-29,11:33,9999,22,Salón,Efectivo,162.0,0
5746,2026-03-29,13:36,9999,5,Salón,Efectivo,8.0,0
5747,2026-03-29,13:45,5021,24,Para llevar,Yape,116.0,0
5748,2026-03-29,15:49,490,17,Salón,Yape,410.0,0
5749,2026-03-29,12:08,3862,19,Salón,Efectivo,66.0,0
5750,2026-03-29,15:46,1620,3,Para llevar,Yape,94.0,0
5751,2026-03-29,14:16,1825,7,Salón,Plin,184.0,0
5752,2026-03-29,20:22,4370,19,Salón,Tarjeta,134.0,0
5753,2026-03-29,13:38,1938,19,Para llevar,Yape,68.0,0
5754,2026-03-29,12:28,3527,24,Delivery propio,Efectivo,164.0,0
5755,2026-03-29,18:54,1929,22,Salón,Yape,192.0,0
5756,2026-03-29,15:00,5198,3,Salón,Yape,106.0,0
5757,2026-03-29,20:29,5180,17,Salón,Yape,62.0,0
5758,2026-03-29,14:57,3328,22,Salón,Efectivo,60.0,0
5759,2026-03-29,21:25,4404,19,Delivery propio,Tarjeta,122.0,0
5760,2026-03-29,19:13,1224,5,Salón,Yape,103.0,0
5761,2026-03-29,15:38,1509,19,Delivery propio,Yape,142.0,0
5762,2026-03-29,13:37,1955,18,Salón,Yape,236.0,0
5763,2026-03-29,14:37,1856,7,Salón,Plin,168.0,0
5764,2026-03-29,19:00,3169,20,Salón,Yape,98.0,0
5765,2026-03-29,11:06,3688,18,Salón,Efectivo,252.0,0
5766,2026-03-29,19:51,5266,20,Salón,Tarjeta,381.0,0
5767,2026-03-29,12:25,3255,19,Salón,Yape,56.0,0
5768,2026-03-29,16:29,301,19,Salón,Yape,188.0,0
5769,2026-03-29,11:56,5225,18,Salón,Plin,319.0,0
5770,2026-03-29,13:41,339,16,Para llevar,Yape,68.0,0
5771,2026-03-29,16:40,3320,3,Salón,Plin,316.0,0
5772,2026-03-29,14:55,766,16,Para llevar,Yape,141.0,0
5773,2026-03-29,13:35,1126,2,Delivery propio,Yape,156.0,0
5774,2026-03-29,14:38,5321,5,Salón,Yape,251.0,0
5775,2026-03-29,18:34,1296,24,Salón,Yape,68.0,0
5776,2026-03-29,18:20,3800,5,Para llevar,Tarjeta,73.0,0
5777,2026-03-29,18:23,1154,7,Salón,Efectivo,132.0,0
5778,2026-03-29,18:17,3728,5,Salón,Yape,124.0,0
5779,2026-03-29,13:33,1939,2,Salón,Efectivo,206.0,0
5780,2026-03-29,13:08,427,3,Salón,Plin,74.0,0
5782,2026-03-29,16:11,9999,18,Salón,Efectivo,162.0,0
5783,2026-03-29,11:14,997,24,Delivery propio,Yape,122.0,0
5784,2026-03-29,13:44,3845,5,Salón,Efectivo,382.0,0
5785,2026-03-29,14:59,3693,7,Salón,Efectivo,152.0,0
5786,2026-03-29,20:24,3766,19,Delivery propio,Tarjeta,74.0,0
5787,2026-03-29,15:24,2734,17,Para llevar,Efectivo,160.0,0
5788,2026-03-29,14:05,1930,16,Para llevar,Efectivo,141.0,0
5789,2026-03-29,19:18,2478,7,Salón,Plin,164.0,0
5790,2026-03-29,14:56,323,22,Salón,Yape,77.0,0
5791,2026-03-29,13:13,1658,3,Delivery propio,Yape,62.0,0
5792,2026-03-29,19:25,1456,24,Para llevar,Yape,127.0,0
5793,2026-03-29,15:07,4700,5,Salón,Plin,109.0,0
5794,2026-03-29,21:17,1399,7,Delivery propio,Efectivo,168.0,0
5795,2026-03-29,12:59,2282,5,Salón,Yape,122.0,0
5796,2026-03-29,21:34,1933,16,Salón,Efectivo,149.0,0
5797,2026-03-29,14:09,3485,7,Salón,Yape,70.0,0
5798,2026-03-29,19:19,3039,17,Salón,Plin,52.0,0
5799,2026-03-29,18:52,5129,24,Salón,Yape,84.0,0
5800,2026-03-29,12:12,5263,20,Delivery propio,Yape,134.0,0
5801,2026-03-29,19:25,3677,3,Para llevar,Plin,10.0,0
5802,2026-03-29,13:36,2263,24,Salón,Tarjeta,196.0,0
5803,2026-03-29,13:46,323,20,Delivery propio,Efectivo,94.0,0
5804,2026-03-30,13:50,9999,16,Salón,Yape,196.0,0
5805,2026-03-30,21:54,2611,16,Delivery propio,Yape,68.0,0
5806,2026-03-30,13:28,3217,3,Para llevar,Yape,116.0,0
5807,2026-03-30,17:28,3625,19,Salón,Yape,134.0,0
5808,2026-03-30,14:38,1309,18,Delivery propio,Tarjeta,96.0,0
5809,2026-03-30,12:07,3648,3,Salón,Yape,150.0,0
5810,2026-03-30,13:59,419,20,Salón,Efectivo,94.0,0
5811,2026-03-30,14:08,1454,2,Salón,Efectivo,44.0,0
5812,2026-03-30,15:32,9999,18,Delivery propio,Yape,30.0,0
5813,2026-03-30,13:00,2756,2,Salón,Tarjeta,132.0,0
5814,2026-03-30,13:03,4692,7,Para llevar,Yape,98.0,0
5815,2026-03-30,19:02,4180,17,Salón,Efectivo,62.0,0
5816,2026-03-30,20:49,3564,22,Salón,Yape,250.0,0
5817,2026-03-30,15:54,1545,18,Para llevar,Tarjeta,158.0,0
5818,2026-03-30,13:03,94,16,Salón,Yape,52.0,0
5819,2026-03-30,21:41,9999,2,Salón,Efectivo,84.0,0
5820,2026-03-30,13:37,5184,7,Delivery propio,Yape,108.0,0
5821,2026-03-30,12:50,5329,18,Para llevar,Tarjeta,32.0,0
5822,2026-03-30,15:24,5189,20,Delivery propio,Efectivo,65.0,0
5823,2026-03-30,19:13,735,24,Delivery propio,Efectivo,72.0,0
5824,2026-03-30,13:50,3533,18,Para llevar,Efectivo,42.0,0
5825,2026-03-30,11:04,4907,2,Delivery propio,Efectivo,128.0,0
5826,2026-03-30,13:02,3411,20,Salón,Yape,84.0,0
5827,2026-03-30,21:31,1159,22,Salón,Yape,214.0,0
5828,2026-03-30,12:22,5281,20,Salón,Yape,124.0,0
5829,2026-03-30,13:30,298,3,Salón,Yape,270.0,0
5830,2026-03-30,13:51,942,24,Para llevar,Yape,158.0,0
5831,2026-03-30,16:31,809,5,Salón,Plin,116.0,0
5832,2026-03-30,12:20,2370,3,Salón,Efectivo,78.0,0
5833,2026-03-30,17:24,3245,16,Salón,Tarjeta,82.0,0
5834,2026-03-30,14:13,308,3,Salón,Yape,62.0,0
5836,2026-03-30,18:36,3296,19,Salón,Efectivo,140.0,0
5837,2026-03-31,13:10,2537,22,Para llevar,Yape,268.0,0
5838,2026-03-31,12:24,2765,22,Salón,Yape,62.0,0
5839,2026-03-31,21:58,2709,7,Para llevar,Yape,148.0,0
5840,2026-03-31,13:28,655,22,Delivery propio,Yape,75.0,0
5841,2026-03-31,14:37,4829,3,Para llevar,Yape,106.0,0
5842,2026-03-31,18:02,1351,22,Salón,Yape,222.0,0
5843,2026-03-31,12:06,4509,16,Salón,Tarjeta,60.0,0
5844,2026-03-31,12:31,9999,18,Salón,Efectivo,173.0,0
5845,2026-03-31,13:39,5437,3,Para llevar,Efectivo,47.0,0
5846,2026-03-31,14:27,1818,22,Salón,Efectivo,104.0,0
5847,2026-03-31,19:48,3448,20,Delivery propio,Efectivo,30.0,0
5848,2026-03-31,19:25,9999,5,Salón,Yape,22.0,0
5849,2026-03-31,14:59,9999,18,Salón,Yape,88.0,0
5850,2026-03-31,14:33,9999,20,Salón,Yape,26.0,0
5851,2026-03-31,14:44,2592,24,Para llevar,Efectivo,218.0,0
5852,2026-03-31,20:17,3288,5,Delivery propio,Yape,58.0,0
5853,2026-03-31,17:43,2900,3,Salón,Tarjeta,92.0,0
5854,2026-03-31,14:24,1205,5,Salón,Yape,84.0,0
5855,2026-03-31,18:37,2246,24,Salón,Yape,154.0,0
5856,2026-03-31,13:22,2537,16,Para llevar,Efectivo,154.0,0
5857,2026-03-31,13:38,9999,5,Para llevar,Tarjeta,90.0,0
5858,2026-04-01,21:17,2220,7,Salón,Efectivo,96.0,0
5859,2026-04-01,13:57,9999,19,Delivery propio,Yape,170.0,0
5860,2026-04-01,13:59,1509,16,Salón,Yape,289.0,0
5861,2026-09-28,11:48,5126,5,Salón,Tarjeta,144.0,1
5862,2026-04-01,14:57,4264,20,Delivery propio,Efectivo,51.0,0
5863,2026-04-01,14:05,444,22,Salón,Yape,78.0,0
5864,2026-04-01,13:25,5114,18,Salón,Yape,64.0,0
5865,2026-04-01,20:02,3133,2,Para llevar,Tarjeta,142.0,0
5866,2026-04-01,14:24,535,19,Salón,Efectivo,222.0,0
5867,2026-04-01,20:16,2107,16,Salón,Yape,65.0,0
5868,2026-04-01,14:48,4573,22,Salón,Efectivo,86.0,0
5869,2026-04-01,15:26,2546,22,Salón,Plin,28.0,0
5870,2026-04-01,17:04,2465,3,Salón,Plin,42.0,0
5871,2026-04-01,18:04,1536,20,Salón,Yape,73.0,0
5872,2026-04-01,14:19,1630,22,Salón,Yape,188.0,0
5873,2026-04-01,19:48,9999,5,Salón,Yape,74.0,0
5874,2026-04-01,12:53,3122,17,Salón,Yape,100.0,0
5875,2026-04-01,14:06,4242,5,Salón,Plin,94.0,0
5876,2026-04-01,17:23,5113,5,Salón,Efectivo,86.0,0
5877,2026-04-01,14:04,4565,16,Salón,Plin,28.0,0
5878,2026-04-01,19:51,9999,7,Salón,Yape,163.0,0
5879,2026-04-02,19:55,1214,22,Para llevar,Yape,28.0,0
5880,2026-04-02,11:33,9999,17,Salón,Tarjeta,186.0,0
5881,2026-04-02,18:19,816,20,Salón,Yape,191.0,0
5882,2026-04-02,20:03,568,5,Salón,Yape,88.0,0
5883,2026-04-02,15:23,3100,18,Para llevar,Efectivo,84.0,0
5884,2026-04-02,17:56,1256,20,Salón,Efectivo,146.0,0
5885,2026-04-02,11:18,2585,22,Delivery propio,Efectivo,262.0,0
5886,2026-04-02,18:21,3921,24,Salón,Yape,94.0,0
5887,2026-04-02,13:00,499,17,Salón,Yape,126.0,0
5888,2026-04-02,18:27,1883,20,Salón,Yape,92.0,0
5889,2026-04-02,14:22,3413,16,Para llevar,Plin,190.0,0
5890,2026-04-02,15:51,3556,24,Para llevar,Tarjeta,73.0,0
5891,2026-04-02,20:59,496,2,Delivery propio,Efectivo,46.0,0
5892,2026-04-02,15:35,3636,18,Salón,Tarjeta,208.0,0
5893,2026-04-02,21:56,2509,22,Salón,Efectivo,171.0,0
5894,2026-04-02,13:10,1090,17,Salón,Efectivo,118.0,0
5895,2026-04-03,14:41,4273,16,Para llevar,Yape,18.0,0
5896,2026-04-03,20:33,3021,22,Para llevar,Efectivo,138.0,0
5897,2026-04-03,15:01,5461,2,Para llevar,Yape,48.0,0
5898,2026-04-03,15:21,1084,24,Para llevar,Efectivo,58.0,0
5899,2026-04-03,13:59,4456,20,Para llevar,Yape,177.0,0
5900,2026-04-03,16:56,4784,19,Salón,Tarjeta,62.0,0
5901,2026-04-03,13:14,2322,16,Para llevar,Efectivo,14.0,0
5902,2026-04-03,15:46,2211,18,Para llevar,Efectivo,248.0,0
5903,2026-04-03,19:56,2987,7,Salón,Plin,98.0,0
5904,2026-04-03,17:22,2229,3,Salón,Efectivo,81.0,0
5905,2026-04-03,19:30,877,22,Salón,Tarjeta,140.0,0
5906,2026-04-03,13:07,4459,17,Salón,Efectivo,76.0,0
5907,2026-04-03,15:18,2103,19,Delivery propio,Tarjeta,50.0,0
5908,2026-04-03,18:49,9999,5,Para llevar,Plin,225.0,0
5909,2026-04-03,17:29,3266,17,Salón,Yape,112.0,0
5910,2026-04-03,16:24,1943,3,Salón,Plin,72.0,0
5911,2026-04-03,12:58,1517,5,Salón,Plin,64.0,0
5912,2026-04-03,13:19,3018,24,Salón,Yape,36.0,0
5913,2026-04-03,16:36,3098,2,Salón,Yape,118.0,0
5914,2026-04-03,19:12,9999,18,Salón,Tarjeta,66.0,0
5915,2026-04-03,15:23,3059,20,Salón,Yape,164.0,0
5916,2026-04-03,13:08,2750,5,Para llevar,Efectivo,92.0,0
5917,2026-04-03,17:52,3755,7,Salón,Tarjeta,66.0,0
5918,2026-04-03,20:49,9999,5,Salón,Efectivo,142.0,0
5919,2026-04-03,14:20,664,24,Salón,Yape,62.0,0
5920,2026-04-03,14:38,49,3,Salón,Yape,199.0,0
5921,2026-04-03,13:28,1599,3,Salón,Efectivo,188.0,0
5922,2026-04-03,20:00,4003,2,Salón,Efectivo,56.0,0
5923,2026-04-04,13:18,4242,3,Salón,Tarjeta,32.0,0
5924,2026-04-04,18:21,4469,2,Salón,Yape,60.0,0
5925,2026-04-04,19:22,5207,19,Salón,Yape,154.0,0
5926,2026-04-04,18:59,9999,24,Salón,Plin,38.0,0
5927,2026-04-04,11:04,1666,22,Salón,Efectivo,190.0,0
5928,2026-04-04,20:59,2777,7,Para llevar,Yape,248.0,0
5929,2026-04-04,18:52,4943,18,Salón,Tarjeta,178.0,0
5930,2026-04-04,19:46,3628,18,Delivery propio,Tarjeta,104.0,0
5931,2026-04-04,16:30,1268,5,Salón,Yape,86.0,0
5932,2026-04-04,12:25,26,7,Salón,Plin,49.0,0
5933,2026-04-04,17:52,163,18,Salón,Efectivo,60.0,0
5934,2026-04-04,20:19,2156,22,Delivery propio,Yape,82.0,0
5935,2026-04-04,16:00,2162,24,Para llevar,Yape,55.0,0
5936,2026-04-04,20:54,9999,16,Para llevar,Tarjeta,152.0,0
5937,2026-04-04,20:38,2217,18,Salón,Efectivo,152.0,0
5938,2026-04-04,14:07,4060,24,Salón,Tarjeta,122.0,0
5939,2026-04-04,11:52,1194,24,Salón,Yape,41.0,0
5940,2026-04-04,14:12,5256,19,Salón,Yape,102.0,0
5941,2026-04-04,14:00,1604,18,Salón,Yape,22.0,0
5942,2026-04-04,13:14,433,7,Para llevar,Yape,93.0,0
5943,2026-04-04,21:00,2900,18,Salón,Yape,174.0,0
5944,2026-04-04,20:26,2995,5,Salón,Yape,200.0,0
5945,2026-04-04,14:51,3867,5,Para llevar,Efectivo,22.0,0
5946,2026-04-04,13:30,3046,17,Salón,Efectivo,92.0,0
5947,2026-04-04,16:17,1983,19,Para llevar,Efectivo,46.0,0
5948,2026-04-04,21:05,9999,17,Para llevar,Efectivo,228.0,0
5949,2026-04-04,21:03,1583,18,Salón,Tarjeta,184.0,0
5950,2026-04-04,19:53,501,2,Salón,Plin,73.0,0
5951,2026-04-04,19:05,1101,19,Para llevar,Efectivo,129.0,0
5952,2026-04-04,20:28,3285,7,Salón,Tarjeta,234.0,0
5953,2026-04-04,15:37,1863,5,Para llevar,Tarjeta,151.0,0
5954,2026-04-04,21:13,4321,22,Salón,Efectivo,96.0,0
5955,2026-04-04,16:42,778,19,Para llevar,Efectivo,18.0,0
5956,2026-04-04,13:57,3443,24,Salón,Yape,293.0,0
5957,2026-04-05,18:09,650,2,Salón,Yape,150.0,0
5958,2026-04-05,19:34,9999,19,Delivery propio,Yape,100.0,0
5959,2026-04-05,15:06,5281,3,Salón,Yape,32.0,0
5960,2026-04-05,11:40,1102,18,Salón,Efectivo,36.0,0
5961,2026-04-05,15:10,1655,24,Salón,Tarjeta,214.0,0
5962,2026-04-05,19:39,5250,3,Salón,Tarjeta,90.0,0
5963,2026-04-05,18:04,2507,17,Salón,Plin,152.0,0
5964,2026-04-05,14:53,1045,3,Salón,Plin,60.0,0
5965,2026-04-05,18:21,3324,20,Salón,Yape,158.0,0
5966,2026-04-05,14:11,3322,17,Salón,Plin,110.0,0
5967,2026-04-05,14:10,3259,2,Salón,Yape,92.0,0
5968,2026-04-05,19:49,9999,3,Para llevar,Yape,93.0,0
5969,2026-04-05,17:04,735,16,Delivery propio,Efectivo,72.0,0
5970,2026-04-05,18:44,4359,7,Salón,Efectivo,300.0,0
5971,2026-04-05,18:34,347,18,Salón,Efectivo,54.0,0
5972,2026-04-05,13:20,2105,19,Salón,Yape,273.0,0
5973,2026-04-05,17:23,4261,19,Salón,Efectivo,36.0,0
5974,2026-04-05,16:19,3448,16,Para llevar,Yape,108.0,0
5975,2026-04-05,13:27,3649,5,Salón,Yape,238.0,0
5976,2026-04-05,14:35,4748,19,Salón,Yape,218.0,0
5977,2026-04-05,11:49,4649,19,Salón,Efectivo,224.0,0
5978,2026-04-05,14:23,4639,24,Salón,Efectivo,154.0,0
5979,2026-04-05,17:23,2494,18,Salón,Tarjeta,107.0,0
5980,2026-04-05,20:10,4261,19,Para llevar,Tarjeta,86.0,0
5981,2026-04-05,13:11,3522,5,Salón,Yape,166.0,0
5982,2026-04-05,14:18,2963,3,Para llevar,Yape,30.0,0
5983,2026-04-05,12:07,3388,5,Salón,Tarjeta,44.0,0
5984,2026-04-05,21:39,43,7,Salón,Tarjeta,148.0,0
5985,2026-09-28,19:27,696,19,Salón,Yape,164.0,1
5986,2026-04-05,12:04,4288,7,Salón,Tarjeta,219.0,0
5987,2026-04-05,13:38,4323,22,Salón,Tarjeta,102.0,0
5988,2026-04-05,14:24,4099,24,Salón,Plin,98.0,0
5989,2026-04-05,13:14,3786,7,Para llevar,Efectivo,70.0,0
5990,2026-04-05,20:07,188,16,Salón,Yape,82.0,0
5991,2026-04-05,18:32,3640,24,Salón,Tarjeta,66.0,0
5992,2026-04-05,12:35,766,16,Para llevar,Efectivo,24.0,0
5993,2026-04-05,21:42,4340,3,Salón,Tarjeta,113.0,0
5994,2026-04-05,11:50,9999,3,Delivery propio,Yape,128.0,0
5995,2026-04-06,20:02,9999,18,Salón,Plin,69.0,0
5996,2026-04-06,13:22,1445,7,Salón,Efectivo,75.0,0
5997,2026-04-06,15:03,558,19,Salón,Tarjeta,65.0,0
5998,2026-04-06,14:40,4880,18,Salón,Yape,42.0,0
5999,2026-04-06,19:01,2144,16,Salón,Efectivo,61.0,0
6000,2026-04-06,11:46,4653,5,Salón,Yape,62.0,0
6001,2026-04-06,19:20,110,18,Salón,Efectivo,158.0,0
6002,2026-04-06,19:45,1235,22,Para llevar,Yape,226.0,0
6003,2026-04-06,14:10,38,20,Salón,Yape,69.0,0
6004,2026-04-06,13:50,1145,2,Salón,Efectivo,230.0,0
6005,2026-04-06,14:13,2126,20,Delivery propio,Yape,53.0,0
6006,2026-04-06,18:44,1487,22,Delivery propio,Efectivo,91.0,0
6007,2026-04-06,13:18,4904,16,Para llevar,Efectivo,73.0,0
6008,2026-04-06,18:10,1358,17,Salón,Tarjeta,84.0,0
6009,2026-04-06,13:08,1509,5,Para llevar,Yape,155.0,0
6010,2026-04-06,18:38,9999,7,Salón,Plin,18.0,0
6011,2026-04-07,14:56,1246,18,Salón,Tarjeta,68.0,0
6012,2026-04-07,17:37,3671,19,Salón,Yape,257.0,0
6013,2026-04-07,12:24,3121,16,Salón,Tarjeta,138.0,0
6014,2026-04-07,16:50,3641,22,Salón,Efectivo,70.0,0
6015,2026-04-07,14:14,9999,19,Salón,Yape,58.0,0
6016,2026-04-07,17:39,3191,24,Salón,Tarjeta,100.0,0
6017,2026-04-07,18:33,2232,24,Salón,Efectivo,258.0,0
6018,2026-04-07,15:23,9999,24,Para llevar,Efectivo,211.0,0
6019,2026-04-07,14:15,301,22,Salón,Efectivo,118.0,0
6020,2026-04-07,13:25,4599,5,Para llevar,Efectivo,169.0,0
6021,2026-04-07,12:00,22,17,Salón,Yape,205.0,0
6022,2026-04-07,15:51,3956,20,Para llevar,Efectivo,80.0,0
6023,2026-04-07,19:39,4650,22,Salón,Tarjeta,146.0,0
6024,2026-04-07,13:54,2599,5,Para llevar,Yape,162.0,0
6025,2026-04-07,19:33,4091,19,Para llevar,Efectivo,216.0,0
6026,2026-04-07,16:20,970,5,Salón,Efectivo,210.0,0
6027,2026-04-07,17:14,2849,3,Salón,Plin,208.0,0
6028,2026-04-07,14:08,4568,7,Para llevar,Efectivo,52.0,0
6029,2026-04-07,18:43,3861,2,Delivery propio,Yape,64.0,0
6030,2026-04-07,14:20,9999,7,Para llevar,Plin,63.0,0
6031,2026-04-08,19:06,2574,2,Salón,Tarjeta,202.0,0
6032,2026-04-08,13:13,5122,24,Para llevar,Plin,168.0,0
6033,2026-04-08,20:46,4434,20,Salón,Tarjeta,128.0,0
6034,2026-04-08,19:58,1090,22,Salón,Plin,140.0,0
6035,2026-04-08,13:50,3241,3,Salón,Efectivo,198.0,0
6036,2026-04-08,20:32,3271,17,Delivery propio,Yape,138.0,0
6037,2026-04-08,12:09,2046,7,Salón,Tarjeta,46.0,0
6038,2026-04-08,20:50,4304,16,Para llevar,Yape,122.0,0
6039,2026-04-08,13:18,2721,19,Salón,Tarjeta,56.0,0
6040,2026-04-08,15:20,9999,22,Salón,Efectivo,285.0,0
6041,2026-04-08,21:37,3719,19,Salón,Yape,134.0,0
6042,2026-04-08,15:29,4401,17,Para llevar,Tarjeta,108.0,0
6043,2026-04-08,17:21,3100,3,Salón,Efectivo,279.0,0
6044,2026-04-08,12:37,4340,16,Salón,Tarjeta,48.0,0
6045,2026-04-08,13:48,3805,2,Delivery propio,Yape,126.0,0
6046,2026-04-08,21:31,2250,17,Salón,Yape,290.0,0
6047,2026-04-08,16:35,1277,2,Salón,Plin,140.0,0
6048,2026-04-08,16:36,545,19,Salón,Yape,12.0,0
6049,2026-04-08,16:32,3159,17,Para llevar,Tarjeta,56.0,0
6050,2026-04-08,13:35,3408,7,Delivery propio,Plin,42.0,0
6051,2026-04-08,13:12,1161,2,Salón,Plin,128.0,0
6052,2026-04-09,15:31,1790,24,Delivery propio,Yape,44.0,0
6053,2026-04-09,13:12,3985,17,Para llevar,Efectivo,56.0,0
6054,2026-04-09,19:46,3399,2,Salón,Plin,244.0,0
6055,2026-04-09,11:53,864,3,Delivery propio,Tarjeta,80.0,0
6056,2026-04-09,20:20,3734,22,Para llevar,Plin,42.0,0
6057,2026-04-09,16:15,1361,2,Delivery propio,Tarjeta,118.0,0
6058,2026-04-09,20:53,5321,2,Salón,Tarjeta,105.0,0
6059,2026-04-09,14:23,4586,19,Salón,Efectivo,34.0,0
6060,2026-04-09,18:27,403,20,Salón,Efectivo,60.0,0
6061,2026-04-09,21:50,9999,2,Salón,Efectivo,6.0,0
6062,2026-04-09,20:05,9999,24,Delivery propio,Efectivo,198.0,0
6063,2026-04-09,20:09,4777,3,Salón,Tarjeta,54.0,0
6064,2026-04-09,12:11,1393,17,Salón,Yape,36.0,0
6065,2026-04-09,13:09,3836,22,Salón,Plin,26.0,0
6066,2026-04-09,19:33,2539,20,Salón,Yape,22.0,0
6067,2026-04-09,12:06,3264,20,Salón,Tarjeta,190.0,0
6068,2026-04-09,12:16,2234,2,Salón,Yape,100.0,0
6069,2026-04-09,13:39,9999,7,Delivery propio,Yape,136.0,0
6070,2026-04-09,13:13,3318,18,Salón,Yape,98.0,0
6071,2026-04-09,13:31,866,24,Salón,Yape,166.0,0
6072,2026-04-09,12:07,3351,19,Salón,Plin,144.0,0
6073,2026-04-09,12:56,4149,19,Salón,Efectivo,75.0,0
6074,2026-04-09,18:08,3598,22,Para llevar,Efectivo,94.0,0
6075,2026-04-09,18:41,1198,18,Salón,Efectivo,97.0,0
6076,2026-04-09,11:26,3102,2,Salón,Plin,168.0,0
6077,2026-04-10,18:40,4614,24,Salón,Efectivo,182.0,0
6078,2026-04-10,18:07,9999,7,Delivery propio,Efectivo,72.0,0
6079,2026-04-10,14:47,4251,2,Para llevar,Efectivo,102.0,0
6080,2026-04-10,12:00,2059,18,Salón,Efectivo,66.0,0
6081,2026-04-10,16:28,4618,3,Salón,Efectivo,150.0,0
6082,2026-04-10,13:02,2849,2,Delivery propio,Tarjeta,150.0,0
6083,2026-04-10,13:09,723,2,Delivery propio,Yape,171.0,0
6084,2026-04-10,14:47,490,24,Salón,Tarjeta,50.0,0
6085,2026-04-10,13:43,9999,24,Salón,Plin,212.0,0
6086,2026-04-10,12:31,9999,7,Salón,Yape,68.0,0
6087,2026-04-10,15:13,2455,7,Para llevar,Tarjeta,70.0,0
6088,2026-04-10,13:52,755,18,Salón,Efectivo,245.0,0
6089,2026-04-10,17:49,2529,2,Salón,Yape,174.0,0
6090,2026-04-10,18:22,3934,18,Salón,Tarjeta,221.0,0
6091,2026-04-10,15:38,1872,19,Para llevar,Yape,261.0,0
6092,2026-04-10,11:18,1547,24,Para llevar,Tarjeta,219.0,0
6093,2026-04-10,11:09,4633,18,Salón,Tarjeta,21.0,0
6094,2026-04-10,16:39,656,17,Salón,Efectivo,341.0,0
6095,2026-04-10,21:00,4901,5,Delivery propio,Efectivo,140.0,0
6096,2026-04-10,14:35,224,5,Salón,Yape,242.0,0
6097,2026-04-10,20:04,981,2,Para llevar,Efectivo,163.0,0
6098,2026-04-10,15:37,693,18,Para llevar,Efectivo,146.0,0
6099,2026-04-10,14:30,1209,7,Salón,Plin,158.0,0
6100,2026-04-10,21:29,335,2,Salón,Yape,117.0,0
6101,2026-04-10,20:18,4384,16,Salón,Plin,127.0,0
6102,2026-04-10,16:11,3619,19,Para llevar,Tarjeta,263.0,0
6103,2026-04-10,19:14,601,17,Salón,Yape,36.0,0
6104,2026-04-10,17:53,2169,5,Para llevar,Yape,200.0,0
6105,2026-04-10,15:31,1742,17,Para llevar,Yape,127.0,0
6106,2026-04-11,12:55,4205,22,Para llevar,Efectivo,114.0,0
6107,2026-04-11,19:14,9999,24,Para llevar,Tarjeta,172.0,0
6108,2026-04-11,14:13,140,19,Para llevar,Efectivo,95.0,0
6109,2026-04-11,12:38,1464,7,Para llevar,Tarjeta,116.0,0
6110,2026-04-11,13:26,2574,5,Salón,Plin,44.0,0
6111,2026-04-11,19:57,1690,5,Salón,Efectivo,143.0,0
6112,2026-04-11,14:33,3921,24,Salón,Yape,109.0,0
6113,2026-04-11,19:47,1953,24,Delivery propio,Tarjeta,264.0,0
6114,2026-04-11,18:48,2711,19,Salón,Plin,290.0,0
6115,2026-04-11,12:50,2071,7,Salón,Yape,150.0,0
6116,2026-04-11,19:13,9999,20,Delivery propio,Yape,57.0,0
6117,2026-04-11,14:50,5213,22,Para llevar,Tarjeta,82.0,0
6118,2026-04-11,13:37,1088,19,Para llevar,Yape,62.0,0
6119,2026-04-11,12:52,904,20,Delivery propio,Efectivo,99.0,0
6120,2026-04-11,19:32,9999,2,Para llevar,Efectivo,24.0,0
6121,2026-04-11,15:13,2035,24,Salón,Efectivo,278.0,0
6122,2026-04-11,15:37,3922,16,Salón,Efectivo,324.0,0
6123,2026-04-11,17:16,5085,3,Salón,Tarjeta,69.0,0
6124,2026-04-11,14:59,5208,7,Salón,Efectivo,46.0,0
6125,2026-04-11,20:55,188,5,Salón,Tarjeta,78.0,0
6126,2026-04-11,20:03,538,16,Salón,Tarjeta,80.0,0
6127,2026-04-11,17:48,2849,3,Salón,Efectivo,73.0,0
6128,2026-04-11,15:24,2697,22,Salón,Efectivo,112.0,0
6129,2026-04-11,21:19,1127,20,Salón,Yape,160.0,0
6130,2026-04-11,11:00,9999,19,Salón,Tarjeta,72.0,0
6131,2026-04-11,11:31,5160,5,Salón,Efectivo,160.0,0
6132,2026-04-11,14:17,3910,16,Salón,Plin,263.0,0
6133,2026-04-11,12:37,4261,3,Salón,Efectivo,114.0,0
6134,2026-04-11,21:00,3373,17,Para llevar,Tarjeta,136.0,0
6135,2026-04-11,21:42,956,20,Delivery propio,Yape,302.0,0
6136,2026-04-11,15:10,2571,24,Delivery propio,Tarjeta,192.0,0
6137,2026-04-11,18:10,875,19,Salón,Yape,212.0,0
6138,2026-04-11,13:44,1455,18,Salón,Efectivo,126.0,0
6139,2026-04-11,15:26,9999,3,Salón,Efectivo,83.0,0
6140,2026-04-11,19:01,2819,7,Salón,Yape,46.0,0
6141,2026-04-11,13:12,1137,24,Salón,Yape,148.0,0
6142,2026-04-11,21:12,9999,5,Salón,Efectivo,172.0,0
6143,2026-04-11,12:23,4887,20,Para llevar,Tarjeta,108.0,0
6144,2026-04-11,18:00,2703,22,Salón,Yape,72.0,0
6145,2026-04-11,11:51,2962,19,Salón,Tarjeta,136.0,0
6146,2026-04-12,13:37,9999,24,Delivery propio,Tarjeta,78.0,0
6147,2026-04-12,15:35,2842,7,Para llevar,Efectivo,257.0,0
6148,2026-04-12,14:32,1618,22,Delivery propio,Efectivo,158.0,0
6149,2026-04-12,14:27,4187,2,Delivery propio,Efectivo,72.0,0
6150,2026-04-12,12:08,4389,17,Para llevar,Efectivo,73.0,0
6151,2026-04-12,16:46,5123,24,Salón,Tarjeta,221.0,0
6152,2026-04-12,19:25,2963,20,Salón,Plin,52.0,0
6153,2026-04-12,12:23,1491,17,Salón,Yape,30.0,0
6154,2026-04-12,12:20,102,22,Salón,Efectivo,102.0,0
6155,2026-04-12,12:37,4193,5,Salón,Tarjeta,130.0,0
6156,2026-04-12,15:09,4866,19,Salón,Efectivo,111.0,0
6157,2026-04-12,14:04,2455,3,Salón,Yape,380.0,0
6158,2026-04-12,13:04,5031,7,Salón,Efectivo,71.0,0
6159,2026-04-12,13:18,9999,7,Salón,Plin,132.0,0
6160,2026-04-12,15:30,4279,20,Salón,Tarjeta,61.0,0
6161,2026-04-12,19:19,3776,24,Para llevar,Plin,54.0,0
6162,2026-04-12,14:32,2685,22,Salón,Efectivo,42.0,0
6163,2026-04-12,15:21,3232,24,Delivery propio,Tarjeta,38.0,0
6164,2026-04-12,14:21,371,5,Salón,Efectivo,48.0,0
6165,2026-04-12,13:25,1804,7,Para llevar,Yape,98.0,0
6166,2026-04-12,18:08,5189,22,Salón,Efectivo,78.0,0
6167,2026-04-12,18:41,1702,16,Salón,Yape,76.0,0
6168,2026-04-12,13:45,2188,2,Delivery propio,Tarjeta,98.0,0
6169,2026-04-12,19:59,477,17,Salón,Tarjeta,107.0,0
6170,2026-04-12,19:35,1923,5,Salón,Efectivo,42.0,0
6171,2026-04-12,16:19,2495,19,Salón,Tarjeta,125.0,0
6172,2026-04-12,21:00,9999,17,Delivery propio,Plin,111.0,0
6173,2026-04-12,15:30,3786,3,Delivery propio,Efectivo,158.0,0
6174,2026-04-12,18:42,341,17,Salón,Yape,79.0,0
6175,2026-04-12,13:26,9999,3,Delivery propio,Efectivo,211.0,0
6176,2026-04-12,18:25,1245,22,Salón,Efectivo,173.0,0
6177,2026-04-12,15:59,4202,17,Salón,Yape,116.0,0
6178,2026-04-12,15:35,3484,16,Para llevar,Efectivo,243.0,0
6179,2026-04-12,11:22,1054,2,Salón,Efectivo,114.0,0
6180,2026-04-12,14:05,810,20,Salón,Efectivo,210.0,0
6181,2026-04-12,13:02,1359,24,Delivery propio,Tarjeta,180.0,0
6182,2026-04-12,16:20,77,3,Salón,Tarjeta,10.0,0
6183,2026-04-12,17:54,2980,2,Para llevar,Efectivo,106.0,0
6184,2026-04-12,15:29,3009,20,Salón,Plin,142.0,0
6185,2026-04-12,14:16,877,7,Para llevar,Efectivo,178.0,0
6186,2026-04-12,12:59,4388,7,Salón,Efectivo,109.0,0
6187,2026-04-12,19:00,9999,7,Para llevar,Yape,84.0,0
6188,2026-04-12,19:54,795,7,Delivery propio,Efectivo,140.0,0
6189,2026-04-12,14:27,3099,20,Salón,Yape,99.0,0
6190,2026-04-12,21:55,5193,3,Salón,Yape,64.0,0
6191,2026-04-12,11:41,5275,2,Para llevar,Efectivo,168.0,0
6192,2026-04-12,18:03,2139,3,Salón,Tarjeta,162.0,0
6193,2026-04-12,11:06,5337,24,Para llevar,Efectivo,60.0,0
6194,2026-04-12,14:52,3695,3,Salón,Yape,84.0,0
6195,2026-04-12,19:38,3191,2,Para llevar,Efectivo,142.0,0
6196,2026-04-12,19:50,1717,20,Delivery propio,Efectivo,144.0,0
6197,2026-04-12,20:24,2828,16,Para llevar,Yape,136.0,0
6198,2026-04-12,18:42,9999,20,Salón,Yape,68.0,0
6199,2026-04-13,14:41,3627,20,Salón,Tarjeta,267.0,0
6200,2026-04-13,16:01,9999,17,Salón,Tarjeta,296.0,0
6201,2026-04-13,12:41,130,22,Para llevar,Tarjeta,90.0,0
6202,2026-04-13,16:28,3148,24,Salón,Yape,154.0,0
6203,2026-04-13,14:00,1770,19,Para llevar,Yape,118.0,0
6204,2026-04-13,11:26,1780,7,Salón,Plin,208.0,0
6205,2026-04-13,20:52,1431,24,Salón,Yape,220.0,0
6206,2026-04-13,14:46,5356,18,Salón,Efectivo,68.0,0
6207,2026-04-13,20:50,9999,7,Salón,Tarjeta,84.0,0
6208,2026-04-13,18:05,727,3,Para llevar,Efectivo,22.0,0
6209,2026-04-13,12:56,4211,5,Salón,Plin,70.0,0
6210,2026-04-13,20:52,2781,19,Salón,Efectivo,120.0,0
6211,2026-04-13,15:23,5311,20,Salón,Plin,56.0,0
6212,2026-04-13,14:20,2096,19,Salón,Efectivo,126.0,0
6213,2026-04-13,12:38,4930,17,Para llevar,Tarjeta,218.0,0
6214,2026-04-13,14:04,2290,19,Salón,Efectivo,69.0,0
6215,2026-04-13,13:49,5250,5,Salón,Tarjeta,104.0,0
6216,2026-04-13,14:49,2634,17,Salón,Tarjeta,101.0,0
6217,2026-04-13,14:46,2356,5,Salón,Efectivo,30.0,0
6218,2026-04-13,15:38,3553,18,Salón,Efectivo,134.0,0
6219,2026-04-13,21:05,2779,18,Salón,Tarjeta,143.0,0
6220,2026-04-13,12:50,4015,3,Salón,Tarjeta,91.0,0
6221,2026-04-13,15:51,5077,24,Salón,Efectivo,100.0,0
6222,2026-04-13,14:19,1766,18,Para llevar,Yape,120.0,0
6223,2026-04-13,19:16,1431,19,Para llevar,Plin,82.0,0
6224,2026-04-14,13:02,877,16,Salón,Efectivo,72.0,0
6225,2026-04-14,12:55,4413,20,Salón,Efectivo,218.0,0
6226,2026-09-28,13:43,2203,20,Para llevar,Yape,94.0,1
6227,2026-04-14,14:41,5462,17,Salón,Tarjeta,68.0,0
6228,2026-04-14,12:44,628,16,Salón,Efectivo,54.0,0
6229,2026-04-14,14:33,1943,17,Delivery propio,Efectivo,42.0,0
6230,2026-04-14,18:35,3882,24,Delivery propio,Yape,96.0,0
6231,2026-04-14,18:33,2624,17,Salón,Efectivo,112.0,0
6232,2026-04-14,16:44,1234,7,Salón,Efectivo,64.0,0
6233,2026-04-14,17:07,499,24,Para llevar,Efectivo,171.0,0
6234,2026-04-14,16:50,3602,19,Para llevar,Yape,42.0,0
6235,2026-04-14,13:14,4479,2,Salón,Yape,135.0,0
6236,2026-04-14,20:11,3611,16,Para llevar,Plin,124.0,0
6237,2026-04-14,21:08,5175,3,Salón,Tarjeta,286.0,0
6238,2026-04-14,19:00,9999,17,Para llevar,Yape,230.0,0
6239,2026-04-14,13:55,921,24,Para llevar,Yape,106.0,0
6240,2026-04-14,13:05,2699,18,Delivery propio,Efectivo,78.0,0
6241,2026-04-14,12:40,5215,16,Salón,Tarjeta,124.0,0
6242,2026-04-14,17:50,3425,2,Salón,Tarjeta,118.0,0
6243,2026-04-14,20:51,805,18,Salón,Tarjeta,42.0,0
6244,2026-04-14,15:56,5380,22,Delivery propio,Tarjeta,182.0,0
6245,2026-04-15,14:00,2834,17,Salón,Efectivo,204.0,0
6246,2026-04-15,13:51,2643,7,Salón,Yape,166.0,0
6247,2026-04-15,18:20,9999,2,Delivery propio,Plin,135.0,0
6248,2026-04-15,12:08,9999,18,Salón,Efectivo,33.0,0
6249,2026-04-15,18:51,3680,24,Salón,Efectivo,14.0,0
6250,2026-04-15,20:17,1423,7,Salón,Efectivo,78.0,0
6251,2026-04-15,13:57,1194,20,Salón,Efectivo,149.0,0
6252,2026-04-15,12:28,2470,18,Delivery propio,Tarjeta,180.0,0
6253,2026-04-15,17:43,9999,7,Salón,Yape,196.0,0
6254,2026-04-15,14:33,1907,7,Salón,Yape,77.0,0
6255,2026-04-15,18:50,2065,7,Para llevar,Efectivo,244.0,0
6256,2026-04-15,20:00,5314,22,Salón,Yape,163.0,0
6257,2026-04-15,14:15,906,2,Salón,Efectivo,63.0,0
6258,2026-04-15,13:55,163,2,Para llevar,Efectivo,66.0,0
6259,2026-04-15,14:38,68,17,Delivery propio,Yape,113.0,0
6260,2026-04-15,12:36,196,7,Delivery propio,Tarjeta,37.0,0
6261,2026-04-15,13:47,3554,24,Salón,Tarjeta,94.0,0
6262,2026-04-15,20:58,3965,22,Salón,Efectivo,136.0,0
6263,2026-04-15,18:28,9999,20,Salón,Tarjeta,108.0,0
6264,2026-04-15,14:46,4952,20,Salón,Plin,34.0,0
6265,2026-04-16,17:59,9999,2,Para llevar,Yape,38.0,0
6266,2026-04-16,18:04,3563,18,Delivery propio,Plin,108.0,0
6267,2026-04-16,20:39,1923,17,Salón,Efectivo,258.0,0
6268,2026-04-16,14:22,3636,3,Salón,Efectivo,143.0,0
6269,2026-04-16,19:56,3286,22,Salón,Efectivo,256.0,0
6270,2026-04-16,20:10,494,17,Para llevar,Efectivo,71.0,0
6271,2026-04-16,13:47,5321,5,Delivery propio,Efectivo,68.0,0
6272,2026-04-16,15:28,3483,19,Salón,Efectivo,86.0,0
6273,2026-04-16,13:29,4605,19,Salón,Yape,100.0,0
6274,2026-04-16,19:04,117,7,Salón,Plin,118.0,0
6275,2026-04-16,11:32,339,22,Salón,Tarjeta,200.0,0
6276,2026-04-16,14:28,4729,3,Salón,Yape,54.0,0
6277,2026-04-16,11:31,852,19,Salón,Yape,194.0,0
6278,2026-04-16,16:20,5335,16,Delivery propio,Tarjeta,34.0,0
6279,2026-04-16,11:57,534,19,Salón,Efectivo,191.0,0
6280,2026-04-16,16:18,2516,19,Salón,Tarjeta,30.0,0
6281,2026-04-17,20:03,2398,22,Salón,Yape,116.0,0
6282,2026-04-17,13:22,3192,16,Salón,Yape,122.0,0
6283,2026-04-17,19:45,287,18,Para llevar,Tarjeta,10.0,0
6284,2026-04-17,12:46,4412,3,Salón,Tarjeta,196.0,0
6285,2026-04-17,16:04,938,5,Salón,Efectivo,178.0,0
6286,2026-04-17,13:24,4181,3,Salón,Plin,124.0,0
6287,2026-04-17,11:31,9999,16,Salón,Tarjeta,101.0,0
6288,2026-04-17,18:07,4632,16,Salón,Tarjeta,116.0,0
6289,2026-04-17,14:59,9999,17,Salón,Efectivo,160.0,0
6290,2026-04-17,20:10,349,5,Salón,Efectivo,140.0,0
6291,2026-04-17,12:24,892,7,Para llevar,Yape,154.0,0
6292,2026-04-17,13:38,4904,20,Salón,Plin,168.0,0
6293,2026-04-17,20:53,9999,3,Para llevar,Plin,50.0,0
6294,2026-04-17,20:18,2522,19,Salón,Yape,77.0,0
6295,2026-04-17,21:20,9999,17,Salón,Tarjeta,59.0,0
6296,2026-04-17,21:49,9999,7,Salón,Efectivo,50.0,0
6297,2026-04-17,19:57,1695,18,Salón,Efectivo,182.0,0
6298,2026-04-17,18:05,1717,3,Salón,Tarjeta,342.0,0
6299,2026-04-17,14:50,138,16,Para llevar,Yape,36.0,0
6300,2026-04-17,15:49,20,17,Para llevar,Yape,112.0,0
6301,2026-04-17,15:06,25,22,Salón,Tarjeta,152.0,0
6302,2026-04-17,16:14,5143,2,Delivery propio,Efectivo,104.0,0
6303,2026-04-17,19:51,2816,3,Salón,Tarjeta,294.0,0
6304,2026-04-17,11:46,190,20,Salón,Efectivo,387.0,0
6305,2026-04-17,13:55,9999,2,Salón,Efectivo,135.0,0
6306,2026-04-17,18:08,4772,17,Salón,Yape,104.0,0
6307,2026-04-17,21:14,2818,20,Salón,Yape,172.0,0
6308,2026-04-17,11:54,995,18,Salón,Yape,42.0,0
6309,2026-04-17,14:46,5002,24,Delivery propio,Yape,136.0,0
6310,2026-04-17,13:07,2145,2,Delivery propio,Efectivo,194.0,0
6311,2026-04-17,15:04,1583,19,Para llevar,Efectivo,126.0,0
6312,2026-04-17,15:54,1081,22,Salón,Efectivo,156.0,0
6313,2026-04-17,11:04,1768,24,Delivery propio,Yape,224.0,0
6314,2026-04-18,15:03,5085,20,Salón,Plin,106.0,0
6315,2026-04-18,13:57,3214,5,Para llevar,Yape,156.0,0
6316,2026-04-18,20:14,4729,16,Salón,Yape,72.0,0
6317,2026-04-18,20:47,1904,16,Para llevar,Efectivo,128.0,0
6318,2026-04-18,11:02,5032,7,Salón,Tarjeta,70.0,0
6319,2026-04-18,20:19,481,20,Salón,Tarjeta,152.0,0
6320,2026-04-18,14:02,2958,16,Delivery propio,Yape,208.0,0
6321,2026-04-18,13:29,9999,5,Para llevar,Tarjeta,86.0,0
6322,2026-04-18,16:52,3121,16,Salón,Tarjeta,222.0,0
6323,2026-04-18,12:38,1689,7,Para llevar,Yape,310.0,0
6324,2026-04-18,13:35,717,22,Salón,Yape,71.0,0
6325,2026-04-18,16:38,809,24,Salón,Yape,32.0,0
6326,2026-04-18,13:49,2685,7,Para llevar,Yape,78.0,0
6327,2026-04-18,21:55,4890,5,Para llevar,Tarjeta,116.0,0
6328,2026-04-18,17:28,188,16,Salón,Efectivo,152.0,0
6329,2026-04-18,18:11,5366,17,Salón,Plin,80.0,0
6330,2026-04-18,13:50,3923,18,Salón,Tarjeta,71.0,0
6331,2026-04-18,12:51,988,20,Salón,Efectivo,132.0,0
6332,2026-04-18,17:26,3190,19,Delivery propio,Efectivo,38.0,0
6333,2026-04-18,19:48,2504,17,Salón,Tarjeta,216.0,0
6334,2026-04-18,18:26,4360,20,Salón,Efectivo,94.0,0
6335,2026-04-18,13:01,4022,3,Salón,Yape,181.0,0
6336,2026-04-18,15:10,4965,18,Delivery propio,Efectivo,264.0,0
6337,2026-04-18,19:23,5316,16,Salón,Yape,231.0,0
6338,2026-04-18,14:47,4012,17,Salón,Efectivo,148.0,0
6339,2026-04-18,14:19,9999,5,Salón,Efectivo,64.0,0
6340,2026-04-18,18:07,68,20,Salón,Efectivo,216.0,0
6341,2026-04-18,14:04,4474,19,Delivery propio,Plin,203.0,0
6342,2026-04-18,20:12,4231,3,Salón,Tarjeta,62.0,0
6343,2026-04-18,13:21,3638,17,Salón,Yape,89.0,0
6344,2026-04-18,11:39,4273,24,Salón,Tarjeta,156.0,0
6345,2026-04-18,16:43,4920,18,Salón,Tarjeta,236.0,0
6346,2026-04-18,12:11,4883,5,Salón,Yape,182.0,0
6347,2026-04-18,13:00,1527,3,Para llevar,Tarjeta,235.0,0
6348,2026-04-18,15:15,4875,17,Salón,Tarjeta,90.0,0
6349,2026-04-18,19:20,9999,24,Salón,Efectivo,132.0,0
6350,2026-04-18,13:41,5329,7,Para llevar,Plin,138.0,0
6351,2026-04-18,14:00,4386,7,Salón,Yape,189.0,0
6352,2026-04-18,21:56,2014,24,Delivery propio,Efectivo,136.0,0
6353,2026-04-18,15:55,360,18,Delivery propio,Yape,94.0,0
6354,2026-04-18,14:30,3227,17,Salón,Efectivo,194.0,0
6355,2026-04-18,13:42,2233,2,Para llevar,Efectivo,286.0,0
6356,2026-04-18,19:29,2591,5,Salón,Efectivo,218.0,0
6357,2026-04-18,15:20,1730,17,Para llevar,Efectivo,382.0,0
6358,2026-04-18,14:06,3264,7,Delivery propio,Tarjeta,88.0,0
6359,2026-04-18,15:07,4058,19,Para llevar,Yape,90.0,0
6360,2026-04-18,13:30,3121,2,Salón,Efectivo,210.0,0
6361,2026-04-19,14:13,9999,3,Para llevar,Tarjeta,230.0,0
6362,2026-04-19,14:15,3840,17,Salón,Tarjeta,84.0,0
6363,2026-04-19,13:31,2306,7,Delivery propio,Yape,122.0,0
6364,2026-04-19,21:17,1998,17,Salón,Efectivo,72.0,0
6365,2026-04-19,21:34,5200,20,Salón,Efectivo,129.0,0
6366,2026-04-19,20:46,4187,2,Salón,Efectivo,28.0,0
6367,2026-04-19,17:26,5234,5,Para llevar,Efectivo,156.0,0
6368,2026-04-19,18:44,4886,17,Delivery propio,Yape,170.0,0
6369,2026-04-19,16:24,119,19,Salón,Tarjeta,194.0,0
6370,2026-04-19,14:14,2556,16,Salón,Efectivo,90.0,0
6371,2026-04-19,11:52,2451,22,Salón,Yape,245.0,0
6372,2026-04-19,21:48,1810,18,Salón,Yape,270.0,0
6373,2026-04-19,13:11,3725,2,Para llevar,Plin,161.0,0
6374,2026-04-19,17:04,1024,19,Salón,Efectivo,48.0,0
6375,2026-04-19,14:58,3005,20,Salón,Efectivo,90.0,0
6376,2026-04-19,12:51,5019,22,Delivery propio,Yape,220.0,0
6377,2026-04-19,13:57,9999,18,Salón,Efectivo,74.0,0
6378,2026-04-19,20:22,1662,7,Para llevar,Tarjeta,110.0,0
6379,2026-04-19,15:09,5356,19,Salón,Efectivo,181.0,0
6380,2026-04-19,17:06,4978,19,Salón,Efectivo,122.0,0
6381,2026-04-19,16:48,3433,7,Salón,Yape,118.0,0
6382,2026-04-19,14:42,3521,16,Delivery propio,Efectivo,32.0,0
6383,2026-04-19,11:11,5259,5,Salón,Tarjeta,104.0,0
6384,2026-04-19,17:45,1872,7,Delivery propio,Tarjeta,66.0,0
6385,2026-04-19,11:22,5397,17,Delivery propio,Yape,56.0,0
6386,2026-04-19,13:56,1990,24,Salón,Yape,198.0,0
6387,2026-04-19,20:20,1009,7,Delivery propio,Efectivo,36.0,0
6388,2026-04-19,13:20,781,19,Salón,Yape,78.0,0
6389,2026-04-19,11:15,827,17,Salón,Yape,71.0,0
6390,2026-04-19,16:33,452,5,Delivery propio,Efectivo,213.0,0
6391,2026-04-19,19:28,3560,22,Para llevar,Yape,124.0,0
6392,2026-04-19,19:14,5205,22,Para llevar,Plin,18.0,0
6393,2026-04-19,13:38,2989,17,Salón,Tarjeta,163.0,0
6394,2026-04-19,17:35,9999,22,Salón,Tarjeta,187.0,0
6395,2026-04-19,12:30,5488,3,Salón,Yape,160.0,0
6396,2026-04-19,12:55,4215,18,Delivery propio,Efectivo,140.0,0
6397,2026-04-19,13:17,894,3,Salón,Tarjeta,248.0,0
6398,2026-04-19,13:24,316,7,Para llevar,Tarjeta,176.0,0
6399,2026-04-19,14:06,534,19,Salón,Tarjeta,243.0,0
6400,2026-04-19,12:09,4330,17,Para llevar,Yape,209.0,0
6401,2026-04-19,15:38,4778,7,Salón,Efectivo,114.0,0
6402,2026-04-19,14:42,2070,5,Salón,Yape,124.0,0
6403,2026-04-19,19:03,4574,22,Salón,Yape,122.0,0
6404,2026-04-19,13:47,4314,5,Para llevar,Yape,106.0,0
6405,2026-04-19,21:04,853,16,Salón,Tarjeta,117.0,0
6406,2026-04-19,19:39,4479,5,Delivery propio,Yape,68.0,0
6407,2026-04-20,13:43,3632,19,Para llevar,Tarjeta,199.0,0
6408,2026-04-20,13:16,9999,3,Salón,Yape,80.0,0
6409,2026-04-20,14:47,5485,5,Para llevar,Yape,90.0,0
6410,2026-04-20,19:01,3269,18,Salón,Plin,68.0,0
6411,2026-04-20,13:54,2588,2,Salón,Tarjeta,153.0,0
6412,2026-04-20,20:46,2838,5,Salón,Tarjeta,139.0,0
6413,2026-04-20,12:47,4995,5,Para llevar,Yape,248.0,0
6414,2026-04-20,17:35,1840,18,Salón,Efectivo,140.0,0
6415,2026-04-20,15:45,9999,16,Salón,Tarjeta,84.0,0
6416,2026-04-20,12:16,110,17,Salón,Efectivo,170.0,0
6417,2026-04-20,13:03,3933,22,Para llevar,Efectivo,38.0,0
6418,2026-04-20,20:15,1173,16,Salón,Efectivo,296.0,0
6419,2026-04-20,13:56,2894,7,Delivery propio,Yape,198.0,0
6420,2026-04-21,13:28,4405,16,Salón,Efectivo,121.0,0
6421,2026-04-21,18:25,3904,2,Salón,Efectivo,68.0,0
6422,2026-04-21,18:54,695,16,Salón,Efectivo,142.0,0
6423,2026-04-21,14:10,4592,16,Salón,Efectivo,118.0,0
6424,2026-04-21,13:41,659,19,Delivery propio,Yape,140.0,0
6425,2026-04-21,15:32,1074,16,Salón,Tarjeta,102.0,0
6426,2026-04-21,17:49,1038,2,Salón,Efectivo,72.0,0
6427,2026-04-21,15:31,3687,22,Salón,Yape,178.0,0
6428,2026-04-21,20:46,5402,16,Para llevar,Tarjeta,120.0,0
6429,2026-04-21,14:31,4659,5,Salón,Tarjeta,138.0,0
6430,2026-04-21,14:10,9999,22,Delivery propio,Efectivo,108.0,0
6431,2026-04-21,12:21,2090,24,Para llevar,Tarjeta,162.0,0
6432,2026-04-21,12:55,5096,22,Para llevar,Efectivo,72.0,0
6433,2026-04-21,14:05,9999,16,Salón,Efectivo,59.0,0
6434,2026-04-21,19:45,105,3,Para llevar,Tarjeta,107.0,0
6435,2026-04-21,17:49,20,3,Salón,Tarjeta,98.0,0
6436,2026-04-21,14:38,9999,3,Salón,Efectivo,16.0,0
6437,2026-04-21,14:39,1190,7,Salón,Tarjeta,248.0,0
6438,2026-04-21,20:37,5300,24,Delivery propio,Yape,91.0,0
6439,2026-04-21,12:17,3536,3,Para llevar,Yape,224.0,0
6440,2026-04-21,20:48,825,20,Salón,Yape,79.0,0
6441,2026-04-22,11:15,9999,7,Salón,Yape,22.0,0
6442,2026-04-22,13:00,1356,24,Salón,Efectivo,94.0,0
6443,2026-04-22,18:39,5244,19,Delivery propio,Plin,160.0,0
6444,2026-04-22,13:16,3926,22,Salón,Tarjeta,78.0,0
6445,2026-04-22,15:42,1140,20,Salón,Tarjeta,130.0,0
6446,2026-04-22,11:11,2377,7,Salón,Tarjeta,122.0,0
6447,2026-04-22,17:39,999,24,Delivery propio,Yape,86.0,0
6448,2026-04-22,14:37,3508,24,Delivery propio,Yape,105.0,0
6449,2026-04-22,19:55,3431,16,Salón,Efectivo,160.0,0
6450,2026-04-22,19:21,1415,20,Salón,Plin,48.0,0
6451,2026-04-22,17:27,9999,5,Salón,Tarjeta,172.0,0
6452,2026-04-22,21:23,1810,19,Salón,Yape,119.0,0
6453,2026-04-22,18:58,5391,18,Salón,Yape,144.0,0
6454,2026-04-22,19:43,1380,3,Para llevar,Efectivo,122.0,0
6455,2026-04-22,17:32,5338,2,Salón,Efectivo,157.0,0
6456,2026-04-22,13:39,2072,18,Salón,Yape,26.0,0
6457,2026-04-22,13:14,94,18,Delivery propio,Yape,30.0,0
6458,2026-04-22,19:13,4206,22,Salón,Yape,230.0,0
6459,2026-04-22,20:34,4493,3,Salón,Tarjeta,75.0,0
6460,2026-04-22,18:37,9999,16,Salón,Yape,56.0,0
6461,2026-04-22,14:59,1779,24,Salón,Yape,134.0,0
6462,2026-04-22,20:24,2546,22,Salón,Plin,150.0,0
6463,2026-04-22,11:06,448,16,Delivery propio,Yape,151.0,0
6464,2026-04-23,20:46,2837,18,Salón,Yape,73.0,0
6465,2026-04-23,14:11,1059,20,Salón,Tarjeta,136.0,0
6466,2026-04-23,13:16,1268,17,Para llevar,Efectivo,120.0,0
6467,2026-04-23,11:50,2014,2,Salón,Efectivo,40.0,0
6468,2026-04-23,11:38,1905,20,Delivery propio,Tarjeta,145.0,0
6469,2026-04-23,19:45,1815,7,Salón,Yape,106.0,0
6470,2026-04-23,16:53,4256,2,Para llevar,Yape,64.0,0
6471,2026-04-23,21:05,2829,16,Salón,Efectivo,192.0,0
6472,2026-04-23,17:26,480,5,Para llevar,Yape,198.0,0
6473,2026-04-23,13:33,3616,5,Salón,Efectivo,150.0,0
6474,2026-04-23,13:08,1213,22,Salón,Tarjeta,207.0,0
6475,2026-04-23,14:15,4342,17,Salón,Efectivo,126.0,0
6476,2026-04-23,14:16,5356,19,Salón,Tarjeta,92.0,0
6477,2026-04-23,13:47,134,22,Salón,Efectivo,247.0,0
6478,2026-04-23,18:59,4242,7,Delivery propio,Efectivo,147.0,0
6479,2026-04-23,12:22,676,18,Salón,Yape,112.0,0
6480,2026-04-23,17:35,2392,22,Salón,Yape,247.0,0
6481,2026-04-23,13:28,2811,20,Salón,Plin,103.0,0
6482,2026-04-23,21:00,1191,24,Para llevar,Yape,96.0,0
6483,2026-04-23,18:25,3792,22,Salón,Tarjeta,124.0,0
6484,2026-04-23,13:41,2638,17,Delivery propio,Efectivo,278.0,0
6485,2026-04-23,13:08,9999,17,Salón,Efectivo,122.0,0
6486,2026-04-24,13:17,4028,18,Salón,Yape,120.0,0
6487,2026-04-24,21:11,1898,19,Delivery propio,Yape,44.0,0
6488,2026-04-24,16:13,4446,20,Salón,Yape,86.0,0
6489,2026-04-24,13:16,394,16,Salón,Efectivo,100.0,0
6490,2026-04-24,18:56,9999,5,Para llevar,Yape,124.0,0
6491,2026-04-24,20:18,95,22,Salón,Tarjeta,163.0,0
6492,2026-04-24,12:47,3639,24,Para llevar,Yape,64.0,0
6493,2026-04-24,12:08,3862,7,Salón,Tarjeta,102.0,0
6494,2026-04-24,12:30,5,16,Salón,Plin,60.0,0
6495,2026-04-24,13:28,1194,22,Salón,Tarjeta,90.0,0
6496,2026-04-24,17:45,780,5,Delivery propio,Efectivo,97.0,0
6497,2026-04-24,18:16,9999,18,Para llevar,Efectivo,228.0,0
6498,2026-04-24,20:44,4204,17,Para llevar,Efectivo,180.0,0
6499,2026-04-24,14:50,1344,16,Delivery propio,Tarjeta,112.0,0
6500,2026-04-24,17:52,512,18,Salón,Tarjeta,116.0,0
6501,2026-04-24,21:34,3934,24,Salón,Tarjeta,140.0,0
6502,2026-04-24,19:53,2086,5,Para llevar,Efectivo,162.0,0
6503,2026-04-24,13:07,3812,2,Salón,Efectivo,40.0,0
6504,2026-04-24,13:25,1180,16,Salón,Yape,42.0,0
6505,2026-04-24,13:10,9999,17,Salón,Yape,168.0,0
6506,2026-04-24,13:25,2173,2,Salón,Tarjeta,45.0,0
6507,2026-04-24,19:34,2065,24,Salón,Yape,154.0,0
6508,2026-04-24,18:43,2188,5,Salón,Yape,99.0,0
6509,2026-04-24,20:33,4338,24,Para llevar,Efectivo,34.0,0
6510,2026-04-24,19:12,4861,2,Salón,Efectivo,58.0,0
6511,2026-04-24,18:14,1548,16,Delivery propio,Efectivo,125.0,0
6512,2026-04-24,18:08,41,18,Delivery propio,Tarjeta,48.0,0
6513,2026-04-24,13:46,3139,18,Salón,Efectivo,63.0,0
6514,2026-04-24,15:35,9999,5,Salón,Tarjeta,259.0,0
6515,2026-04-24,14:49,2009,2,Salón,Yape,78.0,0
6516,2026-04-24,14:14,4180,2,Delivery propio,Yape,62.0,0
6517,2026-04-25,14:11,9999,16,Salón,Efectivo,140.0,0
6518,2026-04-25,13:13,534,17,Salón,Efectivo,136.0,0
6519,2026-04-25,17:41,2861,20,Para llevar,Yape,62.0,0
6520,2026-04-25,11:28,2210,20,Salón,Tarjeta,64.0,0
6521,2026-04-25,19:08,4153,18,Salón,Yape,72.0,0
6522,2026-09-28,13:24,4851,18,Delivery propio,Yape,88.0,1
6523,2026-04-25,19:58,1450,7,Salón,Yape,48.0,0
6524,2026-04-25,13:58,2900,3,Salón,Plin,154.0,0
6525,2026-04-25,19:22,995,5,Para llevar,Tarjeta,189.0,0
6526,2026-04-25,13:29,3461,20,Salón,Plin,72.0,0
6527,2026-04-25,13:52,3710,17,Salón,Yape,177.0,0
6528,2026-04-25,20:30,4243,19,Salón,Plin,260.0,0
6529,2026-04-25,19:00,2833,2,Salón,Yape,70.0,0
6530,2026-04-25,13:36,649,5,Para llevar,Tarjeta,93.0,0
6531,2026-04-25,14:16,5230,20,Salón,Yape,84.0,0
6532,2026-04-25,11:27,499,7,Delivery propio,Efectivo,238.0,0
6533,2026-04-25,14:24,3575,18,Salón,Yape,99.0,0
6534,2026-04-25,14:41,4205,17,Salón,Efectivo,69.0,0
6535,2026-04-25,13:32,2518,17,Salón,Yape,168.0,0
6536,2026-04-25,14:28,2836,18,Salón,Yape,179.0,0
6537,2026-04-25,14:55,1958,5,Salón,Yape,132.0,0
6538,2026-04-25,20:32,4788,2,Para llevar,Efectivo,96.0,0
6539,2026-04-25,17:47,3670,7,Salón,Tarjeta,48.0,0
6540,2026-04-25,16:46,5312,16,Delivery propio,Efectivo,40.0,0
6541,2026-04-25,21:41,613,18,Salón,Tarjeta,32.0,0
6542,2026-04-25,19:27,2961,3,Salón,Yape,74.0,0
6543,2026-04-25,17:42,3555,2,Salón,Efectivo,126.0,0
6544,2026-04-25,13:00,253,19,Salón,Yape,222.0,0
6545,2026-04-25,14:05,4552,19,Salón,Yape,274.0,0
6546,2026-04-25,13:10,4420,24,Para llevar,Plin,148.0,0
6547,2026-04-25,15:17,100,18,Salón,Yape,96.0,0
6548,2026-04-25,16:53,3757,24,Salón,Tarjeta,166.0,0
6549,2026-04-25,13:58,1079,22,Delivery propio,Efectivo,94.0,0
6550,2026-04-25,14:39,4286,22,Para llevar,Tarjeta,99.0,0
6551,2026-04-25,16:22,9999,20,Salón,Efectivo,30.0,0
6552,2026-04-25,18:28,4021,7,Salón,Tarjeta,106.0,0
6553,2026-04-25,15:27,1619,20,Salón,Efectivo,126.0,0
6554,2026-04-25,13:33,234,24,Salón,Yape,78.0,0
6555,2026-04-25,15:39,3556,22,Salón,Yape,50.0,0
6556,2026-04-25,13:34,3259,16,Delivery propio,Yape,96.0,0
6557,2026-04-25,15:40,64,24,Para llevar,Tarjeta,271.0,0
6558,2026-04-25,19:06,4329,24,Salón,Tarjeta,124.0,0
6559,2026-04-25,20:26,130,2,Salón,Tarjeta,138.0,0
6560,2026-04-25,14:38,1324,5,Para llevar,Efectivo,80.0,0
6561,2026-04-25,19:16,3139,24,Para llevar,Tarjeta,142.0,0
6562,2026-04-25,15:26,9999,17,Salón,Plin,207.0,0
6563,2026-04-25,14:56,2065,17,Salón,Tarjeta,112.0,0
6564,2026-04-25,17:59,235,5,Salón,Efectivo,102.0,0
6565,2026-04-25,21:58,1357,3,Delivery propio,Yape,169.0,0
6566,2026-04-25,20:39,4329,24,Para llevar,Yape,198.0,0
6567,2026-04-25,16:07,448,3,Salón,Yape,138.0,0
6568,2026-04-25,12:01,2288,5,Salón,Yape,103.0,0
6569,2026-04-25,12:57,9999,2,Delivery propio,Yape,70.0,0
6570,2026-04-25,14:00,4948,16,Salón,Tarjeta,116.0,0
6571,2026-04-25,15:59,1756,7,Para llevar,Yape,74.0,0
6572,2026-04-25,15:38,4056,7,Delivery propio,Yape,138.0,0
6573,2026-09-28,20:28,2563,2,Salón,Yape,96.0,1
6574,2026-04-25,15:01,4211,20,Para llevar,Efectivo,101.0,0
6575,2026-04-25,21:32,165,24,Delivery propio,Efectivo,241.0,0
6576,2026-04-25,19:00,5109,17,Salón,Yape,52.0,0
6577,2026-04-25,14:45,877,5,Para llevar,Yape,80.0,0
6578,2026-04-25,16:59,3763,20,Delivery propio,Efectivo,84.0,0
6579,2026-04-25,14:03,499,7,Salón,Efectivo,114.0,0
6580,2026-04-25,12:01,2533,20,Salón,Tarjeta,40.0,0
6581,2026-04-26,12:04,359,18,Para llevar,Efectivo,118.0,0
6582,2026-04-26,14:20,5225,22,Salón,Efectivo,36.0,0
6583,2026-04-26,18:22,9999,2,Para llevar,Yape,74.0,0
6585,2026-04-26,12:25,4392,22,Salón,Tarjeta,60.0,0
6586,2026-04-26,11:32,9999,16,Delivery propio,Efectivo,82.0,0
6587,2026-04-26,13:14,2432,22,Para llevar,Tarjeta,56.0,0
6588,2026-04-26,18:10,3870,22,Salón,Efectivo,21.0,0
6589,2026-04-26,12:44,499,24,Para llevar,Tarjeta,120.0,0
6590,2026-04-26,20:44,664,19,Delivery propio,Plin,96.0,0
6591,2026-04-26,21:50,4729,22,Delivery propio,Efectivo,70.0,0
6592,2026-04-26,20:28,3141,17,Delivery propio,Tarjeta,38.0,0
6593,2026-04-26,19:55,2791,20,Para llevar,Plin,101.0,0
6594,2026-04-26,13:40,4690,20,Salón,Efectivo,118.0,0
6595,2026-04-26,12:01,202,17,Para llevar,Tarjeta,164.0,0
6596,2026-04-26,14:22,9999,2,Para llevar,Efectivo,136.0,0
6597,2026-04-26,11:01,4915,20,Para llevar,Tarjeta,81.0,0
6598,2026-04-26,20:25,5369,20,Salón,Efectivo,255.0,0
6599,2026-04-26,18:50,1977,7,Salón,Efectivo,110.0,0
6600,2026-04-26,15:36,3062,7,Salón,Yape,116.0,0
6601,2026-04-26,13:15,3441,24,Salón,Efectivo,140.0,0
6602,2026-04-26,19:51,3403,7,Delivery propio,Yape,284.0,0
6603,2026-04-26,16:38,2254,7,Salón,Efectivo,78.0,0
6604,2026-04-26,16:13,3857,19,Salón,Efectivo,104.0,0
6605,2026-04-26,14:13,4276,22,Para llevar,Tarjeta,245.0,0
6606,2026-04-26,19:26,9999,2,Salón,Efectivo,76.0,0
6607,2026-04-26,19:48,4411,16,Salón,Yape,34.0,0
6608,2026-04-26,16:10,154,18,Salón,Tarjeta,187.0,0
6609,2026-04-26,19:12,2552,7,Salón,Plin,164.0,0
6610,2026-04-26,15:34,2674,19,Salón,Yape,154.0,0
6611,2026-04-26,13:13,995,7,Delivery propio,Efectivo,28.0,0
6612,2026-04-26,20:00,2895,17,Salón,Tarjeta,42.0,0
6613,2026-04-26,14:56,3611,3,Salón,Efectivo,280.0,0
6614,2026-04-26,14:01,669,22,Para llevar,Yape,50.0,0
6615,2026-04-26,15:19,5303,20,Delivery propio,Tarjeta,91.0,0
6616,2026-04-26,14:30,4529,5,Delivery propio,Tarjeta,102.0,0
6617,2026-04-26,20:50,3162,24,Salón,Efectivo,70.0,0
6618,2026-04-26,15:28,2404,7,Salón,Yape,135.0,0
6619,2026-04-26,13:56,410,18,Para llevar,Tarjeta,202.0,0
6620,2026-04-26,11:50,4873,5,Para llevar,Plin,84.0,0
6621,2026-04-26,15:07,5433,24,Salón,Efectivo,62.0,0
6622,2026-04-26,21:18,5444,16,Salón,Efectivo,254.0,0
6623,2026-04-26,13:28,5462,2,Salón,Efectivo,112.0,0
6624,2026-04-26,13:21,4895,20,Para llevar,Efectivo,138.0,0
6625,2026-04-26,12:26,3919,19,Salón,Efectivo,143.0,0
6626,2026-04-26,19:15,4621,18,Salón,Efectivo,53.0,0
6627,2026-04-26,13:28,4164,19,Salón,Efectivo,104.0,0
6628,2026-04-26,17:40,5398,3,Salón,Tarjeta,25.0,0
6629,2026-04-26,14:57,4552,2,Salón,Tarjeta,206.0,0
6630,2026-04-26,13:42,5297,17,Salón,Efectivo,214.0,0
6631,2026-04-26,14:22,4364,24,Para llevar,Yape,122.0,0
6632,2026-04-26,14:06,1974,16,Para llevar,Tarjeta,224.0,0
6633,2026-04-26,15:51,9999,20,Salón,Plin,60.0,0
6634,2026-04-26,17:34,5337,16,Salón,Plin,150.0,0
6635,2026-04-26,14:47,9999,3,Para llevar,Yape,255.0,0
6636,2026-04-26,14:46,3843,7,Salón,Yape,118.0,0
6637,2026-04-26,14:05,499,20,Salón,Efectivo,142.0,0
6638,2026-04-26,17:32,5314,2,Salón,Tarjeta,66.0,0
6639,2026-04-26,21:29,4221,22,Salón,Plin,83.0,0
6640,2026-04-26,12:39,4604,2,Salón,Yape,148.0,0
6641,2026-04-26,11:44,3792,2,Para llevar,Efectivo,68.0,0
6642,2026-04-27,20:08,175,3,Salón,Plin,296.0,0
6643,2026-04-27,13:27,499,24,Salón,Tarjeta,212.0,0
6644,2026-04-27,12:35,5073,3,Salón,Efectivo,233.0,0
6645,2026-04-27,16:08,9999,17,Salón,Yape,62.0,0
6646,2026-04-27,19:39,4729,22,Delivery propio,Yape,130.0,0
6647,2026-04-27,19:20,1202,18,Delivery propio,Tarjeta,94.0,0
6648,2026-04-27,16:14,3354,19,Salón,Plin,178.0,0
6649,2026-04-27,19:23,4974,19,Salón,Yape,111.0,0
6650,2026-04-27,19:12,5270,19,Salón,Yape,136.0,0
6651,2026-04-27,14:46,2274,19,Salón,Yape,192.0,0
6652,2026-04-27,14:34,4124,20,Para llevar,Tarjeta,38.0,0
6653,2026-04-27,12:37,4536,5,Salón,Plin,120.0,0
6654,2026-04-28,17:34,3451,5,Para llevar,Tarjeta,143.0,0
6655,2026-04-28,20:54,3289,20,Salón,Efectivo,121.0,0
6656,2026-04-28,14:09,3734,17,Salón,Efectivo,68.0,0
6657,2026-04-28,19:43,525,16,Salón,Plin,135.0,0
6658,2026-04-28,16:14,5031,19,Salón,Efectivo,274.0,0
6659,2026-04-28,16:20,1953,20,Delivery propio,Yape,192.0,0
6660,2026-04-28,17:50,4516,17,Para llevar,Efectivo,355.0,0
6661,2026-04-28,14:11,1437,16,Delivery propio,Efectivo,170.0,0
6662,2026-04-28,20:44,2356,5,Delivery propio,Tarjeta,47.0,0
6663,2026-04-28,15:25,3780,3,Delivery propio,Plin,150.0,0
6664,2026-04-28,14:46,3723,18,Para llevar,Tarjeta,34.0,0
6665,2026-04-28,12:39,2877,20,Salón,Yape,60.0,0
6666,2026-04-28,16:09,4185,17,Delivery propio,Efectivo,52.0,0
6667,2026-04-28,12:05,3673,5,Salón,Plin,184.0,0
6668,2026-04-28,21:44,3473,7,Salón,Tarjeta,232.0,0
6669,2026-04-28,11:08,4347,19,Salón,Tarjeta,272.0,0
6670,2026-04-28,18:27,621,17,Para llevar,Efectivo,147.0,0
6671,2026-04-28,19:25,5449,7,Delivery propio,Yape,96.0,0
6672,2026-04-28,21:00,4181,24,Salón,Tarjeta,144.0,0
6673,2026-04-29,14:39,3838,17,Delivery propio,Yape,204.0,0
6674,2026-04-29,15:00,1771,18,Para llevar,Efectivo,224.0,0
6675,2026-04-29,11:05,3467,19,Para llevar,Efectivo,267.0,0
6676,2026-04-29,14:29,2700,22,Para llevar,Efectivo,144.0,0
6677,2026-04-29,19:30,4328,7,Salón,Yape,146.0,0
6678,2026-04-29,20:32,3256,22,Salón,Efectivo,20.0,0
6679,2026-04-29,14:33,2908,19,Delivery propio,Efectivo,157.0,0
6680,2026-04-29,19:54,4965,2,Salón,Tarjeta,101.0,0
6681,2026-04-29,13:30,877,7,Para llevar,Plin,302.0,0
6682,2026-04-29,14:14,3202,22,Salón,Tarjeta,142.0,0
6683,2026-04-29,16:35,211,7,Salón,Efectivo,152.0,0
6684,2026-04-29,15:07,4082,17,Salón,Efectivo,252.0,0
6685,2026-04-29,12:35,4440,18,Para llevar,Yape,30.0,0
6686,2026-04-29,19:24,371,5,Salón,Efectivo,132.0,0
6687,2026-04-29,14:16,259,20,Salón,Yape,248.0,0
6688,2026-04-29,12:48,4918,22,Salón,Efectivo,66.0,0
6689,2026-04-29,12:31,5020,7,Para llevar,Plin,130.0,0
6690,2026-04-29,12:17,976,7,Salón,Yape,314.0,0
6691,2026-04-29,12:21,4602,16,Salón,Yape,149.0,0
6692,2026-09-28,16:22,3302,17,Salón,Yape,191.0,1
6693,2026-04-29,15:29,344,5,Salón,Efectivo,26.0,0
6694,2026-04-29,19:39,4333,19,Delivery propio,Efectivo,9.0,0
6695,2026-04-30,14:19,3970,22,Salón,Efectivo,140.0,0
6696,2026-04-30,14:17,2514,19,Salón,Yape,32.0,0
6697,2026-04-30,13:28,2962,5,Delivery propio,Plin,210.0,0
6698,2026-04-30,20:08,9999,2,Salón,Efectivo,250.0,0
6699,2026-04-30,12:19,319,24,Para llevar,Tarjeta,118.0,0
6700,2026-04-30,19:45,4084,17,Salón,Efectivo,142.0,0
6701,2026-04-30,20:20,5490,18,Salón,Efectivo,106.0,0
6702,2026-04-30,18:33,9999,18,Salón,Tarjeta,324.0,0
6703,2026-04-30,12:05,1649,22,Delivery propio,Tarjeta,102.0,0
6704,2026-04-30,12:22,5321,2,Salón,Yape,272.0,0
6705,2026-04-30,12:26,5469,16,Salón,Plin,97.0,0
6706,2026-04-30,18:44,1606,24,Delivery propio,Efectivo,37.0,0
6707,2026-04-30,19:11,3549,2,Delivery propio,Tarjeta,272.0,0
6708,2026-04-30,12:40,4242,20,Salón,Plin,256.0,0
6709,2026-04-30,19:31,4503,17,Salón,Tarjeta,169.0,0
6710,2026-04-30,19:26,3513,7,Salón,Efectivo,43.0,0
6711,2026-04-30,13:34,9999,3,Delivery propio,Tarjeta,48.0,0
6712,2026-04-30,16:16,1286,18,Salón,Yape,182.0,0
6713,2026-04-30,14:53,4732,18,Salón,Efectivo,47.0,0
6714,2026-04-30,13:35,1257,20,Delivery propio,Efectivo,100.0,0
6715,2026-04-30,13:50,2959,18,Salón,Plin,166.0,0
6716,2026-04-30,12:29,3912,24,Delivery propio,Yape,128.0,0
6717,2026-04-30,13:27,1202,7,Delivery propio,Plin,87.0,0
6718,2026-04-30,20:56,1178,20,Salón,Yape,107.0,0
6719,2026-04-30,20:38,3246,5,Salón,Yape,106.0,0
6720,2026-04-30,18:50,1819,20,Salón,Tarjeta,85.0,0
6721,2026-04-30,12:00,3082,2,Delivery propio,Yape,168.0,0
6722,2026-04-30,18:39,2850,17,Salón,Tarjeta,74.0,0
6723,2026-09-28,11:36,459,24,Salón,Efectivo,136.0,1
6724,2026-04-30,18:24,9999,17,Delivery propio,Yape,149.0,0
6725,2026-04-30,14:06,3789,24,Salón,Efectivo,44.0,0
6726,2026-04-30,13:10,4496,19,Salón,Efectivo,38.0,0
6727,2026-05-01,13:29,5117,5,Salón,Yape,36.0,0
6728,2026-05-01,14:54,4177,19,Para llevar,Yape,62.0,0
6729,2026-05-01,14:29,5160,24,Delivery propio,Plin,237.0,0
6730,2026-05-01,14:56,4479,22,Salón,Yape,126.0,0
6731,2026-05-01,12:05,9999,17,Para llevar,Efectivo,166.0,0
6732,2026-05-01,14:44,3293,3,Para llevar,Tarjeta,50.0,0
6733,2026-05-01,19:36,10,17,Salón,Efectivo,92.0,0
6734,2026-05-01,18:02,291,19,Salón,Yape,115.0,0
6735,2026-05-01,19:31,299,22,Para llevar,Yape,135.0,0
6736,2026-05-01,12:35,4289,19,Salón,Efectivo,132.0,0
6737,2026-05-01,15:28,2643,5,Salón,Yape,140.0,0
6738,2026-05-01,17:33,5263,3,Salón,Yape,90.0,0
6739,2026-05-01,11:04,744,5,Salón,Yape,187.0,0
6740,2026-05-01,15:45,4480,24,Salón,Efectivo,220.0,0
6741,2026-05-01,14:56,2763,5,Para llevar,Efectivo,179.0,0
6742,2026-05-01,12:28,877,18,Delivery propio,Tarjeta,209.0,0
6743,2026-05-01,20:57,2540,20,Salón,Tarjeta,62.0,0
6744,2026-05-01,20:29,3283,17,Salón,Tarjeta,119.0,0
6745,2026-05-01,15:44,2976,20,Salón,Efectivo,60.0,0
6746,2026-05-01,14:53,4729,7,Delivery propio,Plin,102.0,0
6747,2026-05-01,18:48,3997,16,Salón,Plin,279.0,0
6748,2026-05-01,13:28,369,7,Para llevar,Efectivo,146.0,0
6749,2026-05-02,12:15,4699,24,Delivery propio,Yape,180.0,0
6750,2026-05-02,20:43,4392,7,Para llevar,Plin,91.0,0
6751,2026-05-02,13:58,2312,18,Para llevar,Efectivo,195.0,0
6752,2026-05-02,14:47,1292,24,Delivery propio,Yape,216.0,0
6753,2026-05-02,14:18,1231,5,Delivery propio,Yape,152.0,0
6754,2026-05-02,14:21,2814,16,Salón,Yape,123.0,0
6755,2026-05-02,14:55,2509,3,Delivery propio,Efectivo,259.0,0
6756,2026-05-02,21:14,4479,18,Salón,Tarjeta,216.0,0
6757,2026-05-02,18:55,350,20,Delivery propio,Efectivo,68.0,0
6758,2026-05-02,18:26,89,5,Salón,Efectivo,78.0,0
6759,2026-05-02,18:01,1739,18,Delivery propio,Plin,58.0,0
6760,2026-05-02,12:59,4143,22,Salón,Efectivo,151.0,0
6761,2026-05-02,17:29,3817,19,Salón,Efectivo,112.0,0
6762,2026-05-02,17:25,832,20,Salón,Yape,124.0,0
6763,2026-05-02,13:17,5242,24,Delivery propio,Yape,313.0,0
6764,2026-05-02,18:46,5056,20,Para llevar,Efectivo,44.0,0
6765,2026-05-02,14:46,1494,5,Salón,Yape,66.0,0
6766,2026-05-02,14:24,4886,24,Para llevar,Tarjeta,178.0,0
6767,2026-05-02,12:07,2680,3,Delivery propio,Efectivo,140.0,0
6768,2026-05-02,20:07,2034,16,Salón,Yape,127.0,0
6769,2026-05-02,14:32,5160,24,Salón,Efectivo,72.0,0
6770,2026-05-02,12:31,5277,16,Salón,Plin,228.0,0
6771,2026-05-02,18:03,836,17,Salón,Efectivo,102.0,0
6772,2026-05-02,13:43,1910,7,Para llevar,Tarjeta,158.0,0
6773,2026-05-02,14:23,235,5,Delivery propio,Yape,72.0,0
6774,2026-05-02,21:06,1332,24,Salón,Tarjeta,194.0,0
6775,2026-05-02,14:28,4020,24,Salón,Efectivo,252.0,0
6776,2026-05-02,15:31,196,22,Salón,Tarjeta,116.0,0
6777,2026-05-02,13:00,573,5,Para llevar,Tarjeta,132.0,0
6778,2026-05-02,15:57,5448,17,Salón,Efectivo,62.0,0
6779,2026-05-02,18:34,3399,5,Salón,Tarjeta,138.0,0
6780,2026-05-02,18:29,9999,2,Salón,Tarjeta,114.0,0
6781,2026-05-02,12:58,69,24,Salón,Tarjeta,68.0,0
6782,2026-05-02,15:31,224,19,Delivery propio,Yape,107.0,0
6783,2026-05-03,12:22,1151,20,Salón,Yape,44.0,0
6784,2026-05-03,13:50,4681,18,Salón,Yape,154.0,0
6785,2026-05-03,11:06,607,24,Salón,Yape,208.0,0
6786,2026-05-03,12:55,415,24,Salón,Efectivo,78.0,0
6787,2026-05-03,11:04,5267,24,Salón,Tarjeta,60.0,0
6788,2026-05-03,14:46,3098,5,Salón,Tarjeta,162.0,0
6789,2026-05-03,12:03,4372,17,Salón,Efectivo,36.0,0
6790,2026-05-03,13:39,877,2,Para llevar,Efectivo,190.0,0
6791,2026-05-03,19:31,4687,17,Salón,Tarjeta,112.0,0
6792,2026-05-03,12:47,877,22,Para llevar,Plin,60.0,0
6793,2026-05-03,20:51,5298,17,Para llevar,Yape,88.0,0
6794,2026-05-03,13:57,1577,2,Salón,Yape,181.0,0
6795,2026-05-03,12:04,4088,7,Salón,Yape,84.0,0
6796,2026-05-03,13:05,2691,17,Salón,Efectivo,162.0,0
6797,2026-05-03,18:17,1746,17,Salón,Efectivo,89.0,0
6798,2026-05-03,17:47,2478,22,Salón,Yape,175.0,0
6799,2026-05-03,20:32,9999,5,Salón,Yape,30.0,0
6800,2026-05-03,17:15,9999,24,Salón,Efectivo,150.0,0
6801,2026-05-03,19:20,1448,5,Salón,Tarjeta,90.0,0
6802,2026-05-03,13:47,4930,3,Salón,Efectivo,119.0,0
6803,2026-05-03,15:48,4736,20,Delivery propio,Efectivo,210.0,0
6804,2026-05-03,16:49,4471,5,Delivery propio,Efectivo,104.0,0
6805,2026-05-03,15:12,4723,20,Salón,Efectivo,68.0,0
6806,2026-05-03,19:31,967,16,Delivery propio,Yape,175.0,0
6807,2026-05-03,17:52,5312,20,Salón,Efectivo,30.0,0
6808,2026-05-03,17:56,5200,19,Para llevar,Efectivo,110.0,0
6809,2026-05-03,12:28,9999,22,Para llevar,Plin,68.0,0
6810,2026-05-03,14:04,1630,17,Salón,Plin,92.0,0
6811,2026-05-03,20:29,3016,24,Salón,Tarjeta,120.0,0
6812,2026-05-03,19:31,4949,16,Salón,Yape,232.0,0
6813,2026-05-03,18:02,1132,24,Para llevar,Efectivo,142.0,0
6814,2026-05-03,19:56,9999,2,Delivery propio,Yape,38.0,0
6815,2026-05-03,13:04,9999,7,Salón,Yape,192.0,0
6816,2026-05-03,13:52,4764,20,Salón,Efectivo,94.0,0
6817,2026-05-03,17:25,3538,18,Salón,Plin,167.0,0
6818,2026-05-03,15:46,1823,24,Salón,Tarjeta,104.0,0
6819,2026-05-03,11:29,967,2,Salón,Tarjeta,254.0,0
6820,2026-05-03,13:06,476,18,Delivery propio,Yape,272.0,0
6821,2026-05-03,19:24,5274,24,Salón,Tarjeta,166.0,0
6822,2026-05-03,14:16,2306,18,Para llevar,Plin,143.0,0
6823,2026-05-03,16:24,443,19,Salón,Efectivo,90.0,0
6824,2026-05-03,15:29,237,5,Salón,Efectivo,70.0,0
6825,2026-05-03,16:12,3042,17,Salón,Tarjeta,146.0,0
6826,2026-05-03,14:18,2550,18,Para llevar,Yape,186.0,0
6827,2026-05-03,19:15,3645,20,Salón,Efectivo,152.0,0
6828,2026-05-03,14:16,1214,3,Salón,Yape,10.0,0
6829,2026-05-03,17:12,4389,24,Salón,Plin,179.0,0
6830,2026-05-03,18:49,3731,20,Salón,Yape,200.0,0
6831,2026-05-03,18:27,576,17,Salón,Yape,100.0,0
6832,2026-05-03,11:53,5194,3,Para llevar,Tarjeta,177.0,0
6833,2026-05-03,19:40,5434,7,Salón,Efectivo,80.0,0
6834,2026-05-03,18:39,1676,5,Para llevar,Efectivo,38.0,0
6835,2026-05-03,17:51,229,2,Salón,Yape,58.0,0
6836,2026-05-04,12:43,926,22,Salón,Efectivo,110.0,0
6837,2026-05-04,12:16,554,7,Salón,Tarjeta,53.0,0
6838,2026-05-04,16:10,9999,17,Salón,Efectivo,48.0,0
6839,2026-05-04,15:06,2840,19,Para llevar,Tarjeta,63.0,0
6840,2026-05-04,19:05,2749,22,Salón,Efectivo,82.0,0
6841,2026-05-04,12:34,2575,16,Salón,Tarjeta,256.0,0
6842,2026-05-04,12:08,2551,17,Salón,Yape,18.0,0
6843,2026-05-04,19:58,3665,2,Salón,Efectivo,34.0,0
6844,2026-05-04,11:14,2608,19,Salón,Plin,141.0,0
6845,2026-05-04,12:30,4411,2,Salón,Efectivo,116.0,0
6846,2026-05-04,13:10,4730,19,Salón,Yape,114.0,0
6847,2026-05-04,20:44,35,24,Salón,Yape,54.0,0
6848,2026-05-04,13:16,2349,22,Salón,Yape,298.0,0
6849,2026-05-04,14:05,51,3,Delivery propio,Plin,162.0,0
6850,2026-05-04,13:02,3143,17,Salón,Yape,134.0,0
6851,2026-05-04,13:29,863,2,Salón,Yape,224.0,0
6852,2026-05-04,13:46,780,5,Salón,Yape,38.0,0
6853,2026-05-04,14:50,9999,22,Delivery propio,Yape,34.0,0
6854,2026-05-05,20:14,2729,16,Salón,Yape,22.0,0
6855,2026-05-05,20:34,2671,20,Delivery propio,Yape,216.0,0
6856,2026-05-05,21:17,3641,18,Salón,Tarjeta,93.0,0
6857,2026-05-05,13:16,4024,2,Delivery propio,Efectivo,48.0,0
6858,2026-05-05,12:02,2685,19,Salón,Efectivo,184.0,0
6859,2026-05-05,19:06,4479,16,Salón,Tarjeta,50.0,0
6860,2026-05-05,11:18,2407,18,Para llevar,Tarjeta,185.0,0
6861,2026-05-05,18:57,1887,5,Salón,Efectivo,28.0,0
6862,2026-05-05,16:57,1810,19,Salón,Efectivo,140.0,0
6863,2026-05-05,12:08,5075,19,Salón,Efectivo,178.0,0
6864,2026-05-05,18:45,1616,19,Salón,Plin,124.0,0
6865,2026-05-05,19:28,1042,5,Salón,Plin,81.0,0
6866,2026-05-05,14:49,4890,22,Para llevar,Yape,54.0,0
6867,2026-05-05,20:20,3483,19,Para llevar,Efectivo,145.0,0
6868,2026-05-05,17:05,803,22,Salón,Efectivo,90.0,0
6869,2026-05-05,19:23,2599,20,Salón,Efectivo,63.0,0
6870,2026-05-05,12:27,1664,19,Para llevar,Plin,9.0,0
6871,2026-05-06,12:26,2128,2,Salón,Efectivo,134.0,0
6872,2026-05-06,14:30,9999,17,Para llevar,Yape,216.0,0
6873,2026-05-06,13:53,3297,24,Delivery propio,Efectivo,112.0,0
6874,2026-05-06,13:48,12,19,Salón,Yape,62.0,0
6875,2026-05-06,14:43,5459,19,Para llevar,Plin,181.0,0
6876,2026-05-06,21:34,3658,3,Salón,Yape,46.0,0
6877,2026-05-06,17:09,1160,16,Salón,Tarjeta,44.0,0
6878,2026-05-06,11:47,2702,16,Para llevar,Efectivo,62.0,0
6879,2026-05-06,13:28,5435,19,Delivery propio,Tarjeta,48.0,0
6880,2026-05-06,18:15,1496,24,Delivery propio,Plin,101.0,0
6881,2026-05-06,14:16,4212,22,Salón,Yape,330.0,0
6882,2026-05-06,13:05,1359,5,Delivery propio,Efectivo,332.0,0
6883,2026-05-06,21:13,454,2,Salón,Yape,108.0,0
6884,2026-05-06,15:49,4354,20,Delivery propio,Efectivo,56.0,0
6885,2026-05-06,16:03,2718,19,Para llevar,Yape,120.0,0
6886,2026-05-06,17:54,1624,22,Delivery propio,Tarjeta,72.0,0
6887,2026-05-06,20:49,1912,2,Salón,Efectivo,112.0,0
6888,2026-05-06,13:38,1988,17,Salón,Tarjeta,128.0,0
6889,2026-05-06,14:33,2320,5,Salón,Efectivo,66.0,0
6890,2026-05-06,16:41,875,2,Salón,Efectivo,206.0,0
6891,2026-05-06,14:41,5434,16,Delivery propio,Tarjeta,66.0,0
6892,2026-05-06,21:56,1846,2,Salón,Tarjeta,84.0,0
6893,2026-05-06,13:28,4751,17,Salón,Efectivo,293.0,0
6894,2026-05-06,12:40,3203,16,Salón,Efectivo,104.0,0
6895,2026-05-06,17:08,2801,24,Salón,Plin,164.0,0
6896,2026-05-06,11:24,4801,19,Salón,Tarjeta,142.0,0
6897,2026-05-06,18:46,17,3,Salón,Efectivo,82.0,0
6898,2026-05-06,20:07,2857,17,Para llevar,Yape,82.0,0
6899,2026-05-06,13:21,1316,19,Salón,Efectivo,82.0,0
6900,2026-05-06,20:16,4066,22,Salón,Yape,128.0,0
6901,2026-05-06,14:55,1060,17,Salón,Yape,158.0,0
6902,2026-05-07,19:58,9999,24,Para llevar,Yape,110.0,0
6903,2026-05-07,14:06,1885,17,Salón,Plin,68.0,0
6904,2026-05-07,15:21,4080,16,Delivery propio,Yape,50.0,0
6905,2026-05-07,20:08,1358,2,Salón,Efectivo,183.0,0
6906,2026-05-07,18:54,4225,18,Delivery propio,Plin,102.0,0
6907,2026-05-07,16:25,118,20,Salón,Tarjeta,64.0,0
6908,2026-05-07,20:59,3482,2,Salón,Efectivo,50.0,0
6909,2026-05-07,13:53,420,5,Salón,Efectivo,202.0,0
6910,2026-05-07,18:28,2297,3,Salón,Tarjeta,202.0,0
6911,2026-05-07,12:52,1197,17,Para llevar,Yape,142.0,0
6912,2026-05-07,13:56,9999,20,Salón,Efectivo,60.0,0
6913,2026-05-07,15:24,4466,5,Delivery propio,Efectivo,108.0,0
6914,2026-05-07,13:24,1872,3,Salón,Tarjeta,10.0,0
6915,2026-05-07,13:41,4004,2,Para llevar,Tarjeta,115.0,0
6916,2026-05-07,12:04,669,16,Salón,Efectivo,54.0,0
6917,2026-05-07,13:03,15,17,Salón,Efectivo,98.0,0
6918,2026-05-07,14:17,3158,22,Delivery propio,Yape,206.0,0
6919,2026-05-07,14:28,5278,18,Salón,Plin,54.0,0
6920,2026-05-07,18:22,4135,20,Delivery propio,Yape,9.0,0
6921,2026-05-07,15:51,4906,3,Salón,Tarjeta,181.0,0
6922,2026-05-07,18:06,4302,22,Salón,Yape,80.0,0
6923,2026-05-07,17:14,3745,3,Delivery propio,Efectivo,24.0,0
6924,2026-05-07,13:43,4902,17,Salón,Efectivo,76.0,0
6925,2026-05-07,20:05,552,2,Delivery propio,Efectivo,79.0,0
6926,2026-05-07,12:46,692,16,Delivery propio,Efectivo,190.0,0
6927,2026-05-07,13:04,1008,20,Salón,Tarjeta,70.0,0
6928,2026-05-08,14:21,3574,18,Salón,Plin,64.0,0
6929,2026-05-08,15:26,5439,3,Delivery propio,Efectivo,88.0,0
6930,2026-05-08,19:09,9999,3,Salón,Efectivo,36.0,0
6931,2026-05-08,12:39,1833,7,Salón,Yape,88.0,0
6932,2026-05-08,21:15,2150,7,Salón,Efectivo,244.0,0
6933,2026-05-08,18:03,4859,7,Salón,Plin,64.0,0
6934,2026-05-08,20:05,1739,7,Para llevar,Tarjeta,102.0,0
6935,2026-05-08,11:32,877,7,Delivery propio,Efectivo,46.0,0
6936,2026-05-08,21:18,5290,18,Para llevar,Efectivo,130.0,0
6937,2026-05-08,12:30,3317,19,Salón,Tarjeta,64.0,0
6938,2026-05-08,18:19,857,24,Salón,Tarjeta,99.0,0
6939,2026-05-08,19:27,3927,2,Salón,Yape,209.0,0
6940,2026-05-08,16:59,4949,24,Para llevar,Tarjeta,144.0,0
6941,2026-05-08,19:47,4772,7,Para llevar,Tarjeta,206.0,0
6942,2026-05-08,12:08,9999,20,Salón,Yape,194.0,0
6943,2026-05-08,13:18,3435,18,Para llevar,Yape,92.0,0
6944,2026-05-08,20:39,9999,17,Salón,Tarjeta,10.0,0
6945,2026-05-08,19:53,1195,2,Salón,Efectivo,78.0,0
6946,2026-05-08,13:40,4011,18,Salón,Yape,48.0,0
6947,2026-05-08,19:34,5367,17,Delivery propio,Tarjeta,148.0,0
6948,2026-05-08,15:22,1010,17,Salón,Tarjeta,125.0,0
6949,2026-05-08,13:37,9999,3,Salón,Efectivo,178.0,0
6950,2026-05-08,18:58,3968,22,Salón,Efectivo,74.0,0
6951,2026-05-08,13:48,831,16,Delivery propio,Tarjeta,114.0,0
6952,2026-05-08,14:39,4342,3,Salón,Efectivo,139.0,0
6953,2026-05-08,13:11,4098,19,Delivery propio,Yape,6.0,0
6954,2026-05-08,13:54,1111,16,Para llevar,Yape,199.0,0
6955,2026-05-08,15:41,9999,24,Para llevar,Efectivo,120.0,0
6956,2026-05-08,13:55,4206,16,Salón,Efectivo,102.0,0
6957,2026-05-08,13:13,2800,2,Salón,Yape,177.0,0
6958,2026-05-08,21:49,2146,19,Salón,Efectivo,61.0,0
6959,2026-05-08,21:57,2959,18,Salón,Efectivo,70.0,0
6960,2026-05-08,13:44,1171,22,Para llevar,Tarjeta,85.0,0
6961,2026-05-08,16:14,4479,2,Salón,Efectivo,30.0,0
6962,2026-05-08,21:08,9999,20,Salón,Tarjeta,56.0,0
6963,2026-05-08,20:13,4971,20,Para llevar,Tarjeta,26.0,0
6964,2026-05-09,15:40,3803,16,Delivery propio,Efectivo,88.0,0
6965,2026-05-09,14:33,4649,2,Delivery propio,Efectivo,134.0,0
6966,2026-05-09,20:39,4477,24,Salón,Plin,214.0,0
6967,2026-05-09,11:58,3019,5,Delivery propio,Tarjeta,148.0,0
6968,2026-05-09,14:46,4713,17,Salón,Efectivo,174.0,0
6969,2026-05-09,13:36,430,2,Para llevar,Yape,170.0,0
6970,2026-05-09,19:11,699,22,Salón,Tarjeta,143.0,0
6971,2026-05-09,14:25,2643,16,Salón,Tarjeta,140.0,0
6972,2026-05-09,11:25,4542,3,Salón,Tarjeta,65.0,0
6973,2026-05-09,20:37,3275,24,Salón,Plin,340.0,0
6974,2026-05-09,20:54,2253,18,Delivery propio,Yape,149.0,0
6975,2026-05-09,19:38,4826,18,Salón,Efectivo,102.0,0
6976,2026-05-09,14:55,1733,22,Salón,Efectivo,102.0,0
6977,2026-05-09,14:47,959,5,Salón,Plin,160.0,0
6978,2026-05-09,15:11,877,22,Para llevar,Tarjeta,139.0,0
6979,2026-05-09,19:57,2935,16,Salón,Yape,136.0,0
6980,2026-05-09,16:30,5200,3,Salón,Efectivo,59.0,0
6981,2026-05-09,19:03,1555,16,Salón,Plin,168.0,0
6982,2026-05-09,17:28,4790,19,Salón,Efectivo,419.0,0
6983,2026-05-09,21:20,358,5,Salón,Tarjeta,54.0,0
6984,2026-05-09,17:49,5248,5,Salón,Yape,183.0,0
6985,2026-05-09,12:52,1258,16,Salón,Tarjeta,286.0,0
6986,2026-05-09,18:57,5474,3,Delivery propio,Plin,120.0,0
6987,2026-05-09,11:35,5337,5,Delivery propio,Plin,254.0,0
6988,2026-05-09,16:41,3407,5,Salón,Plin,138.0,0
6989,2026-05-09,15:43,560,5,Delivery propio,Yape,81.0,0
6990,2026-05-09,12:42,9999,2,Salón,Efectivo,58.0,0
6991,2026-05-09,18:51,1251,17,Salón,Yape,332.0,0
6992,2026-05-09,18:39,9999,3,Salón,Tarjeta,58.0,0
6993,2026-05-09,13:27,841,2,Delivery propio,Tarjeta,36.0,0
6994,2026-05-09,12:32,5280,7,Delivery propio,Yape,339.0,0
6995,2026-05-09,13:53,2052,5,Salón,Efectivo,116.0,0
6996,2026-05-09,20:32,1379,7,Salón,Yape,63.0,0
6997,2026-05-09,13:24,1435,5,Salón,Yape,74.0,0
6998,2026-05-09,18:26,2836,16,Salón,Tarjeta,110.0,0
6999,2026-05-09,13:44,3153,5,Para llevar,Yape,245.0,0
7000,2026-05-09,20:20,4968,16,Salón,Yape,87.0,0
7001,2026-05-09,17:35,3906,17,Salón,Plin,68.0,0
7002,2026-05-09,12:55,1805,7,Delivery propio,Yape,122.0,0
7003,2026-05-09,14:08,2854,17,Salón,Yape,138.0,0
7004,2026-05-09,13:38,2178,5,Salón,Yape,24.0,0
7005,2026-05-09,14:40,5281,7,Para llevar,Efectivo,142.0,0
7006,2026-05-09,20:33,3051,16,Salón,Plin,104.0,0
7007,2026-05-09,20:44,1772,16,Salón,Yape,120.0,0
7008,2026-05-09,12:55,877,19,Para llevar,Yape,293.0,0
7009,2026-05-09,20:17,632,18,Para llevar,Efectivo,208.0,0
7010,2026-05-09,21:19,1671,7,Salón,Yape,16.0,0
7011,2026-05-10,20:59,2407,7,Delivery propio,Tarjeta,9.0,0
7012,2026-05-10,14:34,349,2,Salón,Efectivo,68.0,0
7013,2026-05-10,16:24,4389,17,Salón,Yape,32.0,0
7014,2026-05-10,14:32,2963,16,Salón,Plin,18.0,0
7015,2026-05-10,18:35,3349,19,Salón,Plin,102.0,0
7016,2026-05-10,21:32,417,2,Salón,Tarjeta,69.0,0
7017,2026-05-10,19:43,583,2,Para llevar,Yape,54.0,0
7018,2026-05-10,18:46,1470,16,Salón,Yape,82.0,0
7019,2026-05-10,14:31,4535,18,Salón,Efectivo,213.0,0
7020,2026-05-10,19:47,4370,7,Salón,Yape,94.0,0
7021,2026-05-10,19:44,4243,24,Salón,Yape,32.0,0
7022,2026-05-10,19:45,4502,17,Delivery propio,Efectivo,108.0,0
7023,2026-05-10,14:02,1293,22,Salón,Yape,138.0,0
7024,2026-05-10,18:05,1747,5,Para llevar,Plin,35.0,0
7025,2026-05-10,13:43,9999,22,Salón,Efectivo,154.0,0
7026,2026-05-10,16:35,3872,17,Para llevar,Tarjeta,436.0,0
7027,2026-05-10,14:38,4962,20,Salón,Tarjeta,30.0,0
7028,2026-05-10,12:42,9999,18,Salón,Efectivo,206.0,0
7029,2026-05-10,12:24,1491,3,Salón,Tarjeta,32.0,0
7030,2026-05-10,16:12,3641,17,Salón,Efectivo,48.0,0
7031,2026-05-10,11:10,2251,17,Salón,Efectivo,128.0,0
7032,2026-05-10,17:31,2714,24,Salón,Plin,84.0,0
7033,2026-05-10,13:23,3867,16,Salón,Yape,142.0,0
7034,2026-05-10,13:50,2700,2,Salón,Plin,150.0,0
7035,2026-05-10,13:39,9999,20,Salón,Efectivo,190.0,0
7036,2026-05-10,11:54,270,20,Salón,Efectivo,86.0,0
7037,2026-05-10,13:07,877,18,Salón,Tarjeta,86.0,0
7038,2026-05-10,13:03,407,3,Salón,Yape,162.0,0
7039,2026-05-10,18:16,9999,2,Salón,Tarjeta,73.0,0
7040,2026-05-10,12:17,4846,2,Salón,Yape,66.0,0
7041,2026-05-10,17:14,5014,16,Delivery propio,Efectivo,189.0,0
7042,2026-05-10,13:39,2774,16,Salón,Efectivo,239.0,0
7043,2026-05-10,15:20,4201,7,Salón,Yape,166.0,0
7044,2026-05-10,15:59,9999,24,Salón,Tarjeta,100.0,0
7045,2026-05-10,12:52,4656,24,Salón,Yape,192.0,0
7046,2026-05-10,17:48,1886,3,Salón,Tarjeta,172.0,0
7047,2026-05-10,17:11,1896,20,Salón,Plin,79.0,0
7048,2026-05-10,15:27,4067,19,Salón,Plin,9.0,0
7049,2026-05-10,15:11,957,7,Para llevar,Yape,96.0,0
7050,2026-05-10,18:42,926,16,Para llevar,Efectivo,212.0,0
7051,2026-05-10,13:32,2035,24,Salón,Yape,196.0,0
7052,2026-05-10,16:32,4621,19,Salón,Efectivo,78.0,0
7053,2026-05-10,12:24,9999,2,Para llevar,Tarjeta,116.0,0
7054,2026-05-10,18:56,2284,20,Salón,Efectivo,74.0,0
7055,2026-05-10,11:41,553,18,Salón,Yape,130.0,0
7056,2026-05-10,11:26,3321,2,Salón,Tarjeta,185.0,0
7057,2026-05-10,21:04,4658,16,Delivery propio,Yape,146.0,0
7058,2026-05-10,14:31,237,22,Para llevar,Yape,94.0,0
7059,2026-05-10,16:08,4729,18,Salón,Plin,24.0,0
7060,2026-05-10,13:23,9999,17,Delivery propio,Plin,93.0,0
7061,2026-05-10,13:19,3626,22,Para llevar,Plin,102.0,0
7062,2026-05-10,14:07,3117,7,Para llevar,Yape,158.0,0
7063,2026-05-10,15:01,3041,2,Para llevar,Efectivo,24.0,0
7064,2026-05-10,14:39,4207,2,Salón,Yape,72.0,0
7065,2026-05-10,14:44,211,24,Delivery propio,Efectivo,126.0,0
7066,2026-05-10,19:32,1151,17,Salón,Efectivo,60.0,0
7067,2026-05-11,11:08,2174,3,Salón,Efectivo,114.0,0
7068,2026-05-11,12:45,5262,16,Delivery propio,Yape,146.0,0
7069,2026-05-11,13:49,1695,19,Salón,Efectivo,132.0,0
7070,2026-05-11,14:45,3792,16,Salón,Yape,76.0,0
7071,2026-05-11,13:33,4630,2,Delivery propio,Yape,96.0,0
7072,2026-05-11,11:33,1214,3,Para llevar,Efectivo,100.0,0
7073,2026-05-11,13:29,4491,18,Delivery propio,Plin,49.0,0
7074,2026-05-11,13:29,3055,16,Salón,Efectivo,149.0,0
7075,2026-05-11,14:48,5436,20,Salón,Yape,209.0,0
7076,2026-05-11,18:26,1198,16,Salón,Yape,118.0,0
7077,2026-05-11,14:17,5130,7,Delivery propio,Efectivo,198.0,0
7078,2026-05-11,18:07,1744,24,Salón,Yape,116.0,0
7079,2026-05-11,20:51,1214,22,Salón,Yape,90.0,0
7080,2026-05-11,14:15,5070,16,Delivery propio,Efectivo,174.0,0
7081,2026-05-11,15:32,4727,20,Salón,Efectivo,130.0,0
7082,2026-05-11,14:23,4736,19,Delivery propio,Tarjeta,248.0,0
7083,2026-05-11,17:34,3087,22,Salón,Yape,143.0,0
7084,2026-05-11,15:11,9999,19,Salón,Yape,172.0,0
7085,2026-05-11,14:44,3549,20,Salón,Efectivo,210.0,0
7086,2026-05-11,11:50,316,16,Salón,Yape,34.0,0
7087,2026-05-11,14:52,3567,18,Salón,Efectivo,119.0,0
7088,2026-05-11,13:30,2068,7,Delivery propio,Yape,38.0,0
7089,2026-05-11,12:15,2904,16,Delivery propio,Efectivo,231.0,0
7090,2026-05-11,14:02,501,22,Salón,Plin,10.0,0
7091,2026-05-11,18:56,4735,2,Salón,Efectivo,134.0,0
7092,2026-05-11,12:09,3434,19,Salón,Efectivo,84.0,0
7093,2026-05-11,15:54,4899,19,Delivery propio,Tarjeta,200.0,0
7094,2026-05-11,18:47,3273,22,Para llevar,Efectivo,62.0,0
7095,2026-05-11,14:34,788,18,Salón,Efectivo,44.0,0
7096,2026-05-11,15:14,3233,22,Salón,Efectivo,221.0,0
7097,2026-05-12,13:17,4293,5,Para llevar,Efectivo,136.0,0
7098,2026-05-12,14:08,3487,24,Salón,Tarjeta,52.0,0
7099,2026-05-12,14:34,2790,18,Delivery propio,Yape,166.0,0
7100,2026-05-12,18:45,196,7,Salón,Efectivo,102.0,0
7101,2026-05-12,13:37,2411,22,Salón,Plin,87.0,0
7102,2026-05-12,20:40,1556,5,Delivery propio,Efectivo,224.0,0
7103,2026-05-12,12:55,9999,18,Delivery propio,Efectivo,240.0,0
7104,2026-05-12,20:05,1157,24,Delivery propio,Tarjeta,287.0,0
7105,2026-05-12,15:37,3734,5,Para llevar,Yape,86.0,0
7106,2026-05-12,14:36,913,20,Salón,Plin,305.0,0
7107,2026-05-12,13:06,995,24,Para llevar,Yape,68.0,0
7108,2026-05-12,11:29,1391,20,Salón,Yape,188.0,0
7109,2026-05-12,19:54,9999,16,Delivery propio,Tarjeta,44.0,0
7110,2026-05-12,15:42,20,16,Salón,Efectivo,84.0,0
7111,2026-05-12,17:30,583,18,Salón,Efectivo,286.0,0
7112,2026-05-12,12:38,3250,24,Salón,Plin,224.0,0
7113,2026-05-12,19:04,5285,18,Salón,Yape,62.0,0
7114,2026-05-12,13:52,2141,24,Salón,Tarjeta,120.0,0
7115,2026-05-12,15:42,3057,3,Salón,Tarjeta,82.0,0
7116,2026-05-12,20:33,5424,16,Para llevar,Plin,60.0,0
7117,2026-05-12,19:01,518,2,Salón,Tarjeta,51.0,0
7118,2026-05-12,13:06,3393,3,Salón,Plin,62.0,0
7119,2026-05-12,20:04,3328,7,Salón,Efectivo,112.0,0
7120,2026-05-13,13:36,1975,24,Salón,Efectivo,72.0,0
7121,2026-05-13,12:31,852,2,Salón,Tarjeta,56.0,0
7122,2026-05-13,20:47,1567,7,Para llevar,Efectivo,172.0,0
7123,2026-05-13,16:15,3247,7,Salón,Efectivo,122.0,0
7124,2026-05-13,14:18,3945,24,Salón,Tarjeta,111.0,0
7125,2026-05-13,17:07,142,2,Salón,Efectivo,52.0,0
7126,2026-05-13,19:23,3517,5,Salón,Yape,254.0,0
7127,2026-05-13,21:01,331,18,Salón,Efectivo,164.0,0
7128,2026-05-13,17:59,3485,22,Salón,Tarjeta,70.0,0
7129,2026-05-13,13:28,452,18,Salón,Tarjeta,136.0,0
7130,2026-05-13,13:23,1985,20,Salón,Efectivo,72.0,0
7131,2026-05-13,14:00,4174,3,Salón,Plin,174.0,0
7132,2026-05-13,14:42,2541,22,Salón,Efectivo,36.0,0
7133,2026-05-13,20:38,4927,22,Salón,Efectivo,294.0,0
7134,2026-05-13,13:26,754,19,Salón,Yape,207.0,0
7135,2026-05-13,16:43,5312,24,Salón,Yape,28.0,0
7136,2026-05-13,14:40,2929,5,Salón,Efectivo,60.0,0
7137,2026-05-13,19:48,5230,2,Para llevar,Plin,138.0,0
7138,2026-05-13,14:47,666,19,Salón,Yape,84.0,0
7139,2026-05-13,15:46,4091,7,Para llevar,Efectivo,36.0,0
7140,2026-05-13,13:52,5132,16,Salón,Efectivo,112.0,0
7141,2026-05-13,13:03,9999,5,Salón,Yape,74.0,0
7142,2026-05-13,11:14,4581,20,Delivery propio,Efectivo,98.0,0
7143,2026-05-14,20:36,9999,2,Delivery propio,Efectivo,432.0,0
7144,2026-05-14,16:58,313,18,Salón,Efectivo,85.0,0
7145,2026-05-14,14:49,9999,22,Salón,Efectivo,304.0,0
7146,2026-05-14,21:11,2597,19,Para llevar,Tarjeta,132.0,0
7147,2026-05-14,17:16,877,16,Para llevar,Tarjeta,132.0,0
7148,2026-05-14,18:20,2865,18,Delivery propio,Yape,90.0,0
7149,2026-05-14,13:59,201,3,Salón,Efectivo,84.0,0
7150,2026-05-14,13:02,4799,24,Delivery propio,Plin,212.0,0
7151,2026-05-14,19:25,4631,7,Para llevar,Efectivo,141.0,0
7152,2026-05-14,13:31,4479,16,Salón,Efectivo,106.0,0
7153,2026-05-14,13:38,2478,17,Salón,Yape,166.0,0
7154,2026-05-14,13:26,3372,24,Para llevar,Efectivo,104.0,0
7155,2026-05-14,11:37,2125,24,Para llevar,Plin,164.0,0
7156,2026-05-14,14:06,3627,2,Salón,Efectivo,129.0,0
7157,2026-05-14,13:36,9999,5,Salón,Tarjeta,72.0,0
7158,2026-05-14,16:20,9999,7,Salón,Yape,110.0,0
7159,2026-05-14,14:18,108,17,Salón,Yape,183.0,0
7160,2026-05-14,14:23,1568,17,Delivery propio,Tarjeta,59.0,0
7161,2026-05-14,12:09,1780,19,Delivery propio,Efectivo,244.0,0
7162,2026-05-14,13:00,5361,18,Salón,Tarjeta,206.0,0
7163,2026-05-14,14:25,780,17,Salón,Yape,102.0,0
7164,2026-05-14,19:05,294,2,Salón,Tarjeta,122.0,0
7165,2026-05-14,15:39,1386,24,Para llevar,Efectivo,60.0,0
7166,2026-05-14,12:46,2735,20,Delivery propio,Efectivo,138.0,0
7167,2026-05-14,11:03,2908,5,Salón,Yape,18.0,0
7168,2026-05-14,14:58,1116,16,Salón,Yape,83.0,0
7169,2026-05-15,14:59,4205,7,Salón,Tarjeta,206.0,0
7170,2026-05-15,16:20,1382,18,Salón,Efectivo,86.0,0
7171,2026-05-15,16:30,1428,17,Delivery propio,Plin,129.0,0
7172,2026-05-15,13:05,520,18,Para llevar,Efectivo,114.0,0
7173,2026-05-15,12:05,4807,17,Delivery propio,Tarjeta,164.0,0
7174,2026-05-15,19:34,2508,17,Salón,Efectivo,98.0,0
7175,2026-05-15,16:07,2284,24,Salón,Plin,85.0,0
7176,2026-05-15,14:58,612,24,Salón,Efectivo,94.0,0
7177,2026-05-15,19:54,3448,2,Salón,Tarjeta,168.0,0
7178,2026-05-15,21:48,4087,2,Salón,Yape,158.0,0
7179,2026-05-15,15:34,3447,19,Delivery propio,Yape,216.0,0
7180,2026-05-15,19:10,4150,2,Salón,Yape,238.0,0
7181,2026-05-15,15:02,3771,3,Para llevar,Efectivo,72.0,0
7182,2026-05-15,13:49,758,7,Salón,Tarjeta,228.0,0
7183,2026-05-15,15:31,4300,17,Salón,Tarjeta,166.0,0
7184,2026-05-15,12:46,4596,24,Para llevar,Tarjeta,106.0,0
7185,2026-05-15,18:48,3161,3,Salón,Plin,124.0,0
7186,2026-05-15,20:44,2393,16,Salón,Tarjeta,186.0,0
7187,2026-05-15,13:15,3725,5,Salón,Plin,225.0,0
7188,2026-05-15,15:49,3292,5,Delivery propio,Tarjeta,107.0,0
7189,2026-05-15,18:00,4731,22,Salón,Efectivo,126.0,0
7190,2026-05-15,14:19,715,5,Salón,Plin,194.0,0
7191,2026-05-15,16:46,3774,17,Salón,Yape,82.0,0
7192,2026-05-15,21:57,3300,22,Salón,Plin,65.0,0
7193,2026-05-15,19:33,3126,18,Delivery propio,Yape,69.0,0
7194,2026-05-15,15:16,1576,16,Para llevar,Efectivo,72.0,0
7195,2026-05-15,18:38,675,5,Para llevar,Tarjeta,80.0,0
7196,2026-05-15,14:01,3534,22,Para llevar,Efectivo,168.0,0
7197,2026-05-15,15:50,9999,7,Salón,Tarjeta,95.0,0
7198,2026-05-15,13:42,4824,5,Salón,Tarjeta,300.0,0
7199,2026-09-28,20:40,3262,3,Salón,Efectivo,142.0,1
7200,2026-05-15,13:30,3302,22,Delivery propio,Efectivo,72.0,0
7201,2026-05-15,13:20,2054,18,Para llevar,Tarjeta,78.0,0
7202,2026-05-15,12:25,2252,18,Salón,Yape,150.0,0
7203,2026-05-15,13:41,1179,5,Para llevar,Plin,96.0,0
7204,2026-05-15,18:14,9999,18,Salón,Efectivo,247.0,0
7205,2026-05-15,18:09,5418,22,Delivery propio,Tarjeta,62.0,0
7206,2026-05-15,13:29,2587,16,Para llevar,Efectivo,143.0,0
7207,2026-05-15,16:17,173,20,Para llevar,Tarjeta,40.0,0
7208,2026-05-15,12:34,2900,24,Salón,Efectivo,96.0,0
7209,2026-05-15,12:39,1091,5,Salón,Yape,164.0,0
7210,2026-05-15,15:52,378,19,Salón,Efectivo,179.0,0
7211,2026-05-15,15:53,814,18,Salón,Efectivo,100.0,0
7212,2026-05-16,13:31,1850,19,Delivery propio,Yape,170.0,0
7213,2026-05-16,20:53,3823,22,Salón,Yape,120.0,0
7214,2026-05-16,21:48,2991,5,Salón,Yape,64.0,0
7215,2026-05-16,15:42,531,17,Salón,Yape,170.0,0
7216,2026-05-16,13:36,628,3,Salón,Yape,104.0,0
7217,2026-05-16,12:03,2315,24,Salón,Yape,129.0,0
7218,2026-05-16,21:33,364,16,Salón,Plin,66.0,0
7219,2026-05-16,14:28,1624,5,Salón,Yape,78.0,0
7220,2026-05-16,12:19,4392,3,Salón,Efectivo,98.0,0
7221,2026-05-16,16:14,3266,18,Salón,Efectivo,164.0,0
7222,2026-05-16,13:48,5038,16,Para llevar,Efectivo,30.0,0
7223,2026-05-16,14:35,2339,19,Salón,Yape,130.0,0
7224,2026-05-16,14:58,2655,22,Salón,Efectivo,142.0,0
7225,2026-05-16,15:09,4574,22,Salón,Tarjeta,203.0,0
7226,2026-05-16,21:10,3585,5,Salón,Efectivo,170.0,0
7227,2026-05-16,17:57,5034,20,Delivery propio,Efectivo,114.0,0
7228,2026-05-16,19:59,2597,7,Delivery propio,Efectivo,115.0,0
7229,2026-05-16,11:39,3656,5,Salón,Tarjeta,193.0,0
7230,2026-05-16,14:40,5215,22,Salón,Tarjeta,174.0,0
7231,2026-05-16,15:11,4592,7,Salón,Yape,36.0,0
7232,2026-05-16,13:51,3363,5,Delivery propio,Efectivo,168.0,0
7233,2026-05-16,12:28,2388,24,Salón,Plin,175.0,0
7234,2026-05-16,11:48,670,7,Para llevar,Tarjeta,257.0,0
7235,2026-05-16,11:25,2836,3,Delivery propio,Tarjeta,104.0,0
7236,2026-05-16,14:12,2505,5,Para llevar,Plin,164.0,0
7237,2026-05-16,14:41,9999,2,Salón,Plin,136.0,0
7238,2026-05-16,12:50,1068,19,Salón,Tarjeta,50.0,0
7239,2026-05-16,18:37,5388,20,Delivery propio,Efectivo,98.0,0
7240,2026-05-16,19:52,3584,3,Para llevar,Tarjeta,102.0,0
7241,2026-05-16,21:24,1799,20,Salón,Tarjeta,104.0,0
7242,2026-05-16,13:52,4015,18,Salón,Efectivo,71.0,0
7243,2026-05-16,13:45,33,18,Salón,Yape,68.0,0
7244,2026-05-16,17:52,4633,20,Salón,Plin,196.0,0
7245,2026-05-16,12:10,3222,5,Salón,Efectivo,166.0,0
7246,2026-05-16,12:45,1616,5,Para llevar,Plin,100.0,0
7247,2026-05-16,20:33,5250,22,Salón,Yape,26.0,0
7248,2026-05-16,15:52,1503,3,Salón,Yape,66.0,0
7249,2026-05-16,13:35,9999,7,Salón,Plin,68.0,0
7250,2026-05-16,13:57,3061,7,Salón,Yape,152.0,0
7251,2026-05-16,18:15,2880,22,Para llevar,Efectivo,63.0,0
7252,2026-05-16,12:48,4196,18,Delivery propio,Yape,94.0,0
7253,2026-05-16,13:10,3172,24,Salón,Yape,95.0,0
7254,2026-05-17,13:34,1328,7,Para llevar,Plin,170.0,0
7255,2026-05-17,18:54,5291,17,Salón,Efectivo,36.0,0
7256,2026-05-17,15:02,2247,22,Para llevar,Tarjeta,100.0,0
7257,2026-05-17,11:24,559,5,Salón,Efectivo,131.0,0
7258,2026-05-17,19:11,2338,3,Salón,Efectivo,50.0,0
7259,2026-05-17,14:53,3183,19,Para llevar,Efectivo,294.0,0
7260,2026-05-17,16:57,1603,3,Salón,Efectivo,114.0,0
7261,2026-05-17,15:26,906,19,Delivery propio,Yape,76.0,0
7262,2026-05-17,20:47,1018,7,Salón,Tarjeta,110.0,0
7263,2026-05-17,20:29,1427,19,Salón,Tarjeta,156.0,0
7264,2026-05-17,17:38,1018,5,Salón,Efectivo,176.0,0
7265,2026-05-17,14:12,547,3,Salón,Efectivo,66.0,0
7266,2026-05-17,20:47,877,16,Salón,Tarjeta,176.0,0
7267,2026-05-17,15:59,4632,19,Para llevar,Efectivo,234.0,0
7268,2026-05-17,20:54,1938,3,Salón,Tarjeta,146.0,0
7269,2026-05-17,13:40,1583,18,Salón,Tarjeta,276.0,0
7270,2026-05-17,16:57,1284,16,Salón,Yape,66.0,0
7271,2026-05-17,14:54,9999,22,Salón,Tarjeta,186.0,0
7272,2026-05-17,18:49,3933,3,Salón,Yape,175.0,0
7273,2026-05-17,11:17,2710,7,Delivery propio,Plin,158.0,0
7274,2026-05-17,20:27,4872,18,Salón,Tarjeta,74.0,0
7275,2026-05-17,14:12,2784,20,Salón,Efectivo,124.0,0
7276,2026-05-17,15:31,1220,2,Para llevar,Efectivo,106.0,0
7277,2026-05-17,20:09,1431,7,Delivery propio,Efectivo,120.0,0
7278,2026-05-17,13:41,2960,19,Salón,Tarjeta,22.0,0
7279,2026-05-17,14:11,3650,22,Salón,Efectivo,149.0,0
7280,2026-05-17,12:22,2398,24,Salón,Plin,22.0,0
7281,2026-05-17,15:05,3361,22,Para llevar,Efectivo,159.0,0
7282,2026-05-17,21:54,9999,3,Salón,Efectivo,184.0,0
7283,2026-05-17,14:03,1140,17,Salón,Tarjeta,142.0,0
7284,2026-05-17,20:08,1284,16,Para llevar,Efectivo,354.0,0
7285,2026-05-17,12:18,2878,24,Salón,Tarjeta,66.0,0
7286,2026-05-17,14:18,4014,24,Salón,Plin,72.0,0
7287,2026-05-17,13:48,2403,2,Delivery propio,Yape,102.0,0
7288,2026-05-17,18:19,2115,5,Para llevar,Efectivo,180.0,0
7289,2026-05-17,17:57,2316,16,Para llevar,Plin,201.0,0
7290,2026-05-17,12:11,1129,24,Delivery propio,Yape,156.0,0
7291,2026-05-17,15:36,710,5,Salón,Plin,82.0,0
7292,2026-05-17,14:46,1091,19,Para llevar,Yape,99.0,0
7293,2026-05-17,14:33,5287,24,Salón,Efectivo,64.0,0
7294,2026-05-17,14:49,3602,17,Salón,Yape,208.0,0
7295,2026-05-17,16:44,1580,17,Salón,Efectivo,90.0,0
7296,2026-05-17,14:06,9999,20,Salón,Yape,152.0,0
7297,2026-05-18,19:47,877,24,Para llevar,Plin,112.0,0
7298,2026-05-18,13:30,4566,19,Salón,Efectivo,102.0,0
7299,2026-05-18,13:15,1262,2,Salón,Yape,83.0,0
7300,2026-05-18,13:02,4875,2,Salón,Tarjeta,282.0,0
7301,2026-05-18,12:34,5483,19,Salón,Yape,120.0,0
7302,2026-05-18,20:56,2688,5,Salón,Efectivo,74.0,0
7303,2026-05-18,18:00,2552,2,Para llevar,Yape,44.0,0
7304,2026-05-18,11:50,3566,24,Salón,Efectivo,63.0,0
7305,2026-05-18,16:58,1844,3,Delivery propio,Yape,52.0,0
7306,2026-05-18,13:14,3588,3,Salón,Tarjeta,46.0,0
7307,2026-05-18,14:14,2582,19,Salón,Tarjeta,84.0,0
7308,2026-05-18,20:57,1071,20,Salón,Plin,236.0,0
7309,2026-05-18,12:16,2507,16,Salón,Efectivo,76.0,0
7310,2026-05-18,16:26,9999,2,Salón,Efectivo,114.0,0
7311,2026-05-18,20:39,1998,7,Salón,Efectivo,72.0,0
7312,2026-05-18,14:45,1158,2,Para llevar,Efectivo,125.0,0
7313,2026-05-18,13:13,1776,16,Salón,Yape,52.0,0
7314,2026-05-18,20:13,5337,3,Salón,Tarjeta,130.0,0
7315,2026-05-18,14:58,534,18,Delivery propio,Efectivo,108.0,0
7316,2026-05-18,15:40,4574,2,Para llevar,Yape,48.0,0
7317,2026-05-18,19:19,1739,16,Salón,Tarjeta,204.0,0
7318,2026-05-18,20:01,790,22,Salón,Efectivo,174.0,0
7319,2026-05-18,14:37,4973,5,Salón,Yape,94.0,0
7320,2026-05-18,14:27,9999,22,Delivery propio,Yape,120.0,0
7321,2026-05-18,21:18,1039,17,Salón,Efectivo,190.0,0
7322,2026-05-18,13:38,229,3,Salón,Tarjeta,108.0,0
7323,2026-05-18,12:57,2885,19,Salón,Plin,117.0,0
7324,2026-05-19,16:59,5389,3,Salón,Yape,164.0,0
7325,2026-05-19,19:27,2988,7,Salón,Efectivo,180.0,0
7326,2026-05-19,17:31,2321,24,Delivery propio,Yape,74.0,0
7327,2026-05-19,14:20,1134,24,Salón,Tarjeta,80.0,0
7328,2026-05-19,20:41,3865,19,Delivery propio,Tarjeta,46.0,0
7329,2026-05-19,20:36,5256,20,Para llevar,Tarjeta,308.0,0
7330,2026-05-19,19:46,30,20,Para llevar,Plin,66.0,0
7331,2026-05-19,13:16,5377,20,Salón,Plin,168.0,0
7332,2026-05-19,19:10,9999,24,Salón,Tarjeta,54.0,0
7333,2026-05-19,20:55,2086,19,Salón,Tarjeta,221.0,0
7334,2026-05-19,15:21,3407,16,Salón,Efectivo,178.0,0
7335,2026-05-19,13:01,9999,16,Delivery propio,Plin,56.0,0
7336,2026-05-19,14:09,4154,22,Salón,Tarjeta,162.0,0
7337,2026-05-19,12:34,5334,22,Para llevar,Yape,64.0,0
7338,2026-05-19,20:14,13,19,Salón,Tarjeta,74.0,0
7339,2026-05-19,16:28,2881,22,Delivery propio,Efectivo,150.0,0
7340,2026-05-19,11:13,9999,16,Salón,Yape,252.0,0
7341,2026-05-19,18:10,5425,22,Para llevar,Tarjeta,121.0,0
7342,2026-05-19,15:25,2510,19,Salón,Plin,164.0,0
7343,2026-05-19,13:13,9999,3,Salón,Yape,36.0,0
7344,2026-05-19,19:08,3969,16,Para llevar,Efectivo,74.0,0
7345,2026-05-19,13:51,2990,5,Salón,Yape,156.0,0
7346,2026-05-19,17:00,3901,5,Salón,Yape,44.0,0
7347,2026-05-19,18:53,5365,3,Salón,Efectivo,77.0,0
7348,2026-05-19,21:47,3803,16,Salón,Efectivo,161.0,0
7349,2026-05-19,16:50,5044,20,Salón,Efectivo,148.0,0
7350,2026-05-19,15:26,1632,22,Para llevar,Yape,66.0,0
7351,2026-05-19,14:17,861,19,Delivery propio,Yape,78.0,0
7352,2026-05-20,11:14,5066,17,Salón,Tarjeta,206.0,0
7353,2026-05-20,13:29,562,20,Delivery propio,Efectivo,104.0,0
7354,2026-05-20,16:35,2123,2,Salón,Efectivo,62.0,0
7355,2026-05-20,13:28,4406,7,Salón,Tarjeta,62.0,0
7356,2026-05-20,18:17,5344,2,Delivery propio,Tarjeta,244.0,0
7357,2026-05-20,19:21,9999,2,Para llevar,Yape,60.0,0
7358,2026-05-20,11:26,3668,16,Delivery propio,Efectivo,18.0,0
7359,2026-05-20,14:35,2490,19,Salón,Tarjeta,108.0,0
7360,2026-05-20,11:19,108,18,Salón,Plin,204.0,0
7361,2026-05-20,14:38,2308,3,Delivery propio,Yape,92.0,0
7362,2026-05-20,12:23,2643,18,Salón,Tarjeta,216.0,0
7363,2026-05-20,13:22,1641,7,Salón,Yape,42.0,0
7364,2026-05-20,19:07,4783,17,Salón,Efectivo,174.0,0
7365,2026-05-20,13:45,1747,2,Para llevar,Tarjeta,213.0,0
7366,2026-05-20,19:21,3439,3,Salón,Tarjeta,58.0,0
7367,2026-05-20,14:23,1262,20,Para llevar,Efectivo,110.0,0
7368,2026-05-20,15:01,4140,2,Salón,Efectivo,102.0,0
7369,2026-05-20,15:44,3239,19,Salón,Yape,121.0,0
7370,2026-05-20,17:51,3370,18,Salón,Plin,142.0,0
7371,2026-05-20,14:12,1106,19,Salón,Efectivo,262.0,0
7372,2026-05-20,17:55,3672,20,Salón,Tarjeta,92.0,0
7373,2026-05-20,19:27,1184,22,Salón,Efectivo,87.0,0
7374,2026-05-21,19:01,1072,5,Delivery propio,Tarjeta,82.0,0
7375,2026-05-21,16:51,3122,5,Salón,Efectivo,62.0,0
7376,2026-05-21,11:01,1416,19,Delivery propio,Plin,112.0,0
7377,2026-05-21,12:11,3335,3,Salón,Efectivo,40.0,0
7378,2026-05-21,13:55,1770,17,Salón,Efectivo,128.0,0
7379,2026-05-21,20:55,4479,20,Delivery propio,Yape,24.0,0
7380,2026-05-21,20:04,2337,7,Delivery propio,Tarjeta,54.0,0
7381,2026-05-21,13:11,627,24,Salón,Tarjeta,135.0,0
7382,2026-05-21,19:31,3840,3,Salón,Tarjeta,56.0,0
7383,2026-05-21,13:12,4532,22,Salón,Yape,110.0,0
7384,2026-05-21,13:22,4914,7,Delivery propio,Yape,30.0,0
7385,2026-05-21,15:10,237,2,Salón,Tarjeta,42.0,0
7386,2026-05-21,12:14,46,5,Delivery propio,Yape,116.0,0
7387,2026-05-21,12:22,2108,17,Salón,Plin,69.0,0
7388,2026-05-21,20:48,877,17,Para llevar,Efectivo,76.0,0
7389,2026-05-21,16:19,4616,24,Salón,Efectivo,269.0,0
7390,2026-05-21,20:09,9999,2,Para llevar,Plin,104.0,0
7391,2026-05-21,18:13,3541,7,Salón,Efectivo,96.0,0
7392,2026-05-21,18:57,2633,3,Salón,Efectivo,46.0,0
7393,2026-05-21,13:36,9999,19,Salón,Efectivo,60.0,0
7394,2026-05-21,14:43,5034,16,Salón,Plin,188.0,0
7395,2026-05-21,14:13,1012,7,Salón,Yape,68.0,0
7396,2026-05-22,14:15,432,2,Salón,Tarjeta,57.0,0
7397,2026-05-22,20:11,1224,3,Salón,Efectivo,140.0,0
7398,2026-05-22,20:40,5462,19,Salón,Efectivo,78.0,0
7399,2026-05-22,20:44,153,7,Para llevar,Plin,116.0,0
7400,2026-05-22,19:49,2338,7,Delivery propio,Efectivo,218.0,0
7401,2026-05-22,14:59,3427,22,Delivery propio,Efectivo,36.0,0
7402,2026-05-22,13:21,1539,5,Delivery propio,Tarjeta,158.0,0
7403,2026-05-22,12:18,508,20,Salón,Efectivo,177.0,0
7404,2026-05-22,19:24,3368,17,Delivery propio,Yape,42.0,0
7405,2026-05-22,15:46,1616,3,Salón,Tarjeta,110.0,0
7406,2026-05-22,16:49,23,20,Salón,Yape,44.0,0
7407,2026-05-22,16:33,2893,20,Delivery propio,Yape,158.0,0
7408,2026-05-22,18:21,2624,2,Salón,Efectivo,132.0,0
7409,2026-05-22,13:58,3578,5,Salón,Tarjeta,44.0,0
7410,2026-05-22,14:58,2342,18,Salón,Yape,120.0,0
7411,2026-05-22,14:34,2971,18,Salón,Efectivo,68.0,0
7412,2026-05-22,15:00,3370,3,Salón,Yape,92.0,0
7413,2026-05-22,15:15,2561,18,Para llevar,Efectivo,50.0,0
7414,2026-05-22,20:27,3711,3,Salón,Yape,110.0,0
7415,2026-05-22,14:00,3350,16,Salón,Tarjeta,68.0,0
7416,2026-05-22,18:45,9999,5,Salón,Yape,180.0,0
7417,2026-05-22,12:05,270,22,Salón,Efectivo,170.0,0
7418,2026-05-22,11:01,2374,19,Salón,Efectivo,132.0,0
7419,2026-05-22,12:16,4693,3,Delivery propio,Yape,226.0,0
7420,2026-05-22,16:44,2505,18,Salón,Yape,84.0,0
7421,2026-05-22,20:17,4212,18,Salón,Tarjeta,112.0,0
7422,2026-05-22,19:01,303,7,Delivery propio,Yape,88.0,0
7423,2026-05-22,19:06,3915,7,Delivery propio,Plin,105.0,0
7424,2026-05-22,14:20,3715,3,Salón,Tarjeta,122.0,0
7425,2026-05-22,12:40,2048,19,Salón,Yape,58.0,0
7426,2026-05-22,18:01,877,20,Delivery propio,Efectivo,257.0,0
7427,2026-05-22,13:44,2631,18,Salón,Efectivo,60.0,0
7428,2026-05-22,15:08,1724,5,Salón,Efectivo,73.0,0
7429,2026-05-23,13:01,506,24,Salón,Tarjeta,232.0,0
7430,2026-05-23,15:37,1587,17,Para llevar,Yape,256.0,0
7431,2026-05-23,21:34,2580,17,Salón,Yape,12.0,0
7432,2026-05-23,19:48,4001,3,Para llevar,Plin,191.0,0
7433,2026-05-23,20:10,82,16,Para llevar,Efectivo,196.0,0
7434,2026-05-23,13:32,1134,22,Salón,Yape,163.0,0
7435,2026-05-23,13:42,218,2,Para llevar,Tarjeta,46.0,0
7436,2026-05-23,16:18,448,3,Salón,Yape,180.0,0
7437,2026-05-23,17:47,2220,20,Para llevar,Yape,240.0,0
7438,2026-05-23,13:35,113,2,Salón,Efectivo,142.0,0
7439,2026-05-23,19:46,5472,20,Salón,Efectivo,95.0,0
7440,2026-05-23,15:04,3354,2,Para llevar,Plin,51.0,0
7441,2026-05-23,16:07,709,17,Salón,Tarjeta,208.0,0
7442,2026-05-23,20:29,2130,3,Para llevar,Tarjeta,287.0,0
7443,2026-05-23,12:39,9999,20,Delivery propio,Yape,124.0,0
7444,2026-05-23,11:02,663,20,Salón,Yape,222.0,0
7445,2026-05-23,13:12,5112,7,Delivery propio,Tarjeta,66.0,0
7446,2026-05-23,20:09,2316,19,Salón,Yape,124.0,0
7447,2026-05-23,18:22,2922,7,Salón,Efectivo,226.0,0
7448,2026-05-23,14:28,3057,18,Para llevar,Efectivo,114.0,0
7449,2026-05-23,13:52,4493,17,Salón,Tarjeta,10.0,0
7450,2026-05-23,14:59,1285,7,Salón,Tarjeta,342.0,0
7451,2026-05-23,18:37,4757,17,Salón,Yape,50.0,0
7452,2026-05-23,12:13,1104,19,Salón,Plin,58.0,0
7453,2026-05-23,19:38,822,17,Delivery propio,Efectivo,242.0,0
7454,2026-05-23,19:48,2749,19,Salón,Tarjeta,42.0,0
7455,2026-05-23,13:11,4918,18,Salón,Efectivo,40.0,0
7456,2026-05-23,14:42,1739,22,Salón,Efectivo,106.0,0
7457,2026-05-23,12:24,1275,22,Salón,Efectivo,122.0,0
7458,2026-05-23,14:21,476,18,Salón,Tarjeta,108.0,0
7459,2026-05-23,13:07,1976,17,Salón,Yape,132.0,0
7460,2026-05-23,18:58,4143,20,Salón,Yape,178.0,0
7461,2026-05-23,18:53,461,24,Delivery propio,Yape,116.0,0
7462,2026-05-23,14:44,2300,18,Salón,Yape,38.0,0
7463,2026-05-23,13:56,3190,19,Para llevar,Yape,173.0,0
7464,2026-05-23,19:39,4392,5,Salón,Efectivo,69.0,0
7465,2026-05-23,11:01,3016,22,Para llevar,Yape,216.0,0
7466,2026-05-23,14:21,1396,19,Salón,Efectivo,195.0,0
7467,2026-05-23,15:56,3588,5,Salón,Tarjeta,83.0,0
7468,2026-05-23,13:51,1959,17,Salón,Yape,228.0,0
7469,2026-05-23,14:14,2772,18,Para llevar,Tarjeta,76.0,0
7470,2026-05-23,16:13,3293,17,Salón,Tarjeta,48.0,0
7471,2026-05-23,17:56,1616,24,Salón,Yape,72.0,0
7472,2026-05-23,12:20,9999,17,Para llevar,Yape,202.0,0
7473,2026-05-23,19:38,892,5,Delivery propio,Tarjeta,191.0,0
7474,2026-05-24,13:27,9999,7,Salón,Tarjeta,116.0,0
7475,2026-05-24,17:26,4906,18,Salón,Yape,228.0,0
7476,2026-05-24,19:51,2042,22,Salón,Efectivo,209.0,0
7477,2026-05-24,12:28,4947,16,Salón,Efectivo,153.0,0
7478,2026-05-24,12:53,3646,19,Salón,Efectivo,80.0,0
7479,2026-09-28,18:06,3169,3,Salón,Yape,9.0,1
7480,2026-05-24,14:47,2587,19,Salón,Yape,105.0,0
7481,2026-05-24,13:10,9999,19,Salón,Yape,61.0,0
7482,2026-05-24,19:52,1609,2,Para llevar,Efectivo,216.0,0
7483,2026-05-24,14:32,831,17,Salón,Efectivo,104.0,0
7484,2026-05-24,14:33,9999,17,Delivery propio,Plin,8.0,0
7485,2026-05-24,12:03,968,20,Salón,Yape,96.0,0
7486,2026-05-24,19:30,499,16,Para llevar,Yape,118.0,0
7487,2026-05-24,14:49,9999,3,Salón,Efectivo,124.0,0
7488,2026-05-24,16:43,4487,22,Salón,Tarjeta,79.0,0
7489,2026-05-24,14:56,251,17,Salón,Tarjeta,206.0,0
7490,2026-05-24,20:53,2657,24,Delivery propio,Efectivo,50.0,0
7491,2026-05-24,14:58,119,20,Salón,Tarjeta,239.0,0
7492,2026-05-24,14:51,2435,7,Salón,Plin,178.0,0
7493,2026-05-24,17:38,2459,18,Salón,Yape,208.0,0
7494,2026-05-24,12:14,877,24,Delivery propio,Efectivo,73.0,0
7495,2026-05-24,17:10,3297,2,Salón,Tarjeta,122.0,0
7496,2026-05-24,20:11,4808,16,Salón,Tarjeta,175.0,0
7497,2026-05-24,12:06,4155,3,Salón,Yape,236.0,0
7498,2026-05-24,12:17,1028,5,Delivery propio,Efectivo,150.0,0
7499,2026-05-24,13:36,999,24,Salón,Yape,146.0,0
7500,2026-05-24,19:45,909,20,Salón,Tarjeta,140.0,0
7501,2026-05-24,15:07,2372,17,Para llevar,Plin,60.0,0
7502,2026-05-24,14:59,3634,17,Salón,Yape,126.0,0
7503,2026-05-24,18:48,75,20,Salón,Plin,90.0,0
7504,2026-05-24,13:54,4760,22,Salón,Plin,93.0,0
7505,2026-05-24,11:32,1163,3,Salón,Efectivo,99.0,0
7506,2026-05-24,17:00,3840,16,Salón,Yape,65.0,0
7507,2026-05-24,15:03,1460,18,Salón,Tarjeta,37.0,0
7508,2026-05-24,15:33,3097,19,Salón,Tarjeta,170.0,0
7509,2026-05-24,14:13,131,16,Salón,Yape,68.0,0
7510,2026-05-24,14:35,1740,7,Salón,Yape,150.0,0
7511,2026-05-24,21:01,2608,18,Para llevar,Yape,190.0,0
7512,2026-05-24,13:10,4296,18,Delivery propio,Tarjeta,250.0,0
7513,2026-05-24,18:55,1037,17,Salón,Efectivo,138.0,0
7514,2026-05-24,20:19,327,5,Salón,Efectivo,358.0,0
7515,2026-05-24,16:20,1492,5,Salón,Efectivo,160.0,0
7516,2026-05-24,14:33,653,5,Salón,Yape,69.0,0
7517,2026-05-24,11:59,1069,19,Salón,Yape,108.0,0
7518,2026-05-24,12:17,9999,19,Delivery propio,Efectivo,164.0,0
7519,2026-05-24,20:10,1094,24,Salón,Yape,232.0,0
7520,2026-05-25,20:19,3202,2,Salón,Tarjeta,28.0,0
7521,2026-05-25,11:59,2353,19,Para llevar,Yape,54.0,0
7522,2026-05-25,15:25,4665,18,Para llevar,Tarjeta,82.0,0
7523,2026-05-25,14:12,4189,3,Salón,Yape,174.0,0
7524,2026-05-25,20:11,3961,20,Salón,Yape,149.0,0
7525,2026-05-25,14:12,5445,24,Salón,Efectivo,126.0,0
7526,2026-05-25,13:54,2572,2,Salón,Efectivo,228.0,0
7527,2026-05-25,16:48,5395,18,Salón,Tarjeta,106.0,0
7528,2026-05-25,14:02,3140,20,Salón,Tarjeta,118.0,0
7529,2026-05-25,12:27,4089,7,Para llevar,Yape,114.0,0
7530,2026-05-25,13:22,626,7,Salón,Efectivo,16.0,0
7531,2026-05-25,15:14,1489,24,Salón,Yape,112.0,0
7532,2026-05-25,20:37,3329,20,Delivery propio,Plin,158.0,0
7533,2026-05-25,21:47,9999,20,Para llevar,Efectivo,86.0,0
7534,2026-05-25,13:36,3727,22,Salón,Efectivo,46.0,0
7535,2026-05-25,12:20,2692,24,Para llevar,Plin,46.0,0
7536,2026-05-25,11:39,2228,19,Para llevar,Efectivo,66.0,0
7537,2026-05-25,13:09,1158,18,Delivery propio,Yape,97.0,0
7538,2026-05-25,18:29,2374,22,Salón,Efectivo,42.0,0
7539,2026-05-25,15:40,9,20,Salón,Plin,176.0,0
7540,2026-05-25,21:57,3863,16,Salón,Efectivo,152.0,0
7541,2026-05-25,14:42,2746,3,Delivery propio,Efectivo,48.0,0
7542,2026-05-26,21:35,512,20,Delivery propio,Yape,107.0,0
7543,2026-05-26,13:06,693,19,Salón,Efectivo,93.0,0
7544,2026-05-26,15:34,9999,2,Salón,Tarjeta,137.0,0
7545,2026-05-26,13:34,131,16,Delivery propio,Efectivo,96.0,0
7546,2026-05-26,13:56,833,22,Salón,Yape,66.0,0
7547,2026-05-26,11:20,4448,17,Salón,Efectivo,220.0,0
7548,2026-05-26,13:41,4402,24,Salón,Plin,163.0,0
7549,2026-05-26,14:15,1616,2,Para llevar,Plin,58.0,0
7550,2026-05-26,14:00,540,20,Salón,Tarjeta,68.0,0
7551,2026-05-26,18:12,3840,22,Salón,Tarjeta,72.0,0
7552,2026-05-26,14:35,1009,16,Delivery propio,Yape,193.0,0
7553,2026-05-26,13:47,2796,19,Delivery propio,Tarjeta,174.0,0
7554,2026-05-26,20:42,5153,20,Salón,Yape,152.0,0
7555,2026-05-26,15:31,2274,22,Salón,Tarjeta,64.0,0
7556,2026-05-26,14:35,3831,16,Salón,Efectivo,104.0,0
7557,2026-05-26,14:27,5102,22,Salón,Efectivo,224.0,0
7558,2026-05-26,12:34,9999,19,Delivery propio,Yape,132.0,0
7559,2026-05-26,15:55,4311,5,Salón,Tarjeta,126.0,0
7560,2026-05-26,14:45,5281,16,Salón,Efectivo,126.0,0
7561,2026-05-26,15:46,548,18,Salón,Yape,84.0,0
7562,2026-05-26,15:01,3099,19,Salón,Tarjeta,138.0,0
7563,2026-05-26,20:02,3576,2,Salón,Yape,130.0,0
7564,2026-05-26,19:06,9999,18,Salón,Yape,184.0,0
7565,2026-05-26,15:47,4450,18,Salón,Yape,170.0,0
7566,2026-05-26,12:00,4007,18,Delivery propio,Tarjeta,161.0,0
7567,2026-05-26,17:05,584,18,Salón,Tarjeta,76.0,0
7568,2026-05-26,13:47,2817,3,Para llevar,Plin,42.0,0
7569,2026-05-26,13:16,9999,24,Salón,Efectivo,221.0,0
7570,2026-05-27,15:44,3527,17,Salón,Yape,88.0,0
7571,2026-05-27,14:35,1991,2,Salón,Plin,72.0,0
7572,2026-05-27,14:46,5179,3,Para llevar,Efectivo,326.0,0
7573,2026-05-27,14:38,1596,3,Salón,Yape,8.0,0
7574,2026-05-27,15:03,9999,2,Salón,Tarjeta,148.0,0
7575,2026-05-27,19:52,4756,20,Delivery propio,Efectivo,115.0,0
7576,2026-05-27,18:51,4411,3,Salón,Efectivo,64.0,0
7577,2026-05-27,11:44,1104,18,Salón,Efectivo,208.0,0
7578,2026-05-27,13:58,4573,18,Salón,Efectivo,170.0,0
7579,2026-05-27,14:35,4518,22,Salón,Efectivo,102.0,0
7580,2026-05-27,15:49,3600,24,Salón,Yape,68.0,0
7581,2026-05-27,13:16,3010,3,Salón,Plin,288.0,0
7582,2026-05-27,12:38,5266,7,Salón,Efectivo,151.0,0
7583,2026-05-27,12:44,4205,24,Salón,Efectivo,72.0,0
7584,2026-05-27,13:26,2949,24,Salón,Efectivo,50.0,0
7585,2026-05-27,12:39,3038,19,Para llevar,Yape,36.0,0
7586,2026-05-27,14:48,4721,2,Salón,Yape,148.0,0
7587,2026-05-27,21:38,3974,5,Para llevar,Efectivo,38.0,0
7588,2026-05-27,20:29,4021,24,Para llevar,Efectivo,130.0,0
7589,2026-05-27,14:48,2290,18,Salón,Yape,96.0,0
7590,2026-05-27,14:54,1962,19,Para llevar,Yape,203.0,0
7591,2026-05-27,20:56,3957,3,Salón,Efectivo,146.0,0
7592,2026-05-27,15:28,3286,24,Delivery propio,Yape,335.0,0
7593,2026-05-27,15:30,3775,20,Para llevar,Plin,114.0,0
7594,2026-05-28,14:30,2714,7,Salón,Yape,214.0,0
7595,2026-05-28,17:03,2622,22,Salón,Yape,256.0,0
7596,2026-05-28,16:20,1964,22,Delivery propio,Tarjeta,254.0,0
7597,2026-05-28,11:41,5105,3,Salón,Tarjeta,250.0,0
7598,2026-05-28,17:48,4016,20,Salón,Plin,34.0,0
7599,2026-05-28,13:00,303,7,Delivery propio,Yape,230.0,0
7600,2026-05-28,21:45,9999,22,Salón,Yape,190.0,0
7601,2026-05-28,12:59,4288,5,Salón,Tarjeta,255.0,0
7602,2026-05-28,21:57,132,5,Delivery propio,Yape,72.0,0
7603,2026-05-28,17:15,5028,2,Delivery propio,Tarjeta,102.0,0
7604,2026-05-28,20:26,3400,19,Salón,Tarjeta,166.0,0
7605,2026-05-28,15:27,525,18,Salón,Plin,172.0,0
7606,2026-05-28,16:32,2204,3,Salón,Tarjeta,104.0,0
7607,2026-05-28,17:28,2836,5,Salón,Efectivo,120.0,0
7608,2026-05-28,15:43,2288,18,Salón,Tarjeta,216.0,0
7609,2026-05-28,16:42,507,2,Salón,Efectivo,145.0,0
7610,2026-05-28,14:08,3250,5,Delivery propio,Yape,139.0,0
7611,2026-05-28,12:58,5292,7,Para llevar,Yape,118.0,0
7612,2026-05-28,15:09,1204,22,Salón,Yape,110.0,0
7613,2026-05-28,13:23,3632,16,Salón,Efectivo,204.0,0
7614,2026-05-28,19:23,3662,7,Delivery propio,Tarjeta,30.0,0
7615,2026-05-28,13:23,380,3,Delivery propio,Tarjeta,91.0,0
7616,2026-05-28,19:06,5250,5,Salón,Yape,67.0,0
7617,2026-05-28,14:37,4111,3,Para llevar,Efectivo,110.0,0
7618,2026-05-28,20:03,4469,3,Salón,Tarjeta,42.0,0
7619,2026-05-28,19:18,4357,2,Delivery propio,Plin,315.0,0
7620,2026-05-29,17:47,4872,17,Salón,Yape,116.0,0
7621,2026-05-29,13:30,2455,5,Salón,Yape,160.0,0
7622,2026-05-29,14:49,2577,20,Para llevar,Plin,60.0,0
7623,2026-05-29,18:23,710,2,Salón,Efectivo,68.0,0
7624,2026-05-29,15:28,9999,7,Salón,Yape,71.0,0
7625,2026-09-28,12:17,1189,24,Salón,Plin,186.0,1
7626,2026-05-29,19:56,239,19,Delivery propio,Yape,18.0,0
7627,2026-05-29,14:13,3158,20,Salón,Tarjeta,322.0,0
7628,2026-05-29,18:28,2327,3,Para llevar,Tarjeta,34.0,0
7629,2026-05-29,13:41,2533,20,Delivery propio,Yape,46.0,0
7630,2026-05-29,20:34,877,20,Salón,Tarjeta,92.0,0
7631,2026-05-29,19:24,1296,5,Salón,Efectivo,113.0,0
7632,2026-05-29,17:28,1962,19,Salón,Yape,114.0,0
7633,2026-05-29,13:55,248,2,Salón,Efectivo,118.0,0
7634,2026-05-29,15:33,5368,19,Salón,Efectivo,126.0,0
7635,2026-05-29,16:54,2875,20,Salón,Yape,96.0,0
7636,2026-05-29,13:02,2041,5,Para llevar,Efectivo,172.0,0
7637,2026-05-29,15:31,5356,22,Salón,Yape,387.0,0
7638,2026-05-29,19:22,2246,2,Salón,Yape,54.0,0
7639,2026-05-29,13:54,2101,5,Salón,Yape,144.0,0
7640,2026-05-29,19:00,1493,5,Para llevar,Efectivo,117.0,0
7641,2026-05-29,20:41,89,20,Salón,Plin,61.0,0
7642,2026-05-29,15:53,2710,5,Para llevar,Efectivo,84.0,0
7643,2026-05-29,15:48,331,16,Salón,Plin,97.0,0
7644,2026-05-29,13:49,4288,24,Salón,Efectivo,94.0,0
7645,2026-05-29,13:01,621,7,Salón,Tarjeta,56.0,0
7646,2026-05-29,16:52,4729,7,Para llevar,Efectivo,194.0,0
7647,2026-05-29,15:13,1607,16,Delivery propio,Efectivo,276.0,0
7648,2026-05-29,14:48,847,22,Salón,Efectivo,57.0,0
7649,2026-05-29,19:24,2583,2,Salón,Yape,196.0,0
7650,2026-05-29,15:21,9999,18,Salón,Efectivo,69.0,0
7651,2026-05-30,20:22,9999,20,Salón,Efectivo,50.0,0
7652,2026-05-30,14:32,4293,16,Salón,Efectivo,88.0,0
7653,2026-05-30,13:08,4641,3,Para llevar,Yape,302.0,0
7654,2026-05-30,11:09,890,19,Salón,Plin,35.0,0
7655,2026-05-30,13:57,496,7,Salón,Plin,144.0,0
7656,2026-05-30,12:12,2250,7,Salón,Yape,34.0,0
7657,2026-05-30,15:46,2546,19,Delivery propio,Efectivo,156.0,0
7658,2026-05-30,14:34,3971,17,Delivery propio,Yape,8.0,0
7659,2026-05-30,14:06,6,18,Salón,Yape,72.0,0
7660,2026-05-30,11:34,1881,17,Delivery propio,Yape,294.0,0
7661,2026-05-30,14:08,4391,22,Delivery propio,Yape,151.0,0
7662,2026-05-30,12:42,1266,22,Para llevar,Yape,22.0,0
7663,2026-05-30,16:13,2553,5,Para llevar,Efectivo,204.0,0
7664,2026-05-30,14:00,5217,20,Para llevar,Plin,194.0,0
7665,2026-05-30,19:45,496,5,Salón,Efectivo,180.0,0
7666,2026-05-30,12:14,3602,17,Salón,Plin,186.0,0
7667,2026-05-30,14:59,4095,16,Salón,Plin,198.0,0
7668,2026-05-30,15:47,3887,2,Salón,Yape,124.0,0
7669,2026-05-30,13:05,1658,22,Delivery propio,Efectivo,80.0,0
7670,2026-05-30,14:07,1203,19,Salón,Yape,104.0,0
7671,2026-05-30,12:51,3554,20,Salón,Yape,79.0,0
7672,2026-05-30,14:06,2697,24,Delivery propio,Yape,76.0,0
7673,2026-05-30,19:18,3662,5,Para llevar,Efectivo,240.0,0
7674,2026-05-30,15:25,4650,17,Salón,Efectivo,108.0,0
7675,2026-05-30,13:57,137,16,Salón,Yape,226.0,0
7676,2026-05-30,18:56,5344,3,Salón,Efectivo,258.0,0
7677,2026-05-30,14:02,4753,20,Salón,Efectivo,66.0,0
7678,2026-05-30,16:01,613,19,Salón,Yape,38.0,0
7679,2026-05-30,15:17,94,2,Salón,Efectivo,191.0,0
7680,2026-05-30,13:58,877,2,Salón,Plin,73.0,0
7681,2026-05-30,14:39,1062,2,Salón,Plin,68.0,0
7682,2026-05-30,13:49,4479,2,Para llevar,Tarjeta,90.0,0
7683,2026-05-30,17:51,1391,22,Delivery propio,Tarjeta,36.0,0
7684,2026-05-30,19:49,4594,3,Para llevar,Efectivo,148.0,0
7685,2026-05-30,11:16,4037,17,Salón,Yape,111.0,0
7686,2026-05-30,11:23,648,18,Salón,Yape,166.0,0
7687,2026-05-30,20:26,3100,24,Delivery propio,Yape,114.0,0
7688,2026-05-30,11:20,2374,16,Salón,Tarjeta,118.0,0
7689,2026-05-31,14:59,4123,7,Salón,Efectivo,298.0,0
7690,2026-09-28,14:48,3058,22,Salón,Plin,72.0,1
7691,2026-05-31,14:22,249,22,Salón,Yape,223.0,0
7692,2026-05-31,12:16,877,19,Para llevar,Tarjeta,69.0,0
7693,2026-05-31,12:01,4341,19,Para llevar,Efectivo,159.0,0
7694,2026-05-31,14:26,2393,17,Delivery propio,Yape,42.0,0
7695,2026-05-31,14:29,1137,16,Delivery propio,Efectivo,132.0,0
7696,2026-05-31,14:46,5290,24,Para llevar,Yape,156.0,0
7697,2026-05-31,20:43,115,3,Salón,Yape,46.0,0
7698,2026-05-31,18:05,3862,18,Salón,Tarjeta,211.0,0
7699,2026-05-31,13:08,4386,20,Salón,Plin,72.0,0
7700,2026-05-31,19:09,18,3,Delivery propio,Yape,204.0,0
7701,2026-05-31,19:33,2671,24,Para llevar,Tarjeta,138.0,0
7702,2026-05-31,13:09,161,24,Delivery propio,Efectivo,144.0,0
7703,2026-05-31,19:51,877,17,Salón,Plin,80.0,0
7704,2026-05-31,14:30,2929,19,Salón,Efectivo,298.0,0
7705,2026-05-31,13:10,2389,3,Delivery propio,Yape,84.0,0
7706,2026-05-31,11:33,1835,20,Salón,Tarjeta,114.0,0
7707,2026-05-31,17:47,2389,3,Salón,Yape,58.0,0
7708,2026-05-31,19:33,5447,24,Salón,Efectivo,124.0,0
7709,2026-05-31,21:51,3759,3,Delivery propio,Efectivo,50.0,0
7710,2026-09-28,21:19,4852,17,Salón,Efectivo,74.0,1
7711,2026-05-31,14:07,5352,17,Salón,Plin,118.0,0
7712,2026-05-31,14:25,9999,7,Salón,Yape,218.0,0
7713,2026-05-31,13:15,1329,22,Para llevar,Tarjeta,82.0,0
7714,2026-05-31,17:52,1780,17,Delivery propio,Tarjeta,156.0,0
7715,2026-05-31,17:07,9999,22,Delivery propio,Tarjeta,276.0,0
7716,2026-05-31,18:45,4203,22,Salón,Plin,208.0,0
7717,2026-05-31,15:16,1477,5,Salón,Tarjeta,140.0,0
7718,2026-05-31,16:55,2536,7,Salón,Tarjeta,69.0,0
7719,2026-05-31,14:13,928,7,Salón,Efectivo,116.0,0
7720,2026-05-31,17:41,5491,24,Delivery propio,Efectivo,266.0,0
7721,2026-05-31,17:28,1970,16,Salón,Efectivo,92.0,0
7722,2026-05-31,19:17,3910,24,Salón,Efectivo,188.0,0
7723,2026-05-31,14:19,3221,19,Salón,Yape,130.0,0
7724,2026-05-31,19:24,4474,2,Para llevar,Plin,97.0,0
7725,2026-05-31,19:16,811,7,Salón,Tarjeta,105.0,0
7726,2026-05-31,12:40,9999,7,Salón,Tarjeta,154.0,0
7727,2026-05-31,20:49,4943,5,Salón,Plin,130.0,0
7728,2026-05-31,18:05,2900,17,Salón,Efectivo,162.0,0
7729,2026-05-31,12:29,7,16,Para llevar,Efectivo,114.0,0
7730,2026-05-31,16:20,988,17,Salón,Tarjeta,178.0,0
7731,2026-05-31,19:32,4774,22,Para llevar,Yape,58.0,0
7732,2026-05-31,11:47,411,24,Salón,Efectivo,259.0,0
7733,2026-05-31,14:30,5304,3,Salón,Tarjeta,52.0,0
7734,2026-05-31,18:12,2556,19,Salón,Efectivo,136.0,0
7735,2026-05-31,14:16,5214,19,Salón,Plin,136.0,0
7736,2026-06-01,14:36,1988,17,Delivery propio,Yape,132.0,0
7737,2026-06-01,21:22,4538,3,Salón,Efectivo,157.0,0
7738,2026-06-01,18:29,3270,19,Para llevar,Yape,51.0,0
7739,2026-06-01,19:07,432,3,Salón,Efectivo,91.0,0
7740,2026-06-01,14:56,2288,19,Para llevar,Tarjeta,126.0,0
7741,2026-06-01,20:45,1042,3,Delivery propio,Tarjeta,58.0,0
7742,2026-06-01,16:41,9999,22,Salón,Yape,244.0,0
7743,2026-06-01,15:06,2830,17,Salón,Efectivo,290.0,0
7744,2026-06-01,19:18,4767,19,Para llevar,Tarjeta,108.0,0
7745,2026-06-01,19:17,2654,17,Salón,Yape,126.0,0
7746,2026-06-01,16:04,229,7,Salón,Yape,151.0,0
7747,2026-06-01,15:03,1539,17,Delivery propio,Tarjeta,167.0,0
7748,2026-06-01,14:50,4360,24,Salón,Plin,122.0,0
7749,2026-06-01,16:05,3424,7,Salón,Efectivo,104.0,0
7750,2026-06-01,12:04,1163,18,Delivery propio,Tarjeta,118.0,0
7751,2026-06-01,17:32,1113,20,Salón,Yape,93.0,0
7752,2026-06-01,12:07,160,16,Para llevar,Plin,274.0,0
7753,2026-06-01,12:22,3705,18,Delivery propio,Efectivo,108.0,0
7754,2026-06-01,19:26,4325,7,Para llevar,Efectivo,66.0,0
7755,2026-06-01,14:44,9999,17,Salón,Plin,74.0,0
7756,2026-06-01,14:48,1526,17,Salón,Yape,56.0,0
7757,2026-06-01,15:52,9999,24,Salón,Yape,190.0,0
7758,2026-06-01,14:07,723,19,Salón,Yape,108.0,0
7759,2026-06-02,19:59,1232,18,Delivery propio,Yape,216.0,0
7760,2026-06-02,14:24,2724,16,Para llevar,Yape,292.0,0
7761,2026-06-02,21:30,258,18,Para llevar,Tarjeta,69.0,0
7762,2026-06-02,13:13,9999,24,Salón,Yape,202.0,0
7763,2026-06-02,13:19,1893,3,Para llevar,Tarjeta,185.0,0
7764,2026-06-02,19:02,923,2,Para llevar,Efectivo,108.0,0
7765,2026-06-02,14:54,4168,19,Salón,Efectivo,58.0,0
7766,2026-06-02,19:09,4552,16,Salón,Yape,160.0,0
7767,2026-06-02,17:05,2817,3,Salón,Tarjeta,128.0,0
7768,2026-06-02,16:27,2550,19,Delivery propio,Tarjeta,186.0,0
7769,2026-06-02,14:07,1838,16,Salón,Plin,114.0,0
7770,2026-06-02,17:59,5325,16,Salón,Tarjeta,218.0,0
7771,2026-06-02,12:42,40,7,Para llevar,Efectivo,114.0,0
7772,2026-06-02,20:39,4965,19,Para llevar,Plin,66.0,0
7773,2026-06-02,14:52,4711,18,Salón,Tarjeta,188.0,0
7774,2026-06-02,12:40,3730,19,Para llevar,Efectivo,178.0,0
7775,2026-06-02,15:41,2593,17,Salón,Efectivo,130.0,0
7776,2026-06-02,19:43,1277,24,Para llevar,Yape,78.0,0
7777,2026-06-02,14:57,3798,24,Salón,Yape,114.0,0
7778,2026-06-02,13:24,1924,16,Salón,Tarjeta,54.0,0
7779,2026-06-02,17:50,1672,24,Para llevar,Efectivo,100.0,0
7780,2026-06-02,18:06,568,18,Delivery propio,Efectivo,38.0,0
7781,2026-06-02,11:17,4618,7,Para llevar,Yape,32.0,0
7782,2026-06-02,15:17,5309,3,Para llevar,Yape,132.0,0
7783,2026-06-03,15:18,766,2,Salón,Efectivo,89.0,0
7784,2026-06-03,14:38,1612,17,Salón,Yape,188.0,0
7785,2026-06-03,13:45,3956,18,Delivery propio,Yape,98.0,0
7786,2026-06-03,16:30,709,20,Delivery propio,Efectivo,136.0,0
7787,2026-06-03,13:40,835,5,Salón,Efectivo,244.0,0
7788,2026-06-03,14:56,4400,5,Salón,Yape,93.0,0
7789,2026-06-03,18:26,588,22,Salón,Efectivo,78.0,0
7790,2026-06-03,17:57,2375,16,Salón,Yape,186.0,0
7791,2026-06-03,11:42,2629,7,Para llevar,Efectivo,116.0,0
7792,2026-06-03,14:10,2290,22,Delivery propio,Yape,146.0,0
7793,2026-06-03,17:21,1863,16,Para llevar,Plin,114.0,0
7794,2026-06-03,19:49,4405,3,Salón,Efectivo,73.0,0
7795,2026-06-03,13:03,1292,5,Salón,Efectivo,65.0,0
7796,2026-06-03,19:56,4205,18,Salón,Tarjeta,104.0,0
7797,2026-06-03,15:48,4205,16,Salón,Yape,65.0,0
7798,2026-06-03,18:08,1506,19,Para llevar,Yape,86.0,0
7799,2026-06-03,14:24,2349,7,Salón,Tarjeta,110.0,0
7800,2026-06-03,14:08,30,18,Delivery propio,Yape,126.0,0
7801,2026-06-03,14:03,9999,24,Delivery propio,Yape,102.0,0
7802,2026-06-03,12:52,291,24,Para llevar,Yape,226.0,0
7803,2026-06-03,13:07,3045,20,Salón,Tarjeta,84.0,0
7804,2026-06-04,19:19,2454,22,Delivery propio,Yape,124.0,0
7805,2026-06-04,16:01,4755,20,Salón,Yape,102.0,0
7806,2026-06-04,20:37,1085,20,Salón,Yape,368.0,0
7807,2026-06-04,12:14,2413,2,Para llevar,Efectivo,178.0,0
7808,2026-06-04,13:32,1230,2,Delivery propio,Efectivo,100.0,0
7809,2026-06-04,12:17,572,18,Salón,Plin,153.0,0
7810,2026-06-04,12:29,1232,7,Para llevar,Tarjeta,86.0,0
7811,2026-06-04,20:42,4094,24,Delivery propio,Plin,159.0,0
7812,2026-06-04,14:43,5201,16,Salón,Efectivo,106.0,0
7813,2026-06-04,19:33,4870,16,Delivery propio,Efectivo,190.0,0
7814,2026-06-04,13:08,1830,7,Salón,Plin,152.0,0
7815,2026-06-04,13:30,2311,22,Delivery propio,Tarjeta,8.0,0
7816,2026-06-04,13:27,3542,3,Delivery propio,Efectivo,86.0,0
7817,2026-06-04,19:40,661,24,Delivery propio,Efectivo,48.0,0
7818,2026-06-04,19:27,2160,16,Salón,Efectivo,210.0,0
7819,2026-06-04,14:36,4093,16,Delivery propio,Efectivo,60.0,0
7820,2026-06-04,19:50,4261,20,Salón,Plin,126.0,0
7821,2026-06-04,20:32,2750,7,Salón,Yape,168.0,0
7822,2026-06-04,12:49,39,3,Delivery propio,Efectivo,154.0,0
7823,2026-06-04,12:21,4961,17,Delivery propio,Efectivo,162.0,0
7824,2026-06-04,20:56,4492,22,Salón,Efectivo,234.0,0
7825,2026-06-04,18:04,1235,17,Salón,Tarjeta,140.0,0
7826,2026-06-04,14:02,1597,5,Salón,Plin,160.0,0
7827,2026-06-04,15:27,1679,17,Salón,Efectivo,75.0,0
7828,2026-06-05,20:58,3222,19,Salón,Tarjeta,94.0,0
7829,2026-06-05,13:57,1883,19,Salón,Plin,166.0,0
7830,2026-06-05,17:25,9999,3,Salón,Plin,84.0,0
7831,2026-06-05,12:55,2962,5,Delivery propio,Yape,208.0,0
7832,2026-06-05,13:21,9999,5,Para llevar,Efectivo,82.0,0
7833,2026-06-05,18:53,2874,22,Para llevar,Yape,117.0,0
7834,2026-06-05,17:02,4514,18,Para llevar,Efectivo,166.0,0
7835,2026-06-05,16:51,196,24,Salón,Yape,152.0,0
7836,2026-06-05,18:12,61,2,Salón,Plin,80.0,0
7837,2026-06-05,19:41,1552,5,Salón,Efectivo,139.0,0
7838,2026-06-05,12:34,4522,20,Para llevar,Efectivo,128.0,0
7839,2026-06-05,16:23,264,22,Salón,Efectivo,72.0,0
7840,2026-06-05,14:49,1088,22,Delivery propio,Efectivo,128.0,0
7841,2026-06-05,13:51,4703,24,Salón,Yape,259.0,0
7842,2026-06-05,21:05,5200,18,Para llevar,Yape,60.0,0
7843,2026-06-05,16:54,2962,2,Delivery propio,Yape,142.0,0
7844,2026-06-05,18:08,1143,18,Salón,Efectivo,156.0,0
7845,2026-06-05,19:51,833,7,Salón,Efectivo,70.0,0
7846,2026-06-05,14:03,4898,19,Salón,Yape,142.0,0
7847,2026-06-05,14:23,881,24,Delivery propio,Tarjeta,102.0,0
7848,2026-06-05,14:40,9999,19,Salón,Efectivo,196.0,0
7849,2026-06-05,20:18,3743,18,Delivery propio,Efectivo,266.0,0
7850,2026-06-05,12:48,2147,24,Delivery propio,Efectivo,146.0,0
7851,2026-06-05,14:51,5380,2,Salón,Tarjeta,42.0,0
7852,2026-06-05,20:23,2180,16,Para llevar,Efectivo,80.0,0
7853,2026-06-05,21:58,3099,7,Salón,Efectivo,52.0,0
7854,2026-06-05,15:26,3180,19,Salón,Tarjeta,24.0,0
7855,2026-06-05,19:11,4481,24,Salón,Plin,318.0,0
7856,2026-06-05,15:24,9999,3,Salón,Efectivo,92.0,0
7857,2026-06-05,20:31,4838,3,Salón,Efectivo,98.0,0
7858,2026-06-05,11:46,2868,3,Salón,Plin,76.0,0
7859,2026-06-05,19:59,3041,24,Salón,Yape,241.0,0
7860,2026-06-05,17:08,5400,17,Salón,Yape,48.0,0
7861,2026-06-05,13:08,831,7,Salón,Efectivo,79.0,0
7862,2026-06-05,14:05,3809,24,Delivery propio,Efectivo,92.0,0
7863,2026-06-05,20:04,1510,3,Salón,Yape,60.0,0
7864,2026-06-05,19:37,2139,22,Salón,Yape,133.0,0
7865,2026-06-05,19:01,2753,24,Salón,Tarjeta,148.0,0
7866,2026-06-05,12:21,5034,17,Delivery propio,Yape,232.0,0
7867,2026-06-05,14:35,63,17,Para llevar,Efectivo,136.0,0
7868,2026-06-05,20:55,4997,18,Salón,Plin,218.0,0
7869,2026-06-05,15:11,4271,2,Salón,Efectivo,56.0,0
7870,2026-06-05,14:46,2880,24,Salón,Yape,204.0,0
7871,2026-06-05,13:22,4434,5,Salón,Efectivo,132.0,0
7872,2026-06-05,19:28,2849,3,Salón,Tarjeta,260.0,0
7873,2026-06-06,15:27,1084,17,Salón,Yape,186.0,0
7874,2026-06-06,21:10,471,3,Salón,Tarjeta,122.0,0
7875,2026-06-06,14:38,3836,7,Salón,Plin,141.0,0
7876,2026-06-06,20:19,5119,5,Salón,Tarjeta,190.0,0
7877,2026-06-06,19:38,2657,7,Delivery propio,Efectivo,196.0,0
7878,2026-06-06,15:55,4107,20,Para llevar,Efectivo,232.0,0
7879,2026-06-06,21:17,3099,20,Salón,Efectivo,134.0,0
7880,2026-06-06,13:39,723,22,Para llevar,Efectivo,28.0,0
7881,2026-06-06,15:31,3876,18,Salón,Plin,180.0,0
7882,2026-06-06,20:05,612,16,Delivery propio,Efectivo,119.0,0
7883,2026-06-06,14:06,4465,16,Para llevar,Yape,134.0,0
7884,2026-06-06,12:31,5116,24,Salón,Yape,139.0,0
7885,2026-06-06,21:14,5321,5,Salón,Yape,38.0,0
7886,2026-06-06,14:57,583,17,Salón,Efectivo,66.0,0
7887,2026-06-06,20:23,3488,3,Para llevar,Plin,80.0,0
7888,2026-06-06,13:20,4330,5,Salón,Efectivo,114.0,0
7889,2026-06-06,21:59,997,20,Salón,Yape,117.0,0
7890,2026-06-06,11:32,507,17,Salón,Efectivo,70.0,0
7891,2026-06-06,18:51,3844,24,Salón,Yape,121.0,0
7892,2026-06-06,14:29,3517,19,Para llevar,Efectivo,141.0,0
7893,2026-06-06,19:54,199,7,Salón,Yape,120.0,0
7894,2026-06-06,18:05,5270,3,Salón,Tarjeta,115.0,0
7895,2026-06-06,14:06,2718,16,Delivery propio,Yape,144.0,0
7896,2026-06-06,18:04,1738,3,Salón,Tarjeta,69.0,0
7897,2026-06-06,13:36,3115,24,Salón,Tarjeta,182.0,0
7898,2026-06-06,20:28,1256,7,Salón,Yape,96.0,0
7899,2026-06-06,19:59,534,7,Para llevar,Yape,96.0,0
7900,2026-06-06,15:15,1412,17,Salón,Efectivo,140.0,0
7901,2026-06-06,15:04,4471,19,Salón,Efectivo,30.0,0
7902,2026-06-06,16:50,3155,3,Salón,Tarjeta,28.0,0
7903,2026-06-06,19:12,1583,24,Delivery propio,Plin,197.0,0
7904,2026-06-06,14:14,2878,2,Delivery propio,Yape,112.0,0
7905,2026-06-06,14:06,4949,24,Salón,Tarjeta,107.0,0
7906,2026-06-06,19:37,5055,24,Para llevar,Efectivo,171.0,0
7907,2026-06-06,17:20,777,24,Salón,Tarjeta,128.0,0
7908,2026-06-06,17:22,1173,7,Delivery propio,Efectivo,224.0,0
7909,2026-06-06,15:17,3124,7,Para llevar,Tarjeta,36.0,0
7910,2026-06-06,20:59,9999,18,Salón,Plin,118.0,0
7911,2026-06-06,18:23,2546,3,Salón,Efectivo,56.0,0
7912,2026-06-06,13:24,352,16,Delivery propio,Yape,97.0,0
7913,2026-06-07,16:08,9999,18,Para llevar,Tarjeta,82.0,0
7914,2026-06-07,20:20,295,3,Salón,Efectivo,64.0,0
7915,2026-06-07,12:17,4198,3,Salón,Efectivo,76.0,0
7916,2026-06-07,15:57,619,7,Delivery propio,Tarjeta,152.0,0
7917,2026-06-07,13:02,877,24,Para llevar,Tarjeta,61.0,0
7918,2026-06-07,18:49,3973,5,Para llevar,Efectivo,24.0,0
7919,2026-06-07,11:19,1042,2,Para llevar,Yape,154.0,0
7920,2026-06-07,18:31,4488,3,Delivery propio,Efectivo,112.0,0
7921,2026-06-07,20:57,3458,18,Delivery propio,Plin,178.0,0
7922,2026-06-07,16:07,752,24,Salón,Yape,84.0,0
7923,2026-06-07,19:23,2153,18,Delivery propio,Tarjeta,72.0,0
7924,2026-06-07,16:37,661,7,Para llevar,Efectivo,32.0,0
7925,2026-06-07,20:02,5123,7,Salón,Tarjeta,112.0,0
7926,2026-06-07,14:01,1139,2,Delivery propio,Yape,102.0,0
7927,2026-06-07,12:53,754,16,Salón,Efectivo,150.0,0
7928,2026-06-07,18:30,1101,22,Delivery propio,Yape,144.0,0
7929,2026-06-07,17:49,9999,3,Salón,Efectivo,187.0,0
7930,2026-06-07,13:04,3801,24,Para llevar,Efectivo,258.0,0
7931,2026-09-28,14:22,190,16,Para llevar,Yape,130.0,1
7932,2026-06-07,14:13,1232,19,Delivery propio,Plin,105.0,0
7933,2026-06-07,18:37,115,5,Salón,Efectivo,228.0,0
7934,2026-06-07,14:04,3723,20,Salón,Yape,80.0,0
7935,2026-06-07,14:16,2765,2,Salón,Yape,253.0,0
7936,2026-06-07,17:34,1763,3,Para llevar,Plin,24.0,0
7937,2026-06-07,20:54,9999,5,Delivery propio,Tarjeta,174.0,0
7938,2026-06-07,16:33,3094,3,Salón,Efectivo,198.0,0
7939,2026-06-07,14:18,235,22,Salón,Tarjeta,118.0,0
7940,2026-06-07,13:33,2828,24,Para llevar,Efectivo,143.0,0
7941,2026-06-07,16:10,4537,18,Salón,Tarjeta,42.0,0
7942,2026-06-07,15:35,1432,3,Para llevar,Efectivo,30.0,0
7943,2026-06-07,17:09,3099,17,Salón,Yape,24.0,0
7944,2026-06-07,20:13,5087,24,Salón,Yape,36.0,0
7945,2026-06-07,13:00,599,17,Salón,Efectivo,223.0,0
7946,2026-06-07,14:56,651,16,Salón,Tarjeta,32.0,0
7947,2026-06-07,14:15,4189,7,Para llevar,Yape,34.0,0
7948,2026-06-07,20:27,3404,22,Para llevar,Efectivo,53.0,0
7949,2026-06-07,14:59,3087,22,Para llevar,Yape,104.0,0
7950,2026-06-07,13:34,2094,5,Salón,Efectivo,188.0,0
7951,2026-06-07,19:37,5252,19,Salón,Efectivo,104.0,0
7952,2026-06-07,14:09,9999,5,Salón,Efectivo,174.0,0
7953,2026-06-07,17:55,4325,20,Salón,Plin,234.0,0
7954,2026-06-07,11:38,4995,22,Salón,Tarjeta,172.0,0
7955,2026-06-07,11:21,2958,16,Salón,Tarjeta,30.0,0
7957,2026-06-07,14:38,3466,5,Salón,Tarjeta,210.0,0
7958,2026-06-07,18:39,2321,20,Para llevar,Plin,52.0,0
7959,2026-06-07,14:08,4239,18,Para llevar,Tarjeta,129.0,0
7960,2026-06-07,18:18,568,3,Salón,Efectivo,58.0,0
7961,2026-06-07,13:34,587,17,Para llevar,Yape,66.0,0
7962,2026-06-07,17:44,4627,22,Para llevar,Tarjeta,37.0,0
7963,2026-06-07,13:55,1170,16,Salón,Yape,86.0,0
7964,2026-06-07,20:36,298,24,Salón,Plin,136.0,0
7965,2026-06-07,20:51,4439,16,Salón,Plin,102.0,0
7966,2026-06-07,13:42,1744,20,Salón,Efectivo,110.0,0
7967,2026-06-07,19:13,9999,17,Delivery propio,Efectivo,62.0,0
7968,2026-06-07,17:29,119,18,Para llevar,Tarjeta,32.0,0
7969,2026-06-07,12:53,13,18,Para llevar,Efectivo,80.0,0
7970,2026-06-07,13:05,2974,17,Salón,Tarjeta,155.0,0
7971,2026-06-08,12:08,2758,18,Delivery propio,Plin,92.0,0
7972,2026-06-08,21:29,3488,16,Salón,Efectivo,136.0,0
7973,2026-06-08,15:37,5131,22,Salón,Tarjeta,24.0,0
7974,2026-06-08,12:34,4024,3,Para llevar,Yape,150.0,0
7975,2026-06-08,13:48,1910,16,Para llevar,Yape,30.0,0
7976,2026-06-08,14:58,89,18,Para llevar,Tarjeta,132.0,0
7977,2026-06-08,14:53,571,22,Salón,Tarjeta,38.0,0
7978,2026-06-08,21:47,3598,20,Salón,Plin,366.0,0
7979,2026-06-08,13:42,9999,3,Salón,Plin,38.0,0
7980,2026-06-08,19:29,3722,19,Salón,Tarjeta,194.0,0
7981,2026-06-08,15:28,9999,24,Delivery propio,Yape,52.0,0
7982,2026-06-08,19:25,3711,24,Delivery propio,Yape,117.0,0
7983,2026-06-08,19:46,9999,24,Salón,Efectivo,112.0,0
7984,2026-06-08,21:11,2679,20,Salón,Yape,106.0,0
7985,2026-06-08,19:07,427,24,Salón,Yape,167.0,0
7986,2026-06-08,14:06,1419,3,Salón,Efectivo,152.0,0
7987,2026-06-08,13:14,2075,7,Para llevar,Efectivo,196.0,0
7988,2026-06-08,14:14,3840,18,Salón,Plin,178.0,0
7989,2026-06-08,14:55,4339,20,Salón,Efectivo,136.0,0
7990,2026-06-08,20:54,1939,5,Salón,Yape,120.0,0
7991,2026-06-08,16:21,9999,22,Salón,Yape,210.0,0
7992,2026-06-08,12:05,4632,7,Para llevar,Yape,172.0,0
7993,2026-06-09,15:05,86,3,Salón,Tarjeta,92.0,0
7994,2026-06-09,14:04,9999,16,Salón,Tarjeta,124.0,0
7995,2026-06-09,13:28,2274,16,Salón,Plin,104.0,0
7996,2026-06-09,12:22,9999,3,Salón,Efectivo,134.0,0
7997,2026-06-09,15:31,5202,17,Salón,Efectivo,68.0,0
7998,2026-06-09,20:59,996,7,Salón,Efectivo,36.0,0
7999,2026-06-09,13:01,4157,19,Para llevar,Plin,20.0,0
8000,2026-06-09,14:45,434,3,Salón,Tarjeta,138.0,0
8001,2026-06-09,19:46,2279,19,Delivery propio,Tarjeta,86.0,0
8002,2026-06-09,18:55,3134,17,Para llevar,Yape,26.0,0
8003,2026-06-09,19:21,631,7,Delivery propio,Tarjeta,132.0,0
8004,2026-06-09,17:09,4376,22,Salón,Yape,56.0,0
8005,2026-06-09,18:54,2480,2,Delivery propio,Tarjeta,185.0,0
8006,2026-06-09,14:59,2087,17,Para llevar,Yape,170.0,0
8007,2026-06-09,20:38,1024,16,Salón,Efectivo,174.0,0
8008,2026-06-09,20:26,4628,7,Salón,Efectivo,60.0,0
8009,2026-06-09,12:19,5135,18,Salón,Plin,95.0,0
8010,2026-06-09,20:05,4479,2,Salón,Plin,208.0,0
8011,2026-06-09,14:14,3431,16,Para llevar,Yape,76.0,0
8012,2026-06-09,14:48,3627,3,Salón,Efectivo,52.0,0
8013,2026-06-09,13:06,573,7,Salón,Efectivo,166.0,0
8014,2026-06-09,20:05,2470,20,Salón,Tarjeta,18.0,0
8015,2026-06-09,12:55,1329,2,Delivery propio,Yape,74.0,0
8016,2026-06-09,18:50,236,7,Salón,Yape,59.0,0
8017,2026-06-09,12:00,2022,2,Delivery propio,Yape,204.0,0
8018,2026-06-10,14:52,877,17,Salón,Efectivo,94.0,0
8019,2026-06-10,18:03,2600,20,Salón,Yape,63.0,0
8020,2026-06-10,12:41,4253,5,Salón,Yape,178.0,0
8021,2026-06-10,13:20,2478,22,Delivery propio,Yape,166.0,0
8022,2026-06-10,18:24,4653,5,Delivery propio,Efectivo,61.0,0
8023,2026-06-10,13:38,4809,17,Salón,Yape,100.0,0
8024,2026-06-10,12:09,4368,24,Delivery propio,Plin,124.0,0
8025,2026-06-10,12:34,3867,22,Delivery propio,Efectivo,174.0,0
8026,2026-06-10,13:32,1405,7,Para llevar,Tarjeta,18.0,0
8027,2026-06-10,13:53,3001,22,Salón,Yape,160.0,0
8028,2026-06-10,13:39,994,3,Salón,Efectivo,156.0,0
8029,2026-06-10,21:11,5019,22,Salón,Efectivo,112.0,0
8030,2026-06-10,12:33,4396,2,Salón,Efectivo,104.0,0
8031,2026-06-10,12:59,780,18,Delivery propio,Plin,96.0,0
8032,2026-06-10,20:54,4583,2,Delivery propio,Efectivo,163.0,0
8033,2026-06-10,13:40,4023,19,Salón,Yape,72.0,0
8034,2026-06-10,14:02,4357,17,Para llevar,Efectivo,24.0,0
8035,2026-06-10,13:20,9999,16,Salón,Yape,133.0,0
8036,2026-06-10,15:43,2263,2,Para llevar,Tarjeta,119.0,0
8037,2026-06-10,11:47,4183,7,Para llevar,Efectivo,162.0,0
8038,2026-06-10,13:32,2388,19,Salón,Efectivo,214.0,0
8039,2026-06-10,18:53,3536,20,Salón,Yape,120.0,0
8040,2026-06-10,13:55,4204,24,Salón,Yape,154.0,0
8041,2026-06-10,12:55,9999,3,Salón,Efectivo,9.0,0
8042,2026-06-10,14:17,225,17,Salón,Plin,74.0,0
8043,2026-06-10,14:08,649,7,Delivery propio,Yape,52.0,0
8044,2026-06-10,14:48,4132,7,Salón,Efectivo,216.0,0
8045,2026-06-10,16:42,2857,2,Salón,Efectivo,52.0,0
8046,2026-06-10,13:10,3092,22,Salón,Yape,66.0,0
8047,2026-06-11,13:26,3506,16,Para llevar,Plin,106.0,0
8048,2026-06-11,13:43,3899,20,Salón,Efectivo,128.0,0
8049,2026-06-11,14:35,3276,18,Salón,Tarjeta,138.0,0
8050,2026-06-11,12:32,9999,3,Para llevar,Yape,53.0,0
8051,2026-06-11,14:44,508,18,Salón,Yape,22.0,0
8052,2026-06-11,17:48,5178,5,Para llevar,Yape,132.0,0
8053,2026-06-11,11:06,3657,22,Salón,Efectivo,351.0,0
8054,2026-06-11,14:41,5190,16,Salón,Yape,286.0,0
8055,2026-06-11,19:17,1488,19,Salón,Efectivo,278.0,0
8056,2026-06-11,14:26,1373,7,Delivery propio,Efectivo,60.0,0
8057,2026-06-11,16:15,2141,16,Salón,Efectivo,364.0,0
8058,2026-06-11,17:39,651,7,Para llevar,Plin,102.0,0
8059,2026-06-11,17:37,2598,2,Delivery propio,Yape,136.0,0
8060,2026-06-11,20:42,1262,19,Salón,Plin,116.0,0
8061,2026-06-11,15:19,1283,22,Salón,Efectivo,186.0,0
8062,2026-06-11,16:35,9999,5,Delivery propio,Efectivo,274.0,0
8063,2026-06-11,12:36,5335,16,Salón,Tarjeta,114.0,0
8064,2026-06-11,12:10,4511,16,Salón,Tarjeta,90.0,0
8065,2026-06-11,18:54,1885,3,Delivery propio,Efectivo,96.0,0
8066,2026-06-11,19:55,2146,18,Salón,Efectivo,162.0,0
8067,2026-06-11,13:48,2714,5,Delivery propio,Efectivo,244.0,0
8068,2026-06-11,17:54,9999,17,Para llevar,Efectivo,72.0,0
8069,2026-06-11,16:29,1826,20,Salón,Tarjeta,54.0,0
8070,2026-06-11,13:49,1080,17,Salón,Yape,66.0,0
8071,2026-06-12,13:21,2921,20,Delivery propio,Tarjeta,32.0,0
8072,2026-06-12,12:11,9999,2,Salón,Plin,173.0,0
8073,2026-06-12,21:27,300,2,Salón,Plin,92.0,0
8074,2026-06-12,14:07,5290,3,Para llevar,Tarjeta,177.0,0
8075,2026-06-12,20:56,2967,2,Salón,Efectivo,82.0,0
8076,2026-09-28,14:43,4317,17,Salón,Yape,28.0,1
8077,2026-06-12,20:09,3841,5,Salón,Plin,152.0,0
8078,2026-06-12,19:58,4250,24,Delivery propio,Yape,64.0,0
8079,2026-06-12,20:15,5193,22,Salón,Tarjeta,114.0,0
8080,2026-06-12,14:31,2288,19,Delivery propio,Efectivo,120.0,0
8081,2026-06-12,19:48,9999,16,Delivery propio,Yape,202.0,0
8082,2026-06-12,13:34,9999,18,Salón,Tarjeta,120.0,0
8083,2026-06-12,21:29,3265,18,Salón,Efectivo,112.0,0
8084,2026-06-12,13:59,2219,5,Para llevar,Efectivo,27.0,0
8085,2026-06-12,12:35,5027,5,Delivery propio,Tarjeta,178.0,0
8086,2026-06-12,21:58,4568,5,Delivery propio,Yape,20.0,0
8087,2026-06-12,12:38,4067,20,Salón,Yape,80.0,0
8088,2026-06-12,15:46,2121,20,Para llevar,Yape,18.0,0
8089,2026-06-12,20:53,196,5,Salón,Efectivo,60.0,0
8090,2026-06-12,20:34,3023,17,Delivery propio,Efectivo,56.0,0
8091,2026-06-12,19:00,4612,22,Para llevar,Tarjeta,252.0,0
8092,2026-06-12,15:43,1744,3,Delivery propio,Yape,216.0,0
8093,2026-06-12,16:25,9999,7,Delivery propio,Yape,114.0,0
8094,2026-06-12,12:37,9999,20,Para llevar,Efectivo,169.0,0
8095,2026-06-12,13:22,4639,2,Salón,Plin,112.0,0
8096,2026-06-12,21:10,706,20,Salón,Plin,182.0,0
8097,2026-06-12,11:58,9999,3,Salón,Efectivo,80.0,0
8098,2026-06-12,13:15,9999,17,Salón,Tarjeta,58.0,0
8099,2026-06-12,20:45,2660,16,Salón,Efectivo,84.0,0
8100,2026-06-12,14:55,9999,22,Salón,Tarjeta,154.0,0
8101,2026-06-12,17:23,3360,16,Para llevar,Tarjeta,138.0,0
8102,2026-06-12,18:23,3359,19,Para llevar,Yape,251.0,0
8103,2026-09-28,13:20,3288,3,Salón,Yape,76.0,1
8104,2026-06-12,13:18,2392,7,Salón,Yape,116.0,0
8105,2026-06-13,14:08,1216,17,Para llevar,Tarjeta,214.0,0
8106,2026-06-13,13:01,189,2,Salón,Plin,168.0,0
8107,2026-06-13,13:06,5185,2,Salón,Tarjeta,28.0,0
8108,2026-06-13,16:50,4872,22,Salón,Yape,86.0,0
8109,2026-06-13,14:40,4479,20,Salón,Plin,280.0,0
8110,2026-06-13,19:42,474,3,Salón,Plin,152.0,0
8111,2026-06-13,14:20,2650,5,Salón,Yape,51.0,0
8112,2026-06-13,20:31,1785,19,Salón,Yape,147.0,0
8113,2026-06-13,13:17,2246,20,Salón,Efectivo,105.0,0
8114,2026-06-13,17:24,5121,24,Salón,Efectivo,84.0,0
8115,2026-06-13,14:07,2740,22,Delivery propio,Efectivo,201.0,0
8116,2026-06-13,15:15,3459,2,Delivery propio,Tarjeta,146.0,0
8117,2026-06-13,21:15,695,16,Salón,Efectivo,110.0,0
8118,2026-06-13,15:18,1513,22,Para llevar,Yape,80.0,0
8119,2026-06-13,14:49,9999,22,Para llevar,Efectivo,314.0,0
8120,2026-06-13,16:49,9999,22,Salón,Tarjeta,197.0,0
8121,2026-06-13,15:29,5109,2,Para llevar,Efectivo,160.0,0
8122,2026-06-13,19:56,3476,18,Salón,Plin,42.0,0
8123,2026-06-13,13:06,3221,3,Salón,Efectivo,78.0,0
8124,2026-06-13,12:21,3266,2,Salón,Plin,108.0,0
8125,2026-06-13,13:17,5116,3,Salón,Yape,128.0,0
8126,2026-06-13,12:48,295,3,Salón,Yape,103.0,0
8127,2026-06-13,20:14,1662,24,Delivery propio,Plin,52.0,0
8128,2026-06-13,20:39,5200,16,Delivery propio,Yape,120.0,0
8129,2026-06-13,13:03,490,5,Delivery propio,Tarjeta,158.0,0
8130,2026-06-13,15:17,4001,5,Salón,Efectivo,76.0,0
8131,2026-06-13,11:49,9999,19,Salón,Efectivo,162.0,0
8132,2026-06-13,13:37,4973,16,Para llevar,Yape,216.0,0
8133,2026-06-13,21:30,2353,3,Para llevar,Efectivo,167.0,0
8134,2026-06-13,18:24,3867,24,Para llevar,Efectivo,82.0,0
8135,2026-06-13,16:22,4838,3,Salón,Yape,62.0,0
8136,2026-06-13,13:37,2942,22,Salón,Yape,80.0,0
8137,2026-06-13,14:31,1919,7,Salón,Efectivo,35.0,0
8138,2026-06-13,12:54,2573,16,Delivery propio,Yape,116.0,0
8139,2026-06-13,20:00,1675,22,Delivery propio,Yape,92.0,0
8140,2026-06-13,12:11,4277,22,Salón,Efectivo,155.0,0
8141,2026-06-13,13:19,9999,22,Para llevar,Yape,241.0,0
8142,2026-06-13,11:13,3330,18,Salón,Yape,82.0,0
8143,2026-06-13,13:57,358,5,Salón,Efectivo,38.0,0
8144,2026-06-13,13:20,346,16,Salón,Plin,226.0,0
8145,2026-06-13,14:54,3361,18,Salón,Tarjeta,121.0,0
8146,2026-06-13,12:10,4644,3,Salón,Efectivo,266.0,0
8147,2026-06-13,21:56,4146,16,Salón,Yape,32.0,0
8148,2026-06-13,13:22,3278,24,Delivery propio,Yape,84.0,0
8149,2026-06-13,12:27,2730,7,Delivery propio,Tarjeta,201.0,0
8150,2026-06-13,13:24,2737,20,Delivery propio,Tarjeta,127.0,0
8151,2026-06-13,15:14,1347,2,Salón,Tarjeta,59.0,0
8152,2026-06-13,16:12,5288,3,Salón,Efectivo,94.0,0
8153,2026-06-13,13:49,5447,7,Delivery propio,Tarjeta,94.0,0
8154,2026-06-13,16:31,1196,19,Para llevar,Yape,108.0,0
8155,2026-06-14,13:05,9999,3,Salón,Tarjeta,111.0,0
8156,2026-06-14,20:44,1153,5,Salón,Yape,182.0,0
8157,2026-06-14,14:15,4744,3,Salón,Tarjeta,95.0,0
8158,2026-06-14,11:31,638,3,Para llevar,Efectivo,211.0,0
8159,2026-06-14,19:35,1013,3,Delivery propio,Tarjeta,144.0,0
8160,2026-06-14,17:16,4829,20,Salón,Efectivo,94.0,0
8161,2026-06-14,20:33,4479,17,Para llevar,Tarjeta,114.0,0
8162,2026-06-14,20:53,2133,3,Para llevar,Efectivo,206.0,0
8163,2026-06-14,16:10,676,24,Delivery propio,Yape,144.0,0
8164,2026-06-14,15:15,4730,20,Salón,Efectivo,111.0,0
8165,2026-06-14,14:46,5016,18,Salón,Plin,172.0,0
8166,2026-06-14,12:12,2131,22,Salón,Efectivo,207.0,0
8167,2026-06-14,14:45,2613,18,Salón,Efectivo,144.0,0
8168,2026-06-14,13:01,4203,2,Para llevar,Tarjeta,78.0,0
8169,2026-06-14,12:00,738,19,Salón,Yape,83.0,0
8170,2026-06-14,19:31,9999,16,Salón,Plin,60.0,0
8171,2026-06-14,14:46,9999,24,Salón,Yape,178.0,0
8172,2026-06-14,14:55,4979,18,Salón,Efectivo,164.0,0
8173,2026-06-14,13:42,1253,17,Salón,Tarjeta,154.0,0
8174,2026-06-14,12:24,3569,17,Delivery propio,Efectivo,84.0,0
8175,2026-06-14,20:46,1913,5,Salón,Yape,210.0,0
8176,2026-06-14,19:50,651,5,Para llevar,Plin,240.0,0
8177,2026-06-14,12:02,189,22,Salón,Efectivo,212.0,0
8178,2026-06-14,12:03,1720,18,Salón,Tarjeta,84.0,0
8179,2026-06-14,13:14,239,5,Salón,Tarjeta,146.0,0
8180,2026-06-14,17:46,3658,18,Delivery propio,Efectivo,86.0,0
8181,2026-06-14,13:43,2445,19,Salón,Tarjeta,45.0,0
8182,2026-06-14,17:19,2506,20,Salón,Tarjeta,174.0,0
8183,2026-06-14,13:16,1873,2,Delivery propio,Tarjeta,81.0,0
8184,2026-06-14,20:14,3560,18,Delivery propio,Efectivo,157.0,0
8185,2026-06-14,14:16,4688,17,Para llevar,Yape,139.0,0
8186,2026-06-14,14:46,2275,5,Delivery propio,Efectivo,54.0,0
8187,2026-06-14,18:03,877,24,Salón,Efectivo,78.0,0
8188,2026-06-14,13:11,4989,19,Delivery propio,Efectivo,24.0,0
8189,2026-06-14,16:25,2140,17,Salón,Yape,88.0,0
8190,2026-06-14,12:36,3866,5,Para llevar,Tarjeta,30.0,0
8191,2026-06-14,13:39,9999,22,Salón,Yape,94.0,0
8192,2026-06-14,21:56,4173,16,Salón,Tarjeta,153.0,0
8193,2026-06-14,13:48,2388,18,Salón,Efectivo,58.0,0
8194,2026-06-14,18:04,1320,7,Delivery propio,Tarjeta,174.0,0
8195,2026-06-14,15:32,1415,18,Salón,Efectivo,153.0,0
8196,2026-06-14,14:31,493,24,Delivery propio,Tarjeta,122.0,0
8197,2026-06-14,20:56,3216,7,Salón,Yape,222.0,0
8198,2026-06-14,16:01,4246,17,Salón,Efectivo,26.0,0
8199,2026-06-15,14:35,4308,7,Salón,Efectivo,140.0,0
8200,2026-06-15,14:35,397,7,Salón,Tarjeta,145.0,0
8201,2026-06-15,13:17,4573,22,Salón,Efectivo,136.0,0
8202,2026-06-15,12:59,2941,2,Salón,Efectivo,208.0,0
8203,2026-06-15,12:59,765,17,Salón,Plin,66.0,0
8204,2026-06-15,12:16,2686,3,Salón,Efectivo,110.0,0
8205,2026-06-15,19:09,1079,20,Salón,Efectivo,46.0,0
8206,2026-06-15,19:39,1519,5,Salón,Yape,85.0,0
8207,2026-06-15,17:53,5237,20,Salón,Tarjeta,116.0,0
8208,2026-06-15,13:00,3600,7,Salón,Yape,82.0,0
8209,2026-06-15,17:58,4540,16,Delivery propio,Tarjeta,136.0,0
8210,2026-06-15,13:47,5101,2,Salón,Yape,63.0,0
8211,2026-06-15,17:23,1228,24,Delivery propio,Efectivo,127.0,0
8212,2026-06-15,19:19,3972,24,Para llevar,Efectivo,162.0,0
8213,2026-06-15,13:44,1400,2,Salón,Yape,162.0,0
8214,2026-06-15,13:57,4537,5,Salón,Tarjeta,144.0,0
8215,2026-06-15,13:47,2114,22,Salón,Efectivo,162.0,0
8216,2026-06-15,12:51,76,2,Salón,Yape,42.0,0
8217,2026-06-15,19:10,4524,22,Salón,Yape,162.0,0
8218,2026-06-15,21:11,1422,18,Para llevar,Tarjeta,98.0,0
8219,2026-06-16,19:27,4987,16,Para llevar,Yape,72.0,0
8220,2026-06-16,16:01,1829,24,Para llevar,Efectivo,122.0,0
8221,2026-06-16,15:58,3843,17,Delivery propio,Tarjeta,74.0,0
8222,2026-06-16,16:37,2081,5,Delivery propio,Yape,122.0,0
8223,2026-06-16,17:21,3545,3,Para llevar,Tarjeta,113.0,0
8224,2026-06-16,13:47,488,16,Delivery propio,Tarjeta,193.0,0
8225,2026-06-16,13:16,4862,22,Delivery propio,Tarjeta,108.0,0
8226,2026-06-16,18:44,2633,2,Salón,Yape,91.0,0
8227,2026-06-16,12:19,9999,19,Salón,Efectivo,451.0,0
8228,2026-06-16,18:35,1223,2,Salón,Yape,293.0,0
8229,2026-06-16,15:05,9999,18,Para llevar,Efectivo,22.0,0
8230,2026-06-16,15:11,4768,20,Delivery propio,Tarjeta,141.0,0
8231,2026-06-16,14:17,3446,20,Salón,Tarjeta,146.0,0
8232,2026-06-16,16:49,2657,17,Para llevar,Yape,146.0,0
8233,2026-06-16,18:03,9999,22,Salón,Plin,342.0,0
8234,2026-06-16,13:56,3091,3,Delivery propio,Yape,60.0,0
8235,2026-06-16,19:40,5195,24,Salón,Efectivo,138.0,0
8236,2026-06-16,17:00,1275,22,Delivery propio,Yape,48.0,0
8237,2026-06-16,16:53,3101,24,Delivery propio,Tarjeta,42.0,0
8238,2026-06-16,15:20,5101,3,Salón,Yape,120.0,0
8239,2026-06-16,20:08,4537,22,Salón,Efectivo,80.0,0
8240,2026-06-16,14:55,330,20,Para llevar,Efectivo,116.0,0
8241,2026-06-16,18:35,2793,7,Salón,Efectivo,258.0,0
8242,2026-06-16,12:33,3497,18,Salón,Efectivo,156.0,0
8243,2026-06-17,15:30,4652,22,Salón,Yape,148.0,0
8244,2026-06-17,13:08,1012,2,Delivery propio,Tarjeta,82.0,0
8245,2026-06-17,12:02,3635,7,Delivery propio,Tarjeta,102.0,0
8246,2026-06-17,19:43,2220,19,Salón,Yape,64.0,0
8247,2026-06-17,15:00,4236,19,Para llevar,Tarjeta,73.0,0
8248,2026-06-17,20:12,3932,20,Para llevar,Yape,133.0,0
8249,2026-06-17,16:15,4119,19,Para llevar,Efectivo,140.0,0
8250,2026-06-17,20:27,2819,18,Salón,Tarjeta,44.0,0
8251,2026-06-17,14:23,755,3,Salón,Yape,74.0,0
8252,2026-06-17,19:37,2399,5,Para llevar,Yape,197.0,0
8253,2026-06-17,13:41,9999,24,Salón,Efectivo,72.0,0
8254,2026-06-17,19:54,1691,7,Para llevar,Yape,18.0,0
8255,2026-06-17,20:35,2224,18,Salón,Plin,100.0,0
8256,2026-06-17,14:56,9999,24,Salón,Yape,68.0,0
8257,2026-06-17,13:28,2295,18,Delivery propio,Efectivo,83.0,0
8258,2026-06-17,12:47,5428,22,Salón,Tarjeta,36.0,0
8259,2026-06-17,14:53,3867,3,Salón,Yape,96.0,0
8260,2026-06-17,12:57,2222,17,Delivery propio,Plin,93.0,0
8261,2026-06-17,13:40,2542,5,Salón,Yape,32.0,0
8262,2026-06-17,12:17,362,7,Salón,Tarjeta,116.0,0
8263,2026-06-17,21:51,4361,22,Salón,Tarjeta,32.0,0
8264,2026-06-17,13:38,2683,2,Salón,Plin,148.0,0
8265,2026-06-17,18:54,9999,16,Salón,Efectivo,243.0,0
8266,2026-06-17,14:18,2709,5,Delivery propio,Efectivo,102.0,0
8267,2026-06-18,19:29,107,5,Salón,Yape,170.0,0
8268,2026-06-18,13:42,2745,3,Salón,Efectivo,60.0,0
8269,2026-06-18,20:15,949,16,Salón,Tarjeta,78.0,0
8270,2026-06-18,15:54,1411,18,Salón,Yape,42.0,0
8271,2026-06-18,14:23,2151,5,Salón,Tarjeta,155.0,0
8272,2026-06-18,18:17,1067,22,Para llevar,Tarjeta,26.0,0
8273,2026-06-18,14:50,2252,19,Salón,Yape,226.0,0
8274,2026-06-18,13:37,761,18,Salón,Efectivo,40.0,0
8275,2026-06-18,13:43,4910,22,Para llevar,Yape,149.0,0
8276,2026-06-18,11:05,3158,18,Salón,Tarjeta,20.0,0
8277,2026-06-18,21:19,3462,16,Salón,Efectivo,88.0,0
8278,2026-06-18,15:04,3246,19,Salón,Plin,34.0,0
8279,2026-06-18,18:22,1965,24,Salón,Efectivo,34.0,0
8280,2026-06-18,19:25,4674,17,Para llevar,Yape,92.0,0
8281,2026-06-18,14:36,4340,16,Salón,Tarjeta,187.0,0
8282,2026-06-18,13:13,1541,17,Delivery propio,Efectivo,106.0,0
8283,2026-06-18,13:13,2713,2,Delivery propio,Efectivo,146.0,0
8284,2026-06-18,12:55,4127,3,Salón,Yape,206.0,0
8285,2026-06-18,19:00,5044,16,Delivery propio,Yape,150.0,0
8286,2026-06-18,11:58,2793,2,Salón,Tarjeta,86.0,0
8287,2026-06-18,17:48,4541,5,Salón,Tarjeta,244.0,0
8288,2026-06-18,13:02,4318,24,Salón,Efectivo,18.0,0
8289,2026-06-18,13:57,3393,19,Para llevar,Plin,108.0,0
8290,2026-06-18,14:59,4179,18,Salón,Yape,119.0,0
8291,2026-06-18,13:33,2066,19,Salón,Yape,196.0,0
8292,2026-06-18,14:41,2669,22,Salón,Efectivo,82.0,0
8293,2026-06-18,12:17,3121,16,Salón,Efectivo,334.0,0
8294,2026-06-18,18:24,673,20,Salón,Efectivo,59.0,0
8295,2026-06-18,12:57,9999,19,Salón,Efectivo,96.0,0
8296,2026-06-19,18:10,4669,7,Salón,Efectivo,119.0,0
8297,2026-06-19,14:07,2572,7,Salón,Yape,83.0,0
8298,2026-06-19,21:52,3969,24,Delivery propio,Tarjeta,72.0,0
8299,2026-06-19,12:30,2996,20,Delivery propio,Tarjeta,132.0,0
8300,2026-06-19,13:15,2435,7,Salón,Yape,84.0,0
8301,2026-06-19,13:23,1025,20,Salón,Efectivo,34.0,0
8302,2026-06-19,12:29,1874,5,Salón,Efectivo,110.0,0
8303,2026-06-19,16:49,2404,16,Salón,Efectivo,101.0,0
8304,2026-06-19,17:44,632,17,Salón,Yape,166.0,0
8305,2026-06-19,13:59,3617,2,Salón,Tarjeta,136.0,0
8306,2026-06-19,16:45,31,22,Delivery propio,Efectivo,140.0,0
8307,2026-06-19,17:16,1565,20,Salón,Efectivo,85.0,0
8308,2026-09-28,15:38,205,2,Delivery propio,Efectivo,57.0,1
8309,2026-06-19,18:23,4662,20,Para llevar,Yape,126.0,0
8310,2026-06-19,13:27,5256,16,Salón,Efectivo,213.0,0
8311,2026-06-19,12:27,3400,20,Salón,Efectivo,354.0,0
8312,2026-06-19,12:42,2092,5,Para llevar,Yape,22.0,0
8313,2026-06-19,21:17,5340,2,Para llevar,Tarjeta,64.0,0
8314,2026-06-19,18:53,1240,19,Para llevar,Efectivo,144.0,0
8315,2026-06-19,19:17,2904,17,Salón,Yape,94.0,0
8316,2026-06-19,17:18,877,17,Salón,Efectivo,114.0,0
8317,2026-06-19,20:43,2142,20,Salón,Tarjeta,71.0,0
8318,2026-06-19,13:37,3615,16,Salón,Yape,71.0,0
8319,2026-06-19,19:39,9999,24,Salón,Tarjeta,73.0,0
8320,2026-06-19,20:34,1864,7,Delivery propio,Yape,116.0,0
8321,2026-06-19,16:34,5442,18,Salón,Plin,70.0,0
8322,2026-06-19,14:23,832,7,Delivery propio,Tarjeta,48.0,0
8323,2026-06-19,14:23,526,7,Salón,Efectivo,232.0,0
8324,2026-06-19,20:18,1126,3,Delivery propio,Yape,298.0,0
8325,2026-06-19,14:54,2288,5,Salón,Tarjeta,128.0,0
8326,2026-06-19,19:56,1284,16,Delivery propio,Efectivo,122.0,0
8327,2026-06-19,15:34,651,7,Delivery propio,Plin,199.0,0
8328,2026-06-19,13:51,313,16,Salón,Efectivo,124.0,0
8329,2026-06-19,14:52,3565,3,Para llevar,Plin,245.0,0
8330,2026-06-19,18:51,1167,20,Delivery propio,Plin,138.0,0
8331,2026-06-19,13:55,4205,5,Salón,Efectivo,30.0,0
8332,2026-06-19,19:24,3585,16,Salón,Yape,191.0,0
8333,2026-06-19,13:15,1021,18,Salón,Yape,102.0,0
8334,2026-06-19,16:51,1776,7,Salón,Plin,172.0,0
8335,2026-06-19,12:54,18,3,Salón,Tarjeta,68.0,0
8336,2026-06-19,13:58,9999,18,Delivery propio,Yape,176.0,0
8337,2026-06-19,14:38,281,18,Salón,Efectivo,36.0,0
8338,2026-06-19,19:57,4773,7,Salón,Plin,51.0,0
8339,2026-06-19,19:23,1780,2,Salón,Yape,64.0,0
8340,2026-06-19,20:56,9999,18,Delivery propio,Yape,58.0,0
8341,2026-06-19,20:38,4901,7,Para llevar,Efectivo,160.0,0
8342,2026-06-19,17:19,449,7,Salón,Yape,377.0,0
8343,2026-06-20,14:06,494,18,Salón,Yape,208.0,0
8344,2026-06-20,20:51,1660,24,Salón,Efectivo,250.0,0
8345,2026-06-20,15:01,2511,20,Salón,Tarjeta,128.0,0
8346,2026-06-20,13:35,4479,22,Delivery propio,Tarjeta,220.0,0
8347,2026-06-20,13:36,554,3,Delivery propio,Tarjeta,61.0,0
8348,2026-06-20,14:24,2369,17,Para llevar,Efectivo,87.0,0
8349,2026-06-20,15:38,4392,22,Salón,Efectivo,197.0,0
8350,2026-06-20,20:16,652,3,Salón,Tarjeta,70.0,0
8351,2026-06-20,15:10,443,18,Salón,Efectivo,9.0,0
8352,2026-06-20,18:17,488,3,Salón,Yape,98.0,0
8353,2026-06-20,15:01,3983,18,Para llevar,Tarjeta,34.0,0
8354,2026-06-20,13:03,5046,18,Salón,Tarjeta,210.0,0
8355,2026-06-20,19:27,147,2,Para llevar,Tarjeta,24.0,0
8356,2026-06-20,13:51,877,22,Salón,Efectivo,37.0,0
8357,2026-06-20,20:05,2400,3,Para llevar,Efectivo,169.0,0
8358,2026-06-20,13:54,9999,20,Delivery propio,Yape,166.0,0
8359,2026-06-20,12:03,9999,2,Salón,Efectivo,75.0,0
8360,2026-06-20,21:23,534,3,Salón,Tarjeta,60.0,0
8361,2026-06-20,14:59,4013,17,Salón,Efectivo,40.0,0
8362,2026-06-20,19:05,9999,17,Salón,Efectivo,66.0,0
8363,2026-06-20,13:14,9999,7,Salón,Yape,68.0,0
8364,2026-06-20,17:14,3964,24,Salón,Yape,125.0,0
8365,2026-06-20,18:08,9999,3,Salón,Yape,158.0,0
8366,2026-06-20,20:27,1718,19,Salón,Yape,88.0,0
8367,2026-06-20,15:13,3921,5,Salón,Efectivo,208.0,0
8368,2026-06-20,21:41,4135,2,Delivery propio,Efectivo,66.0,0
8369,2026-06-20,20:51,4965,3,Delivery propio,Yape,170.0,0
8370,2026-06-20,15:35,3741,22,Salón,Tarjeta,87.0,0
8371,2026-06-20,12:46,4683,18,Salón,Yape,84.0,0
8372,2026-06-20,16:35,1929,18,Salón,Yape,26.0,0
8373,2026-06-20,20:17,9999,19,Salón,Plin,184.0,0
8374,2026-06-20,21:46,2790,20,Salón,Efectivo,170.0,0
8375,2026-06-20,19:21,4824,20,Para llevar,Tarjeta,46.0,0
8376,2026-06-20,19:52,9999,2,Salón,Efectivo,197.0,0
8377,2026-06-20,14:34,3906,3,Delivery propio,Yape,70.0,0
8378,2026-06-20,14:14,2191,17,Salón,Yape,110.0,0
8379,2026-06-20,20:18,4448,2,Salón,Plin,114.0,0
8380,2026-06-20,18:58,1367,16,Para llevar,Efectivo,138.0,0
8381,2026-06-20,16:58,1397,20,Para llevar,Tarjeta,117.0,0
8382,2026-06-20,14:09,5128,17,Salón,Plin,34.0,0
8383,2026-06-20,18:31,970,2,Salón,Efectivo,163.0,0
8384,2026-06-20,13:28,9999,20,Salón,Efectivo,236.0,0
8385,2026-06-20,19:20,1621,20,Salón,Tarjeta,55.0,0
8386,2026-06-20,12:20,229,5,Salón,Tarjeta,307.0,0
8387,2026-06-20,18:25,886,16,Salón,Efectivo,172.0,0
8388,2026-06-20,21:58,823,24,Salón,Yape,130.0,0
8389,2026-06-20,16:18,4369,7,Salón,Yape,117.0,0
8390,2026-06-21,20:35,1,19,Salón,Plin,248.0,0
8391,2026-06-21,17:11,4743,7,Para llevar,Yape,76.0,0
8392,2026-06-21,12:46,3069,2,Salón,Efectivo,165.0,0
8393,2026-06-21,19:10,1902,7,Salón,Yape,131.0,0
8394,2026-06-21,18:01,1151,7,Salón,Tarjeta,134.0,0
8395,2026-06-21,13:05,3213,2,Salón,Plin,87.0,0
8396,2026-06-21,12:28,1958,22,Salón,Efectivo,49.0,0
8397,2026-06-21,20:35,5456,7,Salón,Tarjeta,132.0,0
8398,2026-06-21,12:01,2861,5,Salón,Yape,160.0,0
8399,2026-06-21,11:18,4772,19,Salón,Efectivo,112.0,0
8400,2026-06-21,11:20,2096,24,Salón,Efectivo,110.0,0
8401,2026-06-21,13:19,3496,22,Salón,Yape,76.0,0
8402,2026-06-21,13:27,4785,7,Salón,Yape,176.0,0
8403,2026-06-21,19:48,1501,16,Para llevar,Yape,118.0,0
8404,2026-06-21,14:07,3,16,Delivery propio,Efectivo,134.0,0
8405,2026-06-21,20:22,5485,24,Salón,Tarjeta,92.0,0
8406,2026-06-21,20:16,2706,2,Salón,Plin,66.0,0
8407,2026-06-21,20:49,4917,24,Delivery propio,Tarjeta,54.0,0
8408,2026-06-21,16:51,2043,20,Delivery propio,Yape,138.0,0
8409,2026-06-21,12:11,647,18,Delivery propio,Tarjeta,266.0,0
8410,2026-06-21,21:30,4479,2,Salón,Efectivo,192.0,0
8411,2026-06-21,11:59,9999,2,Para llevar,Tarjeta,67.0,0
8412,2026-06-21,13:51,5244,16,Para llevar,Tarjeta,170.0,0
8413,2026-06-21,11:20,4491,19,Salón,Efectivo,158.0,0
8414,2026-06-21,19:39,9999,2,Salón,Efectivo,63.0,0
8415,2026-06-21,15:29,3292,20,Salón,Efectivo,102.0,0
8416,2026-06-21,21:53,2097,18,Delivery propio,Yape,132.0,0
8417,2026-06-21,11:55,418,20,Salón,Plin,121.0,0
8418,2026-06-21,19:12,3254,17,Salón,Plin,121.0,0
8419,2026-06-21,17:49,4492,5,Salón,Efectivo,98.0,0
8420,2026-06-21,14:17,5315,16,Salón,Tarjeta,196.0,0
8421,2026-06-21,21:04,2540,24,Para llevar,Yape,18.0,0
8422,2026-06-21,13:25,141,24,Para llevar,Yape,76.0,0
8423,2026-06-21,18:03,2043,19,Delivery propio,Tarjeta,173.0,0
8424,2026-06-21,14:39,186,7,Para llevar,Efectivo,42.0,0
8425,2026-06-21,14:16,2146,5,Para llevar,Yape,78.0,0
8426,2026-06-21,12:59,1370,17,Salón,Yape,204.0,0
8427,2026-06-21,13:53,5450,22,Para llevar,Efectivo,281.0,0
8428,2026-06-21,14:03,97,19,Salón,Efectivo,114.0,0
8429,2026-06-21,14:45,4729,20,Salón,Efectivo,246.0,0
8430,2026-06-21,14:31,546,2,Salón,Tarjeta,81.0,0
8431,2026-06-21,16:51,2047,20,Para llevar,Tarjeta,142.0,0
8432,2026-06-21,14:22,9999,7,Salón,Yape,154.0,0
8433,2026-06-21,14:38,2425,22,Para llevar,Tarjeta,28.0,0
8434,2026-06-21,12:16,4100,17,Salón,Yape,108.0,0
8435,2026-06-21,14:32,4568,18,Delivery propio,Efectivo,43.0,0
8436,2026-06-21,17:27,1871,17,Salón,Yape,102.0,0
8437,2026-06-21,21:00,2395,24,Salón,Efectivo,108.0,0
8438,2026-06-21,15:01,676,22,Para llevar,Efectivo,32.0,0
8439,2026-06-22,12:40,4469,24,Salón,Tarjeta,136.0,0
8440,2026-06-22,21:09,4336,3,Salón,Plin,180.0,0
8441,2026-06-22,19:28,9999,2,Delivery propio,Yape,114.0,0
8442,2026-06-22,13:17,1265,20,Para llevar,Tarjeta,90.0,0
8443,2026-06-22,16:09,2288,19,Salón,Efectivo,214.0,0
8444,2026-06-22,12:53,2832,17,Para llevar,Tarjeta,158.0,0
8445,2026-06-22,19:56,9999,19,Salón,Plin,172.0,0
8446,2026-06-22,12:11,2409,19,Para llevar,Efectivo,76.0,0
8447,2026-06-22,12:57,2551,18,Delivery propio,Efectivo,194.0,0
8448,2026-06-22,18:29,1114,2,Salón,Efectivo,286.0,0
8449,2026-06-22,13:23,5017,24,Salón,Yape,71.0,0
8450,2026-06-22,14:07,4986,22,Salón,Yape,48.0,0
8451,2026-06-22,14:15,4741,22,Salón,Efectivo,234.0,0
8452,2026-06-22,14:39,3063,18,Delivery propio,Plin,206.0,0
8453,2026-06-22,14:15,4174,16,Salón,Efectivo,204.0,0
8454,2026-06-22,19:19,3454,5,Salón,Yape,104.0,0
8455,2026-06-22,14:28,443,3,Salón,Tarjeta,114.0,0
8456,2026-06-22,13:22,4444,20,Salón,Efectivo,96.0,0
8457,2026-06-22,14:55,5212,19,Para llevar,Yape,114.0,0
8458,2026-06-22,21:27,1869,2,Salón,Efectivo,205.0,0
8459,2026-06-22,19:35,1985,18,Para llevar,Tarjeta,202.0,0
8460,2026-06-22,19:01,616,20,Salón,Yape,129.0,0
8461,2026-06-22,12:46,2491,17,Delivery propio,Yape,99.0,0
8462,2026-06-22,13:35,806,18,Para llevar,Efectivo,24.0,0
8463,2026-06-22,20:28,2738,24,Para llevar,Tarjeta,100.0,0
8464,2026-06-22,13:48,9999,22,Para llevar,Tarjeta,148.0,0
8465,2026-06-22,13:31,1780,5,Salón,Tarjeta,72.0,0
8466,2026-06-22,11:22,3641,18,Salón,Yape,248.0,0
8467,2026-06-22,12:09,9999,16,Salón,Plin,54.0,0
8468,2026-06-22,13:43,2398,24,Salón,Plin,45.0,0
8469,2026-06-22,17:00,3483,3,Para llevar,Yape,237.0,0
8470,2026-06-23,15:57,9999,2,Para llevar,Yape,22.0,0
8471,2026-06-23,18:00,2789,16,Para llevar,Yape,179.0,0
8472,2026-06-23,18:58,2041,18,Para llevar,Efectivo,198.0,0
8473,2026-06-23,14:24,4231,3,Para llevar,Efectivo,88.0,0
8474,2026-06-23,19:46,1392,16,Salón,Tarjeta,181.0,0
8475,2026-06-23,13:07,1415,19,Salón,Efectivo,194.0,0
8476,2026-06-23,16:35,4973,20,Salón,Efectivo,182.0,0
8477,2026-06-23,13:33,1822,3,Salón,Yape,132.0,0
8478,2026-06-23,14:39,1463,22,Salón,Plin,169.0,0
8479,2026-06-23,13:12,2541,20,Delivery propio,Tarjeta,70.0,0
8480,2026-06-23,15:39,5032,20,Salón,Efectivo,291.0,0
8481,2026-06-23,12:01,3714,18,Salón,Efectivo,134.0,0
8482,2026-06-23,18:51,22,24,Salón,Yape,308.0,0
8483,2026-06-23,19:09,4959,24,Salón,Plin,132.0,0
8484,2026-06-23,18:25,3793,2,Delivery propio,Efectivo,42.0,0
8485,2026-06-23,13:10,2752,18,Salón,Yape,93.0,0
8486,2026-06-23,19:39,3592,5,Salón,Efectivo,18.0,0
8487,2026-06-23,14:14,4562,24,Salón,Plin,173.0,0
8488,2026-06-23,13:30,4579,20,Salón,Tarjeta,132.0,0
8489,2026-06-23,14:35,4135,19,Salón,Efectivo,60.0,0
8490,2026-06-23,12:31,1934,17,Salón,Yape,104.0,0
8491,2026-06-23,14:52,5046,3,Salón,Efectivo,134.0,0
8492,2026-06-23,15:58,5183,24,Salón,Efectivo,30.0,0
8493,2026-06-23,20:13,5485,3,Salón,Yape,86.0,0
8494,2026-06-23,20:13,364,22,Para llevar,Efectivo,82.0,0
8495,2026-06-23,12:59,1394,7,Delivery propio,Efectivo,255.0,0
8496,2026-06-23,14:40,22,5,Delivery propio,Efectivo,141.0,0
8497,2026-06-23,15:04,831,18,Salón,Plin,35.0,0
8498,2026-06-24,19:35,3737,16,Delivery propio,Efectivo,87.0,0
8499,2026-06-24,18:16,9999,18,Salón,Efectivo,66.0,0
8500,2026-06-24,20:39,480,22,Para llevar,Yape,112.0,0
8501,2026-06-24,11:28,4871,7,Salón,Efectivo,108.0,0
8502,2026-06-24,12:29,667,17,Para llevar,Yape,20.0,0
8503,2026-06-24,21:44,2058,19,Salón,Yape,122.0,0
8504,2026-06-24,15:54,4531,22,Salón,Yape,158.0,0
8505,2026-06-24,13:55,9999,20,Delivery propio,Efectivo,140.0,0
8506,2026-06-24,19:11,4099,24,Para llevar,Yape,32.0,0
8507,2026-06-24,11:39,1756,3,Para llevar,Efectivo,98.0,0
8508,2026-06-24,13:45,4087,5,Salón,Efectivo,102.0,0
8509,2026-06-24,12:37,63,19,Delivery propio,Yape,46.0,0
8510,2026-06-24,13:30,3291,18,Para llevar,Yape,146.0,0
8511,2026-06-24,14:38,9999,17,Salón,Yape,58.0,0
8512,2026-06-24,20:54,2230,3,Salón,Yape,198.0,0
8513,2026-06-24,19:54,5123,17,Delivery propio,Efectivo,36.0,0
8514,2026-06-24,14:48,5021,5,Salón,Yape,83.0,0
8515,2026-06-24,21:08,3748,2,Salón,Tarjeta,136.0,0
8516,2026-06-24,17:41,1668,16,Salón,Efectivo,74.0,0
8517,2026-06-24,13:07,4398,24,Para llevar,Efectivo,196.0,0
8518,2026-06-24,19:53,5205,5,Salón,Yape,48.0,0
8519,2026-06-24,15:28,4082,5,Salón,Efectivo,30.0,0
8520,2026-06-24,15:04,2661,5,Delivery propio,Efectivo,121.0,0
8521,2026-06-24,18:31,4493,17,Delivery propio,Yape,114.0,0
8522,2026-06-24,18:51,1952,24,Delivery propio,Tarjeta,223.0,0
8523,2026-06-24,20:13,348,7,Delivery propio,Efectivo,108.0,0
8524,2026-06-24,13:44,5357,20,Salón,Tarjeta,248.0,0
8525,2026-06-24,17:23,1193,16,Salón,Efectivo,96.0,0
8526,2026-06-24,12:01,3999,19,Salón,Yape,212.0,0
8527,2026-06-24,20:15,1025,19,Salón,Yape,214.0,0
8528,2026-06-24,20:44,1760,24,Salón,Efectivo,132.0,0
8529,2026-06-24,17:42,4899,16,Salón,Yape,308.0,0
8530,2026-06-24,13:45,1553,19,Salón,Yape,128.0,0
8531,2026-06-24,18:59,3920,24,Para llevar,Efectivo,148.0,0
8532,2026-06-24,15:25,4261,5,Para llevar,Efectivo,30.0,0
8533,2026-06-24,18:22,4590,7,Salón,Plin,148.0,0
8534,2026-06-24,21:06,2131,24,Salón,Efectivo,183.0,0
8535,2026-06-25,12:23,2722,17,Salón,Efectivo,126.0,0
8536,2026-06-25,13:26,4093,19,Salón,Plin,28.0,0
8537,2026-06-25,12:00,534,17,Delivery propio,Tarjeta,65.0,0
8538,2026-06-25,18:43,3007,2,Para llevar,Yape,237.0,0
8539,2026-06-25,20:08,335,7,Delivery propio,Yape,69.0,0
8540,2026-06-25,12:07,4892,16,Salón,Tarjeta,188.0,0
8541,2026-06-25,13:37,588,3,Delivery propio,Tarjeta,186.0,0
8542,2026-06-25,13:09,1086,24,Para llevar,Efectivo,302.0,0
8543,2026-06-25,20:09,1686,22,Salón,Efectivo,220.0,0
8544,2026-06-25,15:49,4068,2,Delivery propio,Efectivo,136.0,0
8545,2026-06-25,14:05,4787,5,Salón,Plin,88.0,0
8546,2026-06-25,14:47,9999,5,Salón,Efectivo,146.0,0
8547,2026-06-25,21:24,2561,18,Salón,Tarjeta,56.0,0
8548,2026-06-25,14:37,66,18,Salón,Yape,243.0,0
8549,2026-06-25,16:57,5032,19,Salón,Efectivo,134.0,0
8550,2026-06-25,17:22,1214,22,Salón,Tarjeta,79.0,0
8551,2026-06-25,16:20,3560,18,Salón,Tarjeta,94.0,0
8552,2026-06-25,12:53,2669,22,Salón,Tarjeta,150.0,0
8553,2026-06-25,13:06,877,19,Salón,Tarjeta,84.0,0
8554,2026-06-25,14:12,9999,22,Delivery propio,Yape,234.0,0
8555,2026-06-25,20:21,4680,20,Salón,Yape,116.0,0
8556,2026-06-25,19:29,1133,17,Salón,Efectivo,158.0,0
8557,2026-06-25,14:38,823,16,Para llevar,Efectivo,122.0,0
8558,2026-06-25,20:57,3650,17,Para llevar,Tarjeta,68.0,0
8559,2026-06-26,20:19,4741,20,Delivery propio,Tarjeta,50.0,0
8560,2026-06-26,18:34,2908,2,Salón,Yape,107.0,0
8561,2026-06-26,17:47,716,3,Salón,Tarjeta,238.0,0
8562,2026-06-26,13:01,1755,24,Salón,Efectivo,22.0,0
8563,2026-06-26,12:41,2785,22,Salón,Plin,58.0,0
8564,2026-06-26,18:24,4809,20,Delivery propio,Efectivo,172.0,0
8565,2026-06-26,14:03,2103,22,Salón,Efectivo,70.0,0
8566,2026-06-26,13:13,2176,7,Delivery propio,Efectivo,248.0,0
8567,2026-06-26,13:40,3335,19,Delivery propio,Tarjeta,12.0,0
8568,2026-06-26,13:21,3002,18,Delivery propio,Yape,68.0,0
8569,2026-06-26,20:03,656,19,Salón,Efectivo,83.0,0
8570,2026-06-26,17:33,1986,2,Delivery propio,Yape,102.0,0
8571,2026-06-26,13:06,2501,17,Salón,Efectivo,32.0,0
8572,2026-06-26,13:52,1472,20,Salón,Yape,244.0,0
8573,2026-06-26,13:10,4517,22,Salón,Yape,274.0,0
8574,2026-06-26,12:08,525,18,Delivery propio,Efectivo,154.0,0
8575,2026-06-26,18:15,695,2,Para llevar,Tarjeta,54.0,0
8576,2026-06-26,13:03,9999,2,Delivery propio,Efectivo,90.0,0
8577,2026-06-26,18:24,1841,22,Delivery propio,Efectivo,173.0,0
8578,2026-06-26,16:35,9999,20,Salón,Efectivo,166.0,0
8579,2026-06-26,13:58,3307,7,Para llevar,Efectivo,78.0,0
8580,2026-06-26,13:16,1178,22,Salón,Tarjeta,214.0,0
8581,2026-06-26,19:52,5354,16,Delivery propio,Efectivo,270.0,0
8582,2026-06-26,15:16,1295,7,Salón,Efectivo,62.0,0
8583,2026-06-26,12:26,4022,20,Salón,Yape,42.0,0
8584,2026-06-26,14:32,5392,19,Para llevar,Efectivo,148.0,0
8585,2026-06-26,14:32,5250,22,Salón,Efectivo,105.0,0
8586,2026-06-26,12:11,9999,2,Para llevar,Yape,48.0,0
8587,2026-06-26,14:21,3272,17,Salón,Yape,216.0,0
8588,2026-06-26,15:29,1100,19,Salón,Yape,84.0,0
8589,2026-06-26,12:56,1283,22,Para llevar,Yape,112.0,0
8590,2026-06-26,14:36,1201,2,Delivery propio,Yape,132.0,0
8591,2026-06-26,12:16,390,18,Para llevar,Yape,188.0,0
8592,2026-06-26,11:16,2342,19,Delivery propio,Efectivo,158.0,0
8593,2026-06-26,11:39,990,3,Delivery propio,Yape,88.0,0
8594,2026-06-26,13:14,1042,22,Salón,Efectivo,60.0,0
8595,2026-06-27,20:40,2391,17,Salón,Yape,282.0,0
8596,2026-06-27,13:32,5215,18,Delivery propio,Efectivo,36.0,0
8597,2026-06-27,13:20,3956,3,Delivery propio,Yape,238.0,0
8598,2026-06-27,18:50,5434,3,Delivery propio,Efectivo,6.0,0
8599,2026-06-27,13:24,1284,18,Para llevar,Tarjeta,160.0,0
8600,2026-06-27,17:28,2136,5,Salón,Efectivo,220.0,0
8601,2026-06-27,21:46,3268,19,Para llevar,Tarjeta,199.0,0
8602,2026-06-27,19:21,4321,18,Delivery propio,Tarjeta,126.0,0
8603,2026-06-27,13:42,4339,5,Salón,Yape,116.0,0
8604,2026-06-27,21:49,1778,22,Para llevar,Tarjeta,40.0,0
8605,2026-06-27,14:00,4089,3,Salón,Yape,32.0,0
8606,2026-06-27,11:51,4542,3,Delivery propio,Plin,130.0,0
8607,2026-06-27,20:59,2897,2,Delivery propio,Efectivo,218.0,0
8608,2026-06-27,20:52,2584,16,Salón,Tarjeta,38.0,0
8609,2026-06-27,11:28,5007,16,Salón,Yape,151.0,0
8610,2026-06-27,14:59,3832,2,Delivery propio,Plin,166.0,0
8611,2026-06-27,20:29,5281,24,Delivery propio,Yape,116.0,0
8612,2026-06-27,18:46,2136,17,Salón,Efectivo,275.0,0
8613,2026-06-27,13:19,2141,7,Salón,Efectivo,280.0,0
8614,2026-06-27,18:19,9999,17,Salón,Efectivo,55.0,0
8615,2026-06-27,17:22,4756,3,Salón,Yape,124.0,0
8616,2026-06-27,16:55,5159,18,Salón,Tarjeta,256.0,0
8617,2026-06-27,15:26,9999,24,Salón,Efectivo,148.0,0
8618,2026-06-27,17:36,2226,17,Salón,Efectivo,105.0,0
8619,2026-06-27,19:47,4995,16,Delivery propio,Tarjeta,183.0,0
8620,2026-06-27,18:16,9999,24,Salón,Yape,69.0,0
8621,2026-06-27,11:03,4632,2,Para llevar,Tarjeta,132.0,0
8622,2026-06-27,13:35,2629,19,Para llevar,Yape,64.0,0
8623,2026-06-27,12:25,9999,3,Delivery propio,Tarjeta,198.0,0
8624,2026-06-27,13:05,4744,2,Salón,Yape,36.0,0
8625,2026-06-27,11:15,1943,5,Salón,Tarjeta,88.0,0
8626,2026-06-27,19:09,1059,5,Para llevar,Yape,144.0,0
8627,2026-06-27,16:49,9999,22,Salón,Tarjeta,153.0,0
8628,2026-06-27,17:11,3379,24,Salón,Efectivo,154.0,0
8629,2026-06-27,19:53,4280,7,Salón,Efectivo,79.0,0
8630,2026-06-27,13:30,1265,5,Delivery propio,Tarjeta,77.0,0
8631,2026-06-27,14:14,2249,20,Delivery propio,Tarjeta,304.0,0
8632,2026-06-27,14:48,4114,5,Delivery propio,Efectivo,100.0,0
8633,2026-06-27,14:42,1642,5,Salón,Tarjeta,170.0,0
8634,2026-06-27,13:23,3543,24,Para llevar,Yape,194.0,0
8635,2026-06-27,15:41,3386,20,Salón,Yape,118.0,0
8636,2026-06-28,14:21,5198,18,Salón,Plin,96.0,0
8637,2026-06-28,11:35,5039,18,Delivery propio,Efectivo,186.0,0
8638,2026-06-28,13:32,4592,2,Salón,Plin,110.0,0
8639,2026-06-28,12:51,3632,7,Salón,Efectivo,140.0,0
8640,2026-06-28,12:35,4556,24,Salón,Efectivo,126.0,0
8641,2026-06-28,19:13,3231,18,Salón,Plin,46.0,0
8642,2026-06-28,20:40,9999,24,Salón,Efectivo,98.0,0
8643,2026-06-28,12:07,5200,24,Salón,Efectivo,98.0,0
8644,2026-06-28,14:48,3330,7,Salón,Plin,86.0,0
8645,2026-06-28,13:21,1287,20,Salón,Efectivo,158.0,0
8646,2026-06-28,17:23,190,19,Para llevar,Yape,106.0,0
8647,2026-06-28,15:44,2274,20,Salón,Efectivo,46.0,0
8648,2026-06-28,17:40,2161,3,Salón,Efectivo,76.0,0
8649,2026-06-28,16:10,5000,16,Salón,Efectivo,44.0,0
8650,2026-06-28,21:35,2640,19,Salón,Yape,70.0,0
8651,2026-06-28,20:10,1579,7,Salón,Efectivo,52.0,0
8652,2026-06-28,14:57,9999,24,Salón,Tarjeta,144.0,0
8653,2026-06-28,13:40,2344,17,Salón,Plin,114.0,0
8654,2026-06-28,15:03,3531,16,Salón,Yape,158.0,0
8655,2026-06-28,17:08,1387,17,Salón,Efectivo,26.0,0
8656,2026-06-28,11:42,1965,19,Delivery propio,Efectivo,215.0,0
8657,2026-06-28,11:18,2721,18,Salón,Plin,103.0,0
8658,2026-06-28,11:21,4342,17,Delivery propio,Tarjeta,99.0,0
8659,2026-06-28,16:54,1197,19,Salón,Tarjeta,128.0,0
8660,2026-06-28,17:39,522,3,Delivery propio,Plin,128.0,0
8661,2026-06-28,14:30,1766,18,Salón,Yape,93.0,0
8662,2026-06-28,12:05,1583,20,Delivery propio,Plin,62.0,0
8663,2026-06-28,20:46,3116,3,Salón,Yape,8.0,0
8664,2026-06-28,18:35,3658,18,Salón,Yape,44.0,0
8665,2026-06-28,17:18,1609,18,Salón,Tarjeta,110.0,0
8666,2026-06-28,13:53,1663,24,Salón,Tarjeta,98.0,0
8667,2026-06-28,16:00,9999,24,Salón,Tarjeta,42.0,0
8668,2026-06-28,11:31,20,24,Salón,Yape,194.0,0
8669,2026-06-28,12:06,4309,22,Salón,Yape,152.0,0
8670,2026-06-28,12:30,4655,18,Salón,Yape,86.0,0
8671,2026-06-28,16:02,2349,20,Delivery propio,Yape,104.0,0
8672,2026-06-28,14:04,56,7,Salón,Tarjeta,34.0,0
8673,2026-06-28,15:11,3311,16,Para llevar,Efectivo,120.0,0
8674,2026-06-28,18:06,4731,22,Delivery propio,Efectivo,94.0,0
8675,2026-06-28,12:02,2965,17,Salón,Efectivo,78.0,0
8676,2026-06-28,13:34,5225,2,Delivery propio,Efectivo,72.0,0
8677,2026-06-28,13:44,3919,20,Para llevar,Tarjeta,26.0,0
8678,2026-06-28,12:42,1742,24,Salón,Plin,82.0,0
8679,2026-06-28,20:15,4216,16,Para llevar,Yape,18.0,0
8680,2026-06-28,18:04,4999,20,Para llevar,Efectivo,42.0,0
8681,2026-06-28,13:30,9999,3,Para llevar,Yape,56.0,0
8682,2026-06-28,12:17,739,5,Salón,Tarjeta,308.0,0
8683,2026-06-28,12:35,5188,19,Para llevar,Efectivo,335.0,0
8684,2026-06-28,19:34,4610,20,Salón,Tarjeta,236.0,0
8685,2026-06-28,19:13,2953,5,Salón,Tarjeta,110.0,0
8686,2026-06-28,15:50,4260,17,Salón,Tarjeta,149.0,0
8687,2026-06-28,15:37,1446,18,Salón,Efectivo,224.0,0
8688,2026-06-28,21:16,1552,18,Salón,Efectivo,156.0,0
8689,2026-06-28,13:57,5321,19,Salón,Yape,77.0,0
8690,2026-06-28,15:07,1680,20,Delivery propio,Yape,54.0,0
8691,2026-06-28,12:30,3876,7,Salón,Efectivo,46.0,0
8692,2026-06-28,19:27,3239,5,Salón,Tarjeta,96.0,0
8693,2026-06-28,12:37,5168,18,Salón,Efectivo,116.0,0
8694,2026-06-28,13:45,109,24,Salón,Tarjeta,126.0,0
8695,2026-06-28,16:12,4473,19,Salón,Yape,198.0,0
8696,2026-06-28,14:55,299,3,Para llevar,Efectivo,26.0,0
8697,2026-06-28,17:23,1046,16,Salón,Yape,16.0,0
8698,2026-06-28,12:59,2430,20,Para llevar,Yape,78.0,0
8699,2026-06-28,20:54,4479,5,Salón,Tarjeta,132.0,0
8700,2026-06-28,20:00,5019,24,Para llevar,Tarjeta,256.0,0
8701,2026-06-28,20:50,108,20,Para llevar,Plin,120.0,0
8702,2026-06-28,15:55,3649,16,Salón,Efectivo,48.0,0
8703,2026-06-28,18:07,4359,20,Delivery propio,Yape,18.0,0
8704,2026-06-28,18:22,9999,18,Salón,Efectivo,42.0,0
8705,2026-06-28,13:37,41,16,Para llevar,Yape,299.0,0
8706,2026-06-29,11:02,3282,2,Salón,Tarjeta,166.0,0
8707,2026-06-29,12:13,9999,3,Delivery propio,Efectivo,173.0,0
8708,2026-06-29,13:05,232,16,Para llevar,Yape,114.0,0
8709,2026-06-29,14:36,9999,7,Delivery propio,Yape,24.0,0
8710,2026-06-29,14:01,5092,20,Delivery propio,Efectivo,60.0,0
8711,2026-06-29,18:17,1956,3,Salón,Efectivo,68.0,0
8712,2026-06-29,16:05,4798,3,Salón,Efectivo,231.0,0
8713,2026-06-29,14:51,618,5,Para llevar,Efectivo,95.0,0
8714,2026-06-29,14:24,2970,2,Delivery propio,Yape,34.0,0
8715,2026-06-29,15:20,1007,18,Salón,Yape,95.0,0
8716,2026-06-29,13:26,2691,7,Salón,Efectivo,144.0,0
8717,2026-06-29,19:40,5140,24,Salón,Yape,36.0,0
8718,2026-06-29,20:50,2065,18,Salón,Efectivo,36.0,0
8719,2026-06-29,14:14,2772,17,Para llevar,Efectivo,52.0,0
8720,2026-06-29,13:56,4629,7,Para llevar,Efectivo,143.0,0
8721,2026-06-29,12:14,9999,5,Salón,Tarjeta,179.0,0
8722,2026-06-29,13:39,2594,22,Salón,Yape,108.0,0
8723,2026-06-29,21:46,3170,16,Delivery propio,Yape,79.0,0
8724,2026-06-29,13:48,2699,17,Salón,Yape,28.0,0
8725,2026-06-29,16:56,3757,18,Salón,Plin,142.0,0
8726,2026-06-29,20:31,86,5,Salón,Tarjeta,74.0,0
8727,2026-06-29,15:20,3904,24,Salón,Yape,44.0,0
8728,2026-06-29,12:18,1760,5,Delivery propio,Plin,70.0,0
8729,2026-06-29,12:01,3660,19,Salón,Tarjeta,133.0,0
8730,2026-06-30,13:01,9999,18,Delivery propio,Plin,197.0,0
8731,2026-06-30,13:07,5464,17,Delivery propio,Efectivo,236.0,0
8732,2026-06-30,11:57,1167,7,Delivery propio,Yape,175.0,0
8733,2026-06-30,13:25,4340,2,Salón,Yape,169.0,0
8734,2026-06-30,20:42,3969,24,Salón,Efectivo,26.0,0
8735,2026-06-30,15:18,3578,17,Salón,Yape,40.0,0
8736,2026-09-28,19:50,9999,3,Delivery propio,Efectivo,158.0,1
8737,2026-06-30,13:41,4446,7,Para llevar,Yape,84.0,0
8738,2026-06-30,21:03,1845,16,Salón,Yape,72.0,0
8739,2026-06-30,14:53,2572,7,Salón,Yape,76.0,0
8740,2026-06-30,20:42,2801,18,Salón,Yape,76.0,0
8741,2026-06-30,15:40,4030,24,Delivery propio,Efectivo,102.0,0
8742,2026-06-30,18:45,2279,18,Para llevar,Efectivo,204.0,0
8743,2026-06-30,20:17,827,16,Salón,Tarjeta,44.0,0
8744,2026-06-30,18:55,5327,24,Para llevar,Yape,88.0,0
8745,2026-06-30,15:27,5125,5,Salón,Plin,122.0,0
8746,2026-06-30,18:29,863,7,Salón,Efectivo,218.0,0
8747,2026-06-30,13:51,9999,5,Salón,Efectivo,14.0,0
8748,2026-06-30,13:58,985,17,Salón,Tarjeta,93.0,0
8749,2026-06-30,14:53,4242,16,Salón,Tarjeta,102.0,0
8750,2026-06-30,16:35,9999,20,Salón,Efectivo,118.0,0
8751,2026-06-30,14:13,2633,19,Salón,Efectivo,132.0,0
8752,2026-06-30,15:11,1811,5,Salón,Efectivo,40.0,0
8753,2026-06-30,13:02,9999,18,Para llevar,Efectivo,149.0,0
8754,2026-06-30,14:00,692,20,Delivery propio,Efectivo,178.0,0
8755,2026-06-30,12:34,3734,2,Salón,Plin,76.0,0
8756,2026-06-30,18:19,1959,19,Salón,Efectivo,152.0,0
8757,2026-06-30,12:42,1086,22,Salón,Plin,76.0,0
8758,2026-07-01,20:17,4062,22,Salón,Yape,80.0,0
8759,2026-07-01,12:42,3204,17,Salón,Efectivo,317.0,0
8760,2026-07-01,13:59,5256,19,Delivery propio,Yape,44.0,0
8761,2026-07-01,15:37,3448,7,Salón,Tarjeta,159.0,0
8762,2026-07-01,20:12,473,24,Salón,Tarjeta,176.0,0
8763,2026-07-01,19:00,2939,17,Salón,Efectivo,140.0,0
8764,2026-07-01,13:50,9999,24,Delivery propio,Yape,180.0,0
8765,2026-07-01,18:33,3131,17,Salón,Yape,104.0,0
8766,2026-07-01,20:17,5189,20,Salón,Efectivo,114.0,0
8767,2026-07-01,14:01,2003,3,Delivery propio,Tarjeta,192.0,0
8768,2026-07-01,19:22,3833,2,Salón,Yape,226.0,0
8769,2026-07-01,14:38,5198,19,Salón,Tarjeta,123.0,0
8770,2026-07-01,14:41,2529,2,Para llevar,Yape,68.0,0
8771,2026-07-01,13:19,451,17,Salón,Efectivo,60.0,0
8772,2026-07-01,18:58,1744,20,Delivery propio,Tarjeta,150.0,0
8773,2026-07-01,14:49,3825,17,Salón,Tarjeta,150.0,0
8774,2026-07-01,14:53,1714,5,Salón,Efectivo,298.0,0
8775,2026-07-01,21:39,401,5,Salón,Tarjeta,182.0,0
8776,2026-07-01,20:30,350,24,Delivery propio,Efectivo,36.0,0
8777,2026-07-01,14:01,4462,22,Para llevar,Yape,198.0,0
8778,2026-07-01,18:34,3948,18,Salón,Yape,99.0,0
8779,2026-07-01,12:48,1846,24,Salón,Tarjeta,178.0,0
8780,2026-07-01,19:23,2025,24,Salón,Efectivo,96.0,0
8781,2026-07-01,16:31,1838,24,Salón,Efectivo,92.0,0
8782,2026-07-01,13:51,3760,19,Salón,Yape,118.0,0
8783,2026-07-01,12:55,1513,20,Salón,Plin,66.0,0
8784,2026-07-01,14:54,1100,3,Delivery propio,Efectivo,204.0,0
8785,2026-07-01,14:08,2015,24,Delivery propio,Tarjeta,139.0,0
8786,2026-07-01,13:38,9999,24,Salón,Yape,175.0,0
8787,2026-07-01,13:38,9999,17,Para llevar,Yape,278.0,0
8788,2026-07-02,15:39,2835,20,Delivery propio,Efectivo,37.0,0
8789,2026-07-02,14:29,2692,16,Para llevar,Tarjeta,102.0,0
8790,2026-07-02,12:43,3597,19,Delivery propio,Yape,110.0,0
8791,2026-07-02,14:43,2691,22,Salón,Yape,58.0,0
8792,2026-07-02,14:40,1226,22,Salón,Efectivo,94.0,0
8793,2026-07-02,15:03,1547,3,Salón,Tarjeta,236.0,0
8794,2026-07-02,11:15,2565,16,Salón,Tarjeta,68.0,0
8795,2026-07-02,14:50,1713,24,Delivery propio,Yape,81.0,0
8796,2026-07-02,20:42,1148,20,Salón,Tarjeta,75.0,0
8797,2026-07-02,12:23,3493,22,Salón,Yape,208.0,0
8798,2026-07-02,13:45,5256,3,Salón,Yape,142.0,0
8799,2026-07-02,13:07,9999,24,Salón,Yape,78.0,0
8800,2026-07-02,11:14,3361,20,Salón,Efectivo,182.0,0
8801,2026-07-02,16:50,1732,24,Salón,Tarjeta,101.0,0
8802,2026-07-02,12:37,9999,18,Salón,Plin,33.0,0
8803,2026-07-02,19:08,556,3,Para llevar,Yape,82.0,0
8804,2026-07-02,13:45,9999,16,Salón,Efectivo,184.0,0
8805,2026-07-02,16:30,1025,19,Salón,Efectivo,168.0,0
8806,2026-07-02,14:27,1796,2,Salón,Efectivo,32.0,0
8807,2026-07-02,19:22,2933,19,Salón,Efectivo,76.0,0
8808,2026-07-02,19:18,5428,16,Delivery propio,Yape,161.0,0
8809,2026-07-02,20:17,1726,18,Salón,Yape,192.0,0
8810,2026-07-02,13:42,51,20,Delivery propio,Efectivo,100.0,0
8811,2026-07-02,14:29,4376,2,Salón,Yape,168.0,0
8812,2026-07-02,16:40,2220,22,Salón,Yape,176.0,0
8813,2026-07-02,17:08,4470,16,Salón,Tarjeta,84.0,0
8814,2026-07-02,13:39,1968,16,Salón,Tarjeta,42.0,0
8815,2026-07-02,17:45,2178,18,Delivery propio,Yape,208.0,0
8816,2026-07-02,15:59,1090,17,Salón,Tarjeta,55.0,0
8817,2026-07-02,20:17,1953,20,Salón,Yape,72.0,0
8818,2026-07-03,14:18,1411,22,Salón,Plin,40.0,0
8819,2026-07-03,19:40,4237,5,Salón,Efectivo,26.0,0
8820,2026-07-03,14:25,4479,5,Salón,Tarjeta,48.0,0
8821,2026-07-03,13:46,790,20,Para llevar,Tarjeta,146.0,0
8822,2026-07-03,11:56,1151,3,Salón,Efectivo,147.0,0
8823,2026-07-03,14:09,9999,24,Salón,Tarjeta,36.0,0
8824,2026-07-03,14:04,3483,5,Para llevar,Plin,312.0,0
8825,2026-07-03,13:30,5071,19,Salón,Tarjeta,64.0,0
8826,2026-07-03,14:33,3799,7,Salón,Yape,162.0,0
8827,2026-07-03,18:23,9999,24,Salón,Efectivo,284.0,0
8828,2026-07-03,14:06,2900,19,Salón,Tarjeta,97.0,0
8829,2026-07-03,13:22,3927,5,Salón,Yape,148.0,0
8830,2026-07-03,13:11,955,24,Para llevar,Yape,176.0,0
8831,2026-07-03,17:36,2056,22,Salón,Tarjeta,34.0,0
8832,2026-07-03,15:54,4537,22,Salón,Plin,148.0,0
8833,2026-07-03,13:59,4573,16,Para llevar,Yape,89.0,0
8834,2026-07-03,14:53,683,19,Salón,Yape,84.0,0
8835,2026-07-03,20:01,2627,22,Salón,Efectivo,301.0,0
8836,2026-07-03,14:42,4392,24,Salón,Efectivo,174.0,0
8837,2026-07-03,11:13,4806,22,Salón,Efectivo,114.0,0
8838,2026-07-03,21:56,3580,16,Salón,Efectivo,241.0,0
8839,2026-07-03,15:54,1766,24,Salón,Efectivo,62.0,0
8840,2026-07-03,13:15,1755,5,Salón,Yape,98.0,0
8841,2026-07-03,15:32,3539,2,Para llevar,Yape,150.0,0
8842,2026-07-03,17:43,3201,17,Salón,Plin,38.0,0
8843,2026-07-03,18:13,1216,20,Delivery propio,Efectivo,76.0,0
8844,2026-07-03,20:12,585,2,Para llevar,Efectivo,32.0,0
8845,2026-07-03,15:16,4988,16,Para llevar,Yape,30.0,0
8846,2026-07-03,13:50,1456,16,Para llevar,Tarjeta,230.0,0
8847,2026-07-03,20:14,886,24,Salón,Yape,290.0,0
8848,2026-07-03,14:46,3551,19,Salón,Efectivo,173.0,0
8849,2026-07-03,19:56,2900,17,Salón,Yape,118.0,0
8850,2026-07-03,15:51,1239,3,Para llevar,Efectivo,267.0,0
8851,2026-07-03,13:45,1994,3,Delivery propio,Efectivo,86.0,0
8852,2026-07-03,18:30,2753,17,Salón,Efectivo,161.0,0
8853,2026-07-03,12:59,2287,17,Para llevar,Yape,144.0,0
8854,2026-07-03,14:33,1756,20,Salón,Efectivo,67.0,0
8855,2026-07-03,14:52,1114,19,Salón,Yape,94.0,0
8856,2026-07-04,13:08,5240,24,Salón,Tarjeta,95.0,0
8857,2026-07-04,11:08,4488,20,Delivery propio,Yape,104.0,0
8858,2026-07-04,19:11,9999,17,Para llevar,Tarjeta,220.0,0
8859,2026-07-04,16:14,9999,16,Salón,Yape,124.0,0
8860,2026-07-04,17:31,245,16,Salón,Plin,32.0,0
8861,2026-07-04,12:22,994,3,Salón,Plin,154.0,0
8862,2026-07-04,12:39,1964,24,Para llevar,Plin,176.0,0
8863,2026-07-04,12:10,1975,22,Salón,Tarjeta,76.0,0
8864,2026-07-04,15:26,1029,7,Salón,Tarjeta,65.0,0
8865,2026-07-04,13:30,605,22,Salón,Yape,82.0,0
8866,2026-07-04,13:38,950,5,Salón,Efectivo,219.0,0
8867,2026-07-04,20:52,2421,24,Delivery propio,Tarjeta,148.0,0
8868,2026-07-04,18:34,1528,7,Salón,Plin,190.0,0
8869,2026-07-04,13:11,2128,18,Salón,Yape,158.0,0
8870,2026-07-04,17:53,4729,24,Delivery propio,Yape,18.0,0
8871,2026-07-04,19:25,4087,2,Salón,Plin,66.0,0
8872,2026-07-04,19:27,2078,5,Para llevar,Tarjeta,126.0,0
8873,2026-07-04,18:47,591,18,Para llevar,Efectivo,136.0,0
8874,2026-07-04,14:28,5352,24,Salón,Yape,136.0,0
8875,2026-07-04,14:25,3496,24,Delivery propio,Efectivo,68.0,0
8876,2026-07-04,13:34,1197,2,Salón,Yape,300.0,0
8877,2026-07-04,19:53,740,5,Salón,Tarjeta,82.0,0
8878,2026-07-04,13:53,3650,20,Salón,Plin,268.0,0
8879,2026-07-04,12:49,9999,2,Salón,Tarjeta,36.0,0
8880,2026-07-04,13:20,5044,18,Salón,Yape,114.0,0
8881,2026-07-04,20:36,5216,17,Salón,Tarjeta,130.0,0
8882,2026-07-04,14:25,1049,19,Salón,Tarjeta,151.0,0
8883,2026-07-04,17:54,1184,18,Delivery propio,Tarjeta,6.0,0
8884,2026-07-04,18:08,272,22,Para llevar,Tarjeta,96.0,0
8885,2026-07-04,13:06,4930,5,Salón,Yape,133.0,0
8886,2026-07-04,15:09,3443,22,Salón,Tarjeta,50.0,0
8887,2026-07-04,14:01,4052,3,Delivery propio,Efectivo,89.0,0
8888,2026-07-04,21:06,1152,19,Salón,Tarjeta,42.0,0
8889,2026-07-04,20:36,4700,5,Salón,Yape,68.0,0
8890,2026-07-04,11:38,3400,16,Salón,Yape,104.0,0
8891,2026-07-04,21:39,2741,7,Salón,Yape,48.0,0
8892,2026-07-04,12:19,2180,3,Para llevar,Tarjeta,131.0,0
8893,2026-07-04,21:34,5336,22,Salón,Efectivo,141.0,0
8894,2026-07-04,11:09,9999,16,Salón,Tarjeta,60.0,0
8895,2026-07-04,18:56,1210,17,Salón,Yape,289.0,0
8896,2026-07-04,11:01,4941,3,Salón,Efectivo,166.0,0
8897,2026-07-04,20:28,4290,16,Salón,Efectivo,82.0,0
8898,2026-07-04,15:23,3007,2,Para llevar,Tarjeta,70.0,0
8899,2026-07-04,20:40,2854,7,Salón,Efectivo,114.0,0
8900,2026-07-04,14:52,2232,19,Salón,Tarjeta,85.0,0
8901,2026-07-04,13:43,981,24,Salón,Tarjeta,135.0,0
8902,2026-07-04,19:51,303,2,Salón,Efectivo,244.0,0
8903,2026-07-04,13:53,5110,3,Delivery propio,Yape,98.0,0
8904,2026-07-04,12:54,2452,3,Delivery propio,Yape,152.0,0
8905,2026-07-04,12:21,9999,3,Delivery propio,Efectivo,36.0,0
8906,2026-07-04,14:48,3247,24,Delivery propio,Efectivo,116.0,0
8907,2026-07-04,19:46,3689,17,Salón,Efectivo,68.0,0
8908,2026-07-05,21:34,3283,17,Para llevar,Efectivo,112.0,0
8909,2026-07-05,17:41,3545,22,Para llevar,Yape,166.0,0
8910,2026-07-05,14:02,3517,16,Salón,Yape,123.0,0
8911,2026-07-05,13:01,3602,16,Salón,Plin,108.0,0
8912,2026-07-05,19:29,3790,20,Salón,Tarjeta,80.0,0
8913,2026-07-05,14:10,3076,19,Salón,Efectivo,106.0,0
8914,2026-07-05,15:44,5215,19,Salón,Yape,115.0,0
8915,2026-07-05,13:07,526,19,Delivery propio,Efectivo,90.0,0
8916,2026-07-05,21:30,4386,24,Delivery propio,Tarjeta,84.0,0
8917,2026-07-05,15:13,3462,18,Salón,Tarjeta,180.0,0
8918,2026-07-05,12:48,9999,17,Delivery propio,Efectivo,210.0,0
8919,2026-07-05,14:30,1151,22,Salón,Efectivo,64.0,0
8920,2026-07-05,21:23,1256,24,Para llevar,Efectivo,184.0,0
8921,2026-07-05,15:25,9999,20,Para llevar,Yape,78.0,0
8922,2026-07-05,20:42,3749,16,Salón,Plin,55.0,0
8923,2026-07-05,16:18,3735,16,Salón,Tarjeta,166.0,0
8924,2026-07-05,21:25,1093,19,Salón,Tarjeta,81.0,0
8925,2026-07-05,18:59,3789,2,Para llevar,Tarjeta,30.0,0
8926,2026-07-05,14:44,4646,16,Salón,Tarjeta,106.0,0
8927,2026-07-05,12:23,5224,3,Para llevar,Plin,34.0,0
8928,2026-07-05,15:33,9999,22,Salón,Yape,114.0,0
8929,2026-07-05,20:40,356,24,Salón,Tarjeta,92.0,0
8930,2026-07-05,11:44,407,5,Para llevar,Efectivo,394.0,0
8931,2026-07-05,20:27,185,19,Salón,Tarjeta,162.0,0
8932,2026-07-05,14:11,1069,19,Delivery propio,Tarjeta,245.0,0
8933,2026-07-05,19:58,2714,19,Salón,Efectivo,76.0,0
8934,2026-07-05,13:20,9999,19,Delivery propio,Efectivo,221.0,0
8935,2026-07-05,13:15,1122,24,Para llevar,Yape,292.0,0
8936,2026-07-05,12:20,877,24,Salón,Tarjeta,106.0,0
8937,2026-07-05,11:33,48,7,Salón,Yape,182.0,0
8938,2026-07-05,15:56,4434,3,Para llevar,Tarjeta,286.0,0
8939,2026-07-05,16:39,1573,2,Para llevar,Efectivo,54.0,0
8940,2026-07-05,13:32,4367,17,Salón,Tarjeta,144.0,0
8941,2026-07-05,18:30,9999,3,Para llevar,Plin,336.0,0
8942,2026-07-05,20:47,5266,16,Delivery propio,Tarjeta,111.0,0
8943,2026-07-05,20:11,1705,2,Para llevar,Tarjeta,160.0,0
8944,2026-07-05,18:48,499,5,Para llevar,Yape,138.0,0
8945,2026-07-05,18:25,178,16,Salón,Yape,100.0,0
8946,2026-07-05,15:05,3697,24,Salón,Efectivo,18.0,0
8947,2026-07-05,12:19,693,5,Salón,Efectivo,72.0,0
8948,2026-07-05,15:15,1543,5,Para llevar,Tarjeta,155.0,0
8949,2026-07-05,12:28,654,17,Salón,Efectivo,74.0,0
8950,2026-07-05,21:24,4079,22,Para llevar,Efectivo,64.0,0
8951,2026-07-05,11:16,2752,7,Delivery propio,Efectivo,328.0,0
8952,2026-07-05,20:49,3041,17,Salón,Efectivo,91.0,0
8953,2026-07-05,11:42,3866,22,Para llevar,Yape,164.0,0
8954,2026-07-05,14:52,3321,16,Salón,Yape,8.0,0
8955,2026-07-05,12:56,3817,3,Delivery propio,Plin,150.0,0
8956,2026-07-05,20:10,244,24,Para llevar,Efectivo,112.0,0
8957,2026-07-05,13:00,3092,2,Salón,Efectivo,78.0,0
8958,2026-07-05,15:01,9999,17,Delivery propio,Efectivo,66.0,0
8959,2026-07-05,19:52,190,18,Salón,Efectivo,174.0,0
8960,2026-07-05,14:57,1826,17,Salón,Tarjeta,6.0,0
8961,2026-07-05,14:03,2920,24,Delivery propio,Efectivo,10.0,0
8962,2026-07-05,13:10,2684,17,Salón,Efectivo,96.0,0
8963,2026-07-05,14:41,9999,20,Para llevar,Plin,94.0,0
8964,2026-07-05,12:37,1881,3,Salón,Efectivo,38.0,0
8965,2026-07-06,13:38,1881,18,Salón,Efectivo,144.0,0
8966,2026-07-06,20:28,5085,19,Salón,Plin,42.0,0
8967,2026-07-06,12:26,1284,17,Para llevar,Tarjeta,178.0,0
8968,2026-07-06,14:05,1468,5,Salón,Plin,134.0,0
8969,2026-07-06,19:23,5440,20,Delivery propio,Tarjeta,293.0,0
8970,2026-07-06,20:19,31,20,Salón,Plin,28.0,0
8971,2026-07-06,20:48,3734,3,Salón,Yape,36.0,0
8972,2026-07-06,13:15,1703,17,Salón,Tarjeta,178.0,0
8973,2026-07-06,12:04,3141,2,Delivery propio,Efectivo,120.0,0
8974,2026-07-06,13:00,1113,19,Salón,Yape,29.0,0
8975,2026-07-06,18:34,1338,24,Salón,Yape,60.0,0
8976,2026-07-06,11:10,745,17,Salón,Yape,54.0,0
8977,2026-07-06,18:59,656,7,Salón,Tarjeta,136.0,0
8978,2026-07-06,20:28,4602,2,Salón,Efectivo,163.0,0
8979,2026-07-06,15:48,2751,5,Salón,Efectivo,118.0,0
8980,2026-07-06,14:11,2316,3,Para llevar,Tarjeta,104.0,0
8981,2026-07-06,15:45,2127,20,Salón,Plin,138.0,0
8982,2026-07-06,17:40,2863,18,Salón,Plin,104.0,0
8983,2026-07-06,16:09,5433,19,Salón,Efectivo,253.0,0
8984,2026-07-06,14:57,2962,22,Salón,Plin,178.0,0
8985,2026-07-06,12:28,9999,24,Delivery propio,Tarjeta,122.0,0
8986,2026-07-07,11:33,4208,3,Salón,Efectivo,98.0,0
8987,2026-07-07,13:49,1891,24,Salón,Efectivo,184.0,0
8988,2026-07-07,19:41,9999,7,Salón,Efectivo,222.0,0
8989,2026-07-07,21:19,2464,7,Salón,Yape,73.0,0
8990,2026-07-07,19:26,663,19,Delivery propio,Yape,118.0,0
8991,2026-07-07,20:38,9999,17,Para llevar,Yape,198.0,0
8992,2026-07-07,20:51,1670,2,Para llevar,Plin,108.0,0
8993,2026-07-07,14:10,5049,18,Para llevar,Tarjeta,228.0,0
8994,2026-07-07,19:11,4877,20,Salón,Yape,38.0,0
8995,2026-07-07,11:23,5455,22,Salón,Efectivo,206.0,0
8996,2026-07-07,20:26,5031,3,Salón,Plin,142.0,0
8997,2026-07-07,11:56,9999,16,Para llevar,Efectivo,339.0,0
8998,2026-07-07,13:37,4969,17,Salón,Tarjeta,181.0,0
8999,2026-07-07,14:00,4520,19,Salón,Yape,137.0,0
9000,2026-07-07,21:11,877,17,Salón,Plin,32.0,0
9001,2026-07-07,12:45,659,20,Salón,Plin,178.0,0
9002,2026-07-07,19:25,2506,5,Delivery propio,Efectivo,68.0,0
9003,2026-07-08,18:46,4313,17,Salón,Yape,55.0,0
9004,2026-07-08,16:33,3302,19,Salón,Tarjeta,246.0,0
9005,2026-07-08,18:10,5323,7,Delivery propio,Efectivo,39.0,0
9006,2026-07-08,19:42,3022,3,Delivery propio,Yape,167.0,0
9007,2026-07-08,14:34,821,17,Para llevar,Efectivo,165.0,0
9008,2026-07-08,14:20,4729,16,Delivery propio,Efectivo,146.0,0
9009,2026-07-08,18:36,3915,22,Salón,Yape,102.0,0
9010,2026-07-08,13:45,202,5,Salón,Efectivo,187.0,0
9011,2026-07-08,17:00,699,5,Para llevar,Tarjeta,150.0,0
9012,2026-07-08,15:10,1703,18,Salón,Tarjeta,66.0,0
9013,2026-07-08,13:16,2942,20,Salón,Tarjeta,132.0,0
9014,2026-07-08,19:52,5072,17,Delivery propio,Tarjeta,174.0,0
9015,2026-07-08,13:44,3597,22,Salón,Yape,62.0,0
9016,2026-07-08,19:59,3772,5,Salón,Plin,194.0,0
9017,2026-07-08,19:39,2797,18,Salón,Yape,64.0,0
9018,2026-07-08,12:21,3008,7,Salón,Efectivo,132.0,0
9019,2026-07-08,13:43,1985,2,Salón,Plin,195.0,0
9020,2026-07-08,13:34,455,16,Para llevar,Yape,92.0,0
9021,2026-07-08,17:03,2596,3,Salón,Tarjeta,68.0,0
9022,2026-07-08,14:25,1965,2,Salón,Tarjeta,159.0,0
9023,2026-07-08,14:50,2835,22,Salón,Yape,80.0,0
9024,2026-07-08,18:15,4059,2,Delivery propio,Tarjeta,186.0,0
9025,2026-07-09,15:11,3814,22,Delivery propio,Efectivo,180.0,0
9026,2026-07-09,12:18,4277,22,Delivery propio,Yape,152.0,0
9027,2026-07-09,20:21,1681,20,Salón,Tarjeta,103.0,0
9028,2026-07-09,19:14,926,7,Salón,Yape,270.0,0
9029,2026-07-09,19:19,2007,16,Salón,Efectivo,60.0,0
9030,2026-07-09,14:38,4851,16,Salón,Tarjeta,250.0,0
9031,2026-07-09,15:27,9999,2,Salón,Yape,84.0,0
9032,2026-07-09,13:57,3592,20,Salón,Yape,192.0,0
9033,2026-07-09,18:44,4882,7,Para llevar,Yape,36.0,0
9034,2026-07-09,19:59,4748,3,Salón,Efectivo,138.0,0
9035,2026-07-09,14:01,371,7,Salón,Yape,75.0,0
9036,2026-07-09,17:39,3561,5,Salón,Yape,103.0,0
9037,2026-07-09,20:36,2066,24,Salón,Tarjeta,192.0,0
9038,2026-07-09,14:18,2185,17,Para llevar,Tarjeta,52.0,0
9039,2026-07-09,12:27,2936,18,Salón,Tarjeta,86.0,0
9040,2026-07-09,16:22,3578,24,Salón,Tarjeta,158.0,0
9041,2026-07-09,14:00,3789,19,Salón,Efectivo,36.0,0
9042,2026-07-09,14:10,4547,5,Salón,Tarjeta,148.0,0
9043,2026-07-09,11:33,463,24,Delivery propio,Yape,79.0,0
9044,2026-07-09,20:34,9999,7,Salón,Efectivo,68.0,0
9045,2026-07-09,12:10,2283,22,Salón,Plin,98.0,0
9046,2026-07-09,13:48,2330,16,Salón,Plin,96.0,0
9047,2026-07-09,14:54,582,17,Salón,Plin,116.0,0
9048,2026-07-09,19:56,3432,24,Salón,Plin,143.0,0
9049,2026-07-09,14:37,9999,18,Delivery propio,Yape,138.0,0
9050,2026-07-09,19:10,3545,17,Delivery propio,Tarjeta,146.0,0
9051,2026-07-09,17:29,3936,24,Salón,Tarjeta,186.0,0
9052,2026-07-09,11:41,997,22,Salón,Efectivo,231.0,0
9053,2026-07-09,14:51,4124,3,Salón,Tarjeta,30.0,0
9054,2026-07-10,20:17,1090,17,Salón,Plin,58.0,0
9055,2026-07-10,13:06,803,17,Para llevar,Plin,28.0,0
9056,2026-07-10,12:59,1464,16,Salón,Efectivo,64.0,0
9057,2026-07-10,20:11,5260,20,Delivery propio,Tarjeta,151.0,0
9058,2026-07-10,14:38,9999,3,Salón,Yape,134.0,0
9059,2026-07-10,20:28,1284,18,Salón,Efectivo,172.0,0
9060,2026-07-10,20:24,208,24,Salón,Plin,84.0,0
9061,2026-07-10,15:26,5093,24,Salón,Efectivo,38.0,0
9062,2026-07-10,15:43,844,7,Para llevar,Tarjeta,274.0,0
9063,2026-07-10,19:12,9999,5,Salón,Efectivo,68.0,0
9064,2026-07-10,14:00,4481,20,Para llevar,Efectivo,56.0,0
9065,2026-07-10,16:58,2937,3,Delivery propio,Tarjeta,84.0,0
9066,2026-07-10,15:29,947,18,Para llevar,Yape,65.0,0
9067,2026-07-10,15:33,3741,19,Salón,Yape,158.0,0
9068,2026-07-10,11:50,5433,24,Salón,Tarjeta,150.0,0
9069,2026-07-10,13:05,2424,3,Para llevar,Tarjeta,70.0,0
9070,2026-09-28,19:02,775,7,Delivery propio,Tarjeta,163.0,1
9071,2026-07-10,20:28,9999,22,Para llevar,Efectivo,164.0,0
9072,2026-07-10,14:04,4479,18,Para llevar,Tarjeta,290.0,0
9073,2026-07-10,15:56,3372,5,Delivery propio,Yape,72.0,0
9074,2026-07-10,14:56,1213,22,Para llevar,Plin,144.0,0
9075,2026-07-10,14:22,2178,5,Salón,Tarjeta,42.0,0
9076,2026-07-10,19:40,253,20,Salón,Plin,116.0,0
9077,2026-07-10,13:33,9999,20,Para llevar,Yape,160.0,0
9078,2026-07-10,12:36,2677,3,Delivery propio,Tarjeta,207.0,0
9079,2026-07-10,19:29,671,5,Salón,Tarjeta,138.0,0
9080,2026-07-10,19:24,5004,2,Salón,Efectivo,34.0,0
9081,2026-07-10,20:18,2407,2,Para llevar,Efectivo,56.0,0
9082,2026-07-10,20:42,2107,3,Salón,Efectivo,91.0,0
9083,2026-07-10,12:15,9999,7,Para llevar,Yape,42.0,0
9084,2026-07-10,18:05,416,2,Salón,Tarjeta,70.0,0
9085,2026-07-10,19:13,3138,24,Delivery propio,Yape,74.0,0
9086,2026-07-10,15:32,4143,16,Salón,Efectivo,30.0,0
9087,2026-07-11,19:03,2046,16,Salón,Plin,162.0,0
9088,2026-07-11,18:12,4392,3,Salón,Efectivo,66.0,0
9089,2026-07-11,12:57,1965,19,Salón,Tarjeta,266.0,0
9090,2026-07-11,20:56,2460,17,Salón,Efectivo,104.0,0
9091,2026-07-11,19:02,2466,19,Delivery propio,Yape,270.0,0
9092,2026-07-11,13:56,9999,2,Para llevar,Yape,180.0,0
9093,2026-07-11,12:23,1079,7,Salón,Tarjeta,90.0,0
9094,2026-07-11,21:10,3094,2,Salón,Tarjeta,106.0,0
9095,2026-07-11,20:26,1163,17,Delivery propio,Yape,86.0,0
9096,2026-07-11,14:12,1310,20,Para llevar,Plin,96.0,0
9097,2026-07-11,14:23,5046,7,Salón,Yape,146.0,0
9098,2026-07-11,15:41,831,2,Salón,Tarjeta,68.0,0
9099,2026-07-11,14:21,9999,18,Salón,Efectivo,18.0,0
9100,2026-07-11,21:49,5250,18,Para llevar,Efectivo,154.0,0
9101,2026-07-11,15:05,4944,3,Delivery propio,Efectivo,67.0,0
9102,2026-07-11,13:55,607,7,Salón,Tarjeta,206.0,0
9103,2026-07-11,19:35,2997,2,Delivery propio,Yape,70.0,0
9104,2026-07-11,14:37,5252,19,Para llevar,Plin,156.0,0
9105,2026-07-11,13:42,4479,19,Salón,Yape,101.0,0
9106,2026-07-11,16:20,294,20,Delivery propio,Yape,65.0,0
9107,2026-07-11,17:26,1330,22,Salón,Tarjeta,148.0,0
9108,2026-07-11,20:26,4138,24,Delivery propio,Efectivo,43.0,0
9109,2026-07-11,19:18,1922,16,Salón,Tarjeta,74.0,0
9110,2026-07-11,12:37,1687,5,Salón,Tarjeta,104.0,0
9111,2026-07-11,19:25,1103,7,Salón,Tarjeta,161.0,0
9112,2026-07-11,15:59,3483,16,Salón,Tarjeta,52.0,0
9113,2026-07-11,15:11,5425,24,Para llevar,Efectivo,68.0,0
9114,2026-07-11,14:01,1883,17,Salón,Efectivo,70.0,0
9115,2026-07-11,13:42,5321,2,Para llevar,Efectivo,172.0,0
9116,2026-07-11,21:06,2749,22,Para llevar,Yape,64.0,0
9117,2026-07-11,13:51,2887,18,Delivery propio,Efectivo,295.0,0
9118,2026-07-11,13:18,4606,7,Salón,Efectivo,258.0,0
9119,2026-07-11,14:46,2330,3,Delivery propio,Tarjeta,66.0,0
9120,2026-07-11,14:34,1997,20,Salón,Efectivo,84.0,0
9121,2026-07-11,19:53,1157,2,Salón,Tarjeta,210.0,0
9122,2026-07-11,13:15,4880,22,Salón,Yape,220.0,0
9123,2026-07-11,20:36,9999,3,Salón,Yape,64.0,0
9124,2026-07-11,12:08,3388,24,Para llevar,Efectivo,16.0,0
9125,2026-07-11,13:13,4815,19,Salón,Efectivo,54.0,0
9126,2026-07-11,13:08,2750,18,Salón,Tarjeta,137.0,0
9127,2026-07-11,13:13,9999,5,Salón,Tarjeta,280.0,0
9128,2026-07-11,16:19,5315,16,Delivery propio,Efectivo,121.0,0
9129,2026-07-11,11:12,4536,17,Para llevar,Efectivo,129.0,0
9130,2026-07-11,14:13,4487,17,Salón,Plin,154.0,0
9131,2026-07-11,18:23,5337,5,Salón,Tarjeta,68.0,0
9132,2026-07-11,17:49,352,20,Salón,Plin,223.0,0
9133,2026-07-11,19:20,1140,22,Salón,Tarjeta,136.0,0
9134,2026-07-11,14:38,1724,7,Delivery propio,Yape,54.0,0
9135,2026-07-11,14:37,4067,5,Salón,Efectivo,332.0,0
9136,2026-07-11,12:27,5089,18,Delivery propio,Efectivo,83.0,0
9137,2026-07-11,15:34,4917,16,Salón,Efectivo,130.0,0
9138,2026-07-11,13:33,2435,19,Delivery propio,Yape,106.0,0
9139,2026-07-11,18:33,2326,17,Para llevar,Yape,161.0,0
9140,2026-07-11,11:26,2792,7,Salón,Yape,18.0,0
9141,2026-07-11,11:04,2374,24,Salón,Tarjeta,224.0,0
9142,2026-07-11,13:56,1305,19,Salón,Yape,180.0,0
9143,2026-07-11,13:23,23,3,Salón,Yape,61.0,0
9144,2026-07-11,21:00,4286,22,Salón,Yape,204.0,0
9145,2026-07-11,14:25,4207,7,Salón,Tarjeta,90.0,0
9146,2026-07-12,18:32,4848,20,Salón,Plin,124.0,0
9147,2026-07-12,20:38,4014,18,Salón,Yape,102.0,0
9148,2026-07-12,16:15,2593,20,Salón,Efectivo,42.0,0
9149,2026-07-12,19:49,3630,2,Salón,Yape,100.0,0
9150,2026-07-12,18:07,817,24,Salón,Efectivo,75.0,0
9151,2026-07-12,16:36,936,24,Salón,Tarjeta,126.0,0
9152,2026-07-12,13:38,4373,24,Salón,Efectivo,78.0,0
9153,2026-07-12,14:04,3403,2,Salón,Tarjeta,216.0,0
9154,2026-07-12,19:13,5375,17,Para llevar,Plin,174.0,0
9155,2026-07-12,18:19,2019,18,Delivery propio,Tarjeta,182.0,0
9156,2026-07-12,15:55,515,20,Para llevar,Efectivo,96.0,0
9157,2026-07-12,14:54,5207,18,Salón,Yape,58.0,0
9158,2026-07-12,20:55,2920,3,Salón,Tarjeta,214.0,0
9159,2026-07-12,20:46,4051,24,Salón,Efectivo,122.0,0
9160,2026-07-12,14:57,1219,2,Para llevar,Plin,174.0,0
9161,2026-07-12,12:42,2911,3,Salón,Yape,25.0,0
9162,2026-07-12,12:55,4284,18,Salón,Yape,64.0,0
9163,2026-07-12,14:17,2586,16,Salón,Yape,86.0,0
9164,2026-07-12,15:02,2289,19,Salón,Yape,30.0,0
9165,2026-07-12,14:18,304,20,Delivery propio,Yape,175.0,0
9166,2026-07-12,13:49,3560,20,Delivery propio,Yape,124.0,0
9167,2026-07-12,11:26,255,17,Salón,Yape,141.0,0
9168,2026-07-12,14:23,676,18,Delivery propio,Efectivo,92.0,0
9169,2026-07-12,12:06,484,16,Para llevar,Tarjeta,20.0,0
9170,2026-07-12,20:32,4275,17,Salón,Efectivo,196.0,0
9171,2026-07-12,13:52,2118,19,Delivery propio,Yape,140.0,0
9172,2026-07-12,18:39,877,22,Delivery propio,Efectivo,104.0,0
9173,2026-07-12,17:09,4309,17,Salón,Efectivo,102.0,0
9174,2026-07-12,18:59,5337,19,Salón,Plin,60.0,0
9175,2026-07-12,20:11,2959,18,Para llevar,Efectivo,190.0,0
9176,2026-07-12,14:13,3634,17,Salón,Yape,156.0,0
9177,2026-07-12,19:33,70,19,Salón,Tarjeta,132.0,0
9178,2026-07-12,17:08,732,7,Delivery propio,Efectivo,104.0,0
9179,2026-07-12,17:11,4434,20,Salón,Plin,142.0,0
9180,2026-07-12,15:20,3926,2,Salón,Efectivo,220.0,0
9181,2026-07-12,13:51,2726,19,Salón,Tarjeta,114.0,0
9182,2026-07-12,14:17,699,16,Delivery propio,Tarjeta,121.0,0
9183,2026-07-12,11:58,1991,22,Salón,Tarjeta,148.0,0
9184,2026-07-12,13:38,5400,2,Delivery propio,Yape,68.0,0
9185,2026-07-12,18:36,1461,17,Salón,Tarjeta,156.0,0
9186,2026-07-12,16:14,4656,22,Para llevar,Tarjeta,318.0,0
9187,2026-07-12,18:18,1919,7,Salón,Efectivo,108.0,0
9188,2026-07-12,15:07,4542,20,Delivery propio,Tarjeta,168.0,0
9189,2026-07-12,14:54,757,3,Salón,Tarjeta,162.0,0
9190,2026-07-12,14:42,989,3,Salón,Efectivo,156.0,0
9191,2026-07-12,13:05,4359,19,Para llevar,Tarjeta,218.0,0
9192,2026-07-12,14:21,9999,17,Salón,Plin,126.0,0
9193,2026-07-12,14:04,4557,3,Salón,Yape,104.0,0
9194,2026-07-12,16:03,2710,3,Salón,Tarjeta,131.0,0
9195,2026-07-12,14:24,2595,7,Salón,Tarjeta,74.0,0
9196,2026-07-12,13:53,4582,2,Salón,Efectivo,202.0,0
9197,2026-07-12,19:39,4029,18,Para llevar,Efectivo,112.0,0
9198,2026-07-12,20:55,4625,24,Para llevar,Efectivo,254.0,0
9199,2026-07-12,18:24,9999,7,Salón,Plin,180.0,0
9200,2026-07-12,12:31,9999,5,Salón,Yape,156.0,0
9201,2026-07-12,19:05,651,2,Salón,Yape,42.0,0
9202,2026-07-12,16:01,9999,5,Salón,Plin,74.0,0
9203,2026-07-13,16:18,1207,18,Salón,Efectivo,184.0,0
9204,2026-07-13,15:50,414,22,Salón,Yape,174.0,0
9205,2026-07-13,16:56,1830,7,Para llevar,Efectivo,116.0,0
9206,2026-07-13,14:55,3586,24,Salón,Efectivo,141.0,0
9207,2026-07-13,14:17,5248,2,Salón,Efectivo,80.0,0
9208,2026-07-13,20:13,2393,19,Delivery propio,Yape,80.0,0
9209,2026-07-13,13:27,2349,24,Para llevar,Efectivo,68.0,0
9210,2026-07-13,19:07,1865,17,Salón,Yape,206.0,0
9211,2026-07-13,13:23,1998,24,Salón,Tarjeta,97.0,0
9212,2026-07-13,19:57,2512,5,Salón,Efectivo,136.0,0
9213,2026-07-13,14:32,1919,22,Delivery propio,Efectivo,250.0,0
9214,2026-07-13,14:52,1169,7,Salón,Yape,92.0,0
9215,2026-07-13,20:48,2983,2,Para llevar,Yape,84.0,0
9216,2026-07-13,14:51,2426,2,Salón,Yape,130.0,0
9217,2026-07-13,19:12,3891,5,Salón,Tarjeta,158.0,0
9218,2026-07-13,16:14,9999,7,Salón,Plin,121.0,0
9219,2026-07-13,15:18,2064,7,Salón,Plin,70.0,0
9220,2026-07-13,20:54,3757,22,Salón,Efectivo,96.0,0
9221,2026-07-13,20:08,4451,19,Salón,Efectivo,121.0,0
9222,2026-07-13,13:42,2637,20,Salón,Efectivo,45.0,0
9223,2026-07-13,16:08,193,17,Para llevar,Yape,222.0,0
9224,2026-07-13,19:14,1974,20,Salón,Efectivo,108.0,0
9225,2026-07-13,13:16,1128,5,Para llevar,Yape,202.0,0
9226,2026-07-13,20:59,5372,7,Para llevar,Plin,82.0,0
9227,2026-07-13,15:15,2513,5,Salón,Tarjeta,24.0,0
9228,2026-07-13,19:10,2405,5,Salón,Efectivo,36.0,0
9229,2026-07-13,13:51,2779,17,Delivery propio,Efectivo,62.0,0
9230,2026-07-13,11:52,2118,19,Salón,Plin,94.0,0
9231,2026-07-13,13:05,4194,19,Salón,Yape,112.0,0
9232,2026-07-14,13:20,840,16,Para llevar,Plin,236.0,0
9233,2026-07-14,19:12,9999,16,Para llevar,Efectivo,214.0,0
9234,2026-07-14,19:16,3007,3,Delivery propio,Tarjeta,228.0,0
9235,2026-07-14,11:59,3473,19,Delivery propio,Yape,99.0,0
9236,2026-07-14,18:32,2288,2,Salón,Yape,168.0,0
9237,2026-07-14,11:27,4730,19,Delivery propio,Tarjeta,101.0,0
9238,2026-07-14,15:03,4713,20,Salón,Yape,48.0,0
9239,2026-07-14,12:51,4045,7,Salón,Tarjeta,180.0,0
9240,2026-07-14,12:23,395,20,Para llevar,Plin,52.0,0
9241,2026-07-14,18:35,4435,16,Salón,Plin,30.0,0
9242,2026-07-14,20:30,4808,17,Salón,Tarjeta,18.0,0
9243,2026-07-14,21:28,2072,7,Salón,Efectivo,135.0,0
9244,2026-07-14,16:48,4237,18,Salón,Efectivo,102.0,0
9245,2026-07-14,13:32,3057,22,Salón,Tarjeta,171.0,0
9246,2026-07-14,18:04,1878,16,Salón,Efectivo,128.0,0
9247,2026-07-14,13:51,4715,20,Salón,Tarjeta,230.0,0
9248,2026-07-14,15:06,9999,7,Salón,Yape,20.0,0
9249,2026-07-14,19:42,4104,17,Delivery propio,Efectivo,62.0,0
9250,2026-07-14,16:09,1811,7,Salón,Tarjeta,286.0,0
9251,2026-07-15,13:48,780,7,Delivery propio,Tarjeta,182.0,0
9252,2026-07-15,19:41,2497,5,Para llevar,Efectivo,76.0,0
9253,2026-07-15,16:14,4411,16,Salón,Yape,78.0,0
9254,2026-07-15,13:37,4404,24,Salón,Yape,72.0,0
9255,2026-07-15,21:42,1822,19,Salón,Plin,244.0,0
9256,2026-07-15,15:25,4321,22,Salón,Yape,104.0,0
9257,2026-07-15,17:13,635,5,Delivery propio,Efectivo,92.0,0
9258,2026-07-15,19:33,4642,7,Salón,Plin,204.0,0
9259,2026-07-15,15:13,3292,17,Salón,Yape,134.0,0
9260,2026-07-15,13:34,5312,2,Delivery propio,Efectivo,54.0,0
9261,2026-07-15,12:15,1396,2,Salón,Efectivo,211.0,0
9262,2026-07-15,21:06,3775,7,Salón,Tarjeta,126.0,0
9263,2026-07-15,18:47,735,5,Delivery propio,Efectivo,48.0,0
9264,2026-07-15,20:30,4283,18,Salón,Efectivo,136.0,0
9265,2026-07-15,19:57,2153,7,Salón,Yape,206.0,0
9266,2026-09-28,13:43,9999,7,Delivery propio,Yape,126.0,1
9267,2026-07-15,19:13,5134,5,Salón,Efectivo,140.0,0
9268,2026-07-15,13:08,3082,24,Salón,Efectivo,169.0,0
9269,2026-07-15,15:22,591,18,Salón,Yape,40.0,0
9270,2026-07-15,13:45,4230,20,Salón,Yape,80.0,0
9271,2026-07-15,18:55,9999,2,Salón,Yape,157.0,0
9272,2026-07-15,15:58,2721,7,Para llevar,Yape,38.0,0
9273,2026-07-15,11:22,4144,16,Salón,Tarjeta,213.0,0
9274,2026-07-15,13:02,3117,17,Salón,Efectivo,154.0,0
9275,2026-07-15,18:21,4718,20,Delivery propio,Efectivo,78.0,0
9276,2026-07-15,19:14,3188,5,Delivery propio,Tarjeta,32.0,0
9277,2026-07-15,16:08,269,19,Salón,Efectivo,112.0,0
9278,2026-07-15,15:52,1252,19,Delivery propio,Plin,230.0,0
9279,2026-07-16,16:43,4230,18,Delivery propio,Efectivo,124.0,0
9280,2026-07-16,15:33,3759,2,Salón,Yape,54.0,0
9281,2026-07-16,13:15,2908,17,Salón,Efectivo,98.0,0
9282,2026-07-16,15:47,964,16,Para llevar,Tarjeta,176.0,0
9283,2026-07-16,11:31,713,22,Para llevar,Tarjeta,215.0,0
9284,2026-07-16,13:53,4247,19,Delivery propio,Efectivo,126.0,0
9285,2026-07-16,16:12,3670,19,Salón,Efectivo,182.0,0
9286,2026-07-16,14:47,5069,22,Salón,Plin,100.0,0
9287,2026-07-16,15:24,2737,19,Salón,Efectivo,170.0,0
9288,2026-07-16,15:42,1035,2,Delivery propio,Yape,152.0,0
9289,2026-07-16,14:32,2676,17,Delivery propio,Efectivo,72.0,0
9290,2026-07-16,14:35,9999,20,Para llevar,Plin,72.0,0
9291,2026-07-16,13:22,2672,18,Para llevar,Yape,235.0,0
9292,2026-07-16,14:57,2586,22,Salón,Tarjeta,82.0,0
9293,2026-07-16,20:07,2751,16,Salón,Efectivo,6.0,0
9294,2026-07-16,18:38,1712,22,Delivery propio,Efectivo,20.0,0
9295,2026-07-16,20:20,3746,24,Salón,Efectivo,40.0,0
9296,2026-07-16,13:41,4226,2,Para llevar,Efectivo,36.0,0
9297,2026-07-16,13:00,1634,19,Para llevar,Yape,136.0,0
9298,2026-07-16,15:54,5199,18,Salón,Tarjeta,76.0,0
9299,2026-07-16,11:17,1707,22,Para llevar,Yape,42.0,0
9300,2026-07-16,16:53,48,24,Salón,Yape,192.0,0
9301,2026-07-17,14:50,4243,2,Salón,Yape,69.0,0
9302,2026-07-17,13:09,1988,19,Para llevar,Efectivo,183.0,0
9303,2026-07-17,18:01,2133,19,Salón,Tarjeta,66.0,0
9304,2026-07-17,21:38,779,19,Salón,Efectivo,49.0,0
9305,2026-07-17,17:17,1086,7,Salón,Tarjeta,151.0,0
9306,2026-07-17,14:17,925,18,Para llevar,Efectivo,194.0,0
9307,2026-07-17,13:41,4416,7,Salón,Tarjeta,68.0,0
9308,2026-07-17,15:34,3261,17,Para llevar,Yape,94.0,0
9309,2026-07-17,21:59,2250,20,Delivery propio,Plin,34.0,0
9310,2026-07-17,12:06,4385,20,Para llevar,Efectivo,63.0,0
9311,2026-07-17,11:02,4190,3,Salón,Yape,272.0,0
9312,2026-07-17,18:28,9999,16,Salón,Tarjeta,52.0,0
9313,2026-07-17,15:35,3482,5,Para llevar,Yape,58.0,0
9314,2026-07-17,15:07,817,18,Delivery propio,Plin,114.0,0
9315,2026-07-17,21:00,2432,19,Para llevar,Efectivo,267.0,0
9316,2026-07-17,11:19,5473,7,Para llevar,Tarjeta,172.0,0
9317,2026-07-17,12:04,2813,20,Salón,Yape,104.0,0
9318,2026-07-17,13:03,9999,24,Salón,Tarjeta,243.0,0
9319,2026-07-17,11:38,1825,7,Para llevar,Efectivo,82.0,0
9320,2026-07-17,20:31,4860,24,Salón,Tarjeta,171.0,0
9321,2026-07-17,12:51,2065,18,Para llevar,Efectivo,156.0,0
9322,2026-07-17,21:44,1489,17,Para llevar,Yape,283.0,0
9323,2026-07-17,13:31,3633,19,Delivery propio,Plin,66.0,0
9324,2026-07-17,15:11,1094,2,Delivery propio,Efectivo,88.0,0
9325,2026-07-17,12:23,941,20,Para llevar,Tarjeta,68.0,0
9326,2026-07-17,14:46,4961,22,Salón,Efectivo,270.0,0
9327,2026-07-17,15:37,99,20,Salón,Efectivo,92.0,0
9328,2026-07-17,12:21,511,16,Salón,Tarjeta,112.0,0
9329,2026-07-17,13:24,4367,24,Salón,Yape,62.0,0
9330,2026-07-17,16:36,3244,17,Para llevar,Efectivo,70.0,0
9331,2026-07-17,14:05,3636,22,Salón,Yape,160.0,0
9332,2026-07-17,14:04,1577,20,Salón,Tarjeta,74.0,0
9333,2026-07-17,19:59,4972,7,Salón,Yape,68.0,0
9334,2026-07-18,13:10,774,2,Salón,Plin,70.0,0
9335,2026-07-18,12:45,834,2,Para llevar,Tarjeta,124.0,0
9336,2026-07-18,15:14,1845,3,Para llevar,Yape,16.0,0
9337,2026-07-18,13:40,2507,18,Salón,Efectivo,126.0,0
9338,2026-07-18,20:17,9999,5,Salón,Tarjeta,112.0,0
9339,2026-07-18,16:58,3463,5,Delivery propio,Tarjeta,132.0,0
9340,2026-07-18,14:55,3792,16,Salón,Tarjeta,100.0,0
9341,2026-07-18,12:01,3938,2,Salón,Yape,112.0,0
9342,2026-07-18,18:45,4795,16,Salón,Efectivo,36.0,0
9343,2026-07-18,20:39,833,20,Salón,Efectivo,24.0,0
9344,2026-07-18,17:14,3043,24,Salón,Yape,153.0,0
9345,2026-07-18,11:10,2737,24,Salón,Yape,58.0,0
9346,2026-07-18,13:35,2325,18,Salón,Efectivo,66.0,0
9347,2026-07-18,13:30,9999,17,Salón,Efectivo,190.0,0
9348,2026-07-18,14:49,3683,22,Salón,Tarjeta,42.0,0
9349,2026-07-18,14:04,2987,22,Para llevar,Yape,36.0,0
9350,2026-07-18,14:02,5283,20,Salón,Efectivo,112.0,0
9351,2026-07-18,15:05,1541,20,Salón,Yape,79.0,0
9352,2026-07-18,15:29,4592,24,Salón,Yape,63.0,0
9353,2026-07-18,15:47,4426,17,Salón,Yape,164.0,0
9354,2026-07-18,17:08,4514,5,Salón,Yape,110.0,0
9355,2026-07-18,19:35,3597,2,Salón,Yape,123.0,0
9356,2026-07-18,21:44,3273,7,Salón,Plin,96.0,0
9357,2026-07-18,15:57,5421,18,Delivery propio,Efectivo,50.0,0
9358,2026-07-18,13:05,4139,2,Delivery propio,Tarjeta,88.0,0
9359,2026-07-18,21:12,1707,19,Salón,Efectivo,192.0,0
9360,2026-07-18,11:57,764,24,Salón,Efectivo,158.0,0
9361,2026-07-18,13:17,2852,16,Delivery propio,Efectivo,114.0,0
9362,2026-07-18,19:25,9999,18,Salón,Tarjeta,177.0,0
9363,2026-07-18,20:14,9999,20,Salón,Yape,60.0,0
9364,2026-07-18,18:11,2902,7,Salón,Yape,170.0,0
9365,2026-07-18,13:17,4135,2,Salón,Efectivo,99.0,0
9366,2026-07-18,14:52,1910,17,Salón,Tarjeta,54.0,0
9367,2026-07-18,21:13,1730,7,Salón,Efectivo,188.0,0
9368,2026-07-19,13:04,3987,20,Salón,Efectivo,146.0,0
9369,2026-07-19,18:30,4062,7,Salón,Yape,90.0,0
9370,2026-07-19,14:46,982,2,Delivery propio,Yape,183.0,0
9371,2026-07-19,14:29,9999,17,Salón,Efectivo,34.0,0
9372,2026-07-19,19:38,1178,24,Salón,Yape,33.0,0
9373,2026-07-19,13:19,4036,5,Delivery propio,Efectivo,156.0,0
9374,2026-07-19,14:56,3778,2,Salón,Yape,82.0,0
9375,2026-07-19,14:39,4392,24,Delivery propio,Tarjeta,242.0,0
9376,2026-07-19,18:45,2161,2,Delivery propio,Yape,87.0,0
9377,2026-07-19,15:42,3378,18,Salón,Tarjeta,132.0,0
9378,2026-09-28,15:49,1740,7,Delivery propio,Efectivo,116.0,1
9379,2026-07-19,20:01,1391,17,Para llevar,Yape,240.0,0
9380,2026-07-19,14:58,967,24,Delivery propio,Yape,88.0,0
9381,2026-07-19,19:40,9999,24,Para llevar,Tarjeta,178.0,0
9382,2026-07-19,20:34,2090,24,Delivery propio,Yape,30.0,0
9383,2026-07-19,19:35,2161,16,Delivery propio,Efectivo,90.0,0
9384,2026-07-19,14:16,2900,7,Salón,Yape,168.0,0
9385,2026-07-19,13:41,3941,17,Para llevar,Efectivo,92.0,0
9386,2026-07-19,11:28,2898,24,Para llevar,Efectivo,108.0,0
9387,2026-07-19,13:49,742,7,Delivery propio,Efectivo,84.0,0
9388,2026-07-19,18:20,4716,19,Para llevar,Efectivo,88.0,0
9389,2026-07-19,11:36,1804,18,Salón,Tarjeta,168.0,0
9390,2026-07-19,13:12,1495,22,Para llevar,Tarjeta,72.0,0
9391,2026-07-19,16:55,439,3,Salón,Efectivo,203.0,0
9392,2026-07-19,18:23,4029,24,Salón,Tarjeta,308.0,0
9393,2026-07-19,18:59,1193,16,Salón,Plin,216.0,0
9394,2026-07-19,16:50,5278,2,Salón,Yape,74.0,0
9395,2026-07-19,14:07,53,2,Para llevar,Efectivo,242.0,0
9396,2026-07-19,16:53,2432,20,Salón,Efectivo,108.0,0
9397,2026-07-19,13:22,1721,17,Salón,Efectivo,125.0,0
9398,2026-07-19,20:39,3084,22,Para llevar,Yape,70.0,0
9399,2026-07-19,11:58,4005,24,Salón,Yape,44.0,0
9400,2026-07-19,19:12,3000,18,Salón,Yape,114.0,0
9401,2026-07-19,15:17,579,5,Salón,Efectivo,50.0,0
9402,2026-07-19,13:18,9999,3,Para llevar,Efectivo,60.0,0
9403,2026-07-19,14:35,119,18,Delivery propio,Tarjeta,116.0,0
9404,2026-07-19,13:28,1534,18,Para llevar,Tarjeta,180.0,0
9405,2026-07-19,19:44,589,24,Para llevar,Tarjeta,170.0,0
9406,2026-07-19,14:51,3917,7,Salón,Yape,70.0,0
9407,2026-07-19,18:29,1448,22,Salón,Tarjeta,72.0,0
9408,2026-07-19,19:13,1225,19,Salón,Efectivo,146.0,0
9409,2026-07-19,21:34,9999,3,Para llevar,Efectivo,98.0,0
9410,2026-07-19,15:40,5025,7,Salón,Plin,56.0,0
9411,2026-07-19,14:01,75,3,Delivery propio,Yape,116.0,0
9412,2026-07-19,11:31,2738,18,Salón,Yape,58.0,0
9413,2026-07-19,13:33,3956,20,Delivery propio,Efectivo,104.0,0
9414,2026-07-19,15:02,4189,17,Para llevar,Yape,220.0,0
9415,2026-07-19,11:30,9999,3,Salón,Efectivo,149.0,0
9416,2026-07-19,12:15,5144,19,Delivery propio,Yape,72.0,0
9417,2026-07-19,20:03,595,16,Salón,Efectivo,100.0,0
9418,2026-07-19,12:41,4479,7,Para llevar,Tarjeta,158.0,0
9419,2026-07-19,13:50,18,18,Salón,Yape,45.0,0
9420,2026-07-19,13:56,377,16,Para llevar,Yape,92.0,0
9421,2026-07-19,19:38,9999,7,Salón,Tarjeta,104.0,0
9422,2026-07-19,12:34,4659,16,Salón,Efectivo,234.0,0
9423,2026-07-19,16:30,1830,19,Para llevar,Yape,240.0,0
9424,2026-07-19,12:27,142,7,Salón,Yape,99.0,0
9425,2026-07-19,13:07,877,22,Salón,Plin,139.0,0
9426,2026-07-19,11:07,1852,3,Delivery propio,Yape,178.0,0
9427,2026-07-19,11:20,9999,18,Delivery propio,Yape,172.0,0
9428,2026-07-19,14:46,4824,17,Salón,Plin,168.0,0
9429,2026-07-20,11:35,17,20,Delivery propio,Tarjeta,73.0,0
9430,2026-07-20,16:01,2325,5,Salón,Yape,34.0,0
9431,2026-07-20,18:39,5455,24,Para llevar,Plin,144.0,0
9432,2026-07-20,19:40,699,18,Salón,Efectivo,117.0,0
9433,2026-07-20,13:48,2633,3,Salón,Efectivo,37.0,0
9434,2026-07-20,19:13,3846,16,Salón,Efectivo,46.0,0
9435,2026-07-20,18:23,2915,2,Salón,Efectivo,147.0,0
9436,2026-07-20,21:11,1535,19,Para llevar,Tarjeta,38.0,0
9437,2026-07-20,20:12,780,24,Delivery propio,Tarjeta,54.0,0
9438,2026-07-20,12:18,3221,7,Para llevar,Efectivo,300.0,0
9439,2026-09-28,14:33,4608,2,Salón,Tarjeta,231.0,1
9440,2026-07-20,14:30,4934,22,Salón,Efectivo,139.0,0
9441,2026-07-20,15:15,3361,22,Salón,Efectivo,184.0,0
9442,2026-07-20,15:08,2220,7,Delivery propio,Tarjeta,188.0,0
9443,2026-07-20,16:43,9999,17,Delivery propio,Plin,197.0,0
9444,2026-07-20,21:19,4174,22,Salón,Efectivo,90.0,0
9445,2026-07-20,15:25,2449,3,Salón,Yape,25.0,0
9446,2026-09-28,13:58,1752,24,Delivery propio,Plin,102.0,1
9447,2026-07-20,12:19,4347,24,Delivery propio,Yape,178.0,0
9448,2026-07-20,17:30,1046,18,Para llevar,Tarjeta,69.0,0
9449,2026-07-20,14:43,3058,5,Delivery propio,Efectivo,206.0,0
9450,2026-07-20,11:37,3380,7,Salón,Efectivo,197.0,0
9451,2026-07-20,12:24,2045,3,Delivery propio,Tarjeta,363.0,0
9452,2026-07-20,19:28,1755,22,Para llevar,Tarjeta,103.0,0
9453,2026-07-20,18:50,2349,20,Salón,Yape,177.0,0
9454,2026-07-21,11:29,5169,22,Salón,Efectivo,238.0,0
9455,2026-07-21,14:20,4014,17,Salón,Efectivo,88.0,0
9456,2026-07-21,12:37,4596,16,Salón,Efectivo,84.0,0
9457,2026-07-21,20:28,4279,20,Salón,Efectivo,129.0,0
9458,2026-07-21,19:12,651,5,Para llevar,Yape,155.0,0
9459,2026-07-21,13:30,3544,20,Para llevar,Efectivo,20.0,0
9460,2026-07-21,21:25,9999,20,Delivery propio,Yape,387.0,0
9461,2026-07-21,14:21,3541,18,Salón,Yape,66.0,0
9462,2026-07-21,13:56,2983,7,Para llevar,Yape,126.0,0
9463,2026-07-21,13:23,536,5,Salón,Yape,336.0,0
9464,2026-07-21,19:07,4479,7,Delivery propio,Tarjeta,154.0,0
9465,2026-07-21,13:12,1725,7,Salón,Yape,56.0,0
9466,2026-07-21,12:34,637,24,Salón,Plin,295.0,0
9467,2026-07-21,20:10,4227,22,Salón,Efectivo,175.0,0
9468,2026-07-21,15:54,3914,3,Salón,Yape,49.0,0
9469,2026-07-21,11:16,992,18,Salón,Efectivo,60.0,0
9470,2026-07-21,20:33,4774,16,Salón,Efectivo,72.0,0
9471,2026-07-21,19:37,3874,20,Salón,Yape,328.0,0
9472,2026-07-21,20:20,29,20,Salón,Efectivo,327.0,0
9473,2026-07-21,15:43,58,16,Para llevar,Efectivo,54.0,0
9474,2026-07-21,15:06,2465,22,Salón,Efectivo,170.0,0
9475,2026-07-21,13:20,2324,7,Salón,Efectivo,86.0,0
9476,2026-07-21,15:36,247,19,Delivery propio,Tarjeta,124.0,0
9477,2026-07-21,17:36,4049,19,Delivery propio,Yape,114.0,0
9478,2026-07-21,13:16,4283,19,Salón,Efectivo,172.0,0
9479,2026-07-21,14:10,256,16,Salón,Efectivo,122.0,0
9480,2026-07-21,11:57,3979,17,Salón,Efectivo,63.0,0
9481,2026-07-22,14:17,2836,3,Delivery propio,Tarjeta,149.0,0
9482,2026-07-22,20:19,3779,20,Para llevar,Efectivo,282.0,0
9483,2026-07-22,13:03,2623,16,Salón,Tarjeta,176.0,0
9484,2026-07-22,15:42,4952,22,Salón,Plin,78.0,0
9485,2026-07-22,20:52,1034,17,Salón,Yape,136.0,0
9486,2026-07-22,13:45,4479,2,Salón,Plin,136.0,0
9487,2026-07-22,17:30,9999,5,Salón,Efectivo,72.0,0
9488,2026-07-22,13:02,3878,5,Salón,Yape,74.0,0
9489,2026-07-22,14:13,4003,19,Salón,Efectivo,225.0,0
9490,2026-07-22,14:03,2979,20,Salón,Efectivo,182.0,0
9491,2026-07-22,14:28,1679,2,Salón,Yape,86.0,0
9492,2026-07-22,14:26,1697,20,Salón,Efectivo,38.0,0
9493,2026-07-22,12:43,3904,18,Salón,Tarjeta,145.0,0
9494,2026-07-22,18:01,1825,3,Delivery propio,Efectivo,48.0,0
9495,2026-07-22,17:24,4080,16,Salón,Yape,163.0,0
9496,2026-07-22,12:18,1132,18,Salón,Tarjeta,229.0,0
9497,2026-07-22,12:40,1552,20,Salón,Plin,162.0,0
9498,2026-07-22,15:53,354,22,Salón,Yape,30.0,0
9499,2026-07-22,18:22,1074,3,Para llevar,Efectivo,194.0,0
9500,2026-07-22,11:07,940,18,Para llevar,Plin,168.0,0
9501,2026-07-22,14:42,3169,17,Salón,Efectivo,165.0,0
9502,2026-07-23,12:19,5256,19,Salón,Tarjeta,74.0,0
9503,2026-07-23,15:11,5107,20,Salón,Yape,190.0,0
9504,2026-07-23,16:53,224,7,Salón,Efectivo,108.0,0
9505,2026-07-23,20:48,5114,20,Para llevar,Efectivo,116.0,0
9506,2026-07-23,14:27,2196,20,Salón,Tarjeta,292.0,0
9507,2026-07-23,14:43,1253,22,Salón,Plin,148.0,0
9508,2026-07-23,21:49,1351,3,Delivery propio,Plin,30.0,0
9509,2026-07-23,11:35,9999,19,Salón,Efectivo,260.0,0
9510,2026-07-23,19:50,1141,24,Salón,Tarjeta,183.0,0
9511,2026-07-23,17:02,1648,17,Salón,Efectivo,130.0,0
9512,2026-07-23,17:21,78,5,Salón,Plin,52.0,0
9513,2026-07-23,13:01,877,16,Salón,Yape,256.0,0
9514,2026-07-23,18:28,9999,5,Para llevar,Plin,222.0,0
9515,2026-07-23,21:42,9999,22,Salón,Plin,66.0,0
9516,2026-07-23,13:40,120,2,Salón,Tarjeta,117.0,0
9517,2026-07-23,21:09,2518,7,Salón,Efectivo,8.0,0
9518,2026-07-23,19:03,623,24,Salón,Tarjeta,172.0,0
9519,2026-07-23,14:50,1579,17,Salón,Yape,24.0,0
9520,2026-07-23,13:12,1727,3,Delivery propio,Plin,128.0,0
9521,2026-07-23,14:57,5337,19,Para llevar,Efectivo,110.0,0
9522,2026-07-23,12:16,2066,20,Para llevar,Efectivo,112.0,0
9523,2026-07-23,12:41,5078,19,Salón,Efectivo,74.0,0
9524,2026-07-23,15:02,134,19,Salón,Efectivo,88.0,0
9525,2026-07-23,21:54,1293,20,Salón,Yape,96.0,0
9526,2026-07-23,20:48,1232,5,Delivery propio,Efectivo,122.0,0
9527,2026-07-23,16:31,4288,17,Para llevar,Yape,30.0,0
9528,2026-07-23,17:53,9999,2,Delivery propio,Plin,72.0,0
9529,2026-07-23,13:49,3399,18,Delivery propio,Yape,162.0,0
9530,2026-07-23,14:22,898,24,Salón,Efectivo,152.0,0
9531,2026-07-23,14:35,9999,16,Salón,Plin,106.0,0
9532,2026-07-23,15:47,4819,16,Delivery propio,Tarjeta,90.0,0
9533,2026-07-23,15:13,4294,16,Salón,Tarjeta,52.0,0
9534,2026-07-23,16:53,1025,22,Salón,Tarjeta,66.0,0
9535,2026-07-24,11:15,3933,17,Salón,Tarjeta,52.0,0
9536,2026-07-24,14:57,671,7,Salón,Tarjeta,228.0,0
9537,2026-07-24,16:17,5012,2,Delivery propio,Tarjeta,174.0,0
9538,2026-07-24,12:05,369,2,Para llevar,Yape,156.0,0
9539,2026-07-24,18:12,994,3,Salón,Yape,46.0,0
9540,2026-07-24,14:53,3740,7,Salón,Tarjeta,127.0,0
9541,2026-07-24,13:40,2288,24,Para llevar,Efectivo,28.0,0
9542,2026-07-24,18:05,3634,16,Salón,Yape,180.0,0
9543,2026-07-24,16:27,5367,24,Salón,Efectivo,88.0,0
9544,2026-07-24,13:31,243,22,Salón,Yape,48.0,0
9545,2026-07-24,12:10,2443,20,Salón,Tarjeta,142.0,0
9546,2026-07-24,12:36,5256,3,Salón,Efectivo,56.0,0
9547,2026-07-24,20:11,1845,2,Salón,Yape,86.0,0
9548,2026-07-24,13:23,1327,2,Salón,Efectivo,184.0,0
9549,2026-07-24,20:27,4405,19,Salón,Efectivo,107.0,0
9550,2026-07-24,16:58,4350,17,Delivery propio,Efectivo,46.0,0
9551,2026-07-24,19:16,2552,3,Salón,Yape,84.0,0
9552,2026-07-24,18:07,4168,19,Salón,Efectivo,170.0,0
9553,2026-07-24,14:26,3137,18,Para llevar,Plin,25.0,0
9554,2026-07-24,20:06,526,7,Delivery propio,Yape,210.0,0
9555,2026-07-24,12:47,2540,16,Para llevar,Efectivo,106.0,0
9556,2026-07-24,15:39,4404,3,Para llevar,Tarjeta,52.0,0
9557,2026-07-24,14:02,4471,17,Para llevar,Yape,111.0,0
9558,2026-07-24,12:24,1958,3,Delivery propio,Efectivo,72.0,0
9559,2026-07-24,13:10,3303,5,Salón,Efectivo,72.0,0
9560,2026-07-24,13:27,1696,5,Salón,Yape,63.0,0
9561,2026-07-24,14:04,3305,22,Salón,Efectivo,52.0,0
9562,2026-07-24,13:40,1077,18,Salón,Efectivo,56.0,0
9563,2026-07-24,12:26,1329,3,Para llevar,Yape,194.0,0
9564,2026-07-24,13:26,5083,2,Salón,Plin,81.0,0
9565,2026-07-24,21:24,2742,24,Salón,Tarjeta,108.0,0
9566,2026-07-24,19:06,3305,22,Delivery propio,Yape,36.0,0
9567,2026-07-25,16:09,9999,22,Salón,Tarjeta,168.0,0
9568,2026-07-25,13:34,2095,20,Salón,Tarjeta,153.0,0
9569,2026-07-25,15:33,3627,18,Salón,Yape,284.0,0
9570,2026-07-25,12:19,531,24,Salón,Yape,232.0,0
9571,2026-07-25,15:15,986,3,Delivery propio,Efectivo,188.0,0
9572,2026-07-25,12:05,12,2,Delivery propio,Yape,64.0,0
9573,2026-07-25,15:18,3098,7,Salón,Efectivo,100.0,0
9574,2026-07-25,13:47,2134,22,Salón,Efectivo,136.0,0
9575,2026-07-25,12:48,4430,20,Salón,Tarjeta,272.0,0
9576,2026-07-25,20:09,2617,2,Salón,Yape,200.0,0
9577,2026-07-25,13:13,9999,2,Salón,Tarjeta,186.0,0
9578,2026-07-25,14:26,560,3,Delivery propio,Tarjeta,240.0,0
9579,2026-07-25,21:59,3988,19,Salón,Yape,12.0,0
9580,2026-07-25,19:06,496,22,Delivery propio,Tarjeta,133.0,0
9581,2026-07-25,16:00,1670,24,Salón,Efectivo,182.0,0
9582,2026-07-25,14:46,411,2,Salón,Efectivo,270.0,0
9583,2026-07-25,14:35,613,20,Delivery propio,Yape,106.0,0
9584,2026-07-25,11:49,4916,7,Salón,Tarjeta,128.0,0
9585,2026-07-25,11:27,2411,20,Salón,Efectivo,72.0,0
9586,2026-07-25,17:11,3356,2,Para llevar,Yape,54.0,0
9587,2026-07-25,16:18,2330,17,Salón,Yape,194.0,0
9588,2026-07-25,12:32,4487,3,Salón,Efectivo,186.0,0
9589,2026-07-25,16:16,4911,2,Delivery propio,Tarjeta,62.0,0
9590,2026-07-25,13:24,993,24,Salón,Efectivo,226.0,0
9591,2026-07-25,15:51,5248,3,Salón,Plin,168.0,0
9592,2026-07-25,14:26,645,17,Salón,Efectivo,86.0,0
9593,2026-07-25,19:50,877,22,Salón,Efectivo,204.0,0
9594,2026-07-25,18:16,2165,2,Salón,Plin,39.0,0
9595,2026-07-25,14:20,4778,20,Delivery propio,Tarjeta,120.0,0
9596,2026-07-25,17:22,2818,20,Para llevar,Efectivo,39.0,0
9597,2026-07-25,14:34,2101,7,Salón,Efectivo,160.0,0
9598,2026-07-25,12:06,5058,5,Salón,Efectivo,42.0,0
9599,2026-07-25,14:06,4286,22,Salón,Yape,24.0,0
9600,2026-07-25,11:38,4693,3,Salón,Tarjeta,62.0,0
9601,2026-07-25,13:35,3311,7,Salón,Yape,94.0,0
9602,2026-07-25,20:51,4879,20,Para llevar,Yape,105.0,0
9603,2026-07-25,19:58,3861,20,Para llevar,Tarjeta,234.0,0
9604,2026-07-25,13:08,3463,20,Salón,Tarjeta,56.0,0
9605,2026-07-25,19:23,572,22,Salón,Yape,114.0,0
9606,2026-07-25,14:22,5250,20,Salón,Efectivo,179.0,0
9607,2026-07-25,19:50,3734,5,Salón,Efectivo,244.0,0
9608,2026-07-25,12:21,161,3,Para llevar,Efectivo,192.0,0
9609,2026-07-25,13:30,3813,24,Para llevar,Yape,243.0,0
9610,2026-07-25,14:08,5321,3,Salón,Yape,49.0,0
9611,2026-07-25,14:17,2168,2,Salón,Efectivo,130.0,0
9612,2026-07-26,19:14,9999,7,Salón,Tarjeta,81.0,0
9613,2026-07-26,13:12,438,24,Delivery propio,Efectivo,126.0,0
9614,2026-07-26,15:15,2008,18,Salón,Efectivo,217.0,0
9615,2026-07-26,17:38,1,7,Para llevar,Yape,142.0,0
9616,2026-07-26,12:06,496,20,Salón,Tarjeta,137.0,0
9617,2026-07-26,13:15,1599,24,Salón,Tarjeta,272.0,0
9618,2026-07-26,12:48,3449,7,Delivery propio,Yape,155.0,0
9619,2026-07-26,13:10,1135,24,Delivery propio,Tarjeta,158.0,0
9620,2026-07-26,20:37,5256,16,Delivery propio,Plin,16.0,0
9621,2026-07-26,13:11,4948,5,Salón,Yape,70.0,0
9622,2026-07-26,21:37,5262,2,Salón,Yape,92.0,0
9623,2026-07-26,18:55,1532,5,Para llevar,Yape,205.0,0
9624,2026-09-28,20:26,4684,7,Salón,Efectivo,130.0,1
9625,2026-07-26,21:25,4261,19,Salón,Efectivo,368.0,0
9626,2026-07-26,14:07,1155,5,Para llevar,Yape,116.0,0
9627,2026-07-26,19:35,3433,18,Salón,Efectivo,40.0,0
9628,2026-07-26,19:38,9999,24,Salón,Yape,93.0,0
9629,2026-07-26,14:13,1360,18,Para llevar,Efectivo,160.0,0
9630,2026-07-26,20:07,1979,3,Salón,Efectivo,112.0,0
9631,2026-07-26,14:56,2137,3,Salón,Tarjeta,82.0,0
9632,2026-07-26,12:55,3,2,Delivery propio,Efectivo,189.0,0
9633,2026-07-26,13:59,1554,20,Salón,Tarjeta,136.0,0
9634,2026-07-26,14:18,5069,18,Salón,Efectivo,146.0,0
9635,2026-07-26,14:44,2975,7,Salón,Yape,192.0,0
9636,2026-07-26,18:04,3037,16,Salón,Efectivo,129.0,0
9637,2026-07-26,17:26,5429,18,Salón,Efectivo,68.0,0
9638,2026-07-26,21:30,9999,2,Salón,Yape,49.0,0
9639,2026-07-26,13:59,2022,22,Salón,Yape,153.0,0
9640,2026-07-26,18:40,5136,17,Para llevar,Efectivo,197.0,0
9641,2026-07-26,14:24,9999,16,Salón,Tarjeta,36.0,0
9642,2026-07-26,19:11,4694,24,Para llevar,Tarjeta,73.0,0
9643,2026-07-26,14:18,5100,3,Salón,Tarjeta,126.0,0
9644,2026-07-26,18:14,4338,17,Salón,Yape,232.0,0
9645,2026-07-26,13:19,3377,20,Salón,Plin,198.0,0
9646,2026-07-26,18:22,3648,18,Salón,Efectivo,92.0,0
9647,2026-07-26,13:15,4182,24,Delivery propio,Yape,84.0,0
9648,2026-07-26,13:32,9999,5,Para llevar,Efectivo,110.0,0
9649,2026-07-26,20:37,4186,19,Para llevar,Yape,176.0,0
9650,2026-07-26,16:44,1626,5,Salón,Tarjeta,68.0,0
9651,2026-07-26,12:22,4093,22,Salón,Efectivo,164.0,0
9652,2026-07-26,18:00,2738,2,Salón,Yape,122.0,0
9653,2026-07-26,13:45,3757,20,Salón,Efectivo,145.0,0
9654,2026-07-26,19:16,4121,7,Salón,Plin,187.0,0
9655,2026-07-26,14:48,877,2,Salón,Yape,152.0,0
9656,2026-07-26,14:29,3207,2,Salón,Yape,209.0,0
9657,2026-07-26,11:06,3687,20,Salón,Efectivo,182.0,0
9658,2026-07-26,13:20,1912,20,Salón,Efectivo,102.0,0
9659,2026-07-26,20:15,5093,20,Salón,Tarjeta,186.0,0
9660,2026-07-26,19:42,2220,24,Salón,Tarjeta,72.0,0
9661,2026-07-26,12:03,2112,2,Salón,Plin,112.0,0
9662,2026-07-26,13:45,5479,18,Para llevar,Yape,384.0,0
9663,2026-07-26,19:26,4330,20,Para llevar,Yape,165.0,0
9664,2026-07-26,14:09,1720,24,Salón,Efectivo,72.0,0
9665,2026-07-26,11:04,4481,3,Delivery propio,Efectivo,102.0,0
9666,2026-07-26,18:15,645,17,Delivery propio,Yape,94.0,0
9667,2026-07-26,21:20,861,17,Salón,Efectivo,86.0,0
9668,2026-07-26,15:06,157,18,Salón,Plin,106.0,0
9669,2026-07-26,18:18,459,5,Salón,Efectivo,232.0,0
9670,2026-07-26,15:55,4513,20,Para llevar,Tarjeta,121.0,0
9671,2026-07-26,19:56,3956,18,Salón,Yape,34.0,0
9672,2026-07-26,19:43,4420,22,Para llevar,Yape,154.0,0
9673,2026-07-26,13:32,9999,19,Salón,Tarjeta,170.0,0
9674,2026-07-26,16:39,876,18,Salón,Efectivo,126.0,0
9675,2026-07-27,13:20,3403,17,Para llevar,Efectivo,88.0,0
9676,2026-07-27,13:33,884,19,Salón,Plin,18.0,0
9677,2026-07-27,12:13,1441,5,Delivery propio,Efectivo,92.0,0
9678,2026-07-27,15:36,9999,24,Para llevar,Tarjeta,136.0,0
9679,2026-07-27,14:59,3995,24,Salón,Tarjeta,309.0,0
9680,2026-07-27,19:44,2316,5,Salón,Tarjeta,36.0,0
9681,2026-07-27,17:24,5198,20,Delivery propio,Tarjeta,99.0,0
9682,2026-07-27,15:33,877,2,Salón,Tarjeta,166.0,0
9683,2026-07-27,19:55,4261,3,Salón,Efectivo,60.0,0
9684,2026-07-27,17:22,4853,7,Salón,Yape,111.0,0
9685,2026-07-27,16:49,1922,24,Para llevar,Yape,188.0,0
9686,2026-07-27,13:27,3901,19,Salón,Yape,176.0,0
9687,2026-07-27,16:07,2408,3,Para llevar,Yape,140.0,0
9688,2026-07-27,15:49,4479,18,Salón,Tarjeta,78.0,0
9689,2026-07-27,11:13,1616,3,Delivery propio,Yape,191.0,0
9690,2026-07-27,13:48,9999,19,Salón,Efectivo,38.0,0
9691,2026-07-27,17:29,3972,19,Delivery propio,Plin,46.0,0
9692,2026-07-27,12:43,2045,22,Salón,Efectivo,266.0,0
9693,2026-07-27,12:43,3560,19,Salón,Plin,288.0,0
9694,2026-07-27,16:30,1217,18,Para llevar,Tarjeta,72.0,0
9695,2026-07-27,16:46,2083,2,Salón,Yape,120.0,0
9696,2026-07-27,20:06,3942,2,Para llevar,Yape,233.0,0
9697,2026-07-27,15:59,9999,18,Salón,Yape,156.0,0
9698,2026-07-27,12:29,3727,18,Para llevar,Yape,164.0,0
9699,2026-07-27,18:34,29,7,Salón,Yape,158.0,0
9700,2026-07-27,13:10,3700,3,Salón,Plin,247.0,0
9701,2026-07-27,16:58,2100,7,Salón,Yape,110.0,0
9702,2026-07-27,20:09,3346,16,Salón,Efectivo,162.0,0
9704,2026-07-28,19:44,877,19,Salón,Tarjeta,18.0,0
9705,2026-07-28,14:18,3631,7,Para llevar,Tarjeta,239.0,0
9706,2026-07-28,14:15,190,19,Salón,Tarjeta,130.0,0
9707,2026-07-28,14:15,4881,2,Salón,Yape,111.0,0
9708,2026-07-28,19:03,3241,5,Delivery propio,Efectivo,99.0,0
9709,2026-07-28,11:28,4950,2,Salón,Plin,76.0,0
9710,2026-07-28,20:52,3275,2,Salón,Yape,92.0,0
9711,2026-07-28,18:00,2801,24,Salón,Tarjeta,142.0,0
9712,2026-07-28,16:51,2964,22,Salón,Yape,68.0,0
9713,2026-07-28,20:10,2465,3,Para llevar,Plin,78.0,0
9714,2026-07-28,18:17,4336,22,Salón,Yape,60.0,0
9716,2026-07-28,14:34,9999,18,Para llevar,Efectivo,50.0,0
9717,2026-07-28,19:55,2708,24,Salón,Efectivo,216.0,0
9718,2026-07-28,12:35,9999,24,Salón,Plin,126.0,0
9719,2026-07-28,16:02,1151,18,Delivery propio,Plin,42.0,0
9720,2026-07-28,19:09,2242,7,Salón,Efectivo,170.0,0
9721,2026-07-28,20:11,9999,3,Salón,Efectivo,158.0,0
9722,2026-07-28,17:32,3884,17,Salón,Efectivo,169.0,0
9723,2026-07-28,12:14,359,22,Salón,Yape,60.0,0
9724,2026-07-28,12:22,777,18,Salón,Plin,98.0,0
9725,2026-07-28,21:50,4462,2,Salón,Tarjeta,102.0,0
9726,2026-07-28,13:20,822,18,Salón,Plin,72.0,0
9727,2026-07-29,14:04,4823,20,Salón,Efectivo,89.0,0
9728,2026-07-29,20:15,1900,3,Salón,Tarjeta,126.0,0
9729,2026-07-29,14:22,4380,20,Salón,Tarjeta,192.0,0
9730,2026-07-29,12:04,3359,24,Para llevar,Tarjeta,60.0,0
9731,2026-07-29,19:09,2900,24,Salón,Plin,94.0,0
9732,2026-07-29,14:11,1147,19,Salón,Efectivo,90.0,0
9733,2026-07-29,20:39,3723,3,Para llevar,Yape,319.0,0
9734,2026-07-29,17:12,3618,3,Delivery propio,Efectivo,230.0,0
9735,2026-07-29,20:55,4727,24,Delivery propio,Yape,142.0,0
9736,2026-09-28,14:30,2171,19,Salón,Tarjeta,45.0,1
9737,2026-07-29,15:30,4841,16,Salón,Yape,93.0,0
9738,2026-07-29,15:11,2724,7,Salón,Plin,68.0,0
9739,2026-07-29,18:58,277,7,Salón,Efectivo,164.0,0
9740,2026-07-29,13:43,2338,19,Para llevar,Tarjeta,98.0,0
9741,2026-07-29,13:34,525,16,Delivery propio,Yape,142.0,0
9742,2026-07-29,14:36,1046,2,Para llevar,Efectivo,78.0,0
9743,2026-07-29,17:35,2507,22,Salón,Tarjeta,28.0,0
9744,2026-07-29,14:28,3792,3,Salón,Tarjeta,127.0,0
9745,2026-07-29,16:48,3395,18,Delivery propio,Efectivo,141.0,0
9746,2026-07-29,15:20,3123,3,Para llevar,Yape,69.0,0
9747,2026-07-29,12:44,1159,24,Salón,Tarjeta,233.0,0
9748,2026-07-29,17:58,1543,7,Salón,Plin,46.0,0
9749,2026-07-29,19:44,1216,7,Delivery propio,Efectivo,214.0,0
9750,2026-07-29,15:37,1685,5,Salón,Yape,120.0,0
9751,2026-07-29,19:08,968,2,Salón,Yape,52.0,0
9752,2026-07-29,18:00,3197,20,Para llevar,Efectivo,144.0,0
9753,2026-07-29,12:11,3639,24,Salón,Efectivo,274.0,0
9754,2026-07-29,17:55,4022,3,Salón,Efectivo,62.0,0
9755,2026-07-29,19:37,1255,24,Delivery propio,Tarjeta,48.0,0
9756,2026-07-29,14:43,1455,18,Para llevar,Yape,168.0,0
9757,2026-07-30,19:53,1517,2,Salón,Tarjeta,132.0,0
9758,2026-07-30,19:30,2537,7,Para llevar,Efectivo,112.0,0
9759,2026-07-30,13:50,4950,7,Delivery propio,Tarjeta,156.0,0
9760,2026-07-30,12:51,3184,17,Para llevar,Yape,122.0,0
9761,2026-07-30,14:13,3131,20,Delivery propio,Yape,194.0,0
9762,2026-07-30,13:38,612,3,Para llevar,Efectivo,38.0,0
9763,2026-07-30,18:46,1858,19,Salón,Yape,102.0,0
9764,2026-07-30,15:06,3575,24,Para llevar,Tarjeta,74.0,0
9765,2026-07-30,19:10,281,2,Salón,Yape,74.0,0
9766,2026-07-30,16:42,1391,16,Salón,Yape,206.0,0
9767,2026-09-28,12:53,1710,24,Salón,Efectivo,116.0,1
9768,2026-07-30,13:40,1979,16,Salón,Efectivo,18.0,0
9769,2026-07-30,12:01,3227,2,Salón,Yape,136.0,0
9770,2026-07-30,15:01,9999,17,Salón,Efectivo,208.0,0
9771,2026-07-30,14:55,5403,20,Salón,Tarjeta,106.0,0
9772,2026-07-30,11:39,2075,16,Para llevar,Yape,120.0,0
9773,2026-07-30,19:00,3944,7,Delivery propio,Yape,104.0,0
9774,2026-07-30,14:23,1093,19,Para llevar,Efectivo,230.0,0
9775,2026-07-30,14:31,5247,17,Salón,Yape,60.0,0
9776,2026-07-30,15:29,1993,3,Salón,Yape,245.0,0
9777,2026-07-30,13:56,9999,3,Salón,Efectivo,190.0,0
9778,2026-07-30,19:39,9999,5,Salón,Yape,36.0,0
9779,2026-07-30,13:28,3132,16,Salón,Plin,43.0,0
9780,2026-07-30,18:41,4447,18,Salón,Tarjeta,101.0,0
9781,2026-07-30,21:01,2138,3,Salón,Yape,128.0,0
9782,2026-07-30,18:48,9999,2,Delivery propio,Tarjeta,63.0,0
9783,2026-07-30,18:58,422,3,Para llevar,Efectivo,166.0,0
9784,2026-07-30,15:54,607,22,Salón,Efectivo,70.0,0
9785,2026-07-30,12:22,988,18,Salón,Yape,86.0,0
9786,2026-07-30,13:25,1136,5,Delivery propio,Yape,72.0,0
9787,2026-07-30,18:53,4872,5,Salón,Efectivo,168.0,0
9788,2026-07-31,13:40,4309,5,Salón,Plin,172.0,0
9789,2026-07-31,15:07,4279,2,Salón,Tarjeta,138.0,0
9790,2026-07-31,11:27,1121,20,Salón,Efectivo,138.0,0
9791,2026-07-31,12:04,531,5,Salón,Efectivo,55.0,0
9792,2026-07-31,15:36,4800,24,Salón,Yape,108.0,0
9793,2026-07-31,16:29,4022,2,Salón,Efectivo,109.0,0
9794,2026-07-31,12:16,780,17,Salón,Efectivo,135.0,0
9795,2026-07-31,20:20,5227,5,Salón,Tarjeta,84.0,0
9796,2026-07-31,14:42,4240,17,Salón,Tarjeta,84.0,0
9797,2026-07-31,11:54,1072,17,Delivery propio,Efectivo,142.0,0
9798,2026-07-31,14:11,9999,17,Para llevar,Yape,116.0,0
9799,2026-07-31,20:12,693,19,Salón,Tarjeta,48.0,0
9800,2026-07-31,13:03,4283,2,Delivery propio,Efectivo,54.0,0
9801,2026-07-31,13:06,2979,20,Delivery propio,Yape,34.0,0
9802,2026-07-31,14:01,611,22,Para llevar,Yape,36.0,0
9803,2026-07-31,19:42,2249,24,Para llevar,Efectivo,86.0,0
9804,2026-07-31,19:43,1476,20,Salón,Yape,154.0,0
9805,2026-07-31,11:34,4517,24,Salón,Yape,184.0,0
9806,2026-07-31,18:12,2042,20,Salón,Yape,44.0,0
9807,2026-07-31,17:21,40,24,Salón,Plin,90.0,0
9808,2026-07-31,20:15,2065,18,Delivery propio,Tarjeta,92.0,0
9809,2026-07-31,14:29,3000,2,Delivery propio,Yape,62.0,0
9810,2026-07-31,15:09,2086,7,Salón,Yape,64.0,0
9811,2026-07-31,15:42,9999,24,Delivery propio,Yape,72.0,0
9812,2026-07-31,14:29,2920,7,Para llevar,Tarjeta,228.0,0
9813,2026-07-31,20:07,4097,7,Salón,Plin,100.0,0
9814,2026-07-31,16:35,876,16,Delivery propio,Yape,18.0,0
9815,2026-07-31,12:52,5132,2,Salón,Efectivo,116.0,0
9816,2026-07-31,19:32,3185,2,Salón,Efectivo,172.0,0
9817,2026-07-31,16:36,1714,18,Para llevar,Efectivo,177.0,0
9818,2026-07-31,15:45,906,18,Salón,Yape,90.0,0
9819,2026-07-31,20:30,1635,20,Salón,Efectivo,132.0,0
9820,2026-07-31,19:20,1105,7,Para llevar,Yape,32.0,0
9821,2026-07-31,16:03,1456,20,Delivery propio,Plin,132.0,0
9822,2026-07-31,14:16,4772,16,Salón,Yape,108.0,0
9823,2026-07-31,13:06,3549,18,Salón,Yape,104.0,0
9824,2026-07-31,14:57,646,22,Salón,Yape,98.0,0
9825,2026-07-31,13:25,4325,20,Para llevar,Plin,98.0,0
9826,2026-07-31,17:33,3206,18,Salón,Yape,162.0,0
9827,2026-07-31,15:56,46,18,Para llevar,Efectivo,93.0,0
9828,2026-07-31,14:39,3280,22,Salón,Tarjeta,108.0,0
9829,2026-08-01,13:40,1776,7,Salón,Tarjeta,138.0,0
9830,2026-08-01,13:29,1082,16,Salón,Tarjeta,30.0,0
9831,2026-08-01,19:34,2962,20,Salón,Tarjeta,180.0,0
9832,2026-08-01,12:22,2734,22,Salón,Plin,198.0,0
9833,2026-08-01,20:22,4247,16,Para llevar,Plin,72.0,0
9834,2026-08-01,12:21,356,22,Salón,Yape,74.0,0
9835,2026-08-01,18:17,4341,2,Salón,Yape,122.0,0
9836,2026-08-01,13:19,2241,7,Salón,Yape,326.0,0
9837,2026-08-01,14:28,3821,5,Delivery propio,Yape,277.0,0
9838,2026-08-01,13:10,1739,20,Salón,Yape,240.0,0
9839,2026-08-01,14:46,2580,16,Salón,Efectivo,153.0,0
9840,2026-08-01,21:19,1845,19,Para llevar,Yape,132.0,0
9841,2026-08-01,11:16,4463,19,Salón,Tarjeta,200.0,0
9842,2026-08-01,13:43,4820,5,Para llevar,Efectivo,138.0,0
9843,2026-08-01,20:19,1490,17,Para llevar,Efectivo,142.0,0
9844,2026-08-01,13:34,2097,20,Salón,Efectivo,64.0,0
9845,2026-08-01,17:40,2901,19,Para llevar,Yape,88.0,0
9846,2026-08-01,20:50,11,3,Delivery propio,Efectivo,46.0,0
9847,2026-08-01,12:39,994,24,Para llevar,Tarjeta,182.0,0
9848,2026-08-01,13:58,3603,19,Delivery propio,Tarjeta,117.0,0
9849,2026-08-01,14:14,633,3,Salón,Yape,50.0,0
9850,2026-08-01,20:45,473,18,Salón,Efectivo,136.0,0
9851,2026-08-01,19:58,4300,19,Para llevar,Tarjeta,50.0,0
9852,2026-08-01,12:45,1014,16,Para llevar,Plin,160.0,0
9853,2026-08-01,13:27,608,2,Delivery propio,Efectivo,364.0,0
9854,2026-08-01,16:08,1900,5,Salón,Plin,132.0,0
9855,2026-08-01,13:55,1770,16,Salón,Tarjeta,227.0,0
9856,2026-08-01,20:11,9999,24,Salón,Yape,112.0,0
9857,2026-08-01,18:50,560,18,Para llevar,Yape,156.0,0
9858,2026-08-01,18:03,1841,17,Para llevar,Efectivo,34.0,0
9859,2026-08-01,20:50,1834,3,Para llevar,Efectivo,114.0,0
9860,2026-08-01,13:11,1359,5,Salón,Yape,122.0,0
9861,2026-08-01,12:10,1998,22,Salón,Yape,294.0,0
9862,2026-08-01,13:06,2520,7,Para llevar,Efectivo,201.0,0
9863,2026-08-01,18:54,4242,24,Salón,Efectivo,98.0,0
9864,2026-08-01,17:26,2930,18,Delivery propio,Tarjeta,82.0,0
9865,2026-08-01,13:03,3000,22,Salón,Efectivo,214.0,0
9866,2026-08-01,14:40,5450,18,Para llevar,Plin,48.0,0
9867,2026-08-01,15:12,9999,17,Salón,Plin,160.0,0
9868,2026-08-01,14:57,2176,7,Delivery propio,Efectivo,136.0,0
9869,2026-08-01,14:11,2251,19,Salón,Yape,60.0,0
9870,2026-08-01,19:06,3778,22,Salón,Plin,152.0,0
9871,2026-08-01,13:34,2906,19,Para llevar,Plin,208.0,0
9872,2026-08-01,17:59,2244,2,Salón,Plin,72.0,0
9873,2026-08-01,13:01,4729,2,Salón,Efectivo,52.0,0
9874,2026-08-01,13:24,4757,2,Salón,Plin,152.0,0
9875,2026-08-01,15:34,534,3,Para llevar,Plin,103.0,0
9876,2026-08-01,20:42,1716,19,Para llevar,Yape,96.0,0
9877,2026-08-01,13:24,1480,2,Salón,Efectivo,114.0,0
9878,2026-08-01,14:19,4553,16,Salón,Tarjeta,132.0,0
9879,2026-08-01,12:58,443,17,Delivery propio,Yape,47.0,0
9880,2026-08-01,14:00,1250,3,Salón,Efectivo,121.0,0
9881,2026-08-01,19:17,270,5,Delivery propio,Tarjeta,140.0,0
9882,2026-08-01,20:50,3057,17,Salón,Tarjeta,204.0,0
9883,2026-08-01,17:58,9999,7,Salón,Efectivo,106.0,0
9884,2026-08-01,14:23,4955,18,Salón,Yape,224.0,0
9885,2026-08-01,19:20,370,7,Delivery propio,Tarjeta,72.0,0
9886,2026-08-02,12:02,9999,5,Salón,Yape,112.0,0
9887,2026-08-02,15:03,432,3,Salón,Plin,108.0,0
9888,2026-08-02,15:47,202,7,Salón,Tarjeta,176.0,0
9889,2026-08-02,13:36,4901,17,Salón,Yape,138.0,0
9890,2026-08-02,13:20,3383,19,Salón,Efectivo,138.0,0
9891,2026-08-02,11:39,4649,17,Salón,Yape,60.0,0
9892,2026-08-02,11:46,2330,18,Salón,Efectivo,136.0,0
9893,2026-08-02,15:36,3487,3,Delivery propio,Yape,36.0,0
9894,2026-08-02,18:16,3368,16,Salón,Tarjeta,292.0,0
9895,2026-08-02,18:28,4667,24,Para llevar,Yape,109.0,0
9896,2026-08-02,13:07,9999,20,Salón,Tarjeta,27.0,0
9897,2026-08-02,16:39,2035,20,Salón,Efectivo,134.0,0
9898,2026-08-02,13:06,5133,3,Salón,Efectivo,91.0,0
9899,2026-08-02,19:05,167,24,Salón,Efectivo,72.0,0
9900,2026-08-02,16:12,1608,16,Salón,Efectivo,54.0,0
9901,2026-08-02,20:28,1927,20,Delivery propio,Efectivo,18.0,0
9902,2026-08-02,18:51,2817,18,Delivery propio,Yape,16.0,0
9903,2026-08-02,18:45,4268,24,Salón,Efectivo,276.0,0
9904,2026-08-02,19:56,448,7,Salón,Plin,103.0,0
9905,2026-08-02,20:01,1844,2,Salón,Efectivo,108.0,0
9906,2026-08-02,20:22,4326,20,Delivery propio,Tarjeta,187.0,0
9907,2026-08-02,14:44,5212,7,Salón,Yape,94.0,0
9908,2026-08-02,13:27,4180,2,Salón,Yape,74.0,0
9909,2026-08-02,13:29,3425,2,Salón,Efectivo,116.0,0
9910,2026-08-02,14:54,3293,3,Salón,Efectivo,66.0,0
9911,2026-08-02,20:47,2163,17,Salón,Efectivo,30.0,0
9912,2026-08-02,13:19,3802,24,Para llevar,Plin,80.0,0
9913,2026-08-02,12:29,558,16,Salón,Tarjeta,94.0,0
9914,2026-08-02,14:30,2236,5,Salón,Efectivo,82.0,0
9915,2026-08-02,12:29,4386,16,Salón,Yape,190.0,0
9916,2026-08-02,19:26,2138,17,Para llevar,Efectivo,142.0,0
9917,2026-08-02,11:57,27,19,Salón,Tarjeta,111.0,0
9918,2026-08-02,14:34,697,16,Salón,Yape,88.0,0
9919,2026-08-02,11:19,4107,2,Salón,Yape,45.0,0
9920,2026-08-02,19:39,102,18,Delivery propio,Yape,145.0,0
9921,2026-08-02,14:27,5017,19,Salón,Plin,106.0,0
9922,2026-08-02,13:47,4238,16,Salón,Efectivo,164.0,0
9923,2026-08-02,20:30,5042,20,Delivery propio,Tarjeta,38.0,0
9924,2026-08-02,12:46,139,19,Salón,Efectivo,174.0,0
9925,2026-08-02,12:43,3933,19,Salón,Plin,108.0,0
9926,2026-08-02,14:18,3968,5,Salón,Yape,42.0,0
9927,2026-08-02,13:31,1675,16,Salón,Efectivo,149.0,0
9928,2026-08-02,14:32,1947,17,Salón,Yape,159.0,0
9929,2026-08-02,14:28,2096,18,Salón,Efectivo,82.0,0
9930,2026-08-02,21:43,1755,16,Salón,Plin,171.0,0
9931,2026-09-28,16:43,2627,5,Salón,Yape,141.0,1
9932,2026-08-02,17:31,1574,7,Para llevar,Efectivo,103.0,0
9933,2026-08-02,20:52,3793,19,Salón,Plin,230.0,0
9934,2026-08-02,13:23,485,3,Para llevar,Yape,311.0,0
9935,2026-08-02,20:11,1146,17,Para llevar,Tarjeta,68.0,0
9936,2026-08-02,12:34,5399,17,Salón,Yape,142.0,0
9937,2026-08-02,21:14,3100,3,Delivery propio,Efectivo,157.0,0
9938,2026-08-02,19:01,728,24,Delivery propio,Yape,42.0,0
9939,2026-08-02,20:27,2150,2,Salón,Tarjeta,98.0,0
9940,2026-08-02,20:50,2791,17,Salón,Tarjeta,281.0,0
9941,2026-09-28,13:15,2699,16,Para llevar,Yape,132.0,1
9942,2026-08-02,12:48,9999,20,Salón,Efectivo,206.0,0
9943,2026-08-02,14:07,3937,7,Salón,Plin,249.0,0
9944,2026-08-02,14:01,4276,22,Salón,Tarjeta,126.0,0
9945,2026-08-02,13:26,9999,22,Salón,Yape,35.0,0
9946,2026-08-02,15:55,9999,18,Salón,Yape,159.0,0
9947,2026-08-02,14:46,2685,22,Salón,Efectivo,73.0,0
9948,2026-08-02,13:10,1468,17,Delivery propio,Tarjeta,42.0,0
9949,2026-08-02,16:16,2490,5,Salón,Efectivo,150.0,0
9950,2026-08-02,14:27,3076,24,Salón,Plin,63.0,0
9951,2026-08-02,12:11,3677,20,Salón,Efectivo,150.0,0
9952,2026-08-02,14:38,2819,7,Salón,Efectivo,30.0,0
9953,2026-08-02,12:56,4492,17,Delivery propio,Yape,58.0,0
9954,2026-08-02,14:59,417,7,Salón,Efectivo,223.0,0
9955,2026-08-02,12:12,1333,5,Salón,Tarjeta,274.0,0
9956,2026-08-02,13:38,1449,22,Delivery propio,Efectivo,242.0,0
9957,2026-08-02,13:04,1895,19,Salón,Efectivo,120.0,0
9958,2026-08-03,12:26,4477,19,Salón,Efectivo,110.0,0
9959,2026-08-03,18:31,5091,2,Para llevar,Efectivo,150.0,0
9960,2026-08-03,19:47,1722,7,Salón,Yape,187.0,0
9961,2026-08-03,20:48,610,19,Para llevar,Efectivo,82.0,0
9962,2026-08-03,13:07,2168,19,Salón,Tarjeta,66.0,0
9963,2026-08-03,13:31,2203,2,Salón,Yape,78.0,0
9964,2026-08-03,19:13,5389,3,Salón,Tarjeta,132.0,0
9965,2026-08-03,15:34,4673,3,Para llevar,Tarjeta,76.0,0
9966,2026-08-03,15:16,987,19,Salón,Yape,38.0,0
9967,2026-08-03,14:56,2720,20,Salón,Tarjeta,58.0,0
9968,2026-08-03,13:12,1395,3,Salón,Plin,260.0,0
9969,2026-08-03,12:05,1852,20,Salón,Yape,229.0,0
9970,2026-08-03,15:32,5207,5,Delivery propio,Plin,204.0,0
9971,2026-08-03,13:14,3478,17,Delivery propio,Yape,84.0,0
9972,2026-08-03,20:26,4365,24,Salón,Tarjeta,60.0,0
9973,2026-08-03,17:16,1798,17,Salón,Plin,148.0,0
9974,2026-08-03,14:03,3953,20,Delivery propio,Efectivo,182.0,0
9975,2026-08-03,14:10,2313,19,Salón,Efectivo,115.0,0
9976,2026-08-03,18:54,5055,3,Delivery propio,Tarjeta,188.0,0
9977,2026-08-03,19:05,3653,7,Delivery propio,Efectivo,150.0,0
9978,2026-08-03,21:11,9999,22,Para llevar,Yape,24.0,0
9979,2026-08-04,12:26,2288,2,Salón,Yape,216.0,0
9980,2026-08-04,14:43,1226,2,Salón,Efectivo,223.0,0
9981,2026-08-04,13:30,3943,2,Salón,Yape,88.0,0
9982,2026-08-04,19:41,4341,17,Para llevar,Plin,44.0,0
9983,2026-08-04,13:20,5197,5,Salón,Efectivo,116.0,0
9984,2026-08-04,13:55,5412,17,Salón,Yape,214.0,0
9985,2026-08-04,19:42,2156,24,Para llevar,Tarjeta,106.0,0
9986,2026-08-04,13:38,3896,20,Salón,Plin,141.0,0
9987,2026-08-04,20:53,2555,17,Salón,Plin,260.0,0
9988,2026-08-04,14:40,2085,24,Salón,Tarjeta,89.0,0
9989,2026-08-04,18:59,355,18,Salón,Yape,98.0,0
9990,2026-08-04,15:30,4471,22,Para llevar,Yape,60.0,0
9991,2026-08-04,18:47,3033,20,Delivery propio,Yape,102.0,0
9992,2026-08-04,19:12,4744,24,Salón,Plin,176.0,0
9993,2026-08-04,12:17,3286,16,Delivery propio,Yape,248.0,0
9994,2026-08-04,19:45,2581,22,Delivery propio,Plin,176.0,0
9995,2026-08-04,15:25,2259,5,Salón,Efectivo,96.0,0
9996,2026-08-04,18:15,5351,20,Salón,Tarjeta,42.0,0
9997,2026-08-04,18:01,4222,17,Salón,Plin,73.0,0
9998,2026-08-04,11:16,327,22,Para llevar,Plin,22.0,0
9999,2026-08-04,14:28,1062,7,Salón,Efectivo,232.0,0
10000,2026-08-04,21:22,497,3,Salón,Tarjeta,128.0,0
10001,2026-08-04,14:19,3483,17,Delivery propio,Tarjeta,48.0,0
10002,2026-08-04,14:14,5321,24,Salón,Yape,56.0,0
10003,2026-08-04,12:03,4031,22,Para llevar,Tarjeta,147.0,0
10004,2026-08-04,12:28,9999,22,Delivery propio,Yape,137.0,0
10005,2026-08-04,15:56,4691,16,Para llevar,Tarjeta,68.0,0
10006,2026-08-04,21:53,1583,3,Salón,Tarjeta,122.0,0
10007,2026-08-04,14:59,2792,3,Salón,Efectivo,220.0,0
10008,2026-08-04,18:30,4068,7,Salón,Yape,175.0,0
10009,2026-08-04,18:19,4392,16,Salón,Tarjeta,61.0,0
10010,2026-08-04,16:37,5396,3,Salón,Efectivo,121.0,0
10011,2026-08-05,12:32,1702,17,Para llevar,Plin,163.0,0
10012,2026-08-05,18:23,4199,24,Salón,Tarjeta,73.0,0
10013,2026-08-05,14:21,4493,19,Salón,Efectivo,40.0,0
10014,2026-08-05,13:34,2070,17,Salón,Yape,76.0,0
10015,2026-08-05,20:05,2612,3,Salón,Efectivo,152.0,0
10016,2026-08-05,11:49,9999,7,Delivery propio,Yape,96.0,0
10017,2026-08-05,11:30,9999,19,Delivery propio,Yape,34.0,0
10018,2026-08-05,20:11,1565,20,Salón,Yape,160.0,0
10019,2026-08-05,13:30,3602,17,Para llevar,Plin,80.0,0
10020,2026-08-05,12:36,4296,19,Salón,Yape,68.0,0
10021,2026-08-05,14:44,2250,24,Para llevar,Efectivo,196.0,0
10022,2026-08-05,13:49,1683,19,Salón,Yape,124.0,0
10023,2026-08-05,18:12,283,22,Para llevar,Efectivo,110.0,0
10024,2026-08-05,20:15,1392,16,Salón,Yape,77.0,0
10025,2026-08-05,12:30,2153,17,Para llevar,Tarjeta,109.0,0
10026,2026-08-05,14:38,4785,3,Para llevar,Yape,152.0,0
10027,2026-08-05,18:49,2748,20,Salón,Tarjeta,64.0,0
10028,2026-08-05,12:47,9999,22,Delivery propio,Plin,111.0,0
10029,2026-08-05,14:37,629,24,Para llevar,Plin,52.0,0
10030,2026-08-05,14:03,1695,3,Salón,Tarjeta,190.0,0
10031,2026-08-05,12:29,5269,3,Salón,Plin,193.0,0
10032,2026-08-05,12:36,3783,16,Salón,Efectivo,260.0,0
10033,2026-08-05,16:28,3210,18,Salón,Tarjeta,78.0,0
10034,2026-08-06,17:35,2065,7,Salón,Efectivo,42.0,0
10035,2026-08-06,14:33,1568,7,Salón,Efectivo,101.0,0
10036,2026-08-06,18:13,9999,16,Para llevar,Tarjeta,66.0,0
10037,2026-08-06,16:28,9999,17,Delivery propio,Yape,228.0,0
10038,2026-08-06,18:31,4225,2,Delivery propio,Efectivo,51.0,0
10039,2026-08-06,20:28,676,7,Salón,Tarjeta,28.0,0
10040,2026-08-06,20:57,3224,5,Salón,Plin,84.0,0
10041,2026-08-06,14:21,2599,19,Salón,Tarjeta,61.0,0
10042,2026-08-06,20:39,4905,20,Salón,Efectivo,152.0,0
10043,2026-08-06,12:09,3557,16,Salón,Efectivo,173.0,0
10044,2026-08-06,18:48,696,7,Para llevar,Yape,144.0,0
10045,2026-08-06,17:41,5415,2,Salón,Efectivo,78.0,0
10046,2026-08-06,12:16,1003,22,Para llevar,Yape,182.0,0
10047,2026-08-06,13:28,4519,5,Salón,Yape,78.0,0
10048,2026-08-06,13:54,9999,3,Para llevar,Yape,114.0,0
10049,2026-08-06,18:53,4716,19,Delivery propio,Tarjeta,106.0,0
10050,2026-08-06,20:43,1612,3,Salón,Yape,250.0,0
10051,2026-08-06,12:13,3904,3,Salón,Plin,221.0,0
10052,2026-08-06,14:20,5109,20,Salón,Efectivo,152.0,0
10053,2026-08-06,18:18,190,7,Salón,Efectivo,44.0,0
10054,2026-08-06,20:36,421,24,Salón,Efectivo,272.0,0
10055,2026-08-06,18:01,314,17,Salón,Plin,66.0,0
10056,2026-08-06,14:25,2861,17,Para llevar,Efectivo,22.0,0
10057,2026-08-06,15:33,1997,24,Salón,Yape,133.0,0
10058,2026-08-06,18:15,5219,3,Salón,Yape,323.0,0
10059,2026-08-06,14:40,4241,19,Para llevar,Yape,196.0,0
10060,2026-08-06,14:36,70,16,Salón,Yape,102.0,0
10061,2026-08-06,13:37,877,20,Salón,Efectivo,190.0,0
10062,2026-08-06,20:14,1744,2,Salón,Efectivo,70.0,0
10063,2026-08-06,15:54,505,7,Delivery propio,Plin,102.0,0
10064,2026-08-06,18:21,1707,5,Salón,Tarjeta,166.0,0
10065,2026-08-06,18:33,5019,16,Para llevar,Yape,74.0,0
10066,2026-08-06,21:06,627,19,Salón,Efectivo,194.0,0
10067,2026-08-06,18:28,9999,20,Salón,Plin,52.0,0
10068,2026-08-06,19:04,4838,2,Delivery propio,Efectivo,66.0,0
10069,2026-08-07,20:21,3922,5,Salón,Tarjeta,104.0,0
10070,2026-08-07,13:02,4103,2,Delivery propio,Tarjeta,114.0,0
10071,2026-08-07,20:41,2763,17,Salón,Yape,84.0,0
10072,2026-08-07,15:48,3860,17,Salón,Efectivo,106.0,0
10073,2026-08-07,20:36,901,20,Salón,Yape,60.0,0
10074,2026-08-07,14:48,1881,5,Salón,Efectivo,56.0,0
10075,2026-08-07,15:51,1,17,Para llevar,Yape,307.0,0
10076,2026-08-07,16:32,1648,16,Delivery propio,Yape,164.0,0
10077,2026-08-07,15:26,2611,24,Salón,Efectivo,109.0,0
10078,2026-08-07,11:28,2739,16,Delivery propio,Yape,60.0,0
10079,2026-08-07,15:12,1647,24,Salón,Plin,126.0,0
10080,2026-08-07,13:52,4817,3,Salón,Yape,34.0,0
10081,2026-08-07,12:32,9999,19,Salón,Tarjeta,144.0,0
10082,2026-08-07,19:58,4744,19,Delivery propio,Efectivo,76.0,0
10083,2026-08-07,20:03,9999,16,Delivery propio,Efectivo,150.0,0
10084,2026-08-07,15:28,3179,5,Salón,Yape,138.0,0
10085,2026-08-07,12:27,3633,20,Para llevar,Efectivo,235.0,0
10086,2026-08-07,15:22,3264,7,Salón,Yape,140.0,0
10087,2026-08-07,13:31,2374,3,Para llevar,Yape,22.0,0
10088,2026-08-07,13:55,5301,18,Para llevar,Efectivo,120.0,0
10089,2026-08-07,14:51,3057,24,Salón,Efectivo,52.0,0
10090,2026-08-07,15:15,891,22,Salón,Plin,122.0,0
10091,2026-08-07,11:22,1749,17,Para llevar,Efectivo,54.0,0
10092,2026-08-07,13:29,1049,7,Salón,Efectivo,170.0,0
10093,2026-08-07,18:27,2496,20,Salón,Tarjeta,82.0,0
10094,2026-08-07,19:35,2921,2,Salón,Efectivo,42.0,0
10095,2026-08-07,18:17,1541,17,Delivery propio,Efectivo,117.0,0
10096,2026-08-07,13:36,3521,19,Delivery propio,Tarjeta,212.0,0
10097,2026-08-07,18:20,2930,7,Salón,Efectivo,78.0,0
10098,2026-08-07,20:50,877,20,Salón,Tarjeta,174.0,0
10099,2026-08-07,14:38,4737,5,Salón,Plin,6.0,0
10100,2026-08-07,20:04,4361,5,Para llevar,Tarjeta,89.0,0
10101,2026-08-07,15:18,4119,5,Delivery propio,Yape,203.0,0
10102,2026-08-07,13:41,4468,20,Salón,Tarjeta,262.0,0
10103,2026-08-07,13:42,982,17,Para llevar,Tarjeta,192.0,0
10104,2026-08-07,15:17,1767,20,Salón,Yape,132.0,0
10105,2026-08-07,19:58,4751,16,Delivery propio,Yape,86.0,0
10106,2026-08-07,12:21,2156,22,Delivery propio,Yape,347.0,0
10107,2026-08-07,18:35,4325,19,Salón,Yape,166.0,0
10108,2026-08-07,16:52,620,7,Salón,Yape,80.0,0
10109,2026-08-07,16:02,1999,22,Salón,Yape,22.0,0
10110,2026-08-07,13:52,1566,19,Salón,Efectivo,86.0,0
10111,2026-08-07,13:37,9999,20,Delivery propio,Yape,210.0,0
10112,2026-08-07,17:56,467,18,Delivery propio,Efectivo,72.0,0
10113,2026-08-07,13:53,3486,17,Salón,Efectivo,30.0,0
10114,2026-08-07,18:23,2446,5,Salón,Plin,76.0,0
10115,2026-08-07,19:46,4006,16,Salón,Efectivo,68.0,0
10116,2026-08-08,11:10,2766,5,Delivery propio,Plin,98.0,0
10117,2026-08-08,11:57,5258,18,Salón,Efectivo,130.0,0
10118,2026-08-08,12:24,2160,17,Salón,Efectivo,68.0,0
10119,2026-08-08,20:14,9999,18,Salón,Tarjeta,78.0,0
10120,2026-08-08,20:10,9999,2,Salón,Yape,118.0,0
10121,2026-08-08,19:46,2718,7,Delivery propio,Tarjeta,180.0,0
10122,2026-08-08,21:28,4242,24,Salón,Plin,80.0,0
10123,2026-08-08,14:26,3228,3,Salón,Yape,124.0,0
10124,2026-08-08,20:38,4421,2,Para llevar,Yape,90.0,0
10125,2026-08-08,13:15,499,20,Salón,Yape,212.0,0
10126,2026-08-08,20:57,3797,7,Salón,Tarjeta,42.0,0
10127,2026-08-08,11:32,3452,5,Para llevar,Yape,158.0,0
10128,2026-08-08,12:18,2513,24,Salón,Tarjeta,41.0,0
10129,2026-08-08,13:49,4824,3,Salón,Yape,138.0,0
10130,2026-08-08,13:11,5043,16,Para llevar,Tarjeta,84.0,0
10131,2026-08-08,11:31,276,24,Salón,Yape,85.0,0
10132,2026-08-08,14:40,1856,2,Salón,Yape,240.0,0
10133,2026-08-08,15:08,3718,24,Para llevar,Plin,76.0,0
10134,2026-08-08,14:35,3166,7,Para llevar,Plin,175.0,0
10135,2026-08-08,14:43,2510,16,Salón,Yape,145.0,0
10136,2026-08-08,20:50,534,2,Delivery propio,Efectivo,108.0,0
10137,2026-08-08,20:02,3742,17,Salón,Efectivo,146.0,0
10138,2026-08-08,15:06,5027,5,Para llevar,Tarjeta,36.0,0
10139,2026-08-08,21:30,2329,16,Salón,Plin,73.0,0
10140,2026-08-08,17:47,5119,2,Salón,Efectivo,284.0,0
10141,2026-08-08,16:23,9999,16,Delivery propio,Efectivo,120.0,0
10142,2026-08-08,18:34,1242,2,Delivery propio,Efectivo,142.0,0
10143,2026-08-08,11:41,1699,20,Delivery propio,Efectivo,58.0,0
10144,2026-08-08,12:18,2855,24,Salón,Plin,40.0,0
10145,2026-08-08,14:53,2419,20,Para llevar,Efectivo,55.0,0
10146,2026-08-08,18:33,2790,19,Para llevar,Efectivo,412.0,0
10147,2026-08-08,13:50,1695,2,Delivery propio,Efectivo,20.0,0
10148,2026-08-08,16:40,3002,5,Salón,Yape,146.0,0
10149,2026-08-08,15:11,3892,24,Salón,Yape,83.0,0
10150,2026-08-08,13:15,2054,17,Salón,Tarjeta,70.0,0
10151,2026-08-08,14:33,1281,7,Para llevar,Efectivo,110.0,0
10152,2026-08-08,19:33,780,19,Salón,Efectivo,84.0,0
10153,2026-08-08,13:08,3143,2,Salón,Efectivo,124.0,0
10154,2026-08-08,12:29,2277,7,Salón,Tarjeta,244.0,0
10155,2026-08-08,13:40,9999,2,Salón,Efectivo,166.0,0
10156,2026-08-08,12:18,572,22,Delivery propio,Yape,78.0,0
10157,2026-08-08,14:24,4606,7,Salón,Efectivo,129.0,0
10158,2026-08-08,14:11,1326,18,Salón,Plin,213.0,0
10159,2026-08-08,12:22,4018,18,Para llevar,Efectivo,92.0,0
10160,2026-08-08,11:27,1931,16,Salón,Yape,86.0,0
10161,2026-08-08,19:44,3483,5,Salón,Efectivo,59.0,0
10162,2026-08-08,16:40,2202,17,Para llevar,Tarjeta,116.0,0
10163,2026-08-08,15:30,9999,18,Salón,Yape,193.0,0
10164,2026-08-08,14:18,2877,2,Salón,Yape,68.0,0
10165,2026-09-28,19:06,3838,22,Salón,Yape,96.0,1
10166,2026-08-08,13:06,4635,24,Delivery propio,Yape,94.0,0
10167,2026-08-08,17:53,3076,2,Salón,Yape,70.0,0
10168,2026-08-09,12:07,3827,22,Salón,Yape,44.0,0
10169,2026-08-09,13:03,3923,7,Delivery propio,Efectivo,120.0,0
10170,2026-08-09,16:49,4321,24,Salón,Plin,128.0,0
10171,2026-08-09,14:26,130,17,Salón,Tarjeta,42.0,0
10172,2026-08-09,20:44,2301,5,Delivery propio,Efectivo,161.0,0
10173,2026-08-09,18:06,3067,5,Salón,Efectivo,36.0,0
10174,2026-08-09,13:29,561,18,Salón,Tarjeta,148.0,0
10175,2026-08-09,21:50,5311,22,Salón,Tarjeta,294.0,0
10176,2026-08-09,13:21,3878,7,Salón,Yape,253.0,0
10177,2026-08-09,21:18,3767,3,Delivery propio,Efectivo,42.0,0
10178,2026-08-09,13:41,1038,16,Delivery propio,Tarjeta,110.0,0
10179,2026-08-09,13:31,4198,20,Delivery propio,Yape,138.0,0
10180,2026-08-09,11:23,3797,16,Delivery propio,Tarjeta,150.0,0
10181,2026-08-09,13:37,4320,18,Para llevar,Yape,96.0,0
10182,2026-08-09,15:16,1258,17,Delivery propio,Efectivo,89.0,0
10183,2026-08-09,16:26,4729,3,Delivery propio,Efectivo,211.0,0
10184,2026-08-09,14:28,1036,3,Salón,Yape,98.0,0
10185,2026-08-09,13:13,9999,20,Para llevar,Plin,100.0,0
10186,2026-08-09,13:13,3316,22,Salón,Tarjeta,253.0,0
10187,2026-08-09,14:02,3480,7,Salón,Yape,178.0,0
10188,2026-08-09,20:17,2651,18,Para llevar,Efectivo,95.0,0
10189,2026-08-09,18:20,2901,7,Delivery propio,Efectivo,234.0,0
10190,2026-08-09,19:00,9999,7,Salón,Yape,315.0,0
10191,2026-08-09,20:51,2853,20,Salón,Tarjeta,123.0,0
10192,2026-08-09,16:01,5316,18,Salón,Yape,147.0,0
10193,2026-08-09,19:44,633,3,Salón,Tarjeta,32.0,0
10194,2026-08-09,18:26,4369,2,Delivery propio,Efectivo,59.0,0
10195,2026-08-09,14:06,52,16,Salón,Yape,116.0,0
10196,2026-08-09,16:16,3170,19,Para llevar,Yape,132.0,0
10197,2026-08-09,13:05,3865,17,Delivery propio,Plin,73.0,0
10198,2026-08-09,20:09,5492,2,Delivery propio,Tarjeta,208.0,0
10199,2026-08-09,13:14,877,22,Salón,Yape,128.0,0
10200,2026-08-09,11:40,3007,17,Para llevar,Efectivo,140.0,0
10201,2026-08-09,13:29,354,17,Salón,Tarjeta,108.0,0
10202,2026-08-09,13:12,4932,5,Salón,Tarjeta,25.0,0
10203,2026-08-09,15:11,1477,16,Salón,Tarjeta,150.0,0
10204,2026-08-09,16:21,4512,3,Salón,Yape,48.0,0
10205,2026-08-09,17:47,1663,3,Delivery propio,Yape,144.0,0
10206,2026-08-09,14:26,534,2,Salón,Tarjeta,66.0,0
10207,2026-08-09,13:38,2252,17,Delivery propio,Yape,280.0,0
10208,2026-08-09,11:21,5439,3,Salón,Yape,87.0,0
10209,2026-08-09,20:00,2808,17,Delivery propio,Efectivo,189.0,0
10210,2026-08-09,20:13,3627,3,Para llevar,Efectivo,202.0,0
10211,2026-08-09,13:48,4148,5,Salón,Efectivo,172.0,0
10212,2026-08-09,12:59,2903,20,Salón,Yape,142.0,0
10213,2026-08-09,13:53,511,17,Delivery propio,Plin,100.0,0
10214,2026-08-09,11:25,2763,7,Salón,Yape,88.0,0
10215,2026-08-09,20:24,4901,16,Delivery propio,Yape,64.0,0
10216,2026-08-09,19:07,2995,16,Salón,Tarjeta,50.0,0
10217,2026-08-09,15:43,1684,18,Salón,Efectivo,116.0,0
10218,2026-08-09,16:57,4205,7,Salón,Tarjeta,108.0,0
10219,2026-08-09,14:11,4551,16,Para llevar,Efectivo,72.0,0
10220,2026-08-09,21:11,5300,24,Para llevar,Efectivo,10.0,0
10221,2026-08-09,14:16,607,7,Salón,Tarjeta,180.0,0
10222,2026-08-09,14:27,1901,2,Salón,Tarjeta,38.0,0
10223,2026-08-09,12:09,4130,7,Delivery propio,Efectivo,72.0,0
10224,2026-08-09,15:51,1315,5,Salón,Yape,44.0,0
10225,2026-08-09,19:32,5175,5,Salón,Efectivo,129.0,0
10226,2026-08-09,19:10,2173,2,Salón,Yape,18.0,0
10227,2026-08-10,19:55,3937,2,Salón,Efectivo,138.0,0
10228,2026-08-10,19:38,4194,18,Para llevar,Tarjeta,105.0,0
10229,2026-08-10,14:35,5312,2,Salón,Efectivo,54.0,0
10230,2026-08-10,14:48,2971,5,Salón,Yape,36.0,0
10231,2026-08-10,15:38,3981,22,Salón,Tarjeta,96.0,0
10232,2026-08-10,13:53,1462,24,Salón,Yape,24.0,0
10233,2026-08-10,20:33,9999,2,Delivery propio,Tarjeta,103.0,0
10234,2026-08-10,13:25,2819,20,Salón,Yape,79.0,0
10235,2026-08-10,18:04,769,19,Para llevar,Yape,44.0,0
10236,2026-08-10,14:35,5374,5,Para llevar,Efectivo,122.0,0
10237,2026-08-10,18:03,3655,18,Salón,Plin,100.0,0
10238,2026-08-10,18:57,1616,7,Salón,Efectivo,243.0,0
10239,2026-08-10,14:48,1667,18,Salón,Yape,131.0,0
10240,2026-08-10,19:13,2218,20,Para llevar,Yape,66.0,0
10241,2026-08-10,13:14,991,3,Delivery propio,Yape,18.0,0
10242,2026-08-10,18:45,1933,7,Para llevar,Tarjeta,200.0,0
10243,2026-08-10,11:43,2634,22,Salón,Efectivo,66.0,0
10244,2026-08-10,14:29,4998,17,Salón,Yape,166.0,0
10245,2026-08-10,19:01,5131,22,Salón,Tarjeta,205.0,0
10246,2026-08-10,15:12,877,19,Salón,Tarjeta,110.0,0
10247,2026-08-10,13:34,9999,20,Para llevar,Efectivo,54.0,0
10248,2026-08-10,19:37,9999,24,Salón,Tarjeta,169.0,0
10249,2026-08-11,12:24,5007,20,Para llevar,Yape,171.0,0
10250,2026-08-11,12:55,3230,3,Salón,Plin,216.0,0
10251,2026-08-11,19:28,3577,19,Delivery propio,Tarjeta,61.0,0
10252,2026-08-11,16:03,1689,7,Salón,Tarjeta,137.0,0
10253,2026-08-11,16:31,303,22,Salón,Efectivo,146.0,0
10254,2026-08-11,16:41,3247,24,Salón,Efectivo,233.0,0
10255,2026-08-11,20:35,2280,20,Salón,Yape,49.0,0
10256,2026-08-11,15:00,3973,3,Delivery propio,Yape,72.0,0
10257,2026-08-11,13:42,4843,2,Delivery propio,Plin,76.0,0
10258,2026-08-11,14:29,9999,7,Para llevar,Plin,214.0,0
10259,2026-08-11,18:00,3403,22,Para llevar,Yape,120.0,0
10260,2026-08-11,15:10,3215,22,Salón,Efectivo,44.0,0
10261,2026-08-11,19:01,877,20,Salón,Tarjeta,159.0,0
10262,2026-08-11,14:07,5368,24,Salón,Yape,126.0,0
10263,2026-08-11,19:26,2569,18,Delivery propio,Tarjeta,220.0,0
10264,2026-08-11,13:16,4114,16,Delivery propio,Yape,212.0,0
10265,2026-08-11,19:14,2738,20,Salón,Yape,106.0,0
10266,2026-08-11,16:54,4916,16,Delivery propio,Tarjeta,37.0,0
10267,2026-08-11,13:50,4376,5,Salón,Efectivo,62.0,0
10268,2026-08-11,13:48,1102,20,Salón,Efectivo,70.0,0
10269,2026-08-11,14:44,4502,5,Salón,Yape,53.0,0
10270,2026-08-11,15:43,9999,5,Salón,Yape,70.0,0
10271,2026-08-11,14:57,5424,7,Para llevar,Yape,226.0,0
10272,2026-08-11,16:40,235,17,Delivery propio,Efectivo,84.0,0
10273,2026-08-11,16:52,1331,19,Salón,Efectivo,66.0,0
10274,2026-08-11,12:36,2627,16,Salón,Efectivo,174.0,0
10275,2026-08-11,13:45,2409,17,Salón,Efectivo,54.0,0
10276,2026-08-12,17:17,9999,2,Para llevar,Efectivo,237.0,0
10277,2026-08-12,19:11,2608,22,Salón,Yape,42.0,0
10278,2026-08-12,19:26,224,22,Salón,Efectivo,292.0,0
10279,2026-08-12,15:23,9999,20,Salón,Yape,118.0,0
10280,2026-08-12,12:17,9999,19,Delivery propio,Plin,18.0,0
10281,2026-08-12,20:27,5337,22,Para llevar,Tarjeta,45.0,0
10282,2026-08-12,12:10,4817,3,Delivery propio,Efectivo,82.0,0
10283,2026-08-12,14:01,4817,18,Salón,Plin,214.0,0
10284,2026-08-12,15:54,351,2,Para llevar,Efectivo,74.0,0
10285,2026-08-12,20:39,5239,5,Para llevar,Yape,248.0,0
10286,2026-08-12,12:23,2532,3,Salón,Yape,66.0,0
10287,2026-08-12,13:36,9999,16,Delivery propio,Efectivo,89.0,0
10288,2026-08-12,20:38,9999,24,Para llevar,Tarjeta,90.0,0
10289,2026-08-12,16:20,3122,5,Para llevar,Yape,106.0,0
10290,2026-08-12,20:35,9999,20,Salón,Tarjeta,170.0,0
10291,2026-08-12,14:34,1143,22,Para llevar,Plin,28.0,0
10292,2026-08-12,13:05,5093,5,Salón,Efectivo,120.0,0
10293,2026-08-12,16:24,417,17,Salón,Tarjeta,48.0,0
10294,2026-08-12,16:16,4479,17,Salón,Efectivo,164.0,0
10295,2026-08-12,14:59,3222,16,Salón,Efectivo,184.0,0
10296,2026-08-12,19:34,1493,22,Para llevar,Tarjeta,72.0,0
10297,2026-08-12,12:06,1216,5,Para llevar,Tarjeta,68.0,0
10298,2026-08-12,13:50,3472,20,Delivery propio,Yape,170.0,0
10299,2026-08-12,14:47,184,16,Para llevar,Efectivo,36.0,0
10300,2026-08-12,17:22,3567,24,Salón,Tarjeta,14.0,0
10301,2026-08-12,20:15,1975,18,Salón,Efectivo,138.0,0
10302,2026-08-12,14:27,454,3,Salón,Plin,309.0,0
10303,2026-08-13,12:35,4533,19,Salón,Yape,156.0,0
10304,2026-08-13,11:28,4321,24,Salón,Efectivo,48.0,0
10305,2026-08-13,13:13,2234,16,Salón,Tarjeta,138.0,0
10306,2026-08-13,19:31,1657,18,Delivery propio,Yape,213.0,0
10307,2026-08-13,14:24,2080,24,Para llevar,Yape,108.0,0
10308,2026-08-13,16:01,1865,18,Para llevar,Yape,230.0,0
10309,2026-08-13,11:46,2621,5,Salón,Tarjeta,70.0,0
10310,2026-08-13,12:23,2383,19,Salón,Yape,305.0,0
10311,2026-08-13,19:12,3602,5,Salón,Tarjeta,76.0,0
10312,2026-08-13,14:13,9999,24,Salón,Yape,102.0,0
10313,2026-08-13,13:53,3125,20,Para llevar,Efectivo,102.0,0
10314,2026-08-13,19:36,4731,7,Salón,Tarjeta,126.0,0
10315,2026-08-13,14:44,3339,5,Para llevar,Yape,182.0,0
10316,2026-08-13,14:16,852,20,Para llevar,Efectivo,118.0,0
10317,2026-08-13,15:52,586,17,Salón,Yape,219.0,0
10318,2026-08-13,20:17,2077,5,Delivery propio,Tarjeta,60.0,0
10319,2026-08-13,17:04,5070,5,Salón,Efectivo,116.0,0
10320,2026-08-13,18:46,608,5,Salón,Tarjeta,166.0,0
10321,2026-08-13,11:53,2056,18,Salón,Tarjeta,128.0,0
10322,2026-08-13,16:24,3211,5,Salón,Efectivo,141.0,0
10323,2026-08-13,13:48,5216,5,Salón,Efectivo,283.0,0
10324,2026-08-13,14:54,2497,20,Salón,Efectivo,115.0,0
10325,2026-08-13,13:48,4447,18,Salón,Efectivo,166.0,0
10326,2026-08-13,16:37,2347,22,Salón,Efectivo,68.0,0
10327,2026-08-13,12:37,3757,18,Salón,Yape,106.0,0
10328,2026-08-13,15:20,4562,19,Para llevar,Efectivo,250.0,0
10329,2026-08-13,17:26,4947,24,Salón,Yape,172.0,0
10330,2026-08-13,15:05,3599,17,Delivery propio,Tarjeta,262.0,0
10331,2026-08-13,13:02,3294,18,Salón,Efectivo,258.0,0
10332,2026-08-14,13:58,3618,18,Para llevar,Tarjeta,126.0,0
10333,2026-08-14,19:26,3091,5,Salón,Yape,55.0,0
10334,2026-08-14,12:08,3512,17,Delivery propio,Efectivo,94.0,0
10335,2026-08-14,19:48,712,5,Salón,Tarjeta,176.0,0
10336,2026-08-14,14:10,1114,5,Delivery propio,Tarjeta,96.0,0
10337,2026-08-14,13:36,2374,22,Para llevar,Efectivo,156.0,0
10338,2026-08-14,12:04,1459,5,Para llevar,Efectivo,73.0,0
10339,2026-08-14,19:31,18,22,Salón,Tarjeta,172.0,0
10340,2026-08-14,20:50,931,5,Salón,Tarjeta,93.0,0
10341,2026-08-14,19:11,1307,7,Salón,Efectivo,136.0,0
10342,2026-08-14,20:36,3179,7,Delivery propio,Plin,86.0,0
10343,2026-08-14,14:57,1987,20,Salón,Efectivo,122.0,0
10344,2026-08-14,14:33,368,7,Salón,Efectivo,249.0,0
10345,2026-08-14,11:17,3110,7,Salón,Tarjeta,116.0,0
10346,2026-09-28,13:23,967,17,Delivery propio,Yape,54.0,1
10347,2026-08-14,13:05,417,5,Para llevar,Efectivo,72.0,0
10348,2026-08-14,17:35,5004,17,Salón,Plin,78.0,0
10349,2026-08-14,12:40,2125,2,Salón,Tarjeta,68.0,0
10350,2026-08-14,19:20,1573,24,Para llevar,Tarjeta,300.0,0
10351,2026-08-14,15:56,4559,2,Salón,Tarjeta,60.0,0
10352,2026-08-14,17:10,2849,24,Delivery propio,Tarjeta,267.0,0
10353,2026-08-14,15:13,220,20,Salón,Tarjeta,20.0,0
10354,2026-08-14,13:10,3464,19,Salón,Tarjeta,66.0,0
10355,2026-08-14,20:36,3734,19,Salón,Tarjeta,145.0,0
10356,2026-08-14,14:38,4446,24,Delivery propio,Tarjeta,110.0,0
10357,2026-08-14,15:31,4861,19,Salón,Efectivo,72.0,0
10358,2026-08-14,19:12,46,20,Delivery propio,Tarjeta,124.0,0
10359,2026-08-15,13:27,2316,16,Salón,Efectivo,74.0,0
10360,2026-08-15,17:30,189,7,Salón,Efectivo,60.0,0
10361,2026-08-15,19:42,4935,5,Salón,Efectivo,83.0,0
10362,2026-08-15,17:11,5142,16,Salón,Tarjeta,160.0,0
10363,2026-08-15,15:11,5472,16,Para llevar,Yape,191.0,0
10364,2026-08-15,15:44,1439,7,Para llevar,Tarjeta,83.0,0
10365,2026-08-15,17:14,496,20,Salón,Plin,75.0,0
10366,2026-08-15,16:12,4735,16,Delivery propio,Yape,110.0,0
10367,2026-08-15,21:54,4255,22,Delivery propio,Efectivo,129.0,0
10368,2026-08-15,12:41,5256,16,Salón,Tarjeta,86.0,0
10369,2026-08-15,20:55,1637,2,Salón,Yape,90.0,0
10370,2026-08-15,19:49,4650,19,Salón,Tarjeta,197.0,0
10371,2026-08-15,13:30,3532,2,Salón,Tarjeta,138.0,0
10372,2026-08-15,20:56,9999,19,Salón,Yape,154.0,0
10373,2026-08-15,19:48,849,3,Delivery propio,Efectivo,18.0,0
10374,2026-08-15,13:57,4751,7,Salón,Efectivo,74.0,0
10375,2026-08-15,19:20,907,18,Delivery propio,Efectivo,60.0,0
10376,2026-08-15,13:00,3862,22,Salón,Tarjeta,144.0,0
10377,2026-08-15,16:58,28,24,Delivery propio,Efectivo,34.0,0
10378,2026-08-15,13:20,4855,3,Salón,Efectivo,136.0,0
10379,2026-08-15,13:48,1150,17,Para llevar,Yape,78.0,0
10380,2026-08-15,20:34,2220,18,Salón,Plin,50.0,0
10381,2026-08-15,14:37,1197,19,Delivery propio,Tarjeta,82.0,0
10382,2026-08-15,19:22,2574,20,Delivery propio,Yape,240.0,0
10383,2026-08-15,20:32,1457,7,Salón,Yape,206.0,0
10384,2026-08-15,11:52,339,2,Para llevar,Tarjeta,18.0,0
10385,2026-08-15,11:08,4206,7,Delivery propio,Efectivo,32.0,0
10386,2026-08-15,13:36,1575,3,Salón,Plin,97.0,0
10387,2026-08-15,16:59,9999,18,Delivery propio,Efectivo,83.0,0
10388,2026-08-15,11:10,4272,2,Salón,Plin,124.0,0
10389,2026-08-15,12:29,115,24,Salón,Plin,141.0,0
10390,2026-08-15,16:19,1222,16,Salón,Tarjeta,180.0,0
10391,2026-08-15,13:13,4448,24,Salón,Tarjeta,183.0,0
10392,2026-08-15,13:26,5497,7,Delivery propio,Yape,24.0,0
10393,2026-08-15,20:53,2307,2,Para llevar,Efectivo,254.0,0
10394,2026-08-15,14:01,2722,24,Para llevar,Plin,94.0,0
10395,2026-08-15,13:17,2184,17,Salón,Efectivo,56.0,0
10396,2026-08-15,17:32,205,17,Delivery propio,Yape,62.0,0
10397,2026-08-15,15:40,886,19,Delivery propio,Plin,119.0,0
10398,2026-08-15,19:03,2557,19,Salón,Yape,104.0,0
10399,2026-08-15,19:51,3059,2,Salón,Tarjeta,192.0,0
10400,2026-08-15,12:35,2357,22,Delivery propio,Efectivo,58.0,0
10401,2026-09-28,18:36,1527,22,Salón,Yape,108.0,1
10402,2026-08-15,14:18,3793,20,Salón,Yape,90.0,0
10403,2026-08-15,20:19,2075,2,Para llevar,Plin,144.0,0
10404,2026-08-15,15:15,1626,20,Salón,Efectivo,84.0,0
10405,2026-08-15,18:37,3988,24,Delivery propio,Efectivo,137.0,0
10406,2026-08-16,15:47,2259,5,Delivery propio,Plin,161.0,0
10407,2026-08-16,17:01,906,3,Salón,Efectivo,244.0,0
10408,2026-08-16,19:09,9999,3,Salón,Yape,150.0,0
10409,2026-08-16,12:47,3503,5,Salón,Plin,178.0,0
10410,2026-08-16,14:03,4205,3,Para llevar,Yape,12.0,0
10411,2026-08-16,19:37,5316,17,Para llevar,Efectivo,243.0,0
10412,2026-08-16,17:27,3220,3,Salón,Yape,170.0,0
10413,2026-08-16,20:56,4220,5,Salón,Efectivo,96.0,0
10414,2026-08-16,19:49,5290,17,Salón,Efectivo,190.0,0
10415,2026-08-16,17:17,1774,20,Para llevar,Tarjeta,97.0,0
10416,2026-08-16,12:52,3035,24,Delivery propio,Tarjeta,135.0,0
10417,2026-08-16,13:45,3737,16,Salón,Efectivo,225.0,0
10418,2026-08-16,18:45,4568,22,Salón,Efectivo,155.0,0
10419,2026-08-16,20:49,2888,22,Delivery propio,Efectivo,118.0,0
10420,2026-08-16,20:52,4842,5,Salón,Yape,97.0,0
10421,2026-08-16,13:10,9999,7,Delivery propio,Yape,164.0,0
10422,2026-08-16,14:06,1858,17,Salón,Efectivo,262.0,0
10423,2026-08-16,17:41,4556,2,Delivery propio,Yape,106.0,0
10424,2026-08-16,16:07,4180,3,Salón,Yape,218.0,0
10425,2026-08-16,13:47,650,20,Delivery propio,Plin,80.0,0
10426,2026-08-16,13:42,2827,19,Salón,Yape,54.0,0
10427,2026-08-16,20:45,1474,16,Para llevar,Efectivo,52.0,0
10428,2026-08-16,14:49,3602,2,Para llevar,Plin,190.0,0
10429,2026-08-16,19:53,3018,20,Salón,Efectivo,168.0,0
10430,2026-08-16,12:01,20,17,Para llevar,Efectivo,119.0,0
10431,2026-08-16,21:14,281,22,Delivery propio,Plin,66.0,0
10432,2026-08-16,15:15,1583,16,Salón,Tarjeta,22.0,0
10433,2026-08-16,12:14,4535,7,Delivery propio,Tarjeta,114.0,0
10434,2026-08-16,21:01,2618,24,Salón,Plin,206.0,0
10435,2026-08-16,13:50,4927,3,Salón,Plin,126.0,0
10436,2026-08-16,18:20,2640,22,Delivery propio,Tarjeta,116.0,0
10437,2026-08-16,14:55,1830,20,Salón,Efectivo,108.0,0
10438,2026-08-16,11:44,3654,18,Salón,Plin,132.0,0
10439,2026-08-16,15:56,5479,24,Salón,Tarjeta,42.0,0
10440,2026-08-16,12:48,4256,5,Salón,Efectivo,140.0,0
10441,2026-08-16,17:33,1166,3,Delivery propio,Yape,72.0,0
10442,2026-08-16,12:14,3009,5,Salón,Tarjeta,48.0,0
10443,2026-08-16,14:01,2290,2,Delivery propio,Efectivo,36.0,0
10444,2026-08-16,12:28,2330,19,Para llevar,Efectivo,118.0,0
10445,2026-08-16,15:57,3602,5,Salón,Plin,114.0,0
10446,2026-08-16,13:19,860,7,Salón,Yape,87.0,0
10447,2026-08-16,18:06,4140,22,Delivery propio,Yape,128.0,0
10448,2026-08-16,19:29,3201,2,Salón,Tarjeta,234.0,0
10449,2026-08-16,12:59,877,24,Delivery propio,Efectivo,149.0,0
10450,2026-08-16,13:43,877,17,Para llevar,Yape,10.0,0
10451,2026-08-16,13:19,2022,19,Salón,Efectivo,224.0,0
10452,2026-08-16,18:08,9999,20,Salón,Tarjeta,93.0,0
10453,2026-08-16,14:05,4068,2,Para llevar,Yape,200.0,0
10454,2026-08-16,14:48,5351,7,Delivery propio,Yape,66.0,0
10455,2026-08-16,13:02,2167,17,Delivery propio,Tarjeta,165.0,0
10456,2026-08-16,14:56,1165,16,Salón,Efectivo,70.0,0
10457,2026-08-16,20:07,1938,24,Delivery propio,Plin,78.0,0
10458,2026-08-16,21:06,1993,19,Salón,Yape,264.0,0
10459,2026-08-16,15:01,4815,24,Salón,Efectivo,122.0,0
10460,2026-08-16,14:12,2654,5,Salón,Yape,33.0,0
10461,2026-08-16,13:01,9999,2,Salón,Efectivo,84.0,0
10462,2026-08-16,18:17,1638,3,Salón,Plin,37.0,0
10463,2026-08-16,14:28,5184,2,Salón,Tarjeta,62.0,0
10464,2026-08-16,19:43,9999,24,Salón,Plin,94.0,0
10465,2026-08-17,15:20,611,16,Salón,Yape,170.0,0
10466,2026-08-17,12:04,5384,5,Delivery propio,Tarjeta,73.0,0
10467,2026-08-17,14:56,4577,16,Para llevar,Efectivo,132.0,0
10468,2026-08-17,19:33,1370,17,Delivery propio,Yape,20.0,0
10469,2026-08-17,16:29,3952,19,Salón,Tarjeta,72.0,0
10470,2026-08-17,15:45,1275,20,Delivery propio,Yape,168.0,0
10471,2026-08-17,13:20,2659,3,Salón,Yape,48.0,0
10472,2026-08-17,20:23,9999,18,Delivery propio,Yape,204.0,0
10473,2026-08-17,20:34,5321,18,Para llevar,Efectivo,76.0,0
10474,2026-08-17,20:44,2783,22,Delivery propio,Yape,90.0,0
10475,2026-08-17,21:45,3483,7,Salón,Efectivo,60.0,0
10476,2026-08-17,14:48,287,3,Delivery propio,Yape,18.0,0
10477,2026-08-17,16:22,4639,20,Salón,Efectivo,38.0,0
10478,2026-08-17,15:53,538,7,Delivery propio,Tarjeta,76.0,0
10479,2026-08-17,15:16,4858,24,Para llevar,Yape,106.0,0
10480,2026-08-17,20:26,1394,17,Salón,Yape,104.0,0
10481,2026-09-28,17:11,2559,17,Para llevar,Efectivo,224.0,1
10482,2026-08-17,13:02,4022,17,Salón,Yape,54.0,0
10483,2026-08-17,14:57,802,3,Delivery propio,Efectivo,127.0,0
10484,2026-08-17,15:04,3487,20,Para llevar,Yape,112.0,0
10485,2026-08-17,15:59,3225,3,Salón,Tarjeta,78.0,0
10486,2026-08-17,13:12,5407,22,Para llevar,Plin,185.0,0
10487,2026-08-17,13:28,4973,7,Salón,Efectivo,154.0,0
10488,2026-08-18,18:53,4178,16,Delivery propio,Yape,38.0,0
10489,2026-08-18,15:06,3275,24,Salón,Yape,154.0,0
10490,2026-08-18,18:01,2181,19,Para llevar,Yape,144.0,0
10491,2026-08-18,20:11,5201,7,Salón,Efectivo,188.0,0
10492,2026-08-18,16:22,1760,20,Salón,Plin,212.0,0
10493,2026-08-18,13:13,2845,5,Salón,Plin,89.0,0
10494,2026-08-18,18:21,2007,2,Para llevar,Efectivo,196.0,0
10495,2026-08-18,14:54,5019,24,Delivery propio,Efectivo,229.0,0
10496,2026-08-18,11:16,1855,20,Delivery propio,Efectivo,138.0,0
10497,2026-08-18,13:35,885,3,Para llevar,Yape,40.0,0
10498,2026-08-18,13:58,9999,20,Salón,Efectivo,192.0,0
10499,2026-08-18,13:18,4291,19,Salón,Tarjeta,295.0,0
10500,2026-08-18,18:22,1166,5,Salón,Efectivo,140.0,0
10501,2026-08-18,14:23,4336,24,Delivery propio,Yape,46.0,0
10502,2026-08-18,19:01,3662,18,Salón,Tarjeta,190.0,0
10503,2026-08-18,12:28,4802,24,Para llevar,Yape,147.0,0
10504,2026-08-18,14:53,302,2,Salón,Yape,59.0,0
10505,2026-08-18,15:51,2202,24,Salón,Tarjeta,119.0,0
10506,2026-08-18,15:58,5415,5,Salón,Efectivo,160.0,0
10507,2026-08-18,14:47,2923,17,Salón,Tarjeta,154.0,0
10508,2026-08-18,20:36,2967,20,Salón,Yape,96.0,0
10509,2026-08-18,13:11,4583,17,Salón,Efectivo,56.0,0
10510,2026-08-18,13:29,2547,19,Para llevar,Efectivo,82.0,0
10511,2026-08-18,12:08,3560,24,Salón,Tarjeta,220.0,0
10512,2026-08-18,13:07,2962,16,Salón,Yape,178.0,0
10513,2026-08-18,15:30,3944,3,Salón,Tarjeta,93.0,0
10514,2026-08-18,11:28,877,2,Delivery propio,Tarjeta,54.0,0
10515,2026-08-18,13:45,287,24,Salón,Plin,86.0,0
10516,2026-08-18,19:27,9999,17,Salón,Tarjeta,176.0,0
10517,2026-08-18,13:04,1713,17,Salón,Efectivo,154.0,0
10518,2026-08-19,19:46,1422,20,Salón,Yape,56.0,0
10519,2026-08-19,14:34,5282,20,Salón,Yape,158.0,0
10520,2026-08-19,20:58,5199,2,Delivery propio,Yape,10.0,0
10521,2026-08-19,18:10,9999,3,Delivery propio,Yape,128.0,0
10522,2026-08-19,19:52,3264,24,Salón,Yape,198.0,0
10523,2026-08-19,11:57,3738,2,Para llevar,Efectivo,60.0,0
10524,2026-08-19,15:51,2288,18,Salón,Efectivo,30.0,0
10525,2026-08-19,20:22,2549,20,Delivery propio,Efectivo,162.0,0
10526,2026-08-19,14:59,458,20,Delivery propio,Efectivo,356.0,0
10527,2026-08-19,11:23,2024,3,Salón,Efectivo,92.0,0
10528,2026-08-19,21:25,5058,16,Salón,Tarjeta,18.0,0
10529,2026-08-19,15:15,4062,24,Salón,Efectivo,72.0,0
10530,2026-08-19,13:46,5428,19,Salón,Yape,213.0,0
10531,2026-08-19,19:43,9999,17,Salón,Efectivo,316.0,0
10532,2026-08-19,12:29,1167,3,Salón,Efectivo,122.0,0
10533,2026-08-19,12:44,4110,3,Para llevar,Yape,131.0,0
10534,2026-08-19,19:35,3526,3,Salón,Efectivo,70.0,0
10535,2026-08-19,20:52,1751,22,Salón,Plin,45.0,0
10536,2026-08-19,18:26,2285,3,Salón,Yape,36.0,0
10537,2026-08-19,19:05,1088,2,Salón,Tarjeta,93.0,0
10538,2026-08-19,11:16,5256,2,Salón,Yape,106.0,0
10539,2026-08-19,15:04,9999,20,Delivery propio,Tarjeta,60.0,0
10540,2026-08-19,19:13,3987,18,Salón,Yape,34.0,0
10541,2026-08-19,21:07,5195,7,Para llevar,Yape,283.0,0
10542,2026-08-19,20:50,516,7,Para llevar,Yape,228.0,0
10543,2026-08-20,18:53,1727,5,Salón,Efectivo,129.0,0
10544,2026-08-20,21:53,3677,22,Salón,Tarjeta,104.0,0
10545,2026-08-20,19:31,877,24,Salón,Efectivo,174.0,0
10546,2026-08-20,12:15,1631,5,Salón,Efectivo,80.0,0
10547,2026-09-28,19:14,216,22,Salón,Tarjeta,120.0,1
10548,2026-08-20,20:47,721,17,Delivery propio,Yape,94.0,0
10549,2026-08-20,14:40,2520,17,Para llevar,Yape,117.0,0
10550,2026-08-20,20:53,485,3,Para llevar,Efectivo,152.0,0
10551,2026-08-20,14:09,3956,22,Salón,Plin,88.0,0
10552,2026-08-20,16:20,2881,17,Para llevar,Yape,153.0,0
10553,2026-08-20,20:43,9999,20,Salón,Efectivo,67.0,0
10554,2026-08-20,17:25,3264,18,Salón,Efectivo,92.0,0
10555,2026-08-20,13:14,3641,19,Salón,Yape,100.0,0
10556,2026-08-20,19:03,4629,5,Para llevar,Tarjeta,84.0,0
10557,2026-08-20,13:27,3578,19,Salón,Tarjeta,146.0,0
10558,2026-08-20,16:02,4082,16,Delivery propio,Efectivo,28.0,0
10559,2026-08-20,13:14,1533,20,Salón,Plin,173.0,0
10560,2026-08-20,12:17,5055,22,Delivery propio,Yape,213.0,0
10561,2026-08-20,18:42,3674,2,Salón,Yape,98.0,0
10562,2026-08-20,15:33,3483,17,Salón,Efectivo,126.0,0
10563,2026-08-20,18:37,847,7,Salón,Efectivo,178.0,0
10564,2026-08-20,17:51,1090,24,Delivery propio,Tarjeta,142.0,0
10565,2026-08-20,19:19,3286,2,Delivery propio,Yape,94.0,0
10566,2026-08-20,14:10,9999,17,Delivery propio,Efectivo,132.0,0
10567,2026-08-20,20:01,3059,5,Salón,Efectivo,84.0,0
10568,2026-08-20,19:44,1085,17,Salón,Tarjeta,62.0,0
10569,2026-08-20,21:23,1391,20,Salón,Efectivo,409.0,0
10570,2026-08-20,19:08,946,19,Para llevar,Efectivo,28.0,0
10571,2026-08-20,12:29,4498,22,Salón,Efectivo,257.0,0
10572,2026-08-20,18:14,9999,22,Para llevar,Yape,134.0,0
10573,2026-08-20,16:06,9999,7,Salón,Yape,136.0,0
10574,2026-08-20,18:06,4153,24,Salón,Plin,351.0,0
10575,2026-08-21,18:34,3726,18,Salón,Plin,81.0,0
10576,2026-08-21,14:33,5346,2,Delivery propio,Efectivo,208.0,0
10577,2026-08-21,11:45,2989,17,Salón,Efectivo,145.0,0
10578,2026-08-21,19:55,3906,7,Para llevar,Tarjeta,134.0,0
10579,2026-08-21,13:53,9999,22,Delivery propio,Efectivo,236.0,0
10580,2026-08-21,14:00,2557,18,Salón,Efectivo,90.0,0
10581,2026-08-21,12:26,1685,18,Salón,Tarjeta,56.0,0
10582,2026-09-28,13:22,9999,18,Para llevar,Plin,119.0,1
10583,2026-08-21,14:13,5285,3,Salón,Plin,220.0,0
10584,2026-08-21,19:13,3735,18,Salón,Tarjeta,97.0,0
10585,2026-08-21,12:12,4504,3,Salón,Efectivo,100.0,0
10586,2026-08-21,13:51,1353,19,Para llevar,Plin,104.0,0
10587,2026-08-21,11:04,1648,22,Salón,Plin,186.0,0
10588,2026-08-21,13:46,4392,17,Para llevar,Tarjeta,66.0,0
10589,2026-08-21,19:00,4981,17,Salón,Yape,83.0,0
10590,2026-08-21,12:40,1155,16,Salón,Yape,68.0,0
10591,2026-08-21,19:41,4363,20,Para llevar,Efectivo,127.0,0
10592,2026-08-21,20:55,3198,17,Salón,Efectivo,80.0,0
10593,2026-08-21,19:50,3444,5,Salón,Yape,64.0,0
10594,2026-08-21,17:06,4814,7,Salón,Yape,200.0,0
10595,2026-08-21,19:16,4760,17,Salón,Efectivo,44.0,0
10596,2026-08-21,14:19,3951,24,Delivery propio,Tarjeta,92.0,0
10597,2026-08-21,19:56,1736,2,Delivery propio,Yape,222.0,0
10598,2026-08-21,15:40,212,22,Para llevar,Efectivo,147.0,0
10599,2026-08-21,13:44,5256,7,Para llevar,Tarjeta,122.0,0
10600,2026-08-21,17:26,9999,5,Salón,Tarjeta,178.0,0
10601,2026-08-21,15:10,1349,22,Salón,Efectivo,44.0,0
10602,2026-08-21,14:07,9999,3,Delivery propio,Yape,265.0,0
10603,2026-08-21,19:26,1209,18,Salón,Yape,104.0,0
10604,2026-08-21,12:20,3840,3,Para llevar,Plin,130.0,0
10605,2026-08-21,14:18,4434,7,Delivery propio,Yape,92.0,0
10606,2026-08-21,21:09,886,7,Para llevar,Tarjeta,50.0,0
10607,2026-08-21,13:50,177,3,Salón,Yape,114.0,0
10608,2026-08-21,19:07,1057,22,Salón,Tarjeta,124.0,0
10609,2026-08-21,13:05,1265,20,Salón,Plin,130.0,0
10610,2026-08-22,16:33,467,5,Delivery propio,Efectivo,32.0,0
10611,2026-08-22,19:48,1519,18,Salón,Efectivo,171.0,0
10612,2026-08-22,16:21,779,22,Salón,Yape,110.0,0
10613,2026-08-22,19:44,9999,16,Para llevar,Efectivo,204.0,0
10614,2026-08-22,12:50,1703,3,Para llevar,Efectivo,104.0,0
10615,2026-08-22,14:54,3516,20,Para llevar,Yape,54.0,0
10616,2026-08-22,13:43,4097,18,Salón,Yape,156.0,0
10617,2026-08-22,18:50,1576,22,Delivery propio,Tarjeta,224.0,0
10618,2026-08-22,21:04,2631,2,Salón,Efectivo,168.0,0
10619,2026-08-22,11:09,233,18,Salón,Efectivo,10.0,0
10620,2026-08-22,19:05,4802,20,Delivery propio,Tarjeta,201.0,0
10621,2026-08-22,17:51,1121,7,Salón,Efectivo,39.0,0
10622,2026-08-22,19:38,3240,17,Para llevar,Plin,258.0,0
10623,2026-08-22,19:42,1293,7,Salón,Efectivo,118.0,0
10624,2026-08-22,14:45,2708,24,Salón,Efectivo,146.0,0
10625,2026-08-22,13:17,2980,3,Delivery propio,Efectivo,26.0,0
10626,2026-08-22,16:52,4515,22,Delivery propio,Efectivo,204.0,0
10627,2026-08-22,13:19,816,2,Salón,Yape,228.0,0
10628,2026-08-22,18:40,3602,5,Salón,Yape,120.0,0
10629,2026-08-22,18:46,723,22,Salón,Yape,128.0,0
10630,2026-08-22,17:47,2874,19,Para llevar,Tarjeta,239.0,0
10631,2026-08-22,13:14,9999,24,Para llevar,Yape,138.0,0
10632,2026-08-22,11:25,4063,19,Delivery propio,Efectivo,60.0,0
10633,2026-08-22,19:34,4447,24,Salón,Yape,76.0,0
10634,2026-08-22,14:21,5048,24,Para llevar,Tarjeta,116.0,0
10635,2026-08-22,12:24,3276,24,Salón,Tarjeta,142.0,0
10636,2026-08-22,17:40,2036,19,Salón,Yape,110.0,0
10637,2026-08-22,19:10,3165,22,Para llevar,Plin,235.0,0
10638,2026-08-22,19:28,4727,19,Salón,Yape,144.0,0
10639,2026-08-22,11:49,2381,22,Salón,Efectivo,87.0,0
10640,2026-08-22,15:30,1616,5,Salón,Tarjeta,90.0,0
10641,2026-08-22,13:08,2738,3,Salón,Yape,159.0,0
10642,2026-08-22,14:35,2457,16,Salón,Efectivo,347.0,0
10643,2026-08-22,16:52,3266,24,Salón,Plin,22.0,0
10644,2026-09-28,13:16,9999,24,Para llevar,Plin,204.0,1
10645,2026-08-22,14:00,1354,18,Delivery propio,Plin,156.0,0
10646,2026-08-22,13:26,1487,7,Salón,Yape,38.0,0
10647,2026-08-22,13:00,9999,7,Salón,Efectivo,290.0,0
10648,2026-08-22,20:57,4491,20,Delivery propio,Plin,34.0,0
10649,2026-08-22,19:16,3947,22,Salón,Yape,78.0,0
10650,2026-08-22,17:09,4368,17,Salón,Tarjeta,128.0,0
10651,2026-08-22,16:58,9999,18,Delivery propio,Efectivo,100.0,0
10652,2026-08-22,13:23,243,3,Para llevar,Efectivo,130.0,0
10653,2026-08-23,12:11,1317,2,Salón,Tarjeta,56.0,0
10654,2026-08-23,14:42,4813,5,Salón,Efectivo,38.0,0
10655,2026-08-23,13:33,4846,20,Salón,Tarjeta,77.0,0
10656,2026-08-23,18:10,4205,18,Salón,Yape,244.0,0
10657,2026-08-23,18:14,3576,18,Salón,Yape,176.0,0
10658,2026-08-23,11:26,4883,18,Para llevar,Yape,92.0,0
10659,2026-08-23,13:34,4942,2,Salón,Efectivo,36.0,0
10660,2026-08-23,18:08,3944,2,Para llevar,Tarjeta,80.0,0
10661,2026-08-23,12:59,9999,22,Delivery propio,Efectivo,236.0,0
10662,2026-08-23,13:44,1703,7,Salón,Tarjeta,204.0,0
10663,2026-08-23,13:47,9999,19,Salón,Yape,142.0,0
10664,2026-08-23,19:06,3408,22,Para llevar,Yape,118.0,0
10665,2026-08-23,11:52,3491,16,Salón,Efectivo,160.0,0
10666,2026-08-23,18:18,5025,20,Para llevar,Efectivo,170.0,0
10667,2026-08-23,15:29,229,5,Salón,Efectivo,56.0,0
10668,2026-08-23,12:19,1168,18,Salón,Efectivo,236.0,0
10669,2026-08-23,14:06,2196,19,Salón,Tarjeta,72.0,0
10670,2026-08-23,13:20,894,2,Salón,Yape,82.0,0
10671,2026-08-23,14:37,4727,22,Salón,Efectivo,145.0,0
10672,2026-08-23,11:16,621,2,Para llevar,Yape,58.0,0
10673,2026-08-23,14:37,239,3,Salón,Yape,214.0,0
10674,2026-08-23,15:41,743,16,Delivery propio,Plin,128.0,0
10675,2026-08-23,15:34,573,5,Salón,Yape,92.0,0
10676,2026-08-23,18:58,4030,7,Delivery propio,Yape,190.0,0
10677,2026-08-23,17:14,1210,16,Para llevar,Tarjeta,14.0,0
10678,2026-08-23,20:11,9999,5,Delivery propio,Tarjeta,128.0,0
10679,2026-08-23,19:44,3143,16,Salón,Yape,85.0,0
10680,2026-08-23,13:16,214,3,Para llevar,Yape,99.0,0
10681,2026-08-23,13:15,2979,24,Salón,Efectivo,32.0,0
10682,2026-08-23,20:23,4084,17,Para llevar,Yape,155.0,0
10683,2026-08-23,12:29,1856,18,Salón,Efectivo,88.0,0
10684,2026-08-23,14:28,4261,22,Salón,Plin,235.0,0
10685,2026-08-23,20:04,877,18,Salón,Efectivo,232.0,0
10686,2026-08-23,18:23,477,18,Salón,Efectivo,128.0,0
10687,2026-08-23,12:35,4245,17,Salón,Efectivo,75.0,0
10688,2026-08-23,13:11,1253,3,Delivery propio,Yape,126.0,0
10689,2026-08-23,14:44,2215,17,Salón,Tarjeta,54.0,0
10690,2026-08-23,14:09,2794,7,Salón,Plin,265.0,0
10691,2026-08-23,20:08,796,2,Delivery propio,Tarjeta,64.0,0
10692,2026-08-23,11:38,4469,5,Salón,Yape,30.0,0
10693,2026-08-23,13:45,1900,18,Salón,Yape,162.0,0
10694,2026-08-23,13:47,5435,17,Salón,Efectivo,143.0,0
10695,2026-08-23,14:57,799,5,Para llevar,Efectivo,238.0,0
10696,2026-08-23,16:46,5003,20,Salón,Yape,126.0,0
10697,2026-08-23,11:26,4689,16,Salón,Tarjeta,116.0,0
10698,2026-08-23,17:06,2890,19,Salón,Efectivo,240.0,0
10699,2026-08-23,12:33,5119,2,Salón,Tarjeta,148.0,0
10700,2026-08-23,17:14,202,24,Salón,Yape,74.0,0
10701,2026-08-23,13:55,1810,19,Salón,Yape,100.0,0
10702,2026-08-23,13:17,2584,22,Delivery propio,Tarjeta,81.0,0
10703,2026-08-23,18:24,2946,18,Salón,Tarjeta,126.0,0
10704,2026-08-23,13:16,1935,17,Salón,Tarjeta,243.0,0
10705,2026-08-24,12:22,4404,19,Salón,Yape,107.0,0
10706,2026-08-24,13:34,1958,5,Salón,Tarjeta,113.0,0
10707,2026-08-24,12:30,9999,2,Para llevar,Yape,144.0,0
10708,2026-08-24,15:05,2059,22,Para llevar,Yape,266.0,0
10709,2026-08-24,11:30,2504,16,Salón,Tarjeta,107.0,0
10710,2026-08-24,15:55,23,7,Salón,Yape,114.0,0
10711,2026-08-24,18:48,377,3,Salón,Efectivo,118.0,0
10712,2026-08-24,15:37,2429,3,Salón,Plin,84.0,0
10713,2026-08-24,15:38,914,22,Salón,Yape,164.0,0
10714,2026-08-24,17:46,4592,5,Para llevar,Efectivo,106.0,0
10715,2026-08-24,12:11,2779,24,Para llevar,Yape,78.0,0
10716,2026-08-24,12:00,1918,17,Salón,Efectivo,92.0,0
10717,2026-08-24,13:41,2849,17,Salón,Efectivo,92.0,0
10718,2026-08-24,18:23,4713,7,Salón,Efectivo,174.0,0
10719,2026-08-25,12:52,1231,19,Salón,Tarjeta,104.0,0
10720,2026-08-25,12:21,780,18,Delivery propio,Yape,168.0,0
10721,2026-08-25,11:02,2423,16,Para llevar,Plin,70.0,0
10722,2026-08-25,21:09,893,5,Para llevar,Tarjeta,220.0,0
10723,2026-08-25,14:23,1193,16,Delivery propio,Plin,126.0,0
10724,2026-08-25,17:45,622,18,Para llevar,Tarjeta,96.0,0
10725,2026-08-25,14:21,2155,24,Salón,Efectivo,184.0,0
10726,2026-08-25,18:55,699,19,Salón,Yape,221.0,0
10727,2026-08-25,14:43,1780,19,Salón,Yape,100.0,0
10728,2026-08-25,14:40,1308,3,Salón,Efectivo,84.0,0
10729,2026-08-25,21:59,3403,17,Salón,Plin,120.0,0
10730,2026-08-25,19:04,3844,5,Salón,Efectivo,220.0,0
10731,2026-08-25,16:20,2348,16,Salón,Tarjeta,158.0,0
10732,2026-08-25,19:27,534,3,Salón,Yape,36.0,0
10733,2026-08-25,13:21,5197,18,Salón,Efectivo,120.0,0
10734,2026-08-25,15:20,1452,19,Delivery propio,Tarjeta,132.0,0
10735,2026-08-25,15:56,1171,20,Salón,Yape,148.0,0
10736,2026-08-25,13:00,24,3,Salón,Tarjeta,186.0,0
10737,2026-08-25,12:02,5362,16,Salón,Plin,274.0,0
10738,2026-08-25,16:59,2371,22,Salón,Yape,84.0,0
10739,2026-08-26,13:39,2791,16,Salón,Yape,68.0,0
10740,2026-08-26,12:41,5453,18,Salón,Efectivo,140.0,0
10741,2026-08-26,18:55,3468,16,Salón,Tarjeta,105.0,0
10742,2026-08-26,12:18,4629,18,Salón,Efectivo,50.0,0
10743,2026-08-26,15:03,1203,19,Salón,Efectivo,64.0,0
10744,2026-08-26,20:33,676,5,Para llevar,Efectivo,60.0,0
10745,2026-08-26,18:28,1149,3,Salón,Yape,248.0,0
10746,2026-08-26,14:34,4592,17,Salón,Plin,124.0,0
10747,2026-08-26,16:52,233,19,Salón,Yape,65.0,0
10748,2026-08-26,19:15,5123,17,Salón,Yape,106.0,0
10749,2026-08-26,11:23,1060,18,Salón,Tarjeta,96.0,0
10750,2026-08-26,14:26,692,22,Salón,Yape,224.0,0
10751,2026-08-26,21:25,3754,5,Salón,Yape,26.0,0
10752,2026-08-26,16:47,1905,22,Salón,Efectivo,226.0,0
10753,2026-08-26,13:53,1459,20,Para llevar,Plin,113.0,0
10754,2026-08-26,14:07,2425,20,Salón,Yape,110.0,0
10755,2026-08-26,13:53,4314,16,Delivery propio,Plin,110.0,0
10756,2026-08-26,14:59,196,24,Salón,Tarjeta,180.0,0
10757,2026-08-26,19:21,1445,18,Para llevar,Efectivo,114.0,0
10758,2026-08-26,15:18,5377,3,Delivery propio,Plin,30.0,0
10759,2026-08-26,15:51,9999,19,Salón,Efectivo,149.0,0
10760,2026-08-26,14:12,2637,3,Salón,Plin,72.0,0
10761,2026-08-26,11:49,1816,19,Salón,Yape,140.0,0
10762,2026-08-26,20:33,1942,18,Delivery propio,Efectivo,101.0,0
10763,2026-08-26,13:06,3509,22,Para llevar,Efectivo,244.0,0
10764,2026-08-26,14:34,699,19,Delivery propio,Plin,186.0,0
10765,2026-08-26,19:22,22,24,Salón,Efectivo,181.0,0
10766,2026-08-26,12:57,2408,17,Delivery propio,Efectivo,102.0,0
10767,2026-08-26,20:11,2752,24,Salón,Plin,64.0,0
10768,2026-08-26,18:19,1435,3,Salón,Plin,104.0,0
10769,2026-08-26,12:40,3746,3,Delivery propio,Yape,129.0,0
10770,2026-08-26,15:27,347,3,Salón,Tarjeta,95.0,0
10771,2026-08-26,16:30,3496,16,Salón,Efectivo,90.0,0
10772,2026-08-26,11:53,652,19,Salón,Yape,120.0,0
10773,2026-08-26,20:43,3962,2,Delivery propio,Plin,82.0,0
10774,2026-08-27,13:52,9999,19,Para llevar,Tarjeta,82.0,0
10775,2026-08-27,14:21,5342,22,Delivery propio,Efectivo,24.0,0
10776,2026-08-27,21:25,3169,5,Salón,Yape,143.0,0
10777,2026-08-27,18:12,9999,7,Para llevar,Efectivo,120.0,0
10778,2026-08-27,14:54,3185,5,Salón,Yape,202.0,0
10779,2026-08-27,14:21,695,19,Salón,Efectivo,192.0,0
10780,2026-08-27,19:51,5412,3,Salón,Yape,280.0,0
10781,2026-08-27,17:47,4012,5,Delivery propio,Efectivo,133.0,0
10782,2026-08-27,14:52,4948,16,Salón,Yape,76.0,0
10783,2026-08-27,14:36,1242,19,Para llevar,Yape,78.0,0
10784,2026-09-28,13:47,2086,18,Salón,Efectivo,66.0,1
10785,2026-08-27,19:31,2906,19,Delivery propio,Tarjeta,296.0,0
10786,2026-08-27,19:07,4535,7,Salón,Efectivo,103.0,0
10787,2026-08-27,13:30,3328,19,Salón,Plin,112.0,0
10788,2026-08-27,13:17,1872,24,Delivery propio,Efectivo,245.0,0
10789,2026-08-27,19:06,2065,5,Salón,Plin,158.0,0
10790,2026-08-27,13:35,1072,7,Delivery propio,Efectivo,158.0,0
10791,2026-08-27,15:27,2241,5,Salón,Tarjeta,92.0,0
10792,2026-08-27,15:34,2522,22,Salón,Tarjeta,132.0,0
10793,2026-08-27,13:37,9999,18,Salón,Efectivo,302.0,0
10794,2026-08-27,19:14,5222,19,Salón,Efectivo,108.0,0
10795,2026-08-27,14:47,3050,16,Salón,Plin,220.0,0
10796,2026-08-27,18:15,3912,7,Salón,Efectivo,158.0,0
10797,2026-08-27,12:35,5135,7,Salón,Tarjeta,68.0,0
10798,2026-08-27,20:13,1260,19,Salón,Efectivo,64.0,0
10799,2026-08-27,20:05,3568,5,Delivery propio,Tarjeta,96.0,0
10800,2026-08-27,12:15,9999,2,Delivery propio,Yape,102.0,0
10801,2026-08-27,20:34,1919,3,Delivery propio,Efectivo,296.0,0
10802,2026-08-27,12:19,4858,3,Salón,Yape,114.0,0
10803,2026-08-27,20:42,3393,20,Delivery propio,Yape,175.0,0
10804,2026-08-27,20:27,3263,3,Salón,Efectivo,56.0,0
10805,2026-08-27,13:48,5235,20,Delivery propio,Efectivo,9.0,0
10806,2026-08-27,13:10,4568,7,Salón,Yape,36.0,0
10807,2026-08-28,15:00,1234,17,Salón,Tarjeta,187.0,0
10808,2026-08-28,19:23,9999,22,Salón,Efectivo,127.0,0
10809,2026-08-28,19:26,877,7,Delivery propio,Yape,115.0,0
10810,2026-08-28,15:50,1430,2,Salón,Yape,118.0,0
10811,2026-08-28,20:27,3919,16,Salón,Efectivo,195.0,0
10812,2026-08-28,12:20,9999,16,Salón,Tarjeta,81.0,0
10813,2026-08-28,13:28,4452,17,Delivery propio,Tarjeta,174.0,0
10814,2026-08-28,15:19,9999,2,Salón,Efectivo,122.0,0
10815,2026-08-28,17:27,2012,18,Salón,Efectivo,70.0,0
10816,2026-08-28,12:25,4479,24,Para llevar,Plin,60.0,0
10817,2026-08-28,17:46,9999,2,Salón,Efectivo,104.0,0
10818,2026-08-28,12:47,2595,17,Salón,Efectivo,48.0,0
10819,2026-08-28,11:26,9999,22,Salón,Plin,45.0,0
10820,2026-08-28,15:52,5178,3,Delivery propio,Plin,60.0,0
10821,2026-08-28,13:00,4703,2,Salón,Efectivo,60.0,0
10822,2026-08-28,15:08,9999,19,Salón,Tarjeta,104.0,0
10823,2026-08-28,11:59,3724,17,Para llevar,Yape,190.0,0
10824,2026-08-28,19:50,9999,24,Salón,Tarjeta,124.0,0
10825,2026-08-28,18:26,496,16,Salón,Tarjeta,36.0,0
10826,2026-08-28,13:46,4148,3,Delivery propio,Plin,166.0,0
10827,2026-08-28,16:53,4483,16,Delivery propio,Tarjeta,60.0,0
10828,2026-08-28,14:04,1660,24,Para llevar,Tarjeta,46.0,0
10829,2026-08-28,17:03,693,7,Para llevar,Yape,130.0,0
10830,2026-08-28,19:49,9999,18,Salón,Yape,37.0,0
10831,2026-08-28,18:34,140,20,Salón,Tarjeta,163.0,0
10832,2026-08-28,20:46,2749,3,Para llevar,Efectivo,156.0,0
10833,2026-08-28,13:39,5080,19,Salón,Plin,66.0,0
10834,2026-08-28,20:42,993,5,Salón,Yape,230.0,0
10835,2026-08-28,12:49,9999,20,Salón,Efectivo,18.0,0
10836,2026-08-28,16:48,5256,2,Salón,Yape,184.0,0
10837,2026-08-28,15:29,3663,20,Delivery propio,Yape,143.0,0
10838,2026-08-28,21:34,4300,24,Para llevar,Yape,106.0,0
10839,2026-08-28,13:52,1436,17,Delivery propio,Efectivo,138.0,0
10840,2026-08-28,14:59,168,5,Salón,Plin,117.0,0
10841,2026-08-28,12:42,9999,2,Salón,Yape,122.0,0
10842,2026-08-28,17:50,3572,20,Delivery propio,Plin,162.0,0
10843,2026-08-28,13:50,496,22,Para llevar,Plin,176.0,0
10844,2026-08-28,12:43,5187,7,Salón,Yape,191.0,0
10845,2026-08-28,11:21,4535,17,Para llevar,Tarjeta,110.0,0
10846,2026-08-28,14:45,9999,16,Salón,Plin,134.0,0
10847,2026-08-28,21:39,9999,2,Salón,Tarjeta,96.0,0
10848,2026-08-28,13:33,1583,19,Salón,Yape,214.0,0
10849,2026-08-28,13:26,679,24,Delivery propio,Yape,166.0,0
10850,2026-08-28,16:26,1427,16,Salón,Tarjeta,8.0,0
10851,2026-08-28,13:17,9999,24,Delivery propio,Yape,133.0,0
10852,2026-08-28,13:55,5378,2,Salón,Yape,101.0,0
10853,2026-08-29,15:04,9999,17,Para llevar,Efectivo,229.0,0
10854,2026-08-29,11:23,1404,2,Salón,Yape,70.0,0
10855,2026-08-29,12:24,5187,17,Salón,Tarjeta,227.0,0
10856,2026-08-29,19:47,534,18,Salón,Efectivo,126.0,0
10857,2026-08-29,13:49,201,18,Para llevar,Plin,56.0,0
10858,2026-08-29,12:17,867,16,Salón,Plin,80.0,0
10859,2026-08-29,13:14,2969,5,Para llevar,Tarjeta,42.0,0
10860,2026-08-29,17:03,430,24,Salón,Efectivo,144.0,0
10861,2026-08-29,18:14,2220,24,Salón,Efectivo,43.0,0
10862,2026-08-29,14:44,4614,24,Salón,Efectivo,78.0,0
10863,2026-08-29,14:16,9999,24,Para llevar,Efectivo,55.0,0
10864,2026-08-29,17:52,496,17,Salón,Efectivo,159.0,0
10865,2026-08-29,14:49,5386,19,Salón,Plin,33.0,0
10866,2026-08-29,21:54,1770,20,Salón,Tarjeta,128.0,0
10867,2026-08-29,21:41,3721,22,Salón,Yape,110.0,0
10868,2026-08-29,20:52,4516,7,Para llevar,Tarjeta,212.0,0
10869,2026-08-29,11:03,3543,22,Para llevar,Yape,218.0,0
10870,2026-08-29,12:34,1047,2,Salón,Tarjeta,138.0,0
10871,2026-08-29,20:11,1602,17,Salón,Efectivo,86.0,0
10872,2026-08-29,14:52,2900,7,Para llevar,Tarjeta,128.0,0
10873,2026-08-29,15:29,1274,18,Salón,Efectivo,85.0,0
10874,2026-08-29,16:26,98,2,Salón,Yape,80.0,0
10875,2026-08-29,15:07,1669,22,Salón,Yape,206.0,0
10876,2026-08-29,12:36,4461,16,Para llevar,Efectivo,178.0,0
10877,2026-08-29,19:58,2787,20,Para llevar,Plin,107.0,0
10878,2026-08-29,12:06,9999,5,Salón,Efectivo,170.0,0
10879,2026-08-29,17:32,4160,22,Delivery propio,Efectivo,72.0,0
10880,2026-08-29,15:34,1126,20,Salón,Plin,44.0,0
10881,2026-08-29,11:45,431,19,Salón,Tarjeta,154.0,0
10882,2026-08-29,14:15,321,19,Delivery propio,Efectivo,36.0,0
10883,2026-08-29,17:58,2763,3,Salón,Tarjeta,196.0,0
10884,2026-08-29,18:14,4493,3,Salón,Plin,66.0,0
10885,2026-08-29,19:17,4253,2,Salón,Yape,72.0,0
10886,2026-08-29,14:58,892,2,Delivery propio,Efectivo,122.0,0
10887,2026-08-29,13:12,2107,5,Delivery propio,Yape,200.0,0
10888,2026-08-29,17:55,1802,19,Salón,Yape,69.0,0
10889,2026-08-29,12:02,1147,19,Para llevar,Efectivo,259.0,0
10890,2026-08-29,12:38,1141,20,Delivery propio,Efectivo,162.0,0
10891,2026-08-29,13:29,1060,22,Para llevar,Yape,106.0,0
10892,2026-08-29,14:46,5459,7,Para llevar,Yape,125.0,0
10893,2026-08-29,12:21,766,5,Salón,Efectivo,44.0,0
10894,2026-08-29,17:41,5208,17,Salón,Yape,144.0,0
10895,2026-08-29,14:36,4665,5,Para llevar,Yape,237.0,0
10896,2026-08-29,12:44,760,3,Salón,Yape,118.0,0
10897,2026-08-29,21:23,4751,20,Delivery propio,Yape,94.0,0
10898,2026-08-29,18:53,892,17,Para llevar,Tarjeta,171.0,0
10899,2026-08-29,19:29,1946,24,Salón,Efectivo,252.0,0
10900,2026-08-29,13:24,2948,20,Delivery propio,Yape,106.0,0
10901,2026-08-29,20:34,3965,7,Para llevar,Efectivo,190.0,0
10902,2026-08-29,19:59,3560,20,Salón,Efectivo,66.0,0
10903,2026-08-29,21:01,56,19,Salón,Yape,256.0,0
10904,2026-08-29,12:01,5276,18,Delivery propio,Yape,108.0,0
10905,2026-08-29,12:06,5042,22,Salón,Tarjeta,68.0,0
10906,2026-08-29,11:15,1216,24,Para llevar,Tarjeta,265.0,0
10907,2026-08-29,14:50,1707,7,Salón,Yape,92.0,0
10908,2026-08-29,20:40,5176,18,Salón,Efectivo,168.0,0
10909,2026-08-29,13:33,3478,18,Para llevar,Yape,76.0,0
10910,2026-08-29,14:39,5403,24,Salón,Tarjeta,205.0,0
10911,2026-08-29,11:18,140,7,Salón,Tarjeta,58.0,0
10912,2026-08-29,13:55,1271,7,Para llevar,Efectivo,60.0,0
10913,2026-08-29,12:15,4203,22,Salón,Plin,86.0,0
10914,2026-08-29,11:00,951,19,Salón,Plin,44.0,0
10915,2026-08-29,13:10,2378,3,Salón,Yape,108.0,0
10916,2026-08-29,14:02,4704,16,Para llevar,Tarjeta,96.0,0
10917,2026-08-30,19:30,9999,17,Salón,Yape,44.0,0
10918,2026-08-30,15:16,3758,22,Salón,Efectivo,84.0,0
10919,2026-08-30,14:04,2205,24,Salón,Plin,268.0,0
10920,2026-08-30,13:03,5187,7,Salón,Plin,43.0,0
10921,2026-08-30,20:45,1322,5,Delivery propio,Yape,229.0,0
10922,2026-08-30,20:45,9999,24,Salón,Efectivo,130.0,0
10923,2026-08-30,13:51,199,18,Para llevar,Efectivo,188.0,0
10924,2026-08-30,12:54,2989,19,Salón,Efectivo,72.0,0
10925,2026-08-30,13:09,4564,3,Para llevar,Tarjeta,116.0,0
10926,2026-08-30,15:33,273,22,Delivery propio,Efectivo,140.0,0
10927,2026-08-30,18:19,174,17,Para llevar,Efectivo,72.0,0
10928,2026-08-30,19:40,2045,19,Salón,Tarjeta,146.0,0
10929,2026-08-30,16:34,1309,2,Salón,Efectivo,54.0,0
10930,2026-08-30,14:23,3601,7,Salón,Tarjeta,150.0,0
10931,2026-08-30,13:50,4262,18,Salón,Yape,190.0,0
10932,2026-08-30,21:55,5256,2,Salón,Yape,128.0,0
10933,2026-08-30,14:06,9999,2,Delivery propio,Yape,148.0,0
10934,2026-08-30,13:44,3413,7,Delivery propio,Tarjeta,153.0,0
10935,2026-08-30,12:37,3261,7,Salón,Yape,125.0,0
10936,2026-08-30,19:15,5038,2,Salón,Efectivo,303.0,0
10937,2026-08-30,14:01,9999,24,Salón,Yape,106.0,0
10938,2026-08-30,20:52,1111,19,Salón,Efectivo,200.0,0
10939,2026-08-30,14:57,9999,2,Para llevar,Efectivo,10.0,0
10940,2026-08-30,20:37,3097,3,Para llevar,Plin,74.0,0
10941,2026-08-30,14:20,4801,19,Salón,Yape,110.0,0
10942,2026-08-30,15:51,3576,16,Salón,Efectivo,94.0,0
10943,2026-08-30,12:09,1745,20,Para llevar,Yape,88.0,0
10944,2026-08-30,11:06,4659,19,Salón,Yape,86.0,0
10945,2026-08-30,13:54,877,24,Salón,Yape,284.0,0
10946,2026-08-30,14:07,172,7,Salón,Efectivo,178.0,0
10947,2026-08-30,19:37,1104,3,Salón,Yape,146.0,0
10948,2026-08-30,14:26,1739,16,Delivery propio,Yape,82.0,0
10949,2026-09-28,14:11,1383,3,Salón,Yape,36.0,1
10950,2026-08-30,13:30,2620,20,Salón,Yape,82.0,0
10951,2026-08-30,18:53,4662,19,Salón,Yape,158.0,0
10952,2026-08-30,12:11,3826,7,Delivery propio,Plin,138.0,0
10953,2026-08-30,13:38,477,5,Para llevar,Efectivo,206.0,0
10954,2026-08-30,19:14,2389,2,Para llevar,Efectivo,184.0,0
10955,2026-08-30,12:54,5153,16,Salón,Efectivo,97.0,0
10956,2026-08-30,16:46,1232,7,Salón,Yape,24.0,0
10957,2026-08-30,19:17,4479,20,Para llevar,Yape,76.0,0
10958,2026-08-30,14:40,1702,20,Delivery propio,Efectivo,116.0,0
10959,2026-08-30,21:47,9999,7,Para llevar,Efectivo,169.0,0
10960,2026-08-30,21:32,1849,22,Salón,Efectivo,28.0,0
10961,2026-08-30,13:19,4352,3,Salón,Efectivo,98.0,0
10962,2026-08-30,17:08,834,16,Salón,Yape,80.0,0
10963,2026-08-30,15:55,1129,19,Delivery propio,Yape,86.0,0
10964,2026-08-30,13:19,1216,19,Delivery propio,Efectivo,71.0,0
10965,2026-08-30,19:40,4261,5,Delivery propio,Efectivo,186.0,0
10966,2026-08-30,20:02,5058,17,Salón,Tarjeta,61.0,0
10967,2026-08-30,14:07,2849,24,Salón,Efectivo,176.0,0
10968,2026-08-30,19:02,631,16,Salón,Tarjeta,126.0,0
10969,2026-08-30,14:52,5246,20,Para llevar,Efectivo,10.0,0
10970,2026-08-30,15:20,1610,7,Para llevar,Efectivo,64.0,0
10971,2026-08-30,12:04,2124,2,Para llevar,Efectivo,70.0,0
10972,2026-08-30,12:08,27,24,Salón,Tarjeta,254.0,0
10973,2026-08-30,14:55,4420,20,Salón,Plin,108.0,0
10974,2026-08-30,12:32,5325,7,Salón,Plin,214.0,0
10975,2026-08-30,13:33,9999,3,Salón,Yape,38.0,0
10976,2026-08-30,20:44,4582,16,Salón,Tarjeta,104.0,0
10977,2026-08-30,12:28,906,19,Salón,Efectivo,64.0,0
10978,2026-08-31,19:55,2557,20,Salón,Efectivo,102.0,0
10979,2026-08-31,15:14,5151,18,Delivery propio,Plin,211.0,0
10980,2026-08-31,18:04,9999,16,Salón,Tarjeta,92.0,0
10981,2026-08-31,20:46,3635,18,Salón,Plin,116.0,0
10982,2026-08-31,11:57,3827,19,Para llevar,Yape,216.0,0
10983,2026-08-31,16:23,2967,24,Salón,Yape,94.0,0
10984,2026-08-31,12:42,940,17,Salón,Plin,92.0,0
10985,2026-08-31,14:03,1652,2,Delivery propio,Tarjeta,128.0,0
10986,2026-08-31,11:21,4895,7,Delivery propio,Efectivo,181.0,0
10987,2026-08-31,14:22,4423,17,Salón,Tarjeta,142.0,0
10988,2026-08-31,19:40,387,20,Delivery propio,Yape,110.0,0
10989,2026-08-31,11:50,4737,7,Salón,Yape,173.0,0
10990,2026-08-31,20:49,5122,3,Salón,Yape,112.0,0
10991,2026-08-31,12:05,867,24,Salón,Tarjeta,163.0,0
10992,2026-08-31,14:49,4518,7,Para llevar,Plin,83.0,0
10993,2026-08-31,14:27,1581,5,Salón,Yape,205.0,0
10994,2026-08-31,12:32,2978,7,Salón,Yape,48.0,0
10995,2026-08-31,15:36,5205,24,Salón,Yape,204.0,0
10996,2026-08-31,11:50,4234,3,Delivery propio,Efectivo,50.0,0
10997,2026-08-31,12:28,681,17,Salón,Yape,72.0,0
10998,2026-08-31,16:11,9999,19,Para llevar,Plin,68.0,0
10999,2026-08-31,15:39,2201,17,Delivery propio,Tarjeta,278.0,0
11000,2026-08-31,14:02,2334,22,Salón,Yape,32.0,0
11001,2026-08-31,13:10,107,20,Para llevar,Efectivo,107.0,0
11002,2026-08-31,13:58,4088,20,Salón,Yape,92.0,0
11003,2026-08-31,13:42,3249,5,Salón,Efectivo,218.0,0
11004,2026-08-31,14:03,714,2,Delivery propio,Tarjeta,144.0,0
11005,2026-08-31,20:59,1922,20,Salón,Plin,201.0,0
11006,2026-08-31,14:43,2353,3,Salón,Tarjeta,70.0,0
11007,2026-08-31,12:58,2553,5,Para llevar,Plin,178.0,0
11008,2026-09-01,12:21,9999,5,Salón,Efectivo,150.0,0
11009,2026-09-01,19:32,5250,7,Para llevar,Yape,86.0,0
11010,2026-09-01,12:06,2786,24,Salón,Tarjeta,132.0,0
11011,2026-09-01,12:51,9999,7,Delivery propio,Tarjeta,78.0,0
11012,2026-09-01,14:47,357,20,Delivery propio,Tarjeta,44.0,0
11013,2026-09-01,19:03,4218,7,Salón,Tarjeta,286.0,0
11014,2026-09-01,13:00,3190,17,Salón,Yape,127.0,0
11015,2026-09-01,14:29,3494,20,Para llevar,Efectivo,207.0,0
11016,2026-09-01,14:47,982,7,Salón,Efectivo,215.0,0
11017,2026-09-01,11:15,1839,19,Para llevar,Efectivo,78.0,0
11018,2026-09-01,17:04,3264,16,Delivery propio,Plin,78.0,0
11019,2026-09-01,19:40,2046,3,Salón,Efectivo,90.0,0
11020,2026-09-01,20:33,3963,24,Para llevar,Yape,106.0,0
11021,2026-09-01,13:52,1057,18,Salón,Yape,175.0,0
11022,2026-09-01,14:18,1322,22,Salón,Yape,99.0,0
11023,2026-09-01,14:53,1403,5,Delivery propio,Tarjeta,73.0,0
11024,2026-09-01,14:01,4480,7,Salón,Plin,63.0,0
11025,2026-09-01,14:25,1609,18,Salón,Efectivo,177.0,0
11026,2026-09-02,15:33,1208,20,Salón,Tarjeta,68.0,0
11027,2026-09-02,13:17,4445,7,Para llevar,Efectivo,112.0,0
11028,2026-09-02,15:39,970,3,Salón,Tarjeta,78.0,0
11029,2026-09-02,13:59,4309,18,Salón,Yape,186.0,0
11030,2026-09-02,18:33,5250,5,Salón,Tarjeta,134.0,0
11031,2026-09-02,19:59,5091,18,Salón,Tarjeta,122.0,0
11032,2026-09-02,17:15,5018,19,Para llevar,Efectivo,42.0,0
11033,2026-09-02,14:28,2075,16,Salón,Plin,124.0,0
11034,2026-09-02,14:06,1238,24,Salón,Yape,161.0,0
11035,2026-09-02,17:25,3552,19,Para llevar,Yape,150.0,0
11036,2026-09-02,13:11,1566,18,Salón,Tarjeta,173.0,0
11037,2026-09-02,14:41,612,16,Salón,Efectivo,235.0,0
11038,2026-09-02,13:02,4756,24,Salón,Efectivo,131.0,0
11039,2026-09-02,15:48,1485,7,Delivery propio,Tarjeta,158.0,0
11040,2026-09-02,20:58,3812,17,Salón,Tarjeta,190.0,0
11041,2026-09-02,13:09,3513,16,Salón,Plin,122.0,0
11042,2026-09-02,21:11,9999,3,Salón,Efectivo,32.0,0
11043,2026-09-02,20:00,534,22,Salón,Efectivo,76.0,0
11044,2026-09-02,14:47,4729,7,Para llevar,Plin,82.0,0
11045,2026-09-02,15:29,3576,17,Delivery propio,Efectivo,176.0,0
11046,2026-09-02,14:30,901,24,Para llevar,Plin,132.0,0
11047,2026-09-02,12:52,2737,20,Salón,Yape,104.0,0
11048,2026-09-02,12:45,3320,3,Salón,Plin,100.0,0
11049,2026-09-02,14:44,2316,5,Salón,Tarjeta,116.0,0
11050,2026-09-03,12:40,4979,24,Para llevar,Yape,150.0,0
11051,2026-09-03,19:39,5018,20,Para llevar,Tarjeta,72.0,0
11052,2026-09-03,13:07,3978,22,Salón,Efectivo,123.0,0
11053,2026-09-03,19:17,3692,20,Delivery propio,Yape,125.0,0
11054,2026-09-03,13:22,1565,5,Salón,Efectivo,65.0,0
11055,2026-09-03,13:48,1177,24,Salón,Efectivo,86.0,0
11056,2026-09-03,20:44,4861,20,Delivery propio,Tarjeta,206.0,0
11057,2026-09-03,18:14,3483,2,Salón,Efectivo,148.0,0
11058,2026-09-03,20:41,5248,22,Salón,Yape,84.0,0
11059,2026-09-03,13:21,2922,22,Salón,Tarjeta,42.0,0
11060,2026-09-03,17:35,3957,17,Salón,Yape,204.0,0
11061,2026-09-03,12:57,149,3,Salón,Yape,223.0,0
11062,2026-09-03,13:10,4895,17,Salón,Tarjeta,54.0,0
11063,2026-09-03,13:08,9999,3,Para llevar,Efectivo,25.0,0
11064,2026-09-03,11:10,2147,2,Salón,Yape,158.0,0
11065,2026-09-03,14:40,4971,20,Salón,Tarjeta,158.0,0
11066,2026-09-03,18:03,4067,22,Salón,Tarjeta,94.0,0
11067,2026-09-03,14:47,1998,20,Salón,Tarjeta,70.0,0
11068,2026-09-04,12:34,1386,19,Salón,Yape,10.0,0
11069,2026-09-04,20:36,3483,19,Salón,Efectivo,53.0,0
11070,2026-09-04,13:48,2745,20,Salón,Efectivo,72.0,0
11071,2026-09-04,17:07,2498,7,Salón,Efectivo,48.0,0
11072,2026-09-04,16:30,3398,24,Para llevar,Yape,96.0,0
11073,2026-09-04,14:18,4346,20,Salón,Plin,210.0,0
11074,2026-09-04,18:42,5076,16,Salón,Efectivo,210.0,0
11075,2026-09-04,19:35,3929,2,Salón,Efectivo,274.0,0
11076,2026-09-04,19:27,3073,16,Para llevar,Yape,253.0,0
11077,2026-09-04,21:08,1874,24,Salón,Yape,91.0,0
11078,2026-09-04,16:21,4604,19,Salón,Plin,184.0,0
11079,2026-09-04,19:13,4353,7,Salón,Efectivo,46.0,0
11080,2026-09-04,14:31,846,24,Para llevar,Efectivo,36.0,0
11081,2026-09-04,14:17,9999,2,Salón,Efectivo,55.0,0
11082,2026-09-04,13:06,1089,16,Para llevar,Plin,102.0,0
11083,2026-09-04,18:45,1726,24,Salón,Yape,25.0,0
11084,2026-09-04,14:36,4618,18,Delivery propio,Efectivo,132.0,0
11085,2026-09-04,18:22,2467,20,Salón,Yape,157.0,0
11086,2026-09-04,21:02,900,5,Salón,Yape,38.0,0
11087,2026-09-04,12:32,4544,18,Para llevar,Efectivo,102.0,0
11088,2026-09-04,14:47,9999,20,Salón,Efectivo,170.0,0
11089,2026-09-04,18:04,9999,16,Para llevar,Efectivo,120.0,0
11090,2026-09-04,20:06,778,2,Salón,Yape,333.0,0
11091,2026-09-04,14:28,1815,7,Salón,Tarjeta,32.0,0
11092,2026-09-04,14:52,2614,19,Salón,Tarjeta,151.0,0
11093,2026-09-04,16:14,2673,22,Delivery propio,Tarjeta,100.0,0
11094,2026-09-04,14:09,3025,19,Para llevar,Efectivo,74.0,0
11095,2026-09-04,14:12,204,3,Delivery propio,Yape,366.0,0
11096,2026-09-04,18:28,5126,3,Salón,Efectivo,209.0,0
11097,2026-09-04,19:16,4342,16,Salón,Yape,102.0,0
11098,2026-09-04,12:50,3596,7,Para llevar,Yape,48.0,0
11099,2026-09-04,14:18,4207,24,Salón,Efectivo,184.0,0
11100,2026-09-05,20:16,2049,20,Para llevar,Tarjeta,18.0,0
11101,2026-09-05,20:14,279,16,Salón,Efectivo,134.0,0
11102,2026-09-05,13:32,2774,18,Salón,Efectivo,84.0,0
11103,2026-09-28,19:58,1784,5,Salón,Yape,62.0,1
11104,2026-09-05,15:36,9999,19,Salón,Efectivo,206.0,0
11105,2026-09-05,20:52,253,24,Para llevar,Tarjeta,151.0,0
11106,2026-09-05,14:24,3213,5,Delivery propio,Yape,198.0,0
11107,2026-09-05,19:38,1744,17,Para llevar,Tarjeta,232.0,0
11108,2026-09-05,13:31,5027,5,Salón,Efectivo,140.0,0
11109,2026-09-05,17:41,3157,3,Salón,Efectivo,147.0,0
11110,2026-09-05,13:44,1042,24,Salón,Efectivo,119.0,0
11111,2026-09-05,17:56,9999,22,Salón,Efectivo,241.0,0
11112,2026-09-05,12:16,5224,24,Delivery propio,Tarjeta,114.0,0
11113,2026-09-05,12:15,3685,7,Salón,Plin,114.0,0
11114,2026-09-05,21:40,4954,2,Salón,Plin,238.0,0
11115,2026-09-05,14:27,2830,3,Salón,Yape,54.0,0
11116,2026-09-05,20:18,3541,19,Salón,Plin,98.0,0
11117,2026-09-05,18:29,4724,19,Salón,Efectivo,47.0,0
11118,2026-09-05,12:56,1953,22,Para llevar,Yape,88.0,0
11119,2026-09-05,21:59,651,16,Salón,Efectivo,160.0,0
11120,2026-09-05,14:39,5148,2,Salón,Tarjeta,35.0,0
11121,2026-09-05,20:12,9999,5,Salón,Efectivo,87.0,0
11122,2026-09-05,19:57,4070,3,Para llevar,Yape,210.0,0
11123,2026-09-05,15:14,4542,17,Delivery propio,Yape,178.0,0
11124,2026-09-05,14:36,4593,17,Salón,Yape,110.0,0
11125,2026-09-05,15:20,36,18,Salón,Efectivo,111.0,0
11126,2026-09-05,19:39,3937,3,Delivery propio,Yape,121.0,0
11127,2026-09-05,19:47,160,16,Salón,Efectivo,164.0,0
11128,2026-09-05,14:47,4093,24,Salón,Plin,97.0,0
11129,2026-09-05,13:21,2041,18,Delivery propio,Tarjeta,66.0,0
11130,2026-09-05,14:58,3046,20,Salón,Yape,402.0,0
11131,2026-09-05,14:45,295,7,Salón,Efectivo,184.0,0
11132,2026-09-05,14:48,3000,18,Salón,Plin,122.0,0
11133,2026-09-05,14:11,3788,22,Salón,Efectivo,232.0,0
11134,2026-09-05,17:15,877,5,Delivery propio,Efectivo,110.0,0
11135,2026-09-05,18:54,4300,5,Para llevar,Tarjeta,72.0,0
11136,2026-09-05,20:26,1349,18,Para llevar,Efectivo,36.0,0
11137,2026-09-05,12:15,4808,7,Para llevar,Tarjeta,62.0,0
11138,2026-09-05,12:26,9999,24,Para llevar,Yape,53.0,0
11139,2026-09-05,14:30,1152,5,Para llevar,Yape,50.0,0
11140,2026-09-05,19:35,5403,7,Para llevar,Yape,158.0,0
11141,2026-09-05,14:54,2926,7,Delivery propio,Yape,192.0,0
11142,2026-09-05,14:38,1011,2,Para llevar,Yape,118.0,0
11143,2026-09-05,16:18,3122,24,Para llevar,Tarjeta,187.0,0
11144,2026-09-05,14:00,373,18,Salón,Yape,68.0,0
11145,2026-09-05,13:54,2017,2,Salón,Tarjeta,50.0,0
11146,2026-09-06,14:56,2211,19,Para llevar,Yape,142.0,0
11147,2026-09-06,12:05,3817,2,Salón,Yape,60.0,0
11148,2026-09-06,18:15,1166,24,Salón,Plin,169.0,0
11149,2026-09-06,13:11,9999,16,Salón,Efectivo,249.0,0
11150,2026-09-06,16:35,3372,17,Delivery propio,Yape,122.0,0
11151,2026-09-06,19:37,3264,16,Salón,Tarjeta,56.0,0
11152,2026-09-06,13:10,9999,3,Salón,Yape,147.0,0
11153,2026-09-06,12:55,4791,22,Salón,Yape,84.0,0
11154,2026-09-06,15:10,2633,3,Para llevar,Tarjeta,198.0,0
11155,2026-09-06,12:28,455,2,Salón,Yape,24.0,0
11156,2026-09-06,13:15,1641,3,Salón,Plin,187.0,0
11157,2026-09-06,13:15,4897,19,Salón,Tarjeta,70.0,0
11158,2026-09-06,13:03,3739,7,Salón,Efectivo,64.0,0
11159,2026-09-06,14:49,1956,22,Delivery propio,Tarjeta,174.0,0
11160,2026-09-06,19:10,2009,3,Delivery propio,Efectivo,169.0,0
11161,2026-09-06,20:02,4971,7,Salón,Efectivo,152.0,0
11162,2026-09-06,16:05,539,24,Salón,Yape,144.0,0
11163,2026-09-06,20:56,2341,20,Salón,Efectivo,128.0,0
11164,2026-09-06,14:03,3508,3,Para llevar,Tarjeta,135.0,0
11165,2026-09-06,12:43,9999,17,Delivery propio,Tarjeta,38.0,0
11166,2026-09-06,14:50,1871,20,Delivery propio,Efectivo,10.0,0
11167,2026-09-06,19:48,1321,20,Salón,Yape,296.0,0
11168,2026-09-06,13:43,5404,22,Salón,Yape,134.0,0
11169,2026-09-06,12:46,2644,19,Delivery propio,Tarjeta,156.0,0
11170,2026-09-06,14:41,5055,3,Salón,Tarjeta,312.0,0
11171,2026-09-06,14:11,751,19,Salón,Efectivo,124.0,0
11172,2026-09-06,14:37,18,16,Para llevar,Tarjeta,234.0,0
11173,2026-09-06,19:20,2850,22,Salón,Efectivo,174.0,0
11174,2026-09-06,16:02,2949,19,Delivery propio,Plin,130.0,0
11175,2026-09-06,17:02,4325,18,Delivery propio,Tarjeta,149.0,0
11176,2026-09-06,15:22,4899,3,Delivery propio,Efectivo,153.0,0
11177,2026-09-06,17:28,556,22,Salón,Yape,136.0,0
11178,2026-09-06,12:27,1029,20,Delivery propio,Tarjeta,220.0,0
11179,2026-09-06,12:42,314,3,Salón,Yape,109.0,0
11180,2026-09-06,12:40,2553,18,Salón,Efectivo,138.0,0
11181,2026-09-06,14:50,118,2,Salón,Tarjeta,68.0,0
11182,2026-09-06,15:37,69,22,Salón,Tarjeta,28.0,0
11183,2026-09-06,19:54,2015,17,Salón,Plin,220.0,0
11184,2026-09-06,12:55,5366,5,Delivery propio,Plin,70.0,0
11185,2026-09-06,20:44,4059,3,Para llevar,Tarjeta,36.0,0
11186,2026-09-06,12:27,1014,20,Delivery propio,Plin,64.0,0
11187,2026-09-06,19:36,1817,18,Delivery propio,Yape,122.0,0
11188,2026-09-06,21:47,693,22,Para llevar,Efectivo,170.0,0
11189,2026-09-06,13:07,3487,7,Salón,Efectivo,85.0,0
11190,2026-09-06,13:21,5128,18,Salón,Yape,200.0,0
11191,2026-09-06,19:28,4979,20,Para llevar,Tarjeta,280.0,0
11192,2026-09-06,20:30,2984,20,Delivery propio,Yape,202.0,0
11193,2026-09-06,21:45,2611,17,Salón,Tarjeta,176.0,0
11194,2026-09-06,14:03,4182,3,Salón,Yape,134.0,0
11195,2026-09-06,13:53,2765,17,Para llevar,Tarjeta,266.0,0
11196,2026-09-06,13:15,3158,19,Salón,Tarjeta,82.0,0
11197,2026-09-06,12:25,699,3,Delivery propio,Efectivo,188.0,0
11198,2026-09-06,18:48,52,16,Salón,Yape,282.0,0
11199,2026-09-06,18:35,1583,3,Salón,Plin,92.0,0
11200,2026-09-06,15:45,238,7,Salón,Tarjeta,30.0,0
11201,2026-09-06,19:03,3417,17,Salón,Yape,138.0,0
11202,2026-09-06,12:15,5001,18,Para llevar,Yape,264.0,0
11203,2026-09-07,13:00,2595,5,Salón,Efectivo,122.0,0
11204,2026-09-07,16:06,9999,7,Salón,Efectivo,113.0,0
11205,2026-09-07,20:05,499,3,Salón,Efectivo,50.0,0
11206,2026-09-07,15:44,4261,22,Salón,Yape,194.0,0
11207,2026-09-07,20:28,9999,2,Salón,Tarjeta,156.0,0
11208,2026-09-07,17:51,5408,19,Delivery propio,Yape,82.0,0
11209,2026-09-07,13:09,3972,22,Salón,Tarjeta,190.0,0
11210,2026-09-07,14:17,1472,16,Salón,Yape,22.0,0
11211,2026-09-07,21:11,9999,22,Salón,Tarjeta,223.0,0
11212,2026-09-07,19:07,9999,22,Salón,Tarjeta,107.0,0
11213,2026-09-07,19:49,2737,16,Delivery propio,Yape,100.0,0
11214,2026-09-07,21:55,1405,5,Delivery propio,Efectivo,138.0,0
11215,2026-09-07,18:28,3435,7,Salón,Efectivo,34.0,0
11216,2026-09-07,12:40,3390,20,Para llevar,Yape,135.0,0
11217,2026-09-07,12:26,1621,2,Delivery propio,Efectivo,104.0,0
11218,2026-09-07,14:23,9999,17,Salón,Tarjeta,141.0,0
11219,2026-09-07,19:27,3105,18,Salón,Plin,186.0,0
11220,2026-09-07,15:53,4386,3,Salón,Yape,66.0,0
11221,2026-09-07,13:12,9999,16,Salón,Efectivo,178.0,0
11222,2026-09-07,18:20,831,22,Salón,Efectivo,132.0,0
11223,2026-09-07,20:39,1955,17,Delivery propio,Tarjeta,38.0,0
11224,2026-09-07,18:41,9999,22,Salón,Yape,60.0,0
11225,2026-09-07,14:59,293,24,Para llevar,Plin,123.0,0
11226,2026-09-07,19:02,3627,22,Para llevar,Yape,124.0,0
11227,2026-09-07,16:56,833,5,Salón,Yape,38.0,0
11228,2026-09-07,14:19,1233,18,Salón,Tarjeta,34.0,0
11229,2026-09-07,14:18,4392,3,Salón,Yape,128.0,0
11230,2026-09-07,19:48,5460,18,Salón,Tarjeta,30.0,0
11231,2026-09-07,21:57,3644,3,Salón,Tarjeta,148.0,0
11232,2026-09-07,13:16,4479,24,Salón,Yape,240.0,0
11233,2026-09-07,14:00,3645,22,Delivery propio,Tarjeta,99.0,0
11234,2026-09-07,14:38,2129,22,Salón,Efectivo,82.0,0
11235,2026-09-07,14:50,303,22,Delivery propio,Yape,126.0,0
11236,2026-09-07,19:56,877,20,Salón,Efectivo,174.0,0
11237,2026-09-07,14:28,1333,3,Salón,Efectivo,78.0,0
11238,2026-09-08,13:41,2030,7,Delivery propio,Efectivo,67.0,0
11239,2026-09-08,15:20,496,20,Salón,Yape,45.0,0
11240,2026-09-08,17:53,2879,7,Delivery propio,Yape,130.0,0
11241,2026-09-08,13:17,5213,22,Delivery propio,Yape,194.0,0
11242,2026-09-08,15:20,9999,17,Delivery propio,Plin,296.0,0
11243,2026-09-08,13:46,5485,20,Delivery propio,Yape,208.0,0
11244,2026-09-08,15:28,3038,7,Delivery propio,Efectivo,72.0,0
11245,2026-09-08,18:09,2304,16,Salón,Efectivo,150.0,0
11246,2026-09-08,13:45,4507,2,Salón,Yape,224.0,0
11247,2026-09-08,12:10,1058,17,Salón,Efectivo,146.0,0
11248,2026-09-08,13:03,248,19,Para llevar,Yape,184.0,0
11249,2026-09-08,19:04,2023,5,Salón,Tarjeta,89.0,0
11250,2026-09-08,17:49,3678,22,Salón,Tarjeta,98.0,0
11251,2026-09-08,16:48,1949,17,Para llevar,Plin,216.0,0
11252,2026-09-08,13:16,9999,24,Salón,Plin,58.0,0
11253,2026-09-08,16:37,430,7,Salón,Efectivo,78.0,0
11254,2026-09-08,13:25,4185,3,Delivery propio,Yape,88.0,0
11255,2026-09-08,15:45,1599,19,Salón,Yape,60.0,0
11256,2026-09-08,15:14,9999,7,Delivery propio,Tarjeta,84.0,0
11257,2026-09-08,14:37,1060,20,Para llevar,Efectivo,76.0,0
11258,2026-09-08,13:10,1695,7,Delivery propio,Plin,89.0,0
11259,2026-09-08,13:16,30,2,Salón,Plin,112.0,0
11260,2026-09-08,14:21,1302,20,Para llevar,Yape,210.0,0
11261,2026-09-08,13:32,553,16,Salón,Yape,114.0,0
11262,2026-09-08,11:37,877,16,Para llevar,Efectivo,140.0,0
11263,2026-09-08,14:04,2121,2,Para llevar,Yape,405.0,0
11264,2026-09-08,12:47,4180,16,Salón,Efectivo,34.0,0
11265,2026-09-09,15:12,3028,24,Para llevar,Yape,169.0,0
11266,2026-09-09,16:07,4521,2,Delivery propio,Efectivo,95.0,0
11267,2026-09-09,12:06,85,24,Salón,Efectivo,75.0,0
11268,2026-09-09,13:35,1338,7,Salón,Efectivo,54.0,0
11269,2026-09-09,12:21,9999,18,Delivery propio,Efectivo,112.0,0
11270,2026-09-09,13:33,83,20,Salón,Efectivo,61.0,0
11271,2026-09-09,12:40,2290,2,Delivery propio,Efectivo,122.0,0
11272,2026-09-09,19:27,5248,16,Para llevar,Yape,136.0,0
11273,2026-09-09,15:15,4815,17,Para llevar,Efectivo,158.0,0
11274,2026-09-09,19:18,9999,2,Salón,Tarjeta,96.0,0
11275,2026-09-09,14:14,3483,7,Para llevar,Yape,30.0,0
11276,2026-09-09,14:38,2448,20,Para llevar,Efectivo,140.0,0
11277,2026-09-09,19:40,1415,17,Para llevar,Yape,99.0,0
11278,2026-09-09,14:24,1176,5,Delivery propio,Tarjeta,126.0,0
11279,2026-09-09,20:26,5215,19,Delivery propio,Efectivo,204.0,0
11280,2026-09-09,21:44,862,22,Para llevar,Efectivo,52.0,0
11281,2026-09-09,14:06,1075,18,Delivery propio,Yape,108.0,0
11282,2026-09-09,20:06,2537,19,Salón,Tarjeta,186.0,0
11283,2026-09-09,16:47,2590,5,Salón,Yape,227.0,0
11284,2026-09-09,17:54,2438,22,Salón,Efectivo,74.0,0
11285,2026-09-09,18:50,9999,5,Salón,Plin,126.0,0
11286,2026-09-09,14:22,2169,5,Para llevar,Efectivo,129.0,0
11287,2026-09-09,12:57,91,18,Salón,Efectivo,74.0,0
11288,2026-09-09,20:06,9999,18,Para llevar,Plin,140.0,0
11289,2026-09-09,14:50,5072,16,Salón,Efectivo,115.0,0
11290,2026-09-09,19:16,973,7,Salón,Yape,242.0,0
11291,2026-09-09,20:24,4811,18,Salón,Efectivo,66.0,0
11292,2026-09-09,14:33,2645,5,Para llevar,Efectivo,160.0,0
11293,2026-09-09,18:37,2807,17,Salón,Yape,130.0,0
11294,2026-09-09,19:52,212,17,Delivery propio,Efectivo,104.0,0
11295,2026-09-09,13:40,689,3,Delivery propio,Efectivo,156.0,0
11296,2026-09-09,20:22,4729,17,Salón,Yape,158.0,0
11297,2026-09-10,18:28,682,5,Delivery propio,Plin,45.0,0
11298,2026-09-10,14:47,2969,5,Salón,Yape,53.0,0
11299,2026-09-10,13:35,1324,7,Salón,Tarjeta,125.0,0
11300,2026-09-10,13:41,4471,24,Para llevar,Yape,155.0,0
11301,2026-09-10,17:44,4070,16,Salón,Efectivo,100.0,0
11302,2026-09-10,20:59,2463,7,Salón,Efectivo,220.0,0
11303,2026-09-10,11:52,1074,22,Salón,Tarjeta,90.0,0
11304,2026-09-10,18:15,83,7,Salón,Tarjeta,176.0,0
11305,2026-09-10,20:13,1751,18,Salón,Efectivo,220.0,0
11306,2026-09-10,16:05,462,3,Salón,Yape,98.0,0
11307,2026-09-10,19:19,3510,19,Delivery propio,Plin,18.0,0
11308,2026-09-10,15:10,3631,7,Salón,Tarjeta,147.0,0
11309,2026-09-10,17:12,4566,16,Salón,Yape,232.0,0
11310,2026-09-10,17:56,1441,24,Delivery propio,Efectivo,81.0,0
11311,2026-09-10,17:02,9999,17,Salón,Efectivo,102.0,0
11312,2026-09-28,12:10,3061,16,Salón,Efectivo,30.0,1
11313,2026-09-10,20:34,4135,7,Salón,Tarjeta,319.0,0
11314,2026-09-10,13:00,9999,2,Delivery propio,Yape,100.0,0
11315,2026-09-10,21:50,4479,24,Salón,Tarjeta,64.0,0
11316,2026-09-10,15:26,5136,2,Salón,Yape,154.0,0
11317,2026-09-10,15:10,2900,19,Salón,Tarjeta,72.0,0
11318,2026-09-10,14:58,9999,22,Salón,Yape,97.0,0
11319,2026-09-10,18:59,3558,24,Salón,Yape,144.0,0
11320,2026-09-10,19:53,1075,19,Salón,Yape,154.0,0
11321,2026-09-10,15:46,451,7,Salón,Efectivo,117.0,0
11322,2026-09-10,14:58,511,3,Salón,Efectivo,14.0,0
11323,2026-09-10,14:28,1910,3,Salón,Tarjeta,107.0,0
11324,2026-09-10,13:32,9999,20,Salón,Tarjeta,68.0,0
11325,2026-09-10,19:04,1304,22,Salón,Tarjeta,194.0,0
11326,2026-09-10,14:40,4048,17,Delivery propio,Yape,51.0,0
11327,2026-09-11,17:49,5283,22,Salón,Yape,66.0,0
11328,2026-09-11,18:34,1034,5,Salón,Efectivo,139.0,0
11329,2026-09-11,12:24,4334,7,Delivery propio,Yape,124.0,0
11330,2026-09-11,16:32,4918,5,Para llevar,Tarjeta,70.0,0
11331,2026-09-11,18:21,4797,17,Salón,Efectivo,194.0,0
11332,2026-09-11,16:30,2339,5,Salón,Efectivo,102.0,0
11333,2026-09-11,15:28,9999,5,Para llevar,Yape,86.0,0
11334,2026-09-11,20:02,1907,19,Para llevar,Efectivo,116.0,0
11335,2026-09-11,13:03,4969,3,Salón,Efectivo,198.0,0
11336,2026-09-11,13:41,4602,2,Salón,Efectivo,110.0,0
11337,2026-09-11,12:24,1918,2,Salón,Efectivo,63.0,0
11338,2026-09-11,13:28,1865,19,Salón,Plin,140.0,0
11339,2026-09-11,13:41,1555,24,Salón,Yape,113.0,0
11340,2026-09-11,12:16,9999,22,Salón,Yape,54.0,0
11341,2026-09-11,19:07,4308,5,Salón,Yape,102.0,0
11342,2026-09-11,14:11,3616,17,Salón,Tarjeta,146.0,0
11343,2026-09-11,14:04,4576,20,Para llevar,Yape,273.0,0
11344,2026-09-11,15:37,5067,18,Delivery propio,Efectivo,180.0,0
11345,2026-09-11,13:58,5401,16,Salón,Efectivo,297.0,0
11346,2026-09-11,12:51,3734,5,Salón,Efectivo,96.0,0
11347,2026-09-11,21:20,2988,7,Salón,Efectivo,138.0,0
11348,2026-09-11,12:50,3101,5,Para llevar,Plin,201.0,0
11349,2026-09-11,16:11,1587,5,Para llevar,Efectivo,64.0,0
11350,2026-09-11,18:57,5452,17,Salón,Yape,36.0,0
11351,2026-09-11,13:29,3522,5,Salón,Efectivo,120.0,0
11352,2026-09-11,17:48,160,19,Para llevar,Yape,28.0,0
11353,2026-09-11,18:35,3560,19,Salón,Efectivo,120.0,0
11354,2026-09-11,12:18,2730,16,Para llevar,Efectivo,137.0,0
11356,2026-09-11,19:03,2376,16,Salón,Efectivo,38.0,0
11357,2026-09-11,16:33,1361,16,Salón,Yape,172.0,0
11358,2026-09-11,19:28,9999,17,Salón,Yape,57.0,0
11359,2026-09-11,17:06,1967,22,Delivery propio,Efectivo,42.0,0
11360,2026-09-12,19:29,2327,3,Salón,Efectivo,222.0,0
11361,2026-09-12,19:23,4708,5,Salón,Plin,34.0,0
11362,2026-09-12,19:35,1087,3,Salón,Plin,140.0,0
11363,2026-09-12,14:45,3657,7,Para llevar,Efectivo,100.0,0
11364,2026-09-12,14:47,2332,7,Salón,Efectivo,160.0,0
11365,2026-09-12,15:41,240,22,Salón,Efectivo,148.0,0
11366,2026-09-12,16:38,4954,2,Salón,Yape,68.0,0
11367,2026-09-12,15:34,1266,7,Salón,Efectivo,213.0,0
11368,2026-09-12,16:34,1964,19,Salón,Yape,142.0,0
11369,2026-09-12,12:31,5139,3,Salón,Efectivo,254.0,0
11370,2026-09-12,13:51,2897,16,Salón,Plin,184.0,0
11371,2026-09-12,19:36,845,24,Delivery propio,Tarjeta,158.0,0
11372,2026-09-12,13:30,572,16,Salón,Efectivo,62.0,0
11373,2026-09-12,14:33,3104,18,Salón,Efectivo,48.0,0
11374,2026-09-12,20:07,943,5,Para llevar,Efectivo,328.0,0
11375,2026-09-12,20:21,4172,19,Delivery propio,Efectivo,36.0,0
11376,2026-09-12,13:05,9999,16,Salón,Yape,124.0,0
11377,2026-09-12,14:47,4392,18,Salón,Yape,42.0,0
11378,2026-09-12,17:20,825,5,Salón,Yape,84.0,0
11379,2026-09-12,13:28,3196,17,Salón,Yape,32.0,0
11380,2026-09-12,17:27,9999,3,Para llevar,Efectivo,168.0,0
11381,2026-09-12,21:49,9999,20,Salón,Yape,116.0,0
11382,2026-09-12,11:39,4203,22,Salón,Tarjeta,192.0,0
11383,2026-09-12,20:06,1529,22,Delivery propio,Efectivo,86.0,0
11384,2026-09-12,21:04,1987,22,Para llevar,Efectivo,273.0,0
11385,2026-09-12,18:35,196,22,Salón,Yape,152.0,0
11386,2026-09-12,13:48,607,17,Salón,Tarjeta,20.0,0
11387,2026-09-12,13:46,3273,24,Salón,Plin,42.0,0
11388,2026-09-12,17:42,1445,18,Salón,Yape,146.0,0
11389,2026-09-12,17:38,4715,24,Para llevar,Efectivo,197.0,0
11390,2026-09-12,13:11,3982,20,Para llevar,Yape,164.0,0
11391,2026-09-12,13:45,2105,22,Delivery propio,Plin,228.0,0
11392,2026-09-12,21:38,3390,19,Salón,Efectivo,102.0,0
11393,2026-09-12,14:47,802,20,Delivery propio,Efectivo,140.0,0
11394,2026-09-12,12:43,3904,7,Salón,Yape,177.0,0
11395,2026-09-12,19:31,3235,3,Salón,Efectivo,106.0,0
11396,2026-09-12,11:49,4319,3,Salón,Efectivo,44.0,0
11397,2026-09-12,21:33,2519,2,Salón,Efectivo,68.0,0
11398,2026-09-12,14:37,2732,5,Salón,Yape,186.0,0
11399,2026-09-12,14:41,52,24,Para llevar,Yape,78.0,0
11400,2026-09-12,14:05,367,7,Salón,Efectivo,114.0,0
11401,2026-09-12,16:27,5032,17,Salón,Tarjeta,121.0,0
11402,2026-09-12,14:54,1246,17,Salón,Efectivo,225.0,0
11403,2026-09-12,19:18,4198,7,Salón,Yape,184.0,0
11404,2026-09-12,15:17,1088,17,Salón,Tarjeta,103.0,0
11405,2026-09-12,11:37,899,24,Salón,Efectivo,104.0,0
11406,2026-09-12,12:22,1872,7,Salón,Efectivo,62.0,0
11407,2026-09-12,19:56,2828,18,Salón,Yape,62.0,0
11408,2026-09-12,13:26,1042,24,Salón,Yape,170.0,0
11409,2026-09-12,14:29,4180,19,Para llevar,Yape,128.0,0
11410,2026-09-12,14:12,9999,20,Salón,Plin,132.0,0
11411,2026-09-12,14:52,5461,3,Delivery propio,Efectivo,35.0,0
11412,2026-09-12,14:17,4438,19,Para llevar,Efectivo,87.0,0
11413,2026-09-12,11:17,534,16,Salón,Plin,78.0,0
11414,2026-09-12,18:24,4188,5,Para llevar,Yape,52.0,0
11415,2026-09-12,18:52,280,7,Para llevar,Efectivo,78.0,0
11416,2026-09-12,13:38,9999,22,Salón,Plin,14.0,0
11417,2026-09-12,21:06,3221,24,Salón,Efectivo,35.0,0
11418,2026-09-12,15:36,3601,22,Salón,Plin,210.0,0
11419,2026-09-12,12:07,4091,7,Salón,Tarjeta,146.0,0
11420,2026-09-13,12:36,5089,7,Salón,Efectivo,98.0,0
11421,2026-09-13,19:53,4086,17,Salón,Yape,98.0,0
11422,2026-09-13,16:00,3584,3,Salón,Efectivo,102.0,0
11423,2026-09-13,13:10,4961,18,Para llevar,Efectivo,93.0,0
11424,2026-09-13,16:10,4676,2,Salón,Yape,88.0,0
11425,2026-09-13,15:48,9999,3,Para llevar,Tarjeta,154.0,0
11426,2026-09-13,14:27,2655,18,Salón,Efectivo,194.0,0
11427,2026-09-13,19:05,5281,5,Para llevar,Yape,48.0,0
11428,2026-09-13,13:13,2319,17,Salón,Tarjeta,113.0,0
11429,2026-09-13,11:12,4074,22,Salón,Tarjeta,190.0,0
11430,2026-09-13,21:37,5281,19,Salón,Plin,154.0,0
11431,2026-09-13,14:22,4799,18,Salón,Efectivo,372.0,0
11432,2026-09-13,16:12,589,3,Delivery propio,Efectivo,94.0,0
11433,2026-09-13,13:55,4158,20,Para llevar,Yape,54.0,0
11434,2026-09-13,13:19,308,19,Salón,Efectivo,78.0,0
11436,2026-09-13,12:28,4494,17,Salón,Efectivo,92.0,0
11437,2026-09-13,12:27,689,2,Salón,Tarjeta,78.0,0
11438,2026-09-13,20:22,307,24,Delivery propio,Efectivo,67.0,0
11439,2026-09-13,17:53,3654,19,Salón,Tarjeta,36.0,0
11440,2026-09-13,19:41,2975,19,Para llevar,Efectivo,144.0,0
11441,2026-09-13,15:53,4683,24,Delivery propio,Yape,136.0,0
11442,2026-09-13,13:18,979,19,Salón,Tarjeta,312.0,0
11443,2026-09-13,19:06,4967,3,Salón,Yape,112.0,0
11444,2026-09-13,21:28,401,18,Salón,Efectivo,75.0,0
11445,2026-09-13,14:31,4384,5,Salón,Tarjeta,197.0,0
11446,2026-09-13,14:03,3510,20,Delivery propio,Yape,70.0,0
11447,2026-09-13,13:17,1100,5,Salón,Efectivo,96.0,0
11448,2026-09-13,11:37,4407,5,Salón,Yape,54.0,0
11449,2026-09-13,12:48,3873,7,Salón,Plin,180.0,0
11450,2026-09-13,13:46,2986,17,Para llevar,Plin,56.0,0
11451,2026-09-13,12:44,862,3,Salón,Plin,60.0,0
11452,2026-09-13,16:00,4838,20,Salón,Yape,95.0,0
11453,2026-09-13,14:14,2268,16,Para llevar,Yape,74.0,0
11454,2026-09-13,17:54,5250,19,Delivery propio,Efectivo,126.0,0
11455,2026-09-13,14:13,1587,7,Salón,Yape,86.0,0
11456,2026-09-13,13:48,4006,18,Para llevar,Yape,160.0,0
11457,2026-09-13,14:50,611,24,Salón,Efectivo,142.0,0
11458,2026-09-13,14:58,1239,5,Salón,Plin,84.0,0
11459,2026-09-13,14:55,1162,2,Para llevar,Yape,141.0,0
11460,2026-09-13,21:50,3646,22,Para llevar,Efectivo,162.0,0
11461,2026-09-13,11:18,4597,5,Salón,Efectivo,106.0,0
11462,2026-09-13,14:07,4261,7,Delivery propio,Tarjeta,116.0,0
11463,2026-09-13,16:12,4685,2,Delivery propio,Yape,154.0,0
11464,2026-09-13,13:45,5421,22,Delivery propio,Yape,83.0,0
11465,2026-09-13,15:43,2924,24,Delivery propio,Efectivo,172.0,0
11466,2026-09-13,14:45,1524,20,Salón,Efectivo,92.0,0
11467,2026-09-13,19:34,5033,24,Delivery propio,Yape,146.0,0
11468,2026-09-13,14:07,5235,22,Para llevar,Tarjeta,14.0,0
11469,2026-09-13,14:39,3271,16,Salón,Yape,152.0,0
11470,2026-09-13,13:01,505,5,Salón,Tarjeta,72.0,0
11471,2026-09-13,13:28,3139,2,Salón,Yape,92.0,0
11472,2026-09-13,14:21,9999,2,Para llevar,Efectivo,274.0,0
11473,2026-09-13,14:54,18,19,Salón,Plin,164.0,0
11474,2026-09-13,13:03,1173,24,Para llevar,Tarjeta,86.0,0
11475,2026-09-13,12:25,3140,20,Para llevar,Yape,236.0,0
11476,2026-09-13,14:42,3641,7,Salón,Efectivo,163.0,0
11477,2026-09-13,13:48,5215,24,Para llevar,Efectivo,146.0,0
11478,2026-09-13,13:59,2568,17,Para llevar,Yape,91.0,0
11479,2026-09-14,13:59,2574,22,Para llevar,Yape,76.0,0
11480,2026-09-14,18:59,1799,17,Salón,Yape,116.0,0
11481,2026-09-14,19:27,1935,16,Para llevar,Tarjeta,258.0,0
11482,2026-09-14,14:38,3476,3,Salón,Yape,80.0,0
11483,2026-09-14,14:29,9999,20,Delivery propio,Yape,184.0,0
11484,2026-09-14,16:56,4974,19,Salón,Tarjeta,124.0,0
11485,2026-09-14,12:30,811,16,Salón,Efectivo,280.0,0
11486,2026-09-14,12:47,5148,20,Delivery propio,Yape,133.0,0
11487,2026-09-14,14:03,732,7,Salón,Plin,144.0,0
11488,2026-09-14,14:29,3720,2,Salón,Efectivo,290.0,0
11489,2026-09-14,19:37,644,20,Salón,Efectivo,51.0,0
11490,2026-09-14,13:37,4313,5,Salón,Plin,18.0,0
11491,2026-09-14,19:39,822,20,Salón,Yape,46.0,0
11492,2026-09-14,12:37,4540,24,Salón,Yape,226.0,0
11493,2026-09-14,11:55,292,18,Salón,Yape,166.0,0
11494,2026-09-14,20:07,938,3,Salón,Tarjeta,36.0,0
11495,2026-09-14,13:28,5266,24,Delivery propio,Efectivo,18.0,0
11496,2026-09-14,13:26,4744,16,Salón,Efectivo,188.0,0
11497,2026-09-14,19:55,1289,24,Delivery propio,Efectivo,71.0,0
11498,2026-09-14,21:10,5337,3,Delivery propio,Efectivo,98.0,0
11499,2026-09-14,19:04,5389,5,Salón,Tarjeta,92.0,0
11500,2026-09-14,13:36,4558,3,Salón,Efectivo,124.0,0
11501,2026-09-15,19:56,560,17,Delivery propio,Yape,284.0,0
11502,2026-09-15,18:53,5212,2,Salón,Efectivo,180.0,0
11503,2026-09-15,18:12,2971,16,Salón,Tarjeta,116.0,0
11504,2026-09-15,11:53,13,24,Salón,Tarjeta,208.0,0
11505,2026-09-15,13:10,499,7,Delivery propio,Tarjeta,258.0,0
11506,2026-09-15,13:40,5262,2,Salón,Plin,70.0,0
11507,2026-09-15,17:22,531,22,Salón,Yape,102.0,0
11508,2026-09-15,19:59,4222,5,Delivery propio,Yape,86.0,0
11509,2026-09-15,13:50,922,17,Salón,Yape,100.0,0
11510,2026-09-15,15:36,9999,20,Salón,Yape,30.0,0
11511,2026-09-15,15:36,1911,18,Para llevar,Yape,140.0,0
11512,2026-09-15,11:47,4013,19,Delivery propio,Yape,56.0,0
11513,2026-09-15,12:40,4243,22,Delivery propio,Efectivo,123.0,0
11514,2026-09-15,14:48,2570,18,Para llevar,Tarjeta,121.0,0
11515,2026-09-15,19:15,987,18,Salón,Yape,81.0,0
11516,2026-09-15,13:29,4973,18,Salón,Yape,113.0,0
11517,2026-09-15,16:53,9999,3,Salón,Efectivo,67.0,0
11518,2026-09-15,14:44,1062,16,Salón,Plin,101.0,0
11519,2026-09-15,13:18,4984,7,Para llevar,Tarjeta,119.0,0
11520,2026-09-15,14:30,4284,22,Salón,Yape,107.0,0
11521,2026-09-15,13:14,4220,22,Salón,Yape,52.0,0
11522,2026-09-15,13:41,171,16,Para llevar,Efectivo,116.0,0
11523,2026-09-15,13:06,2964,7,Salón,Tarjeta,258.0,0
11524,2026-09-15,15:08,9999,18,Salón,Efectivo,92.0,0
11525,2026-09-15,11:34,865,3,Salón,Tarjeta,102.0,0
11526,2026-09-15,18:17,4358,22,Delivery propio,Tarjeta,72.0,0
11527,2026-09-15,14:38,9999,5,Salón,Yape,251.0,0
11528,2026-09-15,20:33,1856,5,Delivery propio,Yape,63.0,0
11529,2026-09-15,17:19,558,2,Salón,Tarjeta,139.0,0
11530,2026-09-15,13:23,4211,19,Para llevar,Yape,74.0,0
11531,2026-09-28,13:49,4397,5,Salón,Efectivo,178.0,1
11532,2026-09-15,14:12,5442,19,Salón,Efectivo,297.0,0
11533,2026-09-15,12:01,4748,7,Salón,Tarjeta,88.0,0
11534,2026-09-15,12:15,4787,3,Salón,Yape,188.0,0
11535,2026-09-16,16:53,3414,24,Salón,Efectivo,104.0,0
11536,2026-09-16,17:49,4087,17,Salón,Tarjeta,140.0,0
11537,2026-09-16,11:24,4016,18,Salón,Plin,257.0,0
11538,2026-09-16,14:02,9999,7,Salón,Yape,24.0,0
11539,2026-09-16,15:38,1770,5,Para llevar,Yape,190.0,0
11540,2026-09-16,15:36,1429,5,Salón,Yape,52.0,0
11541,2026-09-16,14:44,2288,17,Salón,Yape,174.0,0
11542,2026-09-16,16:24,4300,2,Para llevar,Efectivo,6.0,0
11543,2026-09-16,14:25,3165,24,Salón,Plin,63.0,0
11544,2026-09-16,16:45,3470,17,Para llevar,Yape,69.0,0
11545,2026-09-16,20:15,4767,20,Para llevar,Efectivo,142.0,0
11546,2026-09-16,14:53,3926,17,Salón,Efectivo,102.0,0
11547,2026-09-16,17:28,1886,7,Delivery propio,Efectivo,129.0,0
11548,2026-09-16,14:06,4874,24,Salón,Yape,22.0,0
11549,2026-09-16,21:57,4593,5,Salón,Tarjeta,170.0,0
11550,2026-09-16,15:12,4729,2,Salón,Efectivo,108.0,0
11551,2026-09-28,14:00,239,17,Delivery propio,Tarjeta,114.0,1
11552,2026-09-16,16:15,3050,19,Salón,Yape,184.0,0
11553,2026-09-16,18:12,2255,2,Para llevar,Tarjeta,152.0,0
11554,2026-09-16,12:47,1958,3,Salón,Tarjeta,70.0,0
11555,2026-09-16,19:59,1784,22,Delivery propio,Yape,44.0,0
11556,2026-09-16,18:47,4753,7,Salón,Plin,18.0,0
11557,2026-09-16,14:04,49,18,Para llevar,Efectivo,193.0,0
11558,2026-09-16,15:56,4134,22,Salón,Efectivo,78.0,0
11559,2026-09-16,13:59,2316,20,Para llevar,Tarjeta,90.0,0
11560,2026-09-16,14:34,4568,17,Salón,Efectivo,96.0,0
11561,2026-09-16,14:42,5128,22,Salón,Efectivo,200.0,0
11562,2026-09-16,13:55,2301,17,Para llevar,Efectivo,194.0,0
11563,2026-09-16,15:47,501,7,Salón,Yape,150.0,0
11564,2026-09-16,18:20,2395,3,Salón,Plin,150.0,0
11565,2026-09-17,13:29,4915,24,Salón,Efectivo,56.0,0
11566,2026-09-17,13:56,4261,20,Salón,Yape,80.0,0
11567,2026-09-17,11:19,2588,2,Salón,Efectivo,88.0,0
11568,2026-09-17,19:43,592,16,Delivery propio,Yape,54.0,0
11569,2026-09-17,12:07,673,5,Salón,Efectivo,98.0,0
11570,2026-09-17,11:35,4005,2,Para llevar,Yape,222.0,0
11571,2026-09-17,13:54,956,7,Salón,Plin,206.0,0
11572,2026-09-17,12:43,1060,19,Salón,Efectivo,66.0,0
11573,2026-09-17,14:58,5244,24,Salón,Yape,104.0,0
11574,2026-09-17,13:49,4683,24,Para llevar,Efectivo,52.0,0
11575,2026-09-17,18:09,2549,18,Salón,Efectivo,76.0,0
11576,2026-09-17,13:12,4641,24,Salón,Tarjeta,36.0,0
11577,2026-09-17,13:04,4022,3,Salón,Efectivo,110.0,0
11578,2026-09-17,21:48,5426,24,Salón,Yape,288.0,0
11579,2026-09-17,20:15,27,17,Salón,Efectivo,112.0,0
11580,2026-09-17,17:59,4227,19,Delivery propio,Tarjeta,8.0,0
11581,2026-09-17,15:23,915,3,Delivery propio,Plin,162.0,0
11582,2026-09-17,14:16,4510,22,Salón,Efectivo,71.0,0
11583,2026-09-17,18:26,9999,3,Salón,Efectivo,214.0,0
11584,2026-09-17,13:51,1247,3,Salón,Plin,94.0,0
11585,2026-09-17,17:16,1796,2,Delivery propio,Efectivo,153.0,0
11586,2026-09-17,12:00,4570,18,Para llevar,Plin,122.0,0
11587,2026-09-17,15:37,4551,20,Salón,Tarjeta,196.0,0
11588,2026-09-17,14:19,2552,17,Salón,Tarjeta,124.0,0
11589,2026-09-17,15:13,2220,22,Salón,Yape,78.0,0
11590,2026-09-17,15:13,1965,3,Salón,Tarjeta,86.0,0
11591,2026-09-17,11:02,1325,16,Para llevar,Tarjeta,53.0,0
11592,2026-09-17,20:19,1869,19,Delivery propio,Efectivo,254.0,0
11593,2026-09-17,12:29,2433,16,Salón,Efectivo,74.0,0
11594,2026-09-18,12:27,5085,16,Salón,Yape,121.0,0
11595,2026-09-18,12:26,2612,20,Salón,Efectivo,172.0,0
11596,2026-09-18,15:11,2255,3,Para llevar,Yape,113.0,0
11597,2026-09-18,13:52,1903,24,Delivery propio,Plin,128.0,0
11598,2026-09-18,13:42,2183,19,Para llevar,Efectivo,67.0,0
11599,2026-09-18,13:15,4784,24,Salón,Yape,92.0,0
11600,2026-09-18,15:02,5037,7,Salón,Efectivo,60.0,0
11601,2026-09-18,20:49,4167,18,Salón,Yape,172.0,0
11602,2026-09-18,20:51,5085,22,Salón,Efectivo,166.0,0
11603,2026-09-18,13:27,3322,20,Salón,Efectivo,72.0,0
11604,2026-09-18,13:10,9999,18,Para llevar,Yape,111.0,0
11605,2026-09-18,14:56,693,18,Salón,Tarjeta,60.0,0
11606,2026-09-18,14:59,1361,20,Para llevar,Tarjeta,157.0,0
11607,2026-09-18,13:39,2312,7,Delivery propio,Yape,276.0,0
11608,2026-09-18,13:40,1274,20,Para llevar,Plin,99.0,0
11609,2026-09-18,14:34,9999,18,Para llevar,Yape,216.0,0
11610,2026-09-18,20:37,877,5,Salón,Tarjeta,206.0,0
11611,2026-09-18,11:08,2962,18,Salón,Tarjeta,98.0,0
11612,2026-09-18,18:43,590,16,Delivery propio,Tarjeta,44.0,0
11613,2026-09-18,13:40,183,2,Salón,Efectivo,236.0,0
11614,2026-09-18,20:42,2734,16,Delivery propio,Efectivo,198.0,0
11615,2026-09-18,19:24,4901,22,Salón,Plin,310.0,0
11616,2026-09-18,14:03,3609,18,Salón,Efectivo,136.0,0
11617,2026-09-18,13:32,292,19,Delivery propio,Efectivo,24.0,0
11618,2026-09-18,20:56,4809,18,Delivery propio,Efectivo,81.0,0
11619,2026-09-18,18:05,1921,5,Salón,Efectivo,9.0,0
11620,2026-09-18,19:09,9999,17,Salón,Yape,218.0,0
11621,2026-09-18,19:06,1887,22,Salón,Efectivo,118.0,0
11622,2026-09-18,11:39,2566,17,Para llevar,Tarjeta,192.0,0
11623,2026-09-18,13:38,4494,22,Salón,Yape,149.0,0
11624,2026-09-18,12:54,1286,22,Para llevar,Efectivo,26.0,0
11625,2026-09-18,14:02,735,24,Salón,Efectivo,146.0,0
11626,2026-09-18,14:58,3569,20,Salón,Plin,138.0,0
11627,2026-09-18,16:27,407,2,Para llevar,Efectivo,116.0,0
11628,2026-09-18,12:37,1010,24,Para llevar,Efectivo,56.0,0
11629,2026-09-18,18:00,4117,5,Salón,Yape,297.0,0
11630,2026-09-18,19:08,5260,18,Salón,Tarjeta,168.0,0
11631,2026-09-18,14:11,4027,19,Salón,Efectivo,216.0,0
11632,2026-09-18,20:04,331,22,Salón,Efectivo,138.0,0
11633,2026-09-18,17:27,330,19,Para llevar,Plin,48.0,0
11634,2026-09-18,17:32,9999,18,Salón,Yape,319.0,0
11635,2026-09-18,15:18,5434,24,Delivery propio,Tarjeta,12.0,0
11636,2026-09-18,21:25,3538,24,Salón,Tarjeta,82.0,0
11637,2026-09-18,20:58,3636,16,Delivery propio,Tarjeta,165.0,0
11638,2026-09-18,19:28,4956,18,Salón,Yape,171.0,0
11639,2026-09-18,14:42,2101,18,Delivery propio,Tarjeta,164.0,0
11640,2026-09-18,19:54,214,7,Salón,Yape,86.0,0
11641,2026-09-18,13:33,823,3,Salón,Tarjeta,143.0,0
11642,2026-09-18,20:58,1066,7,Delivery propio,Yape,100.0,0
11643,2026-09-18,12:59,1965,24,Para llevar,Yape,36.0,0
11644,2026-09-18,19:23,1740,2,Salón,Efectivo,76.0,0
11645,2026-09-18,20:25,3653,16,Para llevar,Efectivo,18.0,0
11646,2026-09-18,13:35,2908,18,Para llevar,Efectivo,73.0,0
11647,2026-09-18,21:49,1125,19,Delivery propio,Yape,94.0,0
11648,2026-09-19,20:53,2165,19,Salón,Yape,26.0,0
11649,2026-09-19,18:28,4055,2,Para llevar,Efectivo,136.0,0
11650,2026-09-19,13:14,3437,2,Salón,Efectivo,144.0,0
11651,2026-09-19,13:27,4274,2,Para llevar,Plin,201.0,0
11652,2026-09-19,15:01,1350,22,Salón,Yape,90.0,0
11653,2026-09-19,13:52,2630,16,Salón,Yape,75.0,0
11654,2026-09-19,12:59,1583,7,Salón,Efectivo,202.0,0
11655,2026-09-19,14:23,142,20,Salón,Yape,259.0,0
11656,2026-09-19,14:48,9999,7,Salón,Yape,36.0,0
11657,2026-09-19,17:32,4731,7,Salón,Tarjeta,158.0,0
11658,2026-09-19,13:17,9999,5,Salón,Efectivo,82.0,0
11659,2026-09-19,13:16,4119,18,Salón,Plin,64.0,0
11660,2026-09-19,12:52,3881,7,Salón,Efectivo,84.0,0
11661,2026-09-19,14:01,3685,22,Salón,Yape,200.0,0
11662,2026-09-19,11:46,9999,5,Delivery propio,Plin,146.0,0
11663,2026-09-19,19:01,4261,17,Salón,Yape,52.0,0
11664,2026-09-19,14:13,9999,18,Salón,Plin,114.0,0
11665,2026-09-19,20:40,4513,17,Salón,Efectivo,101.0,0
11666,2026-09-19,15:57,2493,16,Salón,Efectivo,346.0,0
11667,2026-09-19,20:10,9999,3,Salón,Efectivo,10.0,0
11668,2026-09-19,20:13,115,17,Salón,Yape,122.0,0
11669,2026-09-19,19:43,1530,19,Para llevar,Plin,198.0,0
11670,2026-09-19,14:13,3062,18,Para llevar,Tarjeta,266.0,0
11671,2026-09-19,16:01,1533,19,Para llevar,Yape,230.0,0
11672,2026-09-19,19:18,3797,18,Salón,Tarjeta,102.0,0
11673,2026-09-19,13:43,1688,2,Salón,Yape,180.0,0
11674,2026-09-19,17:53,2712,3,Salón,Efectivo,104.0,0
11675,2026-09-19,12:09,2463,17,Salón,Efectivo,76.0,0
11676,2026-09-19,20:40,4347,24,Salón,Tarjeta,243.0,0
11677,2026-09-19,14:31,622,5,Delivery propio,Efectivo,44.0,0
11678,2026-09-19,13:19,9999,22,Salón,Efectivo,198.0,0
11679,2026-09-19,13:14,1458,3,Delivery propio,Tarjeta,180.0,0
11680,2026-09-19,19:20,2718,17,Salón,Efectivo,261.0,0
11681,2026-09-19,13:29,2658,3,Salón,Efectivo,108.0,0
11682,2026-09-19,19:09,5125,16,Salón,Efectivo,118.0,0
11683,2026-09-19,15:54,5322,2,Delivery propio,Plin,222.0,0
11684,2026-09-19,18:47,1814,24,Delivery propio,Yape,105.0,0
11685,2026-09-19,16:08,699,19,Delivery propio,Yape,131.0,0
11686,2026-09-19,20:14,877,19,Salón,Efectivo,69.0,0
11687,2026-09-19,13:08,4377,3,Salón,Tarjeta,110.0,0
11688,2026-09-19,20:42,2405,2,Salón,Efectivo,58.0,0
11689,2026-09-19,16:49,4306,2,Salón,Efectivo,132.0,0
11690,2026-09-19,17:41,4424,18,Delivery propio,Efectivo,32.0,0
11691,2026-09-19,16:47,2875,3,Salón,Efectivo,352.0,0
11692,2026-09-19,12:00,4474,18,Para llevar,Efectivo,348.0,0
11693,2026-09-19,14:46,3376,24,Salón,Yape,178.0,0
11694,2026-09-19,19:31,3015,5,Delivery propio,Efectivo,32.0,0
11695,2026-09-19,11:48,3727,22,Salón,Tarjeta,224.0,0
11696,2026-09-19,18:16,4135,5,Salón,Yape,52.0,0
11697,2026-09-19,11:24,877,17,Para llevar,Tarjeta,170.0,0
11698,2026-09-19,14:13,3939,5,Delivery propio,Efectivo,96.0,0
11699,2026-09-19,14:12,2135,19,Salón,Plin,128.0,0
11700,2026-09-19,13:06,1239,20,Delivery propio,Tarjeta,56.0,0
11701,2026-09-20,13:43,60,18,Para llevar,Yape,92.0,0
11702,2026-09-20,15:23,9999,24,Salón,Efectivo,88.0,0
11703,2026-09-20,18:58,5248,3,Salón,Efectivo,44.0,0
11704,2026-09-20,11:25,5469,3,Salón,Efectivo,122.0,0
11705,2026-09-20,14:08,2826,16,Salón,Efectivo,84.0,0
11706,2026-09-20,15:48,4317,2,Salón,Yape,217.0,0
11707,2026-09-20,14:06,4651,17,Para llevar,Tarjeta,69.0,0
11708,2026-09-20,11:25,3678,16,Para llevar,Plin,105.0,0
11709,2026-09-20,13:54,4497,7,Salón,Plin,28.0,0
11710,2026-09-20,19:35,2545,18,Salón,Tarjeta,130.0,0
11711,2026-09-20,15:30,2593,18,Salón,Yape,76.0,0
11712,2026-09-20,18:03,4308,2,Salón,Yape,30.0,0
11713,2026-09-20,14:57,3405,17,Delivery propio,Yape,106.0,0
11714,2026-09-20,13:18,3838,17,Salón,Tarjeta,34.0,0
11715,2026-09-20,12:46,9999,22,Salón,Yape,36.0,0
11716,2026-09-20,17:04,5234,19,Delivery propio,Yape,22.0,0
11717,2026-09-20,18:00,4729,18,Para llevar,Yape,115.0,0
11718,2026-09-20,21:10,4043,17,Salón,Efectivo,347.0,0
11719,2026-09-20,18:17,1145,3,Salón,Yape,242.0,0
11720,2026-09-20,17:26,3505,16,Salón,Tarjeta,161.0,0
11721,2026-09-20,12:26,2489,24,Salón,Tarjeta,48.0,0
11722,2026-09-20,13:36,2764,16,Salón,Efectivo,176.0,0
11723,2026-09-20,20:20,2434,22,Salón,Efectivo,129.0,0
11724,2026-09-20,11:52,2355,22,Delivery propio,Plin,171.0,0
11726,2026-09-20,13:18,1409,22,Delivery propio,Tarjeta,106.0,0
11727,2026-09-20,15:44,1735,20,Salón,Plin,18.0,0
11728,2026-09-20,12:49,9999,5,Salón,Efectivo,158.0,0
11729,2026-09-20,13:41,1977,17,Salón,Yape,44.0,0
11730,2026-09-20,14:55,4727,19,Para llevar,Efectivo,84.0,0
11731,2026-09-20,18:55,9999,2,Para llevar,Efectivo,224.0,0
11732,2026-09-20,21:49,86,24,Delivery propio,Yape,63.0,0
11733,2026-09-20,20:24,853,7,Salón,Plin,152.0,0
11734,2026-09-20,13:47,9999,24,Salón,Efectivo,184.0,0
11735,2026-09-20,21:12,2104,16,Salón,Yape,36.0,0
11736,2026-09-20,16:21,3669,7,Salón,Efectivo,200.0,0
11737,2026-09-20,13:46,9999,20,Salón,Yape,160.0,0
11738,2026-09-20,19:42,374,24,Salón,Efectivo,139.0,0
11739,2026-09-20,12:54,578,24,Salón,Plin,154.0,0
11740,2026-09-20,13:38,9999,3,Salón,Efectivo,132.0,0
11741,2026-09-20,18:23,3632,18,Delivery propio,Efectivo,165.0,0
11742,2026-09-20,13:54,3342,16,Para llevar,Yape,105.0,0
11743,2026-09-20,15:04,907,22,Para llevar,Plin,106.0,0
11744,2026-09-20,21:22,769,2,Delivery propio,Efectivo,134.0,0
11745,2026-09-20,11:10,3222,7,Salón,Efectivo,193.0,0
11746,2026-09-20,18:37,1325,20,Salón,Plin,152.0,0
11747,2026-09-20,14:49,22,17,Salón,Tarjeta,232.0,0
11748,2026-09-20,19:51,2127,3,Salón,Efectivo,170.0,0
11749,2026-09-20,20:08,1296,5,Salón,Tarjeta,150.0,0
11750,2026-09-20,18:17,4328,3,Salón,Efectivo,92.0,0
11751,2026-09-21,12:46,2711,20,Salón,Tarjeta,168.0,0
11752,2026-09-21,11:18,196,22,Delivery propio,Tarjeta,108.0,0
11753,2026-09-21,16:06,4264,17,Delivery propio,Yape,142.0,0
11754,2026-09-21,13:37,9999,22,Salón,Tarjeta,89.0,0
11755,2026-09-21,20:51,3114,17,Salón,Efectivo,196.0,0
11756,2026-09-21,12:42,3774,5,Salón,Efectivo,75.0,0
11757,2026-09-21,18:45,3701,18,Salón,Yape,236.0,0
11758,2026-09-21,17:43,2274,20,Para llevar,Yape,200.0,0
11759,2026-09-21,19:04,1446,22,Delivery propio,Efectivo,106.0,0
11760,2026-09-21,14:26,3757,24,Salón,Efectivo,20.0,0
11761,2026-09-21,21:38,3616,18,Delivery propio,Efectivo,156.0,0
11762,2026-09-21,13:12,5240,5,Salón,Efectivo,292.0,0
11763,2026-09-21,13:42,1901,17,Salón,Plin,36.0,0
11764,2026-09-21,20:36,2161,22,Delivery propio,Efectivo,184.0,0
11765,2026-09-21,13:08,4747,16,Para llevar,Yape,198.0,0
11766,2026-09-21,13:07,4019,17,Delivery propio,Yape,305.0,0
11767,2026-09-21,19:03,4367,24,Salón,Yape,200.0,0
11768,2026-09-21,17:30,2786,2,Salón,Tarjeta,25.0,0
11769,2026-09-21,14:45,2465,16,Para llevar,Yape,118.0,0
11770,2026-09-21,19:43,877,5,Delivery propio,Efectivo,40.0,0
11771,2026-09-21,13:01,4833,5,Salón,Tarjeta,264.0,0
11772,2026-09-21,11:07,2074,3,Salón,Yape,141.0,0
11773,2026-09-21,18:17,1872,20,Delivery propio,Plin,81.0,0
11774,2026-09-21,20:38,3866,16,Salón,Yape,86.0,0
11775,2026-09-21,15:54,2167,2,Salón,Plin,287.0,0
11776,2026-09-21,18:52,1573,7,Delivery propio,Efectivo,222.0,0
11777,2026-09-28,15:24,1780,2,Salón,Efectivo,72.0,1
11778,2026-09-21,14:31,247,24,Salón,Efectivo,228.0,0
11779,2026-09-21,12:06,3221,20,Salón,Tarjeta,286.0,0
11780,2026-09-21,20:16,3658,19,Salón,Plin,174.0,0
11781,2026-09-21,14:23,4664,24,Salón,Tarjeta,28.0,0
11782,2026-09-21,13:24,1481,17,Salón,Tarjeta,62.0,0
11783,2026-09-21,17:58,2515,7,Salón,Efectivo,248.0,0
11784,2026-09-22,14:54,3459,17,Para llevar,Plin,46.0,0
11785,2026-09-22,15:50,3187,19,Salón,Efectivo,286.0,0
11786,2026-09-22,14:59,2807,17,Salón,Tarjeta,104.0,0
11787,2026-09-22,12:23,5281,7,Salón,Efectivo,12.0,0
11788,2026-09-22,12:47,1802,2,Salón,Plin,86.0,0
11789,2026-09-22,20:19,2900,24,Salón,Tarjeta,161.0,0
11790,2026-09-22,15:03,5019,24,Para llevar,Tarjeta,50.0,0
11791,2026-09-22,11:34,3255,22,Para llevar,Tarjeta,156.0,0
11792,2026-09-22,20:41,661,7,Salón,Efectivo,126.0,0
11793,2026-09-22,15:33,4284,18,Salón,Yape,292.0,0
11794,2026-09-22,14:17,5197,19,Salón,Tarjeta,26.0,0
11795,2026-09-22,19:48,3443,20,Delivery propio,Yape,312.0,0
11796,2026-09-22,12:30,534,20,Salón,Yape,36.0,0
11797,2026-09-22,20:52,3645,5,Salón,Efectivo,194.0,0
11798,2026-09-22,13:08,356,20,Delivery propio,Efectivo,116.0,0
11799,2026-09-22,12:31,3410,20,Delivery propio,Yape,112.0,0
11800,2026-09-22,13:45,1000,2,Salón,Tarjeta,46.0,0
11801,2026-09-22,13:32,4639,24,Salón,Efectivo,80.0,0
11802,2026-09-22,18:06,3656,17,Salón,Efectivo,53.0,0
11803,2026-09-22,17:18,4841,7,Para llevar,Efectivo,102.0,0
11804,2026-09-23,12:19,2434,20,Delivery propio,Efectivo,104.0,0
11805,2026-09-23,12:22,877,24,Salón,Plin,22.0,0
11806,2026-09-23,12:00,4838,19,Salón,Efectivo,96.0,0
11807,2026-09-23,15:13,1093,19,Delivery propio,Yape,72.0,0
11808,2026-09-23,11:28,9999,20,Para llevar,Yape,146.0,0
11809,2026-09-23,19:30,1285,20,Para llevar,Tarjeta,137.0,0
11810,2026-09-23,20:01,9999,20,Salón,Efectivo,72.0,0
11811,2026-09-23,19:59,407,18,Salón,Efectivo,143.0,0
11812,2026-09-23,20:31,2643,7,Salón,Efectivo,196.0,0
11813,2026-09-23,13:29,814,24,Para llevar,Yape,52.0,0
11814,2026-09-23,19:02,2180,19,Salón,Tarjeta,68.0,0
11815,2026-09-23,13:47,314,2,Salón,Efectivo,199.0,0
11816,2026-09-23,14:33,4281,7,Salón,Yape,159.0,0
11817,2026-09-23,12:36,3210,7,Salón,Yape,122.0,0
11818,2026-09-23,15:56,2975,3,Salón,Efectivo,37.0,0
11819,2026-09-23,12:36,2770,18,Para llevar,Efectivo,220.0,0
11820,2026-09-23,17:29,846,19,Salón,Efectivo,69.0,0
11821,2026-09-23,15:35,9999,20,Para llevar,Tarjeta,122.0,0
11822,2026-09-23,19:41,3829,17,Para llevar,Efectivo,147.0,0
11823,2026-09-23,19:57,4479,17,Salón,Efectivo,160.0,0
11824,2026-09-23,20:30,9999,2,Para llevar,Yape,170.0,0
11825,2026-09-23,11:24,2288,20,Salón,Yape,216.0,0
11826,2026-09-23,14:08,1009,20,Para llevar,Tarjeta,126.0,0
11827,2026-09-23,14:03,918,19,Delivery propio,Plin,96.0,0
11828,2026-09-23,18:11,9999,3,Delivery propio,Yape,186.0,0
11829,2026-09-23,15:20,3878,18,Salón,Tarjeta,200.0,0
11830,2026-09-24,12:21,1327,2,Salón,Yape,149.0,0
11831,2026-09-24,19:43,3594,2,Salón,Efectivo,244.0,0
11832,2026-09-24,14:53,1460,7,Delivery propio,Efectivo,24.0,0
11833,2026-09-24,21:18,4659,20,Salón,Plin,193.0,0
11834,2026-09-24,12:17,4190,20,Para llevar,Yape,34.0,0
11835,2026-09-24,11:00,5093,17,Delivery propio,Efectivo,88.0,0
11836,2026-09-24,14:31,5169,18,Para llevar,Yape,42.0,0
11837,2026-09-24,17:15,9999,19,Para llevar,Plin,292.0,0
11838,2026-09-24,20:24,2843,24,Salón,Tarjeta,64.0,0
11839,2026-09-24,18:45,1821,3,Salón,Yape,104.0,0
11840,2026-09-24,20:24,704,16,Salón,Efectivo,199.0,0
11841,2026-09-24,14:55,9999,7,Salón,Efectivo,28.0,0
11842,2026-09-24,18:00,468,5,Delivery propio,Yape,319.0,0
11843,2026-09-24,15:35,681,17,Delivery propio,Tarjeta,90.0,0
11844,2026-09-24,19:56,1702,24,Para llevar,Yape,12.0,0
11845,2026-09-24,13:19,1198,16,Para llevar,Tarjeta,178.0,0
11846,2026-09-24,13:35,877,20,Delivery propio,Tarjeta,232.0,0
11847,2026-09-24,15:14,4708,5,Para llevar,Yape,34.0,0
11848,2026-09-24,20:29,3538,2,Salón,Tarjeta,166.0,0
11849,2026-09-24,21:30,2543,3,Salón,Tarjeta,96.0,0
11850,2026-09-24,14:19,9999,20,Salón,Efectivo,200.0,0
11851,2026-09-24,13:53,3588,19,Salón,Tarjeta,46.0,0
11852,2026-09-24,12:41,941,20,Salón,Yape,176.0,0
11853,2026-09-24,18:33,9999,3,Para llevar,Efectivo,93.0,0
11854,2026-09-24,16:49,1574,7,Salón,Tarjeta,80.0,0
11855,2026-09-24,12:51,803,24,Salón,Plin,246.0,0
11856,2026-09-24,13:56,4218,16,Delivery propio,Efectivo,184.0,0
11857,2026-09-24,19:55,2373,5,Para llevar,Efectivo,244.0,0
11858,2026-09-25,12:07,2611,20,Salón,Tarjeta,156.0,0
11859,2026-09-25,14:35,3100,24,Salón,Tarjeta,101.0,0
11860,2026-09-25,18:55,877,18,Salón,Tarjeta,88.0,0
11861,2026-09-25,14:15,1042,16,Para llevar,Tarjeta,265.0,0
11862,2026-09-25,20:58,1217,17,Salón,Tarjeta,36.0,0
11863,2026-09-25,14:05,4078,20,Salón,Tarjeta,118.0,0
11864,2026-09-25,11:11,526,16,Para llevar,Yape,138.0,0
11865,2026-09-25,13:37,2347,19,Salón,Efectivo,64.0,0
11866,2026-09-25,16:36,3601,7,Salón,Yape,68.0,0
11867,2026-09-25,19:55,1183,7,Salón,Yape,48.0,0
11868,2026-09-25,19:16,4747,7,Delivery propio,Tarjeta,215.0,0
11869,2026-09-25,13:43,1832,16,Salón,Plin,92.0,0
11870,2026-09-25,17:50,5097,3,Salón,Yape,228.0,0
11871,2026-09-25,13:46,5143,5,Para llevar,Yape,138.0,0
11872,2026-09-25,18:54,780,20,Salón,Tarjeta,136.0,0
11873,2026-09-25,18:52,933,5,Salón,Plin,130.0,0
11874,2026-09-25,15:14,4386,20,Salón,Efectivo,43.0,0
11875,2026-09-25,20:16,2257,19,Salón,Plin,44.0,0
11876,2026-09-25,20:11,3459,7,Salón,Yape,36.0,0
11877,2026-09-25,19:12,3259,2,Salón,Yape,92.0,0
11878,2026-09-25,12:11,3614,24,Salón,Efectivo,89.0,0
11879,2026-09-25,14:37,9999,19,Para llevar,Efectivo,305.0,0
11880,2026-09-25,19:20,2427,5,Delivery propio,Tarjeta,236.0,0
11881,2026-09-25,14:02,4313,22,Salón,Yape,170.0,0
11882,2026-09-25,14:43,3636,17,Salón,Plin,148.0,0
11883,2026-09-25,12:05,936,17,Salón,Plin,182.0,0
11884,2026-09-25,15:07,4404,18,Salón,Plin,258.0,0
11885,2026-09-25,19:25,2353,2,Salón,Efectivo,150.0,0
11886,2026-09-25,12:43,3001,19,Salón,Efectivo,54.0,0
11887,2026-09-25,13:26,921,19,Delivery propio,Tarjeta,110.0,0
11888,2026-09-25,14:29,2403,18,Salón,Efectivo,74.0,0
11889,2026-09-25,12:58,2553,24,Salón,Tarjeta,143.0,0
11890,2026-09-25,15:53,4989,18,Salón,Efectivo,102.0,0
11891,2026-09-25,21:29,2803,19,Salón,Efectivo,122.0,0
11892,2026-09-25,19:51,2834,16,Salón,Efectivo,98.0,0
11893,2026-09-25,17:09,810,18,Para llevar,Yape,74.0,0
11894,2026-09-25,19:36,4270,2,Delivery propio,Efectivo,16.0,0
11895,2026-09-25,13:37,4598,19,Delivery propio,Yape,64.0,0
11896,2026-09-25,19:56,4296,16,Salón,Plin,198.0,0
11897,2026-09-25,12:03,4143,7,Salón,Tarjeta,106.0,0
11898,2026-09-25,13:42,9999,22,Salón,Yape,191.0,0
11899,2026-09-25,20:50,1860,19,Salón,Yape,215.0,0
11900,2026-09-25,15:43,3936,17,Salón,Efectivo,118.0,0
11901,2026-09-25,18:04,3143,17,Para llevar,Plin,30.0,0
11902,2026-09-26,12:38,1101,20,Delivery propio,Efectivo,36.0,0
11903,2026-09-26,12:46,2312,17,Salón,Tarjeta,231.0,0
11904,2026-09-26,12:48,2507,2,Salón,Efectivo,72.0,0
11905,2026-09-26,14:44,1306,7,Salón,Plin,108.0,0
11906,2026-09-26,19:34,2944,7,Delivery propio,Efectivo,156.0,0
11907,2026-09-26,15:17,2220,2,Salón,Efectivo,220.0,0
11908,2026-09-26,19:37,1823,2,Salón,Efectivo,212.0,0
11909,2026-09-26,11:13,4269,19,Delivery propio,Yape,25.0,0
11910,2026-09-26,15:32,5123,18,Delivery propio,Efectivo,130.0,0
11911,2026-09-26,12:09,3983,7,Delivery propio,Tarjeta,150.0,0
11912,2026-09-26,13:38,542,18,Salón,Yape,98.0,0
11913,2026-09-26,20:25,5118,24,Salón,Efectivo,81.0,0
11914,2026-09-26,11:39,22,20,Delivery propio,Yape,124.0,0
11915,2026-09-26,18:43,1387,17,Salón,Plin,78.0,0
11916,2026-09-26,12:08,9999,20,Salón,Yape,106.0,0
11917,2026-09-26,16:50,4408,19,Para llevar,Yape,114.0,0
11918,2026-09-26,15:41,895,5,Salón,Yape,306.0,0
11919,2026-09-26,16:33,976,18,Delivery propio,Yape,129.0,0
11920,2026-09-26,18:52,1205,17,Delivery propio,Tarjeta,42.0,0
11921,2026-09-26,12:32,3541,16,Salón,Yape,80.0,0
11922,2026-09-26,13:43,3968,3,Para llevar,Efectivo,38.0,0
11923,2026-09-26,11:10,3458,22,Para llevar,Yape,142.0,0
11924,2026-09-26,11:05,494,19,Para llevar,Efectivo,78.0,0
11925,2026-09-26,20:31,2409,2,Para llevar,Yape,74.0,0
11926,2026-09-26,20:34,3760,22,Delivery propio,Efectivo,114.0,0
11927,2026-09-26,16:26,2961,5,Delivery propio,Efectivo,43.0,0
11928,2026-09-26,13:28,3035,18,Delivery propio,Plin,169.0,0
11929,2026-09-26,13:03,5065,17,Para llevar,Tarjeta,195.0,0
11930,2026-09-26,17:59,2699,2,Salón,Yape,203.0,0
11931,2026-09-26,15:00,4947,3,Salón,Efectivo,16.0,0
11932,2026-09-26,14:31,2746,22,Salón,Efectivo,138.0,0
11933,2026-09-26,21:44,9999,16,Salón,Tarjeta,66.0,0
11934,2026-09-26,15:45,1591,22,Salón,Efectivo,36.0,0
11935,2026-09-26,13:49,3535,16,Salón,Efectivo,158.0,0
11936,2026-09-26,14:03,1214,17,Para llevar,Efectivo,88.0,0
11937,2026-09-26,19:49,2029,18,Salón,Efectivo,172.0,0
11938,2026-09-26,20:41,9999,17,Delivery propio,Tarjeta,176.0,0
11939,2026-09-26,12:30,2860,5,Salón,Tarjeta,225.0,0
11940,2026-09-26,20:55,3779,16,Para llevar,Efectivo,125.0,0
11941,2026-09-26,15:32,2186,20,Salón,Efectivo,110.0,0
11942,2026-09-26,19:36,3713,3,Delivery propio,Efectivo,153.0,0
11943,2026-09-26,18:15,2649,22,Salón,Efectivo,33.0,0
11944,2026-09-27,13:51,230,16,Delivery propio,Yape,60.0,0
11945,2026-09-27,16:49,3576,18,Salón,Efectivo,213.0,0
11946,2026-09-27,11:19,1737,7,Delivery propio,Yape,320.0,0
11947,2026-09-27,12:49,4183,7,Salón,Efectivo,188.0,0
11948,2026-09-27,19:35,3578,20,Salón,Yape,138.0,0
11949,2026-09-27,20:56,2139,18,Salón,Tarjeta,248.0,0
11950,2026-09-27,15:13,3591,22,Salón,Efectivo,195.0,0
11951,2026-09-27,12:06,1855,16,Salón,Tarjeta,164.0,0
11952,2026-09-27,11:31,4324,17,Salón,Yape,133.0,0
11953,2026-09-27,13:20,3415,18,Salón,Plin,88.0,0
11954,2026-09-27,17:05,3588,22,Salón,Plin,231.0,0
11955,2026-09-27,19:21,2454,5,Salón,Tarjeta,180.0,0
11956,2026-09-27,19:21,4561,16,Delivery propio,Efectivo,78.0,0
11957,2026-09-27,13:39,9999,17,Salón,Efectivo,106.0,0
11958,2026-09-27,15:58,3604,22,Delivery propio,Efectivo,218.0,0
11959,2026-09-27,11:03,9999,19,Para llevar,Tarjeta,97.0,0
11960,2026-09-27,11:29,2932,19,Salón,Tarjeta,101.0,0
11961,2026-09-27,17:50,2958,18,Salón,Yape,9.0,0
11962,2026-09-27,12:34,496,24,Salón,Efectivo,34.0,0
11963,2026-09-27,21:13,1040,24,Salón,Yape,122.0,0
11964,2026-09-27,17:48,618,18,Delivery propio,Efectivo,52.0,0
11965,2026-09-27,12:56,2217,22,Para llevar,Plin,76.0,0
11966,2026-09-27,19:31,3687,24,Salón,Yape,114.0,0
11967,2026-09-27,13:48,1049,2,Para llevar,Efectivo,90.0,0
11968,2026-09-27,14:20,2581,7,Salón,Efectivo,60.0,0
11969,2026-09-27,11:55,145,3,Delivery propio,Yape,126.0,0
11970,2026-09-27,13:10,9999,5,Salón,Efectivo,81.0,0
11971,2026-09-27,13:03,4768,3,Salón,Efectivo,270.0,0
11972,2026-09-27,12:58,3024,20,Delivery propio,Efectivo,107.0,0
11973,2026-09-27,18:36,9999,22,Salón,Efectivo,140.0,0
11974,2026-09-27,12:55,1272,24,Salón,Yape,39.0,0
11975,2026-09-27,13:33,4053,3,Delivery propio,Yape,102.0,0
11976,2026-09-27,13:05,2740,20,Salón,Yape,288.0,0
11977,2026-09-27,18:36,3262,18,Para llevar,Yape,78.0,0
11978,2026-09-27,19:31,9999,19,Para llevar,Yape,54.0,0
11979,2026-09-27,12:33,5175,3,Salón,Efectivo,84.0,0
11980,2026-09-27,20:57,4816,24,Salón,Plin,127.0,0
11981,2026-09-27,12:43,5456,20,Delivery propio,Tarjeta,195.0,0
11982,2026-09-27,13:26,1736,5,Delivery propio,Efectivo,78.0,0
11983,2026-09-27,16:23,1828,3,Para llevar,Yape,175.0,0
11984,2026-09-27,11:18,92,18,Salón,Yape,127.0,0
11985,2026-09-27,11:00,404,22,Delivery propio,Yape,136.0,0
11986,2026-09-27,15:24,4509,17,Delivery propio,Yape,140.0,0
11987,2026-09-27,14:01,1892,24,Salón,Yape,89.0,0
11988,2026-09-27,20:00,5217,22,Para llevar,Efectivo,198.0,0
11989,2026-09-27,17:57,1452,22,Para llevar,Tarjeta,36.0,0
11990,2026-09-27,13:30,362,22,Salón,Tarjeta,285.0,0
11991,2026-09-27,15:38,2853,2,Salón,Efectivo,163.0,0
11992,2026-09-27,21:50,637,22,Salón,Tarjeta,83.0,0
11993,2026-09-27,14:57,9999,16,Salón,Plin,123.0,0
11994,2026-09-27,21:42,4207,24,Delivery propio,Efectivo,200.0,0
11995,2026-09-27,15:06,533,22,Para llevar,Tarjeta,38.0,0
11996,2026-09-27,12:15,5337,22,Salón,Yape,50.0,0
11997,2026-09-27,19:41,4744,3,Delivery propio,Yape,84.0,0
11998,2026-09-27,12:26,5349,16,Salón,Efectivo,194.0,0
11999,2026-09-27,16:50,56,16,Para llevar,Efectivo,38.0,0
12000,2026-09-27,16:14,3037,22,Delivery propio,Plin,222.0,0
