id_asistencia,id_empleado,fecha,hora_ingreso,horas_trabajadas,tardanza_min
1,13,2026-04-04,08:19,8.66,0
2,2,2026-08-26,11:12,8.48,0
3,19,2026-08-04,11:11,7.78,0
4,17,2026-04-05,08:21,8.71,31
5,10,2026-04-03,09:08,7.53,0
6,9,2025-12-24,08:07,7.15,20
7,12,2026-08-19,10:01,7.87,0
8,5,2026-05-30,11:07,6.63,0
9,20,2026-08-25,09:03,9.47,0
10,23,2026-07-09,11:00,9.17,0
11,4,2026-07-22,08:45,8.92,0
12,19,2026-06-08,11:17,8.34,0
13,23,2025-12-21,08:52,8.33,0
14,18,2026-02-19,08:49,8.36,0
15,8,2025-12-21,10:13,6.94,0
16,3,2026-09-26,08:40,6.77,3
17,10,2026-06-20,09:20,7.37,0
18,25,2026-03-30,09:23,7.99,30
19,22,2026-01-17,08:19,9.81,0
20,1,2026-04-29,07:51,7.35,33
21,18,2026-09-27,08:55,8.41,0
22,22,2026-03-30,08:15,8.94,0
23,15,2026-01-24,08:42,8.71,0
24,1,2026-03-16,08:52,9.28,0
25,5,2026-04-03,09:03,9.39,0
26,9,2026-01-31,08:01,7.99,38
27,5,2026-09-01,08:17,8.08,0
28,18,2026-04-29,11:24,8.22,33
29,20,2026-02-15,09:55,7.79,0
30,4,2025-11-16,10:45,8.93,0
31,17,2025-10-11,09:44,6.24,0
32,20,2025-11-02,09:14,9.6,0
33,24,2026-05-19,08:43,10.51,0
34,24,2026-05-27,10:21,8.72,0
35,10,2026-01-18,09:59,7.11,19
36,6,2025-11-23,10:19,7.59,0
37,20,2025-10-15,09:19,8.58,0
38,19,2026-09-04,08:19,9.5,0
39,20,2025-10-06,11:18,7.71,0
40,2,2026-08-05,09:22,10.09,0
41,12,2026-09-17,08:18,7.65,17
42,23,2026-08-03,10:58,10.28,0
43,5,2026-07-24,09:43,7.28,0
44,12,2026-06-22,08:17,6.33,0
45,5,2026-08-20,08:22,7.0,20
46,4,2026-05-27,07:51,7.37,0
47,19,2025-11-19,10:16,8.87,29
48,11,2026-06-02,07:53,7.4,0
49,8,2026-06-28,09:58,7.81,0
50,23,2026-06-01,08:17,6.88,39
51,20,2025-12-04,10:55,11.53,21
52,25,2026-05-01,08:47,7.0,0
53,10,2026-04-18,11:05,6.04,34
54,25,2025-10-05,08:23,9.72,0
55,3,2026-05-11,09:52,6.98,0
56,19,2026-02-21,08:47,8.96,0
57,8,2025-11-09,08:42,7.61,0
58,3,2026-07-08,09:59,8.76,0
59,20,2026-05-04,11:00,7.4,0
60,3,2026-07-28,09:12,8.55,0
61,25,2026-09-25,11:21,7.7,0
62,20,2025-10-24,08:40,8.76,0
63,18,2025-10-04,07:44,9.27,0
64,12,2026-06-27,11:18,9.45,0
65,3,2026-04-06,08:06,6.22,0
66,14,2025-10-09,09:44,6.69,0
67,10,2026-03-15,10:21,8.76,0
68,17,2026-06-20,09:00,9.29,0
69,15,2025-12-18,10:15,6.12,17
70,15,2026-02-01,08:08,8.23,0
71,13,2026-04-26,09:12,8.85,0
72,16,2025-10-13,07:52,9.54,4
73,11,2026-07-31,10:03,9.32,0
74,1,2025-11-10,10:20,6.89,0
75,1,2026-08-09,09:23,8.15,0
76,5,2026-01-05,10:09,10.85,0
77,25,2026-01-05,09:55,8.53,0
78,23,2026-01-02,07:45,8.22,0
79,23,2026-09-09,09:49,8.94,0
80,17,2026-06-08,09:09,8.56,0
81,6,2025-10-22,08:01,8.75,0
82,13,2026-03-22,07:56,8.86,0
83,10,2026-07-25,08:23,8.74,0
84,20,2025-11-28,08:18,9.35,6
85,21,2026-06-10,08:10,8.82,0
86,24,2026-09-01,09:12,7.76,0
87,15,2026-07-29,07:46,8.3,13
88,8,2026-01-27,08:22,7.21,0
89,1,2026-03-27,10:59,9.54,0
90,24,2026-03-29,08:07,7.93,0
91,21,2025-11-08,09:05,9.59,0
92,9,2025-12-20,10:56,8.91,22
93,22,2026-05-10,09:08,6.46,0
94,9,2026-03-29,08:58,7.44,0
95,11,2026-08-18,09:22,6.61,0
96,4,2025-12-16,07:46,8.43,0
97,14,2026-07-11,08:58,8.18,0
98,11,2026-07-11,10:57,8.56,17
99,12,2026-04-15,11:18,8.3,0
100,1,2025-12-24,09:09,7.01,0
101,1,2026-07-19,11:15,7.11,0
102,13,2026-06-23,08:08,7.17,0
103,10,2026-06-22,10:47,8.77,0
104,20,2026-03-03,10:21,8.17,28
105,7,2025-11-09,11:11,7.91,0
106,15,2025-11-18,10:20,7.85,0
107,2,2026-01-18,08:20,9.57,0
108,24,2026-02-27,08:50,9.59,8
109,18,2026-03-07,09:09,7.81,0
110,17,2026-03-06,11:06,6.44,0
111,16,2026-04-07,08:02,7.78,30
112,2,2025-11-19,08:08,9.46,0
113,4,2026-08-07,11:14,8.02,0
114,21,2026-04-24,09:09,9.13,0
115,22,2026-03-31,10:03,9.49,0
116,14,2026-01-16,09:21,6.86,0
117,7,2026-02-23,07:50,8.41,0
118,1,2026-09-24,11:23,7.19,0
119,12,2026-06-07,08:09,10.69,8
120,17,2026-01-28,09:56,7.52,12
121,1,2026-04-16,08:53,8.78,0
122,2,2025-10-14,08:12,8.04,0
123,16,2026-04-24,07:53,6.42,5
124,17,2026-04-03,09:05,10.25,0
125,6,2025-10-28,08:13,7.34,0
126,2,2025-11-16,10:15,8.19,0
127,12,2026-01-18,09:44,6.99,0
128,20,2025-11-10,09:10,6.05,10
129,12,2026-08-06,07:57,10.51,11
130,16,2026-08-08,08:11,7.89,0
131,17,2026-08-17,10:13,6.47,0
132,13,2026-04-15,08:53,7.13,0
133,13,2026-04-06,10:05,7.02,0
134,12,2026-02-09,10:01,8.45,0
135,13,2026-09-08,09:10,8.11,0
136,7,2026-01-21,08:05,6.09,0
137,9,2026-01-23,11:24,8.69,0
138,23,2026-04-11,09:17,10.69,0
139,15,2026-08-07,07:52,7.15,0
140,21,2025-10-20,08:57,7.62,16
141,17,2025-10-30,11:03,9.08,25
142,21,2025-10-23,11:02,7.5,0
143,5,2026-08-10,08:54,9.1,29
144,15,2025-10-04,08:01,10.46,0
145,11,2025-12-07,08:00,7.22,0
146,7,2026-03-31,08:17,10.12,0
147,13,2026-01-18,08:15,8.22,0
148,8,2025-11-12,08:47,7.63,0
149,16,2026-08-25,08:04,9.29,9
150,20,2025-11-11,08:00,8.23,0
151,13,2025-12-05,10:58,7.34,0
152,1,2025-12-28,08:05,8.57,0
153,18,2026-07-26,07:56,8.19,0
154,10,2025-10-21,10:55,9.07,37
155,24,2026-02-15,08:14,7.86,0
156,14,2026-04-11,09:07,7.17,0
157,12,2025-10-23,07:56,6.18,0
158,3,2025-10-13,08:05,8.34,8
159,2,2025-11-21,08:53,7.49,0
160,20,2026-01-26,10:54,8.33,39
161,18,2026-08-24,08:15,9.78,0
162,18,2025-12-15,09:21,8.49,17
163,4,2026-04-16,09:58,7.82,0
164,1,2026-04-05,09:48,8.69,0
165,4,2026-07-01,07:56,7.19,0
166,10,2026-09-06,11:02,7.93,0
167,11,2026-01-12,08:22,6.26,0
168,11,2026-03-30,10:16,8.79,0
169,3,2026-08-20,10:08,8.59,0
170,4,2025-10-09,07:58,7.23,0
171,7,2025-10-16,09:15,8.17,0
172,21,2026-01-21,10:02,8.44,0
173,25,2025-12-31,07:40,8.02,0
174,17,2026-09-23,10:14,10.94,0
175,24,2026-05-16,10:42,6.5,0
176,15,2026-06-30,10:43,7.68,0
177,9,2025-11-10,08:57,8.54,0
178,23,2026-03-04,10:02,8.8,0
179,3,2025-10-21,10:07,7.69,0
180,24,2026-04-11,11:02,7.06,18
181,5,2026-04-26,10:10,8.1,0
182,20,2025-11-05,09:04,8.66,0
183,23,2025-10-25,08:44,7.52,0
184,15,2025-11-04,10:54,9.49,27
185,22,2026-05-28,08:47,6.61,27
186,2,2026-08-05,09:21,7.73,0
187,19,2026-05-30,11:00,8.52,0
188,10,2026-07-31,11:24,8.89,0
189,21,2026-02-12,08:03,7.42,0
190,14,2025-12-15,08:54,9.12,0
191,14,2026-03-26,09:10,7.25,23
192,22,2025-12-29,10:56,8.0,0
193,3,2026-09-24,09:54,7.1,0
194,21,2026-03-25,10:10,8.03,0
195,13,2025-11-26,08:09,8.24,0
196,19,2025-11-12,08:43,6.98,0
197,1,2026-01-11,09:46,8.34,0
198,17,2026-06-24,11:06,7.52,0
199,3,2025-11-12,09:44,7.68,27
200,19,2026-05-11,08:15,8.64,0
201,9,2025-10-03,11:13,9.14,0
202,8,2025-10-05,09:11,8.58,0
203,11,2026-08-21,08:53,6.44,0
204,23,2026-09-12,11:21,8.0,0
205,22,2025-12-28,09:11,9.38,0
206,13,2026-02-02,10:05,9.1,29
207,14,2026-06-03,08:47,8.71,14
208,13,2026-01-23,09:49,7.28,0
209,8,2026-06-05,08:17,7.1,0
210,20,2025-12-30,08:12,8.42,0
211,12,2026-03-27,10:48,7.56,0
212,13,2025-11-29,10:01,9.02,0
213,18,2025-10-14,08:18,8.93,0
214,11,2026-09-06,11:11,7.42,0
215,1,2026-02-14,10:59,9.72,0
216,6,2025-11-30,08:17,7.37,0
217,18,2026-05-22,10:06,10.26,0
218,21,2026-05-14,09:53,7.4,27
219,11,2025-12-07,10:58,8.25,0
220,2,2025-10-15,09:44,8.34,0
221,25,2026-03-04,10:49,5.7,0
222,21,2025-12-31,08:14,5.96,0
223,24,2025-11-16,09:56,6.9,0
224,13,2026-09-11,11:00,9.9,36
225,14,2025-10-23,11:24,8.16,0
226,12,2026-05-03,09:48,8.83,0
227,10,2026-01-05,11:17,8.67,0
228,16,2026-08-10,08:40,9.17,37
229,15,2025-11-14,09:24,6.49,0
230,10,2026-05-31,10:50,7.73,0
231,18,2026-03-15,08:15,6.91,0
232,15,2026-02-13,11:09,8.09,14
233,10,2025-11-16,10:09,7.58,0
234,9,2026-09-24,09:16,8.77,13
235,22,2025-10-17,10:52,10.18,0
236,3,2026-02-20,08:13,8.91,0
237,11,2025-10-04,07:59,8.29,0
238,8,2026-07-06,10:48,8.41,14
239,8,2026-06-16,08:20,8.99,0
240,3,2026-09-05,11:07,8.69,0
241,19,2025-10-29,11:03,7.08,0
242,10,2026-02-08,09:15,8.24,0
243,5,2025-12-11,09:12,8.25,36
244,15,2026-02-06,09:04,8.45,0
245,16,2026-08-24,08:14,8.82,0
246,23,2026-09-03,08:52,8.13,0
247,9,2026-02-17,09:45,6.78,0
248,20,2025-11-25,11:06,9.36,6
249,11,2026-07-31,08:40,6.45,0
250,4,2026-05-10,11:20,7.28,0
251,9,2026-04-12,08:16,6.34,0
252,25,2026-07-18,07:55,8.23,31
253,7,2025-10-15,08:09,10.41,0
254,12,2026-06-29,09:49,7.63,0
255,9,2026-06-06,10:11,7.3,0
256,20,2026-02-09,09:20,8.3,0
257,10,2025-12-29,10:00,9.01,0
258,23,2026-03-25,10:20,9.87,0
259,3,2025-12-08,11:15,6.94,0
260,15,2026-08-29,07:41,11.27,0
261,5,2025-11-15,10:41,7.9,0
262,22,2026-09-13,09:12,6.67,0
263,23,2026-07-12,09:41,7.65,28
264,8,2026-03-22,10:10,7.94,0
265,15,2026-01-24,08:20,7.74,5
266,12,2026-06-21,08:07,10.47,0
267,13,2026-04-13,11:22,8.86,0
268,21,2026-06-22,10:05,9.42,5
269,8,2026-03-06,09:08,8.11,3
270,8,2026-01-27,11:17,8.9,0
271,10,2026-03-17,08:22,7.09,0
272,2,2026-01-01,09:23,6.62,0
273,21,2026-04-12,09:03,9.2,0
274,25,2026-08-13,11:22,7.91,0
275,7,2026-06-29,09:41,7.8,0
276,6,2025-11-01,09:22,7.43,0
277,25,2025-12-22,09:12,9.3,0
278,4,2026-01-26,08:11,8.05,0
279,17,2026-01-19,08:56,7.4,0
280,15,2026-01-01,09:43,6.19,0
281,17,2026-05-12,10:02,9.0,5
282,18,2026-09-18,10:02,8.19,0
283,11,2025-12-29,10:42,9.29,31
284,11,2026-02-14,11:04,7.66,0
285,23,2026-09-05,09:16,8.62,0
286,9,2025-12-13,08:01,8.11,0
287,17,2026-01-26,08:09,8.69,0
288,10,2025-10-18,10:04,7.74,0
289,20,2026-09-26,08:05,7.92,0
290,14,2026-01-17,11:09,10.43,0
291,24,2026-03-01,09:46,7.89,0
292,24,2026-05-08,11:04,9.59,0
293,16,2025-10-30,08:20,9.66,0
294,2,2025-10-24,08:12,8.19,0
295,10,2026-07-14,09:42,7.38,0
296,12,2026-05-22,07:45,8.57,0
297,9,2026-05-14,11:06,8.92,13
298,19,2026-02-21,10:20,9.52,0
299,1,2026-03-15,09:49,8.27,0
300,25,2026-01-07,09:16,7.19,0
301,15,2026-09-09,09:59,8.4,36
302,10,2025-11-13,10:20,8.46,30
303,7,2026-07-19,11:11,7.77,0
304,19,2025-12-10,09:12,9.55,0
305,19,2025-12-07,10:01,9.23,0
306,4,2026-01-12,08:52,9.66,0
307,7,2025-12-13,09:17,8.51,0
308,3,2025-12-06,09:18,8.15,0
309,17,2025-12-11,11:14,7.92,0
310,10,2026-02-01,10:47,10.0,32
311,25,2026-06-14,09:53,6.36,0
312,17,2026-08-12,08:06,7.78,27
313,5,2025-12-17,09:07,10.19,0
314,24,2026-07-02,08:06,8.99,0
315,25,2026-04-26,11:13,6.88,0
316,5,2025-10-26,10:53,6.9,0
317,15,2026-09-06,07:59,6.33,0
318,5,2026-02-18,10:47,9.3,0
319,18,2026-05-08,10:08,8.5,19
320,7,2026-04-22,08:19,9.49,0
321,8,2026-01-27,08:46,7.2,0
322,17,2025-11-15,08:44,8.73,0
323,2,2026-07-29,08:08,8.05,0
324,21,2026-09-21,10:06,6.86,0
325,25,2026-05-06,08:17,7.27,0
326,5,2025-10-12,09:57,7.38,0
327,19,2026-06-01,07:54,7.84,0
328,11,2026-08-17,11:02,7.58,0
329,5,2026-01-03,09:02,8.64,0
330,23,2026-02-10,10:20,7.74,28
331,25,2026-04-29,09:58,7.0,0
332,12,2026-07-14,08:17,10.05,0
333,16,2025-12-03,07:53,10.73,33
334,15,2026-05-31,08:45,8.87,0
335,5,2025-11-30,10:19,8.31,0
336,24,2025-10-25,10:17,7.3,0
337,25,2026-05-13,10:58,7.4,0
338,2,2026-07-18,11:15,8.81,0
339,3,2026-03-18,11:14,7.88,4
340,17,2026-05-07,08:16,7.93,16
341,2,2025-12-31,08:22,7.02,0
342,8,2026-06-18,10:08,6.79,0
343,9,2026-09-23,08:54,7.4,0
344,9,2026-04-16,10:06,8.68,0
345,12,2025-12-12,11:16,7.68,0
346,11,2026-04-13,11:15,7.95,0
347,25,2026-03-28,10:12,6.86,0
348,12,2026-06-28,09:57,5.86,0
349,5,2026-01-25,10:48,7.86,0
350,7,2026-04-29,09:21,6.4,0
351,9,2026-08-07,09:00,7.93,0
352,11,2025-10-31,11:06,5.79,0
353,1,2026-05-07,09:17,7.96,0
354,25,2026-04-13,07:40,8.24,0
355,23,2026-05-08,07:50,8.64,33
356,23,2026-08-16,09:15,8.47,0
357,25,2025-11-03,07:51,9.43,15
358,23,2026-07-22,11:14,8.15,10
359,12,2026-06-30,09:03,9.93,0
360,23,2026-08-25,10:50,7.57,0
361,13,2026-05-25,08:02,9.29,0
362,16,2026-06-19,09:03,8.56,0
363,18,2026-05-11,09:24,8.48,0
364,21,2026-05-26,08:40,7.26,0
365,11,2025-10-02,09:52,10.74,0
366,14,2025-12-31,10:03,6.94,0
367,2,2026-09-12,07:56,8.64,0
368,22,2026-08-14,07:41,8.28,33
369,18,2026-05-05,10:55,9.5,0
370,5,2026-02-19,09:48,8.95,0
371,14,2026-08-27,11:20,7.08,0
372,2,2026-01-15,08:41,6.57,39
373,20,2025-10-16,11:19,9.99,0
374,9,2026-07-02,10:42,8.41,0
375,13,2026-01-17,08:58,7.33,0
376,23,2026-07-27,11:17,7.19,28
377,4,2026-09-20,10:20,8.59,0
378,7,2025-12-10,11:18,7.61,0
379,13,2026-06-04,08:03,7.29,0
380,1,2026-07-13,08:23,8.83,31
381,6,2026-01-30,10:17,7.36,0
382,12,2026-05-20,08:05,5.89,0
383,16,2025-10-07,08:53,8.84,0
384,23,2026-05-03,09:18,9.79,0
385,3,2026-09-08,10:16,6.58,0
386,14,2026-04-08,08:10,7.68,0
387,6,2026-03-14,10:44,9.41,0
388,24,2026-08-09,07:55,7.12,0
389,5,2025-10-14,07:57,8.18,0
390,13,2026-07-31,10:45,7.85,0
391,16,2025-11-11,08:16,9.88,0
392,6,2025-10-30,10:02,9.56,0
393,6,2026-09-02,11:07,8.57,0
394,17,2026-07-29,08:46,7.46,0
395,13,2026-06-29,10:47,6.1,0
396,22,2025-12-14,11:13,8.82,8
397,5,2026-09-19,10:58,8.15,33
398,14,2026-02-25,08:49,6.23,0
399,11,2026-02-15,09:06,6.91,0
400,4,2026-04-28,10:44,7.79,0
401,4,2026-02-19,09:21,8.83,0
402,13,2025-12-15,10:41,8.11,0
403,23,2026-05-24,09:52,7.1,0
404,16,2026-06-24,10:43,9.21,0
405,21,2025-10-10,07:57,8.66,33
406,5,2026-08-30,10:59,7.26,0
407,9,2025-10-15,10:58,7.61,0
408,21,2025-11-22,11:14,9.25,0
409,23,2025-12-03,07:56,10.27,0
410,10,2026-05-04,07:42,8.96,30
411,15,2026-06-08,10:10,8.78,0
412,24,2026-09-16,07:41,9.34,0
413,24,2026-05-19,09:41,9.63,0
414,6,2026-07-29,11:06,6.21,0
415,22,2025-12-16,07:45,8.03,0
416,20,2026-01-31,10:57,8.38,4
417,14,2026-04-13,10:15,8.64,0
418,24,2025-12-03,08:15,8.79,12
419,23,2026-01-29,10:46,9.31,0
420,10,2026-02-12,09:02,6.75,0
421,17,2026-08-22,11:10,7.82,0
422,13,2025-11-16,10:03,8.64,0
423,9,2026-05-06,09:19,7.81,24
424,19,2026-09-13,09:55,10.67,0
425,9,2025-10-03,10:07,9.6,4
426,15,2026-01-22,11:02,7.61,13
427,5,2026-02-22,09:03,8.11,0
428,19,2025-11-13,08:51,7.84,0
429,18,2026-06-18,10:01,6.94,0
430,4,2026-09-22,11:03,7.88,0
431,23,2026-01-19,09:13,6.48,0
432,7,2026-05-09,07:44,7.11,0
433,25,2026-07-10,08:06,9.42,0
434,15,2026-02-06,08:22,10.16,0
435,19,2026-03-11,10:24,6.49,0
436,5,2025-12-17,09:01,9.75,0
437,21,2025-10-16,08:03,8.6,0
438,2,2026-09-15,08:04,8.43,0
439,5,2025-12-02,09:55,7.17,0
440,2,2026-01-02,11:13,9.42,0
441,11,2026-06-18,07:41,7.79,0
442,12,2026-01-22,07:40,6.53,6
443,8,2026-04-15,09:03,8.06,0
444,23,2026-08-09,08:08,5.93,24
445,21,2026-01-03,08:01,6.24,0
446,15,2026-03-09,10:48,9.44,30
447,3,2026-01-28,08:19,8.78,0
448,22,2026-04-06,07:45,8.72,22
449,17,2026-03-03,08:59,7.36,0
450,12,2026-06-23,11:06,9.28,0
451,17,2026-05-09,08:54,8.37,10
452,4,2026-09-24,09:02,7.02,0
453,6,2026-04-07,10:42,10.17,0
454,1,2026-07-14,10:08,10.71,0
455,8,2026-06-22,09:07,7.86,0
456,13,2026-04-18,11:04,8.42,17
457,4,2025-12-07,08:54,9.57,0
458,23,2026-07-27,10:05,8.65,0
459,10,2026-06-18,07:57,7.69,36
460,12,2026-04-24,09:06,9.33,0
461,22,2025-11-27,08:41,7.02,23
462,18,2026-08-03,10:19,8.06,0
463,21,2025-11-27,10:19,8.82,0
464,7,2026-05-06,09:40,9.07,0
465,17,2025-10-01,08:11,8.21,0
466,3,2026-09-01,09:41,6.43,0
467,1,2025-10-17,10:12,9.38,0
468,6,2026-03-20,09:59,7.59,0
469,18,2026-05-14,11:12,9.68,0
470,4,2025-11-25,09:08,8.75,0
471,22,2026-03-26,08:12,10.11,0
472,20,2026-03-22,11:22,9.66,0
473,3,2026-05-03,10:09,6.38,0
474,5,2026-01-11,08:20,8.13,0
475,22,2025-12-28,08:58,6.5,0
476,13,2026-05-27,09:03,8.9,0
477,24,2026-04-21,07:48,10.01,0
478,11,2025-10-12,08:59,9.37,0
479,5,2026-04-04,10:03,8.34,0
480,5,2026-08-03,09:45,8.42,0
481,5,2026-01-24,09:03,7.89,17
482,25,2026-07-09,10:48,8.78,0
483,20,2026-07-01,10:08,8.26,0
484,21,2026-01-04,10:54,7.48,0
485,9,2026-03-29,08:59,8.58,6
486,9,2026-06-26,10:44,8.51,0
487,20,2026-01-20,09:59,7.58,0
488,3,2026-02-21,07:57,8.14,34
489,15,2026-05-29,08:40,7.43,0
490,9,2026-05-25,08:18,8.46,39
491,12,2026-05-26,09:41,7.58,0
492,6,2026-01-19,11:06,8.07,0
493,14,2025-10-13,07:59,7.41,0
494,15,2026-04-25,07:52,9.21,0
495,24,2026-07-23,10:03,7.34,6
496,10,2026-06-13,08:53,10.48,0
497,1,2026-02-03,09:06,10.22,0
498,16,2026-01-08,11:07,9.78,0
499,11,2025-11-06,09:18,8.45,14
500,10,2025-10-02,10:58,8.63,0
501,21,2026-03-03,10:06,7.97,21
502,4,2026-07-20,08:59,7.01,0
503,11,2026-05-26,09:02,7.4,0
504,7,2026-04-16,08:10,9.3,0
505,7,2026-08-31,10:00,7.31,0
506,12,2026-03-07,08:14,7.38,0
507,2,2025-11-13,11:22,9.31,0
508,21,2025-12-21,09:20,6.32,0
509,15,2025-12-11,08:04,8.14,0
510,3,2026-09-05,08:56,7.27,0
511,24,2026-04-10,09:47,8.29,12
512,6,2026-05-15,08:11,9.6,0
513,12,2026-06-30,10:24,6.14,6
514,18,2026-09-18,09:43,8.94,4
515,7,2026-06-26,08:52,7.62,0
516,19,2026-01-31,10:58,7.26,0
517,17,2025-10-02,10:00,8.54,12
518,1,2026-03-17,11:09,7.84,18
519,6,2025-11-10,09:46,8.64,10
520,2,2026-02-17,09:18,8.27,0
521,14,2026-07-21,10:11,6.22,0
522,9,2026-08-18,10:40,7.4,8
523,18,2026-05-08,07:55,9.41,0
524,15,2026-04-30,09:51,8.75,0
525,23,2026-04-02,08:08,8.47,30
526,23,2025-12-03,08:21,6.52,0
527,10,2026-07-20,10:03,7.57,0
528,18,2025-11-02,11:11,5.22,0
529,11,2026-06-04,11:00,10.36,0
530,23,2025-12-05,09:40,7.76,0
531,13,2026-07-13,09:52,7.95,0
532,11,2025-10-26,08:46,7.7,0
533,10,2026-08-12,10:56,7.87,0
534,3,2026-05-02,11:08,7.11,0
535,19,2026-01-09,10:40,6.28,0
536,13,2026-02-13,08:09,9.93,0
537,10,2025-12-15,09:11,8.38,0
538,21,2026-04-23,08:07,6.18,34
539,21,2026-08-12,07:47,10.6,17
540,16,2026-06-24,08:14,7.09,0
541,13,2025-11-28,09:13,6.63,0
542,13,2025-10-19,09:47,8.73,6
543,18,2026-01-29,08:48,9.27,0
544,4,2026-03-17,08:12,7.85,0
545,5,2026-05-14,08:18,9.35,0
546,19,2025-11-02,10:02,7.04,0
547,13,2026-07-06,09:14,8.85,0
548,1,2026-01-15,09:02,7.82,0
549,17,2026-01-24,08:07,7.14,24
550,23,2025-11-10,11:24,7.09,0
551,17,2026-07-20,10:11,9.23,0
552,17,2026-07-30,07:54,10.71,0
553,6,2026-03-04,08:02,8.3,0
554,19,2026-05-05,08:00,7.26,0
555,14,2026-02-21,07:58,8.19,0
556,10,2026-04-10,09:24,7.47,0
557,13,2026-07-30,10:10,8.4,9
558,12,2026-07-24,11:22,8.1,0
559,3,2025-12-29,10:09,7.81,0
560,1,2026-07-29,09:43,7.75,0
561,16,2026-09-16,10:11,10.59,0
562,17,2026-03-24,08:47,9.55,0
563,13,2025-12-08,10:04,6.29,0
564,4,2025-11-23,11:21,8.07,0
565,12,2026-09-05,10:52,7.31,0
566,1,2026-08-23,11:15,9.24,0
567,22,2026-09-24,10:02,8.9,0
568,21,2025-12-30,08:20,7.65,0
569,9,2026-06-17,07:53,9.71,0
570,19,2025-12-25,10:54,9.29,0
571,11,2025-11-19,08:40,8.3,0
572,11,2025-12-23,08:51,8.1,30
573,2,2026-01-06,10:11,8.36,0
574,12,2025-10-31,09:52,8.2,0
575,24,2026-05-26,11:01,7.68,0
576,12,2025-12-25,07:59,7.37,0
577,18,2026-01-30,10:14,8.85,0
578,17,2026-05-16,09:46,8.44,0
579,9,2026-05-16,09:58,8.11,0
580,18,2025-10-10,08:05,7.44,0
581,8,2026-02-17,09:00,9.28,0
582,12,2026-08-16,07:59,9.19,0
583,15,2025-10-22,10:12,8.7,0
584,16,2026-07-06,10:42,7.29,0
585,23,2025-11-27,08:46,8.48,0
586,7,2026-08-15,09:58,8.59,0
587,14,2025-10-09,10:14,9.39,0
588,4,2025-12-11,07:40,7.41,0
589,2,2026-05-06,07:58,7.98,0
590,19,2026-01-24,07:55,6.53,6
591,1,2025-11-05,10:58,10.15,0
592,16,2026-01-29,09:20,6.32,0
593,2,2026-01-13,08:24,9.64,7
594,2,2026-03-19,10:18,9.18,0
595,13,2026-08-11,07:52,8.55,0
596,13,2026-01-04,09:16,9.06,0
597,13,2026-01-28,10:20,8.27,0
598,1,2026-08-17,10:40,9.47,0
599,8,2026-03-29,09:21,9.72,0
600,16,2026-04-25,08:10,8.78,0
601,13,2026-05-02,09:51,8.86,0
602,3,2025-10-04,10:59,9.26,0
603,2,2026-02-28,09:20,9.76,0
604,17,2026-06-02,10:43,8.08,0
605,24,2026-05-18,09:41,7.23,0
606,10,2026-03-22,08:50,7.87,36
607,16,2026-04-25,09:15,9.71,0
608,20,2026-01-28,11:02,8.15,0
609,5,2026-04-14,10:16,9.06,0
610,2,2026-06-15,08:11,6.62,34
611,15,2026-08-25,07:49,8.32,0
612,13,2025-11-01,11:13,8.62,0
613,10,2026-09-10,11:24,9.7,0
614,13,2026-08-14,08:03,9.22,38
615,14,2026-05-09,09:13,8.67,0
616,12,2026-02-19,09:44,5.74,0
617,4,2025-12-24,08:55,7.73,0
618,23,2026-06-01,08:10,9.91,0
619,4,2026-08-24,07:41,7.94,0
620,12,2026-07-08,08:17,6.63,0
621,20,2026-02-04,07:47,8.77,0
622,5,2026-03-31,09:19,6.26,8
623,17,2026-08-11,08:08,8.94,0
624,8,2025-12-21,09:15,7.49,0
625,4,2026-02-22,09:02,9.28,0
626,1,2026-06-16,07:54,10.05,3
627,4,2026-03-07,10:16,7.76,0
628,22,2026-08-16,08:56,6.59,19
629,4,2026-03-10,08:15,8.06,0
630,4,2026-01-11,10:42,8.13,0
631,23,2026-08-17,08:08,8.49,10
632,14,2025-12-16,08:52,9.34,0
633,10,2026-09-21,10:47,6.65,0
634,18,2026-05-15,09:43,8.96,35
635,3,2026-06-25,11:11,7.38,0
636,2,2026-06-03,08:09,8.5,21
637,17,2026-03-13,07:57,10.49,3
638,2,2026-05-26,08:47,7.24,0
639,24,2026-09-17,08:45,9.07,0
640,16,2026-05-02,10:51,7.73,0
641,15,2026-07-10,10:03,9.37,0
642,22,2026-06-27,07:48,9.1,0
643,18,2026-01-25,10:08,8.35,19
644,1,2026-08-24,10:22,8.56,0
645,18,2025-10-06,09:55,9.53,0
646,11,2026-08-21,09:01,8.54,0
647,19,2026-06-13,09:50,7.03,0
648,1,2025-10-11,10:08,8.52,0
649,10,2025-10-31,08:56,6.65,0
650,17,2025-11-04,10:59,7.09,0
651,21,2026-08-12,09:44,8.2,21
652,16,2025-10-11,10:52,8.41,0
653,7,2025-12-11,09:13,8.11,0
654,9,2026-08-14,08:06,7.08,22
655,3,2026-06-04,10:59,9.06,38
656,18,2025-11-28,11:11,7.8,0
657,13,2026-05-30,08:03,7.78,0
658,25,2026-09-18,08:24,9.42,0
659,25,2026-07-18,10:10,6.89,0
660,9,2026-01-25,09:55,6.91,0
661,21,2026-04-21,11:15,10.16,18
662,8,2026-03-27,08:00,6.64,0
663,3,2026-05-15,10:08,8.09,0
664,22,2026-01-29,11:11,8.05,0
665,24,2026-01-04,09:18,7.51,0
666,19,2026-06-11,10:14,6.74,0
667,9,2025-12-26,08:53,8.52,0
668,2,2026-01-03,08:58,6.12,0
669,8,2025-11-07,09:24,7.88,0
670,4,2025-11-06,08:24,8.07,0
671,24,2025-10-23,09:47,6.78,0
672,17,2025-12-13,07:55,7.29,0
673,15,2026-04-25,11:04,8.23,0
674,13,2026-04-27,07:56,7.92,0
675,23,2026-07-03,07:41,6.9,0
676,24,2026-08-17,08:46,7.59,0
677,18,2026-01-17,11:13,8.14,0
678,20,2026-05-25,07:57,6.71,0
679,8,2025-10-25,10:51,8.85,10
680,3,2026-02-10,08:18,9.16,0
681,18,2026-06-15,07:57,8.2,0
682,24,2026-09-22,09:24,6.8,0
683,17,2026-07-08,08:46,6.67,28
684,4,2025-11-21,11:16,8.35,0
685,10,2026-04-12,11:08,8.47,0
686,12,2026-07-04,10:43,8.07,0
687,8,2026-09-22,09:40,8.83,0
688,6,2025-10-08,11:09,8.13,0
689,24,2026-08-20,08:22,9.73,30
690,1,2026-04-06,09:47,8.22,0
691,14,2025-12-16,10:03,9.58,0
692,14,2025-11-19,10:48,8.78,0
693,12,2026-01-15,10:44,8.02,0
694,12,2025-12-26,11:10,7.33,0
695,1,2026-07-20,10:53,7.55,25
696,1,2026-01-22,10:46,7.11,0
697,9,2026-07-03,10:01,6.52,26
698,10,2026-02-21,11:21,9.89,27
699,18,2026-09-09,09:49,7.08,0
700,22,2026-04-15,08:48,7.26,22
701,13,2026-03-17,10:14,7.74,0
702,21,2026-05-28,10:55,8.15,31
703,12,2026-03-12,10:16,6.14,0
704,3,2026-06-13,09:53,7.01,0
705,22,2026-06-01,08:47,8.31,10
706,13,2025-11-14,09:46,9.0,24
707,8,2026-02-28,08:20,6.47,7
708,1,2025-11-30,11:02,8.01,16
709,7,2026-07-27,09:10,8.47,0
710,17,2026-04-22,08:01,11.27,0
711,7,2026-06-25,09:01,9.13,0
712,21,2026-06-02,09:10,8.03,0
713,14,2026-02-03,07:41,8.93,0
714,18,2026-08-23,09:53,7.67,0
715,14,2026-03-21,09:15,5.34,0
716,18,2026-05-06,07:58,9.71,0
717,8,2025-12-26,08:13,5.98,0
718,10,2026-02-05,10:12,8.59,0
719,15,2025-10-30,08:23,6.27,0
720,14,2026-03-07,09:05,7.37,0
721,5,2025-10-13,09:15,7.89,0
722,3,2026-07-18,08:58,6.77,0
723,20,2026-05-26,09:02,9.83,0
724,17,2026-08-18,08:55,8.62,0
725,1,2026-05-17,10:01,8.24,0
726,22,2026-01-02,10:18,9.56,0
727,20,2026-08-15,08:59,8.45,0
728,15,2026-08-24,09:21,7.62,0
729,1,2026-06-07,10:12,7.33,0
730,17,2026-07-25,08:09,7.89,0
731,15,2026-07-29,11:12,7.2,0
732,3,2026-06-18,10:11,7.49,0
733,19,2025-10-30,09:47,8.34,0
734,14,2026-08-31,08:16,9.38,0
735,25,2026-02-27,07:59,7.26,0
736,21,2025-12-03,09:19,8.71,0
737,9,2025-10-25,08:54,5.99,0
738,24,2026-02-19,09:09,8.46,0
739,8,2026-05-17,10:53,9.15,5
740,8,2026-04-12,10:07,8.38,0
741,7,2025-10-18,08:10,8.34,17
742,8,2026-03-02,08:40,9.3,9
743,25,2026-02-28,09:02,7.94,0
744,1,2026-01-13,11:02,8.64,14
745,6,2026-04-22,09:46,7.8,8
746,2,2025-12-03,08:52,7.11,0
747,1,2026-01-06,10:53,7.96,0
748,11,2026-07-24,09:12,7.27,0
749,21,2026-08-21,08:08,9.61,0
750,5,2026-05-16,08:01,9.55,0
751,21,2025-12-14,09:10,8.82,29
752,19,2025-11-09,08:47,8.56,0
753,22,2025-11-23,08:04,8.45,0
754,17,2025-10-16,07:41,9.75,0
755,1,2026-09-08,11:11,7.53,0
756,2,2026-05-04,10:41,10.02,0
757,25,2026-06-10,08:20,9.17,0
758,21,2026-04-30,08:01,9.19,0
759,18,2026-01-13,11:20,6.64,0
760,18,2026-04-08,07:49,7.39,0
761,22,2026-05-13,07:59,8.49,7
762,3,2026-05-13,10:42,8.32,28
763,10,2026-09-03,09:46,8.39,0
764,16,2026-05-27,09:49,9.04,0
765,14,2026-02-16,09:02,8.85,0
766,1,2025-12-17,11:17,7.27,0
767,17,2026-05-15,08:13,8.49,0
768,17,2026-09-15,10:09,8.76,0
769,10,2026-08-20,09:05,7.4,0
770,19,2026-09-22,10:50,8.8,0
771,12,2026-09-01,10:24,8.23,0
772,14,2026-08-17,10:09,7.41,0
773,18,2026-03-27,08:02,6.88,0
774,25,2025-12-29,09:19,6.11,0
775,15,2025-10-07,09:58,8.25,19
776,7,2025-12-19,07:40,7.55,0
777,19,2026-09-07,10:05,7.48,0
778,7,2026-06-01,09:46,7.85,0
779,6,2026-03-10,08:43,7.86,0
780,12,2026-07-11,09:59,6.58,0
781,2,2025-10-06,07:43,8.53,22
782,10,2026-02-19,09:08,8.69,5
783,10,2026-01-02,09:45,8.5,0
784,9,2026-06-04,10:55,9.34,0
785,16,2026-09-21,07:57,7.76,0
786,18,2026-03-16,11:07,7.88,0
787,4,2026-08-11,10:48,8.07,0
788,2,2025-11-14,09:54,7.99,0
789,15,2026-09-12,07:49,8.31,30
790,23,2026-09-20,10:48,8.7,0
791,17,2025-10-08,10:18,5.97,0
792,14,2026-08-31,10:47,11.03,29
793,5,2026-06-17,07:58,8.23,25
794,16,2026-04-17,07:50,8.66,0
795,25,2026-09-27,09:49,10.01,9
796,3,2026-03-22,08:19,7.92,0
797,1,2026-03-12,11:10,9.74,0
798,21,2025-12-26,09:40,6.87,0
799,5,2025-11-28,10:45,8.78,0
800,18,2026-03-13,07:43,7.09,0
801,16,2025-11-25,08:10,7.78,0
802,6,2025-10-08,09:13,8.11,0
803,23,2026-03-19,07:46,6.93,0
804,4,2026-09-10,10:18,8.28,0
805,25,2026-01-06,11:21,7.27,0
806,2,2026-04-04,11:00,9.19,0
807,16,2025-10-20,11:18,9.9,3
808,12,2026-05-01,09:46,10.9,0
809,22,2026-03-16,11:11,8.17,0
810,12,2025-11-17,09:15,8.35,0
811,11,2026-07-19,10:05,8.56,0
812,5,2026-03-09,07:53,7.44,0
813,20,2026-06-12,08:40,8.6,30
814,15,2026-09-22,10:47,8.51,0
815,23,2026-08-24,10:19,6.57,20
816,4,2026-08-26,08:16,8.58,25
817,17,2026-03-11,10:44,8.04,0
818,10,2026-06-26,09:52,7.25,0
819,23,2026-05-11,10:51,7.26,0
820,17,2026-02-13,10:00,8.87,0
821,22,2025-12-17,11:11,8.06,5
822,8,2026-09-21,08:58,6.87,0
823,9,2026-07-06,08:41,8.6,0
824,7,2026-01-12,10:59,7.83,0
825,25,2025-12-05,11:14,10.3,0
826,19,2025-10-16,08:09,7.28,0
827,5,2025-12-24,11:17,8.09,0
828,25,2025-12-20,09:41,5.92,0
829,19,2026-06-22,10:18,10.37,0
830,19,2025-10-31,09:50,8.71,0
831,14,2026-04-04,10:52,7.05,0
832,22,2026-04-24,09:17,8.88,0
833,15,2026-08-21,08:10,7.31,0
834,10,2026-01-12,11:01,8.68,0
835,5,2026-09-16,08:17,8.13,0
836,7,2026-09-07,07:56,9.35,0
837,22,2026-09-16,09:24,8.13,0
838,9,2026-09-17,07:51,8.85,0
839,18,2026-01-12,11:19,7.77,19
840,21,2026-03-29,07:52,8.58,39
841,15,2026-04-15,09:58,9.95,0
842,9,2025-11-06,09:24,7.11,0
843,20,2026-02-26,07:48,8.32,0
844,2,2026-05-26,08:24,9.34,0
845,1,2026-03-14,08:24,7.02,5
846,6,2026-07-08,11:14,7.22,28
847,12,2026-05-06,08:13,7.66,16
848,11,2026-05-21,11:10,7.25,0
849,23,2026-03-03,09:21,7.98,0
850,22,2026-06-08,11:20,8.47,0
851,13,2026-01-09,08:16,8.08,0
852,5,2026-01-26,08:21,9.03,0
853,16,2026-04-06,07:50,6.57,0
854,22,2025-11-02,07:40,8.41,39
855,17,2026-06-21,08:13,8.23,0
856,10,2026-05-26,07:56,7.13,0
857,4,2026-05-05,08:50,6.22,0
858,17,2026-08-04,11:15,5.52,0
859,17,2025-12-24,11:08,9.24,0
860,14,2026-09-03,07:44,9.16,8
861,8,2026-07-02,09:10,9.32,0
862,18,2026-07-08,10:05,8.52,30
863,13,2026-03-26,08:51,7.67,0
864,15,2026-06-30,09:51,6.04,17
865,16,2026-09-26,11:13,8.98,0
866,11,2026-06-23,07:45,7.3,0
867,16,2025-11-21,09:07,6.56,0
868,22,2025-11-03,10:14,5.73,0
869,20,2026-04-14,08:14,5.94,0
870,14,2026-05-24,08:45,6.44,0
871,11,2026-04-21,09:14,7.98,0
872,20,2026-07-20,10:15,8.86,0
873,21,2025-11-26,08:22,9.09,0
874,2,2025-12-15,07:56,8.22,0
875,9,2026-03-09,07:44,8.94,0
876,14,2026-07-20,09:01,8.0,0
877,11,2026-03-16,11:19,6.6,0
878,21,2025-12-06,08:09,8.57,17
879,21,2025-12-04,08:52,6.98,0
880,15,2026-08-25,07:54,7.97,0
881,23,2026-04-12,07:50,9.04,0
882,20,2025-10-03,07:55,9.84,0
883,12,2026-09-10,10:49,9.85,37
884,5,2026-05-21,10:12,9.1,0
885,8,2026-01-30,08:05,8.68,0
886,11,2026-03-09,10:45,8.45,0
887,11,2026-01-13,10:54,7.94,11
888,18,2026-07-23,09:19,9.28,22
889,21,2026-09-18,08:18,8.02,0
890,4,2026-09-07,07:52,8.87,0
891,3,2026-03-25,07:57,7.5,0
892,9,2026-05-14,10:49,8.73,0
893,16,2026-04-21,07:47,8.18,0
894,13,2026-09-13,08:02,10.05,0
895,3,2026-07-05,09:57,7.28,0
896,16,2025-12-18,09:02,7.99,0
897,20,2026-06-17,10:55,7.85,0
898,11,2025-11-29,10:01,9.26,0
899,20,2026-05-15,10:16,8.2,0
900,6,2026-04-09,10:18,8.08,0
901,6,2025-11-16,10:23,7.38,0
902,3,2026-08-15,11:05,8.52,0
903,9,2026-08-26,08:58,9.37,0
904,12,2026-06-29,11:17,6.37,0
905,22,2025-10-19,09:00,8.43,0
906,2,2026-05-26,09:46,9.59,0
907,12,2026-03-16,10:13,10.02,0
908,19,2026-06-03,09:52,7.84,0
909,6,2026-08-21,07:56,7.98,0
910,21,2026-03-09,10:04,7.92,0
911,16,2025-11-06,07:40,8.74,0
912,21,2026-02-11,09:01,8.0,0
913,4,2026-08-24,10:56,8.62,0
914,12,2026-03-13,10:53,10.1,0
915,13,2026-07-02,07:59,8.61,0
916,8,2026-08-10,10:50,9.51,0
917,15,2026-06-12,07:48,6.65,0
918,17,2026-07-07,10:06,9.34,0
919,25,2026-05-10,09:21,8.18,0
920,15,2026-07-25,08:07,8.25,0
921,16,2025-12-15,11:23,6.37,0
922,19,2026-06-26,10:46,9.62,0
923,23,2026-07-05,08:52,6.08,0
924,9,2026-03-23,08:03,9.8,0
925,25,2026-03-23,10:40,7.24,26
926,3,2026-08-28,11:11,8.48,0
927,8,2025-10-20,08:08,9.09,0
928,17,2026-07-18,11:05,8.06,0
929,22,2026-04-11,09:16,7.79,0
930,4,2026-02-05,11:06,7.99,0
931,6,2026-01-21,08:03,8.53,0
932,7,2025-10-04,07:53,7.78,0
933,11,2025-10-10,08:16,9.14,0
934,7,2026-08-07,10:58,8.38,0
935,16,2025-11-13,10:07,6.59,0
936,13,2026-07-29,11:10,7.75,0
937,13,2026-09-11,09:11,7.49,0
938,19,2025-11-10,10:21,6.41,0
939,5,2026-05-24,07:50,6.67,0
940,13,2026-01-24,08:56,9.86,0
941,8,2025-12-14,10:07,9.89,0
942,23,2025-12-18,10:06,7.01,39
943,7,2026-08-06,08:23,7.46,0
944,9,2025-11-03,08:11,8.22,0
945,15,2026-03-13,09:00,5.44,0
946,22,2026-07-04,07:43,6.03,0
947,3,2026-01-15,08:10,6.57,0
948,7,2026-08-18,09:19,6.78,10
949,9,2026-07-24,07:48,8.72,0
950,14,2025-10-15,10:07,9.01,0
951,9,2025-10-09,11:17,7.83,21
952,12,2026-08-25,10:03,8.4,0
953,17,2026-01-05,07:50,6.92,0
954,2,2026-03-10,11:17,9.18,0
955,12,2026-06-14,09:09,7.8,26
956,19,2026-04-24,09:49,12.0,0
957,23,2025-10-09,07:40,6.99,0
958,10,2026-03-03,09:21,7.84,0
959,18,2026-05-20,11:02,8.3,0
960,15,2026-05-26,09:16,7.37,22
961,9,2026-05-30,07:43,10.02,0
962,24,2025-10-17,07:59,10.12,0
963,14,2026-06-24,09:04,8.86,0
964,15,2026-03-30,07:46,7.2,0
965,15,2026-08-18,08:55,7.54,0
966,2,2026-05-14,08:45,8.43,0
967,17,2026-05-08,09:20,9.64,0
968,5,2026-02-24,07:58,7.72,16
969,5,2026-02-21,10:51,9.16,0
970,16,2025-12-31,08:16,8.07,0
971,17,2025-12-31,08:49,8.01,0
972,15,2026-06-13,10:44,7.58,0
973,5,2026-06-14,08:22,6.25,0
974,16,2026-05-04,11:18,8.28,0
975,4,2026-01-17,08:40,8.32,14
976,13,2025-10-01,08:13,8.45,0
977,18,2026-05-04,09:51,8.37,8
978,9,2026-01-27,09:50,8.72,0
979,21,2026-03-25,09:15,6.25,18
980,16,2025-11-02,09:47,8.37,0
981,24,2026-02-27,09:59,9.32,0
982,14,2025-10-26,08:11,9.28,0
983,16,2026-08-14,08:51,6.37,0
984,8,2026-07-25,09:03,8.33,6
985,21,2026-01-10,08:53,8.05,0
986,19,2026-04-21,11:20,8.54,0
987,19,2025-12-30,09:01,8.59,0
988,23,2026-06-12,09:50,7.56,0
989,7,2025-10-22,11:07,6.91,0
990,1,2026-08-18,07:53,9.37,0
991,8,2026-01-19,10:54,5.55,0
992,7,2025-11-30,10:16,8.4,0
993,13,2026-07-13,08:13,8.12,29
994,15,2025-11-30,10:18,9.27,0
995,20,2025-11-30,11:15,8.87,0
996,15,2026-07-08,10:57,8.59,0
997,21,2025-10-10,10:45,6.61,0
998,17,2025-11-19,11:03,7.77,0
999,20,2026-08-18,11:21,7.59,0
1000,18,2026-06-15,08:55,6.31,0
1001,23,2026-05-20,10:40,8.29,10
1002,23,2026-08-13,11:08,7.05,0
1003,4,2025-12-17,08:49,8.9,26
1004,8,2026-04-16,09:40,8.62,30
1005,11,2026-08-26,10:06,7.81,0
1006,9,2026-08-10,09:41,6.2,0
1007,13,2026-09-18,08:21,8.14,0
1008,8,2026-09-17,08:49,7.68,24
1009,14,2025-10-28,07:57,7.57,0
1010,23,2025-12-15,10:16,7.18,0
1011,2,2026-01-10,09:15,6.5,0
1012,9,2026-05-28,07:47,7.63,0
1013,6,2026-03-05,09:09,9.05,0
1014,6,2025-12-06,07:46,10.2,0
1015,6,2026-01-07,08:56,7.47,0
1016,23,2025-10-31,08:19,9.6,13
1017,15,2026-09-21,09:12,8.57,0
1018,19,2025-12-24,11:14,8.71,0
1019,4,2025-11-25,10:22,10.57,0
1020,8,2026-06-23,09:51,8.52,30
1021,14,2026-04-08,09:53,8.63,0
1022,25,2026-02-10,09:21,8.98,29
1023,9,2026-03-27,10:21,8.19,18
1024,3,2026-03-15,10:40,6.18,0
1025,16,2026-09-23,10:00,7.05,0
1026,13,2025-10-21,10:07,9.22,24
1027,12,2026-08-17,08:41,4.35,0
1028,25,2026-08-22,11:21,7.98,0
1029,10,2026-01-28,07:52,9.5,0
1030,19,2026-01-02,10:44,8.67,0
1031,19,2026-07-04,10:51,9.15,0
1032,12,2026-09-03,10:56,7.54,0
1033,18,2026-09-03,09:51,6.71,0
1034,9,2026-09-05,10:03,9.61,15
1035,18,2026-02-20,08:43,9.61,0
1036,17,2026-09-22,07:47,7.71,0
1037,7,2025-12-23,11:23,7.19,0
1038,5,2026-08-02,07:57,7.0,0
1039,10,2026-07-26,10:06,7.38,0
1040,12,2026-09-20,11:16,7.63,0
1041,12,2026-03-09,08:09,7.93,0
1042,8,2026-06-16,09:01,8.82,0
1043,7,2025-10-16,09:20,7.23,0
1044,1,2025-11-18,10:51,8.93,0
1045,1,2026-08-11,10:55,6.44,0
1046,6,2025-11-03,08:05,5.97,0
1047,19,2026-05-06,08:02,8.32,16
1048,7,2026-08-24,09:09,9.69,0
1049,19,2026-06-06,11:13,8.08,0
1050,18,2026-01-09,08:14,6.97,0
1051,8,2026-07-09,09:55,7.45,0
1052,17,2026-03-31,09:18,7.47,0
1053,15,2026-05-28,10:17,8.14,0
1054,18,2026-09-17,11:13,8.64,0
1055,24,2026-07-11,09:10,8.44,35
1056,11,2025-10-15,07:57,7.67,0
1057,22,2025-10-06,07:43,9.54,4
1058,1,2025-12-24,11:22,8.24,28
1059,5,2026-05-07,08:47,8.92,0
1060,9,2025-10-07,11:22,8.24,0
1061,5,2025-10-08,08:17,8.61,17
1062,16,2025-10-23,10:15,8.26,0
1063,3,2026-08-08,10:10,6.87,0
1064,20,2026-08-27,09:08,8.04,0
1065,19,2025-12-12,09:18,6.13,0
1066,17,2026-03-23,10:07,9.11,0
1067,21,2026-08-21,07:58,7.19,0
1068,10,2026-07-13,08:42,9.35,38
1069,21,2025-12-22,08:10,9.45,0
1070,4,2026-04-20,09:02,7.89,0
1071,3,2026-07-29,09:22,8.59,0
1072,11,2025-12-14,08:10,10.61,23
1073,12,2026-04-16,11:18,9.4,0
1074,2,2026-06-20,11:06,8.1,0
1075,24,2025-12-06,08:46,8.23,31
1076,16,2026-06-30,08:00,7.65,0
1077,25,2026-09-25,07:56,8.19,37
1078,21,2026-04-19,09:46,6.45,0
1079,4,2026-09-15,08:21,8.48,0
1080,13,2026-02-18,11:15,7.97,0
1081,25,2026-03-05,09:12,6.66,0
1082,7,2026-06-02,07:42,8.87,0
1083,2,2026-03-03,08:46,5.83,0
1084,14,2025-12-07,09:21,8.55,0
1085,8,2026-01-12,09:02,8.44,0
1086,13,2025-11-01,07:41,7.24,0
1087,21,2026-06-08,08:50,7.62,0
1088,15,2026-02-26,10:57,6.99,0
1089,3,2026-03-22,08:04,7.15,0
1090,17,2026-07-13,08:18,9.11,0
1091,18,2025-10-27,08:01,7.95,0
1092,23,2026-05-05,08:11,7.2,0
1093,20,2026-03-29,11:07,8.25,23
1094,25,2026-06-27,10:57,7.43,0
1095,4,2026-03-29,09:48,7.23,10
1096,21,2026-06-20,10:11,6.98,0
1097,6,2025-11-04,09:10,9.5,0
1098,6,2026-06-20,11:07,8.04,5
1099,13,2025-10-01,10:41,9.09,0
1100,18,2025-12-10,07:47,8.2,0
1101,11,2026-04-20,07:44,8.46,34
1102,23,2025-10-05,08:47,7.39,0
1103,17,2026-06-21,10:21,10.26,16
1104,17,2025-10-01,08:14,7.16,0
1105,21,2026-02-26,08:11,8.64,0
1106,2,2025-10-08,11:02,7.11,15
1107,8,2026-09-10,10:18,8.68,0
1108,22,2026-07-31,10:04,8.82,0
1109,8,2026-04-30,10:51,7.12,0
1110,12,2026-01-11,10:59,6.58,0
1111,25,2026-04-17,11:16,7.48,7
1112,3,2025-10-31,07:54,6.12,0
1113,5,2026-09-24,08:17,7.62,0
1114,9,2026-06-19,11:02,8.54,0
1115,11,2026-01-30,10:42,7.06,0
1116,18,2026-06-07,07:57,8.51,0
1117,6,2026-02-20,11:20,9.83,4
1118,18,2025-11-18,08:41,9.31,0
1119,2,2026-05-10,09:53,10.36,0
1120,7,2026-07-28,09:18,6.42,0
1121,15,2025-10-01,07:41,7.0,0
1122,3,2025-12-13,07:49,7.23,0
1123,25,2026-04-02,10:00,7.32,0
1124,6,2026-06-04,07:40,9.66,0
1125,17,2026-09-07,08:09,10.22,12
1126,12,2026-05-06,09:20,8.2,0
1127,25,2026-07-12,11:00,8.39,0
1128,4,2026-07-28,10:41,7.44,38
1129,10,2026-02-09,07:45,10.24,0
1130,20,2026-06-21,10:18,6.19,29
1131,18,2026-04-08,07:45,8.03,0
1132,21,2026-06-08,09:42,8.82,0
1133,13,2025-10-31,11:06,8.34,0
1134,13,2025-10-30,09:20,7.07,10
1135,12,2026-04-29,08:17,8.47,0
1136,4,2026-06-16,11:13,7.98,27
1137,13,2025-11-01,09:57,7.26,0
1138,20,2025-12-16,11:16,7.65,0
1139,21,2025-11-03,07:42,9.59,0
1140,22,2026-01-15,09:17,7.99,0
1141,14,2026-05-26,07:58,5.84,0
1142,25,2026-06-04,10:13,10.19,4
1143,11,2026-04-14,10:56,9.37,0
1144,11,2026-04-30,09:41,8.92,0
1145,18,2025-11-23,08:05,9.24,8
1146,12,2026-01-19,10:01,7.38,0
1147,19,2025-11-27,08:54,9.0,0
1148,3,2026-09-08,08:59,9.1,0
1149,3,2025-12-05,11:02,8.23,0
1150,19,2026-04-26,11:07,8.05,0
1151,2,2026-07-18,09:44,9.6,0
1152,6,2025-12-16,09:45,6.89,23
1153,20,2026-06-27,08:24,7.64,0
1154,5,2026-07-05,09:21,8.18,34
1155,7,2026-01-16,10:01,7.07,20
1156,20,2026-06-24,10:50,7.58,0
1157,2,2026-08-04,11:07,7.42,0
1158,18,2025-12-16,09:42,7.94,0
1159,13,2026-08-28,08:15,10.25,0
1160,22,2026-04-18,09:21,9.5,0
1161,17,2025-11-22,08:52,9.86,14
1162,25,2026-04-01,08:50,7.33,0
1163,13,2026-09-12,10:16,7.42,0
1164,11,2026-07-30,07:58,9.42,0
1165,25,2026-03-12,10:52,8.5,0
1166,8,2026-09-15,09:02,9.09,0
1167,21,2026-05-24,09:58,10.04,14
1168,22,2026-04-09,11:01,8.76,0
1169,23,2026-08-16,07:44,8.24,0
1170,18,2026-07-16,09:58,8.21,0
1171,18,2026-02-21,11:00,8.71,15
1172,16,2026-09-06,10:17,7.94,0
1173,3,2026-07-04,11:12,7.19,0
1174,4,2026-01-23,08:14,8.3,0
1175,20,2026-05-23,11:00,7.81,0
1176,21,2026-01-07,09:54,7.78,0
1177,17,2025-11-06,09:51,10.13,0
1178,14,2026-09-11,08:48,7.75,0
1179,17,2025-10-26,09:14,10.31,23
1180,8,2025-12-09,11:02,8.08,0
1181,25,2026-05-05,10:50,7.8,16
1182,15,2025-11-06,11:20,7.39,0
1183,4,2026-04-13,10:46,8.41,0
1184,7,2026-02-21,11:12,8.6,0
1185,20,2026-03-10,07:44,6.05,0
1186,20,2026-09-02,10:45,6.64,32
1187,2,2025-11-26,09:41,8.15,0
1188,2,2026-02-13,10:40,8.74,0
1189,9,2026-02-01,08:15,9.79,0
1190,8,2026-01-25,08:08,9.33,0
1191,8,2025-10-26,09:52,6.47,19
1192,2,2026-04-26,09:06,6.19,0
1193,17,2026-05-17,09:16,8.39,0
1194,10,2026-07-23,09:08,8.26,0
1195,22,2026-06-14,09:04,7.5,0
1196,10,2026-09-10,10:44,8.44,0
1197,3,2026-08-29,10:54,8.06,35
1198,21,2026-01-09,11:16,8.3,0
1199,12,2025-12-18,09:14,7.3,0
1200,19,2026-02-16,09:04,7.08,36
1201,9,2026-01-27,10:05,9.15,8
1202,9,2026-08-19,10:19,7.77,0
1203,4,2026-06-22,08:13,9.63,0
1204,21,2026-03-02,10:03,9.1,0
1205,16,2026-08-04,08:53,10.68,0
1206,21,2026-01-12,08:03,7.36,29
1207,6,2026-03-30,09:14,10.11,0
1208,12,2026-05-25,09:52,8.66,0
1209,5,2025-11-04,09:10,7.75,0
1210,11,2026-08-25,09:52,7.14,0
1211,17,2026-07-20,07:51,8.82,0
1212,14,2026-08-25,11:17,9.04,0
1213,15,2026-05-04,07:40,7.73,10
1214,8,2025-11-30,10:19,8.61,0
1215,8,2026-04-13,09:47,7.25,0
1216,24,2026-03-15,07:44,9.52,0
1217,14,2026-06-22,07:46,7.08,0
1218,6,2025-12-01,09:16,9.13,0
1219,21,2025-12-15,09:21,8.98,0
1220,14,2025-11-16,11:22,6.94,0
1221,17,2026-04-15,08:58,8.08,0
1222,20,2026-01-23,09:55,7.11,0
1223,6,2026-06-10,10:20,8.38,0
1224,13,2026-02-10,08:51,7.5,0
1225,6,2025-12-12,08:16,9.13,0
1226,8,2026-02-01,08:58,8.67,0
1227,22,2025-10-16,08:14,8.12,0
1228,3,2026-05-11,10:09,7.12,0
1229,2,2026-07-15,10:14,8.89,22
1230,5,2026-08-30,11:07,9.76,0
1231,1,2026-09-26,10:16,9.11,0
1232,6,2026-01-14,11:09,6.69,0
1233,22,2025-12-14,09:49,10.41,0
1234,9,2025-10-15,07:54,6.23,0
1235,6,2026-01-10,10:10,9.84,0
1236,24,2025-11-24,10:57,7.78,13
1237,12,2026-01-27,09:55,7.76,0
1238,5,2026-06-06,07:45,9.75,0
1239,8,2026-07-07,09:41,10.14,22
1240,14,2026-08-18,09:54,8.28,0
1241,6,2026-03-16,10:13,9.44,0
1242,14,2026-02-05,07:55,8.69,0
1243,2,2026-07-31,09:13,6.38,0
1244,13,2026-08-18,08:06,10.98,0
1245,18,2026-06-18,08:44,8.9,0
1246,25,2025-10-23,11:15,6.83,19
1247,5,2026-05-05,09:08,7.06,0
1248,6,2025-10-09,09:12,7.82,0
1249,14,2025-11-21,10:17,8.92,36
1250,19,2026-07-06,09:23,9.04,0
1251,5,2025-11-01,07:46,8.32,0
1252,9,2026-09-10,09:50,8.23,34
1253,6,2025-10-26,09:53,8.61,20
1254,20,2026-05-05,08:05,8.23,0
1255,5,2026-03-23,07:49,7.4,0
1256,11,2026-02-23,11:11,9.9,36
1257,7,2026-04-22,10:21,7.52,0
1258,7,2025-10-31,10:03,7.64,0
1259,12,2026-06-10,08:57,8.97,0
1260,6,2026-02-27,10:17,7.14,0
1261,22,2026-08-01,08:19,6.18,0
1262,24,2026-01-24,10:23,8.84,0
1263,11,2026-07-20,08:49,8.25,0
1264,21,2026-02-17,08:56,8.69,0
1265,24,2026-03-27,10:13,10.25,0
1266,5,2026-04-13,10:50,8.2,0
1267,5,2026-04-18,08:23,6.94,0
1268,14,2026-01-01,08:49,8.35,0
1269,1,2025-12-29,07:46,8.47,0
1270,2,2026-05-03,09:48,8.54,0
1271,1,2025-10-25,09:01,7.97,0
1272,15,2026-01-09,09:55,7.28,0
1273,3,2025-12-28,07:41,8.71,0
1274,14,2026-07-07,08:03,8.12,8
1275,15,2026-06-16,07:56,7.82,0
1276,17,2026-03-15,09:41,9.79,26
1277,21,2026-04-10,08:54,8.91,0
1278,10,2026-06-27,11:02,9.3,0
1279,6,2026-03-11,09:48,8.17,0
1280,12,2026-01-27,09:50,6.75,27
1281,14,2026-02-27,09:41,7.94,0
1282,5,2026-07-27,10:01,7.95,0
1283,6,2025-12-29,07:53,8.4,0
1284,1,2026-07-16,10:05,8.86,0
1285,1,2026-09-12,10:45,6.83,0
1286,18,2026-07-09,09:54,6.43,0
1287,23,2026-08-23,08:08,7.49,0
1288,16,2026-03-24,08:19,5.47,0
1289,17,2025-11-24,08:44,9.71,0
1290,21,2026-06-02,08:59,8.34,0
1291,8,2026-03-14,08:56,8.43,0
1292,7,2025-10-31,09:44,9.82,0
1293,10,2026-03-14,10:12,9.0,0
1294,17,2025-11-28,11:12,6.58,0
1295,14,2026-06-21,07:40,9.01,0
1296,3,2025-11-05,08:58,9.3,0
1297,2,2026-05-16,09:50,7.68,0
1298,5,2025-10-05,07:42,7.63,0
1299,15,2025-10-07,08:04,7.91,0
1300,19,2026-04-28,09:43,8.1,0
1301,22,2026-01-30,10:01,8.26,0
1302,10,2026-05-06,10:07,8.11,0
1303,13,2025-10-25,10:10,9.01,0
1304,24,2026-01-01,07:44,8.4,0
1305,13,2025-11-03,09:03,9.07,0
1306,3,2026-09-10,10:49,8.46,0
1307,20,2026-02-16,09:20,7.41,0
1308,5,2026-01-24,11:16,6.76,7
1309,6,2025-11-11,11:14,8.01,0
1310,8,2026-07-28,08:07,6.51,0
1311,20,2026-07-24,08:24,9.04,0
1312,10,2026-01-31,10:47,10.08,25
1313,22,2026-06-04,08:18,8.01,0
1314,2,2026-05-11,08:00,7.56,30
1315,1,2025-12-28,07:43,8.0,0
1316,4,2026-08-29,10:51,6.86,0
1317,25,2025-12-01,09:50,6.77,0
1318,1,2026-05-30,07:50,8.23,0
1319,14,2026-01-27,10:24,8.96,0
1320,13,2026-06-18,11:03,6.45,35
1321,5,2026-01-31,08:10,7.2,0
1322,21,2026-06-19,08:41,9.77,0
1323,20,2026-02-17,07:48,8.21,0
1324,8,2026-09-09,07:45,7.99,19
1325,21,2025-10-17,11:08,9.47,12
1326,16,2026-07-12,10:22,9.65,5
1327,10,2026-05-19,11:19,6.59,0
1328,8,2026-04-11,09:48,8.96,0
1329,22,2026-06-22,09:52,7.0,0
1330,20,2025-11-13,10:08,9.98,14
1331,8,2026-02-27,07:48,5.84,0
1332,5,2026-01-31,08:47,7.91,18
1333,10,2026-05-05,07:57,8.6,4
1334,13,2026-06-20,09:53,8.49,0
1335,18,2026-05-27,10:18,8.75,0
1336,18,2026-07-07,10:41,9.57,0
1337,4,2026-04-23,10:02,10.1,17
1338,9,2026-03-31,11:16,6.93,0
1339,1,2026-05-14,08:57,6.91,0
1340,23,2026-03-25,09:52,7.3,0
1341,16,2025-12-28,08:21,7.5,11
1342,13,2025-11-21,11:01,7.85,7
1343,19,2026-09-26,11:20,10.51,0
1344,1,2025-12-06,10:12,6.83,0
1345,1,2025-12-02,10:47,6.39,13
1346,16,2026-04-29,08:54,9.46,0
1347,17,2026-07-02,09:42,8.47,36
1348,3,2025-11-22,09:45,7.72,0
1349,6,2026-04-24,10:20,7.86,0
1350,7,2025-12-05,07:40,6.85,0
1351,24,2026-09-20,11:21,8.4,0
1352,20,2026-03-16,08:46,7.81,0
1353,3,2025-11-06,09:12,8.4,0
1354,7,2026-02-10,10:24,8.7,0
1355,14,2025-11-24,11:24,5.98,0
1356,11,2026-06-20,08:18,8.97,0
1357,5,2026-05-13,08:09,11.15,0
1358,2,2026-03-09,09:24,8.12,30
1359,16,2026-05-02,09:20,10.39,0
1360,23,2025-11-28,10:59,8.19,0
1361,13,2026-03-25,09:04,7.95,0
1362,7,2026-04-04,08:02,6.68,0
1363,9,2026-06-21,08:58,7.81,0
1364,22,2026-07-17,10:11,6.16,0
1365,21,2026-05-09,08:01,6.47,0
1366,17,2026-02-21,09:48,8.94,0
1367,14,2025-11-29,08:55,10.43,0
1368,23,2026-07-23,11:03,8.08,0
1369,13,2026-05-31,10:17,8.95,0
1370,11,2026-05-25,08:41,7.4,0
1371,2,2026-02-15,08:00,5.45,0
1372,12,2026-07-04,09:00,9.36,0
1373,15,2026-05-14,11:07,6.3,0
1374,2,2026-04-06,07:55,9.38,0
1375,17,2026-03-31,09:01,6.53,3
1376,14,2026-08-12,11:05,6.66,0
1377,9,2026-04-29,09:47,7.82,0
1378,11,2026-02-17,09:18,5.43,32
1379,3,2025-10-17,09:48,7.47,0
1380,24,2025-12-07,07:49,9.84,0
1381,23,2026-08-17,10:41,8.85,11
1382,5,2026-01-31,08:18,8.96,13
1383,9,2026-07-12,09:42,7.62,0
1384,12,2026-04-07,10:43,8.39,19
1385,18,2026-01-12,08:46,10.0,0
1386,23,2026-02-08,08:09,7.69,0
1387,16,2026-04-26,09:44,9.45,0
1388,12,2026-09-16,08:23,6.62,31
1389,1,2026-05-26,08:08,8.46,0
1390,22,2026-07-31,11:03,7.69,0
1391,21,2026-02-01,09:05,9.3,0
1392,5,2025-10-17,08:08,7.51,18
1393,18,2026-02-04,11:14,8.59,0
1394,21,2026-08-03,08:03,8.17,0
1395,22,2026-08-13,10:00,7.71,0
1396,17,2026-09-12,07:53,9.4,0
1397,15,2026-06-11,08:56,9.43,0
1398,14,2026-09-11,11:24,7.56,0
1399,21,2026-07-11,08:01,8.25,0
1400,13,2026-01-10,10:04,8.17,0
1401,3,2026-01-16,08:43,8.49,0
1402,9,2026-08-16,09:01,5.47,0
1403,17,2026-08-14,09:57,5.31,0
1404,16,2026-04-27,10:06,6.27,0
1405,5,2026-09-23,09:16,9.5,0
1406,16,2026-02-27,10:59,7.74,33
1407,12,2026-07-03,07:45,8.73,27
1408,5,2026-03-06,10:02,8.32,29
1409,2,2026-09-07,10:11,5.81,0
1410,15,2026-07-28,10:16,7.47,0
1411,17,2025-11-21,08:10,9.31,18
1412,23,2026-01-18,08:05,9.13,6
1413,9,2026-03-21,09:58,9.14,0
1414,17,2026-05-08,11:10,9.81,0
1415,13,2026-04-06,09:43,9.01,14
1416,1,2025-12-11,09:09,9.11,18
1417,16,2025-11-28,11:18,8.01,13
1418,22,2025-12-23,08:54,8.28,0
1419,18,2026-02-17,10:03,8.63,0
1420,3,2025-12-19,08:13,9.19,0
1421,12,2025-12-19,10:15,9.3,0
1422,15,2026-07-01,10:40,6.9,0
1423,6,2026-08-29,09:11,8.76,0
1424,2,2025-10-15,09:40,9.98,7
1425,22,2025-10-14,08:40,8.09,24
1426,23,2026-09-14,08:20,7.53,0
1427,16,2026-07-28,10:44,9.49,0
1428,2,2025-11-21,10:12,8.3,0
1429,21,2026-02-07,09:43,10.43,0
1430,12,2026-01-13,11:06,7.51,0
1431,3,2026-02-02,10:20,8.79,0
1432,11,2026-07-12,10:54,7.43,0
1433,8,2025-12-29,08:23,7.5,0
1434,17,2026-02-19,11:20,10.04,0
1435,17,2025-12-13,08:14,7.94,0
1436,4,2026-05-13,08:15,7.19,0
1437,21,2026-05-30,08:51,7.6,0
1438,12,2026-07-31,08:49,6.94,0
1439,1,2026-04-10,09:17,8.92,0
1440,2,2026-08-16,07:51,9.92,29
1441,11,2026-02-11,09:55,7.67,0
1442,10,2026-02-01,09:03,7.98,0
1443,15,2026-02-08,08:15,8.64,3
1444,19,2026-04-18,09:55,8.21,0
1445,15,2025-11-17,09:00,8.24,27
1446,4,2025-11-13,09:21,7.09,24
1447,4,2026-05-26,08:44,6.71,0
1448,10,2026-06-06,10:23,7.49,18
1449,18,2026-09-25,10:22,7.32,0
1450,19,2026-05-11,10:42,7.0,0
1451,12,2025-12-16,11:06,9.61,0
1452,16,2026-02-11,08:16,8.48,0
1453,10,2025-12-25,09:50,7.28,0
1454,21,2025-10-26,11:03,9.24,0
1455,1,2026-09-05,09:47,7.67,0
1456,24,2026-05-08,10:49,7.27,22
1457,8,2026-03-18,10:08,9.39,5
1458,9,2026-07-23,10:17,9.7,39
1459,12,2026-08-25,08:40,7.9,0
1460,18,2026-05-24,08:21,6.38,0
1461,22,2026-04-30,08:18,7.9,0
1462,12,2025-10-20,10:18,5.95,0
1463,13,2026-08-22,08:07,8.23,0
1464,7,2026-04-26,09:47,8.2,0
1465,1,2025-11-05,11:15,7.46,0
1466,7,2025-10-21,09:01,7.45,0
1467,25,2025-11-23,10:05,8.07,0
1468,25,2026-02-01,09:17,8.98,0
1469,20,2025-10-28,10:46,8.5,0
1470,25,2025-11-08,09:12,8.81,37
1471,21,2026-05-06,09:09,6.89,0
1472,5,2025-10-14,08:41,8.94,0
1473,5,2026-05-25,09:56,6.96,0
1474,7,2026-07-13,08:11,7.91,17
1475,22,2026-02-25,09:11,7.47,0
1476,4,2026-06-19,07:53,6.86,0
1477,21,2025-12-21,09:50,4.99,0
1478,3,2025-11-10,09:54,8.98,0
1479,20,2025-11-30,09:17,9.69,0
1480,7,2026-07-28,11:20,9.0,0
1481,3,2025-12-03,11:19,6.64,22
1482,11,2025-12-04,10:45,7.6,0
1483,19,2026-04-22,07:43,7.94,0
1484,14,2026-01-02,08:06,8.13,0
1485,4,2026-06-23,10:24,9.21,35
1486,2,2026-09-13,07:58,8.61,0
1487,7,2026-06-27,08:19,8.2,0
1488,14,2025-12-16,08:53,8.13,0
1489,10,2026-05-06,09:09,8.72,0
1490,1,2026-01-07,10:19,8.6,13
1491,18,2026-03-14,08:10,8.46,0
1492,15,2026-04-11,07:46,9.44,22
1493,12,2026-08-26,09:23,7.3,0
1494,21,2026-08-28,08:20,7.36,0
1495,12,2026-03-24,08:03,9.74,25
1496,12,2026-01-19,10:18,9.36,0
1497,11,2026-02-10,10:15,8.75,0
1498,23,2025-10-05,10:12,8.81,0
1499,7,2026-06-02,10:14,9.1,37
1500,1,2025-11-21,08:13,9.13,0
1501,4,2026-09-18,09:52,8.09,0
1502,1,2026-04-08,10:07,9.84,0
1503,12,2026-06-23,11:24,6.54,0
1504,12,2025-12-24,08:47,8.41,0
1505,11,2026-01-12,10:06,8.36,0
1506,18,2025-10-27,10:41,9.88,0
1507,8,2025-10-31,08:13,8.39,0
1508,6,2026-01-24,07:54,10.31,0
1509,1,2026-05-18,09:11,8.69,22
1510,22,2025-12-12,10:21,7.61,0
1511,4,2026-09-12,11:15,6.74,24
1512,11,2026-04-26,10:13,8.1,0
1513,3,2026-07-22,09:52,6.62,0
1514,23,2026-08-26,11:10,8.65,0
1515,12,2025-12-16,09:02,9.49,0
1516,5,2025-10-01,07:52,9.23,0
1517,21,2026-08-28,08:40,7.37,0
1518,4,2026-05-09,08:16,8.78,0
1519,22,2025-10-01,09:44,10.5,0
1520,9,2026-08-29,09:49,7.03,0
1521,9,2026-03-29,08:09,7.96,0
1522,12,2026-01-05,08:04,9.2,0
1523,17,2026-09-19,09:22,7.88,0
1524,15,2026-03-25,08:17,9.52,0
1525,3,2026-03-26,09:53,9.78,0
1526,5,2026-04-13,11:16,8.02,0
1527,6,2026-01-21,10:41,7.54,18
1528,17,2026-08-01,08:53,9.17,0
1529,5,2026-08-12,09:11,7.31,0
1530,9,2026-09-27,10:21,9.14,0
1531,16,2025-12-28,11:16,7.58,0
1532,11,2026-03-07,08:23,9.07,0
1533,17,2026-09-26,11:07,9.22,24
1534,22,2025-12-01,09:11,7.92,0
1535,13,2026-09-04,08:55,6.98,0
1536,20,2026-09-23,08:19,6.6,20
1537,5,2025-12-01,10:54,8.7,0
1538,21,2026-07-30,11:13,8.3,0
1539,4,2026-07-27,07:47,7.36,0
1540,2,2025-10-11,08:01,7.49,0
1541,14,2026-01-28,11:06,10.76,0
1542,18,2026-03-20,10:50,8.08,30
1543,10,2026-04-26,08:13,7.36,0
1544,24,2026-08-20,08:22,6.65,7
1545,13,2026-02-15,09:42,8.53,0
1546,21,2026-08-02,07:40,7.83,0
1547,15,2026-06-26,07:40,6.38,0
1548,8,2026-01-04,07:55,8.24,22
1549,25,2026-04-19,07:40,8.45,0
1550,5,2026-07-04,09:47,9.08,0
1551,13,2026-01-17,07:49,8.06,0
1552,9,2026-09-17,09:49,7.84,22
1553,17,2026-08-26,08:24,9.44,0
1554,3,2026-04-04,10:49,8.51,0
1555,21,2025-11-10,08:24,7.92,0
1556,5,2025-12-13,10:19,9.57,0
1557,24,2026-07-16,11:20,8.33,0
1558,6,2025-12-10,10:04,6.4,0
1559,14,2026-09-25,11:21,7.61,0
1560,21,2026-05-09,08:09,8.13,0
1561,6,2026-02-24,10:44,7.95,0
1562,14,2025-12-14,08:13,8.79,3
1563,19,2026-09-01,11:09,7.35,0
1564,17,2026-04-09,09:46,6.61,0
1565,13,2025-11-04,09:49,7.37,11
1566,1,2026-04-16,10:46,9.0,0
1567,3,2026-06-05,07:58,8.3,0
1568,25,2026-06-13,08:00,7.54,0
1569,21,2025-12-02,07:52,7.92,0
1570,3,2026-04-16,08:03,8.5,0
1571,13,2026-07-04,09:57,9.71,0
1572,16,2025-10-28,07:42,8.53,17
1573,15,2026-03-22,09:08,8.15,0
1574,6,2026-08-18,09:16,8.67,4
1575,1,2025-12-22,10:45,7.85,0
1576,16,2026-06-06,11:24,9.76,0
1577,2,2026-09-19,10:11,7.42,0
1578,20,2026-05-24,11:14,8.07,0
1579,3,2025-10-18,11:18,7.28,0
1580,4,2026-06-26,07:57,10.28,0
1581,5,2026-04-05,11:01,5.23,11
1582,21,2026-05-22,10:54,8.0,24
1583,15,2025-10-14,09:07,8.7,0
1584,6,2025-12-10,09:43,8.81,0
1585,18,2025-10-28,07:52,9.45,0
1586,5,2026-06-17,10:46,7.07,0
1587,10,2026-06-12,07:43,7.63,0
1588,14,2026-04-09,07:50,8.16,0
1589,2,2026-07-06,09:09,11.0,0
1590,5,2026-01-12,10:08,7.16,0
1591,10,2025-10-18,09:41,7.46,17
1592,22,2026-04-23,09:20,6.31,0
1593,13,2026-06-16,10:19,6.34,0
1594,16,2026-05-07,11:02,7.52,0
1595,22,2026-08-06,08:08,10.56,14
1596,17,2025-11-20,10:02,8.62,0
1597,3,2026-06-28,10:47,8.04,38
1598,6,2026-01-27,08:52,9.73,0
1599,12,2026-04-20,10:48,7.81,0
1600,5,2026-07-19,09:49,7.09,26
1601,19,2026-08-24,10:04,8.47,0
1602,6,2026-02-04,08:08,7.03,0
1603,21,2026-04-21,10:56,8.66,21
1604,23,2025-12-16,08:53,7.76,0
1605,12,2026-04-06,10:51,9.18,0
1606,2,2026-02-18,09:20,7.89,0
1607,3,2026-01-13,09:57,8.42,0
1608,14,2025-12-17,11:17,5.85,0
1609,8,2026-05-04,10:08,7.5,0
1610,6,2026-01-01,11:05,10.44,0
1611,1,2026-07-24,09:54,7.42,0
1612,17,2026-03-31,11:24,8.54,0
1613,9,2026-06-21,10:19,7.72,0
1614,23,2026-04-12,11:21,9.09,0
1615,17,2026-07-08,08:17,8.06,39
1616,14,2026-04-29,10:14,8.18,0
1617,17,2025-12-04,08:09,10.37,0
1618,13,2026-03-01,09:49,6.97,0
1619,10,2026-02-21,11:03,7.78,0
1620,2,2026-04-08,08:56,7.1,0
1621,7,2025-10-14,08:47,7.92,0
1622,2,2025-10-22,11:02,9.92,30
1623,1,2025-11-28,10:14,8.89,11
1624,6,2025-11-22,08:08,7.99,14
1625,25,2026-08-23,09:18,9.56,0
1626,14,2026-02-22,11:20,7.91,0
1627,12,2026-09-06,07:46,7.0,0
1628,21,2025-11-28,10:54,8.32,0
1629,3,2026-06-16,10:08,7.46,0
1630,6,2026-07-01,07:55,8.45,0
1631,5,2026-03-04,08:40,9.09,0
1632,22,2026-06-16,07:57,6.58,0
1633,3,2026-03-14,09:09,7.01,0
1634,10,2026-01-05,10:46,9.15,0
1635,6,2026-06-07,08:15,10.79,0
1636,11,2026-09-27,09:01,8.07,0
1637,13,2026-02-28,10:41,6.98,0
1638,3,2026-01-12,07:45,10.24,0
1639,14,2026-02-14,09:06,9.16,0
1640,15,2026-04-16,09:55,8.72,0
1641,1,2026-04-16,10:58,6.96,34
1642,2,2025-10-24,09:53,8.18,0
1643,10,2025-11-20,08:48,7.97,0
1644,21,2026-01-02,08:56,7.08,0
1645,24,2026-05-31,08:44,10.59,0
1646,5,2026-06-06,10:50,7.86,0
1647,15,2026-02-20,07:52,8.94,0
1648,16,2026-08-27,08:52,6.8,0
1649,2,2026-03-09,09:55,9.04,0
1650,5,2026-05-20,08:05,8.41,0
1651,21,2026-04-12,10:55,7.77,0
1652,2,2026-03-26,10:47,7.93,0
1653,13,2025-12-12,09:57,7.34,0
1654,22,2025-12-08,10:44,8.75,0
1655,23,2026-02-05,10:02,7.28,0
1656,20,2026-01-18,09:17,6.94,25
1657,13,2026-07-10,11:19,8.03,0
1658,1,2026-07-15,10:41,8.2,8
1659,19,2025-12-10,11:10,8.06,0
1660,1,2026-01-08,09:10,8.33,0
1661,2,2026-02-28,09:09,8.08,0
1662,23,2026-03-11,08:06,7.59,3
1663,18,2026-06-05,10:17,8.16,0
1664,17,2026-08-22,08:13,6.54,0
1665,3,2026-03-25,10:40,7.41,31
1666,16,2025-12-17,10:07,9.93,0
1667,22,2026-02-24,10:13,6.62,0
1668,6,2025-10-18,07:59,9.9,0
1669,10,2025-10-01,08:57,8.23,0
1670,3,2025-12-29,10:13,6.35,0
1671,7,2026-04-28,09:53,6.52,0
1672,3,2026-09-24,11:15,9.96,12
1673,15,2026-05-17,08:09,8.69,0
1674,4,2025-10-10,10:00,8.64,33
1675,21,2026-02-05,09:57,6.02,18
1676,18,2026-06-04,07:41,7.4,38
1677,11,2025-10-31,07:57,9.61,0
1678,1,2026-09-12,08:50,8.71,0
1679,7,2026-07-24,09:08,7.98,35
1680,20,2026-08-25,11:21,10.13,39
1681,5,2026-07-17,10:11,6.13,0
1682,8,2026-03-08,07:44,6.91,0
1683,19,2026-09-08,09:50,11.27,0
1684,6,2026-01-13,10:22,7.84,0
1685,8,2026-06-15,11:24,7.71,0
1686,23,2026-05-17,09:04,6.44,0
1687,16,2026-02-28,07:46,9.44,0
1688,17,2026-01-16,10:56,7.12,34
1689,24,2026-03-19,09:59,8.94,0
1690,11,2026-07-27,09:16,8.57,0
1691,20,2026-02-20,11:09,8.46,0
1692,13,2026-08-10,09:21,8.02,0
1693,20,2026-09-19,11:01,8.7,0
1694,6,2025-12-22,10:42,9.19,0
1695,9,2025-11-13,08:15,8.72,16
1696,6,2026-04-21,07:55,9.57,0
1697,2,2025-10-09,10:57,7.46,30
1698,2,2026-07-26,09:03,7.67,0
1699,2,2026-03-29,11:00,8.43,22
1700,14,2026-04-26,09:58,8.09,0
1701,20,2026-09-23,10:43,6.42,0
1702,15,2026-08-30,09:18,7.6,21
1703,22,2026-03-05,10:56,7.43,0
1704,25,2026-03-21,09:01,8.15,0
1705,16,2026-03-18,10:43,8.55,0
1706,17,2025-12-18,09:21,9.53,0
1707,21,2026-08-17,08:56,7.32,0
1708,17,2025-11-17,08:45,9.78,0
1709,7,2026-04-20,08:24,7.2,9
1710,25,2025-12-08,07:44,9.98,0
1711,25,2026-04-13,10:04,7.72,0
1712,19,2026-08-27,09:02,7.67,26
1713,6,2026-01-16,09:56,9.28,6
1714,18,2026-06-18,09:22,7.86,0
1715,1,2026-01-25,10:56,8.58,28
1716,19,2026-03-24,09:07,7.72,0
1717,13,2026-04-09,10:46,9.27,0
1718,22,2026-07-10,10:22,7.01,28
1719,23,2026-08-31,10:58,7.99,0
1720,9,2025-11-25,09:47,8.73,0
1721,22,2026-08-29,11:06,7.88,0
1722,16,2026-08-22,10:00,9.3,0
1723,21,2026-05-30,09:45,6.88,0
1724,14,2026-04-16,09:53,8.52,0
1725,8,2025-11-05,09:08,8.16,0
1726,20,2026-09-13,09:49,10.56,0
1727,16,2026-03-30,10:47,8.09,0
1728,12,2026-08-05,10:02,5.91,0
1729,2,2026-09-24,08:11,7.81,0
1730,16,2025-12-21,09:17,8.19,0
1731,5,2025-10-27,08:07,9.5,0
1732,16,2025-12-31,10:56,9.88,0
1733,4,2025-11-27,08:24,8.47,5
1734,11,2026-06-17,08:18,8.24,0
1735,22,2026-01-26,10:18,8.57,0
1736,11,2026-07-19,08:41,7.89,0
1737,17,2025-11-08,11:16,6.58,0
1738,12,2026-05-13,08:13,9.59,9
1739,25,2026-05-08,08:09,9.35,0
1740,4,2026-03-24,10:21,5.62,0
1741,24,2026-02-10,09:55,8.7,0
1742,10,2026-04-18,10:58,9.22,0
1743,5,2026-04-12,11:18,9.7,0
1744,17,2026-08-14,10:58,7.4,0
1745,7,2026-03-08,09:06,7.19,23
1746,5,2026-09-04,09:44,8.5,0
1747,10,2026-05-24,11:10,8.62,0
1748,13,2026-01-08,08:48,8.35,0
1749,19,2026-09-13,07:51,6.53,0
1750,8,2026-08-22,10:18,6.82,0
1751,10,2026-05-24,08:09,6.56,0
1752,9,2026-03-28,11:21,6.98,0
1753,2,2026-06-21,11:11,9.24,32
1754,25,2026-08-03,08:15,7.45,0
1755,6,2026-03-10,08:23,9.25,0
1756,19,2026-01-10,08:54,8.32,0
1757,13,2026-01-01,09:20,8.97,10
1758,10,2026-05-22,11:21,8.92,0
1759,5,2026-03-10,08:46,7.28,0
1760,8,2026-07-06,08:45,8.58,0
1761,9,2025-10-09,10:12,8.81,0
1762,6,2026-05-25,09:03,8.47,0
1763,8,2026-02-28,09:18,8.24,0
1764,21,2025-12-01,11:23,8.91,0
1765,9,2026-03-14,08:03,7.53,0
1766,5,2025-10-07,10:22,8.52,0
1767,4,2026-06-15,09:42,7.95,0
1768,18,2026-03-24,08:40,8.75,0
1769,19,2026-05-24,07:50,8.43,0
1770,12,2026-02-19,10:16,9.45,0
1771,16,2026-05-07,09:50,8.63,3
1772,10,2026-07-18,10:05,9.32,0
1773,22,2026-04-10,07:40,8.04,32
1774,7,2025-10-13,10:19,8.59,0
1775,12,2026-05-31,07:57,6.75,39
1776,6,2025-11-24,08:53,9.8,33
1777,7,2025-10-08,11:10,8.97,0
1778,7,2026-02-21,09:20,9.49,0
1779,6,2026-01-25,11:06,5.95,0
1780,8,2026-02-26,09:02,11.38,0
1781,5,2025-10-10,08:16,7.6,0
1782,15,2026-04-17,10:21,8.52,0
1783,15,2026-08-21,10:23,9.23,0
1784,25,2025-12-12,07:54,7.05,0
1785,21,2026-08-05,11:23,8.65,34
1786,22,2026-04-10,11:16,9.19,38
1787,24,2026-08-14,09:49,9.13,0
1788,24,2025-12-07,08:57,9.56,0
1789,9,2026-04-20,08:11,7.65,0
1790,19,2026-04-30,08:13,6.84,0
1791,18,2026-09-04,08:03,8.17,0
1792,19,2026-04-27,09:48,7.99,0
1793,13,2026-05-29,10:48,7.27,0
1794,24,2025-10-25,11:06,7.98,0
1795,1,2025-11-17,08:42,9.09,0
1796,16,2026-04-23,07:45,6.94,38
1797,18,2026-07-21,10:21,8.19,0
1798,24,2026-01-03,10:11,7.02,0
1799,16,2026-02-15,08:06,8.24,0
1800,14,2026-06-21,10:53,6.75,0
1801,6,2026-06-28,11:18,7.43,0
1802,14,2026-01-19,10:16,9.42,0
1803,13,2026-04-28,08:12,8.37,0
1804,12,2026-05-19,09:50,7.59,0
1805,7,2026-03-22,07:55,9.26,38
1806,21,2026-05-14,10:49,9.02,19
1807,10,2026-01-20,08:17,6.73,0
1808,7,2025-12-03,09:17,7.57,0
1809,7,2025-11-15,10:12,7.44,0
1810,11,2026-04-22,11:10,6.07,0
1811,11,2026-02-14,08:54,8.99,0
1812,11,2026-06-19,08:45,8.55,0
1813,24,2026-05-26,07:55,6.89,0
1814,1,2026-04-18,11:22,8.23,29
1815,5,2026-07-30,10:47,8.58,0
1816,9,2026-07-04,11:11,8.42,0
1817,10,2026-02-14,11:03,8.84,0
1818,1,2026-07-17,09:50,7.29,0
1819,20,2026-06-23,11:18,9.29,0
1820,13,2026-03-22,09:53,9.91,0
1821,10,2026-03-30,07:54,7.96,0
1822,15,2026-02-10,09:15,7.47,32
1823,14,2026-03-28,10:56,7.22,0
1824,20,2026-04-29,08:17,8.33,0
1825,1,2026-04-24,11:09,7.36,0
1826,18,2025-12-24,10:52,7.91,0
1827,18,2026-05-27,09:52,8.88,0
1828,1,2026-03-02,08:22,8.23,0
1829,9,2025-10-06,08:05,7.95,0
1830,6,2026-04-20,08:01,7.89,20
1831,9,2025-11-21,08:44,8.49,0
1832,13,2026-05-02,09:19,10.35,0
1833,12,2026-08-12,08:51,10.68,0
1834,22,2026-08-19,08:08,10.8,0
1835,5,2026-09-20,09:45,10.65,0
1836,8,2026-06-04,09:55,7.38,0
1837,6,2026-05-10,09:58,7.76,0
1838,18,2025-11-20,10:17,10.38,0
1839,1,2026-09-04,08:43,7.01,35
1840,10,2025-12-12,10:15,8.15,11
1841,3,2026-08-29,11:11,8.86,0
1842,24,2026-05-18,08:58,8.23,0
1843,16,2026-04-18,08:56,7.67,0
1844,5,2026-05-13,11:05,5.97,0
1845,9,2026-08-21,08:41,11.25,0
1846,15,2026-06-08,09:53,10.84,0
1847,12,2026-04-01,07:41,6.63,0
1848,2,2026-03-28,10:43,7.33,0
1849,12,2025-10-09,11:11,8.52,31
1850,8,2026-09-07,10:41,10.27,0
1851,6,2026-09-11,08:57,6.96,0
1852,20,2026-09-19,09:47,8.4,0
1853,21,2026-09-26,07:53,8.71,0
1854,3,2025-12-17,10:41,6.58,0
1855,1,2026-06-06,08:43,7.41,0
1856,1,2026-01-01,07:49,8.9,0
1857,5,2026-04-03,11:22,8.87,12
1858,16,2025-10-27,08:19,8.85,0
1859,2,2026-01-11,10:17,9.61,0
1860,17,2026-09-25,11:18,10.64,0
1861,17,2026-01-19,07:44,9.62,31
1862,7,2026-03-26,09:43,10.4,0
1863,2,2026-02-11,09:17,8.27,14
1864,25,2026-02-16,10:51,10.23,0
1865,18,2026-08-30,11:21,7.2,0
1866,2,2025-12-26,11:13,9.93,0
1867,20,2026-01-11,09:46,9.16,0
1868,18,2026-04-06,11:16,7.94,0
1869,17,2025-12-05,10:50,8.54,11
1870,4,2026-03-28,09:07,8.81,0
1871,21,2026-06-18,08:45,8.84,36
1872,14,2025-12-22,10:48,7.96,0
1873,16,2025-12-24,10:24,9.04,0
1874,23,2026-09-15,07:55,7.36,0
1875,19,2026-03-05,10:01,8.9,0
1876,7,2026-08-30,07:41,8.19,0
1877,16,2026-07-08,10:52,8.28,9
1878,6,2026-01-20,08:12,10.11,0
1879,20,2026-06-12,11:20,8.57,0
1880,1,2026-07-27,11:15,9.11,0
1881,14,2026-05-01,07:58,6.87,0
1882,23,2026-04-02,10:49,9.11,0
1883,19,2026-02-04,09:19,7.28,0
1884,22,2026-03-18,11:17,6.89,0
1885,6,2025-10-12,11:18,8.74,0
1886,10,2026-06-10,10:51,7.52,20
1887,24,2026-01-01,09:05,7.01,0
1888,11,2026-02-02,08:49,9.21,0
1889,12,2026-06-09,09:56,6.67,0
1890,22,2025-11-13,09:24,8.48,0
1891,9,2026-06-26,11:11,9.68,24
1892,6,2026-06-04,10:23,8.62,0
1893,9,2026-05-08,08:08,7.34,0
1894,6,2026-05-07,09:19,8.21,0
1895,14,2026-07-05,10:43,7.32,0
1896,22,2026-01-11,09:02,7.84,0
1897,24,2025-12-09,11:01,7.12,0
1898,6,2026-07-27,09:05,7.86,0
1899,17,2025-10-11,07:52,8.01,0
1900,7,2026-07-31,07:59,7.36,0
1901,22,2026-02-17,09:24,10.75,0
1902,15,2026-07-29,07:59,7.66,0
1903,9,2026-02-14,11:23,7.15,0
1904,11,2026-02-22,11:12,8.24,0
1905,11,2025-10-30,10:16,9.37,32
1906,5,2025-11-19,10:06,8.8,0
1907,8,2025-12-26,10:12,6.83,0
1908,23,2025-12-07,11:20,8.0,0
1909,20,2026-04-20,11:15,6.82,0
1910,3,2025-10-11,09:18,7.07,0
1911,5,2026-04-07,11:08,8.88,0
1912,2,2026-03-21,10:52,8.73,0
1913,14,2026-01-29,09:16,10.33,0
1914,9,2026-03-04,10:00,9.64,0
1915,5,2026-03-15,08:24,7.85,0
1916,22,2026-07-03,09:19,8.71,0
1917,25,2026-03-15,11:20,10.5,0
1918,4,2026-06-19,08:23,8.62,0
1919,7,2026-01-31,11:20,6.66,0
1920,13,2025-11-15,08:01,7.81,0
1921,18,2025-11-18,08:42,8.32,0
1922,8,2026-07-02,09:45,6.54,0
1923,24,2026-06-24,09:09,6.13,23
1924,23,2026-03-19,09:51,9.56,0
1925,6,2026-09-10,09:48,6.96,0
1926,25,2025-12-09,11:22,11.03,24
1927,24,2025-12-14,10:55,7.85,0
1928,9,2025-10-10,10:55,7.33,19
1929,9,2026-02-17,08:59,7.2,0
1930,4,2026-06-18,09:24,8.72,0
1931,9,2026-06-18,11:08,8.84,0
1932,20,2026-08-28,07:53,8.62,0
1933,22,2026-01-23,10:14,7.8,13
1934,6,2026-07-26,10:43,7.9,6
1935,11,2026-02-04,09:54,8.56,0
1936,19,2026-08-30,09:54,7.66,0
1937,1,2025-11-29,09:46,7.67,0
1938,23,2026-04-08,11:05,7.45,0
1939,11,2026-01-21,11:15,7.48,0
1940,12,2025-11-15,08:03,8.66,0
1941,22,2025-11-27,11:12,8.36,0
1942,9,2026-06-03,08:21,7.18,0
1943,2,2025-10-16,10:57,9.02,0
1944,12,2026-09-10,10:11,8.49,14
1945,24,2026-02-04,09:50,9.48,0
1946,15,2026-06-23,08:11,6.74,0
1947,14,2026-02-15,11:08,9.06,0
1948,4,2026-02-24,10:09,7.54,4
1949,17,2026-08-11,10:50,5.95,34
1950,11,2025-11-14,10:19,9.92,3
1951,21,2026-06-23,07:47,8.57,0
1952,4,2026-04-28,08:48,5.69,0
1953,4,2025-10-22,11:16,10.26,0
1954,20,2026-09-09,11:20,7.19,22
1955,19,2025-11-06,07:40,8.14,0
1956,22,2025-12-11,08:00,7.26,0
1957,9,2025-12-12,09:40,8.68,11
1958,13,2026-01-26,10:53,7.5,0
1959,25,2026-02-09,08:18,8.83,0
1960,11,2026-02-18,10:59,8.33,0
1961,6,2026-09-18,07:45,10.0,0
1962,10,2025-12-23,07:51,7.68,0
1963,22,2026-03-24,10:55,8.05,11
1964,14,2025-12-11,10:04,7.73,24
1965,11,2026-04-12,08:42,6.93,0
1966,12,2026-02-24,11:08,8.27,0
1967,4,2026-07-28,10:45,8.62,0
1968,23,2025-10-09,07:57,7.74,0
1969,6,2025-10-21,10:22,5.67,0
1970,23,2025-10-10,09:06,7.39,28
1971,12,2026-06-15,09:02,9.16,0
1972,19,2026-08-07,08:44,7.89,0
1973,5,2026-05-30,07:51,7.05,0
1974,17,2025-11-09,08:07,7.56,0
1975,5,2025-10-23,09:18,8.8,0
1976,7,2025-12-25,08:01,7.83,0
1977,24,2025-10-22,11:07,7.68,0
1978,8,2026-01-14,10:00,9.02,0
1979,10,2026-01-29,10:06,8.36,0
1980,3,2026-08-18,11:14,7.44,13
1981,9,2026-06-22,09:12,6.76,0
1982,16,2026-09-13,08:02,9.79,0
1983,14,2026-06-14,10:49,8.6,0
1984,3,2026-02-05,08:15,7.29,0
1985,1,2026-09-16,09:59,9.53,0
1986,11,2025-11-14,09:51,9.52,0
1987,4,2026-09-04,08:56,8.78,0
1988,13,2026-06-02,07:48,7.2,0
1989,12,2026-02-14,08:42,7.7,0
1990,24,2026-01-24,09:40,10.05,0
1991,5,2026-01-04,08:24,8.48,10
1992,23,2026-03-31,10:14,7.56,0
1993,21,2026-06-29,08:48,6.68,0
1994,23,2025-11-14,10:02,8.03,0
1995,16,2026-01-28,10:55,9.85,0
1996,20,2026-09-14,11:18,8.16,0
1997,7,2026-08-25,10:08,7.77,33
1998,23,2026-06-26,10:18,8.24,16
1999,7,2026-04-03,10:58,6.81,0
2000,23,2026-02-14,09:58,6.8,0
2001,9,2026-06-27,11:05,9.27,0
2002,19,2025-12-24,10:56,10.62,0
2003,5,2026-01-04,07:56,8.6,0
2004,4,2025-10-15,10:42,6.33,0
2005,5,2026-05-29,10:49,7.79,30
2006,12,2026-03-06,10:22,10.49,0
2007,16,2026-08-14,07:57,9.15,0
2008,15,2026-03-30,10:54,6.29,0
2009,9,2026-08-02,08:44,8.38,3
2010,24,2026-01-29,08:01,8.94,0
2011,19,2025-11-02,09:07,9.85,26
2012,15,2026-03-14,07:57,7.55,12
2013,23,2026-09-01,08:51,8.0,19
2014,3,2026-08-08,10:21,8.62,0
2015,12,2026-03-04,11:24,9.3,0
2016,2,2026-09-08,11:21,8.96,0
2017,8,2026-04-08,11:03,8.84,0
2018,13,2026-08-10,08:52,9.54,0
2019,8,2026-07-07,09:53,7.83,0
2020,1,2026-05-13,08:49,9.21,39
2021,14,2025-12-23,08:51,9.06,0
2022,21,2026-09-18,07:48,8.09,0
2023,16,2025-11-07,11:12,8.21,0
2024,3,2026-08-18,08:00,7.97,0
2025,4,2026-02-14,11:06,10.24,27
2026,3,2025-11-19,09:17,7.23,0
2027,2,2026-07-03,10:06,6.32,0
2028,14,2026-04-05,11:09,8.54,0
2029,5,2026-06-20,07:50,6.02,7
2030,11,2026-03-05,11:05,7.15,10
2031,16,2026-01-05,09:23,9.9,0
2032,23,2026-04-13,10:02,7.99,0
2033,24,2025-10-16,07:53,7.05,0
2034,24,2026-07-12,11:20,10.77,0
2035,15,2026-09-25,08:14,9.34,0
2036,18,2026-05-14,08:49,6.32,0
2037,18,2025-12-21,08:06,7.27,0
2038,2,2026-08-17,11:07,7.16,12
2039,18,2026-07-17,08:08,7.87,17
2040,11,2026-06-01,09:45,8.2,0
2041,3,2026-07-03,10:09,9.81,0
2042,4,2025-12-24,11:17,7.94,6
2043,16,2026-05-24,09:12,8.37,0
2044,20,2026-02-17,11:00,6.23,0
2045,23,2026-01-03,07:40,8.42,0
2046,9,2026-09-12,08:52,8.68,0
2047,17,2026-09-07,09:20,7.37,0
2048,12,2026-09-11,07:53,6.57,0
2049,6,2026-03-07,10:15,8.06,0
2050,22,2025-11-19,08:01,7.28,0
2051,18,2025-12-08,10:21,8.0,34
2052,19,2026-03-28,10:49,8.85,0
2053,1,2026-08-25,10:17,8.48,34
2054,8,2025-10-31,09:00,6.86,0
2055,11,2026-06-30,09:03,7.07,16
2056,16,2026-06-29,10:02,8.84,0
2057,19,2026-06-23,11:07,7.37,0
2058,5,2026-08-25,08:50,7.17,0
2059,13,2026-05-24,10:21,7.54,0
2060,23,2026-06-14,09:20,6.16,15
2061,16,2026-02-01,10:23,6.05,0
2062,9,2026-06-28,08:42,8.4,0
2063,6,2026-04-02,09:05,9.59,0
2064,16,2025-11-05,08:54,8.35,0
2065,14,2026-07-15,09:17,9.33,23
2066,21,2025-10-02,10:10,7.89,12
2067,17,2026-05-29,11:20,9.46,0
2068,6,2025-12-30,09:12,9.85,0
2069,17,2025-11-26,09:22,8.11,36
2070,25,2026-02-16,11:00,5.98,0
2071,8,2026-01-13,10:02,7.55,0
2072,18,2026-02-17,08:12,6.98,0
2073,1,2026-08-22,09:04,7.73,0
2074,13,2025-12-04,10:53,10.26,0
2075,23,2026-03-10,09:48,6.33,0
2076,9,2026-09-06,11:18,7.77,0
2077,6,2026-03-21,10:23,8.57,0
2078,22,2026-01-10,07:56,10.33,0
2079,15,2025-12-16,10:53,6.48,0
2080,5,2025-12-29,10:00,7.36,0
2081,8,2026-06-08,10:23,8.16,26
2082,11,2026-03-12,10:48,8.31,0
2083,22,2026-05-06,10:40,8.59,0
2084,15,2026-04-10,08:11,8.85,0
2085,23,2026-03-30,10:58,9.9,0
2086,12,2026-02-09,09:24,8.49,0
2087,18,2026-06-29,09:59,7.18,0
2088,2,2026-08-19,09:51,7.29,0
2089,23,2026-08-13,07:40,6.39,0
2090,8,2026-04-07,08:11,8.87,0
2091,10,2026-09-17,10:03,9.46,0
2092,12,2026-07-30,10:11,7.56,4
2093,4,2026-03-12,10:50,7.45,0
2094,11,2026-09-02,10:11,8.54,0
2095,3,2026-07-06,10:51,8.67,0
2096,4,2026-05-09,09:07,8.32,0
2097,21,2026-01-10,10:53,7.57,0
2098,25,2026-01-28,11:16,7.62,0
2099,25,2026-03-27,11:11,7.43,0
2100,6,2026-05-04,09:00,8.05,6
2101,23,2026-04-27,09:08,8.6,20
2102,16,2026-08-25,09:48,8.23,0
2103,14,2026-01-14,07:53,6.52,0
2104,13,2026-03-31,10:23,8.02,0
2105,10,2026-02-13,09:11,8.42,0
2106,19,2026-09-24,09:03,7.95,0
2107,23,2026-09-15,10:16,7.99,0
2108,1,2026-08-21,10:01,8.49,0
2109,7,2025-10-28,09:42,7.81,0
2110,15,2026-02-10,09:09,8.06,0
2111,6,2025-12-31,08:54,9.84,0
2112,12,2025-11-07,10:42,7.67,0
2113,13,2026-05-04,08:15,6.49,12
2114,13,2026-07-09,09:56,6.59,0
2115,25,2026-02-08,09:17,9.89,0
2116,23,2025-12-13,10:21,7.95,0
2117,18,2025-10-21,08:47,7.46,0
2118,18,2025-11-21,08:13,7.88,0
2119,24,2026-07-31,08:54,7.03,0
2120,22,2025-10-26,09:12,10.0,0
2121,1,2026-04-13,11:20,7.83,0
2122,5,2026-05-29,09:47,8.72,0
2123,13,2026-08-07,07:59,7.18,0
2124,1,2026-08-28,09:00,9.37,0
2125,2,2026-01-09,09:11,7.21,0
2126,14,2026-04-26,08:14,8.27,0
2127,20,2026-05-17,08:57,9.34,0
2128,24,2026-02-16,08:11,8.2,37
2129,22,2026-04-07,10:54,8.28,12
2130,23,2026-07-31,10:58,9.49,24
2131,22,2026-07-26,11:11,6.92,0
2132,24,2026-02-06,09:02,9.33,27
2133,16,2025-12-31,08:05,6.5,0
2134,16,2025-12-02,09:55,7.08,0
2135,14,2026-08-06,08:02,8.27,0
2136,2,2026-06-30,09:15,8.35,27
2137,25,2026-05-08,08:50,7.64,0
2138,25,2026-03-23,10:24,8.1,0
2139,13,2025-12-30,08:56,8.57,0
2140,3,2026-03-24,10:54,7.05,0
2141,11,2026-02-06,10:43,8.89,0
2142,10,2026-04-04,10:55,7.12,0
2143,14,2025-11-06,07:41,7.23,0
2144,22,2026-01-28,08:21,8.5,0
2145,17,2025-10-04,10:18,7.13,0
2146,1,2026-06-30,10:14,7.03,35
2147,5,2026-09-05,08:18,6.98,0
2148,8,2026-06-18,08:56,8.94,0
2149,3,2026-01-15,11:07,9.48,28
2150,7,2025-11-15,08:58,6.61,0
2151,18,2026-01-24,09:56,10.0,0
2152,10,2026-01-08,09:53,9.02,19
2153,2,2025-10-09,08:55,8.54,0
2154,23,2025-11-14,10:00,6.41,0
2155,8,2026-03-14,11:01,8.72,35
2156,23,2026-09-11,08:13,7.37,0
2157,23,2026-09-14,08:01,8.66,19
2158,22,2026-08-15,08:45,6.75,0
2159,13,2025-10-11,10:46,9.54,0
2160,7,2026-04-07,09:05,9.78,0
2161,19,2025-10-18,09:48,6.14,0
2162,7,2025-11-09,09:45,8.94,0
2163,11,2026-03-16,10:56,7.44,0
2164,10,2025-10-30,10:02,8.96,0
2165,14,2025-12-15,08:11,7.71,0
2166,1,2025-12-22,08:21,7.75,0
2167,14,2026-08-18,11:24,6.55,0
2168,6,2026-06-19,08:44,8.83,0
2169,12,2026-01-29,09:09,8.56,26
2170,17,2026-07-25,09:12,9.07,0
2171,15,2025-12-07,09:57,8.86,39
2172,10,2025-12-21,07:56,7.77,0
2173,5,2025-12-26,09:09,8.03,0
2174,13,2026-09-16,11:15,6.71,25
2175,22,2026-09-06,11:24,8.13,0
2176,20,2025-10-30,11:13,9.48,0
2177,13,2026-03-11,11:13,7.51,28
2178,19,2026-05-27,09:45,8.53,0
2179,19,2025-12-24,09:22,10.11,23
2180,14,2026-05-31,09:24,8.21,0
2181,13,2025-12-03,09:40,9.91,0
2182,21,2026-03-23,11:03,7.98,34
2183,13,2026-03-04,07:51,9.0,31
2184,9,2026-07-20,07:45,10.36,0
2185,11,2026-06-21,11:12,7.85,0
2186,1,2026-02-10,10:44,8.59,0
2187,4,2026-08-03,08:56,7.71,0
2188,6,2026-08-25,10:19,9.78,0
2189,3,2025-11-16,10:45,9.03,0
2190,19,2025-10-29,07:53,9.86,0
2191,20,2025-11-02,07:51,7.57,0
2192,20,2026-04-28,08:40,8.9,0
2193,7,2026-05-26,08:21,8.87,0
2194,22,2026-08-15,10:24,10.36,0
2195,23,2026-08-01,08:59,8.59,0
2196,3,2025-11-05,07:51,7.25,0
2197,18,2025-12-12,07:56,6.44,0
2198,8,2026-07-25,09:15,7.33,0
2199,2,2026-06-21,10:01,9.62,0
2200,19,2026-06-19,09:02,7.17,0
2201,6,2026-05-08,10:58,10.38,0
2202,13,2026-09-01,11:15,7.86,0
2203,23,2026-01-28,08:16,7.62,0
2204,17,2025-12-22,11:12,10.25,0
2205,22,2026-04-02,08:53,7.91,0
2206,12,2026-05-01,07:57,8.83,18
2207,20,2026-03-22,10:21,7.51,0
2208,2,2026-06-19,10:06,8.1,0
2209,2,2025-10-02,10:10,7.34,0
2210,12,2026-01-14,09:40,6.4,0
2211,24,2026-08-09,07:41,7.36,0
2212,10,2026-09-17,10:59,9.87,13
2213,19,2026-02-21,10:18,9.67,4
2214,24,2026-06-21,10:15,9.64,0
2215,8,2026-09-17,09:17,8.34,5
2216,21,2025-10-05,10:42,7.87,0
2217,8,2026-07-14,10:47,9.46,0
2218,5,2025-12-10,11:12,6.57,0
2219,16,2026-04-19,09:17,8.11,0
2220,2,2026-05-17,08:48,9.08,0
2221,13,2026-03-18,07:55,6.33,0
2222,22,2025-10-06,08:54,7.07,0
2223,21,2026-08-24,08:09,10.0,0
2224,6,2026-03-06,09:08,9.45,0
2225,18,2026-04-26,11:03,8.48,0
2226,22,2026-03-23,07:52,6.56,0
2227,24,2026-07-20,08:14,7.71,0
2228,13,2026-05-02,11:13,9.44,0
2229,7,2026-01-07,10:59,7.81,0
2230,11,2026-06-26,08:22,8.38,0
2231,6,2026-06-03,08:04,8.33,0
2232,18,2025-11-12,08:17,8.43,0
2233,2,2025-12-02,07:57,6.56,0
2234,8,2025-12-12,08:03,6.95,0
2235,13,2026-01-11,10:01,8.5,0
2236,10,2025-12-29,10:03,7.62,0
2237,13,2026-08-22,09:42,9.57,0
2238,21,2026-07-11,09:41,8.6,0
2239,25,2026-08-20,08:40,8.06,0
2240,15,2025-10-13,08:14,8.67,0
2241,24,2025-12-21,09:15,8.85,0
2242,18,2026-03-09,10:45,7.79,0
2243,1,2026-06-24,10:16,8.08,0
2244,11,2026-05-15,08:58,7.5,0
2245,6,2025-10-26,10:22,7.08,26
2246,22,2026-03-12,09:48,8.51,0
2247,11,2025-12-29,09:43,9.5,0
2248,16,2026-05-10,07:44,5.96,0
2249,19,2026-05-09,09:40,8.68,3
2250,5,2026-01-20,09:57,6.14,0
2251,25,2025-10-04,11:02,10.41,0
2252,5,2026-07-29,07:50,8.37,0
2253,24,2026-03-09,10:07,7.47,0
2254,4,2026-01-21,10:02,8.68,7
2255,18,2026-01-01,10:09,10.2,6
2256,3,2026-01-03,09:08,8.46,0
2257,25,2026-02-16,11:09,8.74,0
2258,3,2026-07-17,09:19,8.4,0
2259,8,2026-02-10,08:18,7.81,0
2260,15,2026-01-24,09:13,7.44,0
2261,23,2026-05-30,07:43,7.2,0
2262,14,2026-03-25,09:00,7.32,0
2263,15,2026-08-04,09:08,10.79,0
2264,22,2026-04-04,11:17,9.0,0
2265,10,2026-03-09,08:05,8.75,0
2266,21,2026-01-05,07:53,8.72,0
2267,6,2025-11-11,10:55,8.74,0
2268,8,2026-08-23,08:08,10.31,0
2269,14,2026-04-17,08:57,7.28,0
2270,7,2025-12-14,07:59,8.29,0
2271,10,2025-10-07,09:17,7.58,14
2272,4,2025-10-27,07:51,9.49,0
2273,14,2026-04-28,10:42,8.33,0
2274,15,2026-01-24,10:49,6.45,0
2275,14,2026-08-12,09:06,9.75,0
2276,20,2026-08-12,09:18,8.13,0
2277,20,2026-09-07,07:52,7.98,0
2278,24,2026-02-08,11:05,8.36,0
2279,6,2026-07-07,10:53,6.65,0
2280,7,2026-09-16,09:13,8.04,0
2281,16,2026-04-14,09:18,7.12,21
2282,5,2026-03-12,08:06,8.69,0
2283,11,2026-04-01,08:12,8.01,0
2284,18,2026-02-08,10:58,9.75,0
2285,7,2026-04-06,10:05,8.17,0
2286,23,2026-04-13,09:19,9.02,39
2287,20,2026-02-20,07:51,6.99,0
2288,20,2026-04-27,10:01,8.59,0
2289,12,2026-02-24,11:09,8.7,0
2290,2,2026-04-09,10:11,9.03,0
2291,3,2026-01-30,09:17,8.2,35
2292,17,2026-01-04,07:51,7.3,0
2293,21,2026-05-18,07:41,7.65,0
2294,23,2026-01-11,09:10,6.65,0
2295,11,2026-03-24,09:50,7.42,0
2296,4,2026-08-22,11:13,8.14,0
2297,19,2026-06-29,11:18,6.26,0
2298,4,2026-04-02,11:23,7.78,0
2299,24,2026-06-18,08:21,7.11,0
2300,24,2026-04-15,09:10,9.54,0
2301,10,2026-09-07,11:08,8.23,0
2302,24,2026-04-11,09:58,8.95,0
2303,9,2026-01-20,10:52,8.15,0
2304,11,2025-12-18,10:06,8.65,0
2305,10,2026-09-03,09:14,7.75,0
2306,1,2026-06-28,10:10,8.33,31
2307,10,2026-06-11,08:46,7.96,0
2308,12,2026-06-12,10:40,7.87,0
2309,10,2025-11-30,07:50,5.89,0
2310,2,2026-07-30,11:01,8.02,8
2311,24,2026-02-25,10:45,9.8,0
2312,7,2025-11-07,11:11,7.33,9
2313,11,2026-04-08,11:03,6.46,39
2314,13,2026-02-12,10:59,7.17,0
2315,20,2026-07-05,09:56,6.94,14
2316,12,2026-02-13,10:55,6.55,0
2317,12,2025-10-21,11:00,6.75,0
2318,21,2026-01-31,08:11,7.72,0
2319,6,2025-11-03,08:43,7.02,0
2320,19,2026-09-13,08:52,7.35,0
2321,23,2026-01-24,09:20,7.12,0
2322,13,2025-11-19,10:56,7.35,13
2323,16,2026-01-16,10:06,7.97,0
2324,21,2026-01-15,08:42,8.23,0
2325,10,2026-02-28,10:05,7.92,0
2326,19,2026-02-02,09:40,8.27,0
2327,9,2026-01-24,11:11,9.82,0
2328,10,2026-06-13,08:16,7.31,5
2329,14,2026-08-05,10:03,7.39,0
2330,13,2026-08-09,10:59,8.28,0
2331,20,2025-11-27,10:41,6.96,0
2332,12,2025-12-23,09:43,8.0,0
2333,9,2026-09-05,09:01,6.94,0
2334,2,2026-08-18,09:55,6.55,0
2335,6,2026-03-22,07:53,7.39,0
2336,1,2026-04-08,08:14,8.15,0
2337,18,2025-11-10,09:12,7.16,0
2338,19,2026-08-02,11:23,8.1,0
2339,16,2026-09-24,07:57,7.92,0
2340,21,2026-02-05,07:53,7.16,38
2341,8,2026-07-07,08:24,8.07,0
2342,8,2026-04-03,08:57,8.16,0
2343,24,2026-02-26,09:42,8.12,0
2344,19,2026-03-05,08:48,7.89,0
2345,15,2026-04-20,08:16,7.65,0
2346,9,2026-06-16,10:11,8.06,34
2347,9,2026-05-14,09:22,6.89,0
2348,7,2026-07-17,10:41,7.21,0
2349,12,2026-05-24,10:01,8.79,0
2350,13,2026-02-23,10:48,8.69,0
2351,18,2026-07-01,10:46,8.7,0
2352,23,2026-01-03,10:03,10.47,0
2353,11,2026-07-19,11:12,9.67,0
2354,2,2026-01-31,08:23,7.44,5
2355,22,2026-03-29,11:16,9.27,0
2356,11,2026-03-27,09:23,9.78,0
2357,17,2025-12-13,09:07,7.48,0
2358,19,2025-11-11,07:48,8.67,0
2359,9,2025-10-07,10:51,9.61,0
2360,17,2026-02-25,09:40,6.87,17
2361,25,2025-12-13,11:12,9.65,0
2362,15,2025-11-22,11:14,9.44,0
2363,5,2026-04-14,08:05,9.31,0
2364,21,2026-08-04,07:41,7.93,0
2365,7,2026-02-02,11:05,7.11,0
2366,5,2025-12-14,10:40,7.68,0
2367,19,2026-08-10,07:50,6.96,0
2368,5,2026-09-01,08:58,6.4,9
2369,10,2025-10-13,09:03,10.81,33
2370,15,2026-08-07,11:20,10.47,0
2371,2,2026-07-25,08:20,7.05,0
2372,6,2026-01-17,08:11,8.5,32
2373,8,2026-04-06,09:00,6.64,14
2374,7,2026-06-22,08:17,8.61,0
2375,5,2026-07-28,09:50,7.75,18
2376,9,2026-01-08,09:00,7.86,32
2377,4,2026-03-05,07:40,9.56,18
2378,21,2026-08-19,09:15,8.05,10
2379,21,2025-10-29,10:53,9.57,32
2380,10,2026-09-02,09:24,9.3,0
2381,16,2026-07-25,11:17,9.11,16
2382,11,2026-06-22,09:44,9.36,18
2383,17,2026-04-17,09:22,8.58,0
2384,1,2025-10-05,09:57,10.65,0
2385,12,2026-07-10,09:55,7.3,12
2386,4,2026-05-24,09:41,7.07,0
2387,14,2026-05-15,08:08,7.47,0
2388,23,2026-06-19,10:01,8.1,0
2389,23,2026-07-07,10:59,8.95,0
2390,20,2026-09-19,08:52,7.7,0
2391,11,2025-12-16,07:56,6.83,0
2392,3,2026-09-24,10:52,8.96,30
2393,11,2026-06-30,10:18,7.7,25
2394,18,2026-04-13,09:54,7.36,0
2395,3,2026-04-11,08:09,8.26,0
2396,8,2025-12-09,07:42,7.88,0
2397,19,2026-05-31,09:46,10.05,26
2398,10,2026-05-14,08:11,8.95,0
2399,17,2026-03-21,09:46,9.41,7
2400,3,2026-07-12,09:54,6.89,23
2401,16,2025-11-14,09:24,7.83,0
2402,15,2026-01-10,08:18,7.47,0
2403,1,2025-11-02,11:12,9.13,0
2404,19,2026-07-07,11:10,8.79,0
2405,7,2026-04-20,09:43,7.97,0
2406,1,2026-03-08,10:41,6.4,0
2407,21,2025-12-06,08:07,7.86,0
2408,17,2026-01-22,10:22,7.72,0
2409,9,2026-05-28,08:13,9.41,24
2410,15,2026-08-21,09:00,9.17,19
2411,17,2026-06-22,09:56,7.91,0
2412,13,2025-10-18,11:15,9.04,0
2413,5,2026-04-08,10:07,11.55,0
2414,16,2026-04-15,10:20,7.39,0
2415,6,2026-03-17,08:47,10.51,34
2416,25,2026-09-11,08:14,7.31,0
2417,22,2025-10-31,09:21,9.6,0
2418,14,2026-05-10,10:19,8.32,0
2419,25,2026-05-09,09:05,9.64,0
2420,1,2026-06-27,09:21,7.5,33
2421,7,2026-02-18,08:49,8.55,0
2422,20,2026-08-19,09:40,9.81,0
2423,2,2026-02-05,08:23,8.1,0
2424,18,2026-01-30,09:18,7.54,35
2425,20,2026-03-30,08:11,6.3,0
2426,11,2026-01-17,08:48,9.04,0
2427,11,2026-09-20,10:13,7.27,34
2428,2,2026-07-22,08:42,8.36,17
2429,5,2025-11-20,07:47,8.19,0
2430,18,2026-08-14,10:18,7.75,0
2431,4,2026-06-09,08:14,7.99,0
2432,25,2026-05-02,08:50,7.69,0
2433,4,2026-08-29,10:49,7.43,0
2434,2,2025-11-29,10:47,6.58,0
2435,2,2026-08-07,08:06,7.37,12
2436,11,2026-02-09,08:49,9.65,0
2437,10,2026-09-16,07:42,10.53,0
2438,9,2026-02-25,11:21,9.03,0
2439,8,2026-03-19,10:57,8.05,0
2440,3,2026-07-04,08:52,7.46,0
2441,20,2026-09-27,11:08,7.03,0
2442,11,2026-04-10,10:45,7.48,0
2443,14,2026-07-18,09:15,7.62,28
2444,23,2026-05-21,07:43,8.41,0
2445,15,2026-09-22,10:53,8.59,0
2446,18,2026-03-09,08:10,6.49,26
2447,23,2025-11-24,11:20,9.79,0
2448,14,2026-09-20,09:16,7.99,0
2449,10,2026-07-17,09:56,9.71,0
2450,2,2026-04-18,08:51,8.86,0
2451,6,2025-11-02,11:13,8.3,32
2452,23,2025-10-30,09:52,7.38,0
2453,6,2026-06-17,07:54,8.44,31
2454,11,2026-02-02,08:43,8.2,0
2455,20,2026-09-27,10:04,7.32,0
2456,20,2025-11-04,08:57,9.44,0
2457,5,2026-03-02,07:44,8.81,0
2458,2,2026-05-11,09:23,8.64,0
2459,24,2025-10-06,10:20,8.71,0
2460,22,2026-01-09,11:19,7.48,0
2461,3,2025-10-19,09:55,6.85,0
2462,9,2025-11-03,09:08,9.04,0
2463,2,2026-07-20,09:03,8.61,18
2464,9,2026-08-27,09:52,9.31,0
2465,4,2026-04-14,07:40,7.55,7
2466,16,2026-01-18,08:54,6.25,0
2467,6,2025-10-30,07:44,7.82,0
2468,2,2026-04-24,09:44,7.89,0
2469,24,2026-06-10,08:47,6.11,0
2470,13,2026-05-09,07:41,9.06,0
2471,21,2026-06-20,11:07,7.84,0
2472,1,2026-05-12,10:07,9.42,14
2473,24,2026-01-20,07:58,6.72,9
2474,13,2026-09-02,09:14,7.77,4
2475,2,2026-05-11,11:04,7.48,24
2476,4,2026-04-22,08:54,9.16,0
2477,3,2025-10-06,07:58,7.52,5
2478,25,2026-04-16,08:43,8.87,0
2479,22,2026-05-05,10:06,9.21,0
2480,6,2025-12-21,11:15,7.43,0
2481,21,2026-01-30,11:11,8.64,20
2482,15,2025-11-06,08:47,10.43,4
2483,15,2026-08-01,08:05,8.26,0
2484,23,2025-12-21,09:57,8.11,0
2485,8,2026-01-21,10:40,10.36,0
2486,4,2025-12-31,11:11,7.67,0
2487,2,2025-11-15,09:14,8.25,0
2488,2,2025-11-23,09:46,8.12,0
2489,11,2026-04-25,08:55,7.85,0
2490,11,2026-04-17,09:56,8.96,22
2491,11,2025-10-04,10:02,8.81,0
2492,20,2026-02-22,11:23,9.64,0
2493,24,2025-10-12,07:45,7.44,0
2494,16,2026-08-21,11:22,6.76,0
2495,23,2026-04-21,11:12,8.44,0
2496,11,2026-04-16,11:07,8.3,0
2497,1,2026-05-17,08:00,7.83,34
2498,22,2026-04-22,09:10,6.94,0
2499,1,2026-02-26,08:59,9.04,0
2500,4,2026-08-28,10:42,9.57,0
2501,3,2026-09-26,09:51,8.7,0
2502,6,2025-12-29,09:12,9.71,0
2503,2,2026-09-18,09:42,7.59,0
2504,5,2025-11-18,09:53,7.39,0
2505,10,2026-09-12,11:16,9.39,0
2506,7,2026-06-20,08:16,7.69,25
2507,2,2025-11-06,07:51,6.66,0
2508,20,2026-03-09,07:55,6.39,0
2509,6,2025-10-26,09:09,7.26,0
2510,24,2026-08-11,08:12,8.55,26
2511,13,2025-12-02,08:23,7.82,0
2512,20,2026-08-29,11:03,10.16,9
2513,1,2025-10-26,09:41,8.35,0
2514,14,2026-02-09,10:44,7.96,11
2515,18,2026-08-10,11:05,7.1,0
2516,15,2026-04-19,09:56,8.21,0
2517,6,2026-09-06,09:59,8.92,0
2518,16,2026-04-29,09:06,8.75,0
2519,12,2026-01-01,09:19,6.53,9
2520,16,2025-11-06,11:11,8.09,0
2521,25,2025-12-27,07:50,8.64,32
2522,25,2026-06-25,08:49,7.09,0
2523,3,2026-08-28,08:19,7.88,0
2524,9,2026-07-28,08:04,7.27,0
2525,13,2026-02-09,07:40,7.77,0
2526,25,2026-08-07,10:52,6.96,0
2527,25,2025-12-06,10:43,6.62,0
2528,22,2026-03-13,10:59,8.44,0
2529,1,2025-12-10,07:43,9.35,0
2530,5,2026-04-08,09:17,7.96,0
2531,12,2026-03-19,09:08,7.82,0
2532,11,2026-03-08,10:18,8.41,10
2533,18,2026-08-30,10:03,7.23,0
2534,7,2026-08-19,10:10,5.86,0
2535,19,2026-04-05,09:11,9.45,0
2536,25,2026-06-07,08:16,7.93,0
2537,25,2026-07-18,08:51,10.83,0
2538,7,2026-05-06,08:23,7.49,0
2539,16,2026-04-13,09:16,7.56,0
2540,20,2026-06-18,09:23,8.36,0
2541,8,2026-02-06,11:05,7.52,23
2542,18,2026-07-29,11:14,9.31,0
2543,9,2026-05-07,10:58,7.41,0
2544,2,2026-08-20,08:12,8.27,0
2545,11,2026-09-14,10:09,11.53,18
2546,23,2026-04-06,07:47,7.78,0
2547,6,2026-09-15,08:16,7.24,0
2548,20,2026-05-03,10:51,7.69,0
2549,21,2026-04-17,07:40,9.63,14
2550,17,2025-10-10,09:18,9.85,0
2551,17,2026-04-11,07:46,9.27,22
2552,17,2025-11-10,08:22,8.9,0
2553,11,2025-10-22,08:11,7.42,0
2554,9,2026-03-14,09:00,8.53,0
2555,14,2026-01-28,11:19,8.49,0
2556,8,2026-09-02,11:02,7.78,0
2557,22,2026-02-28,08:06,8.36,0
2558,20,2026-09-03,11:13,7.42,0
2559,20,2026-06-03,11:18,8.59,0
2560,3,2026-03-09,10:07,7.76,0
2561,23,2025-12-24,08:10,6.86,0
2562,14,2025-12-15,10:00,6.75,0
2563,19,2025-10-22,11:11,8.86,0
2564,11,2026-01-22,11:20,6.6,0
2565,14,2025-12-29,10:12,7.52,0
2566,7,2026-01-10,09:04,8.41,0
2567,19,2025-11-27,08:14,7.11,6
2568,15,2026-02-04,10:19,8.46,0
2569,8,2026-05-12,09:24,8.16,19
2570,2,2025-12-17,11:21,7.28,0
2571,20,2026-06-30,08:57,9.13,0
2572,23,2026-03-24,11:06,10.08,0
2573,5,2026-04-13,10:19,8.28,18
2574,20,2026-01-10,10:58,7.07,0
2575,11,2026-08-06,08:49,8.8,32
2576,5,2026-09-09,09:56,8.57,0
2577,23,2026-02-25,07:55,7.27,0
2578,22,2026-08-27,09:12,9.28,0
2579,25,2026-05-23,09:21,6.85,0
2580,6,2026-05-31,08:46,7.99,0
2581,9,2025-11-01,10:50,10.07,0
2582,13,2026-04-08,09:56,8.45,0
2583,10,2026-06-13,08:42,7.2,0
2584,13,2025-12-11,08:20,6.84,26
2585,6,2026-03-08,10:40,8.53,0
2586,14,2026-07-19,09:56,7.25,0
2587,25,2025-10-07,09:14,7.71,35
2588,11,2025-11-01,08:09,7.1,0
2589,19,2026-08-01,10:18,9.25,0
2590,20,2026-03-19,10:17,6.3,20
2591,25,2025-12-15,10:49,9.16,0
2592,5,2025-10-31,10:42,7.72,0
2593,9,2026-07-07,09:04,7.3,0
2594,11,2026-07-13,08:04,6.12,0
2595,6,2025-12-05,09:09,7.91,0
2596,18,2026-07-24,07:45,9.22,0
2597,23,2026-03-27,09:13,7.91,0
2598,25,2026-04-22,08:43,9.02,0
2599,20,2026-07-20,08:41,8.91,0
2600,9,2026-02-23,10:17,5.56,0
2601,10,2026-05-08,09:52,9.62,0
2602,9,2025-11-27,10:20,9.45,0
2603,7,2026-03-02,08:22,8.43,0
2604,4,2026-01-27,09:12,8.52,0
2605,2,2025-12-23,08:53,8.78,0
2606,8,2025-11-12,07:53,7.76,0
2607,21,2026-01-29,11:12,8.88,0
2608,20,2026-08-14,08:23,6.71,0
2609,16,2025-10-13,08:49,8.16,0
2610,18,2026-02-26,10:45,7.76,0
2611,5,2026-04-28,11:18,8.19,15
2612,13,2025-10-03,08:51,9.35,0
2613,20,2026-01-15,10:46,9.14,0
2614,12,2026-01-23,08:48,6.72,5
2615,13,2026-05-14,08:20,9.24,0
2616,10,2025-10-18,10:07,7.83,0
2617,1,2026-08-01,10:05,8.41,0
2618,9,2026-08-23,07:46,8.36,0
2619,6,2026-09-25,10:24,8.59,9
2620,1,2025-11-28,07:42,7.0,0
2621,7,2026-08-30,10:56,8.98,0
2622,14,2026-06-28,11:12,8.5,28
2623,5,2026-08-14,08:07,5.71,0
2624,17,2026-05-15,10:06,9.27,0
2625,6,2025-12-05,09:22,7.64,0
2626,7,2026-01-25,07:50,10.55,0
2627,4,2025-11-01,07:57,8.67,29
2628,2,2026-02-10,09:51,8.44,0
2629,21,2026-01-12,07:44,8.13,0
2630,6,2026-03-28,07:47,8.83,0
2631,21,2026-04-03,07:49,7.6,0
2632,16,2026-03-04,11:16,8.19,0
2633,24,2026-09-05,08:42,9.28,0
2634,16,2025-10-06,10:53,6.64,0
2635,24,2025-11-01,07:45,9.0,0
2636,4,2026-01-21,10:20,6.14,0
2637,18,2026-09-05,10:11,8.02,0
2638,8,2026-08-19,07:45,9.05,25
2639,20,2026-02-25,10:53,6.07,0
2640,1,2026-08-30,07:44,7.11,17
2641,19,2026-02-15,09:58,8.64,38
2642,25,2026-01-12,10:53,7.45,13
2643,24,2026-02-27,09:56,7.39,10
2644,18,2026-05-03,11:13,8.41,0
2645,13,2026-01-02,09:42,8.92,0
2646,24,2026-06-19,10:16,9.77,0
2647,20,2025-12-26,09:08,7.32,38
2648,20,2026-07-15,09:50,7.84,0
2649,4,2026-04-10,09:14,9.17,0
2650,25,2025-11-14,09:51,7.32,0
2651,23,2026-05-07,08:02,8.83,0
2652,12,2026-06-06,08:00,7.79,0
2653,11,2025-10-30,09:20,8.69,0
2654,11,2026-03-05,10:21,8.43,0
2655,16,2026-02-03,10:17,8.28,28
2656,9,2026-06-09,11:16,9.3,0
2657,2,2026-08-19,08:21,8.2,0
2658,6,2025-12-29,10:03,8.65,0
2659,21,2026-04-07,08:02,9.16,0
2660,4,2026-03-24,08:15,9.46,0
2661,17,2025-12-08,08:44,7.28,0
2662,20,2026-06-29,09:18,7.72,0
2663,25,2026-01-03,09:42,9.11,0
2664,23,2025-12-30,10:52,9.19,0
2665,23,2026-06-13,10:19,7.53,0
2666,18,2026-01-10,07:57,7.06,0
2667,12,2026-05-01,07:56,7.15,0
2668,15,2026-01-05,10:54,8.09,29
2669,8,2026-08-03,11:00,7.31,16
2670,25,2025-11-08,11:11,10.34,0
2671,14,2026-01-14,10:43,9.66,0
2672,1,2026-07-05,10:01,7.9,0
2673,11,2026-03-14,08:09,7.26,0
2674,5,2026-05-06,09:40,5.91,0
2675,18,2025-10-15,08:10,7.64,35
2676,7,2026-05-29,10:07,9.04,0
2677,4,2025-12-29,10:06,6.15,0
2678,16,2026-06-15,07:56,8.76,0
2679,6,2026-01-12,07:46,8.73,37
2680,22,2026-08-23,09:54,7.72,0
2681,1,2025-11-29,11:20,8.4,0
2682,16,2026-05-06,09:03,9.64,0
2683,1,2025-12-11,09:41,7.17,0
2684,21,2026-01-05,10:56,8.18,0
2685,22,2026-01-08,10:00,7.65,0
2686,5,2026-01-28,11:01,6.75,0
2687,3,2025-10-10,08:20,7.71,0
2688,4,2026-06-12,09:14,9.22,0
2689,17,2026-04-21,10:03,8.85,0
2690,9,2026-08-20,11:09,8.74,0
2691,22,2026-09-14,08:09,8.08,0
2692,16,2026-06-29,10:00,9.46,0
2693,1,2026-03-29,09:46,7.67,16
2694,16,2026-06-09,08:01,8.18,30
2695,15,2026-05-21,07:59,9.85,0
2696,12,2026-03-08,09:04,7.42,0
2697,22,2026-03-17,09:07,8.74,0
2698,20,2026-07-04,08:08,9.14,9
2699,23,2026-08-21,10:45,4.99,0
2700,1,2026-01-09,08:08,7.02,0
2701,14,2026-09-17,10:10,6.75,0
2702,22,2025-11-03,08:03,9.24,0
2703,2,2026-05-02,10:06,8.5,0
2704,18,2025-11-06,10:11,9.52,0
2705,8,2026-07-06,08:12,7.19,0
2706,17,2025-12-25,11:15,7.74,0
2707,5,2026-05-15,08:20,8.3,0
2708,14,2026-08-31,11:18,5.98,0
2709,8,2025-12-25,10:54,10.32,0
2710,10,2026-03-05,09:07,7.37,0
2711,19,2026-06-21,07:42,9.83,0
2712,4,2026-06-10,09:47,7.84,0
2713,12,2026-06-06,10:40,7.36,4
2714,3,2025-11-28,11:13,7.6,0
2715,16,2026-06-10,10:01,9.18,0
2716,6,2026-05-18,10:11,8.64,0
2717,20,2026-06-06,07:45,8.68,0
2718,4,2026-05-17,08:01,7.97,0
2719,9,2026-01-23,10:40,8.81,0
2720,22,2025-10-09,08:48,8.02,0
2721,2,2025-11-15,08:42,6.94,0
2722,20,2025-11-15,09:59,8.38,0
2723,9,2026-04-26,09:08,9.69,0
2724,7,2026-07-28,11:17,6.5,0
2725,8,2026-01-13,09:24,8.46,0
2726,21,2026-08-11,10:47,7.99,32
2727,10,2026-06-09,09:15,7.96,0
2728,20,2026-07-20,10:52,9.31,0
2729,5,2025-12-29,10:11,9.12,0
2730,20,2026-01-13,07:51,6.88,0
2731,7,2026-03-24,09:13,7.73,0
2732,16,2026-04-08,11:09,8.12,35
2733,6,2026-01-09,08:01,6.76,0
2734,19,2026-08-10,07:52,6.75,0
2735,20,2026-06-29,11:13,7.06,0
2736,8,2026-03-14,08:48,6.33,0
2737,20,2026-09-07,09:58,9.51,0
2738,6,2026-06-04,11:06,8.84,0
2739,25,2025-12-15,10:11,6.96,0
2740,24,2026-02-22,09:11,7.9,0
2741,13,2026-08-12,09:13,6.57,0
2742,12,2026-04-05,09:53,7.73,0
2743,18,2025-11-05,10:09,8.82,0
2744,2,2026-05-16,11:12,8.26,0
2745,17,2025-11-09,10:02,8.81,0
2746,14,2025-11-08,11:10,5.63,0
2747,11,2026-09-17,08:03,7.04,0
2748,16,2026-07-15,11:13,7.54,0
2749,25,2026-02-06,09:48,8.74,0
2750,8,2026-03-29,09:46,7.74,0
2751,4,2026-05-18,08:03,9.17,0
2752,12,2026-04-24,11:03,8.17,38
2753,3,2026-06-04,08:54,8.54,19
2754,15,2026-06-01,11:00,7.74,0
2755,2,2025-11-28,09:57,9.91,0
2756,20,2026-01-27,10:46,6.98,0
2757,10,2026-09-15,09:07,9.37,31
2758,8,2026-09-12,10:55,6.86,0
2759,18,2026-02-04,10:16,8.19,0
2760,1,2026-03-03,10:10,8.92,5
2761,22,2026-04-04,10:40,8.47,0
2762,12,2026-06-15,09:05,7.18,0
2763,25,2025-12-05,09:59,9.6,0
2764,14,2026-09-03,10:42,8.77,0
2765,11,2025-11-07,10:19,8.64,0
2766,4,2025-10-28,11:16,8.31,0
2767,15,2025-10-23,10:08,7.13,0
2768,6,2026-04-02,09:22,8.94,0
2769,2,2026-04-09,11:24,8.18,0
2770,11,2025-12-21,10:44,8.26,0
2771,22,2026-02-15,10:16,9.1,0
2772,9,2026-05-21,10:06,9.13,0
2773,2,2026-03-07,10:17,7.27,0
2774,15,2026-03-18,10:09,10.9,0
2775,1,2026-01-20,07:58,9.15,0
2776,22,2025-11-25,08:43,6.46,0
2777,9,2025-10-25,10:45,8.36,0
2778,25,2026-06-26,08:07,9.05,0
2779,24,2026-04-02,10:06,9.59,0
2780,12,2025-10-23,10:06,9.08,0
2781,17,2025-10-03,08:42,7.71,0
2782,16,2026-03-02,08:05,8.22,0
2783,23,2026-04-16,10:21,8.04,38
2784,6,2026-06-11,10:09,6.04,0
2785,17,2026-04-19,09:17,5.97,4
2786,17,2025-11-05,10:19,9.55,0
2787,10,2026-02-18,07:54,7.47,29
2788,9,2026-04-02,10:57,7.29,0
2789,4,2026-05-27,10:52,8.41,16
2790,12,2025-10-02,08:11,7.19,24
2791,3,2026-05-11,11:10,9.2,9
2792,9,2026-02-23,10:10,8.49,0
2793,2,2026-06-01,08:12,7.94,0
2794,3,2025-12-31,09:14,8.06,0
2795,4,2025-10-08,07:51,7.51,0
2796,10,2026-01-02,09:53,7.87,0
2797,5,2026-04-27,09:50,6.91,31
2798,15,2026-08-12,09:49,8.76,0
2799,6,2025-11-14,10:14,7.07,32
2800,7,2026-03-20,10:19,8.26,0
2801,5,2026-04-18,10:12,8.88,0
2802,16,2025-11-03,09:14,8.25,0
2803,4,2025-12-04,08:02,8.95,0
2804,12,2026-08-28,08:11,8.01,0
2805,17,2026-07-30,07:47,7.03,0
2806,11,2025-12-20,10:55,7.58,0
2807,15,2025-12-30,10:54,8.52,28
2808,17,2026-02-08,11:19,9.12,0
2809,8,2026-04-05,08:48,6.27,26
2810,15,2025-10-25,10:05,7.35,0
2811,20,2026-01-18,08:09,10.44,0
2812,15,2026-04-05,08:10,9.26,14
2813,5,2025-11-12,10:55,10.87,0
2814,5,2026-01-18,07:46,7.57,0
2815,12,2025-11-17,08:04,8.3,0
2816,14,2026-07-10,07:49,7.58,0
2817,14,2026-07-25,10:40,8.63,0
2818,15,2026-06-17,09:08,10.06,27
2819,8,2025-10-01,08:19,9.65,24
2820,21,2026-07-09,08:18,9.58,0
2821,12,2026-07-03,08:14,4.86,0
2822,14,2026-08-23,08:22,11.53,0
2823,18,2026-08-03,11:11,7.02,0
2824,24,2026-05-29,11:15,9.38,0
2825,19,2026-02-25,10:11,8.42,0
2826,11,2026-01-26,09:21,6.71,0
2827,15,2026-01-16,08:43,7.05,0
2828,3,2026-06-09,10:18,7.78,0
2829,13,2025-10-20,07:58,7.42,0
2830,18,2026-03-08,10:59,7.83,0
2831,8,2026-08-26,10:13,8.16,8
2832,7,2026-07-09,09:03,7.0,0
2833,6,2026-07-23,07:40,7.95,0
2834,1,2026-06-07,09:23,9.11,0
2835,5,2025-12-08,09:53,5.58,0
2836,7,2026-03-03,10:16,6.32,0
2837,18,2026-01-16,08:11,9.11,0
2838,6,2026-06-25,07:58,8.46,0
2839,1,2026-09-06,10:21,9.58,0
2840,18,2025-11-13,09:13,7.54,0
2841,18,2026-01-24,09:05,7.38,0
2842,9,2026-08-22,10:12,9.07,0
2843,7,2026-09-16,09:15,8.73,0
2844,1,2026-05-20,10:08,7.48,0
2845,6,2025-10-04,07:49,7.11,7
2846,22,2025-11-21,11:22,10.0,0
2847,21,2025-12-21,07:58,7.17,0
2848,16,2026-07-19,10:02,6.64,0
2849,17,2026-03-10,09:08,7.43,0
2850,12,2025-11-01,11:11,8.81,0
2851,12,2026-03-26,09:08,9.45,0
2852,3,2026-07-01,07:44,9.23,4
2853,6,2026-06-15,10:53,7.73,0
2854,6,2026-03-19,09:02,7.9,0
2855,4,2026-04-22,08:58,7.08,0
2856,7,2026-09-15,09:19,8.23,0
2857,5,2026-02-05,11:18,7.68,18
2858,14,2026-02-13,09:55,7.71,0
2859,17,2025-12-18,08:10,9.5,0
2860,14,2026-04-12,08:07,8.67,28
2861,22,2026-09-24,07:58,9.59,0
2862,25,2026-09-14,09:23,7.79,0
2863,14,2025-10-27,10:02,8.82,0
2864,11,2026-02-24,08:58,8.24,0
2865,11,2026-06-18,08:11,9.48,0
2866,5,2026-03-15,09:17,6.11,0
2867,25,2026-09-23,07:45,6.06,0
2868,12,2026-02-28,11:22,8.31,0
2869,15,2026-02-19,10:15,8.15,0
2870,1,2026-02-12,08:44,6.86,25
2871,4,2026-02-18,10:58,7.39,0
2872,19,2026-03-08,09:52,8.59,0
2873,24,2026-07-13,09:08,10.75,20
2874,6,2026-01-19,07:42,6.66,0
2875,8,2026-06-12,09:45,8.14,9
2876,19,2025-10-05,10:52,8.41,0
2877,3,2026-02-24,11:22,8.0,0
2878,23,2026-04-13,10:21,8.91,30
2879,9,2026-01-28,08:13,9.56,0
2880,1,2026-02-08,11:22,8.73,0
2881,9,2025-10-27,09:45,8.53,15
2882,15,2026-05-07,10:12,7.38,0
2883,17,2025-11-28,09:59,7.44,0
2884,23,2026-06-06,08:16,5.98,10
2885,15,2026-07-11,10:00,6.41,0
2886,3,2025-11-24,11:14,10.51,4
2887,15,2026-03-28,10:48,8.48,13
2888,8,2026-01-15,07:42,9.67,0
2889,19,2025-10-28,11:02,7.91,33
2890,5,2025-11-20,11:02,9.24,0
2891,23,2025-12-14,08:41,9.37,0
2892,20,2025-10-15,10:02,7.13,0
2893,24,2026-07-28,11:02,7.31,0
2894,8,2026-03-18,07:58,8.76,0
2895,22,2026-05-26,09:08,7.62,0
2896,8,2026-06-22,11:01,7.03,10
2897,12,2026-03-12,11:12,7.07,6
2898,8,2026-07-05,08:11,7.96,0
2899,13,2026-01-29,08:14,10.11,0
2900,8,2026-01-29,08:40,7.08,0
2901,15,2026-05-07,11:01,8.17,0
2902,23,2026-03-31,10:04,9.4,0
2903,12,2025-12-12,07:55,7.22,0
2904,10,2026-06-02,10:16,7.36,0
2905,9,2026-02-27,10:08,6.83,0
2906,24,2026-09-16,11:20,7.63,0
2907,13,2025-11-25,09:41,8.99,18
2908,11,2026-08-05,08:52,10.15,28
2909,17,2026-04-21,11:19,8.55,0
2910,18,2026-01-31,08:18,7.87,13
2911,14,2026-04-18,09:48,8.37,0
2912,19,2026-05-11,08:42,10.23,38
2913,3,2026-02-27,09:44,8.04,0
2914,23,2026-01-10,10:11,6.45,0
2915,17,2026-08-27,08:59,8.43,0
2916,8,2026-04-29,09:11,6.88,0
2917,18,2026-02-12,07:54,7.02,0
2918,23,2026-03-04,11:04,9.78,0
2919,6,2026-06-12,09:52,9.59,20
2920,15,2025-10-04,07:42,8.46,0
2921,21,2025-11-13,09:22,8.77,0
2922,5,2026-07-02,08:21,8.9,0
2923,21,2025-11-04,10:05,7.47,0
2924,12,2026-09-07,08:40,8.97,22
2925,17,2026-08-11,08:24,8.17,0
2926,6,2026-01-13,11:14,7.59,0
2927,6,2025-12-11,08:12,10.11,0
2928,8,2025-12-01,11:19,7.85,22
2929,24,2026-06-05,07:48,8.22,16
2930,7,2025-11-14,07:52,8.09,27
2931,25,2026-01-22,09:05,7.72,0
2932,24,2026-09-16,10:11,9.14,0
2933,12,2026-03-17,09:53,5.34,0
2934,23,2026-03-17,09:20,9.36,0
2935,1,2025-12-25,09:07,6.81,0
2936,8,2025-12-02,10:40,8.06,0
2937,8,2026-09-02,08:16,8.57,0
2938,5,2026-03-20,08:41,8.33,0
2939,7,2026-02-20,08:13,8.13,0
2940,23,2025-10-17,11:00,7.22,0
2941,7,2026-04-07,08:56,9.1,0
2942,12,2026-03-31,11:02,8.67,0
2943,10,2026-03-31,08:16,10.15,0
2944,13,2026-03-13,10:00,6.34,0
2945,9,2025-12-04,07:40,8.23,0
2946,18,2026-07-28,08:53,8.57,0
2947,5,2025-11-04,11:03,9.19,0
2948,23,2026-04-30,07:48,7.63,0
2949,23,2026-06-19,10:48,7.2,0
2950,8,2025-11-12,09:18,7.61,0
2951,21,2026-05-25,08:56,7.76,0
2952,9,2026-09-07,07:42,7.81,0
2953,9,2026-09-02,08:48,7.96,0
2954,11,2026-07-19,10:12,8.6,0
2955,16,2025-11-07,11:17,10.16,0
2956,17,2026-08-16,07:45,8.04,18
2957,5,2026-05-08,09:48,8.19,0
2958,15,2026-07-01,10:49,9.1,0
2959,10,2026-09-05,11:22,9.0,0
2960,2,2025-12-19,08:00,10.04,11
2961,14,2026-07-10,08:01,6.75,0
2962,14,2026-03-07,09:42,8.76,0
2963,2,2026-09-01,08:08,8.47,0
2964,14,2026-03-04,08:02,7.49,0
2965,9,2026-06-28,08:52,8.46,0
2966,25,2026-08-21,08:49,8.32,0
2967,21,2026-02-17,10:18,9.82,0
2968,4,2026-01-15,10:24,9.61,0
2969,10,2025-11-22,11:24,7.93,0
2970,16,2026-08-04,08:04,9.64,11
2971,12,2026-02-02,11:14,8.19,0
2972,3,2025-10-14,09:04,8.96,0
2973,6,2026-03-23,09:20,8.19,10
2974,8,2026-06-23,09:07,8.61,25
2975,19,2025-12-10,10:09,8.49,0
2976,12,2026-07-06,09:52,8.79,0
2977,7,2026-04-28,09:42,7.92,0
2978,10,2026-08-28,11:02,9.31,0
2979,6,2026-09-08,10:41,7.0,0
2980,20,2026-05-22,11:24,7.93,0
2981,21,2026-08-15,10:45,8.7,0
2982,7,2026-09-11,10:24,7.79,0
2983,19,2026-07-23,10:47,7.86,0
2984,4,2026-03-04,08:09,7.56,0
2985,10,2025-11-30,09:52,6.57,0
2986,14,2026-02-26,08:49,7.43,0
2987,24,2025-11-23,10:08,6.77,0
2988,13,2026-05-21,08:44,6.32,39
2989,25,2026-09-25,10:15,9.31,16
2990,3,2025-11-28,11:13,7.89,0
2991,23,2026-02-24,11:12,6.86,0
2992,9,2026-03-19,10:09,7.02,0
2993,6,2026-01-20,09:24,8.39,0
2994,16,2026-03-12,09:58,7.44,0
2995,18,2026-04-11,09:42,10.05,0
2996,19,2026-09-07,11:00,6.61,0
2997,24,2025-12-21,07:59,8.31,0
2998,6,2026-03-22,08:43,7.33,0
2999,7,2026-08-06,09:20,6.15,0
3000,22,2026-03-20,08:48,8.7,0
3001,23,2026-01-23,08:08,8.47,20
3002,25,2026-05-05,09:16,10.43,30
3003,9,2026-06-08,09:20,7.38,0
3004,7,2026-06-24,11:21,7.5,0
3005,9,2026-03-04,07:57,8.75,18
3006,11,2025-12-12,08:51,7.29,0
3007,24,2026-01-07,08:21,8.83,0
3008,2,2026-02-06,11:04,8.06,31
3009,19,2026-08-07,11:18,7.74,0
3010,16,2026-04-04,08:01,8.59,19
3011,12,2026-01-08,11:08,7.76,0
3012,25,2026-05-15,08:49,9.72,0
3013,9,2026-02-10,09:10,6.71,0
3014,22,2026-02-14,07:53,9.81,39
3015,19,2026-05-07,09:12,8.77,0
3016,9,2026-02-27,08:06,9.04,0
3017,23,2025-12-22,09:14,7.97,0
3018,4,2026-06-03,10:53,7.82,34
3019,20,2026-07-11,09:46,7.45,0
3020,12,2026-01-22,08:08,7.95,0
3021,18,2026-03-07,09:06,8.08,6
3022,17,2026-01-15,08:12,9.66,23
3023,25,2026-09-25,08:57,7.11,0
3024,21,2025-10-04,07:46,9.25,0
3025,14,2026-03-24,11:02,8.0,0
3026,9,2025-10-01,11:10,7.33,0
3027,10,2026-01-07,08:41,9.64,0
3028,6,2026-07-02,10:41,9.18,0
3029,10,2026-05-21,07:47,9.33,37
3030,18,2026-02-20,08:55,7.67,24
3031,3,2026-07-27,10:58,7.58,0
3032,23,2026-05-31,09:43,9.02,0
3033,16,2026-05-23,10:58,9.32,0
3034,13,2025-11-19,10:40,7.19,0
3035,7,2025-11-04,08:48,8.95,0
3036,9,2026-08-17,10:47,7.8,4
3037,24,2026-07-26,09:15,8.75,29
3038,18,2026-09-03,09:47,8.01,0
3039,5,2026-03-16,09:04,5.98,0
3040,14,2025-10-29,10:47,9.56,0
3041,13,2026-05-05,11:19,6.54,0
3042,17,2026-04-05,10:07,9.79,0
3043,21,2025-10-26,10:52,8.2,0
3044,11,2026-03-15,10:52,9.35,0
3045,10,2025-11-28,09:59,9.81,0
3046,22,2025-10-18,08:01,8.92,0
3047,5,2026-09-18,10:06,6.29,0
3048,25,2025-10-27,09:08,8.23,19
3049,1,2025-10-27,10:24,8.34,0
3050,2,2026-01-07,09:56,8.99,0
3051,23,2025-12-29,08:59,7.63,0
3052,6,2025-11-18,08:17,8.33,0
3053,22,2026-03-19,09:46,7.29,0
3054,10,2026-03-31,10:40,8.47,0
3055,16,2026-01-31,08:58,8.93,0
3056,15,2026-02-14,11:10,9.06,0
3057,21,2026-05-28,09:19,6.96,0
3058,4,2026-01-25,07:48,8.18,18
3059,22,2026-01-13,09:48,6.67,22
3060,23,2026-05-22,09:10,9.03,0
3061,6,2025-10-20,07:42,8.27,0
3062,20,2026-04-22,07:50,7.24,0
3063,21,2026-03-22,08:23,8.29,0
3064,8,2025-11-20,08:02,7.52,0
3065,15,2026-07-02,10:16,7.91,0
3066,6,2026-01-18,07:52,10.34,0
3067,4,2026-03-31,08:49,7.48,0
3068,4,2025-12-15,08:57,7.67,4
3069,19,2026-09-11,09:23,8.96,26
3070,4,2026-09-13,10:04,9.6,0
3071,18,2026-02-18,09:12,6.22,0
3072,3,2026-03-10,10:49,5.77,0
3073,14,2026-02-28,07:45,7.12,0
3074,25,2026-02-16,09:21,8.22,0
3075,15,2026-08-26,08:05,9.94,0
3076,12,2025-10-07,10:18,7.4,0
3077,3,2026-07-08,10:47,8.07,0
3078,14,2026-01-23,08:10,9.31,15
3079,2,2026-03-05,11:24,9.96,0
3080,24,2026-03-06,07:49,8.19,35
3081,20,2026-02-14,11:05,8.32,0
3082,16,2026-01-02,10:02,8.54,0
3083,4,2026-04-12,09:19,8.5,23
3084,11,2025-10-08,10:17,7.66,0
3085,3,2026-08-15,08:47,7.19,21
3086,9,2025-10-23,09:12,9.68,0
3087,23,2025-11-14,07:42,8.36,0
3088,19,2026-05-29,11:04,9.83,0
3089,17,2026-08-12,09:03,7.14,0
3090,16,2026-01-03,08:55,7.55,37
3091,14,2026-02-06,10:49,8.67,0
3092,6,2026-07-22,11:01,8.48,0
3093,21,2026-05-06,10:15,5.94,0
3094,2,2026-02-01,10:52,8.25,0
3095,22,2026-01-11,08:07,6.83,0
3096,15,2026-04-18,10:22,7.76,0
3097,9,2026-09-26,10:42,7.83,0
3098,4,2026-04-12,10:07,7.75,0
3099,15,2026-09-04,09:06,6.85,9
3100,13,2026-07-31,07:56,7.38,0
3101,14,2026-03-19,10:19,7.0,0
3102,21,2026-09-15,07:40,7.78,0
3103,18,2025-10-16,10:41,8.97,0
3104,16,2026-03-12,10:48,6.71,0
3105,7,2026-08-06,07:59,7.42,30
3106,1,2026-01-15,08:01,7.66,0
3107,15,2026-02-02,11:11,7.65,0
3108,22,2026-09-15,08:12,9.22,0
3109,12,2026-05-06,11:10,9.03,0
3110,24,2026-06-12,07:56,6.34,0
3111,10,2026-05-26,09:59,8.31,26
3112,4,2025-11-04,08:55,7.95,0
3113,12,2026-08-08,10:47,5.83,0
3114,6,2026-05-04,09:10,7.39,0
3115,23,2025-12-18,08:01,8.11,0
3116,2,2026-08-29,10:14,8.12,0
3117,17,2026-05-25,08:41,9.12,0
3118,3,2025-11-10,09:16,8.99,0
3119,4,2026-09-20,09:42,9.01,0
3120,2,2025-10-26,11:11,9.15,0
3121,8,2026-01-26,08:52,5.27,0
3122,16,2026-07-25,11:14,8.28,0
3123,9,2025-12-23,09:18,8.97,0
3124,7,2026-08-14,09:52,9.48,30
3125,24,2025-12-26,10:21,7.02,0
3126,9,2026-01-28,07:51,7.16,0
3127,4,2026-04-02,10:01,8.65,0
3128,13,2026-03-28,10:05,7.34,0
3129,20,2025-10-04,07:49,9.08,0
3130,11,2025-12-07,08:09,7.96,4
3131,23,2026-07-23,07:46,7.56,0
3132,6,2026-07-15,08:22,6.84,0
3133,5,2026-05-24,08:14,8.19,0
3134,17,2026-08-30,09:13,6.34,0
3135,17,2025-11-26,10:13,8.42,19
3136,8,2026-07-11,07:55,8.44,30
3137,21,2026-02-18,09:14,8.45,0
3138,17,2026-02-16,08:02,8.43,0
3139,25,2026-06-22,08:04,8.66,0
3140,21,2026-02-27,09:04,8.96,0
3141,20,2026-05-24,10:42,9.32,10
3142,12,2026-08-16,09:01,7.19,0
3143,23,2026-08-14,08:09,7.95,39
3144,22,2026-03-20,09:20,9.29,0
3145,13,2026-01-02,10:04,8.01,0
3146,4,2026-05-21,10:56,7.19,0
3147,14,2025-10-04,09:53,7.28,0
3148,18,2026-03-20,07:40,6.64,0
3149,3,2026-03-31,09:17,7.59,0
3150,14,2026-02-16,09:14,9.43,0
3151,10,2025-10-19,07:51,8.23,0
3152,10,2026-03-25,11:13,9.21,0
3153,7,2026-05-15,07:53,7.99,17
3154,2,2026-05-10,09:40,8.46,0
3155,3,2025-12-03,09:41,6.87,0
3156,24,2026-04-21,10:41,8.46,0
3157,25,2026-04-13,11:01,8.2,0
3158,7,2026-03-20,08:45,7.45,0
3159,10,2025-10-23,08:01,6.7,31
3160,25,2026-02-19,10:19,8.01,0
3161,16,2026-01-30,11:05,6.76,4
3162,14,2025-12-01,09:13,7.57,0
3163,8,2025-10-06,10:08,7.74,0
3164,8,2026-02-11,10:20,8.53,0
3165,11,2026-07-17,09:48,7.97,0
3166,22,2025-10-23,11:08,8.75,18
3167,7,2025-11-16,08:00,8.43,0
3168,6,2025-10-12,09:10,8.55,35
3169,11,2026-05-12,10:58,10.95,0
3170,3,2026-07-26,09:58,10.02,0
3171,24,2026-09-12,10:24,9.01,0
3172,5,2026-05-17,09:42,10.0,0
3173,4,2026-05-18,07:40,9.8,0
3174,9,2026-06-11,08:11,8.59,0
3175,19,2026-08-27,08:09,9.08,0
3176,7,2025-11-04,10:49,8.34,0
3177,15,2026-06-15,09:04,6.65,0
3178,22,2026-01-22,10:51,7.78,0
3179,24,2026-09-11,10:45,7.97,0
3180,8,2026-07-19,09:05,7.56,0
3181,12,2026-05-31,10:11,7.25,0
3182,25,2026-08-21,08:51,9.13,0
3183,7,2025-11-19,10:16,7.37,0
3184,22,2025-11-02,10:46,8.93,0
3185,12,2025-12-03,10:51,6.96,0
3186,14,2025-10-01,10:05,8.19,0
3187,1,2026-06-15,10:59,7.75,0
3188,22,2026-04-08,09:18,7.47,0
3189,2,2026-09-25,10:55,7.38,0
3190,3,2026-06-17,10:44,9.14,0
3191,11,2026-04-04,11:23,8.7,0
3192,3,2026-09-09,09:21,9.22,0
3193,19,2026-02-25,10:59,8.59,0
3194,5,2025-12-07,09:49,8.94,0
3195,21,2026-05-03,10:17,10.03,0
3196,25,2026-04-25,10:54,8.82,31
3197,7,2025-11-01,09:44,6.51,0
3198,16,2026-03-16,09:40,8.75,27
3199,8,2026-01-17,09:40,9.44,0
3200,1,2026-07-24,11:09,10.31,0
3201,21,2026-01-02,08:19,7.82,0
3202,14,2025-12-11,10:07,6.79,0
3203,3,2025-12-18,11:07,7.07,34
3204,1,2026-03-21,11:10,8.37,0
3205,25,2026-07-11,09:46,9.31,0
3206,2,2025-12-03,08:03,7.07,0
3207,5,2025-11-17,11:05,8.31,0
3208,19,2026-05-22,11:13,7.99,0
3209,22,2026-07-29,07:55,6.91,0
3210,18,2026-05-10,10:01,11.18,0
3211,23,2026-07-07,09:59,8.3,22
3212,2,2026-01-14,11:05,7.97,0
3213,24,2026-07-22,08:52,7.67,22
3214,4,2026-07-16,07:44,8.15,0
3215,21,2026-05-04,08:57,6.68,0
3216,2,2026-06-06,10:15,8.01,0
3217,16,2025-12-31,10:54,7.05,0
3218,12,2026-04-05,07:47,7.87,0
3219,19,2026-05-04,09:23,8.34,0
3220,7,2026-04-14,08:01,9.65,0
3221,3,2026-04-03,11:01,9.49,0
3222,22,2026-02-25,07:49,9.39,0
3223,15,2026-02-05,09:50,9.23,0
3224,19,2026-02-19,08:01,8.89,0
3225,16,2026-09-13,07:51,6.81,0
3226,25,2025-12-22,10:19,7.59,0
3227,22,2026-04-20,08:58,7.31,0
3228,22,2026-03-02,11:14,7.86,0
3229,9,2026-09-24,09:58,9.12,0
3230,2,2025-11-29,10:46,9.73,0
3231,10,2026-05-22,11:00,6.95,0
3232,3,2026-07-19,08:10,8.34,0
3233,21,2026-08-16,08:23,8.35,0
3234,7,2026-04-20,09:08,7.83,15
3235,10,2026-05-12,09:08,8.07,0
3236,19,2026-08-30,07:42,6.75,0
3237,18,2026-08-06,09:57,8.97,0
3238,20,2026-05-25,09:53,7.5,0
3239,18,2025-10-01,07:53,8.29,0
3240,25,2026-02-21,09:24,7.52,0
3241,3,2026-04-14,09:50,7.63,0
3242,16,2026-04-21,09:20,8.52,0
3243,22,2025-12-17,11:10,6.78,0
3244,22,2026-08-19,08:18,7.79,0
3245,12,2026-01-01,08:53,8.83,0
3246,11,2026-08-31,10:12,9.38,0
3247,16,2026-01-16,09:43,8.06,0
3248,25,2026-03-09,09:18,8.22,0
3249,13,2026-02-10,09:13,8.48,0
3250,14,2026-01-14,09:51,8.34,31
3251,10,2026-01-02,08:15,8.54,0
3252,14,2026-09-18,09:10,8.17,0
3253,15,2026-02-03,10:56,7.25,0
3254,8,2026-09-13,09:23,8.05,0
3255,10,2025-11-19,10:53,7.86,0
3256,19,2025-12-07,08:20,9.48,0
3257,20,2025-11-20,11:19,8.82,0
3258,13,2025-10-03,08:23,8.0,24
3259,18,2026-03-15,08:16,6.52,0
3260,20,2025-10-29,10:11,8.97,0
3261,22,2025-11-21,10:44,8.24,0
3262,11,2025-11-24,09:10,7.17,0
3263,11,2025-11-24,10:58,7.82,11
3264,17,2026-09-03,08:11,8.14,0
3265,21,2026-03-24,10:18,10.36,0
3266,23,2025-12-02,09:45,8.85,0
3267,18,2026-02-03,11:21,8.24,0
3268,25,2026-06-15,07:56,7.73,0
3269,5,2025-11-03,09:10,9.5,0
3270,11,2026-03-31,09:20,9.75,0
3271,25,2026-08-16,11:16,8.22,0
3272,1,2026-07-04,09:07,8.58,0
3273,1,2026-02-27,09:54,6.94,0
3274,2,2026-06-08,11:10,7.36,0
3275,17,2026-01-26,11:19,6.69,0
3276,15,2026-02-14,07:43,9.9,0
3277,11,2025-10-08,10:17,8.84,0
3278,5,2026-02-19,10:41,8.44,0
3279,24,2025-12-23,07:49,8.24,0
3280,13,2026-09-26,10:19,7.17,0
3281,22,2026-08-05,08:11,8.17,0
3282,15,2025-12-15,08:59,9.12,0
3283,9,2026-06-10,08:08,8.82,0
3284,2,2026-02-26,10:07,7.76,0
3285,24,2026-03-28,08:58,7.22,0
3286,13,2025-10-24,11:21,7.98,5
3287,23,2025-10-10,11:05,8.61,0
3288,13,2026-06-22,08:45,7.48,0
3289,18,2026-03-03,10:55,7.56,0
3290,8,2026-03-03,08:19,8.3,0
3291,15,2025-12-03,08:13,8.46,0
3292,13,2025-11-12,07:53,8.16,0
3293,18,2026-05-25,11:02,8.58,11
3294,4,2025-11-23,10:16,9.8,0
3295,23,2026-03-24,11:01,8.51,0
3296,14,2026-08-28,09:06,6.79,0
3297,15,2025-11-18,09:41,6.56,0
3298,2,2026-09-19,10:44,7.23,0
3299,8,2026-05-19,09:12,9.33,0
3300,18,2026-03-11,09:20,7.95,0
3301,4,2025-11-08,09:44,8.77,0
3302,18,2025-12-12,11:06,8.1,0
3303,10,2026-07-02,08:56,7.98,0
3304,9,2026-02-05,09:15,8.32,31
3305,23,2025-11-13,10:13,8.12,32
3306,4,2026-01-04,10:19,7.49,0
3307,18,2025-11-16,11:22,9.08,15
3308,17,2025-11-11,09:56,7.5,0
3309,3,2025-11-26,11:22,9.49,29
3310,4,2026-02-06,09:55,8.31,0
3311,17,2026-05-21,08:46,8.44,0
3312,4,2026-04-30,07:53,7.52,0
3313,6,2025-10-08,08:14,7.72,0
3314,17,2026-03-07,10:45,8.66,0
3315,7,2026-01-02,08:56,8.51,36
3316,8,2025-10-31,09:56,7.97,0
3317,2,2025-12-12,09:02,8.94,9
3318,11,2026-03-18,09:11,9.99,0
3319,13,2026-02-17,07:55,8.23,0
3320,16,2026-05-09,09:51,8.77,0
3321,16,2026-03-06,08:42,9.06,0
3322,11,2026-08-03,10:13,6.3,0
3323,11,2026-05-23,09:44,8.47,0
3324,25,2026-04-05,10:49,6.3,0
3325,6,2025-11-26,09:07,7.91,0
3326,14,2025-12-22,08:09,8.84,0
3327,22,2026-02-16,07:46,6.74,0
3328,8,2026-02-20,08:21,8.39,0
3329,3,2026-01-03,11:14,7.45,0
3330,19,2026-01-03,08:07,8.39,0
3331,6,2026-09-11,10:24,8.13,0
3332,10,2026-01-05,09:46,9.31,0
3333,22,2026-08-23,09:41,7.54,0
3334,18,2026-06-03,09:54,8.13,0
3335,13,2026-02-11,09:11,8.11,0
3336,25,2026-08-11,11:05,8.24,11
3337,21,2026-05-28,08:01,8.71,15
3338,4,2026-04-01,08:13,8.42,0
3339,25,2026-02-25,09:01,7.26,0
3340,7,2026-03-12,10:24,8.78,0
3341,18,2026-09-16,10:22,8.43,0
3342,24,2026-07-02,08:11,7.76,23
3343,13,2026-02-25,10:43,9.07,0
3344,21,2026-07-20,08:48,8.32,0
3345,23,2026-06-09,10:00,8.05,0
3346,22,2025-10-11,11:23,8.18,0
3347,11,2025-10-02,10:53,6.23,24
3348,16,2026-02-19,11:07,9.22,39
3349,1,2026-07-28,09:40,9.04,0
3350,23,2026-03-18,07:51,6.35,0
3351,15,2026-07-11,08:09,10.67,0
3352,3,2025-11-15,10:07,8.69,0
3353,15,2026-01-29,09:24,7.44,0
3354,5,2026-06-12,09:57,8.31,0
3355,13,2026-09-13,09:53,7.56,0
3356,24,2026-05-01,09:54,6.97,0
3357,16,2026-09-27,07:41,8.9,0
3358,15,2026-06-24,10:43,10.09,0
3359,1,2026-03-26,08:24,9.17,0
3360,9,2025-12-16,08:50,7.78,0
3361,20,2026-06-18,10:56,8.75,0
3362,7,2026-08-08,11:06,8.24,0
3363,21,2026-03-12,11:16,8.37,0
3364,7,2026-01-17,11:10,8.71,0
3365,19,2026-05-24,07:42,8.75,0
3366,19,2025-11-10,10:15,8.42,0
3367,4,2025-10-07,09:54,6.13,27
3368,11,2026-08-20,10:56,8.08,0
3369,9,2026-03-02,10:48,9.49,0
3370,20,2025-11-03,08:41,7.55,0
3371,2,2026-04-19,09:00,8.39,0
3372,24,2026-09-12,07:42,9.93,0
3373,6,2026-01-20,10:50,7.13,0
3374,22,2026-09-11,10:51,7.22,0
3375,19,2026-06-20,11:01,7.56,0
3376,15,2026-05-25,08:13,8.3,21
3377,4,2026-09-24,08:04,9.88,0
3378,6,2026-09-03,08:59,9.42,0
3379,8,2026-06-30,11:16,8.31,16
3380,19,2026-08-29,08:01,8.68,0
3381,3,2026-05-21,09:12,9.4,10
3382,15,2026-02-02,07:50,6.88,0
3383,19,2026-03-21,09:11,6.34,0
3384,18,2026-04-25,10:54,7.3,0
3385,5,2025-10-25,09:22,7.2,0
3386,14,2026-06-25,09:11,9.53,13
3387,24,2025-12-08,08:52,6.76,0
3388,13,2026-05-06,09:59,11.04,0
3389,8,2026-02-11,09:06,9.66,0
3390,1,2026-01-13,08:00,7.35,0
3391,3,2026-06-02,11:23,6.98,0
3392,7,2026-05-24,08:15,8.81,0
3393,24,2026-07-03,09:53,9.4,31
3394,1,2025-12-15,10:10,7.71,0
3395,24,2026-08-25,09:48,7.81,0
3396,4,2026-04-06,08:49,7.36,0
3397,3,2026-03-30,11:17,7.36,0
3398,20,2026-02-18,10:53,10.8,0
3399,3,2026-06-09,09:10,8.5,0
3400,10,2026-09-09,09:49,8.98,0
3401,18,2026-08-27,10:42,6.17,0
3402,12,2026-01-07,09:45,6.8,0
3403,15,2026-05-24,10:18,8.7,38
3404,3,2025-10-23,09:18,6.34,0
3405,6,2026-09-14,10:40,6.76,0
3406,10,2026-02-24,08:45,9.92,16
3407,21,2026-09-09,09:11,8.04,27
3408,12,2026-09-25,11:12,7.06,0
3409,23,2025-12-03,09:09,8.93,0
3410,17,2025-10-21,09:18,8.67,0
3411,23,2026-01-27,09:49,9.03,0
3412,6,2026-01-09,09:47,9.49,38
3413,24,2026-06-27,09:14,6.56,0
3414,24,2026-05-07,07:41,7.86,0
3415,17,2026-05-10,11:20,6.74,0
3416,15,2026-09-14,08:46,7.31,0
3417,3,2026-04-11,07:59,8.97,0
3418,16,2026-08-20,08:13,5.87,0
3419,5,2026-08-24,08:41,9.68,0
3420,11,2026-08-19,07:55,8.92,0
3421,13,2026-06-18,10:22,9.32,8
3422,3,2026-08-07,08:48,9.06,0
3423,11,2026-08-04,09:44,7.88,0
3424,21,2026-06-23,09:55,7.42,0
3425,19,2026-06-14,07:48,7.78,0
3426,6,2026-09-12,07:59,8.58,34
3427,13,2026-04-22,08:18,8.19,0
3428,9,2026-05-08,10:06,8.03,0
3429,23,2026-01-04,11:22,8.44,0
3430,1,2026-05-23,11:19,8.53,36
3431,24,2026-06-18,10:40,7.26,0
3432,7,2026-03-10,08:56,7.11,18
3433,19,2026-01-23,10:15,6.76,0
3434,4,2026-06-26,08:14,8.16,0
3435,18,2026-04-08,10:49,7.94,31
3436,25,2026-01-14,10:19,7.54,0
3437,11,2026-09-06,11:19,7.85,0
3438,11,2025-10-15,09:42,9.06,0
3439,25,2026-01-28,10:41,9.82,0
3440,21,2026-06-13,09:04,7.32,34
3441,23,2026-01-24,08:56,9.62,0
3442,24,2026-06-14,11:18,8.69,0
3443,11,2026-07-16,08:10,9.95,0
3444,13,2026-04-02,08:59,9.52,0
3445,13,2025-12-26,09:53,8.84,0
3446,23,2025-11-27,07:58,6.09,0
3447,25,2026-05-29,07:49,7.01,38
3448,25,2025-10-15,09:13,10.12,0
3449,5,2025-10-22,10:13,9.39,0
3450,13,2026-06-05,10:15,7.13,0
3451,2,2026-06-16,08:50,9.68,0
3452,7,2025-12-02,10:13,8.07,0
3453,10,2026-04-10,11:07,6.86,0
3454,16,2026-09-16,08:02,7.57,36
3455,8,2025-10-03,08:59,7.99,0
3456,24,2026-05-31,08:14,7.96,0
3457,19,2025-11-02,10:14,9.72,0
3458,12,2026-06-09,07:56,9.55,0
3459,25,2026-08-23,09:01,9.17,0
3460,21,2026-02-12,09:24,6.26,0
3461,11,2025-12-09,09:57,7.9,0
3462,21,2026-01-20,10:41,10.76,20
3463,2,2026-02-18,11:17,7.71,0
3464,14,2026-04-10,10:08,6.89,24
3465,20,2026-04-17,10:18,9.34,0
3466,22,2025-10-03,10:04,7.02,0
3467,18,2026-04-07,07:40,10.01,19
3468,8,2025-11-02,10:07,7.81,0
3469,16,2025-10-14,08:08,7.9,23
3470,18,2026-06-30,09:16,6.76,0
3471,11,2025-12-25,10:40,7.46,0
3472,7,2026-05-31,08:40,7.4,20
3473,24,2026-01-05,10:42,7.84,0
3474,13,2025-12-28,11:07,7.33,0
3475,19,2026-08-27,11:04,8.59,0
3476,25,2026-04-15,07:45,7.35,0
3477,12,2026-07-04,10:42,7.2,9
3478,2,2025-10-10,09:07,7.8,6
3479,11,2026-06-06,11:03,10.04,0
3480,21,2025-11-24,11:09,7.06,0
3481,24,2025-12-31,09:09,6.42,0
3482,23,2026-08-25,09:00,8.98,15
3483,5,2026-02-18,11:18,10.03,0
3484,13,2026-06-16,10:08,7.14,0
3485,14,2025-11-11,09:53,7.73,0
3486,20,2025-11-05,07:54,10.45,0
3487,22,2025-10-01,08:45,5.0,0
3488,9,2026-06-07,10:58,7.45,0
3489,13,2025-12-21,08:54,8.7,19
3490,12,2025-11-25,07:59,8.96,0
3491,24,2025-12-23,10:12,7.38,0
3492,21,2026-08-18,09:47,8.22,0
3493,22,2026-05-28,10:03,7.11,0
3494,10,2026-08-03,08:22,8.39,0
3495,24,2026-07-14,09:47,9.0,0
3496,14,2026-08-20,08:41,8.69,14
3497,5,2026-01-03,07:47,6.79,0
3498,17,2025-11-24,09:53,6.39,0
3499,23,2026-02-07,09:21,6.53,28
3500,25,2026-08-05,08:45,7.8,0
3501,8,2026-08-26,08:47,8.7,0
3502,22,2025-11-05,11:23,7.64,0
3503,1,2026-07-21,09:09,7.09,0
3504,8,2026-05-05,11:09,8.16,0
3505,25,2026-06-02,09:03,7.25,21
3506,25,2026-04-09,09:56,7.63,0
3507,11,2025-10-10,10:02,7.84,21
3508,7,2026-04-12,09:08,8.15,0
3509,20,2026-02-16,08:05,9.57,27
3510,5,2025-12-04,11:05,8.49,0
3511,7,2026-07-12,08:15,8.35,0
3512,14,2026-09-03,11:06,6.83,0
3513,21,2026-07-18,11:19,6.23,0
3514,13,2025-10-07,07:55,8.68,0
3515,6,2026-06-21,08:53,8.99,0
3516,16,2026-04-06,10:15,7.87,0
3517,18,2026-02-07,07:48,9.17,0
3518,9,2026-06-26,09:17,10.27,0
3519,9,2026-08-20,08:11,9.47,11
3520,25,2025-12-14,09:53,6.95,0
3521,10,2026-04-09,11:01,9.57,0
3522,3,2026-06-23,09:43,6.64,0
3523,5,2026-05-15,08:07,7.52,0
3524,21,2026-01-28,09:40,9.16,0
3525,7,2026-06-23,11:13,8.12,0
3526,2,2026-06-04,07:56,8.0,0
3527,1,2026-06-19,08:49,8.2,0
3528,18,2025-12-08,10:56,6.98,3
3529,25,2026-03-21,10:15,9.46,0
3530,15,2025-10-25,10:54,9.0,5
3531,3,2026-05-23,08:49,8.55,0
3532,11,2025-10-14,10:51,9.76,5
3533,3,2026-03-28,08:23,6.72,0
3534,25,2026-03-11,09:47,7.67,0
3535,17,2026-01-01,08:03,7.11,0
3536,24,2026-06-18,08:21,10.29,0
3537,20,2026-07-05,09:10,9.33,38
3538,6,2026-01-07,11:01,8.03,0
3539,19,2026-01-27,09:55,7.15,20
3540,16,2026-07-01,11:00,8.01,14
3541,9,2026-05-24,08:10,9.27,0
3542,23,2025-10-16,07:44,7.97,0
3543,7,2025-12-16,09:10,8.35,0
3544,3,2026-02-15,08:54,7.39,0
3545,14,2026-05-24,11:19,9.58,0
3546,14,2026-04-17,08:16,10.17,0
3547,4,2025-11-15,07:41,7.63,0
3548,15,2026-01-06,08:54,9.04,0
3549,17,2026-06-20,10:51,7.43,0
3550,25,2026-08-24,08:08,7.69,19
3551,2,2026-03-10,08:22,8.73,35
3552,5,2025-10-30,10:15,8.39,0
3553,24,2025-10-16,09:13,8.1,0
3554,5,2025-10-13,09:18,9.75,0
3555,3,2025-10-24,10:44,9.27,0
3556,23,2025-12-24,09:55,9.06,0
3557,3,2026-06-07,08:55,6.38,0
3558,8,2025-10-09,07:59,7.37,33
3559,13,2026-02-10,11:12,7.29,0
3560,8,2025-10-04,08:59,7.81,18
3561,3,2026-01-07,07:54,8.56,0
3562,1,2025-11-21,08:00,7.95,0
3563,11,2025-12-20,08:56,8.05,0
3564,2,2026-06-08,10:19,8.84,0
3565,14,2026-06-01,07:49,10.17,0
3566,18,2026-03-07,10:05,8.05,0
3567,18,2026-04-01,10:06,8.76,5
3568,16,2026-09-03,10:47,9.34,0
3569,17,2025-11-14,08:44,5.12,0
3570,13,2025-10-12,09:07,7.96,0
3571,9,2026-03-01,09:16,7.32,0
3572,12,2026-06-25,08:55,9.45,0
3573,8,2025-11-19,08:18,7.39,0
3574,10,2026-05-03,09:22,7.91,0
3575,12,2026-06-18,08:19,5.35,0
3576,20,2026-04-05,08:58,7.88,0
3577,1,2026-08-25,08:48,9.59,27
3578,7,2026-03-30,08:06,7.32,0
3579,17,2026-02-22,09:21,8.47,0
3580,16,2026-02-17,09:57,9.08,0
3581,8,2026-02-21,11:13,6.53,4
3582,6,2026-07-22,10:15,9.5,24
3583,5,2026-08-08,08:46,8.48,0
3584,23,2026-05-24,09:59,8.25,0
3585,10,2026-02-03,09:43,7.01,0
3586,12,2026-08-12,09:55,5.88,0
3587,14,2026-07-10,09:58,7.84,0
3588,12,2025-12-11,09:41,8.92,36
3589,12,2025-12-26,11:00,7.74,0
3590,3,2026-01-26,09:04,6.59,0
3591,24,2026-07-03,09:24,8.77,0
3592,4,2026-08-06,08:14,7.35,0
3593,12,2026-03-15,11:11,7.83,0
3594,25,2026-06-03,08:49,7.4,0
3595,18,2026-09-15,09:15,8.58,37
3596,21,2026-04-04,11:23,9.08,0
3597,17,2026-04-12,08:44,9.68,0
3598,14,2025-12-10,09:59,9.21,0
3599,5,2026-07-17,11:11,10.66,0
3600,9,2026-01-01,10:14,8.75,25
3601,6,2026-03-06,10:41,7.15,32
3602,16,2026-05-20,11:07,7.38,0
3603,11,2025-12-04,07:59,7.82,0
3604,15,2026-06-15,11:23,8.43,0
3605,18,2026-08-21,09:02,7.52,0
3606,9,2026-08-23,08:01,8.09,26
3607,6,2025-10-27,07:55,8.25,0
3608,7,2026-07-18,08:04,9.59,0
3609,3,2026-09-09,09:51,8.17,16
3610,6,2025-11-29,10:42,7.99,0
3611,23,2026-06-28,10:08,8.31,0
3612,16,2026-06-20,09:46,6.51,0
3613,6,2026-09-16,09:48,7.66,0
3614,23,2025-12-17,10:06,9.88,39
3615,15,2026-06-11,08:16,7.25,0
3616,1,2026-03-21,09:20,8.25,0
3617,14,2026-05-09,09:21,7.8,0
3618,9,2025-11-03,08:05,9.14,0
3619,8,2026-09-23,07:50,8.01,0
3620,2,2025-10-06,10:54,8.32,0
3621,22,2026-09-25,10:48,9.4,16
3622,6,2025-12-15,11:17,6.58,0
3623,22,2026-04-29,07:52,7.41,0
3624,15,2026-06-22,10:54,7.68,0
3625,20,2026-07-30,07:51,6.8,33
3626,22,2026-04-15,10:55,8.6,0
3627,22,2026-08-31,09:16,8.23,0
3628,20,2026-01-10,10:52,7.96,0
3629,4,2026-03-30,09:18,7.55,36
3630,7,2026-02-24,07:46,7.43,13
3631,16,2026-07-26,10:45,6.94,24
3632,7,2025-12-24,10:48,8.18,0
3633,12,2026-09-08,09:17,8.65,0
3634,18,2026-08-26,10:02,8.06,7
3635,19,2026-02-03,08:10,8.57,0
3636,8,2026-06-23,10:08,7.25,0
3637,22,2026-04-01,09:06,7.8,0
3638,24,2025-12-01,10:15,8.51,0
3639,1,2025-12-12,10:43,7.47,0
3640,11,2026-04-19,09:16,8.97,0
3641,24,2026-06-28,09:45,5.61,0
3642,24,2026-01-10,10:18,9.38,0
3643,20,2026-09-14,09:08,7.45,0
3644,17,2026-05-31,08:23,7.19,38
3645,22,2025-11-11,09:52,7.12,0
3646,18,2026-09-12,10:50,7.11,0
3647,5,2026-01-30,08:58,7.72,0
3648,2,2025-12-02,08:21,7.52,0
3649,10,2026-03-21,10:07,10.23,5
3650,20,2026-01-15,07:47,8.83,37
3651,22,2026-06-24,07:53,8.26,0
3652,12,2026-07-12,10:42,8.17,0
3653,4,2026-06-13,07:48,7.4,27
3654,19,2025-10-05,08:53,8.04,26
3655,24,2026-05-01,10:56,8.29,27
3656,21,2025-10-15,09:45,7.31,0
3657,25,2025-12-04,10:47,9.0,0
3658,19,2026-02-25,10:58,9.11,0
3659,20,2026-07-27,08:16,10.49,24
3660,9,2026-01-01,08:41,9.65,19
3661,25,2026-01-29,07:50,9.66,0
3662,18,2025-12-29,10:50,6.53,0
3663,17,2025-10-24,10:12,10.69,0
3664,12,2025-11-02,10:13,10.31,0
3665,1,2026-09-10,09:40,8.81,0
3666,19,2026-05-24,09:00,6.56,0
3667,15,2026-03-05,10:14,9.49,0
3668,22,2026-08-06,08:45,9.06,33
3669,15,2026-02-13,09:42,8.46,0
3670,17,2026-01-13,10:53,8.51,0
3671,14,2026-03-30,08:14,8.2,0
3672,19,2026-01-29,10:08,8.04,22
3673,24,2026-03-19,10:13,8.99,0
3674,18,2026-08-03,10:13,8.08,0
3675,4,2026-06-19,10:44,6.67,0
3676,18,2025-10-10,10:21,8.61,0
3677,7,2025-11-19,09:45,8.97,0
3678,3,2026-05-25,10:12,6.62,0
3679,11,2026-09-12,09:45,9.81,0
3680,6,2026-08-29,11:21,8.48,0
3681,19,2026-04-01,07:41,8.29,0
3682,1,2026-03-25,09:08,8.86,4
3683,24,2026-01-22,08:43,9.11,0
3684,7,2025-11-24,10:16,7.33,0
3685,14,2026-09-15,08:07,8.5,0
3686,17,2025-12-08,07:51,9.16,0
3687,7,2025-12-03,08:49,8.76,0
3688,1,2025-10-17,11:17,7.78,0
3689,25,2026-05-28,10:18,8.4,21
3690,11,2026-05-21,09:56,9.54,0
3691,12,2026-05-03,08:19,9.31,0
3692,1,2026-04-09,07:52,8.16,0
3693,23,2026-03-08,10:16,7.85,0
3694,20,2025-12-12,10:53,9.41,0
3695,20,2026-05-30,09:01,7.39,12
3696,17,2026-08-02,11:24,8.83,0
3697,15,2026-05-17,07:43,9.27,0
3698,4,2026-05-22,10:09,9.61,0
3699,6,2026-08-01,11:08,9.41,0
3700,25,2025-10-14,09:15,6.87,0
3701,25,2026-03-26,11:20,8.93,16
3702,11,2026-09-16,07:40,8.11,0
3703,8,2025-12-27,09:58,7.61,0
3704,8,2026-02-01,09:51,8.29,0
3705,9,2026-02-13,11:18,8.9,0
3706,10,2026-02-05,08:04,9.3,0
3707,20,2026-05-26,10:49,8.57,9
3708,10,2025-10-12,10:21,10.38,0
3709,17,2025-10-07,08:54,6.88,0
3710,5,2026-08-09,09:42,8.8,0
3711,1,2026-09-18,10:40,8.11,0
3712,14,2025-11-11,08:09,8.61,0
3713,6,2026-06-15,10:14,8.31,0
3714,4,2026-08-25,09:15,9.94,0
3715,1,2026-08-10,07:41,7.8,0
3716,18,2026-05-09,09:10,9.31,0
3717,18,2026-05-20,09:51,9.78,0
3718,6,2025-11-02,08:20,7.19,0
3719,11,2026-07-21,10:13,9.99,0
3720,14,2026-01-16,08:57,8.8,12
3721,7,2026-09-12,10:23,8.39,0
3722,11,2026-03-09,09:59,7.19,0
3723,15,2026-08-13,10:04,8.48,0
3724,23,2025-11-06,10:51,7.55,0
3725,18,2026-06-24,08:02,8.98,0
3726,21,2026-09-27,10:02,8.58,0
3727,22,2026-05-31,08:52,9.04,0
3728,15,2026-05-08,07:58,10.66,0
3729,3,2026-04-01,08:58,6.8,0
3730,2,2026-03-30,10:02,7.92,0
3731,6,2025-11-17,10:40,9.07,0
3732,1,2026-02-01,08:52,7.9,36
3733,6,2026-05-26,10:57,8.63,24
3734,18,2025-12-23,11:23,7.24,0
3735,15,2026-07-15,08:13,9.87,0
3736,15,2025-10-17,11:02,7.64,0
3737,13,2025-12-23,11:12,8.24,0
3738,23,2026-02-15,09:16,10.34,0
3739,15,2026-08-22,08:17,8.57,27
3740,23,2026-03-11,08:04,7.05,18
3741,13,2025-12-11,11:05,7.93,0
3742,6,2026-08-23,09:42,6.86,10
3743,9,2026-01-19,09:47,7.59,0
3744,3,2025-11-02,09:22,8.7,18
3745,20,2026-08-09,07:43,8.21,21
3746,17,2025-10-11,10:58,8.46,0
3747,24,2026-01-09,11:21,7.34,0
3748,7,2026-07-18,10:10,9.58,0
3749,13,2026-04-06,07:44,8.82,0
3750,12,2026-08-09,08:56,9.54,0
3751,10,2026-06-06,10:43,8.14,0
3752,11,2026-09-09,11:22,8.49,0
3753,3,2026-06-07,11:24,9.47,37
3754,2,2026-08-29,09:07,6.81,0
3755,16,2026-02-22,08:16,9.77,0
3756,13,2026-04-21,07:42,7.91,0
3757,3,2026-03-03,09:17,7.77,0
3758,17,2026-07-22,08:50,8.17,0
3759,1,2026-08-11,08:40,6.86,0
3760,3,2026-09-22,09:14,7.3,0
3761,23,2025-12-19,10:24,7.68,0
3762,21,2026-01-16,11:01,7.51,0
3763,24,2026-06-01,09:48,8.5,0
3764,19,2025-10-01,08:55,7.57,0
3765,4,2026-06-15,11:23,7.88,0
3766,2,2026-09-22,08:55,8.5,28
3767,9,2026-05-05,07:53,10.05,0
3768,10,2026-05-22,08:02,9.01,0
3769,4,2026-04-27,09:51,6.73,0
3770,5,2026-05-14,09:01,8.25,0
3771,5,2025-10-21,10:21,9.19,0
3772,13,2025-12-13,11:19,7.75,0
3773,14,2026-07-23,11:01,9.09,0
3774,15,2025-10-10,07:50,9.09,0
3775,17,2026-06-02,10:24,7.29,0
3776,17,2026-07-03,08:47,8.59,5
3777,3,2026-09-24,11:11,7.85,10
3778,18,2026-06-09,07:55,6.19,0
3779,15,2026-02-07,10:07,8.22,0
3780,15,2026-06-15,10:44,7.94,21
3781,13,2026-09-05,10:20,6.43,17
3782,14,2026-02-03,11:13,6.9,0
3783,22,2026-01-17,09:12,7.45,0
3784,13,2026-01-13,07:56,9.99,0
3785,16,2026-06-06,09:12,9.74,0
3786,15,2026-02-22,10:24,6.75,0
3787,9,2025-12-18,09:01,8.5,0
3788,19,2026-03-05,08:43,6.54,24
3789,24,2026-09-14,07:49,8.9,0
3790,2,2025-10-15,08:04,6.66,18
3791,3,2025-11-13,09:49,8.96,0
3792,3,2026-07-06,09:40,9.49,0
3793,13,2026-01-02,10:52,9.02,15
3794,7,2026-02-16,10:21,7.07,0
3795,14,2025-12-31,08:23,6.82,0
3796,2,2025-10-20,09:16,9.22,0
3797,8,2025-10-08,07:58,7.88,0
3798,23,2025-11-21,10:18,7.76,0
3799,2,2026-04-09,08:59,8.33,0
3800,6,2025-11-01,09:06,9.83,0
3801,12,2026-04-20,11:08,11.81,0
3802,20,2026-06-18,08:05,8.57,0
3803,6,2025-12-10,11:22,7.37,0
3804,19,2026-03-15,08:10,9.09,0
3805,7,2026-07-06,10:19,6.84,0
3806,23,2026-05-02,09:52,6.41,0
3807,12,2026-01-07,09:53,8.21,0
3808,21,2026-01-04,11:10,7.3,0
3809,22,2026-07-31,08:21,10.36,0
3810,8,2025-12-31,10:10,7.37,0
3811,17,2025-12-12,10:42,10.7,0
3812,2,2026-03-26,08:14,7.34,0
3813,20,2026-06-04,09:43,9.26,0
3814,9,2026-09-17,09:07,8.19,0
3815,10,2026-01-14,07:46,9.14,0
3816,11,2026-01-23,10:57,8.4,29
3817,14,2026-03-19,08:03,8.49,12
3818,16,2025-11-27,07:40,7.24,0
3819,7,2026-06-24,11:19,8.19,20
3820,12,2026-05-15,08:51,8.16,0
3821,9,2026-03-10,08:01,7.79,0
3822,12,2026-01-30,09:22,8.42,0
3823,21,2026-02-17,08:44,7.85,0
3824,6,2026-09-01,07:54,10.26,0
3825,21,2026-05-14,11:20,6.64,0
3826,22,2026-03-22,11:19,8.83,0
3827,16,2026-01-25,07:53,6.89,0
3828,17,2026-05-29,10:45,8.13,0
3829,20,2026-07-26,08:16,8.71,0
3830,21,2026-03-19,09:01,7.35,21
3831,12,2025-10-30,07:43,9.79,0
3832,17,2026-08-20,07:56,6.61,0
3833,8,2026-05-10,10:00,6.9,0
3834,10,2026-01-25,08:49,8.22,0
3835,6,2026-03-02,08:03,9.47,0
3836,6,2026-08-29,09:08,8.39,0
3837,24,2026-02-19,07:53,7.94,0
3838,17,2026-02-18,10:52,8.38,0
3839,22,2025-11-14,11:17,9.15,0
3840,7,2026-07-05,11:06,9.01,0
3841,12,2026-04-11,10:12,7.83,0
3842,20,2026-02-02,10:01,9.74,14
3843,11,2026-03-10,08:14,10.48,37
3844,5,2025-10-12,10:00,7.21,0
3845,3,2026-09-13,10:18,8.06,0
3846,25,2025-11-08,08:40,7.34,27
3847,23,2026-02-04,07:57,7.19,0
3848,24,2026-03-06,09:22,8.86,0
3849,25,2026-07-08,08:01,8.97,0
3850,21,2025-12-05,08:44,9.19,0
3851,10,2026-07-21,10:07,9.19,0
3852,18,2026-05-18,08:46,7.19,0
3853,8,2026-07-15,08:21,7.39,0
3854,6,2026-06-04,08:50,7.66,0
3855,4,2026-06-03,11:17,8.59,0
3856,7,2026-01-02,08:16,7.39,0
3857,8,2025-12-28,09:44,8.41,6
3858,22,2026-02-07,09:10,10.51,0
3859,5,2026-08-08,10:48,8.16,0
3860,3,2026-09-15,07:40,7.11,0
3861,3,2026-08-25,10:44,6.24,0
3862,17,2025-12-13,07:56,8.95,0
3863,12,2026-05-30,09:58,6.84,0
3864,2,2026-04-30,10:47,9.13,0
3865,9,2026-01-18,11:11,7.38,32
3866,23,2026-06-27,09:21,6.77,0
3867,10,2026-08-02,11:10,8.05,0
3868,17,2026-06-26,08:07,7.77,0
3869,8,2026-07-18,07:54,7.61,0
3870,24,2025-12-05,09:17,9.15,0
3871,3,2026-07-09,08:52,9.51,0
3872,1,2025-10-13,09:05,9.01,0
3873,19,2026-04-11,10:22,6.26,0
3874,9,2026-08-05,08:41,7.58,0
3875,11,2026-06-11,09:46,6.22,0
3876,13,2026-09-06,07:53,10.98,12
3877,15,2025-12-31,08:11,8.59,0
3878,17,2025-11-24,11:16,9.32,0
3879,5,2026-05-17,11:23,7.71,0
3880,9,2025-10-09,10:13,9.97,0
3881,9,2026-06-06,09:57,8.18,0
3882,12,2025-12-31,08:50,7.44,34
3883,14,2026-06-11,11:14,8.24,0
3884,22,2026-08-07,09:05,6.91,0
3885,13,2026-01-08,08:47,8.93,0
3886,7,2026-02-04,08:22,8.36,0
3887,7,2026-02-26,08:44,7.2,0
3888,21,2026-06-01,08:49,7.32,0
3889,16,2025-10-13,08:43,8.43,0
3890,23,2025-11-05,07:59,7.58,0
3891,19,2026-05-03,11:22,9.51,0
3892,23,2025-12-02,09:56,6.58,0
3893,14,2025-12-28,09:02,8.45,0
3894,14,2026-06-19,08:53,7.54,0
3895,25,2026-06-03,09:59,9.51,19
3896,7,2025-12-28,10:03,8.56,34
3897,2,2026-06-13,10:18,6.3,0
3898,12,2026-07-12,08:01,10.17,0
3899,25,2026-08-24,08:00,6.49,27
3900,9,2026-02-14,08:44,8.32,0
3901,17,2025-10-22,08:10,9.66,0
3902,10,2026-05-21,08:13,9.32,0
3903,6,2026-05-30,10:55,8.11,0
3904,7,2026-06-27,09:22,8.45,0
3905,5,2026-04-26,11:02,8.91,0
3906,13,2025-11-02,11:03,9.41,0
3907,23,2026-09-08,10:19,7.74,0
3908,7,2026-08-04,08:19,5.86,0
3909,20,2026-01-27,08:21,8.41,0
3910,24,2026-07-07,09:44,8.34,0
3911,24,2026-06-05,11:11,9.19,0
3912,23,2026-05-05,09:08,8.57,0
3913,11,2025-12-17,09:06,7.68,0
3914,24,2026-01-29,10:21,9.19,0
3915,23,2026-01-31,11:04,9.37,32
3916,17,2026-09-09,10:43,8.94,0
3917,23,2026-02-04,10:59,7.77,0
3918,9,2026-03-10,08:42,8.47,18
3919,10,2026-07-29,07:52,8.29,0
3920,19,2026-05-22,10:07,10.16,0
3921,22,2026-03-16,11:06,8.12,0
3922,10,2025-11-11,08:02,6.7,0
3923,24,2025-11-05,10:55,7.47,0
3924,14,2025-10-13,10:11,8.38,0
3925,8,2026-06-01,11:10,9.76,37
3926,19,2025-11-14,09:02,7.91,0
3927,11,2026-08-14,08:18,6.27,0
3928,3,2026-04-01,11:02,9.09,0
3929,25,2026-08-02,07:46,9.09,0
3930,16,2026-03-26,11:05,6.92,0
3931,10,2026-01-16,10:59,7.8,0
3932,16,2025-10-01,08:52,6.3,0
3933,10,2026-05-01,11:06,8.44,0
3934,6,2026-05-13,07:57,7.83,0
3935,21,2026-07-12,07:58,6.61,19
3936,21,2025-12-21,09:24,5.48,3
3937,22,2026-02-28,08:24,6.31,0
3938,1,2026-07-16,11:11,6.91,0
3939,24,2026-03-20,11:08,7.77,0
3940,7,2025-12-30,09:18,7.44,16
3941,16,2026-01-03,09:21,7.73,0
3942,19,2026-07-28,09:45,8.82,0
3943,9,2026-09-07,10:59,7.16,0
3944,18,2026-07-29,08:02,8.72,0
3945,4,2026-03-27,08:13,7.51,0
3946,18,2026-08-26,10:52,7.74,0
3947,16,2026-04-05,10:51,9.33,0
3948,6,2026-04-28,09:07,9.85,0
3949,6,2025-10-18,09:01,7.54,0
3950,21,2025-11-29,11:05,9.19,0
3951,2,2026-02-20,09:46,7.1,0
3952,12,2026-09-19,11:04,7.18,0
3953,20,2025-12-07,07:53,8.67,0
3954,14,2026-07-17,08:52,9.68,0
3955,11,2026-02-10,11:15,8.65,0
3956,15,2026-07-09,10:09,8.5,0
3957,11,2026-06-07,07:44,7.31,0
3958,21,2025-10-23,11:20,9.89,0
3959,16,2026-02-08,10:24,7.44,0
3960,12,2026-04-20,09:56,8.64,0
3961,18,2026-08-23,09:46,8.83,0
3962,6,2025-11-05,10:59,7.02,0
3963,1,2026-05-29,09:52,10.42,34
3964,19,2026-07-12,11:10,9.25,0
3965,12,2026-02-16,11:12,8.17,0
3966,11,2026-07-22,08:08,7.87,0
3967,12,2026-05-15,08:53,8.27,0
3968,17,2025-10-24,08:52,8.21,0
3969,8,2025-12-17,10:52,7.98,0
3970,4,2026-08-21,08:40,9.52,0
3971,6,2025-11-13,11:14,7.45,0
3972,10,2025-10-24,07:54,6.47,31
3973,10,2025-12-06,10:04,9.49,0
3974,25,2026-05-09,11:12,9.14,0
3975,8,2026-05-23,07:47,9.2,0
3976,8,2026-03-04,07:45,8.66,0
3977,8,2026-08-06,10:06,7.07,0
3978,19,2025-12-23,08:43,9.76,0
3979,25,2026-04-05,08:48,7.16,0
3980,24,2026-03-15,09:09,9.24,0
3981,21,2026-05-28,07:54,8.72,0
3982,8,2026-01-13,11:24,7.52,0
3983,9,2026-04-21,10:45,10.07,24
3984,5,2025-12-03,08:00,7.78,0
3985,15,2026-05-23,08:08,9.3,0
3986,18,2026-02-13,09:22,9.7,0
3987,18,2026-08-08,09:41,9.52,0
3988,24,2025-11-27,08:21,8.29,0
3989,18,2026-01-31,10:13,10.6,0
3990,2,2026-04-10,10:43,8.74,28
3991,19,2025-10-07,08:53,7.95,0
3992,23,2026-08-08,07:48,9.11,0
3993,25,2025-11-22,11:05,5.13,0
3994,16,2025-11-19,08:01,8.93,0
3995,1,2025-11-05,10:04,8.22,0
3996,6,2026-08-21,10:23,7.89,0
3997,20,2025-10-02,10:04,6.6,0
3998,24,2025-12-04,11:14,8.38,0
3999,23,2026-03-15,09:11,7.32,0
4000,2,2026-05-28,09:11,7.53,37
4001,22,2026-02-10,08:43,7.82,0
4002,19,2026-03-18,11:04,7.99,0
4003,2,2026-04-13,07:56,6.38,0
4004,25,2026-03-13,10:04,7.81,0
4005,5,2026-03-03,07:46,7.85,0
4006,6,2026-01-27,10:04,9.78,0
4007,17,2026-07-01,09:55,7.78,0
4008,3,2025-12-14,07:47,8.31,0
4009,11,2026-03-19,11:18,8.65,35
4010,6,2026-08-30,09:23,6.82,0
4011,22,2025-10-12,08:11,10.31,0
4012,8,2026-09-13,08:12,9.31,0
4013,3,2026-05-24,07:56,9.06,10
4014,8,2026-03-09,09:52,9.4,0
4015,4,2026-07-05,09:12,7.85,0
4016,16,2026-07-11,09:01,7.95,0
4017,22,2025-12-06,10:53,7.03,0
4018,17,2025-10-14,07:51,8.37,0
4019,23,2025-12-03,09:06,6.75,0
4020,22,2025-11-26,08:05,8.83,11
4021,12,2025-12-08,08:45,8.48,0
4022,1,2026-09-14,10:20,6.62,20
4023,13,2025-11-14,08:23,9.88,0
4024,15,2026-07-31,07:41,8.55,0
4025,3,2025-11-20,10:14,7.64,37
4026,21,2025-10-18,08:52,8.34,0
4027,13,2026-06-28,08:07,9.26,0
4028,7,2026-05-01,09:56,7.89,0
4029,25,2026-05-05,09:24,9.88,28
4030,25,2026-05-16,07:56,7.12,0
4031,20,2026-08-05,07:57,7.49,0
4032,15,2026-06-07,10:55,6.39,0
4033,9,2025-10-10,10:55,8.26,0
4034,7,2026-03-07,07:59,6.57,0
4035,25,2026-07-01,10:58,9.75,0
4036,2,2026-02-17,09:01,6.79,28
4037,10,2026-03-26,11:20,6.83,28
4038,10,2025-11-27,11:02,8.51,0
4039,8,2026-07-26,10:55,9.33,0
4040,14,2026-08-22,07:54,8.0,0
4041,20,2026-08-11,08:09,8.29,0
4042,7,2026-07-06,07:53,9.64,0
4043,6,2026-03-19,07:43,8.16,0
4044,11,2026-07-22,08:48,6.74,0
4045,9,2026-01-12,11:04,9.33,0
4046,17,2026-08-06,10:17,9.77,8
4047,3,2026-08-08,09:59,8.34,0
4048,6,2026-08-07,10:51,8.23,0
4049,10,2026-07-01,08:47,7.37,24
4050,1,2026-03-16,08:50,7.19,0
4051,2,2026-03-23,07:48,8.9,6
4052,9,2026-07-26,09:42,7.16,0
4053,12,2025-10-27,11:01,9.2,0
4054,17,2026-08-28,09:10,6.57,0
4055,1,2026-08-11,09:47,8.49,0
4056,9,2026-01-11,11:16,10.12,0
4057,2,2026-08-08,09:00,9.4,15
4058,5,2026-03-07,09:01,9.18,34
4059,22,2026-05-21,08:58,8.56,35
4060,17,2026-07-10,07:50,7.69,0
4061,22,2026-09-04,09:09,7.85,0
4062,14,2025-11-28,09:23,7.89,0
4063,18,2025-10-04,08:47,8.56,17
4064,2,2026-09-04,10:00,9.75,0
4065,14,2026-04-16,10:52,9.98,0
4066,4,2026-04-02,08:22,8.45,0
4067,14,2026-07-13,10:55,8.0,0
4068,16,2026-07-29,07:45,8.42,0
4069,11,2026-07-08,07:42,8.43,37
4070,21,2025-12-23,09:09,9.48,0
4071,11,2026-08-25,11:01,7.65,0
4072,1,2025-10-28,10:59,7.35,0
4073,9,2026-05-19,08:43,7.8,0
4074,1,2026-03-19,10:43,9.08,0
4075,9,2026-02-21,11:00,7.89,26
4076,9,2026-02-01,09:44,6.21,0
4077,17,2025-11-20,10:43,6.58,0
4078,12,2026-01-14,09:14,7.09,0
4079,12,2026-01-13,10:23,8.41,0
4080,10,2026-01-12,11:00,10.41,0
4081,16,2026-04-18,08:22,9.72,13
4082,7,2026-05-16,09:51,7.77,20
4083,23,2026-05-03,07:57,8.19,6
4084,23,2026-09-01,10:04,8.43,0
4085,5,2026-04-12,09:41,6.74,0
4086,19,2026-06-02,11:22,8.27,0
4087,18,2026-05-08,07:41,10.01,0
4088,24,2026-09-20,11:17,9.05,0
4089,3,2026-03-31,07:54,7.1,0
4090,25,2026-05-12,11:08,8.5,0
4091,24,2026-09-27,11:01,7.07,0
4092,25,2026-05-31,11:01,8.7,0
4093,7,2025-11-24,09:53,9.12,0
4094,16,2026-07-23,08:59,8.16,7
4095,21,2026-07-02,07:49,7.9,0
4096,17,2026-01-07,10:16,7.47,0
4097,21,2026-08-29,11:04,9.75,0
4098,6,2026-07-19,10:14,10.56,15
4099,2,2026-08-20,08:13,7.33,23
4100,16,2026-06-10,10:59,7.14,29
4101,2,2026-01-19,08:20,8.95,0
4102,7,2026-05-05,08:52,6.01,0
4103,8,2025-11-09,08:45,9.53,0
4104,13,2026-07-15,08:48,8.33,0
4105,19,2025-11-05,09:13,7.87,0
4106,16,2026-07-31,10:41,7.77,0
4107,9,2026-04-13,09:56,7.54,0
4108,11,2026-03-16,11:05,8.31,0
4109,11,2026-03-14,09:15,10.03,0
4110,18,2026-06-15,07:45,8.04,0
4111,22,2025-11-09,08:15,6.86,0
4112,19,2026-08-29,10:40,7.16,0
4113,3,2025-10-06,08:08,7.83,0
4114,9,2025-11-07,11:03,9.48,22
4115,20,2026-02-16,07:40,6.03,0
4116,23,2026-09-23,11:22,10.37,39
4117,4,2026-02-27,08:17,8.46,0
4118,8,2025-11-19,10:50,7.73,0
4119,6,2026-02-16,09:55,7.54,29
4120,10,2026-06-12,08:23,6.73,0
4121,5,2026-01-16,10:02,7.84,0
4122,4,2026-09-16,10:44,5.93,0
4123,10,2026-06-05,08:06,6.28,0
4124,23,2026-09-12,09:13,7.85,24
4125,1,2026-04-18,08:55,9.48,0
4126,23,2026-05-11,07:48,6.83,0
4127,13,2026-01-24,10:07,8.77,0
4128,11,2026-03-13,11:02,7.21,0
4129,10,2026-03-08,09:20,7.53,0
4130,25,2026-05-06,08:52,6.78,0
4131,23,2026-08-29,11:11,8.42,0
4132,20,2025-10-14,10:07,7.56,0
4133,18,2026-05-10,09:21,10.0,0
4134,1,2026-07-13,10:09,8.93,0
4135,20,2026-07-03,10:58,7.01,0
4136,7,2026-09-08,10:04,8.32,0
4137,23,2025-12-31,10:47,6.44,0
4138,15,2026-08-27,10:58,9.77,0
4139,2,2026-01-22,07:43,7.24,0
4140,24,2025-11-27,10:57,8.12,0
4141,9,2026-06-22,11:10,8.25,0
4142,8,2025-10-15,11:04,10.35,0
4143,13,2026-06-08,08:12,5.96,0
4144,1,2026-09-06,08:42,8.61,0
4145,3,2026-06-12,08:56,9.64,0
4146,11,2026-06-04,09:00,8.98,0
4147,22,2025-11-10,09:19,8.55,0
4148,21,2026-04-26,09:58,8.84,0
4149,11,2025-11-01,10:43,7.62,0
4150,1,2026-01-05,08:09,9.8,0
4151,10,2026-06-17,08:02,8.78,0
4152,11,2026-02-27,09:56,9.66,0
4153,22,2026-02-16,11:13,9.05,0
4154,24,2026-08-10,10:43,9.24,0
4155,4,2026-09-03,09:42,9.78,0
4156,23,2026-03-29,08:47,8.74,0
4157,23,2026-07-14,10:02,7.24,0
4158,20,2026-07-28,10:15,7.58,0
4159,12,2026-02-09,10:46,9.4,0
4160,3,2026-03-31,08:43,6.85,0
4161,3,2026-08-22,07:47,8.51,14
4162,3,2026-08-29,10:00,9.28,0
4163,16,2026-05-13,11:23,9.5,0
4164,12,2026-05-31,09:04,6.69,0
4165,21,2026-01-05,07:42,8.9,0
4166,18,2026-01-07,11:12,8.23,0
4167,2,2026-01-20,09:40,7.6,0
4168,12,2025-10-20,08:16,8.34,0
4169,3,2026-08-31,10:07,7.43,12
4170,23,2025-12-18,10:51,11.15,19
4171,25,2026-08-16,10:06,7.8,0
4172,5,2026-09-18,10:50,10.17,0
4173,17,2026-05-18,11:10,7.44,15
4174,6,2026-05-27,08:19,8.24,0
4175,22,2026-06-09,09:56,6.71,0
4176,11,2025-11-30,10:45,6.55,0
4177,3,2026-09-21,08:48,11.16,0
4178,1,2025-10-31,10:21,8.79,16
4179,23,2026-04-13,11:21,8.76,0
4180,23,2026-01-05,09:24,8.95,0
4181,9,2025-10-01,08:59,7.78,0
4182,25,2026-08-13,09:50,7.99,0
4183,4,2026-01-22,09:10,7.78,0
4184,7,2026-09-15,10:20,7.29,15
4185,16,2026-08-15,11:18,9.64,0
4186,13,2026-03-07,10:05,9.22,0
4187,9,2026-01-04,10:13,7.71,0
4188,8,2026-06-26,09:59,8.12,29
4189,15,2025-12-18,11:12,7.76,0
4190,19,2026-05-30,09:04,7.82,0
4191,22,2026-07-12,08:23,8.55,0
4192,20,2026-02-17,07:46,7.06,0
4193,1,2026-01-10,09:50,7.83,0
4194,22,2026-08-13,11:16,7.75,0
4195,21,2026-06-12,08:15,9.41,0
4196,1,2026-08-06,08:58,7.4,36
4197,24,2026-08-05,11:17,6.66,0
4198,23,2025-10-26,08:22,9.49,11
4199,4,2026-02-21,07:59,6.93,0
4200,20,2026-08-27,08:46,8.94,0
4201,15,2026-03-04,11:19,6.32,0
4202,17,2026-08-01,11:11,8.41,25
4203,7,2026-03-30,08:21,7.31,5
4204,9,2026-09-14,11:03,9.68,0
4205,19,2025-10-28,09:17,6.03,0
4206,7,2025-11-02,10:50,6.42,18
4207,19,2025-12-01,09:55,7.48,0
4208,14,2026-02-01,11:15,7.74,9
4209,8,2026-02-23,07:46,9.55,0
4210,10,2026-05-11,11:17,10.6,0
4211,5,2026-04-02,11:14,10.16,0
4212,3,2026-08-15,11:01,8.01,12
4213,6,2026-07-11,10:49,9.3,0
4214,5,2025-12-19,08:43,7.86,0
4215,6,2026-07-06,08:15,7.28,3
4216,23,2025-11-23,11:03,8.35,0
4217,1,2026-08-04,09:12,9.52,0
4218,21,2026-08-28,10:52,8.44,0
4219,2,2026-03-01,10:12,5.89,12
4220,16,2026-02-23,10:51,7.83,0
4221,1,2025-10-05,07:57,9.28,0
4222,21,2026-05-18,08:58,6.57,0
4223,8,2026-09-06,09:08,8.19,0
4224,15,2026-09-15,07:51,9.37,0
4225,9,2026-03-31,10:44,7.59,0
4226,12,2026-09-03,08:08,7.57,0
4227,9,2026-03-22,09:56,8.74,0
4228,4,2026-03-27,10:41,7.67,0
4229,3,2026-06-28,09:11,9.38,0
4230,2,2026-08-06,08:45,8.05,0
4231,19,2026-01-21,07:48,7.86,0
4232,11,2026-09-26,08:05,9.37,38
4233,5,2026-04-25,10:04,7.9,20
4234,9,2026-07-27,10:51,5.98,0
4235,6,2026-06-21,09:15,8.37,0
4236,17,2026-04-15,08:10,8.28,0
4237,2,2025-11-10,07:45,7.66,0
4238,16,2026-03-11,11:24,8.63,0
4239,5,2025-12-08,08:17,8.48,0
4240,25,2026-01-23,09:20,9.71,0
4241,9,2026-01-07,10:09,6.57,0
4242,7,2026-06-16,08:49,9.17,0
4243,25,2026-01-18,10:00,8.62,0
4244,12,2025-12-27,09:13,8.39,0
4245,25,2025-12-12,07:53,8.42,0
4246,1,2026-02-24,10:59,7.27,0
4247,5,2026-01-15,08:59,8.98,0
4248,17,2026-06-14,09:41,9.1,0
4249,22,2026-09-17,11:22,7.84,0
4250,9,2026-07-26,10:58,8.68,0
4251,25,2025-10-27,10:59,8.05,0
4252,22,2026-09-20,08:45,7.63,0
4253,2,2026-01-27,08:23,7.2,0
4254,19,2026-02-09,08:04,7.13,0
4255,2,2026-05-21,10:10,7.69,0
4256,17,2026-06-14,10:50,8.39,0
4257,4,2026-02-19,10:10,8.0,0
4258,18,2025-10-25,09:18,8.78,0
4259,1,2025-12-26,10:00,8.69,23
4260,5,2026-04-06,09:45,8.68,0
4261,14,2026-02-17,11:00,9.74,0
4262,13,2025-11-20,08:16,8.24,0
4263,18,2026-07-27,08:53,8.13,0
4264,6,2026-04-18,09:56,7.14,0
4265,10,2026-01-31,10:05,6.72,0
4266,5,2026-04-25,09:05,7.67,0
4267,8,2026-08-04,10:02,8.69,0
4268,20,2025-10-01,08:54,7.63,0
4269,24,2026-05-12,10:08,8.83,30
4270,1,2026-09-17,09:01,7.04,0
4271,12,2026-06-21,10:08,8.66,0
4272,23,2026-05-24,08:17,8.18,0
4273,13,2026-02-28,11:05,6.91,35
4274,10,2026-08-18,08:01,7.37,0
4275,6,2026-04-19,10:12,10.21,0
4276,6,2026-07-09,10:51,7.14,0
4277,12,2026-03-23,10:50,7.71,0
4278,3,2026-05-07,10:40,8.92,0
4279,13,2025-10-25,10:41,8.46,0
4280,6,2026-07-18,08:50,8.65,5
4281,21,2025-12-26,08:47,8.18,0
4282,22,2026-01-08,09:19,6.83,0
4283,24,2026-04-03,08:17,7.42,0
4284,23,2026-09-04,07:42,7.68,0
4285,22,2025-10-19,11:05,8.98,0
4286,4,2026-09-14,10:04,6.8,0
4287,10,2026-07-20,10:48,8.74,39
4288,13,2026-09-06,09:05,8.55,0
4289,22,2026-06-21,07:40,7.56,0
4290,1,2026-02-28,11:17,8.24,0
4291,18,2026-04-24,08:09,6.99,0
4292,18,2025-11-15,09:13,8.99,0
4293,25,2026-07-12,10:09,9.2,0
4294,2,2026-04-26,08:47,6.32,0
4295,3,2026-04-08,10:44,7.55,0
4296,23,2025-10-16,10:00,5.75,0
4297,16,2025-11-29,08:05,9.67,0
4298,11,2026-04-03,08:53,8.93,0
4299,12,2026-02-01,07:54,8.54,0
4300,20,2026-07-15,10:14,9.51,0
4301,20,2025-12-13,09:20,7.67,0
4302,16,2026-05-17,08:13,7.1,0
4303,9,2025-11-18,08:21,8.83,0
4304,10,2026-09-12,08:02,6.14,0
4305,9,2026-05-11,07:46,8.93,0
4306,12,2025-12-22,09:59,8.49,0
4307,12,2025-11-04,07:58,9.8,0
4308,19,2026-08-11,07:47,6.67,0
4309,16,2026-08-21,09:17,7.19,4
4310,4,2026-03-22,08:44,7.96,0
4311,1,2026-01-27,07:53,8.73,0
4312,9,2025-12-14,10:04,9.22,0
4313,11,2025-12-13,10:49,8.57,0
4314,7,2026-02-16,08:47,10.63,0
4315,18,2026-08-02,09:52,7.35,0
4316,16,2025-11-01,11:05,10.55,18
4317,25,2026-07-25,07:58,8.64,0
4318,18,2026-01-15,08:07,7.66,0
4319,1,2026-07-30,07:53,8.95,0
4320,6,2026-05-04,08:43,8.67,0
4321,22,2025-12-30,07:57,10.24,0
4322,16,2026-08-20,09:10,8.0,0
4323,20,2026-09-26,07:52,7.2,27
4324,3,2025-10-15,09:10,6.46,0
4325,21,2026-07-03,09:04,8.11,0
4326,22,2026-01-27,09:41,7.02,0
4327,12,2025-10-17,10:18,7.53,0
4328,19,2026-09-17,10:16,6.66,0
4329,23,2026-01-17,10:58,7.65,37
4330,12,2026-05-02,09:58,10.1,0
4331,6,2026-08-05,10:45,6.57,5
4332,23,2025-12-09,08:03,6.96,0
4333,8,2026-05-28,08:21,7.48,0
4334,2,2025-11-30,08:58,9.2,0
4335,15,2026-08-06,10:16,7.93,0
4336,9,2025-12-14,10:02,9.75,17
4337,20,2026-05-07,11:23,7.14,0
4338,9,2026-08-29,10:40,8.21,0
4339,14,2026-04-06,08:15,9.61,0
4340,16,2026-09-16,09:00,7.04,0
4341,6,2026-03-19,10:47,9.05,19
4342,25,2025-10-16,10:09,9.59,0
4343,16,2026-08-09,10:42,8.47,0
4344,11,2025-12-05,09:11,7.71,0
4345,20,2025-10-03,10:50,9.46,7
4346,9,2026-03-15,08:41,10.58,0
4347,15,2026-04-20,08:51,5.74,0
4348,11,2026-09-04,11:07,9.72,35
4349,19,2025-12-05,09:12,9.67,0
4350,24,2026-05-31,08:58,10.06,0
4351,1,2026-07-23,07:56,10.46,0
4352,25,2025-10-30,08:59,7.73,0
4353,2,2026-02-12,11:09,8.66,0
4354,7,2026-08-16,10:42,7.51,0
4355,5,2026-04-23,11:07,9.6,18
4356,15,2026-06-05,09:06,7.49,0
4357,22,2026-07-01,08:09,8.21,0
4358,12,2025-12-10,07:54,8.36,0
4359,5,2026-04-23,07:48,6.91,0
4360,2,2026-09-22,08:51,7.67,0
4361,4,2025-11-12,08:45,7.84,0
4362,25,2026-05-17,08:19,10.32,21
4363,12,2026-09-02,08:18,7.36,0
4364,9,2026-08-19,11:06,9.08,0
4365,22,2026-09-05,11:11,10.0,0
4366,15,2026-01-14,08:13,9.07,0
4367,25,2026-06-16,07:41,8.94,0
4368,25,2025-11-07,10:45,7.49,0
4369,3,2026-03-19,09:23,7.75,0
4370,5,2025-12-21,11:13,9.8,0
4371,11,2026-04-18,10:20,6.78,0
4372,23,2026-03-10,11:04,6.12,0
4373,10,2026-01-08,08:58,8.28,18
4374,3,2026-01-27,08:06,8.56,0
4375,21,2026-03-11,10:59,7.29,0
4376,6,2026-04-26,11:10,6.69,0
4377,9,2026-07-13,11:18,7.83,3
4378,11,2026-09-14,10:06,8.48,0
4379,16,2026-06-07,08:42,6.84,0
4380,1,2026-04-29,10:57,6.69,0
4381,3,2026-06-11,07:47,7.88,0
4382,22,2026-09-06,07:55,7.16,0
4383,17,2026-01-26,09:22,7.75,0
4384,7,2025-12-19,08:57,9.31,15
4385,3,2026-09-20,07:55,6.58,0
4386,5,2026-09-14,10:03,9.71,0
4387,17,2026-04-06,08:07,7.27,0
4388,2,2025-11-08,09:17,9.3,22
4389,5,2026-01-19,10:02,8.25,0
4390,16,2026-06-30,08:55,8.08,20
4391,18,2026-04-27,10:24,7.18,0
4392,3,2026-04-07,09:50,8.36,0
4393,9,2026-07-20,09:08,9.44,0
4394,25,2026-06-14,08:05,4.67,0
4395,15,2026-09-26,10:53,7.48,0
4396,12,2026-05-22,09:45,9.04,0
4397,2,2026-06-25,10:56,8.93,0
4398,10,2026-09-02,08:16,6.75,31
4399,22,2026-07-02,08:24,7.63,0
4400,4,2026-06-19,08:19,8.51,0
4401,4,2026-02-24,09:19,7.95,15
4402,8,2026-06-11,09:17,9.12,0
4403,7,2026-05-22,10:20,6.29,0
4404,5,2026-06-27,11:17,7.84,0
4405,19,2026-02-26,09:21,8.96,0
4406,2,2026-07-28,10:14,9.69,0
4407,22,2026-03-21,09:54,9.4,0
4408,2,2026-03-13,10:56,6.79,0
4409,17,2025-12-02,09:09,6.76,31
4410,24,2025-11-06,10:56,6.85,0
4411,24,2025-12-07,10:06,7.74,31
4412,6,2026-09-10,10:45,7.97,0
4413,9,2026-03-15,09:04,5.95,13
4414,16,2026-07-29,07:55,9.8,0
4415,12,2026-03-03,07:41,6.91,0
4416,22,2025-11-04,09:12,9.22,0
4417,23,2026-02-06,11:11,9.78,0
4418,9,2026-09-26,10:21,7.69,0
4419,14,2025-12-11,08:14,9.01,0
4420,10,2026-04-29,07:55,8.88,0
4421,17,2026-01-10,10:11,6.92,0
4422,3,2026-07-09,07:40,9.33,13
4423,1,2026-03-18,11:19,7.96,0
4424,14,2025-12-26,11:05,10.75,0
4425,14,2026-03-06,07:59,7.95,0
4426,1,2026-06-09,10:19,8.44,5
4427,17,2025-10-28,10:54,8.71,0
4428,9,2026-05-19,07:45,9.99,0
4429,16,2025-10-17,08:05,9.15,0
4430,5,2025-11-02,09:46,6.92,23
4431,8,2025-12-10,10:12,7.83,0
4432,19,2026-08-05,07:43,6.4,0
4433,13,2025-11-23,09:24,9.87,0
4434,13,2026-03-16,10:58,7.47,0
4435,24,2025-10-05,07:57,7.79,0
4436,4,2025-12-11,08:53,8.67,0
4437,25,2026-06-24,09:46,8.39,0
4438,17,2026-04-18,10:50,9.56,0
4439,19,2026-06-29,07:57,8.69,28
4440,5,2026-09-09,09:40,8.37,0
4441,8,2026-02-17,07:41,7.97,0
4442,20,2026-09-04,08:52,9.08,0
4443,22,2026-09-09,09:01,9.36,0
4444,16,2026-02-17,10:16,8.88,0
4445,2,2026-02-21,11:03,9.65,25
4446,21,2026-04-13,07:48,10.08,0
4447,6,2026-04-05,10:12,8.16,0
4448,3,2026-01-20,09:12,7.88,21
4449,20,2026-05-11,07:43,7.06,0
4450,24,2025-12-30,11:18,7.81,0
4451,15,2026-03-18,08:46,8.44,0
4452,5,2025-12-03,08:15,8.65,0
4453,22,2025-11-11,08:23,6.89,0
4454,22,2026-04-09,10:12,6.43,0
4455,11,2026-02-14,09:45,7.84,0
4456,6,2026-06-13,10:09,7.61,21
4457,25,2025-10-22,08:11,8.05,10
4458,11,2026-08-04,07:44,7.61,0
4459,2,2026-04-24,08:50,5.72,0
4460,15,2026-07-11,10:42,8.67,0
4461,5,2026-07-31,08:11,8.18,0
4462,5,2026-04-29,08:54,8.35,0
4463,2,2026-05-18,11:15,9.94,0
4464,9,2025-11-26,09:55,7.03,0
4465,15,2026-05-18,09:47,8.31,0
4466,8,2026-08-06,09:58,8.67,0
4467,5,2026-01-27,10:04,8.42,0
4468,24,2025-12-09,10:47,9.24,0
4469,21,2026-05-05,08:48,7.97,0
4470,21,2026-06-04,09:47,7.09,0
4471,9,2026-07-28,08:42,7.68,0
4472,11,2026-07-29,09:43,7.86,0
4473,5,2026-06-17,11:07,9.51,0
4474,8,2025-10-12,09:05,10.66,0
4475,5,2026-07-18,10:41,7.01,0
4476,14,2026-03-10,11:21,8.04,0
4477,25,2026-08-26,08:44,9.26,25
4478,7,2026-08-07,08:22,7.16,0
4479,21,2025-10-24,08:22,8.71,0
4480,23,2025-12-18,09:06,8.05,0
4481,10,2026-01-16,08:17,7.36,0
4482,3,2026-09-18,08:55,9.51,6
4483,19,2026-05-17,10:01,7.18,0
4484,3,2026-02-09,10:43,7.89,0
4485,3,2026-08-05,08:56,5.56,0
4486,6,2026-08-23,08:17,7.98,0
4487,16,2025-12-25,10:08,8.3,31
4488,6,2026-05-15,10:22,7.37,0
4489,23,2026-03-25,11:04,8.46,0
4490,3,2026-06-21,10:47,9.7,0
4491,4,2025-12-20,07:45,8.82,0
4492,4,2025-12-17,09:50,8.5,0
4493,17,2026-04-01,07:51,7.01,0
4494,5,2025-12-30,11:07,8.77,0
4495,5,2026-02-11,08:01,9.56,0
4496,1,2026-05-27,11:15,5.93,0
4497,23,2026-01-04,08:07,7.93,0
4498,16,2026-06-22,10:12,7.53,0
4499,1,2025-12-14,08:58,8.82,33
4500,2,2025-10-08,10:40,8.15,0
4501,21,2026-07-25,10:45,5.41,0
4502,25,2026-03-18,09:49,6.93,10
4503,20,2025-11-26,10:02,5.78,0
4504,21,2025-11-10,08:07,7.57,26
4505,23,2026-08-28,10:11,8.8,0
4506,3,2026-03-08,07:45,5.98,0
4507,16,2025-12-27,10:41,8.77,0
4508,15,2025-10-08,09:42,7.84,0
4509,17,2026-08-10,08:00,9.64,0
4510,5,2026-02-18,10:24,7.77,11
4511,8,2026-07-02,07:54,9.15,0
4512,4,2026-04-01,08:12,8.47,0
4513,17,2026-01-16,11:16,9.5,0
4514,24,2026-04-22,08:12,7.97,0
4515,6,2026-01-19,09:14,8.02,0
4516,6,2026-02-27,08:59,8.05,0
4517,15,2026-02-17,09:49,9.33,0
4518,23,2026-03-22,09:43,9.38,6
4519,14,2025-10-25,07:43,6.53,0
4520,1,2026-07-30,08:12,8.0,38
4521,22,2025-11-26,08:43,9.86,0
4522,24,2026-04-22,08:18,7.85,0
4523,3,2025-11-08,10:20,9.67,0
4524,19,2025-11-04,09:58,5.96,0
4525,1,2026-02-22,09:14,9.18,0
4526,2,2025-12-31,08:14,9.1,0
4527,2,2026-05-10,08:46,7.57,0
4528,10,2026-08-06,09:22,8.21,0
4529,6,2026-01-07,10:46,7.7,0
4530,2,2025-11-18,07:43,9.2,25
4531,25,2026-01-09,07:43,9.68,0
4532,15,2025-12-27,10:19,9.65,0
4533,5,2025-10-18,08:11,7.31,0
4534,18,2026-06-10,10:10,6.81,0
4535,10,2026-04-12,08:42,8.47,23
4536,5,2026-02-23,08:42,6.95,0
4537,4,2026-06-29,09:02,8.16,0
4538,21,2025-10-30,08:02,9.92,0
4539,20,2026-01-29,11:03,9.21,0
4540,18,2025-10-24,07:41,8.04,26
4541,3,2025-11-06,08:12,6.93,25
4542,9,2026-04-14,08:18,8.36,0
4543,7,2025-12-18,09:44,7.62,0
4544,22,2026-08-31,09:56,8.16,0
4545,25,2025-10-29,08:11,9.93,0
4546,12,2026-05-12,07:42,9.46,0
4547,2,2025-12-01,08:45,7.84,0
4548,19,2026-01-04,08:07,8.21,0
4549,6,2026-06-27,11:15,6.7,38
4550,22,2026-09-24,08:21,8.84,0
4551,8,2026-03-12,09:14,9.2,0
4552,10,2026-06-14,09:46,8.63,0
4553,4,2026-01-22,08:21,8.13,31
4554,17,2026-02-20,07:50,8.12,0
4555,19,2026-01-07,10:48,8.07,0
4556,13,2026-02-24,08:22,6.29,0
4557,12,2025-10-12,10:24,7.64,0
4558,12,2025-10-18,10:22,9.79,16
4559,12,2026-05-21,08:10,6.98,20
4560,23,2026-06-23,08:24,7.7,0
4561,2,2026-09-24,07:48,7.44,0
4562,21,2026-06-28,09:06,8.9,0
4563,4,2026-03-26,08:05,7.13,0
4564,14,2026-06-07,09:24,9.57,13
4565,16,2026-03-19,10:03,8.82,0
4566,1,2026-09-27,08:50,8.89,0
4567,2,2026-07-10,09:18,8.87,23
4568,10,2026-08-02,09:02,8.77,0
4569,25,2026-02-25,10:21,8.21,0
4570,9,2026-02-02,11:03,8.74,0
4571,2,2026-05-18,10:13,9.23,0
4572,5,2026-08-05,08:03,6.96,0
4573,2,2025-11-01,10:10,9.0,36
4574,10,2025-11-28,09:19,7.48,33
4575,4,2026-09-26,09:18,8.95,0
4576,3,2026-07-15,10:14,7.27,0
4577,25,2026-06-27,08:51,8.0,0
4578,10,2026-06-13,07:40,7.96,0
4579,10,2026-04-25,10:24,7.78,26
4580,8,2026-06-10,09:22,6.91,28
4581,22,2026-03-26,09:51,7.97,0
4582,14,2025-10-17,11:13,7.28,0
4583,17,2025-11-26,07:52,8.54,0
4584,21,2026-08-24,08:48,8.13,0
4585,1,2025-11-30,11:03,9.05,0
4586,15,2026-03-06,08:01,7.16,0
4587,8,2026-09-21,10:03,7.21,0
4588,2,2025-11-17,07:49,6.05,0
4589,14,2025-12-26,08:08,9.69,17
4590,9,2026-02-04,08:57,9.09,0
4591,20,2026-01-04,09:42,7.55,4
4592,12,2025-12-11,10:49,8.54,0
4593,12,2026-05-27,10:03,6.68,0
4594,6,2026-04-15,07:46,7.61,0
4595,24,2026-02-12,09:17,7.57,0
4596,15,2026-04-14,10:57,8.74,0
4597,10,2026-06-16,11:11,9.79,4
4598,25,2026-03-18,08:24,8.55,0
4599,10,2025-10-18,08:57,9.03,0
4600,17,2026-03-25,09:19,8.64,0
4601,3,2025-11-10,09:19,8.29,0
4602,23,2026-04-24,07:48,8.61,0
4603,4,2025-12-29,09:53,7.36,0
4604,15,2026-09-21,11:04,7.16,0
4605,23,2026-05-31,11:05,5.76,0
4606,10,2026-08-24,09:16,7.61,0
4607,2,2026-03-12,07:47,8.72,0
4608,25,2026-07-19,07:43,8.14,0
4609,9,2026-03-29,10:04,8.21,0
4610,23,2026-04-06,10:06,7.57,0
4611,18,2026-07-24,08:11,7.59,0
4612,11,2025-11-02,07:46,6.46,0
4613,13,2026-06-26,09:12,8.55,0
4614,13,2026-05-07,09:41,7.95,0
4615,3,2026-09-23,08:18,7.95,0
4616,13,2026-08-30,08:15,6.88,0
4617,3,2026-09-09,09:11,6.89,0
4618,10,2026-05-01,08:06,6.49,5
4619,13,2026-01-28,10:04,8.11,0
4620,8,2026-03-26,10:07,6.63,0
4621,5,2026-07-19,10:18,6.31,7
4622,6,2026-05-11,09:05,8.07,0
4623,13,2026-07-20,07:46,7.63,0
4624,2,2026-09-04,08:15,9.61,0
4625,16,2026-06-17,09:49,9.66,0
4626,16,2026-01-05,09:16,9.64,12
4627,4,2026-02-16,08:43,6.78,0
4628,2,2026-01-22,10:59,8.84,0
4629,21,2026-09-26,10:51,7.91,26
4630,20,2026-01-12,08:53,7.59,0
4631,16,2025-10-03,08:24,7.49,0
4632,14,2025-10-24,11:10,6.55,0
4633,4,2026-05-30,07:55,7.08,0
4634,18,2026-07-27,08:58,6.43,14
4635,6,2025-10-28,10:01,7.85,0
4636,9,2026-05-15,08:09,8.47,0
4637,16,2026-07-31,10:00,7.18,0
4638,5,2026-01-28,07:58,6.55,0
4639,13,2026-08-20,11:17,8.09,0
4640,9,2025-10-03,08:07,10.17,0
4641,11,2025-10-23,09:14,7.8,0
4642,20,2026-06-27,08:18,6.76,0
4643,8,2025-11-20,08:17,9.32,0
4644,4,2026-01-12,09:55,10.47,0
4645,18,2025-12-23,10:03,7.55,0
4646,12,2025-10-10,08:17,7.91,19
4647,7,2026-07-22,11:14,8.01,38
4648,6,2026-06-11,10:42,8.01,0
4649,20,2026-09-06,07:43,9.89,0
4650,2,2026-03-12,07:50,6.25,0
4651,8,2026-08-31,09:03,7.79,24
4652,7,2026-01-08,10:00,8.35,0
4653,14,2025-10-16,08:45,9.1,0
4654,21,2025-10-22,09:20,8.32,7
4655,5,2026-01-22,07:59,6.13,0
4656,9,2026-06-21,09:48,11.08,0
4657,18,2026-01-01,09:16,9.16,0
4658,25,2026-01-02,11:00,8.05,0
4659,5,2026-08-20,10:22,7.97,0
4660,21,2025-11-01,09:18,8.21,0
4661,15,2026-04-28,11:20,6.74,20
4662,15,2025-12-03,07:42,8.27,0
4663,1,2025-12-17,10:15,9.01,0
4664,12,2026-02-22,11:24,5.9,0
4665,23,2026-03-28,07:55,7.3,0
4666,2,2026-04-12,07:56,7.53,0
4667,8,2026-07-16,10:52,7.43,30
4668,15,2026-08-01,11:20,8.31,0
4669,16,2025-10-07,08:12,7.26,27
4670,2,2026-08-30,08:06,8.01,0
4671,1,2026-03-07,10:10,8.49,0
4672,18,2026-08-07,08:47,8.26,0
4673,13,2025-12-31,09:53,7.41,0
4674,24,2026-02-15,08:11,7.32,0
4675,13,2026-02-17,11:17,9.28,16
4676,17,2026-02-17,10:00,7.99,0
4677,18,2026-02-26,09:53,9.08,0
4678,21,2025-11-07,07:58,7.16,0
4679,2,2025-10-15,11:21,10.34,0
4680,5,2026-01-12,11:09,7.25,0
4681,4,2026-02-28,08:00,8.03,0
4682,19,2025-12-21,07:40,6.73,17
4683,21,2025-11-28,09:14,9.93,12
4684,19,2025-12-13,10:06,9.97,36
4685,15,2026-07-22,10:06,8.9,0
4686,8,2026-06-14,10:00,8.56,0
4687,1,2026-03-03,08:41,9.18,5
4688,11,2026-03-26,09:22,7.84,0
4689,20,2026-04-18,09:13,7.84,0
4690,24,2026-04-05,10:01,9.33,0
4691,7,2026-09-06,08:15,6.53,0
4692,19,2026-03-19,10:47,8.31,17
4693,5,2026-02-26,07:54,8.22,0
4694,4,2026-03-18,07:58,7.89,30
4695,19,2025-10-06,10:23,7.97,0
4696,5,2025-12-23,09:44,5.6,0
4697,10,2026-03-31,08:44,7.3,0
4698,6,2026-03-01,09:24,8.96,0
4699,22,2026-01-26,07:56,7.86,0
4700,2,2025-10-30,07:56,7.84,0
4701,18,2026-06-19,09:10,10.06,0
4702,13,2026-09-03,08:00,7.59,0
4703,7,2026-06-29,07:47,8.76,0
4704,16,2025-11-09,08:56,7.26,0
4705,15,2026-09-11,10:48,5.93,0
4706,3,2026-03-24,11:01,7.99,15
4707,13,2025-11-21,10:56,6.94,0
4708,14,2026-09-25,09:24,6.62,0
4709,8,2026-02-18,09:56,7.78,0
4710,18,2025-11-14,10:46,8.17,0
4711,23,2026-09-15,09:19,8.24,0
4712,22,2025-10-16,09:04,8.2,0
4713,11,2026-01-04,07:56,6.51,0
4714,2,2026-03-07,08:01,7.22,0
4715,13,2026-09-26,09:13,8.23,0
4716,17,2026-06-28,09:46,6.95,0
4717,6,2026-04-02,07:44,7.98,31
4718,25,2026-01-30,08:10,8.14,0
4719,12,2026-01-19,10:05,8.24,0
4720,22,2026-01-01,08:02,8.4,0
4721,12,2026-02-09,08:42,7.95,0
4722,21,2026-01-09,09:46,7.92,0
4723,20,2026-01-09,09:01,7.4,0
4724,4,2026-08-02,11:14,8.56,0
4725,24,2026-06-27,11:07,10.02,0
4726,12,2026-05-28,09:19,9.54,22
4727,18,2025-12-05,10:17,9.29,0
4728,13,2026-01-30,07:56,9.88,0
4729,24,2026-05-06,10:45,9.32,0
4730,21,2025-11-14,08:18,8.85,0
4731,24,2026-07-06,07:50,8.78,0
4732,18,2026-06-11,09:40,7.99,0
4733,21,2026-03-25,09:18,6.56,0
4734,7,2025-10-14,09:52,5.56,0
4735,11,2026-06-13,10:45,7.96,13
4736,10,2025-10-30,10:00,8.78,0
4737,15,2026-08-23,09:12,7.42,0
4738,16,2025-11-09,10:04,9.74,32
4739,2,2025-12-15,11:04,7.53,0
4740,18,2025-12-16,10:13,7.57,0
4741,2,2026-08-27,10:45,8.01,0
4742,13,2026-01-02,08:48,6.54,0
4743,10,2026-07-04,10:22,8.67,0
4744,7,2025-10-08,10:09,7.36,0
4745,20,2025-10-03,08:04,8.57,0
4746,3,2026-01-16,10:10,7.84,17
4747,8,2025-11-12,07:54,6.72,0
4748,21,2026-05-07,10:09,8.63,0
4749,13,2026-03-28,10:58,9.25,39
4750,19,2025-12-15,10:56,8.41,0
4751,13,2025-11-13,09:11,8.47,0
4752,4,2026-07-31,09:14,8.41,0
4753,3,2026-08-20,07:51,7.43,24
4754,9,2025-11-30,11:17,10.2,0
4755,6,2026-05-06,08:43,9.89,0
4756,10,2026-08-18,09:04,9.66,28
4757,13,2026-05-04,09:24,7.6,0
4758,25,2026-08-02,09:53,7.54,0
4759,17,2025-12-05,08:09,7.47,0
4760,8,2026-02-03,09:50,9.25,0
4761,15,2026-07-27,07:59,8.54,0
4762,4,2026-06-26,08:23,7.56,6
4763,22,2026-04-10,09:52,7.95,39
4764,17,2026-02-23,09:53,8.29,0
4765,13,2026-04-12,08:19,7.9,0
4766,14,2026-07-03,10:06,7.96,0
4767,17,2026-06-01,09:57,8.33,0
4768,9,2026-03-17,09:05,6.41,0
4769,3,2026-05-14,10:10,8.34,0
4770,24,2025-10-31,07:45,9.17,0
4771,8,2025-12-24,10:11,8.51,0
4772,12,2026-06-14,07:59,9.65,0
4773,25,2026-08-15,11:04,8.66,0
4774,17,2026-01-01,10:00,5.13,0
4775,5,2026-02-26,08:17,8.46,0
4776,15,2026-04-16,07:43,9.08,24
4777,8,2026-05-11,07:42,11.03,0
4778,18,2026-04-17,11:18,7.95,0
4779,22,2026-02-10,07:52,5.98,15
4780,11,2026-09-03,11:09,8.68,0
4781,16,2026-04-12,10:22,8.72,0
4782,14,2026-06-26,07:42,9.01,0
4783,22,2026-08-25,10:14,8.86,0
4784,24,2025-12-19,07:40,9.97,19
4785,7,2026-09-08,10:51,8.46,10
4786,11,2026-01-10,09:22,8.89,0
4787,5,2026-02-20,10:20,8.04,0
4788,20,2026-06-05,10:18,8.8,0
4789,4,2026-02-23,10:41,7.96,0
4790,21,2025-10-16,10:51,7.33,0
4791,1,2026-01-30,09:02,7.45,0
4792,11,2025-12-14,09:12,9.43,0
4793,17,2025-10-29,08:10,8.5,18
4794,12,2025-12-09,09:45,8.73,0
4795,13,2025-12-14,08:44,8.66,0
4796,8,2026-02-21,09:54,8.58,0
4797,13,2026-04-30,10:43,8.46,35
4798,24,2026-02-08,10:03,8.4,0
4799,23,2026-06-22,08:42,8.38,0
4800,3,2026-03-21,09:50,8.63,0
4801,17,2026-06-10,09:05,8.91,38
4802,13,2026-07-20,09:02,8.59,37
4803,12,2025-11-27,08:20,8.92,0
4804,11,2025-10-03,10:15,10.44,0
4805,18,2026-05-12,10:52,5.99,0
4806,15,2026-01-03,07:50,8.5,0
4807,13,2026-08-07,08:22,9.68,0
4808,24,2025-10-14,07:55,8.92,0
4809,21,2025-11-30,08:05,9.13,0
4810,15,2026-04-23,11:24,9.53,0
4811,17,2025-11-24,11:14,7.85,0
4812,24,2026-03-26,09:58,8.2,0
4813,18,2026-05-12,08:08,7.45,16
4814,15,2026-06-22,09:42,5.24,7
4815,11,2025-10-06,11:01,7.5,0
4816,5,2026-03-20,11:12,9.82,0
4817,5,2026-03-11,09:19,6.73,0
4818,14,2026-09-24,07:55,9.59,0
4819,10,2026-02-05,09:47,8.59,0
4820,16,2026-05-07,09:49,8.34,37
4821,9,2025-10-23,08:22,6.95,0
4822,23,2026-08-25,11:22,8.28,0
4823,6,2026-09-05,08:53,8.59,0
4824,9,2026-08-26,10:08,9.13,0
4825,12,2025-11-26,08:15,6.73,20
4826,10,2026-01-02,08:05,10.34,20
4827,23,2025-11-01,08:15,9.64,0
4828,21,2025-12-18,08:45,7.71,35
4829,11,2026-08-07,10:46,5.77,0
4830,3,2026-07-07,09:09,10.22,0
4831,15,2025-12-21,08:09,8.08,0
4832,8,2026-07-26,08:56,8.75,0
4833,7,2025-11-05,08:10,7.47,0
4834,10,2025-12-31,10:15,6.57,0
4835,4,2025-10-16,09:40,6.42,0
4836,19,2026-07-07,10:00,8.84,0
4837,9,2026-09-10,11:06,8.81,0
4838,12,2026-01-28,09:52,7.14,0
4839,22,2026-08-28,08:01,8.69,0
4840,5,2026-01-02,07:58,9.88,0
4841,17,2026-03-03,08:56,9.0,0
4842,24,2026-06-09,07:52,8.04,0
4843,19,2025-11-26,10:19,10.94,0
4844,1,2026-04-03,07:46,10.73,0
4845,10,2026-01-06,10:50,9.37,0
4846,5,2026-02-15,07:43,7.94,30
4847,16,2025-10-16,11:12,7.42,0
4848,14,2026-09-24,09:16,10.12,0
4849,11,2025-10-26,09:16,7.47,0
4850,2,2026-05-21,09:20,8.0,0
4851,9,2026-03-28,09:21,7.67,0
4852,24,2026-07-20,08:49,9.14,0
4853,23,2026-09-17,11:06,9.37,0
4854,1,2025-12-08,10:53,9.75,0
4855,1,2026-01-27,10:59,7.99,0
4856,23,2026-06-04,09:56,8.73,0
4857,20,2026-09-25,09:22,8.05,0
4858,9,2026-05-23,08:08,7.95,0
4859,11,2026-03-29,09:07,9.5,0
4860,1,2026-05-08,09:09,8.78,0
4861,18,2025-10-12,11:06,9.15,0
4862,18,2025-12-19,09:41,8.24,0
4863,15,2026-07-20,07:46,7.96,0
4864,11,2026-02-27,10:05,7.48,0
4865,7,2025-10-08,11:19,8.5,0
4866,3,2026-08-04,09:58,8.85,0
4867,6,2026-05-31,09:13,8.77,22
4868,16,2026-02-11,08:14,10.4,0
4869,4,2026-08-15,08:58,8.78,0
4870,5,2025-10-06,09:23,9.61,0
4871,16,2026-09-01,09:42,7.7,17
4872,16,2026-01-03,09:18,8.61,0
4873,18,2026-01-06,09:13,8.52,0
4874,9,2026-02-17,10:55,8.72,0
4875,11,2026-06-01,11:12,8.26,0
4876,4,2026-03-29,11:10,6.66,0
4877,1,2025-12-16,08:08,8.29,24
4878,8,2026-07-19,08:41,6.45,0
4879,11,2025-10-18,08:21,8.45,0
4880,10,2026-07-25,11:15,8.46,5
4881,8,2026-03-30,07:41,7.83,38
4882,5,2026-07-30,08:54,8.07,0
4883,23,2026-03-15,09:13,7.28,0
4884,9,2026-05-24,08:02,8.66,0
4885,20,2026-04-22,11:01,9.48,0
4886,9,2026-01-28,09:04,8.73,0
4887,10,2026-03-18,09:42,8.89,32
4888,21,2025-12-08,11:08,9.76,0
4889,2,2026-08-11,08:43,5.98,0
4890,2,2026-09-16,10:18,7.96,10
4891,2,2026-04-18,10:52,6.73,0
4892,16,2026-05-13,11:04,8.38,0
4893,12,2025-10-21,11:24,7.27,0
4894,4,2026-04-20,10:48,8.59,0
4895,7,2025-10-18,08:04,8.1,0
4896,15,2026-03-16,08:13,8.2,14
4897,3,2026-05-27,09:43,7.93,0
4898,12,2026-09-26,08:00,10.54,0
4899,23,2025-10-18,10:12,10.54,0
4900,20,2026-04-01,07:58,8.53,0
4901,12,2026-03-18,07:58,9.05,0
4902,19,2026-06-22,11:01,6.04,0
4903,1,2025-10-05,09:20,10.18,0
4904,19,2026-03-08,08:15,6.42,0
4905,22,2025-10-24,07:46,8.19,0
4906,12,2026-03-07,10:08,7.65,0
4907,19,2026-06-20,07:50,9.62,0
4908,6,2026-06-16,09:15,10.22,0
4909,1,2025-12-27,07:57,6.47,0
4910,19,2026-07-04,08:06,8.5,10
4911,18,2026-08-01,11:03,9.42,0
4912,10,2026-02-11,11:05,9.24,0
4913,24,2026-02-27,10:08,8.12,38
4914,17,2026-07-27,10:56,7.98,0
4915,19,2026-09-10,08:53,7.77,0
4916,6,2026-06-14,08:19,11.68,0
4917,6,2026-01-21,07:48,7.39,0
4918,10,2026-06-07,08:59,7.17,15
4919,23,2026-07-08,10:07,7.67,0
4920,3,2026-08-22,10:46,10.6,0
4921,22,2026-07-02,09:51,8.54,0
4922,14,2025-12-08,07:59,8.24,0
4923,4,2026-03-13,08:47,7.41,0
4924,8,2026-06-27,08:53,6.66,0
4925,23,2025-10-13,08:46,8.84,37
4926,23,2025-11-18,07:42,7.64,0
4927,25,2026-05-20,08:53,7.28,39
4928,10,2026-04-05,09:53,8.12,0
4929,11,2026-08-05,08:05,7.94,0
4930,16,2026-03-12,08:58,7.09,6
4931,18,2026-01-31,07:50,7.7,0
4932,20,2026-05-03,08:54,8.75,38
4933,17,2025-10-15,09:58,6.55,0
4934,5,2026-09-17,09:45,9.79,0
4935,4,2026-05-29,08:45,9.97,0
4936,23,2026-06-29,11:03,8.39,0
4937,16,2025-10-01,10:43,8.64,0
4938,25,2025-10-04,09:07,8.4,32
4939,1,2026-01-12,07:51,9.02,0
4940,8,2025-12-31,10:45,8.48,22
4941,18,2026-08-11,11:10,8.55,0
4942,7,2026-04-18,09:04,5.43,0
4943,4,2026-02-28,07:44,8.07,39
4944,14,2025-11-15,07:53,9.58,0
4945,12,2026-04-02,09:18,8.47,0
4946,20,2026-06-01,08:45,8.22,0
4947,8,2026-01-28,07:44,7.23,37
4948,13,2026-07-06,10:00,7.49,0
4949,22,2025-11-22,09:58,8.86,0
4950,14,2026-05-03,07:55,8.03,0
4951,4,2026-09-27,09:55,7.46,0
4952,6,2026-01-17,10:56,7.72,0
4953,21,2026-03-01,10:12,9.84,0
4954,14,2026-06-26,10:19,6.85,0
4955,9,2026-05-23,10:13,6.64,6
4956,1,2026-04-30,11:01,8.91,31
4957,15,2025-11-06,10:42,7.92,13
4958,2,2026-03-24,08:10,7.97,0
4959,3,2025-10-17,09:23,9.29,0
4960,21,2025-12-11,11:01,8.87,0
4961,25,2026-04-17,09:18,9.05,0
4962,16,2026-03-26,09:58,6.8,0
4963,17,2026-01-11,08:53,7.82,15
4964,11,2025-12-19,09:06,8.32,0
4965,12,2026-05-18,07:47,8.25,0
4966,10,2026-09-11,07:56,6.56,0
4967,20,2025-10-12,08:45,9.39,0
4968,12,2026-02-14,08:06,8.54,9
4969,8,2025-11-27,11:01,8.46,0
4970,6,2026-07-13,08:17,8.87,0
4971,13,2025-12-19,10:22,7.12,13
4972,9,2026-02-16,09:17,10.08,0
4973,18,2025-12-13,08:55,7.17,0
4974,20,2026-06-30,09:42,7.76,0
4975,25,2026-09-26,07:50,9.06,29
4976,15,2026-02-27,08:17,7.73,0
4977,15,2026-06-13,08:02,7.3,0
4978,17,2026-07-10,08:57,10.05,0
4979,7,2026-03-09,10:45,10.66,0
4980,16,2026-04-08,08:18,9.28,0
4981,25,2026-05-12,09:57,8.56,0
4982,2,2025-12-10,10:04,9.42,0
4983,25,2025-10-11,10:03,7.34,0
4984,11,2026-06-18,09:11,9.28,0
4985,9,2026-08-24,09:09,7.95,34
4986,24,2025-11-14,10:41,6.91,0
4987,1,2026-05-15,10:10,7.61,0
4988,24,2026-06-19,11:24,7.16,0
4989,21,2026-07-14,10:44,8.81,0
4990,15,2026-02-23,08:13,7.51,0
4991,2,2026-04-29,09:55,8.17,0
4992,12,2026-06-15,08:09,8.55,0
4993,25,2026-06-30,08:12,6.31,0
4994,12,2026-03-16,11:11,6.36,0
4995,17,2026-09-04,08:44,9.56,0
4996,2,2026-05-28,10:50,6.56,0
4997,6,2026-07-07,11:12,7.79,0
4998,7,2026-04-01,10:58,7.61,0
4999,10,2026-06-21,10:10,6.53,0
5000,21,2026-04-29,10:57,9.22,0
5001,12,2026-06-11,07:41,8.63,0
5002,23,2026-05-28,09:07,8.78,0
5003,23,2026-03-30,10:20,9.2,0
5004,22,2026-05-11,08:23,9.78,0
5005,19,2026-08-26,08:43,7.81,0
5006,7,2026-07-24,10:01,9.75,0
5007,18,2026-02-24,07:52,9.32,28
5008,21,2026-07-14,07:43,7.97,17
5009,6,2026-07-17,10:49,9.78,0
5010,15,2026-02-11,10:09,9.69,0
5011,7,2026-09-14,08:22,7.47,0
5012,14,2026-08-07,08:19,8.88,0
5013,1,2025-10-12,10:51,7.59,0
5014,15,2025-11-17,07:45,6.81,0
5015,4,2025-11-01,07:50,9.51,0
5016,9,2026-08-21,08:08,8.27,0
5017,25,2026-07-21,07:55,8.14,0
5018,13,2026-02-14,07:42,9.5,0
5019,20,2026-02-03,07:50,7.26,0
5020,23,2026-07-17,09:56,8.95,27
5021,11,2025-11-26,08:53,8.31,0
5022,12,2026-06-19,10:17,6.73,38
5023,15,2026-07-11,08:01,9.11,0
5024,20,2025-11-25,09:05,5.3,0
5025,17,2026-07-28,08:42,6.21,0
5026,7,2025-12-03,10:43,9.67,4
5027,8,2025-12-22,11:06,9.1,17
5028,22,2025-11-21,07:55,7.48,10
5029,19,2026-09-19,08:42,10.55,17
5030,3,2025-10-17,11:20,9.05,6
5031,17,2026-03-17,10:03,6.31,0
5032,25,2026-08-01,11:21,5.0,0
5033,21,2025-10-26,08:55,8.3,0
5034,25,2026-03-22,09:00,9.29,0
5035,25,2025-12-02,08:57,8.11,0
5036,8,2025-11-19,11:08,9.17,0
5037,22,2026-09-22,08:20,8.8,39
5038,4,2026-07-02,10:41,7.16,0
5039,15,2025-12-26,10:06,7.14,0
5040,15,2026-03-23,10:45,9.96,0
5041,21,2026-08-03,10:42,8.25,15
5042,5,2025-12-02,10:17,6.25,0
5043,15,2026-06-14,10:05,8.82,0
5044,17,2025-11-13,08:50,9.29,0
5045,18,2026-02-26,08:05,7.23,0
5046,1,2025-10-12,08:41,9.04,0
5047,2,2025-10-03,10:02,7.62,20
5048,4,2026-03-28,08:24,8.06,0
5049,6,2026-02-09,09:51,9.99,0
5050,18,2026-08-26,10:16,10.58,0
5051,11,2026-03-23,10:52,8.28,0
5052,10,2026-01-14,11:19,7.91,0
5053,21,2026-03-04,10:54,8.21,0
5054,2,2026-09-01,10:59,6.51,0
5055,24,2026-04-24,08:08,7.45,0
5056,7,2026-05-09,10:24,7.63,0
5057,15,2025-10-14,11:21,6.27,0
5058,21,2026-07-06,08:16,9.64,38
5059,7,2026-08-10,10:58,9.61,0
5060,16,2025-11-24,09:51,9.05,0
5061,5,2026-09-24,11:11,10.01,0
5062,1,2026-01-30,10:46,8.52,0
5063,24,2025-11-08,07:45,8.24,0
5064,25,2026-06-23,09:24,11.34,0
5065,13,2026-08-31,11:12,8.31,0
5066,16,2025-12-19,08:05,7.96,29
5067,10,2026-03-28,10:08,10.05,31
5068,6,2026-06-13,09:53,6.36,0
5069,1,2026-02-26,11:17,8.2,0
5070,16,2026-06-08,10:00,6.91,0
5071,5,2026-05-17,08:42,8.11,0
5072,4,2026-03-21,10:55,6.79,0
5073,17,2026-02-17,08:05,8.09,0
5074,8,2026-09-11,07:50,7.79,0
5075,4,2026-05-28,11:03,9.01,0
5076,21,2026-04-29,10:19,8.09,0
5077,22,2025-10-21,09:19,8.23,0
5078,3,2026-06-04,08:16,8.98,0
5079,24,2026-01-04,07:54,9.01,0
5080,15,2026-06-18,09:13,8.49,37
5081,2,2025-12-22,08:52,8.77,0
5082,5,2025-11-30,07:50,5.87,0
5083,23,2025-11-22,10:24,5.86,13
5084,3,2026-05-03,09:45,9.41,0
5085,22,2025-12-18,08:52,9.66,0
5086,11,2026-06-12,10:06,6.77,0
5087,7,2026-09-04,08:10,8.91,9
5088,20,2026-07-09,10:55,8.31,0
5089,9,2026-08-06,10:52,8.08,0
5090,5,2025-10-03,09:22,10.88,0
5091,6,2026-05-23,10:02,7.91,0
5092,5,2026-07-17,09:50,8.1,0
5093,21,2026-08-25,11:04,8.04,0
5094,13,2026-06-08,08:53,7.67,29
5095,24,2026-09-12,11:24,9.09,0
5096,8,2025-12-26,08:06,7.13,0
5097,13,2026-05-31,09:21,7.62,0
5098,5,2026-08-04,09:03,9.42,0
5099,25,2026-04-01,09:24,6.18,0
5100,9,2026-09-14,08:06,7.88,0
5101,14,2026-03-19,07:41,8.39,0
5102,25,2026-04-24,10:06,9.03,0
5103,13,2026-08-23,09:57,8.66,0
5104,1,2026-01-30,11:08,8.1,0
5105,24,2026-02-06,07:44,7.53,0
5106,7,2025-10-10,10:52,7.3,0
5107,18,2026-04-06,10:41,8.55,0
5108,12,2026-05-31,10:57,7.73,16
5109,4,2026-09-14,08:07,9.0,0
5110,14,2025-12-17,08:57,7.66,0
5111,18,2025-11-28,09:43,8.2,0
5112,6,2026-01-13,10:54,8.09,0
5113,14,2026-07-27,11:20,8.74,0
5114,18,2026-02-10,09:10,9.16,0
5115,22,2026-06-28,11:23,7.66,0
5116,22,2026-09-20,08:22,8.25,0
5117,7,2025-12-01,10:01,8.09,0
5118,16,2026-08-21,10:18,8.89,0
5119,9,2026-07-13,09:14,7.48,0
5120,3,2026-08-03,10:20,7.59,32
5121,5,2026-07-23,10:03,7.73,7
5122,13,2025-10-16,11:02,6.4,0
5123,23,2026-07-22,07:40,8.05,0
5124,6,2026-02-10,09:58,7.06,0
5125,21,2026-05-07,08:01,8.55,0
5126,17,2026-05-05,11:20,10.89,22
5127,10,2026-03-02,08:45,6.03,0
5128,2,2025-11-10,07:55,6.4,0
5129,1,2026-09-23,10:49,8.64,0
5130,3,2026-08-31,09:09,7.51,0
5131,16,2026-08-23,09:18,7.63,0
5132,13,2026-05-19,08:40,9.37,0
5133,1,2026-06-21,09:04,7.47,0
5134,25,2025-10-22,07:41,7.94,0
5135,18,2026-09-04,09:04,8.03,0
5136,21,2026-06-24,10:08,7.79,0
5137,21,2026-05-05,10:16,8.09,26
5138,10,2026-01-19,08:02,7.64,0
5139,23,2026-06-29,11:20,7.13,0
5140,19,2026-03-14,08:03,7.68,0
5141,11,2026-05-17,10:13,6.02,0
5142,24,2025-12-13,10:47,9.33,0
5143,21,2025-11-27,08:18,8.98,0
5144,19,2026-04-17,10:46,7.96,0
5145,11,2026-02-16,11:10,8.84,0
5146,18,2026-05-22,09:06,9.01,19
5147,11,2025-10-24,07:55,7.32,0
5148,3,2026-04-11,08:01,8.97,0
5149,1,2026-04-06,11:04,6.93,0
5150,6,2026-07-14,09:44,7.54,0
5151,12,2026-08-06,10:08,8.86,0
5152,20,2026-04-13,09:44,8.29,12
5153,13,2026-05-17,09:12,8.98,29
5154,17,2026-04-23,10:43,7.85,0
5155,14,2025-12-17,09:12,8.99,0
5156,9,2026-05-18,08:21,9.63,0
5157,4,2026-02-19,10:51,7.39,0
5158,1,2026-08-13,08:49,6.58,0
5159,13,2026-09-15,11:22,6.14,0
5160,9,2026-01-30,09:04,6.31,0
5161,14,2025-11-25,10:58,8.57,0
5162,11,2026-08-14,09:11,8.09,11
5163,5,2026-03-25,11:10,10.08,0
5164,9,2026-09-19,11:03,8.4,11
5165,8,2026-07-12,10:01,7.96,0
5166,24,2026-07-17,10:22,6.93,0
5167,18,2026-08-23,08:52,9.97,0
5168,18,2025-11-26,09:23,8.03,18
5169,15,2026-03-18,07:52,8.33,0
5170,10,2025-10-19,09:41,7.28,0
5171,8,2025-10-20,10:56,6.76,0
5172,12,2026-04-28,08:40,8.87,0
5173,2,2025-12-03,11:11,9.37,0
5174,12,2026-09-06,08:56,9.19,0
5175,23,2026-01-05,09:47,8.41,0
5176,9,2026-05-23,09:52,9.87,0
5177,20,2026-06-12,09:07,8.75,24
5178,24,2026-01-18,08:57,8.64,0
5179,23,2026-02-27,09:08,7.55,0
5180,6,2026-05-03,09:53,7.85,0
5181,3,2026-07-23,10:13,8.47,0
5182,4,2026-06-14,10:20,9.69,0
5183,9,2026-04-14,10:15,7.52,22
5184,5,2025-12-14,08:44,9.89,0
5185,15,2026-06-21,08:51,6.61,0
5186,1,2026-08-06,08:14,8.39,13
5187,12,2025-12-11,10:20,9.83,0
5188,2,2025-11-12,10:18,8.3,0
5189,16,2026-09-27,10:17,9.47,0
5190,10,2026-03-19,09:53,8.83,33
5191,20,2026-01-23,10:50,8.95,0
5192,10,2026-01-25,08:48,9.59,0
5193,19,2025-12-06,07:42,8.79,0
5194,12,2026-09-19,08:01,7.27,0
5195,17,2026-07-09,09:03,7.69,0
5196,9,2026-05-05,09:09,7.09,0
5197,4,2026-07-03,09:44,9.31,0
5198,19,2026-02-02,09:20,7.0,19
5199,7,2026-06-21,08:04,8.65,0
5200,18,2026-06-11,08:22,7.39,0
5201,7,2026-03-10,09:24,7.25,6
5202,13,2026-08-06,09:46,8.54,15
5203,23,2026-09-01,09:13,7.72,0
5204,12,2025-11-03,08:19,8.71,0
5205,7,2026-02-03,09:22,7.27,0
5206,7,2026-01-22,08:05,8.77,0
5207,17,2026-07-31,09:58,7.42,0
5208,15,2026-02-17,08:16,7.92,0
5209,17,2026-06-10,07:58,7.89,7
5210,1,2026-05-19,08:08,8.08,0
5211,13,2026-02-01,08:09,8.0,0
5212,4,2026-01-04,10:40,7.52,0
5213,17,2026-01-03,10:51,7.57,0
5214,22,2026-06-25,10:12,8.07,0
5215,19,2026-09-22,11:06,9.61,34
5216,15,2026-01-14,07:43,8.13,0
5217,14,2026-09-06,07:52,7.91,0
5218,5,2025-11-21,11:06,7.93,0
5219,20,2026-08-20,10:19,7.95,0
5220,25,2026-08-15,11:12,6.58,0
5221,19,2026-06-17,09:03,9.16,0
5222,22,2026-06-02,09:55,8.23,0
5223,7,2026-09-11,10:54,8.85,0
5224,2,2026-06-22,10:51,9.2,0
5225,6,2026-08-14,09:40,9.87,0
5226,12,2026-01-16,09:11,7.52,0
5227,16,2026-09-22,09:40,8.33,0
5228,15,2026-06-06,10:51,8.05,0
5229,17,2026-09-11,09:51,6.54,0
5230,3,2025-10-07,09:22,8.95,0
5231,21,2026-09-03,08:04,8.39,28
5232,7,2026-07-30,10:46,8.29,0
5233,19,2026-03-02,07:56,8.31,20
5234,2,2026-08-16,09:08,6.78,0
5235,20,2026-01-17,09:04,5.55,0
5236,21,2026-07-06,07:41,9.02,0
5237,9,2025-12-10,11:15,8.64,0
5238,2,2026-09-07,09:15,8.66,8
5239,16,2026-08-22,08:07,8.42,0
5240,11,2026-02-13,11:03,9.28,0
5241,10,2026-03-25,09:56,6.44,0
5242,11,2025-12-12,07:52,6.88,0
5243,2,2026-08-05,08:13,8.19,25
5244,13,2026-03-02,11:05,9.1,0
5245,19,2026-05-23,09:18,9.45,0
5246,16,2026-03-15,10:02,10.89,0
5247,25,2026-05-30,08:45,6.86,0
5248,22,2026-02-24,09:50,7.82,0
5249,24,2026-02-24,09:04,7.03,0
5250,24,2025-11-03,09:10,10.33,0
5251,13,2026-06-16,11:15,8.35,0
5252,25,2025-11-21,09:14,8.36,29
5253,3,2026-09-03,08:44,8.3,0
5254,1,2026-07-28,10:53,5.82,0
5255,12,2026-07-09,09:56,8.8,0
5256,20,2026-08-16,08:54,8.56,0
5257,16,2026-08-30,08:11,7.41,0
5258,15,2026-04-04,08:52,9.84,0
5259,16,2026-03-01,09:14,7.64,9
5260,21,2025-11-04,10:00,6.4,0
5261,24,2026-08-09,08:47,9.25,0
5262,20,2025-12-12,09:10,7.95,12
5263,12,2026-06-03,08:17,7.45,0
5264,7,2026-01-31,10:11,9.32,7
5265,14,2026-05-20,09:02,8.0,39
5266,22,2026-05-29,10:21,6.89,0
5267,9,2026-07-20,09:05,6.94,0
5268,8,2025-11-29,11:22,6.99,0
5269,8,2026-02-25,09:42,7.87,0
5270,24,2026-05-08,07:45,7.94,9
5271,2,2026-05-03,10:44,9.51,0
5272,23,2026-04-30,09:59,8.5,27
5273,21,2026-01-01,09:57,8.83,0
5274,16,2026-01-21,09:41,8.41,0
5275,2,2026-04-11,10:53,7.87,0
5276,22,2026-05-26,10:02,10.16,0
5277,8,2025-10-02,10:58,7.46,0
5278,14,2026-01-13,08:06,8.24,0
5279,19,2026-03-11,07:56,10.51,0
5280,9,2026-01-14,11:02,6.43,0
5281,13,2026-02-01,10:13,8.88,0
5282,1,2025-11-03,10:55,8.74,0
5283,24,2026-04-06,10:11,9.21,11
5284,7,2026-01-22,08:53,8.28,34
5285,7,2026-05-15,10:56,6.14,0
5286,25,2026-01-22,07:57,7.87,21
5287,10,2026-06-18,11:22,6.92,0
5288,21,2026-09-10,10:20,9.23,0
5289,23,2026-08-25,08:43,9.64,22
5290,2,2025-11-29,11:05,6.61,0
5291,17,2025-10-02,09:50,7.64,0
5292,9,2026-03-01,09:58,7.2,0
5293,21,2026-07-07,07:59,6.52,0
5294,9,2026-01-23,08:47,6.82,0
5295,4,2026-09-07,09:13,8.92,0
5296,18,2026-08-10,09:51,7.67,0
5297,15,2026-09-25,07:53,6.99,0
5298,2,2026-06-01,10:02,6.72,0
5299,18,2025-12-24,10:17,7.96,0
5300,17,2026-08-11,11:03,8.11,20
5301,17,2026-09-10,08:11,7.83,0
5302,6,2026-05-23,11:23,9.83,0
5303,9,2026-03-06,09:10,8.35,0
5304,1,2026-03-19,08:07,8.52,0
5305,8,2026-06-27,09:08,6.82,0
5306,18,2025-10-26,08:11,9.47,0
5307,1,2026-09-12,11:17,6.65,0
5308,20,2026-04-15,09:19,8.18,0
5309,13,2026-07-23,09:59,9.48,10
5310,16,2026-03-22,09:58,9.25,0
5311,17,2025-12-08,11:14,7.14,0
5312,13,2026-05-17,09:01,8.98,0
5313,6,2026-06-12,08:17,8.0,0
5314,14,2026-03-11,11:06,9.76,0
5315,18,2026-01-19,09:11,9.74,0
5316,5,2026-02-20,09:18,8.3,34
5317,23,2026-02-28,09:56,7.27,0
5318,18,2026-08-09,09:09,9.17,0
5319,24,2025-11-23,07:41,8.4,0
5320,15,2026-02-18,10:47,9.05,0
5321,4,2026-04-09,10:46,7.36,0
5322,8,2026-06-13,08:51,6.81,0
5323,5,2026-06-22,10:55,9.3,26
5324,20,2025-11-03,11:15,7.55,28
5325,1,2026-05-17,08:47,7.05,0
5326,15,2025-12-26,07:44,7.18,0
5327,3,2026-09-07,11:05,5.12,0
5328,5,2026-01-31,10:01,9.05,21
5329,25,2025-11-18,08:53,7.86,36
5330,7,2025-10-03,11:06,8.33,0
5331,25,2026-03-16,11:04,9.09,0
5332,12,2025-12-18,10:49,9.32,0
5333,9,2026-04-20,08:05,9.01,0
5334,13,2026-05-27,10:11,8.12,0
5335,10,2026-02-18,07:46,8.0,0
5336,6,2026-08-02,08:17,8.27,0
5337,23,2026-04-04,11:05,8.34,0
5338,17,2026-06-24,10:12,7.85,0
5339,1,2026-08-20,08:41,7.38,5
5340,1,2025-11-18,11:16,9.79,0
5341,21,2026-03-11,09:50,8.73,0
5342,2,2025-12-02,10:09,7.41,0
5343,2,2025-10-15,10:47,8.59,0
5344,9,2025-11-30,08:57,9.44,0
5345,22,2026-07-02,10:16,9.16,0
5346,15,2025-10-20,11:21,7.79,0
5347,7,2026-07-07,10:01,8.84,4
5348,8,2026-08-20,09:10,8.17,11
5349,23,2026-06-25,08:48,7.32,0
5350,15,2026-09-19,11:24,8.07,0
5351,25,2025-11-01,08:20,8.0,0
5352,2,2026-09-16,07:55,9.23,0
5353,1,2025-12-10,11:00,7.55,0
5354,10,2025-12-27,10:19,7.66,0
5355,8,2025-12-12,10:06,5.94,0
5356,21,2026-06-18,09:16,8.64,0
5357,17,2026-01-23,09:55,7.96,0
5358,6,2025-12-16,07:58,8.05,0
5359,15,2026-07-16,10:18,8.45,22
5360,1,2026-04-08,08:10,10.03,0
5361,18,2026-07-02,09:09,6.82,0
5362,23,2026-03-18,08:43,9.17,0
5363,19,2026-02-24,08:22,10.59,0
5364,1,2026-07-03,09:19,7.19,0
5365,24,2025-10-08,10:57,7.56,0
5366,25,2026-06-24,10:17,8.36,0
5367,18,2026-03-07,09:13,8.88,0
5368,6,2026-03-08,08:08,7.79,0
5369,13,2026-05-30,11:03,9.49,0
5370,14,2026-09-26,09:22,9.2,0
5371,1,2026-09-02,08:24,10.36,0
5372,4,2026-09-01,10:08,6.85,0
5373,9,2025-11-22,08:06,9.15,0
5374,11,2026-03-02,11:14,6.23,0
5375,20,2025-10-29,10:50,8.26,0
5376,7,2026-05-06,08:12,6.64,0
5377,25,2026-07-09,10:47,9.52,0
5378,15,2026-09-19,10:41,8.23,0
5379,14,2026-06-03,11:16,7.8,0
5380,18,2025-11-20,08:46,9.12,25
5381,14,2025-12-14,10:02,8.35,37
5382,3,2026-08-06,08:01,9.63,0
5383,8,2026-08-21,11:14,7.17,0
5384,18,2026-08-27,09:06,9.21,0
5385,22,2025-12-16,11:09,8.47,0
5386,10,2026-04-22,09:41,7.16,0
5387,10,2026-03-27,09:50,8.48,30
5388,22,2026-07-26,09:43,9.29,3
5389,19,2026-07-19,07:52,7.51,0
5390,22,2026-07-06,10:54,6.66,0
5391,10,2025-11-23,10:09,8.35,0
5392,1,2025-11-21,11:05,10.36,0
5393,8,2026-06-08,09:54,7.71,0
5394,17,2026-05-20,11:14,5.42,13
5395,15,2026-04-27,08:43,8.11,0
5396,4,2026-03-02,07:53,6.37,0
5397,11,2026-06-08,08:47,9.46,36
5398,6,2025-12-26,11:04,9.33,0
5399,24,2026-03-09,09:22,7.8,0
5400,4,2026-05-23,10:17,8.22,5
5401,20,2026-03-31,10:23,8.75,0
5402,21,2026-09-12,11:03,11.58,0
5403,16,2026-05-27,10:48,8.05,0
5404,10,2026-06-01,09:48,10.4,0
5405,9,2025-12-17,09:21,7.19,0
5406,16,2026-02-23,07:51,7.76,19
5407,4,2026-08-30,09:06,6.2,0
5408,23,2026-09-16,10:20,7.53,0
5409,3,2026-05-31,10:54,7.01,0
5410,2,2026-09-09,07:50,6.75,0
5411,11,2026-07-10,10:42,8.08,0
5412,2,2026-09-22,08:22,7.06,0
5413,11,2026-04-24,10:23,9.22,0
5414,16,2026-07-20,11:01,7.01,12
5415,15,2025-12-25,09:04,7.91,0
5416,5,2026-03-12,11:20,7.97,0
5417,17,2026-09-07,11:13,7.97,0
5418,15,2026-06-22,10:00,8.25,0
5419,7,2025-11-15,10:05,9.34,0
5420,22,2025-12-25,09:49,9.44,0
5421,23,2026-02-15,10:16,8.26,0
5422,22,2026-06-11,11:01,8.31,0
5423,21,2026-05-08,09:02,8.17,0
5424,11,2026-04-01,07:47,9.22,19
5425,17,2026-01-25,09:58,9.68,0
5426,2,2026-03-06,09:57,8.0,0
5427,11,2026-03-08,09:18,9.69,12
5428,14,2026-02-19,07:52,6.26,0
5429,11,2026-04-11,11:17,7.46,0
5430,15,2026-03-07,10:46,8.83,0
5431,20,2026-08-18,08:08,8.81,0
5432,19,2026-01-28,10:12,8.09,34
5433,1,2026-06-21,10:40,6.88,0
5434,4,2026-07-31,07:54,7.87,0
5435,17,2026-06-25,09:05,8.77,0
5436,5,2026-06-18,08:46,8.14,0
5437,5,2025-12-15,08:45,8.2,0
5438,2,2026-07-10,09:18,9.52,0
5439,22,2025-12-13,11:03,8.17,0
5440,3,2026-01-27,10:46,9.18,0
5441,8,2026-04-03,07:45,9.36,0
5442,17,2026-04-24,07:53,7.72,0
5443,17,2026-08-05,11:08,8.37,0
5444,14,2026-08-19,11:17,7.26,0
5445,19,2026-04-09,09:22,9.5,0
5446,13,2026-08-24,11:07,6.83,0
5447,6,2026-06-25,10:24,8.87,0
5448,17,2026-04-15,10:40,8.07,0
5449,21,2025-10-26,10:24,5.81,0
5450,8,2026-01-30,07:52,7.15,0
5451,12,2026-05-02,09:10,7.62,5
5452,1,2026-07-28,09:07,7.27,0
5453,4,2025-12-01,08:49,8.2,0
5454,13,2026-09-17,08:06,6.46,0
5455,15,2026-04-10,08:04,9.42,0
5456,25,2026-03-09,09:06,7.25,0
5457,23,2026-05-06,09:06,9.45,0
5458,7,2026-05-27,11:12,8.93,0
5459,3,2025-12-09,09:09,7.45,0
5460,1,2025-12-29,10:56,6.95,0
5461,12,2026-04-09,10:03,6.5,0
5462,15,2026-01-08,10:15,8.28,7
5463,21,2025-10-16,10:21,6.09,0
5464,18,2025-11-03,09:58,8.77,0
5465,23,2026-08-01,10:23,6.74,0
5466,17,2025-11-11,10:46,8.31,0
5467,11,2026-02-17,10:00,9.46,0
5468,7,2025-11-01,10:48,8.61,0
5469,8,2026-05-18,09:42,6.1,16
5470,15,2025-12-04,07:40,8.52,24
5471,22,2026-08-05,09:41,8.1,0
5472,12,2026-03-29,08:41,9.35,0
5473,14,2026-01-09,08:23,6.62,0
5474,18,2026-06-26,10:18,8.11,13
5475,13,2026-07-31,09:05,8.47,19
5476,12,2026-05-12,11:21,6.5,0
5477,17,2026-03-13,08:18,9.47,31
5478,16,2026-02-23,11:06,5.88,0
5479,6,2026-03-20,09:42,6.99,0
5480,21,2026-08-21,08:41,7.47,0
5481,20,2026-09-03,08:46,9.91,0
5482,14,2026-07-02,07:48,9.3,0
5483,6,2026-02-04,08:17,6.33,0
5484,1,2026-03-07,09:00,7.06,0
5485,23,2026-01-22,10:21,9.46,0
5486,7,2026-07-05,09:49,7.02,0
5487,10,2026-09-12,10:15,9.3,0
5488,6,2026-02-04,09:11,10.66,0
5489,2,2026-07-28,11:23,9.39,0
5490,10,2025-12-23,08:14,6.43,0
5491,1,2026-08-27,09:13,9.54,7
5492,15,2025-10-15,10:46,9.46,14
5493,20,2026-03-30,11:10,8.86,0
5494,19,2026-04-10,10:12,7.51,0
5495,3,2026-09-04,07:46,8.3,0
5496,1,2026-05-19,09:23,6.59,0
5497,17,2026-07-26,10:11,10.15,0
5498,7,2026-07-02,07:42,6.5,0
5499,6,2026-05-04,09:43,6.74,0
5500,21,2026-09-25,08:21,6.52,0
5501,21,2026-07-21,10:05,7.31,0
5502,24,2026-09-18,11:21,10.42,0
5503,15,2026-04-04,08:59,9.29,0
5504,8,2026-08-18,08:16,9.24,0
5505,1,2025-11-19,10:51,7.06,8
5506,25,2026-08-16,08:48,8.2,0
5507,23,2026-01-17,10:01,7.36,0
5508,14,2026-02-03,08:43,10.41,0
5509,9,2025-10-11,10:19,9.24,0
5510,18,2026-05-13,11:06,9.1,0
5511,11,2026-01-28,09:45,10.05,14
5512,10,2026-02-14,10:02,8.81,0
5513,2,2026-02-06,11:05,9.91,0
5514,18,2025-11-10,08:50,7.81,0
5515,1,2026-01-22,10:02,7.53,0
5516,4,2026-09-21,11:21,9.82,0
5517,4,2026-06-13,10:15,8.34,0
5518,19,2026-04-30,10:52,7.24,6
5519,3,2026-08-16,07:46,10.56,0
5520,19,2026-07-27,10:17,7.66,0
5521,25,2026-03-26,09:41,10.73,0
5522,3,2026-03-29,08:09,5.95,0
5523,5,2026-05-01,10:17,7.55,0
5524,22,2026-03-02,08:43,7.55,0
5525,18,2026-09-14,08:19,9.23,0
5526,19,2026-05-08,11:18,7.1,0
5527,3,2026-01-04,09:44,8.99,35
5528,7,2025-12-03,11:20,9.03,0
5529,6,2026-05-14,09:10,7.69,0
5530,25,2026-05-02,10:50,7.61,0
5531,22,2026-01-20,08:21,9.73,0
5532,1,2026-01-08,09:56,9.07,9
5533,13,2026-09-13,09:44,7.56,0
5534,5,2026-07-13,10:00,8.2,0
5535,3,2026-06-03,10:23,7.99,15
5536,16,2026-06-08,11:03,7.86,0
5537,3,2026-03-17,09:09,9.02,26
5538,13,2026-05-25,11:10,6.51,0
5539,16,2026-07-06,09:41,8.76,0
5540,21,2026-06-10,09:20,7.89,0
5541,8,2026-01-23,11:18,7.48,0
5542,23,2026-09-24,09:51,7.33,0
5543,22,2026-05-19,07:54,9.19,0
5544,2,2026-04-02,11:24,8.48,18
5545,22,2026-03-21,10:51,8.23,31
5546,2,2026-09-08,10:40,8.52,0
5547,13,2025-12-25,09:05,6.64,0
5548,16,2026-05-01,11:15,8.23,0
5549,16,2026-06-22,09:53,7.24,0
5550,21,2026-04-20,09:49,8.25,0
5551,2,2026-07-07,08:51,9.76,13
5552,17,2025-10-31,10:20,8.66,0
5553,21,2026-07-05,11:10,8.13,0
5554,18,2025-10-28,10:50,9.21,24
5555,13,2026-08-29,11:08,6.88,0
5556,13,2026-04-14,08:50,8.85,0
5557,11,2026-03-12,11:05,9.18,0
5558,1,2026-04-05,07:45,8.91,0
5559,21,2026-05-28,09:16,7.21,0
5560,8,2025-11-10,11:14,8.45,0
5561,15,2026-02-12,09:06,8.7,27
5562,6,2025-11-09,08:49,7.25,0
5563,17,2025-10-30,10:45,7.58,35
5564,21,2025-11-18,08:51,9.06,0
5565,3,2025-10-17,10:49,8.75,0
5566,16,2026-05-19,10:53,8.78,0
5567,22,2026-09-05,09:13,8.32,0
5568,6,2026-07-23,09:10,9.24,0
5569,11,2025-11-27,09:56,11.32,0
5570,12,2025-11-24,11:07,8.93,0
5571,7,2026-05-31,09:18,7.89,0
5572,23,2026-07-12,08:41,9.38,0
5573,1,2026-06-03,09:18,9.16,0
5574,10,2026-09-18,09:43,7.55,0
5575,17,2026-06-29,09:10,7.6,13
5576,19,2026-08-12,09:52,7.37,0
5577,6,2026-08-13,11:01,7.8,0
5578,22,2026-06-03,08:57,11.31,0
5579,10,2026-02-03,08:55,9.95,3
5580,21,2026-04-01,09:54,5.92,0
5581,15,2026-08-24,09:59,8.12,0
5582,6,2026-06-14,08:59,8.85,17
5583,17,2026-02-04,09:16,8.36,0
5584,24,2025-10-28,08:54,7.48,0
5585,18,2026-01-08,09:49,7.26,0
5586,18,2025-10-05,11:09,8.34,0
5587,25,2026-06-03,11:05,9.91,30
5588,19,2025-12-13,10:12,6.38,0
5589,25,2026-02-22,07:53,8.43,0
5590,10,2026-06-23,10:13,10.21,0
5591,14,2026-01-16,11:09,7.79,0
5592,9,2026-04-04,11:00,9.48,0
5593,1,2025-10-18,11:17,8.3,0
5594,23,2026-08-04,09:51,9.25,0
5595,13,2026-06-06,09:22,7.8,0
5596,25,2026-08-10,07:51,8.58,0
5597,19,2026-02-11,10:12,6.69,0
5598,4,2025-10-01,10:10,10.33,0
5599,12,2026-05-13,10:45,8.53,34
5600,19,2026-09-17,11:22,6.73,8
5601,14,2026-05-16,10:23,6.34,37
5602,24,2026-08-12,11:12,7.18,0
5603,16,2026-05-11,08:18,8.6,0
5604,13,2026-07-03,08:42,9.03,0
5605,3,2026-05-05,07:51,9.16,0
5606,13,2026-01-02,07:46,9.71,0
5607,4,2026-08-29,11:23,8.01,0
5608,25,2026-04-12,08:07,7.35,0
5609,12,2026-03-28,08:00,8.77,32
5610,17,2026-01-17,10:20,8.35,0
5611,2,2025-11-04,07:52,8.34,0
5612,1,2025-10-01,10:18,9.05,21
5613,18,2026-03-01,11:17,8.87,0
5614,12,2025-11-21,10:20,8.88,17
5615,6,2026-09-20,07:54,9.25,29
5616,20,2025-10-23,10:06,10.64,20
5617,21,2026-03-19,08:04,8.3,0
5618,17,2026-06-16,09:08,8.33,0
5619,20,2025-10-19,10:48,7.28,18
5620,15,2026-06-15,09:05,10.42,0
5621,3,2026-04-16,10:05,9.51,21
5622,6,2026-05-26,10:55,7.72,39
5623,9,2026-04-17,08:18,8.66,0
5624,25,2025-12-01,09:45,9.22,0
5625,23,2026-07-18,08:50,7.0,0
5626,19,2025-11-07,10:57,9.66,39
5627,6,2026-01-21,10:46,8.09,0
5628,25,2026-06-10,09:14,8.41,0
5629,7,2026-04-10,08:46,7.67,0
5630,12,2026-09-26,09:00,7.08,34
5631,11,2025-12-01,11:18,6.59,0
5632,14,2026-01-11,07:43,10.32,0
5633,15,2025-11-19,11:02,7.2,8
5634,1,2026-08-23,09:43,6.9,7
5635,7,2025-12-23,07:41,8.08,0
5636,19,2026-07-15,11:11,7.23,0
5637,11,2026-06-12,07:47,8.13,0
5638,12,2026-05-10,11:11,6.42,0
5639,13,2026-09-23,10:46,6.34,0
5640,11,2026-05-04,08:41,8.93,31
5641,24,2026-08-22,11:10,7.12,0
5642,15,2026-03-04,09:48,8.64,0
5643,19,2025-11-05,08:54,7.39,0
5644,7,2026-06-05,09:46,7.11,0
5645,10,2026-05-27,08:49,8.11,0
5646,25,2026-04-07,09:23,8.26,0
5647,4,2026-04-12,11:14,9.24,0
5648,9,2026-01-30,09:13,8.11,0
5649,8,2025-10-17,10:14,7.85,16
5650,15,2026-02-17,11:22,6.72,27
5651,23,2025-12-10,08:47,8.11,0
5652,1,2026-04-17,09:20,8.2,14
5653,5,2026-05-05,08:10,8.83,0
5654,5,2026-04-01,11:00,9.18,0
5655,9,2025-10-28,08:47,8.44,0
5656,8,2026-08-13,09:10,8.85,22
5657,20,2026-05-03,09:06,8.58,0
5658,14,2026-04-30,08:40,7.93,0
5659,9,2026-03-04,10:17,8.14,12
5660,8,2026-05-07,09:48,8.09,27
5661,5,2026-04-27,11:19,8.12,0
5662,15,2026-02-02,08:13,7.18,0
5663,14,2026-05-24,10:47,6.56,34
5664,1,2026-02-18,09:15,8.5,0
5665,7,2026-08-30,08:47,9.06,23
5666,17,2026-08-30,09:06,6.83,0
5667,15,2026-01-21,09:08,8.04,0
5668,13,2025-10-08,11:18,10.3,0
5669,1,2026-06-15,10:11,8.92,0
5670,15,2025-11-11,11:23,4.51,0
5671,12,2026-06-28,10:49,8.65,7
5672,8,2026-08-21,09:08,8.98,0
5673,3,2025-12-05,11:20,8.82,10
5674,16,2026-08-28,08:40,8.91,0
5675,2,2026-04-14,07:46,9.47,0
5676,12,2026-04-03,07:48,8.05,0
5677,3,2026-08-05,08:55,7.67,29
5678,21,2026-08-20,09:59,7.26,8
5679,3,2025-11-04,11:15,8.45,0
5680,24,2025-11-19,08:16,9.84,0
5681,2,2025-12-05,09:43,8.08,39
5682,9,2026-07-31,08:19,8.81,0
5683,2,2026-06-11,08:44,9.06,0
5684,10,2025-12-19,08:45,8.11,0
5685,6,2025-11-01,09:23,8.64,0
5686,20,2026-09-10,09:54,8.08,0
5687,4,2026-05-30,11:00,9.61,0
5688,11,2026-06-08,09:17,6.92,0
5689,8,2025-10-31,11:00,9.65,31
5690,12,2026-04-09,07:41,7.91,0
5691,3,2025-10-19,10:53,9.24,0
5692,12,2026-05-31,10:24,7.93,0
5693,18,2026-01-14,08:17,8.72,0
5694,19,2025-10-04,09:22,8.26,0
5695,25,2026-06-26,11:09,7.58,0
5696,3,2026-02-06,09:15,7.65,0
5697,25,2026-03-04,08:05,9.38,0
5698,7,2026-05-05,10:56,8.43,0
5699,23,2025-11-12,10:24,10.13,0
5700,5,2026-09-06,08:00,8.54,0
5701,10,2026-08-01,09:09,10.34,0
5702,4,2025-12-23,08:19,7.47,0
5703,24,2026-08-18,10:47,8.39,0
5704,8,2026-02-05,10:00,8.56,0
5705,25,2026-09-22,07:40,9.09,0
5706,24,2026-05-28,10:09,9.15,0
5707,24,2026-02-01,09:55,10.36,0
5708,4,2025-10-19,11:19,5.69,0
5709,4,2025-12-24,11:22,9.12,23
5710,24,2025-11-14,08:43,7.47,0
5711,11,2026-01-24,09:14,8.27,0
5712,17,2025-11-28,10:03,7.7,34
5713,4,2026-03-16,11:07,8.72,0
5714,10,2026-09-10,08:42,9.19,0
5715,11,2025-11-27,08:08,8.52,0
5716,9,2026-03-23,09:21,9.21,0
5717,12,2026-09-06,07:54,6.56,0
5718,23,2025-11-28,08:18,8.14,0
5719,1,2026-03-13,08:10,9.1,0
5720,1,2026-02-27,08:22,8.25,0
5721,23,2026-02-25,10:48,9.14,28
5722,5,2026-08-05,09:17,7.8,35
5723,12,2026-03-22,09:48,6.97,0
5724,1,2026-05-07,10:00,9.43,0
5725,5,2026-01-28,08:12,8.44,0
5726,18,2025-12-13,09:52,6.09,0
5727,21,2026-06-01,09:01,8.62,0
5728,20,2026-03-14,10:59,8.88,0
5729,9,2025-12-14,11:01,7.77,0
5730,25,2026-07-23,08:58,7.33,0
5731,18,2026-01-01,09:15,7.71,22
5732,7,2026-09-17,09:44,8.85,0
5733,11,2026-05-27,11:04,6.36,0
5734,18,2026-09-25,07:52,7.28,0
5735,16,2025-11-22,10:03,8.64,0
5736,8,2026-03-25,09:07,9.19,0
5737,20,2025-11-27,07:54,8.63,0
5738,7,2025-11-27,08:16,7.99,0
5739,19,2026-08-10,08:47,8.19,0
5740,23,2025-11-24,07:43,8.09,0
5741,8,2026-06-28,07:49,6.91,39
5742,2,2026-03-26,11:00,9.49,0
5743,4,2025-10-29,08:56,8.0,0
5744,25,2026-05-19,07:48,7.53,29
5745,21,2026-05-28,08:59,6.65,0
5746,20,2026-01-12,08:02,8.17,0
5747,4,2026-04-01,10:58,7.43,0
5748,1,2026-06-16,09:06,7.65,0
5749,6,2026-01-29,08:44,6.97,0
5750,25,2026-03-07,07:42,9.36,0
5751,14,2026-06-30,07:40,8.66,0
5752,25,2026-01-31,10:51,7.69,0
5753,8,2026-09-04,09:09,8.32,38
5754,3,2026-05-31,08:23,6.64,35
5755,15,2026-06-04,08:41,9.46,0
5756,4,2026-03-22,08:23,7.24,0
5757,3,2025-12-11,09:05,8.09,0
5758,1,2025-12-09,09:21,6.17,0
5759,15,2026-02-11,07:56,8.34,0
5760,15,2026-08-08,10:17,7.7,0
5761,9,2026-01-10,07:57,8.05,0
5762,5,2025-11-16,10:10,7.18,0
5763,22,2026-03-22,10:54,9.89,0
5764,20,2026-02-13,11:10,7.45,0
5765,10,2026-09-27,08:58,10.36,26
5766,17,2026-07-05,08:23,6.46,18
5767,16,2026-04-29,11:11,8.1,20
5768,15,2026-01-01,09:12,8.11,0
5769,23,2026-05-06,11:19,7.4,23
5770,25,2026-04-02,07:46,8.33,0
5771,11,2026-07-07,10:10,7.98,0
5772,20,2025-11-12,10:18,6.98,0
5773,4,2026-08-02,08:07,8.96,0
5774,17,2025-10-14,11:03,7.78,0
5775,7,2026-01-31,11:19,7.13,20
5776,1,2025-10-17,07:54,6.43,0
5777,12,2026-04-25,08:16,8.24,0
5778,18,2026-03-28,11:23,8.89,30
5779,8,2026-06-25,09:51,9.42,28
5780,22,2025-10-17,10:07,7.79,34
5781,24,2025-11-25,10:01,10.52,0
5782,22,2026-03-04,11:06,9.57,0
5783,19,2025-10-21,07:59,9.32,0
5784,20,2025-11-07,10:06,8.15,36
5785,23,2025-12-12,10:40,7.62,0
5786,22,2026-05-23,11:17,6.59,27
5787,9,2025-10-05,10:59,9.88,0
5788,2,2025-10-06,09:16,9.53,28
5789,17,2026-07-14,08:54,8.62,0
5790,9,2026-03-25,11:07,9.01,0
5791,7,2025-12-17,08:40,7.69,0
5792,25,2026-03-06,09:11,7.09,0
5793,1,2025-11-29,10:42,6.1,0
5794,7,2026-03-09,10:00,7.71,0
5795,15,2026-03-09,09:23,7.06,0
5796,6,2025-12-04,11:14,7.45,0
5797,15,2025-10-08,08:53,7.48,0
5798,7,2026-05-14,10:13,7.92,0
5799,6,2026-03-25,08:49,9.0,0
5800,12,2026-02-11,11:24,7.81,0
5801,8,2026-04-03,10:49,10.2,0
5802,17,2026-07-04,10:23,9.41,0
5803,21,2025-11-12,10:54,10.45,0
5804,13,2025-10-10,09:55,8.55,0
5805,14,2025-10-30,07:59,9.09,0
5806,23,2026-06-17,10:04,9.81,0
5807,19,2026-03-28,10:10,10.03,0
5808,1,2025-10-17,10:11,8.3,0
5809,21,2025-10-22,10:03,8.87,34
5810,8,2026-04-25,08:54,7.78,0
5811,12,2026-03-04,08:19,9.17,0
5812,12,2025-11-28,11:17,6.16,0
5813,17,2025-10-09,08:08,9.99,38
5814,13,2026-03-24,08:00,7.95,0
5815,9,2026-05-19,07:53,9.67,21
5816,25,2026-07-15,08:00,7.47,0
5817,12,2026-02-25,10:57,8.48,0
5818,4,2026-05-07,10:42,8.92,0
5819,23,2026-02-24,10:13,6.99,0
5820,17,2026-03-11,09:51,8.45,0
5821,17,2026-02-21,09:08,8.56,0
5822,5,2026-07-03,10:21,7.3,0
5823,16,2026-01-18,11:05,8.98,0
5824,3,2026-07-08,09:21,7.71,0
5825,22,2026-08-10,10:06,5.25,0
5826,7,2025-11-08,08:07,8.77,0
5827,4,2026-03-13,09:03,8.08,22
5828,4,2026-07-05,10:22,7.53,0
5829,20,2026-06-29,09:13,7.69,27
5830,12,2025-11-20,07:50,10.34,0
5831,7,2026-08-21,07:44,8.14,32
5832,12,2025-12-04,11:04,10.43,0
5833,8,2026-03-18,10:52,6.49,0
5834,16,2026-08-21,08:05,7.8,0
5835,17,2026-09-03,10:14,10.47,32
5836,3,2026-04-02,08:17,7.26,0
5837,24,2026-07-05,07:42,7.19,0
5838,21,2025-12-05,08:55,6.96,0
5839,22,2026-06-10,09:50,6.48,0
5840,8,2026-07-23,08:46,8.54,20
5841,1,2025-11-30,09:53,8.19,0
5842,6,2026-03-24,08:14,9.57,0
5843,17,2025-10-23,09:10,7.28,27
5844,1,2026-05-24,09:09,6.58,24
5845,17,2026-06-12,10:50,7.0,0
5846,15,2026-07-24,08:01,7.39,0
5847,17,2026-05-06,09:55,8.65,0
5848,11,2026-02-07,09:51,8.04,0
5849,14,2026-09-27,08:43,7.87,0
5850,11,2026-06-18,07:47,5.96,0
5851,19,2026-08-15,09:15,8.19,0
5852,3,2026-03-02,08:04,8.83,0
5853,17,2026-06-25,08:14,7.55,0
5854,2,2026-08-05,08:48,8.8,0
5855,23,2026-01-03,08:14,8.37,0
5856,15,2025-11-02,10:08,10.97,0
5857,20,2025-10-12,07:50,7.39,25
5858,20,2026-05-09,08:10,8.79,0
5859,4,2025-11-19,11:06,7.82,0
5860,4,2026-07-09,09:15,7.7,0
5861,2,2026-07-08,08:48,9.77,0
5862,1,2026-04-18,11:05,8.4,0
5863,19,2026-04-30,11:04,7.25,0
5864,8,2026-08-03,07:55,8.67,0
5865,6,2025-10-13,09:18,7.53,0
5866,21,2026-09-01,08:47,10.08,0
5867,10,2025-12-10,07:56,10.36,0
5868,5,2025-11-28,08:05,7.65,0
5869,8,2026-08-25,10:59,9.21,0
5870,3,2026-05-18,09:51,10.32,0
5871,7,2025-10-04,09:07,7.65,0
5872,6,2026-08-25,07:45,8.93,0
5873,13,2026-04-17,10:16,7.82,0
5874,8,2025-12-21,11:16,7.1,26
5875,14,2026-05-03,10:15,9.69,0
5876,23,2026-09-13,09:42,5.03,5
5877,16,2025-10-14,11:20,8.56,0
5878,4,2026-06-12,10:21,5.27,0
5879,7,2026-03-23,09:10,7.65,0
5880,24,2026-09-04,08:57,7.93,0
5881,19,2026-02-18,08:16,9.02,0
5882,10,2026-08-09,08:42,6.38,0
5883,14,2026-03-08,08:24,6.67,0
5884,5,2026-05-03,10:10,7.21,29
5885,5,2025-12-04,10:45,9.26,0
5886,22,2026-05-18,09:13,8.36,0
5887,17,2026-02-20,08:05,9.64,33
5888,8,2026-08-10,10:18,7.31,37
5889,22,2026-08-31,07:41,10.32,0
5890,1,2026-06-17,09:01,7.86,0
5891,2,2026-07-29,10:51,10.13,0
5892,13,2025-10-28,09:53,6.43,0
5893,4,2026-07-26,09:42,8.37,0
5894,14,2026-05-05,08:06,7.8,0
5895,11,2026-03-22,08:23,8.72,0
5896,25,2026-05-22,08:51,9.96,0
5897,15,2026-01-01,11:05,9.05,0
5898,9,2026-08-22,11:10,9.37,38
5899,14,2026-06-09,07:55,7.18,0
5900,22,2026-07-05,10:24,8.34,0
5901,6,2026-03-02,08:23,7.8,22
5902,2,2025-12-02,07:46,7.22,39
5903,22,2026-07-08,09:18,9.05,0
5904,9,2025-10-06,11:07,8.51,0
5905,4,2026-06-28,09:43,9.78,0
5906,4,2025-12-25,08:02,8.27,0
5907,8,2026-04-30,10:22,7.21,0
5908,18,2025-11-21,09:54,7.69,0
5909,7,2026-05-01,10:40,7.38,0
5910,23,2026-04-17,08:22,8.59,0
5911,7,2026-09-13,10:02,8.26,0
5912,11,2026-02-22,11:15,7.72,0
5913,1,2026-03-05,10:48,8.67,0
5914,2,2026-02-04,11:08,8.77,0
5915,7,2026-07-02,08:51,8.96,0
5916,15,2025-11-18,07:59,7.78,0
5917,25,2026-07-08,10:17,7.24,0
5918,3,2025-11-18,10:13,8.62,0
5919,17,2026-07-10,11:01,8.01,9
5920,3,2026-03-23,11:00,9.23,0
5921,24,2026-02-10,10:40,8.55,31
5922,8,2025-12-23,08:03,6.98,0
5923,4,2026-05-14,07:57,8.99,0
5924,16,2026-08-26,10:54,8.15,0
5925,14,2026-07-17,11:15,8.79,0
5926,16,2026-07-25,09:15,8.23,0
5927,6,2026-02-09,09:53,9.09,0
5928,10,2026-03-30,09:57,7.7,0
5929,2,2026-01-22,08:04,7.92,0
5930,12,2026-02-17,09:23,5.0,21
5931,4,2026-07-22,08:11,8.43,0
5932,3,2026-02-18,09:44,7.04,0
5933,9,2025-10-11,10:10,7.28,0
5934,16,2026-04-30,08:06,6.75,0
5935,8,2025-11-19,11:08,9.47,0
5936,6,2026-03-07,10:55,9.14,34
5937,19,2026-05-05,11:18,7.03,0
5938,24,2026-03-19,11:03,9.2,0
5939,16,2025-11-11,09:08,7.72,0
5940,20,2026-06-06,10:50,9.43,23
5941,25,2026-03-30,09:19,9.2,0
5942,11,2026-04-14,08:51,7.48,11
5943,9,2026-06-13,08:56,7.88,0
5944,5,2026-05-12,07:53,6.76,0
5945,6,2026-08-19,08:44,7.89,0
5946,17,2026-08-26,09:45,8.35,0
5947,12,2026-05-19,08:17,8.84,0
5948,1,2026-02-07,07:46,9.33,0
5949,18,2026-09-17,07:41,10.15,13
5950,19,2025-12-06,08:12,6.36,0
5951,4,2026-09-02,09:20,9.16,0
5952,5,2026-01-01,07:51,8.88,0
5953,16,2026-07-22,11:04,8.13,0
5954,18,2026-08-15,08:17,8.83,0
5955,9,2026-04-17,10:11,8.71,0
5956,4,2026-01-27,10:03,8.78,0
5957,13,2026-06-24,11:10,8.34,4
5958,15,2025-10-29,08:46,7.25,0
5959,22,2025-12-07,11:18,8.34,0
5960,17,2026-09-24,08:07,8.99,17
5961,1,2025-11-11,08:15,8.95,0
5962,25,2026-08-30,09:07,7.65,0
5963,23,2026-05-22,08:23,9.28,0
5964,1,2026-06-03,07:45,8.22,0
5965,13,2026-07-16,09:20,6.31,0
5966,7,2025-10-04,08:09,8.0,0
5967,2,2026-09-15,09:00,7.95,0
5968,18,2025-10-07,08:56,7.05,0
5969,14,2026-02-20,10:16,7.44,27
5970,2,2026-03-28,11:13,9.26,0
5971,10,2026-09-01,07:47,8.55,0
5972,5,2026-01-17,08:10,8.16,17
5973,21,2025-10-17,10:48,9.29,0
5974,11,2026-03-12,09:46,8.57,0
5975,2,2026-02-09,09:11,8.21,0
5976,23,2025-12-09,09:17,8.31,0
5977,2,2026-02-24,09:05,8.75,0
5978,20,2026-07-25,08:41,8.18,0
5979,3,2026-04-23,10:59,8.56,0
5980,1,2026-02-20,09:59,10.98,0
5981,4,2025-10-24,09:08,9.19,0
5982,11,2026-06-29,10:24,6.73,37
5983,15,2026-07-28,10:54,10.33,0
5984,6,2026-04-18,11:00,7.68,0
5985,19,2025-11-25,08:55,7.44,0
5986,20,2026-04-05,09:23,9.01,0
5987,11,2026-04-16,07:46,8.97,0
5988,15,2026-08-31,09:19,7.19,22
5989,11,2025-10-17,10:17,10.56,0
5990,2,2025-10-19,09:23,10.94,0
5991,10,2026-08-16,08:44,8.0,0
5992,24,2026-09-19,11:21,6.47,0
5993,22,2026-05-26,10:45,6.16,0
5994,9,2026-09-12,09:50,5.8,19
5995,8,2025-11-18,09:47,9.92,0
5996,15,2025-12-19,10:54,7.18,0
5997,25,2026-03-27,08:09,9.62,0
5998,22,2025-10-31,08:53,9.03,37
5999,5,2026-09-11,11:22,7.09,0
6000,7,2025-12-10,11:14,8.06,0
