id_detalle,id_pedido,id_plato,cantidad,precio_unitario,subtotal
1,1,3,1,42.0,42.0
2,2,28,1,34.0,34.0
3,3,2,2,34.0,68.0
4,3,21,1,20.0,20.0
5,3,16,1,32.0,32.0
6,4,12,3,36.0,108.0
7,4,5,1,30.0,30.0
8,5,5,1,30.0,30.0
9,5,28,2,34.0,68.0
10,5,12,1,36.0,36.0
11,6,8,1,24.0,24.0
12,6,16,1,32.0,32.0
13,7,27,3,25.0,75.0
14,7,32,1,37.0,37.0
15,8,3,1,42.0,42.0
16,8,8,2,24.0,48.0
17,8,7,2,36.0,72.0
18,8,20,1,16.0,16.0
19,9,2,1,34.0,34.0
20,9,11,1,33.0,33.0
21,10,11,2,33.0,66.0
22,10,8,1,24.0,24.0
23,10,9,2,35.0,70.0
24,10,28,3,34.0,102.0
25,10,17,2,26.0,52.0
26,10,12,1,36.0,36.0
27,11,34,2,10.0,20.0
28,11,9,2,35.0,70.0
29,11,35,1,9.0,9.0
30,12,19,2,18.0,36.0
31,13,12,1,36.0,36.0
32,13,23,1,18.0,18.0
33,14,6,2,38.0,76.0
34,14,3,1,42.0,42.0
35,14,2,1,34.0,34.0
36,14,16,1,32.0,32.0
37,15,9,2,35.0,70.0
38,15,18,1,38.0,38.0
39,16,5,1,30.0,30.0
40,16,13,3,28.0,84.0
41,16,8,1,24.0,24.0
42,16,17,1,26.0,26.0
43,17,6,1,38.0,38.0
44,17,13,1,28.0,28.0
45,17,2,1,34.0,34.0
46,18,27,1,25.0,25.0
47,18,6,2,38.0,76.0
48,18,18,1,38.0,38.0
49,19,33,1,14.0,14.0
50,19,18,1,38.0,38.0
51,19,14,2,45.0,90.0
52,19,5,1,30.0,30.0
53,20,15,1,30.0,30.0
54,20,3,2,42.0,84.0
55,20,7,1,36.0,36.0
56,20,37,1,18.0,18.0
57,20,5,2,30.0,60.0
58,21,34,1,10.0,10.0
59,21,37,2,18.0,36.0
60,22,21,1,20.0,20.0
61,22,12,1,36.0,36.0
62,22,7,2,36.0,72.0
63,23,6,2,38.0,76.0
64,23,7,1,36.0,36.0
65,23,12,1,36.0,36.0
66,24,24,1,24.0,24.0
67,24,7,1,36.0,36.0
68,25,32,2,37.0,74.0
69,25,33,3,14.0,42.0
70,25,20,2,16.0,32.0
71,25,25,2,26.0,52.0
72,25,7,1,36.0,36.0
73,26,3,2,42.0,84.0
74,26,23,1,18.0,18.0
75,27,2,1,34.0,34.0
76,27,5,1,30.0,30.0
77,27,1,1,28.0,28.0
78,27,6,1,38.0,38.0
79,27,18,1,38.0,38.0
80,27,14,2,45.0,90.0
81,28,9,1,35.0,35.0
82,28,8,1,24.0,24.0
83,28,37,1,18.0,18.0
84,29,9,1,35.0,35.0
85,30,5,2,30.0,60.0
86,31,37,2,18.0,36.0
87,31,3,1,42.0,42.0
88,32,29,1,44.0,44.0
89,32,3,1,42.0,42.0
90,33,24,1,24.0,24.0
91,33,20,1,16.0,16.0
92,33,28,1,34.0,34.0
93,34,12,1,36.0,36.0
94,34,21,1,20.0,20.0
95,34,20,1,16.0,16.0
96,34,37,1,18.0,18.0
97,34,9,1,35.0,35.0
98,35,13,2,28.0,56.0
99,35,24,2,24.0,48.0
100,35,4,2,22.0,44.0
101,35,7,1,36.0,36.0
102,36,15,1,30.0,30.0
103,36,37,1,18.0,18.0
104,37,20,2,16.0,32.0
105,37,11,2,33.0,66.0
106,37,13,1,28.0,28.0
107,37,38,1,12.0,12.0
108,38,4,1,22.0,22.0
109,38,5,2,30.0,60.0
110,38,28,1,34.0,34.0
111,38,18,3,38.0,114.0
112,38,37,1,18.0,18.0
113,39,2,2,34.0,68.0
114,39,34,2,10.0,20.0
115,39,7,1,36.0,36.0
116,39,39,1,8.0,8.0
117,39,1,1,28.0,28.0
118,40,22,1,22.0,22.0
119,40,26,3,42.0,126.0
120,40,13,1,28.0,28.0
121,41,3,1,42.0,42.0
122,41,20,1,16.0,16.0
123,41,26,2,42.0,84.0
124,42,6,1,38.0,38.0
125,43,5,3,30.0,90.0
126,43,12,1,36.0,36.0
127,44,37,1,18.0,18.0
128,45,7,2,36.0,72.0
129,45,14,1,45.0,45.0
130,45,30,2,38.0,76.0
131,46,1,1,28.0,28.0
132,46,2,2,34.0,68.0
133,46,31,1,36.0,36.0
134,46,24,1,24.0,24.0
135,46,15,2,30.0,60.0
136,46,34,3,10.0,30.0
137,47,5,1,30.0,30.0
138,47,23,3,18.0,54.0
139,47,1,1,28.0,28.0
140,48,1,2,28.0,56.0
141,48,27,1,25.0,25.0
142,48,22,1,22.0,22.0
143,48,13,1,28.0,28.0
144,48,28,3,34.0,102.0
145,49,8,2,24.0,48.0
146,49,7,2,36.0,72.0
147,49,35,1,9.0,9.0
148,49,26,1,42.0,42.0
149,50,12,2,36.0,72.0
150,50,28,2,34.0,68.0
151,50,5,1,30.0,30.0
152,51,4,3,22.0,66.0
153,51,13,2,28.0,56.0
154,51,6,1,38.0,38.0
155,52,25,1,26.0,26.0
156,52,37,1,18.0,18.0
157,52,22,1,22.0,22.0
158,53,25,2,26.0,52.0
159,53,24,1,24.0,24.0
160,54,30,1,38.0,38.0
161,54,3,1,42.0,42.0
162,54,7,1,36.0,36.0
163,54,39,1,8.0,8.0
164,55,10,1,32.0,32.0
165,55,7,1,36.0,36.0
166,55,24,3,24.0,72.0
167,55,22,1,22.0,22.0
168,56,24,2,24.0,48.0
169,57,15,2,30.0,60.0
170,57,4,1,22.0,22.0
171,57,25,1,26.0,26.0
172,58,12,3,36.0,108.0
173,58,3,3,42.0,126.0
174,58,2,1,34.0,34.0
175,58,33,2,14.0,28.0
176,58,8,1,24.0,24.0
177,58,21,3,20.0,60.0
178,59,37,1,18.0,18.0
179,59,20,2,16.0,32.0
180,60,4,2,22.0,44.0
181,60,24,1,24.0,24.0
182,61,10,2,32.0,64.0
183,61,37,2,18.0,36.0
184,62,25,1,26.0,26.0
185,62,12,1,36.0,36.0
186,63,6,1,38.0,38.0
187,63,32,2,37.0,74.0
188,63,2,3,34.0,102.0
189,63,28,1,34.0,34.0
190,63,3,1,42.0,42.0
191,64,7,1,36.0,36.0
192,64,6,2,38.0,76.0
193,64,2,1,34.0,34.0
194,65,5,2,30.0,60.0
195,65,36,1,6.0,6.0
196,65,30,1,38.0,38.0
197,66,7,1,36.0,36.0
198,66,19,1,18.0,18.0
199,66,39,1,8.0,8.0
200,67,10,1,32.0,32.0
201,68,37,1,18.0,18.0
202,68,24,2,24.0,48.0
203,68,11,2,33.0,66.0
204,68,39,1,8.0,8.0
205,69,6,1,38.0,38.0
206,69,26,1,42.0,42.0
207,69,37,1,18.0,18.0
208,69,15,1,30.0,30.0
209,69,21,2,20.0,40.0
210,70,18,1,38.0,38.0
211,70,7,2,36.0,72.0
212,71,4,2,22.0,44.0
213,72,3,1,42.0,42.0
214,72,31,3,36.0,108.0
215,72,1,1,28.0,28.0
216,72,23,3,18.0,54.0
217,72,7,1,36.0,36.0
218,73,33,1,14.0,14.0
219,73,38,1,12.0,12.0
220,73,36,3,6.0,18.0
221,73,20,1,16.0,16.0
222,74,4,2,22.0,44.0
223,74,13,1,28.0,28.0
224,75,13,1,28.0,28.0
225,75,3,3,42.0,126.0
226,75,19,1,18.0,18.0
227,75,4,1,22.0,22.0
228,76,8,1,24.0,24.0
229,76,23,1,18.0,18.0
230,77,3,1,42.0,42.0
231,77,24,1,24.0,24.0
232,78,32,1,37.0,37.0
233,78,23,1,18.0,18.0
234,79,14,1,45.0,45.0
235,79,26,2,42.0,84.0
236,79,9,1,35.0,35.0
237,79,24,2,24.0,48.0
238,79,12,2,36.0,72.0
239,80,14,2,45.0,90.0
240,80,12,2,36.0,72.0
241,80,25,1,26.0,26.0
242,80,24,1,24.0,24.0
243,81,8,2,24.0,48.0
244,81,21,1,20.0,20.0
245,81,3,1,42.0,42.0
246,81,20,1,16.0,16.0
247,81,29,2,44.0,88.0
248,82,24,1,24.0,24.0
249,82,7,2,36.0,72.0
250,83,17,2,26.0,52.0
251,83,3,3,42.0,126.0
252,83,37,2,18.0,36.0
253,83,32,2,37.0,74.0
254,84,20,2,16.0,32.0
255,84,8,1,24.0,24.0
256,84,7,1,36.0,36.0
257,85,32,1,37.0,37.0
258,85,33,3,14.0,42.0
259,86,26,1,42.0,42.0
260,86,5,1,30.0,30.0
261,87,15,2,30.0,60.0
262,87,8,3,24.0,72.0
263,87,23,3,18.0,54.0
264,87,2,1,34.0,34.0
265,88,18,2,38.0,76.0
266,88,8,2,24.0,48.0
267,88,16,1,32.0,32.0
268,88,6,1,38.0,38.0
269,89,28,2,34.0,68.0
270,89,17,1,26.0,26.0
271,89,16,1,32.0,32.0
272,89,7,1,36.0,36.0
273,89,30,2,38.0,76.0
274,90,37,3,18.0,54.0
275,91,29,2,44.0,88.0
276,91,7,1,36.0,36.0
277,91,2,2,34.0,68.0
278,91,24,1,24.0,24.0
279,91,28,3,34.0,102.0
280,92,30,2,38.0,76.0
281,92,28,1,34.0,34.0
282,92,26,2,42.0,84.0
283,92,36,1,6.0,6.0
284,93,17,1,26.0,26.0
285,93,23,1,18.0,18.0
286,94,38,3,12.0,36.0
287,94,10,2,32.0,64.0
288,95,16,1,32.0,32.0
289,95,8,1,24.0,24.0
290,95,27,3,25.0,75.0
291,95,3,1,42.0,42.0
292,96,30,1,38.0,38.0
293,96,2,3,34.0,102.0
294,96,25,1,26.0,26.0
295,97,11,1,33.0,33.0
296,97,13,1,28.0,28.0
297,97,3,1,42.0,42.0
298,98,3,1,42.0,42.0
299,98,7,1,36.0,36.0
300,98,18,1,38.0,38.0
301,98,11,1,33.0,33.0
302,99,16,1,32.0,32.0
303,99,7,1,36.0,36.0
304,99,37,1,18.0,18.0
305,99,8,1,24.0,24.0
306,99,18,2,38.0,76.0
307,100,7,2,36.0,72.0
308,100,36,1,6.0,6.0
309,100,2,3,34.0,102.0
310,101,21,1,20.0,20.0
311,101,37,1,18.0,18.0
312,101,24,2,24.0,48.0
313,101,26,1,42.0,42.0
314,102,6,3,38.0,114.0
315,102,34,2,10.0,20.0
316,103,7,2,36.0,72.0
317,103,1,2,28.0,56.0
318,104,34,1,10.0,10.0
319,105,28,2,34.0,68.0
320,105,35,3,9.0,27.0
321,106,6,1,38.0,38.0
322,106,1,1,28.0,28.0
323,106,20,1,16.0,16.0
324,106,7,1,36.0,36.0
325,106,39,1,8.0,8.0
326,106,24,1,24.0,24.0
327,107,36,2,6.0,12.0
328,107,4,1,22.0,22.0
329,108,15,1,30.0,30.0
330,108,1,1,28.0,28.0
331,108,12,1,36.0,36.0
332,109,25,2,26.0,52.0
333,109,5,1,30.0,30.0
334,110,30,1,38.0,38.0
335,110,4,2,22.0,44.0
336,110,24,2,24.0,48.0
337,111,4,1,22.0,22.0
338,111,14,3,45.0,135.0
339,112,3,1,42.0,42.0
340,113,29,2,44.0,88.0
341,114,6,1,38.0,38.0
342,114,3,1,42.0,42.0
343,115,34,2,10.0,20.0
344,115,4,1,22.0,22.0
345,115,8,1,24.0,24.0
346,115,6,2,38.0,76.0
347,116,8,1,24.0,24.0
348,116,11,3,33.0,99.0
349,116,27,3,25.0,75.0
350,116,37,2,18.0,36.0
351,116,7,1,36.0,36.0
352,117,33,2,14.0,28.0
353,117,6,1,38.0,38.0
354,117,27,1,25.0,25.0
355,118,5,2,30.0,60.0
356,118,14,1,45.0,45.0
357,119,22,3,22.0,66.0
358,119,11,1,33.0,33.0
359,120,30,1,38.0,38.0
360,120,7,1,36.0,36.0
361,121,15,1,30.0,30.0
362,121,4,3,22.0,66.0
363,121,37,2,18.0,36.0
364,122,35,1,9.0,9.0
365,122,12,1,36.0,36.0
366,123,5,1,30.0,30.0
367,124,2,2,34.0,68.0
368,124,8,1,24.0,24.0
369,124,37,1,18.0,18.0
370,125,1,3,28.0,84.0
371,125,20,2,16.0,32.0
372,125,38,1,12.0,12.0
373,126,1,1,28.0,28.0
374,126,30,1,38.0,38.0
375,126,8,1,24.0,24.0
376,126,12,1,36.0,36.0
377,127,16,1,32.0,32.0
378,127,12,1,36.0,36.0
379,128,15,2,30.0,60.0
380,128,6,1,38.0,38.0
381,129,18,1,38.0,38.0
382,130,9,2,35.0,70.0
383,130,30,1,38.0,38.0
384,130,17,1,26.0,26.0
385,130,5,1,30.0,30.0
386,130,19,1,18.0,18.0
387,131,8,2,24.0,48.0
388,131,14,1,45.0,45.0
389,131,7,1,36.0,36.0
390,132,32,1,37.0,37.0
391,132,10,2,32.0,64.0
392,132,6,2,38.0,76.0
393,133,3,1,42.0,42.0
394,133,26,1,42.0,42.0
395,134,12,1,36.0,36.0
396,135,31,2,36.0,72.0
397,135,2,1,34.0,34.0
398,135,7,1,36.0,36.0
399,136,1,1,28.0,28.0
400,137,11,2,33.0,66.0
401,137,33,1,14.0,14.0
402,137,5,2,30.0,60.0
403,138,23,2,18.0,36.0
404,138,4,1,22.0,22.0
405,138,1,1,28.0,28.0
406,138,12,1,36.0,36.0
407,138,6,1,38.0,38.0
408,138,14,1,45.0,45.0
409,139,23,2,18.0,36.0
410,139,1,1,28.0,28.0
411,139,14,2,45.0,90.0
412,140,2,2,34.0,68.0
413,140,21,2,20.0,40.0
414,140,5,1,30.0,30.0
415,140,6,2,38.0,76.0
416,140,4,2,22.0,44.0
417,141,11,1,33.0,33.0
418,141,6,1,38.0,38.0
419,141,8,1,24.0,24.0
420,141,19,2,18.0,36.0
421,142,16,1,32.0,32.0
422,143,15,1,30.0,30.0
423,143,13,2,28.0,56.0
424,143,9,1,35.0,35.0
425,143,5,1,30.0,30.0
426,143,14,1,45.0,45.0
427,143,8,1,24.0,24.0
428,144,12,1,36.0,36.0
429,145,5,2,30.0,60.0
430,145,40,2,10.0,20.0
431,145,13,2,28.0,56.0
432,146,19,2,18.0,36.0
433,146,37,1,18.0,18.0
434,146,1,3,28.0,84.0
435,146,13,1,28.0,28.0
436,147,38,1,12.0,12.0
437,148,36,1,6.0,6.0
438,148,37,1,18.0,18.0
439,148,17,1,26.0,26.0
440,149,24,1,24.0,24.0
441,149,5,2,30.0,60.0
442,149,36,3,6.0,18.0
443,149,23,1,18.0,18.0
444,150,7,1,36.0,36.0
445,150,10,1,32.0,32.0
446,150,14,1,45.0,45.0
447,151,25,1,26.0,26.0
448,151,21,1,20.0,20.0
449,151,37,1,18.0,18.0
450,152,5,1,30.0,30.0
451,152,28,2,34.0,68.0
452,153,29,1,44.0,44.0
453,153,7,2,36.0,72.0
454,154,4,1,22.0,22.0
455,154,37,1,18.0,18.0
456,155,2,1,34.0,34.0
457,155,11,2,33.0,66.0
458,155,32,1,37.0,37.0
459,155,6,1,38.0,38.0
460,156,6,1,38.0,38.0
461,156,1,1,28.0,28.0
462,156,21,1,20.0,20.0
463,157,27,2,25.0,50.0
464,158,23,3,18.0,54.0
465,158,29,2,44.0,88.0
466,158,11,2,33.0,66.0
467,159,34,1,10.0,10.0
468,159,7,3,36.0,108.0
469,159,15,1,30.0,30.0
470,160,12,2,36.0,72.0
471,160,33,2,14.0,28.0
472,160,23,1,18.0,18.0
473,161,16,1,32.0,32.0
474,161,6,1,38.0,38.0
475,161,13,2,28.0,56.0
476,162,12,1,36.0,36.0
477,162,7,2,36.0,72.0
478,163,7,1,36.0,36.0
479,163,15,1,30.0,30.0
480,164,34,1,10.0,10.0
481,164,11,1,33.0,33.0
482,164,7,2,36.0,72.0
483,164,10,1,32.0,32.0
484,164,1,1,28.0,28.0
485,164,2,3,34.0,102.0
486,165,5,2,30.0,60.0
487,165,4,2,22.0,44.0
488,165,23,2,18.0,36.0
489,166,7,1,36.0,36.0
490,166,28,1,34.0,34.0
491,167,5,1,30.0,30.0
492,167,23,2,18.0,36.0
493,168,21,1,20.0,20.0
494,168,24,2,24.0,48.0
495,168,19,1,18.0,18.0
496,168,33,2,14.0,28.0
497,169,13,2,28.0,56.0
498,169,23,2,18.0,36.0
499,169,25,2,26.0,52.0
500,169,2,1,34.0,34.0
501,169,16,3,32.0,96.0
502,169,11,1,33.0,33.0
503,170,4,1,22.0,22.0
504,170,22,1,22.0,22.0
505,170,13,1,28.0,28.0
506,171,6,1,38.0,38.0
507,171,30,1,38.0,38.0
508,172,26,2,42.0,84.0
509,172,11,1,33.0,33.0
510,172,1,1,28.0,28.0
511,173,26,1,42.0,42.0
512,173,28,2,34.0,68.0
513,173,29,1,44.0,44.0
514,173,15,1,30.0,30.0
515,174,10,1,32.0,32.0
516,174,9,3,35.0,105.0
517,174,19,1,18.0,18.0
518,174,12,1,36.0,36.0
519,174,7,1,36.0,36.0
520,174,32,1,37.0,37.0
521,175,6,2,38.0,76.0
522,175,30,3,38.0,114.0
523,176,30,1,38.0,38.0
524,176,19,2,18.0,36.0
525,176,2,1,34.0,34.0
526,176,8,1,24.0,24.0
527,176,14,1,45.0,45.0
528,177,4,1,22.0,22.0
529,177,16,1,32.0,32.0
530,177,31,1,36.0,36.0
531,177,9,3,35.0,105.0
532,178,21,1,20.0,20.0
533,178,30,1,38.0,38.0
534,178,25,1,26.0,26.0
535,178,7,1,36.0,36.0
536,178,5,1,30.0,30.0
537,178,13,1,28.0,28.0
538,179,36,1,6.0,6.0
539,179,19,3,18.0,54.0
540,180,1,2,28.0,56.0
541,181,24,1,24.0,24.0
542,181,7,2,36.0,72.0
543,182,11,2,33.0,66.0
544,182,2,1,34.0,34.0
545,182,4,2,22.0,44.0
546,183,27,2,25.0,50.0
547,183,19,2,18.0,36.0
548,183,37,2,18.0,36.0
549,184,14,2,45.0,90.0
550,184,19,1,18.0,18.0
551,184,5,3,30.0,90.0
552,185,5,1,30.0,30.0
553,185,34,2,10.0,20.0
554,186,31,3,36.0,108.0
555,186,10,1,32.0,32.0
556,186,14,1,45.0,45.0
557,186,5,1,30.0,30.0
558,187,9,2,35.0,70.0
559,187,7,1,36.0,36.0
560,188,7,2,36.0,72.0
561,188,30,2,38.0,76.0
562,188,8,2,24.0,48.0
563,188,20,1,16.0,16.0
564,189,16,1,32.0,32.0
565,189,8,2,24.0,48.0
566,190,28,2,34.0,68.0
567,191,5,1,30.0,30.0
568,191,15,2,30.0,60.0
569,191,30,1,38.0,38.0
570,192,12,1,36.0,36.0
571,192,2,2,34.0,68.0
572,192,22,3,22.0,66.0
573,193,6,1,38.0,38.0
574,193,7,2,36.0,72.0
575,193,15,1,30.0,30.0
576,194,12,1,36.0,36.0
577,194,18,3,38.0,114.0
578,194,7,1,36.0,36.0
579,195,36,1,6.0,6.0
580,195,10,1,32.0,32.0
581,196,12,1,36.0,36.0
582,196,23,2,18.0,36.0
583,197,7,2,36.0,72.0
584,197,32,2,37.0,74.0
585,198,13,2,28.0,56.0
586,198,6,1,38.0,38.0
587,199,24,2,24.0,48.0
588,199,2,1,34.0,34.0
589,199,14,1,45.0,45.0
590,199,16,3,32.0,96.0
591,200,2,1,34.0,34.0
592,200,6,1,38.0,38.0
593,200,10,1,32.0,32.0
594,200,9,1,35.0,35.0
595,201,33,2,14.0,28.0
596,201,12,1,36.0,36.0
597,202,24,3,24.0,72.0
598,202,36,1,6.0,6.0
599,202,7,1,36.0,36.0
600,202,9,1,35.0,35.0
601,203,35,1,9.0,9.0
602,203,39,2,8.0,16.0
603,203,23,2,18.0,36.0
604,203,18,2,38.0,76.0
605,203,14,1,45.0,45.0
606,203,3,3,42.0,126.0
607,204,8,1,24.0,24.0
608,204,14,1,45.0,45.0
609,205,15,2,30.0,60.0
610,205,7,1,36.0,36.0
611,205,10,2,32.0,64.0
612,205,28,2,34.0,68.0
613,205,38,3,12.0,36.0
614,205,20,3,16.0,48.0
615,206,27,2,25.0,50.0
616,206,12,1,36.0,36.0
617,206,40,2,10.0,20.0
618,207,15,2,30.0,60.0
619,207,14,1,45.0,45.0
620,208,29,1,44.0,44.0
621,208,30,1,38.0,38.0
622,209,32,1,37.0,37.0
623,209,5,1,30.0,30.0
624,209,15,1,30.0,30.0
625,210,2,1,34.0,34.0
626,210,3,1,42.0,42.0
627,211,1,1,28.0,28.0
628,211,12,2,36.0,72.0
629,212,37,1,18.0,18.0
630,213,12,2,36.0,72.0
631,213,4,1,22.0,22.0
632,214,37,1,18.0,18.0
633,214,20,2,16.0,32.0
634,215,23,2,18.0,36.0
635,215,8,1,24.0,24.0
636,215,6,3,38.0,114.0
637,215,1,2,28.0,56.0
638,215,37,2,18.0,36.0
639,215,4,1,22.0,22.0
640,216,37,2,18.0,36.0
641,216,5,1,30.0,30.0
642,216,12,2,36.0,72.0
643,216,4,1,22.0,22.0
644,217,11,2,33.0,66.0
645,217,9,1,35.0,35.0
646,217,27,1,25.0,25.0
647,217,18,1,38.0,38.0
648,217,4,2,22.0,44.0
649,218,25,1,26.0,26.0
650,218,9,1,35.0,35.0
651,218,26,1,42.0,42.0
652,218,6,2,38.0,76.0
653,219,16,1,32.0,32.0
654,219,25,1,26.0,26.0
655,219,7,2,36.0,72.0
656,219,4,1,22.0,22.0
657,219,23,1,18.0,18.0
658,220,28,2,34.0,68.0
659,220,13,1,28.0,28.0
660,220,1,3,28.0,84.0
661,221,8,1,24.0,24.0
662,221,2,1,34.0,34.0
663,221,33,1,14.0,14.0
664,221,4,3,22.0,66.0
665,222,9,1,35.0,35.0
666,222,38,2,12.0,24.0
667,223,40,1,10.0,10.0
668,223,20,1,16.0,16.0
669,223,26,1,42.0,42.0
670,224,7,2,36.0,72.0
671,225,33,1,14.0,14.0
672,225,8,1,24.0,24.0
673,225,31,1,36.0,36.0
674,225,13,2,28.0,56.0
675,226,33,3,14.0,42.0
676,226,7,1,36.0,36.0
677,226,4,2,22.0,44.0
678,226,1,1,28.0,28.0
679,227,26,1,42.0,42.0
680,227,11,1,33.0,33.0
681,228,22,1,22.0,22.0
682,229,19,3,18.0,54.0
683,229,33,2,14.0,28.0
684,229,37,1,18.0,18.0
685,230,23,1,18.0,18.0
686,230,39,2,8.0,16.0
687,231,1,2,28.0,56.0
688,231,29,1,44.0,44.0
689,231,2,3,34.0,102.0
690,231,16,2,32.0,64.0
691,231,23,1,18.0,18.0
692,232,34,1,10.0,10.0
693,232,23,2,18.0,36.0
694,232,32,1,37.0,37.0
695,233,16,1,32.0,32.0
696,233,12,1,36.0,36.0
697,234,36,1,6.0,6.0
698,234,12,1,36.0,36.0
699,234,30,1,38.0,38.0
700,235,3,3,42.0,126.0
701,235,16,2,32.0,64.0
702,235,23,2,18.0,36.0
703,235,2,1,34.0,34.0
704,236,37,2,18.0,36.0
705,236,13,1,28.0,28.0
706,236,36,1,6.0,6.0
707,236,38,1,12.0,12.0
708,237,23,1,18.0,18.0
709,237,2,2,34.0,68.0
710,237,29,1,44.0,44.0
711,237,15,1,30.0,30.0
712,238,27,3,25.0,75.0
713,238,3,1,42.0,42.0
714,238,40,1,10.0,10.0
715,238,7,1,36.0,36.0
716,239,26,1,42.0,42.0
717,239,30,2,38.0,76.0
718,240,40,1,10.0,10.0
719,240,7,1,36.0,36.0
720,240,2,1,34.0,34.0
721,240,4,2,22.0,44.0
722,241,5,1,30.0,30.0
723,241,39,1,8.0,8.0
724,242,28,1,34.0,34.0
725,242,36,2,6.0,12.0
726,243,12,2,36.0,72.0
727,243,16,3,32.0,96.0
728,243,23,3,18.0,54.0
729,244,8,1,24.0,24.0
730,245,8,1,24.0,24.0
731,245,33,1,14.0,14.0
732,246,20,2,16.0,32.0
733,246,28,1,34.0,34.0
734,246,30,1,38.0,38.0
735,247,6,1,38.0,38.0
736,248,33,3,14.0,42.0
737,248,25,1,26.0,26.0
738,248,29,2,44.0,88.0
739,249,3,3,42.0,126.0
740,250,8,1,24.0,24.0
741,250,1,2,28.0,56.0
742,250,23,1,18.0,18.0
743,251,35,1,9.0,9.0
744,251,38,1,12.0,12.0
745,252,10,1,32.0,32.0
746,252,5,1,30.0,30.0
747,253,5,1,30.0,30.0
748,253,6,3,38.0,114.0
749,253,15,1,30.0,30.0
750,254,23,1,18.0,18.0
751,254,7,1,36.0,36.0
752,254,18,2,38.0,76.0
753,254,21,1,20.0,20.0
754,254,14,3,45.0,135.0
755,255,8,1,24.0,24.0
756,255,7,1,36.0,36.0
757,255,33,3,14.0,42.0
758,255,27,2,25.0,50.0
759,255,24,2,24.0,48.0
760,255,37,1,18.0,18.0
761,256,7,3,36.0,108.0
762,256,38,1,12.0,12.0
763,257,36,3,6.0,18.0
764,257,10,2,32.0,64.0
765,257,1,2,28.0,56.0
766,258,9,2,35.0,70.0
767,258,12,1,36.0,36.0
768,258,37,1,18.0,18.0
769,258,20,2,16.0,32.0
770,258,26,1,42.0,42.0
771,259,3,2,42.0,84.0
772,259,1,2,28.0,56.0
773,259,9,1,35.0,35.0
774,259,13,1,28.0,28.0
775,260,7,1,36.0,36.0
776,261,23,1,18.0,18.0
777,262,1,1,28.0,28.0
778,263,28,1,34.0,34.0
779,263,25,1,26.0,26.0
780,263,2,1,34.0,34.0
781,263,35,3,9.0,27.0
782,264,7,2,36.0,72.0
783,264,5,1,30.0,30.0
784,264,28,2,34.0,68.0
785,264,8,1,24.0,24.0
786,264,31,1,36.0,36.0
787,265,37,1,18.0,18.0
788,265,18,1,38.0,38.0
789,266,38,3,12.0,36.0
790,266,32,3,37.0,111.0
791,267,14,2,45.0,90.0
792,267,24,1,24.0,24.0
793,267,1,1,28.0,28.0
794,268,29,2,44.0,88.0
795,268,4,3,22.0,66.0
796,268,7,2,36.0,72.0
797,269,25,1,26.0,26.0
798,269,4,1,22.0,22.0
799,269,7,2,36.0,72.0
800,270,34,1,10.0,10.0
801,270,6,3,38.0,114.0
802,270,15,2,30.0,60.0
803,270,2,2,34.0,68.0
804,270,1,2,28.0,56.0
805,271,35,1,9.0,9.0
806,271,9,1,35.0,35.0
807,271,8,1,24.0,24.0
808,272,9,2,35.0,70.0
809,273,30,1,38.0,38.0
810,273,20,3,16.0,48.0
811,273,6,1,38.0,38.0
812,273,11,2,33.0,66.0
813,273,22,1,22.0,22.0
814,273,1,2,28.0,56.0
815,274,39,1,8.0,8.0
816,274,40,1,10.0,10.0
817,275,24,2,24.0,48.0
818,275,2,2,34.0,68.0
819,276,16,1,32.0,32.0
820,276,10,2,32.0,64.0
821,276,2,1,34.0,34.0
822,276,34,1,10.0,10.0
823,277,23,1,18.0,18.0
824,277,24,1,24.0,24.0
825,277,12,1,36.0,36.0
826,278,39,1,8.0,8.0
827,278,33,1,14.0,14.0
828,278,37,2,18.0,36.0
829,278,16,1,32.0,32.0
830,278,36,3,6.0,18.0
831,279,4,1,22.0,22.0
832,279,10,2,32.0,64.0
833,280,16,1,32.0,32.0
834,280,6,1,38.0,38.0
835,280,18,1,38.0,38.0
836,280,2,1,34.0,34.0
837,281,1,3,28.0,84.0
838,281,7,3,36.0,108.0
839,281,5,1,30.0,30.0
840,282,12,1,36.0,36.0
841,282,7,1,36.0,36.0
842,282,6,3,38.0,114.0
843,283,40,1,10.0,10.0
844,284,27,1,25.0,25.0
845,284,2,3,34.0,102.0
846,285,15,2,30.0,60.0
847,285,9,3,35.0,105.0
848,285,1,1,28.0,28.0
849,285,30,1,38.0,38.0
850,286,15,3,30.0,90.0
851,287,2,1,34.0,34.0
852,287,8,1,24.0,24.0
853,287,21,2,20.0,40.0
854,288,12,1,36.0,36.0
855,288,3,1,42.0,42.0
856,288,5,1,30.0,30.0
857,288,2,2,34.0,68.0
858,289,25,1,26.0,26.0
859,290,10,1,32.0,32.0
860,290,13,1,28.0,28.0
861,290,9,3,35.0,105.0
862,291,34,1,10.0,10.0
863,292,38,1,12.0,12.0
864,292,12,2,36.0,72.0
865,292,2,1,34.0,34.0
866,292,16,1,32.0,32.0
867,292,7,2,36.0,72.0
868,292,30,2,38.0,76.0
869,293,5,1,30.0,30.0
870,293,14,3,45.0,135.0
871,293,4,3,22.0,66.0
872,294,7,2,36.0,72.0
873,294,5,3,30.0,90.0
874,294,16,1,32.0,32.0
875,295,28,2,34.0,68.0
876,295,31,1,36.0,36.0
877,295,25,1,26.0,26.0
878,295,15,1,30.0,30.0
879,295,14,1,45.0,45.0
880,296,8,1,24.0,24.0
881,296,18,1,38.0,38.0
882,296,10,1,32.0,32.0
883,296,12,1,36.0,36.0
884,297,12,3,36.0,108.0
885,297,7,1,36.0,36.0
886,298,1,2,28.0,56.0
887,298,33,1,14.0,14.0
888,298,21,1,20.0,20.0
889,298,36,1,6.0,6.0
890,299,2,1,34.0,34.0
891,299,19,2,18.0,36.0
892,300,12,3,36.0,108.0
893,300,2,2,34.0,68.0
894,300,3,1,42.0,42.0
895,300,8,1,24.0,24.0
896,300,35,2,9.0,18.0
897,301,2,1,34.0,34.0
898,302,14,1,45.0,45.0
899,302,18,2,38.0,76.0
900,302,1,1,28.0,28.0
901,303,33,3,14.0,42.0
902,303,20,1,16.0,16.0
903,304,5,3,30.0,90.0
904,304,14,1,45.0,45.0
905,305,8,2,24.0,48.0
906,305,23,3,18.0,54.0
907,305,11,1,33.0,33.0
908,305,9,1,35.0,35.0
909,306,2,2,34.0,68.0
910,306,26,2,42.0,84.0
911,307,35,2,9.0,18.0
912,307,11,3,33.0,99.0
913,308,8,1,24.0,24.0
914,308,25,1,26.0,26.0
915,309,8,1,24.0,24.0
916,309,25,3,26.0,78.0
917,309,28,1,34.0,34.0
918,310,29,2,44.0,88.0
919,310,30,3,38.0,114.0
920,310,3,3,42.0,126.0
921,311,36,2,6.0,12.0
922,311,5,3,30.0,90.0
923,311,20,1,16.0,16.0
924,312,28,2,34.0,68.0
925,312,34,2,10.0,20.0
926,313,28,1,34.0,34.0
927,313,39,1,8.0,8.0
928,313,23,2,18.0,36.0
929,313,31,3,36.0,108.0
930,314,25,1,26.0,26.0
931,315,40,3,10.0,30.0
932,315,28,1,34.0,34.0
933,316,33,1,14.0,14.0
934,317,3,2,42.0,84.0
935,317,31,1,36.0,36.0
936,317,32,1,37.0,37.0
937,317,16,2,32.0,64.0
938,317,12,1,36.0,36.0
939,317,30,1,38.0,38.0
940,318,7,1,36.0,36.0
941,319,16,1,32.0,32.0
942,319,8,1,24.0,24.0
943,319,35,1,9.0,9.0
944,319,7,2,36.0,72.0
945,320,17,1,26.0,26.0
946,320,11,1,33.0,33.0
947,320,3,1,42.0,42.0
948,320,7,2,36.0,72.0
949,321,28,1,34.0,34.0
950,321,18,2,38.0,76.0
951,321,37,2,18.0,36.0
952,322,5,1,30.0,30.0
953,322,24,1,24.0,24.0
954,322,17,2,26.0,52.0
955,322,2,2,34.0,68.0
956,322,31,1,36.0,36.0
957,323,8,2,24.0,48.0
958,323,14,1,45.0,45.0
959,323,10,1,32.0,32.0
960,323,22,1,22.0,22.0
961,324,5,2,30.0,60.0
962,324,10,3,32.0,96.0
963,324,34,1,10.0,10.0
964,324,36,2,6.0,12.0
965,324,7,1,36.0,36.0
966,324,18,1,38.0,38.0
967,325,1,2,28.0,56.0
968,325,7,1,36.0,36.0
969,325,31,3,36.0,108.0
970,325,27,1,25.0,25.0
971,325,4,2,22.0,44.0
972,326,37,1,18.0,18.0
973,327,7,1,36.0,36.0
974,327,11,1,33.0,33.0
975,327,5,1,30.0,30.0
976,327,2,1,34.0,34.0
977,328,32,1,37.0,37.0
978,328,17,1,26.0,26.0
979,328,16,1,32.0,32.0
980,329,10,1,32.0,32.0
981,329,19,1,18.0,18.0
982,329,31,2,36.0,72.0
983,330,24,1,24.0,24.0
984,330,12,2,36.0,72.0
985,331,8,1,24.0,24.0
986,331,13,1,28.0,28.0
987,331,37,3,18.0,54.0
988,332,14,1,45.0,45.0
989,332,32,1,37.0,37.0
990,333,15,1,30.0,30.0
991,333,10,3,32.0,96.0
992,333,14,3,45.0,135.0
993,334,21,2,20.0,40.0
994,334,2,1,34.0,34.0
995,334,9,2,35.0,70.0
996,335,11,1,33.0,33.0
997,335,13,1,28.0,28.0
998,336,8,2,24.0,48.0
999,336,17,1,26.0,26.0
1000,336,12,1,36.0,36.0
1001,336,7,1,36.0,36.0
1002,337,4,2,22.0,44.0
1003,337,40,1,10.0,10.0
1004,337,18,3,38.0,114.0
1005,338,6,1,38.0,38.0
1006,339,4,1,22.0,22.0
1007,340,2,1,34.0,34.0
1008,340,4,1,22.0,22.0
1009,340,7,1,36.0,36.0
1010,341,32,2,37.0,74.0
1011,341,5,1,30.0,30.0
1012,342,1,1,28.0,28.0
1013,342,7,1,36.0,36.0
1014,342,2,2,34.0,68.0
1015,342,26,1,42.0,42.0
1016,342,33,1,14.0,14.0
1017,343,6,2,38.0,76.0
1018,343,2,1,34.0,34.0
1019,344,35,1,9.0,9.0
1020,344,8,1,24.0,24.0
1021,345,4,2,22.0,44.0
1022,345,23,2,18.0,36.0
1023,345,36,2,6.0,12.0
1024,345,1,1,28.0,28.0
1025,345,38,2,12.0,24.0
1026,346,16,2,32.0,64.0
1027,346,7,1,36.0,36.0
1028,347,37,1,18.0,18.0
1029,347,13,3,28.0,84.0
1030,348,23,1,18.0,18.0
1031,348,4,2,22.0,44.0
1032,348,29,3,44.0,132.0
1033,348,14,2,45.0,90.0
1034,348,7,1,36.0,36.0
1035,348,9,1,35.0,35.0
1036,349,16,1,32.0,32.0
1037,349,15,1,30.0,30.0
1038,350,21,1,20.0,20.0
1039,350,15,1,30.0,30.0
1040,350,5,3,30.0,90.0
1041,351,10,3,32.0,96.0
1042,351,8,1,24.0,24.0
1043,351,26,2,42.0,84.0
1044,351,15,1,30.0,30.0
1045,352,7,1,36.0,36.0
1046,352,34,1,10.0,10.0
1047,352,8,2,24.0,48.0
1048,352,2,1,34.0,34.0
1049,353,8,3,24.0,72.0
1050,353,37,2,18.0,36.0
1051,353,21,1,20.0,20.0
1052,353,38,2,12.0,24.0
1053,354,14,3,45.0,135.0
1054,354,20,2,16.0,32.0
1055,354,16,3,32.0,96.0
1056,354,2,2,34.0,68.0
1057,355,2,1,34.0,34.0
1058,355,32,1,37.0,37.0
1059,355,1,1,28.0,28.0
1060,356,3,1,42.0,42.0
1061,356,18,1,38.0,38.0
1062,356,19,2,18.0,36.0
1063,357,3,2,42.0,84.0
1064,357,4,2,22.0,44.0
1065,358,5,1,30.0,30.0
1066,358,12,1,36.0,36.0
1067,358,18,2,38.0,76.0
1068,358,14,1,45.0,45.0
1069,359,36,1,6.0,6.0
1070,359,14,2,45.0,90.0
1071,359,33,1,14.0,14.0
1072,359,8,3,24.0,72.0
1073,359,31,1,36.0,36.0
1074,360,18,1,38.0,38.0
1075,360,24,2,24.0,48.0
1076,361,11,2,33.0,66.0
1077,361,1,1,28.0,28.0
1078,361,10,1,32.0,32.0
1079,361,24,1,24.0,24.0
1080,361,30,1,38.0,38.0
1081,362,3,1,42.0,42.0
1082,362,18,1,38.0,38.0
1083,363,3,1,42.0,42.0
1084,363,1,1,28.0,28.0
1085,363,8,1,24.0,24.0
1086,364,3,2,42.0,84.0
1087,364,25,1,26.0,26.0
1088,364,28,1,34.0,34.0
1089,365,32,2,37.0,74.0
1090,366,23,1,18.0,18.0
1091,366,21,1,20.0,20.0
1092,366,35,1,9.0,9.0
1093,366,39,3,8.0,24.0
1094,367,2,1,34.0,34.0
1095,367,38,1,12.0,12.0
1096,367,28,3,34.0,102.0
1097,367,13,2,28.0,56.0
1098,368,20,2,16.0,32.0
1099,368,17,1,26.0,26.0
1100,368,7,2,36.0,72.0
1101,368,33,1,14.0,14.0
1102,369,10,1,32.0,32.0
1103,369,23,3,18.0,54.0
1104,370,17,1,26.0,26.0
1105,370,34,2,10.0,20.0
1106,370,12,2,36.0,72.0
1107,371,5,1,30.0,30.0
1108,372,11,3,33.0,99.0
1109,372,6,2,38.0,76.0
1110,373,5,1,30.0,30.0
1111,373,8,1,24.0,24.0
1112,373,11,1,33.0,33.0
1113,373,39,1,8.0,8.0
1114,374,8,3,24.0,72.0
1115,374,11,1,33.0,33.0
1116,374,4,1,22.0,22.0
1117,374,35,1,9.0,9.0
1118,374,12,1,36.0,36.0
1119,374,7,1,36.0,36.0
1120,375,17,1,26.0,26.0
1121,375,24,1,24.0,24.0
1122,375,13,1,28.0,28.0
1123,375,8,1,24.0,24.0
1124,375,5,1,30.0,30.0
1125,375,4,1,22.0,22.0
1126,376,5,2,30.0,60.0
1127,376,9,2,35.0,70.0
1128,377,5,1,30.0,30.0
1129,377,16,1,32.0,32.0
1130,377,2,1,34.0,34.0
1131,377,12,1,36.0,36.0
1132,378,18,1,38.0,38.0
1133,378,8,2,24.0,48.0
1134,378,6,2,38.0,76.0
1135,379,29,3,44.0,132.0
1136,379,27,3,25.0,75.0
1137,380,35,1,9.0,9.0
1138,380,9,3,35.0,105.0
1139,380,34,2,10.0,20.0
1140,381,12,1,36.0,36.0
1141,381,20,1,16.0,16.0
1142,382,15,1,30.0,30.0
1143,382,9,2,35.0,70.0
1144,383,29,1,44.0,44.0
1145,383,2,1,34.0,34.0
1146,383,12,3,36.0,108.0
1147,384,5,3,30.0,90.0
1148,384,14,1,45.0,45.0
1149,384,36,3,6.0,18.0
1150,385,3,2,42.0,84.0
1151,385,7,2,36.0,72.0
1152,385,2,3,34.0,102.0
1153,386,19,1,18.0,18.0
1154,386,12,3,36.0,108.0
1155,387,8,1,24.0,24.0
1156,387,26,1,42.0,42.0
1157,387,5,1,30.0,30.0
1158,387,40,1,10.0,10.0
1159,387,2,2,34.0,68.0
1160,388,7,1,36.0,36.0
1161,388,34,2,10.0,20.0
1162,388,14,3,45.0,135.0
1163,388,28,1,34.0,34.0
1164,388,5,1,30.0,30.0
1165,388,26,2,42.0,84.0
1166,389,7,1,36.0,36.0
1167,389,4,2,22.0,44.0
1168,390,18,1,38.0,38.0
1169,390,33,2,14.0,28.0
1170,390,14,1,45.0,45.0
1171,391,1,1,28.0,28.0
1172,391,5,1,30.0,30.0
1173,391,3,2,42.0,84.0
1174,391,16,2,32.0,64.0
1175,392,32,1,37.0,37.0
1176,392,7,1,36.0,36.0
1177,392,17,1,26.0,26.0
1178,392,16,1,32.0,32.0
1179,393,23,1,18.0,18.0
1180,393,25,1,26.0,26.0
1181,394,31,1,36.0,36.0
1182,395,18,1,38.0,38.0
1183,395,29,2,44.0,88.0
1184,396,20,1,16.0,16.0
1185,396,18,1,38.0,38.0
1186,396,7,1,36.0,36.0
1187,396,11,1,33.0,33.0
1188,396,37,1,18.0,18.0
1189,397,4,1,22.0,22.0
1190,397,1,1,28.0,28.0
1191,397,21,1,20.0,20.0
1192,398,25,1,26.0,26.0
1193,398,36,2,6.0,12.0
1194,398,7,1,36.0,36.0
1195,399,12,1,36.0,36.0
1196,399,20,3,16.0,48.0
1197,399,23,1,18.0,18.0
1198,400,6,1,38.0,38.0
1199,400,16,1,32.0,32.0
1200,401,5,2,30.0,60.0
1201,402,13,1,28.0,28.0
1202,402,18,2,38.0,76.0
1203,402,39,1,8.0,8.0
1204,402,40,1,10.0,10.0
1205,403,8,1,24.0,24.0
1206,403,11,1,33.0,33.0
1207,404,2,2,34.0,68.0
1208,404,11,1,33.0,33.0
1209,404,30,1,38.0,38.0
1210,404,18,3,38.0,114.0
1211,405,27,1,25.0,25.0
1212,405,25,2,26.0,52.0
1213,406,29,1,44.0,44.0
1214,406,8,1,24.0,24.0
1215,407,16,1,32.0,32.0
1216,407,30,1,38.0,38.0
1217,407,38,1,12.0,12.0
1218,407,8,1,24.0,24.0
1219,408,3,1,42.0,42.0
1220,408,11,2,33.0,66.0
1221,409,10,2,32.0,64.0
1222,409,7,1,36.0,36.0
1223,409,34,2,10.0,20.0
1224,410,12,1,36.0,36.0
1225,410,33,1,14.0,14.0
1226,410,15,1,30.0,30.0
1227,411,8,2,24.0,48.0
1228,411,31,1,36.0,36.0
1229,412,6,2,38.0,76.0
1230,412,28,2,34.0,68.0
1231,412,32,1,37.0,37.0
1232,412,40,1,10.0,10.0
1233,412,16,1,32.0,32.0
1234,413,1,1,28.0,28.0
1235,413,34,3,10.0,30.0
1236,413,28,1,34.0,34.0
1237,414,37,2,18.0,36.0
1238,414,27,1,25.0,25.0
1239,414,8,2,24.0,48.0
1240,415,12,2,36.0,72.0
1241,415,26,3,42.0,126.0
1242,416,35,3,9.0,27.0
1243,416,21,1,20.0,20.0
1244,416,23,3,18.0,54.0
1245,417,25,2,26.0,52.0
1246,417,5,1,30.0,30.0
1247,417,37,1,18.0,18.0
1248,417,1,1,28.0,28.0
1249,418,24,1,24.0,24.0
1250,418,13,2,28.0,56.0
1251,418,5,1,30.0,30.0
1252,419,34,2,10.0,20.0
1253,419,7,1,36.0,36.0
1254,419,3,2,42.0,84.0
1255,419,33,1,14.0,14.0
1256,420,37,1,18.0,18.0
1257,420,11,2,33.0,66.0
1258,421,26,2,42.0,84.0
1259,421,29,1,44.0,44.0
1260,421,3,1,42.0,42.0
1261,421,23,1,18.0,18.0
1262,421,25,1,26.0,26.0
1263,422,1,1,28.0,28.0
1264,422,18,2,38.0,76.0
1265,423,31,1,36.0,36.0
1266,424,2,2,34.0,68.0
1267,424,7,1,36.0,36.0
1268,424,29,1,44.0,44.0
1269,425,37,2,18.0,36.0
1270,425,12,1,36.0,36.0
1271,425,23,1,18.0,18.0
1272,426,5,1,30.0,30.0
1273,426,8,1,24.0,24.0
1274,426,19,1,18.0,18.0
1275,427,5,2,30.0,60.0
1276,427,11,1,33.0,33.0
1277,427,7,1,36.0,36.0
1278,428,14,1,45.0,45.0
1279,428,32,1,37.0,37.0
1280,428,3,2,42.0,84.0
1281,429,34,1,10.0,10.0
1282,429,16,1,32.0,32.0
1283,429,10,1,32.0,32.0
1284,429,2,1,34.0,34.0
1285,429,36,1,6.0,6.0
1286,429,4,1,22.0,22.0
1287,430,27,2,25.0,50.0
1288,430,1,2,28.0,56.0
1289,431,3,2,42.0,84.0
1290,431,28,2,34.0,68.0
1291,432,32,2,37.0,74.0
1292,432,17,1,26.0,26.0
1293,432,33,1,14.0,14.0
1294,432,34,2,10.0,20.0
1295,433,13,1,28.0,28.0
1296,433,5,1,30.0,30.0
1297,434,23,3,18.0,54.0
1298,434,7,1,36.0,36.0
1299,434,10,1,32.0,32.0
1300,435,23,1,18.0,18.0
1301,435,5,1,30.0,30.0
1302,435,12,1,36.0,36.0
1303,436,29,1,44.0,44.0
1304,436,38,2,12.0,24.0
1305,436,30,1,38.0,38.0
1306,437,4,3,22.0,66.0
1307,437,12,1,36.0,36.0
1308,437,5,1,30.0,30.0
1309,437,36,1,6.0,6.0
1310,438,17,1,26.0,26.0
1311,438,4,3,22.0,66.0
1312,438,10,2,32.0,64.0
1313,438,22,1,22.0,22.0
1314,438,20,2,16.0,32.0
1315,438,24,2,24.0,48.0
1316,439,17,2,26.0,52.0
1317,439,36,2,6.0,12.0
1318,439,2,2,34.0,68.0
1319,439,3,3,42.0,126.0
1320,440,2,1,34.0,34.0
1321,440,1,3,28.0,84.0
1322,440,28,1,34.0,34.0
1323,441,5,1,30.0,30.0
1324,441,37,1,18.0,18.0
1325,442,11,2,33.0,66.0
1326,442,30,1,38.0,38.0
1327,443,18,2,38.0,76.0
1328,443,10,1,32.0,32.0
1329,443,5,1,30.0,30.0
1330,444,15,1,30.0,30.0
1331,444,37,1,18.0,18.0
1332,444,2,1,34.0,34.0
1333,444,34,2,10.0,20.0
1334,445,25,2,26.0,52.0
1335,445,6,1,38.0,38.0
1336,446,5,1,30.0,30.0
1337,446,12,2,36.0,72.0
1338,447,3,1,42.0,42.0
1339,447,35,2,9.0,18.0
1340,448,7,2,36.0,72.0
1341,448,37,3,18.0,54.0
1342,449,5,1,30.0,30.0
1343,449,24,1,24.0,24.0
1344,449,3,2,42.0,84.0
1345,450,4,1,22.0,22.0
1346,451,29,2,44.0,88.0
1347,451,33,1,14.0,14.0
1348,451,35,2,9.0,18.0
1349,452,22,1,22.0,22.0
1350,452,9,1,35.0,35.0
1351,452,14,1,45.0,45.0
1352,452,2,2,34.0,68.0
1353,453,2,2,34.0,68.0
1354,453,8,2,24.0,48.0
1355,454,20,1,16.0,16.0
1356,454,33,1,14.0,14.0
1357,454,10,1,32.0,32.0
1358,455,13,1,28.0,28.0
1359,455,20,2,16.0,32.0
1360,455,30,1,38.0,38.0
1361,455,17,1,26.0,26.0
1362,455,18,1,38.0,38.0
1363,455,27,2,25.0,50.0
1364,456,26,1,42.0,42.0
1365,456,1,2,28.0,56.0
1366,457,2,2,34.0,68.0
1367,458,6,3,38.0,114.0
1368,458,4,3,22.0,66.0
1369,459,7,1,36.0,36.0
1370,459,24,2,24.0,48.0
1371,460,27,1,25.0,25.0
1372,460,6,1,38.0,38.0
1373,460,4,1,22.0,22.0
1374,461,6,2,38.0,76.0
1375,461,3,3,42.0,126.0
1376,461,8,1,24.0,24.0
1377,461,1,1,28.0,28.0
1378,461,37,2,18.0,36.0
1379,462,10,1,32.0,32.0
1380,462,24,1,24.0,24.0
1381,463,36,1,6.0,6.0
1382,464,2,2,34.0,68.0
1383,464,9,3,35.0,105.0
1384,464,29,1,44.0,44.0
1385,464,23,3,18.0,54.0
1386,464,6,1,38.0,38.0
1387,465,8,3,24.0,72.0
1388,465,4,1,22.0,22.0
1389,465,35,2,9.0,18.0
1390,466,21,2,20.0,40.0
1391,466,3,1,42.0,42.0
1392,466,2,2,34.0,68.0
1393,467,24,1,24.0,24.0
1394,467,14,2,45.0,90.0
1395,467,37,1,18.0,18.0
1396,467,5,1,30.0,30.0
1397,468,26,1,42.0,42.0
1398,468,13,1,28.0,28.0
1399,469,3,2,42.0,84.0
1400,469,9,1,35.0,35.0
1401,469,31,2,36.0,72.0
1402,469,15,3,30.0,90.0
1403,469,33,1,14.0,14.0
1404,469,37,2,18.0,36.0
1405,470,5,1,30.0,30.0
1406,470,14,1,45.0,45.0
1407,470,7,2,36.0,72.0
1408,471,30,1,38.0,38.0
1409,471,9,2,35.0,70.0
1410,471,35,1,9.0,9.0
1411,471,31,1,36.0,36.0
1412,472,37,3,18.0,54.0
1413,472,21,1,20.0,20.0
1414,473,27,1,25.0,25.0
1415,473,31,2,36.0,72.0
1416,473,12,1,36.0,36.0
1417,473,1,1,28.0,28.0
1418,473,26,2,42.0,84.0
1419,473,13,3,28.0,84.0
1420,474,8,3,24.0,72.0
1421,474,25,1,26.0,26.0
1422,475,13,2,28.0,56.0
1423,475,32,3,37.0,111.0
1424,475,10,2,32.0,64.0
1425,476,11,3,33.0,99.0
1426,476,1,2,28.0,56.0
1427,477,25,1,26.0,26.0
1428,477,39,1,8.0,8.0
1429,477,5,3,30.0,90.0
1430,477,18,1,38.0,38.0
1431,477,37,1,18.0,18.0
1432,478,13,1,28.0,28.0
1433,478,6,1,38.0,38.0
1434,478,8,2,24.0,48.0
1435,478,24,1,24.0,24.0
1436,478,22,3,22.0,66.0
1437,478,27,1,25.0,25.0
1438,479,16,1,32.0,32.0
1439,479,10,2,32.0,64.0
1440,480,18,2,38.0,76.0
1441,480,2,1,34.0,34.0
1442,480,30,2,38.0,76.0
1443,480,7,1,36.0,36.0
1444,481,37,3,18.0,54.0
1445,481,32,1,37.0,37.0
1446,482,13,1,28.0,28.0
1447,482,24,1,24.0,24.0
1448,483,29,3,44.0,132.0
1449,483,6,1,38.0,38.0
1450,483,4,1,22.0,22.0
1451,484,7,3,36.0,108.0
1452,484,4,1,22.0,22.0
1453,485,4,1,22.0,22.0
1454,485,20,1,16.0,16.0
1455,486,35,2,9.0,18.0
1456,486,27,1,25.0,25.0
1457,486,15,2,30.0,60.0
1458,486,7,1,36.0,36.0
1459,486,2,1,34.0,34.0
1460,487,11,1,33.0,33.0
1461,487,34,3,10.0,30.0
1462,487,7,1,36.0,36.0
1463,487,35,2,9.0,18.0
1464,487,2,1,34.0,34.0
1465,488,34,1,10.0,10.0
1466,488,21,1,20.0,20.0
1467,489,34,1,10.0,10.0
1468,489,27,1,25.0,25.0
1469,489,5,1,30.0,30.0
1470,489,30,1,38.0,38.0
1471,490,23,1,18.0,18.0
1472,490,6,1,38.0,38.0
1473,490,5,1,30.0,30.0
1474,491,7,2,36.0,72.0
1475,491,11,1,33.0,33.0
1476,491,23,1,18.0,18.0
1477,491,2,1,34.0,34.0
1478,492,12,1,36.0,36.0
1479,492,24,1,24.0,24.0
1480,493,6,1,38.0,38.0
1481,493,25,2,26.0,52.0
1482,494,2,2,34.0,68.0
1483,494,5,1,30.0,30.0
1484,494,1,1,28.0,28.0
1485,495,3,3,42.0,126.0
1486,495,4,2,22.0,44.0
1487,495,37,2,18.0,36.0
1488,496,6,1,38.0,38.0
1489,497,14,1,45.0,45.0
1490,497,37,1,18.0,18.0
1491,497,32,1,37.0,37.0
1492,498,11,2,33.0,66.0
1493,498,7,2,36.0,72.0
1494,498,9,3,35.0,105.0
1495,499,26,2,42.0,84.0
1496,499,20,2,16.0,32.0
1497,500,7,2,36.0,72.0
1498,500,5,1,30.0,30.0
1499,500,15,1,30.0,30.0
1500,501,33,1,14.0,14.0
1501,501,11,1,33.0,33.0
1502,501,14,2,45.0,90.0
1503,502,12,1,36.0,36.0
1504,503,1,1,28.0,28.0
1505,503,10,2,32.0,64.0
1506,504,25,1,26.0,26.0
1507,504,36,1,6.0,6.0
1508,504,1,2,28.0,56.0
1509,505,8,1,24.0,24.0
1510,505,37,1,18.0,18.0
1511,505,35,1,9.0,9.0
1512,506,15,2,30.0,60.0
1513,506,11,2,33.0,66.0
1514,506,9,2,35.0,70.0
1515,506,1,3,28.0,84.0
1516,507,12,1,36.0,36.0
1517,507,11,2,33.0,66.0
1518,508,1,3,28.0,84.0
1519,508,8,2,24.0,48.0
1520,508,25,1,26.0,26.0
1521,508,6,2,38.0,76.0
1522,509,4,1,22.0,22.0
1523,509,14,1,45.0,45.0
1524,510,7,1,36.0,36.0
1525,511,12,1,36.0,36.0
1526,511,37,1,18.0,18.0
1527,511,5,2,30.0,60.0
1528,511,4,2,22.0,44.0
1529,511,23,1,18.0,18.0
1530,512,23,1,18.0,18.0
1531,512,14,1,45.0,45.0
1532,512,10,1,32.0,32.0
1533,513,15,1,30.0,30.0
1534,513,38,2,12.0,24.0
1535,513,11,1,33.0,33.0
1536,514,34,2,10.0,20.0
1537,514,25,3,26.0,78.0
1538,515,8,1,24.0,24.0
1539,515,5,1,30.0,30.0
1540,515,18,1,38.0,38.0
1541,515,2,2,34.0,68.0
1542,515,15,1,30.0,30.0
1543,515,40,2,10.0,20.0
1544,516,25,1,26.0,26.0
1545,516,22,1,22.0,22.0
1546,516,5,1,30.0,30.0
1547,516,34,2,10.0,20.0
1548,517,26,1,42.0,42.0
1549,517,32,2,37.0,74.0
1550,518,4,2,22.0,44.0
1551,518,7,1,36.0,36.0
1552,518,17,2,26.0,52.0
1553,519,23,3,18.0,54.0
1554,519,13,1,28.0,28.0
1555,520,23,2,18.0,36.0
1556,520,31,2,36.0,72.0
1557,520,40,3,10.0,30.0
1558,521,13,1,28.0,28.0
1559,522,37,1,18.0,18.0
1560,523,23,2,18.0,36.0
1561,523,11,2,33.0,66.0
1562,523,24,1,24.0,24.0
1563,524,34,2,10.0,20.0
1564,524,37,1,18.0,18.0
1565,525,5,1,30.0,30.0
1566,525,16,1,32.0,32.0
1567,525,7,1,36.0,36.0
1568,526,34,1,10.0,10.0
1569,526,27,1,25.0,25.0
1570,527,5,1,30.0,30.0
1571,527,7,1,36.0,36.0
1572,528,36,2,6.0,12.0
1573,528,38,3,12.0,36.0
1574,528,30,1,38.0,38.0
1575,528,21,1,20.0,20.0
1576,528,12,1,36.0,36.0
1577,529,6,1,38.0,38.0
1578,529,3,3,42.0,126.0
1579,530,2,2,34.0,68.0
1580,530,35,1,9.0,9.0
1581,530,34,1,10.0,10.0
1582,531,3,1,42.0,42.0
1583,532,40,1,10.0,10.0
1584,533,16,1,32.0,32.0
1585,533,17,2,26.0,52.0
1586,533,23,2,18.0,36.0
1587,533,7,2,36.0,72.0
1588,534,16,2,32.0,64.0
1589,534,37,1,18.0,18.0
1590,534,6,2,38.0,76.0
1591,534,26,2,42.0,84.0
1592,534,33,3,14.0,42.0
1593,535,35,1,9.0,9.0
1594,536,31,1,36.0,36.0
1595,536,2,1,34.0,34.0
1596,536,14,1,45.0,45.0
1597,537,4,2,22.0,44.0
1598,537,8,2,24.0,48.0
1599,538,8,1,24.0,24.0
1600,538,4,1,22.0,22.0
1601,538,12,1,36.0,36.0
1602,538,16,2,32.0,64.0
1603,538,40,2,10.0,20.0
1604,538,34,1,10.0,10.0
1605,539,28,1,34.0,34.0
1606,539,30,3,38.0,114.0
1607,539,34,2,10.0,20.0
1608,540,4,2,22.0,44.0
1609,540,17,1,26.0,26.0
1610,540,23,1,18.0,18.0
1611,541,7,1,36.0,36.0
1612,541,32,2,37.0,74.0
1613,542,2,2,34.0,68.0
1614,542,6,1,38.0,38.0
1615,542,10,1,32.0,32.0
1616,542,23,3,18.0,54.0
1617,542,35,2,9.0,18.0
1618,542,14,2,45.0,90.0
1619,543,8,1,24.0,24.0
1620,543,2,2,34.0,68.0
1621,543,4,3,22.0,66.0
1622,544,6,1,38.0,38.0
1623,545,30,3,38.0,114.0
1624,545,7,1,36.0,36.0
1625,546,23,1,18.0,18.0
1626,547,12,2,36.0,72.0
1627,547,16,3,32.0,96.0
1628,547,25,1,26.0,26.0
1629,547,3,1,42.0,42.0
1630,547,5,2,30.0,60.0
1631,547,8,1,24.0,24.0
1632,548,16,1,32.0,32.0
1633,549,31,1,36.0,36.0
1634,549,5,2,30.0,60.0
1635,549,40,2,10.0,20.0
1636,550,24,1,24.0,24.0
1637,550,3,1,42.0,42.0
1638,551,13,1,28.0,28.0
1639,551,12,1,36.0,36.0
1640,551,21,1,20.0,20.0
1641,552,6,2,38.0,76.0
1642,552,1,1,28.0,28.0
1643,552,16,1,32.0,32.0
1644,553,1,1,28.0,28.0
1645,553,4,2,22.0,44.0
1646,553,13,1,28.0,28.0
1647,553,5,1,30.0,30.0
1648,554,15,1,30.0,30.0
1649,554,2,1,34.0,34.0
1650,554,17,1,26.0,26.0
1651,555,10,1,32.0,32.0
1652,556,13,1,28.0,28.0
1653,556,34,3,10.0,30.0
1654,557,8,2,24.0,48.0
1655,557,10,1,32.0,32.0
1656,558,18,2,38.0,76.0
1657,559,3,2,42.0,84.0
1658,559,17,1,26.0,26.0
1659,559,9,1,35.0,35.0
1660,559,14,1,45.0,45.0
1661,560,16,1,32.0,32.0
1662,560,8,1,24.0,24.0
1663,561,2,1,34.0,34.0
1664,561,7,3,36.0,108.0
1665,561,26,1,42.0,42.0
1666,561,4,1,22.0,22.0
1667,562,35,1,9.0,9.0
1668,562,37,2,18.0,36.0
1669,562,15,1,30.0,30.0
1670,563,34,2,10.0,20.0
1671,563,4,1,22.0,22.0
1672,563,20,1,16.0,16.0
1673,564,22,2,22.0,44.0
1674,564,7,1,36.0,36.0
1675,565,9,1,35.0,35.0
1676,565,3,1,42.0,42.0
1677,566,5,2,30.0,60.0
1678,566,23,1,18.0,18.0
1679,566,3,2,42.0,84.0
1680,566,2,1,34.0,34.0
1681,566,6,1,38.0,38.0
1682,567,6,1,38.0,38.0
1683,567,2,1,34.0,34.0
1684,567,11,1,33.0,33.0
1685,568,13,1,28.0,28.0
1686,568,2,2,34.0,68.0
1687,568,3,2,42.0,84.0
1688,569,14,1,45.0,45.0
1689,569,7,2,36.0,72.0
1690,569,16,1,32.0,32.0
1691,569,21,1,20.0,20.0
1692,570,27,2,25.0,50.0
1693,570,12,1,36.0,36.0
1694,570,15,1,30.0,30.0
1695,570,31,1,36.0,36.0
1696,570,26,1,42.0,42.0
1697,570,5,1,30.0,30.0
1698,571,5,3,30.0,90.0
1699,571,1,1,28.0,28.0
1700,571,16,1,32.0,32.0
1701,571,4,3,22.0,66.0
1702,571,34,1,10.0,10.0
1703,572,28,1,34.0,34.0
1704,572,1,2,28.0,56.0
1705,572,6,2,38.0,76.0
1706,572,5,2,30.0,60.0
1707,572,2,2,34.0,68.0
1708,573,8,3,24.0,72.0
1709,574,35,2,9.0,18.0
1710,574,15,1,30.0,30.0
1711,575,29,1,44.0,44.0
1712,575,30,2,38.0,76.0
1713,575,4,1,22.0,22.0
1714,575,12,2,36.0,72.0
1715,575,2,1,34.0,34.0
1716,575,13,1,28.0,28.0
1717,576,2,2,34.0,68.0
1718,577,19,3,18.0,54.0
1719,577,10,1,32.0,32.0
1720,578,29,2,44.0,88.0
1721,578,26,1,42.0,42.0
1722,579,14,2,45.0,90.0
1723,579,8,1,24.0,24.0
1724,579,4,1,22.0,22.0
1725,580,25,1,26.0,26.0
1726,580,2,1,34.0,34.0
1727,580,9,1,35.0,35.0
1728,580,30,1,38.0,38.0
1729,581,38,2,12.0,24.0
1730,581,26,2,42.0,84.0
1731,581,5,1,30.0,30.0
1732,582,4,1,22.0,22.0
1733,582,3,1,42.0,42.0
1734,583,25,1,26.0,26.0
1735,584,5,2,30.0,60.0
1736,584,23,2,18.0,36.0
1737,585,19,1,18.0,18.0
1738,585,13,1,28.0,28.0
1739,586,5,1,30.0,30.0
1740,586,30,1,38.0,38.0
1741,587,5,1,30.0,30.0
1742,587,12,2,36.0,72.0
1743,588,4,2,22.0,44.0
1744,588,34,1,10.0,10.0
1745,588,30,1,38.0,38.0
1746,589,7,1,36.0,36.0
1747,589,25,3,26.0,78.0
1748,589,19,2,18.0,36.0
1749,589,16,2,32.0,64.0
1750,590,24,3,24.0,72.0
1751,590,3,1,42.0,42.0
1752,590,7,3,36.0,108.0
1753,591,27,2,25.0,50.0
1754,591,16,2,32.0,64.0
1755,591,36,2,6.0,12.0
1756,591,5,1,30.0,30.0
1757,592,18,1,38.0,38.0
1758,592,23,2,18.0,36.0
1759,592,3,1,42.0,42.0
1760,592,36,2,6.0,12.0
1761,592,1,2,28.0,56.0
1762,592,26,1,42.0,42.0
1763,593,36,2,6.0,12.0
1764,593,16,1,32.0,32.0
1765,594,24,1,24.0,24.0
1766,594,1,1,28.0,28.0
1767,594,25,1,26.0,26.0
1768,594,18,2,38.0,76.0
1769,594,34,1,10.0,10.0
1770,594,32,1,37.0,37.0
1771,595,34,2,10.0,20.0
1772,595,14,2,45.0,90.0
1773,596,1,1,28.0,28.0
1774,596,24,2,24.0,48.0
1775,596,31,2,36.0,72.0
1776,596,23,1,18.0,18.0
1777,596,37,2,18.0,36.0
1778,596,3,1,42.0,42.0
1779,597,8,2,24.0,48.0
1780,598,10,1,32.0,32.0
1781,598,38,1,12.0,12.0
1782,599,7,3,36.0,108.0
1783,599,12,2,36.0,72.0
1784,600,5,1,30.0,30.0
1785,600,13,2,28.0,56.0
1786,600,32,1,37.0,37.0
1787,601,4,1,22.0,22.0
1788,601,38,1,12.0,12.0
1789,602,1,1,28.0,28.0
1790,602,8,1,24.0,24.0
1791,603,16,2,32.0,64.0
1792,603,6,2,38.0,76.0
1793,604,2,2,34.0,68.0
1794,605,25,2,26.0,52.0
1795,605,7,1,36.0,36.0
1796,606,7,1,36.0,36.0
1797,606,15,1,30.0,30.0
1798,606,36,2,6.0,12.0
1799,606,32,1,37.0,37.0
1800,607,15,1,30.0,30.0
1801,607,16,2,32.0,64.0
1802,608,17,2,26.0,52.0
1803,609,19,2,18.0,36.0
1804,609,5,1,30.0,30.0
1805,610,37,2,18.0,36.0
1806,611,27,1,25.0,25.0
1807,611,24,2,24.0,48.0
1808,612,7,1,36.0,36.0
1809,612,13,2,28.0,56.0
1810,612,28,1,34.0,34.0
1811,612,16,3,32.0,96.0
1812,613,20,1,16.0,16.0
1813,613,5,1,30.0,30.0
1814,613,18,2,38.0,76.0
1815,613,34,1,10.0,10.0
1816,613,25,1,26.0,26.0
1817,614,8,2,24.0,48.0
1818,614,12,2,36.0,72.0
1819,614,4,1,22.0,22.0
1820,614,27,2,25.0,50.0
1821,614,20,2,16.0,32.0
1822,614,13,1,28.0,28.0
1823,615,2,2,34.0,68.0
1824,615,18,1,38.0,38.0
1825,615,13,1,28.0,28.0
1826,615,25,2,26.0,52.0
1827,615,32,1,37.0,37.0
1828,616,10,1,32.0,32.0
1829,617,12,1,36.0,36.0
1830,617,5,3,30.0,90.0
1831,618,12,2,36.0,72.0
1832,618,8,2,24.0,48.0
1833,618,9,1,35.0,35.0
1834,618,19,3,18.0,54.0
1835,619,15,1,30.0,30.0
1836,619,7,1,36.0,36.0
1837,620,2,2,34.0,68.0
1838,620,11,1,33.0,33.0
1839,621,3,2,42.0,84.0
1840,621,25,2,26.0,52.0
1841,622,5,2,30.0,60.0
1842,622,1,1,28.0,28.0
1843,622,34,3,10.0,30.0
1844,623,30,1,38.0,38.0
1845,623,1,1,28.0,28.0
1846,623,7,3,36.0,108.0
1847,624,1,1,28.0,28.0
1848,625,1,3,28.0,84.0
1849,626,2,1,34.0,34.0
1850,626,12,2,36.0,72.0
1851,626,5,1,30.0,30.0
1852,627,6,1,38.0,38.0
1853,627,19,3,18.0,54.0
1854,627,25,1,26.0,26.0
1855,627,7,1,36.0,36.0
1856,627,1,1,28.0,28.0
1857,628,1,1,28.0,28.0
1858,629,21,1,20.0,20.0
1859,629,24,2,24.0,48.0
1860,629,30,2,38.0,76.0
1861,630,6,3,38.0,114.0
1862,630,34,1,10.0,10.0
1863,631,2,2,34.0,68.0
1864,631,27,1,25.0,25.0
1865,631,3,1,42.0,42.0
1866,631,12,1,36.0,36.0
1867,632,1,2,28.0,56.0
1868,633,21,2,20.0,40.0
1869,633,11,2,33.0,66.0
1870,634,5,1,30.0,30.0
1871,634,4,1,22.0,22.0
1872,634,21,1,20.0,20.0
1873,635,35,2,9.0,18.0
1874,635,14,1,45.0,45.0
1875,635,8,1,24.0,24.0
1876,635,23,2,18.0,36.0
1877,636,4,1,22.0,22.0
1878,636,7,1,36.0,36.0
1879,637,8,2,24.0,48.0
1880,637,37,1,18.0,18.0
1881,637,1,2,28.0,56.0
1882,638,1,1,28.0,28.0
1883,639,14,1,45.0,45.0
1884,639,1,1,28.0,28.0
1885,639,22,2,22.0,44.0
1886,639,18,1,38.0,38.0
1887,639,2,1,34.0,34.0
1888,640,23,1,18.0,18.0
1889,640,13,2,28.0,56.0
1890,640,8,2,24.0,48.0
1891,640,34,2,10.0,20.0
1892,641,12,2,36.0,72.0
1893,641,9,1,35.0,35.0
1894,642,6,1,38.0,38.0
1895,643,2,1,34.0,34.0
1896,643,8,1,24.0,24.0
1897,644,35,2,9.0,18.0
1898,644,7,1,36.0,36.0
1899,645,9,2,35.0,70.0
1900,646,5,2,30.0,60.0
1901,646,16,1,32.0,32.0
1902,647,10,1,32.0,32.0
1903,647,7,1,36.0,36.0
1904,648,9,1,35.0,35.0
1905,648,20,1,16.0,16.0
1906,649,2,1,34.0,34.0
1907,649,23,1,18.0,18.0
1908,650,29,1,44.0,44.0
1909,650,23,1,18.0,18.0
1910,650,37,1,18.0,18.0
1911,650,7,1,36.0,36.0
1912,651,16,1,32.0,32.0
1913,651,5,1,30.0,30.0
1914,651,12,1,36.0,36.0
1915,652,25,1,26.0,26.0
1916,652,30,1,38.0,38.0
1917,653,6,3,38.0,114.0
1918,653,37,3,18.0,54.0
1919,653,29,2,44.0,88.0
1920,653,13,1,28.0,28.0
1921,653,4,1,22.0,22.0
1922,653,2,1,34.0,34.0
1923,654,4,2,22.0,44.0
1924,654,1,1,28.0,28.0
1925,655,10,1,32.0,32.0
1926,655,34,1,10.0,10.0
1927,655,4,2,22.0,44.0
1928,656,36,3,6.0,18.0
1929,656,13,1,28.0,28.0
1930,656,24,1,24.0,24.0
1931,657,6,1,38.0,38.0
1932,657,24,2,24.0,48.0
1933,658,12,3,36.0,108.0
1934,659,4,2,22.0,44.0
1935,659,35,1,9.0,9.0
1936,659,12,1,36.0,36.0
1937,659,26,1,42.0,42.0
1938,659,14,2,45.0,90.0
1939,660,5,1,30.0,30.0
1940,660,3,1,42.0,42.0
1941,660,7,1,36.0,36.0
1942,661,2,2,34.0,68.0
1943,661,25,1,26.0,26.0
1944,661,15,1,30.0,30.0
1945,661,12,1,36.0,36.0
1946,661,38,1,12.0,12.0
1947,661,5,3,30.0,90.0
1948,662,7,1,36.0,36.0
1949,662,25,2,26.0,52.0
1950,662,4,1,22.0,22.0
1951,663,36,2,6.0,12.0
1952,663,7,3,36.0,108.0
1953,663,2,3,34.0,102.0
1954,663,25,1,26.0,26.0
1955,664,1,3,28.0,84.0
1956,665,31,2,36.0,72.0
1957,665,10,1,32.0,32.0
1958,665,4,1,22.0,22.0
1959,666,8,1,24.0,24.0
1960,666,30,1,38.0,38.0
1961,667,38,1,12.0,12.0
1962,667,37,1,18.0,18.0
1963,668,40,3,10.0,30.0
1964,668,8,2,24.0,48.0
1965,668,16,1,32.0,32.0
1966,669,7,2,36.0,72.0
1967,669,2,1,34.0,34.0
1968,669,24,1,24.0,24.0
1969,670,8,1,24.0,24.0
1970,670,7,1,36.0,36.0
1971,670,35,1,9.0,9.0
1972,671,35,3,9.0,27.0
1973,671,25,1,26.0,26.0
1974,671,36,2,6.0,12.0
1975,671,13,1,28.0,28.0
1976,671,8,1,24.0,24.0
1977,671,14,1,45.0,45.0
1978,672,21,1,20.0,20.0
1979,672,7,1,36.0,36.0
1980,672,14,2,45.0,90.0
1981,673,37,1,18.0,18.0
1982,673,1,1,28.0,28.0
1983,674,10,1,32.0,32.0
1984,674,38,1,12.0,12.0
1985,675,3,1,42.0,42.0
1986,675,1,1,28.0,28.0
1987,675,21,2,20.0,40.0
1988,676,26,2,42.0,84.0
1989,676,12,1,36.0,36.0
1990,676,36,2,6.0,12.0
1991,677,6,2,38.0,76.0
1992,677,22,1,22.0,22.0
1993,677,14,1,45.0,45.0
1994,678,23,1,18.0,18.0
1995,678,6,2,38.0,76.0
1996,679,5,3,30.0,90.0
1997,680,14,1,45.0,45.0
1998,680,25,1,26.0,26.0
1999,681,2,2,34.0,68.0
2000,681,8,1,24.0,24.0
2001,682,9,1,35.0,35.0
2002,682,32,1,37.0,37.0
2003,683,8,1,24.0,24.0
2004,683,10,3,32.0,96.0
2005,683,5,1,30.0,30.0
2006,683,30,1,38.0,38.0
2007,683,2,2,34.0,68.0
2008,683,28,1,34.0,34.0
2009,684,6,1,38.0,38.0
2010,684,5,1,30.0,30.0
2011,684,1,1,28.0,28.0
2012,684,33,2,14.0,28.0
2013,684,17,1,26.0,26.0
2014,685,29,1,44.0,44.0
2015,685,25,3,26.0,78.0
2016,686,7,1,36.0,36.0
2017,686,25,1,26.0,26.0
2018,686,19,1,18.0,18.0
2019,686,8,2,24.0,48.0
2020,686,4,1,22.0,22.0
2021,686,1,1,28.0,28.0
2022,687,11,2,33.0,66.0
2023,687,21,1,20.0,20.0
2024,687,38,1,12.0,12.0
2025,688,3,2,42.0,84.0
2026,688,15,1,30.0,30.0
2027,688,18,1,38.0,38.0
2028,689,22,1,22.0,22.0
2029,689,1,1,28.0,28.0
2030,689,2,1,34.0,34.0
2031,690,24,1,24.0,24.0
2032,690,2,1,34.0,34.0
2033,690,32,3,37.0,111.0
2034,690,21,2,20.0,40.0
2035,690,8,1,24.0,24.0
2036,691,25,1,26.0,26.0
2037,691,35,1,9.0,9.0
2038,691,8,2,24.0,48.0
2039,691,30,2,38.0,76.0
2040,691,5,1,30.0,30.0
2041,692,40,1,10.0,10.0
2042,692,3,1,42.0,42.0
2043,692,30,1,38.0,38.0
2044,692,4,2,22.0,44.0
2045,693,29,1,44.0,44.0
2046,693,8,1,24.0,24.0
2047,693,12,1,36.0,36.0
2048,693,37,2,18.0,36.0
2049,693,32,3,37.0,111.0
2050,694,37,1,18.0,18.0
2051,695,25,2,26.0,52.0
2052,695,2,1,34.0,34.0
2053,696,32,1,37.0,37.0
2054,696,22,1,22.0,22.0
2055,696,23,2,18.0,36.0
2056,696,28,2,34.0,68.0
2057,696,4,1,22.0,22.0
2058,696,8,2,24.0,48.0
2059,697,7,3,36.0,108.0
2060,698,17,1,26.0,26.0
2061,698,31,2,36.0,72.0
2062,699,7,2,36.0,72.0
2063,699,2,2,34.0,68.0
2064,700,3,1,42.0,42.0
2065,700,18,1,38.0,38.0
2066,701,17,1,26.0,26.0
2067,701,18,2,38.0,76.0
2068,702,6,1,38.0,38.0
2069,702,19,3,18.0,54.0
2070,702,26,2,42.0,84.0
2071,702,39,2,8.0,16.0
2072,703,7,2,36.0,72.0
2073,703,29,1,44.0,44.0
2074,703,3,2,42.0,84.0
2075,704,12,2,36.0,72.0
2076,704,18,2,38.0,76.0
2077,704,35,2,9.0,18.0
2078,704,19,1,18.0,18.0
2079,705,9,3,35.0,105.0
2080,705,19,1,18.0,18.0
2081,706,5,3,30.0,90.0
2082,706,12,1,36.0,36.0
2083,707,32,1,37.0,37.0
2084,707,37,3,18.0,54.0
2085,708,7,3,36.0,108.0
2086,708,20,1,16.0,16.0
2087,708,32,1,37.0,37.0
2088,708,23,3,18.0,54.0
2089,709,1,2,28.0,56.0
2090,710,16,1,32.0,32.0
2091,711,2,1,34.0,34.0
2092,711,26,3,42.0,126.0
2093,711,31,1,36.0,36.0
2094,712,1,2,28.0,56.0
2095,712,32,2,37.0,74.0
2096,713,21,2,20.0,40.0
2097,713,3,1,42.0,42.0
2098,714,11,2,33.0,66.0
2099,714,21,1,20.0,20.0
2100,715,11,1,33.0,33.0
2101,715,14,1,45.0,45.0
2102,716,9,2,35.0,70.0
2103,716,22,1,22.0,22.0
2104,716,2,2,34.0,68.0
2105,717,12,1,36.0,36.0
2106,717,19,1,18.0,18.0
2107,717,29,1,44.0,44.0
2108,717,5,1,30.0,30.0
2109,717,18,2,38.0,76.0
2110,717,8,1,24.0,24.0
2111,718,10,1,32.0,32.0
2112,718,11,1,33.0,33.0
2113,718,16,1,32.0,32.0
2114,719,16,1,32.0,32.0
2115,719,1,1,28.0,28.0
2116,719,10,2,32.0,64.0
2117,719,8,1,24.0,24.0
2118,720,38,3,12.0,36.0
2119,720,8,2,24.0,48.0
2120,721,2,1,34.0,34.0
2121,721,16,3,32.0,96.0
2122,721,21,1,20.0,20.0
2123,721,5,1,30.0,30.0
2124,721,20,2,16.0,32.0
2125,721,6,1,38.0,38.0
2126,722,5,3,30.0,90.0
2127,722,37,2,18.0,36.0
2128,722,8,2,24.0,48.0
2129,722,12,1,36.0,36.0
2130,723,14,1,45.0,45.0
2131,723,7,1,36.0,36.0
2132,724,16,1,32.0,32.0
2133,724,11,2,33.0,66.0
2134,725,37,1,18.0,18.0
2135,725,10,1,32.0,32.0
2136,726,15,3,30.0,90.0
2137,726,8,3,24.0,72.0
2138,726,7,2,36.0,72.0
2139,726,3,1,42.0,42.0
2140,727,36,1,6.0,6.0
2141,727,31,1,36.0,36.0
2142,728,5,1,30.0,30.0
2143,729,21,1,20.0,20.0
2144,729,10,1,32.0,32.0
2145,729,12,1,36.0,36.0
2146,730,7,1,36.0,36.0
2147,730,36,3,6.0,18.0
2148,730,5,1,30.0,30.0
2149,731,10,1,32.0,32.0
2150,731,5,2,30.0,60.0
2151,731,7,2,36.0,72.0
2152,732,7,3,36.0,108.0
2153,733,4,2,22.0,44.0
2154,733,8,1,24.0,24.0
2155,734,32,1,37.0,37.0
2156,734,2,1,34.0,34.0
2157,734,5,1,30.0,30.0
2158,735,20,1,16.0,16.0
2159,735,2,1,34.0,34.0
2160,735,37,2,18.0,36.0
2161,735,6,2,38.0,76.0
2162,736,2,2,34.0,68.0
2163,736,17,1,26.0,26.0
2164,736,7,2,36.0,72.0
2165,737,36,1,6.0,6.0
2166,737,15,1,30.0,30.0
2167,737,27,1,25.0,25.0
2168,738,12,2,36.0,72.0
2169,739,24,1,24.0,24.0
2170,739,36,1,6.0,6.0
2171,739,12,3,36.0,108.0
2172,740,30,1,38.0,38.0
2173,740,7,2,36.0,72.0
2174,741,19,1,18.0,18.0
2175,741,7,3,36.0,108.0
2176,742,9,1,35.0,35.0
2177,742,40,1,10.0,10.0
2178,742,7,3,36.0,108.0
2179,742,32,1,37.0,37.0
2180,743,4,1,22.0,22.0
2181,743,1,2,28.0,56.0
2182,743,21,2,20.0,40.0
2183,744,2,1,34.0,34.0
2184,744,1,1,28.0,28.0
2185,744,29,2,44.0,88.0
2186,745,38,1,12.0,12.0
2187,745,25,2,26.0,52.0
2188,745,7,1,36.0,36.0
2189,746,8,1,24.0,24.0
2190,746,15,1,30.0,30.0
2191,746,24,1,24.0,24.0
2192,746,5,3,30.0,90.0
2193,747,38,1,12.0,12.0
2194,747,5,1,30.0,30.0
2195,748,8,2,24.0,48.0
2196,748,30,2,38.0,76.0
2197,748,26,1,42.0,42.0
2198,748,23,1,18.0,18.0
2199,748,11,2,33.0,66.0
2200,748,13,3,28.0,84.0
2201,749,8,2,24.0,48.0
2202,749,5,1,30.0,30.0
2203,749,6,1,38.0,38.0
2204,749,38,1,12.0,12.0
2205,750,13,1,28.0,28.0
2206,750,23,2,18.0,36.0
2207,750,24,3,24.0,72.0
2208,751,28,2,34.0,68.0
2209,751,30,1,38.0,38.0
2210,751,2,2,34.0,68.0
2211,751,4,1,22.0,22.0
2212,752,34,1,10.0,10.0
2213,752,28,2,34.0,68.0
2214,752,20,2,16.0,32.0
2215,752,14,1,45.0,45.0
2216,752,22,1,22.0,22.0
2217,752,24,2,24.0,48.0
2218,753,1,1,28.0,28.0
2219,753,31,1,36.0,36.0
2220,754,33,1,14.0,14.0
2221,754,12,1,36.0,36.0
2222,754,34,3,10.0,30.0
2223,754,19,2,18.0,36.0
2224,755,20,3,16.0,48.0
2225,755,13,1,28.0,28.0
2226,755,8,2,24.0,48.0
2227,755,23,1,18.0,18.0
2228,755,24,3,24.0,72.0
2229,756,28,1,34.0,34.0
2230,757,3,1,42.0,42.0
2231,758,12,1,36.0,36.0
2232,758,37,1,18.0,18.0
2233,758,28,2,34.0,68.0
2234,758,2,2,34.0,68.0
2235,758,11,1,33.0,33.0
2236,759,12,1,36.0,36.0
2237,759,36,1,6.0,6.0
2238,760,29,1,44.0,44.0
2239,760,26,1,42.0,42.0
2240,760,34,3,10.0,30.0
2241,760,8,1,24.0,24.0
2242,760,16,2,32.0,64.0
2243,761,3,3,42.0,126.0
2244,761,26,3,42.0,126.0
2245,761,7,1,36.0,36.0
2246,761,23,3,18.0,54.0
2247,762,35,2,9.0,18.0
2248,762,7,1,36.0,36.0
2249,763,1,3,28.0,84.0
2250,763,31,2,36.0,72.0
2251,763,13,1,28.0,28.0
2252,763,12,1,36.0,36.0
2253,764,26,1,42.0,42.0
2254,764,10,2,32.0,64.0
2255,765,7,2,36.0,72.0
2256,765,31,3,36.0,108.0
2257,765,5,1,30.0,30.0
2258,765,35,2,9.0,18.0
2259,765,8,1,24.0,24.0
2260,765,21,1,20.0,20.0
2261,766,10,3,32.0,96.0
2262,766,16,1,32.0,32.0
2263,766,20,1,16.0,16.0
2264,766,25,3,26.0,78.0
2265,767,22,1,22.0,22.0
2266,768,23,1,18.0,18.0
2267,768,19,2,18.0,36.0
2268,768,18,1,38.0,38.0
2269,769,8,1,24.0,24.0
2270,769,33,3,14.0,42.0
2271,769,5,2,30.0,60.0
2272,770,7,1,36.0,36.0
2273,770,1,1,28.0,28.0
2274,770,9,1,35.0,35.0
2275,771,38,1,12.0,12.0
2276,771,37,1,18.0,18.0
2277,772,5,1,30.0,30.0
2278,773,29,2,44.0,88.0
2279,773,11,2,33.0,66.0
2280,773,20,1,16.0,16.0
2281,774,3,1,42.0,42.0
2282,774,1,3,28.0,84.0
2283,774,2,2,34.0,68.0
2284,775,8,1,24.0,24.0
2285,775,1,1,28.0,28.0
2286,775,22,1,22.0,22.0
2287,775,10,1,32.0,32.0
2288,776,7,1,36.0,36.0
2289,776,5,1,30.0,30.0
2290,776,9,2,35.0,70.0
2291,776,26,1,42.0,42.0
2292,776,2,3,34.0,102.0
2293,776,30,2,38.0,76.0
2294,777,1,1,28.0,28.0
2295,777,36,1,6.0,6.0
2296,777,7,2,36.0,72.0
2297,777,35,1,9.0,9.0
2298,778,7,1,36.0,36.0
2299,778,8,1,24.0,24.0
2300,778,5,1,30.0,30.0
2301,779,16,2,32.0,64.0
2302,780,7,2,36.0,72.0
2303,780,3,2,42.0,84.0
2304,780,1,2,28.0,56.0
2305,781,23,1,18.0,18.0
2306,781,27,1,25.0,25.0
2307,782,7,1,36.0,36.0
2308,782,17,1,26.0,26.0
2309,782,6,3,38.0,114.0
2310,783,17,1,26.0,26.0
2311,783,29,1,44.0,44.0
2312,783,2,2,34.0,68.0
2313,783,37,2,18.0,36.0
2314,783,8,2,24.0,48.0
2315,783,12,2,36.0,72.0
2316,784,31,1,36.0,36.0
2317,784,33,1,14.0,14.0
2318,784,2,1,34.0,34.0
2319,784,28,1,34.0,34.0
2320,784,37,2,18.0,36.0
2321,785,7,3,36.0,108.0
2322,785,8,1,24.0,24.0
2323,785,1,2,28.0,56.0
2324,786,25,1,26.0,26.0
2325,786,23,3,18.0,54.0
2326,786,12,1,36.0,36.0
2327,786,28,1,34.0,34.0
2328,786,32,2,37.0,74.0
2329,786,2,2,34.0,68.0
2330,787,38,1,12.0,12.0
2331,787,7,1,36.0,36.0
2332,788,4,1,22.0,22.0
2333,788,36,1,6.0,6.0
2334,788,11,2,33.0,66.0
2335,789,33,1,14.0,14.0
2336,789,15,1,30.0,30.0
2337,790,18,1,38.0,38.0
2338,790,5,1,30.0,30.0
2339,791,38,3,12.0,36.0
2340,791,6,2,38.0,76.0
2341,791,31,1,36.0,36.0
2342,791,34,1,10.0,10.0
2343,791,30,1,38.0,38.0
2344,792,37,2,18.0,36.0
2345,792,20,3,16.0,48.0
2346,793,12,1,36.0,36.0
2347,793,16,3,32.0,96.0
2348,793,10,2,32.0,64.0
2349,794,13,2,28.0,56.0
2350,794,14,3,45.0,135.0
2351,794,12,1,36.0,36.0
2352,794,7,3,36.0,108.0
2353,795,23,1,18.0,18.0
2354,795,32,1,37.0,37.0
2355,795,7,2,36.0,72.0
2356,795,8,2,24.0,48.0
2357,795,1,2,28.0,56.0
2358,796,8,2,24.0,48.0
2359,796,37,1,18.0,18.0
2360,796,24,1,24.0,24.0
2361,796,1,1,28.0,28.0
2362,797,40,2,10.0,20.0
2363,797,5,2,30.0,60.0
2364,797,36,2,6.0,12.0
2365,797,35,2,9.0,18.0
2366,797,2,1,34.0,34.0
2367,798,3,1,42.0,42.0
2368,798,12,2,36.0,72.0
2369,798,20,1,16.0,16.0
2370,798,26,1,42.0,42.0
2371,799,7,2,36.0,72.0
2372,799,29,2,44.0,88.0
2373,799,5,2,30.0,60.0
2374,800,33,2,14.0,28.0
2375,800,10,2,32.0,64.0
2376,800,20,1,16.0,16.0
2377,800,28,1,34.0,34.0
2378,801,7,1,36.0,36.0
2379,801,1,2,28.0,56.0
2380,801,25,1,26.0,26.0
2381,801,29,1,44.0,44.0
2382,801,37,1,18.0,18.0
2383,802,2,2,34.0,68.0
2384,803,16,2,32.0,64.0
2385,803,2,1,34.0,34.0
2386,803,15,1,30.0,30.0
2387,804,5,1,30.0,30.0
2388,804,40,3,10.0,30.0
2389,804,13,1,28.0,28.0
2390,805,5,3,30.0,90.0
2391,806,21,3,20.0,60.0
2392,806,27,1,25.0,25.0
2393,806,11,1,33.0,33.0
2394,806,16,1,32.0,32.0
2395,807,14,2,45.0,90.0
2396,807,3,1,42.0,42.0
2397,808,16,1,32.0,32.0
2398,808,1,1,28.0,28.0
2399,808,17,2,26.0,52.0
2400,809,16,1,32.0,32.0
2401,809,30,1,38.0,38.0
2402,810,18,1,38.0,38.0
2403,810,8,1,24.0,24.0
2404,810,4,2,22.0,44.0
2405,811,36,1,6.0,6.0
2406,811,5,1,30.0,30.0
2407,811,20,1,16.0,16.0
2408,812,25,1,26.0,26.0
2409,812,12,1,36.0,36.0
2410,813,1,3,28.0,84.0
2411,813,2,2,34.0,68.0
2412,813,12,1,36.0,36.0
2413,814,4,1,22.0,22.0
2414,814,1,2,28.0,56.0
2415,814,16,1,32.0,32.0
2416,814,6,1,38.0,38.0
2417,815,3,2,42.0,84.0
2418,815,5,1,30.0,30.0
2419,816,32,1,37.0,37.0
2420,816,39,2,8.0,16.0
2421,816,16,1,32.0,32.0
2422,817,13,2,28.0,56.0
2423,817,24,2,24.0,48.0
2424,817,7,2,36.0,72.0
2425,817,9,1,35.0,35.0
2426,818,26,2,42.0,84.0
2427,818,10,1,32.0,32.0
2428,818,3,1,42.0,42.0
2429,818,11,1,33.0,33.0
2430,819,33,1,14.0,14.0
2431,819,11,1,33.0,33.0
2432,819,15,1,30.0,30.0
2433,819,36,1,6.0,6.0
2434,820,29,1,44.0,44.0
2435,820,32,1,37.0,37.0
2436,820,37,1,18.0,18.0
2437,820,1,1,28.0,28.0
2438,821,8,1,24.0,24.0
2439,821,4,1,22.0,22.0
2440,821,9,1,35.0,35.0
2441,821,1,1,28.0,28.0
2442,822,37,1,18.0,18.0
2443,822,12,1,36.0,36.0
2444,822,8,3,24.0,72.0
2445,823,25,1,26.0,26.0
2446,823,7,1,36.0,36.0
2447,823,2,1,34.0,34.0
2448,824,1,1,28.0,28.0
2449,824,32,1,37.0,37.0
2450,824,11,3,33.0,99.0
2451,825,2,2,34.0,68.0
2452,825,16,3,32.0,96.0
2453,825,17,3,26.0,78.0
2454,826,1,1,28.0,28.0
2455,826,37,3,18.0,54.0
2456,826,28,1,34.0,34.0
2457,826,34,2,10.0,20.0
2458,827,17,1,26.0,26.0
2459,828,13,2,28.0,56.0
2460,829,15,2,30.0,60.0
2461,829,27,1,25.0,25.0
2462,829,36,1,6.0,6.0
2463,830,28,1,34.0,34.0
2464,830,35,1,9.0,9.0
2465,831,8,1,24.0,24.0
2466,831,25,1,26.0,26.0
2467,832,10,1,32.0,32.0
2468,833,30,1,38.0,38.0
2469,833,27,1,25.0,25.0
2470,833,20,2,16.0,32.0
2471,833,3,2,42.0,84.0
2472,833,22,1,22.0,22.0
2473,834,29,2,44.0,88.0
2474,834,40,1,10.0,10.0
2475,834,28,1,34.0,34.0
2476,835,36,2,6.0,12.0
2477,835,35,1,9.0,9.0
2478,836,3,3,42.0,126.0
2479,836,23,2,18.0,36.0
2480,837,10,1,32.0,32.0
2481,837,1,1,28.0,28.0
2482,838,19,2,18.0,36.0
2483,838,1,2,28.0,56.0
2484,838,20,1,16.0,16.0
2485,839,39,1,8.0,8.0
2486,839,37,2,18.0,36.0
2487,840,2,1,34.0,34.0
2488,840,6,3,38.0,114.0
2489,840,3,1,42.0,42.0
2490,840,12,3,36.0,108.0
2491,841,39,1,8.0,8.0
2492,841,12,2,36.0,72.0
2493,842,13,1,28.0,28.0
2494,842,23,1,18.0,18.0
2495,843,7,1,36.0,36.0
2496,843,15,1,30.0,30.0
2497,843,16,1,32.0,32.0
2498,843,34,1,10.0,10.0
2499,843,13,1,28.0,28.0
2500,843,9,3,35.0,105.0
2501,844,29,1,44.0,44.0
2502,844,12,2,36.0,72.0
2503,844,2,2,34.0,68.0
2504,845,5,1,30.0,30.0
2505,845,6,1,38.0,38.0
2506,845,35,3,9.0,27.0
2507,846,2,3,34.0,102.0
2508,846,4,2,22.0,44.0
2509,847,13,1,28.0,28.0
2510,847,2,1,34.0,34.0
2511,847,7,2,36.0,72.0
2512,848,7,3,36.0,108.0
2513,848,26,3,42.0,126.0
2514,848,30,1,38.0,38.0
2515,849,37,2,18.0,36.0
2516,849,8,2,24.0,48.0
2517,850,30,1,38.0,38.0
2518,850,1,1,28.0,28.0
2519,850,10,1,32.0,32.0
2520,851,10,1,32.0,32.0
2521,851,27,3,25.0,75.0
2522,851,6,2,38.0,76.0
2523,851,13,2,28.0,56.0
2524,852,2,3,34.0,102.0
2525,852,22,2,22.0,44.0
2526,852,35,2,9.0,18.0
2527,852,27,1,25.0,25.0
2528,852,7,1,36.0,36.0
2529,853,12,2,36.0,72.0
2530,853,15,1,30.0,30.0
2531,854,22,3,22.0,66.0
2532,854,30,1,38.0,38.0
2533,854,7,2,36.0,72.0
2534,855,34,1,10.0,10.0
2535,855,7,1,36.0,36.0
2536,855,35,1,9.0,9.0
2537,856,3,1,42.0,42.0
2538,857,5,2,30.0,60.0
2539,858,13,1,28.0,28.0
2540,858,10,1,32.0,32.0
2541,858,4,1,22.0,22.0
2542,858,27,1,25.0,25.0
2543,859,2,1,34.0,34.0
2544,859,5,1,30.0,30.0
2545,860,6,1,38.0,38.0
2546,860,7,2,36.0,72.0
2547,860,35,1,9.0,9.0
2548,861,40,3,10.0,30.0
2549,861,13,1,28.0,28.0
2550,861,37,3,18.0,54.0
2551,861,9,1,35.0,35.0
2552,862,6,2,38.0,76.0
2553,862,5,1,30.0,30.0
2554,862,32,3,37.0,111.0
2555,862,3,1,42.0,42.0
2556,862,20,1,16.0,16.0
2557,863,7,1,36.0,36.0
2558,863,16,1,32.0,32.0
2559,864,37,2,18.0,36.0
2560,864,7,1,36.0,36.0
2561,864,33,1,14.0,14.0
2562,865,36,2,6.0,12.0
2563,865,21,1,20.0,20.0
2564,865,5,1,30.0,30.0
2565,865,18,1,38.0,38.0
2566,865,2,1,34.0,34.0
2567,866,28,1,34.0,34.0
2568,866,4,1,22.0,22.0
2569,866,25,1,26.0,26.0
2570,867,10,2,32.0,64.0
2571,867,18,2,38.0,76.0
2572,867,3,2,42.0,84.0
2573,867,14,3,45.0,135.0
2574,867,12,3,36.0,108.0
2575,868,1,1,28.0,28.0
2576,868,15,2,30.0,60.0
2577,868,11,2,33.0,66.0
2578,868,32,3,37.0,111.0
2579,868,2,1,34.0,34.0
2580,869,6,1,38.0,38.0
2581,869,16,1,32.0,32.0
2582,869,13,1,28.0,28.0
2583,870,24,1,24.0,24.0
2584,871,12,1,36.0,36.0
2585,871,33,2,14.0,28.0
2586,871,7,1,36.0,36.0
2587,872,29,1,44.0,44.0
2588,872,23,2,18.0,36.0
2589,873,24,2,24.0,48.0
2590,873,7,1,36.0,36.0
2591,874,6,2,38.0,76.0
2592,874,29,1,44.0,44.0
2593,874,16,1,32.0,32.0
2594,874,20,1,16.0,16.0
2595,875,37,2,18.0,36.0
2596,875,30,2,38.0,76.0
2597,875,6,1,38.0,38.0
2598,876,2,2,34.0,68.0
2599,877,7,1,36.0,36.0
2600,877,26,1,42.0,42.0
2601,877,39,2,8.0,16.0
2602,877,34,1,10.0,10.0
2603,878,8,2,24.0,48.0
2604,878,9,2,35.0,70.0
2605,878,26,1,42.0,42.0
2606,878,32,1,37.0,37.0
2607,879,33,1,14.0,14.0
2608,879,24,2,24.0,48.0
2609,879,36,2,6.0,12.0
2610,880,6,2,38.0,76.0
2611,880,16,1,32.0,32.0
2612,880,33,1,14.0,14.0
2613,881,8,1,24.0,24.0
2614,881,16,2,32.0,64.0
2615,881,29,1,44.0,44.0
2616,881,9,1,35.0,35.0
2617,882,4,1,22.0,22.0
2618,882,13,1,28.0,28.0
2619,882,6,3,38.0,114.0
2620,883,7,2,36.0,72.0
2621,883,31,1,36.0,36.0
2622,883,13,1,28.0,28.0
2623,884,21,3,20.0,60.0
2624,885,23,1,18.0,18.0
2625,885,6,2,38.0,76.0
2626,885,29,1,44.0,44.0
2627,886,5,2,30.0,60.0
2628,886,2,1,34.0,34.0
2629,886,7,1,36.0,36.0
2630,886,19,1,18.0,18.0
2631,887,5,1,30.0,30.0
2632,887,3,2,42.0,84.0
2633,887,2,1,34.0,34.0
2634,887,23,3,18.0,54.0
2635,888,16,1,32.0,32.0
2636,889,6,1,38.0,38.0
2637,889,22,1,22.0,22.0
2638,890,8,1,24.0,24.0
2639,890,1,2,28.0,56.0
2640,890,3,1,42.0,42.0
2641,891,3,2,42.0,84.0
2642,891,7,1,36.0,36.0
2643,892,6,1,38.0,38.0
2644,893,7,1,36.0,36.0
2645,893,5,1,30.0,30.0
2646,893,14,1,45.0,45.0
2647,894,13,1,28.0,28.0
2648,895,4,2,22.0,44.0
2649,896,16,1,32.0,32.0
2650,896,9,1,35.0,35.0
2651,896,28,1,34.0,34.0
2652,896,23,2,18.0,36.0
2653,897,30,1,38.0,38.0
2654,897,3,2,42.0,84.0
2655,897,2,2,34.0,68.0
2656,897,8,2,24.0,48.0
2657,898,33,1,14.0,14.0
2658,898,1,1,28.0,28.0
2659,899,25,1,26.0,26.0
2660,899,4,2,22.0,44.0
2661,899,12,1,36.0,36.0
2662,900,9,1,35.0,35.0
2663,901,40,3,10.0,30.0
2664,901,9,1,35.0,35.0
2665,901,30,2,38.0,76.0
2666,901,31,1,36.0,36.0
2667,902,32,1,37.0,37.0
2668,902,12,2,36.0,72.0
2669,902,21,2,20.0,40.0
2670,903,14,1,45.0,45.0
2671,903,1,1,28.0,28.0
2672,903,3,2,42.0,84.0
2673,904,4,1,22.0,22.0
2674,904,22,1,22.0,22.0
2675,904,3,3,42.0,126.0
2676,904,39,1,8.0,8.0
2677,904,2,2,34.0,68.0
2678,905,7,1,36.0,36.0
2679,905,21,1,20.0,20.0
2680,906,21,3,20.0,60.0
2681,906,25,1,26.0,26.0
2682,906,23,1,18.0,18.0
2683,906,6,1,38.0,38.0
2684,907,37,2,18.0,36.0
2685,907,3,2,42.0,84.0
2686,907,12,1,36.0,36.0
2687,908,2,2,34.0,68.0
2688,908,4,1,22.0,22.0
2689,908,14,1,45.0,45.0
2690,909,33,2,14.0,28.0
2691,909,4,3,22.0,66.0
2692,909,5,1,30.0,30.0
2693,909,7,1,36.0,36.0
2694,910,13,1,28.0,28.0
2695,910,5,1,30.0,30.0
2696,910,37,1,18.0,18.0
2697,911,10,2,32.0,64.0
2698,911,6,3,38.0,114.0
2699,911,1,1,28.0,28.0
2700,911,40,1,10.0,10.0
2701,912,13,1,28.0,28.0
2702,912,31,1,36.0,36.0
2703,912,36,2,6.0,12.0
2704,912,22,1,22.0,22.0
2705,913,18,2,38.0,76.0
2706,913,9,2,35.0,70.0
2707,913,11,1,33.0,33.0
2708,913,7,1,36.0,36.0
2709,914,12,1,36.0,36.0
2710,914,2,2,34.0,68.0
2711,915,1,1,28.0,28.0
2712,915,14,1,45.0,45.0
2713,915,6,2,38.0,76.0
2714,915,11,1,33.0,33.0
2715,915,4,2,22.0,44.0
2716,915,2,1,34.0,34.0
2717,916,29,2,44.0,88.0
2718,916,8,1,24.0,24.0
2719,916,34,1,10.0,10.0
2720,917,2,1,34.0,34.0
2721,917,14,1,45.0,45.0
2722,917,15,1,30.0,30.0
2723,918,7,1,36.0,36.0
2724,918,27,1,25.0,25.0
2725,919,4,1,22.0,22.0
2726,919,3,1,42.0,42.0
2727,919,2,1,34.0,34.0
2728,920,16,1,32.0,32.0
2729,920,9,2,35.0,70.0
2730,921,4,1,22.0,22.0
2731,921,6,2,38.0,76.0
2732,921,30,1,38.0,38.0
2733,921,5,3,30.0,90.0
2734,921,13,1,28.0,28.0
2735,922,37,1,18.0,18.0
2736,922,8,2,24.0,48.0
2737,922,7,1,36.0,36.0
2738,923,39,3,8.0,24.0
2739,923,3,2,42.0,84.0
2740,924,31,1,36.0,36.0
2741,924,15,2,30.0,60.0
2742,924,11,1,33.0,33.0
2743,924,16,1,32.0,32.0
2744,925,25,2,26.0,52.0
2745,925,30,1,38.0,38.0
2746,925,11,1,33.0,33.0
2747,926,10,2,32.0,64.0
2748,926,9,1,35.0,35.0
2749,927,15,1,30.0,30.0
2750,927,11,1,33.0,33.0
2751,927,23,1,18.0,18.0
2752,928,2,1,34.0,34.0
2753,928,14,3,45.0,135.0
2754,928,8,1,24.0,24.0
2755,928,21,1,20.0,20.0
2756,928,36,1,6.0,6.0
2757,929,23,1,18.0,18.0
2758,929,8,1,24.0,24.0
2759,930,30,2,38.0,76.0
2760,931,4,1,22.0,22.0
2761,931,26,2,42.0,84.0
2762,931,1,1,28.0,28.0
2763,931,33,1,14.0,14.0
2764,932,26,2,42.0,84.0
2765,932,12,1,36.0,36.0
2766,932,11,1,33.0,33.0
2767,932,31,1,36.0,36.0
2768,932,2,1,34.0,34.0
2769,933,9,2,35.0,70.0
2770,933,14,1,45.0,45.0
2771,933,3,1,42.0,42.0
2772,934,3,2,42.0,84.0
2773,935,5,1,30.0,30.0
2774,935,19,3,18.0,54.0
2775,935,23,1,18.0,18.0
2776,935,33,1,14.0,14.0
2777,935,13,1,28.0,28.0
2778,935,1,1,28.0,28.0
2779,936,5,3,30.0,90.0
2780,936,24,2,24.0,48.0
2781,936,21,3,20.0,60.0
2782,937,38,1,12.0,12.0
2783,937,24,1,24.0,24.0
2784,937,34,1,10.0,10.0
2785,937,2,1,34.0,34.0
2786,938,22,1,22.0,22.0
2787,938,21,2,20.0,40.0
2788,939,15,2,30.0,60.0
2789,939,17,2,26.0,52.0
2790,939,14,3,45.0,135.0
2791,939,31,1,36.0,36.0
2792,939,22,1,22.0,22.0
2793,939,10,1,32.0,32.0
2794,940,2,2,34.0,68.0
2795,940,30,1,38.0,38.0
2796,941,13,2,28.0,56.0
2797,942,5,2,30.0,60.0
2798,942,1,1,28.0,28.0
2799,942,14,1,45.0,45.0
2800,943,3,2,42.0,84.0
2801,943,37,1,18.0,18.0
2802,943,1,2,28.0,56.0
2803,943,5,2,30.0,60.0
2804,944,7,2,36.0,72.0
2805,944,6,1,38.0,38.0
2806,944,23,1,18.0,18.0
2807,945,27,1,25.0,25.0
2808,945,12,2,36.0,72.0
2809,946,8,1,24.0,24.0
2810,946,34,1,10.0,10.0
2811,946,6,2,38.0,76.0
2812,946,39,1,8.0,8.0
2813,946,36,1,6.0,6.0
2814,947,8,3,24.0,72.0
2815,947,1,1,28.0,28.0
2816,947,35,1,9.0,9.0
2817,947,26,1,42.0,42.0
2818,947,16,2,32.0,64.0
2819,947,37,1,18.0,18.0
2820,948,5,2,30.0,60.0
2821,948,27,1,25.0,25.0
2822,948,3,2,42.0,84.0
2823,948,6,3,38.0,114.0
2824,949,37,1,18.0,18.0
2825,949,35,3,9.0,27.0
2826,949,12,1,36.0,36.0
2827,949,33,1,14.0,14.0
2828,950,40,1,10.0,10.0
2829,951,7,1,36.0,36.0
2830,952,13,2,28.0,56.0
2831,952,7,1,36.0,36.0
2832,952,8,1,24.0,24.0
2833,953,16,1,32.0,32.0
2834,953,20,2,16.0,32.0
2835,953,8,1,24.0,24.0
2836,953,7,1,36.0,36.0
2837,954,28,1,34.0,34.0
2838,954,24,2,24.0,48.0
2839,954,29,1,44.0,44.0
2840,955,7,2,36.0,72.0
2841,955,2,1,34.0,34.0
2842,955,9,3,35.0,105.0
2843,955,33,2,14.0,28.0
2844,956,23,2,18.0,36.0
2845,957,34,2,10.0,20.0
2846,957,12,1,36.0,36.0
2847,957,36,2,6.0,12.0
2848,957,1,1,28.0,28.0
2849,957,29,1,44.0,44.0
2850,958,6,1,38.0,38.0
2851,958,26,3,42.0,126.0
2852,959,35,2,9.0,18.0
2853,959,19,3,18.0,54.0
2854,960,5,2,30.0,60.0
2855,961,12,1,36.0,36.0
2856,961,1,2,28.0,56.0
2857,961,9,2,35.0,70.0
2858,962,9,1,35.0,35.0
2859,962,8,1,24.0,24.0
2860,963,32,1,37.0,37.0
2861,963,1,1,28.0,28.0
2862,963,13,1,28.0,28.0
2863,964,26,1,42.0,42.0
2864,964,16,2,32.0,64.0
2865,965,4,2,22.0,44.0
2866,965,18,3,38.0,114.0
2867,965,34,1,10.0,10.0
2868,966,39,1,8.0,8.0
2869,966,7,2,36.0,72.0
2870,966,30,1,38.0,38.0
2871,967,34,1,10.0,10.0
2872,967,17,3,26.0,78.0
2873,968,2,1,34.0,34.0
2874,968,1,3,28.0,84.0
2875,968,7,3,36.0,108.0
2876,969,6,1,38.0,38.0
2877,969,7,1,36.0,36.0
2878,969,29,1,44.0,44.0
2879,970,2,2,34.0,68.0
2880,970,20,3,16.0,48.0
2881,970,22,1,22.0,22.0
2882,970,6,1,38.0,38.0
2883,970,4,1,22.0,22.0
2884,970,40,1,10.0,10.0
2885,971,7,1,36.0,36.0
2886,971,21,2,20.0,40.0
2887,971,6,1,38.0,38.0
2888,971,5,2,30.0,60.0
2889,971,12,1,36.0,36.0
2890,971,32,1,37.0,37.0
2891,972,18,1,38.0,38.0
2892,972,27,2,25.0,50.0
2893,972,15,1,30.0,30.0
2894,973,39,1,8.0,8.0
2895,973,25,1,26.0,26.0
2896,973,32,3,37.0,111.0
2897,973,3,1,42.0,42.0
2898,973,8,1,24.0,24.0
2899,973,14,1,45.0,45.0
2900,974,7,2,36.0,72.0
2901,975,20,2,16.0,32.0
2902,975,24,1,24.0,24.0
2903,976,37,2,18.0,36.0
2904,976,7,1,36.0,36.0
2905,976,18,3,38.0,114.0
2906,977,12,2,36.0,72.0
2907,977,2,1,34.0,34.0
2908,977,14,1,45.0,45.0
2909,977,3,2,42.0,84.0
2910,978,12,1,36.0,36.0
2911,978,1,1,28.0,28.0
2912,978,40,1,10.0,10.0
2913,979,13,1,28.0,28.0
2914,979,39,1,8.0,8.0
2915,979,37,1,18.0,18.0
2916,979,5,1,30.0,30.0
2917,980,33,2,14.0,28.0
2918,980,34,2,10.0,20.0
2919,981,10,2,32.0,64.0
2920,982,1,2,28.0,56.0
2921,982,30,2,38.0,76.0
2922,982,33,1,14.0,14.0
2923,983,1,1,28.0,28.0
2924,983,36,1,6.0,6.0
2925,983,6,1,38.0,38.0
2926,983,40,1,10.0,10.0
2927,984,13,1,28.0,28.0
2928,984,1,1,28.0,28.0
2929,984,35,2,9.0,18.0
2930,985,14,1,45.0,45.0
2931,985,38,2,12.0,24.0
2932,985,20,2,16.0,32.0
2933,986,17,3,26.0,78.0
2934,986,9,1,35.0,35.0
2935,987,27,1,25.0,25.0
2936,987,16,2,32.0,64.0
2937,988,40,2,10.0,20.0
2938,988,12,3,36.0,108.0
2939,988,14,1,45.0,45.0
2940,989,11,1,33.0,33.0
2941,990,2,1,34.0,34.0
2942,990,38,3,12.0,36.0
2943,990,7,1,36.0,36.0
2944,991,24,1,24.0,24.0
2945,991,10,1,32.0,32.0
2946,991,19,2,18.0,36.0
2947,992,39,1,8.0,8.0
2948,992,23,3,18.0,54.0
2949,993,23,1,18.0,18.0
2950,993,2,1,34.0,34.0
2951,994,29,1,44.0,44.0
2952,995,11,1,33.0,33.0
2953,995,39,2,8.0,16.0
2954,996,35,1,9.0,9.0
2955,997,15,1,30.0,30.0
2956,997,8,1,24.0,24.0
2957,998,22,2,22.0,44.0
2958,998,3,1,42.0,42.0
2959,998,19,1,18.0,18.0
2960,998,1,3,28.0,84.0
2961,999,18,3,38.0,114.0
2962,999,39,1,8.0,8.0
2963,999,24,1,24.0,24.0
2964,999,8,2,24.0,48.0
2965,999,23,2,18.0,36.0
2966,1000,2,1,34.0,34.0
2967,1000,20,2,16.0,32.0
2968,1000,24,2,24.0,48.0
2969,1001,13,1,28.0,28.0
2970,1001,36,1,6.0,6.0
2971,1001,1,1,28.0,28.0
2972,1002,2,2,34.0,68.0
2973,1002,28,2,34.0,68.0
2974,1002,36,1,6.0,6.0
2975,1003,19,1,18.0,18.0
2976,1003,33,1,14.0,14.0
2977,1003,21,1,20.0,20.0
2978,1004,12,1,36.0,36.0
2979,1004,5,1,30.0,30.0
2980,1004,28,1,34.0,34.0
2981,1004,29,1,44.0,44.0
2982,1004,7,1,36.0,36.0
2983,1005,15,1,30.0,30.0
2984,1005,6,1,38.0,38.0
2985,1006,4,2,22.0,44.0
2986,1006,5,1,30.0,30.0
2987,1006,32,2,37.0,74.0
2988,1006,40,2,10.0,20.0
2989,1006,17,3,26.0,78.0
2990,1007,4,1,22.0,22.0
2991,1007,26,1,42.0,42.0
2992,1007,10,1,32.0,32.0
2993,1007,34,1,10.0,10.0
2994,1008,7,1,36.0,36.0
2995,1008,28,1,34.0,34.0
2996,1008,33,1,14.0,14.0
2997,1009,4,1,22.0,22.0
2998,1009,28,2,34.0,68.0
2999,1009,1,3,28.0,84.0
3000,1009,5,1,30.0,30.0
3001,1010,26,2,42.0,84.0
3002,1010,9,1,35.0,35.0
3003,1010,10,2,32.0,64.0
3004,1011,4,1,22.0,22.0
3005,1012,26,2,42.0,84.0
3006,1012,9,2,35.0,70.0
3007,1012,17,2,26.0,52.0
3008,1013,37,1,18.0,18.0
3009,1013,17,2,26.0,52.0
3010,1014,30,1,38.0,38.0
3011,1014,20,2,16.0,32.0
3012,1014,33,1,14.0,14.0
3013,1014,40,1,10.0,10.0
3014,1015,7,1,36.0,36.0
3015,1015,31,1,36.0,36.0
3016,1016,6,1,38.0,38.0
3017,1016,12,1,36.0,36.0
3018,1016,10,1,32.0,32.0
3019,1017,2,3,34.0,102.0
3020,1017,1,1,28.0,28.0
3021,1017,24,1,24.0,24.0
3022,1017,35,1,9.0,9.0
3023,1018,8,2,24.0,48.0
3024,1018,7,2,36.0,72.0
3025,1019,1,1,28.0,28.0
3026,1019,7,3,36.0,108.0
3027,1019,30,1,38.0,38.0
3028,1019,4,2,22.0,44.0
3029,1019,39,1,8.0,8.0
3030,1019,18,1,38.0,38.0
3031,1020,1,1,28.0,28.0
3032,1020,12,2,36.0,72.0
3033,1021,34,2,10.0,20.0
3034,1022,25,3,26.0,78.0
3035,1023,32,2,37.0,74.0
3036,1023,5,1,30.0,30.0
3037,1023,29,1,44.0,44.0
3038,1023,37,3,18.0,54.0
3039,1023,30,2,38.0,76.0
3040,1023,2,1,34.0,34.0
3041,1024,38,1,12.0,12.0
3042,1025,21,1,20.0,20.0
3043,1025,18,1,38.0,38.0
3044,1025,7,1,36.0,36.0
3045,1026,25,1,26.0,26.0
3046,1027,12,3,36.0,108.0
3047,1027,40,1,10.0,10.0
3048,1027,25,1,26.0,26.0
3049,1027,18,1,38.0,38.0
3050,1028,9,2,35.0,70.0
3051,1028,6,1,38.0,38.0
3052,1028,21,3,20.0,60.0
3053,1028,23,1,18.0,18.0
3054,1028,36,2,6.0,12.0
3055,1029,34,1,10.0,10.0
3056,1029,37,1,18.0,18.0
3057,1029,32,3,37.0,111.0
3058,1029,23,3,18.0,54.0
3059,1029,2,1,34.0,34.0
3060,1029,16,1,32.0,32.0
3061,1030,2,1,34.0,34.0
3062,1030,26,1,42.0,42.0
3063,1031,23,1,18.0,18.0
3064,1031,12,1,36.0,36.0
3065,1031,37,1,18.0,18.0
3066,1032,35,1,9.0,9.0
3067,1033,37,1,18.0,18.0
3068,1033,12,3,36.0,108.0
3069,1033,5,3,30.0,90.0
3070,1034,7,3,36.0,108.0
3071,1035,24,1,24.0,24.0
3072,1035,7,3,36.0,108.0
3073,1036,34,1,10.0,10.0
3074,1036,36,2,6.0,12.0
3075,1037,8,2,24.0,48.0
3076,1037,15,2,30.0,60.0
3077,1038,2,1,34.0,34.0
3078,1039,8,2,24.0,48.0
3079,1039,33,2,14.0,28.0
3080,1039,14,1,45.0,45.0
3081,1040,35,1,9.0,9.0
3082,1040,8,2,24.0,48.0
3083,1040,25,1,26.0,26.0
3084,1040,23,2,18.0,36.0
3085,1041,8,3,24.0,72.0
3086,1041,11,2,33.0,66.0
3087,1042,11,1,33.0,33.0
3088,1043,1,1,28.0,28.0
3089,1043,13,1,28.0,28.0
3090,1043,10,2,32.0,64.0
3091,1044,5,1,30.0,30.0
3092,1044,34,1,10.0,10.0
3093,1045,30,1,38.0,38.0
3094,1045,5,1,30.0,30.0
3095,1046,5,2,30.0,60.0
3096,1046,15,1,30.0,30.0
3097,1047,13,3,28.0,84.0
3098,1047,7,1,36.0,36.0
3099,1048,13,1,28.0,28.0
3100,1048,32,1,37.0,37.0
3101,1048,17,1,26.0,26.0
3102,1048,14,1,45.0,45.0
3103,1049,36,1,6.0,6.0
3104,1049,4,1,22.0,22.0
3105,1049,38,1,12.0,12.0
3106,1049,18,2,38.0,76.0
3107,1049,3,2,42.0,84.0
3108,1050,23,1,18.0,18.0
3109,1050,4,2,22.0,44.0
3110,1050,19,1,18.0,18.0
3111,1051,7,1,36.0,36.0
3112,1051,8,1,24.0,24.0
3113,1052,3,1,42.0,42.0
3114,1052,32,2,37.0,74.0
3115,1053,13,1,28.0,28.0
3116,1053,6,2,38.0,76.0
3117,1053,24,1,24.0,24.0
3118,1053,27,1,25.0,25.0
3119,1054,5,1,30.0,30.0
3120,1054,15,1,30.0,30.0
3121,1055,2,2,34.0,68.0
3122,1055,9,1,35.0,35.0
3123,1056,27,1,25.0,25.0
3124,1056,13,1,28.0,28.0
3125,1056,12,2,36.0,72.0
3126,1056,5,1,30.0,30.0
3127,1057,34,3,10.0,30.0
3128,1057,10,2,32.0,64.0
3129,1058,19,1,18.0,18.0
3130,1058,18,1,38.0,38.0
3131,1059,2,1,34.0,34.0
3132,1059,37,1,18.0,18.0
3133,1059,30,1,38.0,38.0
3134,1060,7,1,36.0,36.0
3135,1060,1,2,28.0,56.0
3136,1060,10,1,32.0,32.0
3137,1061,4,1,22.0,22.0
3138,1061,5,1,30.0,30.0
3139,1061,32,1,37.0,37.0
3140,1061,2,1,34.0,34.0
3141,1062,6,2,38.0,76.0
3142,1062,1,1,28.0,28.0
3143,1062,27,1,25.0,25.0
3144,1063,12,2,36.0,72.0
3145,1063,7,1,36.0,36.0
3146,1063,37,3,18.0,54.0
3147,1064,12,3,36.0,108.0
3148,1064,11,1,33.0,33.0
3149,1065,13,2,28.0,56.0
3150,1065,24,1,24.0,24.0
3151,1065,10,1,32.0,32.0
3152,1065,25,1,26.0,26.0
3153,1066,20,2,16.0,32.0
3154,1066,12,2,36.0,72.0
3155,1066,16,2,32.0,64.0
3156,1066,21,1,20.0,20.0
3157,1066,6,2,38.0,76.0
3158,1067,2,2,34.0,68.0
3159,1067,32,3,37.0,111.0
3160,1068,12,1,36.0,36.0
3161,1068,26,1,42.0,42.0
3162,1068,20,1,16.0,16.0
3163,1068,8,2,24.0,48.0
3164,1069,15,1,30.0,30.0
3165,1069,13,1,28.0,28.0
3166,1069,24,2,24.0,48.0
3167,1069,7,1,36.0,36.0
3168,1070,18,1,38.0,38.0
3169,1070,9,2,35.0,70.0
3170,1070,8,1,24.0,24.0
3171,1071,21,2,20.0,40.0
3172,1071,26,1,42.0,42.0
3173,1072,5,3,30.0,90.0
3174,1072,7,1,36.0,36.0
3175,1072,40,1,10.0,10.0
3176,1073,31,2,36.0,72.0
3177,1073,24,1,24.0,24.0
3178,1074,20,1,16.0,16.0
3179,1074,23,1,18.0,18.0
3180,1074,25,2,26.0,52.0
3181,1075,10,3,32.0,96.0
3182,1075,25,2,26.0,52.0
3183,1075,34,1,10.0,10.0
3184,1076,14,1,45.0,45.0
3185,1076,30,1,38.0,38.0
3186,1077,40,1,10.0,10.0
3187,1077,8,1,24.0,24.0
3188,1077,30,1,38.0,38.0
3189,1078,5,2,30.0,60.0
3190,1078,2,1,34.0,34.0
3191,1078,33,2,14.0,28.0
3192,1078,36,1,6.0,6.0
3193,1078,1,2,28.0,56.0
3194,1079,8,2,24.0,48.0
3195,1079,21,1,20.0,20.0
3196,1079,33,1,14.0,14.0
3197,1079,39,1,8.0,8.0
3198,1079,23,2,18.0,36.0
3199,1080,12,3,36.0,108.0
3200,1080,32,1,37.0,37.0
3201,1080,18,1,38.0,38.0
3202,1081,2,1,34.0,34.0
3203,1081,16,2,32.0,64.0
3204,1081,24,2,24.0,48.0
3205,1081,13,1,28.0,28.0
3206,1082,14,2,45.0,90.0
3207,1082,8,1,24.0,24.0
3208,1083,34,1,10.0,10.0
3209,1084,26,1,42.0,42.0
3210,1084,7,1,36.0,36.0
3211,1085,12,1,36.0,36.0
3212,1086,18,1,38.0,38.0
3213,1086,7,1,36.0,36.0
3214,1086,4,1,22.0,22.0
3215,1087,9,2,35.0,70.0
3216,1087,19,1,18.0,18.0
3217,1087,37,1,18.0,18.0
3218,1087,13,1,28.0,28.0
3219,1087,24,1,24.0,24.0
3220,1088,12,3,36.0,108.0
3221,1089,7,1,36.0,36.0
3222,1090,2,1,34.0,34.0
3223,1090,4,1,22.0,22.0
3224,1090,13,2,28.0,56.0
3225,1090,34,1,10.0,10.0
3226,1090,8,2,24.0,48.0
3227,1090,15,1,30.0,30.0
3228,1091,2,3,34.0,102.0
3229,1091,13,2,28.0,56.0
3230,1091,6,1,38.0,38.0
3231,1091,8,1,24.0,24.0
3232,1092,9,2,35.0,70.0
3233,1092,14,2,45.0,90.0
3234,1093,35,1,9.0,9.0
3235,1093,3,1,42.0,42.0
3236,1093,6,1,38.0,38.0
3237,1093,7,2,36.0,72.0
3238,1094,5,1,30.0,30.0
3239,1094,35,2,9.0,18.0
3240,1095,28,2,34.0,68.0
3241,1095,19,1,18.0,18.0
3242,1096,15,2,30.0,60.0
3243,1096,2,1,34.0,34.0
3244,1096,30,2,38.0,76.0
3245,1096,3,3,42.0,126.0
3246,1097,22,1,22.0,22.0
3247,1097,26,3,42.0,126.0
3248,1098,17,1,26.0,26.0
3249,1098,1,1,28.0,28.0
3250,1099,37,1,18.0,18.0
3251,1099,27,2,25.0,50.0
3252,1099,10,3,32.0,96.0
3253,1099,8,1,24.0,24.0
3254,1100,18,1,38.0,38.0
3255,1100,7,3,36.0,108.0
3256,1100,12,1,36.0,36.0
3257,1101,36,2,6.0,12.0
3258,1101,18,1,38.0,38.0
3259,1101,10,1,32.0,32.0
3260,1101,2,1,34.0,34.0
3261,1102,1,1,28.0,28.0
3262,1102,21,1,20.0,20.0
3263,1103,6,2,38.0,76.0
3264,1103,1,1,28.0,28.0
3265,1103,2,1,34.0,34.0
3266,1104,5,1,30.0,30.0
3267,1104,13,1,28.0,28.0
3268,1104,7,1,36.0,36.0
3269,1104,2,1,34.0,34.0
3270,1104,3,2,42.0,84.0
3271,1104,38,1,12.0,12.0
3272,1105,8,1,24.0,24.0
3273,1105,15,1,30.0,30.0
3274,1106,27,2,25.0,50.0
3275,1106,15,3,30.0,90.0
3276,1107,8,1,24.0,24.0
3277,1108,16,1,32.0,32.0
3278,1108,18,2,38.0,76.0
3279,1108,40,1,10.0,10.0
3280,1108,8,2,24.0,48.0
3281,1109,27,1,25.0,25.0
3282,1109,1,1,28.0,28.0
3283,1109,8,1,24.0,24.0
3284,1110,1,2,28.0,56.0
3285,1110,22,2,22.0,44.0
3286,1110,9,1,35.0,35.0
3287,1111,33,1,14.0,14.0
3288,1111,40,2,10.0,20.0
3289,1111,36,1,6.0,6.0
3290,1111,34,1,10.0,10.0
3291,1112,17,1,26.0,26.0
3292,1112,36,1,6.0,6.0
3293,1113,9,2,35.0,70.0
3294,1113,6,1,38.0,38.0
3295,1113,5,1,30.0,30.0
3296,1114,22,2,22.0,44.0
3297,1114,20,1,16.0,16.0
3298,1115,18,1,38.0,38.0
3299,1115,32,3,37.0,111.0
3300,1115,1,1,28.0,28.0
3301,1116,28,3,34.0,102.0
3302,1117,16,2,32.0,64.0
3303,1117,3,1,42.0,42.0
3304,1117,27,1,25.0,25.0
3305,1118,23,3,18.0,54.0
3306,1119,7,3,36.0,108.0
3307,1119,5,1,30.0,30.0
3308,1120,27,2,25.0,50.0
3309,1121,10,1,32.0,32.0
3310,1121,9,1,35.0,35.0
3311,1121,8,1,24.0,24.0
3312,1121,33,3,14.0,42.0
3313,1121,20,1,16.0,16.0
3314,1122,3,1,42.0,42.0
3315,1122,8,2,24.0,48.0
3316,1122,15,1,30.0,30.0
3317,1122,5,1,30.0,30.0
3318,1122,32,1,37.0,37.0
3319,1122,33,1,14.0,14.0
3320,1123,12,1,36.0,36.0
3321,1123,4,3,22.0,66.0
3322,1124,21,1,20.0,20.0
3323,1124,29,1,44.0,44.0
3324,1124,37,2,18.0,36.0
3325,1124,14,1,45.0,45.0
3326,1124,15,1,30.0,30.0
3327,1125,19,2,18.0,36.0
3328,1125,34,3,10.0,30.0
3329,1125,7,1,36.0,36.0
3330,1126,33,2,14.0,28.0
3331,1126,29,1,44.0,44.0
3332,1126,13,2,28.0,56.0
3333,1126,7,2,36.0,72.0
3334,1126,20,2,16.0,32.0
3335,1127,6,2,38.0,76.0
3336,1127,16,1,32.0,32.0
3337,1128,10,1,32.0,32.0
3338,1128,15,1,30.0,30.0
3339,1129,5,2,30.0,60.0
3340,1129,7,1,36.0,36.0
3341,1129,17,1,26.0,26.0
3342,1129,2,2,34.0,68.0
3343,1129,12,1,36.0,36.0
3344,1129,13,1,28.0,28.0
3345,1130,5,3,30.0,90.0
3346,1131,13,2,28.0,56.0
3347,1131,37,1,18.0,18.0
3348,1132,20,1,16.0,16.0
3349,1132,37,1,18.0,18.0
3350,1132,3,1,42.0,42.0
3351,1132,21,1,20.0,20.0
3352,1133,2,1,34.0,34.0
3353,1134,21,1,20.0,20.0
3354,1134,15,1,30.0,30.0
3355,1135,17,1,26.0,26.0
3356,1135,10,1,32.0,32.0
3357,1136,1,2,28.0,56.0
3358,1136,21,1,20.0,20.0
3359,1136,16,1,32.0,32.0
3360,1136,30,1,38.0,38.0
3361,1136,5,2,30.0,60.0
3362,1136,7,2,36.0,72.0
3363,1137,2,1,34.0,34.0
3364,1137,9,1,35.0,35.0
3365,1137,19,1,18.0,18.0
3366,1137,34,2,10.0,20.0
3367,1138,4,2,22.0,44.0
3368,1138,39,1,8.0,8.0
3369,1139,23,1,18.0,18.0
3370,1139,3,2,42.0,84.0
3371,1139,16,1,32.0,32.0
3372,1139,13,1,28.0,28.0
3373,1139,30,1,38.0,38.0
3374,1139,34,1,10.0,10.0
3375,1140,1,1,28.0,28.0
3376,1140,37,1,18.0,18.0
3377,1140,8,3,24.0,72.0
3378,1141,17,3,26.0,78.0
3379,1141,16,3,32.0,96.0
3380,1142,32,3,37.0,111.0
3381,1142,8,1,24.0,24.0
3382,1143,30,2,38.0,76.0
3383,1143,34,2,10.0,20.0
3384,1143,35,3,9.0,27.0
3385,1144,12,1,36.0,36.0
3386,1144,5,2,30.0,60.0
3387,1144,8,2,24.0,48.0
3388,1144,37,2,18.0,36.0
3389,1144,14,2,45.0,90.0
3390,1144,22,2,22.0,44.0
3391,1145,5,2,30.0,60.0
3392,1145,13,1,28.0,28.0
3393,1146,8,1,24.0,24.0
3394,1146,12,2,36.0,72.0
3395,1147,15,1,30.0,30.0
3396,1148,3,2,42.0,84.0
3397,1148,7,1,36.0,36.0
3398,1148,8,1,24.0,24.0
3399,1148,12,1,36.0,36.0
3400,1149,34,1,10.0,10.0
3401,1149,39,2,8.0,16.0
3402,1149,7,1,36.0,36.0
3403,1149,6,1,38.0,38.0
3404,1149,29,1,44.0,44.0
3405,1149,22,2,22.0,44.0
3406,1150,32,3,37.0,111.0
3407,1150,23,1,18.0,18.0
3408,1150,24,1,24.0,24.0
3409,1150,4,1,22.0,22.0
3410,1151,14,1,45.0,45.0
3411,1151,10,1,32.0,32.0
3412,1151,1,1,28.0,28.0
3413,1151,23,2,18.0,36.0
3414,1152,14,2,45.0,90.0
3415,1152,10,1,32.0,32.0
3416,1153,39,1,8.0,8.0
3417,1153,25,1,26.0,26.0
3418,1153,3,1,42.0,42.0
3419,1153,31,2,36.0,72.0
3420,1153,8,1,24.0,24.0
3421,1153,4,3,22.0,66.0
3422,1154,20,3,16.0,48.0
3423,1154,18,1,38.0,38.0
3424,1155,17,2,26.0,52.0
3425,1155,3,2,42.0,84.0
3426,1155,20,3,16.0,48.0
3427,1156,17,1,26.0,26.0
3428,1156,32,2,37.0,74.0
3429,1156,35,1,9.0,9.0
3430,1156,7,2,36.0,72.0
3431,1157,39,3,8.0,24.0
3432,1157,24,1,24.0,24.0
3433,1157,32,2,37.0,74.0
3434,1158,23,1,18.0,18.0
3435,1158,25,1,26.0,26.0
3436,1158,14,1,45.0,45.0
3437,1159,8,2,24.0,48.0
3438,1159,11,1,33.0,33.0
3439,1160,10,1,32.0,32.0
3440,1160,6,1,38.0,38.0
3441,1160,12,2,36.0,72.0
3442,1161,2,3,34.0,102.0
3443,1161,28,1,34.0,34.0
3444,1161,5,2,30.0,60.0
3445,1162,7,1,36.0,36.0
3446,1162,22,1,22.0,22.0
3447,1163,3,1,42.0,42.0
3448,1164,24,1,24.0,24.0
3449,1164,13,3,28.0,84.0
3450,1164,25,2,26.0,52.0
3451,1164,31,1,36.0,36.0
3452,1165,36,1,6.0,6.0
3453,1165,4,2,22.0,44.0
3454,1165,16,2,32.0,64.0
3455,1165,10,1,32.0,32.0
3456,1166,12,2,36.0,72.0
3457,1166,37,2,18.0,36.0
3458,1167,38,1,12.0,12.0
3459,1167,23,1,18.0,18.0
3460,1168,1,1,28.0,28.0
3461,1168,37,1,18.0,18.0
3462,1168,26,1,42.0,42.0
3463,1168,15,1,30.0,30.0
3464,1169,8,1,24.0,24.0
3465,1169,9,2,35.0,70.0
3466,1169,37,1,18.0,18.0
3467,1169,12,2,36.0,72.0
3468,1170,3,1,42.0,42.0
3469,1170,20,1,16.0,16.0
3470,1171,2,2,34.0,68.0
3471,1172,1,3,28.0,84.0
3472,1172,22,1,22.0,22.0
3473,1172,10,1,32.0,32.0
3474,1172,27,1,25.0,25.0
3475,1173,6,1,38.0,38.0
3476,1173,20,2,16.0,32.0
3477,1174,10,1,32.0,32.0
3478,1174,29,1,44.0,44.0
3479,1175,5,1,30.0,30.0
3480,1175,29,2,44.0,88.0
3481,1176,12,2,36.0,72.0
3482,1177,3,2,42.0,84.0
3483,1178,6,1,38.0,38.0
3484,1179,14,2,45.0,90.0
3485,1180,6,3,38.0,114.0
3486,1180,20,1,16.0,16.0
3487,1180,4,1,22.0,22.0
3488,1181,33,1,14.0,14.0
3489,1181,4,1,22.0,22.0
3490,1182,4,1,22.0,22.0
3491,1182,36,3,6.0,18.0
3492,1182,1,1,28.0,28.0
3493,1182,38,1,12.0,12.0
3494,1183,2,1,34.0,34.0
3495,1184,32,1,37.0,37.0
3496,1184,7,1,36.0,36.0
3497,1185,12,1,36.0,36.0
3498,1185,3,1,42.0,42.0
3499,1185,15,2,30.0,60.0
3500,1185,26,1,42.0,42.0
3501,1186,37,2,18.0,36.0
3502,1186,26,1,42.0,42.0
3503,1187,1,1,28.0,28.0
3504,1187,29,1,44.0,44.0
3505,1188,3,2,42.0,84.0
3506,1189,37,1,18.0,18.0
3507,1189,29,2,44.0,88.0
3508,1190,10,1,32.0,32.0
3509,1190,12,2,36.0,72.0
3510,1190,15,2,30.0,60.0
3511,1190,28,1,34.0,34.0
3512,1191,14,2,45.0,90.0
3513,1191,16,1,32.0,32.0
3514,1192,17,1,26.0,26.0
3515,1192,27,1,25.0,25.0
3516,1192,34,3,10.0,30.0
3517,1192,28,1,34.0,34.0
3518,1193,37,1,18.0,18.0
3519,1193,1,2,28.0,56.0
3520,1194,7,1,36.0,36.0
3521,1194,5,3,30.0,90.0
3522,1194,13,1,28.0,28.0
3523,1194,24,1,24.0,24.0
3524,1195,29,1,44.0,44.0
3525,1195,9,2,35.0,70.0
3526,1196,13,2,28.0,56.0
3527,1197,7,2,36.0,72.0
3528,1197,12,1,36.0,36.0
3529,1198,29,1,44.0,44.0
3530,1198,36,1,6.0,6.0
3531,1198,25,3,26.0,78.0
3532,1198,7,2,36.0,72.0
3533,1199,13,2,28.0,56.0
3534,1199,17,1,26.0,26.0
3535,1200,5,1,30.0,30.0
3536,1200,7,3,36.0,108.0
3537,1201,12,1,36.0,36.0
3538,1201,19,1,18.0,18.0
3539,1201,40,1,10.0,10.0
3540,1202,8,1,24.0,24.0
3541,1202,23,1,18.0,18.0
3542,1202,7,1,36.0,36.0
3543,1203,29,2,44.0,88.0
3544,1203,25,1,26.0,26.0
3545,1203,35,1,9.0,9.0
3546,1203,27,3,25.0,75.0
3547,1203,24,2,24.0,48.0
3548,1203,12,1,36.0,36.0
3549,1204,23,1,18.0,18.0
3550,1204,12,2,36.0,72.0
3551,1204,30,1,38.0,38.0
3552,1205,7,1,36.0,36.0
3553,1205,13,1,28.0,28.0
3554,1205,2,1,34.0,34.0
3555,1205,26,1,42.0,42.0
3556,1205,6,1,38.0,38.0
3557,1206,6,1,38.0,38.0
3558,1206,8,1,24.0,24.0
3559,1206,29,2,44.0,88.0
3560,1206,23,2,18.0,36.0
3561,1207,10,2,32.0,64.0
3562,1207,8,2,24.0,48.0
3563,1207,18,3,38.0,114.0
3564,1207,7,1,36.0,36.0
3565,1208,3,1,42.0,42.0
3566,1208,37,1,18.0,18.0
3567,1208,2,2,34.0,68.0
3568,1209,35,2,9.0,18.0
3569,1209,8,1,24.0,24.0
3570,1209,10,3,32.0,96.0
3571,1210,6,3,38.0,114.0
3572,1210,40,1,10.0,10.0
3573,1210,2,1,34.0,34.0
3574,1211,6,1,38.0,38.0
3575,1211,5,2,30.0,60.0
3576,1211,35,2,9.0,18.0
3577,1211,22,1,22.0,22.0
3578,1212,36,1,6.0,6.0
3579,1212,7,1,36.0,36.0
3580,1213,8,1,24.0,24.0
3581,1213,15,1,30.0,30.0
3582,1213,3,2,42.0,84.0
3583,1213,13,1,28.0,28.0
3584,1213,1,1,28.0,28.0
3585,1213,32,2,37.0,74.0
3586,1214,15,1,30.0,30.0
3587,1214,16,2,32.0,64.0
3588,1215,14,1,45.0,45.0
3589,1215,36,1,6.0,6.0
3590,1215,23,3,18.0,54.0
3591,1216,27,2,25.0,50.0
3592,1216,7,1,36.0,36.0
3593,1217,2,1,34.0,34.0
3594,1217,21,1,20.0,20.0
3595,1218,2,3,34.0,102.0
3596,1218,28,1,34.0,34.0
3597,1218,8,1,24.0,24.0
3598,1218,6,3,38.0,114.0
3599,1218,25,3,26.0,78.0
3600,1218,20,1,16.0,16.0
3601,1219,33,1,14.0,14.0
3602,1219,8,1,24.0,24.0
3603,1219,20,2,16.0,32.0
3604,1220,17,1,26.0,26.0
3605,1220,26,1,42.0,42.0
3606,1221,26,1,42.0,42.0
3607,1221,1,2,28.0,56.0
3608,1221,24,2,24.0,48.0
3609,1222,16,1,32.0,32.0
3610,1222,10,1,32.0,32.0
3611,1222,25,3,26.0,78.0
3612,1223,30,1,38.0,38.0
3613,1223,36,2,6.0,12.0
3614,1223,34,2,10.0,20.0
3615,1223,10,3,32.0,96.0
3616,1224,10,2,32.0,64.0
3617,1224,8,2,24.0,48.0
3618,1224,23,2,18.0,36.0
3619,1224,2,1,34.0,34.0
3620,1224,16,2,32.0,64.0
3621,1225,12,1,36.0,36.0
3622,1225,10,1,32.0,32.0
3623,1226,30,1,38.0,38.0
3624,1226,33,1,14.0,14.0
3625,1226,14,3,45.0,135.0
3626,1227,7,1,36.0,36.0
3627,1227,17,1,26.0,26.0
3628,1227,16,2,32.0,64.0
3629,1227,2,1,34.0,34.0
3630,1227,3,2,42.0,84.0
3631,1228,23,1,18.0,18.0
3632,1228,24,1,24.0,24.0
3633,1228,8,2,24.0,48.0
3634,1229,12,3,36.0,108.0
3635,1229,10,2,32.0,64.0
3636,1229,28,1,34.0,34.0
3637,1229,9,2,35.0,70.0
3638,1230,36,2,6.0,12.0
3639,1230,7,1,36.0,36.0
3640,1230,1,1,28.0,28.0
3641,1230,39,1,8.0,8.0
3642,1230,8,1,24.0,24.0
3643,1230,13,2,28.0,56.0
3644,1231,34,1,10.0,10.0
3645,1231,21,1,20.0,20.0
3646,1232,1,1,28.0,28.0
3647,1232,12,1,36.0,36.0
3648,1232,5,3,30.0,90.0
3649,1233,10,1,32.0,32.0
3650,1233,7,1,36.0,36.0
3651,1233,23,2,18.0,36.0
3652,1234,39,2,8.0,16.0
3653,1234,35,1,9.0,9.0
3654,1235,10,1,32.0,32.0
3655,1235,17,2,26.0,52.0
3656,1235,23,1,18.0,18.0
3657,1236,22,1,22.0,22.0
3658,1237,38,1,12.0,12.0
3659,1238,20,1,16.0,16.0
3660,1238,39,1,8.0,8.0
3661,1238,24,1,24.0,24.0
3662,1239,19,1,18.0,18.0
3663,1239,28,1,34.0,34.0
3664,1239,30,3,38.0,114.0
3665,1239,5,1,30.0,30.0
3666,1239,37,2,18.0,36.0
3667,1240,34,3,10.0,30.0
3668,1240,2,2,34.0,68.0
3669,1241,8,1,24.0,24.0
3670,1241,14,2,45.0,90.0
3671,1241,33,1,14.0,14.0
3672,1242,14,3,45.0,135.0
3673,1242,8,1,24.0,24.0
3674,1242,16,1,32.0,32.0
3675,1242,12,1,36.0,36.0
3676,1242,34,1,10.0,10.0
3677,1243,26,3,42.0,126.0
3678,1243,35,3,9.0,27.0
3679,1243,17,1,26.0,26.0
3680,1244,31,2,36.0,72.0
3681,1245,27,1,25.0,25.0
3682,1245,16,1,32.0,32.0
3683,1245,6,2,38.0,76.0
3684,1245,8,1,24.0,24.0
3685,1245,4,1,22.0,22.0
3686,1246,8,3,24.0,72.0
3687,1246,6,2,38.0,76.0
3688,1246,1,2,28.0,56.0
3689,1246,3,3,42.0,126.0
3690,1247,11,1,33.0,33.0
3691,1247,5,3,30.0,90.0
3692,1247,31,1,36.0,36.0
3693,1248,4,2,22.0,44.0
3694,1249,8,1,24.0,24.0
3695,1249,14,2,45.0,90.0
3696,1249,1,1,28.0,28.0
3697,1250,7,3,36.0,108.0
3698,1250,2,1,34.0,34.0
3699,1251,16,2,32.0,64.0
3700,1251,33,3,14.0,42.0
3701,1251,13,1,28.0,28.0
3702,1252,8,1,24.0,24.0
3703,1252,31,2,36.0,72.0
3704,1252,7,1,36.0,36.0
3705,1253,10,1,32.0,32.0
3706,1253,38,1,12.0,12.0
3707,1253,17,1,26.0,26.0
3708,1254,39,1,8.0,8.0
3709,1254,2,1,34.0,34.0
3710,1254,34,1,10.0,10.0
3711,1255,23,2,18.0,36.0
3712,1255,36,1,6.0,6.0
3713,1256,5,1,30.0,30.0
3714,1256,2,1,34.0,34.0
3715,1256,27,1,25.0,25.0
3716,1257,35,2,9.0,18.0
3717,1257,3,1,42.0,42.0
3718,1258,6,2,38.0,76.0
3719,1258,8,3,24.0,72.0
3720,1259,12,1,36.0,36.0
3721,1259,25,2,26.0,52.0
3722,1260,23,2,18.0,36.0
3723,1260,28,1,34.0,34.0
3724,1261,18,3,38.0,114.0
3725,1261,10,3,32.0,96.0
3726,1261,3,1,42.0,42.0
3727,1262,37,1,18.0,18.0
3728,1262,20,2,16.0,32.0
3729,1263,30,1,38.0,38.0
3730,1263,33,3,14.0,42.0
3731,1263,8,1,24.0,24.0
3732,1263,12,1,36.0,36.0
3733,1264,18,2,38.0,76.0
3734,1264,10,2,32.0,64.0
3735,1265,35,3,9.0,27.0
3736,1266,23,3,18.0,54.0
3737,1266,7,2,36.0,72.0
3738,1266,4,3,22.0,66.0
3739,1267,4,1,22.0,22.0
3740,1268,20,1,16.0,16.0
3741,1268,25,2,26.0,52.0
3742,1268,16,1,32.0,32.0
3743,1269,33,1,14.0,14.0
3744,1269,37,2,18.0,36.0
3745,1270,7,1,36.0,36.0
3746,1271,10,3,32.0,96.0
3747,1271,13,2,28.0,56.0
3748,1271,16,2,32.0,64.0
3749,1271,6,1,38.0,38.0
3750,1272,28,1,34.0,34.0
3751,1272,2,1,34.0,34.0
3752,1273,28,1,34.0,34.0
3753,1273,37,1,18.0,18.0
3754,1273,21,1,20.0,20.0
3755,1274,2,1,34.0,34.0
3756,1274,21,1,20.0,20.0
3757,1274,24,1,24.0,24.0
3758,1275,14,3,45.0,135.0
3759,1275,12,1,36.0,36.0
3760,1275,25,2,26.0,52.0
3761,1275,10,1,32.0,32.0
3762,1276,7,2,36.0,72.0
3763,1276,38,1,12.0,12.0
3764,1277,36,1,6.0,6.0
3765,1277,32,2,37.0,74.0
3766,1277,33,1,14.0,14.0
3767,1277,30,1,38.0,38.0
3768,1277,9,1,35.0,35.0
3769,1278,35,2,9.0,18.0
3770,1278,11,2,33.0,66.0
3771,1279,7,2,36.0,72.0
3772,1279,2,1,34.0,34.0
3773,1280,34,1,10.0,10.0
3774,1280,36,2,6.0,12.0
3775,1280,18,1,38.0,38.0
3776,1281,4,1,22.0,22.0
3777,1281,9,1,35.0,35.0
3778,1282,7,2,36.0,72.0
3779,1282,24,1,24.0,24.0
3780,1283,1,2,28.0,56.0
3781,1284,7,1,36.0,36.0
3782,1284,21,2,20.0,40.0
3783,1284,5,1,30.0,30.0
3784,1285,20,3,16.0,48.0
3785,1285,2,2,34.0,68.0
3786,1285,8,2,24.0,48.0
3787,1286,4,1,22.0,22.0
3788,1287,37,1,18.0,18.0
3789,1287,36,1,6.0,6.0
3790,1288,16,3,32.0,96.0
3791,1289,32,2,37.0,74.0
3792,1289,5,2,30.0,60.0
3793,1289,28,1,34.0,34.0
3794,1289,16,1,32.0,32.0
3795,1289,26,3,42.0,126.0
3796,1290,1,1,28.0,28.0
3797,1291,20,3,16.0,48.0
3798,1291,16,2,32.0,64.0
3799,1292,21,1,20.0,20.0
3800,1292,15,1,30.0,30.0
3801,1292,14,2,45.0,90.0
3802,1292,16,3,32.0,96.0
3803,1292,28,1,34.0,34.0
3804,1293,20,1,16.0,16.0
3805,1293,26,1,42.0,42.0
3806,1293,15,1,30.0,30.0
3807,1293,7,2,36.0,72.0
3808,1293,13,3,28.0,84.0
3809,1293,19,1,18.0,18.0
3810,1294,2,1,34.0,34.0
3811,1294,7,1,36.0,36.0
3812,1295,2,1,34.0,34.0
3813,1295,4,2,22.0,44.0
3814,1296,11,3,33.0,99.0
3815,1296,29,2,44.0,88.0
3816,1297,33,2,14.0,28.0
3817,1297,7,1,36.0,36.0
3818,1297,8,1,24.0,24.0
3819,1298,10,1,32.0,32.0
3820,1298,23,1,18.0,18.0
3821,1298,18,1,38.0,38.0
3822,1298,24,1,24.0,24.0
3823,1298,5,3,30.0,90.0
3824,1298,38,1,12.0,12.0
3825,1299,5,2,30.0,60.0
3826,1300,8,1,24.0,24.0
3827,1301,8,2,24.0,48.0
3828,1301,35,2,9.0,18.0
3829,1302,32,1,37.0,37.0
3830,1302,8,2,24.0,48.0
3831,1302,39,1,8.0,8.0
3832,1303,25,1,26.0,26.0
3833,1303,8,2,24.0,48.0
3834,1304,22,2,22.0,44.0
3835,1304,30,1,38.0,38.0
3836,1304,2,1,34.0,34.0
3837,1304,7,1,36.0,36.0
3838,1305,17,2,26.0,52.0
3839,1305,1,2,28.0,56.0
3840,1305,29,1,44.0,44.0
3841,1305,18,1,38.0,38.0
3842,1305,31,1,36.0,36.0
3843,1305,9,1,35.0,35.0
3844,1306,8,1,24.0,24.0
3845,1306,23,2,18.0,36.0
3846,1306,16,1,32.0,32.0
3847,1307,7,1,36.0,36.0
3848,1307,28,2,34.0,68.0
3849,1308,19,1,18.0,18.0
3850,1308,30,1,38.0,38.0
3851,1309,6,1,38.0,38.0
3852,1309,19,2,18.0,36.0
3853,1309,12,2,36.0,72.0
3854,1310,35,2,9.0,18.0
3855,1310,2,2,34.0,68.0
3856,1310,18,2,38.0,76.0
3857,1311,16,3,32.0,96.0
3858,1311,25,2,26.0,52.0
3859,1312,23,2,18.0,36.0
3860,1312,16,2,32.0,64.0
3861,1312,33,1,14.0,14.0
3862,1313,3,1,42.0,42.0
3863,1313,15,1,30.0,30.0
3864,1313,2,2,34.0,68.0
3865,1314,13,2,28.0,56.0
3866,1314,32,2,37.0,74.0
3867,1314,25,1,26.0,26.0
3868,1315,2,1,34.0,34.0
3869,1316,6,2,38.0,76.0
3870,1316,5,3,30.0,90.0
3871,1316,7,3,36.0,108.0
3872,1316,26,1,42.0,42.0
3873,1316,10,3,32.0,96.0
3874,1317,4,1,22.0,22.0
3875,1318,8,3,24.0,72.0
3876,1318,13,1,28.0,28.0
3877,1318,12,2,36.0,72.0
3878,1319,6,2,38.0,76.0
3879,1319,3,1,42.0,42.0
3880,1319,13,2,28.0,56.0
3881,1320,7,1,36.0,36.0
3882,1320,1,2,28.0,56.0
3883,1320,14,3,45.0,135.0
3884,1320,24,1,24.0,24.0
3885,1320,20,3,16.0,48.0
3886,1321,8,2,24.0,48.0
3887,1321,11,1,33.0,33.0
3888,1321,7,2,36.0,72.0
3889,1321,25,1,26.0,26.0
3890,1321,10,3,32.0,96.0
3891,1322,34,3,10.0,30.0
3892,1322,27,1,25.0,25.0
3893,1323,10,1,32.0,32.0
3894,1323,2,2,34.0,68.0
3895,1323,7,1,36.0,36.0
3896,1323,37,1,18.0,18.0
3897,1324,17,1,26.0,26.0
3898,1324,15,2,30.0,60.0
3899,1324,7,2,36.0,72.0
3900,1324,23,2,18.0,36.0
3901,1324,11,1,33.0,33.0
3902,1324,25,3,26.0,78.0
3903,1325,30,1,38.0,38.0
3904,1325,36,1,6.0,6.0
3905,1326,22,1,22.0,22.0
3906,1326,8,1,24.0,24.0
3907,1327,7,1,36.0,36.0
3908,1327,15,1,30.0,30.0
3909,1327,19,2,18.0,36.0
3910,1328,4,1,22.0,22.0
3911,1328,3,2,42.0,84.0
3912,1328,15,3,30.0,90.0
3913,1328,10,1,32.0,32.0
3914,1329,3,3,42.0,126.0
3915,1329,6,1,38.0,38.0
3916,1329,26,2,42.0,84.0
3917,1329,17,1,26.0,26.0
3918,1329,9,1,35.0,35.0
3919,1330,6,1,38.0,38.0
3920,1330,3,1,42.0,42.0
3921,1331,33,1,14.0,14.0
3922,1332,6,1,38.0,38.0
3923,1332,39,2,8.0,16.0
3924,1333,30,1,38.0,38.0
3925,1333,16,1,32.0,32.0
3926,1333,31,1,36.0,36.0
3927,1334,10,1,32.0,32.0
3928,1334,15,1,30.0,30.0
3929,1334,9,3,35.0,105.0
3930,1335,23,1,18.0,18.0
3931,1336,7,1,36.0,36.0
3932,1336,18,1,38.0,38.0
3933,1337,9,2,35.0,70.0
3934,1337,32,2,37.0,74.0
3935,1337,15,1,30.0,30.0
3936,1338,6,2,38.0,76.0
3937,1339,2,1,34.0,34.0
3938,1339,21,1,20.0,20.0
3939,1340,7,3,36.0,108.0
3940,1340,16,3,32.0,96.0
3941,1341,19,2,18.0,36.0
3942,1341,7,1,36.0,36.0
3943,1342,6,2,38.0,76.0
3944,1342,37,2,18.0,36.0
3945,1342,26,1,42.0,42.0
3946,1342,8,1,24.0,24.0
3947,1342,12,1,36.0,36.0
3948,1342,3,3,42.0,126.0
3949,1343,2,1,34.0,34.0
3950,1343,37,1,18.0,18.0
3951,1344,6,1,38.0,38.0
3952,1344,26,1,42.0,42.0
3953,1344,15,1,30.0,30.0
3954,1344,38,1,12.0,12.0
3955,1344,23,1,18.0,18.0
3956,1344,18,1,38.0,38.0
3957,1345,12,1,36.0,36.0
3958,1345,10,2,32.0,64.0
3959,1345,8,1,24.0,24.0
3960,1345,16,3,32.0,96.0
3961,1345,37,2,18.0,36.0
3962,1345,32,1,37.0,37.0
3963,1346,12,1,36.0,36.0
3964,1347,5,1,30.0,30.0
3965,1347,33,1,14.0,14.0
3966,1347,2,1,34.0,34.0
3967,1348,12,1,36.0,36.0
3968,1348,19,1,18.0,18.0
3969,1348,13,1,28.0,28.0
3970,1349,20,1,16.0,16.0
3971,1349,22,1,22.0,22.0
3972,1349,24,1,24.0,24.0
3973,1350,23,2,18.0,36.0
3974,1350,24,1,24.0,24.0
3975,1350,7,1,36.0,36.0
3976,1350,35,3,9.0,27.0
3977,1350,4,1,22.0,22.0
3978,1350,26,1,42.0,42.0
3979,1351,4,1,22.0,22.0
3980,1351,22,1,22.0,22.0
3981,1351,13,3,28.0,84.0
3982,1352,11,3,33.0,99.0
3983,1352,1,2,28.0,56.0
3984,1352,25,1,26.0,26.0
3985,1352,7,1,36.0,36.0
3986,1352,5,1,30.0,30.0
3987,1353,23,1,18.0,18.0
3988,1353,5,1,30.0,30.0
3989,1354,5,1,30.0,30.0
3990,1354,4,1,22.0,22.0
3991,1355,3,3,42.0,126.0
3992,1355,37,1,18.0,18.0
3993,1355,4,2,22.0,44.0
3994,1355,2,1,34.0,34.0
3995,1355,7,1,36.0,36.0
3996,1356,7,1,36.0,36.0
3997,1357,13,1,28.0,28.0
3998,1357,40,1,10.0,10.0
3999,1358,28,1,34.0,34.0
4000,1358,18,1,38.0,38.0
4001,1358,14,1,45.0,45.0
4002,1359,28,1,34.0,34.0
4003,1359,18,1,38.0,38.0
4004,1359,12,1,36.0,36.0
4005,1359,7,2,36.0,72.0
4006,1359,2,1,34.0,34.0
4007,1360,18,1,38.0,38.0
4008,1360,35,2,9.0,18.0
4009,1360,5,2,30.0,60.0
4010,1361,17,1,26.0,26.0
4011,1361,2,1,34.0,34.0
4012,1362,23,1,18.0,18.0
4013,1362,10,1,32.0,32.0
4014,1362,2,1,34.0,34.0
4015,1363,1,2,28.0,56.0
4016,1363,25,1,26.0,26.0
4017,1363,7,1,36.0,36.0
4018,1363,36,1,6.0,6.0
4019,1363,35,2,9.0,18.0
4020,1364,14,3,45.0,135.0
4021,1364,16,1,32.0,32.0
4022,1364,35,2,9.0,18.0
4023,1364,18,2,38.0,76.0
4024,1364,7,3,36.0,108.0
4025,1364,10,1,32.0,32.0
4026,1365,40,1,10.0,10.0
4027,1366,22,2,22.0,44.0
4028,1366,13,1,28.0,28.0
4029,1366,39,3,8.0,24.0
4030,1366,37,1,18.0,18.0
4031,1367,25,1,26.0,26.0
4032,1367,31,1,36.0,36.0
4033,1368,12,3,36.0,108.0
4034,1368,7,2,36.0,72.0
4035,1368,15,1,30.0,30.0
4036,1369,28,2,34.0,68.0
4037,1369,30,1,38.0,38.0
4038,1370,8,1,24.0,24.0
4039,1370,4,1,22.0,22.0
4040,1370,6,1,38.0,38.0
4041,1370,5,1,30.0,30.0
4042,1370,26,1,42.0,42.0
4043,1371,5,1,30.0,30.0
4044,1371,12,1,36.0,36.0
4045,1372,37,2,18.0,36.0
4046,1372,20,2,16.0,32.0
4047,1373,11,1,33.0,33.0
4048,1373,36,1,6.0,6.0
4049,1374,7,1,36.0,36.0
4050,1374,8,1,24.0,24.0
4051,1374,25,1,26.0,26.0
4052,1374,15,2,30.0,60.0
4053,1375,21,1,20.0,20.0
4054,1375,2,1,34.0,34.0
4055,1375,34,1,10.0,10.0
4056,1375,23,1,18.0,18.0
4057,1375,7,2,36.0,72.0
4058,1376,1,3,28.0,84.0
4059,1376,29,2,44.0,88.0
4060,1376,16,1,32.0,32.0
4061,1376,27,1,25.0,25.0
4062,1376,17,1,26.0,26.0
4063,1377,4,1,22.0,22.0
4064,1377,3,3,42.0,126.0
4065,1378,15,1,30.0,30.0
4066,1378,28,2,34.0,68.0
4067,1378,6,2,38.0,76.0
4068,1378,3,1,42.0,42.0
4069,1379,24,2,24.0,48.0
4070,1379,37,1,18.0,18.0
4071,1379,2,1,34.0,34.0
4072,1380,28,1,34.0,34.0
4073,1381,2,2,34.0,68.0
4074,1382,17,1,26.0,26.0
4075,1382,4,1,22.0,22.0
4076,1383,20,3,16.0,48.0
4077,1383,40,3,10.0,30.0
4078,1384,35,1,9.0,9.0
4079,1384,37,1,18.0,18.0
4080,1384,36,1,6.0,6.0
4081,1385,3,1,42.0,42.0
4082,1385,19,3,18.0,54.0
4083,1386,5,2,30.0,60.0
4084,1386,14,1,45.0,45.0
4085,1387,30,1,38.0,38.0
4086,1387,15,2,30.0,60.0
4087,1387,16,1,32.0,32.0
4088,1388,37,1,18.0,18.0
4089,1388,16,1,32.0,32.0
4090,1388,12,1,36.0,36.0
4091,1388,26,2,42.0,84.0
4092,1388,28,1,34.0,34.0
4093,1389,20,1,16.0,16.0
4094,1389,31,1,36.0,36.0
4095,1389,6,1,38.0,38.0
4096,1389,4,1,22.0,22.0
4097,1390,29,1,44.0,44.0
4098,1390,13,3,28.0,84.0
4099,1391,2,2,34.0,68.0
4100,1391,6,2,38.0,76.0
4101,1391,3,1,42.0,42.0
4102,1392,12,1,36.0,36.0
4103,1392,20,3,16.0,48.0
4104,1392,7,1,36.0,36.0
4105,1392,8,3,24.0,72.0
4106,1392,2,1,34.0,34.0
4107,1393,27,1,25.0,25.0
4108,1393,16,1,32.0,32.0
4109,1394,8,1,24.0,24.0
4110,1394,30,2,38.0,76.0
4111,1394,4,1,22.0,22.0
4112,1394,23,2,18.0,36.0
4113,1395,17,1,26.0,26.0
4114,1395,21,2,20.0,40.0
4115,1395,15,1,30.0,30.0
4116,1395,13,1,28.0,28.0
4117,1395,5,1,30.0,30.0
4118,1396,13,1,28.0,28.0
4119,1396,26,1,42.0,42.0
4120,1397,13,1,28.0,28.0
4121,1397,38,3,12.0,36.0
4122,1397,8,1,24.0,24.0
4123,1397,5,3,30.0,90.0
4124,1397,36,1,6.0,6.0
4125,1398,4,1,22.0,22.0
4126,1398,2,1,34.0,34.0
4127,1398,23,3,18.0,54.0
4128,1398,25,1,26.0,26.0
4129,1398,17,1,26.0,26.0
4130,1399,23,2,18.0,36.0
4131,1399,24,2,24.0,48.0
4132,1399,8,2,24.0,48.0
4133,1400,7,1,36.0,36.0
4134,1400,38,2,12.0,24.0
4135,1400,4,2,22.0,44.0
4136,1401,35,1,9.0,9.0
4137,1401,40,1,10.0,10.0
4138,1402,5,1,30.0,30.0
4139,1402,14,1,45.0,45.0
4140,1402,7,2,36.0,72.0
4141,1403,22,2,22.0,44.0
4142,1403,8,3,24.0,72.0
4143,1403,7,2,36.0,72.0
4144,1404,36,2,6.0,12.0
4145,1404,22,1,22.0,22.0
4146,1404,1,1,28.0,28.0
4147,1405,26,3,42.0,126.0
4148,1405,7,1,36.0,36.0
4149,1406,29,3,44.0,132.0
4150,1406,37,2,18.0,36.0
4151,1406,4,2,22.0,44.0
4152,1406,3,2,42.0,84.0
4153,1407,31,1,36.0,36.0
4154,1407,5,1,30.0,30.0
4155,1408,16,1,32.0,32.0
4156,1408,20,2,16.0,32.0
4157,1408,24,1,24.0,24.0
4158,1409,14,1,45.0,45.0
4159,1409,28,1,34.0,34.0
4160,1409,10,1,32.0,32.0
4161,1409,12,1,36.0,36.0
4162,1410,2,1,34.0,34.0
4163,1410,14,1,45.0,45.0
4164,1411,6,1,38.0,38.0
4165,1411,35,1,9.0,9.0
4166,1411,2,2,34.0,68.0
4167,1412,2,1,34.0,34.0
4168,1412,33,1,14.0,14.0
4169,1412,13,2,28.0,56.0
4170,1413,2,1,34.0,34.0
4171,1413,4,1,22.0,22.0
4172,1413,26,1,42.0,42.0
4173,1413,33,1,14.0,14.0
4174,1414,8,1,24.0,24.0
4175,1414,18,1,38.0,38.0
4176,1414,2,2,34.0,68.0
4177,1415,18,1,38.0,38.0
4178,1415,3,1,42.0,42.0
4179,1416,30,2,38.0,76.0
4180,1416,8,1,24.0,24.0
4181,1416,19,2,18.0,36.0
4182,1416,20,1,16.0,16.0
4183,1417,5,1,30.0,30.0
4184,1417,1,1,28.0,28.0
4185,1417,7,2,36.0,72.0
4186,1417,16,1,32.0,32.0
4187,1417,14,3,45.0,135.0
4188,1417,37,2,18.0,36.0
4189,1418,8,1,24.0,24.0
4190,1418,7,1,36.0,36.0
4191,1419,37,1,18.0,18.0
4192,1419,28,1,34.0,34.0
4193,1419,14,1,45.0,45.0
4194,1419,35,2,9.0,18.0
4195,1419,6,1,38.0,38.0
4196,1419,30,2,38.0,76.0
4197,1420,7,1,36.0,36.0
4198,1420,8,1,24.0,24.0
4199,1420,2,1,34.0,34.0
4200,1420,23,1,18.0,18.0
4201,1421,22,1,22.0,22.0
4202,1421,14,1,45.0,45.0
4203,1421,6,2,38.0,76.0
4204,1421,10,1,32.0,32.0
4205,1422,24,2,24.0,48.0
4206,1422,3,1,42.0,42.0
4207,1422,36,3,6.0,18.0
4208,1422,2,1,34.0,34.0
4209,1423,20,3,16.0,48.0
4210,1423,7,2,36.0,72.0
4211,1424,38,2,12.0,24.0
4212,1424,24,1,24.0,24.0
4213,1424,12,1,36.0,36.0
4214,1425,6,1,38.0,38.0
4215,1425,9,1,35.0,35.0
4216,1425,24,2,24.0,48.0
4217,1425,16,2,32.0,64.0
4218,1425,10,3,32.0,96.0
4219,1425,5,1,30.0,30.0
4220,1426,23,1,18.0,18.0
4221,1426,11,1,33.0,33.0
4222,1426,32,1,37.0,37.0
4223,1426,24,2,24.0,48.0
4224,1426,5,1,30.0,30.0
4225,1427,8,2,24.0,48.0
4226,1427,18,1,38.0,38.0
4227,1427,33,2,14.0,28.0
4228,1428,22,1,22.0,22.0
4229,1428,7,3,36.0,108.0
4230,1428,20,1,16.0,16.0
4231,1428,38,1,12.0,12.0
4232,1428,14,1,45.0,45.0
4233,1429,3,2,42.0,84.0
4234,1429,16,1,32.0,32.0
4235,1430,5,1,30.0,30.0
4236,1430,19,1,18.0,18.0
4237,1430,37,2,18.0,36.0
4238,1430,18,2,38.0,76.0
4239,1431,5,1,30.0,30.0
4240,1431,8,2,24.0,48.0
4241,1431,7,2,36.0,72.0
4242,1431,33,2,14.0,28.0
4243,1431,39,2,8.0,16.0
4244,1432,6,1,38.0,38.0
4245,1432,1,1,28.0,28.0
4246,1433,26,3,42.0,126.0
4247,1433,1,1,28.0,28.0
4248,1433,16,2,32.0,64.0
4249,1434,33,2,14.0,28.0
4250,1434,32,2,37.0,74.0
4251,1434,27,1,25.0,25.0
4252,1434,6,3,38.0,114.0
4253,1435,32,2,37.0,74.0
4254,1435,4,1,22.0,22.0
4255,1435,17,1,26.0,26.0
4256,1435,7,1,36.0,36.0
4257,1435,35,3,9.0,27.0
4258,1436,1,1,28.0,28.0
4259,1436,7,1,36.0,36.0
4260,1437,34,2,10.0,20.0
4261,1437,24,1,24.0,24.0
4262,1437,26,2,42.0,84.0
4263,1437,4,3,22.0,66.0
4264,1438,24,3,24.0,72.0
4265,1438,26,3,42.0,126.0
4266,1439,3,3,42.0,126.0
4267,1439,18,2,38.0,76.0
4268,1439,33,1,14.0,14.0
4269,1440,6,1,38.0,38.0
4270,1440,17,2,26.0,52.0
4271,1440,32,1,37.0,37.0
4272,1441,7,3,36.0,108.0
4273,1441,3,1,42.0,42.0
4274,1441,15,1,30.0,30.0
4275,1441,37,1,18.0,18.0
4276,1442,16,1,32.0,32.0
4277,1442,32,2,37.0,74.0
4278,1443,34,2,10.0,20.0
4279,1443,5,2,30.0,60.0
4280,1444,26,1,42.0,42.0
4281,1444,23,2,18.0,36.0
4282,1444,12,2,36.0,72.0
4283,1445,32,1,37.0,37.0
4284,1446,7,3,36.0,108.0
4285,1446,4,1,22.0,22.0
4286,1446,5,1,30.0,30.0
4287,1446,2,2,34.0,68.0
4288,1447,7,1,36.0,36.0
4289,1447,33,2,14.0,28.0
4290,1447,8,2,24.0,48.0
4291,1447,3,1,42.0,42.0
4292,1448,13,2,28.0,56.0
4293,1449,9,1,35.0,35.0
4294,1449,33,1,14.0,14.0
4295,1449,37,1,18.0,18.0
4296,1450,13,3,28.0,84.0
4297,1450,22,1,22.0,22.0
4298,1450,2,1,34.0,34.0
4299,1451,39,1,8.0,8.0
4300,1451,4,1,22.0,22.0
4301,1451,17,2,26.0,52.0
4302,1452,35,3,9.0,27.0
4303,1452,21,1,20.0,20.0
4304,1452,7,2,36.0,72.0
4305,1452,10,2,32.0,64.0
4306,1452,8,1,24.0,24.0
4307,1452,2,1,34.0,34.0
4308,1453,32,2,37.0,74.0
4309,1453,8,1,24.0,24.0
4310,1454,7,2,36.0,72.0
4311,1454,2,1,34.0,34.0
4312,1455,7,2,36.0,72.0
4313,1455,2,3,34.0,102.0
4314,1456,25,3,26.0,78.0
4315,1457,5,1,30.0,30.0
4316,1457,30,1,38.0,38.0
4317,1458,35,1,9.0,9.0
4318,1458,16,1,32.0,32.0
4319,1458,2,1,34.0,34.0
4320,1459,30,1,38.0,38.0
4321,1459,26,1,42.0,42.0
4322,1459,8,1,24.0,24.0
4323,1459,1,2,28.0,56.0
4324,1459,39,1,8.0,8.0
4325,1460,16,1,32.0,32.0
4326,1460,21,1,20.0,20.0
4327,1461,37,2,18.0,36.0
4328,1462,5,1,30.0,30.0
4329,1462,1,3,28.0,84.0
4330,1463,37,1,18.0,18.0
4331,1463,23,1,18.0,18.0
4332,1464,14,1,45.0,45.0
4333,1464,34,3,10.0,30.0
4334,1465,7,1,36.0,36.0
4335,1466,16,3,32.0,96.0
4336,1466,9,1,35.0,35.0
4337,1466,40,1,10.0,10.0
4338,1466,3,2,42.0,84.0
4339,1467,28,1,34.0,34.0
4340,1467,1,1,28.0,28.0
4341,1468,10,1,32.0,32.0
4342,1468,40,2,10.0,20.0
4343,1469,12,1,36.0,36.0
4344,1469,11,1,33.0,33.0
4345,1470,18,2,38.0,76.0
4346,1470,8,2,24.0,48.0
4347,1471,1,2,28.0,56.0
4348,1471,8,1,24.0,24.0
4349,1472,4,2,22.0,44.0
4350,1472,18,2,38.0,76.0
4351,1472,3,1,42.0,42.0
4352,1472,27,2,25.0,50.0
4353,1473,12,1,36.0,36.0
4354,1473,13,2,28.0,56.0
4355,1473,10,1,32.0,32.0
4356,1474,17,3,26.0,78.0
4357,1475,1,2,28.0,56.0
4358,1475,27,1,25.0,25.0
4359,1476,5,2,30.0,60.0
4360,1476,19,2,18.0,36.0
4361,1476,10,2,32.0,64.0
4362,1476,22,2,22.0,44.0
4363,1477,37,2,18.0,36.0
4364,1477,18,1,38.0,38.0
4365,1478,16,1,32.0,32.0
4366,1478,6,3,38.0,114.0
4367,1478,22,1,22.0,22.0
4368,1479,6,1,38.0,38.0
4369,1479,7,3,36.0,108.0
4370,1479,1,1,28.0,28.0
4371,1480,24,1,24.0,24.0
4372,1480,37,1,18.0,18.0
4373,1480,23,1,18.0,18.0
4374,1480,15,1,30.0,30.0
4375,1481,27,2,25.0,50.0
4376,1481,1,2,28.0,56.0
4377,1482,7,1,36.0,36.0
4378,1482,12,2,36.0,72.0
4379,1482,5,2,30.0,60.0
4380,1483,2,2,34.0,68.0
4381,1483,36,1,6.0,6.0
4382,1483,27,3,25.0,75.0
4383,1483,12,2,36.0,72.0
4384,1483,10,2,32.0,64.0
4385,1484,5,1,30.0,30.0
4386,1484,6,1,38.0,38.0
4387,1484,18,1,38.0,38.0
4388,1485,2,1,34.0,34.0
4389,1485,32,2,37.0,74.0
4390,1486,1,1,28.0,28.0
4391,1486,8,1,24.0,24.0
4392,1486,16,1,32.0,32.0
4393,1487,7,2,36.0,72.0
4394,1487,36,1,6.0,6.0
4395,1488,35,1,9.0,9.0
4396,1489,4,1,22.0,22.0
4397,1489,31,2,36.0,72.0
4398,1490,10,3,32.0,96.0
4399,1490,8,2,24.0,48.0
4400,1491,5,3,30.0,90.0
4401,1491,14,2,45.0,90.0
4402,1491,16,1,32.0,32.0
4403,1491,27,1,25.0,25.0
4404,1492,7,2,36.0,72.0
4405,1493,12,2,36.0,72.0
4406,1493,2,1,34.0,34.0
4407,1493,33,3,14.0,42.0
4408,1494,24,3,24.0,72.0
4409,1494,35,3,9.0,27.0
4410,1495,12,3,36.0,108.0
4411,1495,15,3,30.0,90.0
4412,1495,7,1,36.0,36.0
4413,1495,5,3,30.0,90.0
4414,1496,23,2,18.0,36.0
4415,1496,26,1,42.0,42.0
4416,1496,3,1,42.0,42.0
4417,1497,3,1,42.0,42.0
4418,1497,30,1,38.0,38.0
4419,1497,37,1,18.0,18.0
4420,1498,1,1,28.0,28.0
4421,1499,27,2,25.0,50.0
4422,1499,37,2,18.0,36.0
4423,1500,10,1,32.0,32.0
4424,1501,23,1,18.0,18.0
4425,1501,18,2,38.0,76.0
4426,1501,11,1,33.0,33.0
4427,1502,23,2,18.0,36.0
4428,1502,30,3,38.0,114.0
4429,1502,1,2,28.0,56.0
4430,1502,33,2,14.0,28.0
4431,1503,7,2,36.0,72.0
4432,1503,3,2,42.0,84.0
4433,1503,1,1,28.0,28.0
4434,1504,37,2,18.0,36.0
4435,1504,4,2,22.0,44.0
4436,1504,22,1,22.0,22.0
4437,1504,7,1,36.0,36.0
4438,1505,23,2,18.0,36.0
4439,1505,33,1,14.0,14.0
4440,1505,21,1,20.0,20.0
4441,1505,15,1,30.0,30.0
4442,1505,10,1,32.0,32.0
4443,1505,2,3,34.0,102.0
4444,1506,5,2,30.0,60.0
4445,1506,36,1,6.0,6.0
4446,1506,18,1,38.0,38.0
4447,1506,23,2,18.0,36.0
4448,1507,16,2,32.0,64.0
4449,1507,7,2,36.0,72.0
4450,1507,4,2,22.0,44.0
4451,1508,39,1,8.0,8.0
4452,1509,30,2,38.0,76.0
4453,1509,27,1,25.0,25.0
4454,1510,13,1,28.0,28.0
4455,1510,2,3,34.0,102.0
4456,1511,21,1,20.0,20.0
4457,1511,14,1,45.0,45.0
4458,1512,7,2,36.0,72.0
4459,1512,24,1,24.0,24.0
4460,1512,4,1,22.0,22.0
4461,1512,38,1,12.0,12.0
4462,1513,13,3,28.0,84.0
4463,1513,24,3,24.0,72.0
4464,1513,18,3,38.0,114.0
4465,1513,28,1,34.0,34.0
4466,1514,30,2,38.0,76.0
4467,1514,8,1,24.0,24.0
4468,1514,7,1,36.0,36.0
4469,1514,3,1,42.0,42.0
4470,1515,29,1,44.0,44.0
4471,1515,28,1,34.0,34.0
4472,1515,21,1,20.0,20.0
4473,1515,7,1,36.0,36.0
4474,1516,28,1,34.0,34.0
4475,1516,23,2,18.0,36.0
4476,1517,29,1,44.0,44.0
4477,1517,5,1,30.0,30.0
4478,1518,7,1,36.0,36.0
4479,1519,5,1,30.0,30.0
4480,1519,4,3,22.0,66.0
4481,1519,2,2,34.0,68.0
4482,1519,21,1,20.0,20.0
4483,1520,1,1,28.0,28.0
4484,1520,35,1,9.0,9.0
4485,1520,5,2,30.0,60.0
4486,1520,8,2,24.0,48.0
4487,1520,36,1,6.0,6.0
4488,1521,1,1,28.0,28.0
4489,1521,25,2,26.0,52.0
4490,1522,31,1,36.0,36.0
4491,1522,7,1,36.0,36.0
4492,1522,40,2,10.0,20.0
4493,1522,32,1,37.0,37.0
4494,1522,15,1,30.0,30.0
4495,1523,10,1,32.0,32.0
4496,1523,8,3,24.0,72.0
4497,1523,36,3,6.0,18.0
4498,1523,5,3,30.0,90.0
4499,1523,26,1,42.0,42.0
4500,1523,34,1,10.0,10.0
4501,1524,22,1,22.0,22.0
4502,1524,23,3,18.0,54.0
4503,1524,20,1,16.0,16.0
4504,1525,15,3,30.0,90.0
4505,1526,36,1,6.0,6.0
4506,1527,33,1,14.0,14.0
4507,1527,13,1,28.0,28.0
4508,1527,16,1,32.0,32.0
4509,1528,14,1,45.0,45.0
4510,1528,33,3,14.0,42.0
4511,1528,1,1,28.0,28.0
4512,1529,1,1,28.0,28.0
4513,1529,2,2,34.0,68.0
4514,1530,30,1,38.0,38.0
4515,1531,1,3,28.0,84.0
4516,1531,2,1,34.0,34.0
4517,1531,18,1,38.0,38.0
4518,1532,29,2,44.0,88.0
4519,1532,33,2,14.0,28.0
4520,1533,19,1,18.0,18.0
4521,1533,2,1,34.0,34.0
4522,1533,29,1,44.0,44.0
4523,1533,10,1,32.0,32.0
4524,1534,20,1,16.0,16.0
4525,1534,17,1,26.0,26.0
4526,1535,16,2,32.0,64.0
4527,1536,7,1,36.0,36.0
4528,1536,2,3,34.0,102.0
4529,1536,1,3,28.0,84.0
4530,1537,6,2,38.0,76.0
4531,1538,7,1,36.0,36.0
4532,1538,2,1,34.0,34.0
4533,1539,11,2,33.0,66.0
4534,1539,12,1,36.0,36.0
4535,1539,21,1,20.0,20.0
4536,1539,13,2,28.0,56.0
4537,1540,7,2,36.0,72.0
4538,1540,23,1,18.0,18.0
4539,1540,17,2,26.0,52.0
4540,1541,23,1,18.0,18.0
4541,1541,20,1,16.0,16.0
4542,1541,16,2,32.0,64.0
4543,1541,25,1,26.0,26.0
4544,1542,9,1,35.0,35.0
4545,1543,5,2,30.0,60.0
4546,1543,4,1,22.0,22.0
4547,1543,36,2,6.0,12.0
4548,1544,2,1,34.0,34.0
4549,1544,25,1,26.0,26.0
4550,1545,4,1,22.0,22.0
4551,1545,40,1,10.0,10.0
4552,1545,5,1,30.0,30.0
4553,1545,16,1,32.0,32.0
4554,1545,7,1,36.0,36.0
4555,1546,12,1,36.0,36.0
4556,1546,23,1,18.0,18.0
4557,1547,5,3,30.0,90.0
4558,1548,18,1,38.0,38.0
4559,1548,9,1,35.0,35.0
4560,1548,23,1,18.0,18.0
4561,1548,8,1,24.0,24.0
4562,1548,6,1,38.0,38.0
4563,1549,4,1,22.0,22.0
4564,1550,15,1,30.0,30.0
4565,1550,7,1,36.0,36.0
4566,1551,12,1,36.0,36.0
4567,1551,3,3,42.0,126.0
4568,1551,21,3,20.0,60.0
4569,1551,36,2,6.0,12.0
4570,1552,32,3,37.0,111.0
4571,1552,7,3,36.0,108.0
4572,1552,11,1,33.0,33.0
4573,1553,2,2,34.0,68.0
4574,1553,18,1,38.0,38.0
4575,1553,10,1,32.0,32.0
4576,1553,20,1,16.0,16.0
4577,1553,6,1,38.0,38.0
4578,1553,7,1,36.0,36.0
4579,1554,28,2,34.0,68.0
4580,1555,3,2,42.0,84.0
4581,1555,33,1,14.0,14.0
4582,1555,35,1,9.0,9.0
4583,1556,13,1,28.0,28.0
4584,1556,1,1,28.0,28.0
4585,1556,24,3,24.0,72.0
4586,1557,25,1,26.0,26.0
4587,1557,12,3,36.0,108.0
4588,1558,2,1,34.0,34.0
4589,1558,7,2,36.0,72.0
4590,1559,37,1,18.0,18.0
4591,1559,2,2,34.0,68.0
4592,1559,22,1,22.0,22.0
4593,1560,35,2,9.0,18.0
4594,1560,8,1,24.0,24.0
4595,1560,13,1,28.0,28.0
4596,1561,6,1,38.0,38.0
4597,1562,1,1,28.0,28.0
4598,1562,2,2,34.0,68.0
4599,1563,2,2,34.0,68.0
4600,1563,40,3,10.0,30.0
4601,1564,4,1,22.0,22.0
4602,1564,1,1,28.0,28.0
4603,1564,10,1,32.0,32.0
4604,1565,10,2,32.0,64.0
4605,1565,25,1,26.0,26.0
4606,1566,37,2,18.0,36.0
4607,1566,7,3,36.0,108.0
4608,1566,2,1,34.0,34.0
4609,1566,23,1,18.0,18.0
4610,1566,18,1,38.0,38.0
4611,1567,3,3,42.0,126.0
4612,1567,7,2,36.0,72.0
4613,1568,12,2,36.0,72.0
4614,1568,15,2,30.0,60.0
4615,1568,25,1,26.0,26.0
4616,1568,3,1,42.0,42.0
4617,1569,37,3,18.0,54.0
4618,1569,13,1,28.0,28.0
4619,1569,30,1,38.0,38.0
4620,1570,30,1,38.0,38.0
4621,1570,7,1,36.0,36.0
4622,1570,15,1,30.0,30.0
4623,1571,8,2,24.0,48.0
4624,1571,13,1,28.0,28.0
4625,1572,3,3,42.0,126.0
4626,1572,2,1,34.0,34.0
4627,1572,7,1,36.0,36.0
4628,1572,12,1,36.0,36.0
4629,1573,21,1,20.0,20.0
4630,1573,27,1,25.0,25.0
4631,1573,13,1,28.0,28.0
4632,1574,2,2,34.0,68.0
4633,1574,3,1,42.0,42.0
4634,1574,37,1,18.0,18.0
4635,1574,10,3,32.0,96.0
4636,1575,13,1,28.0,28.0
4637,1575,21,2,20.0,40.0
4638,1575,34,1,10.0,10.0
4639,1575,18,3,38.0,114.0
4640,1575,39,2,8.0,16.0
4641,1576,19,3,18.0,54.0
4642,1576,12,1,36.0,36.0
4643,1577,23,2,18.0,36.0
4644,1578,32,1,37.0,37.0
4645,1579,26,2,42.0,84.0
4646,1579,21,2,20.0,40.0
4647,1579,13,2,28.0,56.0
4648,1580,15,2,30.0,60.0
4649,1580,25,1,26.0,26.0
4650,1581,9,1,35.0,35.0
4651,1581,32,1,37.0,37.0
4652,1581,19,1,18.0,18.0
4653,1582,13,1,28.0,28.0
4654,1582,26,2,42.0,84.0
4655,1583,10,1,32.0,32.0
4656,1583,34,1,10.0,10.0
4657,1583,12,2,36.0,72.0
4658,1583,40,3,10.0,30.0
4659,1583,4,3,22.0,66.0
4660,1584,15,1,30.0,30.0
4661,1584,10,2,32.0,64.0
4662,1584,30,1,38.0,38.0
4663,1584,31,1,36.0,36.0
4664,1585,19,3,18.0,54.0
4665,1585,8,2,24.0,48.0
4666,1586,5,1,30.0,30.0
4667,1587,39,2,8.0,16.0
4668,1587,8,1,24.0,24.0
4669,1587,33,2,14.0,28.0
4670,1588,33,1,14.0,14.0
4671,1588,22,1,22.0,22.0
4672,1588,12,1,36.0,36.0
4673,1588,17,1,26.0,26.0
4674,1589,21,1,20.0,20.0
4675,1589,25,1,26.0,26.0
4676,1590,40,2,10.0,20.0
4677,1590,6,1,38.0,38.0
4678,1591,21,1,20.0,20.0
4679,1591,28,3,34.0,102.0
4680,1591,4,3,22.0,66.0
4681,1592,38,2,12.0,24.0
4682,1592,21,2,20.0,40.0
4683,1592,2,1,34.0,34.0
4684,1592,23,1,18.0,18.0
4685,1592,5,2,30.0,60.0
4686,1593,33,2,14.0,28.0
4687,1594,3,1,42.0,42.0
4688,1594,13,1,28.0,28.0
4689,1594,8,1,24.0,24.0
4690,1595,35,1,9.0,9.0
4691,1595,4,2,22.0,44.0
4692,1595,37,1,18.0,18.0
4693,1595,36,2,6.0,12.0
4694,1596,8,1,24.0,24.0
4695,1596,21,2,20.0,40.0
4696,1596,6,1,38.0,38.0
4697,1596,39,3,8.0,24.0
4698,1597,3,3,42.0,126.0
4699,1597,4,2,22.0,44.0
4700,1597,1,2,28.0,56.0
4701,1597,30,2,38.0,76.0
4702,1597,16,1,32.0,32.0
4703,1598,28,1,34.0,34.0
4704,1599,7,2,36.0,72.0
4705,1600,23,2,18.0,36.0
4706,1600,10,1,32.0,32.0
4707,1600,19,1,18.0,18.0
4708,1600,39,1,8.0,8.0
4709,1601,2,2,34.0,68.0
4710,1601,18,2,38.0,76.0
4711,1602,36,2,6.0,12.0
4712,1602,5,2,30.0,60.0
4713,1602,34,1,10.0,10.0
4714,1603,7,1,36.0,36.0
4715,1603,6,2,38.0,76.0
4716,1604,24,2,24.0,48.0
4717,1604,4,2,22.0,44.0
4718,1604,16,3,32.0,96.0
4719,1604,7,1,36.0,36.0
4720,1605,7,1,36.0,36.0
4721,1605,19,1,18.0,18.0
4722,1606,2,3,34.0,102.0
4723,1606,36,1,6.0,6.0
4724,1607,37,1,18.0,18.0
4725,1607,6,3,38.0,114.0
4726,1608,30,2,38.0,76.0
4727,1609,1,1,28.0,28.0
4728,1610,13,1,28.0,28.0
4729,1610,17,1,26.0,26.0
4730,1610,5,1,30.0,30.0
4731,1611,19,1,18.0,18.0
4732,1611,7,2,36.0,72.0
4733,1612,31,1,36.0,36.0
4734,1612,4,2,22.0,44.0
4735,1612,13,1,28.0,28.0
4736,1612,5,2,30.0,60.0
4737,1612,32,3,37.0,111.0
4738,1613,31,1,36.0,36.0
4739,1613,22,1,22.0,22.0
4740,1613,2,2,34.0,68.0
4741,1613,6,2,38.0,76.0
4742,1613,29,3,44.0,132.0
4743,1614,35,1,9.0,9.0
4744,1614,39,1,8.0,8.0
4745,1615,40,3,10.0,30.0
4746,1615,18,2,38.0,76.0
4747,1616,40,1,10.0,10.0
4748,1616,26,2,42.0,84.0
4749,1616,23,1,18.0,18.0
4750,1616,7,1,36.0,36.0
4751,1616,8,1,24.0,24.0
4752,1617,18,2,38.0,76.0
4753,1617,35,1,9.0,9.0
4754,1617,15,1,30.0,30.0
4755,1617,37,1,18.0,18.0
4756,1617,40,1,10.0,10.0
4757,1617,10,2,32.0,64.0
4758,1618,17,1,26.0,26.0
4759,1618,4,2,22.0,44.0
4760,1618,12,1,36.0,36.0
4761,1618,34,2,10.0,20.0
4762,1618,23,2,18.0,36.0
4763,1619,34,2,10.0,20.0
4764,1619,30,3,38.0,114.0
4765,1620,13,2,28.0,56.0
4766,1620,35,3,9.0,27.0
4767,1620,7,1,36.0,36.0
4768,1620,18,3,38.0,114.0
4769,1620,2,1,34.0,34.0
4770,1620,29,3,44.0,132.0
4771,1621,2,1,34.0,34.0
4772,1621,23,1,18.0,18.0
4773,1621,9,2,35.0,70.0
4774,1621,5,3,30.0,90.0
4775,1622,12,1,36.0,36.0
4776,1622,15,1,30.0,30.0
4777,1622,38,1,12.0,12.0
4778,1623,5,2,30.0,60.0
4779,1623,2,1,34.0,34.0
4780,1624,23,1,18.0,18.0
4781,1624,2,2,34.0,68.0
4782,1624,7,1,36.0,36.0
4783,1625,37,1,18.0,18.0
4784,1625,8,1,24.0,24.0
4785,1625,30,1,38.0,38.0
4786,1626,21,2,20.0,40.0
4787,1626,23,1,18.0,18.0
4788,1626,13,2,28.0,56.0
4789,1626,2,3,34.0,102.0
4790,1627,8,1,24.0,24.0
4791,1627,5,1,30.0,30.0
4792,1628,26,2,42.0,84.0
4793,1628,34,1,10.0,10.0
4794,1628,4,1,22.0,22.0
4795,1628,35,1,9.0,9.0
4796,1628,9,1,35.0,35.0
4797,1629,2,1,34.0,34.0
4798,1629,28,2,34.0,68.0
4799,1630,21,1,20.0,20.0
4800,1630,28,2,34.0,68.0
4801,1631,30,2,38.0,76.0
4802,1632,29,1,44.0,44.0
4803,1633,17,1,26.0,26.0
4804,1633,11,1,33.0,33.0
4805,1633,38,1,12.0,12.0
4806,1634,27,1,25.0,25.0
4807,1634,23,1,18.0,18.0
4808,1634,2,2,34.0,68.0
4809,1635,21,1,20.0,20.0
4810,1635,30,1,38.0,38.0
4811,1636,11,1,33.0,33.0
4812,1636,1,1,28.0,28.0
4813,1636,37,1,18.0,18.0
4814,1637,18,1,38.0,38.0
4815,1637,9,1,35.0,35.0
4816,1637,27,1,25.0,25.0
4817,1638,37,1,18.0,18.0
4818,1639,12,1,36.0,36.0
4819,1639,30,1,38.0,38.0
4820,1639,25,1,26.0,26.0
4821,1639,35,2,9.0,18.0
4822,1640,25,1,26.0,26.0
4823,1640,8,2,24.0,48.0
4824,1640,24,3,24.0,72.0
4825,1640,1,1,28.0,28.0
4826,1640,21,3,20.0,60.0
4827,1641,8,1,24.0,24.0
4828,1641,26,1,42.0,42.0
4829,1642,33,1,14.0,14.0
4830,1642,5,2,30.0,60.0
4831,1643,9,1,35.0,35.0
4832,1643,29,2,44.0,88.0
4833,1644,15,1,30.0,30.0
4834,1644,6,2,38.0,76.0
4835,1644,25,1,26.0,26.0
4836,1644,5,3,30.0,90.0
4837,1645,23,2,18.0,36.0
4838,1645,34,1,10.0,10.0
4839,1645,1,1,28.0,28.0
4840,1646,30,2,38.0,76.0
4841,1646,22,1,22.0,22.0
4842,1646,4,2,22.0,44.0
4843,1646,7,1,36.0,36.0
4844,1646,5,1,30.0,30.0
4845,1647,14,2,45.0,90.0
4846,1647,20,2,16.0,32.0
4847,1648,5,3,30.0,90.0
4848,1648,12,3,36.0,108.0
4849,1648,32,2,37.0,74.0
4850,1649,34,3,10.0,30.0
4851,1649,2,1,34.0,34.0
4852,1649,5,1,30.0,30.0
4853,1649,31,1,36.0,36.0
4854,1650,14,1,45.0,45.0
4855,1651,23,2,18.0,36.0
4856,1652,34,2,10.0,20.0
4857,1653,35,2,9.0,18.0
4858,1653,15,1,30.0,30.0
4859,1654,20,1,16.0,16.0
4860,1654,6,1,38.0,38.0
4861,1654,30,1,38.0,38.0
4862,1654,37,3,18.0,54.0
4863,1654,23,2,18.0,36.0
4864,1654,7,1,36.0,36.0
4865,1655,19,2,18.0,36.0
4866,1656,1,1,28.0,28.0
4867,1656,23,2,18.0,36.0
4868,1657,34,1,10.0,10.0
4869,1657,2,2,34.0,68.0
4870,1657,10,2,32.0,64.0
4871,1658,31,1,36.0,36.0
4872,1658,14,3,45.0,135.0
4873,1658,1,1,28.0,28.0
4874,1658,7,2,36.0,72.0
4875,1659,15,2,30.0,60.0
4876,1659,1,1,28.0,28.0
4877,1660,28,2,34.0,68.0
4878,1660,37,3,18.0,54.0
4879,1660,20,2,16.0,32.0
4880,1660,34,1,10.0,10.0
4881,1660,26,1,42.0,42.0
4882,1660,5,1,30.0,30.0
4883,1661,2,1,34.0,34.0
4884,1661,16,1,32.0,32.0
4885,1661,10,1,32.0,32.0
4886,1661,37,1,18.0,18.0
4887,1661,8,1,24.0,24.0
4888,1662,30,3,38.0,114.0
4889,1663,8,2,24.0,48.0
4890,1663,27,1,25.0,25.0
4891,1664,33,1,14.0,14.0
4892,1664,8,1,24.0,24.0
4893,1664,2,3,34.0,102.0
4894,1664,10,1,32.0,32.0
4895,1665,2,2,34.0,68.0
4896,1665,8,1,24.0,24.0
4897,1666,16,1,32.0,32.0
4898,1666,34,2,10.0,20.0
4899,1666,25,1,26.0,26.0
4900,1667,7,1,36.0,36.0
4901,1668,11,1,33.0,33.0
4902,1668,12,1,36.0,36.0
4903,1668,2,1,34.0,34.0
4904,1669,1,1,28.0,28.0
4905,1669,18,2,38.0,76.0
4906,1669,2,1,34.0,34.0
4907,1669,5,1,30.0,30.0
4908,1670,20,2,16.0,32.0
4909,1670,1,1,28.0,28.0
4910,1670,11,1,33.0,33.0
4911,1670,35,1,9.0,9.0
4912,1670,7,2,36.0,72.0
4913,1671,32,1,37.0,37.0
4914,1671,1,1,28.0,28.0
4915,1671,17,1,26.0,26.0
4916,1671,24,1,24.0,24.0
4917,1671,15,1,30.0,30.0
4918,1671,36,1,6.0,6.0
4919,1672,1,1,28.0,28.0
4920,1672,32,1,37.0,37.0
4921,1672,36,1,6.0,6.0
4922,1672,19,1,18.0,18.0
4923,1673,10,2,32.0,64.0
4924,1673,9,1,35.0,35.0
4925,1673,17,1,26.0,26.0
4926,1674,3,2,42.0,84.0
4927,1674,10,1,32.0,32.0
4928,1674,9,2,35.0,70.0
4929,1674,36,2,6.0,12.0
4930,1675,4,1,22.0,22.0
4931,1675,18,1,38.0,38.0
4932,1676,7,2,36.0,72.0
4933,1676,13,1,28.0,28.0
4934,1676,29,1,44.0,44.0
4935,1677,6,1,38.0,38.0
4936,1677,24,2,24.0,48.0
4937,1677,18,1,38.0,38.0
4938,1677,17,1,26.0,26.0
4939,1677,2,2,34.0,68.0
4940,1677,40,2,10.0,20.0
4941,1678,10,1,32.0,32.0
4942,1678,4,1,22.0,22.0
4943,1678,12,1,36.0,36.0
4944,1679,8,2,24.0,48.0
4945,1680,16,1,32.0,32.0
4946,1680,34,1,10.0,10.0
4947,1681,8,1,24.0,24.0
4948,1681,5,2,30.0,60.0
4949,1682,25,1,26.0,26.0
4950,1683,27,1,25.0,25.0
4951,1683,2,2,34.0,68.0
4952,1684,38,1,12.0,12.0
4953,1684,21,1,20.0,20.0
4954,1684,20,2,16.0,32.0
4955,1684,35,1,9.0,9.0
4956,1685,4,1,22.0,22.0
4957,1685,23,1,18.0,18.0
4958,1686,7,1,36.0,36.0
4959,1686,13,1,28.0,28.0
4960,1686,30,1,38.0,38.0
4961,1686,34,1,10.0,10.0
4962,1687,34,1,10.0,10.0
4963,1687,22,3,22.0,66.0
4964,1687,1,2,28.0,56.0
4965,1687,32,1,37.0,37.0
4966,1687,13,1,28.0,28.0
4967,1688,2,1,34.0,34.0
4968,1689,14,2,45.0,90.0
4969,1689,7,1,36.0,36.0
4970,1689,35,2,9.0,18.0
4971,1689,29,1,44.0,44.0
4972,1690,29,2,44.0,88.0
4973,1690,10,1,32.0,32.0
4974,1691,14,3,45.0,135.0
4975,1691,4,1,22.0,22.0
4976,1691,12,3,36.0,108.0
4977,1691,2,3,34.0,102.0
4978,1692,23,3,18.0,54.0
4979,1692,12,1,36.0,36.0
4980,1693,7,2,36.0,72.0
4981,1693,35,1,9.0,9.0
4982,1693,13,1,28.0,28.0
4983,1694,23,3,18.0,54.0
4984,1694,28,2,34.0,68.0
4985,1694,26,2,42.0,84.0
4986,1695,4,3,22.0,66.0
4987,1695,10,2,32.0,64.0
4988,1695,7,1,36.0,36.0
4989,1695,5,1,30.0,30.0
4990,1696,24,1,24.0,24.0
4991,1696,36,1,6.0,6.0
4992,1697,7,1,36.0,36.0
4993,1697,24,1,24.0,24.0
4994,1697,13,3,28.0,84.0
4995,1698,33,1,14.0,14.0
4996,1698,15,1,30.0,30.0
4997,1698,6,2,38.0,76.0
4998,1698,23,3,18.0,54.0
4999,1699,28,1,34.0,34.0
5000,1699,13,3,28.0,84.0
5001,1700,11,1,33.0,33.0
5002,1700,2,1,34.0,34.0
5003,1701,35,1,9.0,9.0
5004,1701,10,2,32.0,64.0
5005,1702,39,1,8.0,8.0
5006,1702,5,1,30.0,30.0
5007,1703,30,1,38.0,38.0
5008,1704,33,1,14.0,14.0
5009,1704,28,1,34.0,34.0
5010,1705,28,1,34.0,34.0
5011,1705,15,1,30.0,30.0
5012,1705,5,1,30.0,30.0
5013,1706,2,2,34.0,68.0
5014,1706,7,2,36.0,72.0
5015,1706,5,1,30.0,30.0
5016,1706,1,1,28.0,28.0
5017,1706,9,2,35.0,70.0
5018,1706,11,3,33.0,99.0
5019,1707,30,1,38.0,38.0
5020,1707,5,1,30.0,30.0
5021,1708,24,1,24.0,24.0
5022,1708,6,1,38.0,38.0
5023,1708,37,1,18.0,18.0
5024,1709,16,2,32.0,64.0
5025,1709,6,2,38.0,76.0
5026,1709,34,2,10.0,20.0
5027,1709,5,1,30.0,30.0
5028,1710,25,1,26.0,26.0
5029,1710,26,2,42.0,84.0
5030,1711,17,2,26.0,52.0
5031,1711,12,3,36.0,108.0
5032,1711,19,1,18.0,18.0
5033,1711,36,2,6.0,12.0
5034,1711,33,2,14.0,28.0
5035,1711,32,2,37.0,74.0
5036,1712,13,1,28.0,28.0
5037,1713,17,3,26.0,78.0
5038,1713,34,1,10.0,10.0
5039,1714,25,3,26.0,78.0
5040,1715,7,3,36.0,108.0
5041,1715,36,2,6.0,12.0
5042,1716,2,1,34.0,34.0
5043,1716,10,1,32.0,32.0
5044,1717,11,1,33.0,33.0
5045,1717,16,1,32.0,32.0
5046,1717,23,2,18.0,36.0
5047,1717,2,2,34.0,68.0
5048,1718,8,1,24.0,24.0
5049,1719,25,1,26.0,26.0
5050,1719,14,1,45.0,45.0
5051,1719,9,2,35.0,70.0
5052,1719,1,2,28.0,56.0
5053,1719,19,2,18.0,36.0
5054,1720,25,2,26.0,52.0
5055,1720,37,1,18.0,18.0
5056,1721,10,2,32.0,64.0
5057,1721,5,1,30.0,30.0
5058,1721,30,2,38.0,76.0
5059,1722,8,1,24.0,24.0
5060,1722,6,1,38.0,38.0
5061,1722,7,1,36.0,36.0
5062,1723,13,1,28.0,28.0
5063,1723,31,3,36.0,108.0
5064,1724,9,1,35.0,35.0
5065,1724,35,2,9.0,18.0
5066,1724,5,2,30.0,60.0
5067,1724,27,1,25.0,25.0
5068,1725,29,1,44.0,44.0
5069,1725,12,3,36.0,108.0
5070,1725,14,1,45.0,45.0
5071,1725,8,1,24.0,24.0
5072,1726,18,1,38.0,38.0
5073,1726,30,1,38.0,38.0
5074,1726,6,3,38.0,114.0
5075,1727,8,1,24.0,24.0
5076,1727,15,1,30.0,30.0
5077,1727,7,1,36.0,36.0
5078,1728,24,1,24.0,24.0
5079,1728,12,2,36.0,72.0
5080,1729,6,2,38.0,76.0
5081,1729,24,1,24.0,24.0
5082,1729,5,3,30.0,90.0
5083,1730,12,3,36.0,108.0
5084,1730,5,3,30.0,90.0
5085,1731,32,1,37.0,37.0
5086,1731,7,2,36.0,72.0
5087,1731,17,1,26.0,26.0
5088,1731,2,2,34.0,68.0
5089,1732,3,1,42.0,42.0
5090,1732,21,1,20.0,20.0
5091,1732,40,1,10.0,10.0
5092,1733,2,2,34.0,68.0
5093,1734,17,1,26.0,26.0
5094,1735,8,2,24.0,48.0
5095,1735,1,3,28.0,84.0
5096,1735,37,2,18.0,36.0
5097,1736,23,2,18.0,36.0
5098,1736,27,1,25.0,25.0
5099,1736,16,1,32.0,32.0
5100,1737,30,1,38.0,38.0
5101,1737,7,2,36.0,72.0
5102,1737,28,2,34.0,68.0
5103,1738,7,1,36.0,36.0
5104,1738,15,1,30.0,30.0
5105,1738,26,2,42.0,84.0
5106,1738,39,1,8.0,8.0
5107,1738,14,3,45.0,135.0
5108,1738,11,1,33.0,33.0
5109,1739,1,1,28.0,28.0
5110,1739,34,1,10.0,10.0
5111,1740,7,1,36.0,36.0
5112,1740,15,1,30.0,30.0
5113,1740,9,1,35.0,35.0
5114,1741,31,1,36.0,36.0
5115,1741,16,2,32.0,64.0
5116,1742,34,2,10.0,20.0
5117,1742,29,1,44.0,44.0
5118,1743,31,2,36.0,72.0
5119,1743,1,3,28.0,84.0
5120,1743,9,1,35.0,35.0
5121,1744,15,1,30.0,30.0
5122,1745,5,1,30.0,30.0
5123,1745,40,2,10.0,20.0
5124,1745,4,2,22.0,44.0
5125,1745,8,1,24.0,24.0
5126,1746,39,1,8.0,8.0
5127,1746,11,1,33.0,33.0
5128,1747,24,3,24.0,72.0
5129,1748,11,1,33.0,33.0
5130,1748,34,1,10.0,10.0
5131,1748,13,1,28.0,28.0
5132,1749,30,2,38.0,76.0
5133,1749,18,2,38.0,76.0
5134,1749,6,3,38.0,114.0
5135,1750,16,2,32.0,64.0
5136,1750,12,1,36.0,36.0
5137,1751,9,1,35.0,35.0
5138,1752,24,2,24.0,48.0
5139,1752,25,2,26.0,52.0
5140,1752,35,2,9.0,18.0
5141,1753,4,2,22.0,44.0
5142,1754,8,1,24.0,24.0
5143,1754,27,1,25.0,25.0
5144,1755,5,1,30.0,30.0
5145,1755,23,1,18.0,18.0
5146,1756,13,2,28.0,56.0
5147,1756,5,1,30.0,30.0
5148,1756,36,1,6.0,6.0
5149,1757,19,2,18.0,36.0
5150,1757,1,1,28.0,28.0
5151,1757,22,2,22.0,44.0
5152,1757,23,2,18.0,36.0
5153,1757,29,1,44.0,44.0
5154,1757,13,2,28.0,56.0
5155,1758,4,1,22.0,22.0
5156,1758,32,1,37.0,37.0
5157,1758,35,1,9.0,9.0
5158,1758,1,1,28.0,28.0
5159,1758,13,1,28.0,28.0
5160,1759,13,1,28.0,28.0
5161,1759,27,2,25.0,50.0
5162,1760,2,1,34.0,34.0
5163,1760,24,2,24.0,48.0
5164,1761,10,2,32.0,64.0
5165,1761,29,1,44.0,44.0
5166,1762,21,2,20.0,40.0
5167,1762,34,1,10.0,10.0
5168,1763,15,1,30.0,30.0
5169,1764,7,1,36.0,36.0
5170,1764,10,1,32.0,32.0
5171,1765,16,1,32.0,32.0
5172,1765,32,1,37.0,37.0
5173,1766,23,1,18.0,18.0
5174,1766,10,3,32.0,96.0
5175,1766,33,1,14.0,14.0
5176,1767,16,1,32.0,32.0
5177,1767,17,1,26.0,26.0
5178,1767,32,1,37.0,37.0
5179,1767,14,1,45.0,45.0
5180,1768,6,2,38.0,76.0
5181,1768,13,2,28.0,56.0
5182,1769,7,1,36.0,36.0
5183,1769,23,1,18.0,18.0
5184,1769,12,2,36.0,72.0
5185,1770,20,2,16.0,32.0
5186,1770,33,1,14.0,14.0
5187,1771,27,2,25.0,50.0
5188,1771,40,1,10.0,10.0
5189,1771,4,1,22.0,22.0
5190,1772,5,3,30.0,90.0
5191,1772,6,1,38.0,38.0
5192,1773,9,2,35.0,70.0
5193,1773,23,2,18.0,36.0
5194,1774,16,2,32.0,64.0
5195,1774,7,1,36.0,36.0
5196,1774,12,1,36.0,36.0
5197,1774,36,1,6.0,6.0
5198,1774,23,1,18.0,18.0
5199,1775,10,2,32.0,64.0
5200,1775,17,2,26.0,52.0
5201,1776,12,2,36.0,72.0
5202,1776,16,1,32.0,32.0
5203,1777,30,1,38.0,38.0
5204,1777,1,1,28.0,28.0
5205,1778,2,1,34.0,34.0
5206,1778,16,1,32.0,32.0
5207,1779,10,3,32.0,96.0
5208,1779,24,1,24.0,24.0
5209,1779,11,1,33.0,33.0
5210,1779,2,1,34.0,34.0
5211,1779,38,1,12.0,12.0
5212,1779,23,1,18.0,18.0
5213,1780,11,1,33.0,33.0
5214,1780,12,1,36.0,36.0
5215,1780,10,1,32.0,32.0
5216,1781,10,2,32.0,64.0
5217,1781,15,1,30.0,30.0
5218,1781,8,3,24.0,72.0
5219,1781,5,3,30.0,90.0
5220,1781,11,2,33.0,66.0
5221,1782,20,1,16.0,16.0
5222,1782,3,3,42.0,126.0
5223,1782,37,1,18.0,18.0
5224,1783,27,3,25.0,75.0
5225,1783,37,1,18.0,18.0
5226,1783,14,1,45.0,45.0
5227,1784,28,1,34.0,34.0
5228,1784,1,2,28.0,56.0
5229,1784,22,1,22.0,22.0
5230,1784,20,3,16.0,48.0
5231,1784,4,1,22.0,22.0
5232,1785,10,1,32.0,32.0
5233,1785,29,2,44.0,88.0
5234,1785,7,1,36.0,36.0
5235,1786,7,1,36.0,36.0
5236,1786,30,1,38.0,38.0
5237,1786,28,1,34.0,34.0
5238,1787,6,1,38.0,38.0
5239,1787,37,1,18.0,18.0
5240,1787,22,3,22.0,66.0
5241,1788,26,1,42.0,42.0
5242,1788,21,3,20.0,60.0
5243,1789,8,1,24.0,24.0
5244,1789,3,1,42.0,42.0
5245,1789,16,2,32.0,64.0
5246,1789,14,1,45.0,45.0
5247,1790,20,1,16.0,16.0
5248,1791,8,2,24.0,48.0
5249,1792,8,1,24.0,24.0
5250,1792,22,2,22.0,44.0
5251,1793,14,2,45.0,90.0
5252,1793,5,1,30.0,30.0
5253,1793,24,1,24.0,24.0
5254,1793,36,2,6.0,12.0
5255,1794,9,2,35.0,70.0
5256,1794,37,1,18.0,18.0
5257,1794,7,1,36.0,36.0
5258,1795,29,3,44.0,132.0
5259,1795,4,2,22.0,44.0
5260,1796,6,2,38.0,76.0
5261,1796,21,2,20.0,40.0
5262,1796,17,1,26.0,26.0
5263,1796,4,1,22.0,22.0
5264,1797,25,2,26.0,52.0
5265,1797,10,1,32.0,32.0
5266,1797,34,1,10.0,10.0
5267,1798,5,3,30.0,90.0
5268,1799,28,1,34.0,34.0
5269,1799,27,1,25.0,25.0
5270,1800,27,1,25.0,25.0
5271,1800,2,3,34.0,102.0
5272,1801,6,3,38.0,114.0
5273,1801,32,1,37.0,37.0
5274,1802,15,1,30.0,30.0
5275,1802,35,1,9.0,9.0
5276,1803,13,1,28.0,28.0
5277,1803,36,1,6.0,6.0
5278,1803,27,2,25.0,50.0
5279,1803,6,1,38.0,38.0
5280,1803,20,1,16.0,16.0
5281,1804,9,1,35.0,35.0
5282,1804,2,1,34.0,34.0
5283,1805,2,2,34.0,68.0
5284,1805,8,2,24.0,48.0
5285,1805,26,1,42.0,42.0
5286,1805,30,1,38.0,38.0
5287,1806,15,3,30.0,90.0
5288,1806,5,1,30.0,30.0
5289,1806,13,1,28.0,28.0
5290,1806,7,1,36.0,36.0
5291,1806,28,1,34.0,34.0
5292,1807,32,1,37.0,37.0
5293,1807,28,2,34.0,68.0
5294,1808,7,1,36.0,36.0
5295,1808,13,1,28.0,28.0
5296,1808,17,1,26.0,26.0
5297,1809,14,1,45.0,45.0
5298,1809,7,2,36.0,72.0
5299,1810,12,1,36.0,36.0
5300,1810,3,1,42.0,42.0
5301,1810,8,1,24.0,24.0
5302,1810,2,3,34.0,102.0
5303,1810,4,2,22.0,44.0
5304,1811,10,2,32.0,64.0
5305,1812,2,1,34.0,34.0
5306,1812,29,2,44.0,88.0
5307,1812,7,1,36.0,36.0
5308,1812,22,1,22.0,22.0
5309,1812,23,1,18.0,18.0
5310,1813,22,1,22.0,22.0
5311,1813,2,1,34.0,34.0
5312,1813,33,1,14.0,14.0
5313,1814,14,1,45.0,45.0
5314,1814,24,1,24.0,24.0
5315,1815,37,1,18.0,18.0
5316,1815,21,2,20.0,40.0
5317,1816,37,1,18.0,18.0
5318,1816,8,1,24.0,24.0
5319,1817,33,2,14.0,28.0
5320,1817,37,3,18.0,54.0
5321,1817,36,3,6.0,18.0
5322,1817,21,1,20.0,20.0
5323,1817,5,1,30.0,30.0
5324,1817,7,2,36.0,72.0
5325,1818,40,2,10.0,20.0
5326,1818,4,2,22.0,44.0
5327,1818,38,1,12.0,12.0
5328,1819,37,2,18.0,36.0
5329,1819,13,2,28.0,56.0
5330,1819,25,3,26.0,78.0
5331,1820,22,1,22.0,22.0
5332,1820,3,2,42.0,84.0
5333,1820,28,2,34.0,68.0
5334,1821,20,1,16.0,16.0
5335,1821,34,3,10.0,30.0
5336,1822,3,2,42.0,84.0
5337,1822,8,1,24.0,24.0
5338,1823,5,1,30.0,30.0
5339,1823,1,1,28.0,28.0
5340,1824,1,1,28.0,28.0
5341,1824,12,2,36.0,72.0
5342,1825,1,2,28.0,56.0
5343,1825,8,1,24.0,24.0
5344,1825,7,1,36.0,36.0
5345,1825,34,1,10.0,10.0
5346,1826,14,1,45.0,45.0
5347,1826,28,1,34.0,34.0
5348,1826,6,1,38.0,38.0
5349,1826,1,2,28.0,56.0
5350,1826,13,1,28.0,28.0
5351,1827,22,1,22.0,22.0
5352,1827,30,1,38.0,38.0
5353,1827,10,3,32.0,96.0
5354,1828,37,2,18.0,36.0
5355,1829,10,3,32.0,96.0
5356,1829,39,3,8.0,24.0
5357,1829,2,1,34.0,34.0
5358,1829,19,3,18.0,54.0
5359,1829,12,1,36.0,36.0
5360,1830,36,2,6.0,12.0
5361,1830,15,1,30.0,30.0
5362,1830,32,3,37.0,111.0
5363,1831,25,1,26.0,26.0
5364,1831,24,1,24.0,24.0
5365,1831,38,1,12.0,12.0
5366,1831,35,1,9.0,9.0
5367,1831,13,2,28.0,56.0
5368,1831,36,2,6.0,12.0
5369,1832,13,2,28.0,56.0
5370,1832,26,1,42.0,42.0
5371,1832,3,2,42.0,84.0
5372,1832,24,1,24.0,24.0
5373,1833,31,3,36.0,108.0
5374,1833,25,2,26.0,52.0
5375,1833,21,2,20.0,40.0
5376,1834,39,1,8.0,8.0
5377,1834,2,1,34.0,34.0
5378,1835,26,1,42.0,42.0
5379,1835,16,1,32.0,32.0
5380,1836,10,2,32.0,64.0
5381,1836,28,1,34.0,34.0
5382,1836,6,3,38.0,114.0
5383,1837,28,1,34.0,34.0
5384,1837,21,1,20.0,20.0
5385,1838,18,1,38.0,38.0
5386,1839,29,1,44.0,44.0
5387,1839,18,1,38.0,38.0
5388,1839,1,1,28.0,28.0
5389,1839,21,1,20.0,20.0
5390,1840,17,1,26.0,26.0
5391,1841,5,2,30.0,60.0
5392,1841,21,1,20.0,20.0
5393,1842,1,2,28.0,56.0
5394,1843,37,3,18.0,54.0
5395,1843,8,1,24.0,24.0
5396,1843,16,1,32.0,32.0
5397,1844,15,2,30.0,60.0
5398,1844,5,1,30.0,30.0
5399,1844,6,1,38.0,38.0
5400,1844,19,1,18.0,18.0
5401,1845,3,2,42.0,84.0
5402,1846,13,1,28.0,28.0
5403,1846,2,1,34.0,34.0
5404,1846,9,1,35.0,35.0
5405,1846,14,1,45.0,45.0
5406,1846,28,1,34.0,34.0
5407,1846,15,1,30.0,30.0
5408,1847,7,2,36.0,72.0
5409,1847,8,3,24.0,72.0
5410,1848,33,1,14.0,14.0
5411,1848,30,1,38.0,38.0
5412,1848,2,1,34.0,34.0
5413,1848,10,1,32.0,32.0
5414,1848,4,1,22.0,22.0
5415,1849,34,2,10.0,20.0
5416,1849,5,2,30.0,60.0
5417,1850,1,1,28.0,28.0
5418,1850,14,2,45.0,90.0
5419,1851,20,1,16.0,16.0
5420,1851,3,1,42.0,42.0
5421,1851,5,1,30.0,30.0
5422,1851,18,1,38.0,38.0
5423,1852,28,1,34.0,34.0
5424,1853,20,1,16.0,16.0
5425,1853,5,2,30.0,60.0
5426,1853,33,1,14.0,14.0
5427,1853,8,1,24.0,24.0
5428,1853,11,2,33.0,66.0
5429,1854,11,1,33.0,33.0
5430,1854,1,2,28.0,56.0
5431,1854,7,2,36.0,72.0
5432,1854,34,2,10.0,20.0
5433,1854,4,2,22.0,44.0
5434,1855,7,2,36.0,72.0
5435,1856,7,1,36.0,36.0
5436,1856,23,1,18.0,18.0
5437,1857,4,2,22.0,44.0
5438,1857,7,1,36.0,36.0
5439,1858,7,1,36.0,36.0
5440,1858,4,2,22.0,44.0
5441,1858,38,2,12.0,24.0
5442,1858,14,1,45.0,45.0
5443,1859,31,1,36.0,36.0
5444,1859,7,1,36.0,36.0
5445,1859,13,1,28.0,28.0
5446,1859,26,1,42.0,42.0
5447,1859,20,1,16.0,16.0
5448,1860,40,1,10.0,10.0
5449,1860,14,2,45.0,90.0
5450,1860,5,1,30.0,30.0
5451,1860,32,1,37.0,37.0
5452,1861,21,1,20.0,20.0
5453,1861,28,1,34.0,34.0
5454,1862,37,1,18.0,18.0
5455,1862,5,1,30.0,30.0
5456,1862,23,3,18.0,54.0
5457,1863,19,1,18.0,18.0
5458,1863,21,1,20.0,20.0
5459,1864,18,1,38.0,38.0
5460,1864,5,1,30.0,30.0
5461,1864,13,2,28.0,56.0
5462,1865,15,1,30.0,30.0
5463,1865,12,1,36.0,36.0
5464,1866,27,3,25.0,75.0
5465,1866,7,1,36.0,36.0
5466,1867,37,1,18.0,18.0
5467,1867,12,1,36.0,36.0
5468,1867,14,2,45.0,90.0
5469,1867,31,2,36.0,72.0
5470,1868,10,2,32.0,64.0
5471,1868,3,2,42.0,84.0
5472,1868,36,1,6.0,6.0
5473,1869,12,3,36.0,108.0
5474,1869,3,3,42.0,126.0
5475,1870,3,1,42.0,42.0
5476,1870,37,2,18.0,36.0
5477,1870,7,1,36.0,36.0
5478,1871,25,1,26.0,26.0
5479,1872,40,1,10.0,10.0
5480,1872,15,2,30.0,60.0
5481,1873,13,2,28.0,56.0
5482,1873,32,1,37.0,37.0
5483,1873,1,1,28.0,28.0
5484,1874,25,1,26.0,26.0
5485,1874,18,2,38.0,76.0
5486,1874,13,1,28.0,28.0
5487,1875,33,3,14.0,42.0
5488,1875,21,1,20.0,20.0
5489,1875,17,1,26.0,26.0
5490,1875,9,2,35.0,70.0
5491,1875,20,1,16.0,16.0
5492,1876,9,3,35.0,105.0
5493,1876,18,1,38.0,38.0
5494,1877,6,1,38.0,38.0
5495,1877,2,1,34.0,34.0
5496,1877,15,2,30.0,60.0
5497,1878,36,1,6.0,6.0
5498,1878,16,2,32.0,64.0
5499,1879,7,1,36.0,36.0
5500,1879,2,1,34.0,34.0
5501,1879,29,1,44.0,44.0
5502,1879,34,2,10.0,20.0
5503,1879,12,1,36.0,36.0
5504,1879,3,2,42.0,84.0
5505,1880,4,1,22.0,22.0
5506,1880,20,2,16.0,32.0
5507,1880,15,1,30.0,30.0
5508,1881,10,1,32.0,32.0
5509,1881,6,1,38.0,38.0
5510,1881,14,1,45.0,45.0
5511,1882,8,2,24.0,48.0
5512,1882,30,1,38.0,38.0
5513,1882,23,1,18.0,18.0
5514,1882,25,1,26.0,26.0
5515,1882,11,1,33.0,33.0
5516,1883,8,1,24.0,24.0
5517,1883,4,1,22.0,22.0
5518,1883,13,1,28.0,28.0
5519,1884,21,1,20.0,20.0
5520,1884,12,1,36.0,36.0
5521,1885,4,1,22.0,22.0
5522,1885,26,1,42.0,42.0
5523,1885,14,1,45.0,45.0
5524,1886,4,1,22.0,22.0
5525,1886,5,1,30.0,30.0
5526,1886,39,1,8.0,8.0
5527,1887,11,2,33.0,66.0
5528,1887,26,1,42.0,42.0
5529,1887,2,1,34.0,34.0
5530,1888,12,1,36.0,36.0
5531,1889,19,3,18.0,54.0
5532,1889,5,2,30.0,60.0
5533,1889,26,1,42.0,42.0
5534,1889,10,1,32.0,32.0
5535,1890,35,3,9.0,27.0
5536,1890,1,3,28.0,84.0
5537,1891,1,1,28.0,28.0
5538,1891,37,1,18.0,18.0
5539,1891,11,2,33.0,66.0
5540,1891,5,2,30.0,60.0
5541,1892,35,1,9.0,9.0
5542,1893,1,2,28.0,56.0
5543,1893,3,1,42.0,42.0
5544,1894,5,2,30.0,60.0
5545,1894,35,2,9.0,18.0
5546,1895,8,2,24.0,48.0
5547,1895,13,1,28.0,28.0
5548,1895,10,1,32.0,32.0
5549,1896,30,2,38.0,76.0
5550,1896,7,1,36.0,36.0
5551,1897,12,1,36.0,36.0
5552,1897,11,2,33.0,66.0
5553,1897,10,2,32.0,64.0
5554,1897,16,1,32.0,32.0
5555,1898,2,1,34.0,34.0
5556,1898,8,1,24.0,24.0
5557,1899,7,2,36.0,72.0
5558,1899,5,1,30.0,30.0
5559,1900,20,3,16.0,48.0
5560,1900,2,2,34.0,68.0
5561,1901,7,1,36.0,36.0
5562,1902,40,1,10.0,10.0
5563,1902,4,2,22.0,44.0
5564,1902,22,1,22.0,22.0
5565,1903,32,1,37.0,37.0
5566,1903,12,2,36.0,72.0
5567,1904,20,1,16.0,16.0
5568,1904,8,1,24.0,24.0
5569,1905,8,1,24.0,24.0
5570,1905,28,2,34.0,68.0
5571,1905,23,1,18.0,18.0
5572,1905,3,2,42.0,84.0
5573,1905,20,1,16.0,16.0
5574,1905,6,1,38.0,38.0
5575,1906,3,2,42.0,84.0
5576,1906,6,1,38.0,38.0
5577,1907,6,2,38.0,76.0
5578,1907,15,1,30.0,30.0
5579,1907,34,2,10.0,20.0
5580,1908,29,3,44.0,132.0
5581,1908,25,2,26.0,52.0
5582,1908,24,1,24.0,24.0
5583,1909,8,1,24.0,24.0
5584,1909,13,1,28.0,28.0
5585,1909,28,1,34.0,34.0
5586,1909,25,1,26.0,26.0
5587,1910,29,1,44.0,44.0
5588,1910,2,1,34.0,34.0
5589,1910,6,1,38.0,38.0
5590,1910,35,1,9.0,9.0
5591,1911,36,2,6.0,12.0
5592,1911,33,1,14.0,14.0
5593,1911,2,1,34.0,34.0
5594,1911,37,1,18.0,18.0
5595,1912,37,1,18.0,18.0
5596,1912,7,2,36.0,72.0
5597,1913,8,1,24.0,24.0
5598,1914,40,1,10.0,10.0
5599,1915,28,2,34.0,68.0
5600,1915,4,2,22.0,44.0
5601,1915,1,1,28.0,28.0
5602,1915,36,1,6.0,6.0
5603,1916,12,1,36.0,36.0
5604,1916,15,2,30.0,60.0
5605,1917,23,1,18.0,18.0
5606,1917,30,1,38.0,38.0
5607,1918,33,1,14.0,14.0
5608,1918,35,1,9.0,9.0
5609,1918,21,3,20.0,60.0
5610,1918,23,1,18.0,18.0
5611,1918,3,1,42.0,42.0
5612,1919,7,1,36.0,36.0
5613,1919,34,1,10.0,10.0
5614,1920,19,3,18.0,54.0
5615,1920,5,1,30.0,30.0
5616,1921,15,2,30.0,60.0
5617,1921,26,1,42.0,42.0
5618,1921,17,1,26.0,26.0
5619,1922,37,1,18.0,18.0
5620,1922,2,2,34.0,68.0
5621,1923,8,1,24.0,24.0
5622,1923,4,2,22.0,44.0
5623,1923,12,3,36.0,108.0
5624,1924,7,2,36.0,72.0
5625,1924,20,1,16.0,16.0
5626,1925,8,1,24.0,24.0
5627,1925,13,2,28.0,56.0
5628,1925,9,1,35.0,35.0
5629,1925,30,1,38.0,38.0
5630,1926,1,1,28.0,28.0
5631,1926,8,1,24.0,24.0
5632,1926,21,3,20.0,60.0
5633,1926,13,1,28.0,28.0
5634,1926,9,2,35.0,70.0
5635,1927,17,3,26.0,78.0
5636,1927,23,2,18.0,36.0
5637,1927,9,1,35.0,35.0
5638,1927,21,1,20.0,20.0
5639,1928,3,1,42.0,42.0
5640,1928,17,1,26.0,26.0
5641,1929,34,1,10.0,10.0
5642,1929,9,2,35.0,70.0
5643,1930,30,1,38.0,38.0
5644,1930,7,1,36.0,36.0
5645,1930,38,1,12.0,12.0
5646,1931,7,1,36.0,36.0
5647,1931,5,3,30.0,90.0
5648,1932,8,1,24.0,24.0
5649,1932,39,1,8.0,8.0
5650,1932,16,2,32.0,64.0
5651,1932,14,1,45.0,45.0
5652,1933,3,2,42.0,84.0
5653,1933,24,1,24.0,24.0
5654,1933,33,1,14.0,14.0
5655,1934,33,1,14.0,14.0
5656,1934,23,3,18.0,54.0
5657,1934,8,3,24.0,72.0
5658,1935,25,1,26.0,26.0
5659,1935,7,1,36.0,36.0
5660,1935,11,1,33.0,33.0
5661,1935,8,1,24.0,24.0
5662,1935,22,2,22.0,44.0
5663,1935,4,1,22.0,22.0
5664,1936,18,1,38.0,38.0
5665,1937,6,1,38.0,38.0
5666,1937,5,2,30.0,60.0
5667,1937,8,1,24.0,24.0
5668,1937,21,2,20.0,40.0
5669,1938,8,1,24.0,24.0
5670,1938,18,2,38.0,76.0
5671,1939,25,1,26.0,26.0
5672,1939,1,2,28.0,56.0
5673,1939,3,1,42.0,42.0
5674,1939,8,1,24.0,24.0
5675,1940,35,1,9.0,9.0
5676,1940,2,1,34.0,34.0
5677,1940,7,3,36.0,108.0
5678,1941,15,2,30.0,60.0
5679,1941,16,2,32.0,64.0
5680,1942,20,2,16.0,32.0
5681,1942,2,1,34.0,34.0
5682,1942,26,2,42.0,84.0
5683,1942,9,1,35.0,35.0
5684,1942,14,1,45.0,45.0
5685,1943,18,1,38.0,38.0
5686,1943,9,1,35.0,35.0
5687,1943,30,1,38.0,38.0
5688,1943,22,2,22.0,44.0
5689,1944,6,1,38.0,38.0
5690,1944,30,1,38.0,38.0
5691,1945,8,2,24.0,48.0
5692,1945,13,1,28.0,28.0
5693,1946,23,2,18.0,36.0
5694,1946,7,2,36.0,72.0
5695,1947,10,2,32.0,64.0
5696,1947,32,1,37.0,37.0
5697,1947,14,1,45.0,45.0
5698,1948,11,1,33.0,33.0
5699,1948,14,3,45.0,135.0
5700,1948,29,1,44.0,44.0
5701,1948,15,3,30.0,90.0
5702,1948,8,1,24.0,24.0
5703,1948,2,1,34.0,34.0
5704,1949,9,1,35.0,35.0
5705,1949,1,2,28.0,56.0
5706,1949,29,1,44.0,44.0
5707,1950,30,1,38.0,38.0
5708,1950,4,2,22.0,44.0
5709,1950,27,2,25.0,50.0
5710,1951,1,1,28.0,28.0
5711,1951,10,3,32.0,96.0
5712,1951,28,1,34.0,34.0
5713,1951,18,1,38.0,38.0
5714,1951,3,1,42.0,42.0
5715,1952,5,2,30.0,60.0
5716,1952,34,1,10.0,10.0
5717,1952,22,2,22.0,44.0
5718,1952,7,1,36.0,36.0
5719,1953,20,1,16.0,16.0
5720,1953,5,2,30.0,60.0
5721,1953,10,1,32.0,32.0
5722,1954,23,1,18.0,18.0
5723,1954,7,1,36.0,36.0
5724,1955,16,1,32.0,32.0
5725,1955,18,1,38.0,38.0
5726,1955,4,2,22.0,44.0
5727,1956,3,1,42.0,42.0
5728,1956,6,3,38.0,114.0
5729,1956,33,1,14.0,14.0
5730,1957,13,3,28.0,84.0
5731,1957,6,1,38.0,38.0
5732,1957,9,1,35.0,35.0
5733,1957,3,2,42.0,84.0
5734,1957,1,2,28.0,56.0
5735,1957,32,2,37.0,74.0
5736,1958,23,1,18.0,18.0
5737,1958,10,1,32.0,32.0
5738,1958,7,3,36.0,108.0
5739,1959,31,1,36.0,36.0
5740,1959,24,1,24.0,24.0
5741,1959,29,1,44.0,44.0
5742,1959,18,1,38.0,38.0
5743,1960,14,1,45.0,45.0
5744,1960,24,1,24.0,24.0
5745,1960,4,2,22.0,44.0
5746,1961,25,1,26.0,26.0
5747,1961,33,2,14.0,28.0
5748,1961,8,2,24.0,48.0
5749,1961,23,1,18.0,18.0
5750,1961,18,1,38.0,38.0
5751,1961,27,2,25.0,50.0
5752,1962,6,3,38.0,114.0
5753,1962,36,3,6.0,18.0
5754,1963,23,1,18.0,18.0
5755,1963,1,1,28.0,28.0
5756,1964,28,1,34.0,34.0
5757,1964,12,2,36.0,72.0
5758,1964,39,1,8.0,8.0
5759,1964,33,1,14.0,14.0
5760,1964,1,1,28.0,28.0
5761,1965,7,1,36.0,36.0
5762,1965,8,1,24.0,24.0
5763,1965,33,1,14.0,14.0
5764,1966,38,1,12.0,12.0
5765,1966,3,1,42.0,42.0
5766,1966,6,1,38.0,38.0
5767,1966,5,2,30.0,60.0
5768,1967,7,1,36.0,36.0
5769,1967,5,3,30.0,90.0
5770,1967,39,3,8.0,24.0
5771,1968,7,3,36.0,108.0
5772,1968,1,1,28.0,28.0
5773,1968,2,1,34.0,34.0
5774,1968,21,2,20.0,40.0
5775,1969,5,3,30.0,90.0
5776,1969,7,1,36.0,36.0
5777,1969,37,1,18.0,18.0
5778,1969,10,1,32.0,32.0
5779,1970,3,1,42.0,42.0
5780,1970,16,2,32.0,64.0
5781,1971,12,3,36.0,108.0
5782,1971,5,1,30.0,30.0
5783,1971,4,2,22.0,44.0
5784,1972,30,2,38.0,76.0
5785,1972,1,1,28.0,28.0
5786,1973,16,1,32.0,32.0
5787,1973,14,3,45.0,135.0
5788,1973,7,1,36.0,36.0
5789,1974,8,3,24.0,72.0
5790,1974,2,2,34.0,68.0
5791,1975,20,1,16.0,16.0
5792,1975,2,1,34.0,34.0
5793,1976,27,1,25.0,25.0
5794,1976,21,1,20.0,20.0
5795,1976,30,1,38.0,38.0
5796,1976,32,1,37.0,37.0
5797,1977,24,2,24.0,48.0
5798,1977,5,3,30.0,90.0
5799,1978,35,1,9.0,9.0
5800,1978,6,1,38.0,38.0
5801,1978,30,2,38.0,76.0
5802,1978,20,2,16.0,32.0
5803,1978,31,1,36.0,36.0
5804,1979,12,1,36.0,36.0
5805,1979,2,1,34.0,34.0
5806,1980,24,1,24.0,24.0
5807,1981,1,2,28.0,56.0
5808,1981,6,1,38.0,38.0
5809,1981,34,2,10.0,20.0
5810,1981,14,3,45.0,135.0
5811,1981,5,1,30.0,30.0
5812,1982,13,1,28.0,28.0
5813,1982,23,1,18.0,18.0
5814,1983,18,2,38.0,76.0
5815,1983,36,3,6.0,18.0
5816,1984,10,2,32.0,64.0
5817,1984,4,1,22.0,22.0
5818,1984,24,1,24.0,24.0
5819,1985,12,2,36.0,72.0
5820,1985,24,2,24.0,48.0
5821,1986,37,2,18.0,36.0
5822,1986,23,1,18.0,18.0
5823,1986,9,1,35.0,35.0
5824,1987,8,1,24.0,24.0
5825,1987,4,1,22.0,22.0
5826,1987,38,1,12.0,12.0
5827,1988,23,1,18.0,18.0
5828,1988,3,2,42.0,84.0
5829,1989,20,2,16.0,32.0
5830,1989,9,2,35.0,70.0
5831,1989,32,1,37.0,37.0
5832,1989,24,1,24.0,24.0
5833,1990,5,1,30.0,30.0
5834,1991,33,1,14.0,14.0
5835,1991,16,2,32.0,64.0
5836,1991,15,1,30.0,30.0
5837,1992,12,2,36.0,72.0
5838,1992,25,2,26.0,52.0
5839,1992,8,2,24.0,48.0
5840,1992,22,1,22.0,22.0
5841,1992,36,2,6.0,12.0
5842,1993,6,3,38.0,114.0
5843,1994,38,1,12.0,12.0
5844,1994,30,1,38.0,38.0
5845,1995,18,1,38.0,38.0
5846,1996,31,1,36.0,36.0
5847,1996,6,1,38.0,38.0
5848,1997,2,2,34.0,68.0
5849,1997,33,2,14.0,28.0
5850,1998,26,1,42.0,42.0
5851,1999,16,3,32.0,96.0
5852,1999,6,1,38.0,38.0
5853,2000,13,2,28.0,56.0
5854,2000,15,2,30.0,60.0
5855,2001,30,2,38.0,76.0
5856,2001,25,1,26.0,26.0
5857,2001,7,1,36.0,36.0
5858,2002,7,2,36.0,72.0
5859,2002,36,1,6.0,6.0
5860,2002,12,1,36.0,36.0
5861,2002,25,2,26.0,52.0
5862,2003,28,1,34.0,34.0
5863,2004,29,1,44.0,44.0
5864,2004,8,1,24.0,24.0
5865,2004,1,3,28.0,84.0
5866,2004,33,1,14.0,14.0
5867,2005,37,1,18.0,18.0
5868,2005,7,2,36.0,72.0
5869,2006,36,2,6.0,12.0
5870,2006,7,1,36.0,36.0
5871,2006,32,2,37.0,74.0
5872,2007,8,1,24.0,24.0
5873,2007,27,1,25.0,25.0
5874,2008,4,1,22.0,22.0
5875,2008,32,1,37.0,37.0
5876,2009,22,3,22.0,66.0
5877,2009,9,2,35.0,70.0
5878,2009,36,1,6.0,6.0
5879,2010,5,1,30.0,30.0
5880,2010,8,1,24.0,24.0
5881,2010,2,1,34.0,34.0
5882,2010,30,1,38.0,38.0
5883,2010,26,1,42.0,42.0
5884,2011,7,1,36.0,36.0
5885,2012,39,1,8.0,8.0
5886,2012,34,2,10.0,20.0
5887,2012,17,1,26.0,26.0
5888,2012,24,1,24.0,24.0
5889,2013,30,1,38.0,38.0
5890,2013,38,2,12.0,24.0
5891,2013,34,1,10.0,10.0
5892,2014,19,1,18.0,18.0
5893,2015,3,2,42.0,84.0
5894,2015,19,3,18.0,54.0
5895,2015,5,1,30.0,30.0
5896,2016,25,1,26.0,26.0
5897,2016,16,1,32.0,32.0
5898,2016,3,1,42.0,42.0
5899,2016,8,2,24.0,48.0
5900,2016,37,1,18.0,18.0
5901,2017,12,2,36.0,72.0
5902,2017,4,2,22.0,44.0
5903,2017,37,3,18.0,54.0
5904,2018,30,1,38.0,38.0
5905,2019,37,1,18.0,18.0
5906,2019,29,1,44.0,44.0
5907,2019,7,2,36.0,72.0
5908,2020,18,1,38.0,38.0
5909,2020,22,1,22.0,22.0
5910,2020,20,3,16.0,48.0
5911,2021,27,2,25.0,50.0
5912,2021,37,3,18.0,54.0
5913,2021,21,1,20.0,20.0
5914,2022,27,1,25.0,25.0
5915,2022,11,1,33.0,33.0
5916,2022,12,1,36.0,36.0
5917,2023,29,3,44.0,132.0
5918,2023,27,1,25.0,25.0
5919,2024,36,2,6.0,12.0
5920,2024,15,1,30.0,30.0
5921,2024,16,1,32.0,32.0
5922,2024,28,1,34.0,34.0
5923,2024,21,1,20.0,20.0
5924,2025,36,1,6.0,6.0
5925,2025,13,1,28.0,28.0
5926,2026,13,3,28.0,84.0
5927,2026,35,2,9.0,18.0
5928,2026,28,3,34.0,102.0
5929,2027,7,1,36.0,36.0
5930,2027,38,2,12.0,24.0
5931,2027,3,2,42.0,84.0
5932,2028,37,1,18.0,18.0
5933,2028,26,1,42.0,42.0
5934,2028,7,1,36.0,36.0
5935,2028,23,1,18.0,18.0
5936,2029,33,1,14.0,14.0
5937,2029,26,3,42.0,126.0
5938,2029,2,1,34.0,34.0
5939,2030,37,2,18.0,36.0
5940,2030,14,1,45.0,45.0
5941,2030,26,1,42.0,42.0
5942,2031,7,1,36.0,36.0
5943,2031,5,2,30.0,60.0
5944,2032,10,1,32.0,32.0
5945,2032,5,1,30.0,30.0
5946,2033,30,3,38.0,114.0
5947,2033,20,2,16.0,32.0
5948,2033,2,1,34.0,34.0
5949,2034,22,2,22.0,44.0
5950,2034,2,2,34.0,68.0
5951,2034,18,1,38.0,38.0
5952,2034,9,1,35.0,35.0
5953,2034,23,1,18.0,18.0
5954,2035,7,1,36.0,36.0
5955,2035,8,1,24.0,24.0
5956,2036,15,1,30.0,30.0
5957,2037,19,2,18.0,36.0
5958,2038,15,1,30.0,30.0
5959,2038,7,2,36.0,72.0
5960,2039,25,2,26.0,52.0
5961,2039,10,1,32.0,32.0
5962,2039,32,1,37.0,37.0
5963,2040,5,1,30.0,30.0
5964,2040,13,1,28.0,28.0
5965,2041,31,2,36.0,72.0
5966,2041,23,2,18.0,36.0
5967,2041,13,1,28.0,28.0
5968,2041,8,1,24.0,24.0
5969,2041,4,2,22.0,44.0
5970,2041,10,2,32.0,64.0
5971,2042,23,1,18.0,18.0
5972,2042,24,1,24.0,24.0
5973,2042,8,1,24.0,24.0
5974,2042,28,1,34.0,34.0
5975,2043,19,1,18.0,18.0
5976,2043,10,1,32.0,32.0
5977,2043,13,2,28.0,56.0
5978,2043,7,1,36.0,36.0
5979,2043,16,1,32.0,32.0
5980,2044,34,1,10.0,10.0
5981,2044,30,1,38.0,38.0
5982,2044,19,1,18.0,18.0
5983,2045,21,3,20.0,60.0
5984,2045,32,1,37.0,37.0
5985,2046,35,1,9.0,9.0
5986,2046,3,1,42.0,42.0
5987,2046,32,1,37.0,37.0
5988,2047,37,2,18.0,36.0
5989,2047,6,1,38.0,38.0
5990,2047,28,1,34.0,34.0
5991,2047,38,1,12.0,12.0
5992,2047,7,2,36.0,72.0
5993,2048,20,2,16.0,32.0
5994,2048,32,1,37.0,37.0
5995,2049,16,1,32.0,32.0
5996,2050,8,2,24.0,48.0
5997,2050,13,1,28.0,28.0
5998,2050,30,1,38.0,38.0
5999,2050,32,1,37.0,37.0
6000,2050,5,1,30.0,30.0
6001,2051,28,1,34.0,34.0
6002,2051,2,1,34.0,34.0
6003,2051,27,2,25.0,50.0
6004,2052,4,1,22.0,22.0
6005,2052,38,1,12.0,12.0
6006,2052,24,2,24.0,48.0
6007,2053,5,1,30.0,30.0
6008,2053,25,1,26.0,26.0
6009,2053,40,3,10.0,30.0
6010,2054,34,1,10.0,10.0
6011,2054,14,1,45.0,45.0
6012,2055,8,1,24.0,24.0
6013,2055,12,2,36.0,72.0
6014,2055,32,1,37.0,37.0
6015,2056,7,1,36.0,36.0
6016,2056,28,1,34.0,34.0
6017,2057,17,2,26.0,52.0
6018,2057,23,3,18.0,54.0
6019,2057,18,3,38.0,114.0
6020,2058,36,1,6.0,6.0
6021,2058,16,2,32.0,64.0
6022,2058,15,1,30.0,30.0
6023,2058,2,1,34.0,34.0
6024,2059,9,1,35.0,35.0
6025,2059,13,1,28.0,28.0
6026,2059,1,2,28.0,56.0
6027,2059,2,1,34.0,34.0
6028,2060,12,1,36.0,36.0
6029,2060,2,1,34.0,34.0
6030,2060,26,1,42.0,42.0
6031,2060,21,1,20.0,20.0
6032,2060,13,3,28.0,84.0
6033,2061,7,3,36.0,108.0
6034,2061,23,1,18.0,18.0
6035,2061,33,1,14.0,14.0
6036,2062,12,1,36.0,36.0
6037,2062,29,2,44.0,88.0
6038,2063,37,3,18.0,54.0
6039,2063,32,1,37.0,37.0
6040,2064,7,1,36.0,36.0
6041,2064,8,1,24.0,24.0
6042,2065,3,1,42.0,42.0
6043,2065,23,1,18.0,18.0
6044,2065,7,1,36.0,36.0
6045,2065,15,2,30.0,60.0
6046,2066,12,2,36.0,72.0
6047,2066,7,2,36.0,72.0
6048,2066,20,1,16.0,16.0
6049,2067,8,2,24.0,48.0
6050,2067,13,3,28.0,84.0
6051,2067,30,1,38.0,38.0
6052,2068,14,2,45.0,90.0
6053,2068,21,3,20.0,60.0
6054,2068,15,1,30.0,30.0
6055,2069,24,2,24.0,48.0
6056,2069,10,1,32.0,32.0
6057,2069,7,1,36.0,36.0
6058,2070,4,1,22.0,22.0
6059,2070,23,1,18.0,18.0
6060,2070,32,1,37.0,37.0
6061,2070,7,1,36.0,36.0
6062,2070,31,2,36.0,72.0
6063,2071,16,1,32.0,32.0
6064,2071,12,1,36.0,36.0
6065,2072,7,2,36.0,72.0
6066,2072,15,3,30.0,90.0
6067,2072,30,2,38.0,76.0
6068,2073,24,1,24.0,24.0
6069,2073,15,2,30.0,60.0
6070,2073,7,1,36.0,36.0
6071,2074,3,1,42.0,42.0
6072,2074,4,2,22.0,44.0
6073,2074,26,1,42.0,42.0
6074,2075,4,1,22.0,22.0
6075,2075,13,2,28.0,56.0
6076,2075,30,1,38.0,38.0
6077,2075,28,2,34.0,68.0
6078,2076,17,2,26.0,52.0
6079,2076,29,2,44.0,88.0
6080,2076,32,1,37.0,37.0
6081,2077,32,2,37.0,74.0
6082,2077,30,2,38.0,76.0
6083,2077,17,1,26.0,26.0
6084,2078,4,2,22.0,44.0
6085,2078,6,3,38.0,114.0
6086,2079,11,1,33.0,33.0
6087,2079,23,1,18.0,18.0
6088,2079,30,2,38.0,76.0
6089,2080,1,2,28.0,56.0
6090,2080,13,1,28.0,28.0
6091,2081,6,2,38.0,76.0
6092,2081,4,2,22.0,44.0
6093,2081,5,2,30.0,60.0
6094,2082,24,2,24.0,48.0
6095,2082,26,1,42.0,42.0
6096,2083,2,2,34.0,68.0
6097,2083,16,1,32.0,32.0
6098,2084,25,1,26.0,26.0
6099,2084,4,2,22.0,44.0
6100,2084,30,1,38.0,38.0
6101,2084,13,2,28.0,56.0
6102,2085,23,2,18.0,36.0
6103,2085,28,1,34.0,34.0
6104,2085,25,2,26.0,52.0
6105,2085,16,2,32.0,64.0
6106,2086,35,1,9.0,9.0
6107,2086,7,2,36.0,72.0
6108,2087,8,1,24.0,24.0
6109,2087,7,2,36.0,72.0
6110,2088,8,1,24.0,24.0
6111,2088,21,1,20.0,20.0
6112,2088,4,1,22.0,22.0
6113,2088,13,1,28.0,28.0
6114,2089,18,1,38.0,38.0
6115,2089,7,1,36.0,36.0
6116,2089,23,1,18.0,18.0
6117,2089,11,1,33.0,33.0
6118,2090,11,1,33.0,33.0
6119,2090,1,2,28.0,56.0
6120,2090,32,1,37.0,37.0
6121,2091,20,1,16.0,16.0
6122,2092,2,1,34.0,34.0
6123,2092,28,1,34.0,34.0
6124,2092,7,1,36.0,36.0
6125,2092,10,1,32.0,32.0
6126,2093,3,3,42.0,126.0
6127,2093,21,1,20.0,20.0
6128,2094,30,1,38.0,38.0
6129,2094,33,1,14.0,14.0
6130,2094,12,1,36.0,36.0
6131,2095,17,3,26.0,78.0
6132,2095,1,1,28.0,28.0
6133,2095,22,1,22.0,22.0
6134,2095,34,1,10.0,10.0
6135,2095,36,2,6.0,12.0
6136,2095,13,1,28.0,28.0
6137,2096,2,1,34.0,34.0
6138,2097,13,3,28.0,84.0
6139,2097,40,1,10.0,10.0
6140,2098,1,1,28.0,28.0
6141,2098,11,1,33.0,33.0
6142,2099,6,1,38.0,38.0
6143,2099,2,1,34.0,34.0
6144,2099,12,1,36.0,36.0
6145,2099,3,3,42.0,126.0
6146,2099,24,2,24.0,48.0
6147,2100,28,1,34.0,34.0
6148,2100,1,1,28.0,28.0
6149,2101,6,1,38.0,38.0
6150,2101,5,2,30.0,60.0
6151,2101,40,3,10.0,30.0
6152,2102,5,1,30.0,30.0
6153,2102,16,1,32.0,32.0
6154,2102,34,1,10.0,10.0
6155,2102,31,3,36.0,108.0
6156,2103,13,1,28.0,28.0
6157,2103,20,2,16.0,32.0
6158,2104,7,2,36.0,72.0
6159,2104,37,1,18.0,18.0
6160,2104,9,1,35.0,35.0
6161,2105,37,1,18.0,18.0
6162,2106,12,1,36.0,36.0
6163,2107,7,1,36.0,36.0
6164,2107,40,1,10.0,10.0
6165,2108,16,3,32.0,96.0
6166,2108,35,2,9.0,18.0
6167,2108,8,2,24.0,48.0
6168,2108,6,1,38.0,38.0
6169,2109,21,1,20.0,20.0
6170,2109,24,3,24.0,72.0
6171,2109,1,1,28.0,28.0
6172,2109,18,1,38.0,38.0
6173,2110,29,1,44.0,44.0
6174,2110,12,2,36.0,72.0
6175,2111,16,3,32.0,96.0
6176,2111,8,1,24.0,24.0
6177,2112,7,1,36.0,36.0
6178,2112,15,1,30.0,30.0
6179,2112,14,3,45.0,135.0
6180,2112,18,1,38.0,38.0
6181,2112,29,1,44.0,44.0
6182,2113,5,1,30.0,30.0
6183,2114,12,1,36.0,36.0
6184,2114,8,1,24.0,24.0
6185,2114,23,3,18.0,54.0
6186,2115,2,1,34.0,34.0
6187,2115,3,1,42.0,42.0
6188,2115,29,1,44.0,44.0
6189,2116,27,1,25.0,25.0
6190,2116,7,1,36.0,36.0
6191,2116,20,3,16.0,48.0
6192,2116,23,2,18.0,36.0
6193,2117,33,2,14.0,28.0
6194,2117,18,3,38.0,114.0
6195,2117,29,2,44.0,88.0
6196,2117,9,1,35.0,35.0
6197,2117,39,1,8.0,8.0
6198,2118,28,1,34.0,34.0
6199,2119,24,1,24.0,24.0
6200,2119,25,1,26.0,26.0
6201,2119,28,1,34.0,34.0
6202,2120,23,1,18.0,18.0
6203,2120,34,1,10.0,10.0
6204,2121,37,2,18.0,36.0
6205,2121,26,1,42.0,42.0
6206,2121,6,3,38.0,114.0
6207,2121,5,2,30.0,60.0
6208,2122,8,1,24.0,24.0
6209,2122,6,1,38.0,38.0
6210,2123,40,1,10.0,10.0
6211,2124,39,3,8.0,24.0
6212,2124,33,1,14.0,14.0
6213,2124,8,1,24.0,24.0
6214,2125,34,1,10.0,10.0
6215,2126,37,1,18.0,18.0
6216,2126,7,1,36.0,36.0
6217,2126,33,1,14.0,14.0
6218,2126,23,1,18.0,18.0
6219,2126,32,2,37.0,74.0
6220,2126,19,2,18.0,36.0
6221,2127,26,1,42.0,42.0
6222,2127,3,3,42.0,126.0
6223,2127,6,1,38.0,38.0
6224,2128,8,1,24.0,24.0
6225,2128,14,1,45.0,45.0
6226,2128,4,1,22.0,22.0
6227,2129,16,1,32.0,32.0
6228,2129,27,1,25.0,25.0
6229,2130,15,2,30.0,60.0
6230,2130,32,1,37.0,37.0
6231,2130,11,1,33.0,33.0
6232,2130,12,1,36.0,36.0
6233,2130,28,1,34.0,34.0
6234,2131,7,1,36.0,36.0
6235,2131,8,2,24.0,48.0
6236,2132,1,1,28.0,28.0
6237,2132,5,1,30.0,30.0
6238,2133,7,2,36.0,72.0
6239,2134,7,1,36.0,36.0
6240,2134,36,2,6.0,12.0
6241,2134,23,1,18.0,18.0
6242,2134,1,1,28.0,28.0
6243,2135,16,1,32.0,32.0
6244,2136,20,1,16.0,16.0
6245,2137,8,1,24.0,24.0
6246,2137,19,2,18.0,36.0
6247,2137,24,1,24.0,24.0
6248,2138,8,2,24.0,48.0
6249,2138,28,1,34.0,34.0
6250,2138,34,3,10.0,30.0
6251,2139,33,1,14.0,14.0
6252,2139,40,1,10.0,10.0
6253,2139,14,1,45.0,45.0
6254,2140,2,2,34.0,68.0
6255,2140,11,2,33.0,66.0
6256,2141,14,2,45.0,90.0
6257,2141,6,1,38.0,38.0
6258,2141,35,1,9.0,9.0
6259,2142,34,2,10.0,20.0
6260,2143,34,1,10.0,10.0
6261,2143,3,1,42.0,42.0
6262,2144,21,1,20.0,20.0
6263,2144,20,2,16.0,32.0
6264,2144,3,1,42.0,42.0
6265,2144,8,3,24.0,72.0
6266,2144,33,2,14.0,28.0
6267,2144,11,1,33.0,33.0
6268,2145,39,2,8.0,16.0
6269,2146,2,2,34.0,68.0
6270,2146,8,1,24.0,24.0
6271,2146,7,1,36.0,36.0
6272,2146,14,1,45.0,45.0
6273,2146,16,2,32.0,64.0
6274,2146,35,1,9.0,9.0
6275,2147,3,1,42.0,42.0
6276,2147,7,1,36.0,36.0
6277,2147,24,1,24.0,24.0
6278,2148,20,2,16.0,32.0
6279,2148,13,1,28.0,28.0
6280,2148,37,3,18.0,54.0
6281,2148,6,1,38.0,38.0
6282,2149,35,2,9.0,18.0
6283,2149,2,1,34.0,34.0
6284,2150,18,2,38.0,76.0
6285,2150,28,1,34.0,34.0
6286,2150,35,1,9.0,9.0
6287,2150,15,1,30.0,30.0
6288,2150,17,2,26.0,52.0
6289,2150,14,1,45.0,45.0
6290,2151,10,1,32.0,32.0
6291,2151,20,1,16.0,16.0
6292,2151,28,1,34.0,34.0
6293,2151,13,1,28.0,28.0
6294,2151,32,3,37.0,111.0
6295,2152,8,1,24.0,24.0
6296,2152,7,2,36.0,72.0
6297,2152,5,1,30.0,30.0
6298,2152,6,2,38.0,76.0
6299,2153,18,1,38.0,38.0
6300,2153,5,1,30.0,30.0
6301,2153,23,1,18.0,18.0
6302,2154,9,1,35.0,35.0
6303,2154,27,1,25.0,25.0
6304,2154,4,1,22.0,22.0
6305,2154,6,3,38.0,114.0
6306,2155,26,1,42.0,42.0
6307,2155,18,1,38.0,38.0
6308,2155,7,2,36.0,72.0
6309,2155,31,2,36.0,72.0
6310,2156,29,1,44.0,44.0
6311,2156,12,2,36.0,72.0
6312,2156,5,1,30.0,30.0
6313,2157,33,1,14.0,14.0
6314,2157,18,1,38.0,38.0
6315,2158,39,1,8.0,8.0
6316,2158,8,1,24.0,24.0
6317,2158,13,1,28.0,28.0
6318,2158,11,1,33.0,33.0
6319,2159,24,3,24.0,72.0
6320,2159,2,1,34.0,34.0
6321,2159,18,2,38.0,76.0
6322,2160,25,1,26.0,26.0
6323,2160,15,2,30.0,60.0
6324,2160,32,1,37.0,37.0
6325,2160,33,2,14.0,28.0
6326,2161,1,1,28.0,28.0
6327,2161,7,2,36.0,72.0
6328,2162,12,1,36.0,36.0
6329,2162,8,3,24.0,72.0
6330,2162,37,1,18.0,18.0
6331,2162,29,1,44.0,44.0
6332,2163,30,1,38.0,38.0
6333,2163,31,2,36.0,72.0
6334,2164,13,1,28.0,28.0
6335,2164,4,1,22.0,22.0
6336,2164,36,1,6.0,6.0
6337,2164,7,1,36.0,36.0
6338,2164,33,1,14.0,14.0
6339,2165,23,1,18.0,18.0
6340,2165,7,1,36.0,36.0
6341,2165,30,2,38.0,76.0
6342,2165,12,2,36.0,72.0
6343,2166,5,1,30.0,30.0
6344,2167,9,1,35.0,35.0
6345,2167,5,3,30.0,90.0
6346,2167,17,1,26.0,26.0
6347,2167,40,2,10.0,20.0
6348,2167,8,1,24.0,24.0
6349,2168,39,1,8.0,8.0
6350,2168,7,1,36.0,36.0
6351,2168,35,1,9.0,9.0
6352,2169,12,1,36.0,36.0
6353,2169,18,1,38.0,38.0
6354,2170,15,1,30.0,30.0
6355,2170,4,3,22.0,66.0
6356,2170,21,1,20.0,20.0
6357,2171,25,3,26.0,78.0
6358,2171,1,1,28.0,28.0
6359,2171,13,1,28.0,28.0
6360,2171,6,1,38.0,38.0
6361,2171,10,1,32.0,32.0
6362,2171,8,3,24.0,72.0
6363,2172,15,1,30.0,30.0
6364,2172,17,2,26.0,52.0
6365,2172,27,2,25.0,50.0
6366,2172,5,1,30.0,30.0
6367,2173,35,3,9.0,27.0
6368,2173,31,3,36.0,108.0
6369,2173,7,3,36.0,108.0
6370,2174,12,2,36.0,72.0
6371,2175,12,2,36.0,72.0
6372,2175,20,1,16.0,16.0
6373,2176,4,1,22.0,22.0
6374,2177,18,1,38.0,38.0
6375,2178,7,1,36.0,36.0
6376,2178,39,1,8.0,8.0
6377,2178,5,2,30.0,60.0
6378,2179,2,1,34.0,34.0
6379,2180,18,1,38.0,38.0
6380,2180,12,2,36.0,72.0
6381,2180,36,1,6.0,6.0
6382,2181,1,3,28.0,84.0
6383,2182,12,2,36.0,72.0
6384,2182,35,1,9.0,9.0
6385,2182,28,2,34.0,68.0
6386,2183,4,1,22.0,22.0
6387,2183,7,2,36.0,72.0
6388,2183,5,1,30.0,30.0
6389,2183,6,1,38.0,38.0
6390,2184,1,1,28.0,28.0
6391,2184,35,1,9.0,9.0
6392,2185,3,1,42.0,42.0
6393,2185,39,1,8.0,8.0
6394,2186,7,1,36.0,36.0
6395,2186,30,3,38.0,114.0
6396,2186,32,1,37.0,37.0
6397,2186,21,3,20.0,60.0
6398,2187,12,1,36.0,36.0
6399,2187,21,1,20.0,20.0
6400,2188,3,2,42.0,84.0
6401,2189,11,1,33.0,33.0
6402,2189,2,3,34.0,102.0
6403,2190,3,2,42.0,84.0
6404,2190,2,1,34.0,34.0
6405,2191,3,1,42.0,42.0
6406,2191,33,1,14.0,14.0
6407,2191,26,1,42.0,42.0
6408,2191,38,1,12.0,12.0
6409,2191,31,1,36.0,36.0
6410,2192,4,2,22.0,44.0
6411,2193,33,1,14.0,14.0
6412,2193,13,1,28.0,28.0
6413,2193,30,2,38.0,76.0
6414,2193,32,2,37.0,74.0
6415,2193,38,1,12.0,12.0
6416,2194,26,3,42.0,126.0
6417,2194,7,1,36.0,36.0
6418,2194,30,1,38.0,38.0
6419,2195,11,1,33.0,33.0
6420,2195,10,2,32.0,64.0
6421,2195,8,1,24.0,24.0
6422,2196,23,2,18.0,36.0
6423,2196,14,1,45.0,45.0
6424,2196,35,1,9.0,9.0
6425,2196,24,2,24.0,48.0
6426,2196,2,1,34.0,34.0
6427,2196,30,1,38.0,38.0
6428,2197,14,1,45.0,45.0
6429,2198,11,1,33.0,33.0
6430,2198,28,2,34.0,68.0
6431,2199,19,1,18.0,18.0
6432,2199,12,1,36.0,36.0
6433,2200,19,1,18.0,18.0
6434,2200,11,2,33.0,66.0
6435,2200,15,1,30.0,30.0
6436,2201,13,1,28.0,28.0
6437,2201,1,1,28.0,28.0
6438,2202,4,1,22.0,22.0
6439,2202,34,2,10.0,20.0
6440,2202,21,1,20.0,20.0
6441,2203,36,1,6.0,6.0
6442,2203,9,1,35.0,35.0
6443,2203,7,1,36.0,36.0
6444,2204,2,2,34.0,68.0
6445,2204,8,1,24.0,24.0
6446,2204,18,3,38.0,114.0
6447,2204,40,2,10.0,20.0
6448,2205,32,2,37.0,74.0
6449,2205,27,2,25.0,50.0
6450,2205,12,2,36.0,72.0
6451,2205,20,2,16.0,32.0
6452,2206,3,1,42.0,42.0
6453,2206,16,1,32.0,32.0
6454,2206,15,2,30.0,60.0
6455,2207,37,2,18.0,36.0
6456,2207,1,3,28.0,84.0
6457,2207,23,1,18.0,18.0
6458,2208,33,2,14.0,28.0
6459,2208,8,1,24.0,24.0
6460,2209,9,1,35.0,35.0
6461,2209,7,1,36.0,36.0
6462,2209,23,1,18.0,18.0
6463,2209,6,1,38.0,38.0
6464,2209,10,2,32.0,64.0
6465,2209,21,1,20.0,20.0
6466,2210,3,1,42.0,42.0
6467,2210,25,1,26.0,26.0
6468,2211,33,1,14.0,14.0
6469,2211,5,1,30.0,30.0
6470,2211,26,1,42.0,42.0
6471,2212,7,1,36.0,36.0
6472,2212,31,1,36.0,36.0
6473,2213,7,2,36.0,72.0
6474,2213,8,1,24.0,24.0
6475,2213,3,1,42.0,42.0
6476,2213,12,1,36.0,36.0
6477,2213,33,3,14.0,42.0
6478,2214,11,2,33.0,66.0
6479,2215,25,1,26.0,26.0
6480,2215,30,1,38.0,38.0
6481,2215,23,1,18.0,18.0
6482,2216,7,1,36.0,36.0
6483,2216,22,1,22.0,22.0
6484,2217,7,1,36.0,36.0
6485,2217,31,1,36.0,36.0
6486,2217,3,2,42.0,84.0
6487,2218,3,2,42.0,84.0
6488,2218,4,1,22.0,22.0
6489,2218,39,2,8.0,16.0
6490,2218,19,2,18.0,36.0
6491,2218,35,1,9.0,9.0
6492,2219,25,2,26.0,52.0
6493,2219,1,1,28.0,28.0
6494,2219,26,1,42.0,42.0
6495,2219,7,3,36.0,108.0
6496,2219,37,1,18.0,18.0
6497,2220,1,1,28.0,28.0
6498,2220,18,1,38.0,38.0
6499,2220,36,1,6.0,6.0
6500,2221,2,3,34.0,102.0
6501,2221,3,2,42.0,84.0
6502,2221,9,1,35.0,35.0
6503,2222,10,1,32.0,32.0
6504,2222,8,1,24.0,24.0
6505,2223,23,1,18.0,18.0
6506,2224,34,1,10.0,10.0
6507,2224,35,2,9.0,18.0
6508,2225,11,2,33.0,66.0
6509,2225,3,1,42.0,42.0
6510,2225,12,1,36.0,36.0
6511,2226,20,2,16.0,32.0
6512,2226,12,1,36.0,36.0
6513,2226,35,2,9.0,18.0
6514,2227,25,1,26.0,26.0
6515,2227,6,1,38.0,38.0
6516,2227,30,1,38.0,38.0
6517,2227,32,1,37.0,37.0
6518,2227,2,1,34.0,34.0
6519,2227,36,1,6.0,6.0
6520,2228,12,1,36.0,36.0
6521,2228,2,1,34.0,34.0
6522,2228,32,1,37.0,37.0
6523,2229,4,2,22.0,44.0
6524,2229,10,1,32.0,32.0
6525,2230,30,1,38.0,38.0
6526,2230,16,2,32.0,64.0
6527,2230,21,2,20.0,40.0
6528,2231,25,1,26.0,26.0
6529,2231,26,2,42.0,84.0
6530,2232,30,1,38.0,38.0
6531,2232,9,1,35.0,35.0
6532,2232,12,2,36.0,72.0
6533,2233,17,1,26.0,26.0
6534,2233,12,2,36.0,72.0
6535,2233,23,1,18.0,18.0
6536,2234,2,1,34.0,34.0
6537,2234,29,2,44.0,88.0
6538,2234,22,2,22.0,44.0
6539,2234,11,1,33.0,33.0
6540,2234,15,1,30.0,30.0
6541,2235,15,1,30.0,30.0
6542,2235,6,1,38.0,38.0
6543,2235,5,1,30.0,30.0
6544,2235,37,1,18.0,18.0
6545,2235,4,2,22.0,44.0
6546,2236,19,1,18.0,18.0
6547,2236,4,2,22.0,44.0
6548,2236,7,2,36.0,72.0
6549,2237,4,3,22.0,66.0
6550,2238,3,1,42.0,42.0
6551,2238,26,1,42.0,42.0
6552,2238,4,1,22.0,22.0
6553,2238,15,2,30.0,60.0
6554,2238,38,2,12.0,24.0
6555,2239,23,1,18.0,18.0
6556,2239,14,1,45.0,45.0
6557,2240,2,1,34.0,34.0
6558,2240,5,2,30.0,60.0
6559,2241,15,1,30.0,30.0
6560,2241,12,1,36.0,36.0
6561,2241,3,1,42.0,42.0
6562,2241,30,1,38.0,38.0
6563,2241,10,2,32.0,64.0
6564,2242,18,2,38.0,76.0
6565,2243,37,2,18.0,36.0
6566,2243,5,1,30.0,30.0
6567,2243,24,3,24.0,72.0
6568,2243,27,3,25.0,75.0
6569,2243,16,1,32.0,32.0
6570,2244,6,1,38.0,38.0
6571,2244,22,1,22.0,22.0
6572,2244,1,2,28.0,56.0
6573,2245,10,1,32.0,32.0
6574,2245,23,2,18.0,36.0
6575,2245,21,2,20.0,40.0
6576,2246,33,1,14.0,14.0
6577,2246,16,2,32.0,64.0
6578,2246,15,3,30.0,90.0
6579,2246,32,1,37.0,37.0
6580,2247,39,1,8.0,8.0
6581,2248,14,1,45.0,45.0
6582,2248,12,2,36.0,72.0
6583,2249,5,1,30.0,30.0
6584,2249,3,2,42.0,84.0
6585,2249,33,1,14.0,14.0
6586,2249,30,1,38.0,38.0
6587,2249,16,2,32.0,64.0
6588,2250,7,2,36.0,72.0
6589,2250,2,1,34.0,34.0
6590,2251,26,2,42.0,84.0
6591,2251,14,3,45.0,135.0
6592,2251,11,1,33.0,33.0
6593,2252,8,1,24.0,24.0
6594,2252,1,1,28.0,28.0
6595,2252,5,1,30.0,30.0
6596,2253,26,1,42.0,42.0
6597,2253,37,2,18.0,36.0
6598,2253,25,1,26.0,26.0
6599,2253,8,1,24.0,24.0
6600,2253,35,2,9.0,18.0
6601,2254,6,1,38.0,38.0
6602,2255,14,1,45.0,45.0
6603,2255,21,2,20.0,40.0
6604,2255,40,1,10.0,10.0
6605,2256,15,1,30.0,30.0
6606,2257,2,3,34.0,102.0
6607,2257,3,2,42.0,84.0
6608,2257,24,1,24.0,24.0
6609,2258,3,1,42.0,42.0
6610,2259,4,3,22.0,66.0
6611,2259,7,1,36.0,36.0
6612,2259,35,1,9.0,9.0
6613,2260,6,2,38.0,76.0
6614,2260,36,2,6.0,12.0
6615,2260,5,1,30.0,30.0
6616,2261,25,3,26.0,78.0
6617,2261,28,1,34.0,34.0
6618,2262,6,2,38.0,76.0
6619,2262,5,1,30.0,30.0
6620,2263,30,1,38.0,38.0
6621,2263,2,3,34.0,102.0
6622,2263,10,1,32.0,32.0
6623,2263,12,2,36.0,72.0
6624,2264,7,1,36.0,36.0
6625,2264,9,2,35.0,70.0
6626,2265,14,1,45.0,45.0
6627,2265,2,1,34.0,34.0
6628,2266,4,1,22.0,22.0
6629,2266,7,1,36.0,36.0
6630,2267,9,2,35.0,70.0
6631,2267,35,2,9.0,18.0
6632,2267,8,1,24.0,24.0
6633,2268,28,2,34.0,68.0
6634,2268,21,1,20.0,20.0
6635,2269,5,2,30.0,60.0
6636,2269,1,1,28.0,28.0
6637,2269,32,2,37.0,74.0
6638,2269,8,3,24.0,72.0
6639,2270,7,1,36.0,36.0
6640,2270,21,2,20.0,40.0
6641,2270,25,2,26.0,52.0
6642,2270,13,2,28.0,56.0
6643,2271,8,2,24.0,48.0
6644,2271,16,1,32.0,32.0
6645,2271,10,1,32.0,32.0
6646,2272,30,3,38.0,114.0
6647,2272,24,1,24.0,24.0
6648,2273,31,2,36.0,72.0
6649,2273,8,1,24.0,24.0
6650,2274,30,2,38.0,76.0
6651,2274,29,1,44.0,44.0
6652,2275,8,2,24.0,48.0
6653,2275,1,1,28.0,28.0
6654,2275,4,1,22.0,22.0
6655,2276,27,1,25.0,25.0
6656,2276,8,3,24.0,72.0
6657,2277,9,2,35.0,70.0
6658,2277,7,1,36.0,36.0
6659,2278,18,1,38.0,38.0
6660,2279,36,2,6.0,12.0
6661,2279,6,1,38.0,38.0
6662,2279,32,2,37.0,74.0
6663,2279,18,1,38.0,38.0
6664,2280,7,1,36.0,36.0
6665,2280,34,2,10.0,20.0
6666,2280,18,1,38.0,38.0
6667,2281,36,1,6.0,6.0
6668,2282,10,3,32.0,96.0
6669,2282,11,2,33.0,66.0
6670,2282,20,1,16.0,16.0
6671,2283,30,2,38.0,76.0
6672,2283,6,1,38.0,38.0
6673,2284,7,1,36.0,36.0
6674,2284,2,2,34.0,68.0
6675,2284,15,1,30.0,30.0
6676,2284,40,1,10.0,10.0
6677,2285,2,2,34.0,68.0
6678,2285,16,1,32.0,32.0
6679,2286,26,1,42.0,42.0
6680,2286,36,2,6.0,12.0
6681,2286,8,1,24.0,24.0
6682,2286,32,1,37.0,37.0
6683,2286,25,1,26.0,26.0
6684,2287,36,3,6.0,18.0
6685,2287,10,2,32.0,64.0
6686,2287,5,3,30.0,90.0
6687,2287,15,2,30.0,60.0
6688,2288,10,1,32.0,32.0
6689,2288,39,1,8.0,8.0
6690,2288,21,2,20.0,40.0
6691,2288,5,1,30.0,30.0
6692,2289,26,1,42.0,42.0
6693,2289,11,1,33.0,33.0
6694,2289,22,3,22.0,66.0
6695,2290,22,1,22.0,22.0
6696,2290,1,1,28.0,28.0
6697,2291,20,1,16.0,16.0
6698,2291,29,3,44.0,132.0
6699,2291,6,2,38.0,76.0
6700,2292,3,2,42.0,84.0
6701,2293,12,2,36.0,72.0
6702,2294,3,3,42.0,126.0
6703,2294,13,3,28.0,84.0
6704,2295,35,2,9.0,18.0
6705,2295,1,1,28.0,28.0
6706,2295,28,2,34.0,68.0
6707,2296,15,2,30.0,60.0
6708,2296,8,1,24.0,24.0
6709,2297,5,1,30.0,30.0
6710,2297,21,2,20.0,40.0
6711,2298,26,1,42.0,42.0
6712,2298,5,1,30.0,30.0
6713,2298,37,1,18.0,18.0
6714,2299,16,1,32.0,32.0
6715,2300,4,2,22.0,44.0
6716,2300,30,2,38.0,76.0
6717,2300,7,3,36.0,108.0
6718,2301,15,1,30.0,30.0
6719,2302,37,3,18.0,54.0
6720,2302,39,3,8.0,24.0
6721,2303,18,2,38.0,76.0
6722,2303,17,1,26.0,26.0
6723,2304,20,2,16.0,32.0
6724,2304,11,1,33.0,33.0
6725,2305,7,2,36.0,72.0
6726,2305,33,1,14.0,14.0
6727,2306,5,1,30.0,30.0
6728,2306,2,1,34.0,34.0
6729,2306,24,1,24.0,24.0
6730,2307,13,1,28.0,28.0
6731,2308,29,1,44.0,44.0
6732,2308,37,1,18.0,18.0
6733,2309,24,1,24.0,24.0
6734,2309,14,2,45.0,90.0
6735,2309,1,1,28.0,28.0
6736,2310,5,1,30.0,30.0
6737,2310,16,2,32.0,64.0
6738,2311,3,2,42.0,84.0
6739,2311,36,1,6.0,6.0
6740,2311,23,1,18.0,18.0
6741,2312,15,2,30.0,60.0
6742,2312,13,1,28.0,28.0
6743,2312,5,2,30.0,60.0
6744,2313,25,2,26.0,52.0
6745,2313,34,1,10.0,10.0
6746,2314,30,1,38.0,38.0
6747,2314,23,1,18.0,18.0
6748,2314,2,1,34.0,34.0
6749,2314,32,2,37.0,74.0
6750,2314,7,1,36.0,36.0
6751,2314,29,2,44.0,88.0
6752,2315,7,3,36.0,108.0
6753,2316,15,1,30.0,30.0
6754,2316,32,1,37.0,37.0
6755,2317,7,1,36.0,36.0
6756,2317,15,1,30.0,30.0
6757,2318,21,1,20.0,20.0
6758,2318,12,2,36.0,72.0
6759,2318,29,1,44.0,44.0
6760,2319,5,2,30.0,60.0
6761,2319,6,1,38.0,38.0
6762,2319,30,1,38.0,38.0
6763,2319,36,1,6.0,6.0
6764,2319,27,1,25.0,25.0
6765,2320,2,3,34.0,102.0
6766,2320,14,1,45.0,45.0
6767,2321,13,3,28.0,84.0
6768,2321,16,3,32.0,96.0
6769,2322,24,2,24.0,48.0
6770,2322,1,1,28.0,28.0
6771,2322,12,1,36.0,36.0
6772,2323,20,1,16.0,16.0
6773,2323,1,2,28.0,56.0
6774,2323,15,2,30.0,60.0
6775,2323,18,2,38.0,76.0
6776,2324,6,1,38.0,38.0
6777,2324,9,2,35.0,70.0
6778,2325,8,1,24.0,24.0
6779,2325,4,1,22.0,22.0
6780,2326,26,1,42.0,42.0
6781,2326,33,1,14.0,14.0
6782,2326,8,3,24.0,72.0
6783,2326,11,2,33.0,66.0
6784,2327,6,1,38.0,38.0
6785,2328,13,2,28.0,56.0
6786,2328,28,2,34.0,68.0
6787,2328,10,1,32.0,32.0
6788,2329,4,2,22.0,44.0
6789,2329,34,3,10.0,30.0
6790,2330,29,1,44.0,44.0
6791,2330,5,1,30.0,30.0
6792,2331,12,1,36.0,36.0
6793,2331,25,1,26.0,26.0
6794,2332,30,1,38.0,38.0
6795,2332,31,2,36.0,72.0
6796,2332,37,2,18.0,36.0
6797,2332,5,2,30.0,60.0
6798,2332,15,1,30.0,30.0
6799,2333,30,1,38.0,38.0
6800,2333,17,1,26.0,26.0
6801,2334,6,2,38.0,76.0
6802,2335,5,1,30.0,30.0
6803,2335,32,1,37.0,37.0
6804,2336,25,1,26.0,26.0
6805,2336,8,2,24.0,48.0
6806,2337,22,2,22.0,44.0
6807,2337,35,1,9.0,9.0
6808,2337,23,2,18.0,36.0
6809,2337,14,3,45.0,135.0
6810,2338,21,1,20.0,20.0
6811,2338,32,2,37.0,74.0
6812,2339,16,1,32.0,32.0
6813,2339,28,1,34.0,34.0
6814,2340,14,1,45.0,45.0
6815,2340,10,2,32.0,64.0
6816,2340,33,1,14.0,14.0
6817,2341,17,3,26.0,78.0
6818,2341,21,2,20.0,40.0
6819,2342,24,2,24.0,48.0
6820,2342,40,1,10.0,10.0
6821,2343,15,1,30.0,30.0
6822,2343,34,2,10.0,20.0
6823,2344,22,3,22.0,66.0
6824,2344,16,2,32.0,64.0
6825,2344,36,1,6.0,6.0
6826,2345,30,2,38.0,76.0
6827,2345,10,1,32.0,32.0
6828,2345,3,1,42.0,42.0
6829,2346,23,2,18.0,36.0
6830,2346,7,1,36.0,36.0
6831,2347,4,1,22.0,22.0
6832,2347,5,2,30.0,60.0
6833,2347,3,2,42.0,84.0
6834,2348,23,1,18.0,18.0
6835,2349,10,2,32.0,64.0
6836,2349,4,1,22.0,22.0
6837,2349,5,2,30.0,60.0
6838,2349,7,3,36.0,108.0
6839,2350,15,1,30.0,30.0
6840,2350,4,1,22.0,22.0
6841,2350,18,2,38.0,76.0
6842,2350,7,3,36.0,108.0
6843,2351,20,3,16.0,48.0
6844,2351,25,1,26.0,26.0
6845,2351,12,1,36.0,36.0
6846,2351,24,1,24.0,24.0
6847,2351,37,1,18.0,18.0
6848,2352,9,1,35.0,35.0
6849,2352,26,1,42.0,42.0
6850,2353,3,3,42.0,126.0
6851,2353,13,1,28.0,28.0
6852,2353,9,1,35.0,35.0
6853,2353,8,2,24.0,48.0
6854,2353,31,1,36.0,36.0
6855,2353,33,1,14.0,14.0
6856,2354,10,1,32.0,32.0
6857,2354,22,1,22.0,22.0
6858,2354,1,2,28.0,56.0
6859,2355,6,1,38.0,38.0
6860,2356,4,1,22.0,22.0
6861,2357,8,1,24.0,24.0
6862,2357,28,1,34.0,34.0
6863,2358,37,1,18.0,18.0
6864,2358,16,2,32.0,64.0
6865,2358,11,1,33.0,33.0
6866,2359,32,1,37.0,37.0
6867,2359,3,2,42.0,84.0
6868,2359,16,1,32.0,32.0
6869,2360,8,2,24.0,48.0
6870,2360,28,1,34.0,34.0
6871,2360,12,2,36.0,72.0
6872,2361,2,2,34.0,68.0
6873,2361,5,2,30.0,60.0
6874,2361,4,1,22.0,22.0
6875,2361,23,1,18.0,18.0
6876,2361,16,1,32.0,32.0
6877,2362,13,1,28.0,28.0
6878,2362,5,2,30.0,60.0
6879,2363,6,1,38.0,38.0
6880,2363,16,1,32.0,32.0
6881,2363,13,1,28.0,28.0
6882,2364,28,1,34.0,34.0
6883,2364,32,2,37.0,74.0
6884,2365,2,1,34.0,34.0
6885,2365,23,1,18.0,18.0
6886,2365,32,1,37.0,37.0
6887,2365,18,1,38.0,38.0
6888,2366,24,1,24.0,24.0
6889,2366,12,2,36.0,72.0
6890,2367,21,1,20.0,20.0
6891,2367,4,2,22.0,44.0
6892,2367,13,1,28.0,28.0
6893,2368,5,1,30.0,30.0
6894,2368,39,1,8.0,8.0
6895,2368,1,1,28.0,28.0
6896,2368,37,1,18.0,18.0
6897,2368,4,1,22.0,22.0
6898,2369,40,2,10.0,20.0
6899,2369,14,1,45.0,45.0
6900,2369,8,2,24.0,48.0
6901,2369,33,1,14.0,14.0
6902,2370,17,1,26.0,26.0
6903,2370,9,1,35.0,35.0
6904,2370,29,1,44.0,44.0
6905,2370,7,1,36.0,36.0
6906,2371,5,3,30.0,90.0
6907,2371,3,2,42.0,84.0
6908,2371,15,1,30.0,30.0
6909,2371,36,2,6.0,12.0
6910,2372,19,2,18.0,36.0
6911,2372,2,1,34.0,34.0
6912,2372,5,1,30.0,30.0
6913,2372,23,1,18.0,18.0
6914,2373,8,1,24.0,24.0
6915,2374,29,2,44.0,88.0
6916,2374,7,3,36.0,108.0
6917,2375,27,2,25.0,50.0
6918,2375,20,1,16.0,16.0
6919,2376,4,1,22.0,22.0
6920,2376,13,1,28.0,28.0
6921,2377,12,1,36.0,36.0
6922,2377,23,1,18.0,18.0
6923,2377,7,1,36.0,36.0
6924,2378,35,2,9.0,18.0
6925,2378,36,1,6.0,6.0
6926,2378,7,1,36.0,36.0
6927,2379,18,1,38.0,38.0
6928,2379,19,1,18.0,18.0
6929,2379,8,1,24.0,24.0
6930,2379,3,2,42.0,84.0
6931,2379,25,2,26.0,52.0
6932,2380,8,3,24.0,72.0
6933,2380,10,1,32.0,32.0
6934,2380,2,1,34.0,34.0
6935,2380,12,2,36.0,72.0
6936,2380,26,1,42.0,42.0
6937,2380,1,1,28.0,28.0
6938,2381,2,3,34.0,102.0
6939,2381,16,2,32.0,64.0
6940,2381,20,1,16.0,16.0
6941,2382,37,2,18.0,36.0
6942,2382,7,1,36.0,36.0
6943,2382,1,3,28.0,84.0
6944,2383,7,1,36.0,36.0
6945,2383,31,1,36.0,36.0
6946,2383,32,1,37.0,37.0
6947,2383,36,1,6.0,6.0
6948,2383,30,2,38.0,76.0
6949,2384,7,1,36.0,36.0
6950,2384,10,2,32.0,64.0
6951,2384,1,2,28.0,56.0
6952,2384,32,1,37.0,37.0
6953,2384,21,2,20.0,40.0
6954,2385,12,1,36.0,36.0
6955,2385,11,1,33.0,33.0
6956,2386,4,2,22.0,44.0
6957,2386,37,1,18.0,18.0
6958,2386,8,1,24.0,24.0
6959,2387,11,2,33.0,66.0
6960,2387,25,1,26.0,26.0
6961,2388,10,2,32.0,64.0
6962,2389,34,1,10.0,10.0
6963,2389,5,1,30.0,30.0
6964,2390,13,1,28.0,28.0
6965,2390,24,2,24.0,48.0
6966,2390,38,3,12.0,36.0
6967,2391,15,1,30.0,30.0
6968,2391,14,1,45.0,45.0
6969,2392,10,2,32.0,64.0
6970,2392,24,1,24.0,24.0
6971,2393,1,2,28.0,56.0
6972,2393,2,1,34.0,34.0
6973,2394,28,1,34.0,34.0
6974,2394,31,2,36.0,72.0
6975,2394,30,2,38.0,76.0
6976,2394,10,1,32.0,32.0
6977,2394,13,1,28.0,28.0
6978,2394,7,1,36.0,36.0
6979,2395,25,2,26.0,52.0
6980,2396,15,1,30.0,30.0
6981,2396,37,1,18.0,18.0
6982,2396,20,1,16.0,16.0
6983,2396,5,1,30.0,30.0
6984,2396,6,2,38.0,76.0
6985,2397,36,1,6.0,6.0
6986,2397,23,2,18.0,36.0
6987,2398,13,1,28.0,28.0
6988,2398,2,1,34.0,34.0
6989,2399,14,2,45.0,90.0
6990,2400,37,3,18.0,54.0
6991,2400,34,1,10.0,10.0
6992,2400,6,1,38.0,38.0
6993,2400,28,1,34.0,34.0
6994,2401,8,1,24.0,24.0
6995,2401,17,1,26.0,26.0
6996,2401,25,3,26.0,78.0
6997,2401,15,1,30.0,30.0
6998,2401,12,1,36.0,36.0
6999,2402,31,1,36.0,36.0
7000,2402,14,3,45.0,135.0
7001,2402,13,1,28.0,28.0
7002,2402,7,2,36.0,72.0
7003,2402,36,1,6.0,6.0
7004,2403,15,1,30.0,30.0
7005,2403,2,2,34.0,68.0
7006,2403,29,1,44.0,44.0
7007,2403,8,1,24.0,24.0
7008,2404,2,1,34.0,34.0
7009,2404,20,1,16.0,16.0
7010,2404,4,1,22.0,22.0
7011,2404,7,3,36.0,108.0
7012,2404,13,1,28.0,28.0
7013,2405,2,1,34.0,34.0
7014,2405,32,1,37.0,37.0
7015,2405,29,1,44.0,44.0
7016,2405,6,1,38.0,38.0
7017,2405,12,3,36.0,108.0
7018,2406,12,1,36.0,36.0
7019,2406,37,1,18.0,18.0
7020,2407,29,2,44.0,88.0
7021,2407,7,2,36.0,72.0
7022,2407,27,1,25.0,25.0
7023,2407,30,2,38.0,76.0
7024,2408,32,2,37.0,74.0
7025,2408,5,1,30.0,30.0
7026,2409,25,2,26.0,52.0
7027,2409,4,1,22.0,22.0
7028,2409,28,1,34.0,34.0
7029,2410,40,3,10.0,30.0
7030,2410,39,1,8.0,8.0
7031,2410,38,3,12.0,36.0
7032,2411,2,3,34.0,102.0
7033,2411,23,1,18.0,18.0
7034,2411,15,2,30.0,60.0
7035,2411,12,2,36.0,72.0
7036,2411,7,1,36.0,36.0
7037,2412,4,2,22.0,44.0
7038,2412,22,1,22.0,22.0
7039,2412,16,1,32.0,32.0
7040,2413,6,1,38.0,38.0
7041,2413,33,2,14.0,28.0
7042,2414,8,2,24.0,48.0
7043,2414,11,1,33.0,33.0
7044,2414,30,1,38.0,38.0
7045,2415,2,2,34.0,68.0
7046,2415,4,1,22.0,22.0
7047,2416,5,2,30.0,60.0
7048,2416,33,3,14.0,42.0
7049,2416,34,2,10.0,20.0
7050,2416,24,1,24.0,24.0
7051,2416,28,1,34.0,34.0
7052,2417,4,2,22.0,44.0
7053,2417,14,2,45.0,90.0
7054,2417,33,2,14.0,28.0
7055,2418,5,2,30.0,60.0
7056,2419,12,2,36.0,72.0
7057,2420,1,1,28.0,28.0
7058,2420,11,2,33.0,66.0
7059,2420,32,2,37.0,74.0
7060,2421,21,1,20.0,20.0
7061,2421,1,3,28.0,84.0
7062,2421,25,2,26.0,52.0
7063,2422,30,2,38.0,76.0
7064,2422,21,1,20.0,20.0
7065,2422,2,1,34.0,34.0
7066,2422,16,3,32.0,96.0
7067,2422,8,1,24.0,24.0
7068,2423,16,1,32.0,32.0
7069,2423,2,1,34.0,34.0
7070,2423,10,2,32.0,64.0
7071,2423,29,3,44.0,132.0
7072,2423,5,1,30.0,30.0
7073,2424,18,1,38.0,38.0
7074,2424,1,2,28.0,56.0
7075,2424,15,1,30.0,30.0
7076,2424,21,3,20.0,60.0
7077,2424,7,3,36.0,108.0
7078,2425,26,1,42.0,42.0
7079,2425,5,1,30.0,30.0
7080,2426,24,1,24.0,24.0
7081,2426,13,1,28.0,28.0
7082,2427,31,2,36.0,72.0
7083,2427,9,1,35.0,35.0
7084,2427,7,2,36.0,72.0
7085,2428,8,1,24.0,24.0
7086,2429,3,1,42.0,42.0
7087,2429,18,1,38.0,38.0
7088,2429,32,1,37.0,37.0
7089,2430,2,1,34.0,34.0
7090,2430,24,1,24.0,24.0
7091,2430,5,2,30.0,60.0
7092,2431,5,1,30.0,30.0
7093,2431,7,1,36.0,36.0
7094,2431,16,1,32.0,32.0
7095,2432,3,2,42.0,84.0
7096,2432,16,1,32.0,32.0
7097,2432,12,1,36.0,36.0
7098,2433,16,2,32.0,64.0
7099,2433,36,1,6.0,6.0
7100,2433,15,2,30.0,60.0
7101,2433,1,2,28.0,56.0
7102,2434,6,1,38.0,38.0
7103,2434,13,1,28.0,28.0
7104,2435,2,1,34.0,34.0
7105,2435,7,1,36.0,36.0
7106,2436,23,1,18.0,18.0
7107,2436,28,1,34.0,34.0
7108,2436,7,2,36.0,72.0
7109,2436,6,2,38.0,76.0
7110,2437,27,1,25.0,25.0
7111,2437,10,1,32.0,32.0
7112,2437,7,1,36.0,36.0
7113,2438,7,1,36.0,36.0
7114,2438,10,1,32.0,32.0
7115,2439,19,1,18.0,18.0
7116,2439,14,1,45.0,45.0
7117,2439,16,1,32.0,32.0
7118,2440,2,2,34.0,68.0
7119,2440,14,1,45.0,45.0
7120,2440,30,1,38.0,38.0
7121,2440,33,1,14.0,14.0
7122,2440,1,2,28.0,56.0
7123,2441,13,2,28.0,56.0
7124,2441,8,2,24.0,48.0
7125,2441,12,1,36.0,36.0
7126,2442,24,2,24.0,48.0
7127,2442,15,1,30.0,30.0
7128,2442,33,2,14.0,28.0
7129,2443,39,1,8.0,8.0
7130,2443,30,1,38.0,38.0
7131,2443,15,1,30.0,30.0
7132,2443,10,2,32.0,64.0
7133,2444,6,1,38.0,38.0
7134,2444,2,1,34.0,34.0
7135,2445,34,1,10.0,10.0
7136,2445,12,1,36.0,36.0
7137,2446,5,1,30.0,30.0
7138,2446,7,1,36.0,36.0
7139,2446,2,1,34.0,34.0
7140,2447,6,1,38.0,38.0
7141,2448,17,1,26.0,26.0
7142,2448,29,3,44.0,132.0
7143,2449,5,1,30.0,30.0
7144,2449,3,2,42.0,84.0
7145,2449,35,3,9.0,27.0
7146,2449,23,2,18.0,36.0
7147,2449,7,1,36.0,36.0
7148,2450,11,1,33.0,33.0
7149,2450,35,2,9.0,18.0
7150,2451,10,1,32.0,32.0
7151,2451,7,1,36.0,36.0
7152,2451,29,1,44.0,44.0
7153,2451,39,3,8.0,24.0
7154,2451,6,1,38.0,38.0
7155,2452,6,1,38.0,38.0
7156,2452,14,1,45.0,45.0
7157,2453,23,1,18.0,18.0
7158,2454,1,2,28.0,56.0
7159,2454,15,1,30.0,30.0
7160,2455,21,2,20.0,40.0
7161,2455,12,2,36.0,72.0
7162,2455,1,3,28.0,84.0
7163,2456,37,1,18.0,18.0
7164,2456,16,1,32.0,32.0
7165,2457,16,1,32.0,32.0
7166,2457,39,1,8.0,8.0
7167,2457,13,2,28.0,56.0
7168,2457,21,1,20.0,20.0
7169,2457,29,1,44.0,44.0
7170,2458,27,3,25.0,75.0
7171,2458,8,1,24.0,24.0
7172,2459,12,1,36.0,36.0
7173,2460,7,1,36.0,36.0
7174,2460,6,2,38.0,76.0
7175,2460,30,1,38.0,38.0
7176,2460,28,1,34.0,34.0
7177,2460,13,1,28.0,28.0
7178,2461,16,1,32.0,32.0
7179,2461,2,1,34.0,34.0
7180,2461,23,1,18.0,18.0
7181,2462,1,1,28.0,28.0
7182,2463,5,2,30.0,60.0
7183,2463,9,1,35.0,35.0
7184,2463,15,1,30.0,30.0
7185,2464,9,1,35.0,35.0
7186,2464,37,1,18.0,18.0
7187,2465,27,1,25.0,25.0
7188,2465,4,1,22.0,22.0
7189,2466,34,1,10.0,10.0
7190,2466,7,1,36.0,36.0
7191,2466,5,1,30.0,30.0
7192,2466,9,1,35.0,35.0
7193,2467,23,1,18.0,18.0
7194,2467,19,2,18.0,36.0
7195,2467,2,1,34.0,34.0
7196,2468,4,1,22.0,22.0
7197,2468,8,1,24.0,24.0
7198,2468,12,1,36.0,36.0
7199,2468,5,2,30.0,60.0
7200,2468,13,1,28.0,28.0
7201,2469,16,1,32.0,32.0
7202,2470,14,2,45.0,90.0
7203,2470,2,1,34.0,34.0
7204,2471,33,1,14.0,14.0
7205,2471,26,1,42.0,42.0
7206,2471,7,1,36.0,36.0
7207,2471,23,2,18.0,36.0
7208,2472,16,1,32.0,32.0
7209,2472,33,1,14.0,14.0
7210,2473,36,1,6.0,6.0
7211,2473,1,1,28.0,28.0
7212,2474,16,1,32.0,32.0
7213,2474,12,1,36.0,36.0
7214,2474,18,1,38.0,38.0
7215,2474,7,2,36.0,72.0
7216,2475,10,1,32.0,32.0
7217,2475,2,2,34.0,68.0
7218,2475,7,1,36.0,36.0
7219,2476,7,1,36.0,36.0
7220,2476,22,1,22.0,22.0
7221,2476,27,2,25.0,50.0
7222,2476,29,1,44.0,44.0
7223,2477,21,1,20.0,20.0
7224,2477,6,1,38.0,38.0
7225,2477,1,2,28.0,56.0
7226,2477,12,1,36.0,36.0
7227,2478,25,1,26.0,26.0
7228,2478,26,2,42.0,84.0
7229,2479,7,1,36.0,36.0
7230,2479,26,1,42.0,42.0
7231,2480,4,2,22.0,44.0
7232,2481,16,1,32.0,32.0
7233,2482,8,1,24.0,24.0
7234,2482,9,1,35.0,35.0
7235,2482,1,2,28.0,56.0
7236,2482,23,1,18.0,18.0
7237,2483,1,2,28.0,56.0
7238,2483,12,2,36.0,72.0
7239,2483,21,1,20.0,20.0
7240,2484,33,2,14.0,28.0
7241,2484,8,3,24.0,72.0
7242,2484,3,2,42.0,84.0
7243,2484,4,2,22.0,44.0
7244,2484,16,1,32.0,32.0
7245,2485,30,3,38.0,114.0
7246,2485,15,2,30.0,60.0
7247,2486,7,2,36.0,72.0
7248,2486,11,1,33.0,33.0
7249,2486,8,2,24.0,48.0
7250,2486,21,1,20.0,20.0
7251,2487,18,1,38.0,38.0
7252,2487,17,2,26.0,52.0
7253,2487,13,1,28.0,28.0
7254,2487,33,1,14.0,14.0
7255,2488,1,1,28.0,28.0
7256,2488,33,1,14.0,14.0
7257,2489,34,2,10.0,20.0
7258,2489,13,1,28.0,28.0
7259,2490,25,1,26.0,26.0
7260,2490,38,2,12.0,24.0
7261,2490,14,2,45.0,90.0
7262,2491,13,2,28.0,56.0
7263,2491,22,1,22.0,22.0
7264,2491,34,2,10.0,20.0
7265,2492,27,1,25.0,25.0
7266,2492,39,1,8.0,8.0
7267,2493,23,2,18.0,36.0
7268,2493,7,1,36.0,36.0
7269,2493,13,1,28.0,28.0
7270,2493,12,3,36.0,108.0
7271,2494,16,1,32.0,32.0
7272,2494,5,2,30.0,60.0
7273,2495,21,1,20.0,20.0
7274,2495,7,1,36.0,36.0
7275,2495,2,1,34.0,34.0
7276,2496,34,1,10.0,10.0
7277,2497,37,3,18.0,54.0
7278,2498,7,1,36.0,36.0
7279,2498,36,1,6.0,6.0
7280,2498,3,1,42.0,42.0
7281,2498,10,1,32.0,32.0
7282,2499,18,2,38.0,76.0
7283,2500,7,1,36.0,36.0
7284,2500,30,3,38.0,114.0
7285,2500,26,2,42.0,84.0
7286,2500,8,2,24.0,48.0
7287,2500,28,2,34.0,68.0
7288,2501,20,2,16.0,32.0
7289,2501,12,3,36.0,108.0
7290,2502,29,2,44.0,88.0
7291,2502,17,1,26.0,26.0
7292,2502,5,1,30.0,30.0
7293,2503,21,1,20.0,20.0
7294,2503,18,1,38.0,38.0
7295,2503,26,2,42.0,84.0
7296,2503,20,1,16.0,16.0
7297,2504,2,2,34.0,68.0
7298,2504,20,2,16.0,32.0
7299,2504,1,1,28.0,28.0
7300,2505,33,1,14.0,14.0
7301,2505,2,1,34.0,34.0
7302,2505,16,1,32.0,32.0
7303,2505,12,2,36.0,72.0
7304,2506,9,3,35.0,105.0
7305,2506,16,1,32.0,32.0
7306,2506,34,3,10.0,30.0
7307,2507,16,2,32.0,64.0
7308,2508,32,1,37.0,37.0
7309,2508,20,3,16.0,48.0
7310,2509,21,1,20.0,20.0
7311,2509,11,2,33.0,66.0
7312,2510,32,1,37.0,37.0
7313,2510,33,1,14.0,14.0
7314,2510,8,1,24.0,24.0
7315,2511,28,1,34.0,34.0
7316,2512,7,2,36.0,72.0
7317,2512,18,2,38.0,76.0
7318,2512,34,1,10.0,10.0
7319,2513,36,1,6.0,6.0
7320,2513,13,3,28.0,84.0
7321,2513,12,1,36.0,36.0
7322,2513,15,1,30.0,30.0
7323,2513,18,1,38.0,38.0
7324,2513,6,1,38.0,38.0
7325,2514,34,1,10.0,10.0
7326,2514,6,1,38.0,38.0
7327,2515,14,2,45.0,90.0
7328,2515,7,1,36.0,36.0
7329,2515,24,2,24.0,48.0
7330,2515,2,1,34.0,34.0
7331,2515,1,1,28.0,28.0
7332,2516,7,1,36.0,36.0
7333,2516,36,1,6.0,6.0
7334,2517,32,1,37.0,37.0
7335,2517,4,1,22.0,22.0
7336,2517,9,2,35.0,70.0
7337,2517,30,2,38.0,76.0
7338,2517,5,2,30.0,60.0
7339,2517,7,2,36.0,72.0
7340,2518,5,1,30.0,30.0
7341,2518,13,1,28.0,28.0
7342,2518,36,1,6.0,6.0
7343,2518,12,1,36.0,36.0
7344,2519,2,1,34.0,34.0
7345,2519,19,1,18.0,18.0
7346,2520,8,1,24.0,24.0
7347,2520,2,3,34.0,102.0
7348,2520,22,1,22.0,22.0
7349,2521,8,1,24.0,24.0
7350,2521,3,1,42.0,42.0
7351,2521,36,1,6.0,6.0
7352,2521,31,1,36.0,36.0
7353,2521,21,1,20.0,20.0
7354,2522,40,1,10.0,10.0
7355,2522,19,1,18.0,18.0
7356,2522,1,2,28.0,56.0
7357,2523,33,1,14.0,14.0
7358,2523,31,1,36.0,36.0
7359,2523,22,1,22.0,22.0
7360,2524,35,1,9.0,9.0
7361,2524,7,1,36.0,36.0
7362,2524,2,2,34.0,68.0
7363,2525,3,1,42.0,42.0
7364,2525,11,2,33.0,66.0
7365,2525,4,1,22.0,22.0
7366,2525,6,1,38.0,38.0
7367,2525,13,1,28.0,28.0
7368,2525,27,1,25.0,25.0
7369,2526,12,1,36.0,36.0
7370,2526,32,1,37.0,37.0
7371,2527,32,1,37.0,37.0
7372,2527,35,1,9.0,9.0
7373,2528,30,3,38.0,114.0
7374,2528,13,1,28.0,28.0
7375,2528,6,1,38.0,38.0
7376,2529,2,1,34.0,34.0
7377,2529,33,1,14.0,14.0
7378,2529,4,3,22.0,66.0
7379,2530,7,1,36.0,36.0
7380,2530,24,1,24.0,24.0
7381,2530,30,2,38.0,76.0
7382,2531,11,1,33.0,33.0
7383,2531,7,2,36.0,72.0
7384,2531,8,1,24.0,24.0
7385,2531,4,3,22.0,66.0
7386,2532,17,1,26.0,26.0
7387,2532,8,2,24.0,48.0
7388,2532,37,1,18.0,18.0
7389,2533,1,1,28.0,28.0
7390,2533,4,3,22.0,66.0
7391,2533,28,1,34.0,34.0
7392,2534,1,1,28.0,28.0
7393,2534,15,1,30.0,30.0
7394,2534,19,2,18.0,36.0
7395,2534,16,3,32.0,96.0
7396,2535,35,1,9.0,9.0
7397,2535,5,1,30.0,30.0
7398,2536,10,1,32.0,32.0
7399,2536,23,1,18.0,18.0
7400,2536,8,1,24.0,24.0
7401,2536,29,1,44.0,44.0
7402,2537,8,1,24.0,24.0
7403,2538,14,1,45.0,45.0
7404,2538,18,2,38.0,76.0
7405,2539,31,1,36.0,36.0
7406,2539,18,1,38.0,38.0
7407,2539,2,1,34.0,34.0
7408,2539,25,1,26.0,26.0
7409,2540,5,1,30.0,30.0
7410,2540,13,1,28.0,28.0
7411,2540,12,1,36.0,36.0
7412,2540,24,1,24.0,24.0
7413,2540,11,2,33.0,66.0
7414,2541,32,1,37.0,37.0
7415,2541,6,1,38.0,38.0
7416,2542,18,1,38.0,38.0
7417,2542,7,1,36.0,36.0
7418,2543,1,1,28.0,28.0
7419,2543,3,1,42.0,42.0
7420,2543,11,2,33.0,66.0
7421,2544,23,3,18.0,54.0
7422,2544,37,1,18.0,18.0
7423,2545,22,2,22.0,44.0
7424,2545,8,2,24.0,48.0
7425,2546,7,2,36.0,72.0
7426,2546,32,1,37.0,37.0
7427,2547,4,1,22.0,22.0
7428,2547,36,1,6.0,6.0
7429,2547,8,1,24.0,24.0
7430,2547,13,1,28.0,28.0
7431,2548,11,1,33.0,33.0
7432,2548,10,1,32.0,32.0
7433,2548,5,1,30.0,30.0
7434,2548,34,2,10.0,20.0
7435,2549,8,2,24.0,48.0
7436,2549,23,1,18.0,18.0
7437,2549,14,2,45.0,90.0
7438,2550,4,3,22.0,66.0
7439,2551,14,2,45.0,90.0
7440,2551,9,1,35.0,35.0
7441,2551,33,1,14.0,14.0
7442,2552,1,2,28.0,56.0
7443,2552,12,2,36.0,72.0
7444,2553,7,1,36.0,36.0
7445,2553,8,1,24.0,24.0
7446,2553,26,1,42.0,42.0
7447,2554,37,2,18.0,36.0
7448,2554,1,1,28.0,28.0
7449,2554,7,1,36.0,36.0
7450,2555,37,2,18.0,36.0
7451,2555,18,2,38.0,76.0
7452,2556,5,1,30.0,30.0
7453,2557,31,1,36.0,36.0
7454,2558,36,3,6.0,18.0
7455,2558,38,3,12.0,36.0
7456,2558,37,2,18.0,36.0
7457,2559,6,2,38.0,76.0
7458,2559,5,1,30.0,30.0
7459,2560,20,2,16.0,32.0
7460,2560,36,1,6.0,6.0
7461,2561,14,1,45.0,45.0
7462,2561,6,1,38.0,38.0
7463,2562,31,2,36.0,72.0
7464,2562,21,2,20.0,40.0
7465,2562,8,1,24.0,24.0
7466,2563,30,1,38.0,38.0
7467,2563,3,2,42.0,84.0
7468,2563,37,2,18.0,36.0
7469,2563,20,1,16.0,16.0
7470,2563,10,1,32.0,32.0
7471,2563,35,1,9.0,9.0
7472,2564,12,3,36.0,108.0
7473,2564,33,1,14.0,14.0
7474,2564,7,1,36.0,36.0
7475,2565,1,1,28.0,28.0
7476,2565,13,1,28.0,28.0
7477,2565,8,1,24.0,24.0
7478,2566,14,1,45.0,45.0
7479,2566,4,1,22.0,22.0
7480,2566,15,2,30.0,60.0
7481,2566,27,1,25.0,25.0
7482,2566,8,1,24.0,24.0
7483,2567,7,1,36.0,36.0
7484,2567,13,2,28.0,56.0
7485,2568,18,2,38.0,76.0
7486,2568,10,1,32.0,32.0
7487,2568,33,2,14.0,28.0
7488,2569,35,2,9.0,18.0
7489,2570,27,2,25.0,50.0
7490,2570,17,1,26.0,26.0
7491,2570,29,1,44.0,44.0
7492,2571,25,1,26.0,26.0
7493,2571,24,3,24.0,72.0
7494,2571,34,1,10.0,10.0
7495,2572,37,2,18.0,36.0
7496,2572,20,2,16.0,32.0
7497,2572,6,1,38.0,38.0
7498,2573,36,2,6.0,12.0
7499,2573,2,1,34.0,34.0
7500,2574,10,1,32.0,32.0
7501,2574,23,1,18.0,18.0
7502,2574,13,1,28.0,28.0
7503,2574,33,1,14.0,14.0
7504,2575,21,1,20.0,20.0
7505,2575,30,1,38.0,38.0
7506,2576,14,1,45.0,45.0
7507,2576,25,2,26.0,52.0
7508,2576,7,1,36.0,36.0
7509,2576,28,1,34.0,34.0
7510,2576,32,1,37.0,37.0
7511,2577,30,1,38.0,38.0
7512,2577,27,3,25.0,75.0
7513,2577,28,2,34.0,68.0
7514,2578,7,2,36.0,72.0
7515,2578,3,2,42.0,84.0
7516,2578,31,2,36.0,72.0
7517,2578,1,1,28.0,28.0
7518,2579,4,1,22.0,22.0
7519,2579,22,1,22.0,22.0
7520,2580,30,1,38.0,38.0
7521,2581,15,1,30.0,30.0
7522,2582,38,1,12.0,12.0
7523,2582,8,1,24.0,24.0
7524,2583,2,1,34.0,34.0
7525,2583,21,1,20.0,20.0
7526,2583,32,1,37.0,37.0
7527,2584,32,2,37.0,74.0
7528,2584,13,2,28.0,56.0
7529,2584,24,2,24.0,48.0
7530,2585,10,1,32.0,32.0
7531,2585,9,1,35.0,35.0
7532,2586,23,1,18.0,18.0
7533,2586,5,1,30.0,30.0
7534,2587,30,2,38.0,76.0
7535,2588,2,1,34.0,34.0
7536,2588,3,1,42.0,42.0
7537,2588,14,3,45.0,135.0
7538,2588,4,2,22.0,44.0
7539,2588,25,1,26.0,26.0
7540,2589,1,2,28.0,56.0
7541,2589,37,1,18.0,18.0
7542,2590,5,1,30.0,30.0
7543,2590,26,1,42.0,42.0
7544,2590,13,1,28.0,28.0
7545,2590,39,2,8.0,16.0
7546,2591,14,3,45.0,135.0
7547,2591,37,2,18.0,36.0
7548,2591,18,1,38.0,38.0
7549,2592,4,1,22.0,22.0
7550,2592,8,1,24.0,24.0
7551,2593,19,1,18.0,18.0
7552,2594,15,2,30.0,60.0
7553,2594,16,1,32.0,32.0
7554,2594,33,1,14.0,14.0
7555,2594,36,1,6.0,6.0
7556,2594,24,2,24.0,48.0
7557,2595,5,1,30.0,30.0
7558,2595,14,1,45.0,45.0
7559,2595,7,1,36.0,36.0
7560,2596,16,1,32.0,32.0
7561,2596,21,2,20.0,40.0
7562,2596,1,2,28.0,56.0
7563,2597,8,1,24.0,24.0
7564,2598,19,1,18.0,18.0
7565,2598,34,1,10.0,10.0
7566,2599,30,1,38.0,38.0
7567,2599,23,2,18.0,36.0
7568,2599,15,2,30.0,60.0
7569,2600,6,1,38.0,38.0
7570,2600,36,2,6.0,12.0
7571,2600,29,2,44.0,88.0
7572,2600,40,1,10.0,10.0
7573,2601,1,1,28.0,28.0
7574,2601,26,1,42.0,42.0
7575,2602,28,1,34.0,34.0
7576,2602,34,1,10.0,10.0
7577,2602,36,2,6.0,12.0
7578,2603,24,1,24.0,24.0
7579,2603,16,2,32.0,64.0
7580,2603,2,1,34.0,34.0
7581,2603,8,1,24.0,24.0
7582,2603,25,1,26.0,26.0
7583,2603,14,1,45.0,45.0
7584,2604,11,1,33.0,33.0
7585,2604,12,2,36.0,72.0
7586,2604,7,1,36.0,36.0
7587,2604,5,3,30.0,90.0
7588,2604,25,1,26.0,26.0
7589,2605,19,1,18.0,18.0
7590,2605,23,1,18.0,18.0
7591,2606,7,1,36.0,36.0
7592,2606,8,1,24.0,24.0
7593,2606,36,1,6.0,6.0
7594,2607,13,1,28.0,28.0
7595,2607,33,1,14.0,14.0
7596,2607,36,1,6.0,6.0
7597,2608,23,1,18.0,18.0
7598,2608,5,2,30.0,60.0
7599,2608,6,1,38.0,38.0
7600,2609,10,2,32.0,64.0
7601,2609,5,1,30.0,30.0
7602,2610,16,1,32.0,32.0
7603,2610,2,1,34.0,34.0
7604,2610,20,1,16.0,16.0
7605,2611,1,1,28.0,28.0
7606,2611,40,2,10.0,20.0
7607,2611,9,3,35.0,105.0
7608,2611,16,2,32.0,64.0
7609,2611,5,2,30.0,60.0
7610,2611,11,1,33.0,33.0
7611,2612,12,1,36.0,36.0
7612,2612,18,1,38.0,38.0
7613,2612,27,1,25.0,25.0
7614,2613,28,1,34.0,34.0
7615,2613,14,2,45.0,90.0
7616,2613,25,1,26.0,26.0
7617,2613,2,1,34.0,34.0
7618,2613,24,1,24.0,24.0
7619,2614,8,2,24.0,48.0
7620,2614,30,1,38.0,38.0
7621,2614,5,2,30.0,60.0
7622,2614,9,1,35.0,35.0
7623,2614,24,1,24.0,24.0
7624,2614,7,1,36.0,36.0
7625,2615,15,3,30.0,90.0
7626,2615,14,1,45.0,45.0
7627,2615,11,2,33.0,66.0
7628,2616,8,3,24.0,72.0
7629,2616,39,1,8.0,8.0
7630,2616,33,1,14.0,14.0
7631,2617,23,1,18.0,18.0
7632,2617,27,1,25.0,25.0
7633,2617,6,1,38.0,38.0
7634,2617,12,1,36.0,36.0
7635,2617,38,2,12.0,24.0
7636,2618,25,2,26.0,52.0
7637,2618,8,2,24.0,48.0
7638,2618,36,1,6.0,6.0
7639,2618,30,1,38.0,38.0
7640,2619,19,3,18.0,54.0
7641,2619,24,2,24.0,48.0
7642,2619,7,1,36.0,36.0
7643,2619,37,2,18.0,36.0
7644,2619,6,1,38.0,38.0
7645,2619,20,1,16.0,16.0
7646,2620,14,1,45.0,45.0
7647,2620,24,2,24.0,48.0
7648,2620,26,2,42.0,84.0
7649,2620,39,3,8.0,24.0
7650,2620,23,2,18.0,36.0
7651,2620,3,1,42.0,42.0
7652,2621,23,2,18.0,36.0
7653,2621,33,1,14.0,14.0
7654,2621,16,1,32.0,32.0
7655,2621,6,1,38.0,38.0
7656,2622,17,1,26.0,26.0
7657,2622,9,1,35.0,35.0
7658,2622,29,3,44.0,132.0
7659,2623,10,1,32.0,32.0
7660,2624,7,1,36.0,36.0
7661,2624,2,1,34.0,34.0
7662,2624,11,1,33.0,33.0
7663,2624,12,1,36.0,36.0
7664,2625,15,1,30.0,30.0
7665,2625,8,1,24.0,24.0
7666,2626,27,1,25.0,25.0
7667,2627,35,1,9.0,9.0
7668,2627,5,2,30.0,60.0
7669,2628,20,1,16.0,16.0
7670,2628,7,1,36.0,36.0
7671,2628,12,1,36.0,36.0
7672,2629,7,3,36.0,108.0
7673,2630,3,1,42.0,42.0
7674,2630,25,2,26.0,52.0
7675,2631,35,2,9.0,18.0
7676,2631,1,3,28.0,84.0
7677,2631,26,1,42.0,42.0
7678,2631,34,2,10.0,20.0
7679,2631,20,2,16.0,32.0
7680,2631,27,1,25.0,25.0
7681,2632,38,1,12.0,12.0
7682,2632,16,2,32.0,64.0
7683,2632,30,1,38.0,38.0
7684,2633,12,1,36.0,36.0
7685,2633,29,1,44.0,44.0
7686,2633,7,1,36.0,36.0
7687,2633,23,1,18.0,18.0
7688,2634,5,3,30.0,90.0
7689,2634,24,2,24.0,48.0
7690,2635,6,1,38.0,38.0
7691,2635,5,2,30.0,60.0
7692,2636,9,2,35.0,70.0
7693,2636,32,1,37.0,37.0
7694,2637,4,2,22.0,44.0
7695,2637,27,1,25.0,25.0
7696,2637,8,2,24.0,48.0
7697,2637,16,2,32.0,64.0
7698,2638,18,1,38.0,38.0
7699,2638,5,1,30.0,30.0
7700,2639,7,1,36.0,36.0
7701,2639,6,1,38.0,38.0
7702,2639,8,1,24.0,24.0
7703,2639,30,2,38.0,76.0
7704,2640,7,2,36.0,72.0
7705,2640,21,2,20.0,40.0
7706,2640,18,2,38.0,76.0
7707,2640,5,1,30.0,30.0
7708,2640,28,1,34.0,34.0
7709,2641,21,1,20.0,20.0
7710,2641,7,1,36.0,36.0
7711,2641,6,2,38.0,76.0
7712,2641,31,1,36.0,36.0
7713,2642,33,1,14.0,14.0
7714,2642,37,1,18.0,18.0
7715,2643,8,2,24.0,48.0
7716,2643,5,2,30.0,60.0
7717,2644,4,3,22.0,66.0
7718,2645,8,1,24.0,24.0
7719,2645,5,1,30.0,30.0
7720,2646,20,2,16.0,32.0
7721,2646,8,2,24.0,48.0
7722,2647,7,1,36.0,36.0
7723,2647,2,1,34.0,34.0
7724,2647,8,1,24.0,24.0
7725,2648,3,1,42.0,42.0
7726,2648,12,1,36.0,36.0
7727,2649,7,1,36.0,36.0
7728,2649,30,1,38.0,38.0
7729,2649,4,2,22.0,44.0
7730,2650,33,2,14.0,28.0
7731,2651,9,1,35.0,35.0
7732,2652,23,1,18.0,18.0
7733,2652,37,2,18.0,36.0
7734,2653,36,2,6.0,12.0
7735,2654,4,1,22.0,22.0
7736,2654,20,2,16.0,32.0
7737,2654,15,2,30.0,60.0
7738,2655,5,1,30.0,30.0
7739,2655,8,1,24.0,24.0
7740,2655,23,1,18.0,18.0
7741,2656,2,2,34.0,68.0
7742,2656,18,1,38.0,38.0
7743,2656,13,2,28.0,56.0
7744,2656,37,2,18.0,36.0
7745,2656,7,1,36.0,36.0
7746,2657,3,1,42.0,42.0
7747,2657,13,2,28.0,56.0
7748,2658,7,1,36.0,36.0
7749,2658,29,1,44.0,44.0
7750,2658,1,1,28.0,28.0
7751,2659,23,2,18.0,36.0
7752,2659,37,1,18.0,18.0
7753,2660,8,1,24.0,24.0
7754,2661,38,2,12.0,24.0
7755,2661,19,1,18.0,18.0
7756,2661,21,1,20.0,20.0
7757,2661,1,1,28.0,28.0
7758,2662,10,1,32.0,32.0
7759,2662,5,2,30.0,60.0
7760,2663,1,3,28.0,84.0
7761,2663,12,1,36.0,36.0
7762,2663,3,2,42.0,84.0
7763,2663,6,1,38.0,38.0
7764,2663,29,1,44.0,44.0
7765,2663,9,1,35.0,35.0
7766,2664,3,1,42.0,42.0
7767,2664,22,1,22.0,22.0
7768,2665,11,1,33.0,33.0
7769,2665,5,2,30.0,60.0
7770,2665,6,1,38.0,38.0
7771,2666,30,1,38.0,38.0
7772,2666,4,1,22.0,22.0
7773,2667,22,1,22.0,22.0
7774,2667,36,1,6.0,6.0
7775,2667,6,1,38.0,38.0
7776,2668,23,1,18.0,18.0
7777,2669,29,2,44.0,88.0
7778,2669,2,1,34.0,34.0
7779,2669,6,2,38.0,76.0
7780,2669,38,2,12.0,24.0
7781,2670,30,1,38.0,38.0
7782,2671,17,1,26.0,26.0
7783,2671,4,1,22.0,22.0
7784,2671,7,1,36.0,36.0
7785,2672,21,1,20.0,20.0
7786,2672,8,2,24.0,48.0
7787,2672,24,2,24.0,48.0
7788,2672,36,1,6.0,6.0
7789,2673,23,1,18.0,18.0
7790,2673,25,2,26.0,52.0
7791,2673,34,1,10.0,10.0
7792,2674,8,2,24.0,48.0
7793,2674,2,1,34.0,34.0
7794,2675,7,2,36.0,72.0
7795,2675,1,3,28.0,84.0
7796,2675,17,1,26.0,26.0
7797,2676,6,2,38.0,76.0
7798,2676,30,1,38.0,38.0
7799,2676,5,1,30.0,30.0
7800,2677,23,1,18.0,18.0
7801,2677,2,1,34.0,34.0
7802,2678,20,1,16.0,16.0
7803,2678,34,1,10.0,10.0
7804,2678,23,2,18.0,36.0
7805,2678,1,2,28.0,56.0
7806,2679,18,1,38.0,38.0
7807,2679,14,1,45.0,45.0
7808,2680,18,3,38.0,114.0
7809,2680,13,1,28.0,28.0
7810,2680,6,1,38.0,38.0
7811,2680,7,3,36.0,108.0
7812,2681,16,3,32.0,96.0
7813,2681,18,1,38.0,38.0
7814,2681,8,1,24.0,24.0
7815,2681,29,1,44.0,44.0
7816,2681,19,1,18.0,18.0
7817,2682,12,1,36.0,36.0
7818,2682,6,2,38.0,76.0
7819,2682,34,1,10.0,10.0
7820,2683,9,1,35.0,35.0
7821,2683,26,1,42.0,42.0
7822,2683,13,3,28.0,84.0
7823,2683,15,2,30.0,60.0
7824,2683,8,2,24.0,48.0
7825,2684,2,1,34.0,34.0
7826,2684,4,1,22.0,22.0
7827,2684,37,2,18.0,36.0
7828,2684,11,1,33.0,33.0
7829,2684,3,1,42.0,42.0
7830,2685,7,1,36.0,36.0
7831,2686,12,2,36.0,72.0
7832,2686,22,1,22.0,22.0
7833,2686,19,1,18.0,18.0
7834,2686,2,1,34.0,34.0
7835,2686,7,2,36.0,72.0
7836,2687,21,1,20.0,20.0
7837,2687,4,2,22.0,44.0
7838,2687,25,2,26.0,52.0
7839,2688,1,1,28.0,28.0
7840,2688,34,2,10.0,20.0
7841,2688,8,1,24.0,24.0
7842,2688,30,1,38.0,38.0
7843,2688,28,1,34.0,34.0
7844,2688,12,1,36.0,36.0
7845,2689,1,1,28.0,28.0
7846,2689,24,1,24.0,24.0
7847,2689,31,3,36.0,108.0
7848,2689,27,1,25.0,25.0
7849,2689,39,1,8.0,8.0
7850,2690,20,1,16.0,16.0
7851,2690,27,2,25.0,50.0
7852,2691,31,2,36.0,72.0
7853,2691,8,1,24.0,24.0
7854,2691,26,1,42.0,42.0
7855,2692,28,2,34.0,68.0
7856,2692,11,1,33.0,33.0
7857,2692,16,1,32.0,32.0
7858,2693,7,1,36.0,36.0
7859,2694,36,2,6.0,12.0
7860,2694,30,3,38.0,114.0
7861,2694,10,1,32.0,32.0
7862,2695,36,1,6.0,6.0
7863,2695,14,1,45.0,45.0
7864,2696,8,1,24.0,24.0
7865,2696,34,1,10.0,10.0
7866,2696,32,1,37.0,37.0
7867,2696,37,1,18.0,18.0
7868,2697,8,1,24.0,24.0
7869,2697,16,3,32.0,96.0
7870,2698,1,1,28.0,28.0
7871,2698,20,1,16.0,16.0
7872,2698,25,2,26.0,52.0
7873,2699,34,2,10.0,20.0
7874,2699,36,3,6.0,18.0
7875,2699,12,1,36.0,36.0
7876,2699,7,1,36.0,36.0
7877,2700,9,1,35.0,35.0
7878,2700,12,1,36.0,36.0
7879,2700,5,2,30.0,60.0
7880,2700,23,1,18.0,18.0
7881,2700,29,1,44.0,44.0
7882,2701,8,3,24.0,72.0
7883,2701,6,1,38.0,38.0
7884,2702,27,2,25.0,50.0
7885,2703,5,1,30.0,30.0
7886,2703,39,1,8.0,8.0
7887,2703,3,2,42.0,84.0
7888,2703,7,1,36.0,36.0
7889,2704,5,1,30.0,30.0
7890,2704,1,1,28.0,28.0
7891,2705,27,1,25.0,25.0
7892,2705,17,1,26.0,26.0
7893,2705,15,2,30.0,60.0
7894,2705,31,1,36.0,36.0
7895,2706,14,1,45.0,45.0
7896,2706,7,2,36.0,72.0
7897,2706,15,1,30.0,30.0
7898,2706,29,1,44.0,44.0
7899,2707,5,1,30.0,30.0
7900,2707,40,1,10.0,10.0
7901,2707,7,1,36.0,36.0
7902,2707,10,1,32.0,32.0
7903,2708,1,2,28.0,56.0
7904,2708,21,2,20.0,40.0
7905,2709,12,1,36.0,36.0
7906,2709,14,2,45.0,90.0
7907,2709,18,3,38.0,114.0
7908,2709,13,2,28.0,56.0
7909,2710,3,2,42.0,84.0
7910,2710,6,1,38.0,38.0
7911,2710,16,1,32.0,32.0
7912,2711,11,1,33.0,33.0
7913,2711,31,3,36.0,108.0
7914,2711,8,1,24.0,24.0
7915,2711,16,1,32.0,32.0
7916,2712,9,1,35.0,35.0
7917,2712,27,1,25.0,25.0
7918,2712,1,1,28.0,28.0
7919,2713,8,1,24.0,24.0
7920,2713,10,1,32.0,32.0
7921,2714,4,1,22.0,22.0
7922,2714,1,2,28.0,56.0
7923,2714,18,1,38.0,38.0
7924,2714,15,2,30.0,60.0
7925,2715,8,2,24.0,48.0
7926,2716,12,1,36.0,36.0
7927,2717,16,1,32.0,32.0
7928,2717,9,1,35.0,35.0
7929,2717,15,1,30.0,30.0
7930,2718,2,2,34.0,68.0
7931,2718,13,1,28.0,28.0
7932,2718,34,1,10.0,10.0
7933,2718,15,1,30.0,30.0
7934,2719,35,1,9.0,9.0
7935,2719,1,2,28.0,56.0
7936,2719,5,1,30.0,30.0
7937,2720,32,2,37.0,74.0
7938,2720,25,1,26.0,26.0
7939,2720,14,2,45.0,90.0
7940,2720,27,2,25.0,50.0
7941,2721,8,1,24.0,24.0
7942,2721,34,1,10.0,10.0
7943,2722,23,1,18.0,18.0
7944,2722,19,1,18.0,18.0
7945,2722,5,1,30.0,30.0
7946,2722,2,2,34.0,68.0
7947,2723,1,1,28.0,28.0
7948,2723,5,1,30.0,30.0
7949,2723,6,3,38.0,114.0
7950,2724,38,3,12.0,36.0
7951,2724,23,1,18.0,18.0
7952,2724,7,1,36.0,36.0
7953,2725,6,2,38.0,76.0
7954,2726,25,2,26.0,52.0
7955,2726,40,2,10.0,20.0
7956,2727,15,1,30.0,30.0
7957,2727,12,2,36.0,72.0
7958,2727,8,1,24.0,24.0
7959,2727,4,1,22.0,22.0
7960,2727,34,1,10.0,10.0
7961,2728,33,1,14.0,14.0
7962,2728,31,2,36.0,72.0
7963,2729,28,3,34.0,102.0
7964,2730,4,1,22.0,22.0
7965,2730,1,2,28.0,56.0
7966,2731,18,2,38.0,76.0
7967,2732,2,2,34.0,68.0
7968,2732,3,3,42.0,126.0
7969,2732,36,2,6.0,12.0
7970,2732,8,1,24.0,24.0
7971,2732,39,1,8.0,8.0
7972,2733,36,1,6.0,6.0
7973,2734,33,1,14.0,14.0
7974,2734,21,1,20.0,20.0
7975,2734,14,1,45.0,45.0
7976,2734,39,2,8.0,16.0
7977,2734,2,1,34.0,34.0
7978,2734,17,2,26.0,52.0
7979,2735,16,1,32.0,32.0
7980,2735,34,2,10.0,20.0
7981,2735,30,1,38.0,38.0
7982,2736,19,1,18.0,18.0
7983,2737,13,3,28.0,84.0
7984,2737,39,1,8.0,8.0
7985,2737,11,3,33.0,99.0
7986,2737,37,1,18.0,18.0
7987,2737,36,3,6.0,18.0
7988,2738,32,1,37.0,37.0
7989,2738,39,1,8.0,8.0
7990,2738,9,1,35.0,35.0
7991,2738,25,1,26.0,26.0
7992,2738,2,2,34.0,68.0
7993,2739,8,1,24.0,24.0
7994,2739,34,3,10.0,30.0
7995,2739,2,3,34.0,102.0
7996,2739,36,2,6.0,12.0
7997,2740,27,1,25.0,25.0
7998,2740,16,2,32.0,64.0
7999,2741,39,1,8.0,8.0
8000,2741,13,2,28.0,56.0
8001,2741,5,1,30.0,30.0
8002,2742,35,2,9.0,18.0
8003,2742,15,2,30.0,60.0
8004,2742,7,1,36.0,36.0
8005,2743,16,1,32.0,32.0
8006,2743,2,1,34.0,34.0
8007,2743,11,2,33.0,66.0
8008,2743,9,1,35.0,35.0
8009,2743,10,1,32.0,32.0
8010,2744,10,2,32.0,64.0
8011,2745,24,1,24.0,24.0
8012,2745,5,1,30.0,30.0
8013,2745,1,1,28.0,28.0
8014,2745,21,3,20.0,60.0
8015,2746,4,1,22.0,22.0
8016,2746,20,1,16.0,16.0
8017,2747,6,1,38.0,38.0
8018,2747,27,2,25.0,50.0
8019,2747,2,1,34.0,34.0
8020,2748,37,1,18.0,18.0
8021,2748,5,1,30.0,30.0
8022,2748,24,1,24.0,24.0
8023,2749,8,1,24.0,24.0
8024,2749,13,1,28.0,28.0
8025,2749,31,1,36.0,36.0
8026,2750,8,2,24.0,48.0
8027,2750,17,1,26.0,26.0
8028,2750,35,1,9.0,9.0
8029,2751,5,1,30.0,30.0
8030,2751,14,2,45.0,90.0
8031,2752,7,2,36.0,72.0
8032,2753,38,1,12.0,12.0
8033,2753,18,1,38.0,38.0
8034,2753,2,1,34.0,34.0
8035,2754,23,2,18.0,36.0
8036,2754,36,1,6.0,6.0
8037,2754,7,1,36.0,36.0
8038,2754,18,2,38.0,76.0
8039,2754,1,1,28.0,28.0
8040,2755,15,2,30.0,60.0
8041,2755,2,3,34.0,102.0
8042,2755,6,2,38.0,76.0
8043,2756,8,1,24.0,24.0
8044,2756,12,1,36.0,36.0
8045,2756,4,1,22.0,22.0
8046,2756,7,1,36.0,36.0
8047,2757,33,1,14.0,14.0
8048,2757,14,1,45.0,45.0
8049,2758,17,1,26.0,26.0
8050,2758,21,1,20.0,20.0
8051,2759,27,1,25.0,25.0
8052,2759,1,3,28.0,84.0
8053,2759,37,2,18.0,36.0
8054,2759,24,3,24.0,72.0
8055,2760,12,1,36.0,36.0
8056,2761,9,2,35.0,70.0
8057,2761,4,1,22.0,22.0
8058,2762,25,1,26.0,26.0
8059,2762,23,1,18.0,18.0
8060,2763,19,1,18.0,18.0
8061,2763,7,1,36.0,36.0
8062,2763,12,1,36.0,36.0
8063,2763,2,1,34.0,34.0
8064,2764,37,1,18.0,18.0
8065,2764,15,1,30.0,30.0
8066,2764,32,1,37.0,37.0
8067,2765,24,2,24.0,48.0
8068,2765,4,1,22.0,22.0
8069,2765,13,1,28.0,28.0
8070,2766,34,2,10.0,20.0
8071,2766,12,1,36.0,36.0
8072,2766,6,1,38.0,38.0
8073,2767,8,3,24.0,72.0
8074,2767,6,1,38.0,38.0
8075,2767,26,1,42.0,42.0
8076,2767,14,1,45.0,45.0
8077,2767,5,1,30.0,30.0
8078,2768,26,1,42.0,42.0
8079,2768,28,1,34.0,34.0
8080,2768,21,1,20.0,20.0
8081,2768,16,1,32.0,32.0
8082,2769,5,1,30.0,30.0
8083,2769,16,1,32.0,32.0
8084,2769,7,3,36.0,108.0
8085,2770,16,1,32.0,32.0
8086,2770,13,3,28.0,84.0
8087,2770,24,2,24.0,48.0
8088,2770,3,1,42.0,42.0
8089,2771,23,1,18.0,18.0
8090,2771,24,2,24.0,48.0
8091,2771,32,1,37.0,37.0
8092,2771,22,1,22.0,22.0
8093,2772,34,1,10.0,10.0
8094,2772,27,1,25.0,25.0
8095,2773,21,1,20.0,20.0
8096,2773,34,1,10.0,10.0
8097,2773,5,1,30.0,30.0
8098,2774,24,2,24.0,48.0
8099,2775,32,2,37.0,74.0
8100,2776,1,1,28.0,28.0
8101,2776,23,1,18.0,18.0
8102,2776,31,2,36.0,72.0
8103,2776,4,1,22.0,22.0
8104,2777,26,3,42.0,126.0
8105,2777,1,3,28.0,84.0
8106,2777,32,1,37.0,37.0
8107,2777,27,1,25.0,25.0
8108,2777,11,1,33.0,33.0
8109,2777,20,2,16.0,32.0
8110,2778,30,2,38.0,76.0
8111,2779,10,1,32.0,32.0
8112,2779,7,1,36.0,36.0
8113,2779,4,1,22.0,22.0
8114,2780,24,2,24.0,48.0
8115,2780,16,1,32.0,32.0
8116,2780,30,2,38.0,76.0
8117,2780,22,3,22.0,66.0
8118,2781,38,2,12.0,24.0
8119,2782,9,1,35.0,35.0
8120,2782,1,2,28.0,56.0
8121,2782,4,1,22.0,22.0
8122,2783,27,2,25.0,50.0
8123,2783,1,1,28.0,28.0
8124,2783,33,2,14.0,28.0
8125,2784,24,1,24.0,24.0
8126,2785,1,2,28.0,56.0
8127,2785,13,1,28.0,28.0
8128,2785,33,2,14.0,28.0
8129,2786,23,1,18.0,18.0
8130,2786,4,1,22.0,22.0
8131,2786,19,1,18.0,18.0
8132,2786,8,2,24.0,48.0
8133,2787,8,1,24.0,24.0
8134,2787,20,2,16.0,32.0
8135,2787,5,1,30.0,30.0
8136,2788,2,1,34.0,34.0
8137,2788,28,3,34.0,102.0
8138,2788,6,2,38.0,76.0
8139,2788,8,1,24.0,24.0
8140,2789,3,1,42.0,42.0
8141,2789,14,2,45.0,90.0
8142,2789,38,2,12.0,24.0
8143,2790,7,2,36.0,72.0
8144,2790,14,2,45.0,90.0
8145,2790,5,1,30.0,30.0
8146,2791,34,2,10.0,20.0
8147,2791,23,2,18.0,36.0
8148,2791,7,1,36.0,36.0
8149,2791,8,1,24.0,24.0
8150,2791,24,1,24.0,24.0
8151,2791,1,1,28.0,28.0
8152,2792,7,1,36.0,36.0
8153,2792,25,1,26.0,26.0
8154,2792,2,3,34.0,102.0
8155,2792,30,1,38.0,38.0
8156,2792,1,2,28.0,56.0
8157,2793,4,1,22.0,22.0
8158,2793,33,1,14.0,14.0
8159,2794,2,1,34.0,34.0
8160,2794,28,2,34.0,68.0
8161,2794,23,1,18.0,18.0
8162,2795,11,3,33.0,99.0
8163,2795,13,2,28.0,56.0
8164,2795,38,2,12.0,24.0
8165,2795,24,1,24.0,24.0
8166,2795,14,1,45.0,45.0
8167,2796,35,1,9.0,9.0
8168,2796,19,2,18.0,36.0
8169,2796,33,1,14.0,14.0
8170,2797,6,1,38.0,38.0
8171,2797,2,3,34.0,102.0
8172,2798,2,2,34.0,68.0
8173,2799,8,1,24.0,24.0
8174,2799,28,1,34.0,34.0
8175,2800,26,1,42.0,42.0
8176,2800,5,1,30.0,30.0
8177,2800,40,1,10.0,10.0
8178,2801,2,1,34.0,34.0
8179,2801,37,1,18.0,18.0
8180,2802,5,1,30.0,30.0
8181,2802,10,1,32.0,32.0
8182,2803,20,1,16.0,16.0
8183,2803,12,1,36.0,36.0
8184,2804,32,1,37.0,37.0
8185,2804,7,2,36.0,72.0
8186,2805,25,1,26.0,26.0
8187,2805,2,1,34.0,34.0
8188,2805,6,1,38.0,38.0
8189,2805,11,1,33.0,33.0
8190,2806,4,1,22.0,22.0
8191,2806,8,1,24.0,24.0
8192,2807,32,1,37.0,37.0
8193,2807,25,2,26.0,52.0
8194,2807,36,1,6.0,6.0
8195,2807,33,2,14.0,28.0
8196,2808,1,2,28.0,56.0
8197,2808,17,1,26.0,26.0
8198,2808,15,2,30.0,60.0
8199,2809,2,2,34.0,68.0
8200,2809,35,2,9.0,18.0
8201,2809,16,1,32.0,32.0
8202,2810,28,1,34.0,34.0
8203,2810,18,1,38.0,38.0
8204,2811,4,2,22.0,44.0
8205,2812,27,2,25.0,50.0
8206,2812,37,1,18.0,18.0
8207,2813,30,1,38.0,38.0
8208,2813,6,2,38.0,76.0
8209,2813,14,2,45.0,90.0
8210,2813,8,1,24.0,24.0
8211,2813,13,2,28.0,56.0
8212,2814,39,2,8.0,16.0
8213,2814,5,1,30.0,30.0
8214,2814,13,1,28.0,28.0
8215,2814,29,3,44.0,132.0
8216,2814,36,1,6.0,6.0
8217,2815,12,2,36.0,72.0
8218,2815,21,3,20.0,60.0
8219,2816,9,1,35.0,35.0
8220,2816,38,1,12.0,12.0
8221,2816,8,1,24.0,24.0
8222,2817,8,3,24.0,72.0
8223,2818,1,1,28.0,28.0
8224,2818,18,2,38.0,76.0
8225,2819,34,1,10.0,10.0
8226,2819,8,2,24.0,48.0
8227,2819,9,1,35.0,35.0
8228,2819,4,2,22.0,44.0
8229,2819,23,1,18.0,18.0
8230,2820,35,3,9.0,27.0
8231,2820,7,2,36.0,72.0
8232,2820,36,1,6.0,6.0
8233,2821,8,2,24.0,48.0
8234,2821,37,1,18.0,18.0
8235,2822,7,2,36.0,72.0
8236,2822,11,1,33.0,33.0
8237,2822,32,1,37.0,37.0
8238,2822,18,1,38.0,38.0
8239,2823,15,2,30.0,60.0
8240,2823,12,1,36.0,36.0
8241,2823,8,1,24.0,24.0
8242,2824,6,2,38.0,76.0
8243,2824,1,1,28.0,28.0
8244,2825,8,1,24.0,24.0
8245,2825,25,3,26.0,78.0
8246,2825,40,3,10.0,30.0
8247,2825,2,2,34.0,68.0
8248,2825,30,2,38.0,76.0
8249,2826,14,1,45.0,45.0
8250,2826,33,2,14.0,28.0
8251,2827,32,1,37.0,37.0
8252,2827,6,2,38.0,76.0
8253,2828,4,2,22.0,44.0
8254,2828,7,1,36.0,36.0
8255,2828,27,1,25.0,25.0
8256,2828,2,3,34.0,102.0
8257,2828,28,1,34.0,34.0
8258,2828,13,1,28.0,28.0
8259,2829,12,1,36.0,36.0
8260,2829,3,1,42.0,42.0
8261,2829,24,2,24.0,48.0
8262,2830,7,1,36.0,36.0
8263,2830,10,2,32.0,64.0
8264,2830,36,1,6.0,6.0
8265,2830,38,1,12.0,12.0
8266,2831,23,2,18.0,36.0
8267,2831,8,1,24.0,24.0
8268,2831,7,1,36.0,36.0
8269,2832,6,1,38.0,38.0
8270,2832,31,1,36.0,36.0
8271,2832,7,2,36.0,72.0
8272,2833,4,1,22.0,22.0
8273,2833,3,1,42.0,42.0
8274,2833,16,3,32.0,96.0
8275,2833,30,1,38.0,38.0
8276,2834,14,2,45.0,90.0
8277,2834,8,2,24.0,48.0
8278,2834,16,1,32.0,32.0
8279,2835,16,2,32.0,64.0
8280,2835,36,1,6.0,6.0
8281,2836,4,2,22.0,44.0
8282,2836,23,2,18.0,36.0
8283,2837,27,1,25.0,25.0
8284,2838,12,1,36.0,36.0
8285,2839,33,1,14.0,14.0
8286,2839,30,1,38.0,38.0
8287,2839,22,1,22.0,22.0
8288,2840,12,2,36.0,72.0
8289,2840,30,1,38.0,38.0
8290,2841,8,1,24.0,24.0
8291,2841,1,1,28.0,28.0
8292,2841,7,1,36.0,36.0
8293,2841,10,1,32.0,32.0
8294,2841,2,1,34.0,34.0
8295,2842,35,1,9.0,9.0
8296,2842,2,1,34.0,34.0
8297,2842,1,1,28.0,28.0
8298,2842,32,2,37.0,74.0
8299,2843,5,2,30.0,60.0
8300,2843,1,1,28.0,28.0
8301,2843,24,1,24.0,24.0
8302,2844,29,2,44.0,88.0
8303,2844,13,1,28.0,28.0
8304,2845,13,2,28.0,56.0
8305,2845,8,1,24.0,24.0
8306,2846,33,1,14.0,14.0
8307,2846,30,1,38.0,38.0
8308,2846,23,2,18.0,36.0
8309,2847,30,3,38.0,114.0
8310,2847,6,2,38.0,76.0
8311,2847,37,1,18.0,18.0
8312,2847,40,1,10.0,10.0
8313,2848,7,2,36.0,72.0
8314,2848,12,3,36.0,108.0
8315,2848,21,1,20.0,20.0
8316,2848,18,3,38.0,114.0
8317,2849,39,2,8.0,16.0
8318,2849,10,1,32.0,32.0
8319,2849,13,1,28.0,28.0
8320,2849,24,2,24.0,48.0
8321,2850,5,2,30.0,60.0
8322,2850,13,3,28.0,84.0
8323,2850,8,2,24.0,48.0
8324,2851,21,2,20.0,40.0
8325,2852,13,2,28.0,56.0
8326,2853,16,1,32.0,32.0
8327,2853,1,2,28.0,56.0
8328,2854,17,1,26.0,26.0
8329,2854,30,1,38.0,38.0
8330,2855,37,1,18.0,18.0
8331,2855,25,1,26.0,26.0
8332,2856,20,1,16.0,16.0
8333,2856,9,1,35.0,35.0
8334,2856,7,1,36.0,36.0
8335,2856,18,1,38.0,38.0
8336,2856,19,3,18.0,54.0
8337,2857,1,2,28.0,56.0
8338,2857,34,3,10.0,30.0
8339,2857,22,1,22.0,22.0
8340,2857,14,1,45.0,45.0
8341,2857,26,3,42.0,126.0
8342,2857,25,1,26.0,26.0
8343,2858,3,1,42.0,42.0
8344,2859,26,1,42.0,42.0
8345,2859,7,1,36.0,36.0
8346,2860,8,1,24.0,24.0
8347,2860,36,1,6.0,6.0
8348,2860,4,1,22.0,22.0
8349,2860,28,2,34.0,68.0
8350,2861,8,1,24.0,24.0
8351,2861,7,1,36.0,36.0
8352,2861,5,1,30.0,30.0
8353,2861,30,1,38.0,38.0
8354,2861,16,1,32.0,32.0
8355,2862,7,2,36.0,72.0
8356,2862,33,1,14.0,14.0
8357,2862,12,3,36.0,108.0
8358,2863,14,2,45.0,90.0
8359,2864,8,3,24.0,72.0
8360,2864,7,3,36.0,108.0
8361,2864,27,1,25.0,25.0
8362,2864,37,2,18.0,36.0
8363,2865,2,1,34.0,34.0
8364,2865,7,1,36.0,36.0
8365,2865,1,1,28.0,28.0
8366,2865,18,3,38.0,114.0
8367,2865,37,2,18.0,36.0
8368,2866,13,2,28.0,56.0
8369,2866,8,1,24.0,24.0
8370,2867,38,1,12.0,12.0
8371,2867,7,2,36.0,72.0
8372,2867,10,2,32.0,64.0
8373,2868,31,1,36.0,36.0
8374,2868,28,3,34.0,102.0
8375,2868,15,1,30.0,30.0
8376,2869,4,2,22.0,44.0
8377,2869,34,1,10.0,10.0
8378,2869,18,1,38.0,38.0
8379,2870,37,2,18.0,36.0
8380,2871,6,2,38.0,76.0
8381,2871,1,1,28.0,28.0
8382,2872,35,1,9.0,9.0
8383,2873,14,3,45.0,135.0
8384,2873,6,1,38.0,38.0
8385,2873,12,1,36.0,36.0
8386,2873,7,2,36.0,72.0
8387,2874,9,2,35.0,70.0
8388,2874,32,3,37.0,111.0
8389,2875,33,1,14.0,14.0
8390,2876,28,1,34.0,34.0
8391,2876,17,3,26.0,78.0
8392,2876,3,2,42.0,84.0
8393,2877,24,1,24.0,24.0
8394,2877,6,1,38.0,38.0
8395,2877,17,1,26.0,26.0
8396,2877,26,2,42.0,84.0
8397,2877,2,2,34.0,68.0
8398,2877,13,1,28.0,28.0
8399,2878,37,1,18.0,18.0
8400,2879,22,1,22.0,22.0
8401,2880,32,2,37.0,74.0
8402,2880,34,1,10.0,10.0
8403,2880,37,2,18.0,36.0
8404,2880,31,1,36.0,36.0
8405,2881,19,3,18.0,54.0
8406,2881,26,3,42.0,126.0
8407,2881,22,1,22.0,22.0
8408,2882,12,1,36.0,36.0
8409,2882,8,1,24.0,24.0
8410,2882,1,1,28.0,28.0
8411,2882,36,1,6.0,6.0
8412,2883,5,2,30.0,60.0
8413,2883,17,1,26.0,26.0
8414,2883,23,1,18.0,18.0
8415,2883,2,1,34.0,34.0
8416,2884,4,1,22.0,22.0
8417,2884,12,2,36.0,72.0
8418,2884,29,1,44.0,44.0
8419,2885,27,1,25.0,25.0
8420,2885,28,1,34.0,34.0
8421,2885,12,1,36.0,36.0
8422,2885,7,1,36.0,36.0
8423,2886,35,1,9.0,9.0
8424,2886,7,3,36.0,108.0
8425,2886,19,1,18.0,18.0
8426,2887,4,1,22.0,22.0
8427,2887,30,3,38.0,114.0
8428,2888,4,1,22.0,22.0
8429,2888,32,2,37.0,74.0
8430,2889,19,1,18.0,18.0
8431,2890,37,2,18.0,36.0
8432,2890,2,3,34.0,102.0
8433,2890,6,1,38.0,38.0
8434,2891,22,2,22.0,44.0
8435,2891,3,1,42.0,42.0
8436,2891,32,3,37.0,111.0
8437,2891,8,2,24.0,48.0
8438,2891,26,1,42.0,42.0
8439,2892,17,1,26.0,26.0
8440,2893,35,2,9.0,18.0
8441,2893,15,1,30.0,30.0
8442,2894,23,1,18.0,18.0
8443,2894,28,1,34.0,34.0
8444,2894,36,2,6.0,12.0
8445,2894,15,2,30.0,60.0
8446,2895,4,1,22.0,22.0
8447,2896,40,2,10.0,20.0
8448,2896,19,1,18.0,18.0
8449,2896,38,2,12.0,24.0
8450,2896,25,1,26.0,26.0
8451,2897,16,2,32.0,64.0
8452,2897,37,2,18.0,36.0
8453,2898,5,2,30.0,60.0
8454,2898,7,1,36.0,36.0
8455,2898,28,1,34.0,34.0
8456,2899,3,1,42.0,42.0
8457,2900,1,1,28.0,28.0
8458,2900,10,3,32.0,96.0
8459,2900,5,1,30.0,30.0
8460,2900,39,1,8.0,8.0
8461,2901,10,1,32.0,32.0
8462,2901,36,1,6.0,6.0
8463,2902,16,1,32.0,32.0
8464,2902,13,2,28.0,56.0
8465,2902,30,1,38.0,38.0
8466,2902,24,2,24.0,48.0
8467,2902,14,3,45.0,135.0
8468,2902,35,1,9.0,9.0
8469,2903,13,1,28.0,28.0
8470,2903,38,1,12.0,12.0
8471,2903,32,3,37.0,111.0
8472,2903,10,3,32.0,96.0
8473,2904,38,1,12.0,12.0
8474,2904,24,1,24.0,24.0
8475,2904,7,1,36.0,36.0
8476,2904,3,1,42.0,42.0
8477,2905,7,1,36.0,36.0
8478,2905,13,1,28.0,28.0
8479,2905,25,1,26.0,26.0
8480,2906,12,1,36.0,36.0
8481,2906,7,2,36.0,72.0
8482,2906,17,1,26.0,26.0
8483,2906,10,3,32.0,96.0
8484,2906,37,2,18.0,36.0
8485,2907,15,1,30.0,30.0
8486,2907,37,1,18.0,18.0
8487,2908,25,1,26.0,26.0
8488,2908,2,1,34.0,34.0
8489,2908,27,1,25.0,25.0
8490,2908,6,3,38.0,114.0
8491,2909,18,2,38.0,76.0
8492,2909,30,2,38.0,76.0
8493,2909,8,1,24.0,24.0
8494,2909,15,1,30.0,30.0
8495,2909,27,1,25.0,25.0
8496,2909,9,1,35.0,35.0
8497,2910,3,1,42.0,42.0
8498,2910,38,2,12.0,24.0
8499,2910,18,3,38.0,114.0
8500,2910,5,1,30.0,30.0
8501,2911,24,1,24.0,24.0
8502,2911,7,2,36.0,72.0
8503,2912,23,1,18.0,18.0
8504,2912,32,1,37.0,37.0
8505,2913,8,2,24.0,48.0
8506,2913,27,2,25.0,50.0
8507,2914,30,1,38.0,38.0
8508,2914,5,1,30.0,30.0
8509,2914,10,2,32.0,64.0
8510,2914,11,1,33.0,33.0
8511,2915,36,1,6.0,6.0
8512,2915,11,1,33.0,33.0
8513,2915,18,1,38.0,38.0
8514,2915,6,2,38.0,76.0
8515,2915,15,1,30.0,30.0
8516,2916,32,2,37.0,74.0
8517,2916,21,1,20.0,20.0
8518,2916,6,1,38.0,38.0
8519,2916,29,3,44.0,132.0
8520,2917,2,2,34.0,68.0
8521,2917,14,1,45.0,45.0
8522,2918,30,1,38.0,38.0
8523,2918,12,3,36.0,108.0
8524,2918,18,1,38.0,38.0
8525,2919,16,1,32.0,32.0
8526,2919,8,1,24.0,24.0
8527,2920,39,1,8.0,8.0
8528,2920,36,1,6.0,6.0
8529,2920,19,1,18.0,18.0
8530,2921,32,2,37.0,74.0
8531,2922,7,1,36.0,36.0
8532,2922,25,1,26.0,26.0
8533,2923,13,3,28.0,84.0
8534,2923,25,3,26.0,78.0
8535,2923,3,3,42.0,126.0
8536,2924,34,2,10.0,20.0
8537,2924,8,1,24.0,24.0
8538,2924,26,1,42.0,42.0
8539,2925,35,1,9.0,9.0
8540,2926,5,1,30.0,30.0
8541,2926,2,1,34.0,34.0
8542,2927,4,1,22.0,22.0
8543,2927,39,1,8.0,8.0
8544,2927,15,3,30.0,90.0
8545,2928,3,1,42.0,42.0
8546,2928,25,2,26.0,52.0
8547,2929,6,2,38.0,76.0
8548,2929,32,1,37.0,37.0
8549,2929,18,1,38.0,38.0
8550,2929,37,2,18.0,36.0
8551,2930,37,3,18.0,54.0
8552,2930,36,1,6.0,6.0
8553,2930,22,1,22.0,22.0
8554,2930,9,1,35.0,35.0
8555,2931,14,3,45.0,135.0
8556,2931,25,1,26.0,26.0
8557,2931,8,1,24.0,24.0
8558,2931,1,1,28.0,28.0
8559,2932,12,2,36.0,72.0
8560,2932,15,1,30.0,30.0
8561,2932,13,2,28.0,56.0
8562,2933,25,1,26.0,26.0
8563,2933,26,3,42.0,126.0
8564,2933,5,1,30.0,30.0
8565,2934,23,1,18.0,18.0
8566,2934,3,1,42.0,42.0
8567,2934,6,1,38.0,38.0
8568,2934,13,1,28.0,28.0
8569,2935,14,1,45.0,45.0
8570,2935,34,1,10.0,10.0
8571,2935,5,1,30.0,30.0
8572,2936,3,1,42.0,42.0
8573,2936,22,1,22.0,22.0
8574,2937,40,1,10.0,10.0
8575,2937,37,1,18.0,18.0
8576,2937,9,1,35.0,35.0
8577,2937,10,1,32.0,32.0
8578,2938,13,1,28.0,28.0
8579,2938,37,1,18.0,18.0
8580,2938,32,1,37.0,37.0
8581,2938,8,2,24.0,48.0
8582,2938,10,3,32.0,96.0
8583,2938,3,1,42.0,42.0
8584,2939,19,2,18.0,36.0
8585,2939,32,2,37.0,74.0
8586,2939,17,1,26.0,26.0
8587,2940,13,2,28.0,56.0
8588,2940,16,2,32.0,64.0
8589,2940,14,2,45.0,90.0
8590,2941,27,2,25.0,50.0
8591,2941,1,1,28.0,28.0
8592,2942,1,1,28.0,28.0
8593,2942,13,2,28.0,56.0
8594,2942,16,2,32.0,64.0
8595,2943,18,1,38.0,38.0
8596,2943,29,2,44.0,88.0
8597,2943,13,1,28.0,28.0
8598,2944,27,2,25.0,50.0
8599,2944,32,1,37.0,37.0
8600,2945,6,1,38.0,38.0
8601,2945,14,1,45.0,45.0
8602,2946,19,1,18.0,18.0
8603,2946,40,1,10.0,10.0
8604,2946,16,3,32.0,96.0
8605,2946,30,2,38.0,76.0
8606,2947,21,1,20.0,20.0
8607,2947,4,2,22.0,44.0
8608,2947,37,1,18.0,18.0
8609,2947,7,2,36.0,72.0
8610,2947,13,1,28.0,28.0
8611,2948,14,2,45.0,90.0
8612,2948,34,1,10.0,10.0
8613,2949,33,1,14.0,14.0
8614,2949,8,1,24.0,24.0
8615,2949,5,2,30.0,60.0
8616,2949,30,2,38.0,76.0
8617,2949,11,3,33.0,99.0
8618,2950,24,1,24.0,24.0
8619,2950,13,1,28.0,28.0
8620,2951,13,3,28.0,84.0
8621,2951,36,1,6.0,6.0
8622,2951,5,1,30.0,30.0
8623,2952,27,2,25.0,50.0
8624,2953,22,1,22.0,22.0
8625,2953,7,2,36.0,72.0
8626,2953,4,1,22.0,22.0
8627,2953,9,2,35.0,70.0
8628,2954,16,2,32.0,64.0
8629,2954,23,1,18.0,18.0
8630,2955,15,1,30.0,30.0
8631,2955,40,1,10.0,10.0
8632,2956,36,1,6.0,6.0
8633,2956,17,1,26.0,26.0
8634,2957,40,3,10.0,30.0
8635,2957,20,2,16.0,32.0
8636,2957,32,1,37.0,37.0
8637,2958,19,1,18.0,18.0
8638,2958,23,1,18.0,18.0
8639,2959,34,1,10.0,10.0
8640,2960,6,1,38.0,38.0
8641,2960,3,2,42.0,84.0
8642,2960,7,2,36.0,72.0
8643,2961,7,1,36.0,36.0
8644,2962,7,1,36.0,36.0
8645,2962,14,2,45.0,90.0
8646,2962,6,2,38.0,76.0
8647,2962,2,1,34.0,34.0
8648,2962,10,1,32.0,32.0
8649,2963,39,1,8.0,8.0
8650,2963,37,2,18.0,36.0
8651,2964,21,1,20.0,20.0
8652,2965,12,1,36.0,36.0
8653,2965,5,1,30.0,30.0
8654,2965,21,1,20.0,20.0
8655,2965,2,1,34.0,34.0
8656,2965,27,1,25.0,25.0
8657,2966,7,3,36.0,108.0
8658,2966,9,1,35.0,35.0
8659,2966,16,1,32.0,32.0
8660,2967,5,1,30.0,30.0
8661,2967,12,1,36.0,36.0
8662,2967,6,1,38.0,38.0
8663,2967,16,1,32.0,32.0
8664,2968,32,1,37.0,37.0
8665,2968,21,3,20.0,60.0
8666,2969,38,2,12.0,24.0
8667,2969,27,1,25.0,25.0
8668,2969,8,3,24.0,72.0
8669,2970,3,1,42.0,42.0
8670,2970,6,2,38.0,76.0
8671,2970,14,3,45.0,135.0
8672,2970,36,2,6.0,12.0
8673,2970,21,1,20.0,20.0
8674,2970,16,1,32.0,32.0
8675,2971,3,2,42.0,84.0
8676,2971,18,2,38.0,76.0
8677,2972,5,2,30.0,60.0
8678,2972,32,1,37.0,37.0
8679,2972,8,1,24.0,24.0
8680,2973,33,2,14.0,28.0
8681,2973,26,2,42.0,84.0
8682,2973,36,1,6.0,6.0
8683,2973,37,1,18.0,18.0
8684,2974,10,1,32.0,32.0
8685,2974,18,1,38.0,38.0
8686,2974,6,1,38.0,38.0
8687,2974,37,2,18.0,36.0
8688,2974,36,2,6.0,12.0
8689,2975,8,2,24.0,48.0
8690,2975,27,1,25.0,25.0
8691,2976,8,1,24.0,24.0
8692,2977,38,3,12.0,36.0
8693,2977,28,3,34.0,102.0
8694,2977,18,2,38.0,76.0
8695,2977,2,2,34.0,68.0
8696,2977,10,1,32.0,32.0
8697,2977,6,2,38.0,76.0
8698,2978,11,2,33.0,66.0
8699,2978,37,1,18.0,18.0
8700,2978,39,3,8.0,24.0
8701,2978,27,1,25.0,25.0
8702,2978,22,1,22.0,22.0
8703,2979,7,3,36.0,108.0
8704,2979,5,1,30.0,30.0
8705,2980,20,1,16.0,16.0
8706,2981,14,1,45.0,45.0
8707,2981,18,1,38.0,38.0
8708,2981,25,1,26.0,26.0
8709,2982,18,2,38.0,76.0
8710,2982,30,1,38.0,38.0
8711,2983,40,2,10.0,20.0
8712,2983,23,2,18.0,36.0
8713,2983,32,1,37.0,37.0
8714,2983,18,3,38.0,114.0
8715,2983,25,2,26.0,52.0
8716,2984,38,3,12.0,36.0
8717,2984,10,2,32.0,64.0
8718,2985,8,1,24.0,24.0
8719,2985,35,1,9.0,9.0
8720,2986,21,1,20.0,20.0
8721,2986,2,1,34.0,34.0
8722,2987,6,1,38.0,38.0
8723,2988,32,2,37.0,74.0
8724,2988,39,1,8.0,8.0
8725,2988,23,2,18.0,36.0
8726,2988,33,3,14.0,42.0
8727,2989,17,1,26.0,26.0
8728,2989,37,2,18.0,36.0
8729,2989,16,1,32.0,32.0
8730,2989,2,1,34.0,34.0
8731,2990,36,1,6.0,6.0
8732,2990,30,1,38.0,38.0
8733,2990,1,1,28.0,28.0
8734,2990,2,1,34.0,34.0
8735,2990,13,1,28.0,28.0
8736,2991,4,1,22.0,22.0
8737,2992,20,3,16.0,48.0
8738,2992,15,1,30.0,30.0
8739,2992,5,1,30.0,30.0
8740,2992,7,2,36.0,72.0
8741,2993,33,1,14.0,14.0
8742,2993,38,1,12.0,12.0
8743,2994,1,1,28.0,28.0
8744,2994,28,1,34.0,34.0
8745,2994,9,1,35.0,35.0
8746,2995,13,2,28.0,56.0
8747,2995,29,1,44.0,44.0
8748,2995,9,2,35.0,70.0
8749,2995,1,1,28.0,28.0
8750,2996,16,2,32.0,64.0
8751,2996,4,1,22.0,22.0
8752,2996,6,1,38.0,38.0
8753,2997,25,1,26.0,26.0
8754,2998,5,3,30.0,90.0
8755,2998,12,1,36.0,36.0
8756,2999,34,1,10.0,10.0
8757,2999,5,1,30.0,30.0
8758,2999,2,1,34.0,34.0
8759,3000,34,1,10.0,10.0
8760,3000,19,1,18.0,18.0
8761,3000,7,1,36.0,36.0
8762,3000,35,3,9.0,27.0
8763,3001,10,2,32.0,64.0
8764,3001,24,2,24.0,48.0
8765,3001,29,2,44.0,88.0
8766,3001,16,2,32.0,64.0
8767,3002,18,2,38.0,76.0
8768,3002,27,1,25.0,25.0
8769,3002,37,1,18.0,18.0
8770,3003,25,1,26.0,26.0
8771,3003,7,1,36.0,36.0
8772,3003,17,1,26.0,26.0
8773,3004,15,1,30.0,30.0
8774,3004,3,1,42.0,42.0
8775,3004,35,1,9.0,9.0
8776,3005,39,1,8.0,8.0
8777,3005,8,1,24.0,24.0
8778,3005,23,1,18.0,18.0
8779,3006,2,2,34.0,68.0
8780,3007,27,1,25.0,25.0
8781,3008,1,1,28.0,28.0
8782,3008,4,2,22.0,44.0
8783,3008,25,2,26.0,52.0
8784,3008,8,3,24.0,72.0
8785,3009,6,2,38.0,76.0
8786,3009,13,1,28.0,28.0
8787,3009,21,2,20.0,40.0
8788,3009,15,1,30.0,30.0
8789,3009,10,2,32.0,64.0
8790,3010,2,2,34.0,68.0
8791,3010,25,1,26.0,26.0
8792,3010,30,1,38.0,38.0
8793,3010,13,1,28.0,28.0
8794,3011,29,1,44.0,44.0
8795,3011,11,2,33.0,66.0
8796,3012,37,1,18.0,18.0
8797,3012,23,1,18.0,18.0
8798,3013,25,2,26.0,52.0
8799,3013,9,1,35.0,35.0
8800,3013,13,3,28.0,84.0
8801,3014,32,1,37.0,37.0
8802,3014,2,1,34.0,34.0
8803,3014,8,2,24.0,48.0
8804,3015,38,1,12.0,12.0
8805,3015,24,2,24.0,48.0
8806,3015,8,1,24.0,24.0
8807,3015,4,1,22.0,22.0
8808,3015,6,2,38.0,76.0
8809,3016,17,1,26.0,26.0
8810,3016,14,1,45.0,45.0
8811,3016,35,1,9.0,9.0
8812,3016,18,1,38.0,38.0
8813,3016,37,1,18.0,18.0
8814,3017,24,2,24.0,48.0
8815,3017,25,1,26.0,26.0
8816,3018,33,1,14.0,14.0
8817,3019,15,2,30.0,60.0
8818,3019,6,2,38.0,76.0
8819,3020,10,1,32.0,32.0
8820,3021,3,1,42.0,42.0
8821,3022,39,2,8.0,16.0
8822,3022,8,1,24.0,24.0
8823,3023,20,1,16.0,16.0
8824,3023,24,2,24.0,48.0
8825,3023,2,1,34.0,34.0
8826,3024,15,1,30.0,30.0
8827,3024,24,2,24.0,48.0
8828,3024,37,1,18.0,18.0
8829,3025,5,2,30.0,60.0
8830,3025,25,1,26.0,26.0
8831,3026,9,1,35.0,35.0
8832,3026,8,1,24.0,24.0
8833,3027,11,1,33.0,33.0
8834,3027,28,2,34.0,68.0
8835,3028,37,1,18.0,18.0
8836,3028,2,1,34.0,34.0
8837,3028,36,1,6.0,6.0
8838,3029,31,3,36.0,108.0
8839,3029,7,2,36.0,72.0
8840,3029,5,1,30.0,30.0
8841,3029,2,1,34.0,34.0
8842,3029,29,1,44.0,44.0
8843,3029,30,1,38.0,38.0
8844,3030,14,3,45.0,135.0
8845,3030,2,2,34.0,68.0
8846,3031,31,1,36.0,36.0
8847,3031,24,1,24.0,24.0
8848,3032,10,1,32.0,32.0
8849,3032,16,1,32.0,32.0
8850,3033,7,1,36.0,36.0
8851,3033,17,2,26.0,52.0
8852,3034,37,1,18.0,18.0
8853,3034,38,1,12.0,12.0
8854,3034,13,2,28.0,56.0
8855,3035,32,3,37.0,111.0
8856,3035,7,2,36.0,72.0
8857,3036,32,1,37.0,37.0
8858,3036,36,1,6.0,6.0
8859,3037,8,2,24.0,48.0
8860,3037,13,1,28.0,28.0
8861,3037,6,1,38.0,38.0
8862,3037,1,3,28.0,84.0
8863,3037,35,2,9.0,18.0
8864,3038,23,1,18.0,18.0
8865,3038,16,2,32.0,64.0
8866,3038,13,1,28.0,28.0
8867,3039,20,1,16.0,16.0
8868,3039,25,1,26.0,26.0
8869,3040,24,2,24.0,48.0
8870,3040,6,1,38.0,38.0
8871,3040,32,1,37.0,37.0
8872,3040,28,2,34.0,68.0
8873,3041,28,1,34.0,34.0
8874,3041,9,2,35.0,70.0
8875,3041,36,2,6.0,12.0
8876,3042,5,1,30.0,30.0
8877,3043,5,2,30.0,60.0
8878,3043,1,1,28.0,28.0
8879,3043,36,1,6.0,6.0
8880,3043,23,1,18.0,18.0
8881,3043,21,1,20.0,20.0
8882,3044,12,1,36.0,36.0
8883,3044,23,1,18.0,18.0
8884,3045,15,1,30.0,30.0
8885,3046,5,2,30.0,60.0
8886,3046,21,1,20.0,20.0
8887,3046,18,2,38.0,76.0
8888,3047,7,1,36.0,36.0
8889,3047,1,2,28.0,56.0
8890,3047,16,3,32.0,96.0
8891,3047,2,1,34.0,34.0
8892,3048,6,3,38.0,114.0
8893,3048,24,1,24.0,24.0
8894,3049,1,1,28.0,28.0
8895,3049,5,3,30.0,90.0
8896,3049,12,1,36.0,36.0
8897,3049,7,3,36.0,108.0
8898,3049,35,2,9.0,18.0
8899,3050,15,3,30.0,90.0
8900,3050,12,1,36.0,36.0
8901,3050,35,1,9.0,9.0
8902,3051,8,1,24.0,24.0
8903,3051,2,1,34.0,34.0
8904,3051,19,1,18.0,18.0
8905,3051,4,3,22.0,66.0
8906,3052,5,1,30.0,30.0
8907,3052,17,1,26.0,26.0
8908,3053,6,1,38.0,38.0
8909,3053,4,1,22.0,22.0
8910,3054,40,1,10.0,10.0
8911,3054,8,1,24.0,24.0
8912,3055,8,1,24.0,24.0
8913,3055,19,1,18.0,18.0
8914,3056,6,1,38.0,38.0
8915,3056,28,2,34.0,68.0
8916,3057,25,1,26.0,26.0
8917,3057,3,2,42.0,84.0
8918,3058,3,2,42.0,84.0
8919,3058,18,1,38.0,38.0
8920,3058,14,2,45.0,90.0
8921,3058,6,1,38.0,38.0
8922,3059,8,3,24.0,72.0
8923,3059,7,1,36.0,36.0
8924,3059,14,1,45.0,45.0
8925,3059,1,1,28.0,28.0
8926,3060,7,1,36.0,36.0
8927,3060,34,1,10.0,10.0
8928,3061,29,1,44.0,44.0
8929,3061,38,2,12.0,24.0
8930,3062,5,1,30.0,30.0
8931,3062,3,1,42.0,42.0
8932,3063,7,1,36.0,36.0
8933,3063,18,2,38.0,76.0
8934,3063,3,3,42.0,126.0
8935,3063,14,1,45.0,45.0
8936,3064,7,2,36.0,72.0
8937,3064,18,1,38.0,38.0
8938,3064,26,1,42.0,42.0
8939,3065,20,1,16.0,16.0
8940,3065,2,2,34.0,68.0
8941,3065,13,1,28.0,28.0
8942,3065,19,2,18.0,36.0
8943,3066,18,1,38.0,38.0
8944,3067,10,1,32.0,32.0
8945,3067,17,1,26.0,26.0
8946,3067,28,1,34.0,34.0
8947,3067,13,1,28.0,28.0
8948,3068,7,2,36.0,72.0
8949,3068,23,3,18.0,54.0
8950,3069,40,2,10.0,20.0
8951,3069,22,1,22.0,22.0
8952,3069,18,3,38.0,114.0
8953,3069,33,1,14.0,14.0
8954,3070,6,1,38.0,38.0
8955,3070,26,1,42.0,42.0
8956,3070,17,1,26.0,26.0
8957,3070,28,1,34.0,34.0
8958,3071,7,2,36.0,72.0
8959,3071,29,3,44.0,132.0
8960,3071,6,1,38.0,38.0
8961,3071,8,1,24.0,24.0
8962,3072,29,3,44.0,132.0
8963,3072,2,1,34.0,34.0
8964,3072,3,1,42.0,42.0
8965,3073,24,3,24.0,72.0
8966,3073,16,3,32.0,96.0
8967,3073,18,1,38.0,38.0
8968,3073,7,2,36.0,72.0
8969,3074,26,1,42.0,42.0
8970,3074,8,2,24.0,48.0
8971,3075,25,1,26.0,26.0
8972,3075,36,1,6.0,6.0
8973,3075,24,1,24.0,24.0
8974,3075,27,1,25.0,25.0
8975,3076,28,1,34.0,34.0
8976,3076,32,1,37.0,37.0
8977,3077,21,1,20.0,20.0
8978,3077,16,2,32.0,64.0
8979,3077,32,1,37.0,37.0
8980,3078,7,1,36.0,36.0
8981,3078,8,3,24.0,72.0
8982,3079,32,2,37.0,74.0
8983,3079,1,1,28.0,28.0
8984,3079,26,3,42.0,126.0
8985,3079,7,1,36.0,36.0
8986,3080,10,1,32.0,32.0
8987,3080,22,2,22.0,44.0
8988,3080,17,1,26.0,26.0
8989,3081,3,1,42.0,42.0
8990,3081,33,1,14.0,14.0
8991,3081,36,2,6.0,12.0
8992,3082,5,1,30.0,30.0
8993,3082,36,1,6.0,6.0
8994,3082,1,1,28.0,28.0
8995,3083,26,2,42.0,84.0
8996,3083,13,2,28.0,56.0
8997,3083,6,1,38.0,38.0
8998,3083,12,1,36.0,36.0
8999,3084,23,1,18.0,18.0
9000,3085,37,1,18.0,18.0
9001,3085,10,1,32.0,32.0
9002,3085,13,1,28.0,28.0
9003,3085,11,1,33.0,33.0
9004,3086,1,1,28.0,28.0
9005,3086,6,1,38.0,38.0
9006,3086,39,1,8.0,8.0
9007,3087,24,2,24.0,48.0
9008,3087,12,2,36.0,72.0
9009,3088,6,1,38.0,38.0
9010,3088,25,1,26.0,26.0
9011,3089,18,3,38.0,114.0
9012,3089,26,1,42.0,42.0
9013,3089,7,1,36.0,36.0
9014,3089,1,3,28.0,84.0
9015,3089,23,1,18.0,18.0
9016,3090,32,3,37.0,111.0
9017,3090,23,1,18.0,18.0
9018,3090,29,2,44.0,88.0
9019,3091,13,3,28.0,84.0
9020,3091,1,1,28.0,28.0
9021,3092,31,2,36.0,72.0
9022,3092,29,1,44.0,44.0
9023,3092,1,2,28.0,56.0
9024,3093,6,1,38.0,38.0
9025,3093,5,1,30.0,30.0
9026,3094,35,2,9.0,18.0
9027,3094,22,1,22.0,22.0
9028,3095,4,1,22.0,22.0
9029,3095,21,3,20.0,60.0
9030,3096,37,2,18.0,36.0
9031,3096,12,3,36.0,108.0
9032,3097,24,1,24.0,24.0
9033,3097,23,2,18.0,36.0
9034,3097,7,2,36.0,72.0
9035,3098,17,2,26.0,52.0
9036,3098,2,2,34.0,68.0
9037,3098,27,1,25.0,25.0
9038,3099,4,1,22.0,22.0
9039,3099,23,1,18.0,18.0
9040,3100,19,1,18.0,18.0
9041,3100,8,3,24.0,72.0
9042,3100,37,1,18.0,18.0
9043,3100,20,1,16.0,16.0
9044,3100,7,1,36.0,36.0
9045,3101,5,1,30.0,30.0
9046,3101,30,1,38.0,38.0
9047,3101,2,1,34.0,34.0
9048,3102,23,2,18.0,36.0
9049,3102,20,2,16.0,32.0
9050,3102,2,2,34.0,68.0
9051,3102,13,1,28.0,28.0
9052,3102,1,1,28.0,28.0
9053,3103,27,2,25.0,50.0
9054,3103,24,2,24.0,48.0
9055,3103,26,1,42.0,42.0
9056,3104,9,1,35.0,35.0
9057,3104,5,1,30.0,30.0
9058,3104,40,1,10.0,10.0
9059,3104,30,3,38.0,114.0
9060,3105,23,2,18.0,36.0
9061,3105,7,1,36.0,36.0
9062,3105,18,1,38.0,38.0
9063,3106,7,2,36.0,72.0
9064,3106,15,2,30.0,60.0
9065,3106,14,1,45.0,45.0
9066,3106,28,3,34.0,102.0
9067,3107,23,1,18.0,18.0
9068,3108,6,2,38.0,76.0
9069,3108,20,1,16.0,16.0
9070,3109,29,1,44.0,44.0
9071,3109,20,2,16.0,32.0
9072,3110,16,1,32.0,32.0
9073,3110,3,2,42.0,84.0
9074,3110,5,1,30.0,30.0
9075,3111,27,1,25.0,25.0
9076,3111,15,2,30.0,60.0
9077,3111,8,1,24.0,24.0
9078,3111,10,1,32.0,32.0
9079,3111,32,1,37.0,37.0
9080,3112,37,1,18.0,18.0
9081,3112,30,2,38.0,76.0
9082,3113,7,1,36.0,36.0
9083,3114,40,1,10.0,10.0
9084,3114,33,1,14.0,14.0
9085,3114,7,2,36.0,72.0
9086,3115,2,1,34.0,34.0
9087,3115,8,1,24.0,24.0
9088,3116,40,1,10.0,10.0
9089,3116,38,1,12.0,12.0
9090,3117,11,1,33.0,33.0
9091,3117,13,1,28.0,28.0
9092,3117,29,3,44.0,132.0
9093,3117,4,1,22.0,22.0
9094,3117,18,1,38.0,38.0
9095,3118,26,1,42.0,42.0
9096,3118,31,1,36.0,36.0
9097,3118,37,3,18.0,54.0
9098,3118,5,2,30.0,60.0
9099,3118,24,1,24.0,24.0
9100,3119,40,2,10.0,20.0
9101,3119,18,1,38.0,38.0
9102,3119,7,1,36.0,36.0
9103,3119,2,1,34.0,34.0
9104,3120,7,3,36.0,108.0
9105,3120,4,1,22.0,22.0
9106,3120,30,1,38.0,38.0
9107,3120,8,1,24.0,24.0
9108,3121,23,2,18.0,36.0
9109,3121,17,1,26.0,26.0
9110,3121,21,1,20.0,20.0
9111,3122,39,2,8.0,16.0
9112,3122,25,1,26.0,26.0
9113,3122,17,1,26.0,26.0
9114,3122,37,1,18.0,18.0
9115,3123,6,1,38.0,38.0
9116,3123,4,1,22.0,22.0
9117,3123,12,1,36.0,36.0
9118,3123,35,1,9.0,9.0
9119,3124,32,3,37.0,111.0
9120,3124,13,2,28.0,56.0
9121,3125,3,1,42.0,42.0
9122,3125,5,2,30.0,60.0
9123,3125,6,3,38.0,114.0
9124,3126,35,2,9.0,18.0
9125,3126,29,1,44.0,44.0
9126,3127,39,2,8.0,16.0
9127,3127,25,1,26.0,26.0
9128,3127,37,2,18.0,36.0
9129,3127,30,1,38.0,38.0
9130,3128,36,3,6.0,18.0
9131,3128,10,1,32.0,32.0
9132,3129,5,2,30.0,60.0
9133,3129,35,1,9.0,9.0
9134,3129,13,1,28.0,28.0
9135,3129,17,1,26.0,26.0
9136,3130,3,1,42.0,42.0
9137,3130,4,3,22.0,66.0
9138,3131,7,1,36.0,36.0
9139,3131,28,1,34.0,34.0
9140,3132,14,1,45.0,45.0
9141,3132,24,1,24.0,24.0
9142,3132,5,1,30.0,30.0
9143,3132,26,1,42.0,42.0
9144,3132,19,3,18.0,54.0
9145,3133,16,1,32.0,32.0
9146,3134,15,2,30.0,60.0
9147,3134,13,1,28.0,28.0
9148,3134,30,3,38.0,114.0
9149,3134,7,1,36.0,36.0
9150,3135,24,2,24.0,48.0
9151,3135,5,1,30.0,30.0
9152,3135,4,1,22.0,22.0
9153,3136,15,1,30.0,30.0
9154,3136,20,3,16.0,48.0
9155,3136,7,1,36.0,36.0
9156,3137,2,1,34.0,34.0
9157,3137,10,1,32.0,32.0
9158,3138,8,2,24.0,48.0
9159,3138,37,1,18.0,18.0
9160,3139,4,2,22.0,44.0
9161,3139,23,1,18.0,18.0
9162,3139,32,1,37.0,37.0
9163,3140,2,2,34.0,68.0
9164,3140,8,1,24.0,24.0
9165,3141,22,1,22.0,22.0
9166,3141,13,1,28.0,28.0
9167,3142,37,1,18.0,18.0
9168,3142,29,2,44.0,88.0
9169,3143,9,1,35.0,35.0
9170,3143,3,1,42.0,42.0
9171,3144,25,1,26.0,26.0
9172,3144,7,1,36.0,36.0
9173,3144,23,2,18.0,36.0
9174,3144,17,1,26.0,26.0
9175,3144,30,1,38.0,38.0
9176,3144,4,2,22.0,44.0
9177,3145,26,1,42.0,42.0
9178,3145,23,2,18.0,36.0
9179,3145,8,2,24.0,48.0
9180,3146,7,1,36.0,36.0
9181,3146,13,2,28.0,56.0
9182,3147,5,1,30.0,30.0
9183,3147,23,2,18.0,36.0
9184,3147,1,1,28.0,28.0
9185,3147,40,3,10.0,30.0
9186,3147,10,1,32.0,32.0
9187,3148,7,1,36.0,36.0
9188,3148,2,2,34.0,68.0
9189,3148,8,1,24.0,24.0
9190,3148,17,2,26.0,52.0
9191,3149,27,3,25.0,75.0
9192,3149,16,1,32.0,32.0
9193,3149,17,1,26.0,26.0
9194,3150,3,1,42.0,42.0
9195,3150,15,1,30.0,30.0
9196,3150,2,1,34.0,34.0
9197,3150,5,2,30.0,60.0
9198,3151,23,1,18.0,18.0
9199,3151,27,1,25.0,25.0
9200,3151,32,2,37.0,74.0
9201,3152,34,2,10.0,20.0
9202,3152,29,2,44.0,88.0
9203,3152,21,1,20.0,20.0
9204,3153,19,1,18.0,18.0
9205,3154,3,2,42.0,84.0
9206,3155,2,2,34.0,68.0
9207,3155,6,1,38.0,38.0
9208,3155,1,2,28.0,56.0
9209,3155,36,3,6.0,18.0
9210,3156,28,2,34.0,68.0
9211,3156,6,1,38.0,38.0
9212,3156,17,2,26.0,52.0
9213,3156,3,2,42.0,84.0
9214,3156,5,1,30.0,30.0
9215,3156,20,1,16.0,16.0
9216,3157,30,1,38.0,38.0
9217,3157,5,1,30.0,30.0
9218,3158,6,1,38.0,38.0
9219,3158,37,1,18.0,18.0
9220,3158,26,2,42.0,84.0
9221,3159,14,3,45.0,135.0
9222,3160,19,1,18.0,18.0
9223,3160,23,1,18.0,18.0
9224,3160,3,1,42.0,42.0
9225,3160,5,1,30.0,30.0
9226,3160,10,2,32.0,64.0
9227,3161,2,1,34.0,34.0
9228,3161,21,1,20.0,20.0
9229,3161,6,1,38.0,38.0
9230,3162,2,1,34.0,34.0
9231,3163,18,3,38.0,114.0
9232,3163,6,1,38.0,38.0
9233,3164,24,1,24.0,24.0
9234,3164,36,1,6.0,6.0
9235,3165,33,1,14.0,14.0
9236,3165,21,2,20.0,40.0
9237,3165,17,3,26.0,78.0
9238,3166,6,2,38.0,76.0
9239,3167,8,2,24.0,48.0
9240,3167,6,1,38.0,38.0
9241,3167,28,1,34.0,34.0
9242,3168,20,1,16.0,16.0
9243,3168,8,2,24.0,48.0
9244,3168,3,3,42.0,126.0
9245,3169,26,1,42.0,42.0
9246,3169,4,1,22.0,22.0
9247,3169,7,2,36.0,72.0
9248,3170,8,2,24.0,48.0
9249,3170,37,1,18.0,18.0
9250,3171,30,1,38.0,38.0
9251,3171,18,3,38.0,114.0
9252,3171,10,3,32.0,96.0
9253,3171,13,1,28.0,28.0
9254,3172,10,1,32.0,32.0
9255,3172,7,2,36.0,72.0
9256,3172,4,2,22.0,44.0
9257,3172,23,2,18.0,36.0
9258,3173,35,2,9.0,18.0
9259,3173,8,1,24.0,24.0
9260,3173,13,1,28.0,28.0
9261,3173,7,1,36.0,36.0
9262,3174,32,1,37.0,37.0
9263,3174,8,1,24.0,24.0
9264,3174,4,1,22.0,22.0
9265,3175,14,1,45.0,45.0
9266,3175,16,2,32.0,64.0
9267,3175,36,1,6.0,6.0
9268,3176,20,1,16.0,16.0
9269,3176,35,1,9.0,9.0
9270,3176,23,1,18.0,18.0
9271,3177,38,1,12.0,12.0
9272,3177,14,2,45.0,90.0
9273,3178,31,2,36.0,72.0
9274,3178,34,1,10.0,10.0
9275,3178,27,1,25.0,25.0
9276,3178,3,1,42.0,42.0
9277,3178,35,1,9.0,9.0
9278,3179,29,1,44.0,44.0
9279,3179,11,2,33.0,66.0
9280,3179,23,2,18.0,36.0
9281,3180,14,3,45.0,135.0
9282,3180,8,1,24.0,24.0
9283,3180,2,1,34.0,34.0
9284,3180,21,1,20.0,20.0
9285,3180,15,1,30.0,30.0
9286,3181,11,1,33.0,33.0
9287,3182,29,1,44.0,44.0
9288,3182,27,1,25.0,25.0
9289,3182,5,1,30.0,30.0
9290,3182,3,2,42.0,84.0
9291,3182,10,1,32.0,32.0
9292,3183,21,1,20.0,20.0
9293,3183,20,1,16.0,16.0
9294,3183,9,1,35.0,35.0
9295,3184,7,1,36.0,36.0
9296,3184,33,1,14.0,14.0
9297,3185,16,1,32.0,32.0
9298,3185,37,1,18.0,18.0
9299,3185,32,1,37.0,37.0
9300,3186,5,1,30.0,30.0
9301,3186,27,1,25.0,25.0
9302,3187,8,3,24.0,72.0
9303,3187,15,2,30.0,60.0
9304,3188,27,1,25.0,25.0
9305,3188,8,2,24.0,48.0
9306,3189,5,1,30.0,30.0
9307,3190,6,1,38.0,38.0
9308,3190,1,2,28.0,56.0
9309,3191,19,1,18.0,18.0
9310,3191,38,2,12.0,24.0
9311,3191,39,1,8.0,8.0
9312,3191,28,1,34.0,34.0
9313,3192,12,3,36.0,108.0
9314,3192,30,3,38.0,114.0
9315,3192,7,1,36.0,36.0
9316,3193,8,1,24.0,24.0
9317,3193,14,1,45.0,45.0
9318,3193,11,1,33.0,33.0
9319,3193,36,3,6.0,18.0
9320,3193,25,2,26.0,52.0
9321,3194,24,2,24.0,48.0
9322,3194,23,2,18.0,36.0
9323,3194,15,1,30.0,30.0
9324,3194,16,1,32.0,32.0
9325,3194,4,2,22.0,44.0
9326,3195,3,1,42.0,42.0
9327,3195,8,1,24.0,24.0
9328,3195,22,1,22.0,22.0
9329,3196,12,2,36.0,72.0
9330,3196,13,2,28.0,56.0
9331,3197,7,3,36.0,108.0
9332,3197,1,2,28.0,56.0
9333,3197,30,2,38.0,76.0
9334,3198,6,1,38.0,38.0
9335,3198,16,1,32.0,32.0
9336,3198,4,1,22.0,22.0
9337,3198,7,1,36.0,36.0
9338,3199,12,1,36.0,36.0
9339,3200,37,1,18.0,18.0
9340,3200,35,1,9.0,9.0
9341,3201,9,1,35.0,35.0
9342,3201,13,1,28.0,28.0
9343,3201,37,1,18.0,18.0
9344,3201,15,1,30.0,30.0
9345,3201,8,1,24.0,24.0
9346,3202,22,1,22.0,22.0
9347,3202,8,1,24.0,24.0
9348,3203,24,1,24.0,24.0
9349,3203,22,1,22.0,22.0
9350,3203,3,1,42.0,42.0
9351,3203,20,3,16.0,48.0
9352,3203,7,1,36.0,36.0
9353,3203,12,3,36.0,108.0
9354,3204,37,2,18.0,36.0
9355,3204,7,1,36.0,36.0
9356,3204,6,1,38.0,38.0
9357,3204,1,1,28.0,28.0
9358,3205,5,1,30.0,30.0
9359,3205,16,1,32.0,32.0
9360,3205,6,3,38.0,114.0
9361,3205,10,2,32.0,64.0
9362,3206,9,3,35.0,105.0
9363,3206,7,1,36.0,36.0
9364,3206,17,1,26.0,26.0
9365,3206,28,1,34.0,34.0
9366,3207,11,2,33.0,66.0
9367,3207,17,1,26.0,26.0
9368,3207,23,1,18.0,18.0
9369,3207,18,1,38.0,38.0
9370,3208,25,1,26.0,26.0
9371,3208,6,1,38.0,38.0
9372,3209,23,1,18.0,18.0
9373,3209,16,1,32.0,32.0
9374,3209,32,1,37.0,37.0
9375,3209,19,1,18.0,18.0
9376,3209,2,2,34.0,68.0
9377,3210,18,1,38.0,38.0
9378,3210,22,1,22.0,22.0
9379,3210,3,1,42.0,42.0
9380,3211,6,1,38.0,38.0
9381,3212,3,1,42.0,42.0
9382,3212,34,2,10.0,20.0
9383,3213,7,2,36.0,72.0
9384,3214,3,1,42.0,42.0
9385,3214,40,2,10.0,20.0
9386,3214,12,2,36.0,72.0
9387,3214,5,2,30.0,60.0
9388,3215,1,1,28.0,28.0
9389,3215,35,3,9.0,27.0
9390,3215,31,1,36.0,36.0
9391,3215,2,1,34.0,34.0
9392,3216,33,1,14.0,14.0
9393,3216,39,1,8.0,8.0
9394,3216,2,1,34.0,34.0
9395,3216,32,1,37.0,37.0
9396,3217,5,2,30.0,60.0
9397,3217,9,2,35.0,70.0
9398,3217,32,1,37.0,37.0
9399,3218,24,1,24.0,24.0
9400,3218,25,1,26.0,26.0
9401,3218,3,2,42.0,84.0
9402,3218,14,1,45.0,45.0
9403,3219,8,1,24.0,24.0
9404,3219,37,1,18.0,18.0
9405,3219,39,1,8.0,8.0
9406,3220,7,1,36.0,36.0
9407,3220,2,2,34.0,68.0
9408,3220,8,1,24.0,24.0
9409,3221,3,2,42.0,84.0
9410,3221,2,1,34.0,34.0
9411,3221,34,1,10.0,10.0
9412,3221,29,1,44.0,44.0
9413,3222,5,1,30.0,30.0
9414,3222,32,2,37.0,74.0
9415,3222,11,1,33.0,33.0
9416,3223,5,3,30.0,90.0
9417,3223,21,1,20.0,20.0
9418,3224,10,1,32.0,32.0
9419,3224,13,2,28.0,56.0
9420,3224,17,2,26.0,52.0
9421,3225,7,2,36.0,72.0
9422,3225,26,2,42.0,84.0
9423,3225,3,1,42.0,42.0
9424,3225,23,2,18.0,36.0
9425,3225,5,1,30.0,30.0
9426,3226,36,1,6.0,6.0
9427,3226,5,2,30.0,60.0
9428,3227,34,1,10.0,10.0
9429,3227,3,1,42.0,42.0
9430,3228,3,2,42.0,84.0
9431,3228,13,1,28.0,28.0
9432,3229,2,1,34.0,34.0
9433,3230,16,2,32.0,64.0
9434,3230,30,2,38.0,76.0
9435,3230,5,1,30.0,30.0
9436,3230,31,2,36.0,72.0
9437,3231,16,2,32.0,64.0
9438,3231,6,1,38.0,38.0
9439,3232,24,1,24.0,24.0
9440,3232,8,1,24.0,24.0
9441,3232,18,1,38.0,38.0
9442,3232,7,1,36.0,36.0
9443,3232,37,1,18.0,18.0
9444,3233,31,1,36.0,36.0
9445,3233,12,1,36.0,36.0
9446,3234,36,1,6.0,6.0
9447,3234,4,1,22.0,22.0
9448,3234,27,2,25.0,50.0
9449,3235,12,2,36.0,72.0
9450,3235,13,2,28.0,56.0
9451,3236,15,1,30.0,30.0
9452,3236,9,1,35.0,35.0
9453,3236,7,2,36.0,72.0
9454,3237,1,3,28.0,84.0
9455,3237,29,2,44.0,88.0
9456,3237,30,2,38.0,76.0
9457,3237,36,1,6.0,6.0
9458,3237,12,2,36.0,72.0
9459,3238,29,1,44.0,44.0
9460,3239,38,1,12.0,12.0
9461,3239,7,1,36.0,36.0
9462,3239,34,1,10.0,10.0
9463,3240,14,2,45.0,90.0
9464,3240,2,3,34.0,102.0
9465,3241,17,1,26.0,26.0
9466,3241,40,1,10.0,10.0
9467,3241,34,2,10.0,20.0
9468,3242,14,1,45.0,45.0
9469,3243,6,1,38.0,38.0
9470,3243,15,1,30.0,30.0
9471,3244,8,1,24.0,24.0
9472,3244,26,1,42.0,42.0
9473,3244,34,1,10.0,10.0
9474,3245,25,1,26.0,26.0
9475,3246,33,3,14.0,42.0
9476,3247,33,1,14.0,14.0
9477,3248,5,1,30.0,30.0
9478,3248,12,1,36.0,36.0
9479,3248,7,1,36.0,36.0
9480,3248,15,3,30.0,90.0
9481,3249,5,2,30.0,60.0
9482,3250,12,1,36.0,36.0
9483,3250,37,1,18.0,18.0
9484,3251,8,1,24.0,24.0
9485,3251,6,1,38.0,38.0
9486,3252,8,2,24.0,48.0
9487,3252,30,1,38.0,38.0
9488,3253,5,1,30.0,30.0
9489,3253,34,1,10.0,10.0
9490,3254,32,1,37.0,37.0
9491,3254,37,1,18.0,18.0
9492,3254,9,3,35.0,105.0
9493,3255,2,2,34.0,68.0
9494,3255,5,1,30.0,30.0
9495,3256,1,3,28.0,84.0
9496,3256,29,1,44.0,44.0
9497,3256,7,1,36.0,36.0
9498,3257,33,1,14.0,14.0
9499,3257,1,2,28.0,56.0
9500,3257,32,2,37.0,74.0
9501,3258,7,1,36.0,36.0
9502,3258,12,1,36.0,36.0
9503,3258,26,1,42.0,42.0
9504,3259,10,2,32.0,64.0
9505,3259,30,2,38.0,76.0
9506,3259,12,1,36.0,36.0
9507,3259,33,1,14.0,14.0
9508,3260,19,2,18.0,36.0
9509,3261,5,1,30.0,30.0
9510,3261,4,2,22.0,44.0
9511,3261,16,1,32.0,32.0
9512,3262,15,1,30.0,30.0
9513,3262,4,1,22.0,22.0
9514,3262,5,1,30.0,30.0
9515,3262,26,2,42.0,84.0
9516,3262,30,1,38.0,38.0
9517,3262,25,1,26.0,26.0
9518,3263,10,2,32.0,64.0
9519,3263,1,1,28.0,28.0
9520,3263,8,1,24.0,24.0
9521,3264,12,1,36.0,36.0
9522,3264,6,1,38.0,38.0
9523,3264,24,2,24.0,48.0
9524,3264,37,2,18.0,36.0
9525,3264,15,1,30.0,30.0
9526,3265,34,1,10.0,10.0
9527,3265,20,1,16.0,16.0
9528,3265,6,2,38.0,76.0
9529,3265,12,3,36.0,108.0
9530,3266,18,1,38.0,38.0
9531,3266,30,2,38.0,76.0
9532,3267,6,1,38.0,38.0
9533,3267,10,1,32.0,32.0
9534,3268,12,1,36.0,36.0
9535,3269,1,2,28.0,56.0
9536,3269,5,1,30.0,30.0
9537,3269,2,2,34.0,68.0
9538,3270,37,1,18.0,18.0
9539,3270,14,1,45.0,45.0
9540,3270,7,2,36.0,72.0
9541,3271,19,1,18.0,18.0
9542,3272,4,2,22.0,44.0
9543,3272,8,2,24.0,48.0
9544,3272,26,1,42.0,42.0
9545,3272,14,1,45.0,45.0
9546,3273,7,2,36.0,72.0
9547,3273,14,2,45.0,90.0
9548,3274,37,2,18.0,36.0
9549,3274,19,2,18.0,36.0
9550,3274,17,1,26.0,26.0
9551,3275,34,2,10.0,20.0
9552,3275,27,1,25.0,25.0
9553,3276,20,2,16.0,32.0
9554,3276,5,1,30.0,30.0
9555,3276,6,1,38.0,38.0
9556,3277,16,2,32.0,64.0
9557,3277,31,1,36.0,36.0
9558,3277,21,1,20.0,20.0
9559,3277,2,1,34.0,34.0
9560,3277,13,2,28.0,56.0
9561,3277,10,2,32.0,64.0
9562,3278,37,2,18.0,36.0
9563,3278,35,2,9.0,18.0
9564,3278,14,2,45.0,90.0
9565,3279,39,2,8.0,16.0
9566,3279,15,1,30.0,30.0
9567,3280,8,3,24.0,72.0
9568,3280,26,1,42.0,42.0
9569,3281,33,1,14.0,14.0
9570,3281,6,2,38.0,76.0
9571,3282,8,1,24.0,24.0
9572,3282,1,1,28.0,28.0
9573,3282,18,2,38.0,76.0
9574,3282,9,2,35.0,70.0
9575,3283,21,1,20.0,20.0
9576,3283,39,1,8.0,8.0
9577,3283,7,2,36.0,72.0
9578,3284,15,1,30.0,30.0
9579,3284,29,1,44.0,44.0
9580,3284,17,1,26.0,26.0
9581,3284,37,1,18.0,18.0
9582,3285,8,1,24.0,24.0
9583,3285,2,2,34.0,68.0
9584,3285,4,1,22.0,22.0
9585,3286,7,1,36.0,36.0
9586,3286,3,1,42.0,42.0
9587,3286,14,1,45.0,45.0
9588,3286,26,1,42.0,42.0
9589,3286,28,1,34.0,34.0
9590,3287,32,2,37.0,74.0
9591,3287,10,2,32.0,64.0
9592,3287,30,1,38.0,38.0
9593,3288,12,1,36.0,36.0
9594,3288,19,1,18.0,18.0
9595,3288,2,3,34.0,102.0
9596,3288,40,3,10.0,30.0
9597,3289,37,2,18.0,36.0
9598,3289,34,1,10.0,10.0
9599,3289,35,1,9.0,9.0
9600,3290,23,1,18.0,18.0
9601,3290,14,1,45.0,45.0
9602,3290,24,2,24.0,48.0
9603,3290,21,2,20.0,40.0
9604,3291,1,1,28.0,28.0
9605,3291,2,1,34.0,34.0
9606,3291,16,1,32.0,32.0
9607,3292,19,1,18.0,18.0
9608,3292,5,2,30.0,60.0
9609,3293,16,2,32.0,64.0
9610,3294,38,2,12.0,24.0
9611,3294,13,1,28.0,28.0
9612,3294,3,2,42.0,84.0
9613,3294,2,1,34.0,34.0
9614,3295,12,1,36.0,36.0
9615,3295,40,2,10.0,20.0
9616,3295,16,1,32.0,32.0
9617,3296,13,1,28.0,28.0
9618,3296,24,1,24.0,24.0
9619,3296,7,2,36.0,72.0
9620,3296,26,3,42.0,126.0
9621,3297,8,1,24.0,24.0
9622,3297,37,2,18.0,36.0
9623,3298,35,1,9.0,9.0
9624,3298,36,2,6.0,12.0
9625,3298,34,1,10.0,10.0
9626,3299,3,1,42.0,42.0
9627,3299,16,2,32.0,64.0
9628,3299,24,2,24.0,48.0
9629,3300,8,1,24.0,24.0
9630,3300,14,1,45.0,45.0
9631,3300,27,2,25.0,50.0
9632,3301,8,1,24.0,24.0
9633,3301,21,2,20.0,40.0
9634,3301,1,1,28.0,28.0
9635,3301,30,2,38.0,76.0
9636,3302,12,2,36.0,72.0
9637,3302,34,1,10.0,10.0
9638,3302,13,2,28.0,56.0
9639,3303,6,2,38.0,76.0
9640,3303,18,3,38.0,114.0
9641,3303,15,1,30.0,30.0
9642,3303,5,2,30.0,60.0
9643,3304,4,1,22.0,22.0
9644,3304,36,3,6.0,18.0
9645,3305,4,1,22.0,22.0
9646,3306,24,2,24.0,48.0
9647,3306,14,1,45.0,45.0
9648,3306,7,1,36.0,36.0
9649,3307,30,1,38.0,38.0
9650,3308,25,1,26.0,26.0
9651,3308,4,1,22.0,22.0
9652,3308,10,2,32.0,64.0
9653,3308,37,1,18.0,18.0
9654,3308,5,1,30.0,30.0
9655,3309,8,3,24.0,72.0
9656,3309,1,1,28.0,28.0
9657,3310,15,2,30.0,60.0
9658,3310,2,1,34.0,34.0
9659,3310,1,1,28.0,28.0
9660,3311,8,2,24.0,48.0
9661,3311,18,3,38.0,114.0
9662,3311,19,1,18.0,18.0
9663,3311,37,1,18.0,18.0
9664,3312,21,1,20.0,20.0
9665,3312,10,1,32.0,32.0
9666,3312,2,1,34.0,34.0
9667,3313,17,1,26.0,26.0
9668,3313,3,1,42.0,42.0
9669,3313,4,2,22.0,44.0
9670,3313,13,2,28.0,56.0
9671,3314,8,1,24.0,24.0
9672,3314,16,1,32.0,32.0
9673,3314,13,2,28.0,56.0
9674,3315,33,1,14.0,14.0
9675,3315,15,2,30.0,60.0
9676,3315,12,1,36.0,36.0
9677,3315,10,1,32.0,32.0
9678,3316,8,1,24.0,24.0
9679,3316,36,3,6.0,18.0
9680,3316,14,1,45.0,45.0
9681,3317,8,1,24.0,24.0
9682,3317,35,1,9.0,9.0
9683,3317,6,1,38.0,38.0
9684,3318,8,1,24.0,24.0
9685,3318,15,2,30.0,60.0
9686,3318,2,1,34.0,34.0
9687,3319,33,1,14.0,14.0
9688,3320,30,1,38.0,38.0
9689,3320,16,1,32.0,32.0
9690,3320,29,1,44.0,44.0
9691,3321,12,1,36.0,36.0
9692,3321,5,3,30.0,90.0
9693,3322,34,1,10.0,10.0
9694,3322,23,1,18.0,18.0
9695,3323,33,1,14.0,14.0
9696,3324,11,2,33.0,66.0
9697,3324,38,1,12.0,12.0
9698,3325,4,1,22.0,22.0
9699,3325,6,1,38.0,38.0
9700,3326,16,2,32.0,64.0
9701,3326,22,1,22.0,22.0
9702,3326,17,1,26.0,26.0
9703,3327,26,1,42.0,42.0
9704,3327,3,1,42.0,42.0
9705,3328,30,2,38.0,76.0
9706,3329,26,3,42.0,126.0
9707,3329,31,1,36.0,36.0
9708,3330,28,1,34.0,34.0
9709,3330,16,3,32.0,96.0
9710,3330,8,1,24.0,24.0
9711,3330,38,1,12.0,12.0
9712,3330,12,1,36.0,36.0
9713,3331,7,1,36.0,36.0
9714,3331,37,2,18.0,36.0
9715,3331,28,3,34.0,102.0
9716,3331,6,2,38.0,76.0
9717,3331,2,2,34.0,68.0
9718,3331,23,3,18.0,54.0
9719,3332,34,1,10.0,10.0
9720,3332,31,2,36.0,72.0
9721,3333,36,3,6.0,18.0
9722,3333,37,2,18.0,36.0
9723,3333,13,2,28.0,56.0
9724,3334,24,1,24.0,24.0
9725,3334,7,1,36.0,36.0
9726,3335,1,1,28.0,28.0
9727,3336,12,1,36.0,36.0
9728,3336,5,2,30.0,60.0
9729,3336,8,1,24.0,24.0
9730,3337,7,2,36.0,72.0
9731,3337,5,1,30.0,30.0
9732,3337,37,2,18.0,36.0
9733,3337,17,1,26.0,26.0
9734,3338,2,1,34.0,34.0
9735,3338,10,1,32.0,32.0
9736,3339,12,1,36.0,36.0
9737,3339,21,2,20.0,40.0
9738,3340,1,1,28.0,28.0
9739,3341,16,1,32.0,32.0
9740,3341,27,1,25.0,25.0
9741,3341,23,1,18.0,18.0
9742,3341,1,1,28.0,28.0
9743,3342,37,1,18.0,18.0
9744,3342,19,1,18.0,18.0
9745,3342,2,1,34.0,34.0
9746,3343,37,3,18.0,54.0
9747,3343,9,1,35.0,35.0
9748,3343,5,2,30.0,60.0
9749,3343,36,1,6.0,6.0
9750,3343,39,1,8.0,8.0
9751,3344,39,3,8.0,24.0
9752,3344,12,1,36.0,36.0
9753,3345,7,1,36.0,36.0
9754,3345,27,1,25.0,25.0
9755,3346,10,1,32.0,32.0
9756,3346,20,2,16.0,32.0
9757,3346,24,3,24.0,72.0
9758,3347,10,2,32.0,64.0
9759,3347,17,1,26.0,26.0
9760,3347,24,3,24.0,72.0
9761,3348,1,2,28.0,56.0
9762,3348,7,1,36.0,36.0
9763,3348,17,3,26.0,78.0
9764,3349,1,1,28.0,28.0
9765,3350,3,2,42.0,84.0
9766,3350,8,2,24.0,48.0
9767,3350,12,1,36.0,36.0
9768,3350,16,2,32.0,64.0
9769,3350,2,2,34.0,68.0
9770,3351,8,3,24.0,72.0
9771,3351,10,2,32.0,64.0
9772,3352,32,1,37.0,37.0
9773,3352,5,2,30.0,60.0
9774,3352,24,1,24.0,24.0
9775,3353,1,2,28.0,56.0
9776,3353,25,1,26.0,26.0
9777,3353,26,2,42.0,84.0
9778,3353,40,2,10.0,20.0
9779,3353,6,1,38.0,38.0
9780,3354,10,1,32.0,32.0
9781,3355,32,2,37.0,74.0
9782,3355,12,1,36.0,36.0
9783,3355,5,1,30.0,30.0
9784,3355,1,2,28.0,56.0
9785,3355,39,2,8.0,16.0
9786,3356,28,1,34.0,34.0
9787,3356,4,1,22.0,22.0
9788,3356,32,1,37.0,37.0
9789,3357,20,1,16.0,16.0
9790,3357,19,2,18.0,36.0
9791,3357,6,3,38.0,114.0
9792,3358,9,1,35.0,35.0
9793,3358,7,3,36.0,108.0
9794,3358,20,2,16.0,32.0
9795,3359,20,2,16.0,32.0
9796,3359,26,1,42.0,42.0
9797,3359,11,1,33.0,33.0
9798,3360,1,1,28.0,28.0
9799,3360,28,2,34.0,68.0
9800,3361,37,1,18.0,18.0
9801,3361,16,2,32.0,64.0
9802,3362,5,1,30.0,30.0
9803,3363,26,1,42.0,42.0
9804,3363,28,1,34.0,34.0
9805,3363,39,3,8.0,24.0
9806,3364,31,1,36.0,36.0
9807,3365,19,1,18.0,18.0
9808,3365,33,2,14.0,28.0
9809,3365,12,1,36.0,36.0
9810,3365,37,3,18.0,54.0
9811,3366,5,1,30.0,30.0
9812,3366,32,1,37.0,37.0
9813,3367,20,3,16.0,48.0
9814,3367,27,2,25.0,50.0
9815,3367,8,2,24.0,48.0
9816,3368,4,1,22.0,22.0
9817,3368,39,1,8.0,8.0
9818,3368,7,3,36.0,108.0
9819,3369,18,2,38.0,76.0
9820,3369,9,2,35.0,70.0
9821,3369,5,1,30.0,30.0
9822,3370,13,1,28.0,28.0
9823,3370,12,1,36.0,36.0
9824,3370,2,1,34.0,34.0
9825,3371,24,3,24.0,72.0
9826,3371,31,1,36.0,36.0
9827,3371,1,2,28.0,56.0
9828,3372,37,1,18.0,18.0
9829,3372,32,1,37.0,37.0
9830,3372,7,1,36.0,36.0
9831,3372,2,2,34.0,68.0
9832,3372,27,1,25.0,25.0
9833,3373,2,1,34.0,34.0
9834,3373,7,2,36.0,72.0
9835,3373,6,2,38.0,76.0
9836,3373,12,2,36.0,72.0
9837,3374,34,3,10.0,30.0
9838,3374,37,1,18.0,18.0
9839,3374,18,2,38.0,76.0
9840,3375,39,2,8.0,16.0
9841,3376,39,2,8.0,16.0
9842,3376,27,3,25.0,75.0
9843,3376,12,2,36.0,72.0
9844,3377,6,1,38.0,38.0
9845,3377,8,2,24.0,48.0
9846,3377,32,1,37.0,37.0
9847,3377,9,2,35.0,70.0
9848,3377,5,1,30.0,30.0
9849,3378,25,2,26.0,52.0
9850,3378,37,1,18.0,18.0
9851,3378,35,1,9.0,9.0
9852,3378,4,1,22.0,22.0
9853,3378,7,1,36.0,36.0
9854,3379,33,1,14.0,14.0
9855,3379,4,1,22.0,22.0
9856,3380,21,1,20.0,20.0
9857,3380,37,3,18.0,54.0
9858,3380,13,1,28.0,28.0
9859,3380,24,3,24.0,72.0
9860,3381,9,3,35.0,105.0
9861,3381,14,1,45.0,45.0
9862,3382,28,3,34.0,102.0
9863,3383,26,3,42.0,126.0
9864,3384,2,2,34.0,68.0
9865,3384,11,2,33.0,66.0
9866,3385,6,2,38.0,76.0
9867,3386,7,1,36.0,36.0
9868,3387,8,2,24.0,48.0
9869,3387,24,1,24.0,24.0
9870,3387,5,2,30.0,60.0
9871,3388,34,1,10.0,10.0
9872,3388,5,1,30.0,30.0
9873,3389,32,1,37.0,37.0
9874,3389,7,1,36.0,36.0
9875,3389,11,2,33.0,66.0
9876,3390,18,1,38.0,38.0
9877,3390,14,2,45.0,90.0
9878,3391,23,2,18.0,36.0
9879,3391,27,1,25.0,25.0
9880,3392,7,3,36.0,108.0
9881,3392,12,2,36.0,72.0
9882,3392,31,1,36.0,36.0
9883,3392,32,1,37.0,37.0
9884,3393,16,1,32.0,32.0
9885,3393,34,1,10.0,10.0
9886,3394,35,1,9.0,9.0
9887,3394,8,1,24.0,24.0
9888,3394,29,1,44.0,44.0
9889,3394,37,2,18.0,36.0
9890,3395,10,1,32.0,32.0
9891,3395,40,1,10.0,10.0
9892,3395,5,2,30.0,60.0
9893,3396,17,1,26.0,26.0
9894,3396,2,2,34.0,68.0
9895,3396,28,2,34.0,68.0
9896,3397,25,3,26.0,78.0
9897,3397,20,3,16.0,48.0
9898,3397,7,2,36.0,72.0
9899,3398,5,1,30.0,30.0
9900,3399,12,2,36.0,72.0
9901,3400,30,1,38.0,38.0
9902,3400,13,1,28.0,28.0
9903,3401,22,1,22.0,22.0
9904,3401,12,3,36.0,108.0
9905,3401,18,2,38.0,76.0
9906,3401,7,1,36.0,36.0
9907,3401,10,1,32.0,32.0
9908,3401,27,1,25.0,25.0
9909,3402,39,1,8.0,8.0
9910,3402,20,3,16.0,48.0
9911,3402,1,1,28.0,28.0
9912,3402,36,1,6.0,6.0
9913,3402,33,1,14.0,14.0
9914,3402,6,2,38.0,76.0
9915,3403,4,1,22.0,22.0
9916,3403,1,1,28.0,28.0
9917,3403,22,1,22.0,22.0
9918,3403,5,1,30.0,30.0
9919,3404,28,1,34.0,34.0
9920,3405,4,1,22.0,22.0
9921,3405,32,2,37.0,74.0
9922,3406,28,1,34.0,34.0
9923,3406,13,3,28.0,84.0
9924,3407,5,1,30.0,30.0
9925,3408,4,1,22.0,22.0
9926,3408,11,1,33.0,33.0
9927,3408,23,2,18.0,36.0
9928,3409,8,1,24.0,24.0
9929,3409,2,1,34.0,34.0
9930,3410,26,1,42.0,42.0
9931,3410,8,2,24.0,48.0
9932,3410,18,1,38.0,38.0
9933,3410,20,1,16.0,16.0
9934,3410,4,2,22.0,44.0
9935,3410,16,1,32.0,32.0
9936,3411,11,2,33.0,66.0
9937,3411,6,1,38.0,38.0
9938,3411,30,2,38.0,76.0
9939,3412,2,2,34.0,68.0
9940,3412,8,1,24.0,24.0
9941,3413,2,3,34.0,102.0
9942,3414,11,1,33.0,33.0
9943,3414,38,1,12.0,12.0
9944,3415,5,1,30.0,30.0
9945,3415,19,1,18.0,18.0
9946,3415,1,1,28.0,28.0
9947,3415,12,1,36.0,36.0
9948,3416,3,1,42.0,42.0
9949,3416,22,2,22.0,44.0
9950,3417,33,1,14.0,14.0
9951,3417,18,1,38.0,38.0
9952,3417,15,1,30.0,30.0
9953,3417,1,2,28.0,56.0
9954,3418,21,3,20.0,60.0
9955,3418,6,2,38.0,76.0
9956,3418,8,1,24.0,24.0
9957,3418,3,1,42.0,42.0
9958,3418,30,2,38.0,76.0
9959,3418,16,1,32.0,32.0
9960,3419,33,2,14.0,28.0
9961,3419,8,1,24.0,24.0
9962,3419,6,1,38.0,38.0
9963,3420,35,1,9.0,9.0
9964,3420,14,1,45.0,45.0
9965,3420,13,2,28.0,56.0
9966,3421,13,2,28.0,56.0
9967,3421,2,1,34.0,34.0
9968,3422,7,1,36.0,36.0
9969,3423,8,1,24.0,24.0
9970,3423,30,1,38.0,38.0
9971,3423,18,1,38.0,38.0
9972,3423,7,2,36.0,72.0
9973,3424,18,2,38.0,76.0
9974,3424,10,2,32.0,64.0
9975,3425,32,1,37.0,37.0
9976,3425,24,1,24.0,24.0
9977,3425,31,1,36.0,36.0
9978,3425,19,1,18.0,18.0
9979,3425,4,2,22.0,44.0
9980,3426,1,3,28.0,84.0
9981,3426,13,3,28.0,84.0
9982,3426,5,2,30.0,60.0
9983,3427,4,2,22.0,44.0
9984,3427,10,2,32.0,64.0
9985,3427,18,1,38.0,38.0
9986,3428,8,1,24.0,24.0
9987,3428,7,2,36.0,72.0
9988,3428,13,1,28.0,28.0
9989,3428,34,1,10.0,10.0
9990,3429,28,1,34.0,34.0
9991,3429,7,1,36.0,36.0
9992,3429,21,1,20.0,20.0
9993,3430,6,2,38.0,76.0
9994,3430,30,1,38.0,38.0
9995,3430,22,1,22.0,22.0
9996,3430,5,1,30.0,30.0
9997,3430,27,1,25.0,25.0
9998,3430,14,2,45.0,90.0
9999,3431,27,1,25.0,25.0
10000,3431,10,1,32.0,32.0
10001,3432,3,3,42.0,126.0
10002,3432,32,1,37.0,37.0
10003,3433,1,2,28.0,56.0
10004,3433,39,1,8.0,8.0
10005,3433,9,1,35.0,35.0
10006,3434,4,2,22.0,44.0
10007,3434,25,1,26.0,26.0
10008,3435,12,1,36.0,36.0
10009,3435,32,2,37.0,74.0
10010,3435,6,2,38.0,76.0
10011,3436,2,2,34.0,68.0
10012,3437,37,1,18.0,18.0
10013,3437,2,2,34.0,68.0
10014,3438,13,2,28.0,56.0
10015,3438,28,1,34.0,34.0
10016,3439,34,2,10.0,20.0
10017,3440,37,1,18.0,18.0
10018,3440,15,2,30.0,60.0
10019,3440,32,1,37.0,37.0
10020,3440,33,2,14.0,28.0
10021,3440,29,1,44.0,44.0
10022,3441,2,1,34.0,34.0
10023,3442,19,1,18.0,18.0
10024,3442,1,1,28.0,28.0
10025,3442,6,1,38.0,38.0
10026,3442,33,2,14.0,28.0
10027,3442,5,1,30.0,30.0
10028,3442,4,2,22.0,44.0
10029,3443,3,2,42.0,84.0
10030,3443,1,1,28.0,28.0
10031,3444,8,1,24.0,24.0
10032,3444,33,1,14.0,14.0
10033,3444,7,1,36.0,36.0
10034,3445,19,1,18.0,18.0
10035,3445,8,1,24.0,24.0
10036,3445,10,2,32.0,64.0
10037,3445,40,1,10.0,10.0
10038,3445,12,1,36.0,36.0
10039,3445,6,1,38.0,38.0
10040,3446,12,1,36.0,36.0
10041,3446,20,1,16.0,16.0
10042,3446,18,1,38.0,38.0
10043,3446,37,1,18.0,18.0
10044,3446,1,2,28.0,56.0
10045,3446,38,1,12.0,12.0
10046,3447,12,2,36.0,72.0
10047,3447,35,1,9.0,9.0
10048,3447,6,2,38.0,76.0
10049,3448,7,2,36.0,72.0
10050,3448,18,3,38.0,114.0
10051,3449,10,1,32.0,32.0
10052,3449,26,1,42.0,42.0
10053,3450,16,1,32.0,32.0
10054,3450,7,2,36.0,72.0
10055,3451,6,1,38.0,38.0
10056,3451,8,1,24.0,24.0
10057,3452,6,2,38.0,76.0
10058,3452,31,1,36.0,36.0
10059,3452,8,2,24.0,48.0
10060,3452,12,1,36.0,36.0
10061,3452,9,1,35.0,35.0
10062,3453,9,1,35.0,35.0
10063,3453,10,2,32.0,64.0
10064,3453,1,1,28.0,28.0
10065,3454,8,2,24.0,48.0
10066,3455,9,1,35.0,35.0
10067,3455,18,1,38.0,38.0
10068,3456,25,3,26.0,78.0
10069,3456,21,1,20.0,20.0
10070,3456,14,2,45.0,90.0
10071,3456,24,1,24.0,24.0
10072,3456,2,2,34.0,68.0
10073,3457,1,2,28.0,56.0
10074,3457,7,1,36.0,36.0
10075,3457,5,2,30.0,60.0
10076,3457,13,3,28.0,84.0
10077,3458,32,1,37.0,37.0
10078,3459,5,1,30.0,30.0
10079,3459,35,2,9.0,18.0
10080,3459,8,1,24.0,24.0
10081,3460,30,3,38.0,114.0
10082,3460,12,1,36.0,36.0
10083,3460,2,3,34.0,102.0
10084,3460,13,2,28.0,56.0
10085,3460,26,1,42.0,42.0
10086,3461,13,3,28.0,84.0
10087,3461,7,1,36.0,36.0
10088,3462,15,2,30.0,60.0
10089,3462,7,3,36.0,108.0
10090,3462,5,1,30.0,30.0
10091,3462,24,1,24.0,24.0
10092,3462,10,2,32.0,64.0
10093,3462,35,1,9.0,9.0
10094,3463,32,1,37.0,37.0
10095,3463,17,1,26.0,26.0
10096,3464,37,1,18.0,18.0
10097,3464,32,2,37.0,74.0
10098,3464,40,1,10.0,10.0
10099,3464,13,1,28.0,28.0
10100,3465,8,1,24.0,24.0
10101,3466,14,1,45.0,45.0
10102,3466,31,1,36.0,36.0
10103,3467,28,2,34.0,68.0
10104,3467,4,1,22.0,22.0
10105,3468,1,2,28.0,56.0
10106,3469,19,1,18.0,18.0
10107,3470,21,1,20.0,20.0
10108,3470,6,1,38.0,38.0
10109,3470,7,2,36.0,72.0
10110,3470,28,1,34.0,34.0
10111,3470,5,1,30.0,30.0
10112,3471,13,3,28.0,84.0
10113,3471,7,1,36.0,36.0
10114,3471,10,1,32.0,32.0
10115,3471,1,1,28.0,28.0
10116,3472,13,1,28.0,28.0
10117,3472,32,1,37.0,37.0
10118,3472,4,1,22.0,22.0
10119,3472,1,3,28.0,84.0
10120,3472,7,3,36.0,108.0
10121,3472,34,2,10.0,20.0
10122,3473,20,1,16.0,16.0
10123,3473,24,2,24.0,48.0
10124,3473,25,2,26.0,52.0
10125,3474,24,2,24.0,48.0
10126,3474,33,1,14.0,14.0
10127,3475,13,3,28.0,84.0
10128,3475,5,1,30.0,30.0
10129,3475,26,1,42.0,42.0
10130,3475,27,1,25.0,25.0
10131,3476,6,2,38.0,76.0
10132,3476,5,2,30.0,60.0
10133,3476,34,2,10.0,20.0
10134,3477,38,1,12.0,12.0
10135,3477,15,1,30.0,30.0
10136,3478,1,1,28.0,28.0
10137,3478,23,1,18.0,18.0
10138,3479,18,1,38.0,38.0
10139,3479,4,2,22.0,44.0
10140,3480,37,2,18.0,36.0
10141,3480,12,1,36.0,36.0
10142,3480,7,1,36.0,36.0
10143,3480,3,1,42.0,42.0
10144,3480,31,1,36.0,36.0
10145,3480,5,1,30.0,30.0
10146,3481,7,1,36.0,36.0
10147,3481,10,1,32.0,32.0
10148,3481,27,2,25.0,50.0
10149,3482,16,1,32.0,32.0
10150,3482,24,1,24.0,24.0
10151,3483,16,2,32.0,64.0
10152,3483,6,3,38.0,114.0
10153,3483,17,2,26.0,52.0
10154,3484,6,3,38.0,114.0
10155,3484,19,1,18.0,18.0
10156,3485,12,1,36.0,36.0
10157,3485,5,1,30.0,30.0
10158,3485,27,1,25.0,25.0
10159,3485,2,2,34.0,68.0
10160,3486,8,1,24.0,24.0
10161,3486,3,1,42.0,42.0
10162,3487,40,1,10.0,10.0
10163,3487,37,1,18.0,18.0
10164,3488,7,1,36.0,36.0
10165,3488,30,1,38.0,38.0
10166,3488,29,2,44.0,88.0
10167,3489,13,2,28.0,56.0
10168,3489,27,2,25.0,50.0
10169,3489,17,1,26.0,26.0
10170,3490,16,1,32.0,32.0
10171,3490,21,1,20.0,20.0
10172,3490,15,1,30.0,30.0
10173,3491,11,2,33.0,66.0
10174,3491,16,1,32.0,32.0
10175,3491,27,1,25.0,25.0
10176,3492,5,2,30.0,60.0
10177,3492,9,2,35.0,70.0
10178,3492,27,1,25.0,25.0
10179,3492,23,1,18.0,18.0
10180,3492,8,3,24.0,72.0
10181,3493,15,1,30.0,30.0
10182,3493,4,2,22.0,44.0
10183,3493,2,1,34.0,34.0
10184,3493,6,2,38.0,76.0
10185,3494,14,1,45.0,45.0
10186,3494,33,2,14.0,28.0
10187,3495,24,1,24.0,24.0
10188,3495,5,1,30.0,30.0
10189,3495,21,2,20.0,40.0
10190,3495,14,2,45.0,90.0
10191,3496,6,3,38.0,114.0
10192,3496,4,1,22.0,22.0
10193,3496,26,3,42.0,126.0
10194,3496,37,2,18.0,36.0
10195,3496,33,1,14.0,14.0
10196,3497,7,2,36.0,72.0
10197,3497,9,1,35.0,35.0
10198,3497,37,1,18.0,18.0
10199,3498,21,1,20.0,20.0
10200,3498,30,1,38.0,38.0
10201,3498,20,1,16.0,16.0
10202,3498,6,1,38.0,38.0
10203,3499,20,2,16.0,32.0
10204,3499,8,1,24.0,24.0
10205,3499,13,1,28.0,28.0
10206,3500,5,1,30.0,30.0
10207,3500,3,2,42.0,84.0
10208,3500,7,2,36.0,72.0
10209,3500,4,1,22.0,22.0
10210,3501,20,1,16.0,16.0
10211,3501,12,2,36.0,72.0
10212,3501,18,1,38.0,38.0
10213,3502,15,2,30.0,60.0
10214,3502,8,1,24.0,24.0
10215,3503,21,1,20.0,20.0
10216,3503,5,2,30.0,60.0
10217,3503,30,2,38.0,76.0
10218,3504,7,1,36.0,36.0
10219,3504,16,2,32.0,64.0
10220,3504,27,2,25.0,50.0
10221,3504,23,1,18.0,18.0
10222,3505,16,2,32.0,64.0
10223,3506,32,2,37.0,74.0
10224,3506,6,2,38.0,76.0
10225,3506,34,3,10.0,30.0
10226,3506,18,2,38.0,76.0
10227,3506,9,2,35.0,70.0
10228,3507,30,1,38.0,38.0
10229,3507,33,1,14.0,14.0
10230,3507,13,1,28.0,28.0
10231,3508,23,2,18.0,36.0
10232,3508,3,1,42.0,42.0
10233,3508,5,1,30.0,30.0
10234,3508,9,2,35.0,70.0
10235,3509,3,1,42.0,42.0
10236,3509,16,2,32.0,64.0
10237,3509,30,1,38.0,38.0
10238,3510,8,1,24.0,24.0
10239,3510,12,1,36.0,36.0
10240,3510,7,1,36.0,36.0
10241,3511,37,1,18.0,18.0
10242,3511,38,1,12.0,12.0
10243,3512,25,1,26.0,26.0
10244,3512,3,2,42.0,84.0
10245,3512,7,1,36.0,36.0
10246,3513,8,1,24.0,24.0
10247,3513,3,2,42.0,84.0
10248,3514,18,1,38.0,38.0
10249,3514,12,1,36.0,36.0
10250,3514,17,1,26.0,26.0
10251,3515,4,1,22.0,22.0
10252,3515,8,2,24.0,48.0
10253,3515,37,1,18.0,18.0
10254,3515,7,1,36.0,36.0
10255,3516,6,1,38.0,38.0
10256,3516,20,1,16.0,16.0
10257,3516,14,1,45.0,45.0
10258,3517,2,2,34.0,68.0
10259,3517,26,1,42.0,42.0
10260,3518,9,2,35.0,70.0
10261,3518,28,2,34.0,68.0
10262,3519,6,2,38.0,76.0
10263,3520,10,1,32.0,32.0
10264,3520,11,1,33.0,33.0
10265,3520,9,1,35.0,35.0
10266,3520,5,2,30.0,60.0
10267,3520,14,1,45.0,45.0
10268,3521,3,3,42.0,126.0
10269,3521,8,1,24.0,24.0
10270,3521,6,1,38.0,38.0
10271,3521,37,2,18.0,36.0
10272,3521,2,1,34.0,34.0
10273,3521,38,1,12.0,12.0
10274,3522,28,1,34.0,34.0
10275,3523,23,1,18.0,18.0
10276,3523,8,2,24.0,48.0
10277,3523,2,1,34.0,34.0
10278,3523,32,1,37.0,37.0
10279,3524,3,3,42.0,126.0
10280,3524,32,2,37.0,74.0
10281,3524,22,1,22.0,22.0
10282,3524,30,1,38.0,38.0
10283,3525,26,1,42.0,42.0
10284,3525,40,1,10.0,10.0
10285,3525,21,2,20.0,40.0
10286,3526,23,1,18.0,18.0
10287,3526,6,1,38.0,38.0
10288,3526,30,1,38.0,38.0
10289,3527,7,1,36.0,36.0
10290,3527,12,3,36.0,108.0
10291,3527,39,1,8.0,8.0
10292,3528,36,1,6.0,6.0
10293,3528,10,1,32.0,32.0
10294,3528,5,1,30.0,30.0
10295,3528,18,2,38.0,76.0
10296,3529,1,1,28.0,28.0
10297,3529,32,3,37.0,111.0
10298,3529,9,1,35.0,35.0
10299,3530,13,1,28.0,28.0
10300,3530,32,3,37.0,111.0
10301,3531,8,3,24.0,72.0
10302,3531,39,2,8.0,16.0
10303,3532,26,1,42.0,42.0
10304,3532,38,2,12.0,24.0
10305,3532,32,1,37.0,37.0
10306,3533,5,1,30.0,30.0
10307,3533,1,2,28.0,56.0
10308,3533,7,1,36.0,36.0
10309,3534,8,2,24.0,48.0
10310,3534,20,1,16.0,16.0
10311,3535,26,1,42.0,42.0
10312,3535,18,1,38.0,38.0
10313,3535,19,1,18.0,18.0
10314,3535,27,1,25.0,25.0
10315,3536,18,2,38.0,76.0
10316,3536,8,1,24.0,24.0
10317,3537,8,2,24.0,48.0
10318,3537,2,3,34.0,102.0
10319,3537,16,1,32.0,32.0
10320,3537,5,1,30.0,30.0
10321,3538,7,1,36.0,36.0
10322,3538,27,1,25.0,25.0
10323,3539,30,1,38.0,38.0
10324,3539,7,1,36.0,36.0
10325,3540,33,3,14.0,42.0
10326,3540,22,1,22.0,22.0
10327,3540,34,1,10.0,10.0
10328,3541,18,1,38.0,38.0
10329,3542,7,2,36.0,72.0
10330,3542,13,2,28.0,56.0
10331,3542,19,1,18.0,18.0
10332,3542,17,1,26.0,26.0
10333,3542,16,1,32.0,32.0
10334,3543,3,1,42.0,42.0
10335,3544,37,1,18.0,18.0
10336,3544,22,1,22.0,22.0
10337,3544,12,2,36.0,72.0
10338,3545,25,2,26.0,52.0
10339,3545,10,1,32.0,32.0
10340,3546,8,1,24.0,24.0
10341,3547,40,1,10.0,10.0
10342,3547,3,3,42.0,126.0
10343,3548,12,1,36.0,36.0
10344,3548,25,2,26.0,52.0
10345,3548,24,1,24.0,24.0
10346,3548,13,1,28.0,28.0
10347,3549,12,2,36.0,72.0
10348,3549,14,2,45.0,90.0
10349,3549,36,1,6.0,6.0
10350,3550,8,1,24.0,24.0
10351,3551,22,1,22.0,22.0
10352,3551,9,1,35.0,35.0
10353,3551,17,1,26.0,26.0
10354,3552,12,1,36.0,36.0
10355,3552,25,2,26.0,52.0
10356,3552,37,2,18.0,36.0
10357,3552,2,1,34.0,34.0
10358,3553,11,2,33.0,66.0
10359,3553,4,1,22.0,22.0
10360,3554,28,1,34.0,34.0
10361,3554,23,1,18.0,18.0
10362,3555,33,1,14.0,14.0
10363,3555,24,1,24.0,24.0
10364,3556,33,2,14.0,28.0
10365,3556,9,3,35.0,105.0
10366,3556,2,1,34.0,34.0
10367,3556,7,2,36.0,72.0
10368,3557,9,1,35.0,35.0
10369,3557,22,2,22.0,44.0
10370,3558,32,1,37.0,37.0
10371,3558,6,1,38.0,38.0
10372,3559,20,3,16.0,48.0
10373,3560,26,2,42.0,84.0
10374,3560,23,1,18.0,18.0
10375,3560,20,1,16.0,16.0
10376,3560,2,1,34.0,34.0
10377,3560,18,1,38.0,38.0
10378,3561,2,3,34.0,102.0
10379,3561,23,1,18.0,18.0
10380,3561,3,1,42.0,42.0
10381,3561,4,2,22.0,44.0
10382,3561,30,1,38.0,38.0
10383,3561,15,3,30.0,90.0
10384,3562,2,2,34.0,68.0
10385,3562,29,1,44.0,44.0
10386,3562,27,1,25.0,25.0
10387,3563,12,1,36.0,36.0
10388,3563,18,2,38.0,76.0
10389,3564,37,2,18.0,36.0
10390,3564,23,1,18.0,18.0
10391,3564,2,2,34.0,68.0
10392,3564,14,1,45.0,45.0
10393,3565,29,2,44.0,88.0
10394,3566,13,1,28.0,28.0
10395,3566,37,1,18.0,18.0
10396,3566,2,1,34.0,34.0
10397,3566,1,2,28.0,56.0
10398,3566,5,1,30.0,30.0
10399,3567,9,1,35.0,35.0
10400,3568,22,2,22.0,44.0
10401,3568,33,1,14.0,14.0
10402,3569,13,3,28.0,84.0
10403,3570,21,1,20.0,20.0
10404,3570,27,1,25.0,25.0
10405,3571,37,3,18.0,54.0
10406,3571,33,1,14.0,14.0
10407,3571,12,1,36.0,36.0
10408,3571,17,3,26.0,78.0
10409,3571,7,2,36.0,72.0
10410,3571,21,1,20.0,20.0
10411,3572,11,1,33.0,33.0
10412,3572,8,1,24.0,24.0
10413,3573,16,3,32.0,96.0
10414,3573,2,1,34.0,34.0
10415,3573,3,1,42.0,42.0
10416,3574,37,1,18.0,18.0
10417,3574,14,1,45.0,45.0
10418,3575,1,1,28.0,28.0
10419,3575,8,1,24.0,24.0
10420,3575,31,1,36.0,36.0
10421,3575,7,1,36.0,36.0
10422,3576,26,2,42.0,84.0
10423,3576,8,1,24.0,24.0
10424,3576,15,1,30.0,30.0
10425,3576,35,2,9.0,18.0
10426,3577,12,1,36.0,36.0
10427,3577,30,1,38.0,38.0
10428,3577,2,1,34.0,34.0
10429,3578,33,2,14.0,28.0
10430,3578,8,2,24.0,48.0
10431,3578,17,1,26.0,26.0
10432,3578,6,1,38.0,38.0
10433,3578,27,1,25.0,25.0
10434,3579,29,1,44.0,44.0
10435,3580,1,1,28.0,28.0
10436,3580,33,1,14.0,14.0
10437,3581,2,1,34.0,34.0
10438,3582,36,1,6.0,6.0
10439,3582,5,3,30.0,90.0
10440,3583,25,1,26.0,26.0
10441,3583,28,1,34.0,34.0
10442,3583,18,1,38.0,38.0
10443,3583,19,2,18.0,36.0
10444,3584,23,1,18.0,18.0
10445,3584,12,1,36.0,36.0
10446,3584,15,2,30.0,60.0
10447,3585,3,3,42.0,126.0
10448,3585,4,2,22.0,44.0
10449,3586,13,2,28.0,56.0
10450,3586,14,1,45.0,45.0
10451,3586,6,1,38.0,38.0
10452,3586,5,3,30.0,90.0
10453,3587,37,1,18.0,18.0
10454,3587,28,1,34.0,34.0
10455,3588,2,1,34.0,34.0
10456,3588,10,1,32.0,32.0
10457,3588,24,2,24.0,48.0
10458,3589,2,1,34.0,34.0
10459,3589,32,1,37.0,37.0
10460,3589,12,1,36.0,36.0
10461,3589,7,2,36.0,72.0
10462,3590,40,3,10.0,30.0
10463,3590,19,2,18.0,36.0
10464,3590,2,1,34.0,34.0
10465,3590,7,3,36.0,108.0
10466,3591,20,3,16.0,48.0
10467,3592,36,3,6.0,18.0
10468,3592,2,2,34.0,68.0
10469,3592,7,1,36.0,36.0
10470,3592,11,2,33.0,66.0
10471,3593,10,2,32.0,64.0
10472,3594,25,1,26.0,26.0
10473,3594,5,3,30.0,90.0
10474,3595,9,2,35.0,70.0
10475,3596,30,1,38.0,38.0
10476,3596,14,2,45.0,90.0
10477,3596,2,2,34.0,68.0
10478,3597,4,1,22.0,22.0
10479,3597,8,2,24.0,48.0
10480,3597,9,2,35.0,70.0
10481,3598,23,1,18.0,18.0
10482,3598,28,1,34.0,34.0
10483,3598,5,1,30.0,30.0
10484,3598,13,1,28.0,28.0
10485,3598,15,1,30.0,30.0
10486,3598,37,2,18.0,36.0
10487,3599,16,1,32.0,32.0
10488,3600,23,1,18.0,18.0
10489,3600,1,3,28.0,84.0
10490,3600,6,1,38.0,38.0
10491,3601,4,2,22.0,44.0
10492,3601,23,3,18.0,54.0
10493,3601,14,1,45.0,45.0
10494,3602,5,1,30.0,30.0
10495,3602,8,1,24.0,24.0
10496,3603,32,2,37.0,74.0
10497,3603,4,2,22.0,44.0
10498,3603,30,1,38.0,38.0
10499,3604,7,2,36.0,72.0
10500,3604,12,1,36.0,36.0
10501,3605,8,3,24.0,72.0
10502,3605,36,1,6.0,6.0
10503,3605,18,2,38.0,76.0
10504,3605,6,1,38.0,38.0
10505,3605,40,1,10.0,10.0
10506,3605,12,1,36.0,36.0
10507,3606,8,1,24.0,24.0
10508,3606,5,1,30.0,30.0
10509,3606,27,1,25.0,25.0
10510,3606,4,1,22.0,22.0
10511,3606,30,1,38.0,38.0
10512,3606,3,1,42.0,42.0
10513,3607,5,3,30.0,90.0
10514,3607,15,1,30.0,30.0
10515,3607,10,1,32.0,32.0
10516,3608,31,3,36.0,108.0
10517,3608,4,1,22.0,22.0
10518,3608,35,1,9.0,9.0
10519,3608,30,1,38.0,38.0
10520,3609,12,1,36.0,36.0
10521,3609,38,1,12.0,12.0
10522,3609,32,3,37.0,111.0
10523,3610,14,2,45.0,90.0
10524,3610,32,1,37.0,37.0
10525,3610,16,1,32.0,32.0
10526,3610,18,3,38.0,114.0
10527,3611,17,2,26.0,52.0
10528,3611,37,1,18.0,18.0
10529,3611,3,1,42.0,42.0
10530,3612,8,2,24.0,48.0
10531,3612,26,1,42.0,42.0
10532,3612,18,3,38.0,114.0
10533,3612,14,1,45.0,45.0
10534,3613,17,1,26.0,26.0
10535,3613,25,1,26.0,26.0
10536,3614,6,2,38.0,76.0
10537,3615,8,1,24.0,24.0
10538,3615,21,3,20.0,60.0
10539,3615,2,3,34.0,102.0
10540,3615,22,2,22.0,44.0
10541,3616,1,1,28.0,28.0
10542,3616,10,1,32.0,32.0
10543,3616,12,1,36.0,36.0
10544,3616,5,3,30.0,90.0
10545,3617,20,1,16.0,16.0
10546,3617,13,1,28.0,28.0
10547,3618,26,2,42.0,84.0
10548,3618,32,1,37.0,37.0
10549,3618,40,2,10.0,20.0
10550,3618,6,1,38.0,38.0
10551,3619,4,1,22.0,22.0
10552,3620,28,1,34.0,34.0
10553,3620,21,1,20.0,20.0
10554,3620,5,1,30.0,30.0
10555,3620,32,1,37.0,37.0
10556,3621,11,1,33.0,33.0
10557,3621,6,1,38.0,38.0
10558,3621,29,1,44.0,44.0
10559,3622,4,2,22.0,44.0
10560,3622,21,3,20.0,60.0
10561,3623,13,3,28.0,84.0
10562,3623,22,2,22.0,44.0
10563,3623,1,1,28.0,28.0
10564,3624,6,1,38.0,38.0
10565,3624,15,1,30.0,30.0
10566,3624,18,1,38.0,38.0
10567,3624,4,2,22.0,44.0
10568,3624,27,1,25.0,25.0
10569,3625,16,1,32.0,32.0
10570,3625,30,1,38.0,38.0
10571,3625,10,1,32.0,32.0
10572,3625,3,3,42.0,126.0
10573,3626,1,1,28.0,28.0
10574,3627,10,1,32.0,32.0
10575,3627,7,1,36.0,36.0
10576,3628,7,1,36.0,36.0
10577,3628,19,2,18.0,36.0
10578,3628,3,3,42.0,126.0
10579,3629,30,2,38.0,76.0
10580,3629,33,1,14.0,14.0
10581,3630,37,3,18.0,54.0
10582,3630,30,1,38.0,38.0
10583,3630,12,1,36.0,36.0
10584,3631,23,1,18.0,18.0
10585,3631,32,1,37.0,37.0
10586,3631,22,1,22.0,22.0
10587,3632,20,1,16.0,16.0
10588,3632,40,1,10.0,10.0
10589,3632,9,2,35.0,70.0
10590,3633,8,2,24.0,48.0
10591,3633,36,2,6.0,12.0
10592,3633,4,1,22.0,22.0
10593,3634,36,2,6.0,12.0
10594,3634,23,1,18.0,18.0
10595,3634,25,2,26.0,52.0
10596,3634,14,1,45.0,45.0
10597,3635,5,1,30.0,30.0
10598,3635,18,1,38.0,38.0
10599,3635,30,1,38.0,38.0
10600,3636,37,1,18.0,18.0
10601,3636,12,2,36.0,72.0
10602,3636,7,1,36.0,36.0
10603,3637,17,1,26.0,26.0
10604,3637,25,1,26.0,26.0
10605,3638,26,1,42.0,42.0
10606,3638,1,3,28.0,84.0
10607,3639,19,1,18.0,18.0
10608,3639,40,2,10.0,20.0
10609,3640,7,1,36.0,36.0
10610,3640,33,1,14.0,14.0
10611,3640,34,1,10.0,10.0
10612,3640,5,1,30.0,30.0
10613,3640,30,1,38.0,38.0
10614,3641,17,1,26.0,26.0
10615,3641,14,3,45.0,135.0
10616,3641,3,3,42.0,126.0
10617,3641,12,3,36.0,108.0
10618,3642,6,1,38.0,38.0
10619,3642,7,1,36.0,36.0
10620,3643,35,1,9.0,9.0
10621,3643,20,1,16.0,16.0
10622,3644,2,2,34.0,68.0
10623,3644,37,1,18.0,18.0
10624,3645,30,2,38.0,76.0
10625,3645,37,1,18.0,18.0
10626,3646,5,1,30.0,30.0
10627,3646,8,2,24.0,48.0
10628,3646,6,2,38.0,76.0
10629,3647,22,1,22.0,22.0
10630,3647,8,1,24.0,24.0
10631,3647,16,3,32.0,96.0
10632,3647,32,1,37.0,37.0
10633,3648,29,1,44.0,44.0
10634,3648,6,1,38.0,38.0
10635,3648,7,1,36.0,36.0
10636,3649,3,1,42.0,42.0
10637,3649,1,1,28.0,28.0
10638,3649,27,1,25.0,25.0
10639,3649,6,1,38.0,38.0
10640,3649,8,3,24.0,72.0
10641,3649,16,1,32.0,32.0
10642,3650,32,1,37.0,37.0
10643,3650,23,1,18.0,18.0
10644,3651,32,2,37.0,74.0
10645,3651,5,1,30.0,30.0
10646,3651,18,2,38.0,76.0
10647,3651,11,1,33.0,33.0
10648,3651,4,2,22.0,44.0
10649,3651,25,1,26.0,26.0
10650,3652,8,1,24.0,24.0
10651,3652,7,1,36.0,36.0
10652,3652,1,2,28.0,56.0
10653,3652,4,1,22.0,22.0
10654,3653,36,2,6.0,12.0
10655,3653,25,2,26.0,52.0
10656,3653,17,2,26.0,52.0
10657,3654,24,1,24.0,24.0
10658,3654,35,1,9.0,9.0
10659,3654,2,1,34.0,34.0
10660,3654,1,3,28.0,84.0
10661,3655,12,1,36.0,36.0
10662,3655,30,2,38.0,76.0
10663,3656,2,1,34.0,34.0
10664,3656,36,1,6.0,6.0
10665,3656,5,1,30.0,30.0
10666,3657,8,1,24.0,24.0
10667,3657,33,1,14.0,14.0
10668,3657,38,1,12.0,12.0
10669,3657,11,3,33.0,99.0
10670,3657,23,3,18.0,54.0
10671,3657,22,1,22.0,22.0
10672,3658,2,2,34.0,68.0
10673,3658,23,1,18.0,18.0
10674,3658,10,1,32.0,32.0
10675,3658,8,2,24.0,48.0
10676,3659,31,1,36.0,36.0
10677,3659,12,1,36.0,36.0
10678,3660,5,1,30.0,30.0
10679,3661,7,1,36.0,36.0
10680,3661,10,1,32.0,32.0
10681,3661,25,2,26.0,52.0
10682,3661,13,1,28.0,28.0
10683,3661,9,3,35.0,105.0
10684,3661,20,3,16.0,48.0
10685,3662,5,1,30.0,30.0
10686,3662,2,3,34.0,102.0
10687,3663,24,1,24.0,24.0
10688,3663,5,2,30.0,60.0
10689,3663,19,3,18.0,54.0
10690,3663,7,3,36.0,108.0
10691,3663,11,1,33.0,33.0
10692,3663,2,1,34.0,34.0
10693,3664,32,2,37.0,74.0
10694,3664,5,1,30.0,30.0
10695,3664,24,1,24.0,24.0
10696,3664,6,1,38.0,38.0
10697,3665,15,1,30.0,30.0
10698,3665,30,2,38.0,76.0
10699,3665,8,2,24.0,48.0
10700,3666,29,2,44.0,88.0
10701,3666,6,1,38.0,38.0
10702,3666,26,1,42.0,42.0
10703,3667,7,3,36.0,108.0
10704,3667,33,1,14.0,14.0
10705,3668,10,1,32.0,32.0
10706,3668,7,2,36.0,72.0
10707,3668,39,1,8.0,8.0
10708,3669,33,2,14.0,28.0
10709,3670,34,1,10.0,10.0
10710,3670,15,2,30.0,60.0
10711,3670,36,2,6.0,12.0
10712,3671,11,2,33.0,66.0
10713,3671,24,1,24.0,24.0
10714,3671,17,1,26.0,26.0
10715,3671,23,1,18.0,18.0
10716,3671,12,2,36.0,72.0
10717,3672,10,1,32.0,32.0
10718,3672,40,2,10.0,20.0
10719,3672,8,1,24.0,24.0
10720,3673,4,1,22.0,22.0
10721,3673,20,2,16.0,32.0
10722,3674,7,1,36.0,36.0
10723,3674,2,2,34.0,68.0
10724,3675,27,1,25.0,25.0
10725,3675,8,1,24.0,24.0
10726,3675,5,2,30.0,60.0
10727,3676,3,1,42.0,42.0
10728,3676,1,1,28.0,28.0
10729,3676,10,1,32.0,32.0
10730,3677,9,3,35.0,105.0
10731,3677,32,1,37.0,37.0
10732,3678,25,1,26.0,26.0
10733,3678,36,1,6.0,6.0
10734,3678,8,1,24.0,24.0
10735,3678,5,1,30.0,30.0
10736,3678,23,3,18.0,54.0
10737,3679,24,2,24.0,48.0
10738,3679,23,1,18.0,18.0
10739,3679,10,2,32.0,64.0
10740,3679,34,2,10.0,20.0
10741,3680,35,3,9.0,27.0
10742,3680,4,1,22.0,22.0
10743,3681,26,1,42.0,42.0
10744,3681,18,1,38.0,38.0
10745,3682,39,2,8.0,16.0
10746,3683,14,1,45.0,45.0
10747,3683,8,3,24.0,72.0
10748,3684,26,2,42.0,84.0
10749,3684,14,1,45.0,45.0
10750,3685,16,1,32.0,32.0
10751,3685,36,2,6.0,12.0
10752,3685,7,3,36.0,108.0
10753,3685,34,1,10.0,10.0
10754,3686,12,1,36.0,36.0
10755,3686,8,3,24.0,72.0
10756,3687,37,1,18.0,18.0
10757,3687,31,2,36.0,72.0
10758,3688,4,1,22.0,22.0
10759,3688,32,2,37.0,74.0
10760,3688,6,1,38.0,38.0
10761,3689,1,1,28.0,28.0
10762,3689,7,3,36.0,108.0
10763,3690,7,1,36.0,36.0
10764,3690,26,2,42.0,84.0
10765,3691,7,1,36.0,36.0
10766,3691,3,2,42.0,84.0
10767,3692,10,2,32.0,64.0
10768,3692,20,2,16.0,32.0
10769,3692,19,1,18.0,18.0
10770,3693,23,1,18.0,18.0
10771,3693,20,1,16.0,16.0
10772,3693,1,1,28.0,28.0
10773,3694,3,1,42.0,42.0
10774,3694,7,1,36.0,36.0
10775,3695,18,1,38.0,38.0
10776,3695,12,1,36.0,36.0
10777,3696,2,1,34.0,34.0
10778,3696,8,2,24.0,48.0
10779,3697,27,3,25.0,75.0
10780,3697,34,1,10.0,10.0
10781,3698,33,1,14.0,14.0
10782,3698,37,2,18.0,36.0
10783,3698,7,2,36.0,72.0
10784,3699,7,2,36.0,72.0
10785,3699,37,1,18.0,18.0
10786,3700,7,1,36.0,36.0
10787,3700,29,1,44.0,44.0
10788,3701,33,1,14.0,14.0
10789,3701,5,1,30.0,30.0
10790,3702,23,2,18.0,36.0
10791,3702,8,1,24.0,24.0
10792,3703,8,1,24.0,24.0
10793,3703,31,1,36.0,36.0
10794,3704,21,1,20.0,20.0
10795,3704,23,1,18.0,18.0
10796,3704,9,1,35.0,35.0
10797,3705,15,1,30.0,30.0
10798,3705,20,1,16.0,16.0
10799,3706,35,1,9.0,9.0
10800,3706,2,1,34.0,34.0
10801,3706,26,1,42.0,42.0
10802,3707,10,1,32.0,32.0
10803,3707,36,2,6.0,12.0
10804,3708,5,1,30.0,30.0
10805,3709,4,2,22.0,44.0
10806,3709,17,2,26.0,52.0
10807,3710,37,2,18.0,36.0
10808,3710,17,1,26.0,26.0
10809,3710,14,2,45.0,90.0
10810,3711,5,1,30.0,30.0
10811,3711,4,1,22.0,22.0
10812,3712,21,1,20.0,20.0
10813,3712,20,2,16.0,32.0
10814,3712,29,1,44.0,44.0
10815,3713,2,1,34.0,34.0
10816,3713,7,1,36.0,36.0
10817,3714,9,2,35.0,70.0
10818,3715,36,1,6.0,6.0
10819,3715,18,1,38.0,38.0
10820,3715,2,1,34.0,34.0
10821,3715,37,1,18.0,18.0
10822,3715,25,1,26.0,26.0
10823,3715,5,3,30.0,90.0
10824,3716,23,1,18.0,18.0
10825,3716,36,1,6.0,6.0
10826,3717,8,2,24.0,48.0
10827,3717,7,1,36.0,36.0
10828,3717,1,1,28.0,28.0
10829,3717,23,3,18.0,54.0
10830,3718,5,2,30.0,60.0
10831,3718,17,1,26.0,26.0
10832,3718,6,3,38.0,114.0
10833,3719,28,1,34.0,34.0
10834,3719,32,1,37.0,37.0
10835,3719,23,1,18.0,18.0
10836,3719,13,1,28.0,28.0
10837,3719,34,3,10.0,30.0
10838,3719,1,2,28.0,56.0
10839,3720,21,1,20.0,20.0
10840,3720,1,1,28.0,28.0
10841,3720,10,3,32.0,96.0
10842,3720,12,3,36.0,108.0
10843,3721,16,1,32.0,32.0
10844,3721,24,2,24.0,48.0
10845,3722,5,2,30.0,60.0
10846,3722,7,1,36.0,36.0
10847,3723,3,2,42.0,84.0
10848,3723,16,2,32.0,64.0
10849,3723,21,3,20.0,60.0
10850,3724,13,2,28.0,56.0
10851,3724,5,2,30.0,60.0
10852,3724,26,2,42.0,84.0
10853,3725,38,2,12.0,24.0
10854,3725,8,2,24.0,48.0
10855,3726,34,1,10.0,10.0
10856,3726,20,2,16.0,32.0
10857,3726,7,2,36.0,72.0
10858,3727,8,1,24.0,24.0
10859,3727,7,1,36.0,36.0
10860,3727,38,1,12.0,12.0
10861,3728,32,1,37.0,37.0
10862,3728,16,1,32.0,32.0
10863,3728,25,1,26.0,26.0
10864,3729,12,2,36.0,72.0
10865,3729,37,1,18.0,18.0
10866,3729,28,1,34.0,34.0
10867,3730,8,2,24.0,48.0
10868,3730,7,1,36.0,36.0
10869,3731,7,3,36.0,108.0
10870,3731,6,1,38.0,38.0
10871,3731,29,2,44.0,88.0
10872,3731,19,3,18.0,54.0
10873,3732,13,1,28.0,28.0
10874,3733,2,2,34.0,68.0
10875,3734,21,1,20.0,20.0
10876,3735,4,2,22.0,44.0
10877,3735,37,2,18.0,36.0
10878,3735,18,3,38.0,114.0
10879,3735,13,1,28.0,28.0
10880,3735,7,2,36.0,72.0
10881,3736,8,2,24.0,48.0
10882,3736,36,3,6.0,18.0
10883,3736,7,1,36.0,36.0
10884,3737,3,2,42.0,84.0
10885,3737,37,2,18.0,36.0
10886,3738,4,2,22.0,44.0
10887,3738,13,3,28.0,84.0
10888,3738,35,1,9.0,9.0
10889,3738,6,1,38.0,38.0
10890,3738,12,3,36.0,108.0
10891,3738,24,2,24.0,48.0
10892,3739,8,2,24.0,48.0
10893,3739,23,2,18.0,36.0
10894,3740,12,2,36.0,72.0
10895,3740,30,1,38.0,38.0
10896,3740,20,1,16.0,16.0
10897,3740,8,3,24.0,72.0
10898,3740,15,1,30.0,30.0
10899,3741,25,1,26.0,26.0
10900,3741,3,3,42.0,126.0
10901,3741,27,1,25.0,25.0
10902,3742,16,1,32.0,32.0
10903,3743,9,2,35.0,70.0
10904,3743,13,2,28.0,56.0
10905,3744,36,1,6.0,6.0
10906,3744,18,2,38.0,76.0
10907,3744,14,1,45.0,45.0
10908,3745,14,1,45.0,45.0
10909,3745,25,2,26.0,52.0
10910,3746,23,1,18.0,18.0
10911,3746,7,2,36.0,72.0
10912,3746,6,1,38.0,38.0
10913,3746,30,1,38.0,38.0
10914,3746,13,1,28.0,28.0
10915,3746,17,1,26.0,26.0
10916,3747,36,2,6.0,12.0
10917,3747,23,1,18.0,18.0
10918,3747,3,1,42.0,42.0
10919,3747,12,2,36.0,72.0
10920,3748,38,1,12.0,12.0
10921,3748,9,1,35.0,35.0
10922,3748,32,1,37.0,37.0
10923,3748,30,2,38.0,76.0
10924,3749,34,1,10.0,10.0
10925,3749,12,1,36.0,36.0
10926,3749,31,1,36.0,36.0
10927,3750,36,1,6.0,6.0
10928,3750,8,1,24.0,24.0
10929,3750,13,1,28.0,28.0
10930,3751,31,2,36.0,72.0
10931,3752,5,1,30.0,30.0
10932,3752,30,1,38.0,38.0
10933,3752,18,1,38.0,38.0
10934,3753,15,1,30.0,30.0
10935,3753,8,1,24.0,24.0
10936,3753,10,1,32.0,32.0
10937,3754,17,1,26.0,26.0
10938,3754,3,1,42.0,42.0
10939,3754,32,1,37.0,37.0
10940,3754,12,2,36.0,72.0
10941,3755,8,1,24.0,24.0
10942,3755,29,3,44.0,132.0
10943,3755,19,1,18.0,18.0
10944,3756,8,2,24.0,48.0
10945,3756,4,1,22.0,22.0
10946,3756,2,1,34.0,34.0
10947,3756,29,1,44.0,44.0
10948,3756,12,1,36.0,36.0
10949,3757,27,2,25.0,50.0
10950,3757,5,1,30.0,30.0
10951,3758,23,1,18.0,18.0
10952,3758,18,1,38.0,38.0
10953,3758,20,1,16.0,16.0
10954,3758,32,2,37.0,74.0
10955,3759,2,1,34.0,34.0
10956,3759,12,1,36.0,36.0
10957,3759,5,2,30.0,60.0
10958,3760,37,1,18.0,18.0
10959,3761,34,2,10.0,20.0
10960,3761,10,1,32.0,32.0
10961,3761,14,2,45.0,90.0
10962,3762,37,2,18.0,36.0
10963,3762,8,1,24.0,24.0
10964,3762,14,2,45.0,90.0
10965,3762,4,1,22.0,22.0
10966,3762,16,1,32.0,32.0
10967,3762,19,2,18.0,36.0
10968,3763,31,1,36.0,36.0
10969,3763,2,1,34.0,34.0
10970,3763,27,1,25.0,25.0
10971,3763,38,2,12.0,24.0
10972,3763,5,1,30.0,30.0
10973,3764,1,1,28.0,28.0
10974,3764,12,1,36.0,36.0
10975,3764,38,2,12.0,24.0
10976,3765,6,2,38.0,76.0
10977,3765,32,1,37.0,37.0
10978,3765,12,1,36.0,36.0
10979,3766,16,2,32.0,64.0
10980,3766,19,2,18.0,36.0
10981,3766,7,2,36.0,72.0
10982,3767,33,1,14.0,14.0
10983,3767,35,2,9.0,18.0
10984,3767,23,1,18.0,18.0
10985,3768,7,1,36.0,36.0
10986,3768,27,3,25.0,75.0
10987,3769,23,2,18.0,36.0
10988,3769,18,1,38.0,38.0
10989,3770,4,2,22.0,44.0
10990,3770,9,3,35.0,105.0
10991,3770,31,1,36.0,36.0
10992,3770,19,2,18.0,36.0
10993,3770,6,1,38.0,38.0
10994,3771,28,1,34.0,34.0
10995,3771,35,1,9.0,9.0
10996,3772,5,2,30.0,60.0
10997,3772,4,2,22.0,44.0
10998,3772,16,1,32.0,32.0
10999,3772,14,2,45.0,90.0
11000,3772,2,3,34.0,102.0
11001,3773,1,1,28.0,28.0
11002,3773,17,1,26.0,26.0
11003,3773,22,1,22.0,22.0
11004,3774,27,1,25.0,25.0
11005,3774,3,1,42.0,42.0
11006,3775,10,2,32.0,64.0
11007,3775,32,2,37.0,74.0
11008,3776,19,1,18.0,18.0
11009,3776,27,1,25.0,25.0
11010,3776,2,1,34.0,34.0
11011,3777,31,1,36.0,36.0
11012,3777,32,1,37.0,37.0
11013,3778,10,2,32.0,64.0
11014,3778,35,3,9.0,27.0
11015,3779,32,2,37.0,74.0
11016,3779,1,1,28.0,28.0
11017,3779,33,1,14.0,14.0
11018,3779,18,1,38.0,38.0
11019,3779,20,1,16.0,16.0
11020,3780,7,3,36.0,108.0
11021,3780,25,1,26.0,26.0
11022,3780,14,1,45.0,45.0
11023,3780,15,1,30.0,30.0
11024,3781,11,3,33.0,99.0
11025,3781,27,1,25.0,25.0
11026,3781,5,2,30.0,60.0
11027,3781,9,2,35.0,70.0
11028,3782,11,3,33.0,99.0
11029,3782,24,1,24.0,24.0
11030,3783,10,3,32.0,96.0
11031,3783,37,2,18.0,36.0
11032,3783,39,1,8.0,8.0
11033,3783,32,2,37.0,74.0
11034,3783,19,1,18.0,18.0
11035,3783,14,2,45.0,90.0
11036,3784,19,1,18.0,18.0
11037,3784,20,1,16.0,16.0
11038,3784,34,3,10.0,30.0
11039,3785,17,1,26.0,26.0
11040,3785,12,1,36.0,36.0
11041,3785,5,2,30.0,60.0
11042,3785,2,3,34.0,102.0
11043,3785,33,2,14.0,28.0
11044,3786,5,1,30.0,30.0
11045,3786,34,1,10.0,10.0
11046,3786,16,1,32.0,32.0
11047,3786,3,1,42.0,42.0
11048,3786,25,1,26.0,26.0
11049,3786,40,1,10.0,10.0
11050,3787,33,1,14.0,14.0
11051,3787,6,2,38.0,76.0
11052,3787,3,2,42.0,84.0
11053,3787,4,1,22.0,22.0
11054,3788,8,3,24.0,72.0
11055,3788,40,2,10.0,20.0
11056,3789,37,1,18.0,18.0
11057,3789,10,1,32.0,32.0
11058,3789,18,1,38.0,38.0
11059,3789,7,1,36.0,36.0
11060,3790,21,3,20.0,60.0
11061,3790,28,1,34.0,34.0
11062,3790,8,3,24.0,72.0
11063,3790,7,2,36.0,72.0
11064,3790,27,1,25.0,25.0
11065,3791,12,1,36.0,36.0
11066,3792,11,1,33.0,33.0
11067,3792,30,1,38.0,38.0
11068,3793,10,1,32.0,32.0
11069,3793,25,3,26.0,78.0
11070,3793,38,1,12.0,12.0
11071,3793,7,1,36.0,36.0
11072,3794,7,1,36.0,36.0
11073,3794,37,1,18.0,18.0
11074,3795,27,1,25.0,25.0
11075,3795,2,1,34.0,34.0
11076,3795,17,1,26.0,26.0
11077,3796,39,2,8.0,16.0
11078,3796,8,1,24.0,24.0
11079,3796,7,1,36.0,36.0
11080,3796,33,1,14.0,14.0
11081,3796,16,1,32.0,32.0
11082,3797,7,2,36.0,72.0
11083,3798,24,2,24.0,48.0
11084,3798,40,2,10.0,20.0
11085,3799,7,1,36.0,36.0
11086,3799,37,1,18.0,18.0
11087,3799,25,1,26.0,26.0
11088,3800,16,3,32.0,96.0
11089,3800,31,1,36.0,36.0
11090,3800,3,1,42.0,42.0
11091,3800,7,3,36.0,108.0
11092,3801,24,1,24.0,24.0
11093,3801,15,2,30.0,60.0
11094,3802,14,1,45.0,45.0
11095,3802,36,3,6.0,18.0
11096,3802,25,1,26.0,26.0
11097,3802,30,1,38.0,38.0
11098,3803,11,1,33.0,33.0
11099,3803,37,1,18.0,18.0
11100,3804,5,1,30.0,30.0
11101,3804,1,2,28.0,56.0
11102,3804,30,1,38.0,38.0
11103,3805,4,2,22.0,44.0
11104,3805,13,2,28.0,56.0
11105,3805,6,2,38.0,76.0
11106,3806,21,2,20.0,40.0
11107,3806,27,2,25.0,50.0
11108,3807,37,1,18.0,18.0
11109,3807,23,2,18.0,36.0
11110,3808,37,1,18.0,18.0
11111,3808,12,1,36.0,36.0
11112,3809,29,1,44.0,44.0
11113,3809,18,2,38.0,76.0
11114,3809,40,1,10.0,10.0
11115,3810,2,2,34.0,68.0
11116,3810,36,1,6.0,6.0
11117,3810,7,1,36.0,36.0
11118,3810,9,1,35.0,35.0
11119,3810,33,1,14.0,14.0
11120,3811,8,1,24.0,24.0
11121,3811,11,1,33.0,33.0
11122,3811,28,2,34.0,68.0
11123,3811,7,1,36.0,36.0
11124,3812,5,2,30.0,60.0
11125,3812,11,2,33.0,66.0
11126,3812,36,1,6.0,6.0
11127,3812,4,2,22.0,44.0
11128,3813,26,2,42.0,84.0
11129,3813,30,1,38.0,38.0
11130,3813,15,2,30.0,60.0
11131,3813,11,3,33.0,99.0
11132,3813,1,1,28.0,28.0
11133,3814,6,1,38.0,38.0
11134,3814,18,1,38.0,38.0
11135,3814,10,1,32.0,32.0
11136,3815,7,1,36.0,36.0
11137,3816,12,1,36.0,36.0
11138,3816,26,2,42.0,84.0
11139,3816,10,1,32.0,32.0
11140,3817,6,2,38.0,76.0
11141,3817,5,1,30.0,30.0
11142,3817,16,1,32.0,32.0
11143,3818,30,2,38.0,76.0
11144,3819,24,2,24.0,48.0
11145,3819,15,2,30.0,60.0
11146,3819,34,1,10.0,10.0
11147,3819,9,1,35.0,35.0
11148,3820,13,3,28.0,84.0
11149,3820,30,1,38.0,38.0
11150,3820,7,2,36.0,72.0
11151,3821,33,2,14.0,28.0
11152,3821,6,1,38.0,38.0
11153,3821,20,1,16.0,16.0
11154,3821,8,2,24.0,48.0
11155,3821,13,2,28.0,56.0
11156,3822,19,1,18.0,18.0
11157,3822,31,1,36.0,36.0
11158,3823,5,1,30.0,30.0
11159,3823,25,2,26.0,52.0
11160,3823,17,3,26.0,78.0
11161,3823,6,1,38.0,38.0
11162,3824,32,1,37.0,37.0
11163,3824,20,1,16.0,16.0
11164,3824,12,3,36.0,108.0
11165,3824,7,1,36.0,36.0
11166,3825,11,2,33.0,66.0
11167,3825,34,1,10.0,10.0
11168,3826,25,2,26.0,52.0
11169,3826,26,1,42.0,42.0
11170,3827,28,1,34.0,34.0
11171,3827,8,1,24.0,24.0
11172,3827,12,2,36.0,72.0
11173,3828,8,1,24.0,24.0
11174,3828,5,1,30.0,30.0
11175,3828,7,2,36.0,72.0
11176,3828,18,1,38.0,38.0
11177,3828,23,1,18.0,18.0
11178,3829,7,1,36.0,36.0
11179,3829,22,1,22.0,22.0
11180,3829,13,2,28.0,56.0
11181,3830,32,1,37.0,37.0
11182,3830,1,1,28.0,28.0
11183,3830,15,1,30.0,30.0
11184,3831,19,1,18.0,18.0
11185,3832,16,1,32.0,32.0
11186,3832,7,2,36.0,72.0
11187,3832,40,2,10.0,20.0
11188,3833,5,2,30.0,60.0
11189,3833,40,2,10.0,20.0
11190,3833,8,3,24.0,72.0
11191,3833,34,1,10.0,10.0
11192,3833,13,1,28.0,28.0
11193,3834,11,1,33.0,33.0
11194,3834,30,3,38.0,114.0
11195,3834,34,2,10.0,20.0
11196,3835,13,1,28.0,28.0
11197,3835,6,1,38.0,38.0
11198,3836,13,2,28.0,56.0
11199,3836,17,1,26.0,26.0
11200,3836,1,1,28.0,28.0
11201,3836,5,2,30.0,60.0
11202,3837,27,1,25.0,25.0
11203,3838,30,1,38.0,38.0
11204,3838,12,1,36.0,36.0
11205,3838,5,2,30.0,60.0
11206,3839,34,1,10.0,10.0
11207,3839,8,1,24.0,24.0
11208,3839,19,1,18.0,18.0
11209,3840,7,2,36.0,72.0
11210,3840,35,1,9.0,9.0
11211,3840,8,1,24.0,24.0
11212,3840,28,1,34.0,34.0
11213,3841,5,1,30.0,30.0
11214,3841,9,1,35.0,35.0
11215,3842,30,1,38.0,38.0
11216,3842,25,1,26.0,26.0
11217,3843,37,1,18.0,18.0
11218,3843,22,1,22.0,22.0
11219,3843,32,2,37.0,74.0
11220,3844,9,2,35.0,70.0
11221,3844,18,2,38.0,76.0
11222,3844,8,1,24.0,24.0
11223,3844,30,1,38.0,38.0
11224,3844,33,1,14.0,14.0
11225,3845,2,2,34.0,68.0
11226,3845,29,1,44.0,44.0
11227,3845,15,3,30.0,90.0
11228,3845,12,1,36.0,36.0
11229,3845,30,3,38.0,114.0
11230,3845,24,1,24.0,24.0
11231,3846,29,1,44.0,44.0
11232,3846,31,1,36.0,36.0
11233,3846,3,3,42.0,126.0
11234,3847,25,2,26.0,52.0
11235,3847,26,2,42.0,84.0
11236,3847,37,1,18.0,18.0
11237,3848,5,2,30.0,60.0
11238,3848,2,1,34.0,34.0
11239,3848,4,3,22.0,66.0
11240,3849,6,1,38.0,38.0
11241,3849,37,2,18.0,36.0
11242,3849,35,1,9.0,9.0
11243,3849,5,2,30.0,60.0
11244,3849,3,1,42.0,42.0
11245,3850,8,2,24.0,48.0
11246,3850,15,2,30.0,60.0
11247,3850,6,2,38.0,76.0
11248,3851,20,1,16.0,16.0
11249,3851,35,2,9.0,18.0
11250,3851,7,2,36.0,72.0
11251,3851,29,1,44.0,44.0
11252,3852,2,1,34.0,34.0
11253,3852,7,1,36.0,36.0
11254,3853,2,1,34.0,34.0
11255,3853,16,1,32.0,32.0
11256,3853,37,1,18.0,18.0
11257,3853,10,1,32.0,32.0
11258,3853,18,2,38.0,76.0
11259,3854,14,2,45.0,90.0
11260,3854,23,3,18.0,54.0
11261,3855,12,2,36.0,72.0
11262,3855,37,1,18.0,18.0
11263,3855,22,2,22.0,44.0
11264,3855,8,1,24.0,24.0
11265,3856,19,1,18.0,18.0
11266,3856,31,1,36.0,36.0
11267,3857,14,1,45.0,45.0
11268,3857,32,1,37.0,37.0
11269,3857,13,1,28.0,28.0
11270,3857,1,1,28.0,28.0
11271,3857,15,1,30.0,30.0
11272,3858,5,1,30.0,30.0
11273,3858,18,1,38.0,38.0
11274,3858,15,1,30.0,30.0
11275,3858,30,3,38.0,114.0
11276,3858,10,2,32.0,64.0
11277,3859,3,1,42.0,42.0
11278,3860,34,1,10.0,10.0
11279,3861,23,1,18.0,18.0
11280,3861,1,3,28.0,84.0
11281,3861,8,1,24.0,24.0
11282,3862,28,1,34.0,34.0
11283,3862,13,1,28.0,28.0
11284,3862,4,1,22.0,22.0
11285,3863,5,1,30.0,30.0
11286,3863,23,1,18.0,18.0
11287,3863,30,1,38.0,38.0
11288,3864,10,1,32.0,32.0
11289,3864,35,3,9.0,27.0
11290,3865,8,1,24.0,24.0
11291,3865,13,1,28.0,28.0
11292,3865,2,2,34.0,68.0
11293,3866,16,1,32.0,32.0
11294,3866,15,1,30.0,30.0
11295,3866,14,1,45.0,45.0
11296,3867,39,1,8.0,8.0
11297,3867,22,1,22.0,22.0
11298,3867,20,2,16.0,32.0
11299,3867,19,1,18.0,18.0
11300,3868,15,3,30.0,90.0
11301,3868,2,1,34.0,34.0
11302,3868,8,2,24.0,48.0
11303,3869,8,1,24.0,24.0
11304,3869,5,1,30.0,30.0
11305,3869,2,1,34.0,34.0
11306,3869,11,1,33.0,33.0
11307,3870,4,1,22.0,22.0
11308,3870,15,2,30.0,60.0
11309,3871,37,1,18.0,18.0
11310,3871,8,1,24.0,24.0
11311,3871,4,2,22.0,44.0
11312,3871,5,2,30.0,60.0
11313,3872,27,1,25.0,25.0
11314,3872,15,1,30.0,30.0
11315,3872,3,1,42.0,42.0
11316,3873,14,2,45.0,90.0
11317,3873,25,2,26.0,52.0
11318,3874,6,1,38.0,38.0
11319,3875,35,2,9.0,18.0
11320,3875,40,2,10.0,20.0
11321,3875,16,1,32.0,32.0
11322,3876,36,1,6.0,6.0
11323,3877,8,2,24.0,48.0
11324,3877,23,2,18.0,36.0
11325,3878,17,3,26.0,78.0
11326,3878,13,1,28.0,28.0
11327,3878,5,1,30.0,30.0
11328,3879,7,1,36.0,36.0
11329,3879,21,2,20.0,40.0
11330,3879,16,1,32.0,32.0
11331,3880,6,2,38.0,76.0
11332,3881,23,1,18.0,18.0
11333,3881,12,1,36.0,36.0
11334,3882,18,1,38.0,38.0
11335,3882,27,1,25.0,25.0
11336,3882,12,1,36.0,36.0
11337,3882,3,1,42.0,42.0
11338,3883,7,1,36.0,36.0
11339,3883,40,3,10.0,30.0
11340,3884,17,2,26.0,52.0
11341,3884,32,2,37.0,74.0
11342,3884,21,1,20.0,20.0
11343,3885,25,1,26.0,26.0
11344,3885,18,2,38.0,76.0
11345,3885,36,1,6.0,6.0
11346,3885,12,2,36.0,72.0
11347,3886,30,1,38.0,38.0
11348,3886,36,2,6.0,12.0
11349,3886,35,1,9.0,9.0
11350,3886,23,2,18.0,36.0
11351,3886,13,1,28.0,28.0
11352,3887,14,1,45.0,45.0
11353,3887,8,2,24.0,48.0
11354,3888,11,1,33.0,33.0
11355,3888,15,1,30.0,30.0
11356,3888,6,2,38.0,76.0
11357,3888,8,1,24.0,24.0
11358,3889,17,1,26.0,26.0
11359,3889,7,1,36.0,36.0
11360,3890,12,1,36.0,36.0
11361,3890,8,1,24.0,24.0
11362,3891,4,2,22.0,44.0
11363,3891,20,1,16.0,16.0
11364,3891,39,1,8.0,8.0
11365,3892,39,1,8.0,8.0
11366,3892,18,2,38.0,76.0
11367,3892,3,1,42.0,42.0
11368,3892,29,1,44.0,44.0
11369,3893,3,2,42.0,84.0
11370,3893,13,1,28.0,28.0
11371,3893,24,1,24.0,24.0
11372,3893,10,2,32.0,64.0
11373,3894,7,1,36.0,36.0
11374,3894,2,1,34.0,34.0
11375,3894,12,1,36.0,36.0
11376,3894,4,3,22.0,66.0
11377,3895,29,3,44.0,132.0
11378,3895,37,1,18.0,18.0
11379,3895,7,1,36.0,36.0
11380,3896,11,2,33.0,66.0
11381,3896,3,1,42.0,42.0
11382,3896,10,1,32.0,32.0
11383,3896,7,1,36.0,36.0
11384,3896,15,1,30.0,30.0
11385,3897,37,3,18.0,54.0
11386,3898,1,1,28.0,28.0
11387,3898,3,2,42.0,84.0
11388,3898,15,1,30.0,30.0
11389,3899,38,2,12.0,24.0
11390,3899,7,3,36.0,108.0
11391,3899,6,1,38.0,38.0
11392,3900,2,3,34.0,102.0
11393,3901,13,1,28.0,28.0
11394,3901,2,1,34.0,34.0
11395,3902,13,3,28.0,84.0
11396,3902,8,1,24.0,24.0
11397,3902,25,1,26.0,26.0
11398,3902,16,1,32.0,32.0
11399,3902,26,1,42.0,42.0
11400,3903,27,1,25.0,25.0
11401,3903,38,2,12.0,24.0
11402,3903,14,3,45.0,135.0
11403,3904,27,1,25.0,25.0
11404,3904,37,1,18.0,18.0
11405,3905,25,3,26.0,78.0
11406,3905,12,2,36.0,72.0
11407,3905,5,1,30.0,30.0
11408,3905,37,1,18.0,18.0
11409,3906,18,1,38.0,38.0
11410,3906,12,1,36.0,36.0
11411,3907,12,1,36.0,36.0
11412,3907,16,1,32.0,32.0
11413,3907,33,1,14.0,14.0
11414,3907,36,3,6.0,18.0
11415,3908,15,1,30.0,30.0
11416,3909,12,2,36.0,72.0
11417,3909,29,1,44.0,44.0
11418,3909,5,3,30.0,90.0
11419,3909,16,2,32.0,64.0
11420,3909,24,1,24.0,24.0
11421,3910,2,1,34.0,34.0
11422,3910,21,1,20.0,20.0
11423,3910,1,1,28.0,28.0
11424,3910,12,1,36.0,36.0
11425,3910,5,1,30.0,30.0
11426,3910,20,2,16.0,32.0
11427,3911,9,2,35.0,70.0
11428,3911,4,2,22.0,44.0
11429,3911,36,2,6.0,12.0
11430,3911,16,1,32.0,32.0
11431,3911,18,2,38.0,76.0
11432,3912,1,1,28.0,28.0
11433,3912,26,2,42.0,84.0
11434,3912,20,1,16.0,16.0
11435,3912,23,1,18.0,18.0
11436,3913,5,1,30.0,30.0
11437,3913,15,1,30.0,30.0
11438,3914,34,2,10.0,20.0
11439,3914,15,2,30.0,60.0
11440,3914,8,1,24.0,24.0
11441,3915,9,1,35.0,35.0
11442,3915,14,2,45.0,90.0
11443,3915,26,1,42.0,42.0
11444,3916,7,1,36.0,36.0
11445,3916,16,1,32.0,32.0
11446,3916,22,1,22.0,22.0
11447,3916,10,1,32.0,32.0
11448,3917,12,1,36.0,36.0
11449,3917,27,2,25.0,50.0
11450,3918,18,1,38.0,38.0
11451,3918,11,1,33.0,33.0
11452,3918,35,1,9.0,9.0
11453,3919,25,2,26.0,52.0
11454,3920,36,2,6.0,12.0
11455,3920,37,1,18.0,18.0
11456,3921,27,1,25.0,25.0
11457,3921,26,2,42.0,84.0
11458,3921,4,2,22.0,44.0
11459,3921,15,1,30.0,30.0
11460,3921,13,1,28.0,28.0
11461,3922,14,1,45.0,45.0
11462,3922,25,1,26.0,26.0
11463,3922,36,2,6.0,12.0
11464,3922,26,2,42.0,84.0
11465,3923,24,1,24.0,24.0
11466,3923,15,2,30.0,60.0
11467,3923,7,1,36.0,36.0
11468,3923,4,1,22.0,22.0
11469,3923,6,1,38.0,38.0
11470,3923,30,1,38.0,38.0
11471,3924,5,1,30.0,30.0
11472,3924,20,1,16.0,16.0
11473,3924,12,1,36.0,36.0
11474,3925,2,1,34.0,34.0
11475,3925,8,2,24.0,48.0
11476,3926,9,2,35.0,70.0
11477,3926,2,1,34.0,34.0
11478,3926,14,1,45.0,45.0
11479,3926,13,1,28.0,28.0
11480,3927,30,1,38.0,38.0
11481,3927,29,2,44.0,88.0
11482,3927,26,1,42.0,42.0
11483,3927,27,1,25.0,25.0
11484,3927,28,1,34.0,34.0
11485,3927,16,1,32.0,32.0
11486,3928,37,1,18.0,18.0
11487,3928,5,1,30.0,30.0
11488,3928,35,1,9.0,9.0
11489,3928,8,2,24.0,48.0
11490,3929,10,2,32.0,64.0
11491,3929,23,1,18.0,18.0
11492,3930,36,3,6.0,18.0
11493,3930,2,1,34.0,34.0
11494,3931,17,1,26.0,26.0
11495,3932,16,2,32.0,64.0
11496,3932,4,1,22.0,22.0
11497,3932,22,3,22.0,66.0
11498,3932,27,2,25.0,50.0
11499,3932,21,2,20.0,40.0
11500,3933,3,2,42.0,84.0
11501,3933,16,1,32.0,32.0
11502,3933,4,2,22.0,44.0
11503,3933,30,1,38.0,38.0
11504,3933,2,2,34.0,68.0
11505,3934,29,1,44.0,44.0
11506,3934,33,1,14.0,14.0
11507,3934,16,1,32.0,32.0
11508,3934,36,1,6.0,6.0
11509,3935,21,2,20.0,40.0
11510,3935,27,3,25.0,75.0
11511,3935,28,1,34.0,34.0
11512,3936,10,2,32.0,64.0
11513,3936,36,1,6.0,6.0
11514,3936,18,2,38.0,76.0
11515,3936,12,2,36.0,72.0
11516,3937,24,1,24.0,24.0
11517,3937,16,1,32.0,32.0
11518,3937,19,1,18.0,18.0
11519,3938,11,1,33.0,33.0
11520,3938,35,1,9.0,9.0
11521,3938,2,1,34.0,34.0
11522,3938,5,1,30.0,30.0
11523,3938,19,1,18.0,18.0
11524,3939,38,2,12.0,24.0
11525,3940,40,3,10.0,30.0
11526,3941,37,1,18.0,18.0
11527,3941,11,1,33.0,33.0
11528,3941,20,1,16.0,16.0
11529,3941,2,1,34.0,34.0
11530,3942,34,1,10.0,10.0
11531,3942,27,2,25.0,50.0
11532,3942,11,2,33.0,66.0
11533,3942,3,3,42.0,126.0
11534,3943,14,1,45.0,45.0
11535,3943,15,3,30.0,90.0
11536,3943,9,1,35.0,35.0
11537,3944,7,1,36.0,36.0
11538,3944,37,1,18.0,18.0
11539,3944,8,2,24.0,48.0
11540,3944,31,1,36.0,36.0
11541,3944,1,1,28.0,28.0
11542,3945,3,1,42.0,42.0
11543,3945,23,1,18.0,18.0
11544,3945,9,1,35.0,35.0
11545,3945,8,1,24.0,24.0
11546,3946,16,1,32.0,32.0
11547,3946,9,1,35.0,35.0
11548,3947,24,1,24.0,24.0
11549,3947,11,3,33.0,99.0
11550,3947,30,1,38.0,38.0
11551,3948,34,1,10.0,10.0
11552,3948,37,1,18.0,18.0
11553,3948,3,1,42.0,42.0
11554,3948,7,1,36.0,36.0
11555,3949,29,2,44.0,88.0
11556,3949,18,1,38.0,38.0
11557,3949,34,2,10.0,20.0
11558,3949,13,1,28.0,28.0
11559,3949,26,1,42.0,42.0
11560,3950,6,2,38.0,76.0
11561,3950,1,2,28.0,56.0
11562,3951,16,1,32.0,32.0
11563,3952,29,1,44.0,44.0
11564,3952,2,1,34.0,34.0
11565,3953,12,2,36.0,72.0
11566,3953,7,1,36.0,36.0
11567,3954,21,2,20.0,40.0
11568,3954,33,2,14.0,28.0
11569,3954,37,2,18.0,36.0
11570,3954,19,2,18.0,36.0
11571,3954,1,2,28.0,56.0
11572,3955,4,1,22.0,22.0
11573,3955,6,1,38.0,38.0
11574,3956,15,1,30.0,30.0
11575,3956,12,2,36.0,72.0
11576,3956,18,1,38.0,38.0
11577,3957,2,1,34.0,34.0
11578,3957,15,1,30.0,30.0
11579,3958,37,1,18.0,18.0
11580,3959,31,1,36.0,36.0
11581,3959,14,1,45.0,45.0
11582,3959,1,1,28.0,28.0
11583,3960,2,1,34.0,34.0
11584,3961,10,1,32.0,32.0
11585,3961,24,1,24.0,24.0
11586,3961,8,2,24.0,48.0
11587,3962,28,1,34.0,34.0
11588,3962,27,2,25.0,50.0
11589,3962,7,3,36.0,108.0
11590,3962,21,1,20.0,20.0
11591,3963,14,1,45.0,45.0
11592,3963,7,2,36.0,72.0
11593,3964,21,1,20.0,20.0
11594,3964,28,2,34.0,68.0
11595,3964,10,1,32.0,32.0
11596,3965,2,2,34.0,68.0
11597,3965,12,1,36.0,36.0
11598,3965,13,1,28.0,28.0
11599,3965,37,2,18.0,36.0
11600,3965,14,1,45.0,45.0
11601,3966,13,1,28.0,28.0
11602,3966,35,2,9.0,18.0
11603,3967,35,2,9.0,18.0
11604,3967,6,2,38.0,76.0
11605,3968,20,2,16.0,32.0
11606,3968,12,1,36.0,36.0
11607,3968,24,2,24.0,48.0
11608,3968,13,2,28.0,56.0
11609,3968,27,1,25.0,25.0
11610,3969,20,1,16.0,16.0
11611,3969,24,1,24.0,24.0
11612,3970,14,2,45.0,90.0
11613,3970,37,2,18.0,36.0
11614,3970,35,1,9.0,9.0
11615,3970,9,1,35.0,35.0
11616,3971,28,2,34.0,68.0
11617,3971,38,1,12.0,12.0
11618,3971,7,1,36.0,36.0
11619,3971,24,2,24.0,48.0
11620,3971,1,2,28.0,56.0
11621,3972,11,1,33.0,33.0
11622,3972,22,1,22.0,22.0
11623,3973,31,1,36.0,36.0
11624,3974,6,1,38.0,38.0
11625,3974,24,1,24.0,24.0
11626,3974,8,1,24.0,24.0
11627,3974,9,2,35.0,70.0
11628,3974,38,1,12.0,12.0
11629,3974,3,1,42.0,42.0
11630,3975,2,2,34.0,68.0
11631,3975,8,1,24.0,24.0
11632,3976,37,1,18.0,18.0
11633,3977,32,1,37.0,37.0
11634,3977,1,1,28.0,28.0
11635,3977,2,3,34.0,102.0
11636,3978,1,3,28.0,84.0
11637,3978,12,1,36.0,36.0
11638,3979,1,2,28.0,56.0
11639,3979,14,1,45.0,45.0
11640,3980,1,1,28.0,28.0
11641,3980,37,2,18.0,36.0
11642,3981,8,3,24.0,72.0
11643,3981,23,2,18.0,36.0
11644,3981,33,2,14.0,28.0
11645,3981,27,1,25.0,25.0
11646,3982,20,1,16.0,16.0
11647,3982,2,1,34.0,34.0
11648,3982,28,1,34.0,34.0
11649,3983,20,1,16.0,16.0
11650,3983,39,1,8.0,8.0
11651,3983,5,2,30.0,60.0
11652,3984,2,1,34.0,34.0
11653,3984,19,1,18.0,18.0
11654,3984,6,1,38.0,38.0
11655,3984,18,1,38.0,38.0
11656,3985,21,1,20.0,20.0
11657,3986,5,1,30.0,30.0
11658,3986,20,2,16.0,32.0
11659,3987,35,1,9.0,9.0
11660,3987,15,3,30.0,90.0
11661,3988,17,1,26.0,26.0
11662,3988,7,1,36.0,36.0
11663,3988,8,1,24.0,24.0
11664,3989,31,1,36.0,36.0
11665,3989,18,1,38.0,38.0
11666,3989,21,1,20.0,20.0
11667,3990,5,2,30.0,60.0
11668,3990,20,2,16.0,32.0
11669,3990,2,2,34.0,68.0
11670,3991,12,1,36.0,36.0
11671,3992,1,1,28.0,28.0
11672,3992,5,1,30.0,30.0
11673,3992,9,1,35.0,35.0
11674,3992,31,1,36.0,36.0
11675,3993,3,1,42.0,42.0
11676,3993,34,1,10.0,10.0
11677,3993,22,1,22.0,22.0
11678,3993,2,1,34.0,34.0
11679,3994,2,1,34.0,34.0
11680,3994,29,1,44.0,44.0
11681,3994,5,1,30.0,30.0
11682,3994,13,1,28.0,28.0
11683,3995,28,2,34.0,68.0
11684,3995,21,1,20.0,20.0
11685,3996,16,2,32.0,64.0
11686,3996,5,3,30.0,90.0
11687,3996,7,1,36.0,36.0
11688,3996,38,1,12.0,12.0
11689,3996,13,1,28.0,28.0
11690,3996,22,3,22.0,66.0
11691,3997,34,1,10.0,10.0
11692,3997,7,3,36.0,108.0
11693,3998,8,1,24.0,24.0
11694,3998,30,1,38.0,38.0
11695,3998,5,1,30.0,30.0
11696,3999,33,1,14.0,14.0
11697,3999,1,1,28.0,28.0
11698,3999,40,1,10.0,10.0
11699,3999,4,3,22.0,66.0
11700,4000,8,2,24.0,48.0
11701,4000,13,2,28.0,56.0
11702,4000,7,2,36.0,72.0
11703,4000,37,1,18.0,18.0
11704,4001,33,2,14.0,28.0
11705,4002,12,2,36.0,72.0
11706,4002,22,1,22.0,22.0
11707,4002,3,1,42.0,42.0
11708,4002,10,1,32.0,32.0
11709,4003,3,1,42.0,42.0
11710,4003,20,2,16.0,32.0
11711,4004,4,1,22.0,22.0
11712,4004,25,1,26.0,26.0
11713,4005,4,1,22.0,22.0
11714,4005,12,2,36.0,72.0
11715,4005,5,2,30.0,60.0
11716,4006,6,3,38.0,114.0
11717,4006,32,1,37.0,37.0
11718,4006,8,1,24.0,24.0
11719,4007,8,3,24.0,72.0
11720,4007,37,3,18.0,54.0
11721,4008,4,1,22.0,22.0
11722,4008,36,3,6.0,18.0
11723,4008,10,1,32.0,32.0
11724,4009,7,2,36.0,72.0
11725,4009,32,2,37.0,74.0
11726,4009,4,2,22.0,44.0
11727,4010,33,1,14.0,14.0
11728,4010,37,1,18.0,18.0
11729,4010,16,1,32.0,32.0
11730,4011,24,1,24.0,24.0
11731,4011,14,1,45.0,45.0
11732,4011,39,1,8.0,8.0
11733,4011,32,1,37.0,37.0
11734,4012,35,2,9.0,18.0
11735,4012,7,1,36.0,36.0
11736,4012,30,1,38.0,38.0
11737,4013,12,3,36.0,108.0
11738,4013,2,3,34.0,102.0
11739,4013,8,3,24.0,72.0
11740,4014,7,1,36.0,36.0
11741,4014,39,2,8.0,16.0
11742,4014,34,1,10.0,10.0
11743,4014,4,1,22.0,22.0
11744,4014,21,1,20.0,20.0
11745,4015,16,1,32.0,32.0
11746,4015,9,2,35.0,70.0
11747,4016,20,1,16.0,16.0
11748,4017,8,2,24.0,48.0
11749,4017,15,1,30.0,30.0
11750,4017,1,2,28.0,56.0
11751,4018,33,3,14.0,42.0
11752,4018,26,1,42.0,42.0
11753,4019,10,1,32.0,32.0
11754,4019,20,1,16.0,16.0
11755,4019,9,1,35.0,35.0
11756,4019,29,1,44.0,44.0
11757,4019,35,3,9.0,27.0
11758,4020,8,1,24.0,24.0
11759,4020,1,1,28.0,28.0
11760,4021,17,2,26.0,52.0
11761,4021,8,1,24.0,24.0
11762,4022,30,1,38.0,38.0
11763,4022,16,1,32.0,32.0
11764,4022,29,1,44.0,44.0
11765,4023,12,3,36.0,108.0
11766,4024,20,1,16.0,16.0
11767,4024,7,2,36.0,72.0
11768,4025,35,1,9.0,9.0
11769,4025,12,1,36.0,36.0
11770,4025,18,1,38.0,38.0
11771,4026,35,1,9.0,9.0
11772,4026,25,2,26.0,52.0
11773,4026,31,1,36.0,36.0
11774,4026,30,2,38.0,76.0
11775,4027,15,2,30.0,60.0
11776,4027,35,1,9.0,9.0
11777,4027,16,1,32.0,32.0
11778,4027,27,2,25.0,50.0
11779,4027,37,1,18.0,18.0
11780,4028,3,1,42.0,42.0
11781,4028,29,2,44.0,88.0
11782,4028,22,1,22.0,22.0
11783,4029,22,2,22.0,44.0
11784,4029,4,1,22.0,22.0
11785,4030,2,1,34.0,34.0
11786,4031,4,3,22.0,66.0
11787,4032,18,1,38.0,38.0
11788,4032,24,1,24.0,24.0
11789,4032,12,2,36.0,72.0
11790,4032,13,1,28.0,28.0
11791,4033,5,2,30.0,60.0
11792,4033,17,1,26.0,26.0
11793,4034,37,1,18.0,18.0
11794,4034,28,1,34.0,34.0
11795,4034,15,1,30.0,30.0
11796,4034,27,1,25.0,25.0
11797,4035,17,1,26.0,26.0
11798,4035,5,3,30.0,90.0
11799,4036,8,1,24.0,24.0
11800,4036,25,1,26.0,26.0
11801,4036,13,1,28.0,28.0
11802,4037,19,2,18.0,36.0
11803,4037,20,2,16.0,32.0
11804,4038,1,1,28.0,28.0
11805,4038,32,2,37.0,74.0
11806,4038,11,1,33.0,33.0
11807,4039,21,2,20.0,40.0
11808,4039,9,2,35.0,70.0
11809,4039,6,1,38.0,38.0
11810,4040,28,2,34.0,68.0
11811,4040,2,1,34.0,34.0
11812,4040,30,2,38.0,76.0
11813,4040,12,2,36.0,72.0
11814,4041,7,1,36.0,36.0
11815,4041,29,1,44.0,44.0
11816,4042,39,2,8.0,16.0
11817,4042,3,1,42.0,42.0
11818,4042,7,3,36.0,108.0
11819,4043,27,1,25.0,25.0
11820,4043,32,1,37.0,37.0
11821,4043,26,1,42.0,42.0
11822,4043,14,1,45.0,45.0
11823,4043,20,1,16.0,16.0
11824,4044,14,2,45.0,90.0
11825,4044,19,1,18.0,18.0
11826,4044,24,2,24.0,48.0
11827,4044,30,1,38.0,38.0
11828,4044,23,1,18.0,18.0
11829,4045,6,1,38.0,38.0
11830,4046,6,1,38.0,38.0
11831,4046,13,1,28.0,28.0
11832,4047,7,2,36.0,72.0
11833,4047,4,1,22.0,22.0
11834,4047,39,1,8.0,8.0
11835,4048,8,1,24.0,24.0
11836,4048,15,2,30.0,60.0
11837,4048,5,1,30.0,30.0
11838,4048,24,1,24.0,24.0
11839,4048,7,1,36.0,36.0
11840,4049,3,1,42.0,42.0
11841,4049,34,2,10.0,20.0
11842,4049,6,1,38.0,38.0
11843,4050,13,2,28.0,56.0
11844,4050,9,1,35.0,35.0
11845,4050,12,2,36.0,72.0
11846,4050,28,1,34.0,34.0
11847,4051,1,1,28.0,28.0
11848,4051,26,2,42.0,84.0
11849,4051,18,1,38.0,38.0
11850,4052,20,3,16.0,48.0
11851,4052,34,2,10.0,20.0
11852,4053,4,1,22.0,22.0
11853,4053,7,2,36.0,72.0
11854,4054,16,3,32.0,96.0
11855,4054,20,1,16.0,16.0
11856,4054,7,2,36.0,72.0
11857,4054,21,1,20.0,20.0
11858,4055,21,1,20.0,20.0
11859,4055,2,2,34.0,68.0
11860,4055,5,1,30.0,30.0
11861,4056,20,1,16.0,16.0
11862,4057,16,1,32.0,32.0
11863,4057,12,3,36.0,108.0
11864,4058,8,2,24.0,48.0
11865,4059,33,1,14.0,14.0
11866,4059,3,1,42.0,42.0
11867,4059,15,1,30.0,30.0
11868,4060,14,1,45.0,45.0
11869,4060,11,3,33.0,99.0
11870,4060,39,3,8.0,24.0
11871,4061,27,1,25.0,25.0
11872,4061,14,1,45.0,45.0
11873,4061,21,2,20.0,40.0
11874,4061,36,1,6.0,6.0
11875,4062,2,1,34.0,34.0
11876,4063,16,2,32.0,64.0
11877,4063,23,1,18.0,18.0
11878,4063,1,1,28.0,28.0
11879,4063,12,2,36.0,72.0
11880,4063,19,1,18.0,18.0
11881,4064,32,2,37.0,74.0
11882,4064,2,2,34.0,68.0
11883,4064,7,2,36.0,72.0
11884,4064,8,2,24.0,48.0
11885,4065,2,1,34.0,34.0
11886,4066,6,1,38.0,38.0
11887,4067,9,1,35.0,35.0
11888,4067,18,3,38.0,114.0
11889,4068,8,2,24.0,48.0
11890,4068,7,1,36.0,36.0
11891,4069,6,1,38.0,38.0
11892,4069,13,1,28.0,28.0
11893,4070,8,1,24.0,24.0
11894,4070,23,3,18.0,54.0
11895,4070,4,1,22.0,22.0
11896,4070,5,2,30.0,60.0
11897,4070,24,1,24.0,24.0
11898,4071,30,1,38.0,38.0
11899,4071,20,1,16.0,16.0
11900,4072,13,1,28.0,28.0
11901,4072,33,2,14.0,28.0
11902,4073,6,1,38.0,38.0
11903,4074,5,2,30.0,60.0
11904,4074,24,2,24.0,48.0
11905,4075,6,3,38.0,114.0
11906,4075,2,1,34.0,34.0
11907,4075,8,3,24.0,72.0
11908,4075,7,2,36.0,72.0
11909,4076,15,1,30.0,30.0
11910,4076,21,1,20.0,20.0
11911,4077,25,1,26.0,26.0
11912,4077,27,2,25.0,50.0
11913,4077,12,1,36.0,36.0
11914,4077,17,1,26.0,26.0
11915,4077,8,2,24.0,48.0
11916,4078,23,1,18.0,18.0
11917,4078,21,1,20.0,20.0
11918,4078,5,2,30.0,60.0
11919,4079,24,1,24.0,24.0
11920,4079,27,1,25.0,25.0
11921,4080,21,1,20.0,20.0
11922,4080,37,1,18.0,18.0
11923,4081,6,1,38.0,38.0
11924,4081,30,1,38.0,38.0
11925,4081,38,2,12.0,24.0
11926,4082,5,3,30.0,90.0
11927,4082,12,2,36.0,72.0
11928,4083,23,1,18.0,18.0
11929,4083,11,1,33.0,33.0
11930,4083,6,3,38.0,114.0
11931,4083,8,1,24.0,24.0
11932,4084,1,2,28.0,56.0
11933,4084,19,1,18.0,18.0
11934,4084,12,2,36.0,72.0
11935,4084,14,2,45.0,90.0
11936,4085,2,1,34.0,34.0
11937,4085,32,1,37.0,37.0
11938,4085,6,1,38.0,38.0
11939,4085,26,3,42.0,126.0
11940,4086,18,1,38.0,38.0
11941,4086,9,1,35.0,35.0
11942,4087,10,1,32.0,32.0
11943,4087,3,1,42.0,42.0
11944,4088,34,2,10.0,20.0
11945,4088,29,2,44.0,88.0
11946,4089,7,3,36.0,108.0
11947,4089,37,2,18.0,36.0
11948,4089,20,1,16.0,16.0
11949,4089,33,1,14.0,14.0
11950,4089,10,2,32.0,64.0
11951,4089,2,1,34.0,34.0
11952,4090,21,1,20.0,20.0
11953,4090,36,1,6.0,6.0
11954,4090,10,1,32.0,32.0
11955,4090,7,1,36.0,36.0
11956,4091,10,1,32.0,32.0
11957,4091,6,3,38.0,114.0
11958,4092,5,3,30.0,90.0
11959,4092,30,1,38.0,38.0
11960,4092,10,1,32.0,32.0
11961,4092,13,2,28.0,56.0
11962,4092,23,1,18.0,18.0
11963,4093,35,1,9.0,9.0
11964,4093,13,3,28.0,84.0
11965,4093,23,1,18.0,18.0
11966,4093,30,1,38.0,38.0
11967,4094,16,1,32.0,32.0
11968,4094,25,2,26.0,52.0
11969,4094,9,3,35.0,105.0
11970,4095,2,1,34.0,34.0
11971,4095,26,1,42.0,42.0
11972,4095,16,1,32.0,32.0
11973,4096,38,2,12.0,24.0
11974,4096,2,3,34.0,102.0
11975,4096,28,1,34.0,34.0
11976,4097,20,2,16.0,32.0
11977,4097,4,1,22.0,22.0
11978,4098,3,1,42.0,42.0
11979,4098,39,1,8.0,8.0
11980,4098,1,2,28.0,56.0
11981,4098,9,1,35.0,35.0
11982,4098,27,1,25.0,25.0
11983,4099,37,2,18.0,36.0
11984,4099,4,1,22.0,22.0
11985,4099,25,2,26.0,52.0
11986,4099,32,2,37.0,74.0
11987,4099,35,1,9.0,9.0
11988,4100,4,2,22.0,44.0
11989,4100,5,1,30.0,30.0
11990,4100,2,1,34.0,34.0
11991,4101,22,3,22.0,66.0
11992,4101,23,1,18.0,18.0
11993,4102,29,1,44.0,44.0
11994,4102,10,1,32.0,32.0
11995,4102,3,1,42.0,42.0
11996,4102,28,1,34.0,34.0
11997,4102,31,2,36.0,72.0
11998,4103,20,3,16.0,48.0
11999,4103,14,1,45.0,45.0
12000,4103,40,1,10.0,10.0
12001,4103,8,1,24.0,24.0
12002,4103,15,1,30.0,30.0
12003,4104,12,2,36.0,72.0
12004,4104,8,1,24.0,24.0
12005,4105,26,2,42.0,84.0
12006,4105,33,1,14.0,14.0
12007,4106,2,1,34.0,34.0
12008,4106,34,2,10.0,20.0
12009,4106,3,1,42.0,42.0
12010,4106,7,1,36.0,36.0
12011,4106,32,2,37.0,74.0
12012,4106,5,2,30.0,60.0
12013,4107,31,1,36.0,36.0
12014,4107,5,1,30.0,30.0
12015,4107,13,1,28.0,28.0
12016,4108,39,2,8.0,16.0
12017,4108,8,3,24.0,72.0
12018,4108,2,3,34.0,102.0
12019,4109,7,2,36.0,72.0
12020,4109,27,1,25.0,25.0
12021,4110,5,1,30.0,30.0
12022,4110,21,2,20.0,40.0
12023,4110,32,1,37.0,37.0
12024,4111,40,1,10.0,10.0
12025,4111,5,2,30.0,60.0
12026,4112,30,2,38.0,76.0
12027,4112,6,1,38.0,38.0
12028,4112,5,1,30.0,30.0
12029,4112,24,1,24.0,24.0
12030,4113,4,1,22.0,22.0
12031,4113,2,1,34.0,34.0
12032,4113,21,2,20.0,40.0
12033,4113,13,2,28.0,56.0
12034,4113,1,1,28.0,28.0
12035,4114,7,1,36.0,36.0
12036,4114,15,2,30.0,60.0
12037,4114,32,1,37.0,37.0
12038,4114,9,1,35.0,35.0
12039,4114,10,1,32.0,32.0
12040,4114,21,3,20.0,60.0
12041,4115,20,1,16.0,16.0
12042,4115,13,2,28.0,56.0
12043,4115,7,2,36.0,72.0
12044,4116,35,1,9.0,9.0
12045,4116,3,1,42.0,42.0
12046,4116,36,2,6.0,12.0
12047,4117,16,1,32.0,32.0
12048,4117,23,1,18.0,18.0
12049,4117,10,1,32.0,32.0
12050,4117,21,2,20.0,40.0
12051,4118,16,2,32.0,64.0
12052,4118,26,1,42.0,42.0
12053,4119,37,1,18.0,18.0
12054,4119,12,1,36.0,36.0
12055,4119,31,2,36.0,72.0
12056,4119,1,1,28.0,28.0
12057,4119,16,1,32.0,32.0
12058,4120,37,2,18.0,36.0
12059,4120,23,1,18.0,18.0
12060,4120,3,1,42.0,42.0
12061,4121,8,2,24.0,48.0
12062,4121,5,1,30.0,30.0
12063,4121,9,1,35.0,35.0
12064,4121,6,2,38.0,76.0
12065,4121,7,2,36.0,72.0
12066,4121,28,3,34.0,102.0
12067,4122,34,1,10.0,10.0
12068,4122,18,2,38.0,76.0
12069,4122,7,2,36.0,72.0
12070,4122,12,2,36.0,72.0
12071,4123,34,2,10.0,20.0
12072,4123,32,1,37.0,37.0
12073,4123,3,2,42.0,84.0
12074,4124,9,1,35.0,35.0
12075,4124,1,1,28.0,28.0
12076,4124,13,1,28.0,28.0
12077,4125,1,1,28.0,28.0
12078,4125,5,2,30.0,60.0
12079,4126,8,2,24.0,48.0
12080,4126,7,1,36.0,36.0
12081,4126,36,2,6.0,12.0
12082,4127,12,1,36.0,36.0
12083,4127,36,1,6.0,6.0
12084,4128,34,1,10.0,10.0
12085,4128,2,1,34.0,34.0
12086,4128,29,1,44.0,44.0
12087,4128,38,3,12.0,36.0
12088,4128,1,1,28.0,28.0
12089,4129,12,1,36.0,36.0
12090,4130,7,1,36.0,36.0
12091,4130,37,2,18.0,36.0
12092,4130,21,1,20.0,20.0
12093,4131,37,2,18.0,36.0
12094,4131,7,3,36.0,108.0
12095,4131,3,1,42.0,42.0
12096,4132,13,3,28.0,84.0
12097,4132,5,1,30.0,30.0
12098,4133,37,2,18.0,36.0
12099,4133,17,2,26.0,52.0
12100,4133,6,2,38.0,76.0
12101,4134,5,1,30.0,30.0
12102,4134,11,1,33.0,33.0
12103,4134,34,1,10.0,10.0
12104,4134,8,2,24.0,48.0
12105,4134,28,1,34.0,34.0
12106,4134,36,2,6.0,12.0
12107,4135,7,1,36.0,36.0
12108,4135,4,2,22.0,44.0
12109,4135,13,2,28.0,56.0
12110,4135,5,1,30.0,30.0
12111,4136,5,1,30.0,30.0
12112,4136,16,1,32.0,32.0
12113,4136,14,2,45.0,90.0
12114,4136,13,2,28.0,56.0
12115,4136,10,1,32.0,32.0
12116,4137,8,1,24.0,24.0
12117,4137,15,1,30.0,30.0
12118,4137,23,1,18.0,18.0
12119,4138,14,1,45.0,45.0
12120,4139,4,1,22.0,22.0
12121,4139,5,1,30.0,30.0
12122,4139,30,2,38.0,76.0
12123,4140,2,2,34.0,68.0
12124,4140,24,1,24.0,24.0
12125,4140,1,1,28.0,28.0
12126,4140,30,3,38.0,114.0
12127,4140,5,1,30.0,30.0
12128,4141,27,2,25.0,50.0
12129,4141,13,1,28.0,28.0
12130,4142,37,1,18.0,18.0
12131,4142,5,1,30.0,30.0
12132,4143,3,1,42.0,42.0
12133,4143,20,3,16.0,48.0
12134,4143,36,1,6.0,6.0
12135,4144,23,2,18.0,36.0
12136,4144,4,1,22.0,22.0
12137,4144,36,3,6.0,18.0
12138,4145,32,2,37.0,74.0
12139,4145,1,1,28.0,28.0
12140,4145,13,1,28.0,28.0
12141,4145,37,1,18.0,18.0
12142,4146,36,1,6.0,6.0
12143,4146,7,1,36.0,36.0
12144,4146,8,1,24.0,24.0
12145,4147,36,3,6.0,18.0
12146,4147,6,1,38.0,38.0
12147,4147,31,1,36.0,36.0
12148,4147,18,3,38.0,114.0
12149,4147,8,2,24.0,48.0
12150,4147,15,1,30.0,30.0
12151,4148,13,1,28.0,28.0
12152,4148,30,2,38.0,76.0
12153,4149,1,3,28.0,84.0
12154,4150,34,3,10.0,30.0
12155,4150,16,1,32.0,32.0
12156,4150,15,1,30.0,30.0
12157,4151,2,2,34.0,68.0
12158,4151,28,1,34.0,34.0
12159,4151,35,2,9.0,18.0
12160,4152,36,2,6.0,12.0
12161,4153,12,1,36.0,36.0
12162,4153,13,1,28.0,28.0
12163,4153,30,2,38.0,76.0
12164,4154,10,1,32.0,32.0
12165,4154,18,1,38.0,38.0
12166,4155,9,2,35.0,70.0
12167,4155,19,1,18.0,18.0
12168,4155,34,1,10.0,10.0
12169,4156,20,1,16.0,16.0
12170,4156,2,2,34.0,68.0
12171,4156,13,1,28.0,28.0
12172,4157,19,2,18.0,36.0
12173,4157,37,2,18.0,36.0
12174,4157,13,1,28.0,28.0
12175,4157,7,2,36.0,72.0
12176,4158,5,1,30.0,30.0
12177,4158,20,1,16.0,16.0
12178,4158,39,2,8.0,16.0
12179,4158,22,3,22.0,66.0
12180,4159,12,2,36.0,72.0
12181,4160,5,1,30.0,30.0
12182,4160,12,1,36.0,36.0
12183,4161,10,1,32.0,32.0
12184,4161,25,1,26.0,26.0
12185,4161,15,1,30.0,30.0
12186,4162,6,1,38.0,38.0
12187,4162,39,1,8.0,8.0
12188,4162,30,1,38.0,38.0
12189,4162,22,1,22.0,22.0
12190,4163,12,2,36.0,72.0
12191,4163,27,3,25.0,75.0
12192,4164,35,1,9.0,9.0
12193,4164,15,1,30.0,30.0
12194,4164,25,2,26.0,52.0
12195,4165,8,2,24.0,48.0
12196,4165,37,1,18.0,18.0
12197,4165,27,1,25.0,25.0
12198,4166,7,1,36.0,36.0
12199,4166,5,3,30.0,90.0
12200,4167,26,2,42.0,84.0
12201,4168,1,2,28.0,56.0
12202,4168,3,2,42.0,84.0
12203,4168,25,2,26.0,52.0
12204,4168,7,1,36.0,36.0
12205,4169,32,1,37.0,37.0
12206,4169,13,1,28.0,28.0
12207,4169,24,1,24.0,24.0
12208,4169,16,1,32.0,32.0
12209,4170,28,2,34.0,68.0
12210,4170,6,1,38.0,38.0
12211,4170,20,2,16.0,32.0
12212,4171,33,2,14.0,28.0
12213,4171,28,1,34.0,34.0
12214,4171,4,2,22.0,44.0
12215,4171,24,2,24.0,48.0
12216,4171,14,1,45.0,45.0
12217,4172,40,2,10.0,20.0
12218,4172,11,3,33.0,99.0
12219,4172,15,1,30.0,30.0
12220,4173,1,2,28.0,56.0
12221,4173,24,1,24.0,24.0
12222,4173,19,1,18.0,18.0
12223,4173,7,2,36.0,72.0
12224,4173,2,3,34.0,102.0
12225,4173,16,1,32.0,32.0
12226,4174,1,1,28.0,28.0
12227,4174,7,1,36.0,36.0
12228,4174,17,2,26.0,52.0
12229,4175,4,1,22.0,22.0
12230,4175,37,1,18.0,18.0
12231,4176,26,1,42.0,42.0
12232,4176,12,1,36.0,36.0
12233,4177,16,1,32.0,32.0
12234,4177,9,2,35.0,70.0
12235,4177,3,2,42.0,84.0
12236,4177,6,2,38.0,76.0
12237,4178,18,1,38.0,38.0
12238,4178,35,2,9.0,18.0
12239,4179,2,2,34.0,68.0
12240,4179,27,1,25.0,25.0
12241,4180,23,2,18.0,36.0
12242,4180,7,3,36.0,108.0
12243,4181,8,3,24.0,72.0
12244,4181,24,1,24.0,24.0
12245,4182,15,1,30.0,30.0
12246,4183,11,2,33.0,66.0
12247,4183,33,2,14.0,28.0
12248,4183,14,3,45.0,135.0
12249,4184,25,1,26.0,26.0
12250,4185,5,1,30.0,30.0
12251,4185,30,2,38.0,76.0
12252,4185,26,1,42.0,42.0
12253,4186,8,1,24.0,24.0
12254,4186,24,2,24.0,48.0
12255,4187,7,1,36.0,36.0
12256,4187,37,2,18.0,36.0
12257,4187,1,1,28.0,28.0
12258,4188,9,3,35.0,105.0
12259,4188,36,3,6.0,18.0
12260,4188,15,1,30.0,30.0
12261,4189,6,1,38.0,38.0
12262,4189,27,1,25.0,25.0
12263,4189,35,1,9.0,9.0
12264,4189,2,1,34.0,34.0
12265,4190,32,1,37.0,37.0
12266,4190,16,3,32.0,96.0
12267,4191,32,1,37.0,37.0
12268,4191,7,1,36.0,36.0
12269,4192,7,1,36.0,36.0
12270,4192,2,2,34.0,68.0
12271,4193,37,3,18.0,54.0
12272,4194,2,1,34.0,34.0
12273,4194,27,1,25.0,25.0
12274,4194,23,1,18.0,18.0
12275,4195,1,1,28.0,28.0
12276,4195,8,2,24.0,48.0
12277,4196,27,1,25.0,25.0
12278,4196,32,2,37.0,74.0
12279,4197,7,1,36.0,36.0
12280,4197,3,3,42.0,126.0
12281,4198,11,2,33.0,66.0
12282,4198,20,1,16.0,16.0
12283,4198,36,3,6.0,18.0
12284,4199,34,1,10.0,10.0
12285,4199,11,1,33.0,33.0
12286,4199,2,1,34.0,34.0
12287,4199,10,1,32.0,32.0
12288,4200,12,1,36.0,36.0
12289,4200,9,2,35.0,70.0
12290,4200,5,1,30.0,30.0
12291,4201,3,1,42.0,42.0
12292,4201,18,1,38.0,38.0
12293,4202,5,1,30.0,30.0
12294,4202,2,2,34.0,68.0
12295,4202,29,1,44.0,44.0
12296,4202,28,1,34.0,34.0
12297,4203,24,1,24.0,24.0
12298,4203,22,2,22.0,44.0
12299,4203,34,1,10.0,10.0
12300,4204,2,3,34.0,102.0
12301,4204,13,1,28.0,28.0
12302,4204,6,1,38.0,38.0
12303,4205,25,1,26.0,26.0
12304,4205,26,2,42.0,84.0
12305,4205,13,1,28.0,28.0
12306,4206,34,1,10.0,10.0
12307,4206,7,3,36.0,108.0
12308,4206,25,1,26.0,26.0
12309,4206,1,1,28.0,28.0
12310,4207,28,1,34.0,34.0
12311,4208,26,1,42.0,42.0
12312,4208,10,3,32.0,96.0
12313,4209,7,1,36.0,36.0
12314,4209,8,2,24.0,48.0
12315,4210,7,1,36.0,36.0
12316,4210,23,1,18.0,18.0
12317,4210,3,1,42.0,42.0
12318,4211,30,2,38.0,76.0
12319,4211,7,2,36.0,72.0
12320,4211,3,2,42.0,84.0
12321,4211,8,1,24.0,24.0
12322,4212,7,3,36.0,108.0
12323,4212,24,1,24.0,24.0
12324,4212,10,1,32.0,32.0
12325,4212,4,3,22.0,66.0
12326,4213,3,1,42.0,42.0
12327,4213,17,1,26.0,26.0
12328,4213,10,1,32.0,32.0
12329,4214,4,2,22.0,44.0
12330,4214,24,1,24.0,24.0
12331,4214,5,2,30.0,60.0
12332,4214,7,1,36.0,36.0
12333,4215,20,1,16.0,16.0
12334,4215,25,2,26.0,52.0
12335,4216,7,2,36.0,72.0
12336,4216,28,1,34.0,34.0
12337,4216,1,1,28.0,28.0
12338,4217,11,1,33.0,33.0
12339,4218,10,2,32.0,64.0
12340,4218,4,1,22.0,22.0
12341,4218,3,1,42.0,42.0
12342,4218,24,2,24.0,48.0
12343,4218,18,1,38.0,38.0
12344,4219,35,2,9.0,18.0
12345,4219,18,1,38.0,38.0
12346,4220,12,2,36.0,72.0
12347,4221,30,1,38.0,38.0
12348,4221,7,1,36.0,36.0
12349,4222,16,1,32.0,32.0
12350,4222,25,2,26.0,52.0
12351,4222,3,1,42.0,42.0
12352,4223,29,1,44.0,44.0
12353,4224,1,1,28.0,28.0
12354,4224,20,1,16.0,16.0
12355,4224,13,3,28.0,84.0
12356,4225,7,2,36.0,72.0
12357,4225,37,2,18.0,36.0
12358,4225,26,2,42.0,84.0
12359,4226,21,1,20.0,20.0
12360,4226,11,1,33.0,33.0
12361,4227,23,1,18.0,18.0
12362,4227,31,2,36.0,72.0
12363,4228,30,1,38.0,38.0
12364,4228,23,1,18.0,18.0
12365,4228,2,2,34.0,68.0
12366,4228,40,1,10.0,10.0
12367,4229,6,2,38.0,76.0
12368,4230,28,3,34.0,102.0
12369,4230,10,1,32.0,32.0
12370,4230,14,2,45.0,90.0
12371,4230,7,1,36.0,36.0
12372,4231,25,1,26.0,26.0
12373,4231,13,1,28.0,28.0
12374,4231,32,1,37.0,37.0
12375,4231,20,1,16.0,16.0
12376,4231,1,2,28.0,56.0
12377,4232,8,1,24.0,24.0
12378,4233,8,1,24.0,24.0
12379,4233,6,1,38.0,38.0
12380,4234,11,1,33.0,33.0
12381,4234,30,1,38.0,38.0
12382,4235,26,2,42.0,84.0
12383,4235,39,2,8.0,16.0
12384,4235,35,1,9.0,9.0
12385,4236,12,3,36.0,108.0
12386,4237,40,2,10.0,20.0
12387,4237,31,1,36.0,36.0
12388,4237,14,1,45.0,45.0
12389,4238,25,1,26.0,26.0
12390,4238,9,1,35.0,35.0
12391,4239,10,1,32.0,32.0
12392,4239,6,1,38.0,38.0
12393,4239,34,2,10.0,20.0
12394,4240,24,3,24.0,72.0
12395,4240,3,1,42.0,42.0
12396,4240,1,1,28.0,28.0
12397,4240,16,2,32.0,64.0
12398,4241,4,3,22.0,66.0
12399,4241,26,2,42.0,84.0
12400,4242,21,1,20.0,20.0
12401,4242,1,3,28.0,84.0
12402,4242,16,2,32.0,64.0
12403,4242,19,1,18.0,18.0
12404,4242,2,2,34.0,68.0
12405,4243,27,1,25.0,25.0
12406,4243,23,1,18.0,18.0
12407,4244,36,1,6.0,6.0
12408,4244,10,3,32.0,96.0
12409,4244,2,1,34.0,34.0
12410,4245,13,1,28.0,28.0
12411,4245,8,1,24.0,24.0
12412,4245,3,1,42.0,42.0
12413,4245,1,3,28.0,84.0
12414,4245,4,1,22.0,22.0
12415,4245,39,1,8.0,8.0
12416,4246,35,2,9.0,18.0
12417,4246,6,2,38.0,76.0
12418,4246,13,1,28.0,28.0
12419,4246,23,1,18.0,18.0
12420,4247,18,1,38.0,38.0
12421,4247,3,2,42.0,84.0
12422,4248,16,2,32.0,64.0
12423,4248,17,2,26.0,52.0
12424,4248,36,2,6.0,12.0
12425,4249,23,1,18.0,18.0
12426,4250,17,2,26.0,52.0
12427,4250,5,1,30.0,30.0
12428,4250,28,1,34.0,34.0
12429,4251,5,3,30.0,90.0
12430,4251,8,2,24.0,48.0
12431,4251,1,1,28.0,28.0
12432,4251,6,2,38.0,76.0
12433,4251,18,2,38.0,76.0
12434,4252,25,1,26.0,26.0
12435,4253,34,1,10.0,10.0
12436,4253,16,3,32.0,96.0
12437,4253,7,1,36.0,36.0
12438,4253,38,1,12.0,12.0
12439,4254,6,1,38.0,38.0
12440,4254,4,2,22.0,44.0
12441,4254,3,2,42.0,84.0
12442,4255,28,1,34.0,34.0
12443,4255,8,1,24.0,24.0
12444,4256,6,1,38.0,38.0
12445,4256,21,1,20.0,20.0
12446,4256,33,1,14.0,14.0
12447,4257,9,1,35.0,35.0
12448,4257,8,2,24.0,48.0
12449,4257,7,2,36.0,72.0
12450,4257,40,3,10.0,30.0
12451,4258,2,3,34.0,102.0
12452,4258,32,1,37.0,37.0
12453,4258,23,3,18.0,54.0
12454,4259,9,1,35.0,35.0
12455,4259,25,2,26.0,52.0
12456,4260,7,1,36.0,36.0
12457,4260,36,1,6.0,6.0
12458,4261,29,2,44.0,88.0
12459,4261,35,1,9.0,9.0
12460,4262,39,1,8.0,8.0
12461,4262,23,1,18.0,18.0
12462,4262,29,2,44.0,88.0
12463,4262,5,1,30.0,30.0
12464,4263,24,1,24.0,24.0
12465,4263,8,2,24.0,48.0
12466,4263,9,1,35.0,35.0
12467,4264,18,1,38.0,38.0
12468,4265,2,1,34.0,34.0
12469,4266,36,1,6.0,6.0
12470,4266,32,1,37.0,37.0
12471,4267,6,1,38.0,38.0
12472,4267,33,1,14.0,14.0
12473,4268,5,2,30.0,60.0
12474,4268,4,1,22.0,22.0
12475,4268,11,2,33.0,66.0
12476,4269,4,2,22.0,44.0
12477,4269,10,1,32.0,32.0
12478,4269,28,1,34.0,34.0
12479,4270,23,2,18.0,36.0
12480,4270,3,3,42.0,126.0
12481,4271,16,2,32.0,64.0
12482,4271,5,1,30.0,30.0
12483,4271,7,2,36.0,72.0
12484,4271,33,1,14.0,14.0
12485,4272,3,3,42.0,126.0
12486,4272,4,3,22.0,66.0
12487,4272,12,1,36.0,36.0
12488,4272,29,2,44.0,88.0
12489,4272,27,1,25.0,25.0
12490,4273,5,1,30.0,30.0
12491,4273,8,1,24.0,24.0
12492,4273,27,2,25.0,50.0
12493,4274,29,1,44.0,44.0
12494,4274,28,1,34.0,34.0
12495,4274,26,1,42.0,42.0
12496,4275,8,2,24.0,48.0
12497,4275,2,2,34.0,68.0
12498,4276,24,1,24.0,24.0
12499,4276,5,1,30.0,30.0
12500,4276,15,1,30.0,30.0
12501,4277,1,1,28.0,28.0
12502,4278,6,1,38.0,38.0
12503,4278,2,1,34.0,34.0
12504,4278,13,1,28.0,28.0
12505,4279,3,2,42.0,84.0
12506,4279,11,2,33.0,66.0
12507,4279,23,2,18.0,36.0
12508,4279,29,1,44.0,44.0
12509,4279,12,1,36.0,36.0
12510,4280,16,1,32.0,32.0
12511,4280,12,1,36.0,36.0
12512,4281,5,2,30.0,60.0
12513,4281,4,1,22.0,22.0
12514,4281,18,1,38.0,38.0
12515,4282,18,1,38.0,38.0
12516,4282,23,1,18.0,18.0
12517,4283,23,2,18.0,36.0
12518,4283,7,1,36.0,36.0
12519,4284,28,2,34.0,68.0
12520,4284,24,2,24.0,48.0
12521,4284,4,1,22.0,22.0
12522,4285,33,1,14.0,14.0
12523,4285,3,1,42.0,42.0
12524,4285,30,1,38.0,38.0
12525,4285,32,2,37.0,74.0
12526,4285,4,1,22.0,22.0
12527,4286,6,1,38.0,38.0
12528,4286,14,1,45.0,45.0
12529,4287,6,1,38.0,38.0
12530,4287,10,1,32.0,32.0
12531,4288,8,1,24.0,24.0
12532,4288,6,2,38.0,76.0
12533,4288,12,1,36.0,36.0
12534,4289,32,1,37.0,37.0
12535,4289,35,2,9.0,18.0
12536,4289,6,2,38.0,76.0
12537,4289,13,1,28.0,28.0
12538,4290,28,1,34.0,34.0
12539,4291,14,1,45.0,45.0
12540,4291,18,1,38.0,38.0
12541,4292,8,1,24.0,24.0
12542,4292,12,1,36.0,36.0
12543,4292,24,1,24.0,24.0
12544,4292,18,1,38.0,38.0
12545,4292,2,2,34.0,68.0
12546,4293,1,1,28.0,28.0
12547,4293,6,2,38.0,76.0
12548,4293,23,1,18.0,18.0
12549,4293,16,1,32.0,32.0
12550,4294,4,1,22.0,22.0
12551,4294,7,1,36.0,36.0
12552,4295,15,1,30.0,30.0
12553,4295,30,2,38.0,76.0
12554,4296,33,2,14.0,28.0
12555,4296,2,1,34.0,34.0
12556,4296,25,1,26.0,26.0
12557,4297,13,2,28.0,56.0
12558,4297,38,1,12.0,12.0
12559,4297,5,1,30.0,30.0
12560,4298,6,1,38.0,38.0
12561,4298,3,1,42.0,42.0
12562,4298,31,2,36.0,72.0
12563,4299,5,1,30.0,30.0
12564,4299,22,1,22.0,22.0
12565,4299,16,1,32.0,32.0
12566,4299,20,2,16.0,32.0
12567,4299,3,1,42.0,42.0
12568,4300,36,2,6.0,12.0
12569,4300,6,1,38.0,38.0
12570,4300,16,1,32.0,32.0
12571,4300,20,1,16.0,16.0
12572,4301,34,1,10.0,10.0
12573,4301,8,3,24.0,72.0
12574,4301,26,3,42.0,126.0
12575,4301,30,1,38.0,38.0
12576,4302,10,1,32.0,32.0
12577,4302,19,2,18.0,36.0
12578,4302,6,3,38.0,114.0
12579,4303,1,1,28.0,28.0
12580,4303,7,2,36.0,72.0
12581,4303,2,2,34.0,68.0
12582,4304,20,1,16.0,16.0
12583,4304,36,1,6.0,6.0
12584,4305,13,1,28.0,28.0
12585,4305,4,1,22.0,22.0
12586,4305,11,1,33.0,33.0
12587,4305,27,1,25.0,25.0
12588,4306,2,1,34.0,34.0
12589,4306,15,1,30.0,30.0
12590,4307,5,2,30.0,60.0
12591,4307,36,1,6.0,6.0
12592,4308,1,1,28.0,28.0
12593,4308,21,1,20.0,20.0
12594,4309,32,1,37.0,37.0
12595,4309,16,2,32.0,64.0
12596,4310,24,1,24.0,24.0
12597,4310,6,1,38.0,38.0
12598,4310,35,1,9.0,9.0
12599,4311,6,1,38.0,38.0
12600,4311,18,1,38.0,38.0
12601,4311,16,1,32.0,32.0
12602,4311,12,1,36.0,36.0
12603,4311,7,1,36.0,36.0
12604,4312,20,1,16.0,16.0
12605,4312,28,3,34.0,102.0
12606,4312,32,1,37.0,37.0
12607,4313,12,2,36.0,72.0
12608,4313,17,1,26.0,26.0
12609,4313,5,1,30.0,30.0
12610,4314,6,1,38.0,38.0
12611,4314,5,2,30.0,60.0
12612,4314,21,2,20.0,40.0
12613,4314,23,2,18.0,36.0
12614,4315,32,1,37.0,37.0
12615,4315,25,1,26.0,26.0
12616,4316,34,2,10.0,20.0
12617,4316,16,3,32.0,96.0
12618,4316,13,1,28.0,28.0
12619,4316,8,1,24.0,24.0
12620,4316,30,1,38.0,38.0
12621,4316,14,1,45.0,45.0
12622,4317,36,1,6.0,6.0
12623,4318,8,1,24.0,24.0
12624,4318,2,2,34.0,68.0
12625,4318,36,2,6.0,12.0
12626,4319,35,2,9.0,18.0
12627,4319,16,1,32.0,32.0
12628,4320,28,2,34.0,68.0
12629,4320,10,3,32.0,96.0
12630,4321,6,2,38.0,76.0
12631,4321,12,1,36.0,36.0
12632,4321,8,1,24.0,24.0
12633,4322,6,2,38.0,76.0
12634,4322,24,2,24.0,48.0
12635,4323,10,1,32.0,32.0
12636,4323,4,2,22.0,44.0
12637,4324,25,3,26.0,78.0
12638,4325,1,1,28.0,28.0
12639,4326,37,1,18.0,18.0
12640,4326,16,3,32.0,96.0
12641,4326,40,1,10.0,10.0
12642,4326,15,2,30.0,60.0
12643,4326,12,2,36.0,72.0
12644,4326,36,1,6.0,6.0
12645,4327,8,2,24.0,48.0
12646,4327,36,2,6.0,12.0
12647,4328,8,1,24.0,24.0
12648,4329,22,1,22.0,22.0
12649,4329,29,1,44.0,44.0
12650,4330,37,1,18.0,18.0
12651,4330,8,2,24.0,48.0
12652,4331,33,3,14.0,42.0
12653,4331,25,1,26.0,26.0
12654,4331,19,1,18.0,18.0
12655,4332,5,1,30.0,30.0
12656,4332,29,1,44.0,44.0
12657,4332,16,2,32.0,64.0
12658,4333,18,2,38.0,76.0
12659,4333,5,1,30.0,30.0
12660,4333,34,2,10.0,20.0
12661,4333,30,1,38.0,38.0
12662,4334,18,2,38.0,76.0
12663,4334,5,3,30.0,90.0
12664,4334,36,1,6.0,6.0
12665,4334,8,2,24.0,48.0
12666,4335,2,1,34.0,34.0
12667,4336,18,1,38.0,38.0
12668,4337,4,1,22.0,22.0
12669,4337,7,2,36.0,72.0
12670,4337,1,1,28.0,28.0
12671,4337,24,1,24.0,24.0
12672,4338,7,1,36.0,36.0
12673,4338,20,2,16.0,32.0
12674,4338,8,1,24.0,24.0
12675,4338,35,2,9.0,18.0
12676,4339,23,1,18.0,18.0
12677,4339,27,1,25.0,25.0
12678,4339,4,1,22.0,22.0
12679,4339,10,2,32.0,64.0
12680,4340,18,1,38.0,38.0
12681,4340,34,1,10.0,10.0
12682,4340,5,1,30.0,30.0
12683,4341,23,3,18.0,54.0
12684,4341,27,1,25.0,25.0
12685,4341,37,1,18.0,18.0
12686,4341,7,3,36.0,108.0
12687,4342,30,1,38.0,38.0
12688,4342,24,2,24.0,48.0
12689,4342,10,2,32.0,64.0
12690,4343,1,1,28.0,28.0
12691,4343,10,1,32.0,32.0
12692,4343,6,2,38.0,76.0
12693,4343,22,1,22.0,22.0
12694,4344,23,2,18.0,36.0
12695,4344,26,2,42.0,84.0
12696,4344,30,2,38.0,76.0
12697,4344,17,2,26.0,52.0
12698,4345,15,2,30.0,60.0
12699,4345,1,1,28.0,28.0
12700,4345,30,1,38.0,38.0
12701,4346,7,1,36.0,36.0
12702,4346,20,1,16.0,16.0
12703,4346,5,1,30.0,30.0
12704,4346,15,1,30.0,30.0
12705,4347,8,2,24.0,48.0
12706,4347,2,1,34.0,34.0
12707,4347,7,1,36.0,36.0
12708,4348,7,2,36.0,72.0
12709,4348,35,2,9.0,18.0
12710,4349,6,1,38.0,38.0
12711,4349,16,2,32.0,64.0
12712,4349,18,1,38.0,38.0
12713,4350,6,2,38.0,76.0
12714,4350,33,2,14.0,28.0
12715,4351,15,1,30.0,30.0
12716,4351,4,1,22.0,22.0
12717,4352,28,1,34.0,34.0
12718,4352,6,2,38.0,76.0
12719,4352,37,1,18.0,18.0
12720,4353,2,2,34.0,68.0
12721,4354,5,1,30.0,30.0
12722,4354,12,3,36.0,108.0
12723,4354,9,1,35.0,35.0
12724,4355,5,1,30.0,30.0
12725,4355,7,2,36.0,72.0
12726,4355,14,1,45.0,45.0
12727,4356,34,2,10.0,20.0
12728,4356,18,2,38.0,76.0
12729,4356,25,1,26.0,26.0
12730,4357,16,1,32.0,32.0
12731,4357,19,2,18.0,36.0
12732,4357,17,1,26.0,26.0
12733,4357,8,1,24.0,24.0
12734,4357,12,2,36.0,72.0
12735,4358,3,1,42.0,42.0
12736,4359,8,1,24.0,24.0
12737,4359,9,1,35.0,35.0
12738,4359,27,1,25.0,25.0
12739,4360,18,2,38.0,76.0
12740,4360,2,1,34.0,34.0
12741,4360,24,2,24.0,48.0
12742,4361,13,2,28.0,56.0
12743,4361,2,1,34.0,34.0
12744,4361,10,1,32.0,32.0
12745,4361,14,2,45.0,90.0
12746,4362,37,2,18.0,36.0
12747,4362,8,1,24.0,24.0
12748,4362,25,3,26.0,78.0
12749,4362,40,1,10.0,10.0
12750,4363,39,1,8.0,8.0
12751,4363,25,2,26.0,52.0
12752,4363,21,1,20.0,20.0
12753,4363,32,1,37.0,37.0
12754,4364,23,1,18.0,18.0
12755,4364,1,3,28.0,84.0
12756,4364,26,1,42.0,42.0
12757,4364,6,1,38.0,38.0
12758,4364,15,1,30.0,30.0
12759,4365,20,1,16.0,16.0
12760,4365,6,1,38.0,38.0
12761,4366,14,3,45.0,135.0
12762,4366,6,1,38.0,38.0
12763,4367,29,1,44.0,44.0
12764,4367,40,1,10.0,10.0
12765,4368,14,2,45.0,90.0
12766,4368,12,1,36.0,36.0
12767,4368,28,2,34.0,68.0
12768,4368,30,2,38.0,76.0
12769,4368,11,1,33.0,33.0
12770,4369,4,1,22.0,22.0
12771,4370,28,1,34.0,34.0
12772,4370,39,1,8.0,8.0
12773,4370,1,1,28.0,28.0
12774,4371,32,2,37.0,74.0
12775,4371,13,1,28.0,28.0
12776,4371,10,1,32.0,32.0
12777,4372,36,2,6.0,12.0
12778,4372,7,1,36.0,36.0
12779,4372,37,1,18.0,18.0
12780,4373,23,1,18.0,18.0
12781,4373,8,2,24.0,48.0
12782,4373,27,1,25.0,25.0
12783,4374,37,1,18.0,18.0
12784,4374,6,2,38.0,76.0
12785,4374,30,2,38.0,76.0
12786,4374,35,3,9.0,27.0
12787,4375,11,1,33.0,33.0
12788,4375,7,1,36.0,36.0
12789,4375,2,3,34.0,102.0
12790,4376,6,1,38.0,38.0
12791,4377,1,1,28.0,28.0
12792,4377,36,1,6.0,6.0
12793,4377,20,2,16.0,32.0
12794,4377,12,1,36.0,36.0
12795,4377,15,3,30.0,90.0
12796,4378,7,2,36.0,72.0
12797,4378,1,1,28.0,28.0
12798,4379,32,1,37.0,37.0
12799,4379,39,1,8.0,8.0
12800,4379,7,1,36.0,36.0
12801,4379,24,1,24.0,24.0
12802,4379,38,1,12.0,12.0
12803,4380,13,1,28.0,28.0
12804,4380,4,1,22.0,22.0
12805,4380,19,1,18.0,18.0
12806,4381,35,1,9.0,9.0
12807,4381,23,1,18.0,18.0
12808,4382,8,3,24.0,72.0
12809,4382,4,1,22.0,22.0
12810,4383,1,1,28.0,28.0
12811,4383,2,2,34.0,68.0
12812,4384,27,1,25.0,25.0
12813,4385,18,1,38.0,38.0
12814,4386,2,2,34.0,68.0
12815,4386,40,3,10.0,30.0
12816,4386,29,1,44.0,44.0
12817,4386,10,3,32.0,96.0
12818,4386,36,1,6.0,6.0
12819,4387,1,1,28.0,28.0
12820,4387,6,1,38.0,38.0
12821,4387,24,2,24.0,48.0
12822,4388,5,2,30.0,60.0
12823,4388,35,3,9.0,27.0
12824,4388,1,2,28.0,56.0
12825,4388,6,2,38.0,76.0
12826,4388,36,1,6.0,6.0
12827,4388,20,1,16.0,16.0
12828,4389,15,1,30.0,30.0
12829,4389,8,1,24.0,24.0
12830,4389,40,1,10.0,10.0
12831,4390,14,1,45.0,45.0
12832,4390,31,1,36.0,36.0
12833,4390,27,2,25.0,50.0
12834,4391,24,1,24.0,24.0
12835,4391,16,1,32.0,32.0
12836,4392,11,1,33.0,33.0
12837,4392,27,1,25.0,25.0
12838,4392,4,1,22.0,22.0
12839,4392,13,2,28.0,56.0
12840,4392,8,2,24.0,48.0
12841,4393,3,2,42.0,84.0
12842,4393,10,1,32.0,32.0
12843,4394,35,1,9.0,9.0
12844,4394,6,1,38.0,38.0
12845,4394,36,3,6.0,18.0
12846,4394,14,1,45.0,45.0
12847,4394,5,1,30.0,30.0
12848,4395,37,1,18.0,18.0
12849,4395,12,1,36.0,36.0
12850,4396,23,2,18.0,36.0
12851,4396,16,2,32.0,64.0
12852,4397,38,1,12.0,12.0
12853,4398,35,2,9.0,18.0
12854,4398,23,1,18.0,18.0
12855,4398,2,1,34.0,34.0
12856,4398,5,1,30.0,30.0
12857,4398,36,1,6.0,6.0
12858,4398,15,1,30.0,30.0
12859,4399,29,2,44.0,88.0
12860,4399,4,1,22.0,22.0
12861,4399,7,1,36.0,36.0
12862,4400,15,1,30.0,30.0
12863,4401,2,1,34.0,34.0
12864,4401,19,1,18.0,18.0
12865,4401,1,1,28.0,28.0
12866,4402,31,1,36.0,36.0
12867,4402,5,2,30.0,60.0
12868,4402,16,1,32.0,32.0
12869,4402,2,1,34.0,34.0
12870,4402,10,2,32.0,64.0
12871,4403,25,2,26.0,52.0
12872,4403,6,2,38.0,76.0
12873,4403,13,2,28.0,56.0
12874,4404,10,2,32.0,64.0
12875,4404,26,2,42.0,84.0
12876,4404,5,1,30.0,30.0
12877,4404,27,1,25.0,25.0
12878,4404,6,1,38.0,38.0
12879,4405,4,1,22.0,22.0
12880,4405,1,1,28.0,28.0
12881,4405,16,2,32.0,64.0
12882,4406,4,1,22.0,22.0
12883,4406,27,1,25.0,25.0
12884,4406,3,1,42.0,42.0
12885,4407,11,1,33.0,33.0
12886,4407,24,2,24.0,48.0
12887,4407,19,3,18.0,54.0
12888,4408,17,2,26.0,52.0
12889,4408,35,3,9.0,27.0
12890,4408,11,2,33.0,66.0
12891,4408,20,1,16.0,16.0
12892,4408,8,2,24.0,48.0
12893,4409,23,1,18.0,18.0
12894,4409,3,2,42.0,84.0
12895,4409,8,1,24.0,24.0
12896,4409,5,2,30.0,60.0
12897,4409,7,3,36.0,108.0
12898,4410,28,2,34.0,68.0
12899,4410,25,1,26.0,26.0
12900,4410,12,2,36.0,72.0
12901,4410,34,1,10.0,10.0
12902,4410,5,2,30.0,60.0
12903,4411,22,2,22.0,44.0
12904,4411,12,1,36.0,36.0
12905,4411,6,1,38.0,38.0
12906,4411,9,1,35.0,35.0
12907,4411,18,3,38.0,114.0
12908,4412,27,2,25.0,50.0
12909,4413,19,1,18.0,18.0
12910,4413,5,1,30.0,30.0
12911,4413,4,2,22.0,44.0
12912,4413,30,2,38.0,76.0
12913,4414,4,1,22.0,22.0
12914,4414,24,2,24.0,48.0
12915,4415,18,2,38.0,76.0
12916,4415,20,2,16.0,32.0
12917,4416,23,1,18.0,18.0
12918,4416,1,1,28.0,28.0
12919,4416,10,1,32.0,32.0
12920,4417,7,1,36.0,36.0
12921,4417,20,1,16.0,16.0
12922,4417,37,3,18.0,54.0
12923,4417,8,1,24.0,24.0
12924,4418,4,2,22.0,44.0
12925,4418,18,1,38.0,38.0
12926,4418,8,1,24.0,24.0
12927,4418,23,2,18.0,36.0
12928,4419,18,1,38.0,38.0
12929,4419,16,1,32.0,32.0
12930,4419,37,1,18.0,18.0
12931,4419,22,1,22.0,22.0
12932,4420,29,3,44.0,132.0
12933,4420,32,1,37.0,37.0
12934,4421,5,3,30.0,90.0
12935,4422,38,1,12.0,12.0
12936,4422,1,1,28.0,28.0
12937,4422,10,1,32.0,32.0
12938,4422,32,2,37.0,74.0
12939,4423,17,3,26.0,78.0
12940,4423,2,3,34.0,102.0
12941,4423,6,1,38.0,38.0
12942,4423,39,1,8.0,8.0
12943,4424,13,1,28.0,28.0
12944,4424,27,1,25.0,25.0
12945,4424,34,1,10.0,10.0
12946,4424,16,3,32.0,96.0
12947,4424,23,1,18.0,18.0
12948,4424,11,1,33.0,33.0
12949,4425,5,2,30.0,60.0
12950,4425,1,1,28.0,28.0
12951,4425,25,1,26.0,26.0
12952,4426,28,1,34.0,34.0
12953,4426,7,1,36.0,36.0
12954,4426,6,1,38.0,38.0
12955,4426,15,1,30.0,30.0
12956,4426,5,1,30.0,30.0
12957,4427,37,1,18.0,18.0
12958,4427,33,1,14.0,14.0
12959,4428,27,1,25.0,25.0
12960,4428,22,1,22.0,22.0
12961,4429,34,3,10.0,30.0
12962,4430,5,3,30.0,90.0
12963,4430,12,1,36.0,36.0
12964,4431,10,2,32.0,64.0
12965,4431,24,2,24.0,48.0
12966,4432,23,2,18.0,36.0
12967,4432,5,2,30.0,60.0
12968,4432,20,2,16.0,32.0
12969,4433,39,1,8.0,8.0
12970,4433,14,2,45.0,90.0
12971,4434,14,1,45.0,45.0
12972,4434,6,1,38.0,38.0
12973,4435,5,1,30.0,30.0
12974,4435,1,1,28.0,28.0
12975,4435,33,2,14.0,28.0
12976,4435,13,1,28.0,28.0
12977,4435,14,1,45.0,45.0
12978,4436,7,1,36.0,36.0
12979,4436,3,1,42.0,42.0
12980,4437,5,2,30.0,60.0
12981,4438,13,2,28.0,56.0
12982,4438,1,3,28.0,84.0
12983,4438,31,2,36.0,72.0
12984,4439,7,3,36.0,108.0
12985,4440,31,2,36.0,72.0
12986,4440,15,1,30.0,30.0
12987,4440,4,1,22.0,22.0
12988,4441,23,1,18.0,18.0
12989,4441,4,1,22.0,22.0
12990,4441,34,1,10.0,10.0
12991,4442,7,2,36.0,72.0
12992,4442,31,1,36.0,36.0
12993,4442,4,3,22.0,66.0
12994,4443,34,1,10.0,10.0
12995,4443,37,1,18.0,18.0
12996,4443,23,1,18.0,18.0
12997,4444,7,1,36.0,36.0
12998,4444,29,1,44.0,44.0
12999,4444,9,1,35.0,35.0
13000,4445,30,1,38.0,38.0
13001,4445,37,1,18.0,18.0
13002,4445,27,1,25.0,25.0
13003,4445,35,2,9.0,18.0
13004,4445,12,2,36.0,72.0
13005,4446,18,2,38.0,76.0
13006,4446,25,1,26.0,26.0
13007,4446,2,1,34.0,34.0
13008,4447,8,1,24.0,24.0
13009,4447,5,1,30.0,30.0
13010,4447,29,1,44.0,44.0
13011,4448,12,1,36.0,36.0
13012,4448,28,3,34.0,102.0
13013,4448,9,2,35.0,70.0
13014,4448,14,1,45.0,45.0
13015,4448,35,1,9.0,9.0
13016,4449,2,1,34.0,34.0
13017,4449,5,1,30.0,30.0
13018,4449,28,1,34.0,34.0
13019,4449,30,1,38.0,38.0
13020,4449,14,1,45.0,45.0
13021,4450,25,1,26.0,26.0
13022,4450,24,2,24.0,48.0
13023,4450,7,2,36.0,72.0
13024,4451,3,1,42.0,42.0
13025,4451,30,3,38.0,114.0
13026,4451,35,2,9.0,18.0
13027,4452,15,2,30.0,60.0
13028,4453,10,1,32.0,32.0
13029,4453,26,1,42.0,42.0
13030,4453,23,1,18.0,18.0
13031,4453,40,3,10.0,30.0
13032,4453,6,1,38.0,38.0
13033,4454,7,2,36.0,72.0
13034,4454,10,2,32.0,64.0
13035,4454,12,1,36.0,36.0
13036,4455,27,2,25.0,50.0
13037,4455,34,1,10.0,10.0
13038,4455,26,1,42.0,42.0
13039,4456,27,1,25.0,25.0
13040,4456,1,2,28.0,56.0
13041,4457,19,1,18.0,18.0
13042,4457,20,3,16.0,48.0
13043,4458,4,2,22.0,44.0
13044,4458,11,1,33.0,33.0
13045,4459,30,1,38.0,38.0
13046,4459,25,1,26.0,26.0
13047,4459,33,1,14.0,14.0
13048,4460,22,1,22.0,22.0
13049,4460,34,3,10.0,30.0
13050,4460,15,2,30.0,60.0
13051,4461,25,2,26.0,52.0
13052,4461,4,2,22.0,44.0
13053,4461,23,1,18.0,18.0
13054,4461,6,1,38.0,38.0
13055,4462,40,1,10.0,10.0
13056,4462,5,2,30.0,60.0
13057,4462,13,2,28.0,56.0
13058,4462,17,1,26.0,26.0
13059,4463,5,2,30.0,60.0
13060,4464,37,1,18.0,18.0
13061,4464,4,2,22.0,44.0
13062,4464,38,1,12.0,12.0
13063,4464,23,1,18.0,18.0
13064,4465,7,2,36.0,72.0
13065,4465,27,1,25.0,25.0
13066,4466,27,1,25.0,25.0
13067,4466,38,1,12.0,12.0
13068,4466,6,1,38.0,38.0
13069,4467,28,1,34.0,34.0
13070,4467,34,2,10.0,20.0
13071,4467,1,2,28.0,56.0
13072,4468,26,1,42.0,42.0
13073,4468,37,1,18.0,18.0
13074,4469,5,1,30.0,30.0
13075,4469,1,2,28.0,56.0
13076,4470,4,1,22.0,22.0
13077,4470,28,1,34.0,34.0
13078,4470,3,1,42.0,42.0
13079,4470,7,1,36.0,36.0
13080,4471,32,2,37.0,74.0
13081,4471,8,3,24.0,72.0
13082,4472,20,2,16.0,32.0
13083,4472,28,2,34.0,68.0
13084,4473,33,1,14.0,14.0
13085,4473,19,2,18.0,36.0
13086,4474,2,2,34.0,68.0
13087,4474,15,3,30.0,90.0
13088,4474,5,1,30.0,30.0
13089,4475,6,3,38.0,114.0
13090,4475,9,1,35.0,35.0
13091,4475,24,1,24.0,24.0
13092,4476,1,2,28.0,56.0
13093,4476,14,2,45.0,90.0
13094,4476,3,1,42.0,42.0
13095,4477,37,1,18.0,18.0
13096,4477,13,1,28.0,28.0
13097,4477,34,1,10.0,10.0
13098,4477,8,2,24.0,48.0
13099,4477,2,1,34.0,34.0
13100,4478,7,2,36.0,72.0
13101,4478,2,2,34.0,68.0
13102,4479,14,1,45.0,45.0
13103,4479,26,1,42.0,42.0
13104,4480,20,2,16.0,32.0
13105,4480,6,2,38.0,76.0
13106,4480,12,2,36.0,72.0
13107,4480,11,1,33.0,33.0
13108,4481,26,1,42.0,42.0
13109,4481,28,1,34.0,34.0
13110,4481,6,1,38.0,38.0
13111,4481,18,1,38.0,38.0
13112,4481,5,1,30.0,30.0
13113,4481,10,2,32.0,64.0
13114,4482,6,3,38.0,114.0
13115,4482,4,3,22.0,66.0
13116,4483,5,1,30.0,30.0
13117,4483,10,1,32.0,32.0
13118,4483,18,1,38.0,38.0
13119,4483,14,1,45.0,45.0
13120,4484,10,1,32.0,32.0
13121,4484,33,1,14.0,14.0
13122,4484,26,2,42.0,84.0
13123,4485,8,3,24.0,72.0
13124,4485,5,1,30.0,30.0
13125,4485,3,2,42.0,84.0
13126,4486,7,3,36.0,108.0
13127,4486,15,1,30.0,30.0
13128,4486,30,1,38.0,38.0
13129,4486,33,3,14.0,42.0
13130,4486,5,2,30.0,60.0
13131,4487,23,3,18.0,54.0
13132,4487,37,1,18.0,18.0
13133,4487,5,2,30.0,60.0
13134,4487,19,1,18.0,18.0
13135,4488,27,1,25.0,25.0
13136,4488,16,1,32.0,32.0
13137,4489,18,2,38.0,76.0
13138,4489,6,1,38.0,38.0
13139,4489,12,1,36.0,36.0
13140,4489,13,1,28.0,28.0
13141,4490,10,1,32.0,32.0
13142,4490,2,1,34.0,34.0
13143,4490,39,1,8.0,8.0
13144,4490,30,3,38.0,114.0
13145,4491,18,1,38.0,38.0
13146,4491,20,1,16.0,16.0
13147,4492,20,2,16.0,32.0
13148,4493,22,3,22.0,66.0
13149,4493,7,1,36.0,36.0
13150,4493,11,3,33.0,99.0
13151,4493,1,1,28.0,28.0
13152,4493,2,2,34.0,68.0
13153,4493,10,1,32.0,32.0
13154,4494,14,1,45.0,45.0
13155,4494,40,2,10.0,20.0
13156,4494,28,1,34.0,34.0
13157,4495,20,1,16.0,16.0
13158,4495,32,1,37.0,37.0
13159,4495,11,3,33.0,99.0
13160,4495,15,1,30.0,30.0
13161,4495,28,2,34.0,68.0
13162,4495,4,1,22.0,22.0
13163,4496,5,1,30.0,30.0
13164,4496,15,1,30.0,30.0
13165,4496,33,1,14.0,14.0
13166,4497,4,1,22.0,22.0
13167,4497,39,2,8.0,16.0
13168,4497,8,2,24.0,48.0
13169,4497,33,1,14.0,14.0
13170,4497,12,2,36.0,72.0
13171,4497,15,2,30.0,60.0
13172,4498,7,1,36.0,36.0
13173,4498,33,1,14.0,14.0
13174,4499,5,1,30.0,30.0
13175,4499,38,1,12.0,12.0
13176,4500,19,1,18.0,18.0
13177,4500,28,3,34.0,102.0
13178,4500,16,3,32.0,96.0
13179,4500,35,1,9.0,9.0
13180,4500,13,2,28.0,56.0
13181,4501,1,2,28.0,56.0
13182,4501,18,1,38.0,38.0
13183,4501,14,1,45.0,45.0
13184,4501,30,2,38.0,76.0
13185,4502,31,1,36.0,36.0
13186,4502,25,1,26.0,26.0
13187,4503,40,1,10.0,10.0
13188,4503,13,1,28.0,28.0
13189,4504,5,1,30.0,30.0
13190,4504,39,2,8.0,16.0
13191,4505,39,3,8.0,24.0
13192,4505,37,1,18.0,18.0
13193,4505,3,2,42.0,84.0
13194,4506,7,3,36.0,108.0
13195,4506,12,1,36.0,36.0
13196,4506,3,2,42.0,84.0
13197,4506,37,1,18.0,18.0
13198,4507,17,2,26.0,52.0
13199,4508,6,1,38.0,38.0
13200,4508,21,2,20.0,40.0
13201,4509,36,1,6.0,6.0
13202,4509,5,1,30.0,30.0
13203,4510,1,1,28.0,28.0
13204,4510,9,1,35.0,35.0
13205,4510,32,2,37.0,74.0
13206,4511,34,1,10.0,10.0
13207,4511,21,2,20.0,40.0
13208,4512,28,1,34.0,34.0
13209,4512,37,1,18.0,18.0
13210,4512,10,3,32.0,96.0
13211,4513,23,1,18.0,18.0
13212,4513,15,2,30.0,60.0
13213,4513,6,2,38.0,76.0
13214,4513,27,3,25.0,75.0
13215,4514,12,3,36.0,108.0
13216,4514,21,1,20.0,20.0
13217,4515,39,1,8.0,8.0
13218,4515,12,3,36.0,108.0
13219,4516,22,1,22.0,22.0
13220,4516,2,2,34.0,68.0
13221,4516,1,1,28.0,28.0
13222,4517,13,1,28.0,28.0
13223,4517,5,2,30.0,60.0
13224,4518,24,1,24.0,24.0
13225,4518,23,1,18.0,18.0
13226,4519,23,1,18.0,18.0
13227,4520,18,2,38.0,76.0
13228,4520,30,2,38.0,76.0
13229,4520,5,1,30.0,30.0
13230,4521,17,3,26.0,78.0
13231,4521,33,3,14.0,42.0
13232,4521,30,2,38.0,76.0
13233,4522,7,2,36.0,72.0
13234,4522,14,1,45.0,45.0
13235,4523,30,1,38.0,38.0
13236,4523,5,2,30.0,60.0
13237,4523,33,2,14.0,28.0
13238,4523,19,1,18.0,18.0
13239,4524,14,3,45.0,135.0
13240,4524,5,1,30.0,30.0
13241,4524,18,1,38.0,38.0
13242,4524,15,2,30.0,60.0
13243,4525,13,1,28.0,28.0
13244,4526,29,1,44.0,44.0
13245,4526,40,1,10.0,10.0
13246,4526,8,2,24.0,48.0
13247,4527,33,2,14.0,28.0
13248,4528,34,1,10.0,10.0
13249,4528,7,1,36.0,36.0
13250,4529,6,1,38.0,38.0
13251,4529,12,1,36.0,36.0
13252,4530,31,1,36.0,36.0
13253,4530,12,1,36.0,36.0
13254,4530,15,3,30.0,90.0
13255,4530,29,2,44.0,88.0
13256,4531,17,1,26.0,26.0
13257,4531,8,2,24.0,48.0
13258,4531,39,1,8.0,8.0
13259,4531,6,2,38.0,76.0
13260,4531,23,1,18.0,18.0
13261,4531,18,3,38.0,114.0
13262,4532,4,1,22.0,22.0
13263,4532,18,2,38.0,76.0
13264,4532,1,3,28.0,84.0
13265,4532,12,1,36.0,36.0
13266,4533,36,3,6.0,18.0
13267,4534,17,1,26.0,26.0
13268,4534,11,1,33.0,33.0
13269,4534,15,1,30.0,30.0
13270,4535,23,1,18.0,18.0
13271,4535,19,3,18.0,54.0
13272,4535,25,1,26.0,26.0
13273,4536,9,1,35.0,35.0
13274,4536,19,1,18.0,18.0
13275,4537,14,1,45.0,45.0
13276,4537,6,1,38.0,38.0
13277,4537,30,1,38.0,38.0
13278,4538,30,1,38.0,38.0
13279,4538,3,3,42.0,126.0
13280,4538,1,2,28.0,56.0
13281,4539,23,1,18.0,18.0
13282,4540,7,2,36.0,72.0
13283,4540,3,1,42.0,42.0
13284,4540,26,2,42.0,84.0
13285,4541,3,2,42.0,84.0
13286,4541,27,2,25.0,50.0
13287,4541,14,1,45.0,45.0
13288,4541,36,1,6.0,6.0
13289,4541,35,1,9.0,9.0
13290,4541,38,1,12.0,12.0
13291,4542,17,1,26.0,26.0
13292,4542,5,2,30.0,60.0
13293,4542,6,3,38.0,114.0
13294,4542,31,2,36.0,72.0
13295,4542,21,1,20.0,20.0
13296,4543,3,1,42.0,42.0
13297,4543,20,1,16.0,16.0
13298,4544,22,1,22.0,22.0
13299,4544,23,2,18.0,36.0
13300,4544,1,1,28.0,28.0
13301,4545,30,1,38.0,38.0
13302,4545,3,1,42.0,42.0
13303,4545,34,1,10.0,10.0
13304,4545,6,1,38.0,38.0
13305,4546,6,2,38.0,76.0
13306,4547,33,2,14.0,28.0
13307,4547,7,1,36.0,36.0
13308,4547,6,3,38.0,114.0
13309,4547,2,1,34.0,34.0
13310,4548,7,1,36.0,36.0
13311,4548,15,1,30.0,30.0
13312,4549,32,1,37.0,37.0
13313,4549,20,2,16.0,32.0
13314,4549,4,3,22.0,66.0
13315,4549,13,1,28.0,28.0
13316,4550,28,2,34.0,68.0
13317,4550,8,1,24.0,24.0
13318,4550,26,2,42.0,84.0
13319,4551,29,2,44.0,88.0
13320,4551,3,2,42.0,84.0
13321,4551,10,2,32.0,64.0
13322,4551,9,2,35.0,70.0
13323,4552,30,1,38.0,38.0
13324,4552,1,1,28.0,28.0
13325,4552,13,1,28.0,28.0
13326,4553,3,1,42.0,42.0
13327,4553,7,2,36.0,72.0
13328,4553,2,1,34.0,34.0
13329,4554,36,1,6.0,6.0
13330,4554,5,1,30.0,30.0
13331,4555,10,2,32.0,64.0
13332,4555,7,1,36.0,36.0
13333,4555,30,2,38.0,76.0
13334,4555,37,1,18.0,18.0
13335,4556,3,1,42.0,42.0
13336,4556,25,1,26.0,26.0
13337,4556,18,1,38.0,38.0
13338,4556,39,1,8.0,8.0
13339,4557,26,1,42.0,42.0
13340,4557,18,2,38.0,76.0
13341,4558,1,2,28.0,56.0
13342,4558,10,1,32.0,32.0
13343,4558,8,2,24.0,48.0
13344,4559,25,1,26.0,26.0
13345,4560,7,1,36.0,36.0
13346,4560,13,1,28.0,28.0
13347,4560,2,1,34.0,34.0
13348,4560,3,1,42.0,42.0
13349,4560,18,1,38.0,38.0
13350,4560,38,2,12.0,24.0
13351,4561,7,1,36.0,36.0
13352,4561,1,1,28.0,28.0
13353,4561,15,1,30.0,30.0
13354,4562,2,1,34.0,34.0
13355,4562,21,2,20.0,40.0
13356,4563,3,1,42.0,42.0
13357,4563,25,1,26.0,26.0
13358,4564,12,1,36.0,36.0
13359,4564,31,1,36.0,36.0
13360,4565,10,2,32.0,64.0
13361,4565,32,1,37.0,37.0
13362,4566,8,3,24.0,72.0
13363,4566,27,2,25.0,50.0
13364,4567,16,3,32.0,96.0
13365,4567,2,1,34.0,34.0
13366,4568,5,2,30.0,60.0
13367,4568,24,1,24.0,24.0
13368,4568,23,1,18.0,18.0
13369,4568,4,2,22.0,44.0
13370,4568,36,1,6.0,6.0
13371,4569,34,1,10.0,10.0
13372,4569,21,1,20.0,20.0
13373,4569,23,1,18.0,18.0
13374,4569,5,1,30.0,30.0
13375,4569,20,1,16.0,16.0
13376,4570,37,1,18.0,18.0
13377,4570,34,2,10.0,20.0
13378,4571,17,3,26.0,78.0
13379,4571,24,1,24.0,24.0
13380,4571,7,1,36.0,36.0
13381,4572,16,1,32.0,32.0
13382,4572,4,3,22.0,66.0
13383,4572,36,2,6.0,12.0
13384,4572,19,1,18.0,18.0
13385,4572,18,1,38.0,38.0
13386,4572,37,2,18.0,36.0
13387,4573,16,1,32.0,32.0
13388,4573,40,1,10.0,10.0
13389,4574,13,1,28.0,28.0
13390,4574,18,1,38.0,38.0
13391,4575,18,1,38.0,38.0
13392,4575,13,1,28.0,28.0
13393,4576,15,2,30.0,60.0
13394,4576,6,1,38.0,38.0
13395,4576,35,1,9.0,9.0
13396,4577,5,3,30.0,90.0
13397,4577,17,2,26.0,52.0
13398,4577,35,1,9.0,9.0
13399,4578,7,2,36.0,72.0
13400,4578,27,1,25.0,25.0
13401,4578,33,1,14.0,14.0
13402,4579,7,1,36.0,36.0
13403,4579,15,1,30.0,30.0
13404,4580,15,1,30.0,30.0
13405,4580,10,1,32.0,32.0
13406,4581,37,1,18.0,18.0
13407,4581,23,1,18.0,18.0
13408,4581,10,1,32.0,32.0
13409,4582,5,2,30.0,60.0
13410,4582,9,2,35.0,70.0
13411,4582,38,2,12.0,24.0
13412,4583,2,1,34.0,34.0
13413,4583,9,3,35.0,105.0
13414,4583,29,2,44.0,88.0
13415,4584,3,3,42.0,126.0
13416,4585,7,1,36.0,36.0
13417,4585,11,3,33.0,99.0
13418,4586,3,1,42.0,42.0
13419,4587,37,1,18.0,18.0
13420,4587,20,2,16.0,32.0
13421,4587,6,1,38.0,38.0
13422,4587,30,1,38.0,38.0
13423,4588,12,1,36.0,36.0
13424,4589,37,1,18.0,18.0
13425,4589,7,3,36.0,108.0
13426,4589,28,1,34.0,34.0
13427,4590,6,1,38.0,38.0
13428,4590,12,3,36.0,108.0
13429,4591,32,1,37.0,37.0
13430,4591,18,1,38.0,38.0
13431,4591,10,2,32.0,64.0
13432,4592,9,2,35.0,70.0
13433,4592,27,1,25.0,25.0
13434,4593,24,1,24.0,24.0
13435,4593,26,1,42.0,42.0
13436,4593,37,1,18.0,18.0
13437,4594,8,1,24.0,24.0
13438,4595,8,3,24.0,72.0
13439,4595,32,2,37.0,74.0
13440,4595,37,2,18.0,36.0
13441,4596,14,1,45.0,45.0
13442,4596,31,1,36.0,36.0
13443,4597,37,1,18.0,18.0
13444,4597,23,1,18.0,18.0
13445,4597,16,3,32.0,96.0
13446,4597,3,2,42.0,84.0
13447,4598,2,1,34.0,34.0
13448,4598,14,1,45.0,45.0
13449,4598,5,1,30.0,30.0
13450,4598,7,1,36.0,36.0
13451,4599,14,3,45.0,135.0
13452,4599,10,1,32.0,32.0
13453,4600,7,2,36.0,72.0
13454,4601,7,1,36.0,36.0
13455,4601,15,1,30.0,30.0
13456,4601,2,1,34.0,34.0
13457,4601,20,1,16.0,16.0
13458,4602,21,1,20.0,20.0
13459,4603,16,1,32.0,32.0
13460,4603,23,2,18.0,36.0
13461,4603,18,1,38.0,38.0
13462,4604,28,1,34.0,34.0
13463,4604,34,1,10.0,10.0
13464,4604,18,3,38.0,114.0
13465,4604,4,2,22.0,44.0
13466,4605,8,2,24.0,48.0
13467,4606,7,1,36.0,36.0
13468,4607,24,2,24.0,48.0
13469,4607,35,1,9.0,9.0
13470,4607,11,2,33.0,66.0
13471,4607,18,3,38.0,114.0
13472,4608,34,2,10.0,20.0
13473,4608,4,1,22.0,22.0
13474,4608,25,1,26.0,26.0
13475,4608,7,2,36.0,72.0
13476,4608,23,1,18.0,18.0
13477,4609,33,2,14.0,28.0
13478,4609,12,1,36.0,36.0
13479,4609,2,1,34.0,34.0
13480,4610,36,1,6.0,6.0
13481,4610,39,1,8.0,8.0
13482,4610,37,2,18.0,36.0
13483,4611,8,1,24.0,24.0
13484,4611,26,1,42.0,42.0
13485,4612,2,2,34.0,68.0
13486,4612,6,1,38.0,38.0
13487,4612,33,1,14.0,14.0
13488,4613,11,1,33.0,33.0
13489,4613,9,1,35.0,35.0
13490,4613,30,1,38.0,38.0
13491,4613,22,1,22.0,22.0
13492,4614,14,3,45.0,135.0
13493,4614,8,2,24.0,48.0
13494,4615,37,1,18.0,18.0
13495,4615,10,1,32.0,32.0
13496,4615,29,1,44.0,44.0
13497,4616,38,1,12.0,12.0
13498,4616,17,2,26.0,52.0
13499,4617,30,1,38.0,38.0
13500,4617,9,1,35.0,35.0
13501,4618,21,1,20.0,20.0
13502,4618,4,2,22.0,44.0
13503,4619,6,2,38.0,76.0
13504,4619,28,3,34.0,102.0
13505,4619,15,3,30.0,90.0
13506,4619,17,2,26.0,52.0
13507,4619,40,1,10.0,10.0
13508,4619,8,1,24.0,24.0
13509,4620,12,1,36.0,36.0
13510,4621,20,3,16.0,48.0
13511,4622,18,1,38.0,38.0
13512,4623,5,1,30.0,30.0
13513,4623,26,1,42.0,42.0
13514,4623,31,1,36.0,36.0
13515,4623,3,1,42.0,42.0
13516,4623,1,1,28.0,28.0
13517,4623,13,1,28.0,28.0
13518,4624,11,1,33.0,33.0
13519,4624,4,1,22.0,22.0
13520,4624,5,1,30.0,30.0
13521,4624,27,1,25.0,25.0
13522,4625,7,1,36.0,36.0
13523,4625,2,2,34.0,68.0
13524,4626,18,1,38.0,38.0
13525,4626,12,1,36.0,36.0
13526,4626,3,1,42.0,42.0
13527,4626,7,2,36.0,72.0
13528,4626,6,1,38.0,38.0
13529,4626,39,3,8.0,24.0
13530,4627,12,1,36.0,36.0
13531,4627,1,1,28.0,28.0
13532,4628,10,2,32.0,64.0
13533,4628,32,1,37.0,37.0
13534,4629,40,1,10.0,10.0
13535,4630,6,2,38.0,76.0
13536,4630,33,1,14.0,14.0
13537,4630,4,1,22.0,22.0
13538,4631,25,1,26.0,26.0
13539,4631,34,1,10.0,10.0
13540,4632,14,1,45.0,45.0
13541,4632,11,1,33.0,33.0
13542,4632,4,1,22.0,22.0
13543,4632,36,2,6.0,12.0
13544,4633,36,1,6.0,6.0
13545,4633,24,1,24.0,24.0
13546,4634,24,1,24.0,24.0
13547,4634,29,2,44.0,88.0
13548,4634,37,1,18.0,18.0
13549,4635,1,1,28.0,28.0
13550,4635,2,1,34.0,34.0
13551,4635,13,1,28.0,28.0
13552,4636,7,1,36.0,36.0
13553,4636,25,1,26.0,26.0
13554,4636,24,1,24.0,24.0
13555,4636,4,1,22.0,22.0
13556,4637,8,2,24.0,48.0
13557,4637,3,2,42.0,84.0
13558,4638,29,1,44.0,44.0
13559,4638,1,3,28.0,84.0
13560,4638,13,2,28.0,56.0
13561,4638,28,1,34.0,34.0
13562,4639,35,1,9.0,9.0
13563,4639,9,1,35.0,35.0
13564,4640,6,3,38.0,114.0
13565,4640,40,1,10.0,10.0
13566,4641,7,1,36.0,36.0
13567,4641,12,2,36.0,72.0
13568,4641,27,1,25.0,25.0
13569,4641,9,1,35.0,35.0
13570,4641,35,2,9.0,18.0
13571,4642,9,1,35.0,35.0
13572,4642,4,1,22.0,22.0
13573,4642,7,2,36.0,72.0
13574,4642,11,1,33.0,33.0
13575,4643,15,1,30.0,30.0
13576,4643,6,2,38.0,76.0
13577,4643,19,1,18.0,18.0
13578,4643,33,1,14.0,14.0
13579,4644,31,2,36.0,72.0
13580,4644,26,1,42.0,42.0
13581,4644,7,1,36.0,36.0
13582,4644,15,2,30.0,60.0
13583,4645,3,2,42.0,84.0
13584,4645,12,3,36.0,108.0
13585,4645,8,1,24.0,24.0
13586,4645,6,2,38.0,76.0
13587,4645,21,1,20.0,20.0
13588,4646,15,2,30.0,60.0
13589,4646,39,1,8.0,8.0
13590,4647,26,2,42.0,84.0
13591,4647,28,1,34.0,34.0
13592,4647,1,1,28.0,28.0
13593,4648,2,1,34.0,34.0
13594,4648,34,1,10.0,10.0
13595,4648,4,1,22.0,22.0
13596,4649,21,1,20.0,20.0
13597,4649,5,1,30.0,30.0
13598,4649,10,1,32.0,32.0
13599,4650,7,1,36.0,36.0
13600,4651,10,2,32.0,64.0
13601,4652,22,2,22.0,44.0
13602,4652,14,1,45.0,45.0
13603,4652,5,3,30.0,90.0
13604,4653,5,2,30.0,60.0
13605,4653,21,2,20.0,40.0
13606,4653,27,1,25.0,25.0
13607,4653,26,1,42.0,42.0
13608,4654,3,1,42.0,42.0
13609,4654,21,1,20.0,20.0
13610,4654,10,1,32.0,32.0
13611,4655,31,1,36.0,36.0
13612,4655,20,2,16.0,32.0
13613,4655,29,1,44.0,44.0
13614,4656,8,3,24.0,72.0
13615,4656,13,1,28.0,28.0
13616,4656,34,2,10.0,20.0
13617,4657,40,1,10.0,10.0
13618,4657,21,2,20.0,40.0
13619,4658,20,1,16.0,16.0
13620,4658,14,1,45.0,45.0
13621,4658,2,1,34.0,34.0
13622,4658,5,1,30.0,30.0
13623,4659,11,2,33.0,66.0
13624,4659,39,2,8.0,16.0
13625,4659,16,1,32.0,32.0
13626,4659,29,1,44.0,44.0
13627,4659,2,1,34.0,34.0
13628,4660,35,1,9.0,9.0
13629,4661,38,1,12.0,12.0
13630,4662,23,1,18.0,18.0
13631,4662,2,1,34.0,34.0
13632,4663,8,2,24.0,48.0
13633,4663,29,2,44.0,88.0
13634,4663,37,1,18.0,18.0
13635,4663,21,1,20.0,20.0
13636,4663,28,1,34.0,34.0
13637,4664,1,1,28.0,28.0
13638,4664,37,1,18.0,18.0
13639,4664,2,1,34.0,34.0
13640,4664,33,3,14.0,42.0
13641,4665,3,3,42.0,126.0
13642,4665,25,2,26.0,52.0
13643,4665,35,1,9.0,9.0
13644,4665,23,1,18.0,18.0
13645,4666,24,1,24.0,24.0
13646,4666,12,1,36.0,36.0
13647,4666,16,1,32.0,32.0
13648,4666,7,3,36.0,108.0
13649,4666,37,1,18.0,18.0
13650,4666,14,1,45.0,45.0
13651,4667,6,1,38.0,38.0
13652,4667,2,1,34.0,34.0
13653,4667,21,2,20.0,40.0
13654,4667,7,3,36.0,108.0
13655,4667,5,2,30.0,60.0
13656,4668,23,2,18.0,36.0
13657,4668,32,1,37.0,37.0
13658,4668,16,1,32.0,32.0
13659,4668,33,1,14.0,14.0
13660,4669,34,2,10.0,20.0
13661,4669,5,1,30.0,30.0
13662,4669,12,1,36.0,36.0
13663,4669,9,2,35.0,70.0
13664,4670,23,1,18.0,18.0
13665,4670,13,2,28.0,56.0
13666,4671,5,1,30.0,30.0
13667,4671,17,3,26.0,78.0
13668,4672,5,1,30.0,30.0
13669,4672,35,1,9.0,9.0
13670,4673,7,2,36.0,72.0
13671,4673,4,1,22.0,22.0
13672,4673,25,1,26.0,26.0
13673,4673,1,1,28.0,28.0
13674,4674,2,2,34.0,68.0
13675,4674,18,2,38.0,76.0
13676,4674,7,1,36.0,36.0
13677,4675,5,3,30.0,90.0
13678,4675,7,1,36.0,36.0
13679,4675,11,1,33.0,33.0
13680,4675,26,2,42.0,84.0
13681,4675,1,1,28.0,28.0
13682,4676,7,1,36.0,36.0
13683,4676,5,1,30.0,30.0
13684,4676,12,2,36.0,72.0
13685,4676,21,1,20.0,20.0
13686,4676,6,1,38.0,38.0
13687,4677,7,1,36.0,36.0
13688,4677,27,2,25.0,50.0
13689,4677,37,3,18.0,54.0
13690,4677,6,1,38.0,38.0
13691,4677,24,2,24.0,48.0
13692,4678,22,1,22.0,22.0
13693,4678,7,1,36.0,36.0
13694,4678,19,3,18.0,54.0
13695,4679,8,2,24.0,48.0
13696,4679,3,1,42.0,42.0
13697,4679,30,1,38.0,38.0
13698,4679,36,2,6.0,12.0
13699,4679,21,1,20.0,20.0
13700,4680,2,2,34.0,68.0
13701,4680,8,1,24.0,24.0
13702,4681,2,1,34.0,34.0
13703,4681,7,1,36.0,36.0
13704,4681,33,1,14.0,14.0
13705,4681,9,2,35.0,70.0
13706,4682,23,2,18.0,36.0
13707,4683,5,1,30.0,30.0
13708,4683,2,2,34.0,68.0
13709,4684,20,1,16.0,16.0
13710,4684,6,2,38.0,76.0
13711,4685,14,2,45.0,90.0
13712,4685,1,1,28.0,28.0
13713,4686,6,2,38.0,76.0
13714,4686,3,1,42.0,42.0
13715,4686,16,1,32.0,32.0
13716,4686,32,2,37.0,74.0
13717,4687,6,1,38.0,38.0
13718,4687,20,3,16.0,48.0
13719,4687,7,1,36.0,36.0
13720,4688,16,2,32.0,64.0
13721,4688,18,1,38.0,38.0
13722,4689,20,3,16.0,48.0
13723,4689,8,1,24.0,24.0
13724,4689,40,1,10.0,10.0
13725,4690,9,2,35.0,70.0
13726,4691,6,3,38.0,114.0
13727,4691,5,1,30.0,30.0
13728,4691,25,1,26.0,26.0
13729,4692,8,1,24.0,24.0
13730,4692,7,1,36.0,36.0
13731,4692,10,2,32.0,64.0
13732,4693,37,1,18.0,18.0
13733,4693,25,1,26.0,26.0
13734,4693,4,1,22.0,22.0
13735,4693,19,1,18.0,18.0
13736,4693,38,3,12.0,36.0
13737,4694,3,1,42.0,42.0
13738,4694,17,1,26.0,26.0
13739,4694,2,1,34.0,34.0
13740,4695,7,3,36.0,108.0
13741,4695,10,1,32.0,32.0
13742,4695,12,3,36.0,108.0
13743,4695,2,2,34.0,68.0
13744,4695,5,3,30.0,90.0
13745,4696,32,3,37.0,111.0
13746,4697,7,2,36.0,72.0
13747,4697,13,2,28.0,56.0
13748,4698,35,2,9.0,18.0
13749,4698,18,1,38.0,38.0
13750,4698,7,1,36.0,36.0
13751,4699,2,3,34.0,102.0
13752,4699,26,1,42.0,42.0
13753,4700,36,2,6.0,12.0
13754,4700,18,1,38.0,38.0
13755,4700,9,2,35.0,70.0
13756,4700,37,1,18.0,18.0
13757,4701,12,1,36.0,36.0
13758,4701,13,2,28.0,56.0
13759,4702,24,1,24.0,24.0
13760,4702,10,1,32.0,32.0
13761,4702,3,1,42.0,42.0
13762,4702,2,1,34.0,34.0
13763,4703,23,1,18.0,18.0
13764,4703,7,1,36.0,36.0
13765,4703,30,2,38.0,76.0
13766,4704,19,2,18.0,36.0
13767,4704,13,1,28.0,28.0
13768,4704,5,1,30.0,30.0
13769,4704,7,1,36.0,36.0
13770,4705,31,2,36.0,72.0
13771,4705,5,1,30.0,30.0
13772,4706,8,1,24.0,24.0
13773,4706,20,1,16.0,16.0
13774,4707,2,1,34.0,34.0
13775,4707,10,2,32.0,64.0
13776,4707,26,1,42.0,42.0
13777,4707,7,1,36.0,36.0
13778,4708,7,1,36.0,36.0
13779,4708,18,2,38.0,76.0
13780,4708,4,2,22.0,44.0
13781,4708,3,1,42.0,42.0
13782,4709,23,1,18.0,18.0
13783,4709,16,1,32.0,32.0
13784,4710,2,3,34.0,102.0
13785,4710,18,1,38.0,38.0
13786,4710,22,1,22.0,22.0
13787,4711,7,2,36.0,72.0
13788,4711,13,1,28.0,28.0
13789,4712,37,2,18.0,36.0
13790,4712,18,2,38.0,76.0
13791,4712,34,1,10.0,10.0
13792,4712,25,1,26.0,26.0
13793,4712,11,1,33.0,33.0
13794,4713,5,1,30.0,30.0
13795,4713,4,1,22.0,22.0
13796,4713,11,2,33.0,66.0
13797,4713,24,1,24.0,24.0
13798,4713,13,3,28.0,84.0
13799,4714,37,3,18.0,54.0
13800,4714,31,1,36.0,36.0
13801,4714,6,1,38.0,38.0
13802,4715,2,1,34.0,34.0
13803,4715,24,2,24.0,48.0
13804,4715,7,1,36.0,36.0
13805,4715,16,1,32.0,32.0
13806,4716,39,1,8.0,8.0
13807,4716,5,2,30.0,60.0
13808,4716,1,2,28.0,56.0
13809,4716,20,1,16.0,16.0
13810,4716,8,1,24.0,24.0
13811,4716,4,1,22.0,22.0
13812,4717,5,1,30.0,30.0
13813,4717,7,1,36.0,36.0
13814,4718,2,2,34.0,68.0
13815,4718,8,1,24.0,24.0
13816,4719,24,1,24.0,24.0
13817,4719,15,1,30.0,30.0
13818,4720,10,1,32.0,32.0
13819,4720,8,1,24.0,24.0
13820,4720,35,1,9.0,9.0
13821,4720,36,2,6.0,12.0
13822,4720,1,2,28.0,56.0
13823,4721,24,1,24.0,24.0
13824,4721,5,1,30.0,30.0
13825,4721,1,2,28.0,56.0
13826,4721,2,3,34.0,102.0
13827,4721,14,1,45.0,45.0
13828,4721,34,1,10.0,10.0
13829,4722,2,1,34.0,34.0
13830,4722,7,1,36.0,36.0
13831,4723,36,2,6.0,12.0
13832,4723,27,3,25.0,75.0
13833,4723,6,1,38.0,38.0
13834,4723,40,2,10.0,20.0
13835,4723,11,1,33.0,33.0
13836,4723,5,1,30.0,30.0
13837,4724,3,3,42.0,126.0
13838,4724,24,1,24.0,24.0
13839,4725,37,1,18.0,18.0
13840,4725,7,1,36.0,36.0
13841,4725,19,1,18.0,18.0
13842,4725,21,1,20.0,20.0
13843,4725,2,1,34.0,34.0
13844,4725,4,2,22.0,44.0
13845,4726,21,1,20.0,20.0
13846,4726,5,1,30.0,30.0
13847,4727,13,1,28.0,28.0
13848,4727,1,1,28.0,28.0
13849,4727,10,1,32.0,32.0
13850,4728,8,2,24.0,48.0
13851,4728,7,1,36.0,36.0
13852,4728,10,2,32.0,64.0
13853,4729,7,2,36.0,72.0
13854,4729,11,3,33.0,99.0
13855,4730,30,2,38.0,76.0
13856,4730,8,1,24.0,24.0
13857,4731,5,1,30.0,30.0
13858,4731,23,1,18.0,18.0
13859,4732,33,1,14.0,14.0
13860,4733,40,1,10.0,10.0
13861,4733,3,2,42.0,84.0
13862,4733,15,1,30.0,30.0
13863,4733,24,1,24.0,24.0
13864,4734,8,1,24.0,24.0
13865,4734,22,2,22.0,44.0
13866,4734,5,1,30.0,30.0
13867,4734,15,1,30.0,30.0
13868,4734,4,1,22.0,22.0
13869,4735,2,1,34.0,34.0
13870,4735,23,2,18.0,36.0
13871,4735,6,1,38.0,38.0
13872,4736,12,1,36.0,36.0
13873,4736,21,2,20.0,40.0
13874,4737,23,1,18.0,18.0
13875,4737,2,2,34.0,68.0
13876,4737,26,1,42.0,42.0
13877,4738,9,1,35.0,35.0
13878,4738,5,1,30.0,30.0
13879,4739,7,2,36.0,72.0
13880,4739,4,2,22.0,44.0
13881,4739,8,2,24.0,48.0
13882,4740,11,1,33.0,33.0
13883,4740,4,3,22.0,66.0
13884,4741,2,1,34.0,34.0
13885,4741,16,1,32.0,32.0
13886,4741,14,3,45.0,135.0
13887,4741,12,1,36.0,36.0
13888,4742,7,1,36.0,36.0
13889,4742,2,2,34.0,68.0
13890,4742,16,1,32.0,32.0
13891,4742,12,1,36.0,36.0
13892,4743,7,2,36.0,72.0
13893,4743,14,1,45.0,45.0
13894,4743,1,3,28.0,84.0
13895,4744,24,2,24.0,48.0
13896,4745,5,1,30.0,30.0
13897,4745,25,2,26.0,52.0
13898,4746,10,1,32.0,32.0
13899,4746,30,1,38.0,38.0
13900,4746,6,3,38.0,114.0
13901,4746,3,2,42.0,84.0
13902,4746,39,3,8.0,24.0
13903,4747,8,1,24.0,24.0
13904,4748,5,1,30.0,30.0
13905,4749,13,3,28.0,84.0
13906,4749,8,2,24.0,48.0
13907,4749,37,1,18.0,18.0
13908,4749,15,1,30.0,30.0
13909,4750,35,1,9.0,9.0
13910,4750,12,1,36.0,36.0
13911,4750,4,1,22.0,22.0
13912,4750,30,3,38.0,114.0
13913,4751,13,2,28.0,56.0
13914,4751,2,1,34.0,34.0
13915,4752,2,1,34.0,34.0
13916,4752,10,2,32.0,64.0
13917,4752,26,2,42.0,84.0
13918,4752,25,1,26.0,26.0
13919,4753,3,1,42.0,42.0
13920,4753,4,1,22.0,22.0
13921,4753,10,2,32.0,64.0
13922,4754,40,2,10.0,20.0
13923,4754,1,1,28.0,28.0
13924,4755,23,1,18.0,18.0
13925,4755,32,3,37.0,111.0
13926,4756,14,1,45.0,45.0
13927,4756,15,1,30.0,30.0
13928,4757,35,2,9.0,18.0
13929,4757,4,2,22.0,44.0
13930,4758,39,1,8.0,8.0
13931,4758,21,2,20.0,40.0
13932,4759,12,1,36.0,36.0
13933,4759,3,1,42.0,42.0
13934,4760,6,1,38.0,38.0
13935,4760,10,2,32.0,64.0
13936,4761,7,1,36.0,36.0
13937,4761,17,3,26.0,78.0
13938,4762,7,1,36.0,36.0
13939,4762,40,1,10.0,10.0
13940,4762,2,1,34.0,34.0
13941,4762,8,1,24.0,24.0
13942,4762,5,1,30.0,30.0
13943,4763,7,1,36.0,36.0
13944,4763,8,2,24.0,48.0
13945,4763,19,1,18.0,18.0
13946,4763,2,2,34.0,68.0
13947,4763,5,1,30.0,30.0
13948,4763,3,1,42.0,42.0
13949,4764,19,1,18.0,18.0
13950,4764,20,1,16.0,16.0
13951,4764,26,2,42.0,84.0
13952,4765,2,3,34.0,102.0
13953,4766,17,2,26.0,52.0
13954,4766,1,3,28.0,84.0
13955,4766,15,1,30.0,30.0
13956,4767,28,2,34.0,68.0
13957,4767,32,1,37.0,37.0
13958,4768,6,2,38.0,76.0
13959,4768,27,1,25.0,25.0
13960,4769,23,1,18.0,18.0
13961,4769,7,1,36.0,36.0
13962,4769,14,2,45.0,90.0
13963,4770,11,1,33.0,33.0
13964,4771,8,1,24.0,24.0
13965,4771,7,2,36.0,72.0
13966,4771,14,1,45.0,45.0
13967,4771,5,1,30.0,30.0
13968,4772,4,2,22.0,44.0
13969,4772,14,2,45.0,90.0
13970,4773,2,1,34.0,34.0
13971,4774,1,2,28.0,56.0
13972,4774,12,2,36.0,72.0
13973,4775,18,1,38.0,38.0
13974,4775,12,1,36.0,36.0
13975,4775,6,1,38.0,38.0
13976,4776,21,2,20.0,40.0
13977,4777,8,1,24.0,24.0
13978,4777,18,1,38.0,38.0
13979,4777,1,1,28.0,28.0
13980,4777,23,1,18.0,18.0
13981,4778,23,1,18.0,18.0
13982,4778,20,1,16.0,16.0
13983,4779,3,3,42.0,126.0
13984,4779,9,2,35.0,70.0
13985,4779,5,1,30.0,30.0
13986,4779,30,3,38.0,114.0
13987,4779,16,1,32.0,32.0
13988,4780,30,1,38.0,38.0
13989,4780,32,2,37.0,74.0
13990,4781,2,1,34.0,34.0
13991,4781,8,1,24.0,24.0
13992,4782,14,2,45.0,90.0
13993,4783,12,2,36.0,72.0
13994,4784,33,1,14.0,14.0
13995,4784,2,2,34.0,68.0
13996,4784,34,2,10.0,20.0
13997,4785,7,3,36.0,108.0
13998,4786,12,2,36.0,72.0
13999,4786,3,1,42.0,42.0
14000,4787,28,1,34.0,34.0
14001,4788,37,1,18.0,18.0
14002,4788,19,1,18.0,18.0
14003,4788,32,1,37.0,37.0
14004,4789,7,3,36.0,108.0
14005,4789,4,1,22.0,22.0
14006,4789,17,1,26.0,26.0
14007,4790,1,1,28.0,28.0
14008,4790,25,1,26.0,26.0
14009,4791,2,1,34.0,34.0
14010,4791,12,1,36.0,36.0
14011,4792,12,2,36.0,72.0
14012,4792,33,1,14.0,14.0
14013,4793,11,1,33.0,33.0
14014,4794,5,1,30.0,30.0
14015,4794,22,1,22.0,22.0
14016,4794,25,1,26.0,26.0
14017,4795,36,1,6.0,6.0
14018,4795,5,1,30.0,30.0
14019,4795,19,2,18.0,36.0
14020,4795,32,1,37.0,37.0
14021,4795,26,1,42.0,42.0
14022,4796,7,1,36.0,36.0
14023,4796,28,2,34.0,68.0
14024,4796,18,1,38.0,38.0
14025,4797,3,1,42.0,42.0
14026,4797,9,1,35.0,35.0
14027,4797,23,1,18.0,18.0
14028,4798,17,2,26.0,52.0
14029,4798,9,3,35.0,105.0
14030,4798,5,2,30.0,60.0
14031,4799,23,2,18.0,36.0
14032,4799,26,2,42.0,84.0
14033,4799,7,1,36.0,36.0
14034,4800,26,2,42.0,84.0
14035,4800,33,2,14.0,28.0
14036,4800,8,1,24.0,24.0
14037,4800,3,1,42.0,42.0
14038,4801,40,1,10.0,10.0
14039,4801,38,1,12.0,12.0
14040,4801,4,1,22.0,22.0
14041,4802,29,1,44.0,44.0
14042,4803,8,2,24.0,48.0
14043,4803,16,2,32.0,64.0
14044,4803,1,2,28.0,56.0
14045,4803,2,3,34.0,102.0
14046,4804,15,3,30.0,90.0
14047,4804,6,1,38.0,38.0
14048,4805,30,1,38.0,38.0
14049,4806,20,1,16.0,16.0
14050,4806,2,1,34.0,34.0
14051,4806,7,1,36.0,36.0
14052,4806,6,1,38.0,38.0
14053,4806,5,2,30.0,60.0
14054,4806,24,1,24.0,24.0
14055,4807,3,1,42.0,42.0
14056,4807,37,3,18.0,54.0
14057,4808,9,2,35.0,70.0
14058,4808,28,3,34.0,102.0
14059,4808,19,1,18.0,18.0
14060,4809,3,2,42.0,84.0
14061,4809,5,1,30.0,30.0
14062,4809,4,3,22.0,66.0
14063,4809,7,1,36.0,36.0
14064,4809,31,3,36.0,108.0
14065,4810,15,3,30.0,90.0
14066,4810,34,2,10.0,20.0
14067,4810,13,1,28.0,28.0
14068,4811,7,1,36.0,36.0
14069,4811,35,2,9.0,18.0
14070,4811,12,1,36.0,36.0
14071,4811,8,1,24.0,24.0
14072,4811,24,1,24.0,24.0
14073,4811,18,2,38.0,76.0
14074,4812,2,3,34.0,102.0
14075,4812,34,2,10.0,20.0
14076,4813,37,3,18.0,54.0
14077,4813,5,2,30.0,60.0
14078,4813,12,1,36.0,36.0
14079,4813,7,3,36.0,108.0
14080,4813,23,1,18.0,18.0
14081,4814,16,1,32.0,32.0
14082,4814,12,3,36.0,108.0
14083,4814,2,1,34.0,34.0
14084,4815,13,1,28.0,28.0
14085,4815,7,2,36.0,72.0
14086,4815,25,2,26.0,52.0
14087,4816,39,1,8.0,8.0
14088,4816,26,2,42.0,84.0
14089,4817,34,2,10.0,20.0
14090,4817,20,1,16.0,16.0
14091,4817,26,2,42.0,84.0
14092,4818,32,2,37.0,74.0
14093,4818,21,2,20.0,40.0
14094,4818,8,2,24.0,48.0
14095,4819,8,1,24.0,24.0
14096,4819,38,1,12.0,12.0
14097,4820,1,2,28.0,56.0
14098,4820,7,1,36.0,36.0
14099,4820,37,2,18.0,36.0
14100,4820,8,2,24.0,48.0
14101,4821,23,2,18.0,36.0
14102,4821,26,2,42.0,84.0
14103,4822,8,3,24.0,72.0
14104,4822,10,1,32.0,32.0
14105,4822,1,1,28.0,28.0
14106,4823,7,3,36.0,108.0
14107,4823,37,3,18.0,54.0
14108,4824,15,2,30.0,60.0
14109,4824,6,1,38.0,38.0
14110,4824,22,2,22.0,44.0
14111,4824,19,3,18.0,54.0
14112,4824,38,1,12.0,12.0
14113,4825,15,1,30.0,30.0
14114,4826,2,1,34.0,34.0
14115,4826,6,2,38.0,76.0
14116,4827,31,2,36.0,72.0
14117,4827,13,1,28.0,28.0
14118,4827,4,1,22.0,22.0
14119,4827,7,2,36.0,72.0
14120,4828,22,3,22.0,66.0
14121,4828,5,2,30.0,60.0
14122,4828,37,2,18.0,36.0
14123,4829,8,2,24.0,48.0
14124,4829,28,2,34.0,68.0
14125,4830,38,1,12.0,12.0
14126,4830,19,1,18.0,18.0
14127,4831,13,2,28.0,56.0
14128,4831,2,3,34.0,102.0
14129,4831,1,1,28.0,28.0
14130,4831,5,1,30.0,30.0
14131,4831,8,2,24.0,48.0
14132,4831,37,2,18.0,36.0
14133,4832,7,2,36.0,72.0
14134,4832,12,1,36.0,36.0
14135,4832,13,1,28.0,28.0
14136,4833,25,2,26.0,52.0
14137,4833,23,2,18.0,36.0
14138,4834,11,1,33.0,33.0
14139,4834,8,2,24.0,48.0
14140,4835,1,1,28.0,28.0
14141,4835,23,2,18.0,36.0
14142,4836,37,1,18.0,18.0
14143,4836,1,1,28.0,28.0
14144,4836,14,1,45.0,45.0
14145,4836,6,2,38.0,76.0
14146,4836,34,2,10.0,20.0
14147,4837,26,1,42.0,42.0
14148,4837,2,2,34.0,68.0
14149,4837,21,1,20.0,20.0
14150,4837,16,1,32.0,32.0
14151,4838,37,1,18.0,18.0
14152,4838,3,1,42.0,42.0
14153,4839,2,1,34.0,34.0
14154,4839,30,2,38.0,76.0
14155,4840,26,2,42.0,84.0
14156,4841,18,1,38.0,38.0
14157,4841,32,3,37.0,111.0
14158,4841,30,2,38.0,76.0
14159,4842,33,2,14.0,28.0
14160,4842,1,1,28.0,28.0
14161,4842,16,2,32.0,64.0
14162,4843,8,1,24.0,24.0
14163,4843,34,1,10.0,10.0
14164,4843,15,2,30.0,60.0
14165,4844,11,2,33.0,66.0
14166,4844,10,1,32.0,32.0
14167,4844,33,1,14.0,14.0
14168,4844,7,1,36.0,36.0
14169,4844,36,1,6.0,6.0
14170,4844,8,2,24.0,48.0
14171,4845,40,2,10.0,20.0
14172,4845,2,1,34.0,34.0
14173,4845,37,1,18.0,18.0
14174,4845,28,3,34.0,102.0
14175,4845,32,2,37.0,74.0
14176,4846,15,2,30.0,60.0
14177,4846,2,1,34.0,34.0
14178,4846,8,2,24.0,48.0
14179,4846,34,3,10.0,30.0
14180,4846,33,1,14.0,14.0
14181,4847,8,3,24.0,72.0
14182,4847,5,1,30.0,30.0
14183,4847,11,2,33.0,66.0
14184,4847,30,1,38.0,38.0
14185,4847,1,1,28.0,28.0
14186,4848,37,1,18.0,18.0
14187,4848,19,1,18.0,18.0
14188,4848,22,1,22.0,22.0
14189,4849,6,1,38.0,38.0
14190,4849,24,3,24.0,72.0
14191,4849,38,1,12.0,12.0
14192,4850,37,1,18.0,18.0
14193,4850,15,2,30.0,60.0
14194,4851,10,1,32.0,32.0
14195,4851,21,1,20.0,20.0
14196,4852,10,1,32.0,32.0
14197,4852,17,3,26.0,78.0
14198,4852,40,1,10.0,10.0
14199,4852,6,1,38.0,38.0
14200,4853,19,1,18.0,18.0
14201,4853,7,2,36.0,72.0
14202,4854,1,1,28.0,28.0
14203,4854,2,2,34.0,68.0
14204,4855,6,1,38.0,38.0
14205,4856,15,1,30.0,30.0
14206,4856,23,1,18.0,18.0
14207,4856,37,1,18.0,18.0
14208,4856,8,1,24.0,24.0
14209,4857,14,1,45.0,45.0
14210,4857,26,1,42.0,42.0
14211,4857,33,3,14.0,42.0
14212,4857,32,2,37.0,74.0
14213,4858,36,1,6.0,6.0
14214,4858,12,3,36.0,108.0
14215,4858,26,2,42.0,84.0
14216,4859,20,1,16.0,16.0
14217,4859,37,2,18.0,36.0
14218,4859,6,1,38.0,38.0
14219,4859,31,2,36.0,72.0
14220,4860,26,2,42.0,84.0
14221,4860,13,1,28.0,28.0
14222,4860,7,2,36.0,72.0
14223,4861,33,1,14.0,14.0
14224,4861,2,2,34.0,68.0
14225,4861,34,2,10.0,20.0
14226,4861,27,2,25.0,50.0
14227,4862,36,1,6.0,6.0
14228,4862,25,2,26.0,52.0
14229,4862,20,1,16.0,16.0
14230,4863,14,3,45.0,135.0
14231,4863,8,2,24.0,48.0
14232,4863,10,2,32.0,64.0
14233,4863,26,2,42.0,84.0
14234,4863,18,1,38.0,38.0
14235,4864,13,2,28.0,56.0
14236,4865,23,1,18.0,18.0
14237,4865,8,2,24.0,48.0
14238,4865,10,1,32.0,32.0
14239,4866,30,1,38.0,38.0
14240,4866,39,1,8.0,8.0
14241,4867,10,1,32.0,32.0
14242,4867,3,2,42.0,84.0
14243,4867,2,1,34.0,34.0
14244,4868,14,1,45.0,45.0
14245,4868,7,1,36.0,36.0
14246,4868,3,1,42.0,42.0
14247,4868,37,1,18.0,18.0
14248,4869,21,1,20.0,20.0
14249,4869,2,2,34.0,68.0
14250,4869,10,1,32.0,32.0
14251,4870,25,1,26.0,26.0
14252,4871,37,3,18.0,54.0
14253,4871,1,2,28.0,56.0
14254,4871,16,1,32.0,32.0
14255,4871,3,2,42.0,84.0
14256,4872,28,2,34.0,68.0
14257,4872,37,3,18.0,54.0
14258,4873,25,2,26.0,52.0
14259,4873,23,1,18.0,18.0
14260,4873,12,1,36.0,36.0
14261,4873,7,1,36.0,36.0
14262,4874,19,1,18.0,18.0
14263,4874,7,1,36.0,36.0
14264,4875,2,1,34.0,34.0
14265,4875,23,2,18.0,36.0
14266,4875,21,1,20.0,20.0
14267,4875,4,1,22.0,22.0
14268,4876,2,2,34.0,68.0
14269,4876,7,1,36.0,36.0
14270,4876,13,3,28.0,84.0
14271,4876,30,1,38.0,38.0
14272,4877,20,2,16.0,32.0
14273,4877,8,2,24.0,48.0
14274,4877,23,1,18.0,18.0
14275,4877,2,3,34.0,102.0
14276,4878,4,2,22.0,44.0
14277,4878,26,1,42.0,42.0
14278,4878,2,2,34.0,68.0
14279,4878,9,1,35.0,35.0
14280,4878,37,1,18.0,18.0
14281,4879,16,3,32.0,96.0
14282,4879,33,1,14.0,14.0
14283,4880,36,3,6.0,18.0
14284,4880,2,2,34.0,68.0
14285,4880,1,1,28.0,28.0
14286,4881,8,2,24.0,48.0
14287,4881,37,1,18.0,18.0
14288,4882,8,2,24.0,48.0
14289,4882,5,1,30.0,30.0
14290,4883,12,3,36.0,108.0
14291,4883,5,1,30.0,30.0
14292,4884,14,2,45.0,90.0
14293,4884,37,1,18.0,18.0
14294,4884,5,1,30.0,30.0
14295,4885,2,2,34.0,68.0
14296,4885,8,3,24.0,72.0
14297,4885,28,1,34.0,34.0
14298,4886,19,2,18.0,36.0
14299,4887,7,3,36.0,108.0
14300,4887,22,2,22.0,44.0
14301,4888,7,1,36.0,36.0
14302,4888,39,1,8.0,8.0
14303,4888,12,1,36.0,36.0
14304,4888,30,3,38.0,114.0
14305,4888,32,1,37.0,37.0
14306,4889,7,1,36.0,36.0
14307,4889,9,2,35.0,70.0
14308,4889,35,2,9.0,18.0
14309,4890,8,1,24.0,24.0
14310,4891,7,1,36.0,36.0
14311,4891,18,1,38.0,38.0
14312,4892,5,1,30.0,30.0
14313,4892,7,1,36.0,36.0
14314,4893,30,2,38.0,76.0
14315,4893,23,1,18.0,18.0
14316,4894,20,2,16.0,32.0
14317,4894,33,1,14.0,14.0
14318,4895,26,2,42.0,84.0
14319,4895,40,3,10.0,30.0
14320,4895,20,1,16.0,16.0
14321,4895,39,2,8.0,16.0
14322,4895,2,1,34.0,34.0
14323,4895,24,1,24.0,24.0
14324,4896,24,2,24.0,48.0
14325,4896,12,1,36.0,36.0
14326,4896,13,2,28.0,56.0
14327,4896,29,2,44.0,88.0
14328,4897,34,1,10.0,10.0
14329,4898,10,1,32.0,32.0
14330,4898,7,1,36.0,36.0
14331,4898,11,1,33.0,33.0
14332,4898,1,1,28.0,28.0
14333,4898,2,1,34.0,34.0
14334,4898,38,1,12.0,12.0
14335,4899,23,1,18.0,18.0
14336,4899,34,1,10.0,10.0
14337,4899,8,2,24.0,48.0
14338,4900,24,2,24.0,48.0
14339,4900,37,1,18.0,18.0
14340,4901,30,1,38.0,38.0
14341,4901,12,2,36.0,72.0
14342,4901,3,3,42.0,126.0
14343,4901,28,1,34.0,34.0
14344,4902,37,3,18.0,54.0
14345,4903,8,1,24.0,24.0
14346,4903,24,2,24.0,48.0
14347,4904,8,1,24.0,24.0
14348,4904,2,1,34.0,34.0
14349,4905,17,3,26.0,78.0
14350,4905,22,2,22.0,44.0
14351,4905,6,1,38.0,38.0
14352,4906,8,1,24.0,24.0
14353,4906,5,2,30.0,60.0
14354,4907,13,2,28.0,56.0
14355,4908,26,2,42.0,84.0
14356,4908,5,1,30.0,30.0
14357,4908,10,2,32.0,64.0
14358,4909,7,1,36.0,36.0
14359,4909,15,2,30.0,60.0
14360,4910,5,1,30.0,30.0
14361,4910,37,1,18.0,18.0
14362,4911,17,1,26.0,26.0
14363,4911,23,2,18.0,36.0
14364,4911,4,3,22.0,66.0
14365,4912,11,1,33.0,33.0
14366,4912,1,1,28.0,28.0
14367,4912,5,1,30.0,30.0
14368,4912,10,1,32.0,32.0
14369,4912,25,2,26.0,52.0
14370,4912,2,2,34.0,68.0
14371,4913,20,1,16.0,16.0
14372,4913,23,2,18.0,36.0
14373,4914,37,1,18.0,18.0
14374,4914,11,1,33.0,33.0
14375,4914,1,1,28.0,28.0
14376,4915,10,1,32.0,32.0
14377,4915,7,1,36.0,36.0
14378,4915,9,1,35.0,35.0
14379,4915,1,1,28.0,28.0
14380,4915,20,2,16.0,32.0
14381,4916,2,1,34.0,34.0
14382,4917,1,1,28.0,28.0
14383,4917,25,1,26.0,26.0
14384,4917,13,1,28.0,28.0
14385,4918,20,1,16.0,16.0
14386,4918,34,1,10.0,10.0
14387,4919,13,2,28.0,56.0
14388,4919,4,1,22.0,22.0
14389,4919,23,1,18.0,18.0
14390,4920,10,1,32.0,32.0
14391,4920,1,3,28.0,84.0
14392,4921,22,2,22.0,44.0
14393,4921,18,1,38.0,38.0
14394,4921,35,2,9.0,18.0
14395,4921,16,1,32.0,32.0
14396,4922,34,1,10.0,10.0
14397,4922,20,2,16.0,32.0
14398,4922,23,2,18.0,36.0
14399,4922,31,1,36.0,36.0
14400,4923,8,1,24.0,24.0
14401,4923,2,1,34.0,34.0
14402,4923,13,1,28.0,28.0
14403,4923,17,3,26.0,78.0
14404,4924,29,1,44.0,44.0
14405,4924,33,1,14.0,14.0
14406,4924,16,2,32.0,64.0
14407,4924,6,2,38.0,76.0
14408,4925,4,1,22.0,22.0
14409,4925,1,1,28.0,28.0
14410,4925,2,1,34.0,34.0
14411,4926,15,1,30.0,30.0
14412,4926,10,3,32.0,96.0
14413,4926,8,1,24.0,24.0
14414,4927,33,1,14.0,14.0
14415,4927,7,1,36.0,36.0
14416,4928,30,1,38.0,38.0
14417,4928,33,2,14.0,28.0
14418,4928,23,1,18.0,18.0
14419,4929,16,3,32.0,96.0
14420,4929,32,1,37.0,37.0
14421,4929,36,2,6.0,12.0
14422,4930,7,2,36.0,72.0
14423,4930,1,1,28.0,28.0
14424,4931,5,3,30.0,90.0
14425,4931,38,1,12.0,12.0
14426,4931,1,1,28.0,28.0
14427,4931,7,2,36.0,72.0
14428,4932,13,2,28.0,56.0
14429,4932,7,1,36.0,36.0
14430,4932,1,1,28.0,28.0
14431,4932,23,2,18.0,36.0
14432,4933,8,2,24.0,48.0
14433,4933,39,1,8.0,8.0
14434,4933,15,1,30.0,30.0
14435,4933,13,1,28.0,28.0
14436,4933,20,1,16.0,16.0
14437,4934,13,1,28.0,28.0
14438,4934,33,1,14.0,14.0
14439,4935,13,1,28.0,28.0
14440,4935,16,3,32.0,96.0
14441,4936,1,2,28.0,56.0
14442,4936,11,1,33.0,33.0
14443,4936,23,1,18.0,18.0
14444,4937,8,3,24.0,72.0
14445,4937,31,1,36.0,36.0
14446,4937,3,2,42.0,84.0
14447,4938,13,1,28.0,28.0
14448,4938,4,1,22.0,22.0
14449,4938,9,1,35.0,35.0
14450,4939,27,2,25.0,50.0
14451,4939,25,1,26.0,26.0
14452,4939,3,1,42.0,42.0
14453,4939,23,2,18.0,36.0
14454,4940,18,1,38.0,38.0
14455,4940,10,1,32.0,32.0
14456,4940,23,1,18.0,18.0
14457,4941,18,3,38.0,114.0
14458,4941,5,3,30.0,90.0
14459,4941,23,1,18.0,18.0
14460,4941,21,1,20.0,20.0
14461,4941,26,1,42.0,42.0
14462,4942,28,1,34.0,34.0
14463,4942,2,1,34.0,34.0
14464,4942,30,2,38.0,76.0
14465,4942,33,2,14.0,28.0
14466,4942,22,1,22.0,22.0
14467,4942,5,1,30.0,30.0
14468,4943,7,3,36.0,108.0
14469,4943,2,2,34.0,68.0
14470,4943,16,1,32.0,32.0
14471,4943,26,2,42.0,84.0
14472,4944,12,1,36.0,36.0
14473,4944,7,1,36.0,36.0
14474,4945,39,1,8.0,8.0
14475,4945,32,1,37.0,37.0
14476,4945,21,1,20.0,20.0
14477,4946,2,1,34.0,34.0
14478,4946,12,1,36.0,36.0
14479,4946,31,2,36.0,72.0
14480,4946,18,1,38.0,38.0
14481,4946,5,1,30.0,30.0
14482,4947,26,1,42.0,42.0
14483,4947,34,1,10.0,10.0
14484,4947,9,1,35.0,35.0
14485,4948,26,1,42.0,42.0
14486,4948,7,2,36.0,72.0
14487,4948,37,2,18.0,36.0
14488,4949,7,1,36.0,36.0
14489,4949,31,1,36.0,36.0
14490,4950,23,1,18.0,18.0
14491,4950,1,1,28.0,28.0
14492,4950,3,2,42.0,84.0
14493,4951,6,1,38.0,38.0
14494,4951,24,1,24.0,24.0
14495,4951,2,2,34.0,68.0
14496,4952,38,1,12.0,12.0
14497,4952,6,1,38.0,38.0
14498,4952,15,1,30.0,30.0
14499,4952,18,1,38.0,38.0
14500,4953,12,1,36.0,36.0
14501,4953,34,3,10.0,30.0
14502,4954,21,1,20.0,20.0
14503,4954,40,1,10.0,10.0
14504,4955,19,1,18.0,18.0
14505,4955,40,1,10.0,10.0
14506,4955,29,2,44.0,88.0
14507,4955,3,2,42.0,84.0
14508,4956,8,1,24.0,24.0
14509,4956,36,3,6.0,18.0
14510,4956,25,1,26.0,26.0
14511,4956,33,1,14.0,14.0
14512,4957,6,1,38.0,38.0
14513,4957,8,1,24.0,24.0
14514,4957,15,1,30.0,30.0
14515,4957,18,2,38.0,76.0
14516,4957,1,1,28.0,28.0
14517,4957,21,1,20.0,20.0
14518,4958,2,1,34.0,34.0
14519,4958,34,1,10.0,10.0
14520,4958,37,1,18.0,18.0
14521,4959,18,1,38.0,38.0
14522,4960,7,1,36.0,36.0
14523,4960,8,1,24.0,24.0
14524,4961,7,2,36.0,72.0
14525,4961,29,1,44.0,44.0
14526,4962,28,1,34.0,34.0
14527,4962,12,1,36.0,36.0
14528,4963,1,3,28.0,84.0
14529,4963,11,1,33.0,33.0
14530,4963,31,1,36.0,36.0
14531,4963,3,1,42.0,42.0
14532,4964,8,2,24.0,48.0
14533,4965,8,1,24.0,24.0
14534,4965,38,1,12.0,12.0
14535,4965,27,3,25.0,75.0
14536,4966,18,2,38.0,76.0
14537,4966,8,2,24.0,48.0
14538,4967,36,1,6.0,6.0
14539,4967,27,1,25.0,25.0
14540,4967,5,2,30.0,60.0
14541,4967,28,2,34.0,68.0
14542,4968,15,1,30.0,30.0
14543,4969,35,1,9.0,9.0
14544,4969,40,2,10.0,20.0
14545,4970,20,2,16.0,32.0
14546,4970,4,1,22.0,22.0
14547,4970,21,1,20.0,20.0
14548,4970,23,1,18.0,18.0
14549,4970,33,1,14.0,14.0
14550,4971,10,1,32.0,32.0
14551,4971,4,1,22.0,22.0
14552,4972,7,1,36.0,36.0
14553,4973,27,1,25.0,25.0
14554,4973,9,1,35.0,35.0
14555,4973,24,1,24.0,24.0
14556,4974,34,1,10.0,10.0
14557,4974,36,1,6.0,6.0
14558,4974,29,1,44.0,44.0
14559,4975,5,1,30.0,30.0
14560,4975,34,1,10.0,10.0
14561,4975,27,3,25.0,75.0
14562,4975,12,2,36.0,72.0
14563,4975,8,1,24.0,24.0
14564,4976,13,1,28.0,28.0
14565,4976,8,1,24.0,24.0
14566,4976,2,2,34.0,68.0
14567,4976,23,2,18.0,36.0
14568,4977,36,1,6.0,6.0
14569,4977,24,1,24.0,24.0
14570,4977,15,1,30.0,30.0
14571,4977,14,3,45.0,135.0
14572,4978,21,1,20.0,20.0
14573,4979,14,2,45.0,90.0
14574,4979,30,1,38.0,38.0
14575,4979,16,1,32.0,32.0
14576,4980,2,1,34.0,34.0
14577,4980,16,1,32.0,32.0
14578,4980,30,1,38.0,38.0
14579,4981,5,1,30.0,30.0
14580,4981,35,1,9.0,9.0
14581,4981,3,1,42.0,42.0
14582,4981,1,1,28.0,28.0
14583,4982,2,2,34.0,68.0
14584,4982,27,1,25.0,25.0
14585,4982,8,2,24.0,48.0
14586,4982,10,3,32.0,96.0
14587,4982,12,1,36.0,36.0
14588,4983,7,2,36.0,72.0
14589,4984,28,1,34.0,34.0
14590,4985,23,1,18.0,18.0
14591,4985,31,1,36.0,36.0
14592,4986,23,1,18.0,18.0
14593,4986,18,1,38.0,38.0
14594,4986,12,1,36.0,36.0
14595,4986,7,1,36.0,36.0
14596,4987,37,1,18.0,18.0
14597,4987,26,2,42.0,84.0
14598,4987,29,1,44.0,44.0
14599,4987,13,2,28.0,56.0
14600,4987,8,1,24.0,24.0
14601,4987,11,1,33.0,33.0
14602,4988,27,1,25.0,25.0
14603,4988,20,3,16.0,48.0
14604,4988,18,1,38.0,38.0
14605,4988,12,1,36.0,36.0
14606,4988,10,1,32.0,32.0
14607,4988,7,2,36.0,72.0
14608,4989,6,2,38.0,76.0
14609,4989,27,1,25.0,25.0
14610,4990,35,2,9.0,18.0
14611,4990,16,1,32.0,32.0
14612,4990,24,1,24.0,24.0
14613,4991,2,2,34.0,68.0
14614,4991,12,1,36.0,36.0
14615,4991,7,2,36.0,72.0
14616,4991,10,2,32.0,64.0
14617,4991,36,1,6.0,6.0
14618,4992,38,1,12.0,12.0
14619,4992,20,1,16.0,16.0
14620,4992,13,2,28.0,56.0
14621,4993,7,2,36.0,72.0
14622,4993,8,1,24.0,24.0
14623,4993,38,1,12.0,12.0
14624,4994,20,1,16.0,16.0
14625,4994,2,1,34.0,34.0
14626,4995,10,1,32.0,32.0
14627,4995,1,1,28.0,28.0
14628,4995,8,1,24.0,24.0
14629,4996,12,1,36.0,36.0
14630,4996,17,2,26.0,52.0
14631,4996,29,1,44.0,44.0
14632,4996,26,1,42.0,42.0
14633,4996,23,1,18.0,18.0
14634,4997,24,3,24.0,72.0
14635,4998,7,1,36.0,36.0
14636,4998,12,2,36.0,72.0
14637,4998,31,2,36.0,72.0
14638,4999,24,1,24.0,24.0
14639,4999,20,1,16.0,16.0
14640,5000,20,1,16.0,16.0
14641,5000,8,2,24.0,48.0
14642,5001,24,1,24.0,24.0
14643,5001,21,1,20.0,20.0
14644,5001,6,1,38.0,38.0
14645,5002,5,1,30.0,30.0
14646,5002,4,1,22.0,22.0
14647,5002,15,1,30.0,30.0
14648,5002,25,2,26.0,52.0
14649,5003,8,2,24.0,48.0
14650,5003,30,2,38.0,76.0
14651,5004,6,1,38.0,38.0
14652,5004,22,1,22.0,22.0
14653,5004,30,1,38.0,38.0
14654,5005,22,1,22.0,22.0
14655,5006,8,2,24.0,48.0
14656,5006,30,1,38.0,38.0
14657,5006,38,1,12.0,12.0
14658,5006,3,2,42.0,84.0
14659,5007,28,1,34.0,34.0
14660,5007,8,1,24.0,24.0
14661,5007,30,2,38.0,76.0
14662,5007,12,3,36.0,108.0
14663,5008,20,1,16.0,16.0
14664,5008,7,2,36.0,72.0
14665,5008,10,1,32.0,32.0
14666,5008,18,1,38.0,38.0
14667,5009,30,2,38.0,76.0
14668,5009,37,1,18.0,18.0
14669,5010,25,2,26.0,52.0
14670,5010,2,1,34.0,34.0
14671,5011,27,1,25.0,25.0
14672,5011,35,1,9.0,9.0
14673,5011,24,1,24.0,24.0
14674,5011,8,1,24.0,24.0
14675,5012,16,1,32.0,32.0
14676,5013,23,2,18.0,36.0
14677,5014,21,1,20.0,20.0
14678,5014,19,1,18.0,18.0
14679,5014,28,2,34.0,68.0
14680,5014,8,1,24.0,24.0
14681,5014,23,2,18.0,36.0
14682,5015,20,1,16.0,16.0
14683,5015,4,1,22.0,22.0
14684,5015,24,2,24.0,48.0
14685,5015,14,2,45.0,90.0
14686,5015,30,2,38.0,76.0
14687,5016,19,3,18.0,54.0
14688,5017,23,1,18.0,18.0
14689,5017,24,1,24.0,24.0
14690,5018,24,2,24.0,48.0
14691,5019,9,1,35.0,35.0
14692,5019,11,1,33.0,33.0
14693,5019,1,1,28.0,28.0
14694,5019,31,1,36.0,36.0
14695,5019,12,1,36.0,36.0
14696,5020,10,1,32.0,32.0
14697,5020,6,2,38.0,76.0
14698,5021,12,3,36.0,108.0
14699,5022,7,1,36.0,36.0
14700,5022,1,1,28.0,28.0
14701,5022,23,1,18.0,18.0
14702,5022,25,3,26.0,78.0
14703,5023,32,1,37.0,37.0
14704,5023,11,1,33.0,33.0
14705,5023,14,2,45.0,90.0
14706,5024,29,1,44.0,44.0
14707,5025,10,1,32.0,32.0
14708,5025,7,2,36.0,72.0
14709,5026,31,1,36.0,36.0
14710,5026,1,1,28.0,28.0
14711,5027,35,2,9.0,18.0
14712,5027,12,1,36.0,36.0
14713,5027,7,2,36.0,72.0
14714,5028,3,1,42.0,42.0
14715,5028,20,2,16.0,32.0
14716,5029,12,1,36.0,36.0
14717,5029,19,2,18.0,36.0
14718,5029,3,2,42.0,84.0
14719,5029,30,2,38.0,76.0
14720,5029,11,1,33.0,33.0
14721,5030,5,2,30.0,60.0
14722,5030,8,1,24.0,24.0
14723,5030,16,1,32.0,32.0
14724,5030,7,2,36.0,72.0
14725,5031,26,3,42.0,126.0
14726,5031,13,3,28.0,84.0
14727,5032,2,1,34.0,34.0
14728,5032,3,1,42.0,42.0
14729,5032,36,1,6.0,6.0
14730,5033,30,2,38.0,76.0
14731,5033,1,2,28.0,56.0
14732,5033,12,2,36.0,72.0
14733,5034,34,1,10.0,10.0
14734,5034,30,3,38.0,114.0
14735,5034,38,1,12.0,12.0
14736,5035,40,2,10.0,20.0
14737,5035,7,1,36.0,36.0
14738,5036,37,2,18.0,36.0
14739,5036,32,2,37.0,74.0
14740,5036,7,1,36.0,36.0
14741,5037,37,2,18.0,36.0
14742,5037,4,1,22.0,22.0
14743,5038,20,1,16.0,16.0
14744,5038,30,3,38.0,114.0
14745,5038,14,1,45.0,45.0
14746,5038,26,1,42.0,42.0
14747,5038,5,2,30.0,60.0
14748,5039,10,1,32.0,32.0
14749,5039,18,1,38.0,38.0
14750,5039,15,1,30.0,30.0
14751,5040,23,3,18.0,54.0
14752,5040,25,3,26.0,78.0
14753,5041,20,1,16.0,16.0
14754,5041,23,1,18.0,18.0
14755,5041,33,2,14.0,28.0
14756,5041,8,1,24.0,24.0
14757,5042,2,2,34.0,68.0
14758,5042,4,2,22.0,44.0
14759,5042,13,2,28.0,56.0
14760,5043,27,1,25.0,25.0
14761,5043,39,1,8.0,8.0
14762,5043,29,1,44.0,44.0
14763,5044,6,2,38.0,76.0
14764,5044,2,1,34.0,34.0
14765,5044,23,1,18.0,18.0
14766,5044,11,1,33.0,33.0
14767,5045,6,1,38.0,38.0
14768,5045,35,1,9.0,9.0
14769,5045,32,1,37.0,37.0
14770,5045,20,2,16.0,32.0
14771,5045,12,3,36.0,108.0
14772,5046,26,3,42.0,126.0
14773,5046,8,1,24.0,24.0
14774,5047,26,1,42.0,42.0
14775,5047,19,1,18.0,18.0
14776,5048,20,1,16.0,16.0
14777,5048,27,1,25.0,25.0
14778,5049,31,2,36.0,72.0
14779,5049,2,2,34.0,68.0
14780,5049,5,1,30.0,30.0
14781,5050,3,1,42.0,42.0
14782,5050,10,1,32.0,32.0
14783,5051,36,1,6.0,6.0
14784,5051,6,3,38.0,114.0
14785,5051,5,1,30.0,30.0
14786,5051,17,1,26.0,26.0
14787,5051,4,2,22.0,44.0
14788,5051,23,1,18.0,18.0
14789,5052,12,2,36.0,72.0
14790,5052,8,1,24.0,24.0
14791,5053,25,2,26.0,52.0
14792,5053,5,1,30.0,30.0
14793,5054,12,2,36.0,72.0
14794,5054,7,1,36.0,36.0
14795,5054,34,1,10.0,10.0
14796,5054,1,3,28.0,84.0
14797,5055,19,1,18.0,18.0
14798,5056,7,1,36.0,36.0
14799,5056,18,1,38.0,38.0
14800,5056,30,1,38.0,38.0
14801,5056,33,1,14.0,14.0
14802,5056,29,1,44.0,44.0
14803,5057,38,2,12.0,24.0
14804,5057,24,2,24.0,48.0
14805,5057,13,1,28.0,28.0
14806,5058,32,3,37.0,111.0
14807,5058,35,2,9.0,18.0
14808,5058,10,3,32.0,96.0
14809,5058,17,2,26.0,52.0
14810,5058,5,2,30.0,60.0
14811,5058,30,1,38.0,38.0
14812,5059,33,1,14.0,14.0
14813,5059,28,2,34.0,68.0
14814,5059,7,2,36.0,72.0
14815,5060,1,2,28.0,56.0
14816,5060,2,1,34.0,34.0
14817,5060,36,1,6.0,6.0
14818,5061,18,1,38.0,38.0
14819,5061,36,1,6.0,6.0
14820,5061,22,1,22.0,22.0
14821,5061,6,1,38.0,38.0
14822,5062,35,2,9.0,18.0
14823,5062,28,2,34.0,68.0
14824,5062,30,1,38.0,38.0
14825,5062,37,1,18.0,18.0
14826,5062,23,2,18.0,36.0
14827,5063,5,1,30.0,30.0
14828,5063,16,3,32.0,96.0
14829,5063,10,1,32.0,32.0
14830,5064,35,2,9.0,18.0
14831,5064,31,3,36.0,108.0
14832,5065,7,2,36.0,72.0
14833,5065,8,1,24.0,24.0
14834,5065,6,2,38.0,76.0
14835,5066,1,2,28.0,56.0
14836,5066,8,2,24.0,48.0
14837,5067,6,2,38.0,76.0
14838,5067,19,2,18.0,36.0
14839,5067,10,1,32.0,32.0
14840,5068,2,2,34.0,68.0
14841,5068,1,1,28.0,28.0
14842,5068,37,3,18.0,54.0
14843,5068,28,2,34.0,68.0
14844,5069,2,3,34.0,102.0
14845,5069,18,2,38.0,76.0
14846,5069,8,1,24.0,24.0
14847,5069,19,1,18.0,18.0
14848,5070,2,1,34.0,34.0
14849,5070,36,1,6.0,6.0
14850,5071,39,3,8.0,24.0
14851,5071,7,1,36.0,36.0
14852,5071,12,1,36.0,36.0
14853,5071,8,3,24.0,72.0
14854,5072,19,1,18.0,18.0
14855,5072,2,1,34.0,34.0
14856,5072,5,1,30.0,30.0
14857,5072,37,2,18.0,36.0
14858,5072,1,1,28.0,28.0
14859,5072,8,2,24.0,48.0
14860,5073,9,1,35.0,35.0
14861,5074,13,1,28.0,28.0
14862,5074,7,1,36.0,36.0
14863,5075,38,1,12.0,12.0
14864,5075,8,1,24.0,24.0
14865,5075,16,1,32.0,32.0
14866,5076,13,2,28.0,56.0
14867,5076,16,1,32.0,32.0
14868,5076,2,1,34.0,34.0
14869,5076,1,3,28.0,84.0
14870,5077,1,1,28.0,28.0
14871,5077,37,1,18.0,18.0
14872,5077,30,1,38.0,38.0
14873,5078,13,2,28.0,56.0
14874,5078,20,1,16.0,16.0
14875,5078,36,2,6.0,12.0
14876,5079,36,2,6.0,12.0
14877,5079,28,3,34.0,102.0
14878,5079,29,1,44.0,44.0
14879,5079,1,2,28.0,56.0
14880,5080,13,3,28.0,84.0
14881,5081,5,1,30.0,30.0
14882,5082,2,3,34.0,102.0
14883,5082,32,1,37.0,37.0
14884,5082,19,1,18.0,18.0
14885,5083,37,2,18.0,36.0
14886,5083,8,1,24.0,24.0
14887,5083,32,1,37.0,37.0
14888,5084,25,1,26.0,26.0
14889,5084,8,1,24.0,24.0
14890,5084,19,2,18.0,36.0
14891,5085,24,1,24.0,24.0
14892,5085,4,1,22.0,22.0
14893,5086,3,1,42.0,42.0
14894,5086,21,1,20.0,20.0
14895,5086,28,2,34.0,68.0
14896,5086,35,1,9.0,9.0
14897,5086,39,1,8.0,8.0
14898,5087,4,1,22.0,22.0
14899,5087,1,2,28.0,56.0
14900,5088,16,2,32.0,64.0
14901,5088,25,1,26.0,26.0
14902,5088,1,1,28.0,28.0
14903,5089,5,1,30.0,30.0
14904,5089,32,1,37.0,37.0
14905,5089,6,3,38.0,114.0
14906,5089,2,2,34.0,68.0
14907,5090,27,1,25.0,25.0
14908,5090,1,1,28.0,28.0
14909,5090,5,2,30.0,60.0
14910,5091,26,3,42.0,126.0
14911,5091,5,1,30.0,30.0
14912,5092,2,1,34.0,34.0
14913,5092,34,1,10.0,10.0
14914,5092,7,1,36.0,36.0
14915,5092,37,1,18.0,18.0
14916,5092,14,2,45.0,90.0
14917,5093,4,2,22.0,44.0
14918,5093,5,1,30.0,30.0
14919,5094,24,1,24.0,24.0
14920,5094,12,1,36.0,36.0
14921,5094,26,1,42.0,42.0
14922,5095,2,1,34.0,34.0
14923,5096,26,1,42.0,42.0
14924,5096,39,1,8.0,8.0
14925,5097,8,1,24.0,24.0
14926,5098,32,1,37.0,37.0
14927,5098,39,1,8.0,8.0
14928,5099,7,1,36.0,36.0
14929,5099,1,1,28.0,28.0
14930,5099,16,2,32.0,64.0
14931,5099,30,1,38.0,38.0
14932,5100,37,3,18.0,54.0
14933,5100,19,1,18.0,18.0
14934,5101,5,1,30.0,30.0
14935,5101,28,3,34.0,102.0
14936,5102,32,2,37.0,74.0
14937,5102,17,1,26.0,26.0
14938,5103,7,1,36.0,36.0
14939,5104,28,1,34.0,34.0
14940,5104,21,3,20.0,60.0
14941,5104,10,1,32.0,32.0
14942,5104,35,1,9.0,9.0
14943,5104,7,1,36.0,36.0
14944,5105,38,3,12.0,36.0
14945,5105,18,1,38.0,38.0
14946,5105,12,1,36.0,36.0
14947,5106,6,1,38.0,38.0
14948,5106,35,1,9.0,9.0
14949,5106,13,1,28.0,28.0
14950,5107,5,1,30.0,30.0
14951,5107,20,2,16.0,32.0
14952,5107,34,2,10.0,20.0
14953,5107,10,2,32.0,64.0
14954,5107,33,1,14.0,14.0
14955,5107,17,2,26.0,52.0
14956,5108,1,1,28.0,28.0
14957,5108,31,1,36.0,36.0
14958,5109,6,1,38.0,38.0
14959,5109,3,1,42.0,42.0
14960,5109,23,3,18.0,54.0
14961,5109,15,1,30.0,30.0
14962,5109,18,1,38.0,38.0
14963,5110,4,1,22.0,22.0
14964,5110,13,3,28.0,84.0
14965,5111,5,1,30.0,30.0
14966,5111,34,3,10.0,30.0
14967,5111,18,1,38.0,38.0
14968,5112,1,2,28.0,56.0
14969,5112,8,1,24.0,24.0
14970,5112,31,1,36.0,36.0
14971,5113,8,1,24.0,24.0
14972,5113,6,1,38.0,38.0
14973,5113,30,1,38.0,38.0
14974,5114,7,1,36.0,36.0
14975,5114,28,1,34.0,34.0
14976,5114,30,1,38.0,38.0
14977,5115,1,1,28.0,28.0
14978,5116,16,1,32.0,32.0
14979,5116,9,1,35.0,35.0
14980,5116,34,2,10.0,20.0
14981,5116,19,1,18.0,18.0
14982,5117,32,1,37.0,37.0
14983,5117,23,1,18.0,18.0
14984,5117,12,3,36.0,108.0
14985,5117,4,1,22.0,22.0
14986,5117,35,2,9.0,18.0
14987,5117,30,3,38.0,114.0
14988,5118,6,1,38.0,38.0
14989,5118,5,2,30.0,60.0
14990,5118,27,1,25.0,25.0
14991,5119,11,1,33.0,33.0
14992,5119,34,1,10.0,10.0
14993,5119,1,2,28.0,56.0
14994,5119,7,1,36.0,36.0
14995,5119,26,1,42.0,42.0
14996,5120,36,2,6.0,12.0
14997,5120,20,1,16.0,16.0
14998,5120,3,1,42.0,42.0
14999,5120,11,1,33.0,33.0
15000,5120,22,1,22.0,22.0
15001,5121,19,1,18.0,18.0
15002,5121,3,1,42.0,42.0
15003,5121,21,1,20.0,20.0
15004,5121,37,2,18.0,36.0
15005,5122,27,2,25.0,50.0
15006,5122,20,3,16.0,48.0
15007,5123,28,1,34.0,34.0
15008,5123,19,1,18.0,18.0
15009,5123,25,2,26.0,52.0
15010,5123,26,1,42.0,42.0
15011,5124,7,1,36.0,36.0
15012,5124,25,3,26.0,78.0
15013,5125,34,3,10.0,30.0
15014,5125,32,1,37.0,37.0
15015,5125,3,1,42.0,42.0
15016,5126,7,1,36.0,36.0
15017,5126,30,1,38.0,38.0
15018,5126,37,2,18.0,36.0
15019,5126,16,1,32.0,32.0
15020,5127,3,3,42.0,126.0
15021,5128,6,1,38.0,38.0
15022,5129,27,1,25.0,25.0
15023,5129,23,1,18.0,18.0
15024,5129,8,3,24.0,72.0
15025,5129,2,1,34.0,34.0
15026,5130,30,1,38.0,38.0
15027,5130,23,1,18.0,18.0
15028,5130,14,1,45.0,45.0
15029,5130,29,2,44.0,88.0
15030,5131,5,1,30.0,30.0
15031,5131,4,1,22.0,22.0
15032,5132,35,1,9.0,9.0
15033,5132,5,2,30.0,60.0
15034,5133,5,1,30.0,30.0
15035,5133,12,1,36.0,36.0
15036,5133,10,1,32.0,32.0
15037,5133,16,1,32.0,32.0
15038,5134,6,1,38.0,38.0
15039,5134,5,1,30.0,30.0
15040,5134,12,1,36.0,36.0
15041,5135,29,1,44.0,44.0
15042,5135,23,2,18.0,36.0
15043,5136,37,1,18.0,18.0
15044,5137,2,1,34.0,34.0
15045,5137,30,2,38.0,76.0
15046,5137,38,2,12.0,24.0
15047,5138,18,3,38.0,114.0
15048,5138,26,1,42.0,42.0
15049,5138,35,1,9.0,9.0
15050,5139,27,2,25.0,50.0
15051,5139,14,2,45.0,90.0
15052,5139,28,2,34.0,68.0
15053,5139,1,1,28.0,28.0
15054,5140,24,1,24.0,24.0
15055,5140,19,2,18.0,36.0
15056,5141,14,1,45.0,45.0
15057,5141,9,1,35.0,35.0
15058,5141,20,1,16.0,16.0
15059,5142,25,1,26.0,26.0
15060,5142,13,1,28.0,28.0
15061,5142,19,1,18.0,18.0
15062,5142,4,2,22.0,44.0
15063,5142,7,1,36.0,36.0
15064,5142,21,1,20.0,20.0
15065,5143,6,3,38.0,114.0
15066,5143,27,2,25.0,50.0
15067,5143,30,1,38.0,38.0
15068,5144,1,1,28.0,28.0
15069,5144,6,1,38.0,38.0
15070,5145,26,1,42.0,42.0
15071,5145,34,3,10.0,30.0
15072,5146,37,2,18.0,36.0
15073,5146,26,1,42.0,42.0
15074,5147,19,1,18.0,18.0
15075,5147,8,2,24.0,48.0
15076,5147,12,1,36.0,36.0
15077,5147,4,1,22.0,22.0
15078,5148,8,3,24.0,72.0
15079,5148,25,2,26.0,52.0
15080,5149,13,1,28.0,28.0
15081,5149,33,2,14.0,28.0
15082,5149,24,3,24.0,72.0
15083,5150,32,1,37.0,37.0
15084,5150,8,1,24.0,24.0
15085,5150,21,2,20.0,40.0
15086,5151,2,1,34.0,34.0
15087,5151,6,2,38.0,76.0
15088,5152,5,2,30.0,60.0
15089,5152,3,1,42.0,42.0
15090,5152,37,2,18.0,36.0
15091,5153,38,2,12.0,24.0
15092,5153,6,1,38.0,38.0
15093,5153,14,1,45.0,45.0
15094,5153,26,2,42.0,84.0
15095,5154,8,2,24.0,48.0
15096,5154,6,1,38.0,38.0
15097,5154,1,1,28.0,28.0
15098,5155,21,1,20.0,20.0
15099,5155,23,1,18.0,18.0
15100,5155,5,1,30.0,30.0
15101,5156,1,1,28.0,28.0
15102,5156,3,2,42.0,84.0
15103,5156,4,1,22.0,22.0
15104,5156,33,3,14.0,42.0
15105,5157,13,1,28.0,28.0
15106,5157,6,2,38.0,76.0
15107,5158,39,1,8.0,8.0
15108,5158,19,1,18.0,18.0
15109,5158,8,1,24.0,24.0
15110,5158,10,2,32.0,64.0
15111,5159,37,1,18.0,18.0
15112,5159,2,1,34.0,34.0
15113,5160,18,1,38.0,38.0
15114,5161,15,2,30.0,60.0
15115,5161,2,1,34.0,34.0
15116,5161,6,1,38.0,38.0
15117,5161,28,1,34.0,34.0
15118,5162,3,2,42.0,84.0
15119,5163,36,2,6.0,12.0
15120,5163,8,1,24.0,24.0
15121,5163,32,3,37.0,111.0
15122,5163,37,1,18.0,18.0
15123,5163,25,2,26.0,52.0
15124,5164,39,1,8.0,8.0
15125,5164,30,1,38.0,38.0
15126,5165,23,1,18.0,18.0
15127,5166,17,1,26.0,26.0
15128,5166,13,1,28.0,28.0
15129,5166,3,3,42.0,126.0
15130,5167,7,1,36.0,36.0
15131,5167,5,2,30.0,60.0
15132,5168,2,3,34.0,102.0
15133,5169,3,2,42.0,84.0
15134,5169,9,1,35.0,35.0
15135,5169,34,1,10.0,10.0
15136,5170,3,2,42.0,84.0
15137,5170,36,1,6.0,6.0
15138,5170,4,1,22.0,22.0
15139,5171,5,1,30.0,30.0
15140,5171,13,1,28.0,28.0
15141,5171,20,1,16.0,16.0
15142,5172,10,1,32.0,32.0
15143,5172,12,3,36.0,108.0
15144,5172,28,1,34.0,34.0
15145,5172,4,2,22.0,44.0
15146,5173,8,1,24.0,24.0
15147,5173,11,1,33.0,33.0
15148,5173,33,2,14.0,28.0
15149,5173,29,1,44.0,44.0
15150,5174,5,1,30.0,30.0
15151,5174,7,1,36.0,36.0
15152,5174,11,1,33.0,33.0
15153,5175,16,1,32.0,32.0
15154,5175,32,1,37.0,37.0
15155,5176,8,2,24.0,48.0
15156,5176,13,1,28.0,28.0
15157,5177,28,3,34.0,102.0
15158,5177,13,1,28.0,28.0
15159,5177,26,1,42.0,42.0
15160,5177,30,2,38.0,76.0
15161,5177,39,1,8.0,8.0
15162,5178,10,2,32.0,64.0
15163,5178,21,1,20.0,20.0
15164,5178,7,1,36.0,36.0
15165,5178,6,2,38.0,76.0
15166,5178,30,1,38.0,38.0
15167,5179,7,2,36.0,72.0
15168,5179,37,1,18.0,18.0
15169,5179,2,2,34.0,68.0
15170,5179,11,2,33.0,66.0
15171,5179,5,1,30.0,30.0
15172,5180,30,1,38.0,38.0
15173,5180,1,2,28.0,56.0
15174,5180,20,1,16.0,16.0
15175,5180,32,1,37.0,37.0
15176,5180,5,1,30.0,30.0
15177,5180,38,2,12.0,24.0
15178,5181,10,2,32.0,64.0
15179,5181,4,2,22.0,44.0
15180,5182,5,1,30.0,30.0
15181,5182,4,3,22.0,66.0
15182,5183,7,1,36.0,36.0
15183,5183,13,1,28.0,28.0
15184,5183,33,3,14.0,42.0
15185,5183,2,1,34.0,34.0
15186,5183,18,2,38.0,76.0
15187,5184,9,1,35.0,35.0
15188,5184,7,1,36.0,36.0
15189,5185,32,2,37.0,74.0
15190,5185,28,2,34.0,68.0
15191,5185,10,1,32.0,32.0
15192,5185,4,3,22.0,66.0
15193,5185,7,1,36.0,36.0
15194,5185,20,1,16.0,16.0
15195,5186,40,2,10.0,20.0
15196,5186,23,2,18.0,36.0
15197,5186,31,2,36.0,72.0
15198,5187,1,1,28.0,28.0
15199,5187,2,2,34.0,68.0
15200,5187,8,2,24.0,48.0
15201,5188,27,1,25.0,25.0
15202,5188,4,1,22.0,22.0
15203,5188,2,1,34.0,34.0
15204,5189,21,1,20.0,20.0
15205,5189,5,1,30.0,30.0
15206,5189,3,2,42.0,84.0
15207,5189,18,1,38.0,38.0
15208,5190,2,1,34.0,34.0
15209,5191,3,2,42.0,84.0
15210,5191,30,1,38.0,38.0
15211,5191,21,1,20.0,20.0
15212,5191,14,1,45.0,45.0
15213,5192,24,1,24.0,24.0
15214,5192,3,1,42.0,42.0
15215,5192,27,1,25.0,25.0
15216,5192,23,1,18.0,18.0
15217,5192,15,1,30.0,30.0
15218,5193,39,1,8.0,8.0
15219,5193,36,2,6.0,12.0
15220,5193,19,2,18.0,36.0
15221,5194,3,1,42.0,42.0
15222,5194,37,2,18.0,36.0
15223,5194,2,1,34.0,34.0
15224,5195,35,1,9.0,9.0
15225,5195,34,1,10.0,10.0
15226,5195,1,1,28.0,28.0
15227,5196,10,2,32.0,64.0
15228,5196,16,2,32.0,64.0
15229,5196,39,1,8.0,8.0
15230,5197,1,2,28.0,56.0
15231,5197,22,3,22.0,66.0
15232,5197,8,2,24.0,48.0
15233,5197,2,1,34.0,34.0
15234,5197,11,2,33.0,66.0
15235,5198,8,1,24.0,24.0
15236,5198,7,1,36.0,36.0
15237,5198,37,3,18.0,54.0
15238,5199,30,1,38.0,38.0
15239,5199,5,2,30.0,60.0
15240,5199,7,2,36.0,72.0
15241,5199,11,3,33.0,99.0
15242,5199,19,1,18.0,18.0
15243,5199,12,1,36.0,36.0
15244,5200,6,1,38.0,38.0
15245,5200,5,1,30.0,30.0
15246,5201,5,1,30.0,30.0
15247,5201,10,1,32.0,32.0
15248,5202,7,2,36.0,72.0
15249,5202,31,1,36.0,36.0
15250,5203,4,1,22.0,22.0
15251,5203,2,1,34.0,34.0
15252,5203,25,1,26.0,26.0
15253,5203,8,1,24.0,24.0
15254,5204,19,1,18.0,18.0
15255,5204,10,3,32.0,96.0
15256,5205,4,2,22.0,44.0
15257,5205,18,1,38.0,38.0
15258,5205,19,1,18.0,18.0
15259,5206,17,1,26.0,26.0
15260,5206,38,1,12.0,12.0
15261,5207,18,1,38.0,38.0
15262,5207,4,1,22.0,22.0
15263,5207,8,1,24.0,24.0
15264,5207,38,1,12.0,12.0
15265,5208,10,1,32.0,32.0
15266,5208,33,1,14.0,14.0
15267,5209,12,1,36.0,36.0
15268,5209,37,1,18.0,18.0
15269,5210,13,1,28.0,28.0
15270,5210,6,1,38.0,38.0
15271,5210,1,2,28.0,56.0
15272,5210,3,2,42.0,84.0
15273,5210,7,1,36.0,36.0
15274,5210,23,1,18.0,18.0
15275,5211,21,1,20.0,20.0
15276,5211,14,2,45.0,90.0
15277,5211,20,1,16.0,16.0
15278,5211,7,1,36.0,36.0
15279,5211,32,1,37.0,37.0
15280,5212,37,1,18.0,18.0
15281,5213,38,2,12.0,24.0
15282,5213,4,1,22.0,22.0
15283,5213,3,1,42.0,42.0
15284,5213,5,1,30.0,30.0
15285,5213,1,2,28.0,56.0
15286,5214,24,2,24.0,48.0
15287,5214,12,1,36.0,36.0
15288,5214,10,3,32.0,96.0
15289,5215,13,2,28.0,56.0
15290,5215,10,1,32.0,32.0
15291,5215,37,2,18.0,36.0
15292,5215,4,1,22.0,22.0
15293,5216,7,3,36.0,108.0
15294,5216,13,3,28.0,84.0
15295,5216,29,1,44.0,44.0
15296,5216,28,2,34.0,68.0
15297,5217,9,2,35.0,70.0
15298,5218,1,1,28.0,28.0
15299,5218,3,1,42.0,42.0
15300,5218,26,2,42.0,84.0
15301,5219,11,1,33.0,33.0
15302,5219,37,1,18.0,18.0
15303,5219,1,1,28.0,28.0
15304,5219,12,1,36.0,36.0
15305,5220,20,2,16.0,32.0
15306,5220,28,1,34.0,34.0
15307,5220,31,1,36.0,36.0
15308,5220,24,1,24.0,24.0
15309,5221,4,2,22.0,44.0
15310,5221,2,1,34.0,34.0
15311,5222,5,2,30.0,60.0
15312,5222,1,1,28.0,28.0
15313,5223,2,2,34.0,68.0
15314,5223,5,3,30.0,90.0
15315,5223,4,1,22.0,22.0
15316,5223,37,1,18.0,18.0
15317,5223,32,1,37.0,37.0
15318,5224,7,1,36.0,36.0
15319,5224,20,1,16.0,16.0
15320,5224,35,3,9.0,27.0
15321,5224,1,1,28.0,28.0
15322,5225,7,1,36.0,36.0
15323,5225,10,1,32.0,32.0
15324,5226,13,1,28.0,28.0
15325,5226,3,1,42.0,42.0
15326,5227,16,2,32.0,64.0
15327,5228,18,1,38.0,38.0
15328,5228,1,1,28.0,28.0
15329,5228,30,2,38.0,76.0
15330,5229,7,2,36.0,72.0
15331,5229,6,2,38.0,76.0
15332,5229,31,1,36.0,36.0
15333,5229,25,3,26.0,78.0
15334,5229,10,3,32.0,96.0
15335,5229,33,3,14.0,42.0
15336,5230,17,2,26.0,52.0
15337,5230,27,2,25.0,50.0
15338,5230,16,1,32.0,32.0
15339,5230,11,2,33.0,66.0
15340,5231,7,1,36.0,36.0
15341,5231,23,2,18.0,36.0
15342,5231,27,2,25.0,50.0
15343,5232,22,1,22.0,22.0
15344,5232,5,1,30.0,30.0
15345,5232,28,2,34.0,68.0
15346,5233,1,1,28.0,28.0
15347,5233,31,1,36.0,36.0
15348,5233,17,1,26.0,26.0
15349,5233,34,2,10.0,20.0
15350,5233,23,2,18.0,36.0
15351,5234,25,1,26.0,26.0
15352,5235,7,3,36.0,108.0
15353,5235,16,1,32.0,32.0
15354,5235,36,3,6.0,18.0
15355,5235,5,1,30.0,30.0
15356,5236,24,2,24.0,48.0
15357,5236,1,3,28.0,84.0
15358,5236,9,2,35.0,70.0
15359,5236,19,1,18.0,18.0
15360,5237,10,3,32.0,96.0
15361,5237,17,1,26.0,26.0
15362,5237,18,1,38.0,38.0
15363,5237,13,1,28.0,28.0
15364,5238,10,1,32.0,32.0
15365,5238,40,1,10.0,10.0
15366,5238,30,3,38.0,114.0
15367,5238,1,1,28.0,28.0
15368,5238,37,2,18.0,36.0
15369,5239,17,1,26.0,26.0
15370,5239,28,1,34.0,34.0
15371,5239,14,1,45.0,45.0
15372,5239,4,1,22.0,22.0
15373,5239,5,1,30.0,30.0
15374,5240,10,3,32.0,96.0
15375,5240,15,2,30.0,60.0
15376,5240,8,2,24.0,48.0
15377,5241,27,3,25.0,75.0
15378,5242,28,2,34.0,68.0
15379,5243,7,1,36.0,36.0
15380,5244,2,1,34.0,34.0
15381,5244,23,1,18.0,18.0
15382,5244,27,1,25.0,25.0
15383,5244,33,2,14.0,28.0
15384,5245,4,1,22.0,22.0
15385,5245,8,1,24.0,24.0
15386,5246,11,1,33.0,33.0
15387,5246,21,1,20.0,20.0
15388,5246,25,1,26.0,26.0
15389,5247,29,2,44.0,88.0
15390,5247,30,2,38.0,76.0
15391,5247,24,3,24.0,72.0
15392,5248,3,3,42.0,126.0
15393,5248,9,2,35.0,70.0
15394,5249,9,1,35.0,35.0
15395,5249,29,2,44.0,88.0
15396,5249,5,1,30.0,30.0
15397,5249,3,2,42.0,84.0
15398,5249,35,3,9.0,27.0
15399,5249,13,1,28.0,28.0
15400,5250,18,1,38.0,38.0
15401,5250,7,1,36.0,36.0
15402,5251,14,1,45.0,45.0
15403,5252,39,2,8.0,16.0
15404,5252,34,1,10.0,10.0
15405,5252,16,3,32.0,96.0
15406,5253,30,1,38.0,38.0
15407,5253,32,1,37.0,37.0
15408,5254,13,1,28.0,28.0
15409,5254,16,3,32.0,96.0
15410,5255,25,1,26.0,26.0
15411,5255,13,1,28.0,28.0
15412,5256,8,1,24.0,24.0
15413,5256,12,2,36.0,72.0
15414,5256,16,3,32.0,96.0
15415,5257,9,1,35.0,35.0
15416,5258,32,1,37.0,37.0
15417,5258,18,1,38.0,38.0
15418,5258,30,1,38.0,38.0
15419,5259,36,1,6.0,6.0
15420,5259,4,2,22.0,44.0
15421,5260,5,1,30.0,30.0
15422,5260,30,1,38.0,38.0
15423,5260,25,3,26.0,78.0
15424,5260,21,1,20.0,20.0
15425,5261,7,2,36.0,72.0
15426,5261,11,1,33.0,33.0
15427,5262,32,2,37.0,74.0
15428,5262,3,2,42.0,84.0
15429,5263,25,1,26.0,26.0
15430,5263,19,1,18.0,18.0
15431,5263,26,3,42.0,126.0
15432,5264,1,1,28.0,28.0
15433,5264,29,1,44.0,44.0
15434,5264,21,1,20.0,20.0
15435,5265,31,2,36.0,72.0
15436,5266,1,2,28.0,56.0
15437,5266,36,1,6.0,6.0
15438,5267,7,1,36.0,36.0
15439,5267,25,1,26.0,26.0
15440,5267,35,1,9.0,9.0
15441,5268,2,1,34.0,34.0
15442,5268,1,3,28.0,84.0
15443,5268,5,1,30.0,30.0
15444,5268,8,2,24.0,48.0
15445,5268,27,2,25.0,50.0
15446,5269,22,1,22.0,22.0
15447,5270,2,3,34.0,102.0
15448,5270,26,2,42.0,84.0
15449,5270,30,3,38.0,114.0
15450,5271,32,1,37.0,37.0
15451,5271,6,3,38.0,114.0
15452,5271,27,1,25.0,25.0
15453,5271,28,1,34.0,34.0
15454,5271,24,1,24.0,24.0
15455,5271,3,1,42.0,42.0
15456,5272,2,1,34.0,34.0
15457,5272,15,1,30.0,30.0
15458,5273,5,1,30.0,30.0
15459,5274,10,2,32.0,64.0
15460,5274,23,1,18.0,18.0
15461,5275,34,1,10.0,10.0
15462,5275,8,3,24.0,72.0
15463,5276,37,1,18.0,18.0
15464,5276,23,2,18.0,36.0
15465,5277,15,2,30.0,60.0
15466,5278,37,1,18.0,18.0
15467,5278,15,3,30.0,90.0
15468,5278,22,1,22.0,22.0
15469,5278,29,1,44.0,44.0
15470,5279,8,3,24.0,72.0
15471,5279,4,1,22.0,22.0
15472,5279,40,1,10.0,10.0
15473,5280,8,1,24.0,24.0
15474,5280,4,1,22.0,22.0
15475,5280,3,2,42.0,84.0
15476,5280,37,1,18.0,18.0
15477,5280,2,2,34.0,68.0
15478,5281,36,1,6.0,6.0
15479,5281,9,1,35.0,35.0
15480,5281,19,2,18.0,36.0
15481,5282,3,1,42.0,42.0
15482,5282,15,1,30.0,30.0
15483,5283,8,1,24.0,24.0
15484,5283,1,1,28.0,28.0
15485,5284,18,1,38.0,38.0
15486,5284,7,2,36.0,72.0
15487,5284,6,1,38.0,38.0
15488,5285,25,2,26.0,52.0
15489,5285,8,2,24.0,48.0
15490,5285,23,1,18.0,18.0
15491,5286,3,1,42.0,42.0
15492,5286,33,1,14.0,14.0
15493,5287,24,1,24.0,24.0
15494,5287,10,1,32.0,32.0
15495,5288,26,1,42.0,42.0
15496,5288,18,1,38.0,38.0
15497,5288,5,1,30.0,30.0
15498,5288,4,1,22.0,22.0
15499,5289,25,1,26.0,26.0
15500,5289,2,2,34.0,68.0
15501,5289,23,1,18.0,18.0
15502,5290,21,2,20.0,40.0
15503,5290,36,2,6.0,12.0
15504,5291,6,1,38.0,38.0
15505,5292,13,1,28.0,28.0
15506,5292,7,1,36.0,36.0
15507,5292,3,1,42.0,42.0
15508,5292,15,2,30.0,60.0
15509,5292,18,3,38.0,114.0
15510,5293,21,1,20.0,20.0
15511,5293,2,2,34.0,68.0
15512,5293,8,2,24.0,48.0
15513,5294,1,2,28.0,56.0
15514,5294,7,1,36.0,36.0
15515,5295,3,1,42.0,42.0
15516,5295,23,1,18.0,18.0
15517,5295,28,1,34.0,34.0
15518,5296,2,2,34.0,68.0
15519,5297,10,2,32.0,64.0
15520,5298,8,1,24.0,24.0
15521,5298,36,1,6.0,6.0
15522,5298,9,2,35.0,70.0
15523,5299,10,1,32.0,32.0
15524,5299,4,1,22.0,22.0
15525,5299,13,1,28.0,28.0
15526,5299,7,2,36.0,72.0
15527,5299,37,1,18.0,18.0
15528,5299,23,1,18.0,18.0
15529,5300,19,1,18.0,18.0
15530,5300,2,2,34.0,68.0
15531,5300,8,1,24.0,24.0
15532,5300,14,1,45.0,45.0
15533,5301,13,2,28.0,56.0
15534,5301,24,1,24.0,24.0
15535,5301,35,1,9.0,9.0
15536,5302,14,1,45.0,45.0
15537,5303,2,1,34.0,34.0
15538,5303,7,1,36.0,36.0
15539,5303,30,1,38.0,38.0
15540,5303,36,3,6.0,18.0
15541,5304,8,1,24.0,24.0
15542,5304,30,1,38.0,38.0
15543,5304,20,2,16.0,32.0
15544,5304,16,3,32.0,96.0
15545,5305,1,1,28.0,28.0
15546,5305,11,1,33.0,33.0
15547,5306,8,1,24.0,24.0
15548,5306,3,2,42.0,84.0
15549,5306,1,2,28.0,56.0
15550,5306,38,1,12.0,12.0
15551,5306,12,1,36.0,36.0
15552,5307,31,2,36.0,72.0
15553,5307,20,1,16.0,16.0
15554,5307,2,2,34.0,68.0
15555,5307,33,1,14.0,14.0
15556,5308,4,1,22.0,22.0
15557,5308,33,1,14.0,14.0
15558,5309,5,1,30.0,30.0
15559,5309,34,1,10.0,10.0
15560,5309,17,2,26.0,52.0
15561,5310,17,1,26.0,26.0
15562,5311,15,1,30.0,30.0
15563,5311,25,2,26.0,52.0
15564,5311,2,3,34.0,102.0
15565,5312,5,1,30.0,30.0
15566,5312,1,2,28.0,56.0
15567,5312,27,1,25.0,25.0
15568,5312,2,2,34.0,68.0
15569,5313,36,2,6.0,12.0
15570,5313,8,1,24.0,24.0
15571,5313,30,1,38.0,38.0
15572,5313,37,1,18.0,18.0
15573,5314,24,2,24.0,48.0
15574,5315,10,3,32.0,96.0
15575,5315,16,1,32.0,32.0
15576,5315,6,1,38.0,38.0
15577,5316,26,1,42.0,42.0
15578,5316,7,1,36.0,36.0
15579,5316,11,2,33.0,66.0
15580,5316,9,1,35.0,35.0
15581,5316,19,1,18.0,18.0
15582,5317,13,2,28.0,56.0
15583,5317,23,1,18.0,18.0
15584,5318,2,2,34.0,68.0
15585,5318,35,1,9.0,9.0
15586,5319,19,1,18.0,18.0
15587,5319,6,1,38.0,38.0
15588,5320,4,1,22.0,22.0
15589,5320,15,1,30.0,30.0
15590,5320,7,2,36.0,72.0
15591,5321,7,3,36.0,108.0
15592,5321,18,2,38.0,76.0
15593,5321,23,1,18.0,18.0
15594,5321,3,2,42.0,84.0
15595,5322,23,2,18.0,36.0
15596,5322,21,1,20.0,20.0
15597,5322,8,1,24.0,24.0
15598,5323,23,2,18.0,36.0
15599,5323,18,3,38.0,114.0
15600,5324,9,1,35.0,35.0
15601,5324,39,1,8.0,8.0
15602,5324,8,2,24.0,48.0
15603,5325,2,2,34.0,68.0
15604,5325,1,1,28.0,28.0
15605,5325,5,2,30.0,60.0
15606,5325,8,2,24.0,48.0
15607,5325,33,1,14.0,14.0
15608,5326,30,1,38.0,38.0
15609,5326,8,2,24.0,48.0
15610,5326,39,3,8.0,24.0
15611,5327,7,1,36.0,36.0
15612,5327,20,1,16.0,16.0
15613,5327,17,1,26.0,26.0
15614,5327,28,1,34.0,34.0
15615,5328,23,1,18.0,18.0
15616,5328,8,1,24.0,24.0
15617,5329,14,1,45.0,45.0
15618,5329,16,2,32.0,64.0
15619,5329,13,2,28.0,56.0
15620,5329,7,1,36.0,36.0
15621,5329,2,1,34.0,34.0
15622,5330,16,1,32.0,32.0
15623,5330,25,1,26.0,26.0
15624,5330,19,2,18.0,36.0
15625,5331,32,1,37.0,37.0
15626,5331,8,2,24.0,48.0
15627,5331,30,2,38.0,76.0
15628,5331,34,2,10.0,20.0
15629,5331,31,1,36.0,36.0
15630,5332,28,1,34.0,34.0
15631,5332,12,1,36.0,36.0
15632,5333,5,2,30.0,60.0
15633,5334,31,1,36.0,36.0
15634,5334,12,1,36.0,36.0
15635,5334,30,1,38.0,38.0
15636,5334,23,1,18.0,18.0
15637,5334,4,2,22.0,44.0
15638,5335,40,1,10.0,10.0
15639,5335,15,1,30.0,30.0
15640,5336,23,2,18.0,36.0
15641,5336,2,1,34.0,34.0
15642,5337,6,3,38.0,114.0
15643,5337,22,1,22.0,22.0
15644,5337,10,1,32.0,32.0
15645,5338,19,1,18.0,18.0
15646,5338,7,1,36.0,36.0
15647,5339,13,1,28.0,28.0
15648,5340,37,1,18.0,18.0
15649,5340,1,1,28.0,28.0
15650,5340,23,1,18.0,18.0
15651,5340,33,3,14.0,42.0
15652,5341,12,1,36.0,36.0
15653,5341,7,1,36.0,36.0
15654,5341,25,1,26.0,26.0
15655,5342,17,1,26.0,26.0
15656,5342,7,3,36.0,108.0
15657,5343,32,1,37.0,37.0
15658,5343,20,2,16.0,32.0
15659,5343,23,2,18.0,36.0
15660,5343,13,1,28.0,28.0
15661,5344,13,2,28.0,56.0
15662,5344,16,1,32.0,32.0
15663,5344,19,2,18.0,36.0
15664,5344,23,1,18.0,18.0
15665,5345,32,1,37.0,37.0
15666,5345,4,1,22.0,22.0
15667,5345,3,1,42.0,42.0
15668,5346,12,1,36.0,36.0
15669,5347,27,2,25.0,50.0
15670,5347,15,2,30.0,60.0
15671,5348,20,1,16.0,16.0
15672,5348,30,1,38.0,38.0
15673,5349,5,1,30.0,30.0
15674,5349,14,1,45.0,45.0
15675,5349,34,1,10.0,10.0
15676,5349,8,2,24.0,48.0
15677,5350,1,1,28.0,28.0
15678,5350,13,3,28.0,84.0
15679,5350,29,1,44.0,44.0
15680,5350,16,1,32.0,32.0
15681,5350,40,3,10.0,30.0
15682,5351,21,1,20.0,20.0
15683,5351,5,1,30.0,30.0
15684,5352,20,1,16.0,16.0
15685,5352,34,1,10.0,10.0
15686,5352,13,1,28.0,28.0
15687,5353,7,2,36.0,72.0
15688,5353,2,2,34.0,68.0
15689,5353,36,1,6.0,6.0
15690,5353,35,1,9.0,9.0
15691,5354,39,1,8.0,8.0
15692,5354,4,2,22.0,44.0
15693,5354,25,1,26.0,26.0
15694,5354,34,1,10.0,10.0
15695,5354,10,2,32.0,64.0
15696,5355,33,1,14.0,14.0
15697,5355,23,2,18.0,36.0
15698,5355,20,1,16.0,16.0
15699,5355,8,1,24.0,24.0
15700,5355,3,1,42.0,42.0
15701,5356,3,2,42.0,84.0
15702,5356,10,1,32.0,32.0
15703,5356,17,1,26.0,26.0
15704,5356,8,1,24.0,24.0
15705,5357,8,1,24.0,24.0
15706,5357,13,2,28.0,56.0
15707,5357,23,1,18.0,18.0
15708,5357,12,2,36.0,72.0
15709,5358,4,1,22.0,22.0
15710,5358,39,1,8.0,8.0
15711,5359,18,1,38.0,38.0
15712,5360,5,2,30.0,60.0
15713,5360,15,1,30.0,30.0
15714,5360,6,1,38.0,38.0
15715,5360,12,1,36.0,36.0
15716,5360,8,1,24.0,24.0
15717,5361,8,2,24.0,48.0
15718,5362,4,3,22.0,66.0
15719,5363,9,1,35.0,35.0
15720,5363,35,1,9.0,9.0
15721,5363,2,1,34.0,34.0
15722,5363,19,2,18.0,36.0
15723,5363,23,3,18.0,54.0
15724,5363,11,1,33.0,33.0
15725,5364,39,1,8.0,8.0
15726,5364,4,1,22.0,22.0
15727,5364,31,1,36.0,36.0
15728,5364,34,2,10.0,20.0
15729,5365,2,1,34.0,34.0
15730,5365,23,2,18.0,36.0
15731,5366,37,1,18.0,18.0
15732,5366,13,2,28.0,56.0
15733,5366,32,1,37.0,37.0
15734,5367,6,1,38.0,38.0
15735,5367,8,3,24.0,72.0
15736,5368,14,1,45.0,45.0
15737,5369,20,2,16.0,32.0
15738,5369,37,2,18.0,36.0
15739,5369,10,1,32.0,32.0
15740,5370,38,1,12.0,12.0
15741,5371,30,1,38.0,38.0
15742,5371,15,1,30.0,30.0
15743,5372,30,1,38.0,38.0
15744,5372,14,1,45.0,45.0
15745,5372,26,2,42.0,84.0
15746,5373,2,3,34.0,102.0
15747,5373,19,3,18.0,54.0
15748,5373,3,3,42.0,126.0
15749,5373,20,1,16.0,16.0
15750,5374,40,1,10.0,10.0
15751,5374,15,1,30.0,30.0
15752,5375,4,2,22.0,44.0
15753,5375,21,3,20.0,60.0
15754,5376,21,1,20.0,20.0
15755,5377,4,1,22.0,22.0
15756,5377,6,1,38.0,38.0
15757,5377,10,3,32.0,96.0
15758,5377,33,1,14.0,14.0
15759,5377,35,1,9.0,9.0
15760,5377,5,1,30.0,30.0
15761,5378,19,1,18.0,18.0
15762,5378,3,1,42.0,42.0
15763,5379,25,1,26.0,26.0
15764,5379,32,2,37.0,74.0
15765,5379,1,2,28.0,56.0
15766,5380,24,1,24.0,24.0
15767,5380,35,1,9.0,9.0
15768,5380,5,1,30.0,30.0
15769,5381,20,1,16.0,16.0
15770,5381,35,3,9.0,27.0
15771,5382,7,1,36.0,36.0
15772,5382,17,2,26.0,52.0
15773,5382,23,1,18.0,18.0
15774,5382,8,1,24.0,24.0
15775,5383,1,1,28.0,28.0
15776,5383,2,2,34.0,68.0
15777,5383,21,1,20.0,20.0
15778,5383,29,1,44.0,44.0
15779,5383,8,2,24.0,48.0
15780,5383,23,1,18.0,18.0
15781,5384,26,1,42.0,42.0
15782,5384,36,1,6.0,6.0
15783,5385,24,1,24.0,24.0
15784,5385,16,1,32.0,32.0
15785,5386,30,2,38.0,76.0
15786,5386,36,1,6.0,6.0
15787,5386,8,2,24.0,48.0
15788,5387,3,2,42.0,84.0
15789,5387,9,1,35.0,35.0
15790,5387,5,1,30.0,30.0
15791,5388,4,3,22.0,66.0
15792,5388,10,1,32.0,32.0
15793,5388,2,1,34.0,34.0
15794,5388,8,2,24.0,48.0
15795,5389,37,2,18.0,36.0
15796,5389,35,1,9.0,9.0
15797,5389,4,1,22.0,22.0
15798,5389,5,1,30.0,30.0
15799,5389,23,1,18.0,18.0
15800,5390,23,2,18.0,36.0
15801,5390,12,1,36.0,36.0
15802,5390,1,2,28.0,56.0
15803,5390,2,1,34.0,34.0
15804,5390,8,2,24.0,48.0
15805,5391,4,1,22.0,22.0
15806,5391,6,3,38.0,114.0
15807,5391,9,2,35.0,70.0
15808,5391,7,2,36.0,72.0
15809,5391,24,2,24.0,48.0
15810,5391,8,1,24.0,24.0
15811,5392,30,1,38.0,38.0
15812,5392,17,1,26.0,26.0
15813,5393,28,1,34.0,34.0
15814,5393,8,1,24.0,24.0
15815,5393,24,1,24.0,24.0
15816,5393,10,2,32.0,64.0
15817,5394,16,1,32.0,32.0
15818,5394,26,1,42.0,42.0
15819,5394,2,1,34.0,34.0
15820,5395,3,1,42.0,42.0
15821,5395,15,2,30.0,60.0
15822,5395,27,1,25.0,25.0
15823,5396,26,1,42.0,42.0
15824,5396,30,1,38.0,38.0
15825,5397,30,1,38.0,38.0
15826,5397,34,2,10.0,20.0
15827,5398,18,1,38.0,38.0
15828,5398,28,2,34.0,68.0
15829,5398,12,1,36.0,36.0
15830,5398,11,1,33.0,33.0
15831,5398,7,1,36.0,36.0
15832,5399,36,2,6.0,12.0
15833,5399,29,1,44.0,44.0
15834,5399,33,2,14.0,28.0
15835,5400,12,1,36.0,36.0
15836,5400,7,3,36.0,108.0
15837,5400,8,2,24.0,48.0
15838,5400,2,3,34.0,102.0
15839,5400,18,1,38.0,38.0
15840,5400,34,1,10.0,10.0
15841,5401,7,2,36.0,72.0
15842,5401,4,1,22.0,22.0
15843,5401,8,2,24.0,48.0
15844,5401,30,2,38.0,76.0
15845,5401,39,2,8.0,16.0
15846,5401,13,2,28.0,56.0
15847,5402,37,1,18.0,18.0
15848,5402,22,2,22.0,44.0
15849,5403,26,1,42.0,42.0
15850,5403,37,1,18.0,18.0
15851,5403,25,1,26.0,26.0
15852,5404,1,1,28.0,28.0
15853,5404,10,1,32.0,32.0
15854,5404,4,1,22.0,22.0
15855,5404,30,3,38.0,114.0
15856,5404,35,1,9.0,9.0
15857,5404,20,1,16.0,16.0
15858,5405,8,1,24.0,24.0
15859,5405,19,1,18.0,18.0
15860,5405,4,2,22.0,44.0
15861,5406,1,2,28.0,56.0
15862,5407,40,1,10.0,10.0
15863,5407,2,2,34.0,68.0
15864,5407,20,1,16.0,16.0
15865,5408,8,2,24.0,48.0
15866,5409,35,1,9.0,9.0
15867,5409,2,2,34.0,68.0
15868,5410,17,2,26.0,52.0
15869,5411,1,2,28.0,56.0
15870,5411,2,2,34.0,68.0
15871,5411,32,1,37.0,37.0
15872,5411,5,1,30.0,30.0
15873,5411,4,2,22.0,44.0
15874,5411,12,2,36.0,72.0
15875,5412,6,2,38.0,76.0
15876,5412,8,2,24.0,48.0
15877,5413,3,1,42.0,42.0
15878,5413,1,2,28.0,56.0
15879,5414,12,1,36.0,36.0
15880,5414,16,2,32.0,64.0
15881,5414,4,1,22.0,22.0
15882,5414,30,1,38.0,38.0
15883,5414,8,1,24.0,24.0
15884,5415,5,2,30.0,60.0
15885,5415,14,1,45.0,45.0
15886,5415,29,2,44.0,88.0
15887,5415,6,1,38.0,38.0
15888,5416,19,2,18.0,36.0
15889,5416,26,2,42.0,84.0
15890,5417,10,2,32.0,64.0
15891,5417,18,1,38.0,38.0
15892,5417,12,1,36.0,36.0
15893,5418,37,2,18.0,36.0
15894,5418,11,2,33.0,66.0
15895,5419,12,2,36.0,72.0
15896,5419,1,1,28.0,28.0
15897,5419,11,2,33.0,66.0
15898,5420,4,1,22.0,22.0
15899,5420,2,2,34.0,68.0
15900,5420,9,2,35.0,70.0
15901,5420,38,1,12.0,12.0
15902,5420,8,3,24.0,72.0
15903,5421,37,2,18.0,36.0
15904,5421,9,1,35.0,35.0
15905,5421,29,2,44.0,88.0
15906,5421,17,1,26.0,26.0
15907,5421,32,2,37.0,74.0
15908,5421,1,1,28.0,28.0
15909,5422,24,1,24.0,24.0
15910,5422,14,1,45.0,45.0
15911,5422,37,1,18.0,18.0
15912,5422,35,3,9.0,27.0
15913,5423,7,3,36.0,108.0
15914,5423,22,1,22.0,22.0
15915,5423,12,2,36.0,72.0
15916,5423,24,3,24.0,72.0
15917,5423,28,1,34.0,34.0
15918,5423,1,3,28.0,84.0
15919,5424,22,1,22.0,22.0
15920,5424,23,3,18.0,54.0
15921,5424,40,2,10.0,20.0
15922,5425,7,2,36.0,72.0
15923,5425,12,1,36.0,36.0
15924,5425,14,2,45.0,90.0
15925,5426,22,1,22.0,22.0
15926,5426,7,1,36.0,36.0
15927,5427,13,3,28.0,84.0
15928,5427,37,1,18.0,18.0
15929,5427,26,1,42.0,42.0
15930,5428,11,2,33.0,66.0
15931,5428,23,1,18.0,18.0
15932,5428,1,2,28.0,56.0
15933,5428,20,1,16.0,16.0
15934,5428,4,1,22.0,22.0
15935,5428,15,3,30.0,90.0
15936,5429,8,1,24.0,24.0
15937,5429,37,1,18.0,18.0
15938,5429,3,2,42.0,84.0
15939,5430,1,2,28.0,56.0
15940,5430,5,1,30.0,30.0
15941,5430,7,1,36.0,36.0
15942,5430,21,2,20.0,40.0
15943,5431,12,2,36.0,72.0
15944,5432,24,3,24.0,72.0
15945,5432,34,1,10.0,10.0
15946,5433,7,1,36.0,36.0
15947,5433,6,2,38.0,76.0
15948,5433,25,1,26.0,26.0
15949,5433,33,2,14.0,28.0
15950,5433,9,3,35.0,105.0
15951,5433,16,2,32.0,64.0
15952,5434,2,1,34.0,34.0
15953,5434,38,2,12.0,24.0
15954,5434,26,2,42.0,84.0
15955,5434,10,1,32.0,32.0
15956,5434,37,1,18.0,18.0
15957,5434,30,3,38.0,114.0
15958,5435,28,1,34.0,34.0
15959,5435,7,1,36.0,36.0
15960,5436,8,3,24.0,72.0
15961,5436,24,1,24.0,24.0
15962,5436,32,1,37.0,37.0
15963,5436,30,2,38.0,76.0
15964,5436,23,3,18.0,54.0
15965,5437,33,1,14.0,14.0
15966,5437,7,1,36.0,36.0
15967,5438,32,2,37.0,74.0
15968,5438,2,1,34.0,34.0
15969,5438,17,1,26.0,26.0
15970,5439,21,1,20.0,20.0
15971,5439,9,2,35.0,70.0
15972,5439,14,1,45.0,45.0
15973,5440,33,1,14.0,14.0
15974,5440,22,1,22.0,22.0
15975,5440,24,1,24.0,24.0
15976,5441,1,1,28.0,28.0
15977,5442,12,1,36.0,36.0
15978,5442,13,2,28.0,56.0
15979,5442,37,1,18.0,18.0
15980,5442,5,2,30.0,60.0
15981,5442,2,3,34.0,102.0
15982,5443,31,1,36.0,36.0
15983,5443,21,1,20.0,20.0
15984,5444,13,2,28.0,56.0
15985,5444,1,1,28.0,28.0
15986,5445,5,1,30.0,30.0
15987,5445,18,1,38.0,38.0
15988,5445,39,1,8.0,8.0
15989,5445,29,3,44.0,132.0
15990,5446,11,1,33.0,33.0
15991,5446,7,1,36.0,36.0
15992,5446,12,1,36.0,36.0
15993,5447,13,3,28.0,84.0
15994,5447,32,1,37.0,37.0
15995,5448,8,1,24.0,24.0
15996,5448,30,2,38.0,76.0
15997,5448,7,2,36.0,72.0
15998,5449,16,2,32.0,64.0
15999,5449,31,2,36.0,72.0
16000,5450,27,3,25.0,75.0
16001,5450,37,3,18.0,54.0
16002,5450,25,2,26.0,52.0
16003,5451,17,1,26.0,26.0
16004,5451,20,2,16.0,32.0
16005,5451,16,1,32.0,32.0
16006,5452,29,1,44.0,44.0
16007,5453,29,1,44.0,44.0
16008,5453,19,3,18.0,54.0
16009,5454,23,1,18.0,18.0
16010,5454,11,1,33.0,33.0
16011,5454,38,1,12.0,12.0
16012,5454,10,3,32.0,96.0
16013,5454,26,1,42.0,42.0
16014,5455,8,2,24.0,48.0
16015,5455,28,1,34.0,34.0
16016,5455,5,1,30.0,30.0
16017,5456,4,1,22.0,22.0
16018,5456,6,1,38.0,38.0
16019,5456,27,1,25.0,25.0
16020,5456,28,1,34.0,34.0
16021,5456,3,1,42.0,42.0
16022,5457,24,1,24.0,24.0
16023,5458,12,1,36.0,36.0
16024,5458,7,1,36.0,36.0
16025,5458,32,2,37.0,74.0
16026,5458,4,2,22.0,44.0
16027,5458,31,1,36.0,36.0
16028,5458,15,1,30.0,30.0
16029,5459,19,1,18.0,18.0
16030,5459,34,3,10.0,30.0
16031,5459,31,1,36.0,36.0
16032,5460,28,3,34.0,102.0
16033,5460,30,1,38.0,38.0
16034,5461,35,1,9.0,9.0
16035,5461,37,2,18.0,36.0
16036,5462,8,1,24.0,24.0
16037,5462,12,1,36.0,36.0
16038,5462,21,2,20.0,40.0
16039,5463,30,1,38.0,38.0
16040,5463,21,1,20.0,20.0
16041,5463,7,2,36.0,72.0
16042,5463,20,1,16.0,16.0
16043,5464,1,3,28.0,84.0
16044,5464,26,1,42.0,42.0
16045,5464,13,2,28.0,56.0
16046,5465,7,1,36.0,36.0
16047,5465,16,1,32.0,32.0
16048,5465,11,1,33.0,33.0
16049,5466,6,2,38.0,76.0
16050,5466,8,1,24.0,24.0
16051,5466,33,3,14.0,42.0
16052,5466,10,2,32.0,64.0
16053,5467,5,2,30.0,60.0
16054,5467,3,2,42.0,84.0
16055,5467,2,1,34.0,34.0
16056,5468,29,1,44.0,44.0
16057,5468,1,1,28.0,28.0
16058,5468,2,1,34.0,34.0
16059,5469,1,1,28.0,28.0
16060,5469,32,2,37.0,74.0
16061,5469,27,1,25.0,25.0
16062,5469,20,1,16.0,16.0
16063,5470,29,1,44.0,44.0
16064,5470,15,3,30.0,90.0
16065,5470,14,2,45.0,90.0
16066,5470,24,2,24.0,48.0
16067,5471,26,1,42.0,42.0
16068,5471,31,1,36.0,36.0
16069,5471,34,1,10.0,10.0
16070,5472,37,2,18.0,36.0
16071,5472,8,2,24.0,48.0
16072,5472,3,1,42.0,42.0
16073,5472,25,2,26.0,52.0
16074,5473,8,1,24.0,24.0
16075,5473,28,2,34.0,68.0
16076,5473,12,1,36.0,36.0
16077,5473,3,1,42.0,42.0
16078,5473,29,2,44.0,88.0
16079,5474,18,1,38.0,38.0
16080,5474,36,2,6.0,12.0
16081,5474,7,1,36.0,36.0
16082,5474,24,3,24.0,72.0
16083,5474,8,1,24.0,24.0
16084,5475,13,2,28.0,56.0
16085,5476,28,1,34.0,34.0
16086,5476,8,1,24.0,24.0
16087,5476,26,1,42.0,42.0
16088,5476,18,3,38.0,114.0
16089,5476,23,1,18.0,18.0
16090,5477,13,1,28.0,28.0
16091,5477,11,1,33.0,33.0
16092,5477,8,2,24.0,48.0
16093,5478,23,1,18.0,18.0
16094,5478,40,2,10.0,20.0
16095,5478,25,2,26.0,52.0
16096,5479,12,1,36.0,36.0
16097,5480,22,2,22.0,44.0
16098,5480,26,1,42.0,42.0
16099,5481,23,1,18.0,18.0
16100,5482,8,1,24.0,24.0
16101,5483,16,2,32.0,64.0
16102,5483,2,1,34.0,34.0
16103,5483,11,1,33.0,33.0
16104,5484,18,1,38.0,38.0
16105,5484,19,1,18.0,18.0
16106,5484,33,1,14.0,14.0
16107,5484,7,1,36.0,36.0
16108,5485,13,1,28.0,28.0
16109,5485,39,1,8.0,8.0
16110,5486,2,1,34.0,34.0
16111,5486,40,2,10.0,20.0
16112,5487,2,1,34.0,34.0
16113,5487,29,1,44.0,44.0
16114,5487,8,1,24.0,24.0
16115,5488,30,1,38.0,38.0
16116,5488,2,1,34.0,34.0
16117,5488,22,2,22.0,44.0
16118,5489,5,2,30.0,60.0
16119,5489,13,1,28.0,28.0
16120,5490,2,2,34.0,68.0
16121,5490,3,1,42.0,42.0
16122,5490,25,1,26.0,26.0
16123,5491,17,1,26.0,26.0
16124,5491,38,1,12.0,12.0
16125,5492,21,1,20.0,20.0
16126,5492,25,1,26.0,26.0
16127,5493,35,1,9.0,9.0
16128,5493,8,2,24.0,48.0
16129,5494,23,1,18.0,18.0
16130,5494,37,1,18.0,18.0
16131,5494,28,1,34.0,34.0
16132,5495,8,1,24.0,24.0
16133,5495,16,2,32.0,64.0
16134,5496,10,2,32.0,64.0
16135,5496,7,1,36.0,36.0
16136,5496,8,1,24.0,24.0
16137,5496,30,1,38.0,38.0
16138,5497,1,2,28.0,56.0
16139,5497,13,1,28.0,28.0
16140,5498,4,1,22.0,22.0
16141,5498,31,1,36.0,36.0
16142,5498,1,3,28.0,84.0
16143,5498,30,3,38.0,114.0
16144,5499,13,1,28.0,28.0
16145,5499,8,1,24.0,24.0
16146,5500,33,2,14.0,28.0
16147,5500,40,1,10.0,10.0
16148,5501,20,2,16.0,32.0
16149,5501,7,1,36.0,36.0
16150,5501,12,1,36.0,36.0
16151,5502,39,1,8.0,8.0
16152,5502,7,2,36.0,72.0
16153,5502,34,1,10.0,10.0
16154,5502,20,1,16.0,16.0
16155,5502,8,1,24.0,24.0
16156,5502,32,1,37.0,37.0
16157,5503,34,1,10.0,10.0
16158,5503,1,1,28.0,28.0
16159,5503,3,1,42.0,42.0
16160,5503,36,1,6.0,6.0
16161,5504,6,1,38.0,38.0
16162,5504,7,2,36.0,72.0
16163,5504,32,1,37.0,37.0
16164,5505,6,2,38.0,76.0
16165,5506,26,1,42.0,42.0
16166,5506,8,1,24.0,24.0
16167,5506,13,2,28.0,56.0
16168,5506,23,2,18.0,36.0
16169,5506,12,2,36.0,72.0
16170,5506,1,3,28.0,84.0
16171,5507,6,2,38.0,76.0
16172,5507,2,1,34.0,34.0
16173,5507,20,1,16.0,16.0
16174,5508,32,1,37.0,37.0
16175,5508,11,1,33.0,33.0
16176,5508,25,1,26.0,26.0
16177,5508,24,2,24.0,48.0
16178,5509,9,2,35.0,70.0
16179,5509,6,1,38.0,38.0
16180,5510,16,2,32.0,64.0
16181,5510,5,3,30.0,90.0
16182,5510,1,2,28.0,56.0
16183,5510,3,1,42.0,42.0
16184,5510,7,1,36.0,36.0
16185,5511,14,1,45.0,45.0
16186,5511,16,1,32.0,32.0
16187,5511,8,1,24.0,24.0
16188,5512,7,2,36.0,72.0
16189,5512,15,1,30.0,30.0
16190,5513,32,1,37.0,37.0
16191,5513,16,1,32.0,32.0
16192,5514,6,1,38.0,38.0
16193,5514,22,1,22.0,22.0
16194,5514,36,1,6.0,6.0
16195,5514,13,2,28.0,56.0
16196,5515,17,1,26.0,26.0
16197,5515,25,1,26.0,26.0
16198,5515,4,1,22.0,22.0
16199,5516,34,2,10.0,20.0
16200,5516,4,1,22.0,22.0
16201,5516,12,2,36.0,72.0
16202,5517,8,3,24.0,72.0
16203,5517,34,1,10.0,10.0
16204,5518,1,1,28.0,28.0
16205,5518,7,1,36.0,36.0
16206,5518,2,1,34.0,34.0
16207,5519,10,1,32.0,32.0
16208,5519,22,2,22.0,44.0
16209,5519,32,1,37.0,37.0
16210,5519,8,1,24.0,24.0
16211,5519,12,1,36.0,36.0
16212,5520,39,2,8.0,16.0
16213,5520,5,2,30.0,60.0
16214,5520,32,2,37.0,74.0
16215,5520,22,1,22.0,22.0
16216,5520,4,1,22.0,22.0
16217,5521,31,1,36.0,36.0
16218,5521,28,1,34.0,34.0
16219,5521,24,1,24.0,24.0
16220,5522,12,1,36.0,36.0
16221,5522,23,3,18.0,54.0
16222,5522,29,1,44.0,44.0
16223,5522,38,1,12.0,12.0
16224,5522,26,1,42.0,42.0
16225,5522,11,2,33.0,66.0
16226,5523,11,1,33.0,33.0
16227,5523,28,3,34.0,102.0
16228,5524,18,2,38.0,76.0
16229,5524,6,2,38.0,76.0
16230,5524,19,1,18.0,18.0
16231,5524,34,1,10.0,10.0
16232,5525,5,2,30.0,60.0
16233,5525,1,2,28.0,56.0
16234,5526,5,3,30.0,90.0
16235,5527,16,1,32.0,32.0
16236,5527,11,1,33.0,33.0
16237,5527,27,1,25.0,25.0
16238,5528,10,1,32.0,32.0
16239,5528,20,1,16.0,16.0
16240,5528,31,2,36.0,72.0
16241,5528,18,1,38.0,38.0
16242,5528,23,1,18.0,18.0
16243,5529,4,1,22.0,22.0
16244,5529,39,1,8.0,8.0
16245,5529,7,2,36.0,72.0
16246,5529,13,1,28.0,28.0
16247,5529,22,1,22.0,22.0
16248,5530,12,2,36.0,72.0
16249,5530,24,2,24.0,48.0
16250,5530,35,1,9.0,9.0
16251,5531,23,2,18.0,36.0
16252,5531,24,1,24.0,24.0
16253,5531,8,1,24.0,24.0
16254,5531,34,2,10.0,20.0
16255,5532,15,1,30.0,30.0
16256,5532,11,1,33.0,33.0
16257,5533,25,1,26.0,26.0
16258,5533,37,1,18.0,18.0
16259,5534,37,1,18.0,18.0
16260,5534,25,2,26.0,52.0
16261,5534,13,1,28.0,28.0
16262,5535,38,1,12.0,12.0
16263,5535,32,2,37.0,74.0
16264,5536,11,3,33.0,99.0
16265,5536,27,1,25.0,25.0
16266,5536,5,1,30.0,30.0
16267,5537,28,1,34.0,34.0
16268,5538,10,1,32.0,32.0
16269,5538,22,3,22.0,66.0
16270,5538,12,1,36.0,36.0
16271,5539,5,2,30.0,60.0
16272,5539,14,1,45.0,45.0
16273,5539,34,1,10.0,10.0
16274,5539,32,2,37.0,74.0
16275,5539,18,1,38.0,38.0
16276,5539,13,2,28.0,56.0
16277,5540,12,2,36.0,72.0
16278,5540,8,1,24.0,24.0
16279,5540,10,3,32.0,96.0
16280,5540,16,2,32.0,64.0
16281,5541,14,2,45.0,90.0
16282,5541,10,1,32.0,32.0
16283,5541,37,2,18.0,36.0
16284,5542,6,2,38.0,76.0
16285,5542,8,2,24.0,48.0
16286,5543,7,1,36.0,36.0
16287,5543,10,1,32.0,32.0
16288,5544,11,1,33.0,33.0
16289,5544,40,1,10.0,10.0
16290,5544,2,1,34.0,34.0
16291,5544,7,2,36.0,72.0
16292,5545,32,2,37.0,74.0
16293,5546,23,1,18.0,18.0
16294,5546,8,2,24.0,48.0
16295,5546,26,2,42.0,84.0
16296,5546,28,1,34.0,34.0
16297,5546,5,1,30.0,30.0
16298,5547,37,1,18.0,18.0
16299,5547,20,1,16.0,16.0
16300,5547,5,1,30.0,30.0
16301,5547,6,1,38.0,38.0
16302,5547,23,2,18.0,36.0
16303,5548,5,2,30.0,60.0
16304,5549,29,2,44.0,88.0
16305,5549,37,3,18.0,54.0
16306,5550,2,2,34.0,68.0
16307,5550,8,2,24.0,48.0
16308,5550,27,2,25.0,50.0
16309,5550,12,1,36.0,36.0
16310,5551,8,1,24.0,24.0
16311,5551,9,1,35.0,35.0
16312,5551,39,1,8.0,8.0
16313,5552,3,1,42.0,42.0
16314,5553,16,3,32.0,96.0
16315,5554,23,3,18.0,54.0
16316,5554,37,1,18.0,18.0
16317,5555,29,2,44.0,88.0
16318,5556,7,2,36.0,72.0
16319,5556,26,1,42.0,42.0
16320,5557,35,1,9.0,9.0
16321,5557,18,1,38.0,38.0
16322,5557,7,3,36.0,108.0
16323,5558,37,3,18.0,54.0
16324,5558,25,1,26.0,26.0
16325,5559,2,1,34.0,34.0
16326,5559,18,1,38.0,38.0
16327,5559,31,2,36.0,72.0
16328,5560,34,1,10.0,10.0
16329,5561,1,1,28.0,28.0
16330,5561,5,3,30.0,90.0
16331,5561,8,1,24.0,24.0
16332,5562,8,1,24.0,24.0
16333,5562,16,1,32.0,32.0
16334,5563,20,1,16.0,16.0
16335,5563,23,1,18.0,18.0
16336,5563,22,1,22.0,22.0
16337,5564,33,2,14.0,28.0
16338,5564,4,1,22.0,22.0
16339,5564,30,1,38.0,38.0
16340,5564,39,1,8.0,8.0
16341,5565,14,1,45.0,45.0
16342,5565,24,3,24.0,72.0
16343,5565,5,1,30.0,30.0
16344,5565,36,2,6.0,12.0
16345,5565,8,3,24.0,72.0
16346,5565,12,2,36.0,72.0
16347,5566,12,1,36.0,36.0
16348,5566,40,1,10.0,10.0
16349,5566,30,1,38.0,38.0
16350,5566,3,1,42.0,42.0
16351,5567,7,2,36.0,72.0
16352,5567,16,1,32.0,32.0
16353,5567,39,1,8.0,8.0
16354,5568,2,1,34.0,34.0
16355,5568,24,1,24.0,24.0
16356,5569,3,1,42.0,42.0
16357,5569,12,3,36.0,108.0
16358,5569,39,1,8.0,8.0
16359,5570,7,1,36.0,36.0
16360,5570,5,1,30.0,30.0
16361,5570,8,2,24.0,48.0
16362,5570,3,1,42.0,42.0
16363,5570,30,1,38.0,38.0
16364,5571,11,1,33.0,33.0
16365,5571,26,2,42.0,84.0
16366,5571,14,1,45.0,45.0
16367,5572,23,1,18.0,18.0
16368,5572,14,1,45.0,45.0
16369,5573,14,2,45.0,90.0
16370,5573,18,1,38.0,38.0
16371,5573,1,2,28.0,56.0
16372,5573,3,1,42.0,42.0
16373,5573,36,1,6.0,6.0
16374,5574,27,1,25.0,25.0
16375,5574,36,2,6.0,12.0
16376,5574,8,1,24.0,24.0
16377,5574,21,1,20.0,20.0
16378,5574,11,1,33.0,33.0
16379,5575,35,1,9.0,9.0
16380,5575,39,1,8.0,8.0
16381,5576,35,1,9.0,9.0
16382,5576,25,2,26.0,52.0
16383,5577,6,1,38.0,38.0
16384,5578,25,1,26.0,26.0
16385,5578,4,1,22.0,22.0
16386,5578,13,1,28.0,28.0
16387,5579,13,2,28.0,56.0
16388,5579,32,1,37.0,37.0
16389,5579,24,1,24.0,24.0
16390,5579,27,1,25.0,25.0
16391,5579,28,1,34.0,34.0
16392,5580,5,1,30.0,30.0
16393,5580,36,2,6.0,12.0
16394,5580,6,1,38.0,38.0
16395,5580,4,1,22.0,22.0
16396,5581,8,1,24.0,24.0
16397,5581,2,1,34.0,34.0
16398,5581,7,2,36.0,72.0
16399,5581,33,2,14.0,28.0
16400,5582,36,2,6.0,12.0
16401,5582,8,1,24.0,24.0
16402,5583,17,1,26.0,26.0
16403,5583,2,1,34.0,34.0
16404,5584,5,1,30.0,30.0
16405,5584,32,1,37.0,37.0
16406,5585,23,2,18.0,36.0
16407,5585,6,1,38.0,38.0
16408,5585,2,2,34.0,68.0
16409,5585,7,1,36.0,36.0
16410,5585,25,1,26.0,26.0
16411,5586,36,2,6.0,12.0
16412,5586,33,1,14.0,14.0
16413,5587,8,1,24.0,24.0
16414,5587,7,3,36.0,108.0
16415,5588,23,2,18.0,36.0
16416,5588,33,2,14.0,28.0
16417,5588,14,3,45.0,135.0
16418,5589,26,2,42.0,84.0
16419,5589,5,1,30.0,30.0
16420,5589,39,2,8.0,16.0
16421,5589,23,1,18.0,18.0
16422,5589,15,2,30.0,60.0
16423,5589,30,1,38.0,38.0
16424,5590,8,1,24.0,24.0
16425,5590,13,1,28.0,28.0
16426,5591,13,1,28.0,28.0
16427,5591,23,1,18.0,18.0
16428,5591,8,1,24.0,24.0
16429,5592,37,1,18.0,18.0
16430,5592,4,1,22.0,22.0
16431,5593,24,3,24.0,72.0
16432,5593,28,1,34.0,34.0
16433,5594,5,2,30.0,60.0
16434,5594,2,1,34.0,34.0
16435,5595,4,1,22.0,22.0
16436,5595,16,1,32.0,32.0
16437,5595,23,2,18.0,36.0
16438,5595,8,1,24.0,24.0
16439,5596,37,1,18.0,18.0
16440,5596,33,1,14.0,14.0
16441,5596,2,1,34.0,34.0
16442,5597,29,2,44.0,88.0
16443,5597,12,1,36.0,36.0
16444,5597,27,3,25.0,75.0
16445,5598,4,1,22.0,22.0
16446,5599,38,1,12.0,12.0
16447,5599,6,3,38.0,114.0
16448,5599,8,1,24.0,24.0
16449,5600,40,2,10.0,20.0
16450,5600,6,1,38.0,38.0
16451,5600,17,1,26.0,26.0
16452,5600,32,2,37.0,74.0
16453,5600,3,1,42.0,42.0
16454,5600,2,1,34.0,34.0
16455,5601,28,2,34.0,68.0
16456,5602,32,3,37.0,111.0
16457,5602,14,2,45.0,90.0
16458,5603,2,1,34.0,34.0
16459,5603,23,1,18.0,18.0
16460,5604,6,1,38.0,38.0
16461,5605,2,1,34.0,34.0
16462,5605,14,1,45.0,45.0
16463,5605,23,2,18.0,36.0
16464,5605,24,2,24.0,48.0
16465,5606,33,1,14.0,14.0
16466,5607,5,2,30.0,60.0
16467,5608,1,2,28.0,56.0
16468,5608,6,3,38.0,114.0
16469,5608,13,1,28.0,28.0
16470,5608,2,1,34.0,34.0
16471,5608,30,1,38.0,38.0
16472,5609,26,2,42.0,84.0
16473,5609,9,1,35.0,35.0
16474,5610,13,1,28.0,28.0
16475,5610,27,2,25.0,50.0
16476,5610,24,2,24.0,48.0
16477,5611,5,2,30.0,60.0
16478,5611,30,3,38.0,114.0
16479,5611,32,3,37.0,111.0
16480,5612,39,1,8.0,8.0
16481,5612,18,2,38.0,76.0
16482,5612,8,1,24.0,24.0
16483,5613,36,3,6.0,18.0
16484,5613,11,2,33.0,66.0
16485,5614,8,2,24.0,48.0
16486,5614,15,1,30.0,30.0
16487,5614,1,2,28.0,56.0
16488,5615,24,1,24.0,24.0
16489,5615,30,3,38.0,114.0
16490,5615,23,2,18.0,36.0
16491,5616,14,2,45.0,90.0
16492,5617,28,1,34.0,34.0
16493,5617,14,2,45.0,90.0
16494,5617,32,2,37.0,74.0
16495,5618,6,1,38.0,38.0
16496,5618,22,1,22.0,22.0
16497,5618,5,1,30.0,30.0
16498,5618,26,2,42.0,84.0
16499,5618,38,2,12.0,24.0
16500,5618,32,2,37.0,74.0
16501,5619,8,2,24.0,48.0
16502,5620,28,1,34.0,34.0
16503,5620,8,2,24.0,48.0
16504,5620,27,1,25.0,25.0
16505,5620,30,2,38.0,76.0
16506,5621,8,1,24.0,24.0
16507,5621,24,1,24.0,24.0
16508,5621,18,2,38.0,76.0
16509,5621,35,2,9.0,18.0
16510,5622,24,1,24.0,24.0
16511,5622,13,3,28.0,84.0
16512,5622,14,1,45.0,45.0
16513,5622,8,3,24.0,72.0
16514,5622,7,1,36.0,36.0
16515,5623,16,1,32.0,32.0
16516,5623,5,1,30.0,30.0
16517,5624,6,2,38.0,76.0
16518,5624,27,1,25.0,25.0
16519,5624,2,2,34.0,68.0
16520,5625,14,1,45.0,45.0
16521,5625,23,3,18.0,54.0
16522,5625,35,3,9.0,27.0
16523,5626,2,1,34.0,34.0
16524,5627,5,2,30.0,60.0
16525,5628,14,1,45.0,45.0
16526,5628,37,1,18.0,18.0
16527,5628,35,1,9.0,9.0
16528,5628,7,3,36.0,108.0
16529,5629,14,1,45.0,45.0
16530,5629,5,2,30.0,60.0
16531,5629,37,1,18.0,18.0
16532,5629,11,2,33.0,66.0
16533,5630,36,1,6.0,6.0
16534,5630,2,2,34.0,68.0
16535,5630,21,1,20.0,20.0
16536,5631,5,1,30.0,30.0
16537,5631,3,1,42.0,42.0
16538,5632,1,1,28.0,28.0
16539,5632,12,2,36.0,72.0
16540,5633,15,2,30.0,60.0
16541,5633,12,2,36.0,72.0
16542,5633,13,1,28.0,28.0
16543,5633,18,3,38.0,114.0
16544,5634,7,1,36.0,36.0
16545,5634,30,2,38.0,76.0
16546,5635,1,1,28.0,28.0
16547,5635,4,2,22.0,44.0
16548,5635,17,1,26.0,26.0
16549,5636,29,1,44.0,44.0
16550,5636,2,2,34.0,68.0
16551,5637,26,1,42.0,42.0
16552,5638,8,1,24.0,24.0
16553,5639,25,2,26.0,52.0
16554,5639,6,1,38.0,38.0
16555,5640,23,1,18.0,18.0
16556,5640,28,2,34.0,68.0
16557,5640,8,3,24.0,72.0
16558,5641,1,1,28.0,28.0
16559,5642,11,1,33.0,33.0
16560,5642,27,2,25.0,50.0
16561,5642,18,1,38.0,38.0
16562,5642,6,1,38.0,38.0
16563,5643,13,1,28.0,28.0
16564,5643,7,1,36.0,36.0
16565,5644,17,2,26.0,52.0
16566,5644,7,1,36.0,36.0
16567,5644,35,1,9.0,9.0
16568,5644,5,2,30.0,60.0
16569,5644,31,1,36.0,36.0
16570,5645,15,1,30.0,30.0
16571,5645,13,1,28.0,28.0
16572,5645,35,1,9.0,9.0
16573,5645,39,3,8.0,24.0
16574,5645,40,1,10.0,10.0
16575,5646,25,2,26.0,52.0
16576,5646,11,2,33.0,66.0
16577,5646,6,1,38.0,38.0
16578,5646,13,1,28.0,28.0
16579,5647,7,1,36.0,36.0
16580,5647,30,1,38.0,38.0
16581,5647,34,1,10.0,10.0
16582,5648,8,1,24.0,24.0
16583,5648,1,1,28.0,28.0
16584,5649,7,2,36.0,72.0
16585,5649,1,2,28.0,56.0
16586,5649,39,2,8.0,16.0
16587,5650,6,2,38.0,76.0
16588,5650,4,1,22.0,22.0
16589,5650,38,1,12.0,12.0
16590,5651,28,2,34.0,68.0
16591,5652,34,1,10.0,10.0
16592,5652,36,1,6.0,6.0
16593,5652,7,2,36.0,72.0
16594,5652,13,2,28.0,56.0
16595,5653,7,2,36.0,72.0
16596,5653,30,2,38.0,76.0
16597,5653,18,1,38.0,38.0
16598,5653,37,3,18.0,54.0
16599,5653,22,1,22.0,22.0
16600,5653,2,1,34.0,34.0
16601,5654,9,1,35.0,35.0
16602,5654,26,2,42.0,84.0
16603,5655,26,2,42.0,84.0
16604,5655,32,1,37.0,37.0
16605,5655,23,1,18.0,18.0
16606,5656,4,1,22.0,22.0
16607,5656,29,3,44.0,132.0
16608,5657,33,1,14.0,14.0
16609,5657,18,1,38.0,38.0
16610,5657,16,2,32.0,64.0
16611,5658,5,1,30.0,30.0
16612,5658,33,1,14.0,14.0
16613,5659,34,2,10.0,20.0
16614,5659,10,2,32.0,64.0
16615,5660,32,2,37.0,74.0
16616,5660,5,1,30.0,30.0
16617,5660,9,1,35.0,35.0
16618,5660,29,1,44.0,44.0
16619,5661,16,2,32.0,64.0
16620,5661,6,1,38.0,38.0
16621,5662,2,2,34.0,68.0
16622,5662,15,1,30.0,30.0
16623,5662,5,2,30.0,60.0
16624,5662,7,1,36.0,36.0
16625,5662,8,1,24.0,24.0
16626,5663,22,2,22.0,44.0
16627,5663,16,1,32.0,32.0
16628,5664,23,2,18.0,36.0
16629,5664,4,1,22.0,22.0
16630,5664,2,2,34.0,68.0
16631,5665,36,1,6.0,6.0
16632,5665,18,3,38.0,114.0
16633,5666,11,3,33.0,99.0
16634,5667,1,1,28.0,28.0
16635,5668,13,3,28.0,84.0
16636,5668,30,2,38.0,76.0
16637,5668,6,3,38.0,114.0
16638,5669,5,1,30.0,30.0
16639,5669,1,1,28.0,28.0
16640,5669,8,1,24.0,24.0
16641,5670,5,1,30.0,30.0
16642,5670,31,1,36.0,36.0
16643,5671,11,2,33.0,66.0
16644,5672,10,1,32.0,32.0
16645,5672,14,2,45.0,90.0
16646,5672,31,1,36.0,36.0
16647,5672,5,1,30.0,30.0
16648,5672,30,1,38.0,38.0
16649,5672,38,1,12.0,12.0
16650,5673,12,2,36.0,72.0
16651,5673,30,1,38.0,38.0
16652,5673,2,3,34.0,102.0
16653,5674,14,1,45.0,45.0
16654,5675,7,1,36.0,36.0
16655,5675,16,2,32.0,64.0
16656,5675,6,2,38.0,76.0
16657,5676,2,1,34.0,34.0
16658,5677,5,2,30.0,60.0
16659,5677,12,1,36.0,36.0
16660,5677,40,1,10.0,10.0
16661,5678,25,2,26.0,52.0
16662,5678,14,1,45.0,45.0
16663,5678,5,3,30.0,90.0
16664,5679,2,1,34.0,34.0
16665,5679,36,1,6.0,6.0
16666,5679,6,1,38.0,38.0
16667,5679,24,1,24.0,24.0
16668,5679,16,1,32.0,32.0
16669,5680,19,3,18.0,54.0
16670,5680,1,3,28.0,84.0
16671,5680,15,2,30.0,60.0
16672,5680,5,3,30.0,90.0
16673,5680,27,1,25.0,25.0
16674,5681,5,2,30.0,60.0
16675,5681,10,2,32.0,64.0
16676,5682,7,1,36.0,36.0
16677,5682,32,1,37.0,37.0
16678,5683,12,1,36.0,36.0
16679,5683,7,2,36.0,72.0
16680,5684,21,1,20.0,20.0
16681,5685,34,2,10.0,20.0
16682,5686,9,1,35.0,35.0
16683,5686,12,1,36.0,36.0
16684,5686,28,2,34.0,68.0
16685,5687,13,2,28.0,56.0
16686,5687,30,2,38.0,76.0
16687,5687,15,1,30.0,30.0
16688,5688,2,1,34.0,34.0
16689,5688,8,1,24.0,24.0
16690,5688,16,3,32.0,96.0
16691,5688,14,1,45.0,45.0
16692,5688,26,1,42.0,42.0
16693,5689,8,1,24.0,24.0
16694,5689,1,2,28.0,56.0
16695,5690,17,2,26.0,52.0
16696,5690,8,2,24.0,48.0
16697,5690,30,1,38.0,38.0
16698,5691,13,1,28.0,28.0
16699,5691,22,2,22.0,44.0
16700,5691,4,1,22.0,22.0
16701,5691,5,2,30.0,60.0
16702,5692,4,2,22.0,44.0
16703,5692,23,1,18.0,18.0
16704,5692,24,3,24.0,72.0
16705,5692,8,1,24.0,24.0
16706,5693,35,1,9.0,9.0
16707,5693,12,1,36.0,36.0
16708,5693,9,1,35.0,35.0
16709,5693,3,1,42.0,42.0
16710,5693,24,2,24.0,48.0
16711,5694,13,1,28.0,28.0
16712,5694,25,1,26.0,26.0
16713,5694,14,2,45.0,90.0
16714,5695,17,1,26.0,26.0
16715,5696,13,1,28.0,28.0
16716,5697,15,1,30.0,30.0
16717,5698,40,3,10.0,30.0
16718,5698,7,1,36.0,36.0
16719,5698,26,2,42.0,84.0
16720,5698,24,2,24.0,48.0
16721,5699,13,2,28.0,56.0
16722,5699,31,2,36.0,72.0
16723,5700,20,2,16.0,32.0
16724,5700,4,2,22.0,44.0
16725,5700,10,1,32.0,32.0
16726,5701,24,1,24.0,24.0
16727,5701,37,3,18.0,54.0
16728,5701,27,1,25.0,25.0
16729,5702,37,1,18.0,18.0
16730,5702,1,1,28.0,28.0
16731,5702,12,2,36.0,72.0
16732,5703,28,1,34.0,34.0
16733,5703,38,2,12.0,24.0
16734,5703,13,1,28.0,28.0
16735,5703,33,1,14.0,14.0
16736,5704,26,1,42.0,42.0
16737,5704,1,2,28.0,56.0
16738,5704,4,2,22.0,44.0
16739,5704,8,2,24.0,48.0
16740,5705,2,1,34.0,34.0
16741,5705,20,1,16.0,16.0
16742,5706,27,1,25.0,25.0
16743,5706,18,1,38.0,38.0
16744,5707,22,1,22.0,22.0
16745,5707,12,2,36.0,72.0
16746,5707,26,2,42.0,84.0
16747,5707,2,1,34.0,34.0
16748,5708,9,1,35.0,35.0
16749,5708,8,1,24.0,24.0
16750,5709,6,1,38.0,38.0
16751,5709,30,1,38.0,38.0
16752,5709,28,2,34.0,68.0
16753,5710,12,1,36.0,36.0
16754,5711,21,1,20.0,20.0
16755,5712,2,1,34.0,34.0
16756,5712,33,1,14.0,14.0
16757,5713,4,1,22.0,22.0
16758,5713,5,2,30.0,60.0
16759,5713,29,1,44.0,44.0
16760,5713,37,1,18.0,18.0
16761,5713,2,1,34.0,34.0
16762,5713,15,1,30.0,30.0
16763,5714,15,1,30.0,30.0
16764,5714,34,1,10.0,10.0
16765,5714,2,1,34.0,34.0
16766,5714,28,1,34.0,34.0
16767,5715,5,2,30.0,60.0
16768,5715,17,3,26.0,78.0
16769,5715,2,1,34.0,34.0
16770,5716,28,1,34.0,34.0
16771,5717,23,2,18.0,36.0
16772,5718,2,1,34.0,34.0
16773,5718,1,2,28.0,56.0
16774,5718,21,1,20.0,20.0
16775,5719,25,1,26.0,26.0
16776,5719,7,3,36.0,108.0
16777,5719,24,1,24.0,24.0
16778,5719,26,1,42.0,42.0
16779,5719,35,2,9.0,18.0
16780,5720,20,3,16.0,48.0
16781,5720,14,1,45.0,45.0
16782,5720,25,1,26.0,26.0
16783,5721,5,1,30.0,30.0
16784,5721,22,1,22.0,22.0
16785,5722,30,1,38.0,38.0
16786,5723,6,2,38.0,76.0
16787,5723,13,1,28.0,28.0
16788,5723,5,3,30.0,90.0
16789,5723,2,1,34.0,34.0
16790,5724,4,2,22.0,44.0
16791,5724,20,2,16.0,32.0
16792,5724,14,1,45.0,45.0
16793,5724,15,1,30.0,30.0
16794,5724,25,1,26.0,26.0
16795,5725,30,3,38.0,114.0
16796,5725,7,1,36.0,36.0
16797,5725,23,2,18.0,36.0
16798,5726,25,1,26.0,26.0
16799,5726,5,1,30.0,30.0
16800,5727,29,1,44.0,44.0
16801,5727,10,3,32.0,96.0
16802,5727,35,1,9.0,9.0
16803,5727,14,2,45.0,90.0
16804,5728,32,2,37.0,74.0
16805,5728,34,1,10.0,10.0
16806,5728,23,2,18.0,36.0
16807,5729,25,1,26.0,26.0
16808,5729,12,1,36.0,36.0
16809,5729,16,2,32.0,64.0
16810,5729,33,1,14.0,14.0
16811,5730,5,1,30.0,30.0
16812,5731,39,1,8.0,8.0
16813,5731,21,1,20.0,20.0
16814,5731,7,2,36.0,72.0
16815,5731,13,2,28.0,56.0
16816,5731,19,1,18.0,18.0
16817,5731,18,1,38.0,38.0
16818,5732,30,1,38.0,38.0
16819,5732,19,1,18.0,18.0
16820,5732,4,3,22.0,66.0
16821,5733,18,2,38.0,76.0
16822,5733,14,1,45.0,45.0
16823,5733,32,1,37.0,37.0
16824,5733,19,2,18.0,36.0
16825,5733,30,1,38.0,38.0
16826,5734,1,2,28.0,56.0
16827,5734,8,2,24.0,48.0
16828,5734,9,3,35.0,105.0
16829,5734,29,1,44.0,44.0
16830,5735,14,3,45.0,135.0
16831,5735,18,3,38.0,114.0
16832,5735,25,1,26.0,26.0
16833,5735,21,3,20.0,60.0
16834,5736,2,2,34.0,68.0
16835,5736,36,1,6.0,6.0
16836,5736,8,2,24.0,48.0
16837,5736,5,2,30.0,60.0
16838,5736,20,1,16.0,16.0
16839,5736,3,1,42.0,42.0
16840,5737,17,2,26.0,52.0
16841,5737,35,1,9.0,9.0
16842,5738,15,2,30.0,60.0
16843,5738,1,3,28.0,84.0
16844,5738,10,2,32.0,64.0
16845,5739,7,1,36.0,36.0
16846,5739,4,2,22.0,44.0
16847,5740,37,1,18.0,18.0
16848,5740,34,1,10.0,10.0
16849,5741,21,1,20.0,20.0
16850,5741,38,2,12.0,24.0
16851,5742,21,3,20.0,60.0
16852,5742,2,1,34.0,34.0
16853,5743,5,3,30.0,90.0
16854,5743,24,1,24.0,24.0
16855,5744,22,3,22.0,66.0
16856,5744,10,2,32.0,64.0
16857,5744,23,3,18.0,54.0
16858,5744,4,1,22.0,22.0
16859,5744,27,1,25.0,25.0
16860,5745,24,3,24.0,72.0
16861,5745,7,1,36.0,36.0
16862,5745,8,1,24.0,24.0
16863,5745,5,1,30.0,30.0
16864,5746,39,1,8.0,8.0
16865,5747,4,1,22.0,22.0
16866,5747,3,1,42.0,42.0
16867,5747,25,2,26.0,52.0
16868,5748,12,3,36.0,108.0
16869,5748,16,3,32.0,96.0
16870,5748,7,2,36.0,72.0
16871,5748,4,1,22.0,22.0
16872,5748,6,2,38.0,76.0
16873,5748,23,2,18.0,36.0
16874,5749,37,1,18.0,18.0
16875,5749,23,1,18.0,18.0
16876,5749,5,1,30.0,30.0
16877,5750,37,1,18.0,18.0
16878,5750,4,2,22.0,44.0
16879,5750,16,1,32.0,32.0
16880,5751,37,3,18.0,54.0
16881,5751,2,3,34.0,102.0
16882,5751,1,1,28.0,28.0
16883,5752,28,1,34.0,34.0
16884,5752,29,1,44.0,44.0
16885,5752,19,1,18.0,18.0
16886,5752,6,1,38.0,38.0
16887,5753,23,1,18.0,18.0
16888,5753,33,1,14.0,14.0
16889,5753,12,1,36.0,36.0
16890,5754,21,2,20.0,40.0
16891,5754,25,1,26.0,26.0
16892,5754,4,1,22.0,22.0
16893,5754,30,2,38.0,76.0
16894,5755,22,1,22.0,22.0
16895,5755,39,1,8.0,8.0
16896,5755,15,1,30.0,30.0
16897,5755,1,3,28.0,84.0
16898,5755,38,2,12.0,24.0
16899,5755,8,1,24.0,24.0
16900,5756,4,1,22.0,22.0
16901,5756,34,1,10.0,10.0
16902,5756,12,1,36.0,36.0
16903,5756,30,1,38.0,38.0
16904,5757,4,1,22.0,22.0
16905,5757,15,1,30.0,30.0
16906,5757,34,1,10.0,10.0
16907,5758,24,1,24.0,24.0
16908,5758,12,1,36.0,36.0
16909,5759,37,1,18.0,18.0
16910,5759,2,2,34.0,68.0
16911,5759,7,1,36.0,36.0
16912,5760,30,1,38.0,38.0
16913,5760,11,1,33.0,33.0
16914,5760,34,1,10.0,10.0
16915,5760,22,1,22.0,22.0
16916,5761,13,1,28.0,28.0
16917,5761,22,1,22.0,22.0
16918,5761,6,1,38.0,38.0
16919,5761,23,3,18.0,54.0
16920,5762,2,2,34.0,68.0
16921,5762,18,1,38.0,38.0
16922,5762,6,1,38.0,38.0
16923,5762,20,1,16.0,16.0
16924,5762,8,2,24.0,48.0
16925,5762,1,1,28.0,28.0
16926,5763,13,1,28.0,28.0
16927,5763,30,1,38.0,38.0
16928,5763,28,3,34.0,102.0
16929,5764,5,2,30.0,60.0
16930,5764,6,1,38.0,38.0
16931,5765,2,3,34.0,102.0
16932,5765,7,1,36.0,36.0
16933,5765,30,1,38.0,38.0
16934,5765,26,1,42.0,42.0
16935,5765,28,1,34.0,34.0
16936,5766,13,1,28.0,28.0
16937,5766,11,3,33.0,99.0
16938,5766,12,3,36.0,108.0
16939,5766,4,1,22.0,22.0
16940,5766,24,2,24.0,48.0
16941,5766,6,2,38.0,76.0
16942,5767,12,1,36.0,36.0
16943,5767,40,2,10.0,20.0
16944,5768,8,1,24.0,24.0
16945,5768,32,2,37.0,74.0
16946,5768,2,1,34.0,34.0
16947,5768,1,2,28.0,56.0
16948,5769,2,2,34.0,68.0
16949,5769,9,3,35.0,105.0
16950,5769,16,2,32.0,64.0
16951,5769,7,1,36.0,36.0
16952,5769,22,1,22.0,22.0
16953,5769,24,1,24.0,24.0
16954,5770,40,2,10.0,20.0
16955,5770,24,2,24.0,48.0
16956,5771,2,1,34.0,34.0
16957,5771,29,1,44.0,44.0
16958,5771,37,1,18.0,18.0
16959,5771,5,1,30.0,30.0
16960,5771,18,2,38.0,76.0
16961,5771,6,3,38.0,114.0
16962,5772,24,1,24.0,24.0
16963,5772,14,1,45.0,45.0
16964,5772,7,2,36.0,72.0
16965,5773,12,1,36.0,36.0
16966,5773,30,2,38.0,76.0
16967,5773,4,2,22.0,44.0
16968,5774,32,1,37.0,37.0
16969,5774,14,2,45.0,90.0
16970,5774,17,2,26.0,52.0
16971,5774,25,1,26.0,26.0
16972,5774,33,2,14.0,28.0
16973,5774,23,1,18.0,18.0
16974,5775,22,1,22.0,22.0
16975,5775,38,3,12.0,36.0
16976,5775,34,1,10.0,10.0
16977,5776,32,1,37.0,37.0
16978,5776,7,1,36.0,36.0
16979,5777,23,1,18.0,18.0
16980,5777,2,1,34.0,34.0
16981,5777,38,2,12.0,24.0
16982,5777,22,1,22.0,22.0
16983,5777,28,1,34.0,34.0
16984,5778,2,2,34.0,68.0
16985,5778,38,1,12.0,12.0
16986,5778,22,2,22.0,44.0
16987,5779,10,1,32.0,32.0
16988,5779,29,1,44.0,44.0
16989,5779,33,2,14.0,28.0
16990,5779,2,3,34.0,102.0
16991,5780,29,1,44.0,44.0
16992,5780,15,1,30.0,30.0
16993,5781,7,1,36.0,36.0
16994,5781,36,2,6.0,12.0
16995,5781,16,1,32.0,32.0
16996,5782,7,2,36.0,72.0
16997,5782,12,2,36.0,72.0
16998,5782,23,1,18.0,18.0
16999,5783,34,2,10.0,20.0
17000,5783,1,1,28.0,28.0
17001,5783,30,1,38.0,38.0
17002,5783,7,1,36.0,36.0
17003,5784,6,1,38.0,38.0
17004,5784,3,3,42.0,126.0
17005,5784,18,2,38.0,76.0
17006,5784,12,3,36.0,108.0
17007,5784,2,1,34.0,34.0
17008,5785,3,2,42.0,84.0
17009,5785,16,1,32.0,32.0
17010,5785,7,1,36.0,36.0
17011,5786,22,1,22.0,22.0
17012,5786,17,2,26.0,52.0
17013,5787,2,1,34.0,34.0
17014,5787,31,1,36.0,36.0
17015,5787,15,3,30.0,90.0
17016,5788,23,2,18.0,36.0
17017,5788,1,1,28.0,28.0
17018,5788,7,1,36.0,36.0
17019,5788,36,1,6.0,6.0
17020,5788,9,1,35.0,35.0
17021,5789,8,2,24.0,48.0
17022,5789,3,2,42.0,84.0
17023,5789,16,1,32.0,32.0
17024,5790,9,1,35.0,35.0
17025,5790,3,1,42.0,42.0
17026,5791,37,1,18.0,18.0
17027,5791,36,1,6.0,6.0
17028,5791,30,1,38.0,38.0
17029,5792,27,1,25.0,25.0
17030,5792,37,2,18.0,36.0
17031,5792,4,3,22.0,66.0
17032,5793,5,1,30.0,30.0
17033,5793,35,2,9.0,18.0
17034,5793,1,1,28.0,28.0
17035,5793,11,1,33.0,33.0
17036,5794,23,1,18.0,18.0
17037,5794,1,3,28.0,84.0
17038,5794,22,3,22.0,66.0
17039,5795,14,2,45.0,90.0
17040,5795,16,1,32.0,32.0
17041,5796,37,2,18.0,36.0
17042,5796,27,1,25.0,25.0
17043,5796,7,1,36.0,36.0
17044,5796,3,1,42.0,42.0
17045,5796,34,1,10.0,10.0
17046,5797,27,1,25.0,25.0
17047,5797,35,1,9.0,9.0
17048,5797,19,2,18.0,36.0
17049,5798,25,2,26.0,52.0
17050,5799,13,1,28.0,28.0
17051,5799,1,2,28.0,56.0
17052,5800,32,2,37.0,74.0
17053,5800,15,2,30.0,60.0
17054,5801,34,1,10.0,10.0
17055,5802,35,1,9.0,9.0
17056,5802,27,1,25.0,25.0
17057,5802,34,1,10.0,10.0
17058,5802,18,1,38.0,38.0
17059,5802,5,3,30.0,90.0
17060,5802,24,1,24.0,24.0
17061,5803,5,1,30.0,30.0
17062,5803,17,1,26.0,26.0
17063,5803,6,1,38.0,38.0
17064,5804,28,1,34.0,34.0
17065,5804,12,1,36.0,36.0
17066,5804,11,2,33.0,66.0
17067,5804,5,2,30.0,60.0
17068,5805,5,1,30.0,30.0
17069,5805,30,1,38.0,38.0
17070,5806,23,2,18.0,36.0
17071,5806,20,1,16.0,16.0
17072,5806,33,2,14.0,28.0
17073,5806,31,1,36.0,36.0
17074,5807,2,3,34.0,102.0
17075,5807,16,1,32.0,32.0
17076,5808,3,1,42.0,42.0
17077,5808,17,1,26.0,26.0
17078,5808,1,1,28.0,28.0
17079,5809,16,2,32.0,64.0
17080,5809,7,2,36.0,72.0
17081,5809,33,1,14.0,14.0
17082,5810,11,1,33.0,33.0
17083,5810,27,1,25.0,25.0
17084,5810,12,1,36.0,36.0
17085,5811,39,1,8.0,8.0
17086,5811,19,2,18.0,36.0
17087,5812,5,1,30.0,30.0
17088,5813,5,2,30.0,60.0
17089,5813,6,1,38.0,38.0
17090,5813,2,1,34.0,34.0
17091,5814,26,2,42.0,84.0
17092,5814,33,1,14.0,14.0
17093,5815,7,1,36.0,36.0
17094,5815,17,1,26.0,26.0
17095,5816,20,3,16.0,48.0
17096,5816,6,3,38.0,114.0
17097,5816,16,1,32.0,32.0
17098,5816,1,2,28.0,56.0
17099,5817,2,3,34.0,102.0
17100,5817,1,2,28.0,56.0
17101,5818,25,2,26.0,52.0
17102,5819,8,1,24.0,24.0
17103,5819,5,2,30.0,60.0
17104,5820,24,2,24.0,48.0
17105,5820,4,2,22.0,44.0
17106,5820,39,2,8.0,16.0
17107,5821,16,1,32.0,32.0
17108,5822,14,1,45.0,45.0
17109,5822,21,1,20.0,20.0
17110,5823,2,1,34.0,34.0
17111,5823,6,1,38.0,38.0
17112,5824,23,2,18.0,36.0
17113,5824,36,1,6.0,6.0
17114,5825,9,1,35.0,35.0
17115,5825,8,2,24.0,48.0
17116,5825,14,1,45.0,45.0
17117,5826,16,1,32.0,32.0
17118,5826,8,1,24.0,24.0
17119,5826,1,1,28.0,28.0
17120,5827,12,2,36.0,72.0
17121,5827,17,3,26.0,78.0
17122,5827,10,2,32.0,64.0
17123,5828,8,2,24.0,48.0
17124,5828,6,1,38.0,38.0
17125,5828,18,1,38.0,38.0
17126,5829,3,1,42.0,42.0
17127,5829,20,1,16.0,16.0
17128,5829,13,2,28.0,56.0
17129,5829,7,1,36.0,36.0
17130,5829,12,2,36.0,72.0
17131,5829,8,2,24.0,48.0
17132,5830,6,1,38.0,38.0
17133,5830,30,2,38.0,76.0
17134,5830,22,2,22.0,44.0
17135,5831,10,1,32.0,32.0
17136,5831,3,2,42.0,84.0
17137,5832,2,1,34.0,34.0
17138,5832,29,1,44.0,44.0
17139,5833,13,1,28.0,28.0
17140,5833,38,2,12.0,24.0
17141,5833,15,1,30.0,30.0
17142,5834,8,1,24.0,24.0
17143,5834,30,1,38.0,38.0
17144,5835,8,3,24.0,72.0
17145,5836,15,2,30.0,60.0
17146,5836,10,1,32.0,32.0
17147,5836,8,2,24.0,48.0
17148,5837,31,1,36.0,36.0
17149,5837,5,1,30.0,30.0
17150,5837,24,3,24.0,72.0
17151,5837,7,3,36.0,108.0
17152,5837,4,1,22.0,22.0
17153,5838,30,1,38.0,38.0
17154,5838,8,1,24.0,24.0
17155,5839,8,2,24.0,48.0
17156,5839,4,1,22.0,22.0
17157,5839,37,1,18.0,18.0
17158,5839,13,1,28.0,28.0
17159,5839,10,1,32.0,32.0
17160,5840,30,1,38.0,38.0
17161,5840,32,1,37.0,37.0
17162,5841,2,1,34.0,34.0
17163,5841,31,2,36.0,72.0
17164,5842,17,2,26.0,52.0
17165,5842,12,1,36.0,36.0
17166,5842,5,1,30.0,30.0
17167,5842,10,1,32.0,32.0
17168,5842,8,3,24.0,72.0
17169,5843,8,1,24.0,24.0
17170,5843,12,1,36.0,36.0
17171,5844,30,2,38.0,76.0
17172,5844,5,1,30.0,30.0
17173,5844,8,1,24.0,24.0
17174,5844,28,1,34.0,34.0
17175,5844,35,1,9.0,9.0
17176,5845,33,1,14.0,14.0
17177,5845,11,1,33.0,33.0
17178,5846,8,1,24.0,24.0
17179,5846,38,3,12.0,36.0
17180,5846,36,1,6.0,6.0
17181,5846,18,1,38.0,38.0
17182,5847,15,1,30.0,30.0
17183,5848,4,1,22.0,22.0
17184,5849,25,2,26.0,52.0
17185,5849,19,2,18.0,36.0
17186,5850,25,1,26.0,26.0
17187,5851,7,2,36.0,72.0
17188,5851,28,1,34.0,34.0
17189,5851,13,2,28.0,56.0
17190,5851,18,1,38.0,38.0
17191,5851,23,1,18.0,18.0
17192,5852,20,1,16.0,16.0
17193,5852,1,1,28.0,28.0
17194,5852,33,1,14.0,14.0
17195,5853,24,1,24.0,24.0
17196,5853,2,2,34.0,68.0
17197,5854,15,1,30.0,30.0
17198,5854,23,2,18.0,36.0
17199,5854,37,1,18.0,18.0
17200,5855,7,2,36.0,72.0
17201,5855,20,1,16.0,16.0
17202,5855,22,1,22.0,22.0
17203,5855,4,2,22.0,44.0
17204,5856,16,2,32.0,64.0
17205,5856,24,1,24.0,24.0
17206,5856,8,2,24.0,48.0
17207,5856,35,2,9.0,18.0
17208,5857,34,1,10.0,10.0
17209,5857,1,2,28.0,56.0
17210,5857,8,1,24.0,24.0
17211,5858,10,3,32.0,96.0
17212,5859,7,2,36.0,72.0
17213,5859,40,1,10.0,10.0
17214,5859,34,1,10.0,10.0
17215,5859,1,2,28.0,56.0
17216,5859,4,1,22.0,22.0
17217,5860,24,1,24.0,24.0
17218,5860,2,3,34.0,102.0
17219,5860,7,3,36.0,108.0
17220,5860,15,1,30.0,30.0
17221,5860,27,1,25.0,25.0
17222,5861,7,1,36.0,36.0
17223,5861,6,2,38.0,76.0
17224,5861,10,1,32.0,32.0
17225,5862,9,1,35.0,35.0
17226,5862,20,1,16.0,16.0
17227,5863,29,1,44.0,44.0
17228,5863,2,1,34.0,34.0
17229,5864,7,1,36.0,36.0
17230,5864,1,1,28.0,28.0
17231,5865,1,1,28.0,28.0
17232,5865,30,3,38.0,114.0
17233,5866,39,1,8.0,8.0
17234,5866,8,2,24.0,48.0
17235,5866,2,3,34.0,102.0
17236,5866,5,1,30.0,30.0
17237,5866,28,1,34.0,34.0
17238,5867,9,1,35.0,35.0
17239,5867,5,1,30.0,30.0
17240,5868,37,3,18.0,54.0
17241,5868,16,1,32.0,32.0
17242,5869,13,1,28.0,28.0
17243,5870,26,1,42.0,42.0
17244,5871,24,2,24.0,48.0
17245,5871,27,1,25.0,25.0
17246,5872,9,1,35.0,35.0
17247,5872,27,1,25.0,25.0
17248,5872,25,1,26.0,26.0
17249,5872,2,3,34.0,102.0
17250,5873,6,1,38.0,38.0
17251,5873,7,1,36.0,36.0
17252,5874,21,1,20.0,20.0
17253,5874,29,1,44.0,44.0
17254,5874,7,1,36.0,36.0
17255,5875,6,1,38.0,38.0
17256,5875,13,2,28.0,56.0
17257,5876,8,1,24.0,24.0
17258,5876,15,1,30.0,30.0
17259,5876,10,1,32.0,32.0
17260,5877,1,1,28.0,28.0
17261,5878,13,2,28.0,56.0
17262,5878,5,1,30.0,30.0
17263,5878,35,3,9.0,27.0
17264,5878,27,2,25.0,50.0
17265,5879,1,1,28.0,28.0
17266,5880,14,2,45.0,90.0
17267,5880,5,1,30.0,30.0
17268,5880,11,2,33.0,66.0
17269,5881,23,2,18.0,36.0
17270,5881,39,1,8.0,8.0
17271,5881,12,2,36.0,72.0
17272,5881,21,2,20.0,40.0
17273,5881,9,1,35.0,35.0
17274,5882,33,1,14.0,14.0
17275,5882,32,2,37.0,74.0
17276,5883,2,1,34.0,34.0
17277,5883,5,1,30.0,30.0
17278,5883,21,1,20.0,20.0
17279,5884,28,1,34.0,34.0
17280,5884,29,2,44.0,88.0
17281,5884,8,1,24.0,24.0
17282,5885,13,2,28.0,56.0
17283,5885,32,1,37.0,37.0
17284,5885,2,2,34.0,68.0
17285,5885,27,1,25.0,25.0
17286,5885,6,2,38.0,76.0
17287,5886,20,2,16.0,32.0
17288,5886,35,2,9.0,18.0
17289,5886,23,2,18.0,36.0
17290,5886,39,1,8.0,8.0
17291,5887,7,1,36.0,36.0
17292,5887,16,2,32.0,64.0
17293,5887,25,1,26.0,26.0
17294,5888,12,2,36.0,72.0
17295,5888,36,2,6.0,12.0
17296,5888,39,1,8.0,8.0
17297,5889,37,2,18.0,36.0
17298,5889,3,3,42.0,126.0
17299,5889,1,1,28.0,28.0
17300,5890,7,1,36.0,36.0
17301,5890,32,1,37.0,37.0
17302,5891,18,1,38.0,38.0
17303,5891,39,1,8.0,8.0
17304,5892,15,3,30.0,90.0
17305,5892,5,3,30.0,90.0
17306,5892,1,1,28.0,28.0
17307,5893,8,1,24.0,24.0
17308,5893,33,1,14.0,14.0
17309,5893,32,1,37.0,37.0
17310,5893,5,2,30.0,60.0
17311,5893,12,1,36.0,36.0
17312,5894,25,1,26.0,26.0
17313,5894,8,1,24.0,24.0
17314,5894,2,2,34.0,68.0
17315,5895,35,2,9.0,18.0
17316,5896,18,2,38.0,76.0
17317,5896,24,1,24.0,24.0
17318,5896,30,1,38.0,38.0
17319,5897,5,1,30.0,30.0
17320,5897,19,1,18.0,18.0
17321,5898,28,1,34.0,34.0
17322,5898,8,1,24.0,24.0
17323,5899,11,1,33.0,33.0
17324,5899,7,2,36.0,72.0
17325,5899,5,2,30.0,60.0
17326,5899,38,1,12.0,12.0
17327,5900,22,2,22.0,44.0
17328,5900,23,1,18.0,18.0
17329,5901,33,1,14.0,14.0
17330,5902,31,2,36.0,72.0
17331,5902,25,3,26.0,78.0
17332,5902,26,1,42.0,42.0
17333,5902,1,2,28.0,56.0
17334,5903,21,1,20.0,20.0
17335,5903,15,2,30.0,60.0
17336,5903,23,1,18.0,18.0
17337,5904,21,1,20.0,20.0
17338,5904,35,1,9.0,9.0
17339,5904,23,1,18.0,18.0
17340,5904,2,1,34.0,34.0
17341,5905,5,1,30.0,30.0
17342,5905,8,3,24.0,72.0
17343,5905,6,1,38.0,38.0
17344,5906,6,1,38.0,38.0
17345,5906,4,1,22.0,22.0
17346,5906,39,2,8.0,16.0
17347,5907,37,1,18.0,18.0
17348,5907,10,1,32.0,32.0
17349,5908,37,2,18.0,36.0
17350,5908,23,1,18.0,18.0
17351,5908,9,3,35.0,105.0
17352,5908,36,1,6.0,6.0
17353,5908,22,1,22.0,22.0
17354,5908,6,1,38.0,38.0
17355,5909,6,2,38.0,76.0
17356,5909,19,2,18.0,36.0
17357,5910,21,2,20.0,40.0
17358,5910,34,1,10.0,10.0
17359,5910,4,1,22.0,22.0
17360,5911,7,1,36.0,36.0
17361,5911,1,1,28.0,28.0
17362,5912,37,2,18.0,36.0
17363,5913,24,1,24.0,24.0
17364,5913,17,1,26.0,26.0
17365,5913,19,1,18.0,18.0
17366,5913,37,1,18.0,18.0
17367,5913,20,2,16.0,32.0
17368,5914,5,1,30.0,30.0
17369,5914,37,2,18.0,36.0
17370,5915,4,1,22.0,22.0
17371,5915,19,1,18.0,18.0
17372,5915,8,1,24.0,24.0
17373,5915,12,1,36.0,36.0
17374,5915,16,2,32.0,64.0
17375,5916,10,1,32.0,32.0
17376,5916,16,1,32.0,32.0
17377,5916,1,1,28.0,28.0
17378,5917,13,1,28.0,28.0
17379,5917,6,1,38.0,38.0
17380,5918,27,2,25.0,50.0
17381,5918,30,1,38.0,38.0
17382,5918,37,3,18.0,54.0
17383,5919,6,1,38.0,38.0
17384,5919,8,1,24.0,24.0
17385,5920,15,2,30.0,60.0
17386,5920,9,2,35.0,70.0
17387,5920,14,1,45.0,45.0
17388,5920,8,1,24.0,24.0
17389,5921,12,1,36.0,36.0
17390,5921,21,3,20.0,60.0
17391,5921,8,1,24.0,24.0
17392,5921,28,2,34.0,68.0
17393,5922,1,2,28.0,56.0
17394,5923,10,1,32.0,32.0
17395,5924,15,2,30.0,60.0
17396,5925,30,1,38.0,38.0
17397,5925,12,2,36.0,72.0
17398,5925,22,2,22.0,44.0
17399,5926,33,1,14.0,14.0
17400,5926,8,1,24.0,24.0
17401,5927,7,1,36.0,36.0
17402,5927,8,1,24.0,24.0
17403,5927,6,2,38.0,76.0
17404,5927,37,3,18.0,54.0
17405,5928,5,1,30.0,30.0
17406,5928,12,1,36.0,36.0
17407,5928,19,2,18.0,36.0
17408,5928,26,1,42.0,42.0
17409,5928,10,2,32.0,64.0
17410,5928,21,2,20.0,40.0
17411,5929,25,1,26.0,26.0
17412,5929,30,1,38.0,38.0
17413,5929,6,3,38.0,114.0
17414,5930,10,1,32.0,32.0
17415,5930,23,2,18.0,36.0
17416,5930,7,1,36.0,36.0
17417,5931,21,1,20.0,20.0
17418,5931,5,1,30.0,30.0
17419,5931,12,1,36.0,36.0
17420,5932,32,1,37.0,37.0
17421,5932,38,1,12.0,12.0
17422,5933,15,2,30.0,60.0
17423,5934,15,1,30.0,30.0
17424,5934,25,2,26.0,52.0
17425,5935,23,1,18.0,18.0
17426,5935,32,1,37.0,37.0
17427,5936,12,1,36.0,36.0
17428,5936,1,2,28.0,56.0
17429,5936,8,1,24.0,24.0
17430,5936,7,1,36.0,36.0
17431,5937,29,2,44.0,88.0
17432,5937,12,1,36.0,36.0
17433,5937,1,1,28.0,28.0
17434,5938,25,2,26.0,52.0
17435,5938,9,2,35.0,70.0
17436,5939,27,1,25.0,25.0
17437,5939,20,1,16.0,16.0
17438,5940,8,3,24.0,72.0
17439,5940,15,1,30.0,30.0
17440,5941,22,1,22.0,22.0
17441,5942,12,1,36.0,36.0
17442,5942,11,1,33.0,33.0
17443,5942,8,1,24.0,24.0
17444,5943,36,1,6.0,6.0
17445,5943,8,3,24.0,72.0
17446,5943,16,3,32.0,96.0
17447,5944,20,2,16.0,32.0
17448,5944,33,1,14.0,14.0
17449,5944,15,2,30.0,60.0
17450,5944,5,1,30.0,30.0
17451,5944,16,2,32.0,64.0
17452,5945,4,1,22.0,22.0
17453,5946,10,2,32.0,64.0
17454,5946,13,1,28.0,28.0
17455,5947,39,2,8.0,16.0
17456,5947,5,1,30.0,30.0
17457,5948,7,1,36.0,36.0
17458,5948,28,3,34.0,102.0
17459,5948,31,2,36.0,72.0
17460,5948,37,1,18.0,18.0
17461,5949,26,2,42.0,84.0
17462,5949,16,2,32.0,64.0
17463,5949,19,2,18.0,36.0
17464,5950,13,1,28.0,28.0
17465,5950,14,1,45.0,45.0
17466,5951,1,1,28.0,28.0
17467,5951,6,2,38.0,76.0
17468,5951,27,1,25.0,25.0
17469,5952,30,2,38.0,76.0
17470,5952,2,2,34.0,68.0
17471,5952,5,3,30.0,90.0
17472,5953,11,1,33.0,33.0
17473,5953,5,3,30.0,90.0
17474,5953,1,1,28.0,28.0
17475,5954,5,1,30.0,30.0
17476,5954,25,1,26.0,26.0
17477,5954,1,1,28.0,28.0
17478,5954,38,1,12.0,12.0
17479,5955,37,1,18.0,18.0
17480,5956,15,3,30.0,90.0
17481,5956,34,1,10.0,10.0
17482,5956,2,1,34.0,34.0
17483,5956,14,3,45.0,135.0
17484,5956,8,1,24.0,24.0
17485,5957,8,1,24.0,24.0
17486,5957,36,2,6.0,12.0
17487,5957,6,3,38.0,114.0
17488,5958,1,2,28.0,56.0
17489,5958,21,1,20.0,20.0
17490,5958,8,1,24.0,24.0
17491,5959,4,1,22.0,22.0
17492,5959,40,1,10.0,10.0
17493,5960,7,1,36.0,36.0
17494,5961,21,1,20.0,20.0
17495,5961,38,3,12.0,36.0
17496,5961,18,2,38.0,76.0
17497,5961,11,2,33.0,66.0
17498,5961,20,1,16.0,16.0
17499,5962,35,2,9.0,18.0
17500,5962,8,3,24.0,72.0
17501,5963,17,1,26.0,26.0
17502,5963,21,1,20.0,20.0
17503,5963,28,2,34.0,68.0
17504,5963,6,1,38.0,38.0
17505,5964,22,1,22.0,22.0
17506,5964,16,1,32.0,32.0
17507,5964,36,1,6.0,6.0
17508,5965,32,1,37.0,37.0
17509,5965,11,1,33.0,33.0
17510,5965,29,2,44.0,88.0
17511,5966,23,1,18.0,18.0
17512,5966,13,1,28.0,28.0
17513,5966,40,2,10.0,20.0
17514,5966,37,1,18.0,18.0
17515,5966,17,1,26.0,26.0
17516,5967,1,1,28.0,28.0
17517,5967,16,2,32.0,64.0
17518,5968,32,1,37.0,37.0
17519,5968,37,2,18.0,36.0
17520,5968,21,1,20.0,20.0
17521,5969,13,2,28.0,56.0
17522,5969,20,1,16.0,16.0
17523,5970,9,2,35.0,70.0
17524,5970,3,2,42.0,84.0
17525,5970,33,1,14.0,14.0
17526,5970,37,1,18.0,18.0
17527,5970,18,2,38.0,76.0
17528,5970,6,1,38.0,38.0
17529,5971,37,3,18.0,54.0
17530,5972,7,3,36.0,108.0
17531,5972,11,3,33.0,99.0
17532,5972,16,1,32.0,32.0
17533,5972,2,1,34.0,34.0
17534,5973,23,2,18.0,36.0
17535,5974,23,2,18.0,36.0
17536,5974,7,2,36.0,72.0
17537,5975,16,2,32.0,64.0
17538,5975,3,1,42.0,42.0
17539,5975,20,1,16.0,16.0
17540,5975,9,2,35.0,70.0
17541,5975,8,1,24.0,24.0
17542,5975,22,1,22.0,22.0
17543,5976,6,2,38.0,76.0
17544,5976,12,1,36.0,36.0
17545,5976,3,1,42.0,42.0
17546,5976,26,1,42.0,42.0
17547,5976,22,1,22.0,22.0
17548,5977,10,1,32.0,32.0
17549,5977,19,2,18.0,36.0
17550,5977,5,3,30.0,90.0
17551,5977,37,1,18.0,18.0
17552,5977,8,2,24.0,48.0
17553,5978,29,2,44.0,88.0
17554,5978,22,3,22.0,66.0
17555,5979,35,3,9.0,27.0
17556,5979,40,2,10.0,20.0
17557,5979,5,2,30.0,60.0
17558,5980,25,2,26.0,52.0
17559,5980,2,1,34.0,34.0
17560,5981,13,2,28.0,56.0
17561,5981,32,2,37.0,74.0
17562,5981,7,1,36.0,36.0
17563,5982,5,1,30.0,30.0
17564,5983,29,1,44.0,44.0
17565,5984,7,1,36.0,36.0
17566,5984,10,2,32.0,64.0
17567,5984,8,2,24.0,48.0
17568,5985,1,2,28.0,56.0
17569,5985,8,1,24.0,24.0
17570,5985,23,1,18.0,18.0
17571,5985,11,2,33.0,66.0
17572,5986,8,3,24.0,72.0
17573,5986,14,1,45.0,45.0
17574,5986,12,2,36.0,72.0
17575,5986,5,1,30.0,30.0
17576,5987,15,1,30.0,30.0
17577,5987,12,2,36.0,72.0
17578,5988,26,2,42.0,84.0
17579,5988,33,1,14.0,14.0
17580,5989,9,2,35.0,70.0
17581,5990,8,1,24.0,24.0
17582,5990,20,1,16.0,16.0
17583,5990,26,1,42.0,42.0
17584,5991,37,1,18.0,18.0
17585,5991,8,2,24.0,48.0
17586,5992,36,1,6.0,6.0
17587,5992,23,1,18.0,18.0
17588,5993,11,1,33.0,33.0
17589,5993,19,1,18.0,18.0
17590,5993,18,1,38.0,38.0
17591,5993,8,1,24.0,24.0
17592,5994,7,2,36.0,72.0
17593,5994,13,2,28.0,56.0
17594,5995,12,1,36.0,36.0
17595,5995,11,1,33.0,33.0
17596,5996,13,1,28.0,28.0
17597,5996,35,1,9.0,9.0
17598,5996,6,1,38.0,38.0
17599,5997,1,2,28.0,56.0
17600,5997,35,1,9.0,9.0
17601,5998,38,2,12.0,24.0
17602,5998,37,1,18.0,18.0
17603,5999,30,1,38.0,38.0
17604,5999,33,1,14.0,14.0
17605,5999,35,1,9.0,9.0
17606,6000,19,1,18.0,18.0
17607,6000,29,1,44.0,44.0
17608,6001,1,1,28.0,28.0
17609,6001,6,1,38.0,38.0
17610,6001,16,1,32.0,32.0
17611,6001,19,1,18.0,18.0
17612,6001,36,1,6.0,6.0
17613,6001,7,1,36.0,36.0
17614,6002,35,2,9.0,18.0
17615,6002,8,2,24.0,48.0
17616,6002,10,2,32.0,64.0
17617,6002,16,2,32.0,64.0
17618,6002,20,2,16.0,32.0
17619,6003,9,1,35.0,35.0
17620,6003,28,1,34.0,34.0
17621,6004,8,1,24.0,24.0
17622,6004,1,1,28.0,28.0
17623,6004,16,1,32.0,32.0
17624,6004,22,2,22.0,44.0
17625,6004,9,2,35.0,70.0
17626,6004,20,2,16.0,32.0
17627,6005,9,1,35.0,35.0
17628,6005,37,1,18.0,18.0
17629,6006,5,1,30.0,30.0
17630,6006,27,1,25.0,25.0
17631,6006,23,2,18.0,36.0
17632,6007,7,1,36.0,36.0
17633,6007,32,1,37.0,37.0
17634,6008,26,2,42.0,84.0
17635,6009,3,2,42.0,84.0
17636,6009,11,1,33.0,33.0
17637,6009,30,1,38.0,38.0
17638,6010,37,1,18.0,18.0
17639,6011,13,1,28.0,28.0
17640,6011,1,1,28.0,28.0
17641,6011,36,2,6.0,12.0
17642,6012,1,3,28.0,84.0
17643,6012,25,1,26.0,26.0
17644,6012,14,1,45.0,45.0
17645,6012,2,3,34.0,102.0
17646,6013,36,1,6.0,6.0
17647,6013,6,2,38.0,76.0
17648,6013,33,2,14.0,28.0
17649,6013,1,1,28.0,28.0
17650,6014,10,1,32.0,32.0
17651,6014,18,1,38.0,38.0
17652,6015,1,1,28.0,28.0
17653,6015,5,1,30.0,30.0
17654,6016,5,1,30.0,30.0
17655,6016,1,1,28.0,28.0
17656,6016,26,1,42.0,42.0
17657,6017,39,1,8.0,8.0
17658,6017,17,1,26.0,26.0
17659,6017,24,1,24.0,24.0
17660,6017,32,2,37.0,74.0
17661,6017,3,3,42.0,126.0
17662,6018,11,1,33.0,33.0
17663,6018,2,1,34.0,34.0
17664,6018,12,1,36.0,36.0
17665,6018,7,3,36.0,108.0
17666,6019,13,3,28.0,84.0
17667,6019,28,1,34.0,34.0
17668,6020,11,1,33.0,33.0
17669,6020,36,1,6.0,6.0
17670,6020,13,1,28.0,28.0
17671,6020,15,3,30.0,90.0
17672,6020,38,1,12.0,12.0
17673,6021,2,1,34.0,34.0
17674,6021,3,3,42.0,126.0
17675,6021,14,1,45.0,45.0
17676,6022,26,1,42.0,42.0
17677,6022,30,1,38.0,38.0
17678,6023,30,1,38.0,38.0
17679,6023,7,2,36.0,72.0
17680,6023,37,2,18.0,36.0
17681,6024,35,2,9.0,18.0
17682,6024,3,1,42.0,42.0
17683,6024,2,1,34.0,34.0
17684,6024,11,1,33.0,33.0
17685,6024,9,1,35.0,35.0
17686,6025,1,1,28.0,28.0
17687,6025,26,1,42.0,42.0
17688,6025,18,2,38.0,76.0
17689,6025,29,1,44.0,44.0
17690,6025,17,1,26.0,26.0
17691,6026,1,2,28.0,56.0
17692,6026,21,3,20.0,60.0
17693,6026,4,1,22.0,22.0
17694,6026,12,1,36.0,36.0
17695,6026,23,2,18.0,36.0
17696,6027,23,1,18.0,18.0
17697,6027,25,1,26.0,26.0
17698,6027,16,3,32.0,96.0
17699,6027,34,1,10.0,10.0
17700,6027,33,2,14.0,28.0
17701,6027,5,1,30.0,30.0
17702,6028,23,1,18.0,18.0
17703,6028,2,1,34.0,34.0
17704,6029,5,1,30.0,30.0
17705,6029,37,1,18.0,18.0
17706,6029,20,1,16.0,16.0
17707,6030,36,3,6.0,18.0
17708,6030,14,1,45.0,45.0
17709,6031,7,1,36.0,36.0
17710,6031,29,1,44.0,44.0
17711,6031,26,2,42.0,84.0
17712,6031,18,1,38.0,38.0
17713,6032,39,2,8.0,16.0
17714,6032,20,1,16.0,16.0
17715,6032,38,1,12.0,12.0
17716,6032,18,3,38.0,114.0
17717,6032,34,1,10.0,10.0
17718,6033,17,2,26.0,52.0
17719,6033,30,2,38.0,76.0
17720,6034,2,3,34.0,102.0
17721,6034,6,1,38.0,38.0
17722,6035,16,2,32.0,64.0
17723,6035,25,1,26.0,26.0
17724,6035,7,3,36.0,108.0
17725,6036,36,3,6.0,18.0
17726,6036,12,1,36.0,36.0
17727,6036,8,2,24.0,48.0
17728,6036,19,2,18.0,36.0
17729,6037,12,1,36.0,36.0
17730,6037,40,1,10.0,10.0
17731,6038,37,1,18.0,18.0
17732,6038,38,1,12.0,12.0
17733,6038,8,1,24.0,24.0
17734,6038,28,2,34.0,68.0
17735,6039,33,1,14.0,14.0
17736,6039,3,1,42.0,42.0
17737,6040,6,1,38.0,38.0
17738,6040,35,1,9.0,9.0
17739,6040,3,2,42.0,84.0
17740,6040,25,1,26.0,26.0
17741,6040,33,1,14.0,14.0
17742,6040,30,3,38.0,114.0
17743,6041,36,1,6.0,6.0
17744,6041,18,1,38.0,38.0
17745,6041,14,2,45.0,90.0
17746,6042,16,1,32.0,32.0
17747,6042,18,1,38.0,38.0
17748,6042,6,1,38.0,38.0
17749,6043,3,3,42.0,126.0
17750,6043,10,1,32.0,32.0
17751,6043,35,1,9.0,9.0
17752,6043,29,1,44.0,44.0
17753,6043,2,2,34.0,68.0
17754,6044,8,2,24.0,48.0
17755,6045,8,2,24.0,48.0
17756,6045,23,2,18.0,36.0
17757,6045,3,1,42.0,42.0
17758,6046,12,1,36.0,36.0
17759,6046,37,2,18.0,36.0
17760,6046,6,1,38.0,38.0
17761,6046,7,2,36.0,72.0
17762,6046,31,3,36.0,108.0
17763,6047,28,1,34.0,34.0
17764,6047,16,2,32.0,64.0
17765,6047,3,1,42.0,42.0
17766,6048,36,2,6.0,12.0
17767,6049,13,2,28.0,56.0
17768,6050,3,1,42.0,42.0
17769,6051,17,1,26.0,26.0
17770,6051,2,3,34.0,102.0
17771,6052,4,2,22.0,44.0
17772,6053,15,1,30.0,30.0
17773,6053,17,1,26.0,26.0
17774,6054,26,3,42.0,126.0
17775,6054,18,1,38.0,38.0
17776,6054,6,1,38.0,38.0
17777,6054,3,1,42.0,42.0
17778,6055,36,1,6.0,6.0
17779,6055,10,1,32.0,32.0
17780,6055,3,1,42.0,42.0
17781,6056,3,1,42.0,42.0
17782,6057,13,3,28.0,84.0
17783,6057,28,1,34.0,34.0
17784,6058,2,2,34.0,68.0
17785,6058,36,2,6.0,12.0
17786,6058,27,1,25.0,25.0
17787,6059,13,1,28.0,28.0
17788,6059,36,1,6.0,6.0
17789,6060,16,1,32.0,32.0
17790,6060,13,1,28.0,28.0
17791,6061,36,1,6.0,6.0
17792,6062,12,1,36.0,36.0
17793,6062,25,2,26.0,52.0
17794,6062,10,1,32.0,32.0
17795,6062,16,1,32.0,32.0
17796,6062,33,1,14.0,14.0
17797,6062,20,2,16.0,32.0
17798,6063,7,1,36.0,36.0
17799,6063,23,1,18.0,18.0
17800,6064,7,1,36.0,36.0
17801,6065,25,1,26.0,26.0
17802,6066,4,1,22.0,22.0
17803,6067,8,3,24.0,72.0
17804,6067,30,1,38.0,38.0
17805,6067,24,1,24.0,24.0
17806,6067,1,2,28.0,56.0
17807,6068,24,1,24.0,24.0
17808,6068,18,2,38.0,76.0
17809,6069,17,3,26.0,78.0
17810,6069,20,1,16.0,16.0
17811,6069,37,1,18.0,18.0
17812,6069,8,1,24.0,24.0
17813,6070,19,1,18.0,18.0
17814,6070,39,2,8.0,16.0
17815,6070,17,1,26.0,26.0
17816,6070,30,1,38.0,38.0
17817,6071,12,1,36.0,36.0
17818,6071,17,1,26.0,26.0
17819,6071,37,1,18.0,18.0
17820,6071,36,1,6.0,6.0
17821,6071,24,1,24.0,24.0
17822,6071,13,2,28.0,56.0
17823,6072,6,3,38.0,114.0
17824,6072,5,1,30.0,30.0
17825,6073,30,1,38.0,38.0
17826,6073,32,1,37.0,37.0
17827,6074,28,1,34.0,34.0
17828,6074,5,2,30.0,60.0
17829,6075,9,1,35.0,35.0
17830,6075,32,1,37.0,37.0
17831,6075,27,1,25.0,25.0
17832,6076,23,1,18.0,18.0
17833,6076,8,1,24.0,24.0
17834,6076,3,3,42.0,126.0
17835,6077,35,2,9.0,18.0
17836,6077,12,1,36.0,36.0
17837,6077,25,3,26.0,78.0
17838,6077,27,2,25.0,50.0
17839,6078,7,2,36.0,72.0
17840,6079,6,2,38.0,76.0
17841,6079,25,1,26.0,26.0
17842,6080,4,3,22.0,66.0
17843,6081,25,3,26.0,78.0
17844,6081,7,2,36.0,72.0
17845,6082,36,1,6.0,6.0
17846,6082,29,2,44.0,88.0
17847,6082,1,2,28.0,56.0
17848,6083,27,1,25.0,25.0
17849,6083,7,3,36.0,108.0
17850,6083,30,1,38.0,38.0
17851,6084,16,1,32.0,32.0
17852,6084,35,2,9.0,18.0
17853,6085,1,1,28.0,28.0
17854,6085,14,2,45.0,90.0
17855,6085,5,1,30.0,30.0
17856,6085,10,2,32.0,64.0
17857,6086,23,2,18.0,36.0
17858,6086,16,1,32.0,32.0
17859,6087,7,1,36.0,36.0
17860,6087,21,1,20.0,20.0
17861,6087,33,1,14.0,14.0
17862,6088,32,1,37.0,37.0
17863,6088,2,1,34.0,34.0
17864,6088,31,1,36.0,36.0
17865,6088,5,3,30.0,90.0
17866,6088,8,2,24.0,48.0
17867,6089,31,1,36.0,36.0
17868,6089,23,3,18.0,54.0
17869,6089,27,1,25.0,25.0
17870,6089,32,1,37.0,37.0
17871,6089,22,1,22.0,22.0
17872,6090,14,1,45.0,45.0
17873,6090,23,1,18.0,18.0
17874,6090,8,1,24.0,24.0
17875,6090,1,2,28.0,56.0
17876,6090,25,3,26.0,78.0
17877,6091,6,1,38.0,38.0
17878,6091,2,2,34.0,68.0
17879,6091,32,3,37.0,111.0
17880,6091,29,1,44.0,44.0
17881,6092,29,1,44.0,44.0
17882,6092,34,2,10.0,20.0
17883,6092,14,1,45.0,45.0
17884,6092,6,2,38.0,76.0
17885,6092,28,1,34.0,34.0
17886,6093,35,1,9.0,9.0
17887,6093,38,1,12.0,12.0
17888,6094,9,2,35.0,70.0
17889,6094,14,3,45.0,135.0
17890,6094,13,1,28.0,28.0
17891,6094,6,2,38.0,76.0
17892,6094,16,1,32.0,32.0
17893,6095,19,2,18.0,36.0
17894,6095,12,1,36.0,36.0
17895,6095,28,2,34.0,68.0
17896,6096,7,2,36.0,72.0
17897,6096,33,1,14.0,14.0
17898,6096,3,3,42.0,126.0
17899,6096,15,1,30.0,30.0
17900,6097,1,2,28.0,56.0
17901,6097,30,1,38.0,38.0
17902,6097,9,1,35.0,35.0
17903,6097,28,1,34.0,34.0
17904,6098,33,1,14.0,14.0
17905,6098,5,2,30.0,60.0
17906,6098,7,2,36.0,72.0
17907,6099,7,2,36.0,72.0
17908,6099,26,1,42.0,42.0
17909,6099,29,1,44.0,44.0
17910,6100,6,1,38.0,38.0
17911,6100,40,1,10.0,10.0
17912,6100,35,1,9.0,9.0
17913,6100,8,1,24.0,24.0
17914,6100,23,2,18.0,36.0
17915,6101,15,2,30.0,60.0
17916,6101,32,1,37.0,37.0
17917,6101,5,1,30.0,30.0
17918,6102,8,3,24.0,72.0
17919,6102,25,2,26.0,52.0
17920,6102,5,2,30.0,60.0
17921,6102,32,1,37.0,37.0
17922,6102,26,1,42.0,42.0
17923,6103,36,1,6.0,6.0
17924,6103,5,1,30.0,30.0
17925,6104,37,3,18.0,54.0
17926,6104,7,2,36.0,72.0
17927,6104,32,2,37.0,74.0
17928,6105,2,3,34.0,102.0
17929,6105,27,1,25.0,25.0
17930,6106,24,2,24.0,48.0
17931,6106,18,1,38.0,38.0
17932,6106,33,2,14.0,28.0
17933,6107,5,2,30.0,60.0
17934,6107,6,1,38.0,38.0
17935,6107,21,1,20.0,20.0
17936,6107,19,3,18.0,54.0
17937,6108,5,1,30.0,30.0
17938,6108,10,1,32.0,32.0
17939,6108,11,1,33.0,33.0
17940,6109,16,3,32.0,96.0
17941,6109,21,1,20.0,20.0
17942,6110,29,1,44.0,44.0
17943,6111,11,2,33.0,66.0
17944,6111,35,1,9.0,9.0
17945,6111,39,1,8.0,8.0
17946,6111,33,2,14.0,28.0
17947,6111,10,1,32.0,32.0
17948,6112,19,1,18.0,18.0
17949,6112,27,1,25.0,25.0
17950,6112,8,1,24.0,24.0
17951,6112,3,1,42.0,42.0
17952,6113,30,1,38.0,38.0
17953,6113,37,1,18.0,18.0
17954,6113,33,1,14.0,14.0
17955,6113,2,2,34.0,68.0
17956,6113,26,3,42.0,126.0
17957,6114,3,2,42.0,84.0
17958,6114,14,2,45.0,90.0
17959,6114,22,2,22.0,44.0
17960,6114,30,1,38.0,38.0
17961,6114,28,1,34.0,34.0
17962,6115,34,1,10.0,10.0
17963,6115,1,2,28.0,56.0
17964,6115,18,2,38.0,76.0
17965,6115,39,1,8.0,8.0
17966,6116,11,1,33.0,33.0
17967,6116,8,1,24.0,24.0
17968,6117,5,1,30.0,30.0
17969,6117,37,1,18.0,18.0
17970,6117,2,1,34.0,34.0
17971,6118,7,1,36.0,36.0
17972,6118,25,1,26.0,26.0
17973,6119,27,1,25.0,25.0
17974,6119,25,2,26.0,52.0
17975,6119,4,1,22.0,22.0
17976,6120,8,1,24.0,24.0
17977,6121,2,2,34.0,68.0
17978,6121,9,1,35.0,35.0
17979,6121,27,3,25.0,75.0
17980,6121,24,1,24.0,24.0
17981,6121,6,2,38.0,76.0
17982,6122,2,1,34.0,34.0
17983,6122,10,2,32.0,64.0
17984,6122,16,1,32.0,32.0
17985,6122,18,3,38.0,114.0
17986,6122,8,1,24.0,24.0
17987,6122,1,2,28.0,56.0
17988,6123,35,2,9.0,18.0
17989,6123,9,1,35.0,35.0
17990,6123,20,1,16.0,16.0
17991,6124,13,1,28.0,28.0
17992,6124,37,1,18.0,18.0
17993,6125,26,1,42.0,42.0
17994,6125,21,1,20.0,20.0
17995,6125,39,2,8.0,16.0
17996,6126,19,1,18.0,18.0
17997,6126,17,1,26.0,26.0
17998,6126,12,1,36.0,36.0
17999,6127,15,1,30.0,30.0
18000,6127,32,1,37.0,37.0
18001,6127,36,1,6.0,6.0
18002,6128,5,1,30.0,30.0
18003,6128,28,1,34.0,34.0
18004,6128,24,2,24.0,48.0
18005,6129,3,2,42.0,84.0
18006,6129,16,2,32.0,64.0
18007,6129,36,2,6.0,12.0
18008,6130,20,1,16.0,16.0
18009,6130,1,1,28.0,28.0
18010,6130,33,2,14.0,28.0
18011,6131,31,3,36.0,108.0
18012,6131,25,2,26.0,52.0
18013,6132,26,3,42.0,126.0
18014,6132,11,3,33.0,99.0
18015,6132,6,1,38.0,38.0
18016,6133,11,2,33.0,66.0
18017,6133,38,1,12.0,12.0
18018,6133,7,1,36.0,36.0
18019,6134,26,2,42.0,84.0
18020,6134,33,1,14.0,14.0
18021,6134,6,1,38.0,38.0
18022,6135,17,1,26.0,26.0
18023,6135,3,2,42.0,84.0
18024,6135,8,1,24.0,24.0
18025,6135,25,2,26.0,52.0
18026,6135,1,3,28.0,84.0
18027,6135,16,1,32.0,32.0
18028,6136,5,1,30.0,30.0
18029,6136,2,1,34.0,34.0
18030,6136,24,1,24.0,24.0
18031,6136,1,1,28.0,28.0
18032,6136,30,2,38.0,76.0
18033,6137,2,1,34.0,34.0
18034,6137,3,2,42.0,84.0
18035,6137,5,1,30.0,30.0
18036,6137,10,2,32.0,64.0
18037,6138,23,1,18.0,18.0
18038,6138,32,2,37.0,74.0
18039,6138,2,1,34.0,34.0
18040,6139,14,1,45.0,45.0
18041,6139,18,1,38.0,38.0
18042,6140,5,1,30.0,30.0
18043,6140,20,1,16.0,16.0
18044,6141,12,2,36.0,72.0
18045,6141,18,2,38.0,76.0
18046,6142,15,1,30.0,30.0
18047,6142,7,2,36.0,72.0
18048,6142,19,3,18.0,54.0
18049,6142,20,1,16.0,16.0
18050,6143,7,2,36.0,72.0
18051,6143,12,1,36.0,36.0
18052,6144,37,2,18.0,36.0
18053,6144,7,1,36.0,36.0
18054,6145,7,3,36.0,108.0
18055,6145,1,1,28.0,28.0
18056,6146,13,1,28.0,28.0
18057,6146,4,1,22.0,22.0
18058,6146,1,1,28.0,28.0
18059,6147,32,1,37.0,37.0
18060,6147,4,1,22.0,22.0
18061,6147,31,3,36.0,108.0
18062,6147,14,2,45.0,90.0
18063,6148,9,1,35.0,35.0
18064,6148,6,1,38.0,38.0
18065,6148,27,1,25.0,25.0
18066,6148,3,1,42.0,42.0
18067,6148,37,1,18.0,18.0
18068,6149,7,2,36.0,72.0
18069,6150,13,1,28.0,28.0
18070,6150,14,1,45.0,45.0
18071,6151,28,3,34.0,102.0
18072,6151,11,3,33.0,99.0
18073,6151,33,1,14.0,14.0
18074,6151,36,1,6.0,6.0
18075,6152,37,1,18.0,18.0
18076,6152,2,1,34.0,34.0
18077,6153,5,1,30.0,30.0
18078,6154,23,1,18.0,18.0
18079,6154,26,2,42.0,84.0
18080,6155,26,1,42.0,42.0
18081,6155,15,2,30.0,60.0
18082,6155,1,1,28.0,28.0
18083,6156,32,3,37.0,111.0
18084,6157,23,3,18.0,54.0
18085,6157,32,3,37.0,111.0
18086,6157,15,2,30.0,60.0
18087,6157,14,3,45.0,135.0
18088,6157,21,1,20.0,20.0
18089,6158,14,1,45.0,45.0
18090,6158,25,1,26.0,26.0
18091,6159,7,2,36.0,72.0
18092,6159,5,2,30.0,60.0
18093,6160,25,1,26.0,26.0
18094,6160,9,1,35.0,35.0
18095,6161,23,1,18.0,18.0
18096,6161,7,1,36.0,36.0
18097,6162,33,1,14.0,14.0
18098,6162,1,1,28.0,28.0
18099,6163,22,1,22.0,22.0
18100,6163,20,1,16.0,16.0
18101,6164,34,1,10.0,10.0
18102,6164,30,1,38.0,38.0
18103,6165,26,1,42.0,42.0
18104,6165,1,1,28.0,28.0
18105,6165,33,2,14.0,28.0
18106,6166,3,1,42.0,42.0
18107,6166,12,1,36.0,36.0
18108,6167,40,2,10.0,20.0
18109,6167,8,1,24.0,24.0
18110,6167,10,1,32.0,32.0
18111,6168,7,1,36.0,36.0
18112,6168,26,1,42.0,42.0
18113,6168,34,2,10.0,20.0
18114,6169,7,2,36.0,72.0
18115,6169,9,1,35.0,35.0
18116,6170,37,1,18.0,18.0
18117,6170,24,1,24.0,24.0
18118,6171,15,1,30.0,30.0
18119,6171,9,1,35.0,35.0
18120,6171,8,1,24.0,24.0
18121,6171,7,1,36.0,36.0
18122,6172,8,2,24.0,48.0
18123,6172,11,1,33.0,33.0
18124,6172,5,1,30.0,30.0
18125,6173,37,1,18.0,18.0
18126,6173,12,2,36.0,72.0
18127,6173,18,1,38.0,38.0
18128,6173,5,1,30.0,30.0
18129,6174,14,1,45.0,45.0
18130,6174,2,1,34.0,34.0
18131,6175,29,1,44.0,44.0
18132,6175,16,1,32.0,32.0
18133,6175,14,3,45.0,135.0
18134,6176,8,2,24.0,48.0
18135,6176,10,1,32.0,32.0
18136,6176,3,1,42.0,42.0
18137,6176,9,1,35.0,35.0
18138,6176,20,1,16.0,16.0
18139,6177,12,2,36.0,72.0
18140,6177,2,1,34.0,34.0
18141,6177,40,1,10.0,10.0
18142,6178,30,1,38.0,38.0
18143,6178,14,3,45.0,135.0
18144,6178,12,1,36.0,36.0
18145,6178,2,1,34.0,34.0
18146,6179,3,1,42.0,42.0
18147,6179,31,2,36.0,72.0
18148,6180,1,2,28.0,56.0
18149,6180,33,2,14.0,28.0
18150,6180,26,3,42.0,126.0
18151,6181,30,1,38.0,38.0
18152,6181,6,1,38.0,38.0
18153,6181,36,2,6.0,12.0
18154,6181,24,1,24.0,24.0
18155,6181,2,2,34.0,68.0
18156,6182,34,1,10.0,10.0
18157,6183,6,1,38.0,38.0
18158,6183,8,1,24.0,24.0
18159,6183,4,1,22.0,22.0
18160,6183,22,1,22.0,22.0
18161,6184,7,2,36.0,72.0
18162,6184,15,1,30.0,30.0
18163,6184,38,1,12.0,12.0
18164,6184,33,2,14.0,28.0
18165,6185,6,1,38.0,38.0
18166,6185,30,1,38.0,38.0
18167,6185,33,2,14.0,28.0
18168,6185,32,2,37.0,74.0
18169,6186,35,1,9.0,9.0
18170,6186,1,1,28.0,28.0
18171,6186,12,2,36.0,72.0
18172,6187,3,2,42.0,84.0
18173,6188,16,2,32.0,64.0
18174,6188,8,1,24.0,24.0
18175,6188,5,1,30.0,30.0
18176,6188,4,1,22.0,22.0
18177,6189,7,2,36.0,72.0
18178,6189,35,1,9.0,9.0
18179,6189,23,1,18.0,18.0
18180,6190,17,1,26.0,26.0
18181,6190,6,1,38.0,38.0
18182,6191,30,1,38.0,38.0
18183,6191,2,3,34.0,102.0
18184,6191,20,1,16.0,16.0
18185,6191,36,2,6.0,12.0
18186,6192,2,1,34.0,34.0
18187,6192,6,1,38.0,38.0
18188,6192,5,3,30.0,90.0
18189,6193,13,1,28.0,28.0
18190,6193,16,1,32.0,32.0
18191,6194,8,2,24.0,48.0
18192,6194,7,1,36.0,36.0
18193,6195,12,2,36.0,72.0
18194,6195,28,1,34.0,34.0
18195,6195,37,2,18.0,36.0
18196,6196,18,2,38.0,76.0
18197,6196,17,1,26.0,26.0
18198,6196,3,1,42.0,42.0
18199,6197,13,1,28.0,28.0
18200,6197,31,3,36.0,108.0
18201,6198,20,2,16.0,32.0
18202,6198,7,1,36.0,36.0
18203,6199,27,3,25.0,75.0
18204,6199,7,1,36.0,36.0
18205,6199,15,1,30.0,30.0
18206,6199,3,3,42.0,126.0
18207,6200,4,2,22.0,44.0
18208,6200,3,2,42.0,84.0
18209,6200,14,2,45.0,90.0
18210,6200,21,2,20.0,40.0
18211,6200,18,1,38.0,38.0
18212,6201,14,2,45.0,90.0
18213,6202,2,2,34.0,68.0
18214,6202,1,2,28.0,56.0
18215,6202,5,1,30.0,30.0
18216,6203,8,1,24.0,24.0
18217,6203,34,1,10.0,10.0
18218,6203,2,1,34.0,34.0
18219,6203,3,1,42.0,42.0
18220,6203,39,1,8.0,8.0
18221,6204,3,2,42.0,84.0
18222,6204,23,2,18.0,36.0
18223,6204,33,2,14.0,28.0
18224,6204,5,2,30.0,60.0
18225,6205,6,1,38.0,38.0
18226,6205,36,1,6.0,6.0
18227,6205,10,2,32.0,64.0
18228,6205,26,2,42.0,84.0
18229,6205,1,1,28.0,28.0
18230,6206,26,1,42.0,42.0
18231,6206,17,1,26.0,26.0
18232,6207,2,2,34.0,68.0
18233,6207,39,2,8.0,16.0
18234,6208,4,1,22.0,22.0
18235,6209,16,1,32.0,32.0
18236,6209,30,1,38.0,38.0
18237,6210,24,3,24.0,72.0
18238,6210,21,1,20.0,20.0
18239,6210,1,1,28.0,28.0
18240,6211,36,2,6.0,12.0
18241,6211,22,2,22.0,44.0
18242,6212,7,1,36.0,36.0
18243,6212,19,1,18.0,18.0
18244,6212,5,1,30.0,30.0
18245,6212,26,1,42.0,42.0
18246,6213,9,2,35.0,70.0
18247,6213,12,2,36.0,72.0
18248,6213,7,1,36.0,36.0
18249,6213,21,2,20.0,40.0
18250,6214,9,1,35.0,35.0
18251,6214,2,1,34.0,34.0
18252,6215,4,1,22.0,22.0
18253,6215,8,1,24.0,24.0
18254,6215,16,1,32.0,32.0
18255,6215,25,1,26.0,26.0
18256,6216,21,1,20.0,20.0
18257,6216,7,1,36.0,36.0
18258,6216,14,1,45.0,45.0
18259,6217,5,1,30.0,30.0
18260,6218,6,1,38.0,38.0
18261,6218,8,1,24.0,24.0
18262,6218,31,2,36.0,72.0
18263,6219,31,1,36.0,36.0
18264,6219,12,2,36.0,72.0
18265,6219,9,1,35.0,35.0
18266,6220,37,1,18.0,18.0
18267,6220,34,1,10.0,10.0
18268,6220,5,1,30.0,30.0
18269,6220,11,1,33.0,33.0
18270,6221,8,2,24.0,48.0
18271,6221,17,2,26.0,52.0
18272,6222,34,1,10.0,10.0
18273,6222,37,1,18.0,18.0
18274,6222,5,2,30.0,60.0
18275,6222,16,1,32.0,32.0
18276,6223,25,1,26.0,26.0
18277,6223,1,2,28.0,56.0
18278,6224,31,1,36.0,36.0
18279,6224,25,1,26.0,26.0
18280,6224,34,1,10.0,10.0
18281,6225,6,1,38.0,38.0
18282,6225,13,2,28.0,56.0
18283,6225,23,2,18.0,36.0
18284,6225,8,1,24.0,24.0
18285,6225,4,1,22.0,22.0
18286,6225,26,1,42.0,42.0
18287,6226,36,2,6.0,12.0
18288,6226,23,1,18.0,18.0
18289,6226,4,2,22.0,44.0
18290,6226,21,1,20.0,20.0
18291,6227,2,2,34.0,68.0
18292,6228,7,1,36.0,36.0
18293,6228,37,1,18.0,18.0
18294,6229,3,1,42.0,42.0
18295,6230,20,1,16.0,16.0
18296,6230,30,1,38.0,38.0
18297,6230,39,2,8.0,16.0
18298,6230,17,1,26.0,26.0
18299,6231,5,2,30.0,60.0
18300,6231,6,1,38.0,38.0
18301,6231,33,1,14.0,14.0
18302,6232,10,1,32.0,32.0
18303,6232,20,2,16.0,32.0
18304,6233,11,1,33.0,33.0
18305,6233,7,2,36.0,72.0
18306,6233,6,1,38.0,38.0
18307,6233,13,1,28.0,28.0
18308,6234,4,1,22.0,22.0
18309,6234,34,2,10.0,20.0
18310,6235,15,3,30.0,90.0
18311,6235,14,1,45.0,45.0
18312,6236,13,2,28.0,56.0
18313,6236,33,2,14.0,28.0
18314,6236,21,2,20.0,40.0
18315,6237,1,2,28.0,56.0
18316,6237,17,2,26.0,52.0
18317,6237,9,2,35.0,70.0
18318,6237,37,2,18.0,36.0
18319,6237,7,2,36.0,72.0
18320,6238,29,2,44.0,88.0
18321,6238,27,2,25.0,50.0
18322,6238,20,1,16.0,16.0
18323,6238,30,2,38.0,76.0
18324,6239,8,1,24.0,24.0
18325,6239,4,1,22.0,22.0
18326,6239,5,2,30.0,60.0
18327,6240,7,1,36.0,36.0
18328,6240,23,1,18.0,18.0
18329,6240,8,1,24.0,24.0
18330,6241,30,1,38.0,38.0
18331,6241,23,1,18.0,18.0
18332,6241,2,2,34.0,68.0
18333,6242,28,2,34.0,68.0
18334,6242,10,1,32.0,32.0
18335,6242,19,1,18.0,18.0
18336,6243,26,1,42.0,42.0
18337,6244,37,3,18.0,54.0
18338,6244,6,1,38.0,38.0
18339,6244,15,3,30.0,90.0
18340,6245,8,2,24.0,48.0
18341,6245,3,3,42.0,126.0
18342,6245,15,1,30.0,30.0
18343,6246,7,2,36.0,72.0
18344,6246,3,1,42.0,42.0
18345,6246,17,2,26.0,52.0
18346,6247,32,3,37.0,111.0
18347,6247,8,1,24.0,24.0
18348,6248,11,1,33.0,33.0
18349,6249,33,1,14.0,14.0
18350,6250,37,1,18.0,18.0
18351,6250,6,1,38.0,38.0
18352,6250,22,1,22.0,22.0
18353,6251,32,3,37.0,111.0
18354,6251,34,2,10.0,20.0
18355,6251,19,1,18.0,18.0
18356,6252,24,3,24.0,72.0
18357,6252,4,3,22.0,66.0
18358,6252,26,1,42.0,42.0
18359,6253,30,1,38.0,38.0
18360,6253,12,1,36.0,36.0
18361,6253,13,2,28.0,56.0
18362,6253,11,2,33.0,66.0
18363,6254,14,1,45.0,45.0
18364,6254,10,1,32.0,32.0
18365,6255,23,1,18.0,18.0
18366,6255,37,1,18.0,18.0
18367,6255,25,1,26.0,26.0
18368,6255,5,1,30.0,30.0
18369,6255,18,1,38.0,38.0
18370,6255,6,3,38.0,114.0
18371,6256,23,1,18.0,18.0
18372,6256,27,1,25.0,25.0
18373,6256,1,3,28.0,84.0
18374,6256,37,2,18.0,36.0
18375,6257,12,1,36.0,36.0
18376,6257,35,3,9.0,27.0
18377,6258,12,1,36.0,36.0
18378,6258,5,1,30.0,30.0
18379,6259,33,2,14.0,28.0
18380,6259,20,1,16.0,16.0
18381,6259,27,1,25.0,25.0
18382,6259,4,2,22.0,44.0
18383,6260,32,1,37.0,37.0
18384,6261,30,1,38.0,38.0
18385,6261,6,1,38.0,38.0
18386,6261,35,2,9.0,18.0
18387,6262,3,1,42.0,42.0
18388,6262,18,2,38.0,76.0
18389,6262,37,1,18.0,18.0
18390,6263,21,2,20.0,40.0
18391,6263,4,1,22.0,22.0
18392,6263,1,1,28.0,28.0
18393,6263,37,1,18.0,18.0
18394,6264,2,1,34.0,34.0
18395,6265,6,1,38.0,38.0
18396,6266,7,3,36.0,108.0
18397,6267,7,3,36.0,108.0
18398,6267,17,1,26.0,26.0
18399,6267,16,2,32.0,64.0
18400,6267,3,1,42.0,42.0
18401,6267,35,2,9.0,18.0
18402,6268,32,1,37.0,37.0
18403,6268,23,3,18.0,54.0
18404,6268,25,2,26.0,52.0
18405,6269,40,1,10.0,10.0
18406,6269,11,3,33.0,99.0
18407,6269,33,3,14.0,42.0
18408,6269,9,3,35.0,105.0
18409,6270,25,1,26.0,26.0
18410,6270,14,1,45.0,45.0
18411,6271,16,1,32.0,32.0
18412,6271,19,1,18.0,18.0
18413,6271,23,1,18.0,18.0
18414,6272,24,1,24.0,24.0
18415,6272,28,1,34.0,34.0
18416,6272,37,1,18.0,18.0
18417,6272,34,1,10.0,10.0
18418,6273,4,3,22.0,66.0
18419,6273,28,1,34.0,34.0
18420,6274,6,2,38.0,76.0
18421,6274,13,1,28.0,28.0
18422,6274,33,1,14.0,14.0
18423,6275,3,1,42.0,42.0
18424,6275,23,2,18.0,36.0
18425,6275,10,1,32.0,32.0
18426,6275,15,2,30.0,60.0
18427,6275,5,1,30.0,30.0
18428,6276,8,1,24.0,24.0
18429,6276,5,1,30.0,30.0
18430,6277,1,2,28.0,56.0
18431,6277,33,2,14.0,28.0
18432,6277,6,1,38.0,38.0
18433,6277,7,2,36.0,72.0
18434,6278,2,1,34.0,34.0
18435,6279,33,1,14.0,14.0
18436,6279,22,3,22.0,66.0
18437,6279,32,3,37.0,111.0
18438,6280,5,1,30.0,30.0
18439,6281,13,2,28.0,56.0
18440,6281,15,2,30.0,60.0
18441,6282,5,1,30.0,30.0
18442,6282,8,1,24.0,24.0
18443,6282,2,2,34.0,68.0
18444,6283,40,1,10.0,10.0
18445,6284,7,3,36.0,108.0
18446,6284,29,2,44.0,88.0
18447,6285,2,2,34.0,68.0
18448,6285,17,1,26.0,26.0
18449,6285,3,2,42.0,84.0
18450,6286,23,3,18.0,54.0
18451,6286,2,1,34.0,34.0
18452,6286,12,1,36.0,36.0
18453,6287,11,1,33.0,33.0
18454,6287,24,1,24.0,24.0
18455,6287,22,2,22.0,44.0
18456,6288,36,1,6.0,6.0
18457,6288,25,1,26.0,26.0
18458,6288,3,2,42.0,84.0
18459,6289,25,2,26.0,52.0
18460,6289,13,1,28.0,28.0
18461,6289,39,1,8.0,8.0
18462,6289,7,2,36.0,72.0
18463,6290,1,1,28.0,28.0
18464,6290,7,1,36.0,36.0
18465,6290,10,1,32.0,32.0
18466,6290,4,2,22.0,44.0
18467,6291,40,3,10.0,30.0
18468,6291,29,1,44.0,44.0
18469,6291,16,2,32.0,64.0
18470,6291,20,1,16.0,16.0
18471,6292,28,1,34.0,34.0
18472,6292,2,1,34.0,34.0
18473,6292,7,2,36.0,72.0
18474,6292,1,1,28.0,28.0
18475,6293,23,1,18.0,18.0
18476,6293,16,1,32.0,32.0
18477,6294,36,3,6.0,18.0
18478,6294,24,1,24.0,24.0
18479,6294,9,1,35.0,35.0
18480,6295,36,1,6.0,6.0
18481,6295,27,1,25.0,25.0
18482,6295,1,1,28.0,28.0
18483,6296,8,1,24.0,24.0
18484,6296,17,1,26.0,26.0
18485,6297,2,2,34.0,68.0
18486,6297,14,2,45.0,90.0
18487,6297,8,1,24.0,24.0
18488,6298,7,3,36.0,108.0
18489,6298,24,2,24.0,48.0
18490,6298,8,1,24.0,24.0
18491,6298,6,1,38.0,38.0
18492,6298,29,2,44.0,88.0
18493,6298,12,1,36.0,36.0
18494,6299,31,1,36.0,36.0
18495,6300,28,1,34.0,34.0
18496,6300,26,1,42.0,42.0
18497,6300,7,1,36.0,36.0
18498,6301,7,1,36.0,36.0
18499,6301,32,2,37.0,74.0
18500,6301,8,1,24.0,24.0
18501,6301,35,2,9.0,18.0
18502,6302,2,2,34.0,68.0
18503,6302,37,2,18.0,36.0
18504,6303,23,2,18.0,36.0
18505,6303,6,2,38.0,76.0
18506,6303,13,2,28.0,56.0
18507,6303,3,3,42.0,126.0
18508,6304,28,2,34.0,68.0
18509,6304,32,3,37.0,111.0
18510,6304,26,1,42.0,42.0
18511,6304,36,1,6.0,6.0
18512,6304,7,2,36.0,72.0
18513,6304,29,2,44.0,88.0
18514,6305,25,1,26.0,26.0
18515,6305,7,2,36.0,72.0
18516,6305,32,1,37.0,37.0
18517,6306,34,1,10.0,10.0
18518,6306,13,2,28.0,56.0
18519,6306,6,1,38.0,38.0
18520,6307,21,1,20.0,20.0
18521,6307,18,1,38.0,38.0
18522,6307,6,3,38.0,114.0
18523,6308,7,1,36.0,36.0
18524,6308,36,1,6.0,6.0
18525,6309,39,1,8.0,8.0
18526,6309,28,1,34.0,34.0
18527,6309,17,2,26.0,52.0
18528,6309,3,1,42.0,42.0
18529,6310,7,1,36.0,36.0
18530,6310,24,2,24.0,48.0
18531,6310,1,3,28.0,84.0
18532,6310,25,1,26.0,26.0
18533,6311,23,1,18.0,18.0
18534,6311,30,1,38.0,38.0
18535,6311,17,2,26.0,52.0
18536,6311,19,1,18.0,18.0
18537,6312,37,3,18.0,54.0
18538,6312,11,2,33.0,66.0
18539,6312,12,1,36.0,36.0
18540,6313,4,1,22.0,22.0
18541,6313,3,1,42.0,42.0
18542,6313,2,1,34.0,34.0
18543,6313,14,2,45.0,90.0
18544,6313,23,2,18.0,36.0
18545,6314,36,1,6.0,6.0
18546,6314,7,2,36.0,72.0
18547,6314,33,2,14.0,28.0
18548,6315,20,1,16.0,16.0
18549,6315,7,2,36.0,72.0
18550,6315,2,2,34.0,68.0
18551,6316,24,2,24.0,48.0
18552,6316,8,1,24.0,24.0
18553,6317,7,2,36.0,72.0
18554,6317,16,1,32.0,32.0
18555,6317,8,1,24.0,24.0
18556,6318,25,1,26.0,26.0
18557,6318,39,1,8.0,8.0
18558,6318,7,1,36.0,36.0
18559,6319,16,3,32.0,96.0
18560,6319,37,1,18.0,18.0
18561,6319,18,1,38.0,38.0
18562,6320,4,2,22.0,44.0
18563,6320,30,1,38.0,38.0
18564,6320,2,1,34.0,34.0
18565,6320,12,2,36.0,72.0
18566,6320,21,1,20.0,20.0
18567,6321,7,1,36.0,36.0
18568,6321,29,1,44.0,44.0
18569,6321,36,1,6.0,6.0
18570,6322,37,2,18.0,36.0
18571,6322,16,2,32.0,64.0
18572,6322,12,2,36.0,72.0
18573,6322,2,1,34.0,34.0
18574,6322,20,1,16.0,16.0
18575,6323,3,2,42.0,84.0
18576,6323,7,1,36.0,36.0
18577,6323,16,3,32.0,96.0
18578,6323,20,2,16.0,32.0
18579,6323,2,1,34.0,34.0
18580,6323,1,1,28.0,28.0
18581,6324,28,1,34.0,34.0
18582,6324,32,1,37.0,37.0
18583,6325,10,1,32.0,32.0
18584,6326,24,2,24.0,48.0
18585,6326,5,1,30.0,30.0
18586,6327,2,1,34.0,34.0
18587,6327,7,1,36.0,36.0
18588,6327,38,1,12.0,12.0
18589,6327,27,1,25.0,25.0
18590,6327,35,1,9.0,9.0
18591,6328,27,2,25.0,50.0
18592,6328,22,3,22.0,66.0
18593,6328,37,2,18.0,36.0
18594,6329,7,1,36.0,36.0
18595,6329,22,2,22.0,44.0
18596,6330,6,1,38.0,38.0
18597,6330,11,1,33.0,33.0
18598,6331,18,1,38.0,38.0
18599,6331,39,1,8.0,8.0
18600,6331,1,1,28.0,28.0
18601,6331,31,1,36.0,36.0
18602,6331,4,1,22.0,22.0
18603,6332,30,1,38.0,38.0
18604,6333,9,1,35.0,35.0
18605,6333,28,2,34.0,68.0
18606,6333,30,2,38.0,76.0
18607,6333,32,1,37.0,37.0
18608,6334,10,2,32.0,64.0
18609,6334,15,1,30.0,30.0
18610,6335,11,1,33.0,33.0
18611,6335,12,2,36.0,72.0
18612,6335,25,2,26.0,52.0
18613,6335,8,1,24.0,24.0
18614,6336,5,3,30.0,90.0
18615,6336,7,1,36.0,36.0
18616,6336,6,1,38.0,38.0
18617,6336,31,1,36.0,36.0
18618,6336,4,1,22.0,22.0
18619,6336,3,1,42.0,42.0
18620,6337,9,1,35.0,35.0
18621,6337,17,1,26.0,26.0
18622,6337,1,2,28.0,56.0
18623,6337,3,2,42.0,84.0
18624,6337,37,1,18.0,18.0
18625,6337,38,1,12.0,12.0
18626,6338,12,1,36.0,36.0
18627,6338,5,3,30.0,90.0
18628,6338,4,1,22.0,22.0
18629,6339,10,1,32.0,32.0
18630,6339,16,1,32.0,32.0
18631,6340,30,1,38.0,38.0
18632,6340,18,2,38.0,76.0
18633,6340,22,3,22.0,66.0
18634,6340,24,1,24.0,24.0
18635,6340,36,2,6.0,12.0
18636,6341,27,1,25.0,25.0
18637,6341,2,3,34.0,102.0
18638,6341,6,2,38.0,76.0
18639,6342,16,1,32.0,32.0
18640,6342,34,3,10.0,30.0
18641,6343,32,1,37.0,37.0
18642,6343,25,2,26.0,52.0
18643,6344,7,1,36.0,36.0
18644,6344,5,1,30.0,30.0
18645,6344,17,1,26.0,26.0
18646,6344,16,2,32.0,64.0
18647,6345,10,1,32.0,32.0
18648,6345,2,3,34.0,102.0
18649,6345,1,2,28.0,56.0
18650,6345,8,1,24.0,24.0
18651,6345,4,1,22.0,22.0
18652,6346,37,2,18.0,36.0
18653,6346,38,1,12.0,12.0
18654,6346,8,1,24.0,24.0
18655,6346,5,2,30.0,60.0
18656,6346,27,2,25.0,50.0
18657,6347,11,3,33.0,99.0
18658,6347,37,2,18.0,36.0
18659,6347,10,2,32.0,64.0
18660,6347,7,1,36.0,36.0
18661,6348,8,1,24.0,24.0
18662,6348,5,1,30.0,30.0
18663,6348,7,1,36.0,36.0
18664,6349,20,2,16.0,32.0
18665,6349,32,2,37.0,74.0
18666,6349,25,1,26.0,26.0
18667,6350,8,1,24.0,24.0
18668,6350,18,2,38.0,76.0
18669,6350,6,1,38.0,38.0
18670,6351,35,1,9.0,9.0
18671,6351,15,2,30.0,60.0
18672,6351,7,1,36.0,36.0
18673,6351,26,2,42.0,84.0
18674,6352,3,1,42.0,42.0
18675,6352,21,2,20.0,40.0
18676,6352,19,3,18.0,54.0
18677,6353,15,1,30.0,30.0
18678,6353,16,2,32.0,64.0
18679,6354,18,1,38.0,38.0
18680,6354,17,2,26.0,52.0
18681,6354,5,2,30.0,60.0
18682,6354,4,2,22.0,44.0
18683,6355,13,1,28.0,28.0
18684,6355,36,1,6.0,6.0
18685,6355,3,3,42.0,126.0
18686,6355,11,2,33.0,66.0
18687,6355,5,2,30.0,60.0
18688,6356,10,2,32.0,64.0
18689,6356,1,1,28.0,28.0
18690,6356,3,3,42.0,126.0
18691,6357,16,2,32.0,64.0
18692,6357,21,2,20.0,40.0
18693,6357,30,1,38.0,38.0
18694,6357,18,2,38.0,76.0
18695,6357,3,3,42.0,126.0
18696,6357,6,1,38.0,38.0
18697,6358,33,2,14.0,28.0
18698,6358,5,2,30.0,60.0
18699,6359,26,2,42.0,84.0
18700,6359,36,1,6.0,6.0
18701,6360,9,1,35.0,35.0
18702,6360,27,1,25.0,25.0
18703,6360,30,2,38.0,76.0
18704,6360,5,1,30.0,30.0
18705,6360,36,2,6.0,12.0
18706,6360,10,1,32.0,32.0
18707,6361,7,2,36.0,72.0
18708,6361,15,1,30.0,30.0
18709,6361,18,1,38.0,38.0
18710,6361,21,1,20.0,20.0
18711,6361,24,2,24.0,48.0
18712,6361,4,1,22.0,22.0
18713,6362,27,2,25.0,50.0
18714,6362,2,1,34.0,34.0
18715,6363,17,1,26.0,26.0
18716,6363,21,3,20.0,60.0
18717,6363,7,1,36.0,36.0
18718,6364,13,1,28.0,28.0
18719,6364,29,1,44.0,44.0
18720,6365,22,3,22.0,66.0
18721,6365,9,1,35.0,35.0
18722,6365,1,1,28.0,28.0
18723,6366,1,1,28.0,28.0
18724,6367,35,2,9.0,18.0
18725,6367,30,1,38.0,38.0
18726,6367,2,1,34.0,34.0
18727,6367,37,1,18.0,18.0
18728,6367,8,2,24.0,48.0
18729,6368,19,1,18.0,18.0
18730,6368,25,3,26.0,78.0
18731,6368,37,2,18.0,36.0
18732,6368,18,1,38.0,38.0
18733,6369,6,2,38.0,76.0
18734,6369,13,1,28.0,28.0
18735,6369,14,2,45.0,90.0
18736,6370,5,3,30.0,90.0
18737,6371,24,3,24.0,72.0
18738,6371,5,1,30.0,30.0
18739,6371,12,3,36.0,108.0
18740,6371,9,1,35.0,35.0
18741,6372,6,2,38.0,76.0
18742,6372,3,1,42.0,42.0
18743,6372,32,2,37.0,74.0
18744,6372,33,3,14.0,42.0
18745,6372,31,1,36.0,36.0
18746,6373,35,1,9.0,9.0
18747,6373,18,1,38.0,38.0
18748,6373,30,3,38.0,114.0
18749,6374,8,1,24.0,24.0
18750,6374,24,1,24.0,24.0
18751,6375,5,3,30.0,90.0
18752,6376,16,2,32.0,64.0
18753,6376,4,1,22.0,22.0
18754,6376,15,1,30.0,30.0
18755,6376,24,3,24.0,72.0
18756,6376,10,1,32.0,32.0
18757,6377,37,1,18.0,18.0
18758,6377,6,1,38.0,38.0
18759,6377,19,1,18.0,18.0
18760,6378,30,2,38.0,76.0
18761,6378,2,1,34.0,34.0
18762,6379,35,2,9.0,18.0
18763,6379,2,3,34.0,102.0
18764,6379,27,1,25.0,25.0
18765,6379,7,1,36.0,36.0
18766,6380,28,1,34.0,34.0
18767,6380,25,1,26.0,26.0
18768,6380,30,1,38.0,38.0
18769,6380,24,1,24.0,24.0
18770,6381,5,3,30.0,90.0
18771,6381,13,1,28.0,28.0
18772,6382,16,1,32.0,32.0
18773,6383,22,1,22.0,22.0
18774,6383,4,1,22.0,22.0
18775,6383,15,2,30.0,60.0
18776,6384,23,2,18.0,36.0
18777,6384,5,1,30.0,30.0
18778,6385,24,2,24.0,48.0
18779,6385,39,1,8.0,8.0
18780,6386,7,1,36.0,36.0
18781,6386,5,2,30.0,60.0
18782,6386,2,3,34.0,102.0
18783,6387,19,1,18.0,18.0
18784,6387,35,2,9.0,18.0
18785,6388,24,1,24.0,24.0
18786,6388,5,1,30.0,30.0
18787,6388,8,1,24.0,24.0
18788,6389,16,1,32.0,32.0
18789,6389,15,1,30.0,30.0
18790,6389,35,1,9.0,9.0
18791,6390,7,1,36.0,36.0
18792,6390,12,1,36.0,36.0
18793,6390,16,2,32.0,64.0
18794,6390,25,1,26.0,26.0
18795,6390,26,1,42.0,42.0
18796,6390,35,1,9.0,9.0
18797,6391,15,3,30.0,90.0
18798,6391,28,1,34.0,34.0
18799,6392,37,1,18.0,18.0
18800,6393,8,1,24.0,24.0
18801,6393,4,2,22.0,44.0
18802,6393,18,1,38.0,38.0
18803,6393,10,1,32.0,32.0
18804,6393,27,1,25.0,25.0
18805,6394,5,2,30.0,60.0
18806,6394,12,1,36.0,36.0
18807,6394,32,1,37.0,37.0
18808,6394,2,1,34.0,34.0
18809,6394,40,2,10.0,20.0
18810,6395,34,2,10.0,20.0
18811,6395,15,2,30.0,60.0
18812,6395,29,1,44.0,44.0
18813,6395,12,1,36.0,36.0
18814,6396,29,1,44.0,44.0
18815,6396,25,3,26.0,78.0
18816,6396,23,1,18.0,18.0
18817,6397,12,1,36.0,36.0
18818,6397,16,1,32.0,32.0
18819,6397,13,2,28.0,56.0
18820,6397,30,1,38.0,38.0
18821,6397,2,2,34.0,68.0
18822,6397,36,3,6.0,18.0
18823,6398,5,2,30.0,60.0
18824,6398,8,2,24.0,48.0
18825,6398,28,2,34.0,68.0
18826,6399,14,3,45.0,135.0
18827,6399,18,1,38.0,38.0
18828,6399,2,1,34.0,34.0
18829,6399,7,1,36.0,36.0
18830,6400,13,2,28.0,56.0
18831,6400,37,2,18.0,36.0
18832,6400,36,1,6.0,6.0
18833,6400,6,2,38.0,76.0
18834,6400,9,1,35.0,35.0
18835,6401,40,1,10.0,10.0
18836,6401,31,1,36.0,36.0
18837,6401,7,1,36.0,36.0
18838,6401,10,1,32.0,32.0
18839,6402,13,1,28.0,28.0
18840,6402,1,1,28.0,28.0
18841,6402,30,1,38.0,38.0
18842,6402,5,1,30.0,30.0
18843,6403,37,1,18.0,18.0
18844,6403,1,2,28.0,56.0
18845,6403,36,1,6.0,6.0
18846,6403,26,1,42.0,42.0
18847,6404,4,1,22.0,22.0
18848,6404,5,1,30.0,30.0
18849,6404,23,1,18.0,18.0
18850,6404,7,1,36.0,36.0
18851,6405,14,1,45.0,45.0
18852,6405,7,2,36.0,72.0
18853,6406,27,2,25.0,50.0
18854,6406,23,1,18.0,18.0
18855,6407,5,1,30.0,30.0
18856,6407,1,1,28.0,28.0
18857,6407,11,1,33.0,33.0
18858,6407,12,3,36.0,108.0
18859,6408,30,1,38.0,38.0
18860,6408,33,3,14.0,42.0
18861,6409,16,1,32.0,32.0
18862,6409,13,1,28.0,28.0
18863,6409,15,1,30.0,30.0
18864,6410,16,1,32.0,32.0
18865,6410,7,1,36.0,36.0
18866,6411,1,1,28.0,28.0
18867,6411,15,2,30.0,60.0
18868,6411,11,1,33.0,33.0
18869,6411,16,1,32.0,32.0
18870,6412,27,1,25.0,25.0
18871,6412,30,3,38.0,114.0
18872,6413,28,2,34.0,68.0
18873,6413,15,2,30.0,60.0
18874,6413,10,2,32.0,64.0
18875,6413,13,2,28.0,56.0
18876,6414,17,2,26.0,52.0
18877,6414,10,1,32.0,32.0
18878,6414,8,1,24.0,24.0
18879,6414,40,1,10.0,10.0
18880,6414,4,1,22.0,22.0
18881,6415,8,2,24.0,48.0
18882,6415,37,2,18.0,36.0
18883,6416,6,1,38.0,38.0
18884,6416,7,1,36.0,36.0
18885,6416,8,1,24.0,24.0
18886,6416,12,2,36.0,72.0
18887,6417,6,1,38.0,38.0
18888,6418,12,2,36.0,72.0
18889,6418,32,2,37.0,74.0
18890,6418,10,1,32.0,32.0
18891,6418,20,1,16.0,16.0
18892,6418,28,3,34.0,102.0
18893,6419,5,1,30.0,30.0
18894,6419,39,1,8.0,8.0
18895,6419,28,1,34.0,34.0
18896,6419,8,2,24.0,48.0
18897,6419,17,3,26.0,78.0
18898,6420,24,2,24.0,48.0
18899,6420,12,1,36.0,36.0
18900,6420,32,1,37.0,37.0
18901,6421,29,1,44.0,44.0
18902,6421,8,1,24.0,24.0
18903,6422,38,1,12.0,12.0
18904,6422,36,1,6.0,6.0
18905,6422,25,2,26.0,52.0
18906,6422,7,1,36.0,36.0
18907,6422,33,1,14.0,14.0
18908,6422,4,1,22.0,22.0
18909,6423,29,1,44.0,44.0
18910,6423,18,1,38.0,38.0
18911,6423,8,1,24.0,24.0
18912,6423,36,2,6.0,12.0
18913,6424,1,1,28.0,28.0
18914,6424,16,2,32.0,64.0
18915,6424,8,2,24.0,48.0
18916,6425,23,1,18.0,18.0
18917,6425,1,2,28.0,56.0
18918,6425,13,1,28.0,28.0
18919,6426,13,2,28.0,56.0
18920,6426,20,1,16.0,16.0
18921,6427,11,1,33.0,33.0
18922,6427,7,2,36.0,72.0
18923,6427,14,1,45.0,45.0
18924,6427,1,1,28.0,28.0
18925,6428,7,1,36.0,36.0
18926,6428,21,3,20.0,60.0
18927,6428,8,1,24.0,24.0
18928,6429,8,1,24.0,24.0
18929,6429,3,1,42.0,42.0
18930,6429,7,2,36.0,72.0
18931,6430,23,3,18.0,54.0
18932,6430,12,1,36.0,36.0
18933,6430,37,1,18.0,18.0
18934,6431,22,1,22.0,22.0
18935,6431,2,3,34.0,102.0
18936,6431,18,1,38.0,38.0
18937,6432,28,1,34.0,34.0
18938,6432,6,1,38.0,38.0
18939,6433,35,1,9.0,9.0
18940,6433,4,2,22.0,44.0
18941,6433,36,1,6.0,6.0
18942,6434,30,1,38.0,38.0
18943,6434,39,1,8.0,8.0
18944,6434,11,1,33.0,33.0
18945,6434,1,1,28.0,28.0
18946,6435,5,1,30.0,30.0
18947,6435,28,2,34.0,68.0
18948,6436,20,1,16.0,16.0
18949,6437,2,2,34.0,68.0
18950,6437,22,1,22.0,22.0
18951,6437,26,2,42.0,84.0
18952,6437,6,1,38.0,38.0
18953,6437,23,2,18.0,36.0
18954,6438,11,1,33.0,33.0
18955,6438,4,2,22.0,44.0
18956,6438,33,1,14.0,14.0
18957,6439,4,2,22.0,44.0
18958,6439,15,2,30.0,60.0
18959,6439,8,1,24.0,24.0
18960,6439,1,1,28.0,28.0
18961,6439,12,1,36.0,36.0
18962,6439,16,1,32.0,32.0
18963,6440,16,1,32.0,32.0
18964,6440,35,3,9.0,27.0
18965,6440,21,1,20.0,20.0
18966,6441,4,1,22.0,22.0
18967,6442,8,1,24.0,24.0
18968,6442,23,1,18.0,18.0
18969,6442,25,2,26.0,52.0
18970,6443,16,1,32.0,32.0
18971,6443,6,2,38.0,76.0
18972,6443,7,1,36.0,36.0
18973,6443,20,1,16.0,16.0
18974,6444,36,1,6.0,6.0
18975,6444,24,3,24.0,72.0
18976,6445,4,1,22.0,22.0
18977,6445,5,3,30.0,90.0
18978,6445,23,1,18.0,18.0
18979,6446,13,3,28.0,84.0
18980,6446,35,2,9.0,18.0
18981,6446,39,1,8.0,8.0
18982,6446,36,2,6.0,12.0
18983,6447,22,1,22.0,22.0
18984,6447,16,2,32.0,64.0
18985,6448,7,2,36.0,72.0
18986,6448,11,1,33.0,33.0
18987,6449,13,3,28.0,84.0
18988,6449,6,2,38.0,76.0
18989,6450,8,1,24.0,24.0
18990,6450,36,1,6.0,6.0
18991,6450,37,1,18.0,18.0
18992,6451,20,1,16.0,16.0
18993,6451,4,2,22.0,44.0
18994,6451,24,2,24.0,48.0
18995,6451,2,1,34.0,34.0
18996,6451,5,1,30.0,30.0
18997,6452,10,2,32.0,64.0
18998,6452,14,1,45.0,45.0
18999,6452,34,1,10.0,10.0
19000,6453,7,2,36.0,72.0
19001,6453,40,1,10.0,10.0
19002,6453,24,1,24.0,24.0
19003,6453,18,1,38.0,38.0
19004,6454,2,2,34.0,68.0
19005,6454,8,1,24.0,24.0
19006,6454,40,3,10.0,30.0
19007,6455,30,1,38.0,38.0
19008,6455,1,2,28.0,56.0
19009,6455,11,1,33.0,33.0
19010,6455,5,1,30.0,30.0
19011,6456,17,1,26.0,26.0
19012,6457,5,1,30.0,30.0
19013,6458,1,1,28.0,28.0
19014,6458,3,3,42.0,126.0
19015,6458,30,2,38.0,76.0
19016,6459,14,1,45.0,45.0
19017,6459,5,1,30.0,30.0
19018,6460,6,1,38.0,38.0
19019,6460,23,1,18.0,18.0
19020,6461,7,1,36.0,36.0
19021,6461,37,1,18.0,18.0
19022,6461,8,2,24.0,48.0
19023,6461,10,1,32.0,32.0
19024,6462,19,1,18.0,18.0
19025,6462,24,2,24.0,48.0
19026,6462,3,2,42.0,84.0
19027,6463,26,2,42.0,84.0
19028,6463,3,1,42.0,42.0
19029,6463,27,1,25.0,25.0
19030,6464,4,2,22.0,44.0
19031,6464,35,1,9.0,9.0
19032,6464,21,1,20.0,20.0
19033,6465,7,1,36.0,36.0
19034,6465,6,2,38.0,76.0
19035,6465,8,1,24.0,24.0
19036,6466,26,1,42.0,42.0
19037,6466,28,1,34.0,34.0
19038,6466,22,2,22.0,44.0
19039,6467,36,1,6.0,6.0
19040,6467,2,1,34.0,34.0
19041,6468,35,1,9.0,9.0
19042,6468,1,3,28.0,84.0
19043,6468,15,1,30.0,30.0
19044,6468,22,1,22.0,22.0
19045,6469,30,2,38.0,76.0
19046,6469,5,1,30.0,30.0
19047,6470,26,1,42.0,42.0
19048,6470,4,1,22.0,22.0
19049,6471,4,1,22.0,22.0
19050,6471,2,1,34.0,34.0
19051,6471,3,1,42.0,42.0
19052,6471,6,2,38.0,76.0
19053,6471,37,1,18.0,18.0
19054,6472,7,1,36.0,36.0
19055,6472,5,1,30.0,30.0
19056,6472,16,2,32.0,64.0
19057,6472,10,1,32.0,32.0
19058,6472,12,1,36.0,36.0
19059,6473,6,2,38.0,76.0
19060,6473,1,1,28.0,28.0
19061,6473,8,1,24.0,24.0
19062,6473,4,1,22.0,22.0
19063,6474,11,3,33.0,99.0
19064,6474,7,2,36.0,72.0
19065,6474,31,1,36.0,36.0
19066,6475,1,3,28.0,84.0
19067,6475,8,1,24.0,24.0
19068,6475,23,1,18.0,18.0
19069,6476,40,2,10.0,20.0
19070,6476,7,2,36.0,72.0
19071,6477,14,1,45.0,45.0
19072,6477,20,2,16.0,32.0
19073,6477,13,2,28.0,56.0
19074,6477,7,2,36.0,72.0
19075,6477,26,1,42.0,42.0
19076,6478,6,1,38.0,38.0
19077,6478,11,1,33.0,33.0
19078,6478,21,1,20.0,20.0
19079,6478,13,2,28.0,56.0
19080,6479,2,2,34.0,68.0
19081,6479,39,1,8.0,8.0
19082,6479,31,1,36.0,36.0
19083,6480,1,2,28.0,56.0
19084,6480,12,1,36.0,36.0
19085,6480,27,1,25.0,25.0
19086,6480,22,1,22.0,22.0
19087,6480,10,2,32.0,64.0
19088,6480,4,2,22.0,44.0
19089,6481,2,2,34.0,68.0
19090,6481,9,1,35.0,35.0
19091,6482,24,2,24.0,48.0
19092,6482,8,2,24.0,48.0
19093,6483,28,2,34.0,68.0
19094,6483,13,2,28.0,56.0
19095,6484,22,1,22.0,22.0
19096,6484,31,2,36.0,72.0
19097,6484,16,2,32.0,64.0
19098,6484,2,2,34.0,68.0
19099,6484,33,1,14.0,14.0
19100,6484,6,1,38.0,38.0
19101,6485,27,1,25.0,25.0
19102,6485,11,1,33.0,33.0
19103,6485,10,2,32.0,64.0
19104,6486,5,2,30.0,60.0
19105,6486,15,2,30.0,60.0
19106,6487,4,2,22.0,44.0
19107,6488,15,1,30.0,30.0
19108,6488,18,1,38.0,38.0
19109,6488,23,1,18.0,18.0
19110,6489,37,2,18.0,36.0
19111,6489,10,2,32.0,64.0
19112,6490,5,2,30.0,60.0
19113,6490,37,2,18.0,36.0
19114,6490,13,1,28.0,28.0
19115,6491,14,1,45.0,45.0
19116,6491,30,2,38.0,76.0
19117,6491,26,1,42.0,42.0
19118,6492,10,2,32.0,64.0
19119,6493,5,1,30.0,30.0
19120,6493,12,2,36.0,72.0
19121,6494,7,1,36.0,36.0
19122,6494,24,1,24.0,24.0
19123,6495,2,1,34.0,34.0
19124,6495,13,2,28.0,56.0
19125,6496,9,1,35.0,35.0
19126,6496,8,1,24.0,24.0
19127,6496,18,1,38.0,38.0
19128,6497,29,1,44.0,44.0
19129,6497,5,2,30.0,60.0
19130,6497,2,1,34.0,34.0
19131,6497,14,2,45.0,90.0
19132,6498,20,1,16.0,16.0
19133,6498,29,2,44.0,88.0
19134,6498,30,2,38.0,76.0
19135,6499,23,1,18.0,18.0
19136,6499,37,1,18.0,18.0
19137,6499,18,2,38.0,76.0
19138,6500,32,1,37.0,37.0
19139,6500,4,2,22.0,44.0
19140,6500,9,1,35.0,35.0
19141,6501,21,3,20.0,60.0
19142,6501,37,1,18.0,18.0
19143,6501,39,3,8.0,24.0
19144,6501,30,1,38.0,38.0
19145,6502,15,1,30.0,30.0
19146,6502,5,2,30.0,60.0
19147,6502,7,2,36.0,72.0
19148,6503,15,1,30.0,30.0
19149,6503,40,1,10.0,10.0
19150,6504,3,1,42.0,42.0
19151,6505,31,2,36.0,72.0
19152,6505,2,1,34.0,34.0
19153,6505,36,1,6.0,6.0
19154,6505,17,1,26.0,26.0
19155,6505,5,1,30.0,30.0
19156,6506,14,1,45.0,45.0
19157,6507,5,2,30.0,60.0
19158,6507,21,3,20.0,60.0
19159,6507,2,1,34.0,34.0
19160,6508,32,1,37.0,37.0
19161,6508,8,1,24.0,24.0
19162,6508,18,1,38.0,38.0
19163,6509,2,1,34.0,34.0
19164,6510,40,1,10.0,10.0
19165,6510,5,1,30.0,30.0
19166,6510,37,1,18.0,18.0
19167,6511,2,1,34.0,34.0
19168,6511,1,1,28.0,28.0
19169,6511,27,1,25.0,25.0
19170,6511,30,1,38.0,38.0
19171,6512,37,1,18.0,18.0
19172,6512,5,1,30.0,30.0
19173,6513,27,1,25.0,25.0
19174,6513,18,1,38.0,38.0
19175,6514,7,1,36.0,36.0
19176,6514,2,1,34.0,34.0
19177,6514,6,1,38.0,38.0
19178,6514,27,3,25.0,75.0
19179,6514,30,2,38.0,76.0
19180,6515,19,1,18.0,18.0
19181,6515,7,1,36.0,36.0
19182,6515,24,1,24.0,24.0
19183,6516,7,1,36.0,36.0
19184,6516,17,1,26.0,26.0
19185,6517,30,3,38.0,114.0
19186,6517,25,1,26.0,26.0
19187,6518,8,1,24.0,24.0
19188,6518,21,2,20.0,40.0
19189,6518,31,2,36.0,72.0
19190,6519,7,1,36.0,36.0
19191,6519,17,1,26.0,26.0
19192,6520,23,2,18.0,36.0
19193,6520,1,1,28.0,28.0
19194,6521,7,2,36.0,72.0
19195,6522,29,1,44.0,44.0
19196,6522,36,1,6.0,6.0
19197,6522,30,1,38.0,38.0
19198,6523,6,1,38.0,38.0
19199,6523,34,1,10.0,10.0
19200,6524,2,1,34.0,34.0
19201,6524,8,1,24.0,24.0
19202,6524,15,1,30.0,30.0
19203,6524,11,2,33.0,66.0
19204,6525,9,1,35.0,35.0
19205,6525,1,1,28.0,28.0
19206,6525,3,3,42.0,126.0
19207,6526,12,2,36.0,72.0
19208,6527,11,2,33.0,66.0
19209,6527,14,1,45.0,45.0
19210,6527,7,1,36.0,36.0
19211,6527,15,1,30.0,30.0
19212,6528,15,1,30.0,30.0
19213,6528,8,3,24.0,72.0
19214,6528,4,3,22.0,66.0
19215,6528,30,1,38.0,38.0
19216,6528,13,1,28.0,28.0
19217,6528,17,1,26.0,26.0
19218,6529,28,1,34.0,34.0
19219,6529,12,1,36.0,36.0
19220,6530,37,2,18.0,36.0
19221,6530,10,1,32.0,32.0
19222,6530,27,1,25.0,25.0
19223,6531,13,1,28.0,28.0
19224,6531,10,1,32.0,32.0
19225,6531,8,1,24.0,24.0
19226,6532,3,2,42.0,84.0
19227,6532,1,1,28.0,28.0
19228,6532,29,1,44.0,44.0
19229,6532,5,2,30.0,60.0
19230,6532,4,1,22.0,22.0
19231,6533,5,1,30.0,30.0
19232,6533,14,1,45.0,45.0
19233,6533,38,2,12.0,24.0
19234,6534,19,1,18.0,18.0
19235,6534,33,1,14.0,14.0
19236,6534,32,1,37.0,37.0
19237,6535,7,1,36.0,36.0
19238,6535,2,2,34.0,68.0
19239,6535,29,1,44.0,44.0
19240,6535,40,2,10.0,20.0
19241,6536,36,2,6.0,12.0
19242,6536,9,2,35.0,70.0
19243,6536,14,1,45.0,45.0
19244,6536,25,2,26.0,52.0
19245,6537,30,3,38.0,114.0
19246,6537,37,1,18.0,18.0
19247,6538,12,2,36.0,72.0
19248,6538,8,1,24.0,24.0
19249,6539,8,2,24.0,48.0
19250,6540,33,1,14.0,14.0
19251,6540,25,1,26.0,26.0
19252,6541,16,1,32.0,32.0
19253,6542,7,1,36.0,36.0
19254,6542,18,1,38.0,38.0
19255,6543,37,2,18.0,36.0
19256,6543,18,1,38.0,38.0
19257,6543,25,2,26.0,52.0
19258,6544,2,1,34.0,34.0
19259,6544,1,2,28.0,56.0
19260,6544,21,2,20.0,40.0
19261,6544,6,1,38.0,38.0
19262,6544,7,1,36.0,36.0
19263,6544,37,1,18.0,18.0
19264,6545,3,1,42.0,42.0
19265,6545,2,1,34.0,34.0
19266,6545,18,1,38.0,38.0
19267,6545,29,2,44.0,88.0
19268,6545,23,2,18.0,36.0
19269,6545,12,1,36.0,36.0
19270,6546,21,2,20.0,40.0
19271,6546,8,2,24.0,48.0
19272,6546,5,2,30.0,60.0
19273,6547,16,3,32.0,96.0
19274,6548,17,2,26.0,52.0
19275,6548,30,3,38.0,114.0
19276,6549,6,1,38.0,38.0
19277,6549,8,2,24.0,48.0
19278,6549,39,1,8.0,8.0
19279,6550,3,1,42.0,42.0
19280,6550,24,1,24.0,24.0
19281,6550,11,1,33.0,33.0
19282,6551,5,1,30.0,30.0
19283,6552,6,1,38.0,38.0
19284,6552,2,2,34.0,68.0
19285,6553,15,1,30.0,30.0
19286,6553,23,3,18.0,54.0
19287,6553,26,1,42.0,42.0
19288,6554,36,1,6.0,6.0
19289,6554,7,2,36.0,72.0
19290,6555,7,1,36.0,36.0
19291,6555,33,1,14.0,14.0
19292,6556,17,2,26.0,52.0
19293,6556,29,1,44.0,44.0
19294,6557,2,1,34.0,34.0
19295,6557,32,3,37.0,111.0
19296,6557,26,3,42.0,126.0
19297,6558,23,1,18.0,18.0
19298,6558,24,1,24.0,24.0
19299,6558,14,1,45.0,45.0
19300,6558,32,1,37.0,37.0
19301,6559,37,1,18.0,18.0
19302,6559,40,1,10.0,10.0
19303,6559,8,3,24.0,72.0
19304,6559,30,1,38.0,38.0
19305,6560,19,1,18.0,18.0
19306,6560,32,1,37.0,37.0
19307,6560,27,1,25.0,25.0
19308,6561,5,3,30.0,90.0
19309,6561,8,1,24.0,24.0
19310,6561,1,1,28.0,28.0
19311,6562,14,2,45.0,90.0
19312,6562,8,1,24.0,24.0
19313,6562,27,1,25.0,25.0
19314,6562,2,2,34.0,68.0
19315,6563,7,1,36.0,36.0
19316,6563,6,2,38.0,76.0
19317,6564,23,1,18.0,18.0
19318,6564,38,1,12.0,12.0
19319,6564,24,3,24.0,72.0
19320,6565,28,2,34.0,68.0
19321,6565,10,1,32.0,32.0
19322,6565,2,1,34.0,34.0
19323,6565,9,1,35.0,35.0
19324,6566,32,2,37.0,74.0
19325,6566,1,1,28.0,28.0
19326,6566,13,3,28.0,84.0
19327,6566,38,1,12.0,12.0
19328,6567,32,2,37.0,74.0
19329,6567,22,1,22.0,22.0
19330,6567,26,1,42.0,42.0
19331,6568,2,1,34.0,34.0
19332,6568,14,1,45.0,45.0
19333,6568,8,1,24.0,24.0
19334,6569,6,1,38.0,38.0
19335,6569,16,1,32.0,32.0
19336,6570,1,2,28.0,56.0
19337,6570,15,2,30.0,60.0
19338,6571,6,1,38.0,38.0
19339,6571,7,1,36.0,36.0
19340,6572,2,1,34.0,34.0
19341,6572,25,2,26.0,52.0
19342,6572,8,1,24.0,24.0
19343,6572,1,1,28.0,28.0
19344,6573,16,3,32.0,96.0
19345,6574,35,1,9.0,9.0
19346,6574,27,2,25.0,50.0
19347,6574,3,1,42.0,42.0
19348,6575,8,1,24.0,24.0
19349,6575,14,1,45.0,45.0
19350,6575,25,1,26.0,26.0
19351,6575,6,2,38.0,76.0
19352,6575,26,1,42.0,42.0
19353,6575,33,2,14.0,28.0
19354,6576,15,1,30.0,30.0
19355,6576,4,1,22.0,22.0
19356,6577,12,1,36.0,36.0
19357,6577,29,1,44.0,44.0
19358,6578,37,3,18.0,54.0
19359,6578,5,1,30.0,30.0
19360,6579,6,1,38.0,38.0
19361,6579,18,2,38.0,76.0
19362,6580,21,2,20.0,40.0
19363,6581,12,1,36.0,36.0
19364,6581,22,1,22.0,22.0
19365,6581,15,2,30.0,60.0
19366,6582,7,1,36.0,36.0
19367,6583,18,1,38.0,38.0
19368,6583,12,1,36.0,36.0
19369,6584,1,1,28.0,28.0
19370,6584,32,3,37.0,111.0
19371,6584,13,2,28.0,56.0
19372,6585,8,1,24.0,24.0
19373,6585,7,1,36.0,36.0
19374,6586,18,1,38.0,38.0
19375,6586,5,1,30.0,30.0
19376,6586,33,1,14.0,14.0
19377,6587,13,2,28.0,56.0
19378,6588,36,2,6.0,12.0
19379,6588,35,1,9.0,9.0
19380,6589,7,1,36.0,36.0
19381,6589,31,2,36.0,72.0
19382,6589,38,1,12.0,12.0
19383,6590,4,1,22.0,22.0
19384,6590,18,1,38.0,38.0
19385,6590,7,1,36.0,36.0
19386,6591,34,2,10.0,20.0
19387,6591,26,1,42.0,42.0
19388,6591,39,1,8.0,8.0
19389,6592,6,1,38.0,38.0
19390,6593,35,1,9.0,9.0
19391,6593,1,1,28.0,28.0
19392,6593,7,1,36.0,36.0
19393,6593,13,1,28.0,28.0
19394,6594,26,2,42.0,84.0
19395,6594,2,1,34.0,34.0
19396,6595,7,1,36.0,36.0
19397,6595,22,2,22.0,44.0
19398,6595,13,3,28.0,84.0
19399,6596,27,2,25.0,50.0
19400,6596,37,1,18.0,18.0
19401,6596,2,2,34.0,68.0
19402,6597,23,1,18.0,18.0
19403,6597,37,1,18.0,18.0
19404,6597,14,1,45.0,45.0
19405,6598,8,2,24.0,48.0
19406,6598,31,1,36.0,36.0
19407,6598,7,1,36.0,36.0
19408,6598,14,3,45.0,135.0
19409,6599,18,2,38.0,76.0
19410,6599,28,1,34.0,34.0
19411,6600,16,1,32.0,32.0
19412,6600,3,2,42.0,84.0
19413,6601,6,2,38.0,76.0
19414,6601,25,1,26.0,26.0
19415,6601,18,1,38.0,38.0
19416,6602,7,1,36.0,36.0
19417,6602,10,2,32.0,64.0
19418,6602,29,2,44.0,88.0
19419,6602,36,1,6.0,6.0
19420,6602,3,1,42.0,42.0
19421,6602,8,2,24.0,48.0
19422,6603,37,1,18.0,18.0
19423,6603,4,1,22.0,22.0
19424,6603,30,1,38.0,38.0
19425,6604,16,1,32.0,32.0
19426,6604,15,1,30.0,30.0
19427,6604,26,1,42.0,42.0
19428,6605,20,1,16.0,16.0
19429,6605,14,1,45.0,45.0
19430,6605,30,2,38.0,76.0
19431,6605,7,3,36.0,108.0
19432,6606,18,2,38.0,76.0
19433,6607,2,1,34.0,34.0
19434,6608,8,2,24.0,48.0
19435,6608,32,3,37.0,111.0
19436,6608,1,1,28.0,28.0
19437,6609,10,2,32.0,64.0
19438,6609,2,1,34.0,34.0
19439,6609,4,3,22.0,66.0
19440,6610,10,1,32.0,32.0
19441,6610,15,1,30.0,30.0
19442,6610,8,1,24.0,24.0
19443,6610,2,2,34.0,68.0
19444,6611,13,1,28.0,28.0
19445,6612,3,1,42.0,42.0
19446,6613,24,1,24.0,24.0
19447,6613,29,1,44.0,44.0
19448,6613,15,3,30.0,90.0
19449,6613,18,1,38.0,38.0
19450,6613,21,2,20.0,40.0
19451,6613,4,2,22.0,44.0
19452,6614,10,1,32.0,32.0
19453,6614,37,1,18.0,18.0
19454,6615,11,1,33.0,33.0
19455,6615,16,1,32.0,32.0
19456,6615,25,1,26.0,26.0
19457,6616,26,1,42.0,42.0
19458,6616,5,2,30.0,60.0
19459,6617,1,2,28.0,56.0
19460,6617,33,1,14.0,14.0
19461,6618,27,1,25.0,25.0
19462,6618,3,1,42.0,42.0
19463,6618,2,2,34.0,68.0
19464,6619,3,1,42.0,42.0
19465,6619,4,1,22.0,22.0
19466,6619,28,1,34.0,34.0
19467,6619,31,2,36.0,72.0
19468,6619,16,1,32.0,32.0
19469,6620,5,1,30.0,30.0
19470,6620,34,1,10.0,10.0
19471,6620,4,2,22.0,44.0
19472,6621,1,1,28.0,28.0
19473,6621,2,1,34.0,34.0
19474,6622,20,1,16.0,16.0
19475,6622,12,2,36.0,72.0
19476,6622,15,3,30.0,90.0
19477,6622,39,1,8.0,8.0
19478,6622,2,2,34.0,68.0
19479,6623,30,1,38.0,38.0
19480,6623,25,2,26.0,52.0
19481,6623,4,1,22.0,22.0
19482,6624,7,2,36.0,72.0
19483,6624,5,2,30.0,60.0
19484,6624,36,1,6.0,6.0
19485,6625,9,1,35.0,35.0
19486,6625,14,2,45.0,90.0
19487,6625,37,1,18.0,18.0
19488,6626,35,1,9.0,9.0
19489,6626,22,2,22.0,44.0
19490,6627,8,1,24.0,24.0
19491,6627,16,1,32.0,32.0
19492,6627,24,2,24.0,48.0
19493,6628,27,1,25.0,25.0
19494,6629,3,2,42.0,84.0
19495,6629,37,2,18.0,36.0
19496,6629,39,1,8.0,8.0
19497,6629,34,1,10.0,10.0
19498,6629,2,2,34.0,68.0
19499,6630,7,1,36.0,36.0
19500,6630,29,2,44.0,88.0
19501,6630,4,1,22.0,22.0
19502,6630,18,1,38.0,38.0
19503,6630,5,1,30.0,30.0
19504,6631,3,2,42.0,84.0
19505,6631,30,1,38.0,38.0
19506,6632,1,3,28.0,84.0
19507,6632,2,3,34.0,102.0
19508,6632,30,1,38.0,38.0
19509,6633,33,2,14.0,28.0
19510,6633,10,1,32.0,32.0
19511,6634,5,1,30.0,30.0
19512,6634,7,2,36.0,72.0
19513,6634,24,2,24.0,48.0
19514,6635,11,3,33.0,99.0
19515,6635,8,2,24.0,48.0
19516,6635,25,2,26.0,52.0
19517,6635,12,1,36.0,36.0
19518,6635,34,2,10.0,20.0
19519,6636,10,1,32.0,32.0
19520,6636,37,1,18.0,18.0
19521,6636,2,2,34.0,68.0
19522,6637,34,1,10.0,10.0
19523,6637,8,1,24.0,24.0
19524,6637,7,3,36.0,108.0
19525,6638,13,1,28.0,28.0
19526,6638,6,1,38.0,38.0
19527,6639,4,2,22.0,44.0
19528,6639,35,1,9.0,9.0
19529,6639,15,1,30.0,30.0
19530,6640,6,2,38.0,76.0
19531,6640,13,1,28.0,28.0
19532,6640,4,2,22.0,44.0
19533,6641,28,2,34.0,68.0
19534,6642,1,2,28.0,56.0
19535,6642,5,3,30.0,90.0
19536,6642,12,1,36.0,36.0
19537,6642,30,1,38.0,38.0
19538,6642,18,2,38.0,76.0
19539,6643,13,2,28.0,56.0
19540,6643,2,2,34.0,68.0
19541,6643,28,1,34.0,34.0
19542,6643,37,1,18.0,18.0
19543,6643,12,1,36.0,36.0
19544,6644,32,1,37.0,37.0
19545,6644,1,2,28.0,56.0
19546,6644,6,2,38.0,76.0
19547,6644,10,2,32.0,64.0
19548,6645,1,1,28.0,28.0
19549,6645,36,1,6.0,6.0
19550,6645,13,1,28.0,28.0
19551,6646,12,2,36.0,72.0
19552,6646,34,2,10.0,20.0
19553,6646,18,1,38.0,38.0
19554,6647,6,2,38.0,76.0
19555,6647,19,1,18.0,18.0
19556,6648,2,1,34.0,34.0
19557,6648,7,2,36.0,72.0
19558,6648,28,1,34.0,34.0
19559,6648,18,1,38.0,38.0
19560,6649,35,2,9.0,18.0
19561,6649,36,1,6.0,6.0
19562,6649,11,1,33.0,33.0
19563,6649,5,1,30.0,30.0
19564,6649,8,1,24.0,24.0
19565,6650,13,1,28.0,28.0
19566,6650,30,2,38.0,76.0
19567,6650,10,1,32.0,32.0
19568,6651,12,2,36.0,72.0
19569,6651,24,1,24.0,24.0
19570,6651,7,1,36.0,36.0
19571,6651,5,2,30.0,60.0
19572,6652,37,1,18.0,18.0
19573,6652,40,2,10.0,20.0
19574,6653,22,1,22.0,22.0
19575,6653,7,1,36.0,36.0
19576,6653,1,1,28.0,28.0
19577,6653,2,1,34.0,34.0
19578,6654,35,1,9.0,9.0
19579,6654,15,1,30.0,30.0
19580,6654,7,2,36.0,72.0
19581,6654,10,1,32.0,32.0
19582,6655,3,1,42.0,42.0
19583,6655,2,1,34.0,34.0
19584,6655,11,1,33.0,33.0
19585,6655,38,1,12.0,12.0
19586,6656,12,1,36.0,36.0
19587,6656,20,2,16.0,32.0
19588,6657,14,3,45.0,135.0
19589,6658,7,1,36.0,36.0
19590,6658,16,1,32.0,32.0
19591,6658,30,1,38.0,38.0
19592,6658,10,1,32.0,32.0
19593,6658,3,2,42.0,84.0
19594,6658,25,2,26.0,52.0
19595,6659,5,1,30.0,30.0
19596,6659,7,1,36.0,36.0
19597,6659,3,3,42.0,126.0
19598,6660,12,3,36.0,108.0
19599,6660,4,1,22.0,22.0
19600,6660,31,2,36.0,72.0
19601,6660,14,1,45.0,45.0
19602,6660,7,3,36.0,108.0
19603,6661,38,3,12.0,36.0
19604,6661,5,1,30.0,30.0
19605,6661,2,1,34.0,34.0
19606,6661,9,2,35.0,70.0
19607,6662,22,1,22.0,22.0
19608,6662,27,1,25.0,25.0
19609,6663,30,3,38.0,114.0
19610,6663,23,2,18.0,36.0
19611,6664,8,1,24.0,24.0
19612,6664,34,1,10.0,10.0
19613,6665,25,2,26.0,52.0
19614,6665,39,1,8.0,8.0
19615,6666,33,2,14.0,28.0
19616,6666,24,1,24.0,24.0
19617,6667,36,2,6.0,12.0
19618,6667,4,2,22.0,44.0
19619,6667,13,2,28.0,56.0
19620,6667,35,2,9.0,18.0
19621,6667,19,1,18.0,18.0
19622,6667,12,1,36.0,36.0
19623,6668,7,2,36.0,72.0
19624,6668,26,2,42.0,84.0
19625,6668,29,1,44.0,44.0
19626,6668,16,1,32.0,32.0
19627,6669,25,2,26.0,52.0
19628,6669,18,1,38.0,38.0
19629,6669,12,1,36.0,36.0
19630,6669,6,2,38.0,76.0
19631,6669,2,1,34.0,34.0
19632,6669,37,2,18.0,36.0
19633,6670,27,1,25.0,25.0
19634,6670,28,1,34.0,34.0
19635,6670,38,3,12.0,36.0
19636,6670,25,2,26.0,52.0
19637,6671,2,1,34.0,34.0
19638,6671,37,1,18.0,18.0
19639,6671,29,1,44.0,44.0
19640,6672,8,3,24.0,72.0
19641,6672,7,2,36.0,72.0
19642,6673,20,3,16.0,48.0
19643,6673,29,3,44.0,132.0
19644,6673,8,1,24.0,24.0
19645,6674,2,1,34.0,34.0
19646,6674,5,1,30.0,30.0
19647,6674,21,2,20.0,40.0
19648,6674,13,1,28.0,28.0
19649,6674,8,1,24.0,24.0
19650,6674,28,2,34.0,68.0
19651,6675,36,2,6.0,12.0
19652,6675,5,3,30.0,90.0
19653,6675,31,2,36.0,72.0
19654,6675,17,1,26.0,26.0
19655,6675,3,1,42.0,42.0
19656,6675,27,1,25.0,25.0
19657,6676,10,1,32.0,32.0
19658,6676,26,2,42.0,84.0
19659,6676,13,1,28.0,28.0
19660,6677,14,2,45.0,90.0
19661,6677,7,1,36.0,36.0
19662,6677,40,2,10.0,20.0
19663,6678,34,2,10.0,20.0
19664,6679,27,1,25.0,25.0
19665,6679,31,1,36.0,36.0
19666,6679,2,2,34.0,68.0
19667,6679,36,1,6.0,6.0
19668,6679,4,1,22.0,22.0
19669,6680,11,1,33.0,33.0
19670,6680,2,2,34.0,68.0
19671,6681,7,1,36.0,36.0
19672,6681,17,2,26.0,52.0
19673,6681,27,1,25.0,25.0
19674,6681,3,2,42.0,84.0
19675,6681,9,3,35.0,105.0
19676,6682,37,1,18.0,18.0
19677,6682,30,2,38.0,76.0
19678,6682,24,2,24.0,48.0
19679,6683,32,2,37.0,74.0
19680,6683,37,3,18.0,54.0
19681,6683,8,1,24.0,24.0
19682,6684,36,2,6.0,12.0
19683,6684,4,3,22.0,66.0
19684,6684,7,2,36.0,72.0
19685,6684,24,1,24.0,24.0
19686,6684,25,3,26.0,78.0
19687,6685,5,1,30.0,30.0
19688,6686,12,2,36.0,72.0
19689,6686,20,1,16.0,16.0
19690,6686,2,1,34.0,34.0
19691,6686,34,1,10.0,10.0
19692,6687,27,2,25.0,50.0
19693,6687,5,3,30.0,90.0
19694,6687,10,1,32.0,32.0
19695,6687,30,2,38.0,76.0
19696,6688,15,1,30.0,30.0
19697,6688,12,1,36.0,36.0
19698,6689,34,2,10.0,20.0
19699,6689,7,2,36.0,72.0
19700,6689,30,1,38.0,38.0
19701,6690,20,1,16.0,16.0
19702,6690,15,1,30.0,30.0
19703,6690,18,2,38.0,76.0
19704,6690,7,3,36.0,108.0
19705,6690,1,3,28.0,84.0
19706,6691,27,1,25.0,25.0
19707,6691,1,3,28.0,84.0
19708,6691,23,1,18.0,18.0
19709,6691,22,1,22.0,22.0
19710,6692,28,1,34.0,34.0
19711,6692,32,3,37.0,111.0
19712,6692,23,1,18.0,18.0
19713,6692,13,1,28.0,28.0
19714,6693,25,1,26.0,26.0
19715,6694,35,1,9.0,9.0
19716,6695,8,1,24.0,24.0
19717,6695,17,2,26.0,52.0
19718,6695,33,1,14.0,14.0
19719,6695,27,2,25.0,50.0
19720,6696,16,1,32.0,32.0
19721,6697,6,1,38.0,38.0
19722,6697,15,1,30.0,30.0
19723,6697,17,1,26.0,26.0
19724,6697,8,1,24.0,24.0
19725,6697,10,2,32.0,64.0
19726,6697,33,2,14.0,28.0
19727,6698,5,1,30.0,30.0
19728,6698,8,1,24.0,24.0
19729,6698,16,1,32.0,32.0
19730,6698,6,2,38.0,76.0
19731,6698,29,2,44.0,88.0
19732,6699,18,2,38.0,76.0
19733,6699,3,1,42.0,42.0
19734,6700,1,1,28.0,28.0
19735,6700,5,1,30.0,30.0
19736,6700,8,2,24.0,48.0
19737,6700,37,2,18.0,36.0
19738,6701,32,2,37.0,74.0
19739,6701,16,1,32.0,32.0
19740,6702,37,1,18.0,18.0
19741,6702,13,2,28.0,56.0
19742,6702,40,3,10.0,30.0
19743,6702,5,2,30.0,60.0
19744,6702,2,1,34.0,34.0
19745,6702,3,3,42.0,126.0
19746,6703,30,1,38.0,38.0
19747,6703,15,1,30.0,30.0
19748,6703,2,1,34.0,34.0
19749,6704,16,2,32.0,64.0
19750,6704,28,2,34.0,68.0
19751,6704,6,2,38.0,76.0
19752,6704,10,2,32.0,64.0
19753,6705,32,1,37.0,37.0
19754,6705,15,2,30.0,60.0
19755,6706,32,1,37.0,37.0
19756,6707,23,2,18.0,36.0
19757,6707,12,1,36.0,36.0
19758,6707,26,2,42.0,84.0
19759,6707,28,1,34.0,34.0
19760,6707,2,1,34.0,34.0
19761,6707,8,2,24.0,48.0
19762,6708,30,1,38.0,38.0
19763,6708,16,3,32.0,96.0
19764,6708,6,1,38.0,38.0
19765,6708,3,2,42.0,84.0
19766,6709,11,1,33.0,33.0
19767,6709,21,1,20.0,20.0
19768,6709,37,1,18.0,18.0
19769,6709,8,2,24.0,48.0
19770,6709,27,2,25.0,50.0
19771,6710,37,1,18.0,18.0
19772,6710,27,1,25.0,25.0
19773,6711,34,3,10.0,30.0
19774,6711,37,1,18.0,18.0
19775,6712,21,1,20.0,20.0
19776,6712,38,1,12.0,12.0
19777,6712,34,3,10.0,30.0
19778,6712,36,1,6.0,6.0
19779,6712,18,1,38.0,38.0
19780,6712,6,2,38.0,76.0
19781,6713,34,1,10.0,10.0
19782,6713,32,1,37.0,37.0
19783,6714,8,2,24.0,48.0
19784,6714,25,2,26.0,52.0
19785,6715,2,1,34.0,34.0
19786,6715,1,1,28.0,28.0
19787,6715,6,1,38.0,38.0
19788,6715,28,1,34.0,34.0
19789,6715,10,1,32.0,32.0
19790,6716,25,1,26.0,26.0
19791,6716,2,3,34.0,102.0
19792,6717,21,1,20.0,20.0
19793,6717,39,1,8.0,8.0
19794,6717,14,1,45.0,45.0
19795,6717,33,1,14.0,14.0
19796,6718,4,3,22.0,66.0
19797,6718,20,1,16.0,16.0
19798,6718,27,1,25.0,25.0
19799,6719,6,1,38.0,38.0
19800,6719,28,2,34.0,68.0
19801,6720,32,1,37.0,37.0
19802,6720,8,2,24.0,48.0
19803,6721,1,1,28.0,28.0
19804,6721,32,2,37.0,74.0
19805,6721,4,3,22.0,66.0
19806,6722,7,1,36.0,36.0
19807,6722,18,1,38.0,38.0
19808,6723,9,2,35.0,70.0
19809,6723,5,1,30.0,30.0
19810,6723,7,1,36.0,36.0
19811,6724,9,1,35.0,35.0
19812,6724,8,1,24.0,24.0
19813,6724,24,1,24.0,24.0
19814,6724,4,3,22.0,66.0
19815,6725,37,1,18.0,18.0
19816,6725,25,1,26.0,26.0
19817,6726,21,1,20.0,20.0
19818,6726,37,1,18.0,18.0
19819,6727,36,2,6.0,12.0
19820,6727,8,1,24.0,24.0
19821,6728,25,1,26.0,26.0
19822,6728,7,1,36.0,36.0
19823,6729,14,2,45.0,90.0
19824,6729,40,1,10.0,10.0
19825,6729,16,2,32.0,64.0
19826,6729,2,1,34.0,34.0
19827,6729,35,1,9.0,9.0
19828,6729,15,1,30.0,30.0
19829,6730,4,2,22.0,44.0
19830,6730,6,2,38.0,76.0
19831,6730,36,1,6.0,6.0
19832,6731,25,1,26.0,26.0
19833,6731,1,2,28.0,56.0
19834,6731,26,2,42.0,84.0
19835,6732,4,1,22.0,22.0
19836,6732,1,1,28.0,28.0
19837,6733,37,2,18.0,36.0
19838,6733,18,1,38.0,38.0
19839,6733,35,2,9.0,18.0
19840,6734,4,1,22.0,22.0
19841,6734,8,2,24.0,48.0
19842,6734,14,1,45.0,45.0
19843,6735,14,3,45.0,135.0
19844,6736,7,1,36.0,36.0
19845,6736,24,2,24.0,48.0
19846,6736,8,2,24.0,48.0
19847,6737,18,2,38.0,76.0
19848,6737,10,1,32.0,32.0
19849,6737,20,2,16.0,32.0
19850,6738,5,1,30.0,30.0
19851,6738,15,2,30.0,60.0
19852,6739,36,2,6.0,12.0
19853,6739,28,2,34.0,68.0
19854,6739,7,2,36.0,72.0
19855,6739,9,1,35.0,35.0
19856,6740,21,1,20.0,20.0
19857,6740,7,2,36.0,72.0
19858,6740,2,1,34.0,34.0
19859,6740,13,2,28.0,56.0
19860,6740,18,1,38.0,38.0
19861,6741,30,1,38.0,38.0
19862,6741,24,1,24.0,24.0
19863,6741,7,3,36.0,108.0
19864,6741,35,1,9.0,9.0
19865,6742,25,1,26.0,26.0
19866,6742,20,3,16.0,48.0
19867,6742,7,1,36.0,36.0
19868,6742,11,3,33.0,99.0
19869,6743,2,1,34.0,34.0
19870,6743,1,1,28.0,28.0
19871,6744,27,1,25.0,25.0
19872,6744,4,1,22.0,22.0
19873,6744,12,1,36.0,36.0
19874,6744,7,1,36.0,36.0
19875,6745,5,2,30.0,60.0
19876,6746,10,1,32.0,32.0
19877,6746,1,1,28.0,28.0
19878,6746,3,1,42.0,42.0
19879,6747,26,1,42.0,42.0
19880,6747,16,3,32.0,96.0
19881,6747,32,1,37.0,37.0
19882,6747,1,1,28.0,28.0
19883,6747,30,2,38.0,76.0
19884,6748,7,1,36.0,36.0
19885,6748,8,3,24.0,72.0
19886,6748,30,1,38.0,38.0
19887,6749,38,1,12.0,12.0
19888,6749,7,3,36.0,108.0
19889,6749,5,2,30.0,60.0
19890,6750,35,2,9.0,18.0
19891,6750,32,1,37.0,37.0
19892,6750,7,1,36.0,36.0
19893,6751,5,2,30.0,60.0
19894,6751,27,3,25.0,75.0
19895,6751,4,1,22.0,22.0
19896,6751,6,1,38.0,38.0
19897,6752,36,1,6.0,6.0
19898,6752,23,3,18.0,54.0
19899,6752,3,1,42.0,42.0
19900,6752,21,2,20.0,40.0
19901,6752,27,2,25.0,50.0
19902,6752,8,1,24.0,24.0
19903,6753,29,2,44.0,88.0
19904,6753,31,1,36.0,36.0
19905,6753,13,1,28.0,28.0
19906,6754,30,1,38.0,38.0
19907,6754,9,1,35.0,35.0
19908,6754,27,2,25.0,50.0
19909,6755,37,1,18.0,18.0
19910,6755,27,1,25.0,25.0
19911,6755,4,1,22.0,22.0
19912,6755,2,3,34.0,102.0
19913,6755,13,2,28.0,56.0
19914,6755,7,1,36.0,36.0
19915,6756,37,1,18.0,18.0
19916,6756,5,1,30.0,30.0
19917,6756,22,1,22.0,22.0
19918,6756,9,1,35.0,35.0
19919,6756,32,3,37.0,111.0
19920,6757,2,1,34.0,34.0
19921,6757,28,1,34.0,34.0
19922,6758,21,3,20.0,60.0
19923,6758,39,1,8.0,8.0
19924,6758,40,1,10.0,10.0
19925,6759,37,1,18.0,18.0
19926,6759,21,2,20.0,40.0
19927,6760,28,1,34.0,34.0
19928,6760,32,1,37.0,37.0
19929,6760,30,1,38.0,38.0
19930,6760,3,1,42.0,42.0
19931,6761,19,1,18.0,18.0
19932,6761,23,2,18.0,36.0
19933,6761,2,1,34.0,34.0
19934,6761,8,1,24.0,24.0
19935,6762,25,2,26.0,52.0
19936,6762,13,2,28.0,56.0
19937,6762,39,2,8.0,16.0
19938,6763,7,1,36.0,36.0
19939,6763,32,1,37.0,37.0
19940,6763,37,3,18.0,54.0
19941,6763,31,2,36.0,72.0
19942,6763,14,2,45.0,90.0
19943,6763,24,1,24.0,24.0
19944,6764,4,2,22.0,44.0
19945,6765,20,2,16.0,32.0
19946,6765,2,1,34.0,34.0
19947,6766,3,3,42.0,126.0
19948,6766,25,2,26.0,52.0
19949,6767,24,1,24.0,24.0
19950,6767,4,2,22.0,44.0
19951,6767,7,2,36.0,72.0
19952,6768,13,1,28.0,28.0
19953,6768,35,1,9.0,9.0
19954,6768,5,3,30.0,90.0
19955,6769,36,2,6.0,12.0
19956,6769,5,2,30.0,60.0
19957,6770,10,1,32.0,32.0
19958,6770,6,2,38.0,76.0
19959,6770,25,3,26.0,78.0
19960,6770,3,1,42.0,42.0
19961,6771,2,2,34.0,68.0
19962,6771,28,1,34.0,34.0
19963,6772,25,1,26.0,26.0
19964,6772,29,1,44.0,44.0
19965,6772,12,2,36.0,72.0
19966,6772,20,1,16.0,16.0
19967,6773,15,1,30.0,30.0
19968,6773,3,1,42.0,42.0
19969,6774,15,1,30.0,30.0
19970,6774,27,2,25.0,50.0
19971,6774,18,3,38.0,114.0
19972,6775,26,1,42.0,42.0
19973,6775,5,3,30.0,90.0
19974,6775,29,1,44.0,44.0
19975,6775,6,2,38.0,76.0
19976,6776,7,2,36.0,72.0
19977,6776,4,2,22.0,44.0
19978,6777,30,1,38.0,38.0
19979,6777,16,1,32.0,32.0
19980,6777,25,1,26.0,26.0
19981,6777,7,1,36.0,36.0
19982,6778,40,2,10.0,20.0
19983,6778,3,1,42.0,42.0
19984,6779,35,2,9.0,18.0
19985,6779,17,2,26.0,52.0
19986,6779,2,2,34.0,68.0
19987,6780,6,3,38.0,114.0
19988,6781,2,2,34.0,68.0
19989,6782,30,1,38.0,38.0
19990,6782,14,1,45.0,45.0
19991,6782,8,1,24.0,24.0
19992,6783,20,1,16.0,16.0
19993,6783,33,2,14.0,28.0
19994,6784,13,3,28.0,84.0
19995,6784,2,1,34.0,34.0
19996,6784,23,2,18.0,36.0
19997,6785,6,2,38.0,76.0
19998,6785,26,1,42.0,42.0
19999,6785,14,2,45.0,90.0
20000,6786,23,1,18.0,18.0
20001,6786,5,2,30.0,60.0
20002,6787,5,2,30.0,60.0
20003,6788,16,1,32.0,32.0
20004,6788,1,2,28.0,56.0
20005,6788,32,2,37.0,74.0
20006,6789,7,1,36.0,36.0
20007,6790,15,2,30.0,60.0
20008,6790,3,1,42.0,42.0
20009,6790,35,2,9.0,18.0
20010,6790,21,2,20.0,40.0
20011,6790,5,1,30.0,30.0
20012,6791,13,1,28.0,28.0
20013,6791,38,1,12.0,12.0
20014,6791,12,2,36.0,72.0
20015,6792,7,1,36.0,36.0
20016,6792,8,1,24.0,24.0
20017,6793,37,1,18.0,18.0
20018,6793,4,1,22.0,22.0
20019,6793,23,1,18.0,18.0
20020,6793,5,1,30.0,30.0
20021,6794,14,1,45.0,45.0
20022,6794,15,1,30.0,30.0
20023,6794,5,1,30.0,30.0
20024,6794,30,2,38.0,76.0
20025,6795,6,2,38.0,76.0
20026,6795,39,1,8.0,8.0
20027,6796,23,1,18.0,18.0
20028,6796,10,1,32.0,32.0
20029,6796,36,2,6.0,12.0
20030,6796,13,2,28.0,56.0
20031,6796,29,1,44.0,44.0
20032,6797,11,1,33.0,33.0
20033,6797,37,1,18.0,18.0
20034,6797,18,1,38.0,38.0
20035,6798,6,1,38.0,38.0
20036,6798,11,1,33.0,33.0
20037,6798,33,2,14.0,28.0
20038,6798,18,2,38.0,76.0
20039,6799,5,1,30.0,30.0
20040,6800,26,1,42.0,42.0
20041,6800,31,3,36.0,108.0
20042,6801,1,2,28.0,56.0
20043,6801,2,1,34.0,34.0
20044,6802,13,2,28.0,56.0
20045,6802,9,1,35.0,35.0
20046,6802,1,1,28.0,28.0
20047,6803,7,1,36.0,36.0
20048,6803,18,2,38.0,76.0
20049,6803,15,2,30.0,60.0
20050,6803,6,1,38.0,38.0
20051,6804,1,2,28.0,56.0
20052,6804,8,2,24.0,48.0
20053,6805,39,1,8.0,8.0
20054,6805,26,1,42.0,42.0
20055,6805,19,1,18.0,18.0
20056,6806,18,1,38.0,38.0
20057,6806,9,1,35.0,35.0
20058,6806,5,2,30.0,60.0
20059,6806,26,1,42.0,42.0
20060,6807,15,1,30.0,30.0
20061,6808,21,1,20.0,20.0
20062,6808,5,2,30.0,60.0
20063,6808,15,1,30.0,30.0
20064,6809,16,1,32.0,32.0
20065,6809,7,1,36.0,36.0
20066,6810,5,2,30.0,60.0
20067,6810,20,2,16.0,32.0
20068,6811,2,1,34.0,34.0
20069,6811,15,1,30.0,30.0
20070,6811,1,2,28.0,56.0
20071,6812,5,2,30.0,60.0
20072,6812,10,2,32.0,64.0
20073,6812,7,1,36.0,36.0
20074,6812,36,1,6.0,6.0
20075,6812,1,1,28.0,28.0
20076,6812,18,1,38.0,38.0
20077,6813,31,2,36.0,72.0
20078,6813,27,1,25.0,25.0
20079,6813,14,1,45.0,45.0
20080,6814,21,1,20.0,20.0
20081,6814,23,1,18.0,18.0
20082,6815,6,2,38.0,76.0
20083,6815,29,1,44.0,44.0
20084,6815,31,2,36.0,72.0
20085,6816,18,1,38.0,38.0
20086,6816,6,1,38.0,38.0
20087,6816,37,1,18.0,18.0
20088,6817,32,1,37.0,37.0
20089,6817,3,1,42.0,42.0
20090,6817,29,2,44.0,88.0
20091,6818,38,1,12.0,12.0
20092,6818,7,1,36.0,36.0
20093,6818,6,1,38.0,38.0
20094,6818,23,1,18.0,18.0
20095,6819,7,3,36.0,108.0
20096,6819,2,1,34.0,34.0
20097,6819,12,1,36.0,36.0
20098,6819,30,2,38.0,76.0
20099,6820,11,2,33.0,66.0
20100,6820,16,2,32.0,64.0
20101,6820,30,1,38.0,38.0
20102,6820,24,3,24.0,72.0
20103,6820,20,2,16.0,32.0
20104,6821,10,2,32.0,64.0
20105,6821,5,1,30.0,30.0
20106,6821,8,3,24.0,72.0
20107,6822,2,1,34.0,34.0
20108,6822,14,1,45.0,45.0
20109,6822,16,1,32.0,32.0
20110,6822,10,1,32.0,32.0
20111,6823,27,2,25.0,50.0
20112,6823,21,2,20.0,40.0
20113,6824,12,1,36.0,36.0
20114,6824,2,1,34.0,34.0
20115,6825,24,2,24.0,48.0
20116,6825,2,1,34.0,34.0
20117,6825,16,2,32.0,64.0
20118,6826,1,3,28.0,84.0
20119,6826,5,2,30.0,60.0
20120,6826,8,1,24.0,24.0
20121,6826,23,1,18.0,18.0
20122,6827,37,1,18.0,18.0
20123,6827,25,1,26.0,26.0
20124,6827,5,3,30.0,90.0
20125,6827,23,1,18.0,18.0
20126,6828,34,1,10.0,10.0
20127,6829,31,1,36.0,36.0
20128,6829,27,3,25.0,75.0
20129,6829,2,2,34.0,68.0
20130,6830,23,2,18.0,36.0
20131,6830,20,1,16.0,16.0
20132,6830,30,1,38.0,38.0
20133,6830,16,1,32.0,32.0
20134,6830,1,2,28.0,56.0
20135,6830,4,1,22.0,22.0
20136,6831,10,2,32.0,64.0
20137,6831,35,2,9.0,18.0
20138,6831,23,1,18.0,18.0
20139,6832,13,1,28.0,28.0
20140,6832,33,1,14.0,14.0
20141,6832,21,3,20.0,60.0
20142,6832,14,1,45.0,45.0
20143,6832,5,1,30.0,30.0
20144,6833,5,2,30.0,60.0
20145,6833,34,2,10.0,20.0
20146,6834,6,1,38.0,38.0
20147,6835,13,1,28.0,28.0
20148,6835,24,1,24.0,24.0
20149,6835,36,1,6.0,6.0
20150,6836,25,1,26.0,26.0
20151,6836,23,1,18.0,18.0
20152,6836,7,1,36.0,36.0
20153,6836,5,1,30.0,30.0
20154,6837,27,1,25.0,25.0
20155,6837,33,2,14.0,28.0
20156,6838,22,1,22.0,22.0
20157,6838,20,1,16.0,16.0
20158,6838,34,1,10.0,10.0
20159,6839,9,1,35.0,35.0
20160,6839,13,1,28.0,28.0
20161,6840,29,1,44.0,44.0
20162,6840,6,1,38.0,38.0
20163,6841,1,3,28.0,84.0
20164,6841,15,1,30.0,30.0
20165,6841,2,3,34.0,102.0
20166,6841,20,2,16.0,32.0
20167,6841,39,1,8.0,8.0
20168,6842,19,1,18.0,18.0
20169,6843,2,1,34.0,34.0
20170,6844,15,1,30.0,30.0
20171,6844,19,2,18.0,36.0
20172,6844,27,3,25.0,75.0
20173,6845,35,2,9.0,18.0
20174,6845,36,1,6.0,6.0
20175,6845,7,1,36.0,36.0
20176,6845,6,1,38.0,38.0
20177,6845,19,1,18.0,18.0
20178,6846,12,2,36.0,72.0
20179,6846,3,1,42.0,42.0
20180,6847,19,1,18.0,18.0
20181,6847,7,1,36.0,36.0
20182,6848,6,2,38.0,76.0
20183,6848,18,1,38.0,38.0
20184,6848,11,1,33.0,33.0
20185,6848,27,1,25.0,25.0
20186,6848,5,1,30.0,30.0
20187,6848,16,3,32.0,96.0
20188,6849,4,1,22.0,22.0
20189,6849,5,1,30.0,30.0
20190,6849,18,1,38.0,38.0
20191,6849,36,1,6.0,6.0
20192,6849,10,1,32.0,32.0
20193,6849,2,1,34.0,34.0
20194,6850,2,1,34.0,34.0
20195,6850,9,2,35.0,70.0
20196,6850,33,1,14.0,14.0
20197,6850,20,1,16.0,16.0
20198,6851,7,1,36.0,36.0
20199,6851,25,1,26.0,26.0
20200,6851,28,2,34.0,68.0
20201,6851,13,1,28.0,28.0
20202,6851,11,2,33.0,66.0
20203,6852,36,1,6.0,6.0
20204,6852,10,1,32.0,32.0
20205,6853,2,1,34.0,34.0
20206,6854,4,1,22.0,22.0
20207,6855,15,2,30.0,60.0
20208,6855,18,2,38.0,76.0
20209,6855,1,2,28.0,56.0
20210,6855,8,1,24.0,24.0
20211,6856,8,1,24.0,24.0
20212,6856,15,2,30.0,60.0
20213,6856,35,1,9.0,9.0
20214,6857,15,1,30.0,30.0
20215,6857,23,1,18.0,18.0
20216,6858,37,1,18.0,18.0
20217,6858,31,2,36.0,72.0
20218,6858,17,1,26.0,26.0
20219,6858,2,2,34.0,68.0
20220,6859,20,1,16.0,16.0
20221,6859,2,1,34.0,34.0
20222,6860,13,3,28.0,84.0
20223,6860,34,2,10.0,20.0
20224,6860,12,1,36.0,36.0
20225,6860,14,1,45.0,45.0
20226,6861,1,1,28.0,28.0
20227,6862,23,1,18.0,18.0
20228,6862,33,2,14.0,28.0
20229,6862,21,3,20.0,60.0
20230,6862,2,1,34.0,34.0
20231,6863,12,2,36.0,72.0
20232,6863,34,3,10.0,30.0
20233,6863,6,2,38.0,76.0
20234,6864,15,2,30.0,60.0
20235,6864,10,2,32.0,64.0
20236,6865,35,1,9.0,9.0
20237,6865,33,2,14.0,28.0
20238,6865,4,2,22.0,44.0
20239,6866,16,1,32.0,32.0
20240,6866,4,1,22.0,22.0
20241,6867,2,1,34.0,34.0
20242,6867,37,3,18.0,54.0
20243,6867,11,1,33.0,33.0
20244,6867,8,1,24.0,24.0
20245,6868,5,3,30.0,90.0
20246,6869,9,1,35.0,35.0
20247,6869,1,1,28.0,28.0
20248,6870,35,1,9.0,9.0
20249,6871,13,1,28.0,28.0
20250,6871,24,1,24.0,24.0
20251,6871,2,1,34.0,34.0
20252,6871,19,1,18.0,18.0
20253,6871,15,1,30.0,30.0
20254,6872,20,1,16.0,16.0
20255,6872,1,3,28.0,84.0
20256,6872,39,2,8.0,16.0
20257,6872,28,1,34.0,34.0
20258,6872,11,2,33.0,66.0
20259,6873,20,2,16.0,32.0
20260,6873,26,1,42.0,42.0
20261,6873,18,1,38.0,38.0
20262,6874,8,1,24.0,24.0
20263,6874,19,1,18.0,18.0
20264,6874,21,1,20.0,20.0
20265,6875,8,1,24.0,24.0
20266,6875,2,1,34.0,34.0
20267,6875,11,1,33.0,33.0
20268,6875,15,3,30.0,90.0
20269,6876,38,2,12.0,24.0
20270,6876,4,1,22.0,22.0
20271,6877,22,2,22.0,44.0
20272,6878,5,1,30.0,30.0
20273,6878,16,1,32.0,32.0
20274,6879,23,1,18.0,18.0
20275,6879,5,1,30.0,30.0
20276,6880,1,2,28.0,56.0
20277,6880,14,1,45.0,45.0
20278,6881,3,2,42.0,84.0
20279,6881,39,1,8.0,8.0
20280,6881,14,2,45.0,90.0
20281,6881,30,1,38.0,38.0
20282,6881,16,3,32.0,96.0
20283,6881,33,1,14.0,14.0
20284,6882,25,1,26.0,26.0
20285,6882,28,2,34.0,68.0
20286,6882,29,3,44.0,132.0
20287,6882,7,2,36.0,72.0
20288,6882,2,1,34.0,34.0
20289,6883,12,3,36.0,108.0
20290,6884,12,1,36.0,36.0
20291,6884,40,2,10.0,20.0
20292,6885,14,2,45.0,90.0
20293,6885,5,1,30.0,30.0
20294,6886,12,1,36.0,36.0
20295,6886,34,1,10.0,10.0
20296,6886,25,1,26.0,26.0
20297,6887,12,1,36.0,36.0
20298,6887,18,2,38.0,76.0
20299,6888,31,2,36.0,72.0
20300,6888,1,2,28.0,56.0
20301,6889,21,2,20.0,40.0
20302,6889,17,1,26.0,26.0
20303,6890,6,2,38.0,76.0
20304,6890,34,1,10.0,10.0
20305,6890,4,1,22.0,22.0
20306,6890,1,1,28.0,28.0
20307,6890,3,1,42.0,42.0
20308,6890,33,2,14.0,28.0
20309,6891,8,1,24.0,24.0
20310,6891,3,1,42.0,42.0
20311,6892,3,2,42.0,84.0
20312,6893,6,1,38.0,38.0
20313,6893,32,1,37.0,37.0
20314,6893,12,3,36.0,108.0
20315,6893,37,2,18.0,36.0
20316,6893,4,2,22.0,44.0
20317,6893,5,1,30.0,30.0
20318,6894,5,1,30.0,30.0
20319,6894,12,1,36.0,36.0
20320,6894,1,1,28.0,28.0
20321,6894,34,1,10.0,10.0
20322,6895,2,2,34.0,68.0
20323,6895,15,1,30.0,30.0
20324,6895,5,1,30.0,30.0
20325,6895,12,1,36.0,36.0
20326,6896,24,1,24.0,24.0
20327,6896,28,1,34.0,34.0
20328,6896,26,2,42.0,84.0
20329,6897,34,1,10.0,10.0
20330,6897,7,2,36.0,72.0
20331,6898,7,1,36.0,36.0
20332,6898,23,1,18.0,18.0
20333,6898,13,1,28.0,28.0
20334,6899,7,2,36.0,72.0
20335,6899,40,1,10.0,10.0
20336,6900,2,1,34.0,34.0
20337,6900,21,2,20.0,40.0
20338,6900,37,3,18.0,54.0
20339,6901,2,1,34.0,34.0
20340,6901,14,2,45.0,90.0
20341,6901,39,2,8.0,16.0
20342,6901,23,1,18.0,18.0
20343,6902,34,1,10.0,10.0
20344,6902,6,1,38.0,38.0
20345,6902,1,1,28.0,28.0
20346,6902,2,1,34.0,34.0
20347,6903,1,1,28.0,28.0
20348,6903,33,1,14.0,14.0
20349,6903,17,1,26.0,26.0
20350,6904,17,1,26.0,26.0
20351,6904,8,1,24.0,24.0
20352,6905,7,1,36.0,36.0
20353,6905,32,1,37.0,37.0
20354,6905,4,1,22.0,22.0
20355,6905,16,1,32.0,32.0
20356,6905,1,2,28.0,56.0
20357,6906,5,2,30.0,60.0
20358,6906,26,1,42.0,42.0
20359,6907,17,1,26.0,26.0
20360,6907,33,1,14.0,14.0
20361,6907,8,1,24.0,24.0
20362,6908,27,2,25.0,50.0
20363,6909,8,1,24.0,24.0
20364,6909,14,2,45.0,90.0
20365,6909,12,2,36.0,72.0
20366,6909,20,1,16.0,16.0
20367,6910,6,2,38.0,76.0
20368,6910,26,3,42.0,126.0
20369,6911,35,1,9.0,9.0
20370,6911,32,1,37.0,37.0
20371,6911,16,3,32.0,96.0
20372,6912,5,2,30.0,60.0
20373,6913,1,1,28.0,28.0
20374,6913,7,1,36.0,36.0
20375,6913,22,2,22.0,44.0
20376,6914,40,1,10.0,10.0
20377,6915,4,2,22.0,44.0
20378,6915,12,1,36.0,36.0
20379,6915,9,1,35.0,35.0
20380,6916,36,1,6.0,6.0
20381,6916,5,1,30.0,30.0
20382,6916,23,1,18.0,18.0
20383,6917,30,1,38.0,38.0
20384,6917,10,1,32.0,32.0
20385,6917,13,1,28.0,28.0
20386,6918,27,1,25.0,25.0
20387,6918,32,1,37.0,37.0
20388,6918,3,1,42.0,42.0
20389,6918,11,2,33.0,66.0
20390,6918,23,2,18.0,36.0
20391,6919,34,1,10.0,10.0
20392,6919,4,2,22.0,44.0
20393,6920,35,1,9.0,9.0
20394,6921,9,1,35.0,35.0
20395,6921,21,1,20.0,20.0
20396,6921,3,3,42.0,126.0
20397,6922,38,2,12.0,24.0
20398,6922,1,2,28.0,56.0
20399,6923,8,1,24.0,24.0
20400,6924,23,1,18.0,18.0
20401,6924,7,1,36.0,36.0
20402,6924,4,1,22.0,22.0
20403,6925,4,2,22.0,44.0
20404,6925,9,1,35.0,35.0
20405,6926,1,1,28.0,28.0
20406,6926,2,3,34.0,102.0
20407,6926,15,2,30.0,60.0
20408,6927,7,1,36.0,36.0
20409,6927,2,1,34.0,34.0
20410,6928,10,2,32.0,64.0
20411,6929,22,1,22.0,22.0
20412,6929,13,1,28.0,28.0
20413,6929,18,1,38.0,38.0
20414,6930,12,1,36.0,36.0
20415,6931,9,2,35.0,70.0
20416,6931,35,2,9.0,18.0
20417,6932,9,2,35.0,70.0
20418,6932,4,1,22.0,22.0
20419,6932,7,2,36.0,72.0
20420,6932,30,1,38.0,38.0
20421,6932,3,1,42.0,42.0
20422,6933,7,1,36.0,36.0
20423,6933,1,1,28.0,28.0
20424,6934,40,2,10.0,20.0
20425,6934,2,1,34.0,34.0
20426,6934,24,2,24.0,48.0
20427,6935,23,1,18.0,18.0
20428,6935,13,1,28.0,28.0
20429,6936,4,2,22.0,44.0
20430,6936,22,2,22.0,44.0
20431,6936,26,1,42.0,42.0
20432,6937,23,1,18.0,18.0
20433,6937,33,1,14.0,14.0
20434,6937,16,1,32.0,32.0
20435,6938,1,1,28.0,28.0
20436,6938,28,1,34.0,34.0
20437,6938,32,1,37.0,37.0
20438,6939,14,1,45.0,45.0
20439,6939,5,2,30.0,60.0
20440,6939,7,1,36.0,36.0
20441,6939,28,2,34.0,68.0
20442,6940,13,1,28.0,28.0
20443,6940,24,1,24.0,24.0
20444,6940,5,1,30.0,30.0
20445,6940,31,1,36.0,36.0
20446,6940,25,1,26.0,26.0
20447,6941,26,1,42.0,42.0
20448,6941,14,1,45.0,45.0
20449,6941,6,1,38.0,38.0
20450,6941,24,1,24.0,24.0
20451,6941,11,1,33.0,33.0
20452,6941,8,1,24.0,24.0
20453,6942,2,2,34.0,68.0
20454,6942,8,1,24.0,24.0
20455,6942,13,3,28.0,84.0
20456,6942,19,1,18.0,18.0
20457,6943,9,2,35.0,70.0
20458,6943,4,1,22.0,22.0
20459,6944,34,1,10.0,10.0
20460,6945,18,1,38.0,38.0
20461,6945,25,1,26.0,26.0
20462,6945,33,1,14.0,14.0
20463,6946,36,2,6.0,12.0
20464,6946,31,1,36.0,36.0
20465,6947,7,2,36.0,72.0
20466,6947,30,2,38.0,76.0
20467,6948,5,2,30.0,60.0
20468,6948,36,1,6.0,6.0
20469,6948,2,1,34.0,34.0
20470,6948,27,1,25.0,25.0
20471,6949,12,1,36.0,36.0
20472,6949,7,3,36.0,108.0
20473,6949,2,1,34.0,34.0
20474,6950,33,3,14.0,42.0
20475,6950,10,1,32.0,32.0
20476,6951,21,2,20.0,40.0
20477,6951,31,1,36.0,36.0
20478,6951,6,1,38.0,38.0
20479,6952,12,2,36.0,72.0
20480,6952,4,1,22.0,22.0
20481,6952,14,1,45.0,45.0
20482,6953,36,1,6.0,6.0
20483,6954,23,1,18.0,18.0
20484,6954,6,2,38.0,76.0
20485,6954,26,1,42.0,42.0
20486,6954,11,1,33.0,33.0
20487,6954,5,1,30.0,30.0
20488,6955,34,2,10.0,20.0
20489,6955,4,2,22.0,44.0
20490,6955,13,2,28.0,56.0
20491,6956,3,1,42.0,42.0
20492,6956,4,1,22.0,22.0
20493,6956,6,1,38.0,38.0
20494,6957,1,1,28.0,28.0
20495,6957,11,1,33.0,33.0
20496,6957,8,3,24.0,72.0
20497,6957,22,2,22.0,44.0
20498,6958,35,3,9.0,27.0
20499,6958,28,1,34.0,34.0
20500,6959,1,1,28.0,28.0
20501,6959,3,1,42.0,42.0
20502,6960,8,1,24.0,24.0
20503,6960,32,1,37.0,37.0
20504,6960,24,1,24.0,24.0
20505,6961,33,1,14.0,14.0
20506,6961,39,2,8.0,16.0
20507,6962,30,1,38.0,38.0
20508,6962,23,1,18.0,18.0
20509,6963,25,1,26.0,26.0
20510,6964,13,1,28.0,28.0
20511,6964,36,3,6.0,18.0
20512,6964,3,1,42.0,42.0
20513,6965,29,1,44.0,44.0
20514,6965,14,2,45.0,90.0
20515,6966,6,2,38.0,76.0
20516,6966,7,2,36.0,72.0
20517,6966,19,1,18.0,18.0
20518,6966,37,1,18.0,18.0
20519,6966,15,1,30.0,30.0
20520,6967,6,1,38.0,38.0
20521,6967,2,2,34.0,68.0
20522,6967,3,1,42.0,42.0
20523,6968,35,3,9.0,27.0
20524,6968,9,3,35.0,105.0
20525,6968,26,1,42.0,42.0
20526,6969,29,3,44.0,132.0
20527,6969,21,1,20.0,20.0
20528,6969,37,1,18.0,18.0
20529,6970,21,1,20.0,20.0
20530,6970,13,1,28.0,28.0
20531,6970,26,1,42.0,42.0
20532,6970,9,1,35.0,35.0
20533,6970,23,1,18.0,18.0
20534,6971,17,1,26.0,26.0
20535,6971,6,3,38.0,114.0
20536,6972,35,1,9.0,9.0
20537,6972,7,1,36.0,36.0
20538,6972,34,2,10.0,20.0
20539,6973,27,2,25.0,50.0
20540,6973,13,2,28.0,56.0
20541,6973,30,2,38.0,76.0
20542,6973,29,3,44.0,132.0
20543,6973,25,1,26.0,26.0
20544,6974,13,2,28.0,56.0
20545,6974,8,2,24.0,48.0
20546,6974,14,1,45.0,45.0
20547,6975,3,1,42.0,42.0
20548,6975,7,1,36.0,36.0
20549,6975,8,1,24.0,24.0
20550,6976,16,2,32.0,64.0
20551,6976,30,1,38.0,38.0
20552,6977,8,2,24.0,48.0
20553,6977,9,2,35.0,70.0
20554,6977,3,1,42.0,42.0
20555,6978,33,2,14.0,28.0
20556,6978,4,2,22.0,44.0
20557,6978,2,1,34.0,34.0
20558,6978,11,1,33.0,33.0
20559,6979,18,3,38.0,114.0
20560,6979,4,1,22.0,22.0
20561,6980,27,1,25.0,25.0
20562,6980,36,1,6.0,6.0
20563,6980,13,1,28.0,28.0
20564,6981,30,1,38.0,38.0
20565,6981,26,1,42.0,42.0
20566,6981,29,2,44.0,88.0
20567,6982,9,2,35.0,70.0
20568,6982,26,1,42.0,42.0
20569,6982,3,2,42.0,84.0
20570,6982,7,3,36.0,108.0
20571,6982,11,3,33.0,99.0
20572,6982,39,2,8.0,16.0
20573,6983,19,2,18.0,36.0
20574,6983,37,1,18.0,18.0
20575,6984,3,1,42.0,42.0
20576,6984,14,1,45.0,45.0
20577,6984,6,1,38.0,38.0
20578,6984,8,1,24.0,24.0
20579,6984,2,1,34.0,34.0
20580,6985,5,1,30.0,30.0
20581,6985,7,1,36.0,36.0
20582,6985,3,1,42.0,42.0
20583,6985,16,3,32.0,96.0
20584,6985,38,1,12.0,12.0
20585,6985,9,2,35.0,70.0
20586,6986,23,1,18.0,18.0
20587,6986,12,2,36.0,72.0
20588,6986,5,1,30.0,30.0
20589,6987,12,3,36.0,108.0
20590,6987,7,2,36.0,72.0
20591,6987,13,1,28.0,28.0
20592,6987,21,2,20.0,40.0
20593,6987,36,1,6.0,6.0
20594,6988,7,1,36.0,36.0
20595,6988,1,3,28.0,84.0
20596,6988,37,1,18.0,18.0
20597,6989,31,1,36.0,36.0
20598,6989,14,1,45.0,45.0
20599,6990,7,1,36.0,36.0
20600,6990,36,2,6.0,12.0
20601,6990,40,1,10.0,10.0
20602,6991,24,1,24.0,24.0
20603,6991,2,2,34.0,68.0
20604,6991,18,2,38.0,76.0
20605,6991,23,3,18.0,54.0
20606,6991,37,3,18.0,54.0
20607,6991,13,2,28.0,56.0
20608,6992,36,1,6.0,6.0
20609,6992,17,1,26.0,26.0
20610,6992,25,1,26.0,26.0
20611,6993,12,1,36.0,36.0
20612,6994,14,3,45.0,135.0
20613,6994,38,2,12.0,24.0
20614,6994,20,2,16.0,32.0
20615,6994,18,1,38.0,38.0
20616,6994,6,2,38.0,76.0
20617,6994,28,1,34.0,34.0
20618,6995,29,2,44.0,88.0
20619,6995,13,1,28.0,28.0
20620,6996,1,1,28.0,28.0
20621,6996,9,1,35.0,35.0
20622,6997,32,2,37.0,74.0
20623,6998,22,2,22.0,44.0
20624,6998,30,1,38.0,38.0
20625,6998,1,1,28.0,28.0
20626,6999,8,3,24.0,72.0
20627,6999,19,1,18.0,18.0
20628,6999,4,2,22.0,44.0
20629,6999,22,2,22.0,44.0
20630,6999,26,1,42.0,42.0
20631,6999,27,1,25.0,25.0
20632,7000,14,1,45.0,45.0
20633,7000,3,1,42.0,42.0
20634,7001,2,2,34.0,68.0
20635,7002,29,1,44.0,44.0
20636,7002,26,1,42.0,42.0
20637,7002,23,2,18.0,36.0
20638,7003,36,1,6.0,6.0
20639,7003,7,3,36.0,108.0
20640,7003,24,1,24.0,24.0
20641,7004,8,1,24.0,24.0
20642,7005,11,2,33.0,66.0
20643,7005,30,2,38.0,76.0
20644,7006,11,2,33.0,66.0
20645,7006,6,1,38.0,38.0
20646,7007,3,2,42.0,84.0
20647,7007,37,1,18.0,18.0
20648,7007,35,2,9.0,18.0
20649,7008,16,1,32.0,32.0
20650,7008,14,1,45.0,45.0
20651,7008,7,1,36.0,36.0
20652,7008,18,2,38.0,76.0
20653,7008,15,1,30.0,30.0
20654,7008,32,2,37.0,74.0
20655,7009,2,3,34.0,102.0
20656,7009,7,1,36.0,36.0
20657,7009,3,1,42.0,42.0
20658,7009,1,1,28.0,28.0
20659,7010,20,1,16.0,16.0
20660,7011,35,1,9.0,9.0
20661,7012,6,1,38.0,38.0
20662,7012,5,1,30.0,30.0
20663,7013,20,2,16.0,32.0
20664,7014,35,2,9.0,18.0
20665,7015,12,2,36.0,72.0
20666,7015,34,3,10.0,30.0
20667,7016,7,1,36.0,36.0
20668,7016,35,3,9.0,27.0
20669,7016,36,1,6.0,6.0
20670,7017,37,3,18.0,54.0
20671,7018,30,1,38.0,38.0
20672,7018,22,2,22.0,44.0
20673,7019,8,3,24.0,72.0
20674,7019,14,1,45.0,45.0
20675,7019,22,1,22.0,22.0
20676,7019,6,1,38.0,38.0
20677,7019,23,2,18.0,36.0
20678,7020,6,1,38.0,38.0
20679,7020,5,1,30.0,30.0
20680,7020,17,1,26.0,26.0
20681,7021,16,1,32.0,32.0
20682,7022,16,1,32.0,32.0
20683,7022,18,2,38.0,76.0
20684,7023,20,3,16.0,48.0
20685,7023,23,2,18.0,36.0
20686,7023,36,1,6.0,6.0
20687,7023,24,2,24.0,48.0
20688,7024,9,1,35.0,35.0
20689,7025,34,1,10.0,10.0
20690,7025,15,1,30.0,30.0
20691,7025,7,1,36.0,36.0
20692,7025,25,3,26.0,78.0
20693,7026,1,3,28.0,84.0
20694,7026,6,1,38.0,38.0
20695,7026,32,3,37.0,111.0
20696,7026,11,3,33.0,99.0
20697,7026,2,2,34.0,68.0
20698,7026,7,1,36.0,36.0
20699,7027,5,1,30.0,30.0
20700,7028,13,2,28.0,56.0
20701,7028,4,2,22.0,44.0
20702,7028,8,1,24.0,24.0
20703,7028,3,1,42.0,42.0
20704,7028,21,2,20.0,40.0
20705,7029,33,1,14.0,14.0
20706,7029,23,1,18.0,18.0
20707,7030,20,1,16.0,16.0
20708,7030,10,1,32.0,32.0
20709,7031,28,2,34.0,68.0
20710,7031,8,1,24.0,24.0
20711,7031,7,1,36.0,36.0
20712,7032,3,2,42.0,84.0
20713,7033,4,3,22.0,66.0
20714,7033,6,2,38.0,76.0
20715,7034,14,2,45.0,90.0
20716,7034,5,2,30.0,60.0
20717,7035,26,2,42.0,84.0
20718,7035,9,2,35.0,70.0
20719,7035,12,1,36.0,36.0
20720,7036,7,1,36.0,36.0
20721,7036,27,2,25.0,50.0
20722,7037,1,2,28.0,56.0
20723,7037,15,1,30.0,30.0
20724,7038,36,1,6.0,6.0
20725,7038,34,2,10.0,20.0
20726,7038,7,2,36.0,72.0
20727,7038,16,2,32.0,64.0
20728,7039,14,1,45.0,45.0
20729,7039,13,1,28.0,28.0
20730,7040,37,1,18.0,18.0
20731,7040,24,2,24.0,48.0
20732,7041,34,1,10.0,10.0
20733,7041,6,1,38.0,38.0
20734,7041,14,3,45.0,135.0
20735,7041,36,1,6.0,6.0
20736,7042,29,2,44.0,88.0
20737,7042,2,2,34.0,68.0
20738,7042,18,1,38.0,38.0
20739,7042,14,1,45.0,45.0
20740,7043,32,2,37.0,74.0
20741,7043,3,1,42.0,42.0
20742,7043,27,2,25.0,50.0
20743,7044,36,2,6.0,12.0
20744,7044,4,2,22.0,44.0
20745,7044,39,1,8.0,8.0
20746,7044,12,1,36.0,36.0
20747,7045,7,1,36.0,36.0
20748,7045,13,2,28.0,56.0
20749,7045,1,1,28.0,28.0
20750,7045,5,2,30.0,60.0
20751,7045,36,2,6.0,12.0
20752,7046,28,1,34.0,34.0
20753,7046,5,2,30.0,60.0
20754,7046,13,1,28.0,28.0
20755,7046,27,2,25.0,50.0
20756,7047,32,1,37.0,37.0
20757,7047,3,1,42.0,42.0
20758,7048,35,1,9.0,9.0
20759,7049,2,1,34.0,34.0
20760,7049,37,1,18.0,18.0
20761,7049,29,1,44.0,44.0
20762,7050,8,1,24.0,24.0
20763,7050,3,1,42.0,42.0
20764,7050,32,2,37.0,74.0
20765,7050,17,2,26.0,52.0
20766,7050,21,1,20.0,20.0
20767,7051,2,2,34.0,68.0
20768,7051,8,1,24.0,24.0
20769,7051,4,1,22.0,22.0
20770,7051,23,1,18.0,18.0
20771,7051,13,1,28.0,28.0
20772,7051,7,1,36.0,36.0
20773,7052,36,1,6.0,6.0
20774,7052,5,1,30.0,30.0
20775,7052,26,1,42.0,42.0
20776,7053,2,2,34.0,68.0
20777,7053,24,2,24.0,48.0
20778,7054,30,1,38.0,38.0
20779,7054,23,2,18.0,36.0
20780,7055,8,1,24.0,24.0
20781,7055,16,1,32.0,32.0
20782,7055,32,2,37.0,74.0
20783,7056,2,1,34.0,34.0
20784,7056,7,1,36.0,36.0
20785,7056,3,1,42.0,42.0
20786,7056,11,1,33.0,33.0
20787,7056,28,1,34.0,34.0
20788,7056,36,1,6.0,6.0
20789,7057,40,1,10.0,10.0
20790,7057,1,1,28.0,28.0
20791,7057,31,3,36.0,108.0
20792,7058,27,1,25.0,25.0
20793,7058,24,1,24.0,24.0
20794,7058,14,1,45.0,45.0
20795,7059,8,1,24.0,24.0
20796,7060,9,1,35.0,35.0
20797,7060,4,2,22.0,44.0
20798,7060,33,1,14.0,14.0
20799,7061,10,2,32.0,64.0
20800,7061,6,1,38.0,38.0
20801,7062,11,2,33.0,66.0
20802,7062,16,2,32.0,64.0
20803,7062,1,1,28.0,28.0
20804,7063,8,1,24.0,24.0
20805,7064,7,2,36.0,72.0
20806,7065,24,1,24.0,24.0
20807,7065,20,2,16.0,32.0
20808,7065,1,1,28.0,28.0
20809,7065,26,1,42.0,42.0
20810,7066,1,1,28.0,28.0
20811,7066,20,2,16.0,32.0
20812,7067,10,3,32.0,96.0
20813,7067,19,1,18.0,18.0
20814,7068,8,2,24.0,48.0
20815,7068,4,1,22.0,22.0
20816,7068,6,2,38.0,76.0
20817,7069,12,1,36.0,36.0
20818,7069,17,1,26.0,26.0
20819,7069,30,1,38.0,38.0
20820,7069,23,1,18.0,18.0
20821,7069,33,1,14.0,14.0
20822,7070,13,1,28.0,28.0
20823,7070,5,1,30.0,30.0
20824,7070,37,1,18.0,18.0
20825,7071,11,2,33.0,66.0
20826,7071,5,1,30.0,30.0
20827,7072,40,1,10.0,10.0
20828,7072,3,2,42.0,84.0
20829,7072,36,1,6.0,6.0
20830,7073,39,2,8.0,16.0
20831,7073,11,1,33.0,33.0
20832,7074,4,1,22.0,22.0
20833,7074,27,1,25.0,25.0
20834,7074,12,1,36.0,36.0
20835,7074,37,1,18.0,18.0
20836,7074,20,3,16.0,48.0
20837,7075,9,1,35.0,35.0
20838,7075,22,1,22.0,22.0
20839,7075,25,1,26.0,26.0
20840,7075,26,3,42.0,126.0
20841,7076,10,1,32.0,32.0
20842,7076,34,1,10.0,10.0
20843,7076,16,1,32.0,32.0
20844,7076,4,2,22.0,44.0
20845,7077,13,3,28.0,84.0
20846,7077,29,2,44.0,88.0
20847,7077,17,1,26.0,26.0
20848,7078,5,2,30.0,60.0
20849,7078,13,2,28.0,56.0
20850,7079,33,3,14.0,42.0
20851,7079,8,2,24.0,48.0
20852,7080,3,1,42.0,42.0
20853,7080,8,1,24.0,24.0
20854,7080,7,3,36.0,108.0
20855,7081,20,1,16.0,16.0
20856,7081,26,1,42.0,42.0
20857,7081,24,3,24.0,72.0
20858,7082,6,3,38.0,114.0
20859,7082,10,1,32.0,32.0
20860,7082,2,3,34.0,102.0
20861,7083,7,1,36.0,36.0
20862,7083,14,1,45.0,45.0
20863,7083,25,1,26.0,26.0
20864,7083,12,1,36.0,36.0
20865,7084,3,1,42.0,42.0
20866,7084,21,1,20.0,20.0
20867,7084,15,1,30.0,30.0
20868,7084,16,1,32.0,32.0
20869,7084,8,2,24.0,48.0
20870,7085,21,1,20.0,20.0
20871,7085,3,2,42.0,84.0
20872,7085,2,1,34.0,34.0
20873,7085,20,3,16.0,48.0
20874,7085,8,1,24.0,24.0
20875,7086,2,1,34.0,34.0
20876,7087,13,1,28.0,28.0
20877,7087,32,1,37.0,37.0
20878,7087,19,2,18.0,36.0
20879,7087,37,1,18.0,18.0
20880,7088,16,1,32.0,32.0
20881,7088,36,1,6.0,6.0
20882,7089,5,1,30.0,30.0
20883,7089,6,1,38.0,38.0
20884,7089,4,1,22.0,22.0
20885,7089,18,3,38.0,114.0
20886,7089,35,3,9.0,27.0
20887,7090,34,1,10.0,10.0
20888,7091,40,2,10.0,20.0
20889,7091,30,3,38.0,114.0
20890,7092,1,3,28.0,84.0
20891,7093,3,1,42.0,42.0
20892,7093,26,1,42.0,42.0
20893,7093,18,1,38.0,38.0
20894,7093,37,1,18.0,18.0
20895,7093,15,2,30.0,60.0
20896,7094,22,1,22.0,22.0
20897,7094,21,2,20.0,40.0
20898,7095,25,1,26.0,26.0
20899,7095,37,1,18.0,18.0
20900,7096,6,2,38.0,76.0
20901,7096,32,1,37.0,37.0
20902,7096,12,1,36.0,36.0
20903,7096,8,3,24.0,72.0
20904,7097,26,1,42.0,42.0
20905,7097,17,1,26.0,26.0
20906,7097,2,2,34.0,68.0
20907,7098,4,1,22.0,22.0
20908,7098,15,1,30.0,30.0
20909,7099,2,3,34.0,102.0
20910,7099,16,2,32.0,64.0
20911,7100,17,1,26.0,26.0
20912,7100,6,2,38.0,76.0
20913,7101,21,1,20.0,20.0
20914,7101,22,1,22.0,22.0
20915,7101,14,1,45.0,45.0
20916,7102,4,2,22.0,44.0
20917,7102,7,2,36.0,72.0
20918,7102,31,2,36.0,72.0
20919,7102,36,1,6.0,6.0
20920,7102,15,1,30.0,30.0
20921,7103,5,1,30.0,30.0
20922,7103,18,2,38.0,76.0
20923,7103,25,1,26.0,26.0
20924,7103,23,1,18.0,18.0
20925,7103,14,2,45.0,90.0
20926,7104,2,2,34.0,68.0
20927,7104,3,1,42.0,42.0
20928,7104,39,2,8.0,16.0
20929,7104,9,3,35.0,105.0
20930,7104,7,1,36.0,36.0
20931,7104,21,1,20.0,20.0
20932,7105,2,1,34.0,34.0
20933,7105,21,1,20.0,20.0
20934,7105,10,1,32.0,32.0
20935,7106,6,1,38.0,38.0
20936,7106,37,2,18.0,36.0
20937,7106,3,1,42.0,42.0
20938,7106,18,2,38.0,76.0
20939,7106,9,3,35.0,105.0
20940,7106,39,1,8.0,8.0
20941,7107,16,1,32.0,32.0
20942,7107,7,1,36.0,36.0
20943,7108,8,1,24.0,24.0
20944,7108,3,3,42.0,126.0
20945,7108,6,1,38.0,38.0
20946,7109,39,1,8.0,8.0
20947,7109,7,1,36.0,36.0
20948,7110,36,1,6.0,6.0
20949,7110,16,1,32.0,32.0
20950,7110,12,1,36.0,36.0
20951,7110,40,1,10.0,10.0
20952,7111,18,2,38.0,76.0
20953,7111,8,1,24.0,24.0
20954,7111,12,3,36.0,108.0
20955,7111,2,1,34.0,34.0
20956,7111,4,2,22.0,44.0
20957,7112,29,2,44.0,88.0
20958,7112,1,3,28.0,84.0
20959,7112,33,1,14.0,14.0
20960,7112,18,1,38.0,38.0
20961,7113,24,1,24.0,24.0
20962,7113,30,1,38.0,38.0
20963,7114,29,1,44.0,44.0
20964,7114,6,2,38.0,76.0
20965,7115,4,1,22.0,22.0
20966,7115,22,1,22.0,22.0
20967,7115,18,1,38.0,38.0
20968,7116,24,1,24.0,24.0
20969,7116,12,1,36.0,36.0
20970,7117,27,1,25.0,25.0
20971,7117,17,1,26.0,26.0
20972,7118,8,1,24.0,24.0
20973,7118,30,1,38.0,38.0
20974,7119,19,1,18.0,18.0
20975,7119,2,1,34.0,34.0
20976,7119,21,3,20.0,60.0
20977,7120,31,1,36.0,36.0
20978,7120,12,1,36.0,36.0
20979,7121,1,1,28.0,28.0
20980,7121,13,1,28.0,28.0
20981,7122,7,3,36.0,108.0
20982,7122,33,3,14.0,42.0
20983,7122,4,1,22.0,22.0
20984,7123,24,2,24.0,48.0
20985,7123,19,2,18.0,36.0
20986,7123,30,1,38.0,38.0
20987,7124,9,1,35.0,35.0
20988,7124,8,2,24.0,48.0
20989,7124,1,1,28.0,28.0
20990,7125,28,1,34.0,34.0
20991,7125,35,2,9.0,18.0
20992,7126,34,1,10.0,10.0
20993,7126,8,1,24.0,24.0
20994,7126,25,2,26.0,52.0
20995,7126,12,3,36.0,108.0
20996,7126,1,1,28.0,28.0
20997,7126,10,1,32.0,32.0
20998,7127,16,3,32.0,96.0
20999,7127,1,1,28.0,28.0
21000,7127,4,1,22.0,22.0
21001,7127,35,2,9.0,18.0
21002,7128,2,1,34.0,34.0
21003,7128,7,1,36.0,36.0
21004,7129,7,1,36.0,36.0
21005,7129,8,1,24.0,24.0
21006,7129,6,2,38.0,76.0
21007,7130,28,1,34.0,34.0
21008,7130,30,1,38.0,38.0
21009,7131,16,1,32.0,32.0
21010,7131,6,1,38.0,38.0
21011,7131,5,1,30.0,30.0
21012,7131,15,1,30.0,30.0
21013,7131,4,2,22.0,44.0
21014,7132,7,1,36.0,36.0
21015,7133,26,2,42.0,84.0
21016,7133,25,1,26.0,26.0
21017,7133,13,2,28.0,56.0
21018,7133,7,2,36.0,72.0
21019,7133,8,1,24.0,24.0
21020,7133,10,1,32.0,32.0
21021,7134,26,2,42.0,84.0
21022,7134,40,1,10.0,10.0
21023,7134,10,1,32.0,32.0
21024,7134,7,2,36.0,72.0
21025,7134,35,1,9.0,9.0
21026,7135,34,1,10.0,10.0
21027,7135,37,1,18.0,18.0
21028,7136,2,1,34.0,34.0
21029,7136,17,1,26.0,26.0
21030,7137,36,1,6.0,6.0
21031,7137,28,1,34.0,34.0
21032,7137,5,2,30.0,60.0
21033,7137,6,1,38.0,38.0
21034,7138,10,1,32.0,32.0
21035,7138,23,1,18.0,18.0
21036,7138,2,1,34.0,34.0
21037,7139,7,1,36.0,36.0
21038,7140,6,1,38.0,38.0
21039,7140,28,1,34.0,34.0
21040,7140,21,2,20.0,40.0
21041,7141,1,2,28.0,56.0
21042,7141,19,1,18.0,18.0
21043,7142,1,1,28.0,28.0
21044,7142,9,2,35.0,70.0
21045,7143,7,2,36.0,72.0
21046,7143,12,3,36.0,108.0
21047,7143,29,3,44.0,132.0
21048,7143,16,1,32.0,32.0
21049,7143,20,1,16.0,16.0
21050,7143,8,3,24.0,72.0
21051,7144,7,1,36.0,36.0
21052,7144,8,1,24.0,24.0
21053,7144,27,1,25.0,25.0
21054,7145,26,1,42.0,42.0
21055,7145,7,1,36.0,36.0
21056,7145,1,2,28.0,56.0
21057,7145,21,1,20.0,20.0
21058,7145,3,3,42.0,126.0
21059,7145,8,1,24.0,24.0
21060,7146,29,3,44.0,132.0
21061,7147,4,1,22.0,22.0
21062,7147,30,1,38.0,38.0
21063,7147,7,2,36.0,72.0
21064,7148,8,1,24.0,24.0
21065,7148,11,2,33.0,66.0
21066,7149,24,1,24.0,24.0
21067,7149,15,2,30.0,60.0
21068,7150,25,1,26.0,26.0
21069,7150,23,2,18.0,36.0
21070,7150,20,2,16.0,32.0
21071,7150,37,1,18.0,18.0
21072,7150,13,1,28.0,28.0
21073,7150,8,3,24.0,72.0
21074,7151,4,2,22.0,44.0
21075,7151,19,1,18.0,18.0
21076,7151,32,1,37.0,37.0
21077,7151,26,1,42.0,42.0
21078,7152,30,1,38.0,38.0
21079,7152,19,2,18.0,36.0
21080,7152,20,2,16.0,32.0
21081,7153,32,1,37.0,37.0
21082,7153,3,1,42.0,42.0
21083,7153,11,1,33.0,33.0
21084,7153,19,2,18.0,36.0
21085,7153,36,3,6.0,18.0
21086,7154,32,2,37.0,74.0
21087,7154,33,1,14.0,14.0
21088,7154,39,2,8.0,16.0
21089,7155,24,3,24.0,72.0
21090,7155,23,1,18.0,18.0
21091,7155,10,1,32.0,32.0
21092,7155,26,1,42.0,42.0
21093,7156,11,1,33.0,33.0
21094,7156,1,1,28.0,28.0
21095,7156,2,2,34.0,68.0
21096,7157,12,2,36.0,72.0
21097,7158,10,2,32.0,64.0
21098,7158,13,1,28.0,28.0
21099,7158,37,1,18.0,18.0
21100,7159,11,1,33.0,33.0
21101,7159,12,1,36.0,36.0
21102,7159,6,3,38.0,114.0
21103,7160,27,1,25.0,25.0
21104,7160,23,1,18.0,18.0
21105,7160,20,1,16.0,16.0
21106,7161,14,3,45.0,135.0
21107,7161,21,1,20.0,20.0
21108,7161,9,1,35.0,35.0
21109,7161,7,1,36.0,36.0
21110,7161,23,1,18.0,18.0
21111,7162,5,2,30.0,60.0
21112,7162,30,1,38.0,38.0
21113,7162,7,3,36.0,108.0
21114,7163,2,3,34.0,102.0
21115,7164,7,3,36.0,108.0
21116,7164,33,1,14.0,14.0
21117,7165,5,2,30.0,60.0
21118,7166,3,1,42.0,42.0
21119,7166,10,3,32.0,96.0
21120,7167,37,1,18.0,18.0
21121,7168,27,1,25.0,25.0
21122,7168,25,1,26.0,26.0
21123,7168,16,1,32.0,32.0
21124,7169,16,1,32.0,32.0
21125,7169,15,2,30.0,60.0
21126,7169,23,3,18.0,54.0
21127,7169,5,2,30.0,60.0
21128,7170,1,1,28.0,28.0
21129,7170,31,1,36.0,36.0
21130,7170,4,1,22.0,22.0
21131,7171,14,1,45.0,45.0
21132,7171,37,2,18.0,36.0
21133,7171,8,2,24.0,48.0
21134,7172,11,1,33.0,33.0
21135,7172,33,2,14.0,28.0
21136,7172,13,1,28.0,28.0
21137,7172,27,1,25.0,25.0
21138,7173,1,2,28.0,56.0
21139,7173,18,2,38.0,76.0
21140,7173,10,1,32.0,32.0
21141,7174,6,1,38.0,38.0
21142,7174,5,2,30.0,60.0
21143,7175,19,1,18.0,18.0
21144,7175,23,1,18.0,18.0
21145,7175,32,1,37.0,37.0
21146,7175,38,1,12.0,12.0
21147,7176,2,1,34.0,34.0
21148,7176,18,1,38.0,38.0
21149,7176,22,1,22.0,22.0
21150,7177,33,2,14.0,28.0
21151,7177,7,2,36.0,72.0
21152,7177,20,1,16.0,16.0
21153,7177,17,2,26.0,52.0
21154,7178,25,1,26.0,26.0
21155,7178,12,2,36.0,72.0
21156,7178,5,2,30.0,60.0
21157,7179,37,2,18.0,36.0
21158,7179,16,1,32.0,32.0
21159,7179,33,1,14.0,14.0
21160,7179,8,3,24.0,72.0
21161,7179,21,1,20.0,20.0
21162,7179,3,1,42.0,42.0
21163,7180,2,3,34.0,102.0
21164,7180,20,1,16.0,16.0
21165,7180,19,1,18.0,18.0
21166,7180,32,2,37.0,74.0
21167,7180,1,1,28.0,28.0
21168,7181,8,3,24.0,72.0
21169,7182,5,1,30.0,30.0
21170,7182,28,3,34.0,102.0
21171,7182,16,3,32.0,96.0
21172,7183,21,1,20.0,20.0
21173,7183,37,2,18.0,36.0
21174,7183,2,1,34.0,34.0
21175,7183,30,2,38.0,76.0
21176,7184,8,1,24.0,24.0
21177,7184,23,1,18.0,18.0
21178,7184,16,2,32.0,64.0
21179,7185,15,1,30.0,30.0
21180,7185,5,1,30.0,30.0
21181,7185,16,2,32.0,64.0
21182,7186,14,2,45.0,90.0
21183,7186,2,1,34.0,34.0
21184,7186,17,2,26.0,52.0
21185,7186,40,1,10.0,10.0
21186,7187,4,1,22.0,22.0
21187,7187,10,2,32.0,64.0
21188,7187,18,2,38.0,76.0
21189,7187,33,2,14.0,28.0
21190,7187,35,1,9.0,9.0
21191,7187,25,1,26.0,26.0
21192,7188,12,2,36.0,72.0
21193,7188,9,1,35.0,35.0
21194,7189,6,2,38.0,76.0
21195,7189,27,2,25.0,50.0
21196,7190,6,1,38.0,38.0
21197,7190,5,3,30.0,90.0
21198,7190,19,1,18.0,18.0
21199,7190,8,2,24.0,48.0
21200,7191,25,2,26.0,52.0
21201,7191,15,1,30.0,30.0
21202,7192,40,2,10.0,20.0
21203,7192,27,1,25.0,25.0
21204,7192,21,1,20.0,20.0
21205,7193,6,1,38.0,38.0
21206,7193,35,1,9.0,9.0
21207,7193,4,1,22.0,22.0
21208,7194,33,2,14.0,28.0
21209,7194,4,1,22.0,22.0
21210,7194,22,1,22.0,22.0
21211,7195,16,1,32.0,32.0
21212,7195,8,1,24.0,24.0
21213,7195,24,1,24.0,24.0
21214,7196,3,2,42.0,84.0
21215,7196,1,3,28.0,84.0
21216,7197,27,1,25.0,25.0
21217,7197,6,1,38.0,38.0
21218,7197,16,1,32.0,32.0
21219,7198,39,2,8.0,16.0
21220,7198,27,1,25.0,25.0
21221,7198,2,1,34.0,34.0
21222,7198,14,2,45.0,90.0
21223,7198,11,1,33.0,33.0
21224,7198,28,3,34.0,102.0
21225,7199,5,1,30.0,30.0
21226,7199,18,2,38.0,76.0
21227,7199,12,1,36.0,36.0
21228,7200,4,1,22.0,22.0
21229,7200,27,2,25.0,50.0
21230,7201,7,2,36.0,72.0
21231,7201,36,1,6.0,6.0
21232,7202,25,3,26.0,78.0
21233,7202,7,2,36.0,72.0
21234,7203,22,1,22.0,22.0
21235,7203,32,2,37.0,74.0
21236,7204,1,1,28.0,28.0
21237,7204,11,3,33.0,99.0
21238,7204,7,1,36.0,36.0
21239,7204,37,2,18.0,36.0
21240,7204,4,1,22.0,22.0
21241,7204,17,1,26.0,26.0
21242,7205,17,1,26.0,26.0
21243,7205,7,1,36.0,36.0
21244,7206,6,1,38.0,38.0
21245,7206,23,2,18.0,36.0
21246,7206,8,1,24.0,24.0
21247,7206,14,1,45.0,45.0
21248,7207,40,3,10.0,30.0
21249,7207,34,1,10.0,10.0
21250,7208,16,2,32.0,64.0
21251,7208,10,1,32.0,32.0
21252,7209,13,2,28.0,56.0
21253,7209,8,1,24.0,24.0
21254,7209,19,1,18.0,18.0
21255,7209,28,1,34.0,34.0
21256,7209,20,2,16.0,32.0
21257,7210,29,1,44.0,44.0
21258,7210,17,1,26.0,26.0
21259,7210,25,2,26.0,52.0
21260,7210,8,1,24.0,24.0
21261,7210,11,1,33.0,33.0
21262,7211,22,2,22.0,44.0
21263,7211,35,2,9.0,18.0
21264,7211,18,1,38.0,38.0
21265,7212,10,3,32.0,96.0
21266,7212,30,1,38.0,38.0
21267,7212,23,2,18.0,36.0
21268,7213,6,1,38.0,38.0
21269,7213,36,1,6.0,6.0
21270,7213,21,2,20.0,40.0
21271,7213,7,1,36.0,36.0
21272,7214,16,2,32.0,64.0
21273,7215,7,1,36.0,36.0
21274,7215,40,1,10.0,10.0
21275,7215,37,2,18.0,36.0
21276,7215,23,3,18.0,54.0
21277,7215,2,1,34.0,34.0
21278,7216,28,2,34.0,68.0
21279,7216,7,1,36.0,36.0
21280,7217,5,2,30.0,60.0
21281,7217,24,1,24.0,24.0
21282,7217,14,1,45.0,45.0
21283,7218,18,1,38.0,38.0
21284,7218,1,1,28.0,28.0
21285,7219,2,2,34.0,68.0
21286,7219,34,1,10.0,10.0
21287,7220,2,1,34.0,34.0
21288,7220,28,1,34.0,34.0
21289,7220,5,1,30.0,30.0
21290,7221,33,2,14.0,28.0
21291,7221,5,1,30.0,30.0
21292,7221,37,2,18.0,36.0
21293,7221,9,2,35.0,70.0
21294,7222,5,1,30.0,30.0
21295,7223,6,1,38.0,38.0
21296,7223,35,2,9.0,18.0
21297,7223,3,1,42.0,42.0
21298,7223,16,1,32.0,32.0
21299,7224,5,1,30.0,30.0
21300,7224,8,3,24.0,72.0
21301,7224,21,2,20.0,40.0
21302,7225,1,1,28.0,28.0
21303,7225,13,2,28.0,56.0
21304,7225,4,2,22.0,44.0
21305,7225,15,1,30.0,30.0
21306,7225,14,1,45.0,45.0
21307,7226,35,1,9.0,9.0
21308,7226,6,2,38.0,76.0
21309,7226,17,1,26.0,26.0
21310,7226,8,1,24.0,24.0
21311,7226,9,1,35.0,35.0
21312,7227,36,3,6.0,18.0
21313,7227,7,1,36.0,36.0
21314,7227,26,1,42.0,42.0
21315,7227,23,1,18.0,18.0
21316,7228,33,2,14.0,28.0
21317,7228,22,1,22.0,22.0
21318,7228,6,1,38.0,38.0
21319,7228,35,3,9.0,27.0
21320,7229,11,1,33.0,33.0
21321,7229,7,1,36.0,36.0
21322,7229,20,3,16.0,48.0
21323,7229,6,2,38.0,76.0
21324,7230,15,2,30.0,60.0
21325,7230,30,3,38.0,114.0
21326,7231,31,1,36.0,36.0
21327,7232,8,1,24.0,24.0
21328,7232,7,3,36.0,108.0
21329,7232,36,1,6.0,6.0
21330,7232,5,1,30.0,30.0
21331,7233,13,1,28.0,28.0
21332,7233,37,1,18.0,18.0
21333,7233,32,1,37.0,37.0
21334,7233,28,1,34.0,34.0
21335,7233,33,2,14.0,28.0
21336,7233,5,1,30.0,30.0
21337,7234,12,2,36.0,72.0
21338,7234,8,2,24.0,48.0
21339,7234,16,1,32.0,32.0
21340,7234,9,3,35.0,105.0
21341,7235,15,2,30.0,60.0
21342,7235,22,2,22.0,44.0
21343,7236,15,2,30.0,60.0
21344,7236,2,2,34.0,68.0
21345,7236,12,1,36.0,36.0
21346,7237,7,1,36.0,36.0
21347,7237,25,1,26.0,26.0
21348,7237,5,1,30.0,30.0
21349,7237,4,2,22.0,44.0
21350,7238,40,3,10.0,30.0
21351,7238,21,1,20.0,20.0
21352,7239,20,1,16.0,16.0
21353,7239,25,1,26.0,26.0
21354,7239,1,2,28.0,56.0
21355,7240,34,1,10.0,10.0
21356,7240,40,2,10.0,20.0
21357,7240,12,2,36.0,72.0
21358,7241,7,1,36.0,36.0
21359,7241,28,2,34.0,68.0
21360,7242,7,1,36.0,36.0
21361,7242,9,1,35.0,35.0
21362,7243,36,1,6.0,6.0
21363,7243,31,1,36.0,36.0
21364,7243,37,1,18.0,18.0
21365,7243,39,1,8.0,8.0
21366,7244,35,2,9.0,18.0
21367,7244,10,2,32.0,64.0
21368,7244,5,1,30.0,30.0
21369,7244,13,3,28.0,84.0
21370,7245,7,2,36.0,72.0
21371,7245,37,2,18.0,36.0
21372,7245,20,2,16.0,32.0
21373,7245,17,1,26.0,26.0
21374,7246,20,1,16.0,16.0
21375,7246,1,3,28.0,84.0
21376,7247,25,1,26.0,26.0
21377,7248,11,2,33.0,66.0
21378,7249,40,1,10.0,10.0
21379,7249,21,1,20.0,20.0
21380,7249,6,1,38.0,38.0
21381,7250,12,3,36.0,108.0
21382,7250,4,2,22.0,44.0
21383,7251,23,1,18.0,18.0
21384,7251,14,1,45.0,45.0
21385,7252,30,2,38.0,76.0
21386,7252,37,1,18.0,18.0
21387,7253,25,1,26.0,26.0
21388,7253,32,1,37.0,37.0
21389,7253,10,1,32.0,32.0
21390,7254,23,1,18.0,18.0
21391,7254,8,2,24.0,48.0
21392,7254,7,1,36.0,36.0
21393,7254,2,2,34.0,68.0
21394,7255,20,1,16.0,16.0
21395,7255,34,2,10.0,20.0
21396,7256,2,1,34.0,34.0
21397,7256,11,2,33.0,66.0
21398,7257,17,1,26.0,26.0
21399,7257,28,1,34.0,34.0
21400,7257,20,2,16.0,32.0
21401,7257,27,1,25.0,25.0
21402,7257,33,1,14.0,14.0
21403,7258,1,1,28.0,28.0
21404,7258,4,1,22.0,22.0
21405,7259,15,1,30.0,30.0
21406,7259,9,3,35.0,105.0
21407,7259,27,1,25.0,25.0
21408,7259,2,3,34.0,102.0
21409,7259,16,1,32.0,32.0
21410,7260,30,3,38.0,114.0
21411,7261,18,2,38.0,76.0
21412,7262,2,1,34.0,34.0
21413,7262,10,1,32.0,32.0
21414,7262,29,1,44.0,44.0
21415,7263,31,1,36.0,36.0
21416,7263,1,2,28.0,56.0
21417,7263,25,1,26.0,26.0
21418,7263,30,1,38.0,38.0
21419,7264,26,1,42.0,42.0
21420,7264,7,1,36.0,36.0
21421,7264,37,2,18.0,36.0
21422,7264,8,1,24.0,24.0
21423,7264,6,1,38.0,38.0
21424,7265,4,3,22.0,66.0
21425,7266,22,1,22.0,22.0
21426,7266,25,2,26.0,52.0
21427,7266,19,3,18.0,54.0
21428,7266,8,2,24.0,48.0
21429,7267,17,1,26.0,26.0
21430,7267,23,2,18.0,36.0
21431,7267,20,2,16.0,32.0
21432,7267,7,3,36.0,108.0
21433,7267,10,1,32.0,32.0
21434,7268,38,1,12.0,12.0
21435,7268,5,3,30.0,90.0
21436,7268,22,2,22.0,44.0
21437,7269,7,3,36.0,108.0
21438,7269,5,1,30.0,30.0
21439,7269,21,2,20.0,40.0
21440,7269,35,2,9.0,18.0
21441,7269,31,1,36.0,36.0
21442,7269,22,2,22.0,44.0
21443,7270,8,1,24.0,24.0
21444,7270,26,1,42.0,42.0
21445,7271,27,3,25.0,75.0
21446,7271,32,3,37.0,111.0
21447,7272,1,1,28.0,28.0
21448,7272,13,1,28.0,28.0
21449,7272,16,2,32.0,64.0
21450,7272,9,1,35.0,35.0
21451,7272,21,1,20.0,20.0
21452,7273,7,1,36.0,36.0
21453,7273,37,1,18.0,18.0
21454,7273,1,1,28.0,28.0
21455,7273,16,1,32.0,32.0
21456,7273,4,2,22.0,44.0
21457,7274,37,2,18.0,36.0
21458,7274,30,1,38.0,38.0
21459,7275,29,2,44.0,88.0
21460,7275,7,1,36.0,36.0
21461,7276,37,2,18.0,36.0
21462,7276,23,1,18.0,18.0
21463,7276,21,1,20.0,20.0
21464,7276,10,1,32.0,32.0
21465,7277,3,2,42.0,84.0
21466,7277,23,1,18.0,18.0
21467,7277,35,2,9.0,18.0
21468,7278,34,1,10.0,10.0
21469,7278,36,2,6.0,12.0
21470,7279,35,3,9.0,27.0
21471,7279,6,2,38.0,76.0
21472,7279,33,2,14.0,28.0
21473,7279,19,1,18.0,18.0
21474,7280,36,1,6.0,6.0
21475,7280,39,2,8.0,16.0
21476,7281,14,1,45.0,45.0
21477,7281,5,1,30.0,30.0
21478,7281,15,1,30.0,30.0
21479,7281,31,1,36.0,36.0
21480,7281,37,1,18.0,18.0
21481,7282,16,1,32.0,32.0
21482,7282,11,2,33.0,66.0
21483,7282,4,2,22.0,44.0
21484,7282,2,1,34.0,34.0
21485,7282,39,1,8.0,8.0
21486,7283,5,1,30.0,30.0
21487,7283,28,3,34.0,102.0
21488,7283,34,1,10.0,10.0
21489,7284,1,2,28.0,56.0
21490,7284,27,3,25.0,75.0
21491,7284,7,1,36.0,36.0
21492,7284,25,2,26.0,52.0
21493,7284,14,3,45.0,135.0
21494,7285,13,1,28.0,28.0
21495,7285,30,1,38.0,38.0
21496,7286,5,1,30.0,30.0
21497,7286,24,1,24.0,24.0
21498,7286,23,1,18.0,18.0
21499,7287,37,1,18.0,18.0
21500,7287,17,1,26.0,26.0
21501,7287,12,1,36.0,36.0
21502,7287,4,1,22.0,22.0
21503,7288,13,1,28.0,28.0
21504,7288,30,1,38.0,38.0
21505,7288,6,3,38.0,114.0
21506,7289,4,1,22.0,22.0
21507,7289,9,1,35.0,35.0
21508,7289,12,2,36.0,72.0
21509,7289,7,2,36.0,72.0
21510,7290,1,1,28.0,28.0
21511,7290,40,2,10.0,20.0
21512,7290,4,3,22.0,66.0
21513,7290,3,1,42.0,42.0
21514,7291,1,2,28.0,56.0
21515,7291,17,1,26.0,26.0
21516,7292,23,1,18.0,18.0
21517,7292,14,1,45.0,45.0
21518,7292,19,2,18.0,36.0
21519,7293,4,1,22.0,22.0
21520,7293,3,1,42.0,42.0
21521,7294,28,2,34.0,68.0
21522,7294,25,1,26.0,26.0
21523,7294,6,3,38.0,114.0
21524,7295,7,1,36.0,36.0
21525,7295,23,3,18.0,54.0
21526,7296,6,2,38.0,76.0
21527,7296,34,1,10.0,10.0
21528,7296,11,2,33.0,66.0
21529,7297,28,1,34.0,34.0
21530,7297,4,1,22.0,22.0
21531,7297,13,2,28.0,56.0
21532,7298,28,3,34.0,102.0
21533,7299,7,1,36.0,36.0
21534,7299,11,1,33.0,33.0
21535,7299,33,1,14.0,14.0
21536,7300,36,2,6.0,12.0
21537,7300,7,2,36.0,72.0
21538,7300,3,1,42.0,42.0
21539,7300,18,2,38.0,76.0
21540,7300,29,1,44.0,44.0
21541,7300,23,2,18.0,36.0
21542,7301,8,2,24.0,48.0
21543,7301,31,2,36.0,72.0
21544,7302,32,2,37.0,74.0
21545,7303,29,1,44.0,44.0
21546,7304,1,1,28.0,28.0
21547,7304,9,1,35.0,35.0
21548,7305,8,1,24.0,24.0
21549,7305,13,1,28.0,28.0
21550,7306,39,1,8.0,8.0
21551,7306,6,1,38.0,38.0
21552,7307,23,1,18.0,18.0
21553,7307,1,1,28.0,28.0
21554,7307,30,1,38.0,38.0
21555,7308,7,1,36.0,36.0
21556,7308,37,2,18.0,36.0
21557,7308,28,2,34.0,68.0
21558,7308,29,1,44.0,44.0
21559,7308,8,1,24.0,24.0
21560,7308,13,1,28.0,28.0
21561,7309,3,1,42.0,42.0
21562,7309,2,1,34.0,34.0
21563,7310,7,1,36.0,36.0
21564,7310,17,3,26.0,78.0
21565,7311,38,1,12.0,12.0
21566,7311,23,1,18.0,18.0
21567,7311,3,1,42.0,42.0
21568,7312,1,1,28.0,28.0
21569,7312,12,2,36.0,72.0
21570,7312,27,1,25.0,25.0
21571,7313,10,1,32.0,32.0
21572,7313,40,2,10.0,20.0
21573,7314,5,2,30.0,60.0
21574,7314,18,1,38.0,38.0
21575,7314,21,1,20.0,20.0
21576,7314,38,1,12.0,12.0
21577,7315,12,3,36.0,108.0
21578,7316,3,1,42.0,42.0
21579,7316,36,1,6.0,6.0
21580,7317,7,2,36.0,72.0
21581,7317,8,2,24.0,48.0
21582,7317,16,1,32.0,32.0
21583,7317,25,2,26.0,52.0
21584,7318,24,1,24.0,24.0
21585,7318,15,2,30.0,60.0
21586,7318,2,2,34.0,68.0
21587,7318,38,1,12.0,12.0
21588,7318,34,1,10.0,10.0
21589,7319,10,2,32.0,64.0
21590,7319,5,1,30.0,30.0
21591,7320,1,3,28.0,84.0
21592,7320,36,1,6.0,6.0
21593,7320,15,1,30.0,30.0
21594,7321,4,2,22.0,44.0
21595,7321,10,1,32.0,32.0
21596,7321,29,2,44.0,88.0
21597,7321,25,1,26.0,26.0
21598,7322,23,1,18.0,18.0
21599,7322,14,2,45.0,90.0
21600,7323,36,3,6.0,18.0
21601,7323,11,3,33.0,99.0
21602,7324,29,1,44.0,44.0
21603,7324,24,2,24.0,48.0
21604,7324,12,2,36.0,72.0
21605,7325,40,2,10.0,20.0
21606,7325,8,1,24.0,24.0
21607,7325,5,1,30.0,30.0
21608,7325,2,1,34.0,34.0
21609,7325,12,1,36.0,36.0
21610,7325,7,1,36.0,36.0
21611,7326,4,1,22.0,22.0
21612,7326,37,1,18.0,18.0
21613,7326,2,1,34.0,34.0
21614,7327,7,1,36.0,36.0
21615,7327,39,1,8.0,8.0
21616,7327,12,1,36.0,36.0
21617,7328,1,1,28.0,28.0
21618,7328,37,1,18.0,18.0
21619,7329,28,2,34.0,68.0
21620,7329,20,1,16.0,16.0
21621,7329,24,3,24.0,72.0
21622,7329,37,1,18.0,18.0
21623,7329,14,2,45.0,90.0
21624,7329,29,1,44.0,44.0
21625,7330,4,1,22.0,22.0
21626,7330,29,1,44.0,44.0
21627,7331,18,2,38.0,76.0
21628,7331,4,1,22.0,22.0
21629,7331,3,1,42.0,42.0
21630,7331,13,1,28.0,28.0
21631,7332,4,2,22.0,44.0
21632,7332,34,1,10.0,10.0
21633,7333,32,2,37.0,74.0
21634,7333,3,1,42.0,42.0
21635,7333,9,3,35.0,105.0
21636,7334,15,1,30.0,30.0
21637,7334,30,3,38.0,114.0
21638,7334,28,1,34.0,34.0
21639,7335,16,1,32.0,32.0
21640,7335,39,3,8.0,24.0
21641,7336,28,3,34.0,102.0
21642,7336,13,1,28.0,28.0
21643,7336,16,1,32.0,32.0
21644,7337,1,1,28.0,28.0
21645,7337,36,2,6.0,12.0
21646,7337,8,1,24.0,24.0
21647,7338,7,1,36.0,36.0
21648,7338,18,1,38.0,38.0
21649,7339,36,1,6.0,6.0
21650,7339,7,1,36.0,36.0
21651,7339,12,3,36.0,108.0
21652,7340,3,3,42.0,126.0
21653,7340,37,3,18.0,54.0
21654,7340,7,2,36.0,72.0
21655,7341,32,1,37.0,37.0
21656,7341,2,1,34.0,34.0
21657,7341,21,1,20.0,20.0
21658,7341,5,1,30.0,30.0
21659,7342,15,2,30.0,60.0
21660,7342,13,1,28.0,28.0
21661,7342,8,1,24.0,24.0
21662,7342,28,1,34.0,34.0
21663,7342,35,2,9.0,18.0
21664,7343,19,2,18.0,36.0
21665,7344,25,2,26.0,52.0
21666,7344,4,1,22.0,22.0
21667,7345,12,3,36.0,108.0
21668,7345,34,1,10.0,10.0
21669,7345,30,1,38.0,38.0
21670,7346,29,1,44.0,44.0
21671,7347,16,1,32.0,32.0
21672,7347,14,1,45.0,45.0
21673,7348,16,1,32.0,32.0
21674,7348,2,1,34.0,34.0
21675,7348,9,1,35.0,35.0
21676,7348,5,2,30.0,60.0
21677,7349,25,1,26.0,26.0
21678,7349,5,1,30.0,30.0
21679,7349,2,2,34.0,68.0
21680,7349,8,1,24.0,24.0
21681,7350,10,1,32.0,32.0
21682,7350,2,1,34.0,34.0
21683,7351,15,1,30.0,30.0
21684,7351,8,2,24.0,48.0
21685,7352,5,2,30.0,60.0
21686,7352,4,3,22.0,66.0
21687,7352,17,2,26.0,52.0
21688,7352,1,1,28.0,28.0
21689,7353,21,1,20.0,20.0
21690,7353,5,2,30.0,60.0
21691,7353,8,1,24.0,24.0
21692,7354,1,1,28.0,28.0
21693,7354,28,1,34.0,34.0
21694,7355,25,1,26.0,26.0
21695,7355,31,1,36.0,36.0
21696,7356,7,1,36.0,36.0
21697,7356,18,2,38.0,76.0
21698,7356,3,1,42.0,42.0
21699,7356,14,2,45.0,90.0
21700,7357,23,1,18.0,18.0
21701,7357,3,1,42.0,42.0
21702,7358,19,1,18.0,18.0
21703,7359,21,2,20.0,40.0
21704,7359,28,2,34.0,68.0
21705,7360,7,1,36.0,36.0
21706,7360,9,1,35.0,35.0
21707,7360,6,2,38.0,76.0
21708,7360,16,1,32.0,32.0
21709,7360,27,1,25.0,25.0
21710,7361,29,1,44.0,44.0
21711,7361,8,2,24.0,48.0
21712,7362,5,1,30.0,30.0
21713,7362,11,1,33.0,33.0
21714,7362,14,3,45.0,135.0
21715,7362,19,1,18.0,18.0
21716,7363,15,1,30.0,30.0
21717,7363,36,2,6.0,12.0
21718,7364,37,1,18.0,18.0
21719,7364,8,2,24.0,48.0
21720,7364,12,3,36.0,108.0
21721,7365,15,2,30.0,60.0
21722,7365,2,1,34.0,34.0
21723,7365,24,1,24.0,24.0
21724,7365,4,1,22.0,22.0
21725,7365,14,1,45.0,45.0
21726,7365,33,2,14.0,28.0
21727,7366,4,1,22.0,22.0
21728,7366,7,1,36.0,36.0
21729,7367,12,2,36.0,72.0
21730,7367,30,1,38.0,38.0
21731,7368,31,1,36.0,36.0
21732,7368,23,1,18.0,18.0
21733,7368,24,2,24.0,48.0
21734,7369,17,2,26.0,52.0
21735,7369,9,1,35.0,35.0
21736,7369,37,1,18.0,18.0
21737,7369,20,1,16.0,16.0
21738,7370,3,1,42.0,42.0
21739,7370,10,1,32.0,32.0
21740,7370,2,2,34.0,68.0
21741,7371,3,3,42.0,126.0
21742,7371,16,1,32.0,32.0
21743,7371,5,2,30.0,60.0
21744,7371,22,2,22.0,44.0
21745,7372,21,3,20.0,60.0
21746,7372,16,1,32.0,32.0
21747,7373,9,1,35.0,35.0
21748,7373,17,2,26.0,52.0
21749,7374,4,1,22.0,22.0
21750,7374,24,1,24.0,24.0
21751,7374,37,2,18.0,36.0
21752,7375,16,1,32.0,32.0
21753,7375,5,1,30.0,30.0
21754,7376,4,2,22.0,44.0
21755,7376,11,1,33.0,33.0
21756,7376,9,1,35.0,35.0
21757,7377,22,1,22.0,22.0
21758,7377,37,1,18.0,18.0
21759,7378,17,1,26.0,26.0
21760,7378,1,1,28.0,28.0
21761,7378,32,2,37.0,74.0
21762,7379,8,1,24.0,24.0
21763,7380,22,1,22.0,22.0
21764,7380,20,2,16.0,32.0
21765,7381,25,1,26.0,26.0
21766,7381,27,1,25.0,25.0
21767,7381,37,1,18.0,18.0
21768,7381,10,1,32.0,32.0
21769,7381,28,1,34.0,34.0
21770,7382,13,2,28.0,56.0
21771,7383,32,2,37.0,74.0
21772,7383,12,1,36.0,36.0
21773,7384,5,1,30.0,30.0
21774,7385,10,1,32.0,32.0
21775,7385,40,1,10.0,10.0
21776,7386,34,2,10.0,20.0
21777,7386,38,1,12.0,12.0
21778,7386,3,2,42.0,84.0
21779,7387,32,1,37.0,37.0
21780,7387,36,1,6.0,6.0
21781,7387,39,1,8.0,8.0
21782,7387,37,1,18.0,18.0
21783,7388,7,1,36.0,36.0
21784,7388,36,2,6.0,12.0
21785,7388,1,1,28.0,28.0
21786,7389,21,2,20.0,40.0
21787,7389,13,3,28.0,84.0
21788,7389,32,1,37.0,37.0
21789,7389,1,1,28.0,28.0
21790,7389,8,2,24.0,48.0
21791,7389,16,1,32.0,32.0
21792,7390,25,1,26.0,26.0
21793,7390,1,1,28.0,28.0
21794,7390,12,1,36.0,36.0
21795,7390,33,1,14.0,14.0
21796,7391,16,1,32.0,32.0
21797,7391,10,2,32.0,64.0
21798,7392,23,1,18.0,18.0
21799,7392,1,1,28.0,28.0
21800,7393,21,3,20.0,60.0
21801,7394,30,1,38.0,38.0
21802,7394,29,1,44.0,44.0
21803,7394,16,2,32.0,64.0
21804,7394,3,1,42.0,42.0
21805,7395,7,1,36.0,36.0
21806,7395,16,1,32.0,32.0
21807,7396,11,1,33.0,33.0
21808,7396,24,1,24.0,24.0
21809,7397,7,1,36.0,36.0
21810,7397,1,1,28.0,28.0
21811,7397,2,1,34.0,34.0
21812,7397,3,1,42.0,42.0
21813,7398,8,1,24.0,24.0
21814,7398,7,1,36.0,36.0
21815,7398,37,1,18.0,18.0
21816,7399,6,1,38.0,38.0
21817,7399,19,1,18.0,18.0
21818,7399,5,2,30.0,60.0
21819,7400,10,2,32.0,64.0
21820,7400,14,2,45.0,90.0
21821,7400,17,2,26.0,52.0
21822,7400,36,2,6.0,12.0
21823,7401,12,1,36.0,36.0
21824,7402,6,1,38.0,38.0
21825,7402,7,1,36.0,36.0
21826,7402,24,1,24.0,24.0
21827,7402,20,1,16.0,16.0
21828,7402,17,1,26.0,26.0
21829,7402,37,1,18.0,18.0
21830,7403,1,1,28.0,28.0
21831,7403,11,1,33.0,33.0
21832,7403,16,2,32.0,64.0
21833,7403,17,2,26.0,52.0
21834,7404,26,1,42.0,42.0
21835,7405,6,1,38.0,38.0
21836,7405,24,1,24.0,24.0
21837,7405,16,1,32.0,32.0
21838,7405,20,1,16.0,16.0
21839,7406,40,1,10.0,10.0
21840,7406,2,1,34.0,34.0
21841,7407,4,1,22.0,22.0
21842,7407,23,2,18.0,36.0
21843,7407,39,2,8.0,16.0
21844,7407,15,2,30.0,60.0
21845,7407,8,1,24.0,24.0
21846,7408,3,1,42.0,42.0
21847,7408,7,1,36.0,36.0
21848,7408,37,1,18.0,18.0
21849,7408,19,2,18.0,36.0
21850,7409,1,1,28.0,28.0
21851,7409,20,1,16.0,16.0
21852,7410,26,2,42.0,84.0
21853,7410,7,1,36.0,36.0
21854,7411,2,2,34.0,68.0
21855,7412,25,1,26.0,26.0
21856,7412,15,1,30.0,30.0
21857,7412,7,1,36.0,36.0
21858,7413,7,1,36.0,36.0
21859,7413,33,1,14.0,14.0
21860,7414,2,2,34.0,68.0
21861,7414,3,1,42.0,42.0
21862,7415,8,1,24.0,24.0
21863,7415,34,1,10.0,10.0
21864,7415,2,1,34.0,34.0
21865,7416,39,1,8.0,8.0
21866,7416,2,1,34.0,34.0
21867,7416,8,3,24.0,72.0
21868,7416,5,1,30.0,30.0
21869,7416,23,2,18.0,36.0
21870,7417,37,2,18.0,36.0
21871,7417,7,1,36.0,36.0
21872,7417,5,1,30.0,30.0
21873,7417,26,1,42.0,42.0
21874,7417,25,1,26.0,26.0
21875,7418,16,1,32.0,32.0
21876,7418,33,2,14.0,28.0
21877,7418,7,2,36.0,72.0
21878,7419,30,2,38.0,76.0
21879,7419,5,1,30.0,30.0
21880,7419,26,2,42.0,84.0
21881,7419,7,1,36.0,36.0
21882,7420,8,2,24.0,48.0
21883,7420,23,2,18.0,36.0
21884,7421,30,1,38.0,38.0
21885,7421,7,1,36.0,36.0
21886,7421,6,1,38.0,38.0
21887,7422,13,1,28.0,28.0
21888,7422,23,1,18.0,18.0
21889,7422,3,1,42.0,42.0
21890,7423,9,3,35.0,105.0
21891,7424,7,1,36.0,36.0
21892,7424,5,1,30.0,30.0
21893,7424,1,2,28.0,56.0
21894,7425,30,1,38.0,38.0
21895,7425,21,1,20.0,20.0
21896,7426,3,1,42.0,42.0
21897,7426,7,1,36.0,36.0
21898,7426,36,2,6.0,12.0
21899,7426,10,1,32.0,32.0
21900,7426,14,3,45.0,135.0
21901,7427,5,2,30.0,60.0
21902,7428,35,1,9.0,9.0
21903,7428,1,1,28.0,28.0
21904,7428,7,1,36.0,36.0
21905,7429,5,1,30.0,30.0
21906,7429,10,2,32.0,64.0
21907,7429,22,1,22.0,22.0
21908,7429,18,1,38.0,38.0
21909,7429,17,3,26.0,78.0
21910,7430,32,1,37.0,37.0
21911,7430,8,1,24.0,24.0
21912,7430,19,1,18.0,18.0
21913,7430,7,2,36.0,72.0
21914,7430,9,3,35.0,105.0
21915,7431,36,2,6.0,12.0
21916,7432,40,2,10.0,20.0
21917,7432,34,1,10.0,10.0
21918,7432,16,2,32.0,64.0
21919,7432,33,2,14.0,28.0
21920,7432,14,1,45.0,45.0
21921,7432,24,1,24.0,24.0
21922,7433,16,1,32.0,32.0
21923,7433,31,2,36.0,72.0
21924,7433,21,1,20.0,20.0
21925,7433,5,1,30.0,30.0
21926,7433,26,1,42.0,42.0
21927,7434,10,1,32.0,32.0
21928,7434,18,2,38.0,76.0
21929,7434,37,1,18.0,18.0
21930,7434,32,1,37.0,37.0
21931,7435,39,1,8.0,8.0
21932,7435,6,1,38.0,38.0
21933,7436,23,1,18.0,18.0
21934,7436,7,1,36.0,36.0
21935,7436,12,1,36.0,36.0
21936,7436,5,3,30.0,90.0
21937,7437,4,3,22.0,66.0
21938,7437,10,2,32.0,64.0
21939,7437,18,1,38.0,38.0
21940,7437,7,2,36.0,72.0
21941,7438,3,1,42.0,42.0
21942,7438,10,2,32.0,64.0
21943,7438,12,1,36.0,36.0
21944,7439,17,1,26.0,26.0
21945,7439,7,1,36.0,36.0
21946,7439,11,1,33.0,33.0
21947,7440,33,1,14.0,14.0
21948,7440,32,1,37.0,37.0
21949,7441,8,3,24.0,72.0
21950,7441,9,2,35.0,70.0
21951,7441,4,3,22.0,66.0
21952,7442,9,1,35.0,35.0
21953,7442,7,2,36.0,72.0
21954,7442,6,2,38.0,76.0
21955,7442,30,1,38.0,38.0
21956,7442,4,3,22.0,66.0
21957,7443,2,1,34.0,34.0
21958,7443,37,1,18.0,18.0
21959,7443,12,2,36.0,72.0
21960,7444,23,1,18.0,18.0
21961,7444,8,2,24.0,48.0
21962,7444,38,1,12.0,12.0
21963,7444,32,2,37.0,74.0
21964,7444,17,1,26.0,26.0
21965,7444,4,2,22.0,44.0
21966,7445,11,2,33.0,66.0
21967,7446,34,1,10.0,10.0
21968,7446,7,2,36.0,72.0
21969,7446,28,1,34.0,34.0
21970,7446,39,1,8.0,8.0
21971,7447,1,1,28.0,28.0
21972,7447,7,2,36.0,72.0
21973,7447,12,2,36.0,72.0
21974,7447,36,1,6.0,6.0
21975,7447,24,2,24.0,48.0
21976,7448,24,2,24.0,48.0
21977,7448,3,1,42.0,42.0
21978,7448,8,1,24.0,24.0
21979,7449,40,1,10.0,10.0
21980,7450,3,3,42.0,126.0
21981,7450,16,2,32.0,64.0
21982,7450,25,3,26.0,78.0
21983,7450,5,1,30.0,30.0
21984,7450,4,2,22.0,44.0
21985,7451,27,2,25.0,50.0
21986,7452,25,1,26.0,26.0
21987,7452,20,2,16.0,32.0
21988,7453,7,1,36.0,36.0
21989,7453,12,2,36.0,72.0
21990,7453,4,1,22.0,22.0
21991,7453,39,3,8.0,24.0
21992,7453,29,2,44.0,88.0
21993,7454,40,1,10.0,10.0
21994,7454,16,1,32.0,32.0
21995,7455,1,1,28.0,28.0
21996,7455,38,1,12.0,12.0
21997,7456,1,2,28.0,56.0
21998,7456,27,2,25.0,50.0
21999,7457,28,2,34.0,68.0
22000,7457,36,1,6.0,6.0
22001,7457,8,2,24.0,48.0
22002,7458,16,2,32.0,64.0
22003,7458,10,1,32.0,32.0
22004,7458,36,2,6.0,12.0
22005,7459,29,1,44.0,44.0
22006,7459,7,1,36.0,36.0
22007,7459,25,2,26.0,52.0
22008,7460,1,1,28.0,28.0
22009,7460,12,1,36.0,36.0
22010,7460,30,3,38.0,114.0
22011,7461,30,1,38.0,38.0
22012,7461,1,1,28.0,28.0
22013,7461,17,1,26.0,26.0
22014,7461,24,1,24.0,24.0
22015,7462,36,1,6.0,6.0
22016,7462,16,1,32.0,32.0
22017,7463,8,1,24.0,24.0
22018,7463,11,1,33.0,33.0
22019,7463,6,1,38.0,38.0
22020,7463,19,1,18.0,18.0
22021,7463,5,2,30.0,60.0
22022,7464,32,1,37.0,37.0
22023,7464,20,2,16.0,32.0
22024,7465,4,2,22.0,44.0
22025,7465,22,1,22.0,22.0
22026,7465,23,3,18.0,54.0
22027,7465,21,1,20.0,20.0
22028,7465,26,1,42.0,42.0
22029,7465,28,1,34.0,34.0
22030,7466,10,1,32.0,32.0
22031,7466,1,1,28.0,28.0
22032,7466,14,3,45.0,135.0
22033,7467,35,1,9.0,9.0
22034,7467,34,1,10.0,10.0
22035,7467,5,1,30.0,30.0
22036,7467,2,1,34.0,34.0
22037,7468,25,3,26.0,78.0
22038,7468,23,1,18.0,18.0
22039,7468,3,2,42.0,84.0
22040,7468,24,2,24.0,48.0
22041,7469,23,1,18.0,18.0
22042,7469,1,1,28.0,28.0
22043,7469,5,1,30.0,30.0
22044,7470,28,1,34.0,34.0
22045,7470,33,1,14.0,14.0
22046,7471,31,2,36.0,72.0
22047,7472,34,2,10.0,20.0
22048,7472,11,1,33.0,33.0
22049,7472,32,1,37.0,37.0
22050,7472,4,1,22.0,22.0
22051,7472,37,1,18.0,18.0
22052,7472,12,2,36.0,72.0
22053,7473,5,2,30.0,60.0
22054,7473,36,1,6.0,6.0
22055,7473,11,3,33.0,99.0
22056,7473,17,1,26.0,26.0
22057,7474,21,1,20.0,20.0
22058,7474,23,1,18.0,18.0
22059,7474,1,1,28.0,28.0
22060,7474,27,2,25.0,50.0
22061,7475,10,2,32.0,64.0
22062,7475,3,3,42.0,126.0
22063,7475,30,1,38.0,38.0
22064,7476,7,1,36.0,36.0
22065,7476,11,1,33.0,33.0
22066,7476,16,1,32.0,32.0
22067,7476,12,3,36.0,108.0
22068,7477,16,1,32.0,32.0
22069,7477,1,3,28.0,84.0
22070,7477,32,1,37.0,37.0
22071,7478,20,1,16.0,16.0
22072,7478,25,1,26.0,26.0
22073,7478,6,1,38.0,38.0
22074,7479,35,1,9.0,9.0
22075,7480,4,2,22.0,44.0
22076,7480,7,1,36.0,36.0
22077,7480,27,1,25.0,25.0
22078,7481,1,1,28.0,28.0
22079,7481,11,1,33.0,33.0
22080,7482,3,1,42.0,42.0
22081,7482,2,1,34.0,34.0
22082,7482,9,2,35.0,70.0
22083,7482,1,1,28.0,28.0
22084,7482,26,1,42.0,42.0
22085,7483,38,1,12.0,12.0
22086,7483,8,1,24.0,24.0
22087,7483,2,2,34.0,68.0
22088,7484,39,1,8.0,8.0
22089,7485,16,1,32.0,32.0
22090,7485,5,1,30.0,30.0
22091,7485,28,1,34.0,34.0
22092,7486,25,3,26.0,78.0
22093,7486,37,1,18.0,18.0
22094,7486,4,1,22.0,22.0
22095,7487,8,1,24.0,24.0
22096,7487,24,1,24.0,24.0
22097,7487,2,1,34.0,34.0
22098,7487,3,1,42.0,42.0
22099,7488,11,1,33.0,33.0
22100,7488,1,1,28.0,28.0
22101,7488,19,1,18.0,18.0
22102,7489,30,1,38.0,38.0
22103,7489,3,2,42.0,84.0
22104,7489,12,1,36.0,36.0
22105,7489,8,2,24.0,48.0
22106,7490,3,1,42.0,42.0
22107,7490,39,1,8.0,8.0
22108,7491,27,3,25.0,75.0
22109,7491,12,2,36.0,72.0
22110,7491,5,1,30.0,30.0
22111,7491,24,1,24.0,24.0
22112,7491,18,1,38.0,38.0
22113,7492,10,2,32.0,64.0
22114,7492,24,1,24.0,24.0
22115,7492,36,1,6.0,6.0
22116,7492,22,2,22.0,44.0
22117,7492,25,1,26.0,26.0
22118,7492,33,1,14.0,14.0
22119,7493,17,1,26.0,26.0
22120,7493,10,2,32.0,64.0
22121,7493,24,3,24.0,72.0
22122,7493,15,1,30.0,30.0
22123,7493,20,1,16.0,16.0
22124,7494,7,1,36.0,36.0
22125,7494,32,1,37.0,37.0
22126,7495,19,2,18.0,36.0
22127,7495,26,1,42.0,42.0
22128,7495,29,1,44.0,44.0
22129,7496,27,2,25.0,50.0
22130,7496,32,1,37.0,37.0
22131,7496,7,1,36.0,36.0
22132,7496,25,2,26.0,52.0
22133,7497,29,1,44.0,44.0
22134,7497,27,2,25.0,50.0
22135,7497,11,2,33.0,66.0
22136,7497,6,2,38.0,76.0
22137,7498,6,3,38.0,114.0
22138,7498,7,1,36.0,36.0
22139,7499,2,2,34.0,68.0
22140,7499,37,1,18.0,18.0
22141,7499,24,1,24.0,24.0
22142,7499,39,2,8.0,16.0
22143,7499,40,2,10.0,20.0
22144,7500,17,2,26.0,52.0
22145,7500,26,1,42.0,42.0
22146,7500,33,1,14.0,14.0
22147,7500,10,1,32.0,32.0
22148,7501,3,1,42.0,42.0
22149,7501,23,1,18.0,18.0
22150,7502,15,1,30.0,30.0
22151,7502,12,1,36.0,36.0
22152,7502,20,2,16.0,32.0
22153,7502,35,2,9.0,18.0
22154,7502,40,1,10.0,10.0
22155,7503,6,1,38.0,38.0
22156,7503,13,1,28.0,28.0
22157,7503,8,1,24.0,24.0
22158,7504,9,1,35.0,35.0
22159,7504,1,1,28.0,28.0
22160,7504,15,1,30.0,30.0
22161,7505,11,3,33.0,99.0
22162,7506,10,1,32.0,32.0
22163,7506,11,1,33.0,33.0
22164,7507,32,1,37.0,37.0
22165,7508,12,3,36.0,108.0
22166,7508,5,1,30.0,30.0
22167,7508,10,1,32.0,32.0
22168,7509,13,2,28.0,56.0
22169,7509,38,1,12.0,12.0
22170,7510,20,1,16.0,16.0
22171,7510,11,2,33.0,66.0
22172,7510,2,2,34.0,68.0
22173,7511,21,3,20.0,60.0
22174,7511,37,1,18.0,18.0
22175,7511,6,2,38.0,76.0
22176,7511,7,1,36.0,36.0
22177,7512,2,3,34.0,102.0
22178,7512,5,1,30.0,30.0
22179,7512,17,3,26.0,78.0
22180,7512,21,2,20.0,40.0
22181,7513,30,2,38.0,76.0
22182,7513,36,1,6.0,6.0
22183,7513,22,1,22.0,22.0
22184,7513,8,1,24.0,24.0
22185,7513,34,1,10.0,10.0
22186,7514,26,1,42.0,42.0
22187,7514,23,3,18.0,54.0
22188,7514,7,3,36.0,108.0
22189,7514,10,3,32.0,96.0
22190,7514,16,1,32.0,32.0
22191,7514,17,1,26.0,26.0
22192,7515,4,1,22.0,22.0
22193,7515,18,1,38.0,38.0
22194,7515,11,2,33.0,66.0
22195,7515,28,1,34.0,34.0
22196,7516,5,1,30.0,30.0
22197,7516,35,1,9.0,9.0
22198,7516,15,1,30.0,30.0
22199,7517,16,1,32.0,32.0
22200,7517,6,2,38.0,76.0
22201,7518,25,1,26.0,26.0
22202,7518,5,1,30.0,30.0
22203,7518,7,3,36.0,108.0
22204,7519,30,2,38.0,76.0
22205,7519,32,2,37.0,74.0
22206,7519,24,1,24.0,24.0
22207,7519,33,3,14.0,42.0
22208,7519,20,1,16.0,16.0
22209,7520,1,1,28.0,28.0
22210,7521,5,1,30.0,30.0
22211,7521,8,1,24.0,24.0
22212,7522,26,1,42.0,42.0
22213,7522,21,2,20.0,40.0
22214,7523,12,2,36.0,72.0
22215,7523,5,1,30.0,30.0
22216,7523,24,3,24.0,72.0
22217,7524,27,1,25.0,25.0
22218,7524,34,3,10.0,30.0
22219,7524,20,1,16.0,16.0
22220,7524,12,2,36.0,72.0
22221,7524,36,1,6.0,6.0
22222,7525,12,3,36.0,108.0
22223,7525,19,1,18.0,18.0
22224,7526,2,1,34.0,34.0
22225,7526,3,3,42.0,126.0
22226,7526,28,2,34.0,68.0
22227,7527,9,2,35.0,70.0
22228,7527,12,1,36.0,36.0
22229,7528,2,1,34.0,34.0
22230,7528,3,2,42.0,84.0
22231,7529,25,1,26.0,26.0
22232,7529,5,2,30.0,60.0
22233,7529,1,1,28.0,28.0
22234,7530,20,1,16.0,16.0
22235,7531,36,1,6.0,6.0
22236,7531,6,1,38.0,38.0
22237,7531,2,2,34.0,68.0
22238,7532,21,1,20.0,20.0
22239,7532,14,2,45.0,90.0
22240,7532,8,2,24.0,48.0
22241,7533,5,1,30.0,30.0
22242,7533,13,2,28.0,56.0
22243,7534,15,1,30.0,30.0
22244,7534,20,1,16.0,16.0
22245,7535,22,1,22.0,22.0
22246,7535,8,1,24.0,24.0
22247,7536,18,1,38.0,38.0
22248,7536,33,2,14.0,28.0
22249,7537,13,1,28.0,28.0
22250,7537,8,1,24.0,24.0
22251,7537,14,1,45.0,45.0
22252,7538,24,1,24.0,24.0
22253,7538,23,1,18.0,18.0
22254,7539,3,1,42.0,42.0
22255,7539,30,1,38.0,38.0
22256,7539,7,1,36.0,36.0
22257,7539,5,2,30.0,60.0
22258,7540,25,1,26.0,26.0
22259,7540,4,3,22.0,66.0
22260,7540,10,1,32.0,32.0
22261,7540,13,1,28.0,28.0
22262,7541,18,1,38.0,38.0
22263,7541,40,1,10.0,10.0
22264,7542,18,1,38.0,38.0
22265,7542,9,1,35.0,35.0
22266,7542,2,1,34.0,34.0
22267,7543,27,3,25.0,75.0
22268,7543,35,2,9.0,18.0
22269,7544,34,2,10.0,20.0
22270,7544,14,1,45.0,45.0
22271,7544,7,2,36.0,72.0
22272,7545,29,1,44.0,44.0
22273,7545,37,2,18.0,36.0
22274,7545,20,1,16.0,16.0
22275,7546,21,2,20.0,40.0
22276,7546,17,1,26.0,26.0
22277,7547,3,2,42.0,84.0
22278,7547,6,2,38.0,76.0
22279,7547,5,2,30.0,60.0
22280,7548,8,1,24.0,24.0
22281,7548,32,3,37.0,111.0
22282,7548,40,1,10.0,10.0
22283,7548,23,1,18.0,18.0
22284,7549,25,1,26.0,26.0
22285,7549,10,1,32.0,32.0
22286,7550,9,1,35.0,35.0
22287,7550,11,1,33.0,33.0
22288,7551,13,1,28.0,28.0
22289,7551,29,1,44.0,44.0
22290,7552,22,1,22.0,22.0
22291,7552,13,1,28.0,28.0
22292,7552,10,1,32.0,32.0
22293,7552,32,3,37.0,111.0
22294,7553,18,1,38.0,38.0
22295,7553,7,2,36.0,72.0
22296,7553,2,1,34.0,34.0
22297,7553,15,1,30.0,30.0
22298,7554,25,2,26.0,52.0
22299,7554,6,1,38.0,38.0
22300,7554,5,1,30.0,30.0
22301,7554,16,1,32.0,32.0
22302,7555,12,1,36.0,36.0
22303,7555,1,1,28.0,28.0
22304,7556,13,1,28.0,28.0
22305,7556,8,2,24.0,48.0
22306,7556,1,1,28.0,28.0
22307,7557,16,1,32.0,32.0
22308,7557,8,2,24.0,48.0
22309,7557,29,1,44.0,44.0
22310,7557,12,1,36.0,36.0
22311,7557,33,1,14.0,14.0
22312,7557,27,2,25.0,50.0
22313,7558,7,1,36.0,36.0
22314,7558,16,3,32.0,96.0
22315,7559,17,1,26.0,26.0
22316,7559,4,3,22.0,66.0
22317,7559,28,1,34.0,34.0
22318,7560,37,1,18.0,18.0
22319,7560,12,1,36.0,36.0
22320,7560,7,2,36.0,72.0
22321,7561,35,2,9.0,18.0
22322,7561,31,1,36.0,36.0
22323,7561,39,1,8.0,8.0
22324,7561,4,1,22.0,22.0
22325,7562,1,1,28.0,28.0
22326,7562,35,2,9.0,18.0
22327,7562,21,1,20.0,20.0
22328,7562,24,3,24.0,72.0
22329,7563,30,1,38.0,38.0
22330,7563,1,2,28.0,56.0
22331,7563,7,1,36.0,36.0
22332,7564,2,2,34.0,68.0
22333,7564,13,2,28.0,56.0
22334,7564,8,1,24.0,24.0
22335,7564,7,1,36.0,36.0
22336,7565,30,3,38.0,114.0
22337,7565,39,1,8.0,8.0
22338,7565,8,2,24.0,48.0
22339,7566,28,2,34.0,68.0
22340,7566,2,2,34.0,68.0
22341,7566,27,1,25.0,25.0
22342,7567,18,2,38.0,76.0
22343,7568,26,1,42.0,42.0
22344,7569,40,1,10.0,10.0
22345,7569,14,1,45.0,45.0
22346,7569,7,2,36.0,72.0
22347,7569,39,2,8.0,16.0
22348,7569,3,1,42.0,42.0
22349,7569,12,1,36.0,36.0
22350,7570,31,1,36.0,36.0
22351,7570,25,2,26.0,52.0
22352,7571,2,1,34.0,34.0
22353,7571,6,1,38.0,38.0
22354,7572,17,3,26.0,78.0
22355,7572,3,1,42.0,42.0
22356,7572,29,2,44.0,88.0
22357,7572,2,1,34.0,34.0
22358,7572,1,3,28.0,84.0
22359,7573,39,1,8.0,8.0
22360,7574,10,3,32.0,96.0
22361,7574,8,1,24.0,24.0
22362,7574,1,1,28.0,28.0
22363,7575,9,1,35.0,35.0
22364,7575,24,1,24.0,24.0
22365,7575,13,2,28.0,56.0
22366,7576,10,2,32.0,64.0
22367,7577,1,2,28.0,56.0
22368,7577,18,3,38.0,114.0
22369,7577,6,1,38.0,38.0
22370,7578,25,2,26.0,52.0
22371,7578,24,2,24.0,48.0
22372,7578,9,2,35.0,70.0
22373,7579,3,1,42.0,42.0
22374,7579,5,2,30.0,60.0
22375,7580,28,1,34.0,34.0
22376,7580,2,1,34.0,34.0
22377,7581,5,1,30.0,30.0
22378,7581,1,1,28.0,28.0
22379,7581,13,2,28.0,56.0
22380,7581,33,1,14.0,14.0
22381,7581,26,3,42.0,126.0
22382,7581,28,1,34.0,34.0
22383,7582,15,3,30.0,90.0
22384,7582,32,1,37.0,37.0
22385,7582,24,1,24.0,24.0
22386,7583,7,2,36.0,72.0
22387,7584,36,2,6.0,12.0
22388,7584,30,1,38.0,38.0
22389,7585,7,1,36.0,36.0
22390,7586,20,1,16.0,16.0
22391,7586,13,2,28.0,56.0
22392,7586,6,2,38.0,76.0
22393,7587,6,1,38.0,38.0
22394,7588,13,1,28.0,28.0
22395,7588,2,3,34.0,102.0
22396,7589,39,1,8.0,8.0
22397,7589,8,3,24.0,72.0
22398,7589,20,1,16.0,16.0
22399,7590,2,2,34.0,68.0
22400,7590,14,3,45.0,135.0
22401,7591,26,1,42.0,42.0
22402,7591,5,1,30.0,30.0
22403,7591,7,1,36.0,36.0
22404,7591,6,1,38.0,38.0
22405,7592,15,3,30.0,90.0
22406,7592,12,2,36.0,72.0
22407,7592,1,2,28.0,56.0
22408,7592,11,3,33.0,99.0
22409,7592,23,1,18.0,18.0
22410,7593,7,2,36.0,72.0
22411,7593,3,1,42.0,42.0
22412,7594,6,1,38.0,38.0
22413,7594,30,1,38.0,38.0
22414,7594,28,1,34.0,34.0
22415,7594,2,2,34.0,68.0
22416,7594,7,1,36.0,36.0
22417,7595,20,2,16.0,32.0
22418,7595,10,2,32.0,64.0
22419,7595,32,2,37.0,74.0
22420,7595,30,1,38.0,38.0
22421,7595,1,1,28.0,28.0
22422,7595,21,1,20.0,20.0
22423,7596,12,3,36.0,108.0
22424,7596,29,1,44.0,44.0
22425,7596,7,1,36.0,36.0
22426,7596,19,2,18.0,36.0
22427,7596,15,1,30.0,30.0
22428,7597,7,2,36.0,72.0
22429,7597,30,2,38.0,76.0
22430,7597,32,2,37.0,74.0
22431,7597,33,2,14.0,28.0
22432,7598,2,1,34.0,34.0
22433,7599,2,1,34.0,34.0
22434,7599,30,2,38.0,76.0
22435,7599,10,2,32.0,64.0
22436,7599,1,2,28.0,56.0
22437,7600,3,2,42.0,84.0
22438,7600,40,3,10.0,30.0
22439,7600,6,2,38.0,76.0
22440,7601,8,1,24.0,24.0
22441,7601,12,3,36.0,108.0
22442,7601,9,3,35.0,105.0
22443,7601,36,3,6.0,18.0
22444,7602,8,3,24.0,72.0
22445,7603,2,3,34.0,102.0
22446,7604,3,2,42.0,84.0
22447,7604,2,1,34.0,34.0
22448,7604,8,2,24.0,48.0
22449,7605,31,3,36.0,108.0
22450,7605,1,2,28.0,56.0
22451,7605,39,1,8.0,8.0
22452,7606,12,1,36.0,36.0
22453,7606,9,1,35.0,35.0
22454,7606,11,1,33.0,33.0
22455,7607,33,3,14.0,42.0
22456,7607,23,1,18.0,18.0
22457,7607,24,1,24.0,24.0
22458,7607,7,1,36.0,36.0
22459,7608,4,2,22.0,44.0
22460,7608,2,1,34.0,34.0
22461,7608,18,1,38.0,38.0
22462,7608,12,1,36.0,36.0
22463,7608,16,2,32.0,64.0
22464,7609,7,1,36.0,36.0
22465,7609,10,1,32.0,32.0
22466,7609,26,1,42.0,42.0
22467,7609,9,1,35.0,35.0
22468,7610,30,1,38.0,38.0
22469,7610,14,1,45.0,45.0
22470,7610,8,1,24.0,24.0
22471,7610,10,1,32.0,32.0
22472,7611,28,2,34.0,68.0
22473,7611,20,2,16.0,32.0
22474,7611,35,2,9.0,18.0
22475,7612,2,1,34.0,34.0
22476,7612,18,2,38.0,76.0
22477,7613,4,1,22.0,22.0
22478,7613,28,2,34.0,68.0
22479,7613,6,3,38.0,114.0
22480,7614,15,1,30.0,30.0
22481,7615,27,1,25.0,25.0
22482,7615,24,2,24.0,48.0
22483,7615,23,1,18.0,18.0
22484,7616,8,1,24.0,24.0
22485,7616,9,1,35.0,35.0
22486,7616,39,1,8.0,8.0
22487,7617,16,2,32.0,64.0
22488,7617,23,1,18.0,18.0
22489,7617,1,1,28.0,28.0
22490,7618,23,1,18.0,18.0
22491,7618,8,1,24.0,24.0
22492,7619,1,3,28.0,84.0
22493,7619,38,1,12.0,12.0
22494,7619,5,3,30.0,90.0
22495,7619,13,2,28.0,56.0
22496,7619,32,1,37.0,37.0
22497,7619,7,1,36.0,36.0
22498,7620,23,1,18.0,18.0
22499,7620,11,2,33.0,66.0
22500,7620,16,1,32.0,32.0
22501,7621,3,3,42.0,126.0
22502,7621,2,1,34.0,34.0
22503,7622,33,1,14.0,14.0
22504,7622,5,1,30.0,30.0
22505,7622,20,1,16.0,16.0
22506,7623,40,3,10.0,30.0
22507,7623,6,1,38.0,38.0
22508,7624,9,1,35.0,35.0
22509,7624,31,1,36.0,36.0
22510,7625,30,3,38.0,114.0
22511,7625,12,1,36.0,36.0
22512,7625,7,1,36.0,36.0
22513,7626,35,2,9.0,18.0
22514,7627,1,2,28.0,56.0
22515,7627,7,3,36.0,108.0
22516,7627,8,3,24.0,72.0
22517,7627,5,1,30.0,30.0
22518,7627,2,1,34.0,34.0
22519,7627,22,1,22.0,22.0
22520,7628,28,1,34.0,34.0
22521,7629,33,2,14.0,28.0
22522,7629,35,2,9.0,18.0
22523,7630,25,2,26.0,52.0
22524,7630,33,2,14.0,28.0
22525,7630,36,2,6.0,12.0
22526,7631,29,2,44.0,88.0
22527,7631,27,1,25.0,25.0
22528,7632,30,3,38.0,114.0
22529,7633,5,2,30.0,60.0
22530,7633,16,1,32.0,32.0
22531,7633,25,1,26.0,26.0
22532,7634,2,3,34.0,102.0
22533,7634,8,1,24.0,24.0
22534,7635,24,2,24.0,48.0
22535,7635,8,2,24.0,48.0
22536,7636,10,1,32.0,32.0
22537,7636,12,1,36.0,36.0
22538,7636,2,2,34.0,68.0
22539,7636,23,2,18.0,36.0
22540,7637,30,1,38.0,38.0
22541,7637,9,3,35.0,105.0
22542,7637,12,2,36.0,72.0
22543,7637,13,1,28.0,28.0
22544,7637,28,2,34.0,68.0
22545,7637,6,2,38.0,76.0
22546,7638,37,1,18.0,18.0
22547,7638,7,1,36.0,36.0
22548,7639,10,2,32.0,64.0
22549,7639,27,2,25.0,50.0
22550,7639,15,1,30.0,30.0
22551,7640,11,1,33.0,33.0
22552,7640,13,3,28.0,84.0
22553,7641,27,1,25.0,25.0
22554,7641,12,1,36.0,36.0
22555,7642,12,2,36.0,72.0
22556,7642,36,2,6.0,12.0
22557,7643,9,1,35.0,35.0
22558,7643,21,1,20.0,20.0
22559,7643,3,1,42.0,42.0
22560,7644,1,2,28.0,56.0
22561,7644,18,1,38.0,38.0
22562,7645,38,2,12.0,24.0
22563,7645,16,1,32.0,32.0
22564,7646,2,1,34.0,34.0
22565,7646,10,1,32.0,32.0
22566,7646,6,2,38.0,76.0
22567,7646,17,2,26.0,52.0
22568,7647,36,2,6.0,12.0
22569,7647,7,2,36.0,72.0
22570,7647,1,2,28.0,56.0
22571,7647,3,2,42.0,84.0
22572,7647,8,1,24.0,24.0
22573,7647,13,1,28.0,28.0
22574,7648,27,1,25.0,25.0
22575,7648,10,1,32.0,32.0
22576,7649,4,1,22.0,22.0
22577,7649,1,1,28.0,28.0
22578,7649,5,3,30.0,90.0
22579,7649,13,2,28.0,56.0
22580,7650,36,1,6.0,6.0
22581,7650,27,1,25.0,25.0
22582,7650,30,1,38.0,38.0
22583,7651,38,1,12.0,12.0
22584,7651,6,1,38.0,38.0
22585,7652,28,2,34.0,68.0
22586,7652,21,1,20.0,20.0
22587,7653,24,1,24.0,24.0
22588,7653,23,1,18.0,18.0
22589,7653,40,2,10.0,20.0
22590,7653,12,3,36.0,108.0
22591,7653,29,3,44.0,132.0
22592,7654,9,1,35.0,35.0
22593,7655,12,3,36.0,108.0
22594,7655,7,1,36.0,36.0
22595,7656,27,1,25.0,25.0
22596,7656,35,1,9.0,9.0
22597,7657,7,3,36.0,108.0
22598,7657,18,1,38.0,38.0
22599,7657,34,1,10.0,10.0
22600,7658,39,1,8.0,8.0
22601,7659,12,1,36.0,36.0
22602,7659,7,1,36.0,36.0
22603,7660,12,3,36.0,108.0
22604,7660,20,1,16.0,16.0
22605,7660,18,1,38.0,38.0
22606,7660,8,1,24.0,24.0
22607,7660,28,1,34.0,34.0
22608,7660,32,2,37.0,74.0
22609,7661,11,1,33.0,33.0
22610,7661,6,2,38.0,76.0
22611,7661,33,3,14.0,42.0
22612,7662,4,1,22.0,22.0
22613,7663,6,3,38.0,114.0
22614,7663,9,2,35.0,70.0
22615,7663,21,1,20.0,20.0
22616,7664,33,2,14.0,28.0
22617,7664,10,1,32.0,32.0
22618,7664,26,1,42.0,42.0
22619,7664,21,2,20.0,40.0
22620,7664,15,1,30.0,30.0
22621,7664,4,1,22.0,22.0
22622,7665,12,1,36.0,36.0
22623,7665,18,3,38.0,114.0
22624,7665,5,1,30.0,30.0
22625,7666,5,3,30.0,90.0
22626,7666,4,1,22.0,22.0
22627,7666,7,1,36.0,36.0
22628,7666,33,1,14.0,14.0
22629,7666,24,1,24.0,24.0
22630,7667,6,1,38.0,38.0
22631,7667,24,1,24.0,24.0
22632,7667,28,1,34.0,34.0
22633,7667,5,1,30.0,30.0
22634,7667,8,3,24.0,72.0
22635,7668,8,2,24.0,48.0
22636,7668,18,2,38.0,76.0
22637,7669,4,2,22.0,44.0
22638,7669,31,1,36.0,36.0
22639,7670,10,1,32.0,32.0
22640,7670,12,2,36.0,72.0
22641,7671,11,1,33.0,33.0
22642,7671,13,1,28.0,28.0
22643,7671,37,1,18.0,18.0
22644,7672,4,2,22.0,44.0
22645,7672,16,1,32.0,32.0
22646,7673,26,3,42.0,126.0
22647,7673,6,3,38.0,114.0
22648,7674,19,1,18.0,18.0
22649,7674,37,1,18.0,18.0
22650,7674,7,2,36.0,72.0
22651,7675,26,2,42.0,84.0
22652,7675,8,3,24.0,72.0
22653,7675,36,3,6.0,18.0
22654,7675,17,2,26.0,52.0
22655,7676,6,1,38.0,38.0
22656,7676,30,2,38.0,76.0
22657,7676,35,2,9.0,18.0
22658,7676,3,3,42.0,126.0
22659,7677,24,1,24.0,24.0
22660,7677,3,1,42.0,42.0
22661,7678,6,1,38.0,38.0
22662,7679,14,3,45.0,135.0
22663,7679,37,1,18.0,18.0
22664,7679,18,1,38.0,38.0
22665,7680,14,1,45.0,45.0
22666,7680,1,1,28.0,28.0
22667,7681,3,1,42.0,42.0
22668,7681,25,1,26.0,26.0
22669,7682,37,3,18.0,54.0
22670,7682,31,1,36.0,36.0
22671,7683,7,1,36.0,36.0
22672,7684,6,3,38.0,114.0
22673,7684,28,1,34.0,34.0
22674,7685,9,1,35.0,35.0
22675,7685,6,2,38.0,76.0
22676,7686,11,2,33.0,66.0
22677,7686,7,2,36.0,72.0
22678,7686,1,1,28.0,28.0
22679,7687,21,1,20.0,20.0
22680,7687,10,1,32.0,32.0
22681,7687,6,1,38.0,38.0
22682,7687,8,1,24.0,24.0
22683,7688,8,1,24.0,24.0
22684,7688,15,2,30.0,60.0
22685,7688,37,1,18.0,18.0
22686,7688,20,1,16.0,16.0
22687,7689,5,1,30.0,30.0
22688,7689,26,1,42.0,42.0
22689,7689,15,1,30.0,30.0
22690,7689,8,3,24.0,72.0
22691,7689,30,3,38.0,114.0
22692,7689,34,1,10.0,10.0
22693,7690,2,1,34.0,34.0
22694,7690,6,1,38.0,38.0
22695,7691,5,2,30.0,60.0
22696,7691,27,2,25.0,50.0
22697,7691,32,1,37.0,37.0
22698,7691,18,2,38.0,76.0
22699,7692,35,1,9.0,9.0
22700,7692,20,2,16.0,32.0
22701,7692,1,1,28.0,28.0
22702,7693,5,3,30.0,90.0
22703,7693,4,2,22.0,44.0
22704,7693,27,1,25.0,25.0
22705,7694,3,1,42.0,42.0
22706,7695,34,1,10.0,10.0
22707,7695,30,1,38.0,38.0
22708,7695,3,1,42.0,42.0
22709,7695,10,1,32.0,32.0
22710,7695,40,1,10.0,10.0
22711,7696,11,2,33.0,66.0
22712,7696,5,3,30.0,90.0
22713,7697,40,1,10.0,10.0
22714,7697,7,1,36.0,36.0
22715,7698,10,1,32.0,32.0
22716,7698,29,2,44.0,88.0
22717,7698,30,1,38.0,38.0
22718,7698,19,1,18.0,18.0
22719,7698,9,1,35.0,35.0
22720,7699,7,1,36.0,36.0
22721,7699,38,3,12.0,36.0
22722,7700,1,2,28.0,56.0
22723,7700,4,1,22.0,22.0
22724,7700,14,2,45.0,90.0
22725,7700,7,1,36.0,36.0
22726,7701,25,3,26.0,78.0
22727,7701,15,2,30.0,60.0
22728,7702,12,2,36.0,72.0
22729,7702,7,2,36.0,72.0
22730,7703,7,1,36.0,36.0
22731,7703,8,1,24.0,24.0
22732,7703,21,1,20.0,20.0
22733,7704,12,2,36.0,72.0
22734,7704,5,1,30.0,30.0
22735,7704,29,2,44.0,88.0
22736,7704,7,3,36.0,108.0
22737,7705,8,1,24.0,24.0
22738,7705,16,1,32.0,32.0
22739,7705,1,1,28.0,28.0
22740,7706,20,2,16.0,32.0
22741,7706,40,1,10.0,10.0
22742,7706,29,1,44.0,44.0
22743,7706,1,1,28.0,28.0
22744,7707,2,1,34.0,34.0
22745,7707,24,1,24.0,24.0
22746,7708,12,2,36.0,72.0
22747,7708,25,2,26.0,52.0
22748,7709,33,1,14.0,14.0
22749,7709,7,1,36.0,36.0
22750,7710,16,1,32.0,32.0
22751,7710,3,1,42.0,42.0
22752,7711,2,2,34.0,68.0
22753,7711,10,1,32.0,32.0
22754,7711,37,1,18.0,18.0
22755,7712,33,2,14.0,28.0
22756,7712,2,1,34.0,34.0
22757,7712,6,2,38.0,76.0
22758,7712,12,1,36.0,36.0
22759,7712,25,1,26.0,26.0
22760,7712,37,1,18.0,18.0
22761,7713,13,2,28.0,56.0
22762,7713,25,1,26.0,26.0
22763,7714,10,3,32.0,96.0
22764,7714,15,2,30.0,60.0
22765,7715,6,3,38.0,114.0
22766,7715,5,3,30.0,90.0
22767,7715,22,1,22.0,22.0
22768,7715,36,1,6.0,6.0
22769,7715,4,2,22.0,44.0
22770,7716,12,2,36.0,72.0
22771,7716,13,2,28.0,56.0
22772,7716,29,1,44.0,44.0
22773,7716,19,2,18.0,36.0
22774,7717,7,3,36.0,108.0
22775,7717,16,1,32.0,32.0
22776,7718,9,1,35.0,35.0
22777,7718,2,1,34.0,34.0
22778,7719,28,1,34.0,34.0
22779,7719,2,2,34.0,68.0
22780,7719,33,1,14.0,14.0
22781,7720,8,2,24.0,48.0
22782,7720,2,2,34.0,68.0
22783,7720,13,3,28.0,84.0
22784,7720,34,1,10.0,10.0
22785,7720,40,2,10.0,20.0
22786,7720,19,2,18.0,36.0
22787,7721,1,1,28.0,28.0
22788,7721,16,2,32.0,64.0
22789,7722,4,2,22.0,44.0
22790,7722,14,2,45.0,90.0
22791,7722,37,3,18.0,54.0
22792,7723,39,2,8.0,16.0
22793,7723,5,2,30.0,60.0
22794,7723,7,1,36.0,36.0
22795,7723,23,1,18.0,18.0
22796,7724,11,1,33.0,33.0
22797,7724,13,1,28.0,28.0
22798,7724,7,1,36.0,36.0
22799,7725,9,1,35.0,35.0
22800,7725,12,1,36.0,36.0
22801,7725,2,1,34.0,34.0
22802,7726,29,1,44.0,44.0
22803,7726,18,2,38.0,76.0
22804,7726,2,1,34.0,34.0
22805,7727,23,3,18.0,54.0
22806,7727,6,2,38.0,76.0
22807,7728,5,1,30.0,30.0
22808,7728,8,1,24.0,24.0
22809,7728,7,3,36.0,108.0
22810,7729,28,1,34.0,34.0
22811,7729,33,1,14.0,14.0
22812,7729,11,2,33.0,66.0
22813,7730,31,1,36.0,36.0
22814,7730,1,1,28.0,28.0
22815,7730,6,1,38.0,38.0
22816,7730,30,2,38.0,76.0
22817,7731,20,2,16.0,32.0
22818,7731,25,1,26.0,26.0
22819,7732,17,2,26.0,52.0
22820,7732,37,2,18.0,36.0
22821,7732,32,3,37.0,111.0
22822,7732,23,1,18.0,18.0
22823,7732,26,1,42.0,42.0
22824,7733,15,1,30.0,30.0
22825,7733,22,1,22.0,22.0
22826,7734,21,1,20.0,20.0
22827,7734,32,2,37.0,74.0
22828,7734,3,1,42.0,42.0
22829,7735,10,2,32.0,64.0
22830,7735,7,2,36.0,72.0
22831,7736,23,2,18.0,36.0
22832,7736,16,1,32.0,32.0
22833,7736,12,1,36.0,36.0
22834,7736,1,1,28.0,28.0
22835,7737,11,1,33.0,33.0
22836,7737,20,3,16.0,48.0
22837,7737,6,2,38.0,76.0
22838,7738,36,1,6.0,6.0
22839,7738,14,1,45.0,45.0
22840,7739,11,1,33.0,33.0
22841,7739,1,1,28.0,28.0
22842,7739,15,1,30.0,30.0
22843,7740,3,3,42.0,126.0
22844,7741,12,1,36.0,36.0
22845,7741,4,1,22.0,22.0
22846,7742,34,2,10.0,20.0
22847,7742,7,3,36.0,108.0
22848,7742,39,1,8.0,8.0
22849,7742,20,3,16.0,48.0
22850,7742,16,1,32.0,32.0
22851,7742,13,1,28.0,28.0
22852,7743,17,2,26.0,52.0
22853,7743,9,2,35.0,70.0
22854,7743,3,2,42.0,84.0
22855,7743,25,2,26.0,52.0
22856,7743,20,2,16.0,32.0
22857,7744,8,2,24.0,48.0
22858,7744,4,1,22.0,22.0
22859,7744,30,1,38.0,38.0
22860,7745,14,2,45.0,90.0
22861,7745,37,2,18.0,36.0
22862,7746,27,1,25.0,25.0
22863,7746,38,1,12.0,12.0
22864,7746,18,3,38.0,114.0
22865,7747,2,1,34.0,34.0
22866,7747,37,3,18.0,54.0
22867,7747,4,1,22.0,22.0
22868,7747,8,1,24.0,24.0
22869,7747,11,1,33.0,33.0
22870,7748,16,1,32.0,32.0
22871,7748,1,2,28.0,56.0
22872,7748,2,1,34.0,34.0
22873,7749,8,2,24.0,48.0
22874,7749,4,1,22.0,22.0
22875,7749,28,1,34.0,34.0
22876,7750,18,1,38.0,38.0
22877,7750,4,1,22.0,22.0
22878,7750,8,2,24.0,48.0
22879,7750,34,1,10.0,10.0
22880,7751,32,1,37.0,37.0
22881,7751,13,1,28.0,28.0
22882,7751,1,1,28.0,28.0
22883,7752,27,2,25.0,50.0
22884,7752,32,2,37.0,74.0
22885,7752,34,1,10.0,10.0
22886,7752,3,2,42.0,84.0
22887,7752,1,2,28.0,56.0
22888,7753,26,1,42.0,42.0
22889,7753,2,1,34.0,34.0
22890,7753,16,1,32.0,32.0
22891,7754,40,3,10.0,30.0
22892,7754,36,1,6.0,6.0
22893,7754,5,1,30.0,30.0
22894,7755,5,1,30.0,30.0
22895,7755,22,1,22.0,22.0
22896,7755,4,1,22.0,22.0
22897,7756,19,2,18.0,36.0
22898,7756,21,1,20.0,20.0
22899,7757,25,2,26.0,52.0
22900,7757,23,2,18.0,36.0
22901,7757,19,3,18.0,54.0
22902,7757,20,3,16.0,48.0
22903,7758,7,3,36.0,108.0
22904,7759,30,2,38.0,76.0
22905,7759,34,2,10.0,20.0
22906,7759,6,1,38.0,38.0
22907,7759,25,2,26.0,52.0
22908,7759,5,1,30.0,30.0
22909,7760,12,2,36.0,72.0
22910,7760,30,3,38.0,114.0
22911,7760,25,2,26.0,52.0
22912,7760,37,3,18.0,54.0
22913,7761,4,1,22.0,22.0
22914,7761,34,1,10.0,10.0
22915,7761,32,1,37.0,37.0
22916,7762,26,1,42.0,42.0
22917,7762,9,2,35.0,70.0
22918,7762,5,3,30.0,90.0
22919,7763,7,2,36.0,72.0
22920,7763,18,2,38.0,76.0
22921,7763,32,1,37.0,37.0
22922,7764,7,1,36.0,36.0
22923,7764,15,1,30.0,30.0
22924,7764,26,1,42.0,42.0
22925,7765,25,1,26.0,26.0
22926,7765,10,1,32.0,32.0
22927,7766,8,1,24.0,24.0
22928,7766,1,1,28.0,28.0
22929,7766,12,3,36.0,108.0
22930,7767,5,2,30.0,60.0
22931,7767,2,2,34.0,68.0
22932,7768,2,1,34.0,34.0
22933,7768,10,1,32.0,32.0
22934,7768,7,1,36.0,36.0
22935,7768,26,2,42.0,84.0
22936,7769,12,2,36.0,72.0
22937,7769,33,1,14.0,14.0
22938,7769,13,1,28.0,28.0
22939,7770,30,2,38.0,76.0
22940,7770,22,1,22.0,22.0
22941,7770,26,1,42.0,42.0
22942,7770,25,3,26.0,78.0
22943,7771,2,1,34.0,34.0
22944,7771,8,2,24.0,48.0
22945,7771,10,1,32.0,32.0
22946,7772,11,2,33.0,66.0
22947,7773,1,2,28.0,56.0
22948,7773,24,2,24.0,48.0
22949,7773,12,1,36.0,36.0
22950,7773,39,1,8.0,8.0
22951,7773,4,1,22.0,22.0
22952,7773,23,1,18.0,18.0
22953,7774,13,1,28.0,28.0
22954,7774,8,1,24.0,24.0
22955,7774,37,3,18.0,54.0
22956,7774,4,2,22.0,44.0
22957,7774,1,1,28.0,28.0
22958,7775,10,2,32.0,64.0
22959,7775,17,2,26.0,52.0
22960,7775,33,1,14.0,14.0
22961,7776,37,1,18.0,18.0
22962,7776,8,1,24.0,24.0
22963,7776,31,1,36.0,36.0
22964,7777,22,1,22.0,22.0
22965,7777,15,1,30.0,30.0
22966,7777,18,1,38.0,38.0
22967,7777,8,1,24.0,24.0
22968,7778,7,1,36.0,36.0
22969,7778,36,3,6.0,18.0
22970,7779,28,1,34.0,34.0
22971,7779,5,1,30.0,30.0
22972,7779,7,1,36.0,36.0
22973,7780,40,1,10.0,10.0
22974,7780,1,1,28.0,28.0
22975,7781,10,1,32.0,32.0
22976,7782,13,2,28.0,56.0
22977,7782,6,2,38.0,76.0
22978,7783,13,1,28.0,28.0
22979,7783,35,1,9.0,9.0
22980,7783,17,2,26.0,52.0
22981,7784,6,2,38.0,76.0
22982,7784,1,1,28.0,28.0
22983,7784,8,1,24.0,24.0
22984,7784,24,1,24.0,24.0
22985,7784,7,1,36.0,36.0
22986,7785,23,1,18.0,18.0
22987,7785,22,2,22.0,44.0
22988,7785,7,1,36.0,36.0
22989,7786,8,2,24.0,48.0
22990,7786,16,2,32.0,64.0
22991,7786,24,1,24.0,24.0
22992,7787,38,3,12.0,36.0
22993,7787,10,1,32.0,32.0
22994,7787,5,3,30.0,90.0
22995,7787,8,1,24.0,24.0
22996,7787,28,1,34.0,34.0
22997,7787,33,2,14.0,28.0
22998,7788,10,1,32.0,32.0
22999,7788,11,1,33.0,33.0
23000,7788,13,1,28.0,28.0
23001,7789,21,1,20.0,20.0
23002,7789,13,1,28.0,28.0
23003,7789,5,1,30.0,30.0
23004,7790,7,1,36.0,36.0
23005,7790,2,3,34.0,102.0
23006,7790,8,2,24.0,48.0
23007,7791,33,1,14.0,14.0
23008,7791,3,1,42.0,42.0
23009,7791,7,1,36.0,36.0
23010,7791,24,1,24.0,24.0
23011,7792,1,1,28.0,28.0
23012,7792,4,1,22.0,22.0
23013,7792,7,1,36.0,36.0
23014,7792,15,2,30.0,60.0
23015,7793,24,1,24.0,24.0
23016,7793,21,1,20.0,20.0
23017,7793,12,1,36.0,36.0
23018,7793,2,1,34.0,34.0
23019,7794,1,1,28.0,28.0
23020,7794,14,1,45.0,45.0
23021,7795,35,1,9.0,9.0
23022,7795,16,1,32.0,32.0
23023,7795,24,1,24.0,24.0
23024,7796,6,1,38.0,38.0
23025,7796,24,1,24.0,24.0
23026,7796,35,2,9.0,18.0
23027,7796,8,1,24.0,24.0
23028,7797,35,1,9.0,9.0
23029,7797,1,2,28.0,56.0
23030,7798,20,1,16.0,16.0
23031,7798,12,1,36.0,36.0
23032,7798,2,1,34.0,34.0
23033,7799,1,2,28.0,56.0
23034,7799,23,1,18.0,18.0
23035,7799,38,3,12.0,36.0
23036,7800,18,2,38.0,76.0
23037,7800,27,2,25.0,50.0
23038,7801,18,1,38.0,38.0
23039,7801,16,2,32.0,64.0
23040,7802,14,2,45.0,90.0
23041,7802,7,2,36.0,72.0
23042,7802,16,2,32.0,64.0
23043,7803,8,2,24.0,48.0
23044,7803,7,1,36.0,36.0
23045,7804,16,2,32.0,64.0
23046,7804,5,2,30.0,60.0
23047,7805,5,1,30.0,30.0
23048,7805,7,2,36.0,72.0
23049,7806,26,2,42.0,84.0
23050,7806,30,1,38.0,38.0
23051,7806,10,3,32.0,96.0
23052,7806,6,3,38.0,114.0
23053,7806,7,1,36.0,36.0
23054,7807,2,2,34.0,68.0
23055,7807,23,2,18.0,36.0
23056,7807,15,1,30.0,30.0
23057,7807,5,1,30.0,30.0
23058,7807,33,1,14.0,14.0
23059,7808,33,1,14.0,14.0
23060,7808,4,1,22.0,22.0
23061,7808,10,2,32.0,64.0
23062,7809,30,2,38.0,76.0
23063,7809,21,1,20.0,20.0
23064,7809,4,1,22.0,22.0
23065,7809,17,1,26.0,26.0
23066,7809,35,1,9.0,9.0
23067,7810,26,1,42.0,42.0
23068,7810,4,2,22.0,44.0
23069,7811,32,1,37.0,37.0
23070,7811,31,1,36.0,36.0
23071,7811,6,1,38.0,38.0
23072,7811,8,2,24.0,48.0
23073,7812,33,2,14.0,28.0
23074,7812,25,1,26.0,26.0
23075,7812,3,1,42.0,42.0
23076,7812,40,1,10.0,10.0
23077,7813,22,3,22.0,66.0
23078,7813,6,2,38.0,76.0
23079,7813,21,2,20.0,40.0
23080,7813,39,1,8.0,8.0
23081,7814,13,1,28.0,28.0
23082,7814,1,1,28.0,28.0
23083,7814,31,2,36.0,72.0
23084,7814,8,1,24.0,24.0
23085,7815,39,1,8.0,8.0
23086,7816,1,1,28.0,28.0
23087,7816,2,1,34.0,34.0
23088,7816,8,1,24.0,24.0
23089,7817,36,2,6.0,12.0
23090,7817,12,1,36.0,36.0
23091,7818,18,3,38.0,114.0
23092,7818,8,1,24.0,24.0
23093,7818,12,2,36.0,72.0
23094,7819,9,1,35.0,35.0
23095,7819,27,1,25.0,25.0
23096,7820,1,1,28.0,28.0
23097,7820,5,2,30.0,60.0
23098,7820,30,1,38.0,38.0
23099,7821,12,1,36.0,36.0
23100,7821,4,1,22.0,22.0
23101,7821,30,1,38.0,38.0
23102,7821,26,1,42.0,42.0
23103,7821,5,1,30.0,30.0
23104,7822,16,1,32.0,32.0
23105,7822,33,1,14.0,14.0
23106,7822,34,2,10.0,20.0
23107,7822,37,3,18.0,54.0
23108,7822,2,1,34.0,34.0
23109,7823,37,1,18.0,18.0
23110,7823,5,2,30.0,60.0
23111,7823,26,2,42.0,84.0
23112,7824,18,1,38.0,38.0
23113,7824,8,2,24.0,48.0
23114,7824,30,2,38.0,76.0
23115,7824,23,2,18.0,36.0
23116,7824,12,1,36.0,36.0
23117,7825,13,2,28.0,56.0
23118,7825,7,1,36.0,36.0
23119,7825,24,2,24.0,48.0
23120,7826,25,1,26.0,26.0
23121,7826,1,1,28.0,28.0
23122,7826,8,2,24.0,48.0
23123,7826,28,1,34.0,34.0
23124,7826,24,1,24.0,24.0
23125,7827,16,1,32.0,32.0
23126,7827,2,1,34.0,34.0
23127,7827,35,1,9.0,9.0
23128,7828,8,1,24.0,24.0
23129,7828,13,2,28.0,56.0
23130,7828,33,1,14.0,14.0
23131,7829,15,1,30.0,30.0
23132,7829,7,2,36.0,72.0
23133,7829,16,2,32.0,64.0
23134,7830,38,2,12.0,24.0
23135,7830,4,1,22.0,22.0
23136,7830,6,1,38.0,38.0
23137,7831,8,1,24.0,24.0
23138,7831,19,2,18.0,36.0
23139,7831,3,1,42.0,42.0
23140,7831,5,2,30.0,60.0
23141,7831,22,1,22.0,22.0
23142,7831,24,1,24.0,24.0
23143,7832,1,1,28.0,28.0
23144,7832,34,1,10.0,10.0
23145,7832,29,1,44.0,44.0
23146,7833,32,1,37.0,37.0
23147,7833,19,2,18.0,36.0
23148,7833,4,2,22.0,44.0
23149,7834,10,2,32.0,64.0
23150,7834,7,2,36.0,72.0
23151,7834,5,1,30.0,30.0
23152,7835,33,2,14.0,28.0
23153,7835,15,2,30.0,60.0
23154,7835,10,2,32.0,64.0
23155,7836,7,2,36.0,72.0
23156,7836,39,1,8.0,8.0
23157,7837,18,2,38.0,76.0
23158,7837,37,1,18.0,18.0
23159,7837,36,2,6.0,12.0
23160,7837,11,1,33.0,33.0
23161,7838,3,2,42.0,84.0
23162,7838,4,2,22.0,44.0
23163,7839,2,1,34.0,34.0
23164,7839,6,1,38.0,38.0
23165,7840,31,2,36.0,72.0
23166,7840,1,2,28.0,56.0
23167,7841,27,1,25.0,25.0
23168,7841,8,2,24.0,48.0
23169,7841,26,1,42.0,42.0
23170,7841,12,1,36.0,36.0
23171,7841,7,3,36.0,108.0
23172,7842,25,1,26.0,26.0
23173,7842,24,1,24.0,24.0
23174,7842,34,1,10.0,10.0
23175,7843,22,3,22.0,66.0
23176,7843,30,2,38.0,76.0
23177,7844,7,1,36.0,36.0
23178,7844,16,3,32.0,96.0
23179,7844,8,1,24.0,24.0
23180,7845,25,1,26.0,26.0
23181,7845,22,2,22.0,44.0
23182,7846,12,1,36.0,36.0
23183,7846,2,1,34.0,34.0
23184,7846,7,2,36.0,72.0
23185,7847,40,1,10.0,10.0
23186,7847,16,2,32.0,64.0
23187,7847,13,1,28.0,28.0
23188,7848,5,2,30.0,60.0
23189,7848,10,2,32.0,64.0
23190,7848,7,2,36.0,72.0
23191,7849,1,1,28.0,28.0
23192,7849,15,3,30.0,90.0
23193,7849,6,2,38.0,76.0
23194,7849,24,3,24.0,72.0
23195,7850,35,1,9.0,9.0
23196,7850,32,1,37.0,37.0
23197,7850,5,2,30.0,60.0
23198,7850,21,2,20.0,40.0
23199,7851,19,1,18.0,18.0
23200,7851,24,1,24.0,24.0
23201,7852,17,2,26.0,52.0
23202,7852,1,1,28.0,28.0
23203,7853,20,1,16.0,16.0
23204,7853,37,2,18.0,36.0
23205,7854,24,1,24.0,24.0
23206,7855,37,2,18.0,36.0
23207,7855,26,1,42.0,42.0
23208,7855,12,3,36.0,108.0
23209,7855,29,3,44.0,132.0
23210,7856,31,1,36.0,36.0
23211,7856,1,2,28.0,56.0
23212,7857,33,3,14.0,42.0
23213,7857,1,2,28.0,56.0
23214,7858,6,1,38.0,38.0
23215,7858,30,1,38.0,38.0
23216,7859,23,1,18.0,18.0
23217,7859,24,1,24.0,24.0
23218,7859,14,1,45.0,45.0
23219,7859,18,2,38.0,76.0
23220,7859,5,2,30.0,60.0
23221,7859,35,2,9.0,18.0
23222,7860,24,1,24.0,24.0
23223,7860,8,1,24.0,24.0
23224,7861,33,2,14.0,28.0
23225,7861,3,1,42.0,42.0
23226,7861,35,1,9.0,9.0
23227,7862,6,1,38.0,38.0
23228,7862,22,1,22.0,22.0
23229,7862,10,1,32.0,32.0
23230,7863,7,1,36.0,36.0
23231,7863,24,1,24.0,24.0
23232,7864,24,1,24.0,24.0
23233,7864,32,1,37.0,37.0
23234,7864,12,2,36.0,72.0
23235,7865,21,1,20.0,20.0
23236,7865,7,1,36.0,36.0
23237,7865,20,1,16.0,16.0
23238,7865,18,2,38.0,76.0
23239,7866,37,2,18.0,36.0
23240,7866,2,2,34.0,68.0
23241,7866,6,2,38.0,76.0
23242,7866,3,1,42.0,42.0
23243,7866,34,1,10.0,10.0
23244,7867,20,2,16.0,32.0
23245,7867,21,1,20.0,20.0
23246,7867,26,2,42.0,84.0
23247,7868,23,1,18.0,18.0
23248,7868,5,1,30.0,30.0
23249,7868,34,3,10.0,30.0
23250,7868,12,1,36.0,36.0
23251,7868,8,3,24.0,72.0
23252,7868,20,2,16.0,32.0
23253,7869,13,2,28.0,56.0
23254,7870,37,2,18.0,36.0
23255,7870,1,1,28.0,28.0
23256,7870,2,2,34.0,68.0
23257,7870,7,2,36.0,72.0
23258,7871,7,1,36.0,36.0
23259,7871,23,2,18.0,36.0
23260,7871,5,2,30.0,60.0
23261,7872,13,1,28.0,28.0
23262,7872,6,3,38.0,114.0
23263,7872,7,2,36.0,72.0
23264,7872,20,1,16.0,16.0
23265,7872,15,1,30.0,30.0
23266,7873,10,2,32.0,64.0
23267,7873,34,1,10.0,10.0
23268,7873,23,1,18.0,18.0
23269,7873,19,1,18.0,18.0
23270,7873,18,2,38.0,76.0
23271,7874,15,1,30.0,30.0
23272,7874,33,1,14.0,14.0
23273,7874,17,3,26.0,78.0
23274,7875,37,1,18.0,18.0
23275,7875,33,1,14.0,14.0
23276,7875,9,1,35.0,35.0
23277,7875,10,1,32.0,32.0
23278,7875,3,1,42.0,42.0
23279,7876,2,1,34.0,34.0
23280,7876,8,2,24.0,48.0
23281,7876,7,3,36.0,108.0
23282,7877,8,1,24.0,24.0
23283,7877,10,2,32.0,64.0
23284,7877,7,3,36.0,108.0
23285,7878,18,3,38.0,114.0
23286,7878,13,3,28.0,84.0
23287,7878,2,1,34.0,34.0
23288,7879,16,2,32.0,64.0
23289,7879,17,1,26.0,26.0
23290,7879,4,2,22.0,44.0
23291,7880,1,1,28.0,28.0
23292,7881,22,1,22.0,22.0
23293,7881,10,2,32.0,64.0
23294,7881,7,2,36.0,72.0
23295,7881,4,1,22.0,22.0
23296,7882,5,1,30.0,30.0
23297,7882,25,2,26.0,52.0
23298,7882,32,1,37.0,37.0
23299,7883,7,1,36.0,36.0
23300,7883,17,1,26.0,26.0
23301,7883,6,1,38.0,38.0
23302,7883,2,1,34.0,34.0
23303,7884,2,1,34.0,34.0
23304,7884,23,2,18.0,36.0
23305,7884,11,1,33.0,33.0
23306,7884,37,2,18.0,36.0
23307,7885,6,1,38.0,38.0
23308,7886,16,1,32.0,32.0
23309,7886,2,1,34.0,34.0
23310,7887,5,1,30.0,30.0
23311,7887,33,1,14.0,14.0
23312,7887,7,1,36.0,36.0
23313,7888,23,1,18.0,18.0
23314,7888,7,1,36.0,36.0
23315,7888,21,3,20.0,60.0
23316,7889,32,1,37.0,37.0
23317,7889,2,1,34.0,34.0
23318,7889,19,1,18.0,18.0
23319,7889,13,1,28.0,28.0
23320,7890,4,1,22.0,22.0
23321,7890,15,1,30.0,30.0
23322,7890,35,2,9.0,18.0
23323,7891,31,2,36.0,72.0
23324,7891,9,1,35.0,35.0
23325,7891,33,1,14.0,14.0
23326,7892,5,1,30.0,30.0
23327,7892,32,3,37.0,111.0
23328,7893,16,2,32.0,64.0
23329,7893,39,1,8.0,8.0
23330,7893,38,1,12.0,12.0
23331,7893,19,2,18.0,36.0
23332,7894,32,1,37.0,37.0
23333,7894,25,3,26.0,78.0
23334,7895,21,1,20.0,20.0
23335,7895,3,1,42.0,42.0
23336,7895,25,2,26.0,52.0
23337,7895,5,1,30.0,30.0
23338,7896,9,1,35.0,35.0
23339,7896,2,1,34.0,34.0
23340,7897,30,2,38.0,76.0
23341,7897,4,1,22.0,22.0
23342,7897,25,2,26.0,52.0
23343,7897,10,1,32.0,32.0
23344,7898,19,1,18.0,18.0
23345,7898,25,3,26.0,78.0
23346,7899,15,1,30.0,30.0
23347,7899,2,1,34.0,34.0
23348,7899,10,1,32.0,32.0
23349,7900,1,2,28.0,56.0
23350,7900,15,2,30.0,60.0
23351,7900,24,1,24.0,24.0
23352,7901,15,1,30.0,30.0
23353,7902,33,2,14.0,28.0
23354,7903,12,2,36.0,72.0
23355,7903,20,1,16.0,16.0
23356,7903,9,1,35.0,35.0
23357,7903,15,1,30.0,30.0
23358,7903,34,2,10.0,20.0
23359,7903,8,1,24.0,24.0
23360,7904,6,2,38.0,76.0
23361,7904,7,1,36.0,36.0
23362,7905,29,1,44.0,44.0
23363,7905,21,1,20.0,20.0
23364,7905,37,1,18.0,18.0
23365,7905,27,1,25.0,25.0
23366,7906,10,1,32.0,32.0
23367,7906,6,2,38.0,76.0
23368,7906,9,1,35.0,35.0
23369,7906,13,1,28.0,28.0
23370,7907,21,1,20.0,20.0
23371,7907,13,2,28.0,56.0
23372,7907,25,2,26.0,52.0
23373,7908,36,2,6.0,12.0
23374,7908,5,3,30.0,90.0
23375,7908,33,2,14.0,28.0
23376,7908,22,1,22.0,22.0
23377,7908,7,2,36.0,72.0
23378,7909,12,1,36.0,36.0
23379,7910,14,2,45.0,90.0
23380,7910,33,2,14.0,28.0
23381,7911,1,2,28.0,56.0
23382,7912,16,1,32.0,32.0
23383,7912,21,1,20.0,20.0
23384,7912,14,1,45.0,45.0
23385,7913,1,2,28.0,56.0
23386,7913,17,1,26.0,26.0
23387,7914,3,1,42.0,42.0
23388,7914,4,1,22.0,22.0
23389,7915,3,1,42.0,42.0
23390,7915,2,1,34.0,34.0
23391,7916,16,2,32.0,64.0
23392,7916,20,1,16.0,16.0
23393,7916,12,2,36.0,72.0
23394,7917,8,1,24.0,24.0
23395,7917,32,1,37.0,37.0
23396,7918,8,1,24.0,24.0
23397,7919,12,1,36.0,36.0
23398,7919,7,1,36.0,36.0
23399,7919,5,2,30.0,60.0
23400,7919,4,1,22.0,22.0
23401,7920,2,2,34.0,68.0
23402,7920,4,2,22.0,44.0
23403,7921,39,1,8.0,8.0
23404,7921,27,2,25.0,50.0
23405,7921,2,2,34.0,68.0
23406,7921,25,2,26.0,52.0
23407,7922,3,2,42.0,84.0
23408,7923,38,2,12.0,24.0
23409,7923,31,1,36.0,36.0
23410,7923,36,2,6.0,12.0
23411,7924,36,1,6.0,6.0
23412,7924,17,1,26.0,26.0
23413,7925,8,2,24.0,48.0
23414,7925,12,1,36.0,36.0
23415,7925,1,1,28.0,28.0
23416,7926,21,1,20.0,20.0
23417,7926,37,1,18.0,18.0
23418,7926,2,1,34.0,34.0
23419,7926,5,1,30.0,30.0
23420,7927,23,1,18.0,18.0
23421,7927,7,2,36.0,72.0
23422,7927,15,2,30.0,60.0
23423,7928,23,2,18.0,36.0
23424,7928,12,3,36.0,108.0
23425,7929,13,1,28.0,28.0
23426,7929,27,3,25.0,75.0
23427,7929,3,2,42.0,84.0
23428,7930,18,1,38.0,38.0
23429,7930,1,1,28.0,28.0
23430,7930,26,2,42.0,84.0
23431,7930,2,1,34.0,34.0
23432,7930,4,2,22.0,44.0
23433,7930,5,1,30.0,30.0
23434,7931,39,2,8.0,16.0
23435,7931,6,3,38.0,114.0
23436,7932,2,1,34.0,34.0
23437,7932,37,2,18.0,36.0
23438,7932,9,1,35.0,35.0
23439,7933,11,1,33.0,33.0
23440,7933,2,3,34.0,102.0
23441,7933,14,1,45.0,45.0
23442,7933,8,2,24.0,48.0
23443,7934,12,1,36.0,36.0
23444,7934,23,1,18.0,18.0
23445,7934,25,1,26.0,26.0
23446,7935,35,1,9.0,9.0
23447,7935,7,3,36.0,108.0
23448,7935,34,1,10.0,10.0
23449,7935,3,3,42.0,126.0
23450,7936,24,1,24.0,24.0
23451,7937,12,1,36.0,36.0
23452,7937,6,1,38.0,38.0
23453,7937,35,2,9.0,18.0
23454,7937,37,1,18.0,18.0
23455,7937,1,1,28.0,28.0
23456,7937,31,1,36.0,36.0
23457,7938,26,1,42.0,42.0
23458,7938,1,3,28.0,84.0
23459,7938,39,1,8.0,8.0
23460,7938,10,2,32.0,64.0
23461,7939,9,2,35.0,70.0
23462,7939,8,2,24.0,48.0
23463,7940,27,1,25.0,25.0
23464,7940,26,1,42.0,42.0
23465,7940,24,1,24.0,24.0
23466,7940,21,1,20.0,20.0
23467,7940,19,1,18.0,18.0
23468,7940,33,1,14.0,14.0
23469,7941,26,1,42.0,42.0
23470,7942,20,1,16.0,16.0
23471,7942,33,1,14.0,14.0
23472,7943,8,1,24.0,24.0
23473,7944,31,1,36.0,36.0
23474,7945,23,1,18.0,18.0
23475,7945,34,2,10.0,20.0
23476,7945,27,2,25.0,50.0
23477,7945,14,3,45.0,135.0
23478,7946,16,1,32.0,32.0
23479,7947,36,1,6.0,6.0
23480,7947,13,1,28.0,28.0
23481,7948,9,1,35.0,35.0
23482,7948,37,1,18.0,18.0
23483,7949,8,1,24.0,24.0
23484,7949,4,1,22.0,22.0
23485,7949,5,1,30.0,30.0
23486,7949,1,1,28.0,28.0
23487,7950,2,1,34.0,34.0
23488,7950,13,1,28.0,28.0
23489,7950,37,1,18.0,18.0
23490,7950,24,1,24.0,24.0
23491,7950,26,2,42.0,84.0
23492,7951,2,2,34.0,68.0
23493,7951,7,1,36.0,36.0
23494,7952,22,1,22.0,22.0
23495,7952,2,1,34.0,34.0
23496,7952,30,1,38.0,38.0
23497,7952,1,2,28.0,56.0
23498,7952,24,1,24.0,24.0
23499,7953,12,1,36.0,36.0
23500,7953,7,3,36.0,108.0
23501,7953,36,1,6.0,6.0
23502,7953,3,2,42.0,84.0
23503,7954,8,2,24.0,48.0
23504,7954,23,1,18.0,18.0
23505,7954,2,2,34.0,68.0
23506,7954,15,1,30.0,30.0
23507,7954,39,1,8.0,8.0
23508,7955,5,1,30.0,30.0
23509,7956,2,1,34.0,34.0
23510,7956,27,1,25.0,25.0
23511,7956,36,2,6.0,12.0
23512,7957,16,2,32.0,64.0
23513,7957,22,1,22.0,22.0
23514,7957,23,1,18.0,18.0
23515,7957,30,2,38.0,76.0
23516,7957,34,3,10.0,30.0
23517,7958,23,1,18.0,18.0
23518,7958,2,1,34.0,34.0
23519,7959,11,1,33.0,33.0
23520,7959,22,1,22.0,22.0
23521,7959,32,2,37.0,74.0
23522,7960,21,1,20.0,20.0
23523,7960,1,1,28.0,28.0
23524,7960,34,1,10.0,10.0
23525,7961,13,1,28.0,28.0
23526,7961,6,1,38.0,38.0
23527,7962,32,1,37.0,37.0
23528,7963,5,2,30.0,60.0
23529,7963,17,1,26.0,26.0
23530,7964,13,1,28.0,28.0
23531,7964,37,2,18.0,36.0
23532,7964,31,2,36.0,72.0
23533,7965,5,1,30.0,30.0
23534,7965,7,2,36.0,72.0
23535,7966,17,1,26.0,26.0
23536,7966,37,3,18.0,54.0
23537,7966,23,1,18.0,18.0
23538,7966,38,1,12.0,12.0
23539,7967,25,1,26.0,26.0
23540,7967,31,1,36.0,36.0
23541,7968,16,1,32.0,32.0
23542,7969,36,2,6.0,12.0
23543,7969,28,2,34.0,68.0
23544,7970,12,2,36.0,72.0
23545,7970,11,1,33.0,33.0
23546,7970,2,1,34.0,34.0
23547,7970,20,1,16.0,16.0
23548,7971,6,1,38.0,38.0
23549,7971,37,3,18.0,54.0
23550,7972,36,1,6.0,6.0
23551,7972,5,1,30.0,30.0
23552,7972,23,1,18.0,18.0
23553,7972,29,1,44.0,44.0
23554,7972,6,1,38.0,38.0
23555,7973,39,3,8.0,24.0
23556,7974,5,1,30.0,30.0
23557,7974,12,2,36.0,72.0
23558,7974,8,2,24.0,48.0
23559,7975,36,2,6.0,12.0
23560,7975,19,1,18.0,18.0
23561,7976,5,3,30.0,90.0
23562,7976,26,1,42.0,42.0
23563,7977,6,1,38.0,38.0
23564,7978,16,1,32.0,32.0
23565,7978,36,1,6.0,6.0
23566,7978,3,2,42.0,84.0
23567,7978,30,3,38.0,114.0
23568,7978,13,1,28.0,28.0
23569,7978,2,3,34.0,102.0
23570,7979,30,1,38.0,38.0
23571,7980,28,2,34.0,68.0
23572,7980,35,2,9.0,18.0
23573,7980,33,1,14.0,14.0
23574,7980,2,2,34.0,68.0
23575,7980,17,1,26.0,26.0
23576,7981,15,1,30.0,30.0
23577,7981,4,1,22.0,22.0
23578,7982,23,1,18.0,18.0
23579,7982,25,1,26.0,26.0
23580,7982,18,1,38.0,38.0
23581,7982,9,1,35.0,35.0
23582,7983,12,2,36.0,72.0
23583,7983,4,1,22.0,22.0
23584,7983,35,2,9.0,18.0
23585,7984,1,2,28.0,56.0
23586,7984,40,2,10.0,20.0
23587,7984,5,1,30.0,30.0
23588,7985,8,2,24.0,48.0
23589,7985,17,1,26.0,26.0
23590,7985,1,2,28.0,56.0
23591,7985,32,1,37.0,37.0
23592,7986,24,3,24.0,72.0
23593,7986,8,2,24.0,48.0
23594,7986,16,1,32.0,32.0
23595,7987,15,3,30.0,90.0
23596,7987,6,1,38.0,38.0
23597,7987,7,1,36.0,36.0
23598,7987,20,2,16.0,32.0
23599,7988,17,2,26.0,52.0
23600,7988,5,3,30.0,90.0
23601,7988,23,2,18.0,36.0
23602,7989,16,1,32.0,32.0
23603,7989,12,1,36.0,36.0
23604,7989,24,1,24.0,24.0
23605,7989,5,1,30.0,30.0
23606,7989,33,1,14.0,14.0
23607,7990,5,1,30.0,30.0
23608,7990,6,1,38.0,38.0
23609,7990,17,2,26.0,52.0
23610,7991,34,2,10.0,20.0
23611,7991,12,2,36.0,72.0
23612,7991,13,1,28.0,28.0
23613,7991,23,1,18.0,18.0
23614,7991,3,1,42.0,42.0
23615,7991,5,1,30.0,30.0
23616,7992,5,2,30.0,60.0
23617,7992,10,2,32.0,64.0
23618,7992,33,1,14.0,14.0
23619,7992,28,1,34.0,34.0
23620,7993,29,1,44.0,44.0
23621,7993,8,2,24.0,48.0
23622,7994,19,2,18.0,36.0
23623,7994,2,1,34.0,34.0
23624,7994,23,3,18.0,54.0
23625,7995,13,1,28.0,28.0
23626,7995,6,2,38.0,76.0
23627,7996,5,3,30.0,90.0
23628,7996,4,2,22.0,44.0
23629,7997,6,1,38.0,38.0
23630,7997,5,1,30.0,30.0
23631,7998,7,1,36.0,36.0
23632,7999,21,1,20.0,20.0
23633,8000,15,2,30.0,60.0
23634,8000,8,1,24.0,24.0
23635,8000,23,3,18.0,54.0
23636,8001,7,2,36.0,72.0
23637,8001,33,1,14.0,14.0
23638,8002,25,1,26.0,26.0
23639,8003,13,2,28.0,56.0
23640,8003,21,2,20.0,40.0
23641,8003,7,1,36.0,36.0
23642,8004,37,1,18.0,18.0
23643,8004,18,1,38.0,38.0
23644,8005,7,1,36.0,36.0
23645,8005,1,2,28.0,56.0
23646,8005,12,2,36.0,72.0
23647,8005,36,2,6.0,12.0
23648,8005,35,1,9.0,9.0
23649,8006,2,1,34.0,34.0
23650,8006,6,1,38.0,38.0
23651,8006,32,2,37.0,74.0
23652,8006,24,1,24.0,24.0
23653,8007,28,3,34.0,102.0
23654,8007,7,2,36.0,72.0
23655,8008,19,1,18.0,18.0
23656,8008,26,1,42.0,42.0
23657,8009,5,2,30.0,60.0
23658,8009,9,1,35.0,35.0
23659,8010,2,2,34.0,68.0
23660,8010,25,1,26.0,26.0
23661,8010,3,2,42.0,84.0
23662,8010,5,1,30.0,30.0
23663,8011,6,2,38.0,76.0
23664,8012,19,1,18.0,18.0
23665,8012,28,1,34.0,34.0
23666,8013,7,3,36.0,108.0
23667,8013,2,1,34.0,34.0
23668,8013,8,1,24.0,24.0
23669,8014,23,1,18.0,18.0
23670,8015,39,1,8.0,8.0
23671,8015,15,1,30.0,30.0
23672,8015,19,2,18.0,36.0
23673,8016,9,1,35.0,35.0
23674,8016,24,1,24.0,24.0
23675,8017,5,2,30.0,60.0
23676,8017,16,1,32.0,32.0
23677,8017,31,1,36.0,36.0
23678,8017,6,2,38.0,76.0
23679,8018,1,1,28.0,28.0
23680,8018,36,1,6.0,6.0
23681,8018,2,1,34.0,34.0
23682,8018,25,1,26.0,26.0
23683,8019,34,3,10.0,30.0
23684,8019,11,1,33.0,33.0
23685,8020,7,2,36.0,72.0
23686,8020,37,1,18.0,18.0
23687,8020,13,2,28.0,56.0
23688,8020,16,1,32.0,32.0
23689,8021,9,2,35.0,70.0
23690,8021,8,1,24.0,24.0
23691,8021,7,2,36.0,72.0
23692,8022,35,1,9.0,9.0
23693,8022,17,2,26.0,52.0
23694,8023,1,1,28.0,28.0
23695,8023,23,1,18.0,18.0
23696,8023,16,1,32.0,32.0
23697,8023,4,1,22.0,22.0
23698,8024,34,1,10.0,10.0
23699,8024,3,1,42.0,42.0
23700,8024,12,2,36.0,72.0
23701,8025,18,3,38.0,114.0
23702,8025,5,2,30.0,60.0
23703,8026,23,1,18.0,18.0
23704,8027,2,3,34.0,102.0
23705,8027,33,2,14.0,28.0
23706,8027,5,1,30.0,30.0
23707,8028,10,2,32.0,64.0
23708,8028,1,2,28.0,56.0
23709,8028,31,1,36.0,36.0
23710,8029,1,1,28.0,28.0
23711,8029,3,2,42.0,84.0
23712,8030,32,2,37.0,74.0
23713,8030,5,1,30.0,30.0
23714,8031,7,2,36.0,72.0
23715,8031,8,1,24.0,24.0
23716,8032,13,3,28.0,84.0
23717,8032,36,3,6.0,18.0
23718,8032,2,1,34.0,34.0
23719,8032,35,3,9.0,27.0
23720,8033,7,2,36.0,72.0
23721,8034,24,1,24.0,24.0
23722,8035,32,1,37.0,37.0
23723,8035,19,2,18.0,36.0
23724,8035,5,2,30.0,60.0
23725,8036,30,2,38.0,76.0
23726,8036,35,1,9.0,9.0
23727,8036,37,1,18.0,18.0
23728,8036,20,1,16.0,16.0
23729,8037,37,2,18.0,36.0
23730,8037,7,1,36.0,36.0
23731,8037,14,2,45.0,90.0
23732,8038,6,1,38.0,38.0
23733,8038,7,2,36.0,72.0
23734,8038,1,3,28.0,84.0
23735,8038,21,1,20.0,20.0
23736,8039,30,2,38.0,76.0
23737,8039,4,2,22.0,44.0
23738,8040,6,2,38.0,76.0
23739,8040,39,3,8.0,24.0
23740,8040,17,1,26.0,26.0
23741,8040,33,2,14.0,28.0
23742,8041,35,1,9.0,9.0
23743,8042,26,1,42.0,42.0
23744,8042,10,1,32.0,32.0
23745,8043,4,1,22.0,22.0
23746,8043,5,1,30.0,30.0
23747,8044,3,2,42.0,84.0
23748,8044,11,2,33.0,66.0
23749,8044,4,3,22.0,66.0
23750,8045,25,2,26.0,52.0
23751,8046,1,1,28.0,28.0
23752,8046,6,1,38.0,38.0
23753,8047,4,2,22.0,44.0
23754,8047,2,1,34.0,34.0
23755,8047,13,1,28.0,28.0
23756,8048,25,1,26.0,26.0
23757,8048,2,3,34.0,102.0
23758,8049,9,2,35.0,70.0
23759,8049,2,2,34.0,68.0
23760,8050,27,1,25.0,25.0
23761,8050,1,1,28.0,28.0
23762,8051,22,1,22.0,22.0
23763,8052,18,1,38.0,38.0
23764,8052,13,1,28.0,28.0
23765,8052,33,2,14.0,28.0
23766,8052,30,1,38.0,38.0
23767,8053,29,3,44.0,132.0
23768,8053,7,1,36.0,36.0
23769,8053,27,3,25.0,75.0
23770,8053,21,2,20.0,40.0
23771,8053,28,2,34.0,68.0
23772,8054,18,3,38.0,114.0
23773,8054,27,1,25.0,25.0
23774,8054,4,1,22.0,22.0
23775,8054,11,3,33.0,99.0
23776,8054,17,1,26.0,26.0
23777,8055,5,2,30.0,60.0
23778,8055,33,1,14.0,14.0
23779,8055,14,2,45.0,90.0
23780,8055,10,3,32.0,96.0
23781,8055,23,1,18.0,18.0
23782,8056,36,1,6.0,6.0
23783,8056,33,2,14.0,28.0
23784,8056,25,1,26.0,26.0
23785,8057,12,3,36.0,108.0
23786,8057,7,3,36.0,108.0
23787,8057,15,1,30.0,30.0
23788,8057,10,1,32.0,32.0
23789,8057,40,1,10.0,10.0
23790,8057,6,2,38.0,76.0
23791,8058,23,1,18.0,18.0
23792,8058,19,1,18.0,18.0
23793,8058,11,2,33.0,66.0
23794,8059,1,1,28.0,28.0
23795,8059,7,3,36.0,108.0
23796,8060,34,1,10.0,10.0
23797,8060,7,1,36.0,36.0
23798,8060,16,1,32.0,32.0
23799,8060,30,1,38.0,38.0
23800,8061,36,1,6.0,6.0
23801,8061,23,1,18.0,18.0
23802,8061,8,2,24.0,48.0
23803,8061,30,3,38.0,114.0
23804,8062,20,3,16.0,48.0
23805,8062,1,1,28.0,28.0
23806,8062,18,1,38.0,38.0
23807,8062,26,3,42.0,126.0
23808,8062,2,1,34.0,34.0
23809,8063,6,1,38.0,38.0
23810,8063,4,1,22.0,22.0
23811,8063,23,1,18.0,18.0
23812,8063,31,1,36.0,36.0
23813,8064,14,2,45.0,90.0
23814,8065,32,2,37.0,74.0
23815,8065,4,1,22.0,22.0
23816,8066,5,2,30.0,60.0
23817,8066,28,3,34.0,102.0
23818,8067,10,1,32.0,32.0
23819,8067,2,2,34.0,68.0
23820,8067,8,3,24.0,72.0
23821,8067,7,1,36.0,36.0
23822,8067,12,1,36.0,36.0
23823,8068,5,1,30.0,30.0
23824,8068,26,1,42.0,42.0
23825,8069,10,1,32.0,32.0
23826,8069,22,1,22.0,22.0
23827,8070,6,1,38.0,38.0
23828,8070,13,1,28.0,28.0
23829,8071,10,1,32.0,32.0
23830,8072,7,2,36.0,72.0
23831,8072,31,1,36.0,36.0
23832,8072,1,1,28.0,28.0
23833,8072,32,1,37.0,37.0
23834,8073,39,1,8.0,8.0
23835,8073,3,2,42.0,84.0
23836,8074,14,1,45.0,45.0
23837,8074,25,2,26.0,52.0
23838,8074,7,1,36.0,36.0
23839,8074,4,2,22.0,44.0
23840,8075,4,2,22.0,44.0
23841,8075,6,1,38.0,38.0
23842,8076,13,1,28.0,28.0
23843,8077,18,2,38.0,76.0
23844,8077,3,1,42.0,42.0
23845,8077,28,1,34.0,34.0
23846,8078,33,2,14.0,28.0
23847,8078,12,1,36.0,36.0
23848,8079,24,1,24.0,24.0
23849,8079,26,2,42.0,84.0
23850,8079,36,1,6.0,6.0
23851,8080,30,1,38.0,38.0
23852,8080,35,2,9.0,18.0
23853,8080,16,2,32.0,64.0
23854,8081,21,1,20.0,20.0
23855,8081,8,1,24.0,24.0
23856,8081,5,2,30.0,60.0
23857,8081,12,2,36.0,72.0
23858,8081,17,1,26.0,26.0
23859,8082,23,2,18.0,36.0
23860,8082,1,3,28.0,84.0
23861,8083,6,2,38.0,76.0
23862,8083,23,2,18.0,36.0
23863,8084,37,1,18.0,18.0
23864,8084,35,1,9.0,9.0
23865,8085,32,2,37.0,74.0
23866,8085,18,1,38.0,38.0
23867,8085,4,3,22.0,66.0
23868,8086,21,1,20.0,20.0
23869,8087,26,1,42.0,42.0
23870,8087,30,1,38.0,38.0
23871,8088,19,1,18.0,18.0
23872,8089,38,1,12.0,12.0
23873,8089,8,2,24.0,48.0
23874,8090,1,2,28.0,56.0
23875,8091,12,2,36.0,72.0
23876,8091,17,2,26.0,52.0
23877,8091,2,2,34.0,68.0
23878,8091,20,1,16.0,16.0
23879,8091,8,1,24.0,24.0
23880,8091,21,1,20.0,20.0
23881,8092,18,2,38.0,76.0
23882,8092,7,2,36.0,72.0
23883,8092,29,1,44.0,44.0
23884,8092,8,1,24.0,24.0
23885,8093,15,2,30.0,60.0
23886,8093,8,1,24.0,24.0
23887,8093,39,1,8.0,8.0
23888,8093,4,1,22.0,22.0
23889,8094,30,3,38.0,114.0
23890,8094,37,1,18.0,18.0
23891,8094,32,1,37.0,37.0
23892,8095,12,1,36.0,36.0
23893,8095,30,1,38.0,38.0
23894,8095,6,1,38.0,38.0
23895,8096,10,1,32.0,32.0
23896,8096,30,3,38.0,114.0
23897,8096,7,1,36.0,36.0
23898,8097,6,1,38.0,38.0
23899,8097,26,1,42.0,42.0
23900,8098,18,1,38.0,38.0
23901,8098,40,2,10.0,20.0
23902,8099,13,3,28.0,84.0
23903,8100,2,2,34.0,68.0
23904,8100,3,1,42.0,42.0
23905,8100,39,1,8.0,8.0
23906,8100,12,1,36.0,36.0
23907,8101,18,3,38.0,114.0
23908,8101,8,1,24.0,24.0
23909,8102,2,2,34.0,68.0
23910,8102,25,2,26.0,52.0
23911,8102,32,1,37.0,37.0
23912,8102,6,1,38.0,38.0
23913,8102,21,1,20.0,20.0
23914,8102,31,1,36.0,36.0
23915,8103,37,1,18.0,18.0
23916,8103,20,1,16.0,16.0
23917,8103,26,1,42.0,42.0
23918,8104,20,1,16.0,16.0
23919,8104,28,1,34.0,34.0
23920,8104,6,1,38.0,38.0
23921,8104,1,1,28.0,28.0
23922,8105,18,1,38.0,38.0
23923,8105,7,2,36.0,72.0
23924,8105,34,1,10.0,10.0
23925,8105,2,1,34.0,34.0
23926,8105,4,1,22.0,22.0
23927,8105,30,1,38.0,38.0
23928,8106,5,2,30.0,60.0
23929,8106,7,3,36.0,108.0
23930,8107,33,2,14.0,28.0
23931,8108,2,2,34.0,68.0
23932,8108,35,2,9.0,18.0
23933,8109,20,2,16.0,32.0
23934,8109,18,3,38.0,114.0
23935,8109,8,2,24.0,48.0
23936,8109,2,2,34.0,68.0
23937,8109,37,1,18.0,18.0
23938,8110,16,3,32.0,96.0
23939,8110,1,2,28.0,56.0
23940,8111,20,1,16.0,16.0
23941,8111,9,1,35.0,35.0
23942,8112,38,1,12.0,12.0
23943,8112,14,3,45.0,135.0
23944,8113,11,1,33.0,33.0
23945,8113,3,1,42.0,42.0
23946,8113,23,1,18.0,18.0
23947,8113,38,1,12.0,12.0
23948,8114,13,3,28.0,84.0
23949,8115,3,1,42.0,42.0
23950,8115,8,1,24.0,24.0
23951,8115,18,1,38.0,38.0
23952,8115,2,1,34.0,34.0
23953,8115,15,1,30.0,30.0
23954,8115,11,1,33.0,33.0
23955,8116,12,2,36.0,72.0
23956,8116,30,1,38.0,38.0
23957,8116,7,1,36.0,36.0
23958,8117,5,2,30.0,60.0
23959,8117,8,1,24.0,24.0
23960,8117,25,1,26.0,26.0
23961,8118,4,2,22.0,44.0
23962,8118,7,1,36.0,36.0
23963,8119,32,2,37.0,74.0
23964,8119,5,1,30.0,30.0
23965,8119,39,1,8.0,8.0
23966,8119,26,3,42.0,126.0
23967,8119,30,2,38.0,76.0
23968,8120,8,1,24.0,24.0
23969,8120,9,1,35.0,35.0
23970,8120,3,1,42.0,42.0
23971,8120,10,3,32.0,96.0
23972,8121,12,1,36.0,36.0
23973,8121,23,1,18.0,18.0
23974,8121,28,1,34.0,34.0
23975,8121,31,2,36.0,72.0
23976,8122,26,1,42.0,42.0
23977,8123,10,1,32.0,32.0
23978,8123,30,1,38.0,38.0
23979,8123,39,1,8.0,8.0
23980,8124,6,2,38.0,76.0
23981,8124,21,1,20.0,20.0
23982,8124,38,1,12.0,12.0
23983,8125,8,3,24.0,72.0
23984,8125,19,1,18.0,18.0
23985,8125,30,1,38.0,38.0
23986,8126,27,1,25.0,25.0
23987,8126,8,2,24.0,48.0
23988,8126,15,1,30.0,30.0
23989,8127,1,1,28.0,28.0
23990,8127,8,1,24.0,24.0
23991,8128,13,2,28.0,56.0
23992,8128,1,1,28.0,28.0
23993,8128,12,1,36.0,36.0
23994,8129,5,1,30.0,30.0
23995,8129,6,1,38.0,38.0
23996,8129,14,2,45.0,90.0
23997,8130,4,1,22.0,22.0
23998,8130,23,3,18.0,54.0
23999,8131,12,1,36.0,36.0
24000,8131,5,2,30.0,60.0
24001,8131,21,2,20.0,40.0
24002,8131,34,1,10.0,10.0
24003,8131,20,1,16.0,16.0
24004,8132,25,2,26.0,52.0
24005,8132,13,2,28.0,56.0
24006,8132,12,3,36.0,108.0
24007,8133,27,1,25.0,25.0
24008,8133,23,1,18.0,18.0
24009,8133,37,2,18.0,36.0
24010,8133,18,2,38.0,76.0
24011,8133,36,2,6.0,12.0
24012,8134,23,1,18.0,18.0
24013,8134,29,1,44.0,44.0
24014,8134,21,1,20.0,20.0
24015,8135,25,1,26.0,26.0
24016,8135,7,1,36.0,36.0
24017,8136,6,1,38.0,38.0
24018,8136,26,1,42.0,42.0
24019,8137,9,1,35.0,35.0
24020,8138,7,1,36.0,36.0
24021,8138,2,2,34.0,68.0
24022,8138,36,2,6.0,12.0
24023,8139,21,1,20.0,20.0
24024,8139,1,1,28.0,28.0
24025,8139,29,1,44.0,44.0
24026,8140,7,2,36.0,72.0
24027,8140,18,1,38.0,38.0
24028,8140,14,1,45.0,45.0
24029,8141,11,3,33.0,99.0
24030,8141,32,2,37.0,74.0
24031,8141,2,2,34.0,68.0
24032,8142,20,2,16.0,32.0
24033,8142,23,2,18.0,36.0
24034,8142,33,1,14.0,14.0
24035,8143,18,1,38.0,38.0
24036,8144,8,1,24.0,24.0
24037,8144,16,1,32.0,32.0
24038,8144,15,1,30.0,30.0
24039,8144,10,2,32.0,64.0
24040,8144,30,2,38.0,76.0
24041,8145,5,1,30.0,30.0
24042,8145,9,1,35.0,35.0
24043,8145,4,1,22.0,22.0
24044,8145,36,3,6.0,18.0
24045,8145,39,2,8.0,16.0
24046,8146,2,1,34.0,34.0
24047,8146,25,1,26.0,26.0
24048,8146,29,2,44.0,88.0
24049,8146,12,1,36.0,36.0
24050,8146,16,2,32.0,64.0
24051,8146,23,1,18.0,18.0
24052,8147,10,1,32.0,32.0
24053,8148,8,1,24.0,24.0
24054,8148,5,2,30.0,60.0
24055,8149,23,1,18.0,18.0
24056,8149,12,2,36.0,72.0
24057,8149,6,1,38.0,38.0
24058,8149,1,1,28.0,28.0
24059,8149,14,1,45.0,45.0
24060,8150,30,1,38.0,38.0
24061,8150,32,1,37.0,37.0
24062,8150,12,1,36.0,36.0
24063,8150,39,2,8.0,16.0
24064,8151,4,1,22.0,22.0
24065,8151,32,1,37.0,37.0
24066,8152,6,1,38.0,38.0
24067,8152,36,1,6.0,6.0
24068,8152,1,1,28.0,28.0
24069,8152,4,1,22.0,22.0
24070,8153,23,2,18.0,36.0
24071,8153,19,2,18.0,36.0
24072,8153,4,1,22.0,22.0
24073,8154,4,1,22.0,22.0
24074,8154,15,1,30.0,30.0
24075,8154,19,1,18.0,18.0
24076,8154,34,1,10.0,10.0
24077,8154,13,1,28.0,28.0
24078,8155,11,2,33.0,66.0
24079,8155,9,1,35.0,35.0
24080,8155,40,1,10.0,10.0
24081,8156,5,2,30.0,60.0
24082,8156,28,1,34.0,34.0
24083,8156,23,1,18.0,18.0
24084,8156,7,1,36.0,36.0
24085,8156,2,1,34.0,34.0
24086,8157,6,1,38.0,38.0
24087,8157,8,2,24.0,48.0
24088,8157,35,1,9.0,9.0
24089,8158,30,1,38.0,38.0
24090,8158,9,1,35.0,35.0
24091,8158,14,2,45.0,90.0
24092,8158,24,2,24.0,48.0
24093,8159,29,1,44.0,44.0
24094,8159,10,2,32.0,64.0
24095,8159,7,1,36.0,36.0
24096,8160,3,1,42.0,42.0
24097,8160,23,1,18.0,18.0
24098,8160,2,1,34.0,34.0
24099,8161,33,1,14.0,14.0
24100,8161,7,1,36.0,36.0
24101,8161,16,2,32.0,64.0
24102,8162,24,2,24.0,48.0
24103,8162,4,2,22.0,44.0
24104,8162,18,3,38.0,114.0
24105,8163,7,3,36.0,108.0
24106,8163,12,1,36.0,36.0
24107,8164,11,1,33.0,33.0
24108,8164,29,1,44.0,44.0
24109,8164,28,1,34.0,34.0
24110,8165,5,1,30.0,30.0
24111,8165,28,1,34.0,34.0
24112,8165,7,2,36.0,72.0
24113,8165,37,2,18.0,36.0
24114,8166,7,1,36.0,36.0
24115,8166,16,3,32.0,96.0
24116,8166,32,1,37.0,37.0
24117,8166,30,1,38.0,38.0
24118,8167,2,3,34.0,102.0
24119,8167,3,1,42.0,42.0
24120,8168,19,1,18.0,18.0
24121,8168,37,2,18.0,36.0
24122,8168,8,1,24.0,24.0
24123,8169,14,1,45.0,45.0
24124,8169,34,2,10.0,20.0
24125,8169,23,1,18.0,18.0
24126,8170,39,1,8.0,8.0
24127,8170,34,2,10.0,20.0
24128,8170,10,1,32.0,32.0
24129,8171,20,1,16.0,16.0
24130,8171,13,1,28.0,28.0
24131,8171,24,1,24.0,24.0
24132,8171,2,1,34.0,34.0
24133,8171,18,2,38.0,76.0
24134,8172,13,1,28.0,28.0
24135,8172,17,1,26.0,26.0
24136,8172,7,2,36.0,72.0
24137,8172,6,1,38.0,38.0
24138,8173,15,1,30.0,30.0
24139,8173,24,1,24.0,24.0
24140,8173,39,2,8.0,16.0
24141,8173,3,2,42.0,84.0
24142,8174,21,1,20.0,20.0
24143,8174,13,1,28.0,28.0
24144,8174,7,1,36.0,36.0
24145,8175,5,1,30.0,30.0
24146,8175,7,1,36.0,36.0
24147,8175,18,2,38.0,76.0
24148,8175,2,2,34.0,68.0
24149,8176,4,3,22.0,66.0
24150,8176,5,1,30.0,30.0
24151,8176,11,2,33.0,66.0
24152,8176,25,3,26.0,78.0
24153,8177,30,1,38.0,38.0
24154,8177,6,1,38.0,38.0
24155,8177,7,1,36.0,36.0
24156,8177,10,1,32.0,32.0
24157,8177,2,2,34.0,68.0
24158,8178,16,1,32.0,32.0
24159,8178,40,2,10.0,20.0
24160,8178,10,1,32.0,32.0
24161,8179,2,2,34.0,68.0
24162,8179,26,1,42.0,42.0
24163,8179,31,1,36.0,36.0
24164,8180,3,1,42.0,42.0
24165,8180,4,2,22.0,44.0
24166,8181,14,1,45.0,45.0
24167,8182,2,1,34.0,34.0
24168,8182,1,2,28.0,56.0
24169,8182,3,2,42.0,84.0
24170,8183,39,1,8.0,8.0
24171,8183,12,1,36.0,36.0
24172,8183,32,1,37.0,37.0
24173,8184,29,1,44.0,44.0
24174,8184,32,1,37.0,37.0
24175,8184,6,2,38.0,76.0
24176,8185,21,3,20.0,60.0
24177,8185,14,1,45.0,45.0
24178,8185,2,1,34.0,34.0
24179,8186,1,1,28.0,28.0
24180,8186,25,1,26.0,26.0
24181,8187,19,1,18.0,18.0
24182,8187,5,2,30.0,60.0
24183,8188,24,1,24.0,24.0
24184,8189,15,1,30.0,30.0
24185,8189,8,2,24.0,48.0
24186,8189,34,1,10.0,10.0
24187,8190,5,1,30.0,30.0
24188,8191,5,2,30.0,60.0
24189,8191,2,1,34.0,34.0
24190,8192,23,1,18.0,18.0
24191,8192,14,3,45.0,135.0
24192,8193,28,1,34.0,34.0
24193,8193,24,1,24.0,24.0
24194,8194,5,1,30.0,30.0
24195,8194,33,2,14.0,28.0
24196,8194,17,2,26.0,52.0
24197,8194,15,1,30.0,30.0
24198,8194,2,1,34.0,34.0
24199,8195,8,1,24.0,24.0
24200,8195,1,1,28.0,28.0
24201,8195,32,1,37.0,37.0
24202,8195,10,2,32.0,64.0
24203,8196,23,1,18.0,18.0
24204,8196,5,3,30.0,90.0
24205,8196,33,1,14.0,14.0
24206,8197,2,1,34.0,34.0
24207,8197,5,1,30.0,30.0
24208,8197,16,1,32.0,32.0
24209,8197,3,3,42.0,126.0
24210,8198,25,1,26.0,26.0
24211,8199,8,3,24.0,72.0
24212,8199,2,2,34.0,68.0
24213,8200,32,1,37.0,37.0
24214,8200,7,2,36.0,72.0
24215,8200,12,1,36.0,36.0
24216,8201,7,2,36.0,72.0
24217,8201,12,1,36.0,36.0
24218,8201,1,1,28.0,28.0
24219,8202,6,1,38.0,38.0
24220,8202,37,1,18.0,18.0
24221,8202,2,1,34.0,34.0
24222,8202,8,1,24.0,24.0
24223,8202,28,2,34.0,68.0
24224,8202,17,1,26.0,26.0
24225,8203,26,1,42.0,42.0
24226,8203,24,1,24.0,24.0
24227,8204,2,1,34.0,34.0
24228,8204,30,2,38.0,76.0
24229,8205,34,1,10.0,10.0
24230,8205,19,2,18.0,36.0
24231,8206,11,1,33.0,33.0
24232,8206,25,2,26.0,52.0
24233,8207,28,2,34.0,68.0
24234,8207,24,1,24.0,24.0
24235,8207,8,1,24.0,24.0
24236,8208,39,2,8.0,16.0
24237,8208,4,3,22.0,66.0
24238,8209,29,1,44.0,44.0
24239,8209,37,2,18.0,36.0
24240,8209,8,1,24.0,24.0
24241,8209,10,1,32.0,32.0
24242,8210,25,1,26.0,26.0
24243,8210,32,1,37.0,37.0
24244,8211,9,2,35.0,70.0
24245,8211,35,1,9.0,9.0
24246,8211,8,2,24.0,48.0
24247,8212,30,2,38.0,76.0
24248,8212,1,2,28.0,56.0
24249,8212,5,1,30.0,30.0
24250,8213,2,1,34.0,34.0
24251,8213,8,1,24.0,24.0
24252,8213,34,1,10.0,10.0
24253,8213,1,1,28.0,28.0
24254,8213,4,3,22.0,66.0
24255,8214,13,1,28.0,28.0
24256,8214,2,2,34.0,68.0
24257,8214,5,1,30.0,30.0
24258,8214,19,1,18.0,18.0
24259,8215,35,1,9.0,9.0
24260,8215,5,1,30.0,30.0
24261,8215,40,1,10.0,10.0
24262,8215,8,1,24.0,24.0
24263,8215,22,2,22.0,44.0
24264,8215,14,1,45.0,45.0
24265,8216,19,1,18.0,18.0
24266,8216,24,1,24.0,24.0
24267,8217,15,1,30.0,30.0
24268,8217,29,2,44.0,88.0
24269,8217,4,2,22.0,44.0
24270,8218,21,1,20.0,20.0
24271,8218,36,1,6.0,6.0
24272,8218,7,2,36.0,72.0
24273,8219,8,1,24.0,24.0
24274,8219,24,2,24.0,48.0
24275,8220,3,2,42.0,84.0
24276,8220,6,1,38.0,38.0
24277,8221,16,1,32.0,32.0
24278,8221,26,1,42.0,42.0
24279,8222,13,1,28.0,28.0
24280,8222,40,1,10.0,10.0
24281,8222,24,2,24.0,48.0
24282,8222,5,1,30.0,30.0
24283,8222,36,1,6.0,6.0
24284,8223,25,1,26.0,26.0
24285,8223,14,1,45.0,45.0
24286,8223,3,1,42.0,42.0
24287,8224,1,1,28.0,28.0
24288,8224,27,1,25.0,25.0
24289,8224,39,1,8.0,8.0
24290,8224,8,1,24.0,24.0
24291,8224,7,3,36.0,108.0
24292,8225,8,2,24.0,48.0
24293,8225,6,1,38.0,38.0
24294,8225,22,1,22.0,22.0
24295,8226,27,1,25.0,25.0
24296,8226,11,2,33.0,66.0
24297,8227,4,2,22.0,44.0
24298,8227,3,3,42.0,126.0
24299,8227,32,3,37.0,111.0
24300,8227,1,1,28.0,28.0
24301,8227,2,1,34.0,34.0
24302,8227,12,3,36.0,108.0
24303,8228,10,2,32.0,64.0
24304,8228,8,2,24.0,48.0
24305,8228,11,1,33.0,33.0
24306,8228,17,2,26.0,52.0
24307,8228,24,1,24.0,24.0
24308,8228,7,2,36.0,72.0
24309,8229,4,1,22.0,22.0
24310,8230,31,1,36.0,36.0
24311,8230,30,1,38.0,38.0
24312,8230,4,1,22.0,22.0
24313,8230,40,1,10.0,10.0
24314,8230,9,1,35.0,35.0
24315,8231,5,1,30.0,30.0
24316,8231,24,3,24.0,72.0
24317,8231,40,1,10.0,10.0
24318,8231,2,1,34.0,34.0
24319,8232,25,2,26.0,52.0
24320,8232,8,2,24.0,48.0
24321,8232,23,1,18.0,18.0
24322,8232,1,1,28.0,28.0
24323,8233,3,1,42.0,42.0
24324,8233,4,2,22.0,44.0
24325,8233,26,2,42.0,84.0
24326,8233,29,1,44.0,44.0
24327,8233,31,2,36.0,72.0
24328,8233,1,2,28.0,56.0
24329,8234,12,1,36.0,36.0
24330,8234,8,1,24.0,24.0
24331,8235,8,2,24.0,48.0
24332,8235,14,2,45.0,90.0
24333,8236,20,1,16.0,16.0
24334,8236,39,1,8.0,8.0
24335,8236,24,1,24.0,24.0
24336,8237,36,3,6.0,18.0
24337,8237,8,1,24.0,24.0
24338,8238,8,1,24.0,24.0
24339,8238,18,1,38.0,38.0
24340,8238,2,1,34.0,34.0
24341,8238,38,2,12.0,24.0
24342,8239,5,1,30.0,30.0
24343,8239,25,1,26.0,26.0
24344,8239,24,1,24.0,24.0
24345,8240,13,1,28.0,28.0
24346,8240,21,1,20.0,20.0
24347,8240,16,1,32.0,32.0
24348,8240,36,2,6.0,12.0
24349,8240,24,1,24.0,24.0
24350,8241,20,1,16.0,16.0
24351,8241,5,1,30.0,30.0
24352,8241,1,1,28.0,28.0
24353,8241,3,2,42.0,84.0
24354,8241,34,1,10.0,10.0
24355,8241,15,3,30.0,90.0
24356,8242,37,3,18.0,54.0
24357,8242,5,2,30.0,60.0
24358,8242,3,1,42.0,42.0
24359,8243,18,2,38.0,76.0
24360,8243,20,3,16.0,48.0
24361,8243,8,1,24.0,24.0
24362,8244,20,1,16.0,16.0
24363,8244,11,2,33.0,66.0
24364,8245,7,1,36.0,36.0
24365,8245,8,2,24.0,48.0
24366,8245,37,1,18.0,18.0
24367,8246,4,1,22.0,22.0
24368,8246,3,1,42.0,42.0
24369,8247,12,1,36.0,36.0
24370,8247,32,1,37.0,37.0
24371,8248,12,1,36.0,36.0
24372,8248,14,1,45.0,45.0
24373,8248,2,1,34.0,34.0
24374,8248,37,1,18.0,18.0
24375,8249,3,2,42.0,84.0
24376,8249,8,1,24.0,24.0
24377,8249,10,1,32.0,32.0
24378,8250,4,2,22.0,44.0
24379,8251,6,1,38.0,38.0
24380,8251,38,3,12.0,36.0
24381,8252,29,2,44.0,88.0
24382,8252,10,1,32.0,32.0
24383,8252,34,1,10.0,10.0
24384,8252,32,1,37.0,37.0
24385,8252,15,1,30.0,30.0
24386,8253,37,1,18.0,18.0
24387,8253,23,3,18.0,54.0
24388,8254,35,2,9.0,18.0
24389,8255,18,2,38.0,76.0
24390,8255,8,1,24.0,24.0
24391,8256,10,1,32.0,32.0
24392,8256,7,1,36.0,36.0
24393,8257,18,1,38.0,38.0
24394,8257,14,1,45.0,45.0
24395,8258,12,1,36.0,36.0
24396,8259,4,1,22.0,22.0
24397,8259,33,2,14.0,28.0
24398,8259,1,1,28.0,28.0
24399,8259,23,1,18.0,18.0
24400,8260,21,1,20.0,20.0
24401,8260,19,2,18.0,36.0
24402,8260,32,1,37.0,37.0
24403,8261,20,2,16.0,32.0
24404,8262,8,2,24.0,48.0
24405,8262,28,2,34.0,68.0
24406,8263,10,1,32.0,32.0
24407,8264,22,2,22.0,44.0
24408,8264,8,2,24.0,48.0
24409,8264,6,1,38.0,38.0
24410,8264,23,1,18.0,18.0
24411,8265,7,1,36.0,36.0
24412,8265,8,1,24.0,24.0
24413,8265,11,1,33.0,33.0
24414,8265,6,3,38.0,114.0
24415,8265,31,1,36.0,36.0
24416,8266,10,2,32.0,64.0
24417,8266,6,1,38.0,38.0
24418,8267,36,1,6.0,6.0
24419,8267,1,2,28.0,56.0
24420,8267,38,1,12.0,12.0
24421,8267,10,3,32.0,96.0
24422,8268,4,2,22.0,44.0
24423,8268,39,2,8.0,16.0
24424,8269,23,2,18.0,36.0
24425,8269,3,1,42.0,42.0
24426,8270,3,1,42.0,42.0
24427,8271,21,2,20.0,40.0
24428,8271,37,1,18.0,18.0
24429,8271,32,1,37.0,37.0
24430,8271,8,1,24.0,24.0
24431,8271,7,1,36.0,36.0
24432,8272,39,1,8.0,8.0
24433,8272,23,1,18.0,18.0
24434,8273,7,1,36.0,36.0
24435,8273,6,2,38.0,76.0
24436,8273,23,2,18.0,36.0
24437,8273,25,3,26.0,78.0
24438,8274,21,2,20.0,40.0
24439,8275,32,3,37.0,111.0
24440,8275,18,1,38.0,38.0
24441,8276,21,1,20.0,20.0
24442,8277,4,2,22.0,44.0
24443,8277,22,2,22.0,44.0
24444,8278,24,1,24.0,24.0
24445,8278,34,1,10.0,10.0
24446,8279,39,1,8.0,8.0
24447,8279,25,1,26.0,26.0
24448,8280,8,1,24.0,24.0
24449,8280,18,1,38.0,38.0
24450,8280,5,1,30.0,30.0
24451,8281,26,1,42.0,42.0
24452,8281,6,1,38.0,38.0
24453,8281,12,2,36.0,72.0
24454,8281,9,1,35.0,35.0
24455,8282,10,1,32.0,32.0
24456,8282,23,1,18.0,18.0
24457,8282,18,1,38.0,38.0
24458,8282,37,1,18.0,18.0
24459,8283,4,1,22.0,22.0
24460,8283,38,3,12.0,36.0
24461,8283,29,2,44.0,88.0
24462,8284,19,1,18.0,18.0
24463,8284,20,3,16.0,48.0
24464,8284,12,1,36.0,36.0
24465,8284,6,1,38.0,38.0
24466,8284,10,1,32.0,32.0
24467,8284,2,1,34.0,34.0
24468,8285,24,3,24.0,72.0
24469,8285,25,3,26.0,78.0
24470,8286,35,2,9.0,18.0
24471,8286,25,1,26.0,26.0
24472,8286,3,1,42.0,42.0
24473,8287,30,2,38.0,76.0
24474,8287,10,1,32.0,32.0
24475,8287,1,1,28.0,28.0
24476,8287,40,1,10.0,10.0
24477,8287,29,1,44.0,44.0
24478,8287,19,3,18.0,54.0
24479,8288,23,1,18.0,18.0
24480,8289,8,1,24.0,24.0
24481,8289,2,2,34.0,68.0
24482,8289,20,1,16.0,16.0
24483,8290,14,1,45.0,45.0
24484,8290,32,2,37.0,74.0
24485,8291,23,1,18.0,18.0
24486,8291,24,3,24.0,72.0
24487,8291,12,2,36.0,72.0
24488,8291,2,1,34.0,34.0
24489,8292,8,2,24.0,48.0
24490,8292,2,1,34.0,34.0
24491,8293,4,3,22.0,66.0
24492,8293,14,3,45.0,135.0
24493,8293,9,1,35.0,35.0
24494,8293,1,1,28.0,28.0
24495,8293,6,1,38.0,38.0
24496,8293,16,1,32.0,32.0
24497,8294,14,1,45.0,45.0
24498,8294,33,1,14.0,14.0
24499,8295,5,1,30.0,30.0
24500,8295,17,2,26.0,52.0
24501,8295,33,1,14.0,14.0
24502,8296,3,1,42.0,42.0
24503,8296,17,2,26.0,52.0
24504,8296,27,1,25.0,25.0
24505,8297,9,1,35.0,35.0
24506,8297,15,1,30.0,30.0
24507,8297,19,1,18.0,18.0
24508,8298,8,1,24.0,24.0
24509,8298,24,2,24.0,48.0
24510,8299,31,1,36.0,36.0
24511,8299,13,1,28.0,28.0
24512,8299,28,2,34.0,68.0
24513,8300,3,2,42.0,84.0
24514,8301,2,1,34.0,34.0
24515,8302,29,1,44.0,44.0
24516,8302,37,2,18.0,36.0
24517,8302,5,1,30.0,30.0
24518,8303,10,2,32.0,64.0
24519,8303,35,1,9.0,9.0
24520,8303,1,1,28.0,28.0
24521,8304,37,1,18.0,18.0
24522,8304,1,2,28.0,56.0
24523,8304,31,1,36.0,36.0
24524,8304,13,2,28.0,56.0
24525,8305,23,1,18.0,18.0
24526,8305,18,2,38.0,76.0
24527,8305,36,1,6.0,6.0
24528,8305,7,1,36.0,36.0
24529,8306,4,2,22.0,44.0
24530,8306,28,1,34.0,34.0
24531,8306,17,1,26.0,26.0
24532,8306,12,1,36.0,36.0
24533,8307,5,1,30.0,30.0
24534,8307,21,1,20.0,20.0
24535,8307,9,1,35.0,35.0
24536,8308,40,2,10.0,20.0
24537,8308,32,1,37.0,37.0
24538,8309,7,3,36.0,108.0
24539,8309,19,1,18.0,18.0
24540,8310,15,1,30.0,30.0
24541,8310,14,3,45.0,135.0
24542,8310,12,1,36.0,36.0
24543,8310,38,1,12.0,12.0
24544,8311,29,3,44.0,132.0
24545,8311,8,1,24.0,24.0
24546,8311,40,3,10.0,30.0
24547,8311,12,1,36.0,36.0
24548,8311,16,3,32.0,96.0
24549,8311,7,1,36.0,36.0
24550,8312,4,1,22.0,22.0
24551,8313,5,1,30.0,30.0
24552,8313,2,1,34.0,34.0
24553,8314,17,1,26.0,26.0
24554,8314,4,1,22.0,22.0
24555,8314,10,3,32.0,96.0
24556,8315,2,1,34.0,34.0
24557,8315,10,1,32.0,32.0
24558,8315,20,1,16.0,16.0
24559,8315,36,2,6.0,12.0
24560,8316,19,1,18.0,18.0
24561,8316,16,3,32.0,96.0
24562,8317,17,1,26.0,26.0
24563,8317,14,1,45.0,45.0
24564,8318,9,1,35.0,35.0
24565,8318,23,2,18.0,36.0
24566,8319,5,1,30.0,30.0
24567,8319,11,1,33.0,33.0
24568,8319,40,1,10.0,10.0
24569,8320,34,1,10.0,10.0
24570,8320,40,1,10.0,10.0
24571,8320,1,3,28.0,84.0
24572,8320,36,2,6.0,12.0
24573,8321,12,1,36.0,36.0
24574,8321,28,1,34.0,34.0
24575,8322,38,1,12.0,12.0
24576,8322,37,2,18.0,36.0
24577,8323,16,1,32.0,32.0
24578,8323,4,1,22.0,22.0
24579,8323,37,1,18.0,18.0
24580,8323,30,2,38.0,76.0
24581,8323,1,3,28.0,84.0
24582,8324,37,3,18.0,54.0
24583,8324,30,2,38.0,76.0
24584,8324,19,1,18.0,18.0
24585,8324,3,3,42.0,126.0
24586,8324,8,1,24.0,24.0
24587,8325,8,2,24.0,48.0
24588,8325,39,2,8.0,16.0
24589,8325,29,1,44.0,44.0
24590,8325,34,2,10.0,20.0
24591,8326,13,1,28.0,28.0
24592,8326,8,1,24.0,24.0
24593,8326,2,1,34.0,34.0
24594,8326,12,1,36.0,36.0
24595,8327,20,1,16.0,16.0
24596,8327,32,2,37.0,74.0
24597,8327,14,1,45.0,45.0
24598,8327,16,2,32.0,64.0
24599,8328,2,1,34.0,34.0
24600,8328,5,3,30.0,90.0
24601,8329,15,3,30.0,90.0
24602,8329,3,2,42.0,84.0
24603,8329,32,1,37.0,37.0
24604,8329,37,1,18.0,18.0
24605,8329,20,1,16.0,16.0
24606,8330,19,3,18.0,54.0
24607,8330,36,1,6.0,6.0
24608,8330,12,1,36.0,36.0
24609,8330,3,1,42.0,42.0
24610,8331,5,1,30.0,30.0
24611,8332,7,2,36.0,72.0
24612,8332,15,1,30.0,30.0
24613,8332,29,1,44.0,44.0
24614,8332,14,1,45.0,45.0
24615,8333,16,2,32.0,64.0
24616,8333,6,1,38.0,38.0
24617,8334,3,1,42.0,42.0
24618,8334,20,1,16.0,16.0
24619,8334,6,1,38.0,38.0
24620,8334,30,2,38.0,76.0
24621,8335,8,1,24.0,24.0
24622,8335,22,2,22.0,44.0
24623,8336,36,1,6.0,6.0
24624,8336,11,2,33.0,66.0
24625,8336,7,1,36.0,36.0
24626,8336,5,1,30.0,30.0
24627,8336,30,1,38.0,38.0
24628,8337,12,1,36.0,36.0
24629,8338,35,1,9.0,9.0
24630,8338,12,1,36.0,36.0
24631,8338,36,1,6.0,6.0
24632,8339,25,1,26.0,26.0
24633,8339,30,1,38.0,38.0
24634,8340,37,2,18.0,36.0
24635,8340,4,1,22.0,22.0
24636,8341,7,2,36.0,72.0
24637,8341,1,1,28.0,28.0
24638,8341,13,1,28.0,28.0
24639,8341,16,1,32.0,32.0
24640,8342,12,1,36.0,36.0
24641,8342,4,3,22.0,66.0
24642,8342,18,2,38.0,76.0
24643,8342,5,3,30.0,90.0
24644,8342,26,2,42.0,84.0
24645,8342,27,1,25.0,25.0
24646,8343,24,1,24.0,24.0
24647,8343,30,3,38.0,114.0
24648,8343,17,1,26.0,26.0
24649,8343,22,2,22.0,44.0
24650,8344,2,2,34.0,68.0
24651,8344,29,1,44.0,44.0
24652,8344,6,3,38.0,114.0
24653,8344,8,1,24.0,24.0
24654,8345,1,3,28.0,84.0
24655,8345,4,2,22.0,44.0
24656,8346,33,2,14.0,28.0
24657,8346,5,2,30.0,60.0
24658,8346,13,2,28.0,56.0
24659,8346,1,2,28.0,56.0
24660,8346,21,1,20.0,20.0
24661,8347,32,1,37.0,37.0
24662,8347,8,1,24.0,24.0
24663,8348,4,2,22.0,44.0
24664,8348,19,1,18.0,18.0
24665,8348,27,1,25.0,25.0
24666,8349,29,1,44.0,44.0
24667,8349,28,1,34.0,34.0
24668,8349,32,1,37.0,37.0
24669,8349,5,1,30.0,30.0
24670,8349,25,2,26.0,52.0
24671,8350,13,1,28.0,28.0
24672,8350,26,1,42.0,42.0
24673,8351,35,1,9.0,9.0
24674,8352,8,1,24.0,24.0
24675,8352,32,2,37.0,74.0
24676,8353,23,1,18.0,18.0
24677,8353,39,2,8.0,16.0
24678,8354,24,2,24.0,48.0
24679,8354,7,1,36.0,36.0
24680,8354,31,1,36.0,36.0
24681,8354,5,3,30.0,90.0
24682,8355,8,1,24.0,24.0
24683,8356,32,1,37.0,37.0
24684,8357,11,1,33.0,33.0
24685,8357,5,1,30.0,30.0
24686,8357,19,2,18.0,36.0
24687,8357,2,1,34.0,34.0
24688,8357,7,1,36.0,36.0
24689,8358,32,2,37.0,74.0
24690,8358,6,1,38.0,38.0
24691,8358,7,1,36.0,36.0
24692,8358,23,1,18.0,18.0
24693,8359,6,1,38.0,38.0
24694,8359,36,2,6.0,12.0
24695,8359,27,1,25.0,25.0
24696,8360,6,1,38.0,38.0
24697,8360,4,1,22.0,22.0
24698,8361,20,1,16.0,16.0
24699,8361,24,1,24.0,24.0
24700,8362,8,1,24.0,24.0
24701,8362,26,1,42.0,42.0
24702,8363,28,1,34.0,34.0
24703,8363,2,1,34.0,34.0
24704,8364,1,2,28.0,56.0
24705,8364,11,1,33.0,33.0
24706,8364,7,1,36.0,36.0
24707,8365,13,2,28.0,56.0
24708,8365,3,2,42.0,84.0
24709,8365,37,1,18.0,18.0
24710,8366,22,2,22.0,44.0
24711,8366,29,1,44.0,44.0
24712,8367,5,3,30.0,90.0
24713,8367,22,2,22.0,44.0
24714,8367,32,2,37.0,74.0
24715,8368,23,2,18.0,36.0
24716,8368,34,3,10.0,30.0
24717,8369,36,2,6.0,12.0
24718,8369,6,2,38.0,76.0
24719,8369,3,1,42.0,42.0
24720,8369,37,1,18.0,18.0
24721,8369,4,1,22.0,22.0
24722,8370,4,1,22.0,22.0
24723,8370,11,1,33.0,33.0
24724,8370,16,1,32.0,32.0
24725,8371,3,2,42.0,84.0
24726,8372,25,1,26.0,26.0
24727,8373,3,1,42.0,42.0
24728,8373,36,1,6.0,6.0
24729,8373,18,2,38.0,76.0
24730,8373,15,2,30.0,60.0
24731,8374,37,1,18.0,18.0
24732,8374,4,1,22.0,22.0
24733,8374,33,3,14.0,42.0
24734,8374,16,1,32.0,32.0
24735,8374,13,2,28.0,56.0
24736,8375,23,1,18.0,18.0
24737,8375,13,1,28.0,28.0
24738,8376,9,1,35.0,35.0
24739,8376,8,2,24.0,48.0
24740,8376,24,1,24.0,24.0
24741,8376,17,2,26.0,52.0
24742,8376,18,1,38.0,38.0
24743,8377,39,2,8.0,16.0
24744,8377,12,1,36.0,36.0
24745,8377,36,3,6.0,18.0
24746,8378,2,1,34.0,34.0
24747,8378,18,2,38.0,76.0
24748,8379,37,2,18.0,36.0
24749,8379,23,2,18.0,36.0
24750,8379,26,1,42.0,42.0
24751,8380,16,1,32.0,32.0
24752,8380,24,3,24.0,72.0
24753,8380,28,1,34.0,34.0
24754,8381,16,1,32.0,32.0
24755,8381,35,3,9.0,27.0
24756,8381,3,1,42.0,42.0
24757,8381,20,1,16.0,16.0
24758,8382,2,1,34.0,34.0
24759,8383,14,1,45.0,45.0
24760,8383,28,1,34.0,34.0
24761,8383,23,3,18.0,54.0
24762,8383,5,1,30.0,30.0
24763,8384,29,1,44.0,44.0
24764,8384,28,1,34.0,34.0
24765,8384,15,2,30.0,60.0
24766,8384,5,1,30.0,30.0
24767,8384,2,2,34.0,68.0
24768,8385,4,1,22.0,22.0
24769,8385,11,1,33.0,33.0
24770,8386,11,3,33.0,99.0
24771,8386,29,1,44.0,44.0
24772,8386,17,1,26.0,26.0
24773,8386,5,2,30.0,60.0
24774,8386,25,3,26.0,78.0
24775,8387,15,1,30.0,30.0
24776,8387,7,2,36.0,72.0
24777,8387,11,1,33.0,33.0
24778,8387,32,1,37.0,37.0
24779,8388,37,1,18.0,18.0
24780,8388,19,2,18.0,36.0
24781,8388,6,1,38.0,38.0
24782,8388,20,2,16.0,32.0
24783,8388,36,1,6.0,6.0
24784,8389,10,1,32.0,32.0
24785,8389,30,2,38.0,76.0
24786,8389,35,1,9.0,9.0
24787,8390,2,2,34.0,68.0
24788,8390,13,3,28.0,84.0
24789,8390,21,1,20.0,20.0
24790,8390,6,2,38.0,76.0
24791,8391,8,1,24.0,24.0
24792,8391,17,2,26.0,52.0
24793,8392,37,1,18.0,18.0
24794,8392,6,3,38.0,114.0
24795,8392,11,1,33.0,33.0
24796,8393,6,1,38.0,38.0
24797,8393,14,1,45.0,45.0
24798,8393,26,1,42.0,42.0
24799,8393,36,1,6.0,6.0
24800,8394,2,2,34.0,68.0
24801,8394,11,2,33.0,66.0
24802,8395,17,1,26.0,26.0
24803,8395,7,1,36.0,36.0
24804,8395,27,1,25.0,25.0
24805,8396,27,1,25.0,25.0
24806,8396,8,1,24.0,24.0
24807,8397,7,2,36.0,72.0
24808,8397,5,2,30.0,60.0
24809,8398,21,1,20.0,20.0
24810,8398,2,1,34.0,34.0
24811,8398,3,2,42.0,84.0
24812,8398,4,1,22.0,22.0
24813,8399,33,1,14.0,14.0
24814,8399,36,1,6.0,6.0
24815,8399,8,1,24.0,24.0
24816,8399,2,2,34.0,68.0
24817,8400,4,1,22.0,22.0
24818,8400,29,2,44.0,88.0
24819,8401,24,1,24.0,24.0
24820,8401,1,1,28.0,28.0
24821,8401,39,3,8.0,24.0
24822,8402,12,1,36.0,36.0
24823,8402,5,3,30.0,90.0
24824,8402,13,1,28.0,28.0
24825,8402,22,1,22.0,22.0
24826,8403,7,1,36.0,36.0
24827,8403,18,1,38.0,38.0
24828,8403,8,1,24.0,24.0
24829,8403,21,1,20.0,20.0
24830,8404,2,3,34.0,102.0
24831,8404,10,1,32.0,32.0
24832,8405,34,1,10.0,10.0
24833,8405,29,1,44.0,44.0
24834,8405,18,1,38.0,38.0
24835,8406,22,3,22.0,66.0
24836,8407,34,1,10.0,10.0
24837,8407,30,1,38.0,38.0
24838,8407,36,1,6.0,6.0
24839,8408,5,1,30.0,30.0
24840,8408,12,3,36.0,108.0
24841,8409,10,1,32.0,32.0
24842,8409,23,3,18.0,54.0
24843,8409,6,2,38.0,76.0
24844,8409,37,1,18.0,18.0
24845,8409,19,3,18.0,54.0
24846,8409,16,1,32.0,32.0
24847,8410,12,1,36.0,36.0
24848,8410,2,2,34.0,68.0
24849,8410,23,1,18.0,18.0
24850,8410,22,1,22.0,22.0
24851,8410,38,1,12.0,12.0
24852,8410,7,1,36.0,36.0
24853,8411,7,1,36.0,36.0
24854,8411,35,1,9.0,9.0
24855,8411,4,1,22.0,22.0
24856,8412,24,1,24.0,24.0
24857,8412,7,3,36.0,108.0
24858,8412,6,1,38.0,38.0
24859,8413,33,1,14.0,14.0
24860,8413,12,2,36.0,72.0
24861,8413,16,1,32.0,32.0
24862,8413,22,1,22.0,22.0
24863,8413,19,1,18.0,18.0
24864,8414,1,1,28.0,28.0
24865,8414,9,1,35.0,35.0
24866,8415,3,2,42.0,84.0
24867,8415,37,1,18.0,18.0
24868,8416,8,1,24.0,24.0
24869,8416,20,2,16.0,32.0
24870,8416,30,2,38.0,76.0
24871,8417,10,1,32.0,32.0
24872,8417,25,1,26.0,26.0
24873,8417,9,1,35.0,35.0
24874,8417,33,2,14.0,28.0
24875,8418,14,1,45.0,45.0
24876,8418,18,2,38.0,76.0
24877,8419,16,2,32.0,64.0
24878,8419,28,1,34.0,34.0
24879,8420,6,1,38.0,38.0
24880,8420,27,2,25.0,50.0
24881,8420,8,3,24.0,72.0
24882,8420,37,2,18.0,36.0
24883,8421,35,2,9.0,18.0
24884,8422,3,1,42.0,42.0
24885,8422,2,1,34.0,34.0
24886,8423,8,1,24.0,24.0
24887,8423,3,2,42.0,84.0
24888,8423,5,1,30.0,30.0
24889,8423,9,1,35.0,35.0
24890,8424,3,1,42.0,42.0
24891,8425,15,2,30.0,60.0
24892,8425,23,1,18.0,18.0
24893,8426,3,2,42.0,84.0
24894,8426,2,2,34.0,68.0
24895,8426,25,2,26.0,52.0
24896,8427,5,2,30.0,60.0
24897,8427,4,1,22.0,22.0
24898,8427,16,2,32.0,64.0
24899,8427,14,3,45.0,135.0
24900,8428,33,1,14.0,14.0
24901,8428,7,2,36.0,72.0
24902,8428,1,1,28.0,28.0
24903,8429,12,1,36.0,36.0
24904,8429,21,3,20.0,60.0
24905,8429,7,1,36.0,36.0
24906,8429,36,2,6.0,12.0
24907,8429,25,1,26.0,26.0
24908,8429,18,2,38.0,76.0
24909,8430,23,2,18.0,36.0
24910,8430,14,1,45.0,45.0
24911,8431,8,2,24.0,48.0
24912,8431,30,2,38.0,76.0
24913,8431,37,1,18.0,18.0
24914,8432,4,1,22.0,22.0
24915,8432,12,2,36.0,72.0
24916,8432,15,2,30.0,60.0
24917,8433,40,1,10.0,10.0
24918,8433,37,1,18.0,18.0
24919,8434,6,1,38.0,38.0
24920,8434,7,1,36.0,36.0
24921,8434,2,1,34.0,34.0
24922,8435,2,1,34.0,34.0
24923,8435,35,1,9.0,9.0
24924,8436,24,1,24.0,24.0
24925,8436,31,2,36.0,72.0
24926,8436,36,1,6.0,6.0
24927,8437,4,1,22.0,22.0
24928,8437,37,1,18.0,18.0
24929,8437,17,1,26.0,26.0
24930,8437,25,1,26.0,26.0
24931,8437,20,1,16.0,16.0
24932,8438,16,1,32.0,32.0
24933,8439,1,1,28.0,28.0
24934,8439,14,2,45.0,90.0
24935,8439,23,1,18.0,18.0
24936,8440,7,1,36.0,36.0
24937,8440,23,1,18.0,18.0
24938,8440,6,1,38.0,38.0
24939,8440,29,2,44.0,88.0
24940,8441,33,1,14.0,14.0
24941,8441,31,1,36.0,36.0
24942,8441,16,2,32.0,64.0
24943,8442,37,2,18.0,36.0
24944,8442,12,1,36.0,36.0
24945,8442,19,1,18.0,18.0
24946,8443,23,2,18.0,36.0
24947,8443,8,1,24.0,24.0
24948,8443,5,1,30.0,30.0
24949,8443,11,3,33.0,99.0
24950,8443,27,1,25.0,25.0
24951,8444,4,1,22.0,22.0
24952,8444,32,3,37.0,111.0
24953,8444,27,1,25.0,25.0
24954,8445,1,1,28.0,28.0
24955,8445,38,3,12.0,36.0
24956,8445,2,2,34.0,68.0
24957,8445,40,3,10.0,30.0
24958,8445,34,1,10.0,10.0
24959,8446,33,1,14.0,14.0
24960,8446,17,1,26.0,26.0
24961,8446,7,1,36.0,36.0
24962,8447,3,1,42.0,42.0
24963,8447,8,2,24.0,48.0
24964,8447,13,1,28.0,28.0
24965,8447,30,2,38.0,76.0
24966,8448,37,1,18.0,18.0
24967,8448,32,2,37.0,74.0
24968,8448,7,2,36.0,72.0
24969,8448,1,3,28.0,84.0
24970,8448,6,1,38.0,38.0
24971,8449,39,2,8.0,16.0
24972,8449,4,1,22.0,22.0
24973,8449,11,1,33.0,33.0
24974,8450,20,3,16.0,48.0
24975,8451,5,1,30.0,30.0
24976,8451,29,1,44.0,44.0
24977,8451,10,2,32.0,64.0
24978,8451,31,1,36.0,36.0
24979,8451,15,2,30.0,60.0
24980,8452,8,2,24.0,48.0
24981,8452,5,2,30.0,60.0
24982,8452,17,1,26.0,26.0
24983,8452,33,2,14.0,28.0
24984,8452,10,1,32.0,32.0
24985,8452,38,1,12.0,12.0
24986,8453,13,1,28.0,28.0
24987,8453,10,1,32.0,32.0
24988,8453,8,1,24.0,24.0
24989,8453,27,2,25.0,50.0
24990,8453,9,2,35.0,70.0
24991,8454,35,1,9.0,9.0
24992,8454,34,2,10.0,20.0
24993,8454,5,1,30.0,30.0
24994,8454,14,1,45.0,45.0
24995,8455,23,1,18.0,18.0
24996,8455,16,3,32.0,96.0
24997,8456,16,3,32.0,96.0
24998,8457,8,2,24.0,48.0
24999,8457,11,2,33.0,66.0
25000,8458,8,1,24.0,24.0
25001,8458,30,2,38.0,76.0
25002,8458,9,3,35.0,105.0
25003,8459,7,3,36.0,108.0
25004,8459,15,2,30.0,60.0
25005,8459,28,1,34.0,34.0
25006,8460,8,2,24.0,48.0
25007,8460,14,1,45.0,45.0
25008,8460,12,1,36.0,36.0
25009,8461,7,1,36.0,36.0
25010,8461,32,1,37.0,37.0
25011,8461,17,1,26.0,26.0
25012,8462,8,1,24.0,24.0
25013,8463,20,1,16.0,16.0
25014,8463,3,2,42.0,84.0
25015,8464,2,1,34.0,34.0
25016,8464,7,2,36.0,72.0
25017,8464,33,1,14.0,14.0
25018,8464,13,1,28.0,28.0
25019,8465,12,2,36.0,72.0
25020,8466,28,2,34.0,68.0
25021,8466,12,1,36.0,36.0
25022,8466,7,1,36.0,36.0
25023,8466,31,3,36.0,108.0
25024,8467,4,1,22.0,22.0
25025,8467,10,1,32.0,32.0
25026,8468,14,1,45.0,45.0
25027,8469,17,1,26.0,26.0
25028,8469,5,1,30.0,30.0
25029,8469,32,1,37.0,37.0
25030,8469,3,1,42.0,42.0
25031,8469,6,2,38.0,76.0
25032,8469,25,1,26.0,26.0
25033,8470,4,1,22.0,22.0
25034,8471,2,1,34.0,34.0
25035,8471,23,3,18.0,54.0
25036,8471,18,1,38.0,38.0
25037,8471,37,1,18.0,18.0
25038,8471,9,1,35.0,35.0
25039,8472,4,2,22.0,44.0
25040,8472,16,1,32.0,32.0
25041,8472,17,3,26.0,78.0
25042,8472,25,1,26.0,26.0
25043,8472,37,1,18.0,18.0
25044,8473,33,1,14.0,14.0
25045,8473,32,2,37.0,74.0
25046,8474,35,3,9.0,27.0
25047,8474,10,2,32.0,64.0
25048,8474,19,1,18.0,18.0
25049,8474,8,3,24.0,72.0
25050,8475,2,3,34.0,102.0
25051,8475,4,1,22.0,22.0
25052,8475,9,2,35.0,70.0
25053,8476,23,1,18.0,18.0
25054,8476,31,1,36.0,36.0
25055,8476,7,1,36.0,36.0
25056,8476,2,2,34.0,68.0
25057,8476,8,1,24.0,24.0
25058,8477,5,2,30.0,60.0
25059,8477,7,2,36.0,72.0
25060,8478,5,1,30.0,30.0
25061,8478,13,1,28.0,28.0
25062,8478,18,2,38.0,76.0
25063,8478,9,1,35.0,35.0
25064,8479,4,1,22.0,22.0
25065,8479,8,2,24.0,48.0
25066,8480,32,3,37.0,111.0
25067,8480,4,2,22.0,44.0
25068,8480,25,1,26.0,26.0
25069,8480,20,3,16.0,48.0
25070,8480,33,1,14.0,14.0
25071,8480,24,2,24.0,48.0
25072,8481,7,1,36.0,36.0
25073,8481,8,3,24.0,72.0
25074,8481,25,1,26.0,26.0
25075,8482,7,3,36.0,108.0
25076,8482,5,1,30.0,30.0
25077,8482,29,2,44.0,88.0
25078,8482,8,2,24.0,48.0
25079,8482,28,1,34.0,34.0
25080,8483,8,1,24.0,24.0
25081,8483,7,3,36.0,108.0
25082,8484,1,1,28.0,28.0
25083,8484,33,1,14.0,14.0
25084,8485,32,1,37.0,37.0
25085,8485,13,2,28.0,56.0
25086,8486,19,1,18.0,18.0
25087,8487,10,2,32.0,64.0
25088,8487,19,1,18.0,18.0
25089,8487,13,2,28.0,56.0
25090,8487,9,1,35.0,35.0
25091,8488,7,2,36.0,72.0
25092,8488,5,2,30.0,60.0
25093,8489,5,2,30.0,60.0
25094,8490,3,1,42.0,42.0
25095,8490,17,1,26.0,26.0
25096,8490,7,1,36.0,36.0
25097,8491,12,1,36.0,36.0
25098,8491,6,1,38.0,38.0
25099,8491,5,2,30.0,60.0
25100,8492,5,1,30.0,30.0
25101,8493,12,2,36.0,72.0
25102,8493,33,1,14.0,14.0
25103,8494,28,1,34.0,34.0
25104,8494,8,2,24.0,48.0
25105,8495,12,2,36.0,72.0
25106,8495,5,1,30.0,30.0
25107,8495,14,1,45.0,45.0
25108,8495,24,3,24.0,72.0
25109,8495,23,2,18.0,36.0
25110,8496,26,1,42.0,42.0
25111,8496,11,3,33.0,99.0
25112,8497,9,1,35.0,35.0
25113,8498,24,1,24.0,24.0
25114,8498,25,1,26.0,26.0
25115,8498,32,1,37.0,37.0
25116,8499,18,1,38.0,38.0
25117,8499,1,1,28.0,28.0
25118,8500,24,2,24.0,48.0
25119,8500,12,1,36.0,36.0
25120,8500,33,2,14.0,28.0
25121,8501,8,1,24.0,24.0
25122,8501,1,3,28.0,84.0
25123,8502,21,1,20.0,20.0
25124,8503,7,1,36.0,36.0
25125,8503,38,1,12.0,12.0
25126,8503,24,1,24.0,24.0
25127,8503,27,2,25.0,50.0
25128,8504,40,1,10.0,10.0
25129,8504,7,2,36.0,72.0
25130,8504,18,2,38.0,76.0
25131,8505,10,1,32.0,32.0
25132,8505,12,3,36.0,108.0
25133,8506,20,2,16.0,32.0
25134,8507,13,1,28.0,28.0
25135,8507,28,1,34.0,34.0
25136,8507,7,1,36.0,36.0
25137,8508,3,1,42.0,42.0
25138,8508,30,1,38.0,38.0
25139,8508,22,1,22.0,22.0
25140,8509,13,1,28.0,28.0
25141,8509,19,1,18.0,18.0
25142,8510,40,2,10.0,20.0
25143,8510,13,2,28.0,56.0
25144,8510,8,1,24.0,24.0
25145,8510,33,2,14.0,28.0
25146,8510,19,1,18.0,18.0
25147,8511,27,1,25.0,25.0
25148,8511,11,1,33.0,33.0
25149,8512,28,2,34.0,68.0
25150,8512,12,1,36.0,36.0
25151,8512,13,1,28.0,28.0
25152,8512,26,1,42.0,42.0
25153,8512,24,1,24.0,24.0
25154,8513,7,1,36.0,36.0
25155,8514,11,1,33.0,33.0
25156,8514,27,2,25.0,50.0
25157,8515,38,2,12.0,24.0
25158,8515,6,1,38.0,38.0
25159,8515,27,2,25.0,50.0
25160,8515,24,1,24.0,24.0
25161,8516,13,1,28.0,28.0
25162,8516,28,1,34.0,34.0
25163,8516,38,1,12.0,12.0
25164,8517,1,2,28.0,56.0
25165,8517,7,3,36.0,108.0
25166,8517,16,1,32.0,32.0
25167,8518,20,1,16.0,16.0
25168,8518,16,1,32.0,32.0
25169,8519,5,1,30.0,30.0
25170,8520,21,2,20.0,40.0
25171,8520,35,1,9.0,9.0
25172,8520,15,1,30.0,30.0
25173,8520,26,1,42.0,42.0
25174,8521,28,1,34.0,34.0
25175,8521,1,2,28.0,56.0
25176,8521,8,1,24.0,24.0
25177,8522,7,1,36.0,36.0
25178,8522,12,3,36.0,108.0
25179,8522,9,1,35.0,35.0
25180,8522,4,2,22.0,44.0
25181,8523,38,3,12.0,36.0
25182,8523,8,3,24.0,72.0
25183,8524,1,3,28.0,84.0
25184,8524,29,1,44.0,44.0
25185,8524,27,2,25.0,50.0
25186,8524,8,2,24.0,48.0
25187,8524,4,1,22.0,22.0
25188,8525,37,2,18.0,36.0
25189,8525,15,1,30.0,30.0
25190,8525,5,1,30.0,30.0
25191,8526,18,1,38.0,38.0
25192,8526,20,2,16.0,32.0
25193,8526,7,3,36.0,108.0
25194,8526,2,1,34.0,34.0
25195,8527,25,2,26.0,52.0
25196,8527,21,2,20.0,40.0
25197,8527,5,1,30.0,30.0
25198,8527,2,2,34.0,68.0
25199,8527,8,1,24.0,24.0
25200,8528,2,1,34.0,34.0
25201,8528,16,2,32.0,64.0
25202,8528,28,1,34.0,34.0
25203,8529,3,2,42.0,84.0
25204,8529,7,1,36.0,36.0
25205,8529,5,3,30.0,90.0
25206,8529,34,3,10.0,30.0
25207,8529,15,1,30.0,30.0
25208,8529,6,1,38.0,38.0
25209,8530,11,2,33.0,66.0
25210,8530,2,1,34.0,34.0
25211,8530,1,1,28.0,28.0
25212,8531,37,1,18.0,18.0
25213,8531,5,1,30.0,30.0
25214,8531,8,1,24.0,24.0
25215,8531,30,2,38.0,76.0
25216,8532,5,1,30.0,30.0
25217,8533,18,2,38.0,76.0
25218,8533,31,2,36.0,72.0
25219,8534,27,3,25.0,75.0
25220,8534,16,2,32.0,64.0
25221,8534,29,1,44.0,44.0
25222,8535,29,2,44.0,88.0
25223,8535,6,1,38.0,38.0
25224,8536,13,1,28.0,28.0
25225,8537,9,1,35.0,35.0
25226,8537,15,1,30.0,30.0
25227,8538,15,1,30.0,30.0
25228,8538,7,1,36.0,36.0
25229,8538,9,3,35.0,105.0
25230,8538,4,1,22.0,22.0
25231,8538,36,2,6.0,12.0
25232,8538,10,1,32.0,32.0
25233,8539,32,1,37.0,37.0
25234,8539,8,1,24.0,24.0
25235,8539,39,1,8.0,8.0
25236,8540,3,3,42.0,126.0
25237,8540,30,1,38.0,38.0
25238,8540,8,1,24.0,24.0
25239,8541,39,1,8.0,8.0
25240,8541,9,2,35.0,70.0
25241,8541,10,2,32.0,64.0
25242,8541,29,1,44.0,44.0
25243,8542,21,1,20.0,20.0
25244,8542,12,1,36.0,36.0
25245,8542,3,2,42.0,84.0
25246,8542,15,2,30.0,60.0
25247,8542,16,1,32.0,32.0
25248,8542,9,2,35.0,70.0
25249,8543,13,1,28.0,28.0
25250,8543,26,3,42.0,126.0
25251,8543,12,1,36.0,36.0
25252,8543,5,1,30.0,30.0
25253,8544,37,1,18.0,18.0
25254,8544,15,1,30.0,30.0
25255,8544,7,1,36.0,36.0
25256,8544,17,2,26.0,52.0
25257,8545,20,1,16.0,16.0
25258,8545,3,1,42.0,42.0
25259,8545,5,1,30.0,30.0
25260,8546,2,1,34.0,34.0
25261,8546,4,1,22.0,22.0
25262,8546,14,2,45.0,90.0
25263,8547,1,2,28.0,56.0
25264,8548,26,1,42.0,42.0
25265,8548,7,3,36.0,108.0
25266,8548,15,1,30.0,30.0
25267,8548,35,2,9.0,18.0
25268,8548,14,1,45.0,45.0
25269,8549,19,2,18.0,36.0
25270,8549,3,1,42.0,42.0
25271,8549,13,2,28.0,56.0
25272,8550,32,1,37.0,37.0
25273,8550,3,1,42.0,42.0
25274,8551,16,2,32.0,64.0
25275,8551,5,1,30.0,30.0
25276,8552,3,1,42.0,42.0
25277,8552,7,3,36.0,108.0
25278,8553,7,1,36.0,36.0
25279,8553,24,2,24.0,48.0
25280,8554,7,1,36.0,36.0
25281,8554,37,1,18.0,18.0
25282,8554,3,2,42.0,84.0
25283,8554,24,1,24.0,24.0
25284,8554,12,2,36.0,72.0
25285,8555,20,1,16.0,16.0
25286,8555,11,2,33.0,66.0
25287,8555,28,1,34.0,34.0
25288,8556,4,2,22.0,44.0
25289,8556,31,1,36.0,36.0
25290,8556,3,1,42.0,42.0
25291,8556,7,1,36.0,36.0
25292,8557,24,1,24.0,24.0
25293,8557,18,1,38.0,38.0
25294,8557,5,2,30.0,60.0
25295,8558,10,1,32.0,32.0
25296,8558,7,1,36.0,36.0
25297,8559,16,1,32.0,32.0
25298,8559,37,1,18.0,18.0
25299,8560,27,3,25.0,75.0
25300,8560,16,1,32.0,32.0
25301,8561,10,2,32.0,64.0
25302,8561,8,1,24.0,24.0
25303,8561,5,1,30.0,30.0
25304,8561,16,2,32.0,64.0
25305,8561,40,2,10.0,20.0
25306,8561,7,1,36.0,36.0
25307,8562,22,1,22.0,22.0
25308,8563,13,1,28.0,28.0
25309,8563,5,1,30.0,30.0
25310,8564,15,1,30.0,30.0
25311,8564,8,3,24.0,72.0
25312,8564,9,2,35.0,70.0
25313,8565,29,1,44.0,44.0
25314,8565,25,1,26.0,26.0
25315,8566,7,1,36.0,36.0
25316,8566,1,1,28.0,28.0
25317,8566,13,3,28.0,84.0
25318,8566,16,1,32.0,32.0
25319,8566,28,2,34.0,68.0
25320,8567,36,2,6.0,12.0
25321,8568,16,1,32.0,32.0
25322,8568,7,1,36.0,36.0
25323,8569,4,1,22.0,22.0
25324,8569,28,1,34.0,34.0
25325,8569,35,3,9.0,27.0
25326,8570,23,1,18.0,18.0
25327,8570,15,2,30.0,60.0
25328,8570,8,1,24.0,24.0
25329,8571,35,2,9.0,18.0
25330,8571,33,1,14.0,14.0
25331,8572,22,2,22.0,44.0
25332,8572,6,1,38.0,38.0
25333,8572,2,3,34.0,102.0
25334,8572,5,2,30.0,60.0
25335,8573,38,3,12.0,36.0
25336,8573,18,3,38.0,114.0
25337,8573,7,1,36.0,36.0
25338,8573,29,2,44.0,88.0
25339,8574,17,2,26.0,52.0
25340,8574,15,1,30.0,30.0
25341,8574,7,2,36.0,72.0
25342,8575,23,3,18.0,54.0
25343,8576,23,1,18.0,18.0
25344,8576,38,1,12.0,12.0
25345,8576,37,1,18.0,18.0
25346,8576,26,1,42.0,42.0
25347,8577,29,2,44.0,88.0
25348,8577,14,1,45.0,45.0
25349,8577,5,1,30.0,30.0
25350,8577,34,1,10.0,10.0
25351,8578,8,1,24.0,24.0
25352,8578,1,2,28.0,56.0
25353,8578,3,1,42.0,42.0
25354,8578,4,2,22.0,44.0
25355,8579,19,1,18.0,18.0
25356,8579,21,3,20.0,60.0
25357,8580,12,2,36.0,72.0
25358,8580,37,1,18.0,18.0
25359,8580,13,1,28.0,28.0
25360,8580,10,3,32.0,96.0
25361,8581,14,2,45.0,90.0
25362,8581,18,1,38.0,38.0
25363,8581,2,1,34.0,34.0
25364,8581,31,2,36.0,72.0
25365,8581,7,1,36.0,36.0
25366,8582,39,1,8.0,8.0
25367,8582,23,3,18.0,54.0
25368,8583,8,1,24.0,24.0
25369,8583,23,1,18.0,18.0
25370,8584,1,2,28.0,56.0
25371,8584,27,2,25.0,50.0
25372,8584,3,1,42.0,42.0
25373,8585,9,3,35.0,105.0
25374,8586,8,2,24.0,48.0
25375,8587,6,2,38.0,76.0
25376,8587,7,2,36.0,72.0
25377,8587,2,2,34.0,68.0
25378,8588,36,3,6.0,18.0
25379,8588,5,1,30.0,30.0
25380,8588,12,1,36.0,36.0
25381,8589,12,1,36.0,36.0
25382,8589,36,1,6.0,6.0
25383,8589,9,2,35.0,70.0
25384,8590,1,1,28.0,28.0
25385,8590,7,2,36.0,72.0
25386,8590,16,1,32.0,32.0
25387,8591,12,2,36.0,72.0
25388,8591,8,1,24.0,24.0
25389,8591,7,1,36.0,36.0
25390,8591,1,2,28.0,56.0
25391,8592,36,1,6.0,6.0
25392,8592,13,3,28.0,84.0
25393,8592,2,2,34.0,68.0
25394,8593,21,1,20.0,20.0
25395,8593,15,1,30.0,30.0
25396,8593,30,1,38.0,38.0
25397,8594,3,1,42.0,42.0
25398,8594,23,1,18.0,18.0
25399,8595,16,1,32.0,32.0
25400,8595,5,1,30.0,30.0
25401,8595,23,1,18.0,18.0
25402,8595,2,2,34.0,68.0
25403,8595,28,2,34.0,68.0
25404,8595,4,3,22.0,66.0
25405,8596,7,1,36.0,36.0
25406,8597,23,1,18.0,18.0
25407,8597,25,3,26.0,78.0
25408,8597,10,3,32.0,96.0
25409,8597,7,1,36.0,36.0
25410,8597,34,1,10.0,10.0
25411,8598,36,1,6.0,6.0
25412,8599,1,2,28.0,56.0
25413,8599,15,1,30.0,30.0
25414,8599,7,1,36.0,36.0
25415,8599,30,1,38.0,38.0
25416,8600,19,1,18.0,18.0
25417,8600,21,1,20.0,20.0
25418,8600,18,2,38.0,76.0
25419,8600,1,3,28.0,84.0
25420,8600,4,1,22.0,22.0
25421,8601,26,1,42.0,42.0
25422,8601,30,1,38.0,38.0
25423,8601,15,2,30.0,60.0
25424,8601,28,1,34.0,34.0
25425,8601,27,1,25.0,25.0
25426,8602,26,1,42.0,42.0
25427,8602,25,1,26.0,26.0
25428,8602,22,1,22.0,22.0
25429,8602,7,1,36.0,36.0
25430,8603,1,1,28.0,28.0
25431,8603,13,2,28.0,56.0
25432,8603,16,1,32.0,32.0
25433,8604,37,1,18.0,18.0
25434,8604,22,1,22.0,22.0
25435,8605,16,1,32.0,32.0
25436,8606,33,1,14.0,14.0
25437,8606,21,1,20.0,20.0
25438,8606,16,3,32.0,96.0
25439,8607,7,1,36.0,36.0
25440,8607,8,3,24.0,72.0
25441,8607,31,1,36.0,36.0
25442,8607,3,1,42.0,42.0
25443,8607,10,1,32.0,32.0
25444,8608,18,1,38.0,38.0
25445,8609,32,3,37.0,111.0
25446,8609,21,2,20.0,40.0
25447,8610,17,1,26.0,26.0
25448,8610,5,1,30.0,30.0
25449,8610,7,2,36.0,72.0
25450,8610,18,1,38.0,38.0
25451,8611,2,1,34.0,34.0
25452,8611,22,1,22.0,22.0
25453,8611,34,2,10.0,20.0
25454,8611,21,2,20.0,40.0
25455,8612,7,1,36.0,36.0
25456,8612,27,1,25.0,25.0
25457,8612,3,3,42.0,126.0
25458,8612,29,2,44.0,88.0
25459,8613,3,1,42.0,42.0
25460,8613,27,2,25.0,50.0
25461,8613,5,2,30.0,60.0
25462,8613,30,1,38.0,38.0
25463,8613,11,2,33.0,66.0
25464,8613,8,1,24.0,24.0
25465,8614,5,1,30.0,30.0
25466,8614,27,1,25.0,25.0
25467,8615,2,1,34.0,34.0
25468,8615,8,1,24.0,24.0
25469,8615,11,2,33.0,66.0
25470,8616,22,2,22.0,44.0
25471,8616,26,2,42.0,84.0
25472,8616,8,3,24.0,72.0
25473,8616,1,2,28.0,56.0
25474,8617,16,1,32.0,32.0
25475,8617,1,2,28.0,56.0
25476,8617,4,1,22.0,22.0
25477,8617,18,1,38.0,38.0
25478,8618,1,1,28.0,28.0
25479,8618,32,1,37.0,37.0
25480,8618,4,1,22.0,22.0
25481,8618,37,1,18.0,18.0
25482,8619,27,1,25.0,25.0
25483,8619,36,3,6.0,18.0
25484,8619,33,1,14.0,14.0
25485,8619,22,1,22.0,22.0
25486,8619,13,2,28.0,56.0
25487,8619,8,2,24.0,48.0
25488,8620,7,1,36.0,36.0
25489,8620,11,1,33.0,33.0
25490,8621,3,1,42.0,42.0
25491,8621,5,3,30.0,90.0
25492,8622,1,1,28.0,28.0
25493,8622,12,1,36.0,36.0
25494,8623,5,1,30.0,30.0
25495,8623,13,1,28.0,28.0
25496,8623,2,2,34.0,68.0
25497,8623,12,2,36.0,72.0
25498,8624,37,2,18.0,36.0
25499,8625,2,2,34.0,68.0
25500,8625,21,1,20.0,20.0
25501,8626,26,1,42.0,42.0
25502,8626,5,1,30.0,30.0
25503,8626,12,2,36.0,72.0
25504,8627,27,2,25.0,50.0
25505,8627,2,1,34.0,34.0
25506,8627,9,1,35.0,35.0
25507,8627,28,1,34.0,34.0
25508,8628,10,2,32.0,64.0
25509,8628,4,1,22.0,22.0
25510,8628,2,2,34.0,68.0
25511,8629,14,1,45.0,45.0
25512,8629,28,1,34.0,34.0
25513,8630,22,1,22.0,22.0
25514,8630,32,1,37.0,37.0
25515,8630,19,1,18.0,18.0
25516,8631,4,2,22.0,44.0
25517,8631,30,3,38.0,114.0
25518,8631,1,2,28.0,56.0
25519,8631,15,3,30.0,90.0
25520,8632,1,1,28.0,28.0
25521,8632,7,2,36.0,72.0
25522,8633,2,1,34.0,34.0
25523,8633,12,2,36.0,72.0
25524,8633,16,2,32.0,64.0
25525,8634,23,1,18.0,18.0
25526,8634,5,1,30.0,30.0
25527,8634,4,1,22.0,22.0
25528,8634,13,1,28.0,28.0
25529,8634,16,3,32.0,96.0
25530,8635,24,1,24.0,24.0
25531,8635,20,1,16.0,16.0
25532,8635,21,1,20.0,20.0
25533,8635,34,3,10.0,30.0
25534,8635,1,1,28.0,28.0
25535,8636,31,1,36.0,36.0
25536,8636,15,2,30.0,60.0
25537,8637,3,1,42.0,42.0
25538,8637,25,1,26.0,26.0
25539,8637,28,1,34.0,34.0
25540,8637,1,3,28.0,84.0
25541,8638,4,1,22.0,22.0
25542,8638,5,2,30.0,60.0
25543,8638,1,1,28.0,28.0
25544,8639,23,2,18.0,36.0
25545,8639,40,2,10.0,20.0
25546,8639,13,3,28.0,84.0
25547,8640,26,1,42.0,42.0
25548,8640,3,2,42.0,84.0
25549,8641,23,2,18.0,36.0
25550,8641,34,1,10.0,10.0
25551,8642,10,2,32.0,64.0
25552,8642,2,1,34.0,34.0
25553,8643,22,3,22.0,66.0
25554,8643,16,1,32.0,32.0
25555,8644,37,1,18.0,18.0
25556,8644,2,2,34.0,68.0
25557,8645,3,3,42.0,126.0
25558,8645,10,1,32.0,32.0
25559,8646,3,1,42.0,42.0
25560,8646,10,2,32.0,64.0
25561,8647,30,1,38.0,38.0
25562,8647,39,1,8.0,8.0
25563,8648,6,2,38.0,76.0
25564,8649,39,1,8.0,8.0
25565,8649,4,1,22.0,22.0
25566,8649,33,1,14.0,14.0
25567,8650,12,1,36.0,36.0
25568,8650,2,1,34.0,34.0
25569,8651,36,3,6.0,18.0
25570,8651,2,1,34.0,34.0
25571,8652,8,1,24.0,24.0
25572,8652,5,1,30.0,30.0
25573,8652,19,1,18.0,18.0
25574,8652,7,2,36.0,72.0
25575,8653,12,1,36.0,36.0
25576,8653,7,1,36.0,36.0
25577,8653,26,1,42.0,42.0
25578,8654,13,2,28.0,56.0
25579,8654,24,1,24.0,24.0
25580,8654,5,2,30.0,60.0
25581,8654,37,1,18.0,18.0
25582,8655,25,1,26.0,26.0
25583,8656,36,1,6.0,6.0
25584,8656,12,3,36.0,108.0
25585,8656,5,1,30.0,30.0
25586,8656,9,1,35.0,35.0
25587,8656,31,1,36.0,36.0
25588,8657,8,1,24.0,24.0
25589,8657,32,1,37.0,37.0
25590,8657,3,1,42.0,42.0
25591,8658,15,3,30.0,90.0
25592,8658,35,1,9.0,9.0
25593,8659,8,1,24.0,24.0
25594,8659,29,1,44.0,44.0
25595,8659,5,2,30.0,60.0
25596,8660,19,1,18.0,18.0
25597,8660,4,2,22.0,44.0
25598,8660,11,2,33.0,66.0
25599,8661,30,1,38.0,38.0
25600,8661,4,1,22.0,22.0
25601,8661,11,1,33.0,33.0
25602,8662,12,1,36.0,36.0
25603,8662,17,1,26.0,26.0
25604,8663,39,1,8.0,8.0
25605,8664,4,2,22.0,44.0
25606,8665,4,1,22.0,22.0
25607,8665,32,2,37.0,74.0
25608,8665,33,1,14.0,14.0
25609,8666,25,1,26.0,26.0
25610,8666,7,2,36.0,72.0
25611,8667,37,1,18.0,18.0
25612,8667,8,1,24.0,24.0
25613,8668,5,2,30.0,60.0
25614,8668,20,2,16.0,32.0
25615,8668,6,1,38.0,38.0
25616,8668,31,1,36.0,36.0
25617,8668,1,1,28.0,28.0
25618,8669,10,3,32.0,96.0
25619,8669,40,1,10.0,10.0
25620,8669,8,1,24.0,24.0
25621,8669,4,1,22.0,22.0
25622,8670,4,1,22.0,22.0
25623,8670,10,2,32.0,64.0
25624,8671,30,2,38.0,76.0
25625,8671,1,1,28.0,28.0
25626,8672,2,1,34.0,34.0
25627,8673,37,1,18.0,18.0
25628,8673,12,1,36.0,36.0
25629,8673,11,2,33.0,66.0
25630,8674,6,1,38.0,38.0
25631,8674,10,1,32.0,32.0
25632,8674,8,1,24.0,24.0
25633,8675,21,1,20.0,20.0
25634,8675,1,1,28.0,28.0
25635,8675,5,1,30.0,30.0
25636,8676,33,1,14.0,14.0
25637,8676,24,1,24.0,24.0
25638,8676,2,1,34.0,34.0
25639,8677,17,1,26.0,26.0
25640,8678,40,1,10.0,10.0
25641,8678,7,2,36.0,72.0
25642,8679,35,2,9.0,18.0
25643,8680,26,1,42.0,42.0
25644,8681,13,2,28.0,56.0
25645,8682,7,2,36.0,72.0
25646,8682,28,1,34.0,34.0
25647,8682,10,1,32.0,32.0
25648,8682,24,3,24.0,72.0
25649,8682,8,1,24.0,24.0
25650,8682,32,2,37.0,74.0
25651,8683,22,2,22.0,44.0
25652,8683,32,3,37.0,111.0
25653,8683,7,2,36.0,72.0
25654,8683,31,3,36.0,108.0
25655,8684,37,1,18.0,18.0
25656,8684,26,3,42.0,126.0
25657,8684,13,2,28.0,56.0
25658,8684,7,1,36.0,36.0
25659,8685,2,2,34.0,68.0
25660,8685,3,1,42.0,42.0
25661,8686,9,1,35.0,35.0
25662,8686,18,3,38.0,114.0
25663,8687,2,3,34.0,102.0
25664,8687,18,1,38.0,38.0
25665,8687,3,2,42.0,84.0
25666,8688,18,1,38.0,38.0
25667,8688,20,2,16.0,32.0
25668,8688,16,1,32.0,32.0
25669,8688,23,3,18.0,54.0
25670,8689,21,2,20.0,40.0
25671,8689,32,1,37.0,37.0
25672,8690,6,1,38.0,38.0
25673,8690,20,1,16.0,16.0
25674,8691,21,2,20.0,40.0
25675,8691,36,1,6.0,6.0
25676,8692,21,3,20.0,60.0
25677,8692,7,1,36.0,36.0
25678,8693,29,1,44.0,44.0
25679,8693,7,2,36.0,72.0
25680,8694,4,1,22.0,22.0
25681,8694,15,1,30.0,30.0
25682,8694,21,2,20.0,40.0
25683,8694,2,1,34.0,34.0
25684,8695,33,1,14.0,14.0
25685,8695,25,3,26.0,78.0
25686,8695,29,2,44.0,88.0
25687,8695,23,1,18.0,18.0
25688,8696,40,2,10.0,20.0
25689,8696,36,1,6.0,6.0
25690,8697,20,1,16.0,16.0
25691,8698,1,1,28.0,28.0
25692,8698,27,2,25.0,50.0
25693,8699,23,1,18.0,18.0
25694,8699,22,1,22.0,22.0
25695,8699,12,1,36.0,36.0
25696,8699,13,2,28.0,56.0
25697,8700,1,2,28.0,56.0
25698,8700,4,1,22.0,22.0
25699,8700,31,1,36.0,36.0
25700,8700,33,2,14.0,28.0
25701,8700,18,3,38.0,114.0
25702,8701,8,1,24.0,24.0
25703,8701,36,3,6.0,18.0
25704,8701,7,1,36.0,36.0
25705,8701,3,1,42.0,42.0
25706,8702,8,2,24.0,48.0
25707,8703,35,2,9.0,18.0
25708,8704,26,1,42.0,42.0
25709,8705,4,1,22.0,22.0
25710,8705,1,1,28.0,28.0
25711,8705,2,2,34.0,68.0
25712,8705,39,2,8.0,16.0
25713,8705,15,1,30.0,30.0
25714,8705,14,3,45.0,135.0
25715,8706,8,2,24.0,48.0
25716,8706,23,1,18.0,18.0
25717,8706,28,2,34.0,68.0
25718,8706,16,1,32.0,32.0
25719,8707,16,2,32.0,64.0
25720,8707,36,2,6.0,12.0
25721,8707,14,1,45.0,45.0
25722,8707,4,1,22.0,22.0
25723,8707,15,1,30.0,30.0
25724,8708,4,3,22.0,66.0
25725,8708,20,3,16.0,48.0
25726,8709,8,1,24.0,24.0
25727,8710,23,1,18.0,18.0
25728,8710,3,1,42.0,42.0
25729,8711,8,1,24.0,24.0
25730,8711,22,2,22.0,44.0
25731,8712,38,2,12.0,24.0
25732,8712,12,2,36.0,72.0
25733,8712,4,1,22.0,22.0
25734,8712,27,3,25.0,75.0
25735,8712,6,1,38.0,38.0
25736,8713,33,2,14.0,28.0
25737,8713,11,1,33.0,33.0
25738,8713,2,1,34.0,34.0
25739,8714,20,1,16.0,16.0
25740,8714,23,1,18.0,18.0
25741,8715,27,1,25.0,25.0
25742,8715,9,2,35.0,70.0
25743,8716,24,2,24.0,48.0
25744,8716,13,1,28.0,28.0
25745,8716,2,2,34.0,68.0
25746,8717,36,3,6.0,18.0
25747,8717,19,1,18.0,18.0
25748,8718,7,1,36.0,36.0
25749,8719,15,1,30.0,30.0
25750,8719,4,1,22.0,22.0
25751,8720,7,2,36.0,72.0
25752,8720,12,1,36.0,36.0
25753,8720,9,1,35.0,35.0
25754,8721,25,2,26.0,52.0
25755,8721,31,2,36.0,72.0
25756,8721,19,1,18.0,18.0
25757,8721,32,1,37.0,37.0
25758,8722,37,1,18.0,18.0
25759,8722,5,3,30.0,90.0
25760,8723,4,2,22.0,44.0
25761,8723,9,1,35.0,35.0
25762,8724,1,1,28.0,28.0
25763,8725,1,1,28.0,28.0
25764,8725,18,1,38.0,38.0
25765,8725,6,2,38.0,76.0
25766,8726,6,1,38.0,38.0
25767,8726,7,1,36.0,36.0
25768,8727,5,1,30.0,30.0
25769,8727,33,1,14.0,14.0
25770,8728,37,1,18.0,18.0
25771,8728,8,1,24.0,24.0
25772,8728,1,1,28.0,28.0
25773,8729,32,1,37.0,37.0
25774,8729,25,2,26.0,52.0
25775,8729,29,1,44.0,44.0
25776,8730,12,1,36.0,36.0
25777,8730,8,1,24.0,24.0
25778,8730,40,1,10.0,10.0
25779,8730,9,1,35.0,35.0
25780,8730,5,2,30.0,60.0
25781,8730,10,1,32.0,32.0
25782,8731,6,2,38.0,76.0
25783,8731,2,1,34.0,34.0
25784,8731,3,3,42.0,126.0
25785,8732,37,1,18.0,18.0
25786,8732,6,1,38.0,38.0
25787,8732,2,1,34.0,34.0
25788,8732,23,1,18.0,18.0
25789,8732,26,1,42.0,42.0
25790,8732,27,1,25.0,25.0
25791,8733,2,1,34.0,34.0
25792,8733,12,1,36.0,36.0
25793,8733,11,3,33.0,99.0
25794,8734,25,1,26.0,26.0
25795,8735,39,1,8.0,8.0
25796,8735,10,1,32.0,32.0
25797,8736,6,1,38.0,38.0
25798,8736,21,1,20.0,20.0
25799,8736,2,2,34.0,68.0
25800,8736,20,2,16.0,32.0
25801,8737,38,2,12.0,24.0
25802,8737,5,2,30.0,60.0
25803,8738,6,1,38.0,38.0
25804,8738,28,1,34.0,34.0
25805,8739,6,2,38.0,76.0
25806,8740,13,1,28.0,28.0
25807,8740,24,2,24.0,48.0
25808,8741,5,1,30.0,30.0
25809,8741,7,2,36.0,72.0
25810,8742,25,1,26.0,26.0
25811,8742,32,2,37.0,74.0
25812,8742,7,1,36.0,36.0
25813,8742,2,2,34.0,68.0
25814,8743,1,1,28.0,28.0
25815,8743,20,1,16.0,16.0
25816,8744,20,1,16.0,16.0
25817,8744,7,2,36.0,72.0
25818,8745,5,1,30.0,30.0
25819,8745,20,2,16.0,32.0
25820,8745,15,2,30.0,60.0
25821,8746,15,1,30.0,30.0
25822,8746,8,1,24.0,24.0
25823,8746,33,1,14.0,14.0
25824,8746,12,2,36.0,72.0
25825,8746,17,3,26.0,78.0
25826,8747,33,1,14.0,14.0
25827,8748,37,1,18.0,18.0
25828,8748,18,1,38.0,38.0
25829,8748,32,1,37.0,37.0
25830,8749,34,1,10.0,10.0
25831,8749,8,2,24.0,48.0
25832,8749,40,2,10.0,20.0
25833,8749,24,1,24.0,24.0
25834,8750,35,2,9.0,18.0
25835,8750,13,2,28.0,56.0
25836,8750,4,2,22.0,44.0
25837,8751,12,2,36.0,72.0
25838,8751,20,1,16.0,16.0
25839,8751,29,1,44.0,44.0
25840,8752,34,1,10.0,10.0
25841,8752,40,3,10.0,30.0
25842,8753,9,3,35.0,105.0
25843,8753,13,1,28.0,28.0
25844,8753,20,1,16.0,16.0
25845,8754,30,1,38.0,38.0
25846,8754,10,1,32.0,32.0
25847,8754,7,3,36.0,108.0
25848,8755,40,2,10.0,20.0
25849,8755,13,2,28.0,56.0
25850,8756,3,1,42.0,42.0
25851,8756,1,1,28.0,28.0
25852,8756,5,1,30.0,30.0
25853,8756,35,2,9.0,18.0
25854,8756,28,1,34.0,34.0
25855,8757,16,1,32.0,32.0
25856,8757,28,1,34.0,34.0
25857,8757,34,1,10.0,10.0
25858,8758,36,1,6.0,6.0
25859,8758,32,2,37.0,74.0
25860,8759,17,2,26.0,52.0
25861,8759,7,3,36.0,108.0
25862,8759,23,2,18.0,36.0
25863,8759,1,1,28.0,28.0
25864,8759,35,1,9.0,9.0
25865,8759,3,2,42.0,84.0
25866,8760,7,1,36.0,36.0
25867,8760,39,1,8.0,8.0
25868,8761,20,2,16.0,32.0
25869,8761,15,3,30.0,90.0
25870,8761,32,1,37.0,37.0
25871,8762,21,2,20.0,40.0
25872,8762,28,3,34.0,102.0
25873,8762,2,1,34.0,34.0
25874,8763,10,1,32.0,32.0
25875,8763,31,2,36.0,72.0
25876,8763,19,2,18.0,36.0
25877,8764,9,2,35.0,70.0
25878,8764,29,2,44.0,88.0
25879,8764,4,1,22.0,22.0
25880,8765,13,1,28.0,28.0
25881,8765,6,2,38.0,76.0
25882,8766,8,1,24.0,24.0
25883,8766,28,1,34.0,34.0
25884,8766,1,2,28.0,56.0
25885,8767,19,1,18.0,18.0
25886,8767,13,1,28.0,28.0
25887,8767,8,2,24.0,48.0
25888,8767,1,2,28.0,56.0
25889,8767,3,1,42.0,42.0
25890,8768,9,2,35.0,70.0
25891,8768,3,2,42.0,84.0
25892,8768,7,2,36.0,72.0
25893,8769,16,1,32.0,32.0
25894,8769,5,1,30.0,30.0
25895,8769,27,1,25.0,25.0
25896,8769,12,1,36.0,36.0
25897,8770,32,1,37.0,37.0
25898,8770,4,1,22.0,22.0
25899,8770,35,1,9.0,9.0
25900,8771,29,1,44.0,44.0
25901,8771,20,1,16.0,16.0
25902,8772,30,1,38.0,38.0
25903,8772,8,1,24.0,24.0
25904,8772,4,2,22.0,44.0
25905,8772,29,1,44.0,44.0
25906,8773,9,2,35.0,70.0
25907,8773,22,2,22.0,44.0
25908,8773,31,1,36.0,36.0
25909,8774,30,3,38.0,114.0
25910,8774,8,3,24.0,72.0
25911,8774,2,1,34.0,34.0
25912,8774,11,2,33.0,66.0
25913,8774,36,2,6.0,12.0
25914,8775,6,2,38.0,76.0
25915,8775,4,1,22.0,22.0
25916,8775,12,1,36.0,36.0
25917,8775,8,2,24.0,48.0
25918,8776,36,2,6.0,12.0
25919,8776,8,1,24.0,24.0
25920,8777,24,2,24.0,48.0
25921,8777,3,1,42.0,42.0
25922,8777,7,3,36.0,108.0
25923,8778,32,1,37.0,37.0
25924,8778,21,2,20.0,40.0
25925,8778,4,1,22.0,22.0
25926,8779,37,3,18.0,54.0
25927,8779,22,1,22.0,22.0
25928,8779,2,3,34.0,102.0
25929,8780,7,1,36.0,36.0
25930,8780,6,1,38.0,38.0
25931,8780,4,1,22.0,22.0
25932,8781,7,1,36.0,36.0
25933,8781,1,2,28.0,56.0
25934,8782,13,1,28.0,28.0
25935,8782,5,3,30.0,90.0
25936,8783,22,3,22.0,66.0
25937,8784,2,2,34.0,68.0
25938,8784,15,1,30.0,30.0
25939,8784,1,1,28.0,28.0
25940,8784,26,1,42.0,42.0
25941,8784,12,1,36.0,36.0
25942,8785,1,1,28.0,28.0
25943,8785,33,1,14.0,14.0
25944,8785,24,1,24.0,24.0
25945,8785,32,1,37.0,37.0
25946,8785,12,1,36.0,36.0
25947,8786,40,1,10.0,10.0
25948,8786,13,1,28.0,28.0
25949,8786,11,1,33.0,33.0
25950,8786,18,2,38.0,76.0
25951,8786,33,2,14.0,28.0
25952,8787,3,2,42.0,84.0
25953,8787,13,3,28.0,84.0
25954,8787,4,1,22.0,22.0
25955,8787,7,1,36.0,36.0
25956,8787,17,2,26.0,52.0
25957,8788,32,1,37.0,37.0
25958,8789,7,1,36.0,36.0
25959,8789,36,1,6.0,6.0
25960,8789,15,2,30.0,60.0
25961,8790,3,1,42.0,42.0
25962,8790,2,2,34.0,68.0
25963,8791,23,2,18.0,36.0
25964,8791,4,1,22.0,22.0
25965,8792,12,2,36.0,72.0
25966,8792,4,1,22.0,22.0
25967,8793,38,1,12.0,12.0
25968,8793,12,2,36.0,72.0
25969,8793,28,2,34.0,68.0
25970,8793,3,2,42.0,84.0
25971,8794,25,1,26.0,26.0
25972,8794,3,1,42.0,42.0
25973,8795,7,1,36.0,36.0
25974,8795,34,2,10.0,20.0
25975,8795,27,1,25.0,25.0
25976,8796,12,1,36.0,36.0
25977,8796,5,1,30.0,30.0
25978,8796,35,1,9.0,9.0
25979,8797,10,2,32.0,64.0
25980,8797,26,2,42.0,84.0
25981,8797,7,1,36.0,36.0
25982,8797,8,1,24.0,24.0
25983,8798,31,1,36.0,36.0
25984,8798,24,1,24.0,24.0
25985,8798,40,1,10.0,10.0
25986,8798,6,1,38.0,38.0
25987,8798,2,1,34.0,34.0
25988,8799,23,1,18.0,18.0
25989,8799,4,2,22.0,44.0
25990,8799,39,2,8.0,16.0
25991,8800,6,3,38.0,114.0
25992,8800,20,2,16.0,32.0
25993,8800,23,1,18.0,18.0
25994,8800,19,1,18.0,18.0
25995,8801,14,1,45.0,45.0
25996,8801,8,1,24.0,24.0
25997,8801,35,2,9.0,18.0
25998,8801,33,1,14.0,14.0
25999,8802,11,1,33.0,33.0
26000,8803,7,1,36.0,36.0
26001,8803,4,1,22.0,22.0
26002,8803,24,1,24.0,24.0
26003,8804,15,1,30.0,30.0
26004,8804,2,1,34.0,34.0
26005,8804,33,3,14.0,42.0
26006,8804,17,3,26.0,78.0
26007,8805,16,2,32.0,64.0
26008,8805,35,1,9.0,9.0
26009,8805,9,1,35.0,35.0
26010,8805,24,1,24.0,24.0
26011,8805,33,1,14.0,14.0
26012,8805,4,1,22.0,22.0
26013,8806,35,2,9.0,18.0
26014,8806,33,1,14.0,14.0
26015,8807,6,2,38.0,76.0
26016,8808,14,1,45.0,45.0
26017,8808,26,1,42.0,42.0
26018,8808,13,2,28.0,56.0
26019,8808,37,1,18.0,18.0
26020,8809,26,2,42.0,84.0
26021,8809,5,1,30.0,30.0
26022,8809,25,3,26.0,78.0
26023,8810,1,1,28.0,28.0
26024,8810,7,2,36.0,72.0
26025,8811,7,2,36.0,72.0
26026,8811,10,3,32.0,96.0
26027,8812,15,2,30.0,60.0
26028,8812,22,2,22.0,44.0
26029,8812,8,3,24.0,72.0
26030,8813,1,3,28.0,84.0
26031,8814,33,1,14.0,14.0
26032,8814,1,1,28.0,28.0
26033,8815,31,1,36.0,36.0
26034,8815,24,3,24.0,72.0
26035,8815,21,2,20.0,40.0
26036,8815,34,1,10.0,10.0
26037,8815,1,1,28.0,28.0
26038,8815,4,1,22.0,22.0
26039,8816,34,2,10.0,20.0
26040,8816,9,1,35.0,35.0
26041,8817,7,1,36.0,36.0
26042,8817,31,1,36.0,36.0
26043,8818,34,1,10.0,10.0
26044,8818,15,1,30.0,30.0
26045,8819,17,1,26.0,26.0
26046,8820,8,2,24.0,48.0
26047,8821,6,1,38.0,38.0
26048,8821,7,3,36.0,108.0
26049,8822,12,1,36.0,36.0
26050,8822,30,1,38.0,38.0
26051,8822,37,2,18.0,36.0
26052,8822,32,1,37.0,37.0
26053,8823,12,1,36.0,36.0
26054,8824,30,3,38.0,114.0
26055,8824,5,1,30.0,30.0
26056,8824,25,1,26.0,26.0
26057,8824,7,2,36.0,72.0
26058,8824,6,1,38.0,38.0
26059,8824,10,1,32.0,32.0
26060,8825,34,3,10.0,30.0
26061,8825,2,1,34.0,34.0
26062,8826,1,2,28.0,56.0
26063,8826,7,2,36.0,72.0
26064,8826,2,1,34.0,34.0
26065,8827,18,3,38.0,114.0
26066,8827,4,3,22.0,66.0
26067,8827,5,1,30.0,30.0
26068,8827,32,2,37.0,74.0
26069,8828,9,1,35.0,35.0
26070,8828,5,1,30.0,30.0
26071,8828,10,1,32.0,32.0
26072,8829,3,1,42.0,42.0
26073,8829,4,1,22.0,22.0
26074,8829,16,2,32.0,64.0
26075,8829,34,2,10.0,20.0
26076,8830,7,1,36.0,36.0
26077,8830,3,1,42.0,42.0
26078,8830,16,2,32.0,64.0
26079,8830,2,1,34.0,34.0
26080,8831,37,1,18.0,18.0
26081,8831,39,2,8.0,16.0
26082,8832,3,2,42.0,84.0
26083,8832,16,2,32.0,64.0
26084,8833,26,1,42.0,42.0
26085,8833,4,1,22.0,22.0
26086,8833,27,1,25.0,25.0
26087,8834,1,2,28.0,56.0
26088,8834,33,2,14.0,28.0
26089,8835,14,3,45.0,135.0
26090,8835,10,1,32.0,32.0
26091,8835,15,1,30.0,30.0
26092,8835,16,1,32.0,32.0
26093,8835,12,2,36.0,72.0
26094,8836,26,2,42.0,84.0
26095,8836,24,2,24.0,48.0
26096,8836,3,1,42.0,42.0
26097,8837,16,1,32.0,32.0
26098,8837,35,1,9.0,9.0
26099,8837,11,1,33.0,33.0
26100,8837,21,2,20.0,40.0
26101,8838,2,1,34.0,34.0
26102,8838,1,1,28.0,28.0
26103,8838,3,1,42.0,42.0
26104,8838,18,1,38.0,38.0
26105,8838,11,3,33.0,99.0
26106,8839,8,1,24.0,24.0
26107,8839,30,1,38.0,38.0
26108,8840,3,1,42.0,42.0
26109,8840,13,2,28.0,56.0
26110,8841,2,2,34.0,68.0
26111,8841,22,2,22.0,44.0
26112,8841,6,1,38.0,38.0
26113,8842,6,1,38.0,38.0
26114,8843,1,1,28.0,28.0
26115,8843,8,2,24.0,48.0
26116,8844,16,1,32.0,32.0
26117,8845,5,1,30.0,30.0
26118,8846,35,2,9.0,18.0
26119,8846,12,1,36.0,36.0
26120,8846,1,3,28.0,84.0
26121,8846,18,2,38.0,76.0
26122,8846,20,1,16.0,16.0
26123,8847,23,1,18.0,18.0
26124,8847,12,1,36.0,36.0
26125,8847,6,1,38.0,38.0
26126,8847,25,2,26.0,52.0
26127,8847,29,1,44.0,44.0
26128,8847,2,3,34.0,102.0
26129,8848,3,1,42.0,42.0
26130,8848,23,1,18.0,18.0
26131,8848,27,3,25.0,75.0
26132,8848,6,1,38.0,38.0
26133,8849,33,1,14.0,14.0
26134,8849,4,3,22.0,66.0
26135,8849,6,1,38.0,38.0
26136,8850,12,3,36.0,108.0
26137,8850,25,3,26.0,78.0
26138,8850,7,1,36.0,36.0
26139,8850,14,1,45.0,45.0
26140,8851,20,1,16.0,16.0
26141,8851,9,2,35.0,70.0
26142,8852,9,1,35.0,35.0
26143,8852,3,3,42.0,126.0
26144,8853,10,2,32.0,64.0
26145,8853,26,1,42.0,42.0
26146,8853,6,1,38.0,38.0
26147,8854,5,1,30.0,30.0
26148,8854,32,1,37.0,37.0
26149,8855,34,2,10.0,20.0
26150,8855,37,2,18.0,36.0
26151,8855,6,1,38.0,38.0
26152,8856,11,1,33.0,33.0
26153,8856,36,1,6.0,6.0
26154,8856,13,2,28.0,56.0
26155,8857,15,1,30.0,30.0
26156,8857,6,1,38.0,38.0
26157,8857,12,1,36.0,36.0
26158,8858,16,3,32.0,96.0
26159,8858,1,1,28.0,28.0
26160,8858,10,3,32.0,96.0
26161,8859,28,1,34.0,34.0
26162,8859,3,1,42.0,42.0
26163,8859,17,1,26.0,26.0
26164,8859,22,1,22.0,22.0
26165,8860,10,1,32.0,32.0
26166,8861,10,2,32.0,64.0
26167,8861,5,1,30.0,30.0
26168,8861,21,3,20.0,60.0
26169,8862,30,1,38.0,38.0
26170,8862,5,3,30.0,90.0
26171,8862,8,2,24.0,48.0
26172,8863,18,2,38.0,76.0
26173,8864,21,1,20.0,20.0
26174,8864,14,1,45.0,45.0
26175,8865,17,1,26.0,26.0
26176,8865,13,2,28.0,56.0
26177,8866,32,1,37.0,37.0
26178,8866,11,2,33.0,66.0
26179,8866,1,2,28.0,56.0
26180,8866,26,1,42.0,42.0
26181,8866,19,1,18.0,18.0
26182,8867,18,1,38.0,38.0
26183,8867,13,2,28.0,56.0
26184,8867,5,1,30.0,30.0
26185,8867,8,1,24.0,24.0
26186,8868,30,1,38.0,38.0
26187,8868,26,1,42.0,42.0
26188,8868,8,1,24.0,24.0
26189,8868,15,1,30.0,30.0
26190,8868,34,2,10.0,20.0
26191,8868,31,1,36.0,36.0
26192,8869,36,1,6.0,6.0
26193,8869,6,1,38.0,38.0
26194,8869,5,2,30.0,60.0
26195,8869,23,3,18.0,54.0
26196,8870,34,1,10.0,10.0
26197,8870,39,1,8.0,8.0
26198,8871,5,1,30.0,30.0
26199,8871,19,2,18.0,36.0
26200,8872,40,1,10.0,10.0
26201,8872,22,2,22.0,44.0
26202,8872,7,2,36.0,72.0
26203,8873,1,2,28.0,56.0
26204,8873,8,2,24.0,48.0
26205,8873,10,1,32.0,32.0
26206,8874,29,2,44.0,88.0
26207,8874,5,1,30.0,30.0
26208,8874,23,1,18.0,18.0
26209,8875,2,2,34.0,68.0
26210,8876,14,2,45.0,90.0
26211,8876,10,3,32.0,96.0
26212,8876,5,3,30.0,90.0
26213,8876,8,1,24.0,24.0
26214,8877,23,1,18.0,18.0
26215,8877,1,1,28.0,28.0
26216,8877,36,1,6.0,6.0
26217,8877,5,1,30.0,30.0
26218,8878,17,1,26.0,26.0
26219,8878,32,2,37.0,74.0
26220,8878,13,3,28.0,84.0
26221,8878,26,2,42.0,84.0
26222,8879,23,2,18.0,36.0
26223,8880,24,1,24.0,24.0
26224,8880,14,2,45.0,90.0
26225,8881,2,3,34.0,102.0
26226,8881,34,1,10.0,10.0
26227,8881,19,1,18.0,18.0
26228,8882,2,1,34.0,34.0
26229,8882,27,3,25.0,75.0
26230,8882,1,1,28.0,28.0
26231,8882,33,1,14.0,14.0
26232,8883,36,1,6.0,6.0
26233,8884,40,1,10.0,10.0
26234,8884,22,2,22.0,44.0
26235,8884,26,1,42.0,42.0
26236,8885,30,1,38.0,38.0
26237,8885,36,1,6.0,6.0
26238,8885,1,1,28.0,28.0
26239,8885,32,1,37.0,37.0
26240,8885,8,1,24.0,24.0
26241,8886,27,2,25.0,50.0
26242,8887,6,1,38.0,38.0
26243,8887,37,1,18.0,18.0
26244,8887,11,1,33.0,33.0
26245,8888,22,1,22.0,22.0
26246,8888,40,2,10.0,20.0
26247,8889,2,2,34.0,68.0
26248,8890,7,1,36.0,36.0
26249,8890,2,2,34.0,68.0
26250,8891,34,3,10.0,30.0
26251,8891,35,2,9.0,18.0
26252,8892,2,1,34.0,34.0
26253,8892,15,2,30.0,60.0
26254,8892,32,1,37.0,37.0
26255,8893,35,3,9.0,27.0
26256,8893,13,1,28.0,28.0
26257,8893,16,1,32.0,32.0
26258,8893,19,3,18.0,54.0
26259,8894,7,1,36.0,36.0
26260,8894,8,1,24.0,24.0
26261,8895,3,3,42.0,126.0
26262,8895,25,2,26.0,52.0
26263,8895,9,1,35.0,35.0
26264,8895,6,2,38.0,76.0
26265,8896,5,1,30.0,30.0
26266,8896,10,2,32.0,64.0
26267,8896,7,2,36.0,72.0
26268,8897,40,1,10.0,10.0
26269,8897,24,3,24.0,72.0
26270,8898,1,1,28.0,28.0
26271,8898,16,1,32.0,32.0
26272,8898,40,1,10.0,10.0
26273,8899,27,2,25.0,50.0
26274,8899,8,1,24.0,24.0
26275,8899,22,1,22.0,22.0
26276,8899,23,1,18.0,18.0
26277,8900,4,1,22.0,22.0
26278,8900,27,1,25.0,25.0
26279,8900,6,1,38.0,38.0
26280,8901,14,1,45.0,45.0
26281,8901,15,3,30.0,90.0
26282,8902,1,1,28.0,28.0
26283,8902,18,3,38.0,114.0
26284,8902,21,2,20.0,40.0
26285,8902,20,2,16.0,32.0
26286,8902,5,1,30.0,30.0
26287,8903,5,2,30.0,60.0
26288,8903,6,1,38.0,38.0
26289,8904,6,2,38.0,76.0
26290,8904,30,2,38.0,76.0
26291,8905,12,1,36.0,36.0
26292,8906,3,1,42.0,42.0
26293,8906,33,3,14.0,42.0
26294,8906,16,1,32.0,32.0
26295,8907,28,2,34.0,68.0
26296,8908,18,1,38.0,38.0
26297,8908,32,2,37.0,74.0
26298,8909,12,1,36.0,36.0
26299,8909,13,2,28.0,56.0
26300,8909,25,1,26.0,26.0
26301,8909,8,2,24.0,48.0
26302,8910,32,1,37.0,37.0
26303,8910,1,1,28.0,28.0
26304,8910,34,3,10.0,30.0
26305,8910,13,1,28.0,28.0
26306,8911,23,2,18.0,36.0
26307,8911,12,2,36.0,72.0
26308,8912,8,2,24.0,48.0
26309,8912,10,1,32.0,32.0
26310,8913,25,1,26.0,26.0
26311,8913,21,2,20.0,40.0
26312,8913,38,1,12.0,12.0
26313,8913,1,1,28.0,28.0
26314,8914,24,1,24.0,24.0
26315,8914,21,1,20.0,20.0
26316,8914,9,1,35.0,35.0
26317,8914,31,1,36.0,36.0
26318,8915,20,1,16.0,16.0
26319,8915,19,1,18.0,18.0
26320,8915,13,2,28.0,56.0
26321,8916,39,1,8.0,8.0
26322,8916,6,2,38.0,76.0
26323,8917,30,2,38.0,76.0
26324,8917,1,2,28.0,56.0
26325,8917,8,2,24.0,48.0
26326,8918,2,3,34.0,102.0
26327,8918,31,3,36.0,108.0
26328,8919,5,1,30.0,30.0
26329,8919,28,1,34.0,34.0
26330,8920,12,1,36.0,36.0
26331,8920,8,1,24.0,24.0
26332,8920,37,1,18.0,18.0
26333,8920,10,1,32.0,32.0
26334,8920,32,2,37.0,74.0
26335,8921,2,1,34.0,34.0
26336,8921,29,1,44.0,44.0
26337,8922,5,1,30.0,30.0
26338,8922,27,1,25.0,25.0
26339,8923,10,2,32.0,64.0
26340,8923,7,2,36.0,72.0
26341,8923,5,1,30.0,30.0
26342,8924,11,1,33.0,33.0
26343,8924,24,2,24.0,48.0
26344,8925,5,1,30.0,30.0
26345,8926,25,1,26.0,26.0
26346,8926,31,1,36.0,36.0
26347,8926,24,1,24.0,24.0
26348,8926,21,1,20.0,20.0
26349,8927,2,1,34.0,34.0
26350,8928,12,2,36.0,72.0
26351,8928,33,3,14.0,42.0
26352,8929,13,1,28.0,28.0
26353,8929,4,1,22.0,22.0
26354,8929,3,1,42.0,42.0
26355,8930,1,1,28.0,28.0
26356,8930,7,2,36.0,72.0
26357,8930,6,1,38.0,38.0
26358,8930,25,2,26.0,52.0
26359,8930,17,3,26.0,78.0
26360,8930,3,3,42.0,126.0
26361,8931,5,2,30.0,60.0
26362,8931,9,2,35.0,70.0
26363,8931,23,1,18.0,18.0
26364,8931,33,1,14.0,14.0
26365,8932,18,2,38.0,76.0
26366,8932,24,1,24.0,24.0
26367,8932,12,1,36.0,36.0
26368,8932,37,1,18.0,18.0
26369,8932,11,2,33.0,66.0
26370,8932,27,1,25.0,25.0
26371,8933,1,2,28.0,56.0
26372,8933,21,1,20.0,20.0
26373,8934,6,2,38.0,76.0
26374,8934,23,1,18.0,18.0
26375,8934,32,1,37.0,37.0
26376,8934,15,3,30.0,90.0
26377,8935,13,1,28.0,28.0
26378,8935,5,3,30.0,90.0
26379,8935,7,1,36.0,36.0
26380,8935,10,2,32.0,64.0
26381,8935,29,1,44.0,44.0
26382,8935,15,1,30.0,30.0
26383,8936,7,2,36.0,72.0
26384,8936,2,1,34.0,34.0
26385,8937,15,1,30.0,30.0
26386,8937,4,2,22.0,44.0
26387,8937,29,2,44.0,88.0
26388,8937,21,1,20.0,20.0
26389,8938,23,1,18.0,18.0
26390,8938,37,2,18.0,36.0
26391,8938,31,3,36.0,108.0
26392,8938,8,3,24.0,72.0
26393,8938,13,1,28.0,28.0
26394,8938,24,1,24.0,24.0
26395,8939,8,1,24.0,24.0
26396,8939,5,1,30.0,30.0
26397,8940,2,3,34.0,102.0
26398,8940,3,1,42.0,42.0
26399,8941,18,3,38.0,114.0
26400,8941,14,1,45.0,45.0
26401,8941,24,3,24.0,72.0
26402,8941,3,1,42.0,42.0
26403,8941,32,1,37.0,37.0
26404,8941,17,1,26.0,26.0
26405,8942,32,1,37.0,37.0
26406,8942,18,1,38.0,38.0
26407,8942,7,1,36.0,36.0
26408,8943,32,1,37.0,37.0
26409,8943,9,1,35.0,35.0
26410,8943,12,2,36.0,72.0
26411,8943,20,1,16.0,16.0
26412,8944,12,1,36.0,36.0
26413,8944,40,1,10.0,10.0
26414,8944,39,1,8.0,8.0
26415,8944,13,3,28.0,84.0
26416,8945,3,1,42.0,42.0
26417,8945,7,1,36.0,36.0
26418,8945,4,1,22.0,22.0
26419,8946,37,1,18.0,18.0
26420,8947,23,2,18.0,36.0
26421,8947,12,1,36.0,36.0
26422,8948,2,1,34.0,34.0
26423,8948,1,1,28.0,28.0
26424,8948,27,1,25.0,25.0
26425,8948,7,1,36.0,36.0
26426,8948,16,1,32.0,32.0
26427,8949,32,2,37.0,74.0
26428,8950,36,1,6.0,6.0
26429,8950,2,1,34.0,34.0
26430,8950,8,1,24.0,24.0
26431,8951,30,2,38.0,76.0
26432,8951,26,2,42.0,84.0
26433,8951,6,3,38.0,114.0
26434,8951,23,3,18.0,54.0
26435,8952,17,1,26.0,26.0
26436,8952,36,2,6.0,12.0
26437,8952,27,1,25.0,25.0
26438,8952,13,1,28.0,28.0
26439,8953,20,1,16.0,16.0
26440,8953,13,1,28.0,28.0
26441,8953,7,1,36.0,36.0
26442,8953,26,2,42.0,84.0
26443,8954,39,1,8.0,8.0
26444,8955,3,1,42.0,42.0
26445,8955,37,1,18.0,18.0
26446,8955,14,2,45.0,90.0
26447,8956,37,2,18.0,36.0
26448,8956,18,2,38.0,76.0
26449,8957,12,1,36.0,36.0
26450,8957,3,1,42.0,42.0
26451,8958,3,1,42.0,42.0
26452,8958,8,1,24.0,24.0
26453,8959,5,3,30.0,90.0
26454,8959,26,1,42.0,42.0
26455,8959,3,1,42.0,42.0
26456,8960,36,1,6.0,6.0
26457,8961,40,1,10.0,10.0
26458,8962,7,1,36.0,36.0
26459,8962,5,2,30.0,60.0
26460,8963,5,2,30.0,60.0
26461,8963,2,1,34.0,34.0
26462,8964,30,1,38.0,38.0
26463,8965,3,1,42.0,42.0
26464,8965,28,1,34.0,34.0
26465,8965,16,1,32.0,32.0
26466,8965,37,2,18.0,36.0
26467,8966,3,1,42.0,42.0
26468,8967,4,1,22.0,22.0
26469,8967,37,3,18.0,54.0
26470,8967,34,1,10.0,10.0
26471,8967,16,1,32.0,32.0
26472,8967,21,3,20.0,60.0
26473,8968,18,1,38.0,38.0
26474,8968,5,1,30.0,30.0
26475,8968,24,1,24.0,24.0
26476,8968,26,1,42.0,42.0
26477,8969,6,1,38.0,38.0
26478,8969,3,1,42.0,42.0
26479,8969,18,1,38.0,38.0
26480,8969,1,3,28.0,84.0
26481,8969,20,1,16.0,16.0
26482,8969,27,3,25.0,75.0
26483,8970,13,1,28.0,28.0
26484,8971,36,1,6.0,6.0
26485,8971,15,1,30.0,30.0
26486,8972,6,2,38.0,76.0
26487,8972,20,2,16.0,32.0
26488,8972,14,1,45.0,45.0
26489,8972,27,1,25.0,25.0
26490,8973,7,1,36.0,36.0
26491,8973,3,2,42.0,84.0
26492,8974,21,1,20.0,20.0
26493,8974,35,1,9.0,9.0
26494,8975,5,1,30.0,30.0
26495,8975,33,1,14.0,14.0
26496,8975,20,1,16.0,16.0
26497,8976,20,1,16.0,16.0
26498,8976,10,1,32.0,32.0
26499,8976,36,1,6.0,6.0
26500,8977,31,2,36.0,72.0
26501,8977,16,2,32.0,64.0
26502,8978,9,2,35.0,70.0
26503,8978,5,2,30.0,60.0
26504,8978,11,1,33.0,33.0
26505,8979,12,3,36.0,108.0
26506,8979,34,1,10.0,10.0
26507,8980,11,2,33.0,66.0
26508,8980,30,1,38.0,38.0
26509,8981,40,3,10.0,30.0
26510,8981,7,3,36.0,108.0
26511,8982,7,2,36.0,72.0
26512,8982,34,1,10.0,10.0
26513,8982,4,1,22.0,22.0
26514,8983,29,1,44.0,44.0
26515,8983,25,3,26.0,78.0
26516,8983,13,1,28.0,28.0
26517,8983,37,2,18.0,36.0
26518,8983,22,1,22.0,22.0
26519,8983,14,1,45.0,45.0
26520,8984,26,2,42.0,84.0
26521,8984,10,1,32.0,32.0
26522,8984,1,1,28.0,28.0
26523,8984,2,1,34.0,34.0
26524,8985,34,2,10.0,20.0
26525,8985,5,1,30.0,30.0
26526,8985,12,2,36.0,72.0
26527,8986,8,1,24.0,24.0
26528,8986,32,2,37.0,74.0
26529,8987,37,1,18.0,18.0
26530,8987,10,2,32.0,64.0
26531,8987,2,3,34.0,102.0
26532,8988,6,1,38.0,38.0
26533,8988,37,2,18.0,36.0
26534,8988,21,2,20.0,40.0
26535,8988,22,2,22.0,44.0
26536,8988,2,1,34.0,34.0
26537,8988,15,1,30.0,30.0
26538,8989,8,2,24.0,48.0
26539,8989,27,1,25.0,25.0
26540,8990,18,1,38.0,38.0
26541,8990,7,1,36.0,36.0
26542,8990,4,2,22.0,44.0
26543,8991,8,1,24.0,24.0
26544,8991,14,2,45.0,90.0
26545,8991,3,2,42.0,84.0
26546,8992,12,1,36.0,36.0
26547,8992,15,1,30.0,30.0
26548,8992,3,1,42.0,42.0
26549,8993,37,2,18.0,36.0
26550,8993,18,1,38.0,38.0
26551,8993,9,2,35.0,70.0
26552,8993,1,3,28.0,84.0
26553,8994,37,1,18.0,18.0
26554,8994,21,1,20.0,20.0
26555,8995,37,1,18.0,18.0
26556,8995,25,1,26.0,26.0
26557,8995,7,2,36.0,72.0
26558,8995,5,3,30.0,90.0
26559,8996,21,1,20.0,20.0
26560,8996,8,2,24.0,48.0
26561,8996,32,2,37.0,74.0
26562,8997,7,3,36.0,108.0
26563,8997,16,3,32.0,96.0
26564,8997,9,3,35.0,105.0
26565,8997,5,1,30.0,30.0
26566,8998,6,3,38.0,114.0
26567,8998,5,1,30.0,30.0
26568,8998,32,1,37.0,37.0
26569,8999,23,1,18.0,18.0
26570,8999,20,1,16.0,16.0
26571,8999,4,2,22.0,44.0
26572,8999,9,1,35.0,35.0
26573,8999,24,1,24.0,24.0
26574,9000,40,1,10.0,10.0
26575,9000,4,1,22.0,22.0
26576,9001,34,1,10.0,10.0
26577,9001,30,2,38.0,76.0
26578,9001,32,2,37.0,74.0
26579,9001,19,1,18.0,18.0
26580,9002,28,2,34.0,68.0
26581,9003,39,3,8.0,24.0
26582,9003,27,1,25.0,25.0
26583,9003,36,1,6.0,6.0
26584,9004,7,1,36.0,36.0
26585,9004,40,3,10.0,30.0
26586,9004,36,2,6.0,12.0
26587,9004,4,3,22.0,66.0
26588,9004,2,3,34.0,102.0
26589,9005,33,1,14.0,14.0
26590,9005,27,1,25.0,25.0
26591,9006,23,3,18.0,54.0
26592,9006,14,1,45.0,45.0
26593,9006,2,2,34.0,68.0
26594,9007,26,2,42.0,84.0
26595,9007,7,1,36.0,36.0
26596,9007,14,1,45.0,45.0
26597,9008,2,1,34.0,34.0
26598,9008,30,2,38.0,76.0
26599,9008,7,1,36.0,36.0
26600,9009,34,2,10.0,20.0
26601,9009,5,2,30.0,60.0
26602,9009,4,1,22.0,22.0
26603,9010,32,3,37.0,111.0
26604,9010,6,2,38.0,76.0
26605,9011,14,1,45.0,45.0
26606,9011,11,1,33.0,33.0
26607,9011,23,2,18.0,36.0
26608,9011,7,1,36.0,36.0
26609,9012,25,1,26.0,26.0
26610,9012,4,1,22.0,22.0
26611,9012,23,1,18.0,18.0
26612,9013,28,1,34.0,34.0
26613,9013,10,1,32.0,32.0
26614,9013,18,1,38.0,38.0
26615,9013,13,1,28.0,28.0
26616,9014,5,2,30.0,60.0
26617,9014,7,2,36.0,72.0
26618,9014,11,1,33.0,33.0
26619,9014,35,1,9.0,9.0
26620,9015,13,1,28.0,28.0
26621,9015,2,1,34.0,34.0
26622,9016,37,1,18.0,18.0
26623,9016,12,3,36.0,108.0
26624,9016,24,1,24.0,24.0
26625,9016,4,2,22.0,44.0
26626,9017,25,1,26.0,26.0
26627,9017,6,1,38.0,38.0
26628,9018,1,2,28.0,56.0
26629,9018,6,2,38.0,76.0
26630,9019,6,1,38.0,38.0
26631,9019,34,1,10.0,10.0
26632,9019,20,1,16.0,16.0
26633,9019,11,1,33.0,33.0
26634,9019,15,2,30.0,60.0
26635,9019,30,1,38.0,38.0
26636,9020,2,2,34.0,68.0
26637,9020,24,1,24.0,24.0
26638,9021,22,2,22.0,44.0
26639,9021,8,1,24.0,24.0
26640,9022,33,1,14.0,14.0
26641,9022,23,1,18.0,18.0
26642,9022,32,1,37.0,37.0
26643,9022,39,1,8.0,8.0
26644,9022,34,1,10.0,10.0
26645,9022,12,2,36.0,72.0
26646,9023,34,1,10.0,10.0
26647,9023,9,2,35.0,70.0
26648,9024,37,2,18.0,36.0
26649,9024,8,1,24.0,24.0
26650,9024,23,1,18.0,18.0
26651,9024,1,1,28.0,28.0
26652,9024,6,1,38.0,38.0
26653,9024,3,1,42.0,42.0
26654,9025,2,2,34.0,68.0
26655,9025,32,2,37.0,74.0
26656,9025,18,1,38.0,38.0
26657,9026,21,2,20.0,40.0
26658,9026,40,1,10.0,10.0
26659,9026,7,1,36.0,36.0
26660,9026,12,1,36.0,36.0
26661,9026,15,1,30.0,30.0
26662,9027,3,1,42.0,42.0
26663,9027,7,1,36.0,36.0
26664,9027,27,1,25.0,25.0
26665,9028,2,1,34.0,34.0
26666,9028,10,3,32.0,96.0
26667,9028,16,1,32.0,32.0
26668,9028,31,3,36.0,108.0
26669,9029,5,2,30.0,60.0
26670,9030,17,1,26.0,26.0
26671,9030,18,1,38.0,38.0
26672,9030,8,2,24.0,48.0
26673,9030,5,2,30.0,60.0
26674,9030,25,3,26.0,78.0
26675,9031,30,1,38.0,38.0
26676,9031,1,1,28.0,28.0
26677,9031,36,3,6.0,18.0
26678,9032,6,1,38.0,38.0
26679,9032,22,3,22.0,66.0
26680,9032,1,1,28.0,28.0
26681,9032,26,1,42.0,42.0
26682,9032,19,1,18.0,18.0
26683,9033,19,2,18.0,36.0
26684,9034,5,3,30.0,90.0
26685,9034,4,1,22.0,22.0
26686,9034,38,1,12.0,12.0
26687,9034,33,1,14.0,14.0
26688,9035,5,1,30.0,30.0
26689,9035,14,1,45.0,45.0
26690,9036,32,1,37.0,37.0
26691,9036,12,1,36.0,36.0
26692,9036,5,1,30.0,30.0
26693,9037,30,1,38.0,38.0
26694,9037,7,1,36.0,36.0
26695,9037,12,3,36.0,108.0
26696,9037,40,1,10.0,10.0
26697,9038,12,1,36.0,36.0
26698,9038,39,2,8.0,16.0
26699,9039,16,2,32.0,64.0
26700,9039,4,1,22.0,22.0
26701,9040,18,1,38.0,38.0
26702,9040,14,2,45.0,90.0
26703,9040,5,1,30.0,30.0
26704,9041,7,1,36.0,36.0
26705,9042,27,2,25.0,50.0
26706,9042,21,1,20.0,20.0
26707,9042,5,2,30.0,60.0
26708,9042,35,2,9.0,18.0
26709,9043,32,1,37.0,37.0
26710,9043,26,1,42.0,42.0
26711,9044,15,1,30.0,30.0
26712,9044,18,1,38.0,38.0
26713,9045,17,1,26.0,26.0
26714,9045,24,2,24.0,48.0
26715,9045,8,1,24.0,24.0
26716,9046,6,2,38.0,76.0
26717,9046,21,1,20.0,20.0
26718,9047,26,1,42.0,42.0
26719,9047,4,2,22.0,44.0
26720,9047,5,1,30.0,30.0
26721,9048,10,2,32.0,64.0
26722,9048,19,1,18.0,18.0
26723,9048,20,1,16.0,16.0
26724,9048,14,1,45.0,45.0
26725,9049,15,3,30.0,90.0
26726,9049,24,2,24.0,48.0
26727,9050,19,2,18.0,36.0
26728,9050,27,2,25.0,50.0
26729,9050,5,2,30.0,60.0
26730,9051,7,2,36.0,72.0
26731,9051,6,3,38.0,114.0
26732,9052,20,1,16.0,16.0
26733,9052,27,1,25.0,25.0
26734,9052,33,3,14.0,42.0
26735,9052,12,2,36.0,72.0
26736,9052,18,1,38.0,38.0
26737,9052,6,1,38.0,38.0
26738,9053,15,1,30.0,30.0
26739,9054,5,1,30.0,30.0
26740,9054,1,1,28.0,28.0
26741,9055,1,1,28.0,28.0
26742,9056,13,1,28.0,28.0
26743,9056,23,2,18.0,36.0
26744,9057,35,3,9.0,27.0
26745,9057,15,3,30.0,90.0
26746,9057,2,1,34.0,34.0
26747,9058,21,2,20.0,40.0
26748,9058,4,1,22.0,22.0
26749,9058,7,2,36.0,72.0
26750,9059,33,1,14.0,14.0
26751,9059,7,1,36.0,36.0
26752,9059,6,2,38.0,76.0
26753,9059,13,1,28.0,28.0
26754,9059,35,2,9.0,18.0
26755,9060,37,2,18.0,36.0
26756,9060,8,2,24.0,48.0
26757,9061,30,1,38.0,38.0
26758,9062,27,1,25.0,25.0
26759,9062,33,2,14.0,28.0
26760,9062,14,3,45.0,135.0
26761,9062,24,2,24.0,48.0
26762,9062,18,1,38.0,38.0
26763,9063,16,1,32.0,32.0
26764,9063,7,1,36.0,36.0
26765,9064,1,2,28.0,56.0
26766,9065,7,1,36.0,36.0
26767,9065,38,2,12.0,24.0
26768,9065,8,1,24.0,24.0
26769,9066,1,1,28.0,28.0
26770,9066,32,1,37.0,37.0
26771,9067,26,2,42.0,84.0
26772,9067,33,1,14.0,14.0
26773,9067,5,2,30.0,60.0
26774,9068,24,2,24.0,48.0
26775,9068,8,1,24.0,24.0
26776,9068,26,1,42.0,42.0
26777,9068,7,1,36.0,36.0
26778,9069,28,1,34.0,34.0
26779,9069,12,1,36.0,36.0
26780,9070,27,1,25.0,25.0
26781,9070,31,3,36.0,108.0
26782,9070,15,1,30.0,30.0
26783,9071,16,1,32.0,32.0
26784,9071,37,1,18.0,18.0
26785,9071,14,2,45.0,90.0
26786,9071,24,1,24.0,24.0
26787,9072,16,2,32.0,64.0
26788,9072,19,2,18.0,36.0
26789,9072,14,2,45.0,90.0
26790,9072,32,2,37.0,74.0
26791,9072,17,1,26.0,26.0
26792,9073,3,1,42.0,42.0
26793,9073,5,1,30.0,30.0
26794,9074,8,2,24.0,48.0
26795,9074,10,3,32.0,96.0
26796,9075,36,2,6.0,12.0
26797,9075,5,1,30.0,30.0
26798,9076,27,2,25.0,50.0
26799,9076,18,1,38.0,38.0
26800,9076,13,1,28.0,28.0
26801,9077,10,3,32.0,96.0
26802,9077,16,2,32.0,64.0
26803,9078,14,3,45.0,135.0
26804,9078,37,2,18.0,36.0
26805,9078,7,1,36.0,36.0
26806,9079,28,3,34.0,102.0
26807,9079,7,1,36.0,36.0
26808,9080,2,1,34.0,34.0
26809,9081,6,1,38.0,38.0
26810,9081,37,1,18.0,18.0
26811,9082,4,3,22.0,66.0
26812,9082,27,1,25.0,25.0
26813,9083,3,1,42.0,42.0
26814,9084,33,1,14.0,14.0
26815,9084,6,1,38.0,38.0
26816,9084,23,1,18.0,18.0
26817,9085,7,1,36.0,36.0
26818,9085,6,1,38.0,38.0
26819,9086,5,1,30.0,30.0
26820,9087,14,2,45.0,90.0
26821,9087,7,2,36.0,72.0
26822,9088,13,1,28.0,28.0
26823,9088,6,1,38.0,38.0
26824,9089,25,1,26.0,26.0
26825,9089,12,3,36.0,108.0
26826,9089,15,2,30.0,60.0
26827,9089,1,1,28.0,28.0
26828,9089,4,2,22.0,44.0
26829,9090,7,1,36.0,36.0
26830,9090,28,2,34.0,68.0
26831,9091,26,1,42.0,42.0
26832,9091,3,2,42.0,84.0
26833,9091,6,1,38.0,38.0
26834,9091,22,1,22.0,22.0
26835,9091,7,2,36.0,72.0
26836,9091,36,2,6.0,12.0
26837,9092,18,1,38.0,38.0
26838,9092,23,1,18.0,18.0
26839,9092,24,3,24.0,72.0
26840,9092,8,1,24.0,24.0
26841,9092,1,1,28.0,28.0
26842,9093,24,2,24.0,48.0
26843,9093,26,1,42.0,42.0
26844,9094,34,1,10.0,10.0
26845,9094,6,1,38.0,38.0
26846,9094,21,1,20.0,20.0
26847,9094,18,1,38.0,38.0
26848,9095,28,1,34.0,34.0
26849,9095,4,1,22.0,22.0
26850,9095,5,1,30.0,30.0
26851,9096,10,3,32.0,96.0
26852,9097,18,3,38.0,114.0
26853,9097,16,1,32.0,32.0
26854,9098,4,1,22.0,22.0
26855,9098,23,1,18.0,18.0
26856,9098,1,1,28.0,28.0
26857,9099,37,1,18.0,18.0
26858,9100,1,1,28.0,28.0
26859,9100,26,3,42.0,126.0
26860,9101,27,1,25.0,25.0
26861,9101,3,1,42.0,42.0
26862,9102,30,3,38.0,114.0
26863,9102,12,1,36.0,36.0
26864,9102,4,1,22.0,22.0
26865,9102,2,1,34.0,34.0
26866,9103,10,1,32.0,32.0
26867,9103,6,1,38.0,38.0
26868,9104,7,2,36.0,72.0
26869,9104,18,2,38.0,76.0
26870,9104,39,1,8.0,8.0
26871,9105,2,1,34.0,34.0
26872,9105,3,1,42.0,42.0
26873,9105,27,1,25.0,25.0
26874,9106,1,1,28.0,28.0
26875,9106,32,1,37.0,37.0
26876,9107,22,2,22.0,44.0
26877,9107,26,2,42.0,84.0
26878,9107,34,2,10.0,20.0
26879,9108,39,1,8.0,8.0
26880,9108,9,1,35.0,35.0
26881,9109,23,2,18.0,36.0
26882,9109,6,1,38.0,38.0
26883,9110,19,2,18.0,36.0
26884,9110,2,2,34.0,68.0
26885,9111,25,2,26.0,52.0
26886,9111,37,2,18.0,36.0
26887,9111,23,1,18.0,18.0
26888,9111,9,1,35.0,35.0
26889,9111,34,2,10.0,20.0
26890,9112,7,1,36.0,36.0
26891,9112,20,1,16.0,16.0
26892,9113,15,1,30.0,30.0
26893,9113,6,1,38.0,38.0
26894,9114,28,1,34.0,34.0
26895,9114,12,1,36.0,36.0
26896,9115,31,1,36.0,36.0
26897,9115,7,3,36.0,108.0
26898,9115,13,1,28.0,28.0
26899,9116,33,2,14.0,28.0
26900,9116,12,1,36.0,36.0
26901,9117,26,1,42.0,42.0
26902,9117,14,1,45.0,45.0
26903,9117,5,1,30.0,30.0
26904,9117,2,3,34.0,102.0
26905,9117,30,2,38.0,76.0
26906,9118,2,2,34.0,68.0
26907,9118,37,1,18.0,18.0
26908,9118,4,2,22.0,44.0
26909,9118,1,2,28.0,56.0
26910,9118,12,2,36.0,72.0
26911,9119,34,1,10.0,10.0
26912,9119,40,2,10.0,20.0
26913,9119,7,1,36.0,36.0
26914,9120,17,2,26.0,52.0
26915,9120,21,1,20.0,20.0
26916,9120,36,2,6.0,12.0
26917,9121,15,1,30.0,30.0
26918,9121,17,1,26.0,26.0
26919,9121,3,2,42.0,84.0
26920,9121,9,2,35.0,70.0
26921,9122,3,3,42.0,126.0
26922,9122,23,1,18.0,18.0
26923,9122,6,2,38.0,76.0
26924,9123,20,1,16.0,16.0
26925,9123,24,2,24.0,48.0
26926,9124,39,2,8.0,16.0
26927,9125,12,1,36.0,36.0
26928,9125,37,1,18.0,18.0
26929,9126,4,1,22.0,22.0
26930,9126,34,1,10.0,10.0
26931,9126,11,1,33.0,33.0
26932,9126,31,2,36.0,72.0
26933,9127,8,3,24.0,72.0
26934,9127,30,1,38.0,38.0
26935,9127,1,2,28.0,56.0
26936,9127,6,3,38.0,114.0
26937,9128,7,1,36.0,36.0
26938,9128,28,1,34.0,34.0
26939,9128,27,1,25.0,25.0
26940,9128,17,1,26.0,26.0
26941,9129,14,1,45.0,45.0
26942,9129,8,2,24.0,48.0
26943,9129,12,1,36.0,36.0
26944,9130,19,1,18.0,18.0
26945,9130,7,2,36.0,72.0
26946,9130,10,2,32.0,64.0
26947,9131,12,1,36.0,36.0
26948,9131,10,1,32.0,32.0
26949,9132,22,2,22.0,44.0
26950,9132,12,2,36.0,72.0
26951,9132,16,2,32.0,64.0
26952,9132,35,1,9.0,9.0
26953,9132,2,1,34.0,34.0
26954,9133,6,1,38.0,38.0
26955,9133,4,3,22.0,66.0
26956,9133,20,2,16.0,32.0
26957,9134,37,1,18.0,18.0
26958,9134,12,1,36.0,36.0
26959,9135,8,1,24.0,24.0
26960,9135,17,1,26.0,26.0
26961,9135,3,3,42.0,126.0
26962,9135,7,2,36.0,72.0
26963,9135,1,3,28.0,84.0
26964,9136,17,1,26.0,26.0
26965,9136,15,1,30.0,30.0
26966,9136,35,3,9.0,27.0
26967,9137,4,1,22.0,22.0
26968,9137,8,1,24.0,24.0
26969,9137,26,2,42.0,84.0
26970,9138,25,2,26.0,52.0
26971,9138,5,1,30.0,30.0
26972,9138,24,1,24.0,24.0
26973,9139,20,2,16.0,32.0
26974,9139,7,2,36.0,72.0
26975,9139,8,2,24.0,48.0
26976,9139,35,1,9.0,9.0
26977,9140,37,1,18.0,18.0
26978,9141,23,2,18.0,36.0
26979,9141,33,3,14.0,42.0
26980,9141,5,1,30.0,30.0
26981,9141,6,1,38.0,38.0
26982,9141,11,1,33.0,33.0
26983,9141,14,1,45.0,45.0
26984,9142,4,1,22.0,22.0
26985,9142,8,2,24.0,48.0
26986,9142,13,2,28.0,56.0
26987,9142,7,1,36.0,36.0
26988,9142,23,1,18.0,18.0
26989,9143,24,1,24.0,24.0
26990,9143,13,1,28.0,28.0
26991,9143,35,1,9.0,9.0
26992,9144,11,1,33.0,33.0
26993,9144,39,3,8.0,24.0
26994,9144,32,1,37.0,37.0
26995,9144,28,2,34.0,68.0
26996,9144,3,1,42.0,42.0
26997,9145,17,1,26.0,26.0
26998,9145,10,2,32.0,64.0
26999,9146,24,1,24.0,24.0
27000,9146,18,2,38.0,76.0
27001,9146,8,1,24.0,24.0
27002,9147,26,1,42.0,42.0
27003,9147,15,2,30.0,60.0
27004,9148,3,1,42.0,42.0
27005,9149,36,1,6.0,6.0
27006,9149,18,2,38.0,76.0
27007,9149,23,1,18.0,18.0
27008,9150,35,1,9.0,9.0
27009,9150,24,2,24.0,48.0
27010,9150,23,1,18.0,18.0
27011,9151,30,3,38.0,114.0
27012,9151,36,2,6.0,12.0
27013,9152,7,1,36.0,36.0
27014,9152,26,1,42.0,42.0
27015,9153,22,1,22.0,22.0
27016,9153,27,1,25.0,25.0
27017,9153,8,2,24.0,48.0
27018,9153,9,1,35.0,35.0
27019,9153,13,2,28.0,56.0
27020,9153,5,1,30.0,30.0
27021,9154,28,3,34.0,102.0
27022,9154,6,1,38.0,38.0
27023,9154,2,1,34.0,34.0
27024,9155,26,1,42.0,42.0
27025,9155,5,2,30.0,60.0
27026,9155,4,2,22.0,44.0
27027,9155,12,1,36.0,36.0
27028,9156,10,3,32.0,96.0
27029,9157,24,1,24.0,24.0
27030,9157,2,1,34.0,34.0
27031,9158,8,3,24.0,72.0
27032,9158,23,2,18.0,36.0
27033,9158,33,1,14.0,14.0
27034,9158,40,2,10.0,20.0
27035,9158,7,2,36.0,72.0
27036,9159,12,1,36.0,36.0
27037,9159,9,2,35.0,70.0
27038,9159,20,1,16.0,16.0
27039,9160,31,1,36.0,36.0
27040,9160,29,1,44.0,44.0
27041,9160,30,1,38.0,38.0
27042,9160,19,1,18.0,18.0
27043,9160,6,1,38.0,38.0
27044,9161,27,1,25.0,25.0
27045,9162,8,1,24.0,24.0
27046,9162,20,1,16.0,16.0
27047,9162,39,3,8.0,24.0
27048,9163,5,1,30.0,30.0
27049,9163,1,2,28.0,56.0
27050,9164,15,1,30.0,30.0
27051,9165,8,1,24.0,24.0
27052,9165,31,1,36.0,36.0
27053,9165,37,1,18.0,18.0
27054,9165,27,1,25.0,25.0
27055,9165,7,2,36.0,72.0
27056,9166,38,2,12.0,24.0
27057,9166,6,2,38.0,76.0
27058,9166,8,1,24.0,24.0
27059,9167,22,1,22.0,22.0
27060,9167,32,2,37.0,74.0
27061,9167,14,1,45.0,45.0
27062,9168,21,1,20.0,20.0
27063,9168,5,1,30.0,30.0
27064,9168,26,1,42.0,42.0
27065,9169,21,1,20.0,20.0
27066,9170,8,1,24.0,24.0
27067,9170,6,1,38.0,38.0
27068,9170,2,3,34.0,102.0
27069,9170,20,2,16.0,32.0
27070,9171,10,1,32.0,32.0
27071,9171,8,1,24.0,24.0
27072,9171,3,2,42.0,84.0
27073,9172,37,1,18.0,18.0
27074,9172,1,2,28.0,56.0
27075,9172,5,1,30.0,30.0
27076,9173,8,1,24.0,24.0
27077,9173,4,1,22.0,22.0
27078,9173,1,2,28.0,56.0
27079,9174,25,1,26.0,26.0
27080,9174,28,1,34.0,34.0
27081,9175,10,2,32.0,64.0
27082,9175,11,1,33.0,33.0
27083,9175,30,1,38.0,38.0
27084,9175,34,1,10.0,10.0
27085,9175,12,1,36.0,36.0
27086,9175,35,1,9.0,9.0
27087,9176,7,2,36.0,72.0
27088,9176,24,1,24.0,24.0
27089,9176,26,1,42.0,42.0
27090,9176,23,1,18.0,18.0
27091,9177,7,2,36.0,72.0
27092,9177,3,1,42.0,42.0
27093,9177,23,1,18.0,18.0
27094,9178,36,1,6.0,6.0
27095,9178,32,2,37.0,74.0
27096,9178,38,2,12.0,24.0
27097,9179,36,1,6.0,6.0
27098,9179,25,1,26.0,26.0
27099,9179,28,2,34.0,68.0
27100,9179,3,1,42.0,42.0
27101,9180,2,1,34.0,34.0
27102,9180,6,2,38.0,76.0
27103,9180,18,1,38.0,38.0
27104,9180,31,2,36.0,72.0
27105,9181,15,2,30.0,60.0
27106,9181,23,3,18.0,54.0
27107,9182,39,1,8.0,8.0
27108,9182,14,1,45.0,45.0
27109,9182,15,1,30.0,30.0
27110,9182,18,1,38.0,38.0
27111,9183,5,1,30.0,30.0
27112,9183,25,1,26.0,26.0
27113,9183,23,2,18.0,36.0
27114,9183,13,1,28.0,28.0
27115,9183,1,1,28.0,28.0
27116,9184,30,1,38.0,38.0
27117,9184,5,1,30.0,30.0
27118,9185,24,3,24.0,72.0
27119,9185,1,3,28.0,84.0
27120,9186,26,3,42.0,126.0
27121,9186,2,3,34.0,102.0
27122,9186,7,2,36.0,72.0
27123,9186,23,1,18.0,18.0
27124,9187,9,1,35.0,35.0
27125,9187,1,1,28.0,28.0
27126,9187,14,1,45.0,45.0
27127,9188,28,2,34.0,68.0
27128,9188,36,1,6.0,6.0
27129,9188,6,2,38.0,76.0
27130,9188,23,1,18.0,18.0
27131,9189,2,1,34.0,34.0
27132,9189,14,2,45.0,90.0
27133,9189,6,1,38.0,38.0
27134,9190,15,1,30.0,30.0
27135,9190,3,3,42.0,126.0
27136,9191,10,1,32.0,32.0
27137,9191,14,1,45.0,45.0
27138,9191,11,3,33.0,99.0
27139,9191,3,1,42.0,42.0
27140,9192,12,2,36.0,72.0
27141,9192,5,1,30.0,30.0
27142,9192,24,1,24.0,24.0
27143,9193,21,1,20.0,20.0
27144,9193,1,3,28.0,84.0
27145,9194,13,1,28.0,28.0
27146,9194,38,2,12.0,24.0
27147,9194,4,2,22.0,44.0
27148,9194,9,1,35.0,35.0
27149,9195,7,1,36.0,36.0
27150,9195,34,1,10.0,10.0
27151,9195,13,1,28.0,28.0
27152,9196,19,1,18.0,18.0
27153,9196,18,2,38.0,76.0
27154,9196,12,3,36.0,108.0
27155,9197,5,3,30.0,90.0
27156,9197,4,1,22.0,22.0
27157,9198,30,3,38.0,114.0
27158,9198,10,2,32.0,64.0
27159,9198,12,1,36.0,36.0
27160,9198,4,1,22.0,22.0
27161,9198,37,1,18.0,18.0
27162,9199,3,3,42.0,126.0
27163,9199,20,1,16.0,16.0
27164,9199,8,1,24.0,24.0
27165,9199,33,1,14.0,14.0
27166,9200,33,3,14.0,42.0
27167,9200,12,1,36.0,36.0
27168,9200,8,1,24.0,24.0
27169,9200,37,3,18.0,54.0
27170,9201,8,1,24.0,24.0
27171,9201,23,1,18.0,18.0
27172,9202,13,2,28.0,56.0
27173,9202,23,1,18.0,18.0
27174,9203,8,2,24.0,48.0
27175,9203,5,2,30.0,60.0
27176,9203,6,2,38.0,76.0
27177,9204,28,1,34.0,34.0
27178,9204,22,1,22.0,22.0
27179,9204,3,1,42.0,42.0
27180,9204,30,1,38.0,38.0
27181,9204,18,1,38.0,38.0
27182,9205,7,1,36.0,36.0
27183,9205,8,2,24.0,48.0
27184,9205,10,1,32.0,32.0
27185,9206,3,1,42.0,42.0
27186,9206,32,1,37.0,37.0
27187,9206,8,1,24.0,24.0
27188,9206,6,1,38.0,38.0
27189,9207,15,1,30.0,30.0
27190,9207,16,1,32.0,32.0
27191,9207,35,2,9.0,18.0
27192,9208,24,1,24.0,24.0
27193,9208,23,1,18.0,18.0
27194,9208,18,1,38.0,38.0
27195,9209,7,1,36.0,36.0
27196,9209,20,2,16.0,32.0
27197,9210,17,3,26.0,78.0
27198,9210,7,3,36.0,108.0
27199,9210,21,1,20.0,20.0
27200,9211,22,1,22.0,22.0
27201,9211,27,3,25.0,75.0
27202,9212,24,1,24.0,24.0
27203,9212,9,1,35.0,35.0
27204,9212,11,1,33.0,33.0
27205,9212,29,1,44.0,44.0
27206,9213,20,2,16.0,32.0
27207,9213,12,2,36.0,72.0
27208,9213,2,1,34.0,34.0
27209,9213,13,1,28.0,28.0
27210,9213,3,2,42.0,84.0
27211,9214,20,1,16.0,16.0
27212,9214,37,1,18.0,18.0
27213,9214,6,1,38.0,38.0
27214,9214,21,1,20.0,20.0
27215,9215,17,1,26.0,26.0
27216,9215,30,1,38.0,38.0
27217,9215,40,2,10.0,20.0
27218,9216,23,2,18.0,36.0
27219,9216,4,1,22.0,22.0
27220,9216,33,1,14.0,14.0
27221,9216,37,1,18.0,18.0
27222,9216,20,1,16.0,16.0
27223,9216,24,1,24.0,24.0
27224,9217,37,1,18.0,18.0
27225,9217,18,2,38.0,76.0
27226,9217,13,1,28.0,28.0
27227,9217,7,1,36.0,36.0
27228,9218,27,1,25.0,25.0
27229,9218,5,2,30.0,60.0
27230,9218,7,1,36.0,36.0
27231,9219,6,1,38.0,38.0
27232,9219,20,2,16.0,32.0
27233,9220,36,1,6.0,6.0
27234,9220,24,2,24.0,48.0
27235,9220,3,1,42.0,42.0
27236,9221,9,1,35.0,35.0
27237,9221,4,1,22.0,22.0
27238,9221,7,1,36.0,36.0
27239,9221,1,1,28.0,28.0
27240,9222,14,1,45.0,45.0
27241,9223,18,2,38.0,76.0
27242,9223,38,1,12.0,12.0
27243,9223,11,2,33.0,66.0
27244,9223,2,2,34.0,68.0
27245,9224,25,2,26.0,52.0
27246,9224,19,1,18.0,18.0
27247,9224,18,1,38.0,38.0
27248,9225,18,1,38.0,38.0
27249,9225,1,1,28.0,28.0
27250,9225,20,1,16.0,16.0
27251,9225,23,2,18.0,36.0
27252,9225,3,2,42.0,84.0
27253,9226,18,1,38.0,38.0
27254,9226,29,1,44.0,44.0
27255,9227,8,1,24.0,24.0
27256,9228,12,1,36.0,36.0
27257,9229,24,1,24.0,24.0
27258,9229,18,1,38.0,38.0
27259,9230,22,1,22.0,22.0
27260,9230,19,1,18.0,18.0
27261,9230,40,3,10.0,30.0
27262,9230,8,1,24.0,24.0
27263,9231,5,1,30.0,30.0
27264,9231,36,1,6.0,6.0
27265,9231,2,1,34.0,34.0
27266,9231,3,1,42.0,42.0
27267,9232,5,2,30.0,60.0
27268,9232,20,3,16.0,48.0
27269,9232,6,2,38.0,76.0
27270,9232,17,2,26.0,52.0
27271,9233,30,3,38.0,114.0
27272,9233,13,1,28.0,28.0
27273,9233,12,2,36.0,72.0
27274,9234,24,1,24.0,24.0
27275,9234,21,2,20.0,40.0
27276,9234,7,1,36.0,36.0
27277,9234,10,2,32.0,64.0
27278,9234,30,1,38.0,38.0
27279,9234,17,1,26.0,26.0
27280,9235,9,1,35.0,35.0
27281,9235,16,2,32.0,64.0
27282,9236,6,2,38.0,76.0
27283,9236,28,2,34.0,68.0
27284,9236,39,1,8.0,8.0
27285,9236,20,1,16.0,16.0
27286,9237,9,1,35.0,35.0
27287,9237,7,1,36.0,36.0
27288,9237,5,1,30.0,30.0
27289,9238,30,1,38.0,38.0
27290,9238,34,1,10.0,10.0
27291,9239,3,1,42.0,42.0
27292,9239,5,2,30.0,60.0
27293,9239,23,1,18.0,18.0
27294,9239,1,1,28.0,28.0
27295,9239,16,1,32.0,32.0
27296,9240,6,1,38.0,38.0
27297,9240,33,1,14.0,14.0
27298,9241,5,1,30.0,30.0
27299,9242,35,2,9.0,18.0
27300,9243,4,1,22.0,22.0
27301,9243,2,1,34.0,34.0
27302,9243,27,1,25.0,25.0
27303,9243,23,3,18.0,54.0
27304,9244,8,2,24.0,48.0
27305,9244,36,3,6.0,18.0
27306,9244,23,2,18.0,36.0
27307,9245,5,2,30.0,60.0
27308,9245,12,1,36.0,36.0
27309,9245,11,2,33.0,66.0
27310,9245,35,1,9.0,9.0
27311,9246,3,2,42.0,84.0
27312,9246,36,1,6.0,6.0
27313,9246,30,1,38.0,38.0
27314,9247,15,1,30.0,30.0
27315,9247,24,1,24.0,24.0
27316,9247,17,1,26.0,26.0
27317,9247,4,1,22.0,22.0
27318,9247,6,1,38.0,38.0
27319,9247,14,2,45.0,90.0
27320,9248,21,1,20.0,20.0
27321,9249,1,1,28.0,28.0
27322,9249,39,1,8.0,8.0
27323,9249,25,1,26.0,26.0
27324,9250,3,2,42.0,84.0
27325,9250,18,3,38.0,114.0
27326,9250,29,2,44.0,88.0
27327,9251,20,2,16.0,32.0
27328,9251,15,3,30.0,90.0
27329,9251,28,1,34.0,34.0
27330,9251,17,1,26.0,26.0
27331,9252,6,2,38.0,76.0
27332,9253,4,1,22.0,22.0
27333,9253,8,1,24.0,24.0
27334,9253,20,2,16.0,32.0
27335,9254,24,1,24.0,24.0
27336,9254,19,1,18.0,18.0
27337,9254,5,1,30.0,30.0
27338,9255,10,1,32.0,32.0
27339,9255,5,1,30.0,30.0
27340,9255,13,1,28.0,28.0
27341,9255,7,1,36.0,36.0
27342,9255,6,2,38.0,76.0
27343,9255,26,1,42.0,42.0
27344,9256,7,2,36.0,72.0
27345,9256,16,1,32.0,32.0
27346,9257,30,2,38.0,76.0
27347,9257,20,1,16.0,16.0
27348,9258,8,2,24.0,48.0
27349,9258,20,2,16.0,32.0
27350,9258,6,1,38.0,38.0
27351,9258,36,3,6.0,18.0
27352,9258,2,2,34.0,68.0
27353,9259,12,1,36.0,36.0
27354,9259,11,2,33.0,66.0
27355,9259,20,2,16.0,32.0
27356,9260,36,1,6.0,6.0
27357,9260,6,1,38.0,38.0
27358,9260,40,1,10.0,10.0
27359,9261,3,2,42.0,84.0
27360,9261,5,3,30.0,90.0
27361,9261,32,1,37.0,37.0
27362,9262,5,3,30.0,90.0
27363,9262,37,1,18.0,18.0
27364,9262,19,1,18.0,18.0
27365,9263,39,2,8.0,16.0
27366,9263,10,1,32.0,32.0
27367,9264,12,2,36.0,72.0
27368,9264,1,1,28.0,28.0
27369,9264,37,2,18.0,36.0
27370,9265,32,2,37.0,74.0
27371,9265,26,2,42.0,84.0
27372,9265,18,1,38.0,38.0
27373,9265,34,1,10.0,10.0
27374,9266,7,2,36.0,72.0
27375,9266,34,3,10.0,30.0
27376,9266,8,1,24.0,24.0
27377,9267,7,3,36.0,108.0
27378,9267,10,1,32.0,32.0
27379,9268,32,1,37.0,37.0
27380,9268,2,2,34.0,68.0
27381,9268,16,2,32.0,64.0
27382,9269,40,1,10.0,10.0
27383,9269,36,1,6.0,6.0
27384,9269,8,1,24.0,24.0
27385,9270,30,1,38.0,38.0
27386,9270,33,3,14.0,42.0
27387,9271,18,2,38.0,76.0
27388,9271,14,1,45.0,45.0
27389,9271,12,1,36.0,36.0
27390,9272,18,1,38.0,38.0
27391,9273,26,2,42.0,84.0
27392,9273,11,3,33.0,99.0
27393,9273,5,1,30.0,30.0
27394,9274,3,1,42.0,42.0
27395,9274,7,1,36.0,36.0
27396,9274,6,2,38.0,76.0
27397,9275,2,1,34.0,34.0
27398,9275,22,2,22.0,44.0
27399,9276,16,1,32.0,32.0
27400,9277,1,2,28.0,56.0
27401,9277,35,2,9.0,18.0
27402,9277,30,1,38.0,38.0
27403,9278,32,2,37.0,74.0
27404,9278,26,2,42.0,84.0
27405,9278,3,1,42.0,42.0
27406,9278,5,1,30.0,30.0
27407,9279,29,2,44.0,88.0
27408,9279,12,1,36.0,36.0
27409,9280,5,1,30.0,30.0
27410,9280,8,1,24.0,24.0
27411,9281,28,1,34.0,34.0
27412,9281,16,2,32.0,64.0
27413,9282,16,1,32.0,32.0
27414,9282,31,2,36.0,72.0
27415,9282,20,1,16.0,16.0
27416,9282,10,1,32.0,32.0
27417,9282,24,1,24.0,24.0
27418,9283,24,1,24.0,24.0
27419,9283,32,2,37.0,74.0
27420,9283,35,1,9.0,9.0
27421,9283,15,3,30.0,90.0
27422,9283,36,3,6.0,18.0
27423,9284,23,1,18.0,18.0
27424,9284,18,1,38.0,38.0
27425,9284,9,2,35.0,70.0
27426,9285,8,1,24.0,24.0
27427,9285,18,2,38.0,76.0
27428,9285,13,1,28.0,28.0
27429,9285,29,1,44.0,44.0
27430,9285,34,1,10.0,10.0
27431,9286,4,1,22.0,22.0
27432,9286,19,2,18.0,36.0
27433,9286,10,1,32.0,32.0
27434,9286,34,1,10.0,10.0
27435,9287,14,3,45.0,135.0
27436,9287,9,1,35.0,35.0
27437,9288,8,1,24.0,24.0
27438,9288,2,1,34.0,34.0
27439,9288,1,1,28.0,28.0
27440,9288,7,1,36.0,36.0
27441,9288,15,1,30.0,30.0
27442,9289,7,2,36.0,72.0
27443,9290,7,2,36.0,72.0
27444,9291,37,3,18.0,54.0
27445,9291,11,1,33.0,33.0
27446,9291,8,1,24.0,24.0
27447,9291,16,2,32.0,64.0
27448,9291,15,2,30.0,60.0
27449,9292,8,1,24.0,24.0
27450,9292,21,2,20.0,40.0
27451,9292,23,1,18.0,18.0
27452,9293,36,1,6.0,6.0
27453,9294,21,1,20.0,20.0
27454,9295,21,1,20.0,20.0
27455,9295,34,2,10.0,20.0
27456,9296,12,1,36.0,36.0
27457,9297,16,2,32.0,64.0
27458,9297,4,1,22.0,22.0
27459,9297,27,2,25.0,50.0
27460,9298,30,2,38.0,76.0
27461,9299,26,1,42.0,42.0
27462,9300,12,3,36.0,108.0
27463,9300,3,2,42.0,84.0
27464,9301,35,3,9.0,27.0
27465,9301,33,1,14.0,14.0
27466,9301,1,1,28.0,28.0
27467,9302,24,1,24.0,24.0
27468,9302,37,2,18.0,36.0
27469,9302,8,2,24.0,48.0
27470,9302,22,2,22.0,44.0
27471,9302,35,1,9.0,9.0
27472,9302,4,1,22.0,22.0
27473,9303,24,1,24.0,24.0
27474,9303,12,1,36.0,36.0
27475,9303,36,1,6.0,6.0
27476,9304,8,1,24.0,24.0
27477,9304,27,1,25.0,25.0
27478,9305,2,1,34.0,34.0
27479,9305,13,1,28.0,28.0
27480,9305,32,1,37.0,37.0
27481,9305,26,1,42.0,42.0
27482,9305,34,1,10.0,10.0
27483,9306,7,1,36.0,36.0
27484,9306,8,2,24.0,48.0
27485,9306,19,2,18.0,36.0
27486,9306,4,1,22.0,22.0
27487,9306,25,2,26.0,52.0
27488,9307,33,1,14.0,14.0
27489,9307,8,1,24.0,24.0
27490,9307,5,1,30.0,30.0
27491,9308,5,1,30.0,30.0
27492,9308,16,2,32.0,64.0
27493,9309,2,1,34.0,34.0
27494,9310,31,1,36.0,36.0
27495,9310,35,3,9.0,27.0
27496,9311,3,2,42.0,84.0
27497,9311,18,2,38.0,76.0
27498,9311,33,3,14.0,42.0
27499,9311,28,1,34.0,34.0
27500,9311,12,1,36.0,36.0
27501,9312,25,1,26.0,26.0
27502,9312,39,2,8.0,16.0
27503,9312,40,1,10.0,10.0
27504,9313,1,1,28.0,28.0
27505,9313,5,1,30.0,30.0
27506,9314,4,2,22.0,44.0
27507,9314,2,1,34.0,34.0
27508,9314,37,2,18.0,36.0
27509,9315,26,2,42.0,84.0
27510,9315,30,2,38.0,76.0
27511,9315,35,1,9.0,9.0
27512,9315,2,1,34.0,34.0
27513,9315,16,2,32.0,64.0
27514,9316,23,1,18.0,18.0
27515,9316,30,2,38.0,76.0
27516,9316,26,1,42.0,42.0
27517,9316,37,2,18.0,36.0
27518,9317,5,1,30.0,30.0
27519,9317,30,1,38.0,38.0
27520,9317,31,1,36.0,36.0
27521,9318,32,3,37.0,111.0
27522,9318,1,1,28.0,28.0
27523,9318,16,1,32.0,32.0
27524,9318,7,2,36.0,72.0
27525,9319,32,2,37.0,74.0
27526,9319,39,1,8.0,8.0
27527,9320,32,1,37.0,37.0
27528,9320,4,1,22.0,22.0
27529,9320,13,1,28.0,28.0
27530,9320,3,2,42.0,84.0
27531,9321,7,3,36.0,108.0
27532,9321,28,1,34.0,34.0
27533,9321,33,1,14.0,14.0
27534,9322,7,2,36.0,72.0
27535,9322,2,1,34.0,34.0
27536,9322,9,3,35.0,105.0
27537,9322,29,1,44.0,44.0
27538,9322,13,1,28.0,28.0
27539,9323,36,1,6.0,6.0
27540,9323,24,1,24.0,24.0
27541,9323,37,2,18.0,36.0
27542,9324,7,1,36.0,36.0
27543,9324,25,2,26.0,52.0
27544,9325,39,1,8.0,8.0
27545,9325,5,2,30.0,60.0
27546,9326,10,2,32.0,64.0
27547,9326,18,1,38.0,38.0
27548,9326,2,1,34.0,34.0
27549,9326,7,2,36.0,72.0
27550,9326,6,1,38.0,38.0
27551,9326,8,1,24.0,24.0
27552,9327,5,1,30.0,30.0
27553,9327,2,1,34.0,34.0
27554,9327,13,1,28.0,28.0
27555,9328,5,1,30.0,30.0
27556,9328,33,2,14.0,28.0
27557,9328,34,1,10.0,10.0
27558,9328,4,2,22.0,44.0
27559,9329,18,1,38.0,38.0
27560,9329,8,1,24.0,24.0
27561,9330,2,1,34.0,34.0
27562,9330,23,1,18.0,18.0
27563,9330,19,1,18.0,18.0
27564,9331,3,1,42.0,42.0
27565,9331,7,1,36.0,36.0
27566,9331,1,1,28.0,28.0
27567,9331,19,2,18.0,36.0
27568,9331,23,1,18.0,18.0
27569,9332,18,1,38.0,38.0
27570,9332,7,1,36.0,36.0
27571,9333,19,1,18.0,18.0
27572,9333,38,1,12.0,12.0
27573,9333,6,1,38.0,38.0
27574,9334,21,2,20.0,40.0
27575,9334,5,1,30.0,30.0
27576,9335,13,2,28.0,56.0
27577,9335,8,1,24.0,24.0
27578,9335,4,2,22.0,44.0
27579,9336,39,2,8.0,16.0
27580,9337,5,1,30.0,30.0
27581,9337,12,2,36.0,72.0
27582,9337,8,1,24.0,24.0
27583,9338,7,2,36.0,72.0
27584,9338,2,1,34.0,34.0
27585,9338,36,1,6.0,6.0
27586,9339,8,1,24.0,24.0
27587,9339,7,3,36.0,108.0
27588,9340,10,2,32.0,64.0
27589,9340,31,1,36.0,36.0
27590,9341,26,2,42.0,84.0
27591,9341,1,1,28.0,28.0
27592,9342,23,2,18.0,36.0
27593,9343,8,1,24.0,24.0
27594,9344,25,2,26.0,52.0
27595,9344,14,1,45.0,45.0
27596,9344,13,2,28.0,56.0
27597,9345,15,1,30.0,30.0
27598,9345,1,1,28.0,28.0
27599,9346,18,1,38.0,38.0
27600,9346,33,2,14.0,28.0
27601,9347,2,1,34.0,34.0
27602,9347,18,3,38.0,114.0
27603,9347,3,1,42.0,42.0
27604,9348,36,1,6.0,6.0
27605,9348,37,1,18.0,18.0
27606,9348,19,1,18.0,18.0
27607,9349,12,1,36.0,36.0
27608,9350,21,1,20.0,20.0
27609,9350,19,1,18.0,18.0
27610,9350,36,1,6.0,6.0
27611,9350,2,2,34.0,68.0
27612,9351,2,1,34.0,34.0
27613,9351,35,1,9.0,9.0
27614,9351,31,1,36.0,36.0
27615,9352,8,1,24.0,24.0
27616,9352,36,1,6.0,6.0
27617,9352,11,1,33.0,33.0
27618,9353,4,2,22.0,44.0
27619,9353,16,1,32.0,32.0
27620,9353,29,2,44.0,88.0
27621,9354,12,1,36.0,36.0
27622,9354,7,1,36.0,36.0
27623,9354,30,1,38.0,38.0
27624,9355,2,2,34.0,68.0
27625,9355,5,1,30.0,30.0
27626,9355,27,1,25.0,25.0
27627,9356,2,1,34.0,34.0
27628,9356,34,1,10.0,10.0
27629,9356,20,1,16.0,16.0
27630,9356,12,1,36.0,36.0
27631,9357,1,1,28.0,28.0
27632,9357,4,1,22.0,22.0
27633,9358,15,1,30.0,30.0
27634,9358,21,1,20.0,20.0
27635,9358,30,1,38.0,38.0
27636,9359,28,1,34.0,34.0
27637,9359,19,1,18.0,18.0
27638,9359,2,2,34.0,68.0
27639,9359,7,2,36.0,72.0
27640,9360,1,1,28.0,28.0
27641,9360,37,1,18.0,18.0
27642,9360,12,1,36.0,36.0
27643,9360,30,2,38.0,76.0
27644,9361,10,2,32.0,64.0
27645,9361,17,1,26.0,26.0
27646,9361,8,1,24.0,24.0
27647,9362,20,1,16.0,16.0
27648,9362,16,1,32.0,32.0
27649,9362,23,1,18.0,18.0
27650,9362,32,3,37.0,111.0
27651,9363,5,2,30.0,60.0
27652,9364,21,1,20.0,20.0
27653,9364,3,1,42.0,42.0
27654,9364,7,3,36.0,108.0
27655,9365,2,1,34.0,34.0
27656,9365,1,2,28.0,56.0
27657,9365,35,1,9.0,9.0
27658,9366,23,1,18.0,18.0
27659,9366,37,2,18.0,36.0
27660,9367,8,3,24.0,72.0
27661,9367,21,2,20.0,40.0
27662,9367,6,2,38.0,76.0
27663,9368,30,2,38.0,76.0
27664,9368,12,1,36.0,36.0
27665,9368,2,1,34.0,34.0
27666,9369,8,2,24.0,48.0
27667,9369,3,1,42.0,42.0
27668,9370,20,1,16.0,16.0
27669,9370,27,1,25.0,25.0
27670,9370,12,1,36.0,36.0
27671,9370,4,1,22.0,22.0
27672,9370,26,2,42.0,84.0
27673,9371,2,1,34.0,34.0
27674,9372,11,1,33.0,33.0
27675,9373,36,1,6.0,6.0
27676,9373,9,2,35.0,70.0
27677,9373,33,1,14.0,14.0
27678,9373,15,1,30.0,30.0
27679,9373,7,1,36.0,36.0
27680,9374,16,2,32.0,64.0
27681,9374,37,1,18.0,18.0
27682,9375,9,2,35.0,70.0
27683,9375,30,3,38.0,114.0
27684,9375,20,1,16.0,16.0
27685,9375,3,1,42.0,42.0
27686,9376,17,1,26.0,26.0
27687,9376,1,1,28.0,28.0
27688,9376,11,1,33.0,33.0
27689,9377,8,1,24.0,24.0
27690,9377,7,3,36.0,108.0
27691,9378,38,1,12.0,12.0
27692,9378,10,1,32.0,32.0
27693,9378,12,2,36.0,72.0
27694,9379,6,3,38.0,114.0
27695,9379,34,2,10.0,20.0
27696,9379,18,1,38.0,38.0
27697,9379,2,2,34.0,68.0
27698,9380,14,1,45.0,45.0
27699,9380,11,1,33.0,33.0
27700,9380,34,1,10.0,10.0
27701,9381,16,1,32.0,32.0
27702,9381,7,2,36.0,72.0
27703,9381,25,1,26.0,26.0
27704,9381,35,2,9.0,18.0
27705,9381,5,1,30.0,30.0
27706,9382,5,1,30.0,30.0
27707,9383,39,2,8.0,16.0
27708,9383,2,1,34.0,34.0
27709,9383,21,2,20.0,40.0
27710,9384,7,3,36.0,108.0
27711,9384,15,2,30.0,60.0
27712,9385,16,1,32.0,32.0
27713,9385,17,1,26.0,26.0
27714,9385,28,1,34.0,34.0
27715,9386,7,1,36.0,36.0
27716,9386,8,3,24.0,72.0
27717,9387,21,3,20.0,60.0
27718,9387,24,1,24.0,24.0
27719,9388,37,3,18.0,54.0
27720,9388,2,1,34.0,34.0
27721,9389,4,2,22.0,44.0
27722,9389,24,2,24.0,48.0
27723,9389,30,1,38.0,38.0
27724,9389,6,1,38.0,38.0
27725,9390,20,2,16.0,32.0
27726,9390,1,1,28.0,28.0
27727,9390,36,2,6.0,12.0
27728,9391,2,2,34.0,68.0
27729,9391,5,3,30.0,90.0
27730,9391,14,1,45.0,45.0
27731,9392,8,1,24.0,24.0
27732,9392,6,3,38.0,114.0
27733,9392,23,1,18.0,18.0
27734,9392,27,1,25.0,25.0
27735,9392,11,3,33.0,99.0
27736,9392,13,1,28.0,28.0
27737,9393,18,2,38.0,76.0
27738,9393,30,3,38.0,114.0
27739,9393,25,1,26.0,26.0
27740,9394,10,1,32.0,32.0
27741,9394,3,1,42.0,42.0
27742,9395,10,2,32.0,64.0
27743,9395,6,3,38.0,114.0
27744,9395,16,2,32.0,64.0
27745,9396,7,3,36.0,108.0
27746,9397,12,1,36.0,36.0
27747,9397,27,1,25.0,25.0
27748,9397,10,2,32.0,64.0
27749,9398,8,2,24.0,48.0
27750,9398,4,1,22.0,22.0
27751,9399,22,2,22.0,44.0
27752,9400,31,1,36.0,36.0
27753,9400,28,1,34.0,34.0
27754,9400,40,2,10.0,20.0
27755,9400,24,1,24.0,24.0
27756,9401,34,1,10.0,10.0
27757,9401,4,1,22.0,22.0
27758,9401,37,1,18.0,18.0
27759,9402,1,1,28.0,28.0
27760,9402,37,1,18.0,18.0
27761,9402,33,1,14.0,14.0
27762,9403,13,1,28.0,28.0
27763,9403,2,1,34.0,34.0
27764,9403,37,3,18.0,54.0
27765,9404,30,1,38.0,38.0
27766,9404,38,1,12.0,12.0
27767,9404,1,1,28.0,28.0
27768,9404,2,3,34.0,102.0
27769,9405,14,2,45.0,90.0
27770,9405,20,1,16.0,16.0
27771,9405,16,2,32.0,64.0
27772,9406,1,1,28.0,28.0
27773,9406,26,1,42.0,42.0
27774,9407,30,1,38.0,38.0
27775,9407,28,1,34.0,34.0
27776,9408,30,1,38.0,38.0
27777,9408,7,3,36.0,108.0
27778,9409,18,1,38.0,38.0
27779,9409,21,3,20.0,60.0
27780,9410,16,1,32.0,32.0
27781,9410,8,1,24.0,24.0
27782,9411,12,1,36.0,36.0
27783,9411,3,1,42.0,42.0
27784,9411,6,1,38.0,38.0
27785,9412,11,1,33.0,33.0
27786,9412,27,1,25.0,25.0
27787,9413,3,1,42.0,42.0
27788,9413,16,1,32.0,32.0
27789,9413,5,1,30.0,30.0
27790,9414,11,1,33.0,33.0
27791,9414,18,1,38.0,38.0
27792,9414,27,1,25.0,25.0
27793,9414,3,1,42.0,42.0
27794,9414,10,2,32.0,64.0
27795,9414,23,1,18.0,18.0
27796,9415,22,3,22.0,66.0
27797,9415,5,1,30.0,30.0
27798,9415,13,1,28.0,28.0
27799,9415,27,1,25.0,25.0
27800,9416,7,2,36.0,72.0
27801,9417,13,1,28.0,28.0
27802,9417,12,2,36.0,72.0
27803,9418,20,1,16.0,16.0
27804,9418,37,1,18.0,18.0
27805,9418,39,1,8.0,8.0
27806,9418,8,3,24.0,72.0
27807,9418,22,2,22.0,44.0
27808,9419,32,1,37.0,37.0
27809,9419,39,1,8.0,8.0
27810,9420,13,2,28.0,56.0
27811,9420,39,1,8.0,8.0
27812,9420,1,1,28.0,28.0
27813,9421,14,2,45.0,90.0
27814,9421,33,1,14.0,14.0
27815,9422,36,2,6.0,12.0
27816,9422,1,3,28.0,84.0
27817,9422,8,1,24.0,24.0
27818,9422,6,3,38.0,114.0
27819,9423,18,3,38.0,114.0
27820,9423,3,3,42.0,126.0
27821,9424,30,1,38.0,38.0
27822,9424,11,1,33.0,33.0
27823,9424,1,1,28.0,28.0
27824,9425,37,1,18.0,18.0
27825,9425,14,1,45.0,45.0
27826,9425,4,1,22.0,22.0
27827,9425,19,3,18.0,54.0
27828,9426,4,1,22.0,22.0
27829,9426,3,1,42.0,42.0
27830,9426,16,2,32.0,64.0
27831,9426,27,2,25.0,50.0
27832,9427,26,1,42.0,42.0
27833,9427,23,3,18.0,54.0
27834,9427,15,1,30.0,30.0
27835,9427,4,1,22.0,22.0
27836,9427,24,1,24.0,24.0
27837,9428,4,3,22.0,66.0
27838,9428,2,3,34.0,102.0
27839,9429,12,1,36.0,36.0
27840,9429,32,1,37.0,37.0
27841,9430,2,1,34.0,34.0
27842,9431,5,1,30.0,30.0
27843,9431,2,1,34.0,34.0
27844,9431,15,2,30.0,60.0
27845,9431,21,1,20.0,20.0
27846,9432,21,1,20.0,20.0
27847,9432,20,3,16.0,48.0
27848,9432,27,1,25.0,25.0
27849,9432,24,1,24.0,24.0
27850,9433,32,1,37.0,37.0
27851,9434,8,1,24.0,24.0
27852,9434,4,1,22.0,22.0
27853,9435,16,1,32.0,32.0
27854,9435,27,1,25.0,25.0
27855,9435,15,3,30.0,90.0
27856,9436,6,1,38.0,38.0
27857,9437,17,1,26.0,26.0
27858,9437,13,1,28.0,28.0
27859,9438,1,2,28.0,56.0
27860,9438,40,1,10.0,10.0
27861,9438,14,3,45.0,135.0
27862,9438,27,3,25.0,75.0
27863,9438,24,1,24.0,24.0
27864,9439,20,1,16.0,16.0
27865,9439,7,2,36.0,72.0
27866,9439,21,2,20.0,40.0
27867,9439,5,1,30.0,30.0
27868,9439,9,1,35.0,35.0
27869,9439,18,1,38.0,38.0
27870,9440,22,2,22.0,44.0
27871,9440,14,1,45.0,45.0
27872,9440,27,2,25.0,50.0
27873,9441,7,1,36.0,36.0
27874,9441,12,1,36.0,36.0
27875,9441,15,2,30.0,60.0
27876,9441,25,2,26.0,52.0
27877,9442,18,2,38.0,76.0
27878,9442,12,1,36.0,36.0
27879,9442,30,2,38.0,76.0
27880,9443,34,1,10.0,10.0
27881,9443,5,2,30.0,60.0
27882,9443,9,3,35.0,105.0
27883,9443,22,1,22.0,22.0
27884,9444,22,1,22.0,22.0
27885,9444,23,2,18.0,36.0
27886,9444,10,1,32.0,32.0
27887,9445,27,1,25.0,25.0
27888,9446,1,1,28.0,28.0
27889,9446,16,2,32.0,64.0
27890,9446,34,1,10.0,10.0
27891,9447,20,2,16.0,32.0
27892,9447,6,3,38.0,114.0
27893,9447,16,1,32.0,32.0
27894,9448,7,1,36.0,36.0
27895,9448,11,1,33.0,33.0
27896,9449,7,2,36.0,72.0
27897,9449,28,1,34.0,34.0
27898,9449,38,1,12.0,12.0
27899,9449,4,2,22.0,44.0
27900,9449,29,1,44.0,44.0
27901,9450,1,1,28.0,28.0
27902,9450,11,1,33.0,33.0
27903,9450,30,1,38.0,38.0
27904,9450,25,1,26.0,26.0
27905,9450,8,3,24.0,72.0
27906,9451,16,1,32.0,32.0
27907,9451,15,2,30.0,60.0
27908,9451,22,1,22.0,22.0
27909,9451,17,1,26.0,26.0
27910,9451,14,3,45.0,135.0
27911,9451,29,2,44.0,88.0
27912,9452,17,1,26.0,26.0
27913,9452,16,1,32.0,32.0
27914,9452,14,1,45.0,45.0
27915,9453,27,1,25.0,25.0
27916,9453,21,1,20.0,20.0
27917,9453,3,2,42.0,84.0
27918,9453,8,2,24.0,48.0
27919,9454,7,1,36.0,36.0
27920,9454,8,1,24.0,24.0
27921,9454,6,2,38.0,76.0
27922,9454,21,2,20.0,40.0
27923,9454,23,2,18.0,36.0
27924,9454,25,1,26.0,26.0
27925,9455,5,1,30.0,30.0
27926,9455,34,1,10.0,10.0
27927,9455,24,2,24.0,48.0
27928,9456,37,1,18.0,18.0
27929,9456,33,1,14.0,14.0
27930,9456,17,2,26.0,52.0
27931,9457,16,3,32.0,96.0
27932,9457,11,1,33.0,33.0
27933,9458,7,1,36.0,36.0
27934,9458,14,1,45.0,45.0
27935,9458,32,2,37.0,74.0
27936,9459,34,2,10.0,20.0
27937,9460,11,3,33.0,99.0
27938,9460,23,1,18.0,18.0
27939,9460,22,2,22.0,44.0
27940,9460,7,2,36.0,72.0
27941,9460,5,3,30.0,90.0
27942,9460,10,2,32.0,64.0
27943,9461,1,2,28.0,56.0
27944,9461,34,1,10.0,10.0
27945,9462,21,1,20.0,20.0
27946,9462,6,1,38.0,38.0
27947,9462,2,2,34.0,68.0
27948,9463,7,2,36.0,72.0
27949,9463,11,2,33.0,66.0
27950,9463,31,3,36.0,108.0
27951,9463,2,2,34.0,68.0
27952,9463,4,1,22.0,22.0
27953,9464,16,2,32.0,64.0
27954,9464,5,3,30.0,90.0
27955,9465,40,2,10.0,20.0
27956,9465,12,1,36.0,36.0
27957,9466,29,1,44.0,44.0
27958,9466,18,1,38.0,38.0
27959,9466,9,1,35.0,35.0
27960,9466,2,2,34.0,68.0
27961,9466,7,2,36.0,72.0
27962,9466,6,1,38.0,38.0
27963,9467,30,2,38.0,76.0
27964,9467,24,1,24.0,24.0
27965,9467,27,3,25.0,75.0
27966,9468,8,1,24.0,24.0
27967,9468,27,1,25.0,25.0
27968,9469,5,2,30.0,60.0
27969,9470,32,1,37.0,37.0
27970,9470,40,2,10.0,20.0
27971,9470,35,1,9.0,9.0
27972,9470,36,1,6.0,6.0
27973,9471,14,2,45.0,90.0
27974,9471,4,2,22.0,44.0
27975,9471,7,3,36.0,108.0
27976,9471,8,2,24.0,48.0
27977,9471,30,1,38.0,38.0
27978,9472,1,1,28.0,28.0
27979,9472,25,2,26.0,52.0
27980,9472,16,1,32.0,32.0
27981,9472,12,1,36.0,36.0
27982,9472,32,3,37.0,111.0
27983,9472,2,2,34.0,68.0
27984,9473,38,1,12.0,12.0
27985,9473,3,1,42.0,42.0
27986,9474,7,1,36.0,36.0
27987,9474,3,1,42.0,42.0
27988,9474,28,2,34.0,68.0
27989,9474,24,1,24.0,24.0
27990,9475,10,1,32.0,32.0
27991,9475,37,3,18.0,54.0
27992,9476,39,2,8.0,16.0
27993,9476,32,1,37.0,37.0
27994,9476,9,1,35.0,35.0
27995,9476,12,1,36.0,36.0
27996,9477,11,2,33.0,66.0
27997,9477,8,2,24.0,48.0
27998,9478,9,2,35.0,70.0
27999,9478,2,3,34.0,102.0
28000,9479,22,2,22.0,44.0
28001,9479,15,2,30.0,60.0
28002,9479,19,1,18.0,18.0
28003,9480,35,1,9.0,9.0
28004,9480,19,3,18.0,54.0
28005,9481,9,3,35.0,105.0
28006,9481,25,1,26.0,26.0
28007,9481,36,3,6.0,18.0
28008,9482,29,2,44.0,88.0
28009,9482,33,1,14.0,14.0
28010,9482,7,1,36.0,36.0
28011,9482,8,2,24.0,48.0
28012,9482,16,3,32.0,96.0
28013,9483,16,1,32.0,32.0
28014,9483,12,2,36.0,72.0
28015,9483,8,3,24.0,72.0
28016,9484,8,2,24.0,48.0
28017,9484,5,1,30.0,30.0
28018,9485,5,2,30.0,60.0
28019,9485,18,2,38.0,76.0
28020,9486,7,3,36.0,108.0
28021,9486,33,2,14.0,28.0
28022,9487,7,2,36.0,72.0
28023,9488,18,1,38.0,38.0
28024,9488,12,1,36.0,36.0
28025,9489,6,3,38.0,114.0
28026,9489,37,1,18.0,18.0
28027,9489,2,2,34.0,68.0
28028,9489,27,1,25.0,25.0
28029,9490,33,1,14.0,14.0
28030,9490,10,1,32.0,32.0
28031,9490,23,1,18.0,18.0
28032,9490,26,1,42.0,42.0
28033,9490,6,2,38.0,76.0
28034,9491,2,2,34.0,68.0
28035,9491,23,1,18.0,18.0
28036,9492,6,1,38.0,38.0
28037,9493,23,3,18.0,54.0
28038,9493,14,1,45.0,45.0
28039,9493,28,1,34.0,34.0
28040,9493,36,2,6.0,12.0
28041,9494,5,1,30.0,30.0
28042,9494,37,1,18.0,18.0
28043,9495,26,1,42.0,42.0
28044,9495,29,1,44.0,44.0
28045,9495,14,1,45.0,45.0
28046,9495,10,1,32.0,32.0
28047,9496,23,1,18.0,18.0
28048,9496,35,1,9.0,9.0
28049,9496,22,2,22.0,44.0
28050,9496,19,3,18.0,54.0
28051,9496,16,1,32.0,32.0
28052,9496,24,3,24.0,72.0
28053,9497,7,2,36.0,72.0
28054,9497,14,2,45.0,90.0
28055,9498,15,1,30.0,30.0
28056,9499,36,1,6.0,6.0
28057,9499,18,3,38.0,114.0
28058,9499,32,2,37.0,74.0
28059,9500,8,2,24.0,48.0
28060,9500,35,2,9.0,18.0
28061,9500,22,3,22.0,66.0
28062,9500,7,1,36.0,36.0
28063,9501,8,2,24.0,48.0
28064,9501,14,1,45.0,45.0
28065,9501,12,1,36.0,36.0
28066,9501,38,3,12.0,36.0
28067,9502,3,1,42.0,42.0
28068,9502,16,1,32.0,32.0
28069,9503,28,1,34.0,34.0
28070,9503,26,2,42.0,84.0
28071,9503,7,2,36.0,72.0
28072,9504,26,2,42.0,84.0
28073,9504,37,1,18.0,18.0
28074,9504,36,1,6.0,6.0
28075,9505,9,2,35.0,70.0
28076,9505,19,2,18.0,36.0
28077,9505,34,1,10.0,10.0
28078,9506,7,2,36.0,72.0
28079,9506,3,1,42.0,42.0
28080,9506,12,3,36.0,108.0
28081,9506,2,1,34.0,34.0
28082,9506,23,2,18.0,36.0
28083,9507,31,2,36.0,72.0
28084,9507,6,2,38.0,76.0
28085,9508,15,1,30.0,30.0
28086,9509,29,2,44.0,88.0
28087,9509,16,2,32.0,64.0
28088,9509,8,1,24.0,24.0
28089,9509,24,2,24.0,48.0
28090,9509,7,1,36.0,36.0
28091,9510,11,3,33.0,99.0
28092,9510,34,1,10.0,10.0
28093,9510,32,2,37.0,74.0
28094,9511,16,1,32.0,32.0
28095,9511,6,1,38.0,38.0
28096,9511,21,3,20.0,60.0
28097,9512,39,2,8.0,16.0
28098,9512,7,1,36.0,36.0
28099,9513,30,2,38.0,76.0
28100,9513,7,3,36.0,108.0
28101,9513,19,2,18.0,36.0
28102,9513,36,1,6.0,6.0
28103,9513,15,1,30.0,30.0
28104,9514,5,1,30.0,30.0
28105,9514,24,3,24.0,72.0
28106,9514,7,1,36.0,36.0
28107,9514,26,2,42.0,84.0
28108,9515,3,1,42.0,42.0
28109,9515,8,1,24.0,24.0
28110,9516,26,1,42.0,42.0
28111,9516,16,1,32.0,32.0
28112,9516,27,1,25.0,25.0
28113,9516,37,1,18.0,18.0
28114,9517,39,1,8.0,8.0
28115,9518,29,1,44.0,44.0
28116,9518,8,2,24.0,48.0
28117,9518,7,1,36.0,36.0
28118,9518,36,2,6.0,12.0
28119,9518,10,1,32.0,32.0
28120,9519,8,1,24.0,24.0
28121,9520,18,1,38.0,38.0
28122,9520,25,1,26.0,26.0
28123,9520,5,1,30.0,30.0
28124,9520,2,1,34.0,34.0
28125,9521,18,1,38.0,38.0
28126,9521,12,1,36.0,36.0
28127,9521,7,1,36.0,36.0
28128,9522,21,2,20.0,40.0
28129,9522,2,1,34.0,34.0
28130,9522,6,1,38.0,38.0
28131,9523,13,2,28.0,56.0
28132,9523,37,1,18.0,18.0
28133,9524,8,1,24.0,24.0
28134,9524,10,2,32.0,64.0
28135,9525,9,2,35.0,70.0
28136,9525,25,1,26.0,26.0
28137,9526,21,1,20.0,20.0
28138,9526,13,3,28.0,84.0
28139,9526,37,1,18.0,18.0
28140,9527,15,1,30.0,30.0
28141,9528,8,3,24.0,72.0
28142,9529,40,2,10.0,20.0
28143,9529,2,2,34.0,68.0
28144,9529,32,2,37.0,74.0
28145,9530,23,1,18.0,18.0
28146,9530,34,1,10.0,10.0
28147,9530,37,2,18.0,36.0
28148,9530,18,2,38.0,76.0
28149,9530,36,2,6.0,12.0
28150,9531,34,1,10.0,10.0
28151,9531,1,1,28.0,28.0
28152,9531,2,2,34.0,68.0
28153,9532,39,1,8.0,8.0
28154,9532,2,1,34.0,34.0
28155,9532,20,3,16.0,48.0
28156,9533,37,1,18.0,18.0
28157,9533,2,1,34.0,34.0
28158,9534,33,1,14.0,14.0
28159,9534,20,1,16.0,16.0
28160,9534,7,1,36.0,36.0
28161,9535,6,1,38.0,38.0
28162,9535,33,1,14.0,14.0
28163,9536,31,2,36.0,72.0
28164,9536,15,1,30.0,30.0
28165,9536,3,3,42.0,126.0
28166,9537,14,2,45.0,90.0
28167,9537,16,1,32.0,32.0
28168,9537,21,1,20.0,20.0
28169,9537,20,2,16.0,32.0
28170,9538,26,2,42.0,84.0
28171,9538,7,2,36.0,72.0
28172,9539,10,1,32.0,32.0
28173,9539,33,1,14.0,14.0
28174,9540,24,3,24.0,72.0
28175,9540,22,1,22.0,22.0
28176,9540,11,1,33.0,33.0
28177,9541,1,1,28.0,28.0
28178,9542,3,2,42.0,84.0
28179,9542,4,1,22.0,22.0
28180,9542,32,2,37.0,74.0
28181,9543,35,2,9.0,18.0
28182,9543,23,2,18.0,36.0
28183,9543,28,1,34.0,34.0
28184,9544,24,2,24.0,48.0
28185,9545,30,2,38.0,76.0
28186,9545,4,1,22.0,22.0
28187,9545,29,1,44.0,44.0
28188,9546,17,1,26.0,26.0
28189,9546,5,1,30.0,30.0
28190,9547,4,1,22.0,22.0
28191,9547,7,1,36.0,36.0
28192,9547,1,1,28.0,28.0
28193,9548,6,2,38.0,76.0
28194,9548,19,1,18.0,18.0
28195,9548,7,1,36.0,36.0
28196,9548,23,3,18.0,54.0
28197,9549,9,1,35.0,35.0
28198,9549,5,1,30.0,30.0
28199,9549,3,1,42.0,42.0
28200,9550,7,1,36.0,36.0
28201,9550,34,1,10.0,10.0
28202,9551,5,1,30.0,30.0
28203,9551,3,1,42.0,42.0
28204,9551,38,1,12.0,12.0
28205,9552,2,2,34.0,68.0
28206,9552,1,3,28.0,84.0
28207,9552,37,1,18.0,18.0
28208,9553,27,1,25.0,25.0
28209,9554,12,2,36.0,72.0
28210,9554,37,2,18.0,36.0
28211,9554,18,1,38.0,38.0
28212,9554,22,1,22.0,22.0
28213,9554,26,1,42.0,42.0
28214,9555,33,2,14.0,28.0
28215,9555,8,1,24.0,24.0
28216,9555,12,1,36.0,36.0
28217,9555,19,1,18.0,18.0
28218,9556,20,1,16.0,16.0
28219,9556,7,1,36.0,36.0
28220,9557,6,1,38.0,38.0
28221,9557,37,2,18.0,36.0
28222,9557,35,1,9.0,9.0
28223,9557,13,1,28.0,28.0
28224,9558,7,1,36.0,36.0
28225,9558,23,2,18.0,36.0
28226,9559,18,1,38.0,38.0
28227,9559,2,1,34.0,34.0
28228,9560,14,1,45.0,45.0
28229,9560,37,1,18.0,18.0
28230,9561,22,1,22.0,22.0
28231,9561,5,1,30.0,30.0
28232,9562,8,1,24.0,24.0
28233,9562,16,1,32.0,32.0
28234,9563,16,1,32.0,32.0
28235,9563,1,1,28.0,28.0
28236,9563,28,2,34.0,68.0
28237,9563,22,3,22.0,66.0
28238,9564,7,1,36.0,36.0
28239,9564,9,1,35.0,35.0
28240,9564,40,1,10.0,10.0
28241,9565,11,1,33.0,33.0
28242,9565,24,2,24.0,48.0
28243,9565,35,3,9.0,27.0
28244,9566,7,1,36.0,36.0
28245,9567,2,1,34.0,34.0
28246,9567,38,1,12.0,12.0
28247,9567,8,3,24.0,72.0
28248,9567,25,1,26.0,26.0
28249,9567,24,1,24.0,24.0
28250,9568,16,1,32.0,32.0
28251,9568,8,1,24.0,24.0
28252,9568,15,2,30.0,60.0
28253,9568,32,1,37.0,37.0
28254,9569,7,1,36.0,36.0
28255,9569,32,2,37.0,74.0
28256,9569,33,2,14.0,28.0
28257,9569,10,1,32.0,32.0
28258,9569,30,3,38.0,114.0
28259,9570,7,3,36.0,108.0
28260,9570,4,1,22.0,22.0
28261,9570,39,1,8.0,8.0
28262,9570,23,1,18.0,18.0
28263,9570,30,1,38.0,38.0
28264,9570,18,1,38.0,38.0
28265,9571,6,1,38.0,38.0
28266,9571,12,1,36.0,36.0
28267,9571,37,3,18.0,54.0
28268,9571,8,1,24.0,24.0
28269,9571,23,2,18.0,36.0
28270,9572,2,1,34.0,34.0
28271,9572,5,1,30.0,30.0
28272,9573,27,1,25.0,25.0
28273,9573,14,1,45.0,45.0
28274,9573,5,1,30.0,30.0
28275,9574,17,1,26.0,26.0
28276,9574,7,1,36.0,36.0
28277,9574,5,1,30.0,30.0
28278,9574,29,1,44.0,44.0
28279,9575,5,2,30.0,60.0
28280,9575,37,3,18.0,54.0
28281,9575,29,3,44.0,132.0
28282,9575,25,1,26.0,26.0
28283,9576,25,2,26.0,52.0
28284,9576,2,1,34.0,34.0
28285,9576,30,3,38.0,114.0
28286,9577,8,1,24.0,24.0
28287,9577,32,1,37.0,37.0
28288,9577,14,1,45.0,45.0
28289,9577,4,2,22.0,44.0
28290,9577,7,1,36.0,36.0
28291,9578,15,1,30.0,30.0
28292,9578,31,2,36.0,72.0
28293,9578,4,1,22.0,22.0
28294,9578,1,2,28.0,56.0
28295,9578,21,3,20.0,60.0
28296,9579,38,1,12.0,12.0
28297,9580,16,1,32.0,32.0
28298,9580,1,2,28.0,56.0
28299,9580,14,1,45.0,45.0
28300,9581,10,3,32.0,96.0
28301,9581,37,2,18.0,36.0
28302,9581,27,2,25.0,50.0
28303,9582,14,2,45.0,90.0
28304,9582,23,1,18.0,18.0
28305,9582,33,2,14.0,28.0
28306,9582,18,2,38.0,76.0
28307,9582,17,1,26.0,26.0
28308,9582,20,2,16.0,32.0
28309,9583,12,1,36.0,36.0
28310,9583,5,1,30.0,30.0
28311,9583,21,2,20.0,40.0
28312,9584,7,1,36.0,36.0
28313,9584,23,1,18.0,18.0
28314,9584,25,1,26.0,26.0
28315,9584,8,2,24.0,48.0
28316,9585,15,1,30.0,30.0
28317,9585,5,1,30.0,30.0
28318,9585,38,1,12.0,12.0
28319,9586,24,1,24.0,24.0
28320,9586,5,1,30.0,30.0
28321,9587,6,1,38.0,38.0
28322,9587,37,3,18.0,54.0
28323,9587,8,2,24.0,48.0
28324,9587,35,2,9.0,18.0
28325,9587,12,1,36.0,36.0
28326,9588,10,3,32.0,96.0
28327,9588,9,2,35.0,70.0
28328,9588,21,1,20.0,20.0
28329,9589,30,1,38.0,38.0
28330,9589,8,1,24.0,24.0
28331,9590,16,2,32.0,64.0
28332,9590,38,3,12.0,36.0
28333,9590,26,3,42.0,126.0
28334,9591,28,2,34.0,68.0
28335,9591,24,2,24.0,48.0
28336,9591,4,1,22.0,22.0
28337,9591,5,1,30.0,30.0
28338,9592,17,1,26.0,26.0
28339,9592,5,2,30.0,60.0
28340,9593,15,2,30.0,60.0
28341,9593,12,1,36.0,36.0
28342,9593,7,2,36.0,72.0
28343,9593,38,3,12.0,36.0
28344,9594,36,1,6.0,6.0
28345,9594,11,1,33.0,33.0
28346,9595,1,3,28.0,84.0
28347,9595,19,1,18.0,18.0
28348,9595,23,1,18.0,18.0
28349,9596,15,1,30.0,30.0
28350,9596,35,1,9.0,9.0
28351,9597,13,1,28.0,28.0
28352,9597,5,2,30.0,60.0
28353,9597,7,2,36.0,72.0
28354,9598,23,1,18.0,18.0
28355,9598,8,1,24.0,24.0
28356,9599,8,1,24.0,24.0
28357,9600,18,1,38.0,38.0
28358,9600,8,1,24.0,24.0
28359,9601,25,2,26.0,52.0
28360,9601,21,1,20.0,20.0
28361,9601,4,1,22.0,22.0
28362,9602,16,1,32.0,32.0
28363,9602,9,1,35.0,35.0
28364,9602,30,1,38.0,38.0
28365,9603,37,2,18.0,36.0
28366,9603,18,1,38.0,38.0
28367,9603,38,3,12.0,36.0
28368,9603,29,2,44.0,88.0
28369,9603,7,1,36.0,36.0
28370,9604,1,2,28.0,56.0
28371,9605,11,1,33.0,33.0
28372,9605,27,1,25.0,25.0
28373,9605,10,1,32.0,32.0
28374,9605,8,1,24.0,24.0
28375,9606,13,2,28.0,56.0
28376,9606,18,3,38.0,114.0
28377,9606,35,1,9.0,9.0
28378,9607,8,1,24.0,24.0
28379,9607,12,1,36.0,36.0
28380,9607,14,1,45.0,45.0
28381,9607,13,1,28.0,28.0
28382,9607,32,3,37.0,111.0
28383,9608,1,1,28.0,28.0
28384,9608,31,2,36.0,72.0
28385,9608,4,3,22.0,66.0
28386,9608,25,1,26.0,26.0
28387,9609,7,1,36.0,36.0
28388,9609,1,1,28.0,28.0
28389,9609,18,2,38.0,76.0
28390,9609,32,1,37.0,37.0
28391,9609,11,2,33.0,66.0
28392,9610,8,1,24.0,24.0
28393,9610,27,1,25.0,25.0
28394,9611,23,1,18.0,18.0
28395,9611,2,1,34.0,34.0
28396,9611,38,1,12.0,12.0
28397,9611,7,1,36.0,36.0
28398,9611,15,1,30.0,30.0
28399,9612,14,1,45.0,45.0
28400,9612,38,1,12.0,12.0
28401,9612,8,1,24.0,24.0
28402,9613,2,3,34.0,102.0
28403,9613,8,1,24.0,24.0
28404,9614,5,2,30.0,60.0
28405,9614,22,1,22.0,22.0
28406,9614,7,1,36.0,36.0
28407,9614,14,1,45.0,45.0
28408,9614,12,1,36.0,36.0
28409,9614,23,1,18.0,18.0
28410,9615,33,1,14.0,14.0
28411,9615,2,2,34.0,68.0
28412,9615,5,2,30.0,60.0
28413,9616,16,1,32.0,32.0
28414,9616,2,2,34.0,68.0
28415,9616,32,1,37.0,37.0
28416,9617,37,2,18.0,36.0
28417,9617,5,2,30.0,60.0
28418,9617,21,1,20.0,20.0
28419,9617,12,2,36.0,72.0
28420,9617,3,2,42.0,84.0
28421,9618,4,2,22.0,44.0
28422,9618,9,1,35.0,35.0
28423,9618,6,2,38.0,76.0
28424,9619,1,1,28.0,28.0
28425,9619,30,2,38.0,76.0
28426,9619,23,2,18.0,36.0
28427,9619,37,1,18.0,18.0
28428,9620,40,1,10.0,10.0
28429,9620,36,1,6.0,6.0
28430,9621,1,1,28.0,28.0
28431,9621,26,1,42.0,42.0
28432,9622,24,1,24.0,24.0
28433,9622,2,2,34.0,68.0
28434,9623,2,1,34.0,34.0
28435,9623,23,1,18.0,18.0
28436,9623,16,2,32.0,64.0
28437,9623,27,1,25.0,25.0
28438,9623,26,1,42.0,42.0
28439,9623,4,1,22.0,22.0
28440,9624,7,1,36.0,36.0
28441,9624,2,2,34.0,68.0
28442,9624,25,1,26.0,26.0
28443,9625,37,1,18.0,18.0
28444,9625,30,3,38.0,114.0
28445,9625,1,2,28.0,56.0
28446,9625,8,2,24.0,48.0
28447,9625,15,2,30.0,60.0
28448,9625,7,2,36.0,72.0
28449,9626,30,2,38.0,76.0
28450,9626,36,1,6.0,6.0
28451,9626,2,1,34.0,34.0
28452,9627,36,2,6.0,12.0
28453,9627,33,2,14.0,28.0
28454,9628,10,2,32.0,64.0
28455,9628,21,1,20.0,20.0
28456,9628,35,1,9.0,9.0
28457,9629,1,2,28.0,56.0
28458,9629,7,2,36.0,72.0
28459,9629,16,1,32.0,32.0
28460,9630,18,2,38.0,76.0
28461,9630,7,1,36.0,36.0
28462,9631,10,1,32.0,32.0
28463,9631,36,1,6.0,6.0
28464,9631,29,1,44.0,44.0
28465,9632,15,1,30.0,30.0
28466,9632,5,1,30.0,30.0
28467,9632,1,3,28.0,84.0
28468,9632,14,1,45.0,45.0
28469,9633,16,1,32.0,32.0
28470,9633,33,2,14.0,28.0
28471,9633,36,1,6.0,6.0
28472,9633,9,2,35.0,70.0
28473,9634,2,2,34.0,68.0
28474,9634,8,2,24.0,48.0
28475,9634,5,1,30.0,30.0
28476,9635,14,1,45.0,45.0
28477,9635,8,1,24.0,24.0
28478,9635,7,1,36.0,36.0
28479,9635,17,2,26.0,52.0
28480,9635,9,1,35.0,35.0
28481,9636,4,1,22.0,22.0
28482,9636,12,1,36.0,36.0
28483,9636,23,1,18.0,18.0
28484,9636,29,1,44.0,44.0
28485,9636,35,1,9.0,9.0
28486,9637,6,1,38.0,38.0
28487,9637,5,1,30.0,30.0
28488,9638,8,1,24.0,24.0
28489,9638,35,1,9.0,9.0
28490,9638,20,1,16.0,16.0
28491,9639,25,3,26.0,78.0
28492,9639,9,1,35.0,35.0
28493,9639,40,1,10.0,10.0
28494,9639,5,1,30.0,30.0
28495,9640,2,1,34.0,34.0
28496,9640,11,1,33.0,33.0
28497,9640,23,1,18.0,18.0
28498,9640,7,1,36.0,36.0
28499,9640,18,2,38.0,76.0
28500,9641,38,3,12.0,36.0
28501,9642,9,1,35.0,35.0
28502,9642,18,1,38.0,38.0
28503,9643,37,1,18.0,18.0
28504,9643,12,3,36.0,108.0
28505,9644,28,1,34.0,34.0
28506,9644,8,3,24.0,72.0
28507,9644,3,1,42.0,42.0
28508,9644,13,1,28.0,28.0
28509,9644,1,2,28.0,56.0
28510,9645,10,3,32.0,96.0
28511,9645,21,2,20.0,40.0
28512,9645,23,1,18.0,18.0
28513,9645,4,2,22.0,44.0
28514,9646,37,1,18.0,18.0
28515,9646,12,1,36.0,36.0
28516,9646,30,1,38.0,38.0
28517,9647,3,2,42.0,84.0
28518,9648,6,2,38.0,76.0
28519,9648,2,1,34.0,34.0
28520,9649,8,1,24.0,24.0
28521,9649,12,1,36.0,36.0
28522,9649,16,1,32.0,32.0
28523,9649,3,2,42.0,84.0
28524,9650,28,2,34.0,68.0
28525,9651,32,2,37.0,74.0
28526,9651,14,2,45.0,90.0
28527,9652,7,2,36.0,72.0
28528,9652,34,2,10.0,20.0
28529,9652,5,1,30.0,30.0
28530,9653,23,1,18.0,18.0
28531,9653,27,3,25.0,75.0
28532,9653,4,1,22.0,22.0
28533,9653,5,1,30.0,30.0
28534,9654,35,3,9.0,27.0
28535,9654,5,1,30.0,30.0
28536,9654,25,2,26.0,52.0
28537,9654,20,3,16.0,48.0
28538,9654,34,3,10.0,30.0
28539,9655,1,2,28.0,56.0
28540,9655,29,1,44.0,44.0
28541,9655,17,2,26.0,52.0
28542,9656,12,2,36.0,72.0
28543,9656,24,2,24.0,48.0
28544,9656,33,1,14.0,14.0
28545,9656,26,1,42.0,42.0
28546,9656,11,1,33.0,33.0
28547,9657,7,2,36.0,72.0
28548,9657,2,1,34.0,34.0
28549,9657,30,2,38.0,76.0
28550,9658,23,3,18.0,54.0
28551,9658,8,2,24.0,48.0
28552,9659,3,1,42.0,42.0
28553,9659,30,2,38.0,76.0
28554,9659,2,2,34.0,68.0
28555,9660,12,2,36.0,72.0
28556,9661,5,1,30.0,30.0
28557,9661,8,2,24.0,48.0
28558,9661,28,1,34.0,34.0
28559,9662,11,1,33.0,33.0
28560,9662,23,3,18.0,54.0
28561,9662,6,3,38.0,114.0
28562,9662,12,2,36.0,72.0
28563,9662,3,2,42.0,84.0
28564,9662,35,3,9.0,27.0
28565,9663,5,2,30.0,60.0
28566,9663,9,3,35.0,105.0
28567,9664,7,2,36.0,72.0
28568,9665,2,1,34.0,34.0
28569,9665,28,2,34.0,68.0
28570,9666,12,1,36.0,36.0
28571,9666,7,1,36.0,36.0
28572,9666,4,1,22.0,22.0
28573,9667,40,1,10.0,10.0
28574,9667,3,1,42.0,42.0
28575,9667,28,1,34.0,34.0
28576,9668,10,2,32.0,64.0
28577,9668,3,1,42.0,42.0
28578,9669,23,2,18.0,36.0
28579,9669,37,2,18.0,36.0
28580,9669,2,1,34.0,34.0
28581,9669,3,3,42.0,126.0
28582,9670,6,2,38.0,76.0
28583,9670,14,1,45.0,45.0
28584,9671,28,1,34.0,34.0
28585,9672,2,2,34.0,68.0
28586,9672,6,1,38.0,38.0
28587,9672,8,2,24.0,48.0
28588,9673,3,1,42.0,42.0
28589,9673,7,2,36.0,72.0
28590,9673,13,2,28.0,56.0
28591,9674,3,3,42.0,126.0
28592,9675,37,1,18.0,18.0
28593,9675,28,1,34.0,34.0
28594,9675,7,1,36.0,36.0
28595,9676,36,3,6.0,18.0
28596,9677,8,2,24.0,48.0
28597,9677,29,1,44.0,44.0
28598,9678,22,2,22.0,44.0
28599,9678,6,1,38.0,38.0
28600,9678,16,1,32.0,32.0
28601,9678,4,1,22.0,22.0
28602,9679,35,2,9.0,18.0
28603,9679,17,1,26.0,26.0
28604,9679,13,1,28.0,28.0
28605,9679,8,2,24.0,48.0
28606,9679,3,2,42.0,84.0
28607,9679,9,3,35.0,105.0
28608,9680,12,1,36.0,36.0
28609,9681,24,1,24.0,24.0
28610,9681,27,3,25.0,75.0
28611,9682,8,1,24.0,24.0
28612,9682,7,1,36.0,36.0
28613,9682,31,2,36.0,72.0
28614,9682,28,1,34.0,34.0
28615,9683,3,1,42.0,42.0
28616,9683,19,1,18.0,18.0
28617,9684,27,3,25.0,75.0
28618,9684,39,1,8.0,8.0
28619,9684,1,1,28.0,28.0
28620,9685,16,1,32.0,32.0
28621,9685,15,2,30.0,60.0
28622,9685,22,2,22.0,44.0
28623,9685,19,1,18.0,18.0
28624,9685,28,1,34.0,34.0
28625,9686,13,2,28.0,56.0
28626,9686,7,2,36.0,72.0
28627,9686,8,2,24.0,48.0
28628,9687,6,1,38.0,38.0
28629,9687,3,1,42.0,42.0
28630,9687,23,2,18.0,36.0
28631,9687,8,1,24.0,24.0
28632,9688,22,2,22.0,44.0
28633,9688,2,1,34.0,34.0
28634,9689,25,2,26.0,52.0
28635,9689,32,2,37.0,74.0
28636,9689,35,1,9.0,9.0
28637,9689,1,2,28.0,56.0
28638,9690,18,1,38.0,38.0
28639,9691,37,1,18.0,18.0
28640,9691,1,1,28.0,28.0
28641,9692,13,2,28.0,56.0
28642,9692,14,1,45.0,45.0
28643,9692,19,1,18.0,18.0
28644,9692,27,3,25.0,75.0
28645,9692,8,3,24.0,72.0
28646,9693,14,3,45.0,135.0
28647,9693,6,1,38.0,38.0
28648,9693,27,1,25.0,25.0
28649,9693,5,3,30.0,90.0
28650,9694,3,1,42.0,42.0
28651,9694,8,1,24.0,24.0
28652,9694,36,1,6.0,6.0
28653,9695,10,1,32.0,32.0
28654,9695,29,2,44.0,88.0
28655,9696,16,1,32.0,32.0
28656,9696,28,2,34.0,68.0
28657,9696,2,1,34.0,34.0
28658,9696,24,1,24.0,24.0
28659,9696,32,1,37.0,37.0
28660,9696,18,1,38.0,38.0
28661,9697,13,1,28.0,28.0
28662,9697,3,2,42.0,84.0
28663,9697,29,1,44.0,44.0
28664,9698,1,1,28.0,28.0
28665,9698,2,1,34.0,34.0
28666,9698,13,3,28.0,84.0
28667,9698,19,1,18.0,18.0
28668,9699,3,1,42.0,42.0
28669,9699,34,1,10.0,10.0
28670,9699,2,1,34.0,34.0
28671,9699,12,2,36.0,72.0
28672,9700,14,1,45.0,45.0
28673,9700,2,1,34.0,34.0
28674,9700,16,3,32.0,96.0
28675,9700,7,2,36.0,72.0
28676,9701,5,2,30.0,60.0
28677,9701,27,2,25.0,50.0
28678,9702,22,1,22.0,22.0
28679,9702,36,1,6.0,6.0
28680,9702,33,1,14.0,14.0
28681,9702,14,2,45.0,90.0
28682,9702,5,1,30.0,30.0
28683,9703,3,2,42.0,84.0
28684,9703,13,1,28.0,28.0
28685,9703,19,2,18.0,36.0
28686,9704,36,3,6.0,18.0
28687,9705,8,2,24.0,48.0
28688,9705,17,1,26.0,26.0
28689,9705,15,1,30.0,30.0
28690,9705,5,2,30.0,60.0
28691,9705,27,3,25.0,75.0
28692,9706,8,1,24.0,24.0
28693,9706,13,1,28.0,28.0
28694,9706,3,1,42.0,42.0
28695,9706,7,1,36.0,36.0
28696,9707,9,1,35.0,35.0
28697,9707,33,1,14.0,14.0
28698,9707,28,1,34.0,34.0
28699,9707,13,1,28.0,28.0
28700,9708,37,3,18.0,54.0
28701,9708,14,1,45.0,45.0
28702,9709,30,1,38.0,38.0
28703,9709,6,1,38.0,38.0
28704,9710,18,1,38.0,38.0
28705,9710,23,3,18.0,54.0
28706,9711,6,1,38.0,38.0
28707,9711,7,1,36.0,36.0
28708,9711,5,1,30.0,30.0
28709,9711,18,1,38.0,38.0
28710,9712,13,2,28.0,56.0
28711,9712,38,1,12.0,12.0
28712,9713,34,1,10.0,10.0
28713,9713,15,1,30.0,30.0
28714,9713,6,1,38.0,38.0
28715,9714,15,2,30.0,60.0
28716,9715,33,1,14.0,14.0
28717,9715,22,1,22.0,22.0
28718,9715,12,1,36.0,36.0
28719,9715,7,1,36.0,36.0
28720,9716,6,1,38.0,38.0
28721,9716,36,2,6.0,12.0
28722,9717,1,1,28.0,28.0
28723,9717,23,2,18.0,36.0
28724,9717,25,2,26.0,52.0
28725,9717,2,2,34.0,68.0
28726,9717,10,1,32.0,32.0
28727,9718,3,2,42.0,84.0
28728,9718,36,1,6.0,6.0
28729,9718,12,1,36.0,36.0
28730,9719,26,1,42.0,42.0
28731,9720,8,1,24.0,24.0
28732,9720,15,1,30.0,30.0
28733,9720,29,1,44.0,44.0
28734,9720,7,2,36.0,72.0
28735,9721,33,3,14.0,42.0
28736,9721,37,2,18.0,36.0
28737,9721,16,1,32.0,32.0
28738,9721,23,1,18.0,18.0
28739,9721,5,1,30.0,30.0
28740,9722,14,1,45.0,45.0
28741,9722,2,1,34.0,34.0
28742,9722,37,2,18.0,36.0
28743,9722,23,3,18.0,54.0
28744,9723,8,1,24.0,24.0
28745,9723,12,1,36.0,36.0
28746,9724,10,1,32.0,32.0
28747,9724,7,1,36.0,36.0
28748,9724,5,1,30.0,30.0
28749,9725,6,1,38.0,38.0
28750,9725,7,1,36.0,36.0
28751,9725,1,1,28.0,28.0
28752,9726,12,2,36.0,72.0
28753,9727,22,1,22.0,22.0
28754,9727,32,1,37.0,37.0
28755,9727,15,1,30.0,30.0
28756,9728,27,1,25.0,25.0
28757,9728,32,1,37.0,37.0
28758,9728,16,2,32.0,64.0
28759,9729,12,1,36.0,36.0
28760,9729,40,2,10.0,20.0
28761,9729,10,1,32.0,32.0
28762,9729,28,2,34.0,68.0
28763,9729,7,1,36.0,36.0
28764,9730,23,1,18.0,18.0
28765,9730,3,1,42.0,42.0
28766,9731,24,1,24.0,24.0
28767,9731,4,2,22.0,44.0
28768,9731,17,1,26.0,26.0
28769,9732,13,1,28.0,28.0
28770,9732,28,1,34.0,34.0
28771,9732,1,1,28.0,28.0
28772,9733,3,3,42.0,126.0
28773,9733,36,1,6.0,6.0
28774,9733,5,1,30.0,30.0
28775,9733,4,1,22.0,22.0
28776,9733,14,3,45.0,135.0
28777,9734,7,1,36.0,36.0
28778,9734,5,2,30.0,60.0
28779,9734,15,3,30.0,90.0
28780,9734,22,2,22.0,44.0
28781,9735,6,1,38.0,38.0
28782,9735,30,2,38.0,76.0
28783,9735,1,1,28.0,28.0
28784,9736,14,1,45.0,45.0
28785,9737,5,2,30.0,60.0
28786,9737,11,1,33.0,33.0
28787,9738,10,1,32.0,32.0
28788,9738,7,1,36.0,36.0
28789,9739,7,1,36.0,36.0
28790,9739,31,1,36.0,36.0
28791,9739,32,2,37.0,74.0
28792,9739,37,1,18.0,18.0
28793,9740,4,1,22.0,22.0
28794,9740,30,2,38.0,76.0
28795,9741,32,2,37.0,74.0
28796,9741,28,2,34.0,68.0
28797,9742,17,3,26.0,78.0
28798,9743,33,2,14.0,28.0
28799,9744,35,1,9.0,9.0
28800,9744,1,2,28.0,56.0
28801,9744,8,1,24.0,24.0
28802,9744,30,1,38.0,38.0
28803,9745,31,2,36.0,72.0
28804,9745,11,1,33.0,33.0
28805,9745,12,1,36.0,36.0
28806,9746,9,1,35.0,35.0
28807,9746,28,1,34.0,34.0
28808,9747,13,1,28.0,28.0
28809,9747,6,1,38.0,38.0
28810,9747,5,3,30.0,90.0
28811,9747,20,2,16.0,32.0
28812,9747,14,1,45.0,45.0
28813,9748,39,2,8.0,16.0
28814,9748,5,1,30.0,30.0
28815,9749,2,1,34.0,34.0
28816,9749,37,2,18.0,36.0
28817,9749,7,2,36.0,72.0
28818,9749,8,3,24.0,72.0
28819,9750,10,2,32.0,64.0
28820,9750,21,1,20.0,20.0
28821,9750,31,1,36.0,36.0
28822,9751,17,2,26.0,52.0
28823,9752,5,3,30.0,90.0
28824,9752,24,1,24.0,24.0
28825,9752,15,1,30.0,30.0
28826,9753,14,2,45.0,90.0
28827,9753,2,1,34.0,34.0
28828,9753,20,1,16.0,16.0
28829,9753,31,1,36.0,36.0
28830,9753,1,2,28.0,56.0
28831,9753,33,3,14.0,42.0
28832,9754,8,2,24.0,48.0
28833,9754,33,1,14.0,14.0
28834,9755,22,1,22.0,22.0
28835,9755,17,1,26.0,26.0
28836,9756,7,3,36.0,108.0
28837,9756,37,1,18.0,18.0
28838,9756,3,1,42.0,42.0
28839,9757,24,1,24.0,24.0
28840,9757,39,3,8.0,24.0
28841,9757,8,1,24.0,24.0
28842,9757,5,2,30.0,60.0
28843,9758,16,2,32.0,64.0
28844,9758,37,1,18.0,18.0
28845,9758,40,3,10.0,30.0
28846,9759,3,3,42.0,126.0
28847,9759,15,1,30.0,30.0
28848,9760,5,3,30.0,90.0
28849,9760,16,1,32.0,32.0
28850,9761,17,1,26.0,26.0
28851,9761,2,1,34.0,34.0
28852,9761,34,1,10.0,10.0
28853,9761,1,1,28.0,28.0
28854,9761,7,1,36.0,36.0
28855,9761,15,2,30.0,60.0
28856,9762,13,1,28.0,28.0
28857,9762,34,1,10.0,10.0
28858,9763,10,2,32.0,64.0
28859,9763,8,1,24.0,24.0
28860,9763,33,1,14.0,14.0
28861,9764,15,1,30.0,30.0
28862,9764,29,1,44.0,44.0
28863,9765,6,1,38.0,38.0
28864,9765,12,1,36.0,36.0
28865,9766,10,2,32.0,64.0
28866,9766,21,1,20.0,20.0
28867,9766,18,1,38.0,38.0
28868,9766,3,2,42.0,84.0
28869,9767,11,2,33.0,66.0
28870,9767,36,2,6.0,12.0
28871,9767,18,1,38.0,38.0
28872,9768,23,1,18.0,18.0
28873,9769,3,1,42.0,42.0
28874,9769,16,2,32.0,64.0
28875,9769,5,1,30.0,30.0
28876,9770,10,3,32.0,96.0
28877,9770,37,1,18.0,18.0
28878,9770,16,1,32.0,32.0
28879,9770,6,1,38.0,38.0
28880,9770,8,1,24.0,24.0
28881,9771,2,1,34.0,34.0
28882,9771,7,2,36.0,72.0
28883,9772,7,2,36.0,72.0
28884,9772,33,1,14.0,14.0
28885,9772,8,1,24.0,24.0
28886,9772,34,1,10.0,10.0
28887,9773,6,1,38.0,38.0
28888,9773,11,2,33.0,66.0
28889,9774,12,3,36.0,108.0
28890,9774,7,2,36.0,72.0
28891,9774,27,2,25.0,50.0
28892,9775,7,1,36.0,36.0
28893,9775,8,1,24.0,24.0
28894,9776,7,2,36.0,72.0
28895,9776,6,1,38.0,38.0
28896,9776,15,2,30.0,60.0
28897,9776,14,1,45.0,45.0
28898,9776,5,1,30.0,30.0
28899,9777,3,1,42.0,42.0
28900,9777,2,1,34.0,34.0
28901,9777,30,3,38.0,114.0
28902,9778,7,1,36.0,36.0
28903,9779,35,1,9.0,9.0
28904,9779,2,1,34.0,34.0
28905,9780,9,1,35.0,35.0
28906,9780,16,1,32.0,32.0
28907,9780,2,1,34.0,34.0
28908,9781,7,2,36.0,72.0
28909,9781,1,2,28.0,56.0
28910,9782,35,1,9.0,9.0
28911,9782,40,1,10.0,10.0
28912,9782,29,1,44.0,44.0
28913,9783,5,1,30.0,30.0
28914,9783,16,2,32.0,64.0
28915,9783,21,3,20.0,60.0
28916,9783,36,2,6.0,12.0
28917,9784,10,1,32.0,32.0
28918,9784,6,1,38.0,38.0
28919,9785,19,1,18.0,18.0
28920,9785,2,2,34.0,68.0
28921,9786,31,2,36.0,72.0
28922,9787,16,1,32.0,32.0
28923,9787,4,1,22.0,22.0
28924,9787,6,3,38.0,114.0
28925,9788,4,1,22.0,22.0
28926,9788,6,3,38.0,114.0
28927,9788,7,1,36.0,36.0
28928,9789,2,1,34.0,34.0
28929,9789,10,1,32.0,32.0
28930,9789,31,2,36.0,72.0
28931,9790,2,1,34.0,34.0
28932,9790,1,1,28.0,28.0
28933,9790,6,2,38.0,76.0
28934,9791,4,1,22.0,22.0
28935,9791,11,1,33.0,33.0
28936,9792,8,1,24.0,24.0
28937,9792,21,1,20.0,20.0
28938,9792,7,1,36.0,36.0
28939,9792,13,1,28.0,28.0
28940,9793,2,1,34.0,34.0
28941,9793,14,1,45.0,45.0
28942,9793,15,1,30.0,30.0
28943,9794,8,1,24.0,24.0
28944,9794,18,2,38.0,76.0
28945,9794,9,1,35.0,35.0
28946,9795,37,1,18.0,18.0
28947,9795,4,3,22.0,66.0
28948,9796,30,1,38.0,38.0
28949,9796,34,1,10.0,10.0
28950,9796,7,1,36.0,36.0
28951,9797,14,2,45.0,90.0
28952,9797,17,2,26.0,52.0
28953,9798,33,1,14.0,14.0
28954,9798,7,1,36.0,36.0
28955,9798,4,3,22.0,66.0
28956,9799,6,1,38.0,38.0
28957,9799,40,1,10.0,10.0
28958,9800,31,1,36.0,36.0
28959,9800,23,1,18.0,18.0
28960,9801,28,1,34.0,34.0
28961,9802,7,1,36.0,36.0
28962,9803,20,1,16.0,16.0
28963,9803,16,1,32.0,32.0
28964,9803,30,1,38.0,38.0
28965,9804,5,2,30.0,60.0
28966,9804,20,1,16.0,16.0
28967,9804,4,2,22.0,44.0
28968,9804,2,1,34.0,34.0
28969,9805,1,2,28.0,56.0
28970,9805,15,1,30.0,30.0
28971,9805,3,1,42.0,42.0
28972,9805,6,1,38.0,38.0
28973,9805,37,1,18.0,18.0
28974,9806,29,1,44.0,44.0
28975,9807,34,1,10.0,10.0
28976,9807,37,1,18.0,18.0
28977,9807,30,1,38.0,38.0
28978,9807,38,2,12.0,24.0
28979,9808,1,1,28.0,28.0
28980,9808,6,1,38.0,38.0
28981,9808,25,1,26.0,26.0
28982,9809,15,1,30.0,30.0
28983,9809,16,1,32.0,32.0
28984,9810,2,1,34.0,34.0
28985,9810,15,1,30.0,30.0
28986,9811,7,2,36.0,72.0
28987,9812,3,3,42.0,126.0
28988,9812,19,2,18.0,36.0
28989,9812,24,1,24.0,24.0
28990,9812,26,1,42.0,42.0
28991,9813,5,1,30.0,30.0
28992,9813,36,1,6.0,6.0
28993,9813,33,2,14.0,28.0
28994,9813,31,1,36.0,36.0
28995,9814,19,1,18.0,18.0
28996,9815,1,1,28.0,28.0
28997,9815,29,2,44.0,88.0
28998,9816,23,2,18.0,36.0
28999,9816,18,2,38.0,76.0
29000,9816,22,1,22.0,22.0
29001,9816,33,1,14.0,14.0
29002,9816,24,1,24.0,24.0
29003,9817,18,1,38.0,38.0
29004,9817,33,1,14.0,14.0
29005,9817,12,2,36.0,72.0
29006,9817,35,1,9.0,9.0
29007,9817,30,1,38.0,38.0
29008,9817,36,1,6.0,6.0
29009,9818,37,3,18.0,54.0
29010,9818,7,1,36.0,36.0
29011,9819,8,1,24.0,24.0
29012,9819,35,1,9.0,9.0
29013,9819,37,1,18.0,18.0
29014,9819,14,1,45.0,45.0
29015,9819,7,1,36.0,36.0
29016,9820,10,1,32.0,32.0
29017,9821,8,2,24.0,48.0
29018,9821,3,2,42.0,84.0
29019,9822,5,2,30.0,60.0
29020,9822,24,2,24.0,48.0
29021,9823,40,2,10.0,20.0
29022,9823,3,2,42.0,84.0
29023,9824,30,1,38.0,38.0
29024,9824,15,2,30.0,60.0
29025,9825,18,1,38.0,38.0
29026,9825,39,3,8.0,24.0
29027,9825,7,1,36.0,36.0
29028,9826,36,1,6.0,6.0
29029,9826,18,1,38.0,38.0
29030,9826,13,1,28.0,28.0
29031,9826,7,2,36.0,72.0
29032,9826,23,1,18.0,18.0
29033,9827,16,1,32.0,32.0
29034,9827,27,1,25.0,25.0
29035,9827,37,2,18.0,36.0
29036,9828,1,1,28.0,28.0
29037,9828,30,1,38.0,38.0
29038,9828,26,1,42.0,42.0
29039,9829,21,2,20.0,40.0
29040,9829,2,2,34.0,68.0
29041,9829,5,1,30.0,30.0
29042,9830,5,1,30.0,30.0
29043,9831,5,1,30.0,30.0
29044,9831,1,1,28.0,28.0
29045,9831,23,1,18.0,18.0
29046,9831,2,2,34.0,68.0
29047,9831,7,1,36.0,36.0
29048,9832,36,1,6.0,6.0
29049,9832,17,1,26.0,26.0
29050,9832,39,1,8.0,8.0
29051,9832,11,3,33.0,99.0
29052,9832,2,1,34.0,34.0
29053,9832,27,1,25.0,25.0
29054,9833,6,1,38.0,38.0
29055,9833,2,1,34.0,34.0
29056,9834,6,1,38.0,38.0
29057,9834,7,1,36.0,36.0
29058,9835,7,1,36.0,36.0
29059,9835,34,1,10.0,10.0
29060,9835,30,2,38.0,76.0
29061,9836,7,3,36.0,108.0
29062,9836,8,1,24.0,24.0
29063,9836,12,2,36.0,72.0
29064,9836,11,2,33.0,66.0
29065,9836,5,1,30.0,30.0
29066,9836,25,1,26.0,26.0
29067,9837,5,3,30.0,90.0
29068,9837,27,1,25.0,25.0
29069,9837,16,1,32.0,32.0
29070,9837,2,2,34.0,68.0
29071,9837,8,1,24.0,24.0
29072,9837,6,1,38.0,38.0
29073,9838,30,1,38.0,38.0
29074,9838,22,1,22.0,22.0
29075,9838,13,3,28.0,84.0
29076,9838,7,2,36.0,72.0
29077,9838,8,1,24.0,24.0
29078,9839,6,2,38.0,76.0
29079,9839,16,1,32.0,32.0
29080,9839,1,1,28.0,28.0
29081,9839,39,1,8.0,8.0
29082,9839,35,1,9.0,9.0
29083,9840,2,3,34.0,102.0
29084,9840,5,1,30.0,30.0
29085,9841,4,3,22.0,66.0
29086,9841,6,2,38.0,76.0
29087,9841,24,1,24.0,24.0
29088,9841,28,1,34.0,34.0
29089,9842,36,2,6.0,12.0
29090,9842,7,1,36.0,36.0
29091,9842,14,2,45.0,90.0
29092,9843,8,3,24.0,72.0
29093,9843,9,2,35.0,70.0
29094,9844,10,1,32.0,32.0
29095,9844,16,1,32.0,32.0
29096,9845,21,1,20.0,20.0
29097,9845,28,2,34.0,68.0
29098,9846,33,1,14.0,14.0
29099,9846,10,1,32.0,32.0
29100,9847,23,2,18.0,36.0
29101,9847,24,2,24.0,48.0
29102,9847,13,1,28.0,28.0
29103,9847,37,2,18.0,36.0
29104,9847,2,1,34.0,34.0
29105,9848,7,2,36.0,72.0
29106,9848,14,1,45.0,45.0
29107,9849,27,2,25.0,50.0
29108,9850,15,1,30.0,30.0
29109,9850,2,2,34.0,68.0
29110,9850,30,1,38.0,38.0
29111,9851,24,1,24.0,24.0
29112,9851,25,1,26.0,26.0
29113,9852,29,2,44.0,88.0
29114,9852,8,3,24.0,72.0
29115,9853,2,3,34.0,102.0
29116,9853,3,2,42.0,84.0
29117,9853,12,3,36.0,108.0
29118,9853,26,1,42.0,42.0
29119,9853,33,2,14.0,28.0
29120,9854,2,1,34.0,34.0
29121,9854,8,2,24.0,48.0
29122,9854,7,1,36.0,36.0
29123,9854,33,1,14.0,14.0
29124,9855,11,1,33.0,33.0
29125,9855,7,1,36.0,36.0
29126,9855,13,3,28.0,84.0
29127,9855,21,1,20.0,20.0
29128,9855,37,3,18.0,54.0
29129,9856,7,1,36.0,36.0
29130,9856,30,2,38.0,76.0
29131,9857,14,2,45.0,90.0
29132,9857,10,1,32.0,32.0
29133,9857,39,1,8.0,8.0
29134,9857,25,1,26.0,26.0
29135,9858,2,1,34.0,34.0
29136,9859,26,1,42.0,42.0
29137,9859,12,2,36.0,72.0
29138,9860,16,2,32.0,64.0
29139,9860,2,1,34.0,34.0
29140,9860,8,1,24.0,24.0
29141,9861,12,1,36.0,36.0
29142,9861,8,3,24.0,72.0
29143,9861,7,2,36.0,72.0
29144,9861,3,2,42.0,84.0
29145,9861,15,1,30.0,30.0
29146,9862,11,3,33.0,99.0
29147,9862,1,1,28.0,28.0
29148,9862,10,1,32.0,32.0
29149,9862,8,1,24.0,24.0
29150,9862,23,1,18.0,18.0
29151,9863,13,1,28.0,28.0
29152,9863,33,1,14.0,14.0
29153,9863,1,2,28.0,56.0
29154,9864,25,1,26.0,26.0
29155,9864,13,2,28.0,56.0
29156,9865,8,1,24.0,24.0
29157,9865,37,1,18.0,18.0
29158,9865,10,2,32.0,64.0
29159,9865,7,3,36.0,108.0
29160,9866,8,2,24.0,48.0
29161,9867,23,1,18.0,18.0
29162,9867,34,2,10.0,20.0
29163,9867,2,1,34.0,34.0
29164,9867,5,1,30.0,30.0
29165,9867,39,1,8.0,8.0
29166,9867,27,2,25.0,50.0
29167,9868,35,2,9.0,18.0
29168,9868,2,1,34.0,34.0
29169,9868,1,3,28.0,84.0
29170,9869,36,1,6.0,6.0
29171,9869,19,3,18.0,54.0
29172,9870,5,1,30.0,30.0
29173,9870,2,1,34.0,34.0
29174,9870,29,2,44.0,88.0
29175,9871,8,1,24.0,24.0
29176,9871,39,1,8.0,8.0
29177,9871,37,1,18.0,18.0
29178,9871,7,2,36.0,72.0
29179,9871,15,1,30.0,30.0
29180,9871,1,2,28.0,56.0
29181,9872,31,1,36.0,36.0
29182,9872,19,2,18.0,36.0
29183,9873,39,1,8.0,8.0
29184,9873,25,1,26.0,26.0
29185,9873,23,1,18.0,18.0
29186,9874,4,2,22.0,44.0
29187,9874,7,3,36.0,108.0
29188,9875,23,1,18.0,18.0
29189,9875,14,1,45.0,45.0
29190,9875,21,2,20.0,40.0
29191,9876,36,1,6.0,6.0
29192,9876,14,2,45.0,90.0
29193,9877,5,1,30.0,30.0
29194,9877,1,3,28.0,84.0
29195,9878,16,1,32.0,32.0
29196,9878,8,2,24.0,48.0
29197,9878,25,2,26.0,52.0
29198,9879,35,1,9.0,9.0
29199,9879,6,1,38.0,38.0
29200,9880,1,1,28.0,28.0
29201,9880,14,1,45.0,45.0
29202,9880,15,1,30.0,30.0
29203,9880,37,1,18.0,18.0
29204,9881,19,1,18.0,18.0
29205,9881,28,2,34.0,68.0
29206,9881,22,1,22.0,22.0
29207,9881,16,1,32.0,32.0
29208,9882,15,3,30.0,90.0
29209,9882,6,1,38.0,38.0
29210,9882,1,1,28.0,28.0
29211,9882,20,3,16.0,48.0
29212,9883,29,2,44.0,88.0
29213,9883,35,2,9.0,18.0
29214,9884,1,2,28.0,56.0
29215,9884,5,2,30.0,60.0
29216,9884,8,1,24.0,24.0
29217,9884,12,1,36.0,36.0
29218,9884,34,1,10.0,10.0
29219,9884,6,1,38.0,38.0
29220,9885,7,2,36.0,72.0
29221,9886,3,2,42.0,84.0
29222,9886,1,1,28.0,28.0
29223,9887,7,2,36.0,72.0
29224,9887,31,1,36.0,36.0
29225,9888,26,2,42.0,84.0
29226,9888,6,1,38.0,38.0
29227,9888,37,3,18.0,54.0
29228,9889,26,1,42.0,42.0
29229,9889,7,2,36.0,72.0
29230,9889,8,1,24.0,24.0
29231,9890,38,2,12.0,24.0
29232,9890,13,1,28.0,28.0
29233,9890,29,1,44.0,44.0
29234,9890,3,1,42.0,42.0
29235,9891,7,1,36.0,36.0
29236,9891,8,1,24.0,24.0
29237,9892,2,2,34.0,68.0
29238,9892,7,1,36.0,36.0
29239,9892,10,1,32.0,32.0
29240,9893,7,1,36.0,36.0
29241,9894,13,2,28.0,56.0
29242,9894,10,3,32.0,96.0
29243,9894,16,2,32.0,64.0
29244,9894,25,1,26.0,26.0
29245,9894,21,2,20.0,40.0
29246,9894,34,1,10.0,10.0
29247,9895,17,2,26.0,52.0
29248,9895,27,1,25.0,25.0
29249,9895,16,1,32.0,32.0
29250,9896,35,3,9.0,27.0
29251,9897,18,3,38.0,114.0
29252,9897,21,1,20.0,20.0
29253,9898,31,1,36.0,36.0
29254,9898,37,1,18.0,18.0
29255,9898,32,1,37.0,37.0
29256,9899,23,2,18.0,36.0
29257,9899,33,1,14.0,14.0
29258,9899,4,1,22.0,22.0
29259,9900,15,1,30.0,30.0
29260,9900,24,1,24.0,24.0
29261,9901,19,1,18.0,18.0
29262,9902,20,1,16.0,16.0
29263,9903,16,2,32.0,64.0
29264,9903,2,1,34.0,34.0
29265,9903,1,1,28.0,28.0
29266,9903,29,3,44.0,132.0
29267,9903,35,2,9.0,18.0
29268,9904,16,1,32.0,32.0
29269,9904,28,1,34.0,34.0
29270,9904,32,1,37.0,37.0
29271,9905,3,1,42.0,42.0
29272,9905,8,1,24.0,24.0
29273,9905,26,1,42.0,42.0
29274,9906,5,2,30.0,60.0
29275,9906,4,1,22.0,22.0
29276,9906,9,3,35.0,105.0
29277,9907,4,2,22.0,44.0
29278,9907,20,1,16.0,16.0
29279,9907,2,1,34.0,34.0
29280,9908,26,1,42.0,42.0
29281,9908,10,1,32.0,32.0
29282,9909,1,3,28.0,84.0
29283,9909,10,1,32.0,32.0
29284,9910,20,1,16.0,16.0
29285,9910,36,1,6.0,6.0
29286,9910,22,2,22.0,44.0
29287,9911,5,1,30.0,30.0
29288,9912,39,1,8.0,8.0
29289,9912,34,1,10.0,10.0
29290,9912,6,1,38.0,38.0
29291,9912,40,1,10.0,10.0
29292,9912,33,1,14.0,14.0
29293,9913,1,1,28.0,28.0
29294,9913,5,1,30.0,30.0
29295,9913,12,1,36.0,36.0
29296,9914,36,1,6.0,6.0
29297,9914,6,2,38.0,76.0
29298,9915,6,1,38.0,38.0
29299,9915,9,2,35.0,70.0
29300,9915,20,2,16.0,32.0
29301,9915,33,2,14.0,28.0
29302,9915,4,1,22.0,22.0
29303,9916,7,1,36.0,36.0
29304,9916,20,1,16.0,16.0
29305,9916,28,1,34.0,34.0
29306,9916,33,1,14.0,14.0
29307,9916,34,2,10.0,20.0
29308,9916,4,1,22.0,22.0
29309,9917,23,1,18.0,18.0
29310,9917,14,1,45.0,45.0
29311,9917,12,1,36.0,36.0
29312,9917,36,2,6.0,12.0
29313,9918,4,1,22.0,22.0
29314,9918,8,1,24.0,24.0
29315,9918,26,1,42.0,42.0
29316,9919,14,1,45.0,45.0
29317,9920,11,1,33.0,33.0
29318,9920,2,3,34.0,102.0
29319,9920,40,1,10.0,10.0
29320,9921,13,1,28.0,28.0
29321,9921,18,1,38.0,38.0
29322,9921,4,1,22.0,22.0
29323,9921,23,1,18.0,18.0
29324,9922,8,2,24.0,48.0
29325,9922,5,2,30.0,60.0
29326,9922,22,1,22.0,22.0
29327,9922,2,1,34.0,34.0
29328,9923,18,1,38.0,38.0
29329,9924,26,3,42.0,126.0
29330,9924,8,1,24.0,24.0
29331,9924,24,1,24.0,24.0
29332,9925,4,3,22.0,66.0
29333,9925,3,1,42.0,42.0
29334,9926,40,1,10.0,10.0
29335,9926,10,1,32.0,32.0
29336,9927,32,1,37.0,37.0
29337,9927,18,2,38.0,76.0
29338,9927,7,1,36.0,36.0
29339,9928,35,1,9.0,9.0
29340,9928,31,1,36.0,36.0
29341,9928,3,1,42.0,42.0
29342,9928,12,2,36.0,72.0
29343,9929,28,2,34.0,68.0
29344,9929,33,1,14.0,14.0
29345,9930,25,1,26.0,26.0
29346,9930,33,1,14.0,14.0
29347,9930,14,1,45.0,45.0
29348,9930,8,2,24.0,48.0
29349,9930,6,1,38.0,38.0
29350,9931,12,1,36.0,36.0
29351,9931,9,3,35.0,105.0
29352,9932,5,1,30.0,30.0
29353,9932,33,2,14.0,28.0
29354,9932,14,1,45.0,45.0
29355,9933,7,1,36.0,36.0
29356,9933,4,1,22.0,22.0
29357,9933,32,2,37.0,74.0
29358,9933,15,2,30.0,60.0
29359,9933,30,1,38.0,38.0
29360,9934,7,3,36.0,108.0
29361,9934,1,1,28.0,28.0
29362,9934,32,1,37.0,37.0
29363,9934,12,1,36.0,36.0
29364,9934,35,2,9.0,18.0
29365,9934,3,2,42.0,84.0
29366,9935,5,1,30.0,30.0
29367,9935,30,1,38.0,38.0
29368,9936,7,3,36.0,108.0
29369,9936,2,1,34.0,34.0
29370,9937,30,1,38.0,38.0
29371,9937,9,1,35.0,35.0
29372,9937,26,2,42.0,84.0
29373,9938,3,1,42.0,42.0
29374,9939,8,1,24.0,24.0
29375,9939,36,1,6.0,6.0
29376,9939,7,1,36.0,36.0
29377,9939,10,1,32.0,32.0
29378,9940,6,2,38.0,76.0
29379,9940,27,1,25.0,25.0
29380,9940,12,1,36.0,36.0
29381,9940,29,1,44.0,44.0
29382,9940,8,1,24.0,24.0
29383,9940,30,2,38.0,76.0
29384,9941,25,1,26.0,26.0
29385,9941,20,1,16.0,16.0
29386,9941,14,2,45.0,90.0
29387,9942,1,2,28.0,56.0
29388,9942,4,3,22.0,66.0
29389,9942,3,2,42.0,84.0
29390,9943,37,1,18.0,18.0
29391,9943,29,1,44.0,44.0
29392,9943,30,2,38.0,76.0
29393,9943,32,3,37.0,111.0
29394,9944,8,3,24.0,72.0
29395,9944,6,1,38.0,38.0
29396,9944,20,1,16.0,16.0
29397,9945,9,1,35.0,35.0
29398,9946,11,1,33.0,33.0
29399,9946,22,3,22.0,66.0
29400,9946,5,2,30.0,60.0
29401,9947,13,1,28.0,28.0
29402,9947,14,1,45.0,45.0
29403,9948,37,1,18.0,18.0
29404,9948,8,1,24.0,24.0
29405,9949,23,1,18.0,18.0
29406,9949,4,1,22.0,22.0
29407,9949,32,2,37.0,74.0
29408,9949,7,1,36.0,36.0
29409,9950,5,1,30.0,30.0
29410,9950,11,1,33.0,33.0
29411,9951,3,1,42.0,42.0
29412,9951,5,1,30.0,30.0
29413,9951,17,3,26.0,78.0
29414,9952,36,2,6.0,12.0
29415,9952,19,1,18.0,18.0
29416,9953,26,1,42.0,42.0
29417,9953,20,1,16.0,16.0
29418,9954,3,1,42.0,42.0
29419,9954,1,2,28.0,56.0
29420,9954,6,2,38.0,76.0
29421,9954,9,1,35.0,35.0
29422,9954,33,1,14.0,14.0
29423,9955,4,1,22.0,22.0
29424,9955,27,1,25.0,25.0
29425,9955,24,2,24.0,48.0
29426,9955,9,1,35.0,35.0
29427,9955,7,2,36.0,72.0
29428,9955,8,3,24.0,72.0
29429,9956,28,3,34.0,102.0
29430,9956,3,1,42.0,42.0
29431,9956,5,2,30.0,60.0
29432,9956,18,1,38.0,38.0
29433,9957,20,1,16.0,16.0
29434,9957,37,1,18.0,18.0
29435,9957,4,1,22.0,22.0
29436,9957,10,2,32.0,64.0
29437,9958,13,1,28.0,28.0
29438,9958,10,1,32.0,32.0
29439,9958,27,2,25.0,50.0
29440,9959,30,2,38.0,76.0
29441,9959,8,2,24.0,48.0
29442,9959,25,1,26.0,26.0
29443,9960,33,1,14.0,14.0
29444,9960,1,1,28.0,28.0
29445,9960,7,3,36.0,108.0
29446,9960,32,1,37.0,37.0
29447,9961,5,2,30.0,60.0
29448,9961,4,1,22.0,22.0
29449,9962,3,1,42.0,42.0
29450,9962,8,1,24.0,24.0
29451,9963,3,1,42.0,42.0
29452,9963,7,1,36.0,36.0
29453,9964,36,3,6.0,18.0
29454,9964,6,3,38.0,114.0
29455,9965,6,2,38.0,76.0
29456,9966,6,1,38.0,38.0
29457,9967,6,1,38.0,38.0
29458,9967,40,2,10.0,20.0
29459,9968,7,2,36.0,72.0
29460,9968,29,3,44.0,132.0
29461,9968,26,1,42.0,42.0
29462,9968,33,1,14.0,14.0
29463,9969,29,3,44.0,132.0
29464,9969,32,1,37.0,37.0
29465,9969,15,2,30.0,60.0
29466,9970,2,3,34.0,102.0
29467,9970,8,1,24.0,24.0
29468,9970,37,1,18.0,18.0
29469,9970,1,1,28.0,28.0
29470,9970,10,1,32.0,32.0
29471,9971,8,1,24.0,24.0
29472,9971,5,2,30.0,60.0
29473,9972,5,2,30.0,60.0
29474,9973,38,1,12.0,12.0
29475,9973,39,1,8.0,8.0
29476,9973,12,2,36.0,72.0
29477,9973,36,3,6.0,18.0
29478,9973,6,1,38.0,38.0
29479,9974,13,1,28.0,28.0
29480,9974,17,1,26.0,26.0
29481,9974,18,1,38.0,38.0
29482,9974,5,3,30.0,90.0
29483,9975,7,1,36.0,36.0
29484,9975,39,1,8.0,8.0
29485,9975,6,1,38.0,38.0
29486,9975,11,1,33.0,33.0
29487,9976,4,3,22.0,66.0
29488,9976,3,2,42.0,84.0
29489,9976,6,1,38.0,38.0
29490,9977,5,2,30.0,60.0
29491,9977,12,1,36.0,36.0
29492,9977,15,1,30.0,30.0
29493,9977,38,2,12.0,24.0
29494,9978,24,1,24.0,24.0
29495,9979,22,1,22.0,22.0
29496,9979,25,2,26.0,52.0
29497,9979,5,1,30.0,30.0
29498,9979,7,1,36.0,36.0
29499,9979,6,2,38.0,76.0
29500,9980,17,1,26.0,26.0
29501,9980,12,1,36.0,36.0
29502,9980,13,2,28.0,56.0
29503,9980,9,3,35.0,105.0
29504,9981,23,2,18.0,36.0
29505,9981,17,2,26.0,52.0
29506,9982,22,1,22.0,22.0
29507,9982,4,1,22.0,22.0
29508,9983,6,1,38.0,38.0
29509,9983,34,1,10.0,10.0
29510,9983,2,2,34.0,68.0
29511,9984,25,3,26.0,78.0
29512,9984,4,1,22.0,22.0
29513,9984,6,3,38.0,114.0
29514,9985,1,1,28.0,28.0
29515,9985,20,1,16.0,16.0
29516,9985,29,1,44.0,44.0
29517,9985,37,1,18.0,18.0
29518,9986,7,2,36.0,72.0
29519,9986,8,1,24.0,24.0
29520,9986,14,1,45.0,45.0
29521,9987,12,2,36.0,72.0
29522,9987,6,1,38.0,38.0
29523,9987,3,1,42.0,42.0
29524,9987,7,3,36.0,108.0
29525,9988,39,2,8.0,16.0
29526,9988,14,1,45.0,45.0
29527,9988,13,1,28.0,28.0
29528,9989,5,2,30.0,60.0
29529,9989,18,1,38.0,38.0
29530,9990,29,1,44.0,44.0
29531,9990,39,2,8.0,16.0
29532,9991,10,1,32.0,32.0
29533,9991,9,2,35.0,70.0
29534,9992,26,1,42.0,42.0
29535,9992,24,1,24.0,24.0
29536,9992,30,2,38.0,76.0
29537,9992,2,1,34.0,34.0
29538,9993,39,1,8.0,8.0
29539,9993,11,1,33.0,33.0
29540,9993,6,1,38.0,38.0
29541,9993,8,2,24.0,48.0
29542,9993,14,1,45.0,45.0
29543,9993,18,2,38.0,76.0
29544,9994,30,1,38.0,38.0
29545,9994,22,1,22.0,22.0
29546,9994,23,1,18.0,18.0
29547,9994,12,1,36.0,36.0
29548,9994,27,1,25.0,25.0
29549,9994,32,1,37.0,37.0
29550,9995,10,3,32.0,96.0
29551,9996,37,1,18.0,18.0
29552,9996,8,1,24.0,24.0
29553,9997,8,2,24.0,48.0
29554,9997,27,1,25.0,25.0
29555,9998,22,1,22.0,22.0
29556,9999,12,2,36.0,72.0
29557,9999,25,2,26.0,52.0
29558,9999,36,3,6.0,18.0
29559,9999,8,2,24.0,48.0
29560,9999,26,1,42.0,42.0
29561,10000,17,1,26.0,26.0
29562,10000,18,1,38.0,38.0
29563,10000,10,2,32.0,64.0
29564,10001,8,2,24.0,48.0
29565,10002,1,2,28.0,56.0
29566,10003,28,3,34.0,102.0
29567,10003,14,1,45.0,45.0
29568,10004,27,1,25.0,25.0
29569,10004,16,2,32.0,64.0
29570,10004,8,2,24.0,48.0
29571,10005,12,1,36.0,36.0
29572,10005,16,1,32.0,32.0
29573,10006,7,1,36.0,36.0
29574,10006,37,1,18.0,18.0
29575,10006,28,2,34.0,68.0
29576,10007,13,2,28.0,56.0
29577,10007,23,2,18.0,36.0
29578,10007,6,1,38.0,38.0
29579,10007,2,1,34.0,34.0
29580,10007,1,2,28.0,56.0
29581,10008,14,1,45.0,45.0
29582,10008,37,3,18.0,54.0
29583,10008,27,2,25.0,50.0
29584,10008,17,1,26.0,26.0
29585,10009,8,1,24.0,24.0
29586,10009,32,1,37.0,37.0
29587,10010,1,1,28.0,28.0
29588,10010,5,2,30.0,60.0
29589,10010,11,1,33.0,33.0
29590,10011,1,1,28.0,28.0
29591,10011,7,1,36.0,36.0
29592,10011,23,3,18.0,54.0
29593,10011,14,1,45.0,45.0
29594,10012,17,1,26.0,26.0
29595,10012,9,1,35.0,35.0
29596,10012,38,1,12.0,12.0
29597,10013,21,2,20.0,40.0
29598,10014,2,1,34.0,34.0
29599,10014,3,1,42.0,42.0
29600,10015,7,2,36.0,72.0
29601,10015,5,1,30.0,30.0
29602,10015,27,2,25.0,50.0
29603,10016,19,3,18.0,54.0
29604,10016,3,1,42.0,42.0
29605,10017,20,1,16.0,16.0
29606,10017,23,1,18.0,18.0
29607,10018,24,2,24.0,48.0
29608,10018,8,1,24.0,24.0
29609,10018,22,2,22.0,44.0
29610,10018,23,1,18.0,18.0
29611,10018,25,1,26.0,26.0
29612,10019,24,1,24.0,24.0
29613,10019,5,1,30.0,30.0
29614,10019,25,1,26.0,26.0
29615,10020,5,1,30.0,30.0
29616,10020,6,1,38.0,38.0
29617,10021,36,2,6.0,12.0
29618,10021,8,1,24.0,24.0
29619,10021,10,2,32.0,64.0
29620,10021,21,2,20.0,40.0
29621,10021,1,2,28.0,56.0
29622,10022,37,3,18.0,54.0
29623,10022,10,1,32.0,32.0
29624,10022,18,1,38.0,38.0
29625,10023,19,1,18.0,18.0
29626,10023,13,2,28.0,56.0
29627,10023,7,1,36.0,36.0
29628,10024,10,1,32.0,32.0
29629,10024,14,1,45.0,45.0
29630,10025,24,2,24.0,48.0
29631,10025,32,1,37.0,37.0
29632,10025,8,1,24.0,24.0
29633,10026,23,2,18.0,36.0
29634,10026,4,2,22.0,44.0
29635,10026,31,2,36.0,72.0
29636,10027,3,1,42.0,42.0
29637,10027,39,1,8.0,8.0
29638,10027,33,1,14.0,14.0
29639,10028,18,1,38.0,38.0
29640,10028,31,1,36.0,36.0
29641,10028,32,1,37.0,37.0
29642,10029,24,1,24.0,24.0
29643,10029,13,1,28.0,28.0
29644,10030,5,1,30.0,30.0
29645,10030,30,1,38.0,38.0
29646,10030,27,2,25.0,50.0
29647,10030,8,3,24.0,72.0
29648,10031,3,1,42.0,42.0
29649,10031,14,1,45.0,45.0
29650,10031,13,1,28.0,28.0
29651,10031,23,3,18.0,54.0
29652,10031,8,1,24.0,24.0
29653,10032,37,2,18.0,36.0
29654,10032,1,1,28.0,28.0
29655,10032,9,2,35.0,70.0
29656,10032,3,3,42.0,126.0
29657,10033,25,1,26.0,26.0
29658,10033,2,1,34.0,34.0
29659,10033,23,1,18.0,18.0
29660,10034,33,3,14.0,42.0
29661,10035,11,1,33.0,33.0
29662,10035,30,1,38.0,38.0
29663,10035,5,1,30.0,30.0
29664,10036,5,1,30.0,30.0
29665,10036,12,1,36.0,36.0
29666,10037,6,2,38.0,76.0
29667,10037,30,1,38.0,38.0
29668,10037,24,3,24.0,72.0
29669,10037,26,1,42.0,42.0
29670,10038,11,1,33.0,33.0
29671,10038,37,1,18.0,18.0
29672,10039,13,1,28.0,28.0
29673,10040,6,1,38.0,38.0
29674,10040,4,1,22.0,22.0
29675,10040,24,1,24.0,24.0
29676,10041,39,1,8.0,8.0
29677,10041,4,2,22.0,44.0
29678,10041,35,1,9.0,9.0
29679,10042,34,2,10.0,20.0
29680,10042,4,1,22.0,22.0
29681,10042,28,2,34.0,68.0
29682,10042,3,1,42.0,42.0
29683,10043,4,2,22.0,44.0
29684,10043,2,1,34.0,34.0
29685,10043,11,1,33.0,33.0
29686,10043,1,1,28.0,28.0
29687,10043,28,1,34.0,34.0
29688,10044,2,2,34.0,68.0
29689,10044,18,2,38.0,76.0
29690,10045,4,1,22.0,22.0
29691,10045,24,1,24.0,24.0
29692,10045,16,1,32.0,32.0
29693,10046,7,1,36.0,36.0
29694,10046,1,1,28.0,28.0
29695,10046,26,1,42.0,42.0
29696,10046,6,2,38.0,76.0
29697,10047,13,1,28.0,28.0
29698,10047,29,1,44.0,44.0
29699,10047,36,1,6.0,6.0
29700,10048,14,2,45.0,90.0
29701,10048,24,1,24.0,24.0
29702,10049,7,2,36.0,72.0
29703,10049,2,1,34.0,34.0
29704,10050,7,2,36.0,72.0
29705,10050,1,1,28.0,28.0
29706,10050,3,1,42.0,42.0
29707,10050,10,1,32.0,32.0
29708,10050,30,2,38.0,76.0
29709,10051,32,1,37.0,37.0
29710,10051,4,2,22.0,44.0
29711,10051,7,1,36.0,36.0
29712,10051,19,2,18.0,36.0
29713,10051,2,2,34.0,68.0
29714,10052,23,1,18.0,18.0
29715,10052,2,3,34.0,102.0
29716,10052,10,1,32.0,32.0
29717,10053,25,1,26.0,26.0
29718,10053,23,1,18.0,18.0
29719,10054,32,2,37.0,74.0
29720,10054,18,1,38.0,38.0
29721,10054,14,2,45.0,90.0
29722,10054,1,1,28.0,28.0
29723,10054,26,1,42.0,42.0
29724,10055,6,1,38.0,38.0
29725,10055,1,1,28.0,28.0
29726,10056,4,1,22.0,22.0
29727,10057,35,1,9.0,9.0
29728,10057,16,1,32.0,32.0
29729,10057,3,1,42.0,42.0
29730,10057,27,2,25.0,50.0
29731,10058,11,1,33.0,33.0
29732,10058,37,2,18.0,36.0
29733,10058,16,3,32.0,96.0
29734,10058,1,2,28.0,56.0
29735,10058,12,2,36.0,72.0
29736,10058,5,1,30.0,30.0
29737,10059,30,1,38.0,38.0
29738,10059,24,2,24.0,48.0
29739,10059,6,1,38.0,38.0
29740,10059,7,2,36.0,72.0
29741,10060,28,2,34.0,68.0
29742,10060,2,1,34.0,34.0
29743,10061,1,3,28.0,84.0
29744,10061,2,1,34.0,34.0
29745,10061,7,2,36.0,72.0
29746,10062,36,1,6.0,6.0
29747,10062,26,1,42.0,42.0
29748,10062,4,1,22.0,22.0
29749,10063,38,1,12.0,12.0
29750,10063,36,1,6.0,6.0
29751,10063,13,3,28.0,84.0
29752,10064,18,1,38.0,38.0
29753,10064,3,1,42.0,42.0
29754,10064,33,1,14.0,14.0
29755,10064,31,1,36.0,36.0
29756,10064,7,1,36.0,36.0
29757,10065,6,1,38.0,38.0
29758,10065,7,1,36.0,36.0
29759,10066,6,1,38.0,38.0
29760,10066,23,1,18.0,18.0
29761,10066,16,2,32.0,64.0
29762,10066,19,1,18.0,18.0
29763,10066,36,3,6.0,18.0
29764,10066,30,1,38.0,38.0
29765,10067,15,1,30.0,30.0
29766,10067,4,1,22.0,22.0
29767,10068,4,1,22.0,22.0
29768,10068,16,1,32.0,32.0
29769,10068,38,1,12.0,12.0
29770,10069,3,2,42.0,84.0
29771,10069,21,1,20.0,20.0
29772,10070,1,3,28.0,84.0
29773,10070,5,1,30.0,30.0
29774,10071,10,1,32.0,32.0
29775,10071,33,1,14.0,14.0
29776,10071,6,1,38.0,38.0
29777,10072,7,2,36.0,72.0
29778,10072,2,1,34.0,34.0
29779,10073,40,1,10.0,10.0
29780,10073,8,1,24.0,24.0
29781,10073,25,1,26.0,26.0
29782,10074,1,2,28.0,56.0
29783,10075,10,1,32.0,32.0
29784,10075,4,2,22.0,44.0
29785,10075,8,2,24.0,48.0
29786,10075,11,3,33.0,99.0
29787,10075,3,2,42.0,84.0
29788,10076,8,2,24.0,48.0
29789,10076,24,1,24.0,24.0
29790,10076,10,1,32.0,32.0
29791,10076,5,2,30.0,60.0
29792,10077,12,2,36.0,72.0
29793,10077,32,1,37.0,37.0
29794,10078,21,3,20.0,60.0
29795,10079,5,1,30.0,30.0
29796,10079,28,1,34.0,34.0
29797,10079,25,2,26.0,52.0
29798,10079,40,1,10.0,10.0
29799,10080,2,1,34.0,34.0
29800,10081,24,1,24.0,24.0
29801,10081,30,1,38.0,38.0
29802,10081,23,1,18.0,18.0
29803,10081,10,2,32.0,64.0
29804,10082,21,2,20.0,40.0
29805,10082,7,1,36.0,36.0
29806,10083,23,1,18.0,18.0
29807,10083,8,1,24.0,24.0
29808,10083,31,2,36.0,72.0
29809,10083,12,1,36.0,36.0
29810,10084,2,2,34.0,68.0
29811,10084,9,2,35.0,70.0
29812,10085,18,1,38.0,38.0
29813,10085,20,1,16.0,16.0
29814,10085,6,2,38.0,76.0
29815,10085,9,3,35.0,105.0
29816,10086,6,1,38.0,38.0
29817,10086,9,2,35.0,70.0
29818,10086,16,1,32.0,32.0
29819,10087,20,1,16.0,16.0
29820,10087,36,1,6.0,6.0
29821,10088,18,1,38.0,38.0
29822,10088,4,2,22.0,44.0
29823,10088,33,1,14.0,14.0
29824,10088,24,1,24.0,24.0
29825,10089,39,1,8.0,8.0
29826,10089,37,1,18.0,18.0
29827,10089,25,1,26.0,26.0
29828,10090,23,3,18.0,54.0
29829,10090,2,2,34.0,68.0
29830,10091,23,1,18.0,18.0
29831,10091,7,1,36.0,36.0
29832,10092,19,1,18.0,18.0
29833,10092,40,2,10.0,20.0
29834,10092,8,2,24.0,48.0
29835,10092,1,1,28.0,28.0
29836,10092,33,1,14.0,14.0
29837,10092,26,1,42.0,42.0
29838,10093,7,1,36.0,36.0
29839,10093,17,1,26.0,26.0
29840,10093,21,1,20.0,20.0
29841,10094,26,1,42.0,42.0
29842,10095,4,2,22.0,44.0
29843,10095,33,2,14.0,28.0
29844,10095,14,1,45.0,45.0
29845,10096,6,2,38.0,76.0
29846,10096,5,1,30.0,30.0
29847,10096,2,2,34.0,68.0
29848,10096,8,1,24.0,24.0
29849,10096,33,1,14.0,14.0
29850,10097,24,2,24.0,48.0
29851,10097,5,1,30.0,30.0
29852,10098,12,1,36.0,36.0
29853,10098,3,1,42.0,42.0
29854,10098,5,1,30.0,30.0
29855,10098,4,2,22.0,44.0
29856,10098,22,1,22.0,22.0
29857,10099,36,1,6.0,6.0
29858,10100,14,1,45.0,45.0
29859,10100,33,1,14.0,14.0
29860,10100,5,1,30.0,30.0
29861,10101,9,1,35.0,35.0
29862,10101,32,2,37.0,74.0
29863,10101,4,1,22.0,22.0
29864,10101,3,1,42.0,42.0
29865,10101,5,1,30.0,30.0
29866,10102,7,2,36.0,72.0
29867,10102,31,2,36.0,72.0
29868,10102,3,1,42.0,42.0
29869,10102,6,2,38.0,76.0
29870,10103,27,3,25.0,75.0
29871,10103,29,1,44.0,44.0
29872,10103,19,2,18.0,36.0
29873,10103,32,1,37.0,37.0
29874,10104,2,1,34.0,34.0
29875,10104,4,3,22.0,66.0
29876,10104,16,1,32.0,32.0
29877,10105,4,1,22.0,22.0
29878,10105,10,2,32.0,64.0
29879,10106,18,3,38.0,114.0
29880,10106,12,1,36.0,36.0
29881,10106,19,2,18.0,36.0
29882,10106,15,2,30.0,60.0
29883,10106,2,2,34.0,68.0
29884,10106,11,1,33.0,33.0
29885,10107,8,3,24.0,72.0
29886,10107,7,2,36.0,72.0
29887,10107,22,1,22.0,22.0
29888,10108,1,2,28.0,56.0
29889,10108,38,2,12.0,24.0
29890,10109,4,1,22.0,22.0
29891,10110,28,1,34.0,34.0
29892,10110,25,2,26.0,52.0
29893,10111,36,1,6.0,6.0
29894,10111,23,2,18.0,36.0
29895,10111,34,2,10.0,20.0
29896,10111,7,2,36.0,72.0
29897,10111,6,2,38.0,76.0
29898,10112,7,2,36.0,72.0
29899,10113,15,1,30.0,30.0
29900,10114,30,2,38.0,76.0
29901,10115,19,1,18.0,18.0
29902,10115,27,2,25.0,50.0
29903,10116,24,1,24.0,24.0
29904,10116,3,1,42.0,42.0
29905,10116,20,2,16.0,32.0
29906,10117,8,1,24.0,24.0
29907,10117,30,2,38.0,76.0
29908,10117,34,3,10.0,30.0
29909,10118,38,1,12.0,12.0
29910,10118,12,1,36.0,36.0
29911,10118,34,2,10.0,20.0
29912,10119,26,1,42.0,42.0
29913,10119,37,2,18.0,36.0
29914,10120,6,2,38.0,76.0
29915,10120,3,1,42.0,42.0
29916,10121,13,1,28.0,28.0
29917,10121,26,2,42.0,84.0
29918,10121,2,2,34.0,68.0
29919,10122,7,1,36.0,36.0
29920,10122,29,1,44.0,44.0
29921,10123,8,3,24.0,72.0
29922,10123,38,2,12.0,24.0
29923,10123,13,1,28.0,28.0
29924,10124,13,2,28.0,56.0
29925,10124,2,1,34.0,34.0
29926,10125,4,1,22.0,22.0
29927,10125,24,1,24.0,24.0
29928,10125,6,1,38.0,38.0
29929,10125,2,2,34.0,68.0
29930,10125,5,2,30.0,60.0
29931,10126,26,1,42.0,42.0
29932,10127,6,2,38.0,76.0
29933,10127,26,1,42.0,42.0
29934,10127,23,1,18.0,18.0
29935,10127,4,1,22.0,22.0
29936,10128,39,1,8.0,8.0
29937,10128,11,1,33.0,33.0
29938,10129,13,1,28.0,28.0
29939,10129,30,1,38.0,38.0
29940,10129,7,2,36.0,72.0
29941,10130,23,1,18.0,18.0
29942,10130,26,1,42.0,42.0
29943,10130,8,1,24.0,24.0
29944,10131,16,1,32.0,32.0
29945,10131,27,1,25.0,25.0
29946,10131,1,1,28.0,28.0
29947,10132,6,3,38.0,114.0
29948,10132,26,3,42.0,126.0
29949,10133,30,2,38.0,76.0
29950,10134,2,1,34.0,34.0
29951,10134,35,1,9.0,9.0
29952,10134,8,2,24.0,48.0
29953,10134,26,1,42.0,42.0
29954,10134,3,1,42.0,42.0
29955,10135,28,3,34.0,102.0
29956,10135,9,1,35.0,35.0
29957,10135,39,1,8.0,8.0
29958,10136,8,2,24.0,48.0
29959,10136,4,1,22.0,22.0
29960,10136,18,1,38.0,38.0
29961,10137,21,3,20.0,60.0
29962,10137,29,1,44.0,44.0
29963,10137,13,1,28.0,28.0
29964,10137,33,1,14.0,14.0
29965,10138,7,1,36.0,36.0
29966,10139,24,2,24.0,48.0
29967,10139,27,1,25.0,25.0
29968,10140,7,1,36.0,36.0
29969,10140,22,1,22.0,22.0
29970,10140,13,1,28.0,28.0
29971,10140,26,2,42.0,84.0
29972,10140,6,3,38.0,114.0
29973,10141,32,2,37.0,74.0
29974,10141,38,1,12.0,12.0
29975,10141,28,1,34.0,34.0
29976,10142,20,1,16.0,16.0
29977,10142,14,2,45.0,90.0
29978,10142,23,2,18.0,36.0
29979,10143,12,1,36.0,36.0
29980,10143,22,1,22.0,22.0
29981,10144,19,1,18.0,18.0
29982,10144,4,1,22.0,22.0
29983,10145,40,1,10.0,10.0
29984,10145,14,1,45.0,45.0
29985,10146,6,2,38.0,76.0
29986,10146,9,2,35.0,70.0
29987,10146,27,2,25.0,50.0
29988,10146,24,1,24.0,24.0
29989,10146,7,3,36.0,108.0
29990,10146,3,2,42.0,84.0
29991,10147,40,2,10.0,20.0
29992,10148,2,1,34.0,34.0
29993,10148,7,1,36.0,36.0
29994,10148,6,2,38.0,76.0
29995,10149,14,1,45.0,45.0
29996,10149,30,1,38.0,38.0
29997,10150,10,1,32.0,32.0
29998,10150,30,1,38.0,38.0
29999,10151,8,1,24.0,24.0
30000,10151,23,1,18.0,18.0
30001,10151,28,2,34.0,68.0
30002,10152,33,1,14.0,14.0
30003,10152,25,2,26.0,52.0
30004,10152,37,1,18.0,18.0
30005,10153,6,1,38.0,38.0
30006,10153,22,2,22.0,44.0
30007,10153,3,1,42.0,42.0
30008,10154,10,2,32.0,64.0
30009,10154,4,1,22.0,22.0
30010,10154,7,2,36.0,72.0
30011,10154,8,2,24.0,48.0
30012,10154,6,1,38.0,38.0
30013,10155,33,1,14.0,14.0
30014,10155,28,2,34.0,68.0
30015,10155,2,1,34.0,34.0
30016,10155,17,1,26.0,26.0
30017,10155,24,1,24.0,24.0
30018,10156,22,1,22.0,22.0
30019,10156,20,2,16.0,32.0
30020,10156,8,1,24.0,24.0
30021,10157,32,1,37.0,37.0
30022,10157,38,1,12.0,12.0
30023,10157,5,2,30.0,60.0
30024,10157,21,1,20.0,20.0
30025,10158,33,2,14.0,28.0
30026,10158,32,2,37.0,74.0
30027,10158,6,2,38.0,76.0
30028,10158,9,1,35.0,35.0
30029,10159,21,3,20.0,60.0
30030,10159,10,1,32.0,32.0
30031,10160,3,1,42.0,42.0
30032,10160,8,1,24.0,24.0
30033,10160,40,2,10.0,20.0
30034,10161,2,1,34.0,34.0
30035,10161,27,1,25.0,25.0
30036,10162,27,2,25.0,50.0
30037,10162,4,3,22.0,66.0
30038,10163,2,1,34.0,34.0
30039,10163,11,1,33.0,33.0
30040,10163,17,1,26.0,26.0
30041,10163,8,1,24.0,24.0
30042,10163,6,2,38.0,76.0
30043,10164,2,2,34.0,68.0
30044,10165,23,1,18.0,18.0
30045,10165,1,1,28.0,28.0
30046,10165,27,2,25.0,50.0
30047,10166,22,3,22.0,66.0
30048,10166,13,1,28.0,28.0
30049,10167,10,1,32.0,32.0
30050,10167,18,1,38.0,38.0
30051,10168,4,2,22.0,44.0
30052,10169,25,2,26.0,52.0
30053,10169,39,1,8.0,8.0
30054,10169,30,1,38.0,38.0
30055,10169,22,1,22.0,22.0
30056,10170,4,2,22.0,44.0
30057,10170,34,1,10.0,10.0
30058,10170,32,2,37.0,74.0
30059,10171,7,1,36.0,36.0
30060,10171,36,1,6.0,6.0
30061,10172,13,1,28.0,28.0
30062,10172,11,1,33.0,33.0
30063,10172,1,1,28.0,28.0
30064,10172,7,2,36.0,72.0
30065,10173,23,2,18.0,36.0
30066,10174,6,2,38.0,76.0
30067,10174,7,2,36.0,72.0
30068,10175,4,2,22.0,44.0
30069,10175,7,2,36.0,72.0
30070,10175,22,2,22.0,44.0
30071,10175,29,1,44.0,44.0
30072,10175,5,3,30.0,90.0
30073,10176,29,3,44.0,132.0
30074,10176,34,2,10.0,20.0
30075,10176,14,1,45.0,45.0
30076,10176,1,2,28.0,56.0
30077,10177,3,1,42.0,42.0
30078,10178,4,2,22.0,44.0
30079,10178,11,2,33.0,66.0
30080,10179,5,2,30.0,60.0
30081,10179,2,1,34.0,34.0
30082,10179,34,2,10.0,20.0
30083,10179,24,1,24.0,24.0
30084,10180,7,1,36.0,36.0
30085,10180,18,3,38.0,114.0
30086,10181,17,1,26.0,26.0
30087,10181,28,1,34.0,34.0
30088,10181,37,2,18.0,36.0
30089,10182,35,1,9.0,9.0
30090,10182,6,1,38.0,38.0
30091,10182,3,1,42.0,42.0
30092,10183,40,1,10.0,10.0
30093,10183,39,2,8.0,16.0
30094,10183,24,1,24.0,24.0
30095,10183,14,3,45.0,135.0
30096,10183,20,1,16.0,16.0
30097,10183,34,1,10.0,10.0
30098,10184,4,1,22.0,22.0
30099,10184,2,1,34.0,34.0
30100,10184,5,1,30.0,30.0
30101,10184,36,2,6.0,12.0
30102,10185,1,2,28.0,56.0
30103,10185,29,1,44.0,44.0
30104,10186,6,1,38.0,38.0
30105,10186,8,2,24.0,48.0
30106,10186,28,2,34.0,68.0
30107,10186,11,1,33.0,33.0
30108,10186,12,1,36.0,36.0
30109,10186,5,1,30.0,30.0
30110,10187,10,1,32.0,32.0
30111,10187,37,2,18.0,36.0
30112,10187,6,1,38.0,38.0
30113,10187,33,2,14.0,28.0
30114,10187,29,1,44.0,44.0
30115,10188,39,2,8.0,16.0
30116,10188,8,1,24.0,24.0
30117,10188,27,1,25.0,25.0
30118,10188,15,1,30.0,30.0
30119,10189,7,1,36.0,36.0
30120,10189,12,1,36.0,36.0
30121,10189,19,2,18.0,36.0
30122,10189,1,2,28.0,56.0
30123,10189,25,1,26.0,26.0
30124,10189,4,2,22.0,44.0
30125,10190,8,2,24.0,48.0
30126,10190,9,1,35.0,35.0
30127,10190,3,1,42.0,42.0
30128,10190,22,3,22.0,66.0
30129,10190,40,1,10.0,10.0
30130,10190,6,3,38.0,114.0
30131,10191,35,1,9.0,9.0
30132,10191,3,2,42.0,84.0
30133,10191,5,1,30.0,30.0
30134,10192,1,1,28.0,28.0
30135,10192,23,3,18.0,54.0
30136,10192,21,1,20.0,20.0
30137,10192,14,1,45.0,45.0
30138,10193,16,1,32.0,32.0
30139,10194,32,1,37.0,37.0
30140,10194,22,1,22.0,22.0
30141,10195,7,1,36.0,36.0
30142,10195,24,1,24.0,24.0
30143,10195,13,2,28.0,56.0
30144,10196,1,2,28.0,56.0
30145,10196,18,2,38.0,76.0
30146,10197,27,1,25.0,25.0
30147,10197,8,2,24.0,48.0
30148,10198,30,1,38.0,38.0
30149,10198,10,1,32.0,32.0
30150,10198,18,3,38.0,114.0
30151,10198,24,1,24.0,24.0
30152,10199,8,1,24.0,24.0
30153,10199,18,1,38.0,38.0
30154,10199,5,1,30.0,30.0
30155,10199,19,2,18.0,36.0
30156,10200,32,2,37.0,74.0
30157,10200,5,1,30.0,30.0
30158,10200,23,2,18.0,36.0
30159,10201,5,1,30.0,30.0
30160,10201,25,3,26.0,78.0
30161,10202,27,1,25.0,25.0
30162,10203,14,2,45.0,90.0
30163,10203,36,3,6.0,18.0
30164,10203,3,1,42.0,42.0
30165,10204,20,3,16.0,48.0
30166,10205,5,1,30.0,30.0
30167,10205,32,2,37.0,74.0
30168,10205,23,1,18.0,18.0
30169,10205,22,1,22.0,22.0
30170,10206,3,1,42.0,42.0
30171,10206,24,1,24.0,24.0
30172,10207,15,2,30.0,60.0
30173,10207,7,1,36.0,36.0
30174,10207,14,2,45.0,90.0
30175,10207,4,3,22.0,66.0
30176,10207,13,1,28.0,28.0
30177,10208,2,1,34.0,34.0
30178,10208,19,1,18.0,18.0
30179,10208,9,1,35.0,35.0
30180,10209,7,3,36.0,108.0
30181,10209,20,1,16.0,16.0
30182,10209,13,1,28.0,28.0
30183,10209,32,1,37.0,37.0
30184,10210,5,1,30.0,30.0
30185,10210,24,1,24.0,24.0
30186,10210,26,3,42.0,126.0
30187,10210,4,1,22.0,22.0
30188,10211,1,1,28.0,28.0
30189,10211,2,3,34.0,102.0
30190,10211,36,2,6.0,12.0
30191,10211,5,1,30.0,30.0
30192,10212,7,2,36.0,72.0
30193,10212,20,2,16.0,32.0
30194,10212,6,1,38.0,38.0
30195,10213,8,1,24.0,24.0
30196,10213,6,2,38.0,76.0
30197,10214,5,2,30.0,60.0
30198,10214,13,1,28.0,28.0
30199,10215,1,1,28.0,28.0
30200,10215,12,1,36.0,36.0
30201,10216,4,1,22.0,22.0
30202,10216,1,1,28.0,28.0
30203,10217,36,2,6.0,12.0
30204,10217,4,1,22.0,22.0
30205,10217,14,1,45.0,45.0
30206,10217,32,1,37.0,37.0
30207,10218,2,1,34.0,34.0
30208,10218,1,2,28.0,56.0
30209,10218,35,2,9.0,18.0
30210,10219,8,3,24.0,72.0
30211,10220,34,1,10.0,10.0
30212,10221,1,2,28.0,56.0
30213,10221,2,1,34.0,34.0
30214,10221,14,2,45.0,90.0
30215,10222,6,1,38.0,38.0
30216,10223,30,1,38.0,38.0
30217,10223,2,1,34.0,34.0
30218,10224,34,1,10.0,10.0
30219,10224,28,1,34.0,34.0
30220,10225,14,1,45.0,45.0
30221,10225,36,1,6.0,6.0
30222,10225,34,1,10.0,10.0
30223,10225,2,2,34.0,68.0
30224,10226,23,1,18.0,18.0
30225,10227,33,1,14.0,14.0
30226,10227,16,1,32.0,32.0
30227,10227,27,2,25.0,50.0
30228,10227,3,1,42.0,42.0
30229,10228,11,1,33.0,33.0
30230,10228,4,1,22.0,22.0
30231,10228,36,1,6.0,6.0
30232,10228,22,2,22.0,44.0
30233,10229,37,3,18.0,54.0
30234,10230,7,1,36.0,36.0
30235,10231,20,2,16.0,32.0
30236,10231,5,1,30.0,30.0
30237,10231,2,1,34.0,34.0
30238,10232,24,1,24.0,24.0
30239,10233,27,3,25.0,75.0
30240,10233,13,1,28.0,28.0
30241,10234,12,1,36.0,36.0
30242,10234,28,1,34.0,34.0
30243,10234,35,1,9.0,9.0
30244,10235,4,2,22.0,44.0
30245,10236,30,1,38.0,38.0
30246,10236,8,2,24.0,48.0
30247,10236,12,1,36.0,36.0
30248,10237,7,1,36.0,36.0
30249,10237,10,2,32.0,64.0
30250,10238,1,3,28.0,84.0
30251,10238,6,1,38.0,38.0
30252,10238,4,1,22.0,22.0
30253,10238,11,3,33.0,99.0
30254,10239,25,2,26.0,52.0
30255,10239,23,2,18.0,36.0
30256,10239,39,1,8.0,8.0
30257,10239,9,1,35.0,35.0
30258,10240,36,1,6.0,6.0
30259,10240,25,1,26.0,26.0
30260,10240,2,1,34.0,34.0
30261,10241,23,1,18.0,18.0
30262,10242,13,1,28.0,28.0
30263,10242,3,2,42.0,84.0
30264,10242,29,2,44.0,88.0
30265,10243,6,1,38.0,38.0
30266,10243,1,1,28.0,28.0
30267,10244,1,1,28.0,28.0
30268,10244,5,1,30.0,30.0
30269,10244,7,3,36.0,108.0
30270,10245,8,2,24.0,48.0
30271,10245,37,2,18.0,36.0
30272,10245,6,2,38.0,76.0
30273,10245,14,1,45.0,45.0
30274,10246,34,1,10.0,10.0
30275,10246,10,2,32.0,64.0
30276,10246,37,2,18.0,36.0
30277,10247,37,1,18.0,18.0
30278,10247,7,1,36.0,36.0
30279,10248,12,1,36.0,36.0
30280,10248,30,2,38.0,76.0
30281,10248,27,1,25.0,25.0
30282,10248,10,1,32.0,32.0
30283,10249,37,2,18.0,36.0
30284,10249,27,1,25.0,25.0
30285,10249,23,2,18.0,36.0
30286,10249,15,1,30.0,30.0
30287,10249,4,2,22.0,44.0
30288,10250,12,1,36.0,36.0
30289,10250,29,2,44.0,88.0
30290,10250,1,1,28.0,28.0
30291,10250,10,2,32.0,64.0
30292,10251,11,1,33.0,33.0
30293,10251,1,1,28.0,28.0
30294,10252,11,1,33.0,33.0
30295,10252,7,1,36.0,36.0
30296,10252,5,1,30.0,30.0
30297,10252,30,1,38.0,38.0
30298,10253,6,1,38.0,38.0
30299,10253,37,2,18.0,36.0
30300,10253,12,2,36.0,72.0
30301,10254,7,1,36.0,36.0
30302,10254,23,2,18.0,36.0
30303,10254,26,3,42.0,126.0
30304,10254,9,1,35.0,35.0
30305,10255,33,1,14.0,14.0
30306,10255,9,1,35.0,35.0
30307,10256,37,2,18.0,36.0
30308,10256,7,1,36.0,36.0
30309,10257,2,1,34.0,34.0
30310,10257,26,1,42.0,42.0
30311,10258,28,2,34.0,68.0
30312,10258,1,1,28.0,28.0
30313,10258,16,2,32.0,64.0
30314,10258,12,1,36.0,36.0
30315,10258,37,1,18.0,18.0
30316,10259,18,2,38.0,76.0
30317,10259,22,2,22.0,44.0
30318,10260,19,1,18.0,18.0
30319,10260,17,1,26.0,26.0
30320,10261,17,1,26.0,26.0
30321,10261,2,2,34.0,68.0
30322,10261,13,1,28.0,28.0
30323,10261,32,1,37.0,37.0
30324,10262,7,1,36.0,36.0
30325,10262,2,2,34.0,68.0
30326,10262,4,1,22.0,22.0
30327,10263,30,2,38.0,76.0
30328,10263,7,1,36.0,36.0
30329,10263,32,2,37.0,74.0
30330,10263,2,1,34.0,34.0
30331,10264,7,1,36.0,36.0
30332,10264,10,1,32.0,32.0
30333,10264,5,2,30.0,60.0
30334,10264,3,2,42.0,84.0
30335,10265,6,1,38.0,38.0
30336,10265,2,2,34.0,68.0
30337,10266,32,1,37.0,37.0
30338,10267,1,1,28.0,28.0
30339,10267,2,1,34.0,34.0
30340,10268,9,2,35.0,70.0
30341,10269,27,1,25.0,25.0
30342,10269,35,2,9.0,18.0
30343,10269,34,1,10.0,10.0
30344,10270,4,1,22.0,22.0
30345,10270,8,2,24.0,48.0
30346,10271,7,1,36.0,36.0
30347,10271,8,2,24.0,48.0
30348,10271,29,1,44.0,44.0
30349,10271,5,1,30.0,30.0
30350,10271,2,2,34.0,68.0
30351,10272,12,1,36.0,36.0
30352,10272,20,3,16.0,48.0
30353,10273,4,3,22.0,66.0
30354,10274,7,2,36.0,72.0
30355,10274,15,1,30.0,30.0
30356,10274,24,3,24.0,72.0
30357,10275,31,1,36.0,36.0
30358,10275,19,1,18.0,18.0
30359,10276,12,2,36.0,72.0
30360,10276,5,3,30.0,90.0
30361,10276,32,1,37.0,37.0
30362,10276,6,1,38.0,38.0
30363,10277,3,1,42.0,42.0
30364,10278,6,2,38.0,76.0
30365,10278,7,2,36.0,72.0
30366,10278,3,1,42.0,42.0
30367,10278,25,1,26.0,26.0
30368,10278,30,2,38.0,76.0
30369,10279,15,1,30.0,30.0
30370,10279,1,2,28.0,56.0
30371,10279,16,1,32.0,32.0
30372,10280,19,1,18.0,18.0
30373,10281,35,1,9.0,9.0
30374,10281,7,1,36.0,36.0
30375,10282,32,1,37.0,37.0
30376,10282,7,1,36.0,36.0
30377,10282,35,1,9.0,9.0
30378,10283,25,1,26.0,26.0
30379,10283,8,1,24.0,24.0
30380,10283,32,2,37.0,74.0
30381,10283,14,2,45.0,90.0
30382,10284,8,1,24.0,24.0
30383,10284,33,1,14.0,14.0
30384,10284,12,1,36.0,36.0
30385,10285,2,2,34.0,68.0
30386,10285,16,1,32.0,32.0
30387,10285,23,2,18.0,36.0
30388,10285,5,2,30.0,60.0
30389,10285,25,2,26.0,52.0
30390,10286,5,1,30.0,30.0
30391,10286,12,1,36.0,36.0
30392,10287,1,1,28.0,28.0
30393,10287,27,1,25.0,25.0
30394,10287,31,1,36.0,36.0
30395,10288,14,2,45.0,90.0
30396,10289,37,2,18.0,36.0
30397,10289,18,1,38.0,38.0
30398,10289,33,1,14.0,14.0
30399,10289,23,1,18.0,18.0
30400,10290,39,1,8.0,8.0
30401,10290,1,2,28.0,56.0
30402,10290,2,1,34.0,34.0
30403,10290,8,3,24.0,72.0
30404,10291,13,1,28.0,28.0
30405,10292,10,2,32.0,64.0
30406,10292,18,1,38.0,38.0
30407,10292,23,1,18.0,18.0
30408,10293,39,1,8.0,8.0
30409,10293,20,1,16.0,16.0
30410,10293,8,1,24.0,24.0
30411,10294,6,3,38.0,114.0
30412,10294,27,2,25.0,50.0
30413,10295,23,2,18.0,36.0
30414,10295,35,2,9.0,18.0
30415,10295,22,3,22.0,66.0
30416,10295,7,1,36.0,36.0
30417,10295,13,1,28.0,28.0
30418,10296,31,2,36.0,72.0
30419,10297,2,2,34.0,68.0
30420,10298,36,1,6.0,6.0
30421,10298,32,2,37.0,74.0
30422,10298,5,3,30.0,90.0
30423,10299,5,1,30.0,30.0
30424,10299,36,1,6.0,6.0
30425,10300,33,1,14.0,14.0
30426,10301,30,2,38.0,76.0
30427,10301,27,1,25.0,25.0
30428,10301,32,1,37.0,37.0
30429,10302,31,1,36.0,36.0
30430,10302,7,2,36.0,72.0
30431,10302,23,2,18.0,36.0
30432,10302,29,3,44.0,132.0
30433,10302,11,1,33.0,33.0
30434,10303,5,2,30.0,60.0
30435,10303,2,2,34.0,68.0
30436,10303,13,1,28.0,28.0
30437,10304,3,1,42.0,42.0
30438,10304,36,1,6.0,6.0
30439,10305,12,1,36.0,36.0
30440,10305,6,1,38.0,38.0
30441,10305,33,2,14.0,28.0
30442,10305,7,1,36.0,36.0
30443,10306,11,1,33.0,33.0
30444,10306,6,1,38.0,38.0
30445,10306,4,1,22.0,22.0
30446,10306,27,2,25.0,50.0
30447,10306,9,2,35.0,70.0
30448,10307,15,3,30.0,90.0
30449,10307,37,1,18.0,18.0
30450,10308,12,3,36.0,108.0
30451,10308,29,1,44.0,44.0
30452,10308,4,2,22.0,44.0
30453,10308,2,1,34.0,34.0
30454,10309,23,2,18.0,36.0
30455,10309,28,1,34.0,34.0
30456,10310,14,3,45.0,135.0
30457,10310,22,2,22.0,44.0
30458,10310,27,1,25.0,25.0
30459,10310,4,1,22.0,22.0
30460,10310,9,1,35.0,35.0
30461,10310,29,1,44.0,44.0
30462,10311,6,1,38.0,38.0
30463,10311,30,1,38.0,38.0
30464,10312,36,1,6.0,6.0
30465,10312,1,1,28.0,28.0
30466,10312,29,1,44.0,44.0
30467,10312,8,1,24.0,24.0
30468,10313,7,2,36.0,72.0
30469,10313,15,1,30.0,30.0
30470,10314,22,1,22.0,22.0
30471,10314,5,3,30.0,90.0
30472,10314,33,1,14.0,14.0
30473,10315,30,3,38.0,114.0
30474,10315,2,2,34.0,68.0
30475,10316,15,1,30.0,30.0
30476,10316,23,1,18.0,18.0
30477,10316,21,1,20.0,20.0
30478,10316,17,1,26.0,26.0
30479,10316,8,1,24.0,24.0
30480,10317,7,1,36.0,36.0
30481,10317,32,1,37.0,37.0
30482,10317,10,2,32.0,64.0
30483,10317,34,1,10.0,10.0
30484,10317,26,1,42.0,42.0
30485,10317,5,1,30.0,30.0
30486,10318,7,1,36.0,36.0
30487,10318,24,1,24.0,24.0
30488,10319,3,1,42.0,42.0
30489,10319,32,2,37.0,74.0
30490,10320,8,3,24.0,72.0
30491,10320,12,2,36.0,72.0
30492,10320,4,1,22.0,22.0
30493,10321,25,2,26.0,52.0
30494,10321,18,2,38.0,76.0
30495,10322,3,1,42.0,42.0
30496,10322,35,1,9.0,9.0
30497,10322,14,2,45.0,90.0
30498,10323,7,3,36.0,108.0
30499,10323,16,2,32.0,64.0
30500,10323,32,3,37.0,111.0
30501,10324,27,1,25.0,25.0
30502,10324,37,1,18.0,18.0
30503,10324,7,2,36.0,72.0
30504,10325,8,2,24.0,48.0
30505,10325,36,1,6.0,6.0
30506,10325,7,1,36.0,36.0
30507,10325,6,2,38.0,76.0
30508,10326,34,1,10.0,10.0
30509,10326,10,1,32.0,32.0
30510,10326,25,1,26.0,26.0
30511,10327,2,2,34.0,68.0
30512,10327,40,1,10.0,10.0
30513,10327,33,2,14.0,28.0
30514,10328,33,1,14.0,14.0
30515,10328,30,1,38.0,38.0
30516,10328,27,2,25.0,50.0
30517,10328,7,3,36.0,108.0
30518,10328,39,1,8.0,8.0
30519,10328,10,1,32.0,32.0
30520,10329,30,1,38.0,38.0
30521,10329,12,2,36.0,72.0
30522,10329,15,1,30.0,30.0
30523,10329,10,1,32.0,32.0
30524,10330,16,2,32.0,64.0
30525,10330,5,1,30.0,30.0
30526,10330,2,3,34.0,102.0
30527,10330,24,1,24.0,24.0
30528,10330,8,1,24.0,24.0
30529,10330,36,3,6.0,18.0
30530,10331,21,3,20.0,60.0
30531,10331,8,1,24.0,24.0
30532,10331,25,1,26.0,26.0
30533,10331,2,1,34.0,34.0
30534,10331,6,2,38.0,76.0
30535,10331,18,1,38.0,38.0
30536,10332,5,1,30.0,30.0
30537,10332,33,1,14.0,14.0
30538,10332,29,1,44.0,44.0
30539,10332,30,1,38.0,38.0
30540,10333,19,1,18.0,18.0
30541,10333,32,1,37.0,37.0
30542,10334,25,1,26.0,26.0
30543,10334,28,2,34.0,68.0
30544,10335,18,1,38.0,38.0
30545,10335,31,1,36.0,36.0
30546,10335,30,2,38.0,76.0
30547,10335,17,1,26.0,26.0
30548,10336,21,1,20.0,20.0
30549,10336,28,1,34.0,34.0
30550,10336,3,1,42.0,42.0
30551,10337,18,2,38.0,76.0
30552,10337,5,1,30.0,30.0
30553,10337,37,1,18.0,18.0
30554,10337,20,2,16.0,32.0
30555,10338,7,1,36.0,36.0
30556,10338,32,1,37.0,37.0
30557,10339,5,1,30.0,30.0
30558,10339,23,2,18.0,36.0
30559,10339,19,1,18.0,18.0
30560,10339,25,2,26.0,52.0
30561,10339,7,1,36.0,36.0
30562,10340,11,1,33.0,33.0
30563,10340,7,1,36.0,36.0
30564,10340,8,1,24.0,24.0
30565,10341,16,2,32.0,64.0
30566,10341,18,1,38.0,38.0
30567,10341,2,1,34.0,34.0
30568,10342,21,1,20.0,20.0
30569,10342,12,1,36.0,36.0
30570,10342,15,1,30.0,30.0
30571,10343,14,2,45.0,90.0
30572,10343,10,1,32.0,32.0
30573,10344,11,2,33.0,66.0
30574,10344,1,1,28.0,28.0
30575,10344,36,1,6.0,6.0
30576,10344,30,1,38.0,38.0
30577,10344,32,3,37.0,111.0
30578,10345,34,1,10.0,10.0
30579,10345,8,3,24.0,72.0
30580,10345,2,1,34.0,34.0
30581,10346,7,1,36.0,36.0
30582,10346,37,1,18.0,18.0
30583,10347,31,2,36.0,72.0
30584,10348,37,1,18.0,18.0
30585,10348,21,3,20.0,60.0
30586,10349,2,2,34.0,68.0
30587,10350,2,3,34.0,102.0
30588,10350,23,3,18.0,54.0
30589,10350,5,1,30.0,30.0
30590,10350,12,2,36.0,72.0
30591,10350,40,2,10.0,20.0
30592,10350,4,1,22.0,22.0
30593,10351,36,1,6.0,6.0
30594,10351,7,1,36.0,36.0
30595,10351,23,1,18.0,18.0
30596,10352,5,2,30.0,60.0
30597,10352,7,1,36.0,36.0
30598,10352,26,2,42.0,84.0
30599,10352,14,1,45.0,45.0
30600,10352,1,1,28.0,28.0
30601,10352,33,1,14.0,14.0
30602,10353,40,2,10.0,20.0
30603,10354,5,1,30.0,30.0
30604,10354,23,2,18.0,36.0
30605,10355,40,1,10.0,10.0
30606,10355,8,1,24.0,24.0
30607,10355,32,3,37.0,111.0
30608,10356,6,2,38.0,76.0
30609,10356,28,1,34.0,34.0
30610,10357,7,2,36.0,72.0
30611,10358,5,3,30.0,90.0
30612,10358,2,1,34.0,34.0
30613,10359,5,1,30.0,30.0
30614,10359,4,2,22.0,44.0
30615,10360,33,1,14.0,14.0
30616,10360,2,1,34.0,34.0
30617,10360,36,2,6.0,12.0
30618,10361,1,1,28.0,28.0
30619,10361,27,1,25.0,25.0
30620,10361,5,1,30.0,30.0
30621,10362,16,3,32.0,96.0
30622,10362,21,1,20.0,20.0
30623,10362,8,1,24.0,24.0
30624,10362,36,1,6.0,6.0
30625,10362,33,1,14.0,14.0
30626,10363,21,3,20.0,60.0
30627,10363,35,3,9.0,27.0
30628,10363,29,2,44.0,88.0
30629,10363,20,1,16.0,16.0
30630,10364,8,1,24.0,24.0
30631,10364,38,1,12.0,12.0
30632,10364,11,1,33.0,33.0
30633,10364,33,1,14.0,14.0
30634,10365,1,1,28.0,28.0
30635,10365,6,1,38.0,38.0
30636,10365,35,1,9.0,9.0
30637,10366,6,1,38.0,38.0
30638,10366,7,2,36.0,72.0
30639,10367,19,2,18.0,36.0
30640,10367,11,1,33.0,33.0
30641,10367,4,2,22.0,44.0
30642,10367,20,1,16.0,16.0
30643,10368,8,2,24.0,48.0
30644,10368,34,2,10.0,20.0
30645,10368,36,3,6.0,18.0
30646,10369,19,1,18.0,18.0
30647,10369,7,2,36.0,72.0
30648,10370,11,2,33.0,66.0
30649,10370,23,1,18.0,18.0
30650,10370,28,2,34.0,68.0
30651,10370,14,1,45.0,45.0
30652,10371,30,2,38.0,76.0
30653,10371,5,1,30.0,30.0
30654,10371,10,1,32.0,32.0
30655,10372,10,2,32.0,64.0
30656,10372,17,2,26.0,52.0
30657,10372,30,1,38.0,38.0
30658,10373,36,3,6.0,18.0
30659,10374,5,1,30.0,30.0
30660,10374,15,1,30.0,30.0
30661,10374,33,1,14.0,14.0
30662,10375,4,1,22.0,22.0
30663,10375,30,1,38.0,38.0
30664,10376,8,2,24.0,48.0
30665,10376,23,1,18.0,18.0
30666,10376,15,2,30.0,60.0
30667,10376,37,1,18.0,18.0
30668,10377,2,1,34.0,34.0
30669,10378,18,3,38.0,114.0
30670,10378,22,1,22.0,22.0
30671,10379,40,2,10.0,20.0
30672,10379,4,1,22.0,22.0
30673,10379,12,1,36.0,36.0
30674,10380,10,1,32.0,32.0
30675,10380,37,1,18.0,18.0
30676,10381,37,1,18.0,18.0
30677,10381,10,2,32.0,64.0
30678,10382,11,2,33.0,66.0
30679,10382,3,2,42.0,84.0
30680,10382,5,3,30.0,90.0
30681,10383,30,1,38.0,38.0
30682,10383,2,2,34.0,68.0
30683,10383,1,2,28.0,56.0
30684,10383,6,1,38.0,38.0
30685,10383,36,1,6.0,6.0
30686,10384,19,1,18.0,18.0
30687,10385,10,1,32.0,32.0
30688,10386,14,1,45.0,45.0
30689,10386,8,1,24.0,24.0
30690,10386,1,1,28.0,28.0
30691,10387,32,1,37.0,37.0
30692,10387,21,1,20.0,20.0
30693,10387,17,1,26.0,26.0
30694,10388,2,1,34.0,34.0
30695,10388,3,1,42.0,42.0
30696,10388,8,2,24.0,48.0
30697,10389,25,1,26.0,26.0
30698,10389,11,1,33.0,33.0
30699,10389,1,2,28.0,56.0
30700,10389,17,1,26.0,26.0
30701,10390,17,1,26.0,26.0
30702,10390,14,2,45.0,90.0
30703,10390,10,2,32.0,64.0
30704,10391,34,1,10.0,10.0
30705,10391,7,1,36.0,36.0
30706,10391,30,2,38.0,76.0
30707,10391,32,1,37.0,37.0
30708,10391,8,1,24.0,24.0
30709,10392,24,1,24.0,24.0
30710,10393,6,1,38.0,38.0
30711,10393,26,1,42.0,42.0
30712,10393,4,3,22.0,66.0
30713,10393,7,3,36.0,108.0
30714,10394,12,1,36.0,36.0
30715,10394,20,2,16.0,32.0
30716,10394,25,1,26.0,26.0
30717,10395,7,1,36.0,36.0
30718,10395,34,2,10.0,20.0
30719,10396,33,2,14.0,28.0
30720,10396,2,1,34.0,34.0
30721,10397,2,1,34.0,34.0
30722,10397,9,1,35.0,35.0
30723,10397,27,2,25.0,50.0
30724,10398,8,1,24.0,24.0
30725,10398,33,2,14.0,28.0
30726,10398,17,2,26.0,52.0
30727,10399,3,2,42.0,84.0
30728,10399,5,2,30.0,60.0
30729,10399,24,2,24.0,48.0
30730,10400,7,1,36.0,36.0
30731,10400,22,1,22.0,22.0
30732,10401,7,1,36.0,36.0
30733,10401,24,3,24.0,72.0
30734,10402,12,2,36.0,72.0
30735,10402,23,1,18.0,18.0
30736,10403,24,2,24.0,48.0
30737,10403,10,3,32.0,96.0
30738,10404,1,1,28.0,28.0
30739,10404,36,1,6.0,6.0
30740,10404,27,2,25.0,50.0
30741,10405,30,1,38.0,38.0
30742,10405,32,2,37.0,74.0
30743,10405,27,1,25.0,25.0
30744,10406,20,3,16.0,48.0
30745,10406,10,2,32.0,64.0
30746,10406,32,1,37.0,37.0
30747,10406,38,1,12.0,12.0
30748,10407,23,2,18.0,36.0
30749,10407,24,2,24.0,48.0
30750,10407,21,1,20.0,20.0
30751,10407,16,2,32.0,64.0
30752,10407,36,2,6.0,12.0
30753,10407,10,2,32.0,64.0
30754,10408,13,2,28.0,56.0
30755,10408,30,2,38.0,76.0
30756,10408,23,1,18.0,18.0
30757,10409,2,1,34.0,34.0
30758,10409,11,2,33.0,66.0
30759,10409,8,1,24.0,24.0
30760,10409,19,3,18.0,54.0
30761,10410,38,1,12.0,12.0
30762,10411,9,2,35.0,70.0
30763,10411,14,1,45.0,45.0
30764,10411,6,2,38.0,76.0
30765,10411,8,1,24.0,24.0
30766,10411,1,1,28.0,28.0
30767,10412,21,3,20.0,60.0
30768,10412,32,2,37.0,74.0
30769,10412,12,1,36.0,36.0
30770,10413,24,2,24.0,48.0
30771,10413,19,2,18.0,36.0
30772,10413,36,2,6.0,12.0
30773,10414,4,2,22.0,44.0
30774,10414,6,1,38.0,38.0
30775,10414,31,3,36.0,108.0
30776,10415,7,2,36.0,72.0
30777,10415,27,1,25.0,25.0
30778,10416,12,3,36.0,108.0
30779,10416,37,1,18.0,18.0
30780,10416,35,1,9.0,9.0
30781,10417,28,1,34.0,34.0
30782,10417,23,2,18.0,36.0
30783,10417,14,1,45.0,45.0
30784,10417,17,2,26.0,52.0
30785,10417,4,1,22.0,22.0
30786,10417,7,1,36.0,36.0
30787,10418,23,1,18.0,18.0
30788,10418,1,1,28.0,28.0
30789,10418,27,1,25.0,25.0
30790,10418,3,2,42.0,84.0
30791,10419,7,1,36.0,36.0
30792,10419,14,1,45.0,45.0
30793,10419,32,1,37.0,37.0
30794,10420,18,1,38.0,38.0
30795,10420,8,1,24.0,24.0
30796,10420,9,1,35.0,35.0
30797,10421,5,3,30.0,90.0
30798,10421,3,1,42.0,42.0
30799,10421,16,1,32.0,32.0
30800,10422,23,1,18.0,18.0
30801,10422,18,3,38.0,114.0
30802,10422,22,1,22.0,22.0
30803,10422,31,3,36.0,108.0
30804,10423,16,1,32.0,32.0
30805,10423,17,1,26.0,26.0
30806,10423,8,2,24.0,48.0
30807,10424,7,2,36.0,72.0
30808,10424,12,2,36.0,72.0
30809,10424,1,2,28.0,56.0
30810,10424,37,1,18.0,18.0
30811,10425,4,1,22.0,22.0
30812,10425,6,1,38.0,38.0
30813,10425,21,1,20.0,20.0
30814,10426,35,2,9.0,18.0
30815,10426,19,2,18.0,36.0
30816,10427,17,1,26.0,26.0
30817,10427,25,1,26.0,26.0
30818,10428,15,3,30.0,90.0
30819,10428,2,1,34.0,34.0
30820,10428,8,1,24.0,24.0
30821,10428,3,1,42.0,42.0
30822,10429,7,1,36.0,36.0
30823,10429,4,3,22.0,66.0
30824,10429,37,1,18.0,18.0
30825,10429,36,1,6.0,6.0
30826,10429,26,1,42.0,42.0
30827,10430,27,1,25.0,25.0
30828,10430,8,3,24.0,72.0
30829,10430,4,1,22.0,22.0
30830,10431,23,3,18.0,54.0
30831,10431,36,2,6.0,12.0
30832,10432,4,1,22.0,22.0
30833,10433,3,1,42.0,42.0
30834,10433,24,2,24.0,48.0
30835,10433,8,1,24.0,24.0
30836,10434,37,2,18.0,36.0
30837,10434,30,1,38.0,38.0
30838,10434,11,2,33.0,66.0
30839,10434,5,1,30.0,30.0
30840,10434,7,1,36.0,36.0
30841,10435,3,3,42.0,126.0
30842,10436,7,1,36.0,36.0
30843,10436,21,2,20.0,40.0
30844,10436,36,3,6.0,18.0
30845,10436,22,1,22.0,22.0
30846,10437,1,3,28.0,84.0
30847,10437,8,1,24.0,24.0
30848,10438,6,2,38.0,76.0
30849,10438,5,1,30.0,30.0
30850,10438,17,1,26.0,26.0
30851,10439,4,1,22.0,22.0
30852,10439,21,1,20.0,20.0
30853,10440,23,1,18.0,18.0
30854,10440,31,1,36.0,36.0
30855,10440,33,1,14.0,14.0
30856,10440,12,2,36.0,72.0
30857,10441,23,1,18.0,18.0
30858,10441,5,1,30.0,30.0
30859,10441,8,1,24.0,24.0
30860,10442,38,1,12.0,12.0
30861,10442,7,1,36.0,36.0
30862,10443,7,1,36.0,36.0
30863,10444,6,2,38.0,76.0
30864,10444,34,3,10.0,30.0
30865,10444,36,2,6.0,12.0
30866,10445,8,1,24.0,24.0
30867,10445,15,3,30.0,90.0
30868,10446,8,1,24.0,24.0
30869,10446,17,1,26.0,26.0
30870,10446,35,3,9.0,27.0
30871,10446,40,1,10.0,10.0
30872,10447,2,2,34.0,68.0
30873,10447,5,2,30.0,60.0
30874,10448,8,1,24.0,24.0
30875,10448,18,2,38.0,76.0
30876,10448,25,1,26.0,26.0
30877,10448,12,3,36.0,108.0
30878,10449,6,1,38.0,38.0
30879,10449,29,1,44.0,44.0
30880,10449,32,1,37.0,37.0
30881,10449,5,1,30.0,30.0
30882,10450,40,1,10.0,10.0
30883,10451,8,2,24.0,48.0
30884,10451,28,2,34.0,68.0
30885,10451,7,3,36.0,108.0
30886,10452,4,1,22.0,22.0
30887,10452,25,1,26.0,26.0
30888,10452,14,1,45.0,45.0
30889,10453,5,2,30.0,60.0
30890,10453,18,2,38.0,76.0
30891,10453,2,1,34.0,34.0
30892,10453,15,1,30.0,30.0
30893,10454,31,1,36.0,36.0
30894,10454,5,1,30.0,30.0
30895,10455,4,2,22.0,44.0
30896,10455,18,1,38.0,38.0
30897,10455,37,1,18.0,18.0
30898,10455,21,1,20.0,20.0
30899,10455,14,1,45.0,45.0
30900,10456,34,1,10.0,10.0
30901,10456,5,2,30.0,60.0
30902,10457,11,1,33.0,33.0
30903,10457,14,1,45.0,45.0
30904,10458,18,2,38.0,76.0
30905,10458,12,2,36.0,72.0
30906,10458,19,2,18.0,36.0
30907,10458,3,1,42.0,42.0
30908,10458,6,1,38.0,38.0
30909,10459,8,2,24.0,48.0
30910,10459,32,2,37.0,74.0
30911,10460,11,1,33.0,33.0
30912,10461,4,1,22.0,22.0
30913,10461,33,2,14.0,28.0
30914,10461,2,1,34.0,34.0
30915,10462,32,1,37.0,37.0
30916,10463,40,3,10.0,30.0
30917,10463,10,1,32.0,32.0
30918,10464,9,2,35.0,70.0
30919,10464,8,1,24.0,24.0
30920,10465,4,1,22.0,22.0
30921,10465,29,1,44.0,44.0
30922,10465,1,1,28.0,28.0
30923,10465,6,2,38.0,76.0
30924,10466,11,1,33.0,33.0
30925,10466,21,2,20.0,40.0
30926,10467,8,1,24.0,24.0
30927,10467,12,1,36.0,36.0
30928,10467,28,1,34.0,34.0
30929,10467,30,1,38.0,38.0
30930,10468,21,1,20.0,20.0
30931,10469,24,1,24.0,24.0
30932,10469,20,1,16.0,16.0
30933,10469,10,1,32.0,32.0
30934,10470,34,1,10.0,10.0
30935,10470,14,2,45.0,90.0
30936,10470,7,1,36.0,36.0
30937,10470,10,1,32.0,32.0
30938,10471,4,1,22.0,22.0
30939,10471,17,1,26.0,26.0
30940,10472,16,2,32.0,64.0
30941,10472,8,1,24.0,24.0
30942,10472,1,2,28.0,56.0
30943,10472,39,3,8.0,24.0
30944,10472,12,1,36.0,36.0
30945,10473,6,2,38.0,76.0
30946,10474,37,1,18.0,18.0
30947,10474,12,2,36.0,72.0
30948,10475,4,1,22.0,22.0
30949,10475,30,1,38.0,38.0
30950,10476,23,1,18.0,18.0
30951,10477,18,1,38.0,38.0
30952,10478,6,2,38.0,76.0
30953,10479,5,1,30.0,30.0
30954,10479,30,2,38.0,76.0
30955,10480,6,1,38.0,38.0
30956,10480,11,2,33.0,66.0
30957,10481,5,1,30.0,30.0
30958,10481,30,1,38.0,38.0
30959,10481,37,1,18.0,18.0
30960,10481,26,3,42.0,126.0
30961,10481,36,2,6.0,12.0
30962,10482,25,1,26.0,26.0
30963,10482,33,2,14.0,28.0
30964,10483,9,1,35.0,35.0
30965,10483,26,2,42.0,84.0
30966,10483,39,1,8.0,8.0
30967,10484,27,3,25.0,75.0
30968,10484,32,1,37.0,37.0
30969,10485,21,2,20.0,40.0
30970,10485,18,1,38.0,38.0
30971,10486,8,1,24.0,24.0
30972,10486,18,2,38.0,76.0
30973,10486,35,1,9.0,9.0
30974,10486,30,2,38.0,76.0
30975,10487,7,2,36.0,72.0
30976,10487,21,2,20.0,40.0
30977,10487,33,3,14.0,42.0
30978,10488,18,1,38.0,38.0
30979,10489,4,3,22.0,66.0
30980,10489,37,1,18.0,18.0
30981,10489,9,2,35.0,70.0
30982,10490,2,2,34.0,68.0
30983,10490,18,2,38.0,76.0
30984,10491,17,3,26.0,78.0
30985,10491,25,1,26.0,26.0
30986,10491,3,1,42.0,42.0
30987,10491,26,1,42.0,42.0
30988,10492,7,1,36.0,36.0
30989,10492,25,3,26.0,78.0
30990,10492,6,1,38.0,38.0
30991,10492,5,2,30.0,60.0
30992,10493,5,1,30.0,30.0
30993,10493,8,1,24.0,24.0
30994,10493,9,1,35.0,35.0
30995,10494,25,2,26.0,52.0
30996,10494,6,2,38.0,76.0
30997,10494,2,2,34.0,68.0
30998,10495,2,1,34.0,34.0
30999,10495,8,2,24.0,48.0
31000,10495,9,1,35.0,35.0
31001,10495,23,1,18.0,18.0
31002,10495,13,2,28.0,56.0
31003,10495,18,1,38.0,38.0
31004,10496,8,1,24.0,24.0
31005,10496,6,3,38.0,114.0
31006,10497,21,2,20.0,40.0
31007,10498,7,1,36.0,36.0
31008,10498,3,1,42.0,42.0
31009,10498,8,1,24.0,24.0
31010,10498,5,3,30.0,90.0
31011,10499,6,1,38.0,38.0
31012,10499,22,1,22.0,22.0
31013,10499,32,3,37.0,111.0
31014,10499,1,2,28.0,56.0
31015,10499,2,2,34.0,68.0
31016,10500,7,1,36.0,36.0
31017,10500,37,2,18.0,36.0
31018,10500,36,2,6.0,12.0
31019,10500,1,2,28.0,56.0
31020,10501,39,3,8.0,24.0
31021,10501,4,1,22.0,22.0
31022,10502,3,1,42.0,42.0
31023,10502,22,3,22.0,66.0
31024,10502,21,1,20.0,20.0
31025,10502,8,1,24.0,24.0
31026,10502,18,1,38.0,38.0
31027,10503,27,3,25.0,75.0
31028,10503,7,2,36.0,72.0
31029,10504,37,1,18.0,18.0
31030,10504,27,1,25.0,25.0
31031,10504,20,1,16.0,16.0
31032,10505,24,1,24.0,24.0
31033,10505,21,1,20.0,20.0
31034,10505,30,1,38.0,38.0
31035,10505,1,1,28.0,28.0
31036,10505,35,1,9.0,9.0
31037,10506,13,2,28.0,56.0
31038,10506,28,2,34.0,68.0
31039,10506,37,1,18.0,18.0
31040,10506,23,1,18.0,18.0
31041,10507,30,3,38.0,114.0
31042,10507,21,2,20.0,40.0
31043,10508,5,2,30.0,60.0
31044,10508,23,2,18.0,36.0
31045,10509,25,1,26.0,26.0
31046,10509,5,1,30.0,30.0
31047,10510,8,2,24.0,48.0
31048,10510,2,1,34.0,34.0
31049,10511,7,1,36.0,36.0
31050,10511,8,1,24.0,24.0
31051,10511,18,2,38.0,76.0
31052,10511,3,2,42.0,84.0
31053,10512,15,2,30.0,60.0
31054,10512,40,1,10.0,10.0
31055,10512,26,2,42.0,84.0
31056,10512,38,2,12.0,24.0
31057,10513,10,1,32.0,32.0
31058,10513,7,1,36.0,36.0
31059,10513,27,1,25.0,25.0
31060,10514,4,1,22.0,22.0
31061,10514,10,1,32.0,32.0
31062,10515,29,1,44.0,44.0
31063,10515,7,1,36.0,36.0
31064,10515,36,1,6.0,6.0
31065,10516,5,1,30.0,30.0
31066,10516,32,2,37.0,74.0
31067,10516,7,2,36.0,72.0
31068,10517,37,1,18.0,18.0
31069,10517,17,2,26.0,52.0
31070,10517,1,3,28.0,84.0
31071,10518,39,1,8.0,8.0
31072,10518,8,2,24.0,48.0
31073,10519,2,2,34.0,68.0
31074,10519,37,3,18.0,54.0
31075,10519,7,1,36.0,36.0
31076,10520,34,1,10.0,10.0
31077,10521,14,2,45.0,90.0
31078,10521,18,1,38.0,38.0
31079,10522,4,3,22.0,66.0
31080,10522,7,2,36.0,72.0
31081,10522,5,2,30.0,60.0
31082,10523,30,1,38.0,38.0
31083,10523,4,1,22.0,22.0
31084,10524,15,1,30.0,30.0
31085,10525,2,1,34.0,34.0
31086,10525,5,3,30.0,90.0
31087,10525,6,1,38.0,38.0
31088,10526,32,1,37.0,37.0
31089,10526,3,3,42.0,126.0
31090,10526,27,3,25.0,75.0
31091,10526,37,1,18.0,18.0
31092,10526,15,2,30.0,60.0
31093,10526,21,2,20.0,40.0
31094,10527,15,1,30.0,30.0
31095,10527,6,1,38.0,38.0
31096,10527,8,1,24.0,24.0
31097,10528,19,1,18.0,18.0
31098,10529,12,1,36.0,36.0
31099,10529,24,1,24.0,24.0
31100,10529,38,1,12.0,12.0
31101,10530,11,1,33.0,33.0
31102,10530,4,1,22.0,22.0
31103,10530,14,2,45.0,90.0
31104,10530,5,1,30.0,30.0
31105,10530,30,1,38.0,38.0
31106,10531,2,3,34.0,102.0
31107,10531,12,3,36.0,108.0
31108,10531,10,1,32.0,32.0
31109,10531,4,1,22.0,22.0
31110,10531,25,2,26.0,52.0
31111,10532,18,1,38.0,38.0
31112,10532,3,2,42.0,84.0
31113,10533,32,1,37.0,37.0
31114,10533,33,3,14.0,42.0
31115,10533,38,2,12.0,24.0
31116,10533,1,1,28.0,28.0
31117,10534,40,1,10.0,10.0
31118,10534,7,1,36.0,36.0
31119,10534,8,1,24.0,24.0
31120,10535,14,1,45.0,45.0
31121,10536,19,2,18.0,36.0
31122,10537,27,1,25.0,25.0
31123,10537,28,2,34.0,68.0
31124,10538,3,2,42.0,84.0
31125,10538,22,1,22.0,22.0
31126,10539,5,2,30.0,60.0
31127,10540,2,1,34.0,34.0
31128,10541,23,1,18.0,18.0
31129,10541,31,3,36.0,108.0
31130,10541,1,1,28.0,28.0
31131,10541,13,3,28.0,84.0
31132,10541,14,1,45.0,45.0
31133,10542,2,1,34.0,34.0
31134,10542,6,1,38.0,38.0
31135,10542,30,3,38.0,114.0
31136,10542,3,1,42.0,42.0
31137,10543,4,1,22.0,22.0
31138,10543,33,1,14.0,14.0
31139,10543,8,2,24.0,48.0
31140,10543,14,1,45.0,45.0
31141,10544,4,1,22.0,22.0
31142,10544,13,1,28.0,28.0
31143,10544,31,1,36.0,36.0
31144,10544,35,2,9.0,18.0
31145,10545,5,2,30.0,60.0
31146,10545,19,1,18.0,18.0
31147,10545,30,2,38.0,76.0
31148,10545,40,2,10.0,20.0
31149,10546,30,1,38.0,38.0
31150,10546,26,1,42.0,42.0
31151,10547,19,1,18.0,18.0
31152,10547,2,3,34.0,102.0
31153,10548,5,2,30.0,60.0
31154,10548,2,1,34.0,34.0
31155,10549,9,3,35.0,105.0
31156,10549,36,2,6.0,12.0
31157,10550,6,1,38.0,38.0
31158,10550,13,1,28.0,28.0
31159,10550,20,1,16.0,16.0
31160,10550,9,2,35.0,70.0
31161,10551,4,3,22.0,66.0
31162,10551,22,1,22.0,22.0
31163,10552,2,1,34.0,34.0
31164,10552,5,2,30.0,60.0
31165,10552,25,1,26.0,26.0
31166,10552,11,1,33.0,33.0
31167,10553,36,1,6.0,6.0
31168,10553,27,1,25.0,25.0
31169,10553,38,3,12.0,36.0
31170,10554,5,2,30.0,60.0
31171,10554,10,1,32.0,32.0
31172,10555,2,2,34.0,68.0
31173,10555,20,2,16.0,32.0
31174,10556,13,2,28.0,56.0
31175,10556,1,1,28.0,28.0
31176,10557,29,1,44.0,44.0
31177,10557,2,3,34.0,102.0
31178,10558,33,2,14.0,28.0
31179,10559,11,1,33.0,33.0
31180,10559,14,1,45.0,45.0
31181,10559,27,3,25.0,75.0
31182,10559,34,2,10.0,20.0
31183,10560,15,3,30.0,90.0
31184,10560,35,3,9.0,27.0
31185,10560,2,1,34.0,34.0
31186,10560,6,1,38.0,38.0
31187,10560,8,1,24.0,24.0
31188,10561,9,2,35.0,70.0
31189,10561,13,1,28.0,28.0
31190,10562,7,1,36.0,36.0
31191,10562,15,3,30.0,90.0
31192,10563,25,1,26.0,26.0
31193,10563,18,3,38.0,114.0
31194,10563,30,1,38.0,38.0
31195,10564,11,2,33.0,66.0
31196,10564,6,2,38.0,76.0
31197,10565,29,1,44.0,44.0
31198,10565,7,1,36.0,36.0
31199,10565,33,1,14.0,14.0
31200,10566,8,2,24.0,48.0
31201,10566,13,3,28.0,84.0
31202,10567,37,1,18.0,18.0
31203,10567,15,1,30.0,30.0
31204,10567,23,2,18.0,36.0
31205,10568,4,2,22.0,44.0
31206,10568,23,1,18.0,18.0
31207,10569,12,3,36.0,108.0
31208,10569,18,1,38.0,38.0
31209,10569,14,3,45.0,135.0
31210,10569,34,2,10.0,20.0
31211,10569,17,2,26.0,52.0
31212,10569,1,2,28.0,56.0
31213,10570,13,1,28.0,28.0
31214,10571,25,2,26.0,52.0
31215,10571,13,3,28.0,84.0
31216,10571,16,3,32.0,96.0
31217,10571,27,1,25.0,25.0
31218,10572,8,1,24.0,24.0
31219,10572,5,2,30.0,60.0
31220,10572,27,2,25.0,50.0
31221,10573,24,1,24.0,24.0
31222,10573,17,3,26.0,78.0
31223,10573,2,1,34.0,34.0
31224,10574,2,2,34.0,68.0
31225,10574,11,3,33.0,99.0
31226,10574,24,1,24.0,24.0
31227,10574,14,3,45.0,135.0
31228,10574,27,1,25.0,25.0
31229,10575,12,1,36.0,36.0
31230,10575,14,1,45.0,45.0
31231,10576,12,2,36.0,72.0
31232,10576,26,2,42.0,84.0
31233,10576,25,2,26.0,52.0
31234,10577,9,1,35.0,35.0
31235,10577,6,1,38.0,38.0
31236,10577,24,3,24.0,72.0
31237,10578,26,2,42.0,84.0
31238,10578,27,2,25.0,50.0
31239,10579,14,2,45.0,90.0
31240,10579,15,1,30.0,30.0
31241,10579,5,1,30.0,30.0
31242,10579,19,1,18.0,18.0
31243,10579,2,2,34.0,68.0
31244,10580,15,3,30.0,90.0
31245,10581,4,1,22.0,22.0
31246,10581,28,1,34.0,34.0
31247,10582,1,1,28.0,28.0
31248,10582,24,1,24.0,24.0
31249,10582,14,1,45.0,45.0
31250,10582,4,1,22.0,22.0
31251,10583,37,2,18.0,36.0
31252,10583,12,1,36.0,36.0
31253,10583,18,2,38.0,76.0
31254,10583,36,2,6.0,12.0
31255,10583,21,3,20.0,60.0
31256,10584,29,1,44.0,44.0
31257,10584,35,2,9.0,18.0
31258,10584,9,1,35.0,35.0
31259,10585,1,1,28.0,28.0
31260,10585,12,2,36.0,72.0
31261,10586,2,1,34.0,34.0
31262,10586,23,1,18.0,18.0
31263,10586,15,1,30.0,30.0
31264,10586,4,1,22.0,22.0
31265,10587,4,2,22.0,44.0
31266,10587,7,1,36.0,36.0
31267,10587,13,1,28.0,28.0
31268,10587,3,1,42.0,42.0
31269,10587,12,1,36.0,36.0
31270,10588,15,1,30.0,30.0
31271,10588,19,2,18.0,36.0
31272,10589,6,1,38.0,38.0
31273,10589,14,1,45.0,45.0
31274,10590,12,1,36.0,36.0
31275,10590,10,1,32.0,32.0
31276,10591,10,1,32.0,32.0
31277,10591,2,1,34.0,34.0
31278,10591,27,1,25.0,25.0
31279,10591,12,1,36.0,36.0
31280,10592,30,1,38.0,38.0
31281,10592,3,1,42.0,42.0
31282,10593,1,1,28.0,28.0
31283,10593,7,1,36.0,36.0
31284,10594,29,2,44.0,88.0
31285,10594,21,3,20.0,60.0
31286,10594,18,1,38.0,38.0
31287,10594,33,1,14.0,14.0
31288,10595,22,2,22.0,44.0
31289,10596,37,1,18.0,18.0
31290,10596,4,1,22.0,22.0
31291,10596,17,2,26.0,52.0
31292,10597,10,1,32.0,32.0
31293,10597,12,2,36.0,72.0
31294,10597,16,1,32.0,32.0
31295,10597,2,2,34.0,68.0
31296,10597,23,1,18.0,18.0
31297,10598,2,1,34.0,34.0
31298,10598,33,2,14.0,28.0
31299,10598,14,1,45.0,45.0
31300,10598,21,2,20.0,40.0
31301,10599,7,1,36.0,36.0
31302,10599,5,1,30.0,30.0
31303,10599,1,2,28.0,56.0
31304,10600,16,1,32.0,32.0
31305,10600,36,1,6.0,6.0
31306,10600,2,2,34.0,68.0
31307,10600,7,2,36.0,72.0
31308,10601,29,1,44.0,44.0
31309,10602,7,1,36.0,36.0
31310,10602,22,1,22.0,22.0
31311,10602,25,2,26.0,52.0
31312,10602,11,3,33.0,99.0
31313,10602,13,2,28.0,56.0
31314,10603,32,2,37.0,74.0
31315,10603,5,1,30.0,30.0
31316,10604,9,2,35.0,70.0
31317,10604,12,1,36.0,36.0
31318,10604,8,1,24.0,24.0
31319,10605,28,2,34.0,68.0
31320,10605,8,1,24.0,24.0
31321,10606,8,1,24.0,24.0
31322,10606,25,1,26.0,26.0
31323,10607,36,1,6.0,6.0
31324,10607,7,3,36.0,108.0
31325,10608,23,1,18.0,18.0
31326,10608,25,3,26.0,78.0
31327,10608,1,1,28.0,28.0
31328,10609,24,1,24.0,24.0
31329,10609,18,1,38.0,38.0
31330,10609,2,2,34.0,68.0
31331,10610,16,1,32.0,32.0
31332,10611,31,1,36.0,36.0
31333,10611,11,3,33.0,99.0
31334,10611,7,1,36.0,36.0
31335,10612,24,1,24.0,24.0
31336,10612,34,1,10.0,10.0
31337,10612,6,2,38.0,76.0
31338,10613,13,2,28.0,56.0
31339,10613,12,1,36.0,36.0
31340,10613,2,1,34.0,34.0
31341,10613,17,3,26.0,78.0
31342,10614,12,1,36.0,36.0
31343,10614,8,1,24.0,24.0
31344,10614,4,2,22.0,44.0
31345,10615,19,1,18.0,18.0
31346,10615,7,1,36.0,36.0
31347,10616,36,1,6.0,6.0
31348,10616,18,3,38.0,114.0
31349,10616,12,1,36.0,36.0
31350,10617,31,1,36.0,36.0
31351,10617,37,1,18.0,18.0
31352,10617,30,1,38.0,38.0
31353,10617,10,2,32.0,64.0
31354,10617,2,2,34.0,68.0
31355,10618,17,2,26.0,52.0
31356,10618,22,2,22.0,44.0
31357,10618,28,1,34.0,34.0
31358,10618,18,1,38.0,38.0
31359,10619,40,1,10.0,10.0
31360,10620,1,1,28.0,28.0
31361,10620,7,2,36.0,72.0
31362,10620,32,1,37.0,37.0
31363,10620,10,2,32.0,64.0
31364,10621,35,1,9.0,9.0
31365,10621,33,1,14.0,14.0
31366,10621,20,1,16.0,16.0
31367,10622,4,2,22.0,44.0
31368,10622,29,1,44.0,44.0
31369,10622,11,3,33.0,99.0
31370,10622,7,1,36.0,36.0
31371,10622,9,1,35.0,35.0
31372,10623,7,1,36.0,36.0
31373,10623,22,2,22.0,44.0
31374,10623,6,1,38.0,38.0
31375,10624,19,1,18.0,18.0
31376,10624,13,2,28.0,56.0
31377,10624,7,2,36.0,72.0
31378,10625,25,1,26.0,26.0
31379,10626,5,1,30.0,30.0
31380,10626,7,1,36.0,36.0
31381,10626,25,1,26.0,26.0
31382,10626,3,1,42.0,42.0
31383,10626,9,2,35.0,70.0
31384,10627,7,1,36.0,36.0
31385,10627,12,3,36.0,108.0
31386,10627,26,2,42.0,84.0
31387,10628,2,1,34.0,34.0
31388,10628,28,2,34.0,68.0
31389,10628,37,1,18.0,18.0
31390,10629,17,2,26.0,52.0
31391,10629,18,2,38.0,76.0
31392,10630,4,3,22.0,66.0
31393,10630,18,1,38.0,38.0
31394,10630,16,1,32.0,32.0
31395,10630,30,2,38.0,76.0
31396,10630,35,3,9.0,27.0
31397,10631,18,1,38.0,38.0
31398,10631,4,1,22.0,22.0
31399,10631,3,1,42.0,42.0
31400,10631,7,1,36.0,36.0
31401,10632,15,2,30.0,60.0
31402,10633,30,2,38.0,76.0
31403,10634,21,2,20.0,40.0
31404,10634,18,2,38.0,76.0
31405,10635,6,1,38.0,38.0
31406,10635,7,1,36.0,36.0
31407,10635,28,2,34.0,68.0
31408,10636,26,1,42.0,42.0
31409,10636,20,2,16.0,32.0
31410,10636,31,1,36.0,36.0
31411,10637,33,2,14.0,28.0
31412,10637,27,1,25.0,25.0
31413,10637,16,3,32.0,96.0
31414,10637,5,1,30.0,30.0
31415,10637,13,1,28.0,28.0
31416,10637,1,1,28.0,28.0
31417,10638,2,2,34.0,68.0
31418,10638,6,2,38.0,76.0
31419,10639,27,2,25.0,50.0
31420,10639,32,1,37.0,37.0
31421,10640,19,1,18.0,18.0
31422,10640,12,2,36.0,72.0
31423,10641,33,1,14.0,14.0
31424,10641,11,3,33.0,99.0
31425,10641,38,1,12.0,12.0
31426,10641,28,1,34.0,34.0
31427,10642,4,1,22.0,22.0
31428,10642,25,3,26.0,78.0
31429,10642,3,3,42.0,126.0
31430,10642,24,1,24.0,24.0
31431,10642,27,1,25.0,25.0
31432,10642,8,3,24.0,72.0
31433,10643,22,1,22.0,22.0
31434,10644,28,1,34.0,34.0
31435,10644,5,2,30.0,60.0
31436,10644,7,2,36.0,72.0
31437,10644,18,1,38.0,38.0
31438,10645,20,3,16.0,48.0
31439,10645,2,1,34.0,34.0
31440,10645,32,2,37.0,74.0
31441,10646,20,1,16.0,16.0
31442,10646,4,1,22.0,22.0
31443,10647,22,2,22.0,44.0
31444,10647,2,2,34.0,68.0
31445,10647,8,1,24.0,24.0
31446,10647,30,2,38.0,76.0
31447,10647,5,1,30.0,30.0
31448,10647,24,2,24.0,48.0
31449,10648,28,1,34.0,34.0
31450,10649,37,1,18.0,18.0
31451,10649,15,2,30.0,60.0
31452,10650,37,1,18.0,18.0
31453,10650,2,2,34.0,68.0
31454,10650,8,1,24.0,24.0
31455,10650,23,1,18.0,18.0
31456,10651,6,1,38.0,38.0
31457,10651,29,1,44.0,44.0
31458,10651,19,1,18.0,18.0
31459,10652,5,1,30.0,30.0
31460,10652,36,2,6.0,12.0
31461,10652,28,1,34.0,34.0
31462,10652,12,1,36.0,36.0
31463,10652,23,1,18.0,18.0
31464,10653,13,2,28.0,56.0
31465,10654,6,1,38.0,38.0
31466,10655,9,1,35.0,35.0
31467,10655,3,1,42.0,42.0
31468,10656,25,1,26.0,26.0
31469,10656,40,1,10.0,10.0
31470,10656,8,2,24.0,48.0
31471,10656,11,2,33.0,66.0
31472,10656,3,2,42.0,84.0
31473,10656,34,1,10.0,10.0
31474,10657,7,1,36.0,36.0
31475,10657,2,3,34.0,102.0
31476,10657,6,1,38.0,38.0
31477,10658,14,1,45.0,45.0
31478,10658,38,1,12.0,12.0
31479,10658,9,1,35.0,35.0
31480,10659,7,1,36.0,36.0
31481,10660,8,1,24.0,24.0
31482,10660,28,1,34.0,34.0
31483,10660,4,1,22.0,22.0
31484,10661,31,1,36.0,36.0
31485,10661,22,3,22.0,66.0
31486,10661,1,1,28.0,28.0
31487,10661,23,3,18.0,54.0
31488,10661,17,2,26.0,52.0
31489,10662,2,2,34.0,68.0
31490,10662,28,3,34.0,102.0
31491,10662,20,1,16.0,16.0
31492,10662,19,1,18.0,18.0
31493,10663,2,1,34.0,34.0
31494,10663,12,3,36.0,108.0
31495,10664,24,1,24.0,24.0
31496,10664,4,3,22.0,66.0
31497,10664,13,1,28.0,28.0
31498,10665,5,1,30.0,30.0
31499,10665,40,1,10.0,10.0
31500,10665,8,1,24.0,24.0
31501,10665,38,1,12.0,12.0
31502,10665,11,2,33.0,66.0
31503,10665,23,1,18.0,18.0
31504,10666,15,1,30.0,30.0
31505,10666,3,1,42.0,42.0
31506,10666,6,1,38.0,38.0
31507,10666,4,1,22.0,22.0
31508,10666,13,1,28.0,28.0
31509,10666,34,1,10.0,10.0
31510,10667,13,2,28.0,56.0
31511,10668,12,2,36.0,72.0
31512,10668,2,2,34.0,68.0
31513,10668,7,2,36.0,72.0
31514,10668,8,1,24.0,24.0
31515,10669,7,1,36.0,36.0
31516,10669,31,1,36.0,36.0
31517,10670,40,1,10.0,10.0
31518,10670,24,1,24.0,24.0
31519,10670,8,2,24.0,48.0
31520,10671,15,1,30.0,30.0
31521,10671,28,1,34.0,34.0
31522,10671,14,1,45.0,45.0
31523,10671,7,1,36.0,36.0
31524,10672,12,1,36.0,36.0
31525,10672,22,1,22.0,22.0
31526,10673,1,2,28.0,56.0
31527,10673,7,1,36.0,36.0
31528,10673,14,1,45.0,45.0
31529,10673,11,1,33.0,33.0
31530,10673,4,2,22.0,44.0
31531,10674,2,3,34.0,102.0
31532,10674,25,1,26.0,26.0
31533,10675,34,1,10.0,10.0
31534,10675,37,1,18.0,18.0
31535,10675,2,1,34.0,34.0
31536,10675,5,1,30.0,30.0
31537,10676,30,1,38.0,38.0
31538,10676,18,2,38.0,76.0
31539,10676,7,1,36.0,36.0
31540,10676,21,2,20.0,40.0
31541,10677,33,1,14.0,14.0
31542,10678,29,1,44.0,44.0
31543,10678,26,2,42.0,84.0
31544,10679,7,1,36.0,36.0
31545,10679,27,1,25.0,25.0
31546,10679,8,1,24.0,24.0
31547,10680,29,1,44.0,44.0
31548,10680,23,1,18.0,18.0
31549,10680,35,1,9.0,9.0
31550,10680,1,1,28.0,28.0
31551,10681,16,1,32.0,32.0
31552,10682,11,1,33.0,33.0
31553,10682,30,1,38.0,38.0
31554,10682,13,3,28.0,84.0
31555,10683,7,1,36.0,36.0
31556,10683,25,2,26.0,52.0
31557,10684,6,3,38.0,114.0
31558,10684,38,1,12.0,12.0
31559,10684,10,1,32.0,32.0
31560,10684,35,1,9.0,9.0
31561,10684,39,1,8.0,8.0
31562,10684,5,2,30.0,60.0
31563,10685,6,2,38.0,76.0
31564,10685,39,2,8.0,16.0
31565,10685,5,1,30.0,30.0
31566,10685,26,1,42.0,42.0
31567,10685,16,1,32.0,32.0
31568,10685,19,2,18.0,36.0
31569,10686,17,1,26.0,26.0
31570,10686,5,1,30.0,30.0
31571,10686,7,2,36.0,72.0
31572,10687,11,1,33.0,33.0
31573,10687,3,1,42.0,42.0
31574,10688,31,1,36.0,36.0
31575,10688,17,2,26.0,52.0
31576,10688,18,1,38.0,38.0
31577,10689,2,1,34.0,34.0
31578,10689,33,1,14.0,14.0
31579,10689,36,1,6.0,6.0
31580,10690,40,3,10.0,30.0
31581,10690,20,2,16.0,32.0
31582,10690,19,2,18.0,36.0
31583,10690,27,3,25.0,75.0
31584,10690,8,3,24.0,72.0
31585,10690,21,1,20.0,20.0
31586,10691,13,1,28.0,28.0
31587,10691,31,1,36.0,36.0
31588,10692,23,1,18.0,18.0
31589,10692,38,1,12.0,12.0
31590,10693,2,2,34.0,68.0
31591,10693,37,2,18.0,36.0
31592,10693,20,1,16.0,16.0
31593,10693,26,1,42.0,42.0
31594,10694,2,1,34.0,34.0
31595,10694,35,1,9.0,9.0
31596,10694,39,2,8.0,16.0
31597,10694,26,2,42.0,84.0
31598,10695,16,3,32.0,96.0
31599,10695,2,2,34.0,68.0
31600,10695,32,2,37.0,74.0
31601,10696,37,1,18.0,18.0
31602,10696,12,1,36.0,36.0
31603,10696,20,3,16.0,48.0
31604,10696,8,1,24.0,24.0
31605,10697,8,1,24.0,24.0
31606,10697,10,2,32.0,64.0
31607,10697,33,2,14.0,28.0
31608,10698,1,3,28.0,84.0
31609,10698,12,3,36.0,108.0
31610,10698,24,2,24.0,48.0
31611,10699,15,1,30.0,30.0
31612,10699,6,2,38.0,76.0
31613,10699,24,1,24.0,24.0
31614,10699,23,1,18.0,18.0
31615,10700,25,1,26.0,26.0
31616,10700,8,2,24.0,48.0
31617,10701,20,2,16.0,32.0
31618,10701,17,1,26.0,26.0
31619,10701,26,1,42.0,42.0
31620,10702,11,1,33.0,33.0
31621,10702,6,1,38.0,38.0
31622,10702,34,1,10.0,10.0
31623,10703,5,2,30.0,60.0
31624,10703,22,3,22.0,66.0
31625,10704,32,1,37.0,37.0
31626,10704,8,1,24.0,24.0
31627,10704,25,2,26.0,52.0
31628,10704,10,1,32.0,32.0
31629,10704,30,2,38.0,76.0
31630,10704,4,1,22.0,22.0
31631,10705,21,1,20.0,20.0
31632,10705,5,1,30.0,30.0
31633,10705,15,1,30.0,30.0
31634,10705,35,3,9.0,27.0
31635,10706,15,1,30.0,30.0
31636,10706,5,1,30.0,30.0
31637,10706,39,2,8.0,16.0
31638,10706,32,1,37.0,37.0
31639,10707,19,2,18.0,36.0
31640,10707,9,2,35.0,70.0
31641,10707,18,1,38.0,38.0
31642,10708,7,3,36.0,108.0
31643,10708,16,1,32.0,32.0
31644,10708,20,1,16.0,16.0
31645,10708,27,2,25.0,50.0
31646,10708,10,1,32.0,32.0
31647,10708,1,1,28.0,28.0
31648,10709,8,1,24.0,24.0
31649,10709,6,1,38.0,38.0
31650,10709,14,1,45.0,45.0
31651,10710,15,1,30.0,30.0
31652,10710,31,1,36.0,36.0
31653,10710,24,2,24.0,48.0
31654,10711,6,1,38.0,38.0
31655,10711,5,1,30.0,30.0
31656,10711,20,2,16.0,32.0
31657,10711,36,3,6.0,18.0
31658,10712,26,1,42.0,42.0
31659,10712,3,1,42.0,42.0
31660,10713,21,2,20.0,40.0
31661,10713,13,2,28.0,56.0
31662,10713,28,2,34.0,68.0
31663,10714,5,1,30.0,30.0
31664,10714,4,1,22.0,22.0
31665,10714,37,3,18.0,54.0
31666,10715,35,2,9.0,18.0
31667,10715,8,1,24.0,24.0
31668,10715,7,1,36.0,36.0
31669,10716,7,1,36.0,36.0
31670,10716,1,2,28.0,56.0
31671,10717,2,1,34.0,34.0
31672,10717,15,1,30.0,30.0
31673,10717,13,1,28.0,28.0
31674,10718,2,1,34.0,34.0
31675,10718,7,2,36.0,72.0
31676,10718,28,2,34.0,68.0
31677,10719,28,2,34.0,68.0
31678,10719,7,1,36.0,36.0
31679,10720,12,1,36.0,36.0
31680,10720,3,2,42.0,84.0
31681,10720,24,2,24.0,48.0
31682,10721,40,1,10.0,10.0
31683,10721,12,1,36.0,36.0
31684,10721,24,1,24.0,24.0
31685,10722,18,3,38.0,114.0
31686,10722,19,1,18.0,18.0
31687,10722,10,1,32.0,32.0
31688,10722,1,2,28.0,56.0
31689,10723,3,3,42.0,126.0
31690,10724,35,2,9.0,18.0
31691,10724,25,3,26.0,78.0
31692,10725,16,3,32.0,96.0
31693,10725,29,2,44.0,88.0
31694,10726,5,2,30.0,60.0
31695,10726,15,2,30.0,60.0
31696,10726,11,1,33.0,33.0
31697,10726,28,2,34.0,68.0
31698,10727,2,1,34.0,34.0
31699,10727,7,1,36.0,36.0
31700,10727,34,3,10.0,30.0
31701,10728,2,2,34.0,68.0
31702,10728,39,2,8.0,16.0
31703,10729,24,1,24.0,24.0
31704,10729,6,1,38.0,38.0
31705,10729,20,1,16.0,16.0
31706,10729,38,1,12.0,12.0
31707,10729,5,1,30.0,30.0
31708,10730,40,1,10.0,10.0
31709,10730,7,2,36.0,72.0
31710,10730,11,2,33.0,66.0
31711,10730,8,3,24.0,72.0
31712,10731,26,1,42.0,42.0
31713,10731,3,2,42.0,84.0
31714,10731,16,1,32.0,32.0
31715,10732,12,1,36.0,36.0
31716,10733,17,3,26.0,78.0
31717,10733,8,1,24.0,24.0
31718,10733,23,1,18.0,18.0
31719,10734,7,1,36.0,36.0
31720,10734,8,1,24.0,24.0
31721,10734,12,2,36.0,72.0
31722,10735,6,2,38.0,76.0
31723,10735,12,2,36.0,72.0
31724,10736,6,1,38.0,38.0
31725,10736,29,2,44.0,88.0
31726,10736,24,1,24.0,24.0
31727,10736,7,1,36.0,36.0
31728,10737,8,1,24.0,24.0
31729,10737,15,2,30.0,60.0
31730,10737,7,3,36.0,108.0
31731,10737,4,2,22.0,44.0
31732,10737,18,1,38.0,38.0
31733,10738,4,3,22.0,66.0
31734,10738,37,1,18.0,18.0
31735,10739,2,2,34.0,68.0
31736,10740,15,2,30.0,60.0
31737,10740,5,2,30.0,60.0
31738,10740,21,1,20.0,20.0
31739,10741,22,1,22.0,22.0
31740,10741,8,1,24.0,24.0
31741,10741,9,1,35.0,35.0
31742,10741,39,3,8.0,24.0
31743,10742,21,1,20.0,20.0
31744,10742,15,1,30.0,30.0
31745,10743,2,1,34.0,34.0
31746,10743,5,1,30.0,30.0
31747,10744,13,1,28.0,28.0
31748,10744,16,1,32.0,32.0
31749,10745,1,1,28.0,28.0
31750,10745,18,3,38.0,114.0
31751,10745,35,2,9.0,18.0
31752,10745,24,1,24.0,24.0
31753,10745,4,1,22.0,22.0
31754,10745,3,1,42.0,42.0
31755,10746,4,2,22.0,44.0
31756,10746,13,1,28.0,28.0
31757,10746,25,2,26.0,52.0
31758,10747,11,1,33.0,33.0
31759,10747,10,1,32.0,32.0
31760,10748,6,2,38.0,76.0
31761,10748,5,1,30.0,30.0
31762,10749,8,1,24.0,24.0
31763,10749,7,2,36.0,72.0
31764,10750,3,1,42.0,42.0
31765,10750,21,1,20.0,20.0
31766,10750,2,1,34.0,34.0
31767,10750,31,2,36.0,72.0
31768,10750,10,1,32.0,32.0
31769,10750,38,2,12.0,24.0
31770,10751,17,1,26.0,26.0
31771,10752,18,1,38.0,38.0
31772,10752,8,2,24.0,48.0
31773,10752,37,3,18.0,54.0
31774,10752,4,2,22.0,44.0
31775,10752,33,3,14.0,42.0
31776,10753,35,1,9.0,9.0
31777,10753,33,2,14.0,28.0
31778,10753,34,2,10.0,20.0
31779,10753,13,2,28.0,56.0
31780,10754,4,2,22.0,44.0
31781,10754,39,2,8.0,16.0
31782,10754,10,1,32.0,32.0
31783,10754,37,1,18.0,18.0
31784,10755,30,1,38.0,38.0
31785,10755,7,2,36.0,72.0
31786,10756,23,2,18.0,36.0
31787,10756,37,1,18.0,18.0
31788,10756,2,3,34.0,102.0
31789,10756,8,1,24.0,24.0
31790,10757,28,1,34.0,34.0
31791,10757,8,2,24.0,48.0
31792,10757,16,1,32.0,32.0
31793,10758,5,1,30.0,30.0
31794,10759,18,1,38.0,38.0
31795,10759,32,3,37.0,111.0
31796,10760,5,1,30.0,30.0
31797,10760,3,1,42.0,42.0
31798,10761,10,1,32.0,32.0
31799,10761,37,2,18.0,36.0
31800,10761,26,1,42.0,42.0
31801,10761,5,1,30.0,30.0
31802,10762,30,2,38.0,76.0
31803,10762,27,1,25.0,25.0
31804,10763,28,2,34.0,68.0
31805,10763,7,3,36.0,108.0
31806,10763,2,2,34.0,68.0
31807,10764,7,1,36.0,36.0
31808,10764,30,1,38.0,38.0
31809,10764,13,3,28.0,84.0
31810,10764,1,1,28.0,28.0
31811,10765,3,2,42.0,84.0
31812,10765,27,1,25.0,25.0
31813,10765,2,1,34.0,34.0
31814,10765,30,1,38.0,38.0
31815,10766,6,2,38.0,76.0
31816,10766,17,1,26.0,26.0
31817,10767,25,1,26.0,26.0
31818,10767,6,1,38.0,38.0
31819,10768,29,1,44.0,44.0
31820,10768,5,2,30.0,60.0
31821,10769,9,3,35.0,105.0
31822,10769,37,1,18.0,18.0
31823,10769,36,1,6.0,6.0
31824,10770,1,1,28.0,28.0
31825,10770,3,1,42.0,42.0
31826,10770,27,1,25.0,25.0
31827,10771,28,1,34.0,34.0
31828,10771,13,2,28.0,56.0
31829,10772,5,1,30.0,30.0
31830,10772,3,1,42.0,42.0
31831,10772,8,2,24.0,48.0
31832,10773,35,1,9.0,9.0
31833,10773,23,2,18.0,36.0
31834,10773,32,1,37.0,37.0
31835,10774,5,1,30.0,30.0
31836,10774,25,2,26.0,52.0
31837,10775,8,1,24.0,24.0
31838,10776,9,3,35.0,105.0
31839,10776,24,1,24.0,24.0
31840,10776,33,1,14.0,14.0
31841,10777,7,1,36.0,36.0
31842,10777,3,2,42.0,84.0
31843,10778,10,1,32.0,32.0
31844,10778,2,2,34.0,68.0
31845,10778,26,2,42.0,84.0
31846,10778,37,1,18.0,18.0
31847,10779,3,1,42.0,42.0
31848,10779,13,1,28.0,28.0
31849,10779,24,2,24.0,48.0
31850,10779,32,2,37.0,74.0
31851,10780,17,1,26.0,26.0
31852,10780,13,2,28.0,56.0
31853,10780,16,3,32.0,96.0
31854,10780,37,1,18.0,18.0
31855,10780,19,2,18.0,36.0
31856,10780,8,2,24.0,48.0
31857,10781,36,1,6.0,6.0
31858,10781,11,1,33.0,33.0
31859,10781,22,3,22.0,66.0
31860,10781,13,1,28.0,28.0
31861,10782,19,3,18.0,54.0
31862,10782,22,1,22.0,22.0
31863,10783,16,2,32.0,64.0
31864,10783,33,1,14.0,14.0
31865,10784,11,2,33.0,66.0
31866,10785,30,2,38.0,76.0
31867,10785,13,1,28.0,28.0
31868,10785,28,2,34.0,68.0
31869,10785,18,3,38.0,114.0
31870,10785,34,1,10.0,10.0
31871,10786,7,1,36.0,36.0
31872,10786,14,1,45.0,45.0
31873,10786,4,1,22.0,22.0
31874,10787,37,1,18.0,18.0
31875,10787,29,1,44.0,44.0
31876,10787,23,1,18.0,18.0
31877,10787,16,1,32.0,32.0
31878,10788,3,1,42.0,42.0
31879,10788,37,2,18.0,36.0
31880,10788,12,2,36.0,72.0
31881,10788,13,1,28.0,28.0
31882,10788,32,1,37.0,37.0
31883,10788,5,1,30.0,30.0
31884,10789,2,3,34.0,102.0
31885,10789,1,2,28.0,56.0
31886,10790,12,1,36.0,36.0
31887,10790,3,2,42.0,84.0
31888,10790,6,1,38.0,38.0
31889,10791,37,3,18.0,54.0
31890,10791,6,1,38.0,38.0
31891,10792,26,2,42.0,84.0
31892,10792,8,2,24.0,48.0
31893,10793,1,1,28.0,28.0
31894,10793,37,2,18.0,36.0
31895,10793,7,2,36.0,72.0
31896,10793,40,1,10.0,10.0
31897,10793,5,1,30.0,30.0
31898,10793,26,3,42.0,126.0
31899,10794,3,1,42.0,42.0
31900,10794,6,1,38.0,38.0
31901,10794,13,1,28.0,28.0
31902,10795,10,2,32.0,64.0
31903,10795,24,2,24.0,48.0
31904,10795,8,3,24.0,72.0
31905,10795,7,1,36.0,36.0
31906,10796,36,1,6.0,6.0
31907,10796,6,1,38.0,38.0
31908,10796,18,3,38.0,114.0
31909,10797,2,2,34.0,68.0
31910,10798,1,1,28.0,28.0
31911,10798,12,1,36.0,36.0
31912,10799,1,1,28.0,28.0
31913,10799,2,2,34.0,68.0
31914,10800,8,1,24.0,24.0
31915,10800,12,1,36.0,36.0
31916,10800,3,1,42.0,42.0
31917,10801,25,1,26.0,26.0
31918,10801,18,3,38.0,114.0
31919,10801,12,3,36.0,108.0
31920,10801,8,2,24.0,48.0
31921,10802,1,1,28.0,28.0
31922,10802,5,2,30.0,60.0
31923,10802,25,1,26.0,26.0
31924,10803,2,2,34.0,68.0
31925,10803,6,1,38.0,38.0
31926,10803,8,1,24.0,24.0
31927,10803,14,1,45.0,45.0
31928,10804,13,2,28.0,56.0
31929,10805,35,1,9.0,9.0
31930,10806,12,1,36.0,36.0
31931,10807,5,3,30.0,90.0
31932,10807,10,2,32.0,64.0
31933,10807,11,1,33.0,33.0
31934,10808,11,1,33.0,33.0
31935,10808,5,2,30.0,60.0
31936,10808,28,1,34.0,34.0
31937,10809,35,1,9.0,9.0
31938,10809,7,1,36.0,36.0
31939,10809,23,1,18.0,18.0
31940,10809,25,2,26.0,52.0
31941,10810,3,1,42.0,42.0
31942,10810,20,1,16.0,16.0
31943,10810,37,2,18.0,36.0
31944,10810,8,1,24.0,24.0
31945,10811,32,3,37.0,111.0
31946,10811,20,1,16.0,16.0
31947,10811,2,2,34.0,68.0
31948,10812,14,1,45.0,45.0
31949,10812,7,1,36.0,36.0
31950,10813,12,1,36.0,36.0
31951,10813,5,1,30.0,30.0
31952,10813,7,1,36.0,36.0
31953,10813,8,3,24.0,72.0
31954,10814,2,1,34.0,34.0
31955,10814,24,1,24.0,24.0
31956,10814,10,2,32.0,64.0
31957,10815,10,2,32.0,64.0
31958,10815,36,1,6.0,6.0
31959,10816,7,1,36.0,36.0
31960,10816,8,1,24.0,24.0
31961,10817,27,1,25.0,25.0
31962,10817,28,1,34.0,34.0
31963,10817,14,1,45.0,45.0
31964,10818,5,1,30.0,30.0
31965,10818,35,2,9.0,18.0
31966,10819,14,1,45.0,45.0
31967,10820,18,1,38.0,38.0
31968,10820,4,1,22.0,22.0
31969,10821,7,1,36.0,36.0
31970,10821,8,1,24.0,24.0
31971,10822,7,1,36.0,36.0
31972,10822,2,2,34.0,68.0
31973,10823,37,1,18.0,18.0
31974,10823,30,1,38.0,38.0
31975,10823,8,1,24.0,24.0
31976,10823,12,1,36.0,36.0
31977,10823,31,1,36.0,36.0
31978,10823,6,1,38.0,38.0
31979,10824,18,2,38.0,76.0
31980,10824,8,2,24.0,48.0
31981,10825,7,1,36.0,36.0
31982,10826,14,2,45.0,90.0
31983,10826,2,1,34.0,34.0
31984,10826,33,1,14.0,14.0
31985,10826,1,1,28.0,28.0
31986,10827,5,2,30.0,60.0
31987,10828,6,1,38.0,38.0
31988,10828,39,1,8.0,8.0
31989,10829,4,1,22.0,22.0
31990,10829,31,3,36.0,108.0
31991,10830,32,1,37.0,37.0
31992,10831,30,1,38.0,38.0
31993,10831,16,1,32.0,32.0
31994,10831,2,1,34.0,34.0
31995,10831,23,1,18.0,18.0
31996,10831,10,1,32.0,32.0
31997,10831,35,1,9.0,9.0
31998,10832,39,2,8.0,16.0
31999,10832,2,2,34.0,68.0
32000,10832,29,1,44.0,44.0
32001,10832,13,1,28.0,28.0
32002,10833,5,1,30.0,30.0
32003,10833,19,2,18.0,36.0
32004,10834,7,1,36.0,36.0
32005,10834,18,2,38.0,76.0
32006,10834,17,2,26.0,52.0
32007,10834,13,2,28.0,56.0
32008,10834,34,1,10.0,10.0
32009,10835,23,1,18.0,18.0
32010,10836,28,1,34.0,34.0
32011,10836,1,3,28.0,84.0
32012,10836,11,2,33.0,66.0
32013,10837,1,3,28.0,84.0
32014,10837,35,3,9.0,27.0
32015,10837,10,1,32.0,32.0
32016,10838,18,1,38.0,38.0
32017,10838,5,1,30.0,30.0
32018,10838,6,1,38.0,38.0
32019,10839,7,3,36.0,108.0
32020,10839,5,1,30.0,30.0
32021,10840,4,3,22.0,66.0
32022,10840,37,1,18.0,18.0
32023,10840,11,1,33.0,33.0
32024,10841,7,1,36.0,36.0
32025,10841,10,2,32.0,64.0
32026,10841,4,1,22.0,22.0
32027,10842,2,1,34.0,34.0
32028,10842,7,1,36.0,36.0
32029,10842,6,1,38.0,38.0
32030,10842,19,3,18.0,54.0
32031,10843,17,1,26.0,26.0
32032,10843,37,1,18.0,18.0
32033,10843,24,1,24.0,24.0
32034,10843,4,3,22.0,66.0
32035,10843,3,1,42.0,42.0
32036,10844,2,2,34.0,68.0
32037,10844,25,1,26.0,26.0
32038,10844,14,1,45.0,45.0
32039,10844,4,1,22.0,22.0
32040,10844,5,1,30.0,30.0
32041,10845,30,1,38.0,38.0
32042,10845,7,2,36.0,72.0
32043,10846,28,1,34.0,34.0
32044,10846,33,3,14.0,42.0
32045,10846,2,1,34.0,34.0
32046,10846,8,1,24.0,24.0
32047,10847,39,1,8.0,8.0
32048,10847,29,2,44.0,88.0
32049,10848,15,1,30.0,30.0
32050,10848,29,1,44.0,44.0
32051,10848,5,3,30.0,90.0
32052,10848,27,2,25.0,50.0
32053,10849,33,1,14.0,14.0
32054,10849,9,2,35.0,70.0
32055,10849,19,3,18.0,54.0
32056,10849,13,1,28.0,28.0
32057,10850,39,1,8.0,8.0
32058,10851,27,1,25.0,25.0
32059,10851,31,2,36.0,72.0
32060,10851,7,1,36.0,36.0
32061,10852,9,1,35.0,35.0
32062,10852,34,2,10.0,20.0
32063,10852,1,1,28.0,28.0
32064,10852,23,1,18.0,18.0
32065,10853,29,1,44.0,44.0
32066,10853,7,2,36.0,72.0
32067,10853,27,1,25.0,25.0
32068,10853,12,2,36.0,72.0
32069,10853,39,2,8.0,16.0
32070,10854,37,1,18.0,18.0
32071,10854,36,1,6.0,6.0
32072,10854,13,1,28.0,28.0
32073,10854,23,1,18.0,18.0
32074,10855,10,2,32.0,64.0
32075,10855,32,1,37.0,37.0
32076,10855,5,1,30.0,30.0
32077,10855,20,1,16.0,16.0
32078,10855,31,1,36.0,36.0
32079,10855,4,2,22.0,44.0
32080,10856,3,3,42.0,126.0
32081,10857,1,2,28.0,56.0
32082,10858,13,1,28.0,28.0
32083,10858,10,1,32.0,32.0
32084,10858,21,1,20.0,20.0
32085,10859,23,1,18.0,18.0
32086,10859,8,1,24.0,24.0
32087,10860,30,2,38.0,76.0
32088,10860,7,1,36.0,36.0
32089,10860,34,1,10.0,10.0
32090,10860,4,1,22.0,22.0
32091,10861,39,1,8.0,8.0
32092,10861,40,1,10.0,10.0
32093,10861,27,1,25.0,25.0
32094,10862,23,1,18.0,18.0
32095,10862,5,2,30.0,60.0
32096,10863,32,1,37.0,37.0
32097,10863,23,1,18.0,18.0
32098,10864,11,2,33.0,66.0
32099,10864,2,1,34.0,34.0
32100,10864,14,1,45.0,45.0
32101,10864,33,1,14.0,14.0
32102,10865,35,1,9.0,9.0
32103,10865,8,1,24.0,24.0
32104,10866,13,3,28.0,84.0
32105,10866,29,1,44.0,44.0
32106,10867,21,1,20.0,20.0
32107,10867,14,2,45.0,90.0
32108,10868,20,1,16.0,16.0
32109,10868,6,2,38.0,76.0
32110,10868,2,2,34.0,68.0
32111,10868,25,2,26.0,52.0
32112,10869,9,2,35.0,70.0
32113,10869,12,2,36.0,72.0
32114,10869,2,1,34.0,34.0
32115,10869,3,1,42.0,42.0
32116,10870,32,1,37.0,37.0
32117,10870,10,1,32.0,32.0
32118,10870,4,2,22.0,44.0
32119,10870,27,1,25.0,25.0
32120,10871,30,1,38.0,38.0
32121,10871,24,2,24.0,48.0
32122,10872,2,1,34.0,34.0
32123,10872,7,1,36.0,36.0
32124,10872,4,2,22.0,44.0
32125,10872,33,1,14.0,14.0
32126,10873,2,1,34.0,34.0
32127,10873,32,1,37.0,37.0
32128,10873,33,1,14.0,14.0
32129,10874,10,1,32.0,32.0
32130,10874,36,2,6.0,12.0
32131,10874,7,1,36.0,36.0
32132,10875,12,1,36.0,36.0
32133,10875,26,3,42.0,126.0
32134,10875,4,2,22.0,44.0
32135,10876,8,1,24.0,24.0
32136,10876,27,2,25.0,50.0
32137,10876,1,3,28.0,84.0
32138,10876,21,1,20.0,20.0
32139,10877,4,2,22.0,44.0
32140,10877,1,1,28.0,28.0
32141,10877,9,1,35.0,35.0
32142,10878,30,1,38.0,38.0
32143,10878,13,1,28.0,28.0
32144,10878,1,2,28.0,56.0
32145,10878,8,2,24.0,48.0
32146,10879,7,2,36.0,72.0
32147,10880,29,1,44.0,44.0
32148,10881,33,1,14.0,14.0
32149,10881,16,1,32.0,32.0
32150,10881,7,3,36.0,108.0
32151,10882,12,1,36.0,36.0
32152,10883,29,3,44.0,132.0
32153,10883,10,2,32.0,64.0
32154,10884,4,3,22.0,66.0
32155,10885,31,1,36.0,36.0
32156,10885,23,2,18.0,36.0
32157,10886,3,2,42.0,84.0
32158,10886,18,1,38.0,38.0
32159,10887,12,1,36.0,36.0
32160,10887,13,3,28.0,84.0
32161,10887,1,1,28.0,28.0
32162,10887,25,2,26.0,52.0
32163,10888,28,1,34.0,34.0
32164,10888,9,1,35.0,35.0
32165,10889,12,1,36.0,36.0
32166,10889,7,2,36.0,72.0
32167,10889,14,1,45.0,45.0
32168,10889,1,1,28.0,28.0
32169,10889,25,3,26.0,78.0
32170,10890,12,2,36.0,72.0
32171,10890,14,2,45.0,90.0
32172,10891,4,1,22.0,22.0
32173,10891,10,1,32.0,32.0
32174,10891,35,2,9.0,18.0
32175,10891,2,1,34.0,34.0
32176,10892,2,1,34.0,34.0
32177,10892,40,1,10.0,10.0
32178,10892,37,2,18.0,36.0
32179,10892,35,1,9.0,9.0
32180,10892,7,1,36.0,36.0
32181,10893,22,2,22.0,44.0
32182,10894,37,3,18.0,54.0
32183,10894,14,2,45.0,90.0
32184,10895,5,1,30.0,30.0
32185,10895,6,2,38.0,76.0
32186,10895,26,2,42.0,84.0
32187,10895,9,1,35.0,35.0
32188,10895,38,1,12.0,12.0
32189,10896,36,1,6.0,6.0
32190,10896,4,1,22.0,22.0
32191,10896,14,2,45.0,90.0
32192,10897,21,3,20.0,60.0
32193,10897,20,1,16.0,16.0
32194,10897,23,1,18.0,18.0
32195,10898,15,2,30.0,60.0
32196,10898,2,3,34.0,102.0
32197,10898,35,1,9.0,9.0
32198,10899,3,1,42.0,42.0
32199,10899,7,2,36.0,72.0
32200,10899,22,2,22.0,44.0
32201,10899,18,1,38.0,38.0
32202,10899,13,2,28.0,56.0
32203,10900,6,1,38.0,38.0
32204,10900,2,2,34.0,68.0
32205,10901,30,2,38.0,76.0
32206,10901,18,3,38.0,114.0
32207,10902,8,2,24.0,48.0
32208,10902,35,2,9.0,18.0
32209,10903,36,3,6.0,18.0
32210,10903,16,1,32.0,32.0
32211,10903,6,1,38.0,38.0
32212,10903,1,3,28.0,84.0
32213,10903,3,2,42.0,84.0
32214,10904,5,1,30.0,30.0
32215,10904,27,2,25.0,50.0
32216,10904,1,1,28.0,28.0
32217,10905,10,1,32.0,32.0
32218,10905,37,1,18.0,18.0
32219,10905,19,1,18.0,18.0
32220,10906,1,2,28.0,56.0
32221,10906,32,3,37.0,111.0
32222,10906,5,2,30.0,60.0
32223,10906,18,1,38.0,38.0
32224,10907,23,3,18.0,54.0
32225,10907,30,1,38.0,38.0
32226,10908,1,1,28.0,28.0
32227,10908,6,1,38.0,38.0
32228,10908,11,2,33.0,66.0
32229,10908,7,1,36.0,36.0
32230,10909,30,2,38.0,76.0
32231,10910,15,3,30.0,90.0
32232,10910,22,2,22.0,44.0
32233,10910,9,1,35.0,35.0
32234,10910,21,1,20.0,20.0
32235,10910,20,1,16.0,16.0
32236,10911,10,1,32.0,32.0
32237,10911,17,1,26.0,26.0
32238,10912,5,2,30.0,60.0
32239,10913,33,1,14.0,14.0
32240,10913,7,2,36.0,72.0
32241,10914,6,1,38.0,38.0
32242,10914,36,1,6.0,6.0
32243,10915,6,1,38.0,38.0
32244,10915,3,1,42.0,42.0
32245,10915,1,1,28.0,28.0
32246,10916,16,3,32.0,96.0
32247,10917,8,1,24.0,24.0
32248,10917,21,1,20.0,20.0
32249,10918,12,1,36.0,36.0
32250,10918,13,1,28.0,28.0
32251,10918,21,1,20.0,20.0
32252,10919,11,2,33.0,66.0
32253,10919,6,2,38.0,76.0
32254,10919,24,1,24.0,24.0
32255,10919,2,3,34.0,102.0
32256,10920,35,1,9.0,9.0
32257,10920,2,1,34.0,34.0
32258,10921,32,1,37.0,37.0
32259,10921,4,2,22.0,44.0
32260,10921,3,2,42.0,84.0
32261,10921,10,2,32.0,64.0
32262,10922,36,1,6.0,6.0
32263,10922,28,1,34.0,34.0
32264,10922,37,1,18.0,18.0
32265,10922,7,2,36.0,72.0
32266,10923,1,1,28.0,28.0
32267,10923,14,2,45.0,90.0
32268,10923,9,2,35.0,70.0
32269,10924,7,1,36.0,36.0
32270,10924,1,1,28.0,28.0
32271,10924,39,1,8.0,8.0
32272,10925,24,1,24.0,24.0
32273,10925,7,1,36.0,36.0
32274,10925,33,1,14.0,14.0
32275,10925,3,1,42.0,42.0
32276,10926,12,1,36.0,36.0
32277,10926,1,2,28.0,56.0
32278,10926,36,1,6.0,6.0
32279,10926,33,3,14.0,42.0
32280,10927,19,2,18.0,36.0
32281,10927,7,1,36.0,36.0
32282,10928,15,2,30.0,60.0
32283,10928,6,1,38.0,38.0
32284,10928,24,1,24.0,24.0
32285,10928,8,1,24.0,24.0
32286,10929,37,3,18.0,54.0
32287,10930,1,1,28.0,28.0
32288,10930,3,2,42.0,84.0
32289,10930,6,1,38.0,38.0
32290,10931,12,3,36.0,108.0
32291,10931,38,1,12.0,12.0
32292,10931,13,1,28.0,28.0
32293,10931,26,1,42.0,42.0
32294,10932,23,2,18.0,36.0
32295,10932,2,2,34.0,68.0
32296,10932,24,1,24.0,24.0
32297,10933,34,3,10.0,30.0
32298,10933,6,2,38.0,76.0
32299,10933,8,1,24.0,24.0
32300,10933,19,1,18.0,18.0
32301,10934,9,1,35.0,35.0
32302,10934,28,1,34.0,34.0
32303,10934,3,2,42.0,84.0
32304,10935,23,1,18.0,18.0
32305,10935,32,1,37.0,37.0
32306,10935,10,1,32.0,32.0
32307,10935,6,1,38.0,38.0
32308,10936,32,3,37.0,111.0
32309,10936,20,1,16.0,16.0
32310,10936,7,3,36.0,108.0
32311,10936,2,2,34.0,68.0
32312,10937,7,1,36.0,36.0
32313,10937,23,2,18.0,36.0
32314,10937,2,1,34.0,34.0
32315,10938,10,1,32.0,32.0
32316,10938,7,1,36.0,36.0
32317,10938,21,3,20.0,60.0
32318,10938,12,2,36.0,72.0
32319,10939,34,1,10.0,10.0
32320,10940,6,1,38.0,38.0
32321,10940,7,1,36.0,36.0
32322,10941,17,1,26.0,26.0
32323,10941,33,2,14.0,28.0
32324,10941,2,1,34.0,34.0
32325,10941,4,1,22.0,22.0
32326,10942,4,1,22.0,22.0
32327,10942,1,1,28.0,28.0
32328,10942,29,1,44.0,44.0
32329,10943,5,1,30.0,30.0
32330,10943,15,1,30.0,30.0
32331,10943,33,2,14.0,28.0
32332,10944,30,1,38.0,38.0
32333,10944,24,2,24.0,48.0
32334,10945,2,1,34.0,34.0
32335,10945,6,1,38.0,38.0
32336,10945,10,2,32.0,64.0
32337,10945,9,2,35.0,70.0
32338,10945,17,3,26.0,78.0
32339,10946,37,1,18.0,18.0
32340,10946,24,1,24.0,24.0
32341,10946,3,2,42.0,84.0
32342,10946,5,1,30.0,30.0
32343,10946,4,1,22.0,22.0
32344,10947,7,1,36.0,36.0
32345,10947,31,2,36.0,72.0
32346,10947,18,1,38.0,38.0
32347,10948,24,2,24.0,48.0
32348,10948,25,1,26.0,26.0
32349,10948,39,1,8.0,8.0
32350,10949,7,1,36.0,36.0
32351,10950,22,2,22.0,44.0
32352,10950,18,1,38.0,38.0
32353,10951,10,2,32.0,64.0
32354,10951,5,2,30.0,60.0
32355,10951,2,1,34.0,34.0
32356,10952,4,1,22.0,22.0
32357,10952,5,3,30.0,90.0
32358,10952,25,1,26.0,26.0
32359,10953,5,1,30.0,30.0
32360,10953,7,3,36.0,108.0
32361,10953,17,1,26.0,26.0
32362,10953,3,1,42.0,42.0
32363,10954,3,2,42.0,84.0
32364,10954,25,1,26.0,26.0
32365,10954,32,2,37.0,74.0
32366,10955,32,1,37.0,37.0
32367,10955,22,1,22.0,22.0
32368,10955,6,1,38.0,38.0
32369,10956,36,1,6.0,6.0
32370,10956,23,1,18.0,18.0
32371,10957,7,1,36.0,36.0
32372,10957,22,1,22.0,22.0
32373,10957,35,2,9.0,18.0
32374,10958,3,1,42.0,42.0
32375,10958,32,2,37.0,74.0
32376,10959,18,1,38.0,38.0
32377,10959,34,2,10.0,20.0
32378,10959,32,3,37.0,111.0
32379,10960,13,1,28.0,28.0
32380,10961,21,1,20.0,20.0
32381,10961,5,1,30.0,30.0
32382,10961,8,2,24.0,48.0
32383,10962,25,1,26.0,26.0
32384,10962,20,1,16.0,16.0
32385,10962,18,1,38.0,38.0
32386,10963,25,1,26.0,26.0
32387,10963,10,1,32.0,32.0
32388,10963,13,1,28.0,28.0
32389,10964,32,1,37.0,37.0
32390,10964,28,1,34.0,34.0
32391,10965,25,2,26.0,52.0
32392,10965,8,1,24.0,24.0
32393,10965,37,1,18.0,18.0
32394,10965,2,2,34.0,68.0
32395,10965,24,1,24.0,24.0
32396,10966,38,2,12.0,24.0
32397,10966,32,1,37.0,37.0
32398,10967,25,2,26.0,52.0
32399,10967,8,2,24.0,48.0
32400,10967,5,1,30.0,30.0
32401,10967,7,1,36.0,36.0
32402,10967,34,1,10.0,10.0
32403,10968,36,2,6.0,12.0
32404,10968,30,3,38.0,114.0
32405,10969,40,1,10.0,10.0
32406,10970,33,2,14.0,28.0
32407,10970,23,2,18.0,36.0
32408,10971,25,2,26.0,52.0
32409,10971,19,1,18.0,18.0
32410,10972,13,3,28.0,84.0
32411,10972,7,3,36.0,108.0
32412,10972,1,1,28.0,28.0
32413,10972,28,1,34.0,34.0
32414,10973,30,1,38.0,38.0
32415,10973,26,1,42.0,42.0
32416,10973,1,1,28.0,28.0
32417,10974,26,2,42.0,84.0
32418,10974,17,1,26.0,26.0
32419,10974,37,3,18.0,54.0
32420,10974,4,1,22.0,22.0
32421,10974,13,1,28.0,28.0
32422,10975,36,1,6.0,6.0
32423,10975,10,1,32.0,32.0
32424,10976,16,2,32.0,64.0
32425,10976,34,1,10.0,10.0
32426,10976,5,1,30.0,30.0
32427,10977,21,1,20.0,20.0
32428,10977,29,1,44.0,44.0
32429,10978,24,2,24.0,48.0
32430,10978,4,1,22.0,22.0
32431,10978,10,1,32.0,32.0
32432,10979,10,2,32.0,64.0
32433,10979,9,1,35.0,35.0
32434,10979,15,1,30.0,30.0
32435,10979,2,1,34.0,34.0
32436,10979,24,2,24.0,48.0
32437,10980,37,3,18.0,54.0
32438,10980,6,1,38.0,38.0
32439,10981,3,1,42.0,42.0
32440,10981,32,2,37.0,74.0
32441,10982,24,2,24.0,48.0
32442,10982,2,1,34.0,34.0
32443,10982,17,2,26.0,52.0
32444,10982,34,1,10.0,10.0
32445,10982,12,2,36.0,72.0
32446,10983,15,1,30.0,30.0
32447,10983,25,1,26.0,26.0
32448,10983,18,1,38.0,38.0
32449,10984,31,1,36.0,36.0
32450,10984,1,2,28.0,56.0
32451,10985,30,1,38.0,38.0
32452,10985,15,3,30.0,90.0
32453,10986,35,1,9.0,9.0
32454,10986,14,2,45.0,90.0
32455,10986,8,2,24.0,48.0
32456,10986,2,1,34.0,34.0
32457,10987,37,1,18.0,18.0
32458,10987,24,2,24.0,48.0
32459,10987,18,2,38.0,76.0
32460,10988,39,1,8.0,8.0
32461,10988,12,1,36.0,36.0
32462,10988,22,3,22.0,66.0
32463,10989,12,2,36.0,72.0
32464,10989,30,1,38.0,38.0
32465,10989,36,1,6.0,6.0
32466,10989,11,1,33.0,33.0
32467,10989,8,1,24.0,24.0
32468,10990,15,1,30.0,30.0
32469,10990,21,3,20.0,60.0
32470,10990,4,1,22.0,22.0
32471,10991,9,1,35.0,35.0
32472,10991,4,1,22.0,22.0
32473,10991,21,3,20.0,60.0
32474,10991,37,1,18.0,18.0
32475,10991,33,2,14.0,28.0
32476,10992,20,1,16.0,16.0
32477,10992,27,1,25.0,25.0
32478,10992,26,1,42.0,42.0
32479,10993,32,3,37.0,111.0
32480,10993,23,1,18.0,18.0
32481,10993,6,2,38.0,76.0
32482,10994,8,2,24.0,48.0
32483,10995,25,2,26.0,52.0
32484,10995,16,1,32.0,32.0
32485,10995,1,2,28.0,56.0
32486,10995,10,2,32.0,64.0
32487,10996,25,1,26.0,26.0
32488,10996,8,1,24.0,24.0
32489,10997,7,2,36.0,72.0
32490,10998,28,2,34.0,68.0
32491,10999,15,3,30.0,90.0
32492,10999,3,2,42.0,84.0
32493,10999,28,2,34.0,68.0
32494,10999,12,1,36.0,36.0
32495,11000,16,1,32.0,32.0
32496,11001,23,1,18.0,18.0
32497,11001,18,1,38.0,38.0
32498,11001,24,1,24.0,24.0
32499,11001,35,3,9.0,27.0
32500,11002,8,1,24.0,24.0
32501,11002,21,1,20.0,20.0
32502,11002,24,2,24.0,48.0
32503,11003,25,1,26.0,26.0
32504,11003,36,2,6.0,12.0
32505,11003,2,2,34.0,68.0
32506,11003,6,2,38.0,76.0
32507,11003,7,1,36.0,36.0
32508,11004,6,2,38.0,76.0
32509,11004,3,1,42.0,42.0
32510,11004,25,1,26.0,26.0
32511,11005,7,2,36.0,72.0
32512,11005,9,1,35.0,35.0
32513,11005,19,3,18.0,54.0
32514,11005,21,2,20.0,40.0
32515,11006,17,1,26.0,26.0
32516,11006,33,1,14.0,14.0
32517,11006,36,2,6.0,12.0
32518,11006,23,1,18.0,18.0
32519,11007,32,2,37.0,74.0
32520,11007,2,2,34.0,68.0
32521,11007,23,2,18.0,36.0
32522,11008,3,1,42.0,42.0
32523,11008,16,1,32.0,32.0
32524,11008,18,2,38.0,76.0
32525,11009,22,1,22.0,22.0
32526,11009,16,2,32.0,64.0
32527,11010,7,1,36.0,36.0
32528,11010,10,3,32.0,96.0
32529,11011,7,1,36.0,36.0
32530,11011,26,1,42.0,42.0
32531,11012,33,1,14.0,14.0
32532,11012,5,1,30.0,30.0
32533,11013,36,1,6.0,6.0
32534,11013,6,1,38.0,38.0
32535,11013,3,1,42.0,42.0
32536,11013,25,2,26.0,52.0
32537,11013,16,2,32.0,64.0
32538,11013,13,3,28.0,84.0
32539,11014,29,1,44.0,44.0
32540,11014,5,1,30.0,30.0
32541,11014,22,2,22.0,44.0
32542,11014,35,1,9.0,9.0
32543,11015,8,1,24.0,24.0
32544,11015,11,2,33.0,66.0
32545,11015,19,2,18.0,36.0
32546,11015,7,1,36.0,36.0
32547,11015,14,1,45.0,45.0
32548,11016,28,2,34.0,68.0
32549,11016,30,2,38.0,76.0
32550,11016,9,1,35.0,35.0
32551,11016,7,1,36.0,36.0
32552,11017,13,1,28.0,28.0
32553,11017,10,1,32.0,32.0
32554,11017,37,1,18.0,18.0
32555,11018,13,2,28.0,56.0
32556,11018,4,1,22.0,22.0
32557,11019,4,1,22.0,22.0
32558,11019,7,1,36.0,36.0
32559,11019,20,2,16.0,32.0
32560,11020,7,1,36.0,36.0
32561,11020,4,2,22.0,44.0
32562,11020,25,1,26.0,26.0
32563,11021,5,1,30.0,30.0
32564,11021,30,1,38.0,38.0
32565,11021,27,1,25.0,25.0
32566,11021,25,1,26.0,26.0
32567,11021,19,1,18.0,18.0
32568,11021,6,1,38.0,38.0
32569,11022,11,3,33.0,99.0
32570,11023,18,1,38.0,38.0
32571,11023,9,1,35.0,35.0
32572,11024,17,1,26.0,26.0
32573,11024,32,1,37.0,37.0
32574,11025,32,1,37.0,37.0
32575,11025,10,1,32.0,32.0
32576,11025,5,3,30.0,90.0
32577,11025,37,1,18.0,18.0
32578,11026,6,1,38.0,38.0
32579,11026,5,1,30.0,30.0
32580,11027,7,1,36.0,36.0
32581,11027,6,2,38.0,76.0
32582,11028,22,1,22.0,22.0
32583,11028,1,2,28.0,56.0
32584,11029,26,1,42.0,42.0
32585,11029,5,2,30.0,60.0
32586,11029,1,1,28.0,28.0
32587,11029,21,1,20.0,20.0
32588,11029,31,1,36.0,36.0
32589,11030,26,2,42.0,84.0
32590,11030,37,1,18.0,18.0
32591,11030,10,1,32.0,32.0
32592,11031,33,1,14.0,14.0
32593,11031,6,1,38.0,38.0
32594,11031,23,1,18.0,18.0
32595,11031,17,2,26.0,52.0
32596,11032,3,1,42.0,42.0
32597,11033,33,1,14.0,14.0
32598,11033,5,1,30.0,30.0
32599,11033,11,1,33.0,33.0
32600,11033,35,1,9.0,9.0
32601,11033,18,1,38.0,38.0
32602,11034,9,1,35.0,35.0
32603,11034,8,3,24.0,72.0
32604,11034,23,3,18.0,54.0
32605,11035,23,1,18.0,18.0
32606,11035,12,1,36.0,36.0
32607,11035,20,2,16.0,32.0
32608,11035,16,2,32.0,64.0
32609,11036,37,1,18.0,18.0
32610,11036,27,3,25.0,75.0
32611,11036,26,1,42.0,42.0
32612,11036,15,1,30.0,30.0
32613,11036,39,1,8.0,8.0
32614,11037,8,2,24.0,48.0
32615,11037,5,1,30.0,30.0
32616,11037,18,3,38.0,114.0
32617,11037,2,1,34.0,34.0
32618,11037,35,1,9.0,9.0
32619,11038,35,3,9.0,27.0
32620,11038,30,1,38.0,38.0
32621,11038,39,3,8.0,24.0
32622,11038,3,1,42.0,42.0
32623,11039,6,1,38.0,38.0
32624,11039,37,2,18.0,36.0
32625,11039,7,1,36.0,36.0
32626,11039,33,1,14.0,14.0
32627,11039,2,1,34.0,34.0
32628,11040,7,1,36.0,36.0
32629,11040,8,2,24.0,48.0
32630,11040,5,2,30.0,60.0
32631,11040,1,1,28.0,28.0
32632,11040,23,1,18.0,18.0
32633,11041,26,1,42.0,42.0
32634,11041,4,2,22.0,44.0
32635,11041,7,1,36.0,36.0
32636,11042,34,1,10.0,10.0
32637,11042,4,1,22.0,22.0
32638,11043,26,1,42.0,42.0
32639,11043,2,1,34.0,34.0
32640,11044,34,1,10.0,10.0
32641,11044,5,1,30.0,30.0
32642,11044,26,1,42.0,42.0
32643,11045,5,2,30.0,60.0
32644,11045,8,1,24.0,24.0
32645,11045,23,1,18.0,18.0
32646,11045,33,1,14.0,14.0
32647,11045,15,2,30.0,60.0
32648,11046,20,1,16.0,16.0
32649,11046,8,2,24.0,48.0
32650,11046,28,2,34.0,68.0
32651,11047,13,1,28.0,28.0
32652,11047,30,2,38.0,76.0
32653,11048,5,1,30.0,30.0
32654,11048,9,2,35.0,70.0
32655,11049,6,2,38.0,76.0
32656,11049,38,2,12.0,24.0
32657,11049,20,1,16.0,16.0
32658,11050,30,1,38.0,38.0
32659,11050,16,1,32.0,32.0
32660,11050,25,1,26.0,26.0
32661,11050,31,1,36.0,36.0
32662,11050,37,1,18.0,18.0
32663,11051,37,3,18.0,54.0
32664,11051,23,1,18.0,18.0
32665,11052,23,1,18.0,18.0
32666,11052,32,1,37.0,37.0
32667,11052,2,2,34.0,68.0
32668,11053,26,1,42.0,42.0
32669,11053,9,1,35.0,35.0
32670,11053,8,2,24.0,48.0
32671,11054,35,1,9.0,9.0
32672,11054,13,2,28.0,56.0
32673,11055,25,1,26.0,26.0
32674,11055,21,3,20.0,60.0
32675,11056,2,1,34.0,34.0
32676,11056,6,2,38.0,76.0
32677,11056,23,2,18.0,36.0
32678,11056,39,3,8.0,24.0
32679,11056,31,1,36.0,36.0
32680,11057,28,2,34.0,68.0
32681,11057,29,1,44.0,44.0
32682,11057,7,1,36.0,36.0
32683,11058,3,2,42.0,84.0
32684,11059,8,1,24.0,24.0
32685,11059,23,1,18.0,18.0
32686,11060,13,2,28.0,56.0
32687,11060,5,2,30.0,60.0
32688,11060,16,2,32.0,64.0
32689,11060,8,1,24.0,24.0
32690,11061,32,1,37.0,37.0
32691,11061,13,1,28.0,28.0
32692,11061,8,1,24.0,24.0
32693,11061,40,2,10.0,20.0
32694,11061,6,1,38.0,38.0
32695,11061,18,2,38.0,76.0
32696,11062,37,3,18.0,54.0
32697,11063,27,1,25.0,25.0
32698,11064,7,1,36.0,36.0
32699,11064,12,2,36.0,72.0
32700,11064,27,2,25.0,50.0
32701,11065,32,2,37.0,74.0
32702,11065,15,2,30.0,60.0
32703,11065,8,1,24.0,24.0
32704,11066,34,2,10.0,20.0
32705,11066,30,1,38.0,38.0
32706,11066,7,1,36.0,36.0
32707,11067,37,2,18.0,36.0
32708,11067,28,1,34.0,34.0
32709,11068,34,1,10.0,10.0
32710,11069,25,1,26.0,26.0
32711,11069,35,3,9.0,27.0
32712,11070,7,2,36.0,72.0
32713,11071,24,2,24.0,48.0
32714,11072,8,1,24.0,24.0
32715,11072,7,2,36.0,72.0
32716,11073,12,1,36.0,36.0
32717,11073,6,1,38.0,38.0
32718,11073,17,2,26.0,52.0
32719,11073,3,2,42.0,84.0
32720,11074,21,1,20.0,20.0
32721,11074,25,1,26.0,26.0
32722,11074,2,2,34.0,68.0
32723,11074,8,1,24.0,24.0
32724,11074,7,2,36.0,72.0
32725,11075,6,3,38.0,114.0
32726,11075,37,2,18.0,36.0
32727,11075,15,3,30.0,90.0
32728,11075,28,1,34.0,34.0
32729,11076,5,2,30.0,60.0
32730,11076,3,1,42.0,42.0
32731,11076,21,1,20.0,20.0
32732,11076,1,3,28.0,84.0
32733,11076,6,1,38.0,38.0
32734,11076,35,1,9.0,9.0
32735,11077,27,1,25.0,25.0
32736,11077,10,1,32.0,32.0
32737,11077,2,1,34.0,34.0
32738,11078,27,2,25.0,50.0
32739,11078,22,1,22.0,22.0
32740,11078,17,2,26.0,52.0
32741,11078,5,2,30.0,60.0
32742,11079,35,2,9.0,18.0
32743,11079,1,1,28.0,28.0
32744,11080,19,1,18.0,18.0
32745,11080,37,1,18.0,18.0
32746,11081,27,1,25.0,25.0
32747,11081,5,1,30.0,30.0
32748,11082,2,3,34.0,102.0
32749,11083,27,1,25.0,25.0
32750,11084,24,3,24.0,72.0
32751,11084,19,2,18.0,36.0
32752,11084,8,1,24.0,24.0
32753,11085,24,2,24.0,48.0
32754,11085,32,1,37.0,37.0
32755,11085,8,3,24.0,72.0
32756,11086,21,1,20.0,20.0
32757,11086,37,1,18.0,18.0
32758,11087,25,1,26.0,26.0
32759,11087,18,2,38.0,76.0
32760,11088,1,1,28.0,28.0
32761,11088,40,1,10.0,10.0
32762,11088,29,3,44.0,132.0
32763,11089,15,2,30.0,60.0
32764,11089,5,2,30.0,60.0
32765,11090,37,2,18.0,36.0
32766,11090,12,2,36.0,72.0
32767,11090,20,3,16.0,48.0
32768,11090,22,3,22.0,66.0
32769,11090,32,3,37.0,111.0
32770,11091,16,1,32.0,32.0
32771,11092,11,2,33.0,66.0
32772,11092,32,1,37.0,37.0
32773,11092,24,2,24.0,48.0
32774,11093,23,2,18.0,36.0
32775,11093,10,2,32.0,64.0
32776,11094,21,1,20.0,20.0
32777,11094,7,1,36.0,36.0
32778,11094,37,1,18.0,18.0
32779,11095,5,3,30.0,90.0
32780,11095,7,1,36.0,36.0
32781,11095,9,2,35.0,70.0
32782,11095,24,2,24.0,48.0
32783,11095,15,3,30.0,90.0
32784,11095,10,1,32.0,32.0
32785,11096,14,1,45.0,45.0
32786,11096,7,1,36.0,36.0
32787,11096,9,2,35.0,70.0
32788,11096,8,1,24.0,24.0
32789,11096,2,1,34.0,34.0
32790,11097,5,2,30.0,60.0
32791,11097,3,1,42.0,42.0
32792,11098,24,2,24.0,48.0
32793,11099,10,1,32.0,32.0
32794,11099,7,2,36.0,72.0
32795,11099,19,2,18.0,36.0
32796,11099,4,2,22.0,44.0
32797,11100,36,3,6.0,18.0
32798,11101,15,2,30.0,60.0
32799,11101,16,2,32.0,64.0
32800,11101,34,1,10.0,10.0
32801,11102,36,1,6.0,6.0
32802,11102,17,3,26.0,78.0
32803,11103,23,2,18.0,36.0
32804,11103,17,1,26.0,26.0
32805,11104,5,1,30.0,30.0
32806,11104,30,3,38.0,114.0
32807,11104,2,1,34.0,34.0
32808,11104,1,1,28.0,28.0
32809,11105,37,2,18.0,36.0
32810,11105,32,1,37.0,37.0
32811,11105,5,2,30.0,60.0
32812,11105,35,2,9.0,18.0
32813,11106,8,1,24.0,24.0
32814,11106,14,2,45.0,90.0
32815,11106,26,2,42.0,84.0
32816,11107,34,2,10.0,20.0
32817,11107,24,1,24.0,24.0
32818,11107,1,2,28.0,56.0
32819,11107,18,3,38.0,114.0
32820,11107,37,1,18.0,18.0
32821,11108,1,1,28.0,28.0
32822,11108,2,2,34.0,68.0
32823,11108,28,1,34.0,34.0
32824,11108,40,1,10.0,10.0
32825,11109,5,1,30.0,30.0
32826,11109,10,2,32.0,64.0
32827,11109,11,1,33.0,33.0
32828,11109,21,1,20.0,20.0
32829,11110,7,1,36.0,36.0
32830,11110,22,1,22.0,22.0
32831,11110,24,1,24.0,24.0
32832,11110,32,1,37.0,37.0
32833,11111,28,2,34.0,68.0
32834,11111,27,1,25.0,25.0
32835,11111,2,1,34.0,34.0
32836,11111,18,3,38.0,114.0
32837,11112,4,1,22.0,22.0
32838,11112,36,1,6.0,6.0
32839,11112,30,1,38.0,38.0
32840,11112,24,2,24.0,48.0
32841,11113,8,3,24.0,72.0
32842,11113,3,1,42.0,42.0
32843,11114,6,1,38.0,38.0
32844,11114,36,2,6.0,12.0
32845,11114,33,2,14.0,28.0
32846,11114,2,3,34.0,102.0
32847,11114,8,2,24.0,48.0
32848,11114,34,1,10.0,10.0
32849,11115,2,1,34.0,34.0
32850,11115,21,1,20.0,20.0
32851,11116,33,2,14.0,28.0
32852,11116,28,1,34.0,34.0
32853,11116,7,1,36.0,36.0
32854,11117,27,1,25.0,25.0
32855,11117,4,1,22.0,22.0
32856,11118,37,1,18.0,18.0
32857,11118,9,2,35.0,70.0
32858,11119,21,2,20.0,40.0
32859,11119,8,1,24.0,24.0
32860,11119,16,3,32.0,96.0
32861,11120,9,1,35.0,35.0
32862,11121,6,1,38.0,38.0
32863,11121,27,1,25.0,25.0
32864,11121,8,1,24.0,24.0
32865,11122,8,1,24.0,24.0
32866,11122,25,3,26.0,78.0
32867,11122,7,3,36.0,108.0
32868,11123,5,1,30.0,30.0
32869,11123,21,1,20.0,20.0
32870,11123,10,1,32.0,32.0
32871,11123,22,2,22.0,44.0
32872,11123,25,2,26.0,52.0
32873,11124,7,1,36.0,36.0
32874,11124,10,1,32.0,32.0
32875,11124,26,1,42.0,42.0
32876,11125,7,1,36.0,36.0
32877,11125,26,1,42.0,42.0
32878,11125,11,1,33.0,33.0
32879,11126,3,2,42.0,84.0
32880,11126,32,1,37.0,37.0
32881,11127,5,3,30.0,90.0
32882,11127,32,2,37.0,74.0
32883,11128,35,1,9.0,9.0
32884,11128,10,1,32.0,32.0
32885,11128,1,2,28.0,56.0
32886,11129,15,1,30.0,30.0
32887,11129,37,2,18.0,36.0
32888,11130,13,1,28.0,28.0
32889,11130,6,3,38.0,114.0
32890,11130,2,3,34.0,102.0
32891,11130,31,1,36.0,36.0
32892,11130,7,2,36.0,72.0
32893,11130,27,2,25.0,50.0
32894,11131,37,1,18.0,18.0
32895,11131,22,1,22.0,22.0
32896,11131,1,1,28.0,28.0
32897,11131,16,3,32.0,96.0
32898,11131,21,1,20.0,20.0
32899,11132,13,3,28.0,84.0
32900,11132,18,1,38.0,38.0
32901,11133,16,1,32.0,32.0
32902,11133,30,1,38.0,38.0
32903,11133,1,1,28.0,28.0
32904,11133,21,1,20.0,20.0
32905,11133,18,2,38.0,76.0
32906,11133,6,1,38.0,38.0
32907,11134,33,1,14.0,14.0
32908,11134,37,1,18.0,18.0
32909,11134,29,1,44.0,44.0
32910,11134,2,1,34.0,34.0
32911,11135,7,2,36.0,72.0
32912,11136,7,1,36.0,36.0
32913,11137,22,2,22.0,44.0
32914,11137,23,1,18.0,18.0
32915,11138,23,1,18.0,18.0
32916,11138,9,1,35.0,35.0
32917,11139,40,2,10.0,20.0
32918,11139,15,1,30.0,30.0
32919,11140,13,2,28.0,56.0
32920,11140,1,2,28.0,56.0
32921,11140,2,1,34.0,34.0
32922,11140,38,1,12.0,12.0
32923,11141,10,1,32.0,32.0
32924,11141,5,1,30.0,30.0
32925,11141,1,3,28.0,84.0
32926,11141,40,1,10.0,10.0
32927,11141,12,1,36.0,36.0
32928,11142,3,1,42.0,42.0
32929,11142,38,2,12.0,24.0
32930,11142,13,1,28.0,28.0
32931,11142,8,1,24.0,24.0
32932,11143,5,3,30.0,90.0
32933,11143,12,2,36.0,72.0
32934,11143,27,1,25.0,25.0
32935,11144,16,1,32.0,32.0
32936,11144,12,1,36.0,36.0
32937,11145,2,1,34.0,34.0
32938,11145,20,1,16.0,16.0
32939,11146,20,1,16.0,16.0
32940,11146,12,2,36.0,72.0
32941,11146,37,3,18.0,54.0
32942,11147,5,2,30.0,60.0
32943,11148,2,1,34.0,34.0
32944,11148,11,1,33.0,33.0
32945,11148,5,1,30.0,30.0
32946,11148,7,2,36.0,72.0
32947,11149,5,2,30.0,60.0
32948,11149,11,3,33.0,99.0
32949,11149,18,1,38.0,38.0
32950,11149,37,1,18.0,18.0
32951,11149,2,1,34.0,34.0
32952,11150,1,2,28.0,56.0
32953,11150,22,3,22.0,66.0
32954,11151,33,1,14.0,14.0
32955,11151,3,1,42.0,42.0
32956,11152,32,3,37.0,111.0
32957,11152,12,1,36.0,36.0
32958,11153,21,1,20.0,20.0
32959,11153,16,2,32.0,64.0
32960,11154,7,3,36.0,108.0
32961,11154,12,2,36.0,72.0
32962,11154,35,2,9.0,18.0
32963,11155,8,1,24.0,24.0
32964,11156,32,1,37.0,37.0
32965,11156,8,1,24.0,24.0
32966,11156,26,3,42.0,126.0
32967,11157,37,2,18.0,36.0
32968,11157,2,1,34.0,34.0
32969,11158,20,1,16.0,16.0
32970,11158,8,2,24.0,48.0
32971,11159,26,2,42.0,84.0
32972,11159,37,1,18.0,18.0
32973,11159,7,2,36.0,72.0
32974,11160,14,1,45.0,45.0
32975,11160,15,1,30.0,30.0
32976,11160,24,3,24.0,72.0
32977,11160,4,1,22.0,22.0
32978,11161,24,3,24.0,72.0
32979,11161,39,1,8.0,8.0
32980,11161,7,2,36.0,72.0
32981,11162,31,1,36.0,36.0
32982,11162,3,1,42.0,42.0
32983,11162,35,2,9.0,18.0
32984,11162,21,1,20.0,20.0
32985,11162,13,1,28.0,28.0
32986,11163,33,2,14.0,28.0
32987,11163,4,1,22.0,22.0
32988,11163,28,2,34.0,68.0
32989,11163,34,1,10.0,10.0
32990,11164,11,1,33.0,33.0
32991,11164,5,1,30.0,30.0
32992,11164,12,2,36.0,72.0
32993,11165,30,1,38.0,38.0
32994,11166,40,1,10.0,10.0
32995,11167,6,3,38.0,114.0
32996,11167,15,2,30.0,60.0
32997,11167,36,3,6.0,18.0
32998,11167,8,3,24.0,72.0
32999,11167,16,1,32.0,32.0
33000,11168,7,1,36.0,36.0
33001,11168,37,2,18.0,36.0
33002,11168,23,1,18.0,18.0
33003,11168,22,2,22.0,44.0
33004,11169,26,3,42.0,126.0
33005,11169,15,1,30.0,30.0
33006,11170,23,1,18.0,18.0
33007,11170,6,2,38.0,76.0
33008,11170,5,2,30.0,60.0
33009,11170,27,2,25.0,50.0
33010,11170,7,3,36.0,108.0
33011,11171,23,1,18.0,18.0
33012,11171,24,1,24.0,24.0
33013,11171,2,1,34.0,34.0
33014,11171,36,1,6.0,6.0
33015,11171,3,1,42.0,42.0
33016,11172,6,1,38.0,38.0
33017,11172,1,3,28.0,84.0
33018,11172,5,2,30.0,60.0
33019,11172,17,2,26.0,52.0
33020,11173,7,3,36.0,108.0
33021,11173,10,1,32.0,32.0
33022,11173,2,1,34.0,34.0
33023,11174,25,2,26.0,52.0
33024,11174,3,1,42.0,42.0
33025,11174,23,2,18.0,36.0
33026,11175,30,1,38.0,38.0
33027,11175,8,2,24.0,48.0
33028,11175,4,1,22.0,22.0
33029,11175,16,1,32.0,32.0
33030,11175,35,1,9.0,9.0
33031,11176,20,2,16.0,32.0
33032,11176,34,1,10.0,10.0
33033,11176,32,3,37.0,111.0
33034,11177,12,1,36.0,36.0
33035,11177,24,1,24.0,24.0
33036,11177,30,2,38.0,76.0
33037,11178,15,2,30.0,60.0
33038,11178,2,1,34.0,34.0
33039,11178,33,2,14.0,28.0
33040,11178,29,1,44.0,44.0
33041,11178,12,1,36.0,36.0
33042,11178,35,2,9.0,18.0
33043,11179,27,1,25.0,25.0
33044,11179,3,1,42.0,42.0
33045,11179,35,1,9.0,9.0
33046,11179,11,1,33.0,33.0
33047,11180,1,1,28.0,28.0
33048,11180,7,2,36.0,72.0
33049,11180,39,1,8.0,8.0
33050,11180,15,1,30.0,30.0
33051,11181,27,2,25.0,50.0
33052,11181,23,1,18.0,18.0
33053,11182,34,1,10.0,10.0
33054,11182,23,1,18.0,18.0
33055,11183,3,1,42.0,42.0
33056,11183,17,1,26.0,26.0
33057,11183,5,1,30.0,30.0
33058,11183,33,1,14.0,14.0
33059,11183,22,3,22.0,66.0
33060,11183,26,1,42.0,42.0
33061,11184,2,1,34.0,34.0
33062,11184,12,1,36.0,36.0
33063,11185,7,1,36.0,36.0
33064,11186,16,2,32.0,64.0
33065,11187,39,2,8.0,16.0
33066,11187,7,1,36.0,36.0
33067,11187,2,1,34.0,34.0
33068,11187,37,2,18.0,36.0
33069,11188,4,2,22.0,44.0
33070,11188,26,3,42.0,126.0
33071,11189,32,1,37.0,37.0
33072,11189,8,2,24.0,48.0
33073,11190,4,1,22.0,22.0
33074,11190,10,1,32.0,32.0
33075,11190,34,1,10.0,10.0
33076,11190,29,2,44.0,88.0
33077,11190,36,2,6.0,12.0
33078,11190,7,1,36.0,36.0
33079,11191,13,1,28.0,28.0
33080,11191,17,2,26.0,52.0
33081,11191,2,3,34.0,102.0
33082,11191,33,1,14.0,14.0
33083,11191,8,2,24.0,48.0
33084,11191,12,1,36.0,36.0
33085,11192,3,1,42.0,42.0
33086,11192,30,2,38.0,76.0
33087,11192,5,1,30.0,30.0
33088,11192,37,3,18.0,54.0
33089,11193,4,3,22.0,66.0
33090,11193,8,3,24.0,72.0
33091,11193,30,1,38.0,38.0
33092,11194,4,2,22.0,44.0
33093,11194,39,1,8.0,8.0
33094,11194,33,1,14.0,14.0
33095,11194,2,2,34.0,68.0
33096,11195,29,3,44.0,132.0
33097,11195,16,3,32.0,96.0
33098,11195,30,1,38.0,38.0
33099,11196,40,1,10.0,10.0
33100,11196,31,2,36.0,72.0
33101,11197,25,2,26.0,52.0
33102,11197,28,1,34.0,34.0
33103,11197,4,3,22.0,66.0
33104,11197,7,1,36.0,36.0
33105,11198,20,2,16.0,32.0
33106,11198,2,2,34.0,68.0
33107,11198,3,1,42.0,42.0
33108,11198,16,2,32.0,64.0
33109,11198,18,2,38.0,76.0
33110,11199,1,2,28.0,56.0
33111,11199,7,1,36.0,36.0
33112,11200,5,1,30.0,30.0
33113,11201,29,1,44.0,44.0
33114,11201,22,1,22.0,22.0
33115,11201,7,2,36.0,72.0
33116,11202,30,1,38.0,38.0
33117,11202,1,1,28.0,28.0
33118,11202,2,3,34.0,102.0
33119,11202,5,2,30.0,60.0
33120,11202,12,1,36.0,36.0
33121,11203,22,1,22.0,22.0
33122,11203,1,1,28.0,28.0
33123,11203,24,2,24.0,48.0
33124,11203,39,3,8.0,24.0
33125,11204,7,1,36.0,36.0
33126,11204,11,1,33.0,33.0
33127,11204,4,2,22.0,44.0
33128,11205,39,2,8.0,16.0
33129,11205,28,1,34.0,34.0
33130,11206,30,2,38.0,76.0
33131,11206,4,1,22.0,22.0
33132,11206,6,1,38.0,38.0
33133,11206,22,1,22.0,22.0
33134,11206,37,2,18.0,36.0
33135,11207,37,1,18.0,18.0
33136,11207,23,2,18.0,36.0
33137,11207,2,3,34.0,102.0
33138,11208,25,1,26.0,26.0
33139,11208,1,2,28.0,56.0
33140,11209,21,2,20.0,40.0
33141,11209,6,2,38.0,76.0
33142,11209,19,1,18.0,18.0
33143,11209,1,2,28.0,56.0
33144,11210,4,1,22.0,22.0
33145,11211,32,1,37.0,37.0
33146,11211,1,1,28.0,28.0
33147,11211,22,2,22.0,44.0
33148,11211,4,1,22.0,22.0
33149,11211,7,2,36.0,72.0
33150,11211,34,2,10.0,20.0
33151,11212,28,1,34.0,34.0
33152,11212,18,1,38.0,38.0
33153,11212,9,1,35.0,35.0
33154,11213,4,2,22.0,44.0
33155,11213,1,2,28.0,56.0
33156,11214,12,3,36.0,108.0
33157,11214,39,2,8.0,16.0
33158,11214,33,1,14.0,14.0
33159,11215,2,1,34.0,34.0
33160,11216,14,1,45.0,45.0
33161,11216,5,3,30.0,90.0
33162,11217,30,1,38.0,38.0
33163,11217,11,2,33.0,66.0
33164,11218,37,2,18.0,36.0
33165,11218,12,1,36.0,36.0
33166,11218,35,1,9.0,9.0
33167,11218,24,1,24.0,24.0
33168,11218,7,1,36.0,36.0
33169,11219,13,1,28.0,28.0
33170,11219,8,1,24.0,24.0
33171,11219,6,1,38.0,38.0
33172,11219,15,2,30.0,60.0
33173,11219,7,1,36.0,36.0
33174,11220,29,1,44.0,44.0
33175,11220,4,1,22.0,22.0
33176,11221,2,1,34.0,34.0
33177,11221,30,2,38.0,76.0
33178,11221,28,2,34.0,68.0
33179,11222,30,2,38.0,76.0
33180,11222,13,2,28.0,56.0
33181,11223,25,1,26.0,26.0
33182,11223,36,2,6.0,12.0
33183,11224,5,2,30.0,60.0
33184,11225,27,3,25.0,75.0
33185,11225,8,2,24.0,48.0
33186,11226,6,1,38.0,38.0
33187,11226,4,1,22.0,22.0
33188,11226,7,1,36.0,36.0
33189,11226,13,1,28.0,28.0
33190,11227,18,1,38.0,38.0
33191,11228,2,1,34.0,34.0
33192,11229,2,1,34.0,34.0
33193,11229,33,2,14.0,28.0
33194,11229,22,3,22.0,66.0
33195,11230,21,1,20.0,20.0
33196,11230,34,1,10.0,10.0
33197,11231,30,1,38.0,38.0
33198,11231,5,3,30.0,90.0
33199,11231,34,2,10.0,20.0
33200,11232,12,2,36.0,72.0
33201,11232,13,1,28.0,28.0
33202,11232,16,3,32.0,96.0
33203,11232,18,1,38.0,38.0
33204,11232,36,1,6.0,6.0
33205,11233,9,1,35.0,35.0
33206,11233,10,2,32.0,64.0
33207,11234,21,1,20.0,20.0
33208,11234,25,1,26.0,26.0
33209,11234,12,1,36.0,36.0
33210,11235,7,1,36.0,36.0
33211,11235,15,3,30.0,90.0
33212,11236,36,1,6.0,6.0
33213,11236,6,1,38.0,38.0
33214,11236,33,3,14.0,42.0
33215,11236,34,2,10.0,20.0
33216,11236,29,1,44.0,44.0
33217,11236,8,1,24.0,24.0
33218,11237,29,1,44.0,44.0
33219,11237,2,1,34.0,34.0
33220,11238,11,1,33.0,33.0
33221,11238,28,1,34.0,34.0
33222,11239,14,1,45.0,45.0
33223,11240,36,2,6.0,12.0
33224,11240,31,1,36.0,36.0
33225,11240,21,1,20.0,20.0
33226,11240,24,1,24.0,24.0
33227,11240,30,1,38.0,38.0
33228,11241,1,1,28.0,28.0
33229,11241,2,2,34.0,68.0
33230,11241,33,1,14.0,14.0
33231,11241,3,2,42.0,84.0
33232,11242,26,2,42.0,84.0
33233,11242,6,1,38.0,38.0
33234,11242,1,2,28.0,56.0
33235,11242,2,1,34.0,34.0
33236,11242,38,1,12.0,12.0
33237,11242,31,2,36.0,72.0
33238,11243,28,2,34.0,68.0
33239,11243,40,1,10.0,10.0
33240,11243,8,1,24.0,24.0
33241,11243,34,1,10.0,10.0
33242,11243,16,3,32.0,96.0
33243,11244,15,1,30.0,30.0
33244,11244,12,1,36.0,36.0
33245,11244,36,1,6.0,6.0
33246,11245,31,1,36.0,36.0
33247,11245,30,3,38.0,114.0
33248,11246,6,1,38.0,38.0
33249,11246,16,3,32.0,96.0
33250,11246,12,2,36.0,72.0
33251,11246,37,1,18.0,18.0
33252,11247,16,1,32.0,32.0
33253,11247,23,1,18.0,18.0
33254,11247,25,1,26.0,26.0
33255,11247,6,1,38.0,38.0
33256,11247,34,1,10.0,10.0
33257,11247,4,1,22.0,22.0
33258,11248,33,3,14.0,42.0
33259,11248,39,1,8.0,8.0
33260,11248,16,1,32.0,32.0
33261,11248,2,3,34.0,102.0
33262,11249,10,1,32.0,32.0
33263,11249,34,3,10.0,30.0
33264,11249,35,3,9.0,27.0
33265,11250,1,1,28.0,28.0
33266,11250,7,1,36.0,36.0
33267,11250,2,1,34.0,34.0
33268,11251,32,3,37.0,111.0
33269,11251,35,1,9.0,9.0
33270,11251,12,1,36.0,36.0
33271,11251,6,1,38.0,38.0
33272,11251,4,1,22.0,22.0
33273,11252,36,1,6.0,6.0
33274,11252,25,2,26.0,52.0
33275,11253,8,1,24.0,24.0
33276,11253,19,3,18.0,54.0
33277,11254,16,1,32.0,32.0
33278,11254,6,1,38.0,38.0
33279,11254,23,1,18.0,18.0
33280,11255,35,1,9.0,9.0
33281,11255,9,1,35.0,35.0
33282,11255,36,1,6.0,6.0
33283,11255,40,1,10.0,10.0
33284,11256,26,1,42.0,42.0
33285,11256,3,1,42.0,42.0
33286,11257,37,1,18.0,18.0
33287,11257,34,2,10.0,20.0
33288,11257,6,1,38.0,38.0
33289,11258,10,2,32.0,64.0
33290,11258,27,1,25.0,25.0
33291,11259,5,1,30.0,30.0
33292,11259,22,1,22.0,22.0
33293,11259,6,1,38.0,38.0
33294,11259,4,1,22.0,22.0
33295,11260,30,1,38.0,38.0
33296,11260,36,1,6.0,6.0
33297,11260,2,1,34.0,34.0
33298,11260,18,2,38.0,76.0
33299,11260,8,1,24.0,24.0
33300,11260,10,1,32.0,32.0
33301,11261,5,3,30.0,90.0
33302,11261,8,1,24.0,24.0
33303,11262,15,1,30.0,30.0
33304,11262,2,1,34.0,34.0
33305,11262,18,2,38.0,76.0
33306,11263,13,2,28.0,56.0
33307,11263,1,1,28.0,28.0
33308,11263,9,3,35.0,105.0
33309,11263,7,3,36.0,108.0
33310,11263,6,2,38.0,76.0
33311,11263,10,1,32.0,32.0
33312,11264,2,1,34.0,34.0
33313,11265,11,1,33.0,33.0
33314,11265,2,1,34.0,34.0
33315,11265,7,1,36.0,36.0
33316,11265,25,1,26.0,26.0
33317,11265,21,2,20.0,40.0
33318,11266,27,2,25.0,50.0
33319,11266,14,1,45.0,45.0
33320,11267,13,1,28.0,28.0
33321,11267,35,1,9.0,9.0
33322,11267,6,1,38.0,38.0
33323,11268,7,1,36.0,36.0
33324,11268,36,1,6.0,6.0
33325,11268,38,1,12.0,12.0
33326,11269,3,2,42.0,84.0
33327,11269,4,1,22.0,22.0
33328,11269,36,1,6.0,6.0
33329,11270,32,1,37.0,37.0
33330,11270,8,1,24.0,24.0
33331,11271,15,1,30.0,30.0
33332,11271,30,1,38.0,38.0
33333,11271,7,1,36.0,36.0
33334,11271,19,1,18.0,18.0
33335,11272,37,1,18.0,18.0
33336,11272,14,2,45.0,90.0
33337,11272,13,1,28.0,28.0
33338,11273,8,1,24.0,24.0
33339,11273,30,1,38.0,38.0
33340,11273,12,1,36.0,36.0
33341,11273,15,2,30.0,60.0
33342,11274,4,3,22.0,66.0
33343,11274,5,1,30.0,30.0
33344,11275,5,1,30.0,30.0
33345,11276,33,2,14.0,28.0
33346,11276,34,1,10.0,10.0
33347,11276,5,1,30.0,30.0
33348,11276,12,2,36.0,72.0
33349,11277,27,1,25.0,25.0
33350,11277,23,1,18.0,18.0
33351,11277,1,2,28.0,56.0
33352,11278,5,3,30.0,90.0
33353,11278,17,1,26.0,26.0
33354,11278,40,1,10.0,10.0
33355,11279,21,3,20.0,60.0
33356,11279,15,1,30.0,30.0
33357,11279,18,3,38.0,114.0
33358,11280,7,1,36.0,36.0
33359,11280,20,1,16.0,16.0
33360,11281,7,2,36.0,72.0
33361,11281,19,2,18.0,36.0
33362,11282,20,1,16.0,16.0
33363,11282,17,2,26.0,52.0
33364,11282,4,2,22.0,44.0
33365,11282,30,1,38.0,38.0
33366,11282,37,2,18.0,36.0
33367,11283,27,2,25.0,50.0
33368,11283,7,3,36.0,108.0
33369,11283,5,1,30.0,30.0
33370,11283,36,1,6.0,6.0
33371,11283,11,1,33.0,33.0
33372,11284,7,1,36.0,36.0
33373,11284,6,1,38.0,38.0
33374,11285,37,2,18.0,36.0
33375,11285,24,1,24.0,24.0
33376,11285,16,1,32.0,32.0
33377,11285,2,1,34.0,34.0
33378,11286,14,1,45.0,45.0
33379,11286,36,2,6.0,12.0
33380,11286,7,2,36.0,72.0
33381,11287,18,1,38.0,38.0
33382,11287,7,1,36.0,36.0
33383,11288,21,1,20.0,20.0
33384,11288,30,2,38.0,76.0
33385,11288,4,2,22.0,44.0
33386,11289,9,2,35.0,70.0
33387,11289,35,1,9.0,9.0
33388,11289,7,1,36.0,36.0
33389,11290,40,1,10.0,10.0
33390,11290,7,2,36.0,72.0
33391,11290,8,1,24.0,24.0
33392,11290,31,2,36.0,72.0
33393,11290,10,2,32.0,64.0
33394,11291,33,2,14.0,28.0
33395,11291,6,1,38.0,38.0
33396,11292,37,2,18.0,36.0
33397,11292,21,1,20.0,20.0
33398,11292,6,1,38.0,38.0
33399,11292,10,1,32.0,32.0
33400,11292,2,1,34.0,34.0
33401,11293,5,2,30.0,60.0
33402,11293,9,2,35.0,70.0
33403,11294,16,2,32.0,64.0
33404,11294,20,1,16.0,16.0
33405,11294,8,1,24.0,24.0
33406,11295,29,2,44.0,88.0
33407,11295,24,1,24.0,24.0
33408,11295,4,2,22.0,44.0
33409,11296,33,2,14.0,28.0
33410,11296,2,2,34.0,68.0
33411,11296,37,2,18.0,36.0
33412,11296,17,1,26.0,26.0
33413,11297,9,1,35.0,35.0
33414,11297,34,1,10.0,10.0
33415,11298,27,1,25.0,25.0
33416,11298,33,2,14.0,28.0
33417,11299,35,1,9.0,9.0
33418,11299,26,1,42.0,42.0
33419,11299,20,1,16.0,16.0
33420,11299,5,1,30.0,30.0
33421,11299,13,1,28.0,28.0
33422,11300,13,2,28.0,56.0
33423,11300,9,1,35.0,35.0
33424,11300,16,2,32.0,64.0
33425,11301,25,1,26.0,26.0
33426,11301,32,2,37.0,74.0
33427,11302,25,2,26.0,52.0
33428,11302,5,1,30.0,30.0
33429,11302,24,1,24.0,24.0
33430,11302,6,1,38.0,38.0
33431,11302,26,1,42.0,42.0
33432,11302,2,1,34.0,34.0
33433,11303,22,1,22.0,22.0
33434,11303,25,1,26.0,26.0
33435,11303,3,1,42.0,42.0
33436,11304,2,2,34.0,68.0
33437,11304,13,2,28.0,56.0
33438,11304,25,2,26.0,52.0
33439,11305,8,2,24.0,48.0
33440,11305,15,2,30.0,60.0
33441,11305,5,2,30.0,60.0
33442,11305,37,1,18.0,18.0
33443,11305,2,1,34.0,34.0
33444,11306,15,1,30.0,30.0
33445,11306,5,1,30.0,30.0
33446,11306,18,1,38.0,38.0
33447,11307,23,1,18.0,18.0
33448,11308,1,3,28.0,84.0
33449,11308,33,2,14.0,28.0
33450,11308,9,1,35.0,35.0
33451,11309,7,3,36.0,108.0
33452,11309,13,1,28.0,28.0
33453,11309,16,3,32.0,96.0
33454,11310,7,2,36.0,72.0
33455,11310,35,1,9.0,9.0
33456,11311,7,2,36.0,72.0
33457,11311,5,1,30.0,30.0
33458,11312,5,1,30.0,30.0
33459,11313,1,2,28.0,56.0
33460,11313,6,1,38.0,38.0
33461,11313,7,3,36.0,108.0
33462,11313,21,1,20.0,20.0
33463,11313,16,2,32.0,64.0
33464,11313,11,1,33.0,33.0
33465,11314,15,1,30.0,30.0
33466,11314,1,1,28.0,28.0
33467,11314,33,3,14.0,42.0
33468,11315,1,1,28.0,28.0
33469,11315,12,1,36.0,36.0
33470,11316,26,1,42.0,42.0
33471,11316,7,1,36.0,36.0
33472,11316,5,2,30.0,60.0
33473,11316,39,2,8.0,16.0
33474,11317,12,2,36.0,72.0
33475,11318,32,1,37.0,37.0
33476,11318,20,1,16.0,16.0
33477,11318,29,1,44.0,44.0
33478,11319,7,3,36.0,108.0
33479,11319,31,1,36.0,36.0
33480,11320,36,1,6.0,6.0
33481,11320,18,2,38.0,76.0
33482,11320,8,3,24.0,72.0
33483,11321,27,1,25.0,25.0
33484,11321,4,1,22.0,22.0
33485,11321,9,2,35.0,70.0
33486,11322,33,1,14.0,14.0
33487,11323,6,1,38.0,38.0
33488,11323,7,1,36.0,36.0
33489,11323,11,1,33.0,33.0
33490,11324,21,2,20.0,40.0
33491,11324,1,1,28.0,28.0
33492,11325,2,1,34.0,34.0
33493,11325,29,3,44.0,132.0
33494,11325,1,1,28.0,28.0
33495,11326,35,1,9.0,9.0
33496,11326,23,1,18.0,18.0
33497,11326,37,1,18.0,18.0
33498,11326,36,1,6.0,6.0
33499,11327,8,2,24.0,48.0
33500,11327,23,1,18.0,18.0
33501,11328,14,1,45.0,45.0
33502,11328,6,1,38.0,38.0
33503,11328,1,2,28.0,56.0
33504,11329,29,1,44.0,44.0
33505,11329,25,2,26.0,52.0
33506,11329,1,1,28.0,28.0
33507,11330,11,1,33.0,33.0
33508,11330,32,1,37.0,37.0
33509,11331,22,2,22.0,44.0
33510,11331,13,2,28.0,56.0
33511,11331,1,2,28.0,56.0
33512,11331,18,1,38.0,38.0
33513,11332,2,3,34.0,102.0
33514,11333,36,1,6.0,6.0
33515,11333,19,2,18.0,36.0
33516,11333,25,1,26.0,26.0
33517,11333,23,1,18.0,18.0
33518,11334,25,1,26.0,26.0
33519,11334,14,2,45.0,90.0
33520,11335,14,2,45.0,90.0
33521,11335,12,3,36.0,108.0
33522,11336,12,2,36.0,72.0
33523,11336,6,1,38.0,38.0
33524,11337,9,1,35.0,35.0
33525,11337,13,1,28.0,28.0
33526,11338,2,2,34.0,68.0
33527,11338,7,2,36.0,72.0
33528,11339,30,1,38.0,38.0
33529,11339,10,1,32.0,32.0
33530,11339,27,1,25.0,25.0
33531,11339,23,1,18.0,18.0
33532,11340,13,1,28.0,28.0
33533,11340,25,1,26.0,26.0
33534,11341,8,1,24.0,24.0
33535,11341,25,3,26.0,78.0
33536,11342,12,2,36.0,72.0
33537,11342,3,1,42.0,42.0
33538,11342,10,1,32.0,32.0
33539,11343,10,1,32.0,32.0
33540,11343,1,2,28.0,56.0
33541,11343,5,2,30.0,60.0
33542,11343,9,1,35.0,35.0
33543,11343,15,3,30.0,90.0
33544,11344,11,2,33.0,66.0
33545,11344,7,2,36.0,72.0
33546,11344,26,1,42.0,42.0
33547,11345,3,1,42.0,42.0
33548,11345,29,3,44.0,132.0
33549,11345,5,3,30.0,90.0
33550,11345,11,1,33.0,33.0
33551,11346,13,1,28.0,28.0
33552,11346,15,1,30.0,30.0
33553,11346,30,1,38.0,38.0
33554,11347,28,2,34.0,68.0
33555,11347,18,1,38.0,38.0
33556,11347,10,1,32.0,32.0
33557,11348,8,1,24.0,24.0
33558,11348,35,1,9.0,9.0
33559,11348,21,3,20.0,60.0
33560,11348,25,3,26.0,78.0
33561,11348,15,1,30.0,30.0
33562,11349,13,1,28.0,28.0
33563,11349,34,2,10.0,20.0
33564,11349,20,1,16.0,16.0
33565,11350,7,1,36.0,36.0
33566,11351,20,1,16.0,16.0
33567,11351,7,1,36.0,36.0
33568,11351,2,2,34.0,68.0
33569,11352,33,2,14.0,28.0
33570,11353,23,1,18.0,18.0
33571,11353,2,3,34.0,102.0
33572,11354,30,2,38.0,76.0
33573,11354,17,1,26.0,26.0
33574,11354,9,1,35.0,35.0
33575,11355,19,1,18.0,18.0
33576,11355,37,2,18.0,36.0
33577,11355,2,1,34.0,34.0
33578,11356,34,1,10.0,10.0
33579,11356,1,1,28.0,28.0
33580,11357,24,1,24.0,24.0
33581,11357,29,3,44.0,132.0
33582,11357,20,1,16.0,16.0
33583,11358,4,1,22.0,22.0
33584,11358,9,1,35.0,35.0
33585,11359,3,1,42.0,42.0
33586,11360,3,2,42.0,84.0
33587,11360,12,1,36.0,36.0
33588,11360,6,1,38.0,38.0
33589,11360,18,1,38.0,38.0
33590,11360,25,1,26.0,26.0
33591,11361,2,1,34.0,34.0
33592,11362,38,1,12.0,12.0
33593,11362,37,1,18.0,18.0
33594,11362,6,1,38.0,38.0
33595,11362,8,3,24.0,72.0
33596,11363,8,1,24.0,24.0
33597,11363,16,1,32.0,32.0
33598,11363,4,2,22.0,44.0
33599,11364,26,2,42.0,84.0
33600,11364,30,2,38.0,76.0
33601,11365,21,1,20.0,20.0
33602,11365,33,3,14.0,42.0
33603,11365,2,2,34.0,68.0
33604,11365,37,1,18.0,18.0
33605,11366,5,1,30.0,30.0
33606,11366,6,1,38.0,38.0
33607,11367,8,1,24.0,24.0
33608,11367,14,3,45.0,135.0
33609,11367,4,1,22.0,22.0
33610,11367,10,1,32.0,32.0
33611,11368,4,2,22.0,44.0
33612,11368,38,2,12.0,24.0
33613,11368,29,1,44.0,44.0
33614,11368,5,1,30.0,30.0
33615,11369,17,1,26.0,26.0
33616,11369,38,1,12.0,12.0
33617,11369,26,2,42.0,84.0
33618,11369,23,1,18.0,18.0
33619,11369,25,1,26.0,26.0
33620,11369,29,2,44.0,88.0
33621,11370,4,1,22.0,22.0
33622,11370,13,1,28.0,28.0
33623,11370,16,2,32.0,64.0
33624,11370,9,2,35.0,70.0
33625,11371,26,1,42.0,42.0
33626,11371,15,2,30.0,60.0
33627,11371,1,2,28.0,56.0
33628,11372,3,1,42.0,42.0
33629,11372,21,1,20.0,20.0
33630,11373,8,2,24.0,48.0
33631,11374,6,2,38.0,76.0
33632,11374,8,2,24.0,48.0
33633,11374,29,1,44.0,44.0
33634,11374,26,2,42.0,84.0
33635,11374,2,1,34.0,34.0
33636,11374,3,1,42.0,42.0
33637,11375,12,1,36.0,36.0
33638,11376,36,1,6.0,6.0
33639,11376,31,1,36.0,36.0
33640,11376,25,2,26.0,52.0
33641,11376,15,1,30.0,30.0
33642,11377,3,1,42.0,42.0
33643,11378,3,2,42.0,84.0
33644,11379,33,1,14.0,14.0
33645,11379,37,1,18.0,18.0
33646,11380,33,1,14.0,14.0
33647,11380,28,1,34.0,34.0
33648,11380,17,3,26.0,78.0
33649,11380,26,1,42.0,42.0
33650,11381,13,1,28.0,28.0
33651,11381,29,2,44.0,88.0
33652,11382,27,2,25.0,50.0
33653,11382,15,2,30.0,60.0
33654,11382,6,2,38.0,76.0
33655,11382,36,1,6.0,6.0
33656,11383,28,1,34.0,34.0
33657,11383,13,1,28.0,28.0
33658,11383,8,1,24.0,24.0
33659,11384,14,1,45.0,45.0
33660,11384,8,2,24.0,48.0
33661,11384,28,2,34.0,68.0
33662,11384,21,3,20.0,60.0
33663,11384,17,2,26.0,52.0
33664,11385,39,1,8.0,8.0
33665,11385,3,1,42.0,42.0
33666,11385,15,1,30.0,30.0
33667,11385,31,2,36.0,72.0
33668,11386,34,2,10.0,20.0
33669,11387,20,1,16.0,16.0
33670,11387,25,1,26.0,26.0
33671,11388,10,2,32.0,64.0
33672,11388,25,1,26.0,26.0
33673,11388,13,2,28.0,56.0
33674,11389,4,3,22.0,66.0
33675,11389,13,1,28.0,28.0
33676,11389,30,2,38.0,76.0
33677,11389,35,3,9.0,27.0
33678,11390,13,1,28.0,28.0
33679,11390,26,1,42.0,42.0
33680,11390,34,2,10.0,20.0
33681,11390,6,1,38.0,38.0
33682,11390,23,2,18.0,36.0
33683,11391,5,1,30.0,30.0
33684,11391,6,3,38.0,114.0
33685,11391,3,2,42.0,84.0
33686,11392,16,2,32.0,64.0
33687,11392,18,1,38.0,38.0
33688,11393,17,2,26.0,52.0
33689,11393,8,1,24.0,24.0
33690,11393,25,1,26.0,26.0
33691,11393,18,1,38.0,38.0
33692,11394,32,1,37.0,37.0
33693,11394,6,1,38.0,38.0
33694,11394,16,1,32.0,32.0
33695,11394,14,1,45.0,45.0
33696,11394,27,1,25.0,25.0
33697,11395,30,1,38.0,38.0
33698,11395,28,2,34.0,68.0
33699,11396,29,1,44.0,44.0
33700,11397,7,1,36.0,36.0
33701,11397,16,1,32.0,32.0
33702,11398,2,1,34.0,34.0
33703,11398,25,1,26.0,26.0
33704,11398,30,1,38.0,38.0
33705,11398,29,2,44.0,88.0
33706,11399,8,2,24.0,48.0
33707,11399,5,1,30.0,30.0
33708,11400,26,1,42.0,42.0
33709,11400,8,3,24.0,72.0
33710,11401,32,1,37.0,37.0
33711,11401,1,3,28.0,84.0
33712,11402,25,1,26.0,26.0
33713,11402,34,1,10.0,10.0
33714,11402,26,2,42.0,84.0
33715,11402,9,3,35.0,105.0
33716,11403,2,1,34.0,34.0
33717,11403,31,3,36.0,108.0
33718,11403,5,1,30.0,30.0
33719,11403,36,2,6.0,12.0
33720,11404,27,1,25.0,25.0
33721,11404,7,1,36.0,36.0
33722,11404,3,1,42.0,42.0
33723,11405,17,1,26.0,26.0
33724,11405,37,1,18.0,18.0
33725,11405,12,1,36.0,36.0
33726,11405,8,1,24.0,24.0
33727,11406,34,1,10.0,10.0
33728,11406,23,1,18.0,18.0
33729,11406,2,1,34.0,34.0
33730,11407,5,1,30.0,30.0
33731,11407,10,1,32.0,32.0
33732,11408,6,3,38.0,114.0
33733,11408,21,1,20.0,20.0
33734,11408,7,1,36.0,36.0
33735,11409,7,1,36.0,36.0
33736,11409,5,2,30.0,60.0
33737,11409,10,1,32.0,32.0
33738,11410,7,2,36.0,72.0
33739,11410,23,1,18.0,18.0
33740,11410,3,1,42.0,42.0
33741,11411,9,1,35.0,35.0
33742,11412,1,1,28.0,28.0
33743,11412,32,1,37.0,37.0
33744,11412,4,1,22.0,22.0
33745,11413,19,1,18.0,18.0
33746,11413,15,2,30.0,60.0
33747,11414,19,1,18.0,18.0
33748,11414,2,1,34.0,34.0
33749,11415,18,1,38.0,38.0
33750,11415,21,2,20.0,40.0
33751,11416,33,1,14.0,14.0
33752,11417,9,1,35.0,35.0
33753,11418,7,1,36.0,36.0
33754,11418,26,3,42.0,126.0
33755,11418,23,1,18.0,18.0
33756,11418,5,1,30.0,30.0
33757,11419,7,1,36.0,36.0
33758,11419,13,1,28.0,28.0
33759,11419,24,2,24.0,48.0
33760,11419,17,1,26.0,26.0
33761,11419,39,1,8.0,8.0
33762,11420,10,2,32.0,64.0
33763,11420,28,1,34.0,34.0
33764,11421,3,1,42.0,42.0
33765,11421,10,1,32.0,32.0
33766,11421,24,1,24.0,24.0
33767,11422,38,1,12.0,12.0
33768,11422,37,1,18.0,18.0
33769,11422,7,2,36.0,72.0
33770,11423,14,1,45.0,45.0
33771,11423,24,1,24.0,24.0
33772,11423,8,1,24.0,24.0
33773,11424,37,1,18.0,18.0
33774,11424,13,1,28.0,28.0
33775,11424,26,1,42.0,42.0
33776,11425,15,1,30.0,30.0
33777,11425,12,2,36.0,72.0
33778,11425,5,1,30.0,30.0
33779,11425,22,1,22.0,22.0
33780,11426,25,2,26.0,52.0
33781,11426,40,1,10.0,10.0
33782,11426,29,3,44.0,132.0
33783,11427,12,1,36.0,36.0
33784,11427,38,1,12.0,12.0
33785,11428,7,1,36.0,36.0
33786,11428,20,1,16.0,16.0
33787,11428,11,1,33.0,33.0
33788,11428,39,1,8.0,8.0
33789,11428,40,2,10.0,20.0
33790,11429,29,1,44.0,44.0
33791,11429,4,1,22.0,22.0
33792,11429,25,2,26.0,52.0
33793,11429,24,3,24.0,72.0
33794,11430,6,1,38.0,38.0
33795,11430,28,1,34.0,34.0
33796,11430,4,1,22.0,22.0
33797,11430,36,2,6.0,12.0
33798,11430,19,1,18.0,18.0
33799,11430,5,1,30.0,30.0
33800,11431,2,1,34.0,34.0
33801,11431,6,2,38.0,76.0
33802,11431,15,2,30.0,60.0
33803,11431,31,1,36.0,36.0
33804,11431,18,2,38.0,76.0
33805,11431,14,2,45.0,90.0
33806,11432,30,1,38.0,38.0
33807,11432,6,1,38.0,38.0
33808,11432,37,1,18.0,18.0
33809,11433,7,1,36.0,36.0
33810,11433,23,1,18.0,18.0
33811,11434,12,1,36.0,36.0
33812,11434,33,3,14.0,42.0
33813,11435,18,2,38.0,76.0
33814,11436,28,2,34.0,68.0
33815,11436,8,1,24.0,24.0
33816,11437,25,3,26.0,78.0
33817,11438,1,1,28.0,28.0
33818,11438,35,1,9.0,9.0
33819,11438,5,1,30.0,30.0
33820,11439,5,1,30.0,30.0
33821,11439,36,1,6.0,6.0
33822,11440,1,2,28.0,56.0
33823,11440,8,1,24.0,24.0
33824,11440,22,1,22.0,22.0
33825,11440,26,1,42.0,42.0
33826,11441,13,1,28.0,28.0
33827,11441,2,1,34.0,34.0
33828,11441,32,2,37.0,74.0
33829,11442,5,3,30.0,90.0
33830,11442,12,1,36.0,36.0
33831,11442,6,1,38.0,38.0
33832,11442,2,2,34.0,68.0
33833,11442,20,1,16.0,16.0
33834,11442,16,2,32.0,64.0
33835,11443,13,1,28.0,28.0
33836,11443,3,2,42.0,84.0
33837,11444,32,1,37.0,37.0
33838,11444,30,1,38.0,38.0
33839,11445,14,3,45.0,135.0
33840,11445,5,1,30.0,30.0
33841,11445,20,2,16.0,32.0
33842,11446,10,1,32.0,32.0
33843,11446,6,1,38.0,38.0
33844,11447,2,1,34.0,34.0
33845,11447,28,1,34.0,34.0
33846,11447,1,1,28.0,28.0
33847,11448,17,1,26.0,26.0
33848,11448,37,1,18.0,18.0
33849,11448,40,1,10.0,10.0
33850,11449,21,1,20.0,20.0
33851,11449,31,2,36.0,72.0
33852,11449,3,1,42.0,42.0
33853,11449,5,1,30.0,30.0
33854,11449,20,1,16.0,16.0
33855,11450,16,1,32.0,32.0
33856,11450,8,1,24.0,24.0
33857,11451,33,3,14.0,42.0
33858,11451,34,1,10.0,10.0
33859,11451,39,1,8.0,8.0
33860,11452,22,2,22.0,44.0
33861,11452,37,1,18.0,18.0
33862,11452,11,1,33.0,33.0
33863,11453,4,2,22.0,44.0
33864,11453,34,3,10.0,30.0
33865,11454,36,1,6.0,6.0
33866,11454,7,2,36.0,72.0
33867,11454,8,2,24.0,48.0
33868,11455,27,2,25.0,50.0
33869,11455,12,1,36.0,36.0
33870,11456,2,1,34.0,34.0
33871,11456,22,1,22.0,22.0
33872,11456,28,2,34.0,68.0
33873,11456,7,1,36.0,36.0
33874,11457,4,1,22.0,22.0
33875,11457,36,2,6.0,12.0
33876,11457,6,2,38.0,76.0
33877,11457,10,1,32.0,32.0
33878,11458,12,2,36.0,72.0
33879,11458,38,1,12.0,12.0
33880,11459,15,1,30.0,30.0
33881,11459,32,3,37.0,111.0
33882,11460,3,2,42.0,84.0
33883,11460,15,2,30.0,60.0
33884,11460,23,1,18.0,18.0
33885,11461,2,1,34.0,34.0
33886,11461,5,1,30.0,30.0
33887,11461,3,1,42.0,42.0
33888,11462,2,1,34.0,34.0
33889,11462,18,1,38.0,38.0
33890,11462,4,2,22.0,44.0
33891,11463,13,2,28.0,56.0
33892,11463,16,2,32.0,64.0
33893,11463,2,1,34.0,34.0
33894,11464,27,2,25.0,50.0
33895,11464,11,1,33.0,33.0
33896,11465,3,2,42.0,84.0
33897,11465,7,2,36.0,72.0
33898,11465,20,1,16.0,16.0
33899,11466,1,1,28.0,28.0
33900,11466,5,1,30.0,30.0
33901,11466,28,1,34.0,34.0
33902,11467,14,2,45.0,90.0
33903,11467,4,1,22.0,22.0
33904,11467,2,1,34.0,34.0
33905,11468,33,1,14.0,14.0
33906,11469,28,3,34.0,102.0
33907,11469,22,2,22.0,44.0
33908,11469,36,1,6.0,6.0
33909,11470,3,1,42.0,42.0
33910,11470,5,1,30.0,30.0
33911,11471,21,2,20.0,40.0
33912,11471,37,1,18.0,18.0
33913,11471,28,1,34.0,34.0
33914,11472,7,3,36.0,108.0
33915,11472,5,1,30.0,30.0
33916,11472,11,2,33.0,66.0
33917,11472,37,2,18.0,36.0
33918,11472,2,1,34.0,34.0
33919,11473,3,2,42.0,84.0
33920,11473,37,1,18.0,18.0
33921,11473,1,2,28.0,56.0
33922,11473,36,1,6.0,6.0
33923,11474,35,1,9.0,9.0
33924,11474,9,1,35.0,35.0
33925,11474,3,1,42.0,42.0
33926,11475,26,2,42.0,84.0
33927,11475,7,1,36.0,36.0
33928,11475,38,2,12.0,24.0
33929,11475,13,2,28.0,56.0
33930,11475,12,1,36.0,36.0
33931,11476,22,1,22.0,22.0
33932,11476,11,1,33.0,33.0
33933,11476,31,3,36.0,108.0
33934,11477,26,2,42.0,84.0
33935,11477,18,1,38.0,38.0
33936,11477,8,1,24.0,24.0
33937,11478,27,1,25.0,25.0
33938,11478,4,3,22.0,66.0
33939,11479,6,2,38.0,76.0
33940,11480,30,1,38.0,38.0
33941,11480,33,1,14.0,14.0
33942,11480,1,1,28.0,28.0
33943,11480,12,1,36.0,36.0
33944,11481,8,1,24.0,24.0
33945,11481,3,2,42.0,84.0
33946,11481,19,2,18.0,36.0
33947,11481,18,3,38.0,114.0
33948,11482,6,1,38.0,38.0
33949,11482,3,1,42.0,42.0
33950,11483,23,1,18.0,18.0
33951,11483,6,1,38.0,38.0
33952,11483,13,2,28.0,56.0
33953,11483,12,2,36.0,72.0
33954,11484,7,1,36.0,36.0
33955,11484,15,2,30.0,60.0
33956,11484,1,1,28.0,28.0
33957,11485,18,2,38.0,76.0
33958,11485,7,1,36.0,36.0
33959,11485,12,1,36.0,36.0
33960,11485,24,1,24.0,24.0
33961,11485,1,3,28.0,84.0
33962,11485,8,1,24.0,24.0
33963,11486,6,1,38.0,38.0
33964,11486,15,1,30.0,30.0
33965,11486,11,1,33.0,33.0
33966,11486,16,1,32.0,32.0
33967,11487,39,1,8.0,8.0
33968,11487,30,2,38.0,76.0
33969,11487,5,2,30.0,60.0
33970,11488,32,2,37.0,74.0
33971,11488,13,3,28.0,84.0
33972,11488,4,1,22.0,22.0
33973,11488,2,1,34.0,34.0
33974,11488,6,2,38.0,76.0
33975,11489,17,1,26.0,26.0
33976,11489,27,1,25.0,25.0
33977,11490,37,1,18.0,18.0
33978,11491,7,1,36.0,36.0
33979,11491,34,1,10.0,10.0
33980,11492,25,2,26.0,52.0
33981,11492,7,3,36.0,108.0
33982,11492,4,3,22.0,66.0
33983,11493,11,1,33.0,33.0
33984,11493,32,1,37.0,37.0
33985,11493,7,1,36.0,36.0
33986,11493,15,2,30.0,60.0
33987,11494,23,1,18.0,18.0
33988,11494,37,1,18.0,18.0
33989,11495,37,1,18.0,18.0
33990,11496,26,2,42.0,84.0
33991,11496,16,1,32.0,32.0
33992,11496,7,2,36.0,72.0
33993,11497,14,1,45.0,45.0
33994,11497,17,1,26.0,26.0
33995,11498,15,1,30.0,30.0
33996,11498,5,1,30.0,30.0
33997,11498,8,1,24.0,24.0
33998,11498,33,1,14.0,14.0
33999,11499,27,1,25.0,25.0
34000,11499,34,3,10.0,30.0
34001,11499,32,1,37.0,37.0
34002,11500,17,2,26.0,52.0
34003,11500,8,3,24.0,72.0
34004,11501,5,3,30.0,90.0
34005,11501,30,1,38.0,38.0
34006,11501,6,3,38.0,114.0
34007,11501,26,1,42.0,42.0
34008,11502,6,1,38.0,38.0
34009,11502,7,3,36.0,108.0
34010,11502,2,1,34.0,34.0
34011,11503,3,1,42.0,42.0
34012,11503,25,2,26.0,52.0
34013,11503,22,1,22.0,22.0
34014,11504,5,1,30.0,30.0
34015,11504,23,1,18.0,18.0
34016,11504,25,1,26.0,26.0
34017,11504,16,3,32.0,96.0
34018,11504,6,1,38.0,38.0
34019,11505,14,3,45.0,135.0
34020,11505,13,2,28.0,56.0
34021,11505,2,1,34.0,34.0
34022,11505,11,1,33.0,33.0
34023,11506,7,1,36.0,36.0
34024,11506,2,1,34.0,34.0
34025,11507,2,3,34.0,102.0
34026,11508,33,1,14.0,14.0
34027,11508,7,2,36.0,72.0
34028,11509,37,1,18.0,18.0
34029,11509,5,2,30.0,60.0
34030,11509,4,1,22.0,22.0
34031,11510,15,1,30.0,30.0
34032,11511,22,2,22.0,44.0
34033,11511,8,1,24.0,24.0
34034,11511,5,1,30.0,30.0
34035,11511,3,1,42.0,42.0
34036,11512,18,1,38.0,38.0
34037,11512,23,1,18.0,18.0
34038,11513,4,2,22.0,44.0
34039,11513,2,1,34.0,34.0
34040,11513,14,1,45.0,45.0
34041,11514,36,3,6.0,18.0
34042,11514,20,1,16.0,16.0
34043,11514,18,1,38.0,38.0
34044,11514,27,1,25.0,25.0
34045,11514,8,1,24.0,24.0
34046,11515,35,1,9.0,9.0
34047,11515,7,2,36.0,72.0
34048,11516,24,2,24.0,48.0
34049,11516,1,1,28.0,28.0
34050,11516,13,1,28.0,28.0
34051,11516,35,1,9.0,9.0
34052,11517,4,1,22.0,22.0
34053,11517,14,1,45.0,45.0
34054,11518,9,1,35.0,35.0
34055,11518,36,1,6.0,6.0
34056,11518,37,2,18.0,36.0
34057,11518,24,1,24.0,24.0
34058,11519,1,2,28.0,56.0
34059,11519,25,1,26.0,26.0
34060,11519,32,1,37.0,37.0
34061,11520,27,1,25.0,25.0
34062,11520,37,3,18.0,54.0
34063,11520,13,1,28.0,28.0
34064,11521,28,1,34.0,34.0
34065,11521,23,1,18.0,18.0
34066,11522,8,2,24.0,48.0
34067,11522,28,2,34.0,68.0
34068,11523,5,2,30.0,60.0
34069,11523,2,1,34.0,34.0
34070,11523,26,1,42.0,42.0
34071,11523,22,2,22.0,44.0
34072,11523,25,3,26.0,78.0
34073,11524,37,3,18.0,54.0
34074,11524,6,1,38.0,38.0
34075,11525,15,1,30.0,30.0
34076,11525,27,2,25.0,50.0
34077,11525,22,1,22.0,22.0
34078,11526,2,1,34.0,34.0
34079,11526,6,1,38.0,38.0
34080,11527,4,3,22.0,66.0
34081,11527,27,3,25.0,75.0
34082,11527,35,2,9.0,18.0
34083,11527,1,2,28.0,56.0
34084,11527,37,2,18.0,36.0
34085,11528,11,1,33.0,33.0
34086,11528,5,1,30.0,30.0
34087,11529,3,2,42.0,84.0
34088,11529,32,1,37.0,37.0
34089,11529,23,1,18.0,18.0
34090,11530,36,1,6.0,6.0
34091,11530,2,2,34.0,68.0
34092,11531,1,1,28.0,28.0
34093,11531,10,1,32.0,32.0
34094,11531,30,1,38.0,38.0
34095,11531,32,1,37.0,37.0
34096,11531,27,1,25.0,25.0
34097,11531,37,1,18.0,18.0
34098,11532,19,1,18.0,18.0
34099,11532,26,1,42.0,42.0
34100,11532,9,3,35.0,105.0
34101,11532,10,2,32.0,64.0
34102,11532,2,2,34.0,68.0
34103,11533,15,2,30.0,60.0
34104,11533,1,1,28.0,28.0
34105,11534,7,1,36.0,36.0
34106,11534,6,1,38.0,38.0
34107,11534,18,3,38.0,114.0
34108,11535,15,1,30.0,30.0
34109,11535,3,1,42.0,42.0
34110,11535,10,1,32.0,32.0
34111,11536,25,1,26.0,26.0
34112,11536,6,2,38.0,76.0
34113,11536,30,1,38.0,38.0
34114,11537,1,2,28.0,56.0
34115,11537,5,2,30.0,60.0
34116,11537,16,3,32.0,96.0
34117,11537,14,1,45.0,45.0
34118,11538,8,1,24.0,24.0
34119,11539,32,2,37.0,74.0
34120,11539,31,2,36.0,72.0
34121,11539,22,2,22.0,44.0
34122,11540,8,1,24.0,24.0
34123,11540,13,1,28.0,28.0
34124,11541,12,3,36.0,108.0
34125,11541,3,1,42.0,42.0
34126,11541,24,1,24.0,24.0
34127,11542,36,1,6.0,6.0
34128,11543,18,1,38.0,38.0
34129,11543,27,1,25.0,25.0
34130,11544,20,2,16.0,32.0
34131,11544,32,1,37.0,37.0
34132,11545,11,2,33.0,66.0
34133,11545,18,2,38.0,76.0
34134,11546,1,1,28.0,28.0
34135,11546,18,1,38.0,38.0
34136,11546,12,1,36.0,36.0
34137,11547,16,3,32.0,96.0
34138,11547,11,1,33.0,33.0
34139,11548,22,1,22.0,22.0
34140,11549,28,3,34.0,102.0
34141,11549,13,2,28.0,56.0
34142,11549,36,2,6.0,12.0
34143,11550,8,1,24.0,24.0
34144,11550,3,2,42.0,84.0
34145,11551,32,2,37.0,74.0
34146,11551,21,2,20.0,40.0
34147,11552,7,2,36.0,72.0
34148,11552,30,2,38.0,76.0
34149,11552,12,1,36.0,36.0
34150,11553,4,1,22.0,22.0
34151,11553,2,2,34.0,68.0
34152,11553,25,1,26.0,26.0
34153,11553,31,1,36.0,36.0
34154,11554,6,1,38.0,38.0
34155,11554,16,1,32.0,32.0
34156,11555,25,1,26.0,26.0
34157,11555,23,1,18.0,18.0
34158,11556,37,1,18.0,18.0
34159,11557,17,2,26.0,52.0
34160,11557,29,3,44.0,132.0
34161,11557,35,1,9.0,9.0
34162,11558,5,1,30.0,30.0
34163,11558,8,2,24.0,48.0
34164,11559,5,3,30.0,90.0
34165,11560,10,3,32.0,96.0
34166,11561,7,2,36.0,72.0
34167,11561,36,1,6.0,6.0
34168,11561,25,2,26.0,52.0
34169,11561,21,2,20.0,40.0
34170,11561,5,1,30.0,30.0
34171,11562,2,1,34.0,34.0
34172,11562,33,1,14.0,14.0
34173,11562,13,2,28.0,56.0
34174,11562,23,1,18.0,18.0
34175,11562,8,3,24.0,72.0
34176,11563,7,1,36.0,36.0
34177,11563,1,3,28.0,84.0
34178,11563,5,1,30.0,30.0
34179,11564,5,2,30.0,60.0
34180,11564,8,2,24.0,48.0
34181,11564,3,1,42.0,42.0
34182,11565,30,1,38.0,38.0
34183,11565,23,1,18.0,18.0
34184,11566,38,1,12.0,12.0
34185,11566,2,2,34.0,68.0
34186,11567,33,3,14.0,42.0
34187,11567,21,2,20.0,40.0
34188,11567,36,1,6.0,6.0
34189,11568,5,1,30.0,30.0
34190,11568,24,1,24.0,24.0
34191,11569,3,1,42.0,42.0
34192,11569,1,2,28.0,56.0
34193,11570,13,1,28.0,28.0
34194,11570,38,1,12.0,12.0
34195,11570,5,2,30.0,60.0
34196,11570,29,2,44.0,88.0
34197,11570,8,1,24.0,24.0
34198,11570,40,1,10.0,10.0
34199,11571,15,2,30.0,60.0
34200,11571,16,1,32.0,32.0
34201,11571,18,3,38.0,114.0
34202,11572,10,1,32.0,32.0
34203,11572,2,1,34.0,34.0
34204,11573,5,1,30.0,30.0
34205,11573,32,2,37.0,74.0
34206,11574,25,1,26.0,26.0
34207,11574,17,1,26.0,26.0
34208,11575,1,1,28.0,28.0
34209,11575,10,1,32.0,32.0
34210,11575,39,2,8.0,16.0
34211,11576,7,1,36.0,36.0
34212,11577,5,3,30.0,90.0
34213,11577,21,1,20.0,20.0
34214,11578,23,2,18.0,36.0
34215,11578,5,3,30.0,90.0
34216,11578,25,1,26.0,26.0
34217,11578,7,1,36.0,36.0
34218,11578,26,2,42.0,84.0
34219,11578,20,1,16.0,16.0
34220,11579,21,2,20.0,40.0
34221,11579,12,2,36.0,72.0
34222,11580,39,1,8.0,8.0
34223,11581,4,1,22.0,22.0
34224,11581,13,2,28.0,56.0
34225,11581,26,2,42.0,84.0
34226,11582,32,1,37.0,37.0
34227,11582,2,1,34.0,34.0
34228,11583,37,2,18.0,36.0
34229,11583,1,2,28.0,56.0
34230,11583,12,1,36.0,36.0
34231,11583,9,2,35.0,70.0
34232,11583,40,1,10.0,10.0
34233,11583,36,1,6.0,6.0
34234,11584,17,2,26.0,52.0
34235,11584,33,3,14.0,42.0
34236,11585,18,1,38.0,38.0
34237,11585,13,1,28.0,28.0
34238,11585,26,1,42.0,42.0
34239,11585,14,1,45.0,45.0
34240,11586,8,1,24.0,24.0
34241,11586,25,1,26.0,26.0
34242,11586,31,2,36.0,72.0
34243,11587,25,3,26.0,78.0
34244,11587,34,1,10.0,10.0
34245,11587,7,3,36.0,108.0
34246,11588,28,1,34.0,34.0
34247,11588,23,1,18.0,18.0
34248,11588,7,2,36.0,72.0
34249,11589,8,2,24.0,48.0
34250,11589,5,1,30.0,30.0
34251,11590,22,1,22.0,22.0
34252,11590,1,1,28.0,28.0
34253,11590,31,1,36.0,36.0
34254,11591,20,1,16.0,16.0
34255,11591,32,1,37.0,37.0
34256,11592,30,1,38.0,38.0
34257,11592,23,1,18.0,18.0
34258,11592,14,2,45.0,90.0
34259,11592,2,1,34.0,34.0
34260,11592,32,2,37.0,74.0
34261,11593,6,1,38.0,38.0
34262,11593,7,1,36.0,36.0
34263,11594,37,2,18.0,36.0
34264,11594,15,2,30.0,60.0
34265,11594,27,1,25.0,25.0
34266,11595,2,2,34.0,68.0
34267,11595,23,3,18.0,54.0
34268,11595,4,1,22.0,22.0
34269,11595,13,1,28.0,28.0
34270,11596,28,2,34.0,68.0
34271,11596,14,1,45.0,45.0
34272,11597,3,1,42.0,42.0
34273,11597,1,1,28.0,28.0
34274,11597,34,1,10.0,10.0
34275,11597,24,2,24.0,48.0
34276,11598,27,1,25.0,25.0
34277,11598,3,1,42.0,42.0
34278,11599,20,1,16.0,16.0
34279,11599,17,1,26.0,26.0
34280,11599,27,2,25.0,50.0
34281,11600,23,2,18.0,36.0
34282,11600,8,1,24.0,24.0
34283,11601,12,1,36.0,36.0
34284,11601,11,2,33.0,66.0
34285,11601,8,2,24.0,48.0
34286,11601,4,1,22.0,22.0
34287,11602,13,1,28.0,28.0
34288,11602,15,3,30.0,90.0
34289,11602,8,2,24.0,48.0
34290,11603,37,1,18.0,18.0
34291,11603,7,1,36.0,36.0
34292,11603,35,2,9.0,18.0
34293,11604,35,1,9.0,9.0
34294,11604,6,1,38.0,38.0
34295,11604,28,1,34.0,34.0
34296,11604,5,1,30.0,30.0
34297,11605,5,2,30.0,60.0
34298,11606,25,1,26.0,26.0
34299,11606,18,1,38.0,38.0
34300,11606,7,1,36.0,36.0
34301,11606,16,1,32.0,32.0
34302,11606,27,1,25.0,25.0
34303,11607,23,1,18.0,18.0
34304,11607,18,3,38.0,114.0
34305,11607,26,1,42.0,42.0
34306,11607,5,1,30.0,30.0
34307,11607,8,3,24.0,72.0
34308,11608,33,1,14.0,14.0
34309,11608,4,2,22.0,44.0
34310,11608,10,1,32.0,32.0
34311,11608,35,1,9.0,9.0
34312,11609,26,1,42.0,42.0
34313,11609,5,1,30.0,30.0
34314,11609,12,2,36.0,72.0
34315,11609,6,1,38.0,38.0
34316,11609,2,1,34.0,34.0
34317,11610,12,1,36.0,36.0
34318,11610,7,2,36.0,72.0
34319,11610,30,1,38.0,38.0
34320,11610,5,2,30.0,60.0
34321,11611,15,1,30.0,30.0
34322,11611,7,1,36.0,36.0
34323,11611,16,1,32.0,32.0
34324,11612,4,1,22.0,22.0
34325,11612,22,1,22.0,22.0
34326,11613,10,1,32.0,32.0
34327,11613,15,1,30.0,30.0
34328,11613,16,2,32.0,64.0
34329,11613,20,2,16.0,32.0
34330,11613,26,1,42.0,42.0
34331,11613,7,1,36.0,36.0
34332,11614,15,2,30.0,60.0
34333,11614,2,1,34.0,34.0
34334,11614,7,1,36.0,36.0
34335,11614,28,2,34.0,68.0
34336,11615,3,1,42.0,42.0
34337,11615,10,2,32.0,64.0
34338,11615,33,1,14.0,14.0
34339,11615,30,3,38.0,114.0
34340,11615,24,2,24.0,48.0
34341,11615,1,1,28.0,28.0
34342,11616,5,1,30.0,30.0
34343,11616,18,1,38.0,38.0
34344,11616,28,2,34.0,68.0
34345,11617,8,1,24.0,24.0
34346,11618,7,2,36.0,72.0
34347,11618,35,1,9.0,9.0
34348,11619,35,1,9.0,9.0
34349,11620,1,1,28.0,28.0
34350,11620,9,2,35.0,70.0
34351,11620,27,2,25.0,50.0
34352,11620,12,1,36.0,36.0
34353,11620,28,1,34.0,34.0
34354,11621,6,1,38.0,38.0
34355,11621,8,2,24.0,48.0
34356,11621,20,2,16.0,32.0
34357,11622,4,2,22.0,44.0
34358,11622,1,3,28.0,84.0
34359,11622,16,2,32.0,64.0
34360,11623,24,2,24.0,48.0
34361,11623,14,1,45.0,45.0
34362,11623,21,1,20.0,20.0
34363,11623,12,1,36.0,36.0
34364,11624,17,1,26.0,26.0
34365,11625,34,2,10.0,20.0
34366,11625,7,1,36.0,36.0
34367,11625,14,2,45.0,90.0
34368,11626,37,3,18.0,54.0
34369,11626,26,2,42.0,84.0
34370,11627,7,2,36.0,72.0
34371,11627,29,1,44.0,44.0
34372,11628,13,2,28.0,56.0
34373,11629,27,1,25.0,25.0
34374,11629,14,2,45.0,90.0
34375,11629,6,3,38.0,114.0
34376,11629,16,1,32.0,32.0
34377,11629,7,1,36.0,36.0
34378,11630,5,1,30.0,30.0
34379,11630,30,1,38.0,38.0
34380,11630,31,2,36.0,72.0
34381,11630,1,1,28.0,28.0
34382,11631,37,1,18.0,18.0
34383,11631,8,3,24.0,72.0
34384,11631,23,1,18.0,18.0
34385,11631,6,1,38.0,38.0
34386,11631,11,1,33.0,33.0
34387,11631,32,1,37.0,37.0
34388,11632,2,3,34.0,102.0
34389,11632,31,1,36.0,36.0
34390,11633,8,2,24.0,48.0
34391,11634,8,3,24.0,72.0
34392,11634,40,2,10.0,20.0
34393,11634,32,2,37.0,74.0
34394,11634,11,3,33.0,99.0
34395,11634,37,3,18.0,54.0
34396,11635,36,2,6.0,12.0
34397,11636,6,2,38.0,76.0
34398,11636,36,1,6.0,6.0
34399,11637,11,3,33.0,99.0
34400,11637,3,1,42.0,42.0
34401,11637,24,1,24.0,24.0
34402,11638,5,3,30.0,90.0
34403,11638,12,1,36.0,36.0
34404,11638,7,1,36.0,36.0
34405,11638,35,1,9.0,9.0
34406,11639,7,1,36.0,36.0
34407,11639,30,2,38.0,76.0
34408,11639,18,1,38.0,38.0
34409,11639,33,1,14.0,14.0
34410,11640,1,2,28.0,56.0
34411,11640,5,1,30.0,30.0
34412,11641,9,1,35.0,35.0
34413,11641,12,3,36.0,108.0
34414,11642,17,2,26.0,52.0
34415,11642,24,2,24.0,48.0
34416,11643,7,1,36.0,36.0
34417,11644,28,1,34.0,34.0
34418,11644,3,1,42.0,42.0
34419,11645,37,1,18.0,18.0
34420,11646,14,1,45.0,45.0
34421,11646,1,1,28.0,28.0
34422,11647,39,1,8.0,8.0
34423,11647,25,1,26.0,26.0
34424,11647,5,2,30.0,60.0
34425,11648,25,1,26.0,26.0
34426,11649,5,1,30.0,30.0
34427,11649,10,1,32.0,32.0
34428,11649,23,1,18.0,18.0
34429,11649,16,1,32.0,32.0
34430,11649,8,1,24.0,24.0
34431,11650,6,2,38.0,76.0
34432,11650,2,2,34.0,68.0
34433,11651,1,1,28.0,28.0
34434,11651,30,1,38.0,38.0
34435,11651,14,3,45.0,135.0
34436,11652,24,2,24.0,48.0
34437,11652,26,1,42.0,42.0
34438,11653,6,1,38.0,38.0
34439,11653,32,1,37.0,37.0
34440,11654,22,1,22.0,22.0
34441,11654,19,1,18.0,18.0
34442,11654,2,3,34.0,102.0
34443,11654,24,1,24.0,24.0
34444,11654,31,1,36.0,36.0
34445,11655,32,2,37.0,74.0
34446,11655,10,1,32.0,32.0
34447,11655,11,1,33.0,33.0
34448,11655,4,1,22.0,22.0
34449,11655,25,1,26.0,26.0
34450,11655,31,2,36.0,72.0
34451,11656,7,1,36.0,36.0
34452,11657,3,1,42.0,42.0
34453,11657,6,1,38.0,38.0
34454,11657,34,1,10.0,10.0
34455,11657,2,1,34.0,34.0
34456,11657,28,1,34.0,34.0
34457,11658,39,2,8.0,16.0
34458,11658,11,2,33.0,66.0
34459,11659,4,1,22.0,22.0
34460,11659,33,3,14.0,42.0
34461,11660,5,2,30.0,60.0
34462,11660,24,1,24.0,24.0
34463,11661,2,1,34.0,34.0
34464,11661,7,2,36.0,72.0
34465,11661,6,2,38.0,76.0
34466,11661,37,1,18.0,18.0
34467,11662,15,1,30.0,30.0
34468,11662,16,1,32.0,32.0
34469,11662,1,1,28.0,28.0
34470,11662,7,1,36.0,36.0
34471,11662,21,1,20.0,20.0
34472,11663,40,1,10.0,10.0
34473,11663,39,3,8.0,24.0
34474,11663,19,1,18.0,18.0
34475,11664,27,2,25.0,50.0
34476,11664,4,2,22.0,44.0
34477,11664,21,1,20.0,20.0
34478,11665,29,1,44.0,44.0
34479,11665,4,1,22.0,22.0
34480,11665,9,1,35.0,35.0
34481,11666,3,2,42.0,84.0
34482,11666,30,2,38.0,76.0
34483,11666,5,1,30.0,30.0
34484,11666,1,3,28.0,84.0
34485,11666,7,2,36.0,72.0
34486,11667,34,1,10.0,10.0
34487,11668,20,2,16.0,32.0
34488,11668,5,3,30.0,90.0
34489,11669,15,2,30.0,60.0
34490,11669,2,3,34.0,102.0
34491,11669,12,1,36.0,36.0
34492,11670,10,2,32.0,64.0
34493,11670,25,1,26.0,26.0
34494,11670,19,1,18.0,18.0
34495,11670,16,1,32.0,32.0
34496,11670,8,1,24.0,24.0
34497,11670,2,3,34.0,102.0
34498,11671,6,1,38.0,38.0
34499,11671,21,3,20.0,60.0
34500,11671,23,1,18.0,18.0
34501,11671,17,3,26.0,78.0
34502,11671,7,1,36.0,36.0
34503,11672,6,1,38.0,38.0
34504,11672,7,1,36.0,36.0
34505,11672,1,1,28.0,28.0
34506,11673,2,2,34.0,68.0
34507,11673,17,2,26.0,52.0
34508,11673,15,2,30.0,60.0
34509,11674,13,2,28.0,56.0
34510,11674,24,2,24.0,48.0
34511,11675,30,2,38.0,76.0
34512,11676,12,2,36.0,72.0
34513,11676,7,1,36.0,36.0
34514,11676,14,3,45.0,135.0
34515,11677,17,1,26.0,26.0
34516,11677,19,1,18.0,18.0
34517,11678,7,1,36.0,36.0
34518,11678,6,1,38.0,38.0
34519,11678,23,1,18.0,18.0
34520,11678,16,1,32.0,32.0
34521,11678,32,2,37.0,74.0
34522,11679,36,1,6.0,6.0
34523,11679,17,2,26.0,52.0
34524,11679,18,2,38.0,76.0
34525,11679,8,1,24.0,24.0
34526,11679,22,1,22.0,22.0
34527,11680,6,2,38.0,76.0
34528,11680,36,2,6.0,12.0
34529,11680,32,1,37.0,37.0
34530,11680,3,2,42.0,84.0
34531,11680,20,1,16.0,16.0
34532,11680,7,1,36.0,36.0
34533,11681,35,2,9.0,18.0
34534,11681,14,2,45.0,90.0
34535,11682,8,1,24.0,24.0
34536,11682,39,1,8.0,8.0
34537,11682,10,1,32.0,32.0
34538,11682,19,3,18.0,54.0
34539,11683,19,1,18.0,18.0
34540,11683,1,3,28.0,84.0
34541,11683,7,1,36.0,36.0
34542,11683,26,2,42.0,84.0
34543,11684,11,1,33.0,33.0
34544,11684,23,2,18.0,36.0
34545,11684,12,1,36.0,36.0
34546,11685,16,1,32.0,32.0
34547,11685,25,1,26.0,26.0
34548,11685,32,1,37.0,37.0
34549,11685,37,2,18.0,36.0
34550,11686,36,2,6.0,12.0
34551,11686,16,1,32.0,32.0
34552,11686,27,1,25.0,25.0
34553,11687,21,3,20.0,60.0
34554,11687,40,2,10.0,20.0
34555,11687,5,1,30.0,30.0
34556,11688,4,1,22.0,22.0
34557,11688,23,2,18.0,36.0
34558,11689,8,2,24.0,48.0
34559,11689,24,2,24.0,48.0
34560,11689,12,1,36.0,36.0
34561,11690,16,1,32.0,32.0
34562,11691,17,2,26.0,52.0
34563,11691,3,3,42.0,126.0
34564,11691,1,1,28.0,28.0
34565,11691,7,1,36.0,36.0
34566,11691,30,1,38.0,38.0
34567,11691,12,2,36.0,72.0
34568,11692,14,2,45.0,90.0
34569,11692,5,1,30.0,30.0
34570,11692,12,3,36.0,108.0
34571,11692,23,2,18.0,36.0
34572,11692,3,2,42.0,84.0
34573,11693,34,1,10.0,10.0
34574,11693,19,1,18.0,18.0
34575,11693,3,1,42.0,42.0
34576,11693,12,3,36.0,108.0
34577,11694,10,1,32.0,32.0
34578,11695,5,1,30.0,30.0
34579,11695,7,1,36.0,36.0
34580,11695,20,2,16.0,32.0
34581,11695,35,2,9.0,18.0
34582,11695,12,3,36.0,108.0
34583,11696,25,2,26.0,52.0
34584,11697,39,1,8.0,8.0
34585,11697,23,3,18.0,54.0
34586,11697,17,3,26.0,78.0
34587,11697,5,1,30.0,30.0
34588,11698,17,3,26.0,78.0
34589,11698,37,1,18.0,18.0
34590,11699,35,2,9.0,18.0
34591,11699,31,1,36.0,36.0
34592,11699,8,1,24.0,24.0
34593,11699,37,2,18.0,36.0
34594,11699,33,1,14.0,14.0
34595,11700,37,1,18.0,18.0
34596,11700,6,1,38.0,38.0
34597,11701,16,1,32.0,32.0
34598,11701,28,1,34.0,34.0
34599,11701,17,1,26.0,26.0
34600,11702,36,1,6.0,6.0
34601,11702,2,1,34.0,34.0
34602,11702,20,3,16.0,48.0
34603,11703,24,1,24.0,24.0
34604,11703,21,1,20.0,20.0
34605,11704,29,1,44.0,44.0
34606,11704,23,3,18.0,54.0
34607,11704,8,1,24.0,24.0
34608,11705,13,2,28.0,56.0
34609,11705,1,1,28.0,28.0
34610,11706,5,1,30.0,30.0
34611,11706,24,3,24.0,72.0
34612,11706,27,3,25.0,75.0
34613,11706,21,2,20.0,40.0
34614,11707,39,1,8.0,8.0
34615,11707,24,1,24.0,24.0
34616,11707,32,1,37.0,37.0
34617,11708,9,3,35.0,105.0
34618,11709,13,1,28.0,28.0
34619,11710,8,1,24.0,24.0
34620,11710,3,1,42.0,42.0
34621,11710,17,1,26.0,26.0
34622,11710,18,1,38.0,38.0
34623,11711,21,2,20.0,40.0
34624,11711,37,2,18.0,36.0
34625,11712,5,1,30.0,30.0
34626,11713,28,1,34.0,34.0
34627,11713,7,1,36.0,36.0
34628,11713,12,1,36.0,36.0
34629,11714,2,1,34.0,34.0
34630,11715,36,1,6.0,6.0
34631,11715,15,1,30.0,30.0
34632,11716,4,1,22.0,22.0
34633,11717,17,1,26.0,26.0
34634,11717,33,1,14.0,14.0
34635,11717,27,3,25.0,75.0
34636,11718,11,1,33.0,33.0
34637,11718,26,3,42.0,126.0
34638,11718,29,2,44.0,88.0
34639,11718,18,1,38.0,38.0
34640,11718,16,1,32.0,32.0
34641,11718,34,3,10.0,30.0
34642,11719,7,2,36.0,72.0
34643,11719,13,1,28.0,28.0
34644,11719,6,1,38.0,38.0
34645,11719,5,1,30.0,30.0
34646,11719,33,1,14.0,14.0
34647,11719,15,2,30.0,60.0
34648,11720,3,2,42.0,84.0
34649,11720,24,1,24.0,24.0
34650,11720,11,1,33.0,33.0
34651,11720,21,1,20.0,20.0
34652,11721,8,2,24.0,48.0
34653,11722,24,2,24.0,48.0
34654,11722,2,2,34.0,68.0
34655,11722,7,1,36.0,36.0
34656,11722,8,1,24.0,24.0
34657,11723,17,1,26.0,26.0
34658,11723,12,1,36.0,36.0
34659,11723,4,1,22.0,22.0
34660,11723,14,1,45.0,45.0
34661,11724,8,1,24.0,24.0
34662,11724,32,3,37.0,111.0
34663,11724,7,1,36.0,36.0
34664,11725,2,1,34.0,34.0
34665,11725,22,1,22.0,22.0
34666,11725,13,1,28.0,28.0
34667,11726,7,1,36.0,36.0
34668,11726,37,2,18.0,36.0
34669,11726,38,1,12.0,12.0
34670,11726,4,1,22.0,22.0
34671,11727,37,1,18.0,18.0
34672,11728,25,1,26.0,26.0
34673,11728,2,1,34.0,34.0
34674,11728,4,1,22.0,22.0
34675,11728,28,1,34.0,34.0
34676,11728,26,1,42.0,42.0
34677,11729,29,1,44.0,44.0
34678,11730,5,1,30.0,30.0
34679,11730,18,1,38.0,38.0
34680,11730,20,1,16.0,16.0
34681,11731,30,1,38.0,38.0
34682,11731,7,1,36.0,36.0
34683,11731,26,2,42.0,84.0
34684,11731,18,1,38.0,38.0
34685,11731,1,1,28.0,28.0
34686,11732,25,1,26.0,26.0
34687,11732,32,1,37.0,37.0
34688,11733,36,2,6.0,12.0
34689,11733,1,1,28.0,28.0
34690,11733,31,1,36.0,36.0
34691,11733,30,2,38.0,76.0
34692,11734,2,1,34.0,34.0
34693,11734,36,1,6.0,6.0
34694,11734,26,2,42.0,84.0
34695,11734,5,2,30.0,60.0
34696,11735,12,1,36.0,36.0
34697,11736,24,3,24.0,72.0
34698,11736,1,2,28.0,56.0
34699,11736,22,2,22.0,44.0
34700,11736,13,1,28.0,28.0
34701,11737,38,1,12.0,12.0
34702,11737,7,1,36.0,36.0
34703,11737,32,1,37.0,37.0
34704,11737,27,3,25.0,75.0
34705,11738,11,1,33.0,33.0
34706,11738,40,1,10.0,10.0
34707,11738,4,1,22.0,22.0
34708,11738,36,3,6.0,18.0
34709,11738,13,2,28.0,56.0
34710,11739,1,3,28.0,84.0
34711,11739,18,1,38.0,38.0
34712,11739,16,1,32.0,32.0
34713,11740,18,1,38.0,38.0
34714,11740,10,2,32.0,64.0
34715,11740,5,1,30.0,30.0
34716,11741,18,2,38.0,76.0
34717,11741,33,1,14.0,14.0
34718,11741,27,3,25.0,75.0
34719,11742,14,1,45.0,45.0
34720,11742,3,1,42.0,42.0
34721,11742,35,2,9.0,18.0
34722,11743,5,1,30.0,30.0
34723,11743,30,1,38.0,38.0
34724,11743,6,1,38.0,38.0
34725,11744,25,1,26.0,26.0
34726,11744,8,1,24.0,24.0
34727,11744,5,1,30.0,30.0
34728,11744,21,1,20.0,20.0
34729,11744,28,1,34.0,34.0
34730,11745,29,2,44.0,88.0
34731,11745,1,2,28.0,56.0
34732,11745,39,2,8.0,16.0
34733,11745,11,1,33.0,33.0
34734,11746,28,3,34.0,102.0
34735,11746,27,2,25.0,50.0
34736,11747,12,3,36.0,108.0
34737,11747,8,3,24.0,72.0
34738,11747,5,1,30.0,30.0
34739,11747,4,1,22.0,22.0
34740,11748,33,1,14.0,14.0
34741,11748,5,1,30.0,30.0
34742,11748,24,2,24.0,48.0
34743,11748,3,1,42.0,42.0
34744,11748,7,1,36.0,36.0
34745,11749,31,2,36.0,72.0
34746,11749,2,1,34.0,34.0
34747,11749,29,1,44.0,44.0
34748,11750,3,2,42.0,84.0
34749,11750,39,1,8.0,8.0
34750,11751,12,1,36.0,36.0
34751,11751,24,2,24.0,48.0
34752,11751,8,1,24.0,24.0
34753,11751,15,2,30.0,60.0
34754,11752,12,3,36.0,108.0
34755,11753,25,1,26.0,26.0
34756,11753,29,2,44.0,88.0
34757,11753,1,1,28.0,28.0
34758,11754,14,1,45.0,45.0
34759,11754,29,1,44.0,44.0
34760,11755,22,3,22.0,66.0
34761,11755,16,3,32.0,96.0
34762,11755,2,1,34.0,34.0
34763,11756,23,1,18.0,18.0
34764,11756,35,1,9.0,9.0
34765,11756,24,2,24.0,48.0
34766,11757,7,2,36.0,72.0
34767,11757,4,1,22.0,22.0
34768,11757,1,1,28.0,28.0
34769,11757,16,3,32.0,96.0
34770,11757,37,1,18.0,18.0
34771,11758,13,1,28.0,28.0
34772,11758,12,1,36.0,36.0
34773,11758,27,2,25.0,50.0
34774,11758,18,1,38.0,38.0
34775,11758,8,2,24.0,48.0
34776,11759,15,1,30.0,30.0
34777,11759,6,2,38.0,76.0
34778,11760,40,2,10.0,20.0
34779,11761,16,1,32.0,32.0
34780,11761,4,1,22.0,22.0
34781,11761,2,3,34.0,102.0
34782,11762,39,3,8.0,24.0
34783,11762,3,2,42.0,84.0
34784,11762,33,1,14.0,14.0
34785,11762,13,2,28.0,56.0
34786,11762,18,3,38.0,114.0
34787,11763,7,1,36.0,36.0
34788,11764,9,2,35.0,70.0
34789,11764,6,3,38.0,114.0
34790,11765,24,1,24.0,24.0
34791,11765,9,2,35.0,70.0
34792,11765,16,1,32.0,32.0
34793,11765,6,1,38.0,38.0
34794,11765,28,1,34.0,34.0
34795,11766,25,1,26.0,26.0
34796,11766,9,3,35.0,105.0
34797,11766,16,2,32.0,64.0
34798,11766,4,1,22.0,22.0
34799,11766,10,2,32.0,64.0
34800,11766,8,1,24.0,24.0
34801,11767,10,1,32.0,32.0
34802,11767,7,3,36.0,108.0
34803,11767,15,2,30.0,60.0
34804,11768,27,1,25.0,25.0
34805,11769,31,1,36.0,36.0
34806,11769,28,2,34.0,68.0
34807,11769,33,1,14.0,14.0
34808,11770,21,2,20.0,40.0
34809,11771,30,1,38.0,38.0
34810,11771,6,2,38.0,76.0
34811,11771,5,1,30.0,30.0
34812,11771,33,2,14.0,28.0
34813,11771,2,2,34.0,68.0
34814,11771,8,1,24.0,24.0
34815,11772,16,1,32.0,32.0
34816,11772,7,2,36.0,72.0
34817,11772,32,1,37.0,37.0
34818,11773,12,1,36.0,36.0
34819,11773,35,1,9.0,9.0
34820,11773,7,1,36.0,36.0
34821,11774,8,2,24.0,48.0
34822,11774,6,1,38.0,38.0
34823,11775,15,3,30.0,90.0
34824,11775,12,1,36.0,36.0
34825,11775,9,1,35.0,35.0
34826,11775,28,1,34.0,34.0
34827,11775,16,2,32.0,64.0
34828,11775,13,1,28.0,28.0
34829,11776,34,1,10.0,10.0
34830,11776,24,3,24.0,72.0
34831,11776,40,2,10.0,20.0
34832,11776,30,2,38.0,76.0
34833,11776,29,1,44.0,44.0
34834,11777,38,3,12.0,36.0
34835,11777,37,2,18.0,36.0
34836,11778,12,2,36.0,72.0
34837,11778,31,1,36.0,36.0
34838,11778,1,2,28.0,56.0
34839,11778,13,1,28.0,28.0
34840,11778,23,2,18.0,36.0
34841,11779,7,2,36.0,72.0
34842,11779,14,1,45.0,45.0
34843,11779,2,3,34.0,102.0
34844,11779,27,1,25.0,25.0
34845,11779,26,1,42.0,42.0
34846,11780,12,3,36.0,108.0
34847,11780,22,2,22.0,44.0
34848,11780,4,1,22.0,22.0
34849,11781,37,1,18.0,18.0
34850,11781,34,1,10.0,10.0
34851,11782,13,1,28.0,28.0
34852,11782,2,1,34.0,34.0
34853,11783,23,2,18.0,36.0
34854,11783,39,2,8.0,16.0
34855,11783,1,1,28.0,28.0
34856,11783,26,2,42.0,84.0
34857,11783,3,2,42.0,84.0
34858,11784,22,1,22.0,22.0
34859,11784,8,1,24.0,24.0
34860,11785,22,3,22.0,66.0
34861,11785,8,1,24.0,24.0
34862,11785,6,2,38.0,76.0
34863,11785,10,2,32.0,64.0
34864,11785,13,2,28.0,56.0
34865,11786,1,2,28.0,56.0
34866,11786,23,1,18.0,18.0
34867,11786,5,1,30.0,30.0
34868,11787,36,2,6.0,12.0
34869,11788,6,1,38.0,38.0
34870,11788,8,2,24.0,48.0
34871,11789,9,3,35.0,105.0
34872,11789,13,2,28.0,56.0
34873,11790,30,1,38.0,38.0
34874,11790,38,1,12.0,12.0
34875,11791,36,1,6.0,6.0
34876,11791,37,2,18.0,36.0
34877,11791,35,2,9.0,18.0
34878,11791,1,1,28.0,28.0
34879,11791,15,1,30.0,30.0
34880,11791,6,1,38.0,38.0
34881,11792,2,1,34.0,34.0
34882,11792,1,2,28.0,56.0
34883,11792,23,2,18.0,36.0
34884,11793,28,1,34.0,34.0
34885,11793,2,2,34.0,68.0
34886,11793,4,1,22.0,22.0
34887,11793,6,3,38.0,114.0
34888,11793,20,1,16.0,16.0
34889,11793,30,1,38.0,38.0
34890,11794,17,1,26.0,26.0
34891,11795,26,2,42.0,84.0
34892,11795,14,1,45.0,45.0
34893,11795,12,2,36.0,72.0
34894,11795,32,3,37.0,111.0
34895,11796,12,1,36.0,36.0
34896,11797,7,1,36.0,36.0
34897,11797,2,3,34.0,102.0
34898,11797,22,2,22.0,44.0
34899,11797,38,1,12.0,12.0
34900,11798,12,1,36.0,36.0
34901,11798,1,2,28.0,56.0
34902,11798,24,1,24.0,24.0
34903,11799,18,2,38.0,76.0
34904,11799,7,1,36.0,36.0
34905,11800,13,1,28.0,28.0
34906,11800,35,2,9.0,18.0
34907,11801,33,3,14.0,42.0
34908,11801,30,1,38.0,38.0
34909,11802,9,1,35.0,35.0
34910,11802,19,1,18.0,18.0
34911,11803,12,1,36.0,36.0
34912,11803,4,1,22.0,22.0
34913,11803,29,1,44.0,44.0
34914,11804,8,2,24.0,48.0
34915,11804,5,1,30.0,30.0
34916,11804,25,1,26.0,26.0
34917,11805,4,1,22.0,22.0
34918,11806,7,1,36.0,36.0
34919,11806,31,1,36.0,36.0
34920,11806,8,1,24.0,24.0
34921,11807,33,1,14.0,14.0
34922,11807,13,1,28.0,28.0
34923,11807,5,1,30.0,30.0
34924,11808,6,1,38.0,38.0
34925,11808,7,3,36.0,108.0
34926,11809,28,2,34.0,68.0
34927,11809,32,1,37.0,37.0
34928,11809,10,1,32.0,32.0
34929,11810,12,2,36.0,72.0
34930,11811,28,3,34.0,102.0
34931,11811,35,1,9.0,9.0
34932,11811,37,1,18.0,18.0
34933,11811,33,1,14.0,14.0
34934,11812,16,1,32.0,32.0
34935,11812,26,1,42.0,42.0
34936,11812,24,2,24.0,48.0
34937,11812,38,2,12.0,24.0
34938,11812,1,1,28.0,28.0
34939,11812,4,1,22.0,22.0
34940,11813,6,1,38.0,38.0
34941,11813,33,1,14.0,14.0
34942,11814,6,1,38.0,38.0
34943,11814,15,1,30.0,30.0
34944,11815,8,1,24.0,24.0
34945,11815,6,1,38.0,38.0
34946,11815,12,1,36.0,36.0
34947,11815,24,1,24.0,24.0
34948,11815,35,1,9.0,9.0
34949,11815,2,2,34.0,68.0
34950,11816,6,1,38.0,38.0
34951,11816,32,1,37.0,37.0
34952,11816,4,2,22.0,44.0
34953,11816,15,1,30.0,30.0
34954,11816,34,1,10.0,10.0
34955,11817,14,2,45.0,90.0
34956,11817,10,1,32.0,32.0
34957,11818,32,1,37.0,37.0
34958,11819,7,3,36.0,108.0
34959,11819,20,3,16.0,48.0
34960,11819,10,1,32.0,32.0
34961,11819,16,1,32.0,32.0
34962,11820,16,1,32.0,32.0
34963,11820,32,1,37.0,37.0
34964,11821,23,1,18.0,18.0
34965,11821,30,2,38.0,76.0
34966,11821,1,1,28.0,28.0
34967,11822,5,2,30.0,60.0
34968,11822,32,1,37.0,37.0
34969,11822,4,1,22.0,22.0
34970,11822,33,2,14.0,28.0
34971,11823,4,1,22.0,22.0
34972,11823,8,2,24.0,48.0
34973,11823,37,3,18.0,54.0
34974,11823,31,1,36.0,36.0
34975,11824,40,1,10.0,10.0
34976,11824,2,1,34.0,34.0
34977,11824,26,3,42.0,126.0
34978,11825,39,1,8.0,8.0
34979,11825,16,1,32.0,32.0
34980,11825,28,2,34.0,68.0
34981,11825,8,1,24.0,24.0
34982,11825,26,2,42.0,84.0
34983,11826,23,1,18.0,18.0
34984,11826,12,3,36.0,108.0
34985,11827,7,2,36.0,72.0
34986,11827,8,1,24.0,24.0
34987,11828,22,2,22.0,44.0
34988,11828,20,1,16.0,16.0
34989,11828,12,1,36.0,36.0
34990,11828,15,3,30.0,90.0
34991,11829,6,3,38.0,114.0
34992,11829,1,1,28.0,28.0
34993,11829,2,1,34.0,34.0
34994,11829,8,1,24.0,24.0
34995,11830,9,1,35.0,35.0
34996,11830,10,3,32.0,96.0
34997,11830,23,1,18.0,18.0
34998,11831,37,3,18.0,54.0
34999,11831,30,1,38.0,38.0
35000,11831,4,1,22.0,22.0
35001,11831,11,1,33.0,33.0
35002,11831,27,1,25.0,25.0
35003,11831,24,3,24.0,72.0
35004,11832,8,1,24.0,24.0
35005,11833,2,1,34.0,34.0
35006,11833,5,1,30.0,30.0
35007,11833,32,1,37.0,37.0
35008,11833,13,1,28.0,28.0
35009,11833,25,1,26.0,26.0
35010,11833,6,1,38.0,38.0
35011,11834,2,1,34.0,34.0
35012,11835,25,2,26.0,52.0
35013,11835,7,1,36.0,36.0
35014,11836,3,1,42.0,42.0
35015,11837,11,2,33.0,66.0
35016,11837,1,3,28.0,84.0
35017,11837,34,1,10.0,10.0
35018,11837,3,1,42.0,42.0
35019,11837,2,2,34.0,68.0
35020,11837,4,1,22.0,22.0
35021,11838,4,1,22.0,22.0
35022,11838,7,1,36.0,36.0
35023,11838,36,1,6.0,6.0
35024,11839,8,1,24.0,24.0
35025,11839,13,1,28.0,28.0
35026,11839,25,2,26.0,52.0
35027,11840,30,1,38.0,38.0
35028,11840,1,1,28.0,28.0
35029,11840,7,2,36.0,72.0
35030,11840,35,1,9.0,9.0
35031,11840,25,2,26.0,52.0
35032,11841,1,1,28.0,28.0
35033,11842,9,3,35.0,105.0
35034,11842,8,1,24.0,24.0
35035,11842,3,2,42.0,84.0
35036,11842,4,1,22.0,22.0
35037,11842,25,2,26.0,52.0
35038,11842,16,1,32.0,32.0
35039,11843,38,1,12.0,12.0
35040,11843,25,3,26.0,78.0
35041,11844,38,1,12.0,12.0
35042,11845,28,1,34.0,34.0
35043,11845,30,2,38.0,76.0
35044,11845,2,2,34.0,68.0
35045,11846,4,1,22.0,22.0
35046,11846,7,1,36.0,36.0
35047,11846,8,1,24.0,24.0
35048,11846,18,1,38.0,38.0
35049,11846,26,2,42.0,84.0
35050,11846,13,1,28.0,28.0
35051,11847,2,1,34.0,34.0
35052,11848,29,1,44.0,44.0
35053,11848,17,3,26.0,78.0
35054,11848,22,2,22.0,44.0
35055,11849,7,1,36.0,36.0
35056,11849,21,3,20.0,60.0
35057,11850,37,1,18.0,18.0
35058,11850,32,2,37.0,74.0
35059,11850,31,2,36.0,72.0
35060,11850,7,1,36.0,36.0
35061,11851,38,2,12.0,24.0
35062,11851,4,1,22.0,22.0
35063,11852,13,1,28.0,28.0
35064,11852,5,1,30.0,30.0
35065,11852,4,2,22.0,44.0
35066,11852,24,2,24.0,48.0
35067,11852,36,2,6.0,12.0
35068,11852,33,1,14.0,14.0
35069,11853,11,1,33.0,33.0
35070,11853,7,1,36.0,36.0
35071,11853,24,1,24.0,24.0
35072,11854,20,2,16.0,32.0
35073,11854,24,2,24.0,48.0
35074,11855,2,2,34.0,68.0
35075,11855,11,2,33.0,66.0
35076,11855,23,3,18.0,54.0
35077,11855,1,1,28.0,28.0
35078,11855,5,1,30.0,30.0
35079,11856,5,2,30.0,60.0
35080,11856,17,2,26.0,52.0
35081,11856,8,3,24.0,72.0
35082,11857,27,2,25.0,50.0
35083,11857,37,1,18.0,18.0
35084,11857,2,2,34.0,68.0
35085,11857,20,1,16.0,16.0
35086,11857,28,2,34.0,68.0
35087,11857,8,1,24.0,24.0
35088,11858,7,3,36.0,108.0
35089,11858,12,1,36.0,36.0
35090,11858,38,1,12.0,12.0
35091,11859,27,1,25.0,25.0
35092,11859,1,1,28.0,28.0
35093,11859,24,2,24.0,48.0
35094,11860,22,1,22.0,22.0
35095,11860,24,2,24.0,48.0
35096,11860,37,1,18.0,18.0
35097,11861,37,1,18.0,18.0
35098,11861,27,1,25.0,25.0
35099,11861,29,2,44.0,88.0
35100,11861,4,1,22.0,22.0
35101,11861,8,2,24.0,48.0
35102,11861,10,2,32.0,64.0
35103,11862,7,1,36.0,36.0
35104,11863,26,1,42.0,42.0
35105,11863,3,1,42.0,42.0
35106,11863,2,1,34.0,34.0
35107,11864,2,1,34.0,34.0
35108,11864,19,1,18.0,18.0
35109,11864,23,2,18.0,36.0
35110,11864,29,1,44.0,44.0
35111,11864,36,1,6.0,6.0
35112,11865,10,2,32.0,64.0
35113,11866,2,2,34.0,68.0
35114,11867,8,2,24.0,48.0
35115,11868,12,1,36.0,36.0
35116,11868,14,1,45.0,45.0
35117,11868,26,2,42.0,84.0
35118,11868,1,1,28.0,28.0
35119,11868,4,1,22.0,22.0
35120,11869,28,1,34.0,34.0
35121,11869,17,1,26.0,26.0
35122,11869,10,1,32.0,32.0
35123,11870,18,3,38.0,114.0
35124,11870,38,1,12.0,12.0
35125,11870,7,1,36.0,36.0
35126,11870,8,2,24.0,48.0
35127,11870,23,1,18.0,18.0
35128,11871,6,2,38.0,76.0
35129,11871,30,1,38.0,38.0
35130,11871,8,1,24.0,24.0
35131,11872,4,1,22.0,22.0
35132,11872,18,3,38.0,114.0
35133,11873,19,1,18.0,18.0
35134,11873,2,1,34.0,34.0
35135,11873,23,1,18.0,18.0
35136,11873,5,2,30.0,60.0
35137,11874,36,1,6.0,6.0
35138,11874,32,1,37.0,37.0
35139,11875,1,1,28.0,28.0
35140,11875,20,1,16.0,16.0
35141,11876,23,1,18.0,18.0
35142,11876,37,1,18.0,18.0
35143,11877,2,2,34.0,68.0
35144,11877,8,1,24.0,24.0
35145,11878,11,1,33.0,33.0
35146,11878,13,2,28.0,56.0
35147,11879,13,2,28.0,56.0
35148,11879,29,1,44.0,44.0
35149,11879,4,1,22.0,22.0
35150,11879,32,3,37.0,111.0
35151,11879,7,2,36.0,72.0
35152,11880,17,1,26.0,26.0
35153,11880,3,2,42.0,84.0
35154,11880,5,2,30.0,60.0
35155,11880,13,1,28.0,28.0
35156,11880,34,1,10.0,10.0
35157,11880,33,2,14.0,28.0
35158,11881,23,2,18.0,36.0
35159,11881,1,1,28.0,28.0
35160,11881,29,1,44.0,44.0
35161,11881,18,1,38.0,38.0
35162,11881,8,1,24.0,24.0
35163,11882,18,2,38.0,76.0
35164,11882,7,2,36.0,72.0
35165,11883,4,2,22.0,44.0
35166,11883,7,1,36.0,36.0
35167,11883,24,3,24.0,72.0
35168,11883,15,1,30.0,30.0
35169,11884,2,1,34.0,34.0
35170,11884,3,1,42.0,42.0
35171,11884,1,2,28.0,56.0
35172,11884,26,3,42.0,126.0
35173,11885,38,1,12.0,12.0
35174,11885,12,1,36.0,36.0
35175,11885,9,2,35.0,70.0
35176,11885,10,1,32.0,32.0
35177,11886,2,1,34.0,34.0
35178,11886,40,2,10.0,20.0
35179,11887,36,3,6.0,18.0
35180,11887,5,1,30.0,30.0
35181,11887,30,1,38.0,38.0
35182,11887,39,3,8.0,24.0
35183,11888,7,1,36.0,36.0
35184,11888,30,1,38.0,38.0
35185,11889,28,1,34.0,34.0
35186,11889,2,1,34.0,34.0
35187,11889,14,1,45.0,45.0
35188,11889,15,1,30.0,30.0
35189,11890,9,1,35.0,35.0
35190,11890,4,1,22.0,22.0
35191,11890,14,1,45.0,45.0
35192,11891,5,2,30.0,60.0
35193,11891,12,1,36.0,36.0
35194,11891,17,1,26.0,26.0
35195,11892,8,2,24.0,48.0
35196,11892,27,2,25.0,50.0
35197,11893,6,1,38.0,38.0
35198,11893,12,1,36.0,36.0
35199,11894,20,1,16.0,16.0
35200,11895,33,1,14.0,14.0
35201,11895,6,1,38.0,38.0
35202,11895,36,2,6.0,12.0
35203,11896,36,1,6.0,6.0
35204,11896,14,1,45.0,45.0
35205,11896,32,1,37.0,37.0
35206,11896,28,2,34.0,68.0
35207,11896,3,1,42.0,42.0
35208,11897,11,1,33.0,33.0
35209,11897,9,1,35.0,35.0
35210,11897,6,1,38.0,38.0
35211,11898,7,1,36.0,36.0
35212,11898,37,1,18.0,18.0
35213,11898,1,2,28.0,56.0
35214,11898,31,2,36.0,72.0
35215,11898,35,1,9.0,9.0
35216,11899,7,2,36.0,72.0
35217,11899,11,3,33.0,99.0
35218,11899,29,1,44.0,44.0
35219,11900,30,1,38.0,38.0
35220,11900,7,1,36.0,36.0
35221,11900,4,2,22.0,44.0
35222,11901,15,1,30.0,30.0
35223,11902,23,2,18.0,36.0
35224,11903,28,3,34.0,102.0
35225,11903,26,1,42.0,42.0
35226,11903,14,1,45.0,45.0
35227,11903,3,1,42.0,42.0
35228,11904,3,1,42.0,42.0
35229,11904,15,1,30.0,30.0
35230,11905,31,3,36.0,108.0
35231,11906,3,1,42.0,42.0
35232,11906,36,1,6.0,6.0
35233,11906,12,3,36.0,108.0
35234,11907,4,2,22.0,44.0
35235,11907,8,1,24.0,24.0
35236,11907,2,2,34.0,68.0
35237,11907,13,3,28.0,84.0
35238,11908,25,3,26.0,78.0
35239,11908,40,2,10.0,20.0
35240,11908,23,2,18.0,36.0
35241,11908,37,2,18.0,36.0
35242,11908,26,1,42.0,42.0
35243,11909,27,1,25.0,25.0
35244,11910,18,1,38.0,38.0
35245,11910,10,2,32.0,64.0
35246,11910,1,1,28.0,28.0
35247,11911,8,2,24.0,48.0
35248,11911,2,3,34.0,102.0
35249,11912,4,1,22.0,22.0
35250,11912,18,2,38.0,76.0
35251,11913,29,1,44.0,44.0
35252,11913,32,1,37.0,37.0
35253,11914,6,1,38.0,38.0
35254,11914,33,1,14.0,14.0
35255,11914,12,2,36.0,72.0
35256,11915,37,2,18.0,36.0
35257,11915,11,1,33.0,33.0
35258,11915,35,1,9.0,9.0
35259,11916,30,2,38.0,76.0
35260,11916,15,1,30.0,30.0
35261,11917,5,1,30.0,30.0
35262,11917,8,2,24.0,48.0
35263,11917,23,2,18.0,36.0
35264,11918,16,1,32.0,32.0
35265,11918,5,2,30.0,60.0
35266,11918,14,2,45.0,90.0
35267,11918,13,1,28.0,28.0
35268,11918,7,2,36.0,72.0
35269,11918,8,1,24.0,24.0
35270,11919,35,1,9.0,9.0
35271,11919,4,1,22.0,22.0
35272,11919,24,1,24.0,24.0
35273,11919,1,2,28.0,56.0
35274,11919,37,1,18.0,18.0
35275,11920,26,1,42.0,42.0
35276,11921,29,1,44.0,44.0
35277,11921,7,1,36.0,36.0
35278,11922,6,1,38.0,38.0
35279,11923,1,1,28.0,28.0
35280,11923,6,3,38.0,114.0
35281,11924,1,1,28.0,28.0
35282,11924,4,1,22.0,22.0
35283,11924,13,1,28.0,28.0
35284,11925,30,1,38.0,38.0
35285,11925,7,1,36.0,36.0
35286,11926,18,1,38.0,38.0
35287,11926,28,2,34.0,68.0
35288,11926,39,1,8.0,8.0
35289,11927,2,1,34.0,34.0
35290,11927,35,1,9.0,9.0
35291,11928,14,1,45.0,45.0
35292,11928,12,1,36.0,36.0
35293,11928,36,2,6.0,12.0
35294,11928,37,1,18.0,18.0
35295,11928,15,1,30.0,30.0
35296,11928,13,1,28.0,28.0
35297,11929,14,1,45.0,45.0
35298,11929,7,2,36.0,72.0
35299,11929,28,1,34.0,34.0
35300,11929,29,1,44.0,44.0
35301,11930,30,1,38.0,38.0
35302,11930,4,1,22.0,22.0
35303,11930,11,1,33.0,33.0
35304,11930,9,1,35.0,35.0
35305,11930,40,3,10.0,30.0
35306,11930,14,1,45.0,45.0
35307,11931,20,1,16.0,16.0
35308,11932,16,1,32.0,32.0
35309,11932,24,1,24.0,24.0
35310,11932,29,1,44.0,44.0
35311,11932,18,1,38.0,38.0
35312,11933,18,1,38.0,38.0
35313,11933,1,1,28.0,28.0
35314,11934,25,1,26.0,26.0
35315,11934,40,1,10.0,10.0
35316,11935,6,1,38.0,38.0
35317,11935,12,1,36.0,36.0
35318,11935,3,2,42.0,84.0
35319,11936,7,1,36.0,36.0
35320,11936,17,2,26.0,52.0
35321,11937,26,2,42.0,84.0
35322,11937,13,2,28.0,56.0
35323,11937,16,1,32.0,32.0
35324,11938,23,2,18.0,36.0
35325,11938,11,2,33.0,66.0
35326,11938,12,1,36.0,36.0
35327,11938,18,1,38.0,38.0
35328,11939,15,2,30.0,60.0
35329,11939,27,1,25.0,25.0
35330,11939,23,2,18.0,36.0
35331,11939,5,2,30.0,60.0
35332,11939,4,2,22.0,44.0
35333,11940,4,3,22.0,66.0
35334,11940,2,1,34.0,34.0
35335,11940,27,1,25.0,25.0
35336,11941,30,2,38.0,76.0
35337,11941,2,1,34.0,34.0
35338,11942,17,1,26.0,26.0
35339,11942,14,1,45.0,45.0
35340,11942,29,1,44.0,44.0
35341,11942,18,1,38.0,38.0
35342,11943,35,1,9.0,9.0
35343,11943,39,3,8.0,24.0
35344,11944,8,1,24.0,24.0
35345,11944,7,1,36.0,36.0
35346,11945,4,1,22.0,22.0
35347,11945,3,1,42.0,42.0
35348,11945,11,2,33.0,66.0
35349,11945,8,2,24.0,48.0
35350,11945,9,1,35.0,35.0
35351,11946,25,2,26.0,52.0
35352,11946,3,3,42.0,126.0
35353,11946,17,3,26.0,78.0
35354,11946,10,2,32.0,64.0
35355,11947,2,2,34.0,68.0
35356,11947,8,2,24.0,48.0
35357,11947,12,1,36.0,36.0
35358,11947,31,1,36.0,36.0
35359,11948,34,1,10.0,10.0
35360,11948,33,2,14.0,28.0
35361,11948,12,2,36.0,72.0
35362,11948,1,1,28.0,28.0
35363,11949,10,1,32.0,32.0
35364,11949,12,1,36.0,36.0
35365,11949,8,3,24.0,72.0
35366,11949,7,1,36.0,36.0
35367,11949,9,1,35.0,35.0
35368,11949,32,1,37.0,37.0
35369,11950,23,2,18.0,36.0
35370,11950,7,1,36.0,36.0
35371,11950,8,1,24.0,24.0
35372,11950,11,3,33.0,99.0
35373,11951,17,1,26.0,26.0
35374,11951,15,1,30.0,30.0
35375,11951,37,1,18.0,18.0
35376,11951,2,1,34.0,34.0
35377,11951,7,1,36.0,36.0
35378,11951,21,1,20.0,20.0
35379,11952,32,1,37.0,37.0
35380,11952,16,3,32.0,96.0
35381,11953,29,2,44.0,88.0
35382,11954,32,3,37.0,111.0
35383,11954,12,2,36.0,72.0
35384,11954,37,2,18.0,36.0
35385,11954,36,2,6.0,12.0
35386,11955,7,2,36.0,72.0
35387,11955,22,1,22.0,22.0
35388,11955,8,2,24.0,48.0
35389,11955,18,1,38.0,38.0
35390,11956,12,1,36.0,36.0
35391,11956,34,1,10.0,10.0
35392,11956,10,1,32.0,32.0
35393,11957,12,1,36.0,36.0
35394,11957,24,2,24.0,48.0
35395,11957,22,1,22.0,22.0
35396,11958,31,1,36.0,36.0
35397,11958,8,1,24.0,24.0
35398,11958,5,3,30.0,90.0
35399,11958,28,2,34.0,68.0
35400,11959,25,2,26.0,52.0
35401,11959,14,1,45.0,45.0
35402,11960,35,1,9.0,9.0
35403,11960,1,2,28.0,56.0
35404,11960,7,1,36.0,36.0
35405,11961,35,1,9.0,9.0
35406,11962,2,1,34.0,34.0
35407,11963,16,1,32.0,32.0
35408,11963,15,3,30.0,90.0
35409,11964,6,1,38.0,38.0
35410,11964,33,1,14.0,14.0
35411,11965,23,1,18.0,18.0
35412,11965,6,1,38.0,38.0
35413,11965,34,2,10.0,20.0
35414,11966,6,2,38.0,76.0
35415,11966,18,1,38.0,38.0
35416,11967,5,3,30.0,90.0
35417,11968,5,2,30.0,60.0
35418,11969,26,2,42.0,84.0
35419,11969,19,1,18.0,18.0
35420,11969,8,1,24.0,24.0
35421,11970,27,1,25.0,25.0
35422,11970,1,2,28.0,56.0
35423,11971,15,2,30.0,60.0
35424,11971,16,1,32.0,32.0
35425,11971,10,1,32.0,32.0
35426,11971,6,1,38.0,38.0
35427,11971,3,2,42.0,84.0
35428,11971,8,1,24.0,24.0
35429,11972,7,2,36.0,72.0
35430,11972,9,1,35.0,35.0
35431,11973,17,1,26.0,26.0
35432,11973,6,3,38.0,114.0
35433,11974,36,1,6.0,6.0
35434,11974,11,1,33.0,33.0
35435,11975,24,1,24.0,24.0
35436,11975,4,2,22.0,44.0
35437,11975,2,1,34.0,34.0
35438,11976,37,1,18.0,18.0
35439,11976,9,2,35.0,70.0
35440,11976,30,3,38.0,114.0
35441,11976,25,1,26.0,26.0
35442,11976,5,2,30.0,60.0
35443,11977,19,1,18.0,18.0
35444,11977,24,1,24.0,24.0
35445,11977,12,1,36.0,36.0
35446,11978,23,1,18.0,18.0
35447,11978,7,1,36.0,36.0
35448,11979,13,2,28.0,56.0
35449,11979,1,1,28.0,28.0
35450,11980,5,2,30.0,60.0
35451,11980,2,1,34.0,34.0
35452,11980,11,1,33.0,33.0
35453,11981,5,1,30.0,30.0
35454,11981,14,2,45.0,90.0
35455,11981,4,1,22.0,22.0
35456,11981,19,1,18.0,18.0
35457,11981,9,1,35.0,35.0
35458,11982,22,1,22.0,22.0
35459,11982,13,2,28.0,56.0
35460,11983,11,2,33.0,66.0
35461,11983,3,2,42.0,84.0
35462,11983,27,1,25.0,25.0
35463,11984,35,1,9.0,9.0
35464,11984,36,2,6.0,12.0
35465,11984,7,1,36.0,36.0
35466,11984,10,1,32.0,32.0
35467,11984,6,1,38.0,38.0
35468,11985,31,2,36.0,72.0
35469,11985,4,1,22.0,22.0
35470,11985,3,1,42.0,42.0
35471,11986,7,2,36.0,72.0
35472,11986,28,1,34.0,34.0
35473,11986,2,1,34.0,34.0
35474,11987,32,1,37.0,37.0
35475,11987,25,2,26.0,52.0
35476,11988,16,1,32.0,32.0
35477,11988,12,1,36.0,36.0
35478,11988,15,1,30.0,30.0
35479,11988,14,2,45.0,90.0
35480,11988,34,1,10.0,10.0
35481,11989,37,2,18.0,36.0
35482,11990,5,2,30.0,60.0
35483,11990,14,3,45.0,135.0
35484,11990,36,2,6.0,12.0
35485,11990,29,1,44.0,44.0
35486,11990,2,1,34.0,34.0
35487,11991,2,2,34.0,68.0
35488,11991,13,1,28.0,28.0
35489,11991,35,1,9.0,9.0
35490,11991,17,1,26.0,26.0
35491,11991,16,1,32.0,32.0
35492,11992,14,1,45.0,45.0
35493,11992,6,1,38.0,38.0
35494,11993,22,1,22.0,22.0
35495,11993,28,1,34.0,34.0
35496,11993,9,1,35.0,35.0
35497,11993,10,1,32.0,32.0
35498,11994,22,2,22.0,44.0
35499,11994,2,3,34.0,102.0
35500,11994,37,2,18.0,36.0
35501,11994,35,2,9.0,18.0
35502,11995,4,1,22.0,22.0
35503,11995,40,1,10.0,10.0
35504,11995,36,1,6.0,6.0
35505,11996,40,3,10.0,30.0
35506,11996,21,1,20.0,20.0
35507,11997,12,1,36.0,36.0
35508,11997,24,2,24.0,48.0
35509,11998,8,1,24.0,24.0
35510,11998,23,1,18.0,18.0
35511,11998,4,3,22.0,66.0
35512,11998,24,2,24.0,48.0
35513,11998,6,1,38.0,38.0
35514,11999,40,1,10.0,10.0
35515,11999,1,1,28.0,28.0
35516,12000,12,1,36.0,36.0
35517,12000,7,1,36.0,36.0
35518,12000,3,3,42.0,126.0
35519,12000,8,1,24.0,24.0
