id_pedido,fecha_pedido,hora_pedido,id_cliente,id_empleado,canal_interno,metodo_pago,monto_total
1,01/10/2025,18:05,898,22,Delivery propio,Tarjeta,42.0
2,01/10/2025,11:51,1616,3,Salón,Yape,34.0
3,01/10/2025,13:21,5126,2,Salón,Efectivo,120.0
4,01/10/2025,13:04,4671,19,Para llevar,Tarjeta,138.0
5,01/10/2025,13:04,634,22,Para llevar,Efectivo,134.0
6,01/10/2025,19:45,,20,Salón,Efectivo,56.0
7,01/10/2025,19:46,5031,20,Salón,Yape,112.0
8,01/10/2025,15:23,,17,Salón,Efectivo,178.0
9,01/10/2025,13:00,2086,18,Salón,Plin,67.0
10,01/10/2025,15:06,,19,Delivery propio,Yape,350.0
11,Ayer,13:46,267,20,Delivery propio,Yape,99.0
12,01/10/2025,20:49,4448,5,Salón,Tarjeta,36.0
13,01/10/2025,17:49,2852,24,Salón,Plin,54.0
14,01/10/2025,20:52,4262,24,Salón,Yape,184.0
15,01/10/2025,18:35,3684,5,Salón,Yape,108.0
16,01/10/2025,12:42,817,5,Delivery propio,Tarjeta,164.0
17,01/10/2025,19:44,,19,Delivery propio,Tarjeta,100.0
18,01/10/2025,21:38,5363,3,Salón,Yape,139.0
19,01/10/2025,18:19,22,17,Salón,Plin,172.0
20,01/10/2025,14:46,5256,22,Salón,Yape,228.0
21,01/10/2025,17:02,3640,7,Salón,Yape,46.0
22,01/10/2025,19:14,4629,19,Delivery propio,Efectivo,128.0
23,02/10/2025,20:26,5054,20,Delivery propio,Tarjeta,148.0
24,02/10/2025,14:55,3483,18,Salón,Efectivo,60.0
25,02/10/2025,15:16,4107,18,Salón,Efectivo,236.0
26,02/10/2025,15:33,2931,16,Salón,Efectivo,102.0
27,02/10/2025,18:35,3134,17,Salón,Tarjeta,258.0
28,02/10/2025,19:10,3776,19,Salón,Yape,77.0
29,02/10/2025,13:16,565,3,Delivery propio,Efectivo,35.0
30,02/10/2025,13:32,5351,5,Salón,Tarjeta,60.0
31,02/10/2025,15:36,2395,7,Salón,Yape,78.0
32,02/10/2025,12:52,4479,18,Salón,Yape,86.0
33,02/10/2025,13:49,3658,2,Delivery propio,Plin,74.0
34,02/10/2025,13:32,1042,16,Salón,Efectivo,125.0
35,02/10/2025,12:33,2762,16,Salón,Efectivo,184.0
36,02/10/2025,14:46,4142,17,Salón,Tarjeta,48.0
37,02/10/2025,13:27,3969,22,Salón,Efectivo,138.0
38,02/10/2025,13:28,943,22,Para llevar,Yape,248.0
39,02/10/2025,15:49,730,16,Para llevar,Plin,160.0
40,02/10/2025,12:08,494,3,Delivery propio,Efectivo,176.0
41,02/10/2025,19:13,2374,19,Para llevar,Plin,142.0
42,02/10/2025,15:29,901,2,Para llevar,Efectivo,38.0
43,02/10/2025,13:20,4463,18,Salón,Tarjeta,126.0
44,02/10/2025,20:37,3143,7,Salón,Efectivo,18.0
45,02/10/2025,21:02,3009,5,Para llevar,Yape,193.0
46,02/10/2025,13:44,,17,Delivery propio,Yape,246.0
47,03/10/2025,21:13,,18,Delivery propio,Tarjeta,-112.0
48,03/10/2025,14:13,2686,20,Salón,Efectivo,233.0
49,03/10/2025,13:57,5398,24,Salón,Tarjeta,171.0
50,03/10/2025,21:09,,19,Salón,Tarjeta,170.0
51,03/10/2025,15:21,2110,2,Salón,Yape,160.0
52,03/10/2025,15:47,3336,19,Para llevar,Yape,66.0
53,03/10/2025,20:34,,24,Salón,Tarjeta,76.0
54,03/10/2025,16:26,403,16,Salón,Tarjeta,124.0
55,03/10/2025,14:46,3939,20,Delivery propio,Plin,162.0
56,03/10/2025,19:53,1501,17,Salón,Yape,48.0
57,03/10/2025,11:23,,19,Salón,Plin,108.0
58,03/10/2025,19:44,359,17,Para llevar,Tarjeta,380.0
59,03/10/2025,17:31,5424,18,Salón,Efectivo,50.0
60,03/10/2025,12:36,746,18,Delivery propio,Tarjeta,68.0
61,03/10/2025,17:42,3586,19,Para llevar,Efectivo,100.0
62,03/10/2025,20:38,858,19,Para llevar,Efectivo,62.0
63,03/10/2025,16:42,5449,17,Delivery propio,Efectivo,290.0
64,03/10/2025,14:00,5462,22,Para llevar,Efectivo,146.0
65,03/10/2025,13:26,,5,Salón,Efectivo,104.0
66,03/10/2025,13:26,2400,22,Salón,Efectivo,62.0
67,03/10/2025,21:59,4051,7,Salón,Yape,32.0
68,03/10/2025,12:50,1796,20,Delivery propio,Efectivo,140.0
69,03/10/2025,19:43,4329,18,Salón,Tarjeta,168.0
70,03/10/2025,17:02,1115,5,Salón,Efectivo,110.0
71,03/10/2025,12:22,2691,20,Salón,Yape,44.0
72,03/10/2025,14:56,2425,16,Salón,Tarjeta,268.0
73,03/10/2025,11:27,3066,20,Salón,Yape,60.0
74,03/10/2025,13:40,3641,17,Para llevar,Efectivo,72.0
75,03/10/2025,11:34,4107,2,Salón,Efectivo,194.0
76,03/10/2025,12:54,2463,16,Salón,Tarjeta,42.0
77,03/10/2025,21:13,5321,2,Delivery propio,Yape,66.0
78,04/10/2025,13:25,3603,18,Salón,Efectivo,55.0
79,04/10/2025,13:28,3732,22,Delivery propio,Plin,284.0
80,04/10/2025,14:43,381,20,Salón,Efectivo,212.0
81,04/10/2025,13:02,2512,17,Delivery propio,Tarjeta,214.0
82,04/10/2025,14:25,4198,3,Delivery propio,Yape,96.0
83,04/10/2025,13:12,771,22,Salón,Efectivo,288.0
84,04/10/2025,18:46,877,16,Salón,Efectivo,92.0
85,04/10/2025,13:19,1919,20,Salón,Yape,79.0
86,04/10/2025,13:49,4300,2,Salón,Yape,72.0
87,04/10/2025,13:15,2990,16,Para llevar,Tarjeta,220.0
88,04/10/2025,14:50,1799,17,Para llevar,Yape,194.0
89,04/10/2025,14:20,3959,2,Salón,Efectivo,238.0
90,04/10/2025,15:09,36,22,Salón,Tarjeta,54.0
91,04/10/2025,15:56,2742,2,Salón,Tarjeta,318.0
92,04/10/2025,19:47,4495,18,Salón,Plin,200.0
93,04/10/2025,15:07,2402,2,Salón,Tarjeta,44.0
94,04/10/2025,19:04,18,16,Salón,Tarjeta,100.0
95,04/10/2025,12:41,2036,3,Salón,Tarjeta,173.0
96,04/10/2025,20:06,2127,22,Salón,Yape,166.0
97,04/10/2025,14:07,,7,Delivery propio,Efectivo,103.0
98,04/10/2025,13:20,1491,19,Salón,Efectivo,149.0
99,04/10/2025,13:12,2004,20,Salón,Efectivo,186.0
100,04/10/2025,13:01,3313,24,Salón,Yape,180.0
101,04/10/2025,13:58,1636,22,Salón,Tarjeta,128.0
102,04/10/2025,11:19,5231,17,Delivery propio,Yape,134.0
103,04/10/2025,15:05,22,17,Delivery propio,Efectivo,128.0
104,04/10/2025,17:43,,17,Salón,Tarjeta,10.0
105,04/10/2025,18:35,3942,22,Salón,Yape,95.0
106,04/10/2025,12:29,5118,22,Salón,Efectivo,150.0
107,04/10/2025,16:47,598,19,Salón,Yape,34.0
108,04/10/2025,12:59,3025,5,Delivery propio,Efectivo,94.0
109,04/10/2025,14:30,970,18,Salón,Efectivo,82.0
110,04/10/2025,15:19,3210,19,Salón,Efectivo,130.0
111,04/10/2025,15:40,1389,5,Para llevar,Plin,157.0
112,04/10/2025,19:01,,5,Salón,Yape,42.0
113,04/10/2025,13:45,,7,Salón,Yape,88.0
114,05/10/2025,14:11,1085,17,Salón,Yape,80.0
115,05/10/2025,21:29,5068,5,Salón,Efectivo,142.0
116,05/10/2025,14:46,2295,7,Para llevar,Yape,270.0
117,05/10/2025,12:00,,19,Salón,Efectivo,91.0
118,05/10/2025,13:41,3757,2,Delivery propio,Yape,105.0
119,05/10/2025,16:01,3163,5,Salón,Yape,99.0
120,05/10/2025,14:44,4014,22,Para llevar,Efectivo,74.0
121,Ayer,13:02,1967,22,Delivery propio,Yape,132.0
122,05/10/2025,18:40,562,5,Salón,Tarjeta,45.0
123,05/10/2025,12:45,4356,16,Para llevar,Tarjeta,30.0
124,05/10/2025,15:18,150,2,Salón,Yape,110.0
125,05/10/2025,12:16,1063,20,Salón,Yape,128.0
126,05/10/2025,17:40,4425,18,Salón,Efectivo,126.0
127,05/10/2025,13:07,3938,16,Para llevar,Efectivo,68.0
128,05/10/2025,13:57,,16,Salón,Efectivo,98.0
129,05/10/2025,12:28,4182,2,Delivery propio,Efectivo,38.0
130,05/10/2025,13:44,2614,17,Salón,Tarjeta,182.0
131,05/10/2025,21:23,452,16,Delivery propio,Plin,129.0
132,05/10/2025,12:42,,22,Salón,Yape,177.0
133,05/10/2025,19:45,116,5,Salón,Plin,84.0
134,05/10/2025,18:09,5447,18,Salón,Yape,36.0
135,05/10/2025,15:26,1304,17,Salón,Tarjeta,142.0
136,05/10/2025,13:44,1481,19,Salón,Tarjeta,28.0
137,05/10/2025,18:54,3302,17,Delivery propio,Yape,140.0
138,05/10/2025,15:12,4043,5,Para llevar,Tarjeta,205.0
139,05/10/2025,15:20,3098,2,Salón,Efectivo,154.0
140,05/10/2025,15:15,2354,7,Salón,Efectivo,258.0
141,05/10/2025,14:14,4568,2,Salón,Efectivo,131.0
142,05/10/2025,19:04,4700,24,Salón,Efectivo,32.0
143,05/10/2025,11:13,4407,18,Salón,Tarjeta,220.0
144,05/10/2025,14:12,375,22,Salón,Efectivo,36.0
145,05/10/2025,18:48,1559,24,Salón,Tarjeta,136.0
146,05/10/2025,13:01,2796,24,Para llevar,Tarjeta,166.0
147,05/10/2025,19:10,121,22,Salón,Yape,12.0
148,05/10/2025,20:24,4826,20,Salón,Efectivo,50.0
149,05/10/2025,21:42,4446,7,Salón,Yape,120.0
150,05/10/2025,16:24,159,22,Salón,Efectivo,113.0
151,05/10/2025,12:46,2900,24,Delivery propio,Efectivo,64.0
152,05/10/2025,16:49,451,3,Salón,Yape,98.0
153,05/10/2025,14:46,155,7,Salón,Tarjeta,116.0
154,05/10/2025,18:06,1090,17,Salón,Yape,40.0
155,06/10/2025,18:05,5494,3,Salón,Efectivo,175.0
156,06/10/2025,15:18,2237,19,Delivery propio,Tarjeta,86.0
157,06/10/2025,15:49,973,20,Para llevar,Yape,50.0
158,06/10/2025,14:01,4107,19,Delivery propio,Efectivo,208.0
159,06/10/2025,20:23,4600,20,Salón,Tarjeta,148.0
160,06/10/2025,12:08,339,19,Delivery propio,Efectivo,118.0
161,06/10/2025,17:36,1177,5,Para llevar,Yape,126.0
162,06/10/2025,12:26,22,22,Salón,Yape,108.0
163,06/10/2025,13:03,4739,2,Salón,Yape,66.0
164,06/10/2025,18:26,1711,5,Salón,Plin,277.0
165,06/10/2025,14:18,4493,5,Salón,Efectivo,140.0
166,06/10/2025,18:42,196,18,Para llevar,Yape,70.0
167,06/10/2025,12:25,1729,3,Delivery propio,Efectivo,66.0
168,06/10/2025,14:23,2574,3,Salón,Yape,114.0
169,06/10/2025,19:06,1751,5,Para llevar,Efectivo,307.0
170,06/10/2025,21:40,211,3,Delivery propio,Yape,72.0
171,06/10/2025,20:11,3240,3,Salón,Tarjeta,76.0
172,06/10/2025,19:32,40,19,Salón,Efectivo,145.0
173,06/10/2025,15:18,4723,2,Delivery propio,Tarjeta,184.0
174,07/10/2025,15:55,1694,16,Salón,Efectivo,264.0
175,07/10/2025,20:12,2061,7,Delivery propio,Yape,190.0
176,07/10/2025,11:49,5374,17,Salón,Tarjeta,177.0
177,07/10/2025,14:54,433,7,Para llevar,Efectivo,195.0
178,07/10/2025,17:33,4479,7,Para llevar,Plin,178.0
179,07/10/2025,19:58,2520,24,Para llevar,Efectivo,60.0
180,07/10/2025,12:58,,17,Salón,Plin,56.0
181,07/10/2025,13:45,3904,20,Delivery propio,Efectivo,96.0
182,07/10/2025,17:19,4874,3,Salón,Tarjeta,144.0
183,07/10/2025,20:17,3730,7,Salón,Efectivo,122.0
184,07/10/2025,15:04,5270,17,Salón,Tarjeta,198.0
185,07/10/2025,13:29,5035,16,Salón,Yape,50.0
186,08/10/2025,19:01,2526,5,Salón,Efectivo,215.0
187,08/10/2025,19:17,3483,16,Salón,Yape,106.0
188,08/10/2025,19:23,5124,22,Salón,Tarjeta,212.0
189,08/10/2025,14:51,853,7,Salón,Yape,80.0
190,08/10/2025,11:01,4159,2,Delivery propio,Tarjeta,68.0
191,08/10/2025,13:09,,7,Salón,Tarjeta,128.0
192,08/10/2025,13:01,1468,24,Salón,Plin,170.0
193,08/10/2025,20:36,3808,7,Delivery propio,Efectivo,140.0
194,08/10/2025,20:55,624,2,Salón,Efectivo,186.0
195,08/10/2025,16:21,3126,2,Salón,Efectivo,38.0
196,09/10/2025,15:07,4230,17,Delivery propio,Efectivo,72.0
197,09/10/2025,11:24,1168,19,Salón,Tarjeta,146.0
198,09/10/2025,11:26,4118,3,Salón,Yape,94.0
199,09/10/2025,12:38,2643,18,Salón,Tarjeta,223.0
200,09/10/2025,19:28,2846,18,Salón,Efectivo,139.0
201,09/10/2025,19:22,3508,3,Para llevar,Efectivo,64.0
202,09/10/2025,13:01,2888,16,Para llevar,Tarjeta,149.0
203,09/10/2025,21:52,4173,17,Salón,Efectivo,308.0
204,09/10/2025,18:55,4150,2,Para llevar,Tarjeta,69.0
205,09/10/2025,14:13,3792,16,Salón,Efectivo,312.0
206,09/10/2025,21:00,1379,18,Salón,Efectivo,106.0
207,09/10/2025,19:25,4621,18,Salón,Efectivo,105.0
208,09/10/2025,16:04,4650,22,Salón,Plin,82.0
209,09/10/2025,12:13,3451,3,Salón,Efectivo,97.0
210,09/10/2025,15:30,5161,24,Delivery propio,Efectivo,76.0
211,10/10/2025,19:24,1239,5,Para llevar,Tarjeta,100.0
212,10/10/2025,14:31,5147,5,Para llevar,Yape,18.0
213,10/10/2025,15:34,3834,7,Salón,Tarjeta,94.0
214,10/10/2025,12:18,,3,Salón,Efectivo,50.0
215,10/10/2025,13:52,971,3,Salón,Tarjeta,288.0
216,10/10/2025,15:02,2749,22,Salón,Efectivo,160.0
217,10/10/2025,12:27,4568,7,Salón,Yape,208.0
218,10/10/2025,12:42,4848,24,Salón,Efectivo,179.0
219,10/10/2025,20:52,4824,24,Delivery propio,Yape,170.0
220,10/10/2025,16:14,,3,Para llevar,Yape,180.0
221,10/10/2025,21:20,2596,19,Salón,Tarjeta,138.0
222,10/10/2025,19:21,3798,19,Salón,Plin,59.0
223,10/10/2025,20:17,3647,18,Salón,Yape,68.0
224,10/10/2025,14:00,4738,17,Delivery propio,Yape,72.0
225,10/10/2025,18:56,1583,3,Delivery propio,Efectivo,130.0
226,10/10/2025,14:46,1883,22,Delivery propio,Plin,150.0
227,10/10/2025,19:33,2715,17,Salón,Plin,75.0
228,10/10/2025,14:20,5148,7,Salón,Yape,22.0
229,10/10/2025,17:04,3720,24,Delivery propio,Yape,100.0
230,10/10/2025,13:40,4742,7,Salón,Tarjeta,34.0
231,10/10/2025,14:59,5107,18,Delivery propio,Efectivo,284.0
232,No se sabe,16:16,2773,22,Salón,Tarjeta,83.0
233,10/10/2025,13:33,4354,18,Para llevar,Efectivo,68.0
234,10/10/2025,21:08,1260,17,Salón,Tarjeta,80.0
235,10/10/2025,19:48,496,22,Para llevar,Plin,260.0
236,10/10/2025,14:57,1987,24,Salón,Yape,82.0
237,10/10/2025,13:31,3299,18,Salón,Yape,160.0
238,10/10/2025,14:08,2512,20,Delivery propio,Tarjeta,163.0
239,10/10/2025,15:52,,7,Salón,Yape,118.0
240,10/10/2025,12:42,5001,3,Delivery propio,Tarjeta,124.0
241,10/10/2025,12:25,537,18,Para llevar,Tarjeta,38.0
242,10/10/2025,13:44,3562,16,Delivery propio,Efectivo,46.0
243,10/10/2025,19:53,5376,16,Salón,Yape,222.0
244,10/10/2025,12:06,302,20,Para llevar,Yape,24.0
245,10/10/2025,18:44,3694,18,Para llevar,Tarjeta,38.0
246,10/10/2025,14:03,4427,24,Salón,Efectivo,104.0
247,10/10/2025,14:10,682,5,Delivery propio,Efectivo,38.0
248,10/10/2025,20:49,,20,Salón,Yape,156.0
249,10/10/2025,14:00,2579,18,Para llevar,Tarjeta,126.0
250,10/10/2025,19:05,2187,5,Salón,Tarjeta,98.0
251,10/10/2025,12:27,1249,18,Salón,Yape,21.0
252,10/10/2025,15:55,3161,24,Salón,Yape,62.0
253,10/10/2025,16:41,4787,7,Delivery propio,Efectivo,174.0
254,Ayer,12:21,3323,19,Delivery propio,Yape,285.0
255,11/10/2025,12:20,1543,7,Delivery propio,Efectivo,218.0
256,11/10/2025,17:54,1402,20,Salón,Efectivo,120.0
257,11/10/2025,19:16,2687,24,Salón,Yape,138.0
258,11/10/2025,11:51,2738,2,Delivery propio,Efectivo,198.0
259,11/10/2025,14:41,326,18,Para llevar,Efectivo,203.0
260,11/10/2025,15:24,2900,2,Delivery propio,Tarjeta,36.0
261,11/10/2025,15:44,2749,3,Para llevar,Efectivo,18.0
262,11/10/2025,14:44,2766,20,Salón,Efectivo,28.0
263,11/10/2025,13:28,1952,18,Salón,Plin,121.0
264,11/10/2025,17:48,3823,3,Salón,Tarjeta,230.0
265,11/10/2025,20:30,4465,16,Salón,Efectivo,56.0
266,11/10/2025,13:55,839,24,Para llevar,Efectivo,147.0
267,11/10/2025,19:07,3642,20,Delivery propio,Tarjeta,142.0
268,11/10/2025,19:38,,19,Para llevar,Plin,226.0
269,11/10/2025,20:01,5230,17,Delivery propio,Tarjeta,120.0
270,11/10/2025,20:19,1178,22,Para llevar,Efectivo,308.0
271,11/10/2025,19:37,5385,2,Delivery propio,Efectivo,68.0
272,11/10/2025,14:50,4855,19,Para llevar,Yape,70.0
273,11/10/2025,12:07,5215,20,Para llevar,Yape,268.0
274,11/10/2025,14:59,3829,7,Para llevar,Yape,18.0
275,11/10/2025,13:22,119,20,Para llevar,Efectivo,116.0
276,11/10/2025,11:40,4329,24,Salón,Yape,140.0
277,11/10/2025,15:35,1331,5,Salón,Yape,78.0
278,11/10/2025,13:45,469,3,Delivery propio,Plin,108.0
279,11/10/2025,14:31,4141,17,Salón,Efectivo,86.0
280,11/10/2025,15:27,2740,19,Salón,Yape,142.0
281,11/10/2025,16:04,,19,Salón,Tarjeta,222.0
282,11/10/2025,13:20,5094,2,Delivery propio,Efectivo,186.0
283,11/10/2025,19:24,1487,24,Delivery propio,Tarjeta,10.0
284,11/10/2025,19:59,1389,5,Salón,Efectivo,127.0
285,11/10/2025,14:28,1920,24,Salón,Yape,231.0
286,11/10/2025,12:08,,24,Delivery propio,Yape,90.0
287,11/10/2025,20:27,,7,Delivery propio,Tarjeta,98.0
288,11/10/2025,17:16,,16,Para llevar,Yape,176.0
289,11/10/2025,13:52,5126,19,Delivery propio,Efectivo,26.0
290,11/10/2025,14:24,1284,2,Delivery propio,Efectivo,165.0
291,11/10/2025,11:38,831,7,Salón,Efectivo,10.0
292,11/10/2025,17:00,1599,18,Salón,Tarjeta,298.0
293,12/10/2025,11:23,,24,Delivery propio,Yape,231.0
294,12/10/2025,20:53,2620,19,Salón,Efectivo,194.0
295,12/10/2025,13:47,4164,5,Para llevar,Plin,205.0
296,12/10/2025,19:20,1451,22,Salón,Efectivo,130.0
297,12/10/2025,18:52,657,3,Salón,Yape,144.0
298,12/10/2025,19:00,980,18,Delivery propio,Yape,96.0
299,12/10/2025,19:07,2065,17,Salón,Tarjeta,70.0
300,12/10/2025,14:24,5484,18,Para llevar,Tarjeta,260.0
301,12/10/2025,12:09,448,18,Salón,Plin,34.0
302,12/10/2025,15:16,3099,22,Para llevar,Efectivo,149.0
303,12/10/2025,20:19,3513,20,Salón,Efectivo,58.0
304,12/10/2025,14:50,1851,5,Para llevar,Tarjeta,135.0
305,12/10/2025,14:04,228,7,Salón,Tarjeta,170.0
306,12/10/2025,15:16,3401,2,Salón,Efectivo,152.0
307,12/10/2025,19:38,4084,3,Salón,Tarjeta,117.0
308,12/10/2025,13:29,2124,3,Delivery propio,Plin,50.0
309,12/10/2025,15:49,5377,2,Delivery propio,Plin,136.0
310,12/10/2025,15:03,889,7,Salón,Efectivo,328.0
311,12/10/2025,16:10,5360,16,Para llevar,Yape,118.0
312,12/10/2025,15:52,235,22,Salón,Efectivo,88.0
313,12/10/2025,14:28,,17,Salón,Yape,186.0
314,12/10/2025,19:07,1734,17,Salón,Tarjeta,26.0
315,12/10/2025,20:26,1445,16,Para llevar,Yape,64.0
316,12/10/2025,16:34,1380,17,Salón,Plin,14.0
317,12/10/2025,13:31,,22,Salón,Efectivo,295.0
318,12/10/2025,19:47,,17,Salón,Tarjeta,36.0
319,12/10/2025,15:01,4839,5,Delivery propio,Yape,137.0
320,12/10/2025,14:54,1001,5,Delivery propio,Efectivo,173.0
321,12/10/2025,15:44,4592,19,Salón,Tarjeta,146.0
322,12/10/2025,12:19,1856,24,Salón,Yape,210.0
323,12/10/2025,20:04,103,7,Delivery propio,Yape,147.0
324,12/10/2025,14:49,,17,Salón,Efectivo,252.0
325,12/10/2025,20:45,3627,22,Salón,Efectivo,269.0
326,12/10/2025,15:30,534,20,Para llevar,Efectivo,18.0
327,12/10/2025,18:50,1631,2,Para llevar,Yape,133.0
328,12/10/2025,20:53,2526,19,Salón,Plin,95.0
329,12/10/2025,19:09,1825,18,Delivery propio,Yape,122.0
330,12/10/2025,16:50,2232,3,Para llevar,Efectivo,96.0
331,12/10/2025,14:16,52,18,Salón,Yape,106.0
332,12/10/2025,11:05,1662,19,Salón,Yape,82.0
333,12/10/2025,13:21,4598,5,Salón,Tarjeta,261.0
334,12/10/2025,18:04,2352,19,Salón,Tarjeta,144.0
335,12/10/2025,14:06,4721,17,Salón,Efectivo,61.0
336,12/10/2025,16:06,877,24,Salón,Yape,146.0
337,12/10/2025,11:40,2113,2,Para llevar,Yape,168.0
338,12/10/2025,19:29,960,2,Salón,Tarjeta,38.0
339,12/10/2025,19:02,4435,2,Salón,Yape,22.0
340,12/10/2025,19:19,4119,18,Salón,Plin,92.0
341,12/10/2025,12:07,4754,2,Para llevar,Yape,104.0
342,12/10/2025,12:25,2550,5,Salón,Efectivo,188.0
343,12/10/2025,15:56,2242,18,Salón,Efectivo,110.0
344,12/10/2025,15:45,5439,19,Para llevar,Tarjeta,33.0
345,12/10/2025,18:30,4389,7,Salón,Yape,144.0
346,12/10/2025,12:42,2220,7,Para llevar,Plin,100.0
347,12/10/2025,13:08,3486,24,Para llevar,Plin,102.0
348,13/10/2025,13:38,5097,2,Salón,Efectivo,355.0
349,13/10/2025,11:04,,16,Salón,Yape,62.0
350,13/10/2025,18:27,1805,16,Salón,Efectivo,140.0
351,13/10/2025,11:46,2751,22,Salón,Efectivo,234.0
352,13/10/2025,17:03,4177,16,Salón,Efectivo,128.0
353,13/10/2025,21:48,1203,24,Salón,Efectivo,152.0
354,13/10/2025,13:19,4325,2,Para llevar,Plin,331.0
355,13/10/2025,17:36,3839,17,Para llevar,Efectivo,99.0
356,13/10/2025,13:35,4962,2,Salón,Tarjeta,116.0
357,13/10/2025,15:17,,18,Salón,Efectivo,128.0
358,13/10/2025,13:52,4923,2,Salón,Yape,187.0
359,13/10/2025,16:09,2374,2,Para llevar,Yape,218.0
360,13/10/2025,12:01,,3,Salón,Efectivo,86.0
361,13/10/2025,17:58,1519,20,Salón,Yape,188.0
362,14/10/2025,20:34,6,18,Salón,Yape,80.0
363,14/10/2025,12:27,3611,3,Para llevar,Tarjeta,94.0
364,14/10/2025,13:13,182,16,Salón,Plin,144.0
365,14/10/2025,13:17,2274,24,Para llevar,Tarjeta,74.0
366,14/10/2025,11:09,4217,17,Delivery propio,Plin,71.0
367,14/10/2025,18:26,63,3,Salón,Efectivo,204.0
368,14/10/2025,15:26,3217,20,Salón,Yape,144.0
369,14/10/2025,20:57,,16,Para llevar,Tarjeta,86.0
370,14/10/2025,19:01,,18,Salón,Yape,118.0
371,14/10/2025,21:09,587,16,Para llevar,Plin,30.0
372,14/10/2025,18:45,1232,16,Para llevar,Yape,175.0
373,14/10/2025,13:46,906,20,Salón,Yape,95.0
374,14/10/2025,14:26,3754,7,Salón,Yape,208.0
375,14/10/2025,14:18,360,19,Salón,Efectivo,154.0
376,14/10/2025,12:19,2486,3,Salón,Yape,130.0
377,14/10/2025,14:08,1484,16,Salón,Efectivo,132.0
378,14/10/2025,19:39,1557,17,Delivery propio,Yape,162.0
379,15/10/2025,13:07,3617,18,Salón,Yape,207.0
380,15/10/2025,12:51,2825,3,Salón,Tarjeta,134.0
381,15/10/2025,15:28,4296,18,Delivery propio,Efectivo,52.0
382,15/10/2025,14:40,3543,5,Salón,Yape,100.0
383,15/10/2025,16:40,2124,3,Salón,Yape,186.0
384,15/10/2025,12:54,5286,16,Salón,Yape,153.0
385,15/10/2025,14:50,5209,19,Delivery propio,Yape,258.0
386,15/10/2025,13:14,1041,20,Salón,Yape,126.0
387,15/10/2025,13:29,1165,3,Salón,Yape,174.0
388,15/10/2025,18:21,477,18,Salón,Yape,339.0
389,15/10/2025,12:01,3763,19,Salón,Yape,80.0
390,15/10/2025,12:43,610,22,Salón,Tarjeta,111.0
391,15/10/2025,11:05,3273,3,Salón,Tarjeta,206.0
392,15/10/2025,19:55,1799,18,Para llevar,Yape,131.0
393,15/10/2025,13:42,4537,24,Para llevar,Efectivo,44.0
394,15/10/2025,19:05,1361,18,Para llevar,Plin,36.0
395,15/10/2025,13:15,3621,16,Delivery propio,Efectivo,126.0
396,16/10/2025,20:18,1343,2,Para llevar,Plin,141.0
397,16/10/2025,21:33,2482,24,Para llevar,Efectivo,70.0
398,16/10/2025,11:54,3984,3,Salón,Yape,74.0
399,16/10/2025,18:53,4493,2,Delivery propio,Plin,102.0
400,16/10/2025,19:47,854,17,Salón,Tarjeta,70.0
401,16/10/2025,20:54,359,19,Delivery propio,Tarjeta,60.0
402,16/10/2025,14:03,4720,16,Salón,Yape,122.0
403,16/10/2025,15:12,4479,22,Para llevar,Efectivo,57.0
404,16/10/2025,20:09,2238,24,Salón,Plin,253.0
405,16/10/2025,13:00,4050,3,Para llevar,Yape,77.0
406,16/10/2025,12:05,1998,3,Salón,Tarjeta,68.0
407,16/10/2025,13:28,1042,24,Para llevar,Plin,106.0
408,16/10/2025,12:45,4073,7,Salón,Yape,108.0
409,16/10/2025,17:08,2611,22,Delivery propio,Efectivo,120.0
410,16/10/2025,13:44,1560,17,Para llevar,Tarjeta,80.0
411,16/10/2025,13:57,717,5,Salón,Efectivo,84.0
412,16/10/2025,13:29,4635,5,Delivery propio,Efectivo,223.0
413,16/10/2025,14:18,5418,2,Salón,Efectivo,92.0
414,16/10/2025,11:45,2571,3,Salón,Plin,109.0
415,16/10/2025,13:30,5248,17,Salón,Yape,198.0
416,16/10/2025,14:13,,2,Salón,Efectivo,101.0
417,17/10/2025,12:34,5284,24,Salón,Yape,128.0
418,17/10/2025,20:10,2931,2,Para llevar,Yape,110.0
419,17/10/2025,14:13,953,18,Salón,Yape,154.0
420,17/10/2025,15:05,5256,17,Salón,Yape,84.0
421,17/10/2025,13:12,4434,2,Salón,Efectivo,214.0
422,17/10/2025,16:46,3147,3,Salón,Plin,104.0
423,17/10/2025,21:59,4395,19,Delivery propio,Tarjeta,36.0
424,17/10/2025,13:21,2506,5,Salón,Tarjeta,148.0
425,17/10/2025,11:02,,19,Para llevar,Efectivo,90.0
426,17/10/2025,19:27,778,17,Delivery propio,Efectivo,72.0
427,17/10/2025,12:17,4458,20,Salón,Efectivo,129.0
428,17/10/2025,13:33,,22,Salón,Efectivo,166.0
429,17/10/2025,13:48,1984,18,Salón,Yape,136.0
430,17/10/2025,18:48,2526,3,Delivery propio,Tarjeta,106.0
431,17/10/2025,20:25,4613,2,Para llevar,Plin,152.0
432,17/10/2025,20:43,1685,24,Delivery propio,Yape,134.0
433,17/10/2025,15:55,,7,Delivery propio,Yape,58.0
434,17/10/2025,18:09,3596,17,Salón,Plin,122.0
435,17/10/2025,12:23,1002,16,Salón,Yape,84.0
436,17/10/2025,16:16,4400,22,Salón,Yape,106.0
437,17/10/2025,14:59,4479,19,Delivery propio,Efectivo,138.0
438,17/10/2025,21:08,,24,Delivery propio,Efectivo,258.0
439,17/10/2025,21:12,2691,20,Salón,Yape,258.0
440,18/10/2025,12:10,1856,16,Salón,Efectivo,152.0
441,18/10/2025,13:07,3239,16,Salón,Tarjeta,48.0
442,18/10/2025,18:44,1837,16,Para llevar,Efectivo,104.0
443,18/10/2025,11:05,684,17,Para llevar,Plin,138.0
444,18/10/2025,18:36,1391,3,Para llevar,Efectivo,102.0
445,18/10/2025,12:33,1621,16,Salón,Plin,90.0
446,18/10/2025,12:17,4158,17,Salón,Yape,102.0
447,18/10/2025,21:17,3734,18,Salón,Efectivo,60.0
448,18/10/2025,13:28,,2,Para llevar,Efectivo,126.0
449,18/10/2025,15:59,278,7,Salón,Plin,138.0
450,18/10/2025,13:04,3702,20,Para llevar,Plin,22.0
451,18/10/2025,19:09,,20,Salón,Tarjeta,120.0
452,18/10/2025,19:28,1648,5,Salón,Tarjeta,170.0
453,18/10/2025,18:05,3032,7,Delivery propio,Efectivo,116.0
454,18/10/2025,14:07,1010,2,Salón,Yape,62.0
455,18/10/2025,19:18,1290,5,Delivery propio,Yape,212.0
456,18/10/2025,18:20,2073,22,Delivery propio,Yape,98.0
457,18/10/2025,11:16,2349,2,Salón,Efectivo,68.0
458,18/10/2025,12:54,4973,7,Delivery propio,Tarjeta,180.0
459,18/10/2025,20:56,4219,7,Delivery propio,Yape,84.0
460,18/10/2025,21:02,4236,3,Salón,Plin,85.0
461,18/10/2025,14:26,2551,2,Salón,Plin,290.0
462,18/10/2025,12:53,1481,2,Delivery propio,Yape,56.0
463,18/10/2025,14:14,1542,16,Para llevar,Plin,6.0
464,18/10/2025,20:02,5099,22,Salón,Yape,309.0
465,18/10/2025,20:05,1583,24,Salón,Efectivo,112.0
466,18/10/2025,15:35,5229,20,Delivery propio,Efectivo,150.0
467,18/10/2025,18:17,,17,Salón,Efectivo,162.0
468,18/10/2025,14:28,1760,20,Salón,Tarjeta,70.0
469,18/10/2025,12:08,5008,17,Delivery propio,Efectivo,331.0
470,18/10/2025,13:16,483,7,Salón,Tarjeta,147.0
471,18/10/2025,14:49,,17,Salón,Plin,153.0
472,18/10/2025,12:25,70,7,Delivery propio,Plin,74.0
473,18/10/2025,21:03,,17,Delivery propio,Efectivo,329.0
474,18/10/2025,12:03,572,19,Para llevar,Efectivo,98.0
475,18/10/2025,12:13,2098,7,Para llevar,Yape,231.0
476,18/10/2025,13:17,1349,3,Salón,Yape,155.0
477,18/10/2025,12:54,4621,17,Salón,Efectivo,180.0
478,18/10/2025,15:50,18,22,Salón,Efectivo,229.0
479,18/10/2025,14:09,5078,5,Salón,Yape,96.0
480,18/10/2025,14:54,2340,16,Delivery propio,Efectivo,222.0
481,19/10/2025,19:03,3023,5,Salón,Plin,91.0
482,19/10/2025,14:54,4176,3,Para llevar,Yape,52.0
483,19/10/2025,19:30,249,22,Salón,Yape,192.0
484,19/10/2025,16:13,5229,22,Para llevar,Yape,130.0
485,19/10/2025,19:40,601,17,Para llevar,Yape,38.0
486,19/10/2025,20:41,2160,20,Salón,Efectivo,173.0
487,19/10/2025,20:20,435,22,Salón,Tarjeta,151.0
488,19/10/2025,12:31,4244,18,Salón,Plin,30.0
489,19/10/2025,13:11,4392,17,Delivery propio,Efectivo,103.0
490,19/10/2025,14:28,4498,22,Salón,Plin,86.0
491,19/10/2025,13:04,5308,5,Para llevar,Yape,157.0
492,19/10/2025,20:22,5030,20,Salón,Efectivo,60.0
493,19/10/2025,19:26,4682,24,Para llevar,Tarjeta,90.0
494,19/10/2025,13:39,3735,7,Para llevar,Efectivo,126.0
495,19/10/2025,15:36,877,19,Salón,Tarjeta,206.0
496,19/10/2025,21:41,5160,7,Salón,Tarjeta,38.0
497,19/10/2025,19:03,325,2,Para llevar,Plin,100.0
498,19/10/2025,16:57,4568,16,Delivery propio,Tarjeta,243.0
499,19/10/2025,13:07,2653,2,Salón,Tarjeta,116.0
500,19/10/2025,13:11,54,2,Salón,Efectivo,132.0
501,19/10/2025,14:10,1025,17,Salón,Plin,137.0
502,19/10/2025,20:32,,22,Para llevar,Tarjeta,36.0
503,19/10/2025,12:01,2289,7,Salón,Efectivo,92.0
504,19/10/2025,18:33,1741,18,Salón,Tarjeta,88.0
505,19/10/2025,14:51,1303,24,Salón,Tarjeta,51.0
506,19/10/2025,13:54,4297,5,Para llevar,Yape,280.0
507,19/10/2025,13:27,1079,17,Para llevar,Efectivo,102.0
508,19/10/2025,18:39,2836,17,Delivery propio,Plin,234.0
509,19/10/2025,19:42,3788,7,Salón,Efectivo,67.0
510,19/10/2025,12:51,5288,3,Salón,Tarjeta,36.0
511,19/10/2025,15:10,1416,3,Salón,Yape,176.0
512,19/10/2025,21:12,,17,Salón,Yape,95.0
513,19/10/2025,11:41,4801,3,Salón,Efectivo,87.0
514,19/10/2025,15:50,3645,3,Salón,Efectivo,98.0
515,19/10/2025,13:31,2026,20,Salón,Tarjeta,210.0
516,19/10/2025,14:09,537,3,Salón,Efectivo,98.0
517,19/10/2025,20:21,2710,24,Delivery propio,Efectivo,116.0
518,19/10/2025,13:03,4321,19,Delivery propio,Efectivo,132.0
519,19/10/2025,18:54,4729,16,Salón,Efectivo,82.0
520,19/10/2025,14:42,5346,20,Para llevar,Efectivo,138.0
521,19/10/2025,18:04,,19,Salón,Tarjeta,28.0
522,19/10/2025,13:28,3346,3,Salón,Tarjeta,18.0
523,19/10/2025,12:22,2386,7,Salón,Yape,126.0
524,19/10/2025,13:45,459,18,Salón,Efectivo,38.0
525,19/10/2025,13:36,2574,24,Salón,Yape,98.0
526,19/10/2025,11:56,4952,2,Salón,Plin,35.0
527,19/10/2025,14:54,2022,17,Salón,Efectivo,66.0
528,20/10/2025,21:23,1744,7,Salón,Efectivo,142.0
529,20/10/2025,20:27,4060,17,Salón,Tarjeta,164.0
530,20/10/2025,20:01,206,7,Salón,Tarjeta,87.0
531,20/10/2025,11:28,5124,3,Salón,Yape,42.0
532,20/10/2025,14:26,1803,19,Salón,Efectivo,10.0
533,20/10/2025,17:10,1933,5,Salón,Plin,192.0
534,20/10/2025,14:51,4204,24,Salón,Efectivo,284.0
535,20/10/2025,13:46,3897,22,Delivery propio,Efectivo,9.0
536,20/10/2025,14:54,1935,19,Salón,Tarjeta,115.0
537,20/10/2025,14:12,4479,3,Salón,Efectivo,92.0
538,20/10/2025,14:17,3130,7,Salón,Efectivo,176.0
539,20/10/2025,13:07,5348,24,Delivery propio,Plin,168.0
540,20/10/2025,13:27,1744,17,Salón,Plin,88.0
541,20/10/2025,19:40,5244,16,Salón,Efectivo,110.0
542,20/10/2025,17:14,2239,5,Salón,Efectivo,300.0
543,20/10/2025,19:36,4363,18,Salón,Efectivo,158.0
544,20/10/2025,15:49,684,7,Salón,Efectivo,38.0
545,20/10/2025,13:16,746,3,Para llevar,Yape,150.0
546,20/10/2025,13:28,5487,24,Salón,Efectivo,18.0
547,20/10/2025,20:07,214,22,Para llevar,Efectivo,320.0
548,20/10/2025,18:49,4945,5,Delivery propio,Efectivo,32.0
549,21/10/2025,17:26,1996,5,Salón,Tarjeta,116.0
550,21/10/2025,16:03,1201,16,Delivery propio,Yape,66.0
551,21/10/2025,14:16,4390,3,Salón,Tarjeta,84.0
552,21/10/2025,12:59,1883,16,Para llevar,Efectivo,136.0
553,21/10/2025,14:06,3349,20,Salón,Efectivo,130.0
554,21/10/2025,11:19,3258,22,Salón,Yape,90.0
555,21/10/2025,12:48,17,20,Salón,Efectivo,32.0
556,21/10/2025,11:18,5270,5,Delivery propio,Yape,58.0
557,21/10/2025,19:08,,20,Delivery propio,Plin,80.0
558,21/10/2025,18:17,3976,18,Salón,Tarjeta,76.0
559,21/10/2025,16:48,3689,2,Salón,Efectivo,190.0
560,21/10/2025,13:14,1960,2,Para llevar,Plin,56.0
561,21/10/2025,12:13,1727,17,Delivery propio,Efectivo,206.0
562,21/10/2025,13:37,4788,2,Delivery propio,Efectivo,75.0
563,21/10/2025,16:31,4204,18,Para llevar,Yape,58.0
564,22/10/2025,13:16,1124,24,Salón,Yape,80.0
565,22/10/2025,14:03,1978,17,Para llevar,Yape,77.0
566,22/10/2025,19:11,3682,19,Para llevar,Yape,234.0
567,22/10/2025,19:42,4479,7,Salón,Efectivo,105.0
568,22/10/2025,14:24,3088,17,Delivery propio,Efectivo,180.0
569,22/10/2025,15:31,5256,3,Salón,Tarjeta,169.0
570,22/10/2025,13:43,3180,3,Salón,Yape,224.0
571,22/10/2025,18:41,3672,19,Salón,Efectivo,226.0
572,22/10/2025,20:09,1574,22,Salón,Tarjeta,294.0
573,22/10/2025,13:25,2812,20,Salón,Yape,72.0
574,22/10/2025,14:55,3,17,Para llevar,Tarjeta,48.0
575,22/10/2025,13:51,,20,Salón,Yape,276.0
576,22/10/2025,11:37,3868,19,Salón,Efectivo,68.0
577,22/10/2025,18:53,406,7,Delivery propio,Efectivo,86.0
578,22/10/2025,14:09,2970,2,Salón,Efectivo,130.0
579,22/10/2025,15:26,3160,22,Salón,Efectivo,136.0
580,23/10/2025,19:30,496,22,Para llevar,Efectivo,133.0
581,23/10/2025,15:56,3631,22,Salón,Efectivo,138.0
582,23/10/2025,14:56,2899,24,Salón,Efectivo,64.0
583,23/10/2025,13:33,4592,24,Delivery propio,Efectivo,26.0
584,23/10/2025,13:25,1159,24,Salón,Efectivo,96.0
585,23/10/2025,19:57,467,3,Delivery propio,Tarjeta,46.0
586,23/10/2025,13:08,3539,22,Salón,Efectivo,68.0
587,23/10/2025,20:48,4912,22,Para llevar,Plin,102.0
588,23/10/2025,13:15,749,2,Salón,Plin,92.0
589,23/10/2025,13:05,2615,3,Salón,Yape,214.0
590,23/10/2025,18:33,,3,Salón,Efectivo,222.0
591,23/10/2025,12:45,2,19,Salón,Efectivo,156.0
592,23/10/2025,19:41,2917,2,Salón,Efectivo,226.0
593,23/10/2025,15:56,2936,17,Salón,Plin,44.0
594,23/10/2025,12:46,2900,19,Salón,Tarjeta,201.0
595,23/10/2025,11:28,709,2,Salón,Tarjeta,110.0
596,23/10/2025,20:17,131,16,Salón,Tarjeta,244.0
597,23/10/2025,20:38,,22,Salón,Yape,48.0
598,23/10/2025,21:07,496,20,Delivery propio,Efectivo,44.0
599,24/10/2025,14:33,892,20,Salón,Efectivo,180.0
600,24/10/2025,17:48,,7,Delivery propio,Efectivo,123.0
601,24/10/2025,20:27,286,24,Salón,Tarjeta,34.0
602,24/10/2025,14:30,3229,5,Delivery propio,Tarjeta,52.0
603,24/10/2025,12:15,3441,20,Salón,Tarjeta,140.0
604,24/10/2025,11:57,872,22,Para llevar,Tarjeta,68.0
605,24/10/2025,14:41,4261,20,Delivery propio,Tarjeta,88.0
606,24/10/2025,15:51,3328,20,Salón,Tarjeta,115.0
607,24/10/2025,19:27,2125,22,Salón,Yape,94.0
608,24/10/2025,12:14,5287,7,Salón,Yape,52.0
609,24/10/2025,11:52,3477,17,Salón,Plin,66.0
610,24/10/2025,21:56,5044,22,Para llevar,Yape,36.0
611,24/10/2025,14:25,3576,24,Para llevar,Efectivo,73.0
612,24/10/2025,20:22,2483,19,Salón,Yape,222.0
613,24/10/2025,17:13,3405,19,Delivery propio,Efectivo,158.0
614,24/10/2025,15:32,1489,24,Salón,Tarjeta,252.0
615,24/10/2025,18:33,2798,22,Para llevar,Plin,223.0
616,24/10/2025,18:01,2020,24,Delivery propio,Plin,32.0
617,24/10/2025,14:17,1525,3,Salón,Yape,126.0
618,24/10/2025,20:11,4030,16,Salón,Efectivo,209.0
619,24/10/2025,11:18,3068,20,Salón,Plin,66.0
620,24/10/2025,11:52,1670,16,Salón,Efectivo,101.0
621,24/10/2025,14:40,,17,Para llevar,Yape,136.0
622,24/10/2025,12:14,5334,22,Salón,Tarjeta,118.0
623,24/10/2025,14:51,655,17,Salón,Yape,174.0
624,24/10/2025,12:42,3140,24,Salón,Plin,28.0
625,24/10/2025,14:46,,2,Salón,Tarjeta,84.0
626,24/10/2025,12:02,3229,24,Delivery propio,Tarjeta,136.0
627,24/10/2025,14:15,3143,19,Para llevar,Efectivo,182.0
628,24/10/2025,13:48,2288,17,Salón,Efectivo,28.0
629,24/10/2025,13:30,5116,24,Salón,Tarjeta,144.0
630,24/10/2025,19:52,2663,7,Para llevar,Tarjeta,124.0
631,24/10/2025,15:17,,18,Salón,Efectivo,171.0
632,24/10/2025,20:45,4597,22,Delivery propio,Plin,56.0
633,24/10/2025,21:46,4350,2,Salón,Tarjeta,106.0
634,25/10/2025,14:06,713,18,Salón,Tarjeta,72.0
635,25/10/2025,18:04,2416,16,Para llevar,Efectivo,123.0
636,25/10/2025,19:07,3323,19,Salón,Yape,58.0
637,25/10/2025,14:37,1058,16,Delivery propio,Yape,122.0
638,25/10/2025,12:26,5196,18,Salón,Plin,28.0
639,25/10/2025,13:29,569,20,Delivery propio,Plin,189.0
640,25/10/2025,16:54,534,7,Salón,Efectivo,142.0
641,25/10/2025,15:16,4222,7,Salón,Efectivo,107.0
642,25/10/2025,13:56,5447,20,Salón,Efectivo,38.0
643,25/10/2025,14:39,587,20,Delivery propio,Efectivo,58.0
644,25/10/2025,13:13,3046,24,Delivery propio,Efectivo,54.0
645,25/10/2025,12:37,4526,18,Salón,Yape,70.0
646,25/10/2025,12:09,3897,2,Para llevar,Yape,92.0
647,25/10/2025,13:12,803,5,Salón,Tarjeta,68.0
648,25/10/2025,14:04,3062,20,Salón,Yape,51.0
649,25/10/2025,12:00,1743,19,Para llevar,Yape,52.0
650,25/10/2025,18:59,,17,Para llevar,Efectivo,116.0
651,25/10/2025,14:19,1107,3,Salón,Yape,98.0
652,25/10/2025,20:09,2986,5,Para llevar,Efectivo,64.0
653,25/10/2025,19:13,190,2,Salón,Plin,340.0
654,25/10/2025,14:27,33,20,Para llevar,Yape,72.0
655,25/10/2025,13:48,4619,5,Para llevar,Tarjeta,86.0
656,25/10/2025,13:20,2738,16,Salón,Yape,70.0
657,25/10/2025,13:02,1739,19,Salón,Efectivo,86.0
658,25/10/2025,19:22,376,2,Delivery propio,Efectivo,108.0
659,25/10/2025,19:29,2680,22,Salón,Plin,221.0
660,25/10/2025,15:03,3226,16,Salón,Tarjeta,108.0
661,25/10/2025,20:07,3483,5,Salón,Yape,262.0
662,25/10/2025,11:05,3433,16,Delivery propio,Yape,110.0
663,25/10/2025,13:31,2458,20,Salón,Yape,248.0
664,25/10/2025,14:15,4192,2,Salón,Efectivo,84.0
665,25/10/2025,13:10,1530,24,Salón,Efectivo,126.0
666,25/10/2025,12:33,194,17,Salón,Efectivo,62.0
667,25/10/2025,13:56,1152,3,Salón,Tarjeta,30.0
668,25/10/2025,20:38,3995,22,Para llevar,Efectivo,110.0
669,25/10/2025,12:40,3213,3,Para llevar,Efectivo,130.0
670,25/10/2025,14:16,2170,16,Salón,Efectivo,69.0
671,25/10/2025,14:37,4759,18,Salón,Yape,162.0
672,25/10/2025,12:26,3862,17,Para llevar,Yape,146.0
673,25/10/2025,18:05,1755,17,Salón,Efectivo,46.0
674,25/10/2025,14:18,5333,22,Salón,Efectivo,44.0
675,25/10/2025,20:38,,7,Delivery propio,Plin,110.0
676,26/10/2025,19:35,4659,17,Salón,Efectivo,132.0
677,26/10/2025,12:17,1347,20,Para llevar,Efectivo,143.0
678,26/10/2025,14:50,4509,5,Salón,Efectivo,94.0
679,26/10/2025,18:29,1321,18,Salón,Efectivo,90.0
680,26/10/2025,20:37,4578,5,Salón,Yape,71.0
681,26/10/2025,13:05,2388,17,Salón,Tarjeta,92.0
682,26/10/2025,19:20,459,7,Salón,Efectivo,72.0
683,26/10/2025,14:39,3255,24,Para llevar,Plin,290.0
684,26/10/2025,14:58,2594,5,Salón,Plin,150.0
685,26/10/2025,13:09,110,5,Salón,Efectivo,122.0
686,26/10/2025,18:59,938,24,Salón,Efectivo,178.0
687,26/10/2025,20:54,4226,5,Salón,Tarjeta,98.0
688,26/10/2025,13:23,4765,22,Para llevar,Yape,152.0
689,26/10/2025,15:03,2013,3,Salón,Yape,84.0
690,26/10/2025,15:24,4864,2,Para llevar,Efectivo,233.0
691,26/10/2025,14:51,5462,5,Salón,Plin,189.0
692,26/10/2025,11:14,,20,Salón,Efectivo,134.0
693,26/10/2025,21:00,1441,18,Salón,Efectivo,251.0
694,26/10/2025,13:20,2504,19,Para llevar,Efectivo,18.0
695,26/10/2025,21:29,1276,19,Para llevar,Plin,86.0
696,26/10/2025,21:42,4952,17,Salón,Efectivo,233.0
697,26/10/2025,13:11,1819,2,Salón,Efectivo,108.0
698,26/10/2025,13:51,3498,20,Delivery propio,Tarjeta,98.0
699,26/10/2025,11:13,548,2,Delivery propio,Plin,140.0
700,26/10/2025,14:15,1042,18,Salón,Tarjeta,80.0
701,26/10/2025,21:58,2629,3,Salón,Tarjeta,102.0
702,26/10/2025,20:49,707,7,Delivery propio,Efectivo,192.0
703,26/10/2025,19:10,661,16,Delivery propio,Efectivo,200.0
704,26/10/2025,13:10,5231,3,Salón,Tarjeta,184.0
705,26/10/2025,20:28,2638,17,Delivery propio,Yape,123.0
706,26/10/2025,14:01,3812,18,Salón,Efectivo,126.0
707,26/10/2025,13:19,4930,24,Salón,Tarjeta,91.0
708,26/10/2025,20:38,1598,20,Salón,Efectivo,215.0
709,26/10/2025,13:37,3273,3,Salón,Efectivo,56.0
710,26/10/2025,16:56,4967,7,Salón,Tarjeta,32.0
711,26/10/2025,17:06,5062,17,Salón,Tarjeta,196.0
712,26/10/2025,20:45,3926,24,Salón,Efectivo,130.0
713,26/10/2025,14:36,3783,5,Salón,Efectivo,82.0
714,26/10/2025,20:21,2398,18,Salón,Efectivo,86.0
715,26/10/2025,19:35,4504,3,Salón,Yape,78.0
716,26/10/2025,14:21,4479,18,Delivery propio,Yape,160.0
717,26/10/2025,13:17,3044,3,Delivery propio,Yape,228.0
718,27/10/2025,17:55,2226,19,Salón,Efectivo,97.0
719,27/10/2025,20:20,5321,3,Salón,Plin,148.0
720,27/10/2025,18:15,2872,17,Para llevar,Yape,84.0
721,27/10/2025,17:34,2552,22,Salón,Plin,250.0
722,27/10/2025,20:09,496,19,Salón,Tarjeta,210.0
723,27/10/2025,12:21,352,24,Delivery propio,Efectivo,81.0
724,27/10/2025,21:54,2353,18,Para llevar,Efectivo,98.0
725,27/10/2025,18:50,877,20,Salón,Yape,50.0
726,27/10/2025,12:51,,5,Para llevar,Plin,276.0
727,27/10/2025,20:18,5075,22,Para llevar,Efectivo,42.0
728,27/10/2025,14:36,2712,17,Salón,Efectivo,30.0
729,27/10/2025,14:01,2822,16,Salón,Efectivo,88.0
730,27/10/2025,16:08,3354,16,Salón,Efectivo,84.0
731,27/10/2025,19:28,1095,24,Para llevar,Yape,164.0
732,27/10/2025,16:17,225,19,Salón,Yape,108.0
733,27/10/2025,14:55,3483,20,Salón,Tarjeta,68.0
734,27/10/2025,19:48,1086,17,Salón,Plin,101.0
735,27/10/2025,19:31,2944,3,Salón,Efectivo,162.0
736,27/10/2025,21:48,1958,24,Salón,Efectivo,166.0
737,28/10/2025,14:40,,2,Delivery propio,Tarjeta,61.0
738,28/10/2025,21:01,4192,7,Salón,Yape,72.0
739,28/10/2025,12:27,2332,2,Para llevar,Plin,138.0
740,28/10/2025,15:06,,18,Salón,Efectivo,110.0
741,28/10/2025,19:29,669,16,Delivery propio,Tarjeta,126.0
742,28/10/2025,13:10,4607,18,Para llevar,Tarjeta,190.0
743,28/10/2025,14:30,3734,16,Delivery propio,Efectivo,118.0
744,28/10/2025,19:10,1787,3,Salón,Efectivo,150.0
745,28/10/2025,12:34,4253,22,Salón,Plin,100.0
746,28/10/2025,20:55,89,20,Salón,Tarjeta,168.0
747,28/10/2025,15:48,926,5,Salón,Plin,42.0
748,28/10/2025,17:13,3222,18,Salón,Efectivo,334.0
749,28/10/2025,16:22,5123,5,Delivery propio,Yape,128.0
750,28/10/2025,15:28,1042,22,Delivery propio,Tarjeta,136.0
751,28/10/2025,12:34,,3,Para llevar,Yape,196.0
752,28/10/2025,13:15,5462,20,Delivery propio,Efectivo,225.0
753,28/10/2025,14:49,507,24,Salón,Yape,64.0
754,28/10/2025,13:11,2200,2,Salón,Plin,116.0
755,28/10/2025,16:21,3533,7,Salón,Yape,214.0
756,28/10/2025,15:43,5316,19,Delivery propio,Efectivo,34.0
757,28/10/2025,19:48,5202,24,Delivery propio,Efectivo,42.0
758,28/10/2025,13:14,,2,Salón,Efectivo,223.0
759,28/10/2025,12:07,,17,Salón,Plin,42.0
760,29/10/2025,12:03,3902,18,Salón,Yape,204.0
761,29/10/2025,13:39,5174,18,Salón,Yape,342.0
762,29/10/2025,16:03,4270,16,Salón,Efectivo,54.0
763,29/10/2025,16:13,2989,24,Salón,Yape,220.0
764,29/10/2025,15:04,4015,2,Salón,Efectivo,106.0
765,29/10/2025,14:49,3176,2,Delivery propio,Tarjeta,272.0
766,29/10/2025,19:58,2960,2,Delivery propio,Tarjeta,222.0
767,29/10/2025,12:50,1319,24,Para llevar,Efectivo,22.0
768,No se sabe,13:22,5444,24,Salón,Efectivo,92.0
769,29/10/2025,14:43,3107,17,Salón,Efectivo,126.0
770,29/10/2025,15:27,3838,18,Salón,Efectivo,99.0
771,29/10/2025,14:30,1736,16,Para llevar,Tarjeta,30.0
772,29/10/2025,13:29,2498,24,Salón,Plin,30.0
773,29/10/2025,13:21,5089,20,Delivery propio,Yape,170.0
774,29/10/2025,18:08,4392,16,Para llevar,Plin,194.0
775,29/10/2025,11:26,4689,16,Salón,Tarjeta,106.0
776,29/10/2025,19:40,2749,5,Salón,Tarjeta,356.0
777,29/10/2025,18:00,1742,5,Salón,Tarjeta,115.0
778,29/10/2025,12:10,3331,2,Salón,Yape,90.0
779,29/10/2025,18:06,1736,17,Salón,Efectivo,64.0
780,29/10/2025,12:04,1739,22,Para llevar,Plin,212.0
781,29/10/2025,13:02,2709,3,Para llevar,Yape,43.0
782,30/10/2025,15:01,2256,18,Salón,Yape,176.0
783,30/10/2025,13:31,4632,7,Para llevar,Tarjeta,294.0
784,30/10/2025,17:53,1125,17,Delivery propio,Plin,154.0
785,30/10/2025,12:24,2450,16,Para llevar,Tarjeta,188.0
786,30/10/2025,14:31,5022,22,Salón,Efectivo,292.0
787,30/10/2025,14:32,,5,Delivery propio,Tarjeta,48.0
788,30/10/2025,13:39,1717,3,Delivery propio,Efectivo,94.0
789,30/10/2025,14:19,,2,Salón,Yape,44.0
790,30/10/2025,18:34,2487,7,Para llevar,Efectivo,68.0
791,30/10/2025,13:50,3828,16,Salón,Efectivo,196.0
792,30/10/2025,16:09,5269,3,Salón,Yape,84.0
793,30/10/2025,20:17,4621,22,Salón,Yape,196.0
794,30/10/2025,16:08,4035,19,Salón,Tarjeta,335.0
795,30/10/2025,19:02,1071,18,Para llevar,Efectivo,231.0
796,30/10/2025,18:32,2749,17,Salón,Efectivo,118.0
797,30/10/2025,19:47,3894,2,Delivery propio,Plin,144.0
798,30/10/2025,19:33,1746,24,Para llevar,Efectivo,172.0
799,30/10/2025,15:22,,24,Salón,Yape,-220.0
800,30/10/2025,13:04,2958,18,Salón,Efectivo,142.0
801,30/10/2025,17:11,3393,2,Salón,Yape,180.0
802,30/10/2025,13:06,3869,22,Para llevar,Efectivo,68.0
803,30/10/2025,13:37,3069,20,Salón,Yape,128.0
804,30/10/2025,14:30,5337,3,Para llevar,Efectivo,88.0
805,30/10/2025,20:16,4914,7,Salón,Tarjeta,90.0
806,30/10/2025,16:37,1455,16,Salón,Efectivo,150.0
807,30/10/2025,11:04,598,5,Delivery propio,Yape,132.0
808,30/10/2025,13:26,4143,16,Delivery propio,Tarjeta,112.0
809,30/10/2025,19:04,5191,7,Salón,Yape,70.0
810,30/10/2025,14:21,484,3,Delivery propio,Efectivo,106.0
811,30/10/2025,14:05,1029,18,Salón,Yape,52.0
812,30/10/2025,19:26,4217,24,Salón,Efectivo,62.0
813,31/10/2025,12:15,693,5,Salón,Tarjeta,188.0
814,31/10/2025,15:30,4494,3,Salón,Yape,148.0
815,31/10/2025,15:34,3641,5,Salón,Plin,114.0
816,31/10/2025,18:24,5321,3,Salón,Tarjeta,85.0
817,31/10/2025,18:05,3284,3,Salón,Efectivo,211.0
818,31/10/2025,11:38,780,18,Salón,Plin,191.0
819,31/10/2025,21:03,833,2,Delivery propio,Tarjeta,83.0
820,31/10/2025,18:27,4592,22,Delivery propio,Efectivo,127.0
821,31/10/2025,14:37,2340,3,Salón,Yape,109.0
822,31/10/2025,18:58,4831,7,Salón,Tarjeta,126.0
823,31/10/2025,21:24,297,24,Salón,Tarjeta,96.0
824,31/10/2025,20:26,3160,17,Salón,Efectivo,164.0
825,31/10/2025,18:08,2283,22,Para llevar,Yape,242.0
826,31/10/2025,20:49,496,24,Salón,Tarjeta,136.0
827,31/10/2025,12:49,,3,Salón,Plin,26.0
828,31/10/2025,13:27,1609,5,Delivery propio,Efectivo,56.0
829,31/10/2025,17:02,2010,7,Salón,Efectivo,91.0
830,31/10/2025,18:53,1320,5,Salón,Plin,43.0
831,31/10/2025,13:07,2464,22,Salón,Tarjeta,50.0
832,31/10/2025,21:25,3129,24,Salón,Yape,32.0
833,31/10/2025,11:59,3139,16,Para llevar,Efectivo,201.0
834,31/10/2025,18:03,1000,19,Salón,Plin,132.0
835,31/10/2025,20:38,225,2,Para llevar,Yape,21.0
836,31/10/2025,19:55,68,22,Delivery propio,Yape,162.0
837,31/10/2025,19:51,,16,Salón,Yape,60.0
838,31/10/2025,15:38,4027,20,Para llevar,Efectivo,108.0
839,31/10/2025,20:21,2796,18,Salón,Yape,44.0
840,31/10/2025,13:04,1480,22,Delivery propio,Yape,298.0
841,31/10/2025,14:33,2868,22,Salón,Efectivo,80.0
842,31/10/2025,14:21,244,5,Salón,Efectivo,46.0
843,Ayer,13:12,242,18,Salón,Efectivo,241.0
844,01/11/2025,15:46,3714,17,Para llevar,Efectivo,184.0
845,01/11/2025,17:26,705,3,Salón,Plin,95.0
846,01/11/2025,11:33,2545,24,Para llevar,Efectivo,146.0
847,01/11/2025,14:21,786,18,Para llevar,Plin,134.0
848,01/11/2025,16:11,2340,5,Para llevar,Plin,272.0
849,01/11/2025,13:36,4861,22,Salón,Yape,84.0
850,01/11/2025,21:35,1406,22,Salón,Yape,98.0
851,01/11/2025,16:31,720,7,Salón,Yape,239.0
852,01/11/2025,14:20,,3,Para llevar,Efectivo,225.0
853,01/11/2025,12:50,,3,Delivery propio,Yape,102.0
854,01/11/2025,13:23,2282,24,Para llevar,Efectivo,176.0
855,01/11/2025,16:10,1204,19,Delivery propio,Tarjeta,55.0
856,01/11/2025,17:33,73,17,Salón,Yape,42.0
857,01/11/2025,14:19,1883,22,Salón,Yape,60.0
858,01/11/2025,12:58,3307,18,Salón,Efectivo,107.0
859,01/11/2025,18:33,1850,7,Salón,Yape,64.0
860,01/11/2025,13:21,418,18,Salón,Efectivo,119.0
861,01/11/2025,20:23,5253,3,Delivery propio,Efectivo,147.0
862,01/11/2025,14:19,2617,19,Para llevar,Yape,275.0
863,01/11/2025,11:54,2288,2,Delivery propio,Efectivo,68.0
864,01/11/2025,18:50,3443,17,Salón,Yape,86.0
865,01/11/2025,13:02,3983,18,Para llevar,Plin,134.0
866,01/11/2025,12:42,5010,22,Para llevar,Yape,82.0
867,01/11/2025,14:21,3414,24,Para llevar,Efectivo,467.0
868,01/11/2025,15:44,950,7,Salón,Tarjeta,299.0
869,01/11/2025,13:05,5308,18,Salón,Tarjeta,98.0
870,01/11/2025,12:46,3087,7,Salón,Efectivo,24.0
871,01/11/2025,15:52,2009,17,Delivery propio,Yape,100.0
872,01/11/2025,17:52,1931,20,Para llevar,Tarjeta,80.0
873,01/11/2025,16:40,4983,2,Para llevar,Efectivo,84.0
874,01/11/2025,14:50,607,20,Salón,Efectivo,168.0
875,01/11/2025,21:57,356,16,Salón,Efectivo,150.0
876,01/11/2025,14:48,2340,3,Salón,Efectivo,68.0
877,01/11/2025,12:35,1571,7,Delivery propio,Tarjeta,104.0
878,01/11/2025,12:57,3773,19,Salón,Yape,197.0
879,01/11/2025,12:12,1658,3,Salón,Tarjeta,74.0
880,01/11/2025,20:33,4067,7,Para llevar,Efectivo,122.0
881,02/11/2025,16:01,2509,16,Salón,Tarjeta,167.0
882,02/11/2025,21:14,5201,5,Para llevar,Plin,164.0
883,02/11/2025,17:45,4191,19,Delivery propio,Efectivo,136.0
884,02/11/2025,14:46,,19,Salón,Plin,60.0
885,02/11/2025,13:02,229,16,Salón,Tarjeta,138.0
886,02/11/2025,13:16,4596,2,Delivery propio,Efectivo,148.0
887,02/11/2025,13:29,5260,19,Salón,Efectivo,202.0
888,02/11/2025,17:28,2022,3,Delivery propio,Efectivo,32.0
889,02/11/2025,13:13,4479,7,Salón,Efectivo,60.0
890,02/11/2025,18:25,4303,2,Salón,Plin,122.0
891,02/11/2025,13:41,511,3,Salón,Plin,120.0
892,02/11/2025,19:52,,5,Salón,Tarjeta,38.0
893,02/11/2025,14:45,3845,16,Delivery propio,Efectivo,111.0
894,02/11/2025,17:57,1142,5,Salón,Yape,28.0
895,02/11/2025,14:53,4254,7,Salón,Yape,44.0
896,02/11/2025,13:59,1880,16,Para llevar,Efectivo,137.0
897,02/11/2025,15:32,2340,16,Para llevar,Efectivo,238.0
898,02/11/2025,14:24,3873,16,Para llevar,Plin,42.0
899,02/11/2025,18:19,3540,22,Delivery propio,Yape,106.0
900,02/11/2025,12:58,3416,2,Salón,Tarjeta,35.0
901,02/11/2025,18:27,5318,19,Salón,Yape,177.0
902,02/11/2025,16:45,496,17,Delivery propio,Tarjeta,149.0
903,02/11/2025,15:10,3849,24,Para llevar,Efectivo,157.0
904,02/11/2025,20:58,374,7,Delivery propio,Tarjeta,246.0
905,02/11/2025,19:05,732,24,Salón,Yape,56.0
906,02/11/2025,14:52,1118,22,Salón,Efectivo,142.0
907,02/11/2025,13:13,1198,24,Salón,Efectivo,156.0
908,02/11/2025,17:29,3641,17,Salón,Yape,135.0
909,02/11/2025,13:48,3856,16,Delivery propio,Tarjeta,160.0
910,02/11/2025,15:46,2709,16,Para llevar,Efectivo,76.0
911,02/11/2025,17:55,2428,17,Delivery propio,Plin,216.0
912,02/11/2025,13:08,1358,5,Salón,Efectivo,98.0
913,02/11/2025,15:56,2227,2,Delivery propio,Yape,215.0
914,02/11/2025,19:53,,24,Salón,Yape,104.0
915,02/11/2025,20:01,4355,16,Salón,Plin,260.0
916,02/11/2025,14:47,1623,17,Salón,Plin,122.0
917,02/11/2025,18:50,2558,24,Salón,Efectivo,109.0
918,02/11/2025,18:13,3777,24,Salón,Efectivo,61.0
919,02/11/2025,13:13,,5,Delivery propio,Yape,98.0
920,02/11/2025,13:05,4482,16,Salón,Plin,102.0
921,02/11/2025,14:06,5301,18,Delivery propio,Plin,254.0
922,02/11/2025,14:17,3252,17,Salón,Tarjeta,102.0
923,02/11/2025,17:12,4431,5,Salón,Yape,108.0
924,02/11/2025,11:09,1750,18,Para llevar,Efectivo,161.0
925,02/11/2025,14:27,356,22,Salón,Tarjeta,123.0
926,02/11/2025,15:55,,19,Salón,Tarjeta,99.0
927,02/11/2025,17:27,1284,20,Salón,Tarjeta,81.0
928,02/11/2025,18:14,3480,3,Salón,Yape,219.0
929,03/11/2025,14:28,4289,5,Salón,Tarjeta,42.0
930,03/11/2025,18:18,154,20,Para llevar,Efectivo,76.0
931,03/11/2025,20:43,3943,5,Salón,Yape,148.0
932,03/11/2025,12:13,1687,18,Para llevar,Tarjeta,223.0
933,03/11/2025,13:18,4097,20,Salón,Tarjeta,157.0
934,03/11/2025,16:59,3986,24,Salón,Efectivo,84.0
935,03/11/2025,15:23,3054,3,Salón,Tarjeta,172.0
936,03/11/2025,14:47,,20,Salón,Tarjeta,198.0
937,03/11/2025,15:02,4042,7,Salón,Efectivo,80.0
938,03/11/2025,12:10,,20,Salón,Yape,62.0
939,03/11/2025,13:49,2077,3,Salón,Efectivo,337.0
940,03/11/2025,13:29,5321,5,Para llevar,Efectivo,106.0
941,03/11/2025,15:16,2893,19,Salón,Tarjeta,56.0
942,03/11/2025,20:09,3318,5,Delivery propio,Plin,133.0
943,04/11/2025,15:11,301,3,Salón,Efectivo,218.0
944,04/11/2025,17:00,1803,2,Salón,Plin,128.0
945,04/11/2025,13:56,4367,3,Delivery propio,Yape,97.0
946,04/11/2025,19:36,2452,22,Salón,Tarjeta,124.0
947,04/11/2025,11:53,4899,2,Salón,Efectivo,233.0
948,04/11/2025,19:16,5462,2,Salón,Efectivo,283.0
949,04/11/2025,21:45,1080,20,Salón,Yape,95.0
950,04/11/2025,17:41,3278,2,Salón,Tarjeta,10.0
951,04/11/2025,12:57,2713,3,Salón,Efectivo,36.0
952,04/11/2025,17:22,5173,2,Para llevar,Yape,116.0
953,04/11/2025,12:59,432,18,Salón,Efectivo,124.0
954,04/11/2025,12:34,1213,17,Salón,Yape,126.0
955,04/11/2025,18:49,2868,3,Delivery propio,Efectivo,239.0
956,04/11/2025,14:20,2398,7,Salón,Efectivo,36.0
957,04/11/2025,13:49,1343,3,Para llevar,Plin,140.0
958,04/11/2025,19:31,1193,17,Salón,Yape,164.0
959,04/11/2025,11:06,3477,24,Salón,Tarjeta,72.0
960,04/11/2025,14:39,,24,Delivery propio,Efectivo,60.0
961,04/11/2025,18:21,2785,20,Salón,Efectivo,162.0
962,04/11/2025,20:22,4275,20,Delivery propio,Plin,59.0
963,04/11/2025,13:25,877,2,Salón,Tarjeta,93.0
964,04/11/2025,13:34,2189,22,Para llevar,Efectivo,106.0
965,05/11/2025,13:53,1957,18,Salón,Efectivo,168.0
966,05/11/2025,18:46,1996,5,Salón,Efectivo,118.0
967,05/11/2025,14:48,196,5,Salón,Efectivo,88.0
968,05/11/2025,15:02,1149,5,Salón,Yape,226.0
969,05/11/2025,20:45,,3,Para llevar,Yape,118.0
970,05/11/2025,14:16,1353,7,Para llevar,Yape,208.0
971,05/11/2025,15:41,2983,2,Salón,Efectivo,247.0
972,05/11/2025,20:38,3032,5,Delivery propio,Efectivo,118.0
973,05/11/2025,17:08,2555,3,Salón,Yape,256.0
974,05/11/2025,17:03,3464,16,Salón,Yape,72.0
975,05/11/2025,12:38,1604,7,Salón,Efectivo,56.0
976,05/11/2025,20:16,1411,5,Para llevar,Plin,186.0
977,05/11/2025,14:22,718,20,Delivery propio,Efectivo,235.0
978,05/11/2025,12:15,4673,5,Salón,Plin,74.0
979,06/11/2025,17:42,3428,18,Salón,Yape,84.0
980,06/11/2025,15:18,,3,Salón,Yape,48.0
981,06/11/2025,14:20,,17,Delivery propio,Efectivo,64.0
982,06/11/2025,17:06,1094,19,Salón,Efectivo,146.0
983,06/11/2025,16:26,2022,7,Salón,Tarjeta,82.0
984,06/11/2025,13:50,3168,5,Salón,Yape,74.0
985,06/11/2025,18:14,4631,22,Para llevar,Yape,101.0
986,06/11/2025,14:05,3488,7,Salón,Tarjeta,113.0
987,06/11/2025,15:02,307,5,Para llevar,Tarjeta,89.0
988,06/11/2025,20:50,2031,3,Delivery propio,Plin,173.0
989,06/11/2025,17:47,4242,5,Para llevar,Tarjeta,33.0
990,06/11/2025,19:46,2156,20,Para llevar,Efectivo,106.0
991,06/11/2025,20:04,1665,7,Delivery propio,Efectivo,92.0
992,06/11/2025,17:56,3296,2,Salón,Plin,62.0
993,06/11/2025,18:28,877,20,Salón,Tarjeta,52.0
994,06/11/2025,11:57,766,19,Salón,Efectivo,44.0
995,06/11/2025,15:27,1641,3,Para llevar,Efectivo,49.0
996,06/11/2025,15:52,2489,16,Salón,Efectivo,9.0
997,06/11/2025,15:52,3948,17,Salón,Tarjeta,54.0
998,06/11/2025,14:46,1029,2,Delivery propio,Yape,188.0
999,06/11/2025,21:26,3641,2,Para llevar,Tarjeta,230.0
1000,06/11/2025,14:18,414,22,Delivery propio,Tarjeta,114.0
1001,07/11/2025,16:16,270,3,Para llevar,Yape,62.0
1002,07/11/2025,13:37,3333,18,Delivery propio,Tarjeta,142.0
1003,07/11/2025,19:21,2940,18,Salón,Tarjeta,52.0
1004,07/11/2025,12:49,1531,22,Para llevar,Yape,180.0
1005,07/11/2025,18:57,5385,5,Delivery propio,Yape,68.0
1006,07/11/2025,15:32,2856,20,Salón,Tarjeta,246.0
1007,07/11/2025,14:39,2297,19,Salón,Yape,106.0
1008,07/11/2025,20:51,877,16,Salón,Yape,84.0
1009,07/11/2025,18:27,5464,5,Salón,Tarjeta,204.0
1010,07/11/2025,20:05,,2,Salón,Plin,183.0
1011,07/11/2025,13:04,2645,7,Salón,Efectivo,22.0
1012,07/11/2025,14:50,2746,5,Salón,Efectivo,206.0
1013,07/11/2025,13:45,3852,5,Delivery propio,Efectivo,70.0
1014,07/11/2025,13:11,3090,20,Salón,Efectivo,94.0
1015,07/11/2025,20:10,1960,16,Para llevar,Efectivo,72.0
1016,07/11/2025,14:21,,7,Para llevar,Efectivo,106.0
1017,07/11/2025,11:38,,7,Para llevar,Tarjeta,163.0
1018,07/11/2025,14:51,1042,24,Salón,Tarjeta,120.0
1019,07/11/2025,20:30,1129,24,Salón,Yape,264.0
1020,07/11/2025,20:57,3894,19,Salón,Tarjeta,100.0
1021,07/11/2025,20:48,5169,3,Salón,Yape,20.0
1022,Ayer,17:55,,17,Delivery propio,Tarjeta,78.0
1023,07/11/2025,13:27,4053,2,Salón,Tarjeta,312.0
1024,07/11/2025,12:59,5246,2,Salón,Yape,12.0
1025,07/11/2025,13:54,2893,24,Salón,Yape,94.0
1026,07/11/2025,12:22,1163,19,Salón,Efectivo,26.0
1027,07/11/2025,14:33,3623,22,Para llevar,Efectivo,182.0
1028,07/11/2025,20:21,1701,5,Salón,Tarjeta,198.0
1029,08/11/2025,12:45,4252,7,Salón,Efectivo,259.0
1030,08/11/2025,20:32,3302,20,Delivery propio,Efectivo,76.0
1031,08/11/2025,14:24,4330,19,Salón,Yape,72.0
1032,08/11/2025,14:11,975,19,Delivery propio,Tarjeta,9.0
1033,08/11/2025,12:26,3792,5,Delivery propio,Tarjeta,216.0
1034,08/11/2025,19:22,303,22,Para llevar,Yape,108.0
1035,08/11/2025,12:29,4148,18,Salón,Plin,132.0
1036,08/11/2025,20:48,,20,Salón,Plin,22.0
1037,08/11/2025,14:45,4977,16,Delivery propio,Yape,108.0
1038,08/11/2025,19:47,1525,2,Salón,Tarjeta,34.0
1039,Ayer,14:06,4708,3,Salón,Yape,121.0
1040,08/11/2025,12:52,3245,16,Delivery propio,Tarjeta,119.0
1041,08/11/2025,12:36,877,2,Delivery propio,Plin,138.0
1042,08/11/2025,12:25,,7,Salón,Tarjeta,33.0
1043,08/11/2025,17:07,5327,24,Delivery propio,Yape,120.0
1044,08/11/2025,21:18,2118,3,Salón,Yape,40.0
1045,08/11/2025,18:11,1805,20,Para llevar,Yape,68.0
1046,08/11/2025,20:48,4479,22,Salón,Yape,90.0
1047,08/11/2025,13:17,3796,16,Delivery propio,Plin,120.0
1048,08/11/2025,14:14,3840,17,Salón,Efectivo,136.0
1049,08/11/2025,19:35,638,3,Delivery propio,Yape,200.0
1050,08/11/2025,16:51,706,18,Salón,Yape,80.0
1051,08/11/2025,20:00,3788,24,Salón,Yape,60.0
1052,08/11/2025,14:17,2245,19,Salón,Yape,116.0
1053,08/11/2025,11:11,5250,18,Salón,Tarjeta,153.0
1054,Ayer,14:05,1237,3,Delivery propio,Yape,60.0
1055,08/11/2025,19:44,2801,7,Salón,Efectivo,103.0
1056,08/11/2025,19:54,4656,7,Para llevar,Efectivo,155.0
1057,08/11/2025,14:34,1340,2,Delivery propio,Tarjeta,94.0
1058,08/11/2025,13:33,2502,24,Salón,Efectivo,56.0
1059,08/11/2025,11:15,5364,18,Salón,Efectivo,90.0
1060,08/11/2025,12:46,3579,3,Salón,Tarjeta,124.0
1061,08/11/2025,13:39,1830,18,Delivery propio,Yape,123.0
1062,08/11/2025,14:26,1284,2,Salón,Efectivo,129.0
1063,08/11/2025,20:33,1496,16,Para llevar,Yape,162.0
1064,08/11/2025,18:44,4142,5,Salón,Plin,141.0
1065,08/11/2025,18:05,5358,22,Delivery propio,Efectivo,138.0
1066,08/11/2025,13:43,2645,2,Delivery propio,Efectivo,264.0
1067,08/11/2025,15:01,1221,7,Delivery propio,Tarjeta,179.0
1068,08/11/2025,15:35,4441,16,Para llevar,Tarjeta,142.0
1069,08/11/2025,14:56,1373,18,Delivery propio,Yape,142.0
1070,08/11/2025,18:29,302,7,Para llevar,Tarjeta,132.0
1071,08/11/2025,20:31,4645,3,Para llevar,Yape,82.0
1072,08/11/2025,13:45,2077,22,Salón,Efectivo,136.0
1073,08/11/2025,20:38,3734,24,Salón,Yape,96.0
1074,08/11/2025,18:46,4572,19,Salón,Efectivo,86.0
1075,08/11/2025,14:39,610,20,Salón,Yape,158.0
1076,08/11/2025,21:49,2374,7,Delivery propio,Tarjeta,83.0
1077,09/11/2025,17:12,5127,20,Para llevar,Plin,72.0
1078,09/11/2025,12:39,5193,22,Salón,Yape,184.0
1079,09/11/2025,19:03,4126,5,Salón,Yape,126.0
1080,09/11/2025,19:13,1348,19,Salón,Yape,183.0
1081,09/11/2025,20:50,4768,7,Para llevar,Efectivo,174.0
1082,09/11/2025,16:50,5350,18,Salón,Efectivo,114.0
1083,09/11/2025,11:30,4736,24,Delivery propio,Efectivo,10.0
1084,09/11/2025,14:59,2490,5,Delivery propio,Yape,78.0
1085,09/11/2025,16:54,5484,2,Delivery propio,Plin,36.0
1086,09/11/2025,19:35,3983,7,Delivery propio,Efectivo,96.0
1087,09/11/2025,16:08,3615,7,Salón,Plin,158.0
1088,09/11/2025,16:49,,3,Salón,Yape,108.0
1089,09/11/2025,12:34,4203,24,Para llevar,Efectivo,36.0
1090,09/11/2025,21:52,1863,17,Salón,Efectivo,200.0
1091,09/11/2025,15:44,2805,3,Salón,Efectivo,220.0
1092,09/11/2025,18:00,4529,17,Para llevar,Tarjeta,160.0
1093,09/11/2025,11:07,1271,17,Salón,Yape,161.0
1094,09/11/2025,12:10,1896,17,Salón,Yape,48.0
1095,09/11/2025,16:26,1212,22,Salón,Yape,86.0
1096,09/11/2025,20:14,,5,Salón,Efectivo,296.0
1097,09/11/2025,18:34,1274,22,Salón,Efectivo,148.0
1098,09/11/2025,20:16,584,17,Salón,Yape,54.0
1099,09/11/2025,18:44,1838,2,Para llevar,Tarjeta,188.0
1100,09/11/2025,13:15,2094,20,Salón,Tarjeta,182.0
1101,09/11/2025,20:05,1116,7,Para llevar,Yape,116.0
1102,09/11/2025,19:15,4446,3,Salón,Efectivo,48.0
1103,09/11/2025,16:25,680,22,Salón,Yape,138.0
1104,09/11/2025,18:52,3664,20,Salón,Yape,224.0
1105,09/11/2025,14:10,1747,7,Salón,Efectivo,54.0
1106,09/11/2025,11:19,367,20,Salón,Tarjeta,140.0
1107,09/11/2025,19:37,1991,22,Para llevar,Plin,24.0
1108,09/11/2025,16:28,1647,19,Delivery propio,Efectivo,166.0
1109,09/11/2025,12:34,4537,3,Salón,Efectivo,77.0
1110,09/11/2025,12:08,4392,19,Delivery propio,Yape,135.0
1111,09/11/2025,12:29,1026,19,Delivery propio,Tarjeta,50.0
1112,09/11/2025,15:49,2571,2,Salón,Tarjeta,32.0
1113,09/11/2025,19:23,2091,18,Salón,Efectivo,138.0
1114,09/11/2025,11:30,3839,17,Salón,Tarjeta,60.0
1115,09/11/2025,19:14,3247,19,Salón,Plin,177.0
1116,09/11/2025,14:18,4698,5,Salón,Yape,102.0
1117,09/11/2025,11:30,,2,Delivery propio,Plin,131.0
1118,09/11/2025,13:27,4441,20,Delivery propio,Efectivo,54.0
1119,09/11/2025,15:49,,7,Para llevar,Efectivo,138.0
1120,09/11/2025,19:27,148,7,Salón,Tarjeta,50.0
1121,09/11/2025,16:48,780,5,Delivery propio,Yape,149.0
1122,09/11/2025,16:34,,19,Delivery propio,Yape,201.0
1123,09/11/2025,11:10,3399,3,Salón,Tarjeta,102.0
1124,09/11/2025,18:19,2048,2,Delivery propio,Yape,175.0
1125,09/11/2025,19:19,2846,16,Para llevar,Yape,102.0
1126,09/11/2025,15:24,1553,5,Salón,Efectivo,232.0
1127,10/11/2025,17:10,4537,20,Salón,Tarjeta,108.0
1128,10/11/2025,14:26,4331,17,Delivery propio,Efectivo,62.0
1129,10/11/2025,16:23,4135,3,Delivery propio,Tarjeta,254.0
1130,10/11/2025,14:53,1863,7,Salón,Efectivo,90.0
1131,10/11/2025,14:45,2837,22,Salón,Yape,74.0
1132,10/11/2025,13:13,2170,3,Salón,Efectivo,96.0
1133,10/11/2025,19:03,3311,7,Delivery propio,Efectivo,34.0
1134,10/11/2025,17:43,4291,7,Delivery propio,Tarjeta,50.0
1135,10/11/2025,15:38,1577,2,Salón,Yape,58.0
1136,10/11/2025,19:56,,2,Salón,Yape,278.0
1137,10/11/2025,14:56,2065,19,Salón,Efectivo,107.0
1138,10/11/2025,16:17,2022,17,Salón,Yape,52.0
1139,10/11/2025,20:06,1958,5,Salón,Tarjeta,210.0
1140,10/11/2025,16:59,,17,Para llevar,Yape,118.0
1141,10/11/2025,13:39,,24,Para llevar,Efectivo,174.0
1142,10/11/2025,14:56,2540,17,Salón,Yape,135.0
1143,10/11/2025,12:04,2772,19,Salón,Plin,123.0
1144,10/11/2025,12:45,4261,19,Salón,Yape,314.0
1145,10/11/2025,12:37,5402,5,Delivery propio,Tarjeta,88.0
1146,10/11/2025,13:48,3434,7,Salón,Efectivo,96.0
1147,11/11/2025,12:10,4269,22,Salón,Yape,30.0
1148,11/11/2025,20:51,4825,18,Salón,Plin,180.0
1149,11/11/2025,19:23,4146,20,Salón,Yape,188.0
1150,11/11/2025,13:54,3252,22,Salón,Yape,175.0
1151,11/11/2025,14:20,120,17,Delivery propio,Efectivo,141.0
1152,11/11/2025,20:37,5006,2,Salón,Yape,122.0
1153,11/11/2025,13:02,4450,20,Salón,Plin,238.0
1154,11/11/2025,18:25,2446,20,Salón,Plin,86.0
1155,11/11/2025,13:38,4352,3,Salón,Efectivo,184.0
1156,11/11/2025,20:03,,17,Salón,Yape,181.0
1157,11/11/2025,14:28,3939,16,Para llevar,Yape,122.0
1158,11/11/2025,20:34,,2,Salón,Tarjeta,89.0
1159,11/11/2025,13:00,3596,18,Salón,Yape,81.0
1160,11/11/2025,19:51,5278,2,Salón,Efectivo,142.0
1161,11/11/2025,13:20,4258,2,Salón,Tarjeta,196.0
1162,11/11/2025,17:53,,17,Delivery propio,Tarjeta,58.0
1163,11/11/2025,11:14,,18,Salón,Efectivo,42.0
1164,11/11/2025,13:37,3809,7,Salón,Efectivo,196.0
1165,11/11/2025,18:44,3494,22,Para llevar,Tarjeta,146.0
1166,11/11/2025,16:01,2374,20,Salón,Yape,108.0
1167,11/11/2025,16:03,3933,5,Salón,Efectivo,30.0
1168,11/11/2025,12:58,3987,22,Para llevar,Yape,118.0
1169,11/11/2025,17:03,3799,20,Salón,Yape,184.0
1170,11/11/2025,14:36,1189,18,Salón,Efectivo,58.0
1171,12/11/2025,11:36,5326,16,Salón,Efectivo,68.0
1172,12/11/2025,19:36,5396,19,Salón,Yape,163.0
1173,12/11/2025,12:41,4693,3,Delivery propio,Yape,70.0
1174,12/11/2025,13:28,5408,17,Salón,Efectivo,76.0
1175,12/11/2025,12:20,,5,Salón,Efectivo,118.0
1176,12/11/2025,19:52,1635,20,Salón,Plin,72.0
1177,12/11/2025,12:55,2409,22,Delivery propio,Efectivo,84.0
1178,12/11/2025,14:51,833,16,Salón,Yape,38.0
1179,12/11/2025,13:19,1684,17,Salón,Tarjeta,90.0
1180,12/11/2025,12:40,2620,18,Salón,Efectivo,152.0
1181,12/11/2025,14:39,190,3,Salón,Tarjeta,36.0
1182,12/11/2025,19:46,406,20,Salón,Tarjeta,80.0
1183,12/11/2025,12:53,116,7,Salón,Yape,34.0
1184,12/11/2025,19:32,1398,22,Para llevar,Tarjeta,73.0
1185,12/11/2025,20:04,1233,2,Salón,Yape,180.0
1186,12/11/2025,11:07,3734,2,Salón,Yape,78.0
1187,12/11/2025,17:42,211,17,Salón,Efectivo,72.0
1188,12/11/2025,15:28,270,20,Delivery propio,Efectivo,84.0
1189,12/11/2025,19:22,2406,18,Delivery propio,Tarjeta,106.0
1190,12/11/2025,19:13,698,7,Para llevar,Yape,198.0
1191,12/11/2025,16:31,418,18,Salón,Efectivo,122.0
1192,12/11/2025,15:05,3904,20,Para llevar,Tarjeta,115.0
1193,12/11/2025,13:06,430,19,Delivery propio,Yape,74.0
1194,12/11/2025,16:51,,3,Salón,Yape,178.0
1195,12/11/2025,19:02,38,16,Para llevar,Efectivo,114.0
1196,12/11/2025,14:46,186,22,Salón,Efectivo,56.0
1197,12/11/2025,15:54,1747,24,Salón,Yape,108.0
1198,12/11/2025,17:45,4370,19,Salón,Tarjeta,200.0
1199,12/11/2025,14:34,279,22,Salón,Tarjeta,82.0
1200,13/11/2025,17:38,2562,7,Salón,Efectivo,138.0
1201,13/11/2025,15:01,2977,19,Para llevar,Yape,64.0
1202,13/11/2025,14:26,25,24,Salón,Tarjeta,78.0
1203,13/11/2025,13:18,2262,16,Para llevar,Yape,282.0
1204,13/11/2025,13:56,5430,5,Delivery propio,Yape,128.0
1205,13/11/2025,18:12,558,19,Salón,Yape,178.0
1206,13/11/2025,20:47,1488,24,Salón,Yape,186.0
1207,13/11/2025,20:24,4703,5,Salón,Efectivo,262.0
1208,13/11/2025,18:54,453,24,Salón,Efectivo,128.0
1209,13/11/2025,15:05,,7,Salón,Efectivo,138.0
1210,13/11/2025,19:00,512,24,Salón,Tarjeta,158.0
1211,13/11/2025,20:26,4893,24,Para llevar,Yape,138.0
1212,13/11/2025,15:49,4344,7,Salón,Yape,42.0
1213,13/11/2025,11:10,4566,2,Salón,Tarjeta,268.0
1214,13/11/2025,12:53,2792,20,Salón,Efectivo,94.0
1215,13/11/2025,18:24,5107,16,Para llevar,Yape,105.0
1216,13/11/2025,15:42,,22,Delivery propio,Yape,86.0
1217,13/11/2025,18:55,4986,3,Salón,Yape,54.0
1218,13/11/2025,16:50,3066,22,Salón,Yape,368.0
1219,13/11/2025,12:51,1049,20,Salón,Yape,70.0
1220,13/11/2025,11:46,2465,3,Para llevar,Efectivo,68.0
1221,13/11/2025,11:00,3734,16,Salón,Efectivo,146.0
1222,13/11/2025,13:21,5223,19,Salón,Tarjeta,142.0
1223,14/11/2025,17:53,4517,18,Delivery propio,Yape,166.0
1224,14/11/2025,13:36,3588,19,Salón,Plin,246.0
1225,14/11/2025,18:24,4205,7,Para llevar,Yape,68.0
1226,14/11/2025,14:26,3566,5,Salón,Tarjeta,187.0
1227,14/11/2025,11:24,3596,22,Salón,Tarjeta,244.0
1228,14/11/2025,13:26,3539,24,Salón,Tarjeta,90.0
1229,14/11/2025,14:00,1223,20,Delivery propio,Efectivo,276.0
1230,14/11/2025,15:47,2824,22,Salón,Plin,164.0
1231,14/11/2025,18:13,336,16,Salón,Tarjeta,30.0
1232,14/11/2025,18:35,,22,Salón,Tarjeta,154.0
1233,14/11/2025,19:52,4388,20,Para llevar,Plin,104.0
1234,14/11/2025,21:33,2683,2,Salón,Tarjeta,25.0
1235,14/11/2025,20:40,2378,17,Delivery propio,Yape,102.0
1236,14/11/2025,16:22,2746,2,Salón,Tarjeta,22.0
1237,14/11/2025,15:15,157,18,Salón,Yape,12.0
1238,14/11/2025,11:24,4479,20,Salón,Tarjeta,48.0
1239,14/11/2025,20:27,3874,16,Delivery propio,Plin,232.0
1240,14/11/2025,13:25,2613,18,Salón,Efectivo,98.0
1241,14/11/2025,12:22,1327,5,Para llevar,Efectivo,128.0
1242,14/11/2025,18:07,64,22,Salón,Yape,237.0
1243,14/11/2025,18:18,2270,2,Delivery propio,Tarjeta,179.0
1244,15/11/2025,13:34,3889,20,Salón,Efectivo,72.0
1245,15/11/2025,14:46,2831,17,Salón,Yape,179.0
1246,15/11/2025,12:46,3349,19,Delivery propio,Efectivo,330.0
1247,15/11/2025,20:43,990,24,Delivery propio,Tarjeta,159.0
1248,15/11/2025,20:08,2006,24,Salón,Yape,44.0
1249,15/11/2025,14:54,2714,24,Salón,Efectivo,142.0
1250,15/11/2025,19:38,4678,2,Salón,Plin,142.0
1251,15/11/2025,19:46,3598,3,Para llevar,Efectivo,134.0
1252,15/11/2025,14:20,602,24,Delivery propio,Tarjeta,132.0
1253,15/11/2025,13:28,5494,3,Salón,Yape,70.0
1254,15/11/2025,14:25,3423,22,Delivery propio,Tarjeta,52.0
1255,15/11/2025,16:25,4681,22,Salón,Efectivo,42.0
1256,15/11/2025,14:49,3508,20,Salón,Yape,89.0
1257,15/11/2025,21:55,2246,24,Salón,Yape,60.0
1258,15/11/2025,13:36,821,3,Para llevar,Tarjeta,148.0
1259,15/11/2025,13:15,1487,7,Para llevar,Plin,88.0
1260,15/11/2025,13:29,4974,20,Para llevar,Plin,70.0
1261,15/11/2025,16:50,5019,3,Salón,Efectivo,252.0
1262,15/11/2025,20:40,1830,18,Para llevar,Yape,50.0
1263,15/11/2025,21:56,1038,7,Para llevar,Tarjeta,140.0
1264,15/11/2025,15:02,5248,18,Salón,Tarjeta,140.0
1265,15/11/2025,15:26,4973,19,Para llevar,Efectivo,27.0
1266,15/11/2025,13:26,633,5,Para llevar,Efectivo,192.0
1267,15/11/2025,13:31,775,3,Salón,Efectivo,22.0
1268,15/11/2025,16:59,2195,20,Salón,Efectivo,100.0
1269,15/11/2025,15:00,682,24,Salón,Plin,50.0
1270,15/11/2025,20:33,3430,16,Delivery propio,Yape,36.0
1271,15/11/2025,21:54,5424,19,Para llevar,Efectivo,254.0
1272,15/11/2025,19:38,1265,17,Salón,Plin,68.0
1273,15/11/2025,11:52,237,20,Delivery propio,Tarjeta,72.0
1274,15/11/2025,12:59,4872,2,Salón,Tarjeta,78.0
1275,15/11/2025,19:29,2154,17,Salón,Yape,255.0
1276,15/11/2025,13:25,1062,7,Delivery propio,Efectivo,84.0
1277,15/11/2025,14:17,,22,Delivery propio,Yape,167.0
1278,15/11/2025,12:59,3756,22,Delivery propio,Efectivo,84.0
1279,15/11/2025,18:21,3335,24,Delivery propio,Plin,106.0
1280,15/11/2025,20:25,3944,16,Salón,Yape,60.0
1281,15/11/2025,21:37,3718,16,Salón,Tarjeta,57.0
1282,15/11/2025,14:04,2771,5,Delivery propio,Plin,96.0
1283,15/11/2025,14:44,4734,24,Para llevar,Efectivo,56.0
1284,15/11/2025,11:45,5387,7,Delivery propio,Efectivo,106.0
1285,15/11/2025,13:36,3282,7,Delivery propio,Efectivo,164.0
1286,16/11/2025,21:06,5271,20,Para llevar,Plin,22.0
1287,16/11/2025,14:35,3064,7,Salón,Tarjeta,24.0
1288,16/11/2025,12:49,5308,19,Salón,Yape,96.0
1289,16/11/2025,14:17,463,16,Para llevar,Yape,326.0
1290,16/11/2025,13:43,1539,17,Para llevar,Plin,28.0
1291,16/11/2025,19:25,4396,16,Para llevar,Tarjeta,112.0
1292,16/11/2025,19:34,5345,16,Salón,Yape,270.0
1293,16/11/2025,18:23,5163,16,Delivery propio,Tarjeta,262.0
1294,16/11/2025,14:05,4196,16,Delivery propio,Tarjeta,70.0
1295,16/11/2025,14:18,754,18,Salón,Tarjeta,78.0
1296,16/11/2025,14:12,5157,7,Salón,Yape,187.0
1297,16/11/2025,15:15,2160,3,Salón,Yape,88.0
1298,16/11/2025,13:01,5189,17,Salón,Plin,214.0
1299,16/11/2025,21:35,5098,24,Salón,Efectivo,60.0
1300,16/11/2025,13:01,3695,19,Para llevar,Efectivo,24.0
1301,16/11/2025,15:50,1421,18,Salón,Yape,66.0
1302,16/11/2025,12:21,78,20,Delivery propio,Efectivo,93.0
1303,16/11/2025,19:02,3663,20,Para llevar,Efectivo,74.0
1304,16/11/2025,19:07,4280,17,Para llevar,Yape,152.0
1305,16/11/2025,21:41,845,16,Salón,Tarjeta,261.0
1306,16/11/2025,12:04,2650,19,Salón,Tarjeta,92.0
1307,16/11/2025,16:37,3787,22,Salón,Yape,104.0
1308,16/11/2025,12:57,590,19,Salón,Efectivo,56.0
1309,16/11/2025,14:04,4930,22,Delivery propio,Tarjeta,146.0
1310,16/11/2025,18:40,4949,7,Salón,Tarjeta,162.0
1311,16/11/2025,18:24,4664,18,Salón,Efectivo,148.0
1312,16/11/2025,20:52,4127,22,Salón,Plin,114.0
1313,16/11/2025,13:58,1762,17,Salón,Tarjeta,140.0
1314,16/11/2025,16:22,4312,20,Salón,Yape,156.0
1315,16/11/2025,15:14,5256,20,Delivery propio,Yape,34.0
1316,16/11/2025,17:38,850,17,Delivery propio,Tarjeta,412.0
1317,16/11/2025,15:21,1223,19,Salón,Yape,22.0
1318,16/11/2025,20:24,1324,16,Delivery propio,Tarjeta,172.0
1319,16/11/2025,13:57,5440,16,Para llevar,Plin,174.0
1320,16/11/2025,20:03,2544,22,Salón,Tarjeta,299.0
1321,16/11/2025,14:15,561,18,Para llevar,Tarjeta,275.0
1322,16/11/2025,14:14,134,3,Salón,Tarjeta,55.0
1323,16/11/2025,20:23,1094,24,Delivery propio,Efectivo,154.0
1324,16/11/2025,14:36,5085,19,Salón,Plin,305.0
1325,16/11/2025,12:48,130,20,Salón,Tarjeta,44.0
1326,16/11/2025,14:55,2529,3,Salón,Tarjeta,46.0
1327,16/11/2025,18:38,1799,7,Salón,Yape,102.0
1328,16/11/2025,12:50,618,7,Salón,Yape,228.0
1329,16/11/2025,19:09,712,7,Salón,Efectivo,309.0
1330,16/11/2025,16:16,873,19,Delivery propio,Plin,80.0
1331,16/11/2025,18:17,480,3,Salón,Yape,14.0
1332,16/11/2025,13:36,4901,7,Delivery propio,Efectivo,54.0
1333,16/11/2025,19:11,791,3,Para llevar,Efectivo,106.0
1334,16/11/2025,20:29,,2,Salón,Efectivo,167.0
1335,16/11/2025,15:06,1235,20,Salón,Yape,18.0
1336,16/11/2025,14:16,1310,18,Delivery propio,Efectivo,74.0
1337,16/11/2025,14:03,1852,5,Salón,Tarjeta,174.0
1338,16/11/2025,16:03,2671,19,Para llevar,Yape,76.0
1339,16/11/2025,19:02,1158,22,Salón,Plin,54.0
1340,17/11/2025,12:25,1865,3,Para llevar,Yape,204.0
1341,17/11/2025,15:36,1852,3,Delivery propio,Yape,72.0
1342,17/11/2025,20:50,3698,18,Salón,Yape,340.0
1343,17/11/2025,17:36,1760,24,Delivery propio,Yape,52.0
1344,17/11/2025,15:16,3562,7,Salón,Efectivo,178.0
1345,17/11/2025,20:39,4602,24,Salón,Yape,293.0
1346,17/11/2025,20:24,3974,22,Salón,Plin,36.0
1347,17/11/2025,14:20,292,19,Salón,Yape,78.0
1348,17/11/2025,16:42,5257,3,Salón,Efectivo,82.0
1349,17/11/2025,19:03,2023,16,Salón,Efectivo,62.0
1350,17/11/2025,21:46,1339,3,Salón,Efectivo,187.0
1351,17/11/2025,13:12,1226,5,Salón,Yape,128.0
1352,17/11/2025,19:10,1833,16,Salón,Plin,247.0
1353,17/11/2025,12:20,2298,18,Salón,Yape,48.0
1354,17/11/2025,15:58,3710,16,Salón,Efectivo,52.0
1355,17/11/2025,20:59,3045,16,Salón,Tarjeta,258.0
1356,17/11/2025,21:52,2207,5,Salón,Efectivo,36.0
1357,17/11/2025,13:26,1318,7,Para llevar,Yape,38.0
1358,17/11/2025,18:21,1090,18,Delivery propio,Tarjeta,117.0
1359,17/11/2025,14:23,3323,20,Salón,Efectivo,214.0
1360,17/11/2025,14:51,5215,5,Salón,Yape,116.0
1361,18/11/2025,17:40,1500,24,Salón,Tarjeta,60.0
1362,18/11/2025,19:20,4667,19,Delivery propio,Yape,84.0
1363,18/11/2025,11:52,4711,24,Delivery propio,Tarjeta,142.0
1364,18/11/2025,19:05,5324,17,Para llevar,Yape,401.0
1365,18/11/2025,11:15,553,24,Salón,Tarjeta,10.0
1366,18/11/2025,13:14,394,22,Salón,Tarjeta,114.0
1367,18/11/2025,15:20,,18,Salón,Efectivo,62.0
1368,18/11/2025,15:28,4510,5,Salón,Plin,210.0
1369,18/11/2025,14:35,5250,18,Salón,Yape,106.0
1370,18/11/2025,19:01,,16,Para llevar,Efectivo,156.0
1371,18/11/2025,14:37,4479,20,Delivery propio,Yape,66.0
1372,18/11/2025,14:16,2836,20,Delivery propio,Tarjeta,68.0
1373,18/11/2025,15:11,1022,19,Salón,Efectivo,39.0
1374,18/11/2025,17:24,,5,Para llevar,Yape,146.0
1375,18/11/2025,15:52,548,19,Para llevar,Tarjeta,154.0
1376,18/11/2025,20:56,1616,20,Salón,Yape,255.0
1377,18/11/2025,18:17,98,16,Para llevar,Yape,148.0
1378,18/11/2025,13:05,540,3,Delivery propio,Tarjeta,216.0
1379,19/11/2025,16:57,,3,Salón,Efectivo,100.0
1380,19/11/2025,13:15,4500,7,Delivery propio,Yape,34.0
1381,19/11/2025,19:30,572,17,Salón,Efectivo,68.0
1382,19/11/2025,14:29,387,3,Salón,Efectivo,48.0
1383,19/11/2025,18:38,2675,20,Delivery propio,Yape,78.0
1384,Ayer,13:14,4867,16,Salón,Yape,33.0
1385,19/11/2025,12:44,4449,17,Salón,Efectivo,96.0
1386,19/11/2025,13:43,4177,24,Salón,Yape,105.0
1387,19/11/2025,13:15,3489,16,Para llevar,Yape,130.0
1388,19/11/2025,16:15,4729,5,Salón,Yape,204.0
1389,19/11/2025,14:19,3561,7,Salón,Tarjeta,112.0
1390,19/11/2025,20:32,,19,Salón,Yape,128.0
1391,19/11/2025,12:02,4392,24,Para llevar,Efectivo,186.0
1392,19/11/2025,14:47,286,7,Salón,Efectivo,226.0
1393,19/11/2025,15:27,4333,24,Delivery propio,Efectivo,57.0
1394,19/11/2025,20:38,460,20,Salón,Tarjeta,158.0
1395,19/11/2025,19:56,2788,19,Salón,Efectivo,154.0
1396,19/11/2025,20:41,558,5,Salón,Yape,70.0
1397,19/11/2025,14:06,3025,16,Delivery propio,Plin,184.0
1398,19/11/2025,13:34,5314,24,Para llevar,Tarjeta,162.0
1399,19/11/2025,14:24,5009,18,Salón,Efectivo,132.0
1400,19/11/2025,21:46,5356,19,Para llevar,Tarjeta,104.0
1401,19/11/2025,14:15,3734,20,Para llevar,Plin,19.0
1402,20/11/2025,13:52,2718,16,Salón,Tarjeta,147.0
1403,20/11/2025,19:17,3358,20,Delivery propio,Plin,188.0
1404,20/11/2025,13:56,4760,18,Salón,Yape,62.0
1405,20/11/2025,15:31,1018,20,Delivery propio,Yape,162.0
1406,20/11/2025,19:45,2340,19,Delivery propio,Yape,296.0
1407,20/11/2025,14:37,1956,20,Salón,Yape,66.0
1408,20/11/2025,13:54,3921,24,Salón,Plin,88.0
1409,20/11/2025,18:09,1168,24,Salón,Tarjeta,147.0
1410,20/11/2025,20:10,1763,2,Salón,Tarjeta,79.0
1411,20/11/2025,14:36,2985,22,Salón,Yape,115.0
1412,20/11/2025,14:59,4634,17,Delivery propio,Tarjeta,104.0
1413,20/11/2025,12:20,4326,2,Para llevar,Efectivo,112.0
1414,20/11/2025,19:14,3081,17,Delivery propio,Yape,130.0
1415,20/11/2025,14:44,1157,16,Salón,Plin,80.0
1416,20/11/2025,20:11,3007,3,Salón,Tarjeta,152.0
1417,20/11/2025,20:25,2774,5,Salón,Yape,333.0
1418,20/11/2025,12:21,2379,7,Salón,Efectivo,60.0
1419,21/11/2025,13:50,4242,17,Salón,Efectivo,229.0
1420,21/11/2025,20:03,3904,24,Para llevar,Yape,112.0
1421,21/11/2025,15:52,4418,18,Salón,Efectivo,175.0
1422,21/11/2025,13:12,,16,Delivery propio,Efectivo,142.0
1423,21/11/2025,14:56,2158,7,Delivery propio,Efectivo,120.0
1424,21/11/2025,12:55,,5,Para llevar,Efectivo,84.0
1425,21/11/2025,20:51,2472,18,Salón,Plin,311.0
1426,21/11/2025,14:19,,17,Salón,Efectivo,166.0
1427,21/11/2025,12:33,4566,5,Salón,Yape,114.0
1428,21/11/2025,16:15,3130,17,Delivery propio,Yape,203.0
1429,21/11/2025,15:20,1344,22,Salón,Tarjeta,116.0
1430,21/11/2025,21:19,4358,7,Salón,Tarjeta,160.0
1431,21/11/2025,18:04,5256,17,Para llevar,Efectivo,194.0
1432,21/11/2025,19:30,2340,22,Salón,Yape,66.0
1433,21/11/2025,21:19,1474,20,Salón,Tarjeta,218.0
1434,21/11/2025,15:46,877,24,Salón,Yape,241.0
1435,21/11/2025,16:31,4992,24,Delivery propio,Efectivo,185.0
1436,21/11/2025,20:10,4187,17,Salón,Yape,64.0
1437,21/11/2025,18:21,3713,18,Salón,Efectivo,194.0
1438,21/11/2025,11:35,558,24,Salón,Yape,198.0
1439,21/11/2025,20:08,5491,3,Salón,Plin,216.0
1440,21/11/2025,19:38,587,24,Delivery propio,Efectivo,127.0
1441,22/11/2025,19:40,4479,5,Delivery propio,Efectivo,198.0
1442,22/11/2025,17:43,3223,20,Para llevar,Efectivo,106.0
1443,22/11/2025,18:55,1141,3,Salón,Efectivo,80.0
1444,22/11/2025,13:45,478,20,Para llevar,Efectivo,150.0
1445,22/11/2025,14:11,2291,7,Salón,Efectivo,37.0
1446,22/11/2025,15:28,1439,22,Delivery propio,Efectivo,228.0
1447,22/11/2025,13:16,3137,20,Salón,Yape,154.0
1448,22/11/2025,14:26,,24,Salón,Yape,56.0
1449,22/11/2025,21:37,1313,20,Para llevar,Tarjeta,67.0
1450,22/11/2025,14:58,5357,24,Salón,Efectivo,140.0
1451,22/11/2025,14:02,1488,16,Para llevar,Yape,82.0
1452,22/11/2025,12:15,3641,19,Salón,Yape,241.0
1453,22/11/2025,14:12,1002,16,Salón,Tarjeta,98.0
1454,22/11/2025,13:52,3592,16,Salón,Tarjeta,106.0
1455,22/11/2025,15:33,2989,5,Salón,Tarjeta,174.0
1456,22/11/2025,13:02,2918,3,Salón,Tarjeta,78.0
1457,22/11/2025,13:45,4729,17,Delivery propio,Yape,68.0
1458,22/11/2025,14:05,246,19,Para llevar,Tarjeta,75.0
1459,22/11/2025,17:12,4343,3,Salón,Tarjeta,168.0
1460,22/11/2025,14:54,4592,24,Salón,Efectivo,52.0
1461,22/11/2025,11:42,5163,3,Salón,Efectivo,36.0
1462,22/11/2025,18:27,3132,5,Delivery propio,Efectivo,114.0
1463,22/11/2025,12:14,2001,7,Salón,Yape,36.0
1464,22/11/2025,19:48,4496,16,Salón,Yape,75.0
1465,22/11/2025,17:33,2987,22,Delivery propio,Efectivo,36.0
1466,22/11/2025,15:08,3176,20,Salón,Efectivo,225.0
1467,22/11/2025,16:37,3944,3,Salón,Efectivo,62.0
1468,22/11/2025,17:44,106,3,Delivery propio,Yape,52.0
1469,22/11/2025,21:17,5421,5,Salón,Tarjeta,69.0
1470,22/11/2025,19:11,2098,2,Salón,Tarjeta,124.0
1471,22/11/2025,15:00,4480,22,Salón,Tarjeta,80.0
1472,23/11/2025,17:41,,7,Salón,Efectivo,212.0
1473,23/11/2025,20:35,5217,2,Salón,Plin,124.0
1474,23/11/2025,14:21,639,5,Salón,Efectivo,78.0
1475,23/11/2025,14:27,,24,Salón,Tarjeta,81.0
1476,23/11/2025,13:06,3560,24,Delivery propio,Efectivo,204.0
1477,23/11/2025,14:35,1302,17,Para llevar,Tarjeta,74.0
1478,23/11/2025,12:11,4479,7,Delivery propio,Plin,168.0
1479,23/11/2025,12:28,1949,5,Salón,Efectivo,174.0
1480,23/11/2025,18:14,2983,16,Salón,Plin,90.0
1481,23/11/2025,13:30,,24,Para llevar,Tarjeta,106.0
1482,23/11/2025,19:58,,18,Para llevar,Yape,168.0
1483,23/11/2025,20:58,1616,24,Salón,Efectivo,285.0
1484,23/11/2025,14:42,1627,22,Delivery propio,Efectivo,106.0
1485,23/11/2025,17:49,,18,Salón,Efectivo,108.0
1486,23/11/2025,20:07,4766,17,Delivery propio,Efectivo,84.0
1487,23/11/2025,13:46,5469,19,Salón,Plin,78.0
1488,23/11/2025,13:33,2131,2,Salón,Yape,9.0
1489,23/11/2025,20:47,,5,Salón,Efectivo,94.0
1490,23/11/2025,13:03,2000,17,Salón,Yape,144.0
1491,23/11/2025,14:23,1410,2,Delivery propio,Plin,237.0
1492,23/11/2025,14:25,634,22,Salón,Efectivo,72.0
1493,23/11/2025,20:27,,17,Salón,Yape,148.0
1494,23/11/2025,11:00,1958,20,Salón,Tarjeta,99.0
1495,23/11/2025,13:48,,3,Salón,Yape,324.0
1496,23/11/2025,14:19,115,17,Salón,Yape,120.0
1497,23/11/2025,12:23,4411,5,Delivery propio,Yape,98.0
1498,23/11/2025,13:19,2894,16,Salón,Tarjeta,28.0
1499,23/11/2025,21:55,4529,18,Salón,Yape,86.0
1500,23/11/2025,14:40,1854,5,Salón,Tarjeta,32.0
1501,23/11/2025,15:34,629,24,Salón,Efectivo,127.0
1502,23/11/2025,15:13,2225,5,Salón,Yape,234.0
1503,23/11/2025,19:53,,17,Salón,Plin,184.0
1504,23/11/2025,19:30,,17,Salón,Tarjeta,138.0
1505,23/11/2025,20:35,4701,24,Salón,Tarjeta,234.0
1506,23/11/2025,14:59,3760,20,Delivery propio,Tarjeta,140.0
1507,23/11/2025,12:40,230,24,Delivery propio,Yape,180.0
1508,23/11/2025,12:04,4501,3,Salón,Efectivo,8.0
1509,23/11/2025,20:26,2223,18,Salón,Yape,101.0
1510,23/11/2025,11:47,9,18,Para llevar,Yape,130.0
1511,23/11/2025,12:59,4713,7,Salón,Efectivo,65.0
1512,23/11/2025,20:59,810,17,Salón,Yape,130.0
1513,24/11/2025,13:15,3142,17,Delivery propio,Tarjeta,304.0
1514,24/11/2025,13:27,4469,2,Salón,Plin,178.0
1515,24/11/2025,13:11,1198,3,Salón,Tarjeta,134.0
1516,24/11/2025,20:37,1976,7,Para llevar,Efectivo,70.0
1517,24/11/2025,19:46,5260,24,Salón,Yape,74.0
1518,24/11/2025,13:31,3969,7,Para llevar,Efectivo,36.0
1519,24/11/2025,12:47,4184,19,Delivery propio,Efectivo,184.0
1520,24/11/2025,17:52,1568,24,Salón,Efectivo,151.0
1521,24/11/2025,14:46,1181,3,Para llevar,Efectivo,80.0
1522,24/11/2025,15:09,547,17,Salón,Efectivo,159.0
1523,24/11/2025,19:53,1016,3,Para llevar,Tarjeta,264.0
1524,24/11/2025,13:17,111,24,Salón,Plin,92.0
1525,24/11/2025,17:58,,17,Para llevar,Efectivo,90.0
1526,24/11/2025,15:38,5360,22,Salón,Yape,6.0
1527,24/11/2025,21:36,4566,2,Para llevar,Efectivo,74.0
1528,24/11/2025,14:16,2986,18,Salón,Tarjeta,115.0
1529,25/11/2025,14:35,115,18,Salón,Tarjeta,96.0
1530,25/11/2025,13:50,2116,3,Salón,Efectivo,38.0
1531,25/11/2025,19:27,5261,16,Salón,Yape,156.0
1532,25/11/2025,12:34,,20,Salón,Efectivo,116.0
1533,25/11/2025,17:47,1112,17,Salón,Tarjeta,128.0
1534,25/11/2025,18:36,2315,2,Salón,Plin,42.0
1535,25/11/2025,20:25,,17,Para llevar,Efectivo,64.0
1536,25/11/2025,21:59,1270,17,Salón,Tarjeta,222.0
1537,25/11/2025,17:39,2918,2,Para llevar,Tarjeta,76.0
1538,25/11/2025,19:13,877,24,Para llevar,Tarjeta,70.0
1539,25/11/2025,13:17,2134,3,Para llevar,Efectivo,178.0
1540,25/11/2025,15:54,,24,Salón,Tarjeta,142.0
1541,25/11/2025,15:17,4950,5,Salón,Efectivo,124.0
1542,25/11/2025,20:11,1760,22,Salón,Yape,35.0
1543,25/11/2025,12:41,1621,5,Para llevar,Yape,94.0
1544,25/11/2025,14:23,1477,22,Salón,Tarjeta,60.0
1545,25/11/2025,17:17,3512,5,Para llevar,Yape,130.0
1546,25/11/2025,12:14,4845,3,Salón,Yape,54.0
1547,25/11/2025,12:37,4872,3,Salón,Efectivo,90.0
1548,25/11/2025,20:00,,18,Para llevar,Tarjeta,153.0
1549,26/11/2025,13:10,2340,18,Salón,Efectivo,22.0
1550,26/11/2025,20:32,3756,18,Delivery propio,Yape,66.0
1551,26/11/2025,15:56,2008,20,Salón,Yape,234.0
1552,26/11/2025,18:48,1138,17,Salón,Efectivo,252.0
1553,26/11/2025,13:45,1481,18,Salón,Tarjeta,228.0
1554,26/11/2025,12:24,5441,24,Salón,Yape,68.0
1555,26/11/2025,13:49,338,16,Salón,Yape,107.0
1556,26/11/2025,13:49,1996,17,Para llevar,Yape,128.0
1557,26/11/2025,15:15,3433,18,Delivery propio,Yape,134.0
1558,26/11/2025,13:53,4851,7,Salón,Tarjeta,106.0
1559,26/11/2025,19:14,3226,19,Salón,Efectivo,108.0
1560,26/11/2025,16:31,947,18,Delivery propio,Plin,70.0
1561,26/11/2025,13:28,,22,Salón,Efectivo,38.0
1562,26/11/2025,14:06,335,2,Salón,Efectivo,96.0
1563,26/11/2025,14:20,,19,Delivery propio,Tarjeta,98.0
1564,27/11/2025,18:30,527,22,Delivery propio,Plin,82.0
1565,27/11/2025,12:51,756,2,Salón,Yape,90.0
1566,27/11/2025,14:53,3719,16,Salón,Efectivo,234.0
1567,27/11/2025,13:10,1099,7,Para llevar,Tarjeta,198.0
1568,27/11/2025,14:41,4380,2,Para llevar,Tarjeta,200.0
1569,27/11/2025,20:46,1962,20,Salón,Yape,120.0
1570,27/11/2025,17:53,4303,2,Salón,Tarjeta,104.0
1571,27/11/2025,18:49,4390,5,Delivery propio,Efectivo,76.0
1572,27/11/2025,15:56,5337,22,Delivery propio,Yape,232.0
1573,27/11/2025,19:04,4213,19,Salón,Yape,73.0
1574,27/11/2025,12:50,3573,3,Salón,Efectivo,224.0
1575,27/11/2025,19:33,3858,22,Salón,Efectivo,208.0
1576,27/11/2025,13:17,4386,5,Salón,Plin,90.0
1577,27/11/2025,14:12,2403,19,Delivery propio,Tarjeta,36.0
1578,27/11/2025,15:45,308,20,Salón,Plin,37.0
1579,27/11/2025,15:41,4958,24,Salón,Efectivo,180.0
1580,27/11/2025,19:16,5029,16,Salón,Efectivo,86.0
1581,27/11/2025,13:50,,20,Delivery propio,Efectivo,90.0
1582,27/11/2025,20:27,3974,17,Delivery propio,Tarjeta,112.0
1583,27/11/2025,14:25,1243,5,Salón,Yape,210.0
1584,27/11/2025,14:30,3859,3,Salón,Efectivo,168.0
1585,27/11/2025,15:08,3763,7,Salón,Yape,102.0
1586,27/11/2025,14:39,4618,24,Salón,Efectivo,30.0
1587,27/11/2025,17:20,3839,5,Delivery propio,Plin,68.0
1588,28/11/2025,15:21,3063,22,Salón,Efectivo,98.0
1589,28/11/2025,17:51,2833,18,Salón,Yape,46.0
1590,28/11/2025,19:13,5173,18,Para llevar,Efectivo,58.0
1591,28/11/2025,14:02,2849,22,Para llevar,Yape,188.0
1592,28/11/2025,15:23,950,7,Salón,Efectivo,176.0
1593,28/11/2025,12:09,2311,16,Salón,Yape,28.0
1594,28/11/2025,11:16,1308,17,Salón,Yape,94.0
1595,28/11/2025,12:39,3856,22,Para llevar,Efectivo,83.0
1596,28/11/2025,13:58,4730,22,Salón,Plin,126.0
1597,28/11/2025,18:12,,16,Salón,Yape,334.0
1598,28/11/2025,12:08,4592,7,Salón,Tarjeta,34.0
1599,28/11/2025,12:18,,22,Para llevar,Plin,72.0
1600,28/11/2025,20:54,2137,20,Salón,Efectivo,94.0
1601,28/11/2025,21:12,5150,16,Para llevar,Efectivo,144.0
1602,28/11/2025,15:45,3100,22,Salón,Efectivo,82.0
1603,28/11/2025,17:54,333,24,Para llevar,Plin,112.0
1604,28/11/2025,11:38,437,17,Para llevar,Efectivo,224.0
1605,28/11/2025,20:21,1216,20,Para llevar,Yape,54.0
1606,28/11/2025,19:34,1752,19,Salón,Tarjeta,108.0
1607,28/11/2025,21:56,,19,Delivery propio,Yape,132.0
1608,28/11/2025,20:24,2685,22,Salón,Tarjeta,76.0
1609,28/11/2025,13:48,3681,17,Salón,Yape,28.0
1610,28/11/2025,19:28,,16,Salón,Plin,84.0
1611,28/11/2025,19:14,5140,5,Para llevar,Plin,90.0
1612,28/11/2025,12:01,4685,24,Salón,Efectivo,279.0
1613,28/11/2025,13:54,4596,17,Delivery propio,Plin,334.0
1614,28/11/2025,13:07,1941,22,Para llevar,Efectivo,17.0
1615,28/11/2025,13:41,2239,16,Para llevar,Efectivo,106.0
1616,28/11/2025,14:46,877,2,Salón,Efectivo,172.0
1617,28/11/2025,19:32,18,17,Salón,Efectivo,207.0
1618,29/11/2025,20:32,1890,7,Salón,Efectivo,162.0
1619,29/11/2025,16:33,1279,24,Salón,Efectivo,134.0
1620,29/11/2025,14:57,5019,2,Delivery propio,Efectivo,399.0
1621,29/11/2025,13:17,2770,18,Para llevar,Tarjeta,212.0
1622,29/11/2025,18:49,3883,7,Salón,Plin,78.0
1623,29/11/2025,19:00,1580,17,Delivery propio,Yape,94.0
1624,29/11/2025,14:39,3512,20,Para llevar,Efectivo,122.0
1625,29/11/2025,14:36,2114,18,Para llevar,Efectivo,80.0
1626,29/11/2025,14:45,4908,16,Salón,Yape,216.0
1627,29/11/2025,13:18,4022,24,Para llevar,Efectivo,54.0
1628,29/11/2025,21:10,285,3,Delivery propio,Efectivo,160.0
1629,29/11/2025,12:45,4114,19,Salón,Plin,102.0
1630,29/11/2025,13:24,,5,Delivery propio,Efectivo,88.0
1631,29/11/2025,11:18,3507,22,Para llevar,Efectivo,76.0
1632,29/11/2025,11:00,4242,3,Salón,Yape,44.0
1633,29/11/2025,17:10,4691,17,Salón,Efectivo,71.0
1634,29/11/2025,19:39,2024,3,Salón,Yape,111.0
1635,29/11/2025,15:13,1489,19,Salón,Efectivo,58.0
1636,29/11/2025,13:33,4795,3,Salón,Efectivo,79.0
1637,29/11/2025,20:27,3412,16,Salón,Tarjeta,98.0
1638,29/11/2025,19:23,1966,3,Salón,Yape,18.0
1639,29/11/2025,12:38,2411,5,Para llevar,Yape,118.0
1640,29/11/2025,13:25,3827,2,Salón,Efectivo,234.0
1641,29/11/2025,15:56,,24,Salón,Tarjeta,66.0
1642,29/11/2025,14:45,607,2,Delivery propio,Yape,74.0
1643,29/11/2025,12:17,4181,19,Salón,Tarjeta,123.0
1644,29/11/2025,14:16,4051,24,Salón,Tarjeta,222.0
1645,29/11/2025,15:04,,20,Para llevar,Yape,74.0
1646,29/11/2025,12:40,4669,16,Salón,Tarjeta,208.0
1647,29/11/2025,14:48,2749,5,Salón,Efectivo,122.0
1648,29/11/2025,19:14,643,16,Para llevar,Yape,272.0
1649,29/11/2025,11:27,4314,2,Salón,Yape,130.0
1650,29/11/2025,13:19,1527,24,Salón,Yape,45.0
1651,29/11/2025,14:41,1359,22,Salón,Yape,36.0
1652,30/11/2025,14:30,676,7,Salón,Efectivo,20.0
1653,30/11/2025,12:09,2738,3,Para llevar,Tarjeta,48.0
1654,30/11/2025,19:02,4125,5,Salón,Yape,218.0
1655,30/11/2025,20:53,997,18,Salón,Plin,36.0
1656,30/11/2025,17:47,408,18,Salón,Yape,64.0
1657,30/11/2025,17:56,2201,16,Salón,Tarjeta,142.0
1658,30/11/2025,12:45,224,5,Salón,Tarjeta,271.0
1659,30/11/2025,14:45,1044,2,Para llevar,Yape,88.0
1660,30/11/2025,13:16,4234,17,Salón,Plin,236.0
1661,30/11/2025,13:57,2629,5,Salón,Efectivo,140.0
1662,30/11/2025,12:55,2530,19,Delivery propio,Yape,114.0
1663,30/11/2025,14:27,5024,19,Salón,Tarjeta,73.0
1664,30/11/2025,19:19,4436,3,Para llevar,Efectivo,172.0
1665,30/11/2025,13:10,1619,24,Delivery propio,Yape,92.0
1666,30/11/2025,16:11,2643,7,Para llevar,Yape,78.0
1667,30/11/2025,19:25,,19,Salón,Plin,36.0
1668,30/11/2025,13:27,4898,7,Salón,Efectivo,103.0
1669,30/11/2025,19:42,869,3,Para llevar,Efectivo,168.0
1670,30/11/2025,13:52,1682,3,Salón,Efectivo,174.0
1671,30/11/2025,17:14,1907,16,Para llevar,Yape,151.0
1672,30/11/2025,14:28,1796,22,Salón,Efectivo,89.0
1673,30/11/2025,21:17,3442,16,Salón,Efectivo,125.0
1674,30/11/2025,15:47,1591,18,Salón,Efectivo,198.0
1675,30/11/2025,16:48,5402,5,Salón,Yape,60.0
1676,30/11/2025,17:42,4973,20,Salón,Efectivo,144.0
1677,30/11/2025,15:04,5351,18,Salón,Efectivo,238.0
1678,30/11/2025,16:41,1834,16,Salón,Tarjeta,90.0
1679,30/11/2025,14:57,3798,22,Salón,Yape,48.0
1680,30/11/2025,12:51,1494,7,Delivery propio,Tarjeta,42.0
1681,30/11/2025,16:38,3293,19,Salón,Yape,84.0
1682,30/11/2025,12:07,4617,3,Salón,Yape,26.0
1683,30/11/2025,15:18,270,7,Para llevar,Efectivo,93.0
1684,30/11/2025,18:46,,19,Delivery propio,Yape,73.0
1685,30/11/2025,15:36,895,3,Salón,Plin,40.0
1686,30/11/2025,14:07,2980,19,Salón,Efectivo,112.0
1687,30/11/2025,17:12,,5,Salón,Plin,197.0
1688,30/11/2025,18:21,,19,Salón,Plin,34.0
1689,30/11/2025,14:15,4635,24,Salón,Yape,188.0
1690,30/11/2025,13:41,,19,Para llevar,Tarjeta,120.0
1691,30/11/2025,18:40,4408,19,Delivery propio,Tarjeta,367.0
1692,30/11/2025,20:08,2145,17,Para llevar,Tarjeta,90.0
1693,30/11/2025,15:53,606,24,Salón,Tarjeta,109.0
1694,30/11/2025,13:44,5096,19,Salón,Efectivo,206.0
1695,30/11/2025,13:28,3609,16,Salón,Yape,196.0
1696,30/11/2025,14:18,5370,24,Salón,Efectivo,30.0
1697,30/11/2025,21:27,,18,Para llevar,Efectivo,144.0
1698,30/11/2025,11:09,624,7,Salón,Tarjeta,174.0
1699,30/11/2025,17:16,1758,17,Salón,Tarjeta,118.0
1700,30/11/2025,19:31,4531,18,Para llevar,Efectivo,67.0
1701,30/11/2025,20:55,638,2,Para llevar,Yape,73.0
1702,30/11/2025,14:45,2414,22,Salón,Yape,38.0
1703,30/11/2025,20:21,1642,22,Delivery propio,Plin,38.0
1704,30/11/2025,20:20,2355,18,Salón,Plin,48.0
1705,01/12/2025,12:13,21,19,Salón,Efectivo,94.0
1706,01/12/2025,12:48,1093,24,Delivery propio,Yape,367.0
1707,01/12/2025,14:08,72,16,Delivery propio,Plin,68.0
1708,01/12/2025,14:48,,17,Salón,Tarjeta,80.0
1709,01/12/2025,15:25,4872,16,Salón,Yape,190.0
1710,01/12/2025,19:48,4011,16,Salón,Efectivo,110.0
1711,01/12/2025,14:49,2027,24,Delivery propio,Efectivo,292.0
1712,01/12/2025,16:02,4185,19,Delivery propio,Tarjeta,28.0
1713,01/12/2025,19:10,1332,16,Salón,Yape,88.0
1714,01/12/2025,12:23,877,20,Salón,Yape,78.0
1715,01/12/2025,18:41,1964,18,Para llevar,Efectivo,120.0
1716,01/12/2025,15:52,1346,2,Para llevar,Plin,66.0
1717,01/12/2025,13:05,2624,7,Salón,Yape,169.0
1718,01/12/2025,12:14,5215,3,Salón,Efectivo,24.0
1719,01/12/2025,11:30,1172,7,Para llevar,Efectivo,233.0
1720,01/12/2025,13:35,,3,Delivery propio,Efectivo,70.0
1721,01/12/2025,19:23,3771,3,Salón,Efectivo,170.0
1722,01/12/2025,21:22,2184,19,Para llevar,Efectivo,98.0
1723,01/12/2025,20:02,79,7,Salón,Yape,136.0
1724,02/12/2025,13:25,,2,Delivery propio,Yape,138.0
1725,02/12/2025,15:51,1495,22,Salón,Yape,221.0
1726,02/12/2025,12:44,,17,Salón,Efectivo,190.0
1727,02/12/2025,14:58,2402,19,Salón,Efectivo,90.0
1728,02/12/2025,18:02,583,5,Salón,Tarjeta,96.0
1729,02/12/2025,13:40,,22,Salón,Plin,190.0
1730,02/12/2025,18:53,2106,2,Delivery propio,Tarjeta,198.0
1731,02/12/2025,14:03,21,7,Salón,Efectivo,203.0
1732,02/12/2025,14:54,5305,18,Salón,Tarjeta,72.0
1733,02/12/2025,19:58,3317,22,Para llevar,Plin,68.0
1734,02/12/2025,14:33,121,17,Salón,Yape,26.0
1735,02/12/2025,14:20,3690,2,Salón,Plin,168.0
1736,02/12/2025,13:04,4653,16,Salón,Yape,93.0
1737,02/12/2025,15:34,5409,17,Para llevar,Tarjeta,178.0
1738,02/12/2025,12:43,2314,16,Salón,Yape,326.0
1739,02/12/2025,20:36,4132,5,Delivery propio,Yape,38.0
1740,02/12/2025,14:28,1550,5,Salón,Efectivo,101.0
1741,02/12/2025,17:24,,18,Salón,Efectivo,100.0
1742,02/12/2025,19:50,3679,5,Para llevar,Tarjeta,64.0
1743,02/12/2025,14:26,3176,20,Salón,Tarjeta,191.0
1744,03/12/2025,12:11,556,18,Para llevar,Yape,30.0
1745,03/12/2025,19:08,4772,17,Delivery propio,Yape,118.0
1746,03/12/2025,14:34,3249,18,Salón,Efectivo,41.0
1747,03/12/2025,13:35,3249,24,Delivery propio,Yape,72.0
1748,03/12/2025,17:34,3598,19,Salón,Efectivo,71.0
1749,03/12/2025,20:28,,2,Salón,Tarjeta,266.0
1750,03/12/2025,14:48,3180,20,Salón,Yape,100.0
1751,03/12/2025,19:25,4479,19,Delivery propio,Efectivo,35.0
1752,03/12/2025,12:01,,24,Salón,Efectivo,118.0
1753,03/12/2025,13:33,691,19,Delivery propio,Yape,44.0
1754,03/12/2025,14:36,1695,18,Salón,Efectivo,49.0
1755,03/12/2025,18:19,3789,3,Delivery propio,Efectivo,48.0
1756,03/12/2025,17:11,2375,5,Salón,Tarjeta,92.0
1757,03/12/2025,15:52,4815,16,Salón,Yape,244.0
1758,03/12/2025,18:56,2640,5,Para llevar,Yape,124.0
1759,03/12/2025,20:13,1005,17,Para llevar,Efectivo,78.0
1760,03/12/2025,14:30,3202,5,Salón,Efectivo,82.0
1761,03/12/2025,11:35,24,3,Para llevar,Plin,108.0
1762,03/12/2025,16:35,4594,24,Salón,Yape,50.0
1763,03/12/2025,15:01,303,18,Salón,Yape,30.0
1764,03/12/2025,12:17,4560,7,Salón,Efectivo,68.0
1765,04/12/2025,14:27,,18,Salón,Yape,69.0
1766,04/12/2025,12:16,1004,19,Salón,Yape,128.0
1767,04/12/2025,11:50,,18,Para llevar,Yape,140.0
1768,04/12/2025,11:24,4289,20,Para llevar,Efectivo,132.0
1769,04/12/2025,11:02,2372,18,Salón,Tarjeta,126.0
1770,04/12/2025,16:01,1583,20,Salón,Yape,46.0
1771,04/12/2025,11:05,3697,17,Salón,Efectivo,82.0
1772,04/12/2025,12:45,4629,20,Salón,Plin,128.0
1773,04/12/2025,15:49,4908,16,Salón,Yape,106.0
1774,04/12/2025,20:15,2220,17,Salón,Yape,160.0
1775,04/12/2025,20:38,4479,17,Salón,Efectivo,116.0
1776,04/12/2025,18:58,386,18,Salón,Efectivo,104.0
1777,04/12/2025,13:10,,3,Salón,Efectivo,66.0
1778,04/12/2025,20:01,4881,16,Delivery propio,Tarjeta,66.0
1779,04/12/2025,15:40,4639,17,Para llevar,Yape,217.0
1780,04/12/2025,15:13,322,18,Para llevar,Yape,101.0
1781,04/12/2025,18:01,3641,17,Salón,Yape,322.0
1782,04/12/2025,18:24,,19,Salón,Efectivo,160.0
1783,04/12/2025,20:37,3575,24,Salón,Yape,138.0
1784,04/12/2025,13:09,661,17,Salón,Efectivo,182.0
1785,04/12/2025,19:43,3904,3,Delivery propio,Yape,156.0
1786,04/12/2025,12:35,2036,3,Para llevar,Tarjeta,108.0
1787,04/12/2025,13:54,1209,24,Salón,Efectivo,122.0
1788,05/12/2025,13:26,1867,19,Salón,Plin,102.0
1789,05/12/2025,15:21,2904,17,Delivery propio,Efectivo,175.0
1790,05/12/2025,15:31,2288,19,Para llevar,Efectivo,16.0
1791,05/12/2025,19:10,,20,Salón,Yape,48.0
1792,05/12/2025,19:43,1232,2,Salón,Tarjeta,68.0
1793,05/12/2025,20:55,1170,5,Para llevar,Tarjeta,156.0
1794,05/12/2025,11:03,765,19,Delivery propio,Efectivo,124.0
1795,05/12/2025,13:21,3635,3,Salón,Tarjeta,176.0
1796,05/12/2025,15:00,,24,Salón,Efectivo,164.0
1797,05/12/2025,14:10,2912,2,Delivery propio,Plin,94.0
1798,05/12/2025,15:19,1730,7,Salón,Yape,90.0
1799,05/12/2025,19:39,3027,22,Salón,Efectivo,59.0
1800,05/12/2025,18:49,,17,Salón,Yape,127.0
1801,05/12/2025,12:34,3695,3,Salón,Efectivo,151.0
1802,05/12/2025,15:49,4118,20,Salón,Efectivo,39.0
1803,05/12/2025,11:22,,2,Salón,Tarjeta,138.0
1804,05/12/2025,11:51,1570,19,Salón,Plin,69.0
1805,05/12/2025,14:23,5445,18,Salón,Yape,196.0
1806,05/12/2025,14:19,3293,22,Para llevar,Efectivo,218.0
1807,05/12/2025,15:26,11,16,Salón,Efectivo,105.0
1808,05/12/2025,12:51,2971,19,Para llevar,Plin,90.0
1809,05/12/2025,20:58,2749,19,Salón,Plin,117.0
1810,05/12/2025,12:22,4389,2,Para llevar,Yape,248.0
1811,05/12/2025,15:05,2137,18,Salón,Efectivo,64.0
1812,05/12/2025,15:29,3302,2,Salón,Yape,198.0
1813,05/12/2025,19:44,2644,16,Salón,Yape,70.0
1814,06/12/2025,14:15,4752,16,Salón,Efectivo,69.0
1815,06/12/2025,19:06,,22,Salón,Yape,58.0
1816,06/12/2025,12:58,4875,18,Salón,Plin,42.0
1817,06/12/2025,14:45,5015,20,Salón,Yape,222.0
1818,06/12/2025,12:56,4764,18,Salón,Yape,76.0
1819,06/12/2025,18:34,3175,17,Salón,Tarjeta,170.0
1820,06/12/2025,18:39,2897,24,Salón,Efectivo,174.0
1821,06/12/2025,13:22,788,2,Salón,Plin,46.0
1822,06/12/2025,20:13,592,7,Salón,Yape,108.0
1823,06/12/2025,14:50,4746,16,Salón,Yape,58.0
1824,06/12/2025,14:50,303,5,Salón,Yape,100.0
1825,06/12/2025,12:17,2530,5,Para llevar,Yape,126.0
1826,06/12/2025,15:46,650,17,Para llevar,Tarjeta,201.0
1827,06/12/2025,13:55,2257,19,Para llevar,Tarjeta,156.0
1828,06/12/2025,20:17,3575,5,Salón,Plin,36.0
1829,06/12/2025,19:54,3271,17,Salón,Yape,244.0
1830,06/12/2025,17:13,252,19,Delivery propio,Yape,153.0
1831,06/12/2025,18:08,302,3,Salón,Efectivo,139.0
1832,06/12/2025,18:04,2974,5,Para llevar,Plin,206.0
1833,06/12/2025,14:42,4679,20,Para llevar,Efectivo,200.0
1834,06/12/2025,12:46,1232,16,Salón,Tarjeta,42.0
1835,06/12/2025,12:54,3526,24,Para llevar,Efectivo,74.0
1836,06/12/2025,14:46,2183,7,Para llevar,Yape,212.0
1837,06/12/2025,12:15,2466,16,Delivery propio,Yape,54.0
1838,06/12/2025,19:21,4834,19,Salón,Efectivo,38.0
1839,06/12/2025,11:08,2707,7,Delivery propio,Efectivo,130.0
1840,06/12/2025,13:19,2388,3,Salón,Plin,26.0
1841,06/12/2025,21:20,490,5,Para llevar,Yape,80.0
1842,06/12/2025,15:14,,20,Salón,Efectivo,56.0
1843,06/12/2025,13:55,676,20,Salón,Efectivo,110.0
1844,06/12/2025,12:16,4067,2,Salón,Tarjeta,146.0
1845,06/12/2025,19:37,3668,24,Salón,Yape,84.0
1846,06/12/2025,11:27,1865,2,Salón,Yape,206.0
1847,06/12/2025,20:32,5034,16,Salón,Efectivo,144.0
1848,06/12/2025,11:31,3737,3,Salón,Tarjeta,140.0
1849,06/12/2025,11:19,4331,22,Delivery propio,Yape,80.0
1850,06/12/2025,15:31,,2,Para llevar,Tarjeta,118.0
1851,06/12/2025,20:43,2774,22,Para llevar,Tarjeta,126.0
1852,06/12/2025,13:06,4768,2,Salón,Efectivo,34.0
1853,06/12/2025,18:58,2141,3,Para llevar,Plin,180.0
1854,06/12/2025,14:30,5307,22,Salón,Efectivo,225.0
1855,06/12/2025,14:40,2514,5,Salón,Yape,72.0
1856,06/12/2025,19:45,4945,19,Para llevar,Plin,54.0
1857,06/12/2025,13:05,1549,2,Para llevar,Yape,80.0
1858,07/12/2025,18:07,4864,18,Salón,Efectivo,149.0
1859,07/12/2025,20:01,1452,7,Para llevar,Efectivo,158.0
1860,07/12/2025,15:10,3645,17,Salón,Efectivo,167.0
1861,07/12/2025,16:58,3596,18,Salón,Yape,54.0
1862,07/12/2025,16:13,,22,Salón,Plin,102.0
1863,07/12/2025,12:29,2832,19,Delivery propio,Yape,38.0
1864,07/12/2025,20:17,1319,3,Delivery propio,Efectivo,124.0
1865,07/12/2025,14:27,5256,2,Salón,Yape,66.0
1866,07/12/2025,12:20,1179,7,Para llevar,Efectivo,111.0
1867,07/12/2025,18:56,2993,7,Salón,Yape,216.0
1868,07/12/2025,11:40,1174,17,Delivery propio,Tarjeta,154.0
1869,07/12/2025,13:54,240,20,Salón,Efectivo,234.0
1870,07/12/2025,13:55,3933,24,Salón,Yape,114.0
1871,07/12/2025,11:28,2740,20,Salón,Efectivo,26.0
1872,07/12/2025,14:39,,16,Para llevar,Efectivo,70.0
1873,07/12/2025,15:25,877,18,Para llevar,Tarjeta,121.0
1874,07/12/2025,15:58,381,24,Para llevar,Yape,130.0
1875,07/12/2025,15:46,335,17,Salón,Yape,174.0
1876,07/12/2025,18:08,2016,16,Para llevar,Tarjeta,143.0
1877,07/12/2025,12:56,2029,3,Delivery propio,Tarjeta,132.0
1878,07/12/2025,13:20,4058,17,Salón,Tarjeta,70.0
1879,07/12/2025,13:52,4987,22,Salón,Plin,254.0
1880,07/12/2025,13:12,3460,18,Para llevar,Efectivo,84.0
1881,07/12/2025,20:17,3616,24,Para llevar,Efectivo,115.0
1882,07/12/2025,14:48,1856,17,Delivery propio,Plin,163.0
1883,07/12/2025,13:40,1151,7,Salón,Yape,74.0
1884,07/12/2025,15:42,3520,24,Salón,Plin,56.0
1885,07/12/2025,20:06,5294,16,Salón,Yape,109.0
1886,07/12/2025,12:42,187,3,Salón,Yape,60.0
1887,07/12/2025,12:31,5183,20,Salón,Tarjeta,142.0
1888,07/12/2025,13:51,1755,3,Para llevar,Efectivo,36.0
1889,07/12/2025,17:47,,5,Salón,Yape,188.0
1890,07/12/2025,15:51,1489,19,Para llevar,Plin,111.0
1891,07/12/2025,15:27,3970,5,Salón,Efectivo,172.0
1892,07/12/2025,14:47,,7,Delivery propio,Tarjeta,9.0
1893,07/12/2025,13:06,4205,19,Salón,Efectivo,98.0
1894,07/12/2025,15:59,1662,20,Delivery propio,Efectivo,78.0
1895,07/12/2025,19:42,244,7,Salón,Efectivo,108.0
1896,07/12/2025,16:47,3772,18,Salón,Efectivo,112.0
1897,07/12/2025,13:48,2612,24,Para llevar,Yape,198.0
1898,07/12/2025,12:24,5303,17,Para llevar,Yape,58.0
1899,07/12/2025,18:11,,19,Para llevar,Plin,102.0
1900,07/12/2025,19:40,2900,5,Salón,Efectivo,116.0
1901,07/12/2025,17:29,4691,2,Delivery propio,Efectivo,36.0
1902,07/12/2025,16:19,2218,17,Delivery propio,Yape,76.0
1903,07/12/2025,14:26,429,2,Para llevar,Tarjeta,109.0
1904,07/12/2025,15:29,4825,3,Delivery propio,Efectivo,40.0
1905,07/12/2025,16:58,,16,Salón,Yape,248.0
1906,07/12/2025,19:25,53,17,Salón,Yape,122.0
1907,07/12/2025,11:07,653,22,Salón,Tarjeta,126.0
1908,07/12/2025,14:50,2299,3,Salón,Yape,208.0
1909,07/12/2025,11:24,2819,18,Salón,Yape,112.0
1910,07/12/2025,14:23,2552,5,Salón,Yape,125.0
1911,07/12/2025,12:12,2340,19,Para llevar,Tarjeta,78.0
1912,07/12/2025,12:41,4214,2,Salón,Plin,90.0
1913,08/12/2025,15:59,1446,24,Salón,Plin,24.0
1914,08/12/2025,12:47,1940,20,Salón,Tarjeta,10.0
1915,08/12/2025,19:27,1760,17,Salón,Efectivo,146.0
1916,08/12/2025,20:48,129,7,Salón,Yape,96.0
1917,08/12/2025,13:11,4711,24,Para llevar,Efectivo,56.0
1918,08/12/2025,11:59,3734,20,Salón,Yape,143.0
1919,08/12/2025,20:30,4205,17,Delivery propio,Tarjeta,46.0
1920,08/12/2025,17:13,1297,3,Salón,Tarjeta,84.0
1921,08/12/2025,14:58,1600,7,Salón,Yape,128.0
1922,08/12/2025,18:31,802,7,Salón,Plin,86.0
1923,08/12/2025,20:12,1453,19,Delivery propio,Plin,176.0
1924,08/12/2025,18:41,4282,17,Delivery propio,Yape,88.0
1925,08/12/2025,20:15,2423,5,Salón,Efectivo,153.0
1926,08/12/2025,14:16,1901,2,Salón,Yape,210.0
1927,08/12/2025,19:52,4569,19,Salón,Efectivo,169.0
1928,08/12/2025,17:28,2976,2,Salón,Efectivo,68.0
1929,08/12/2025,11:47,1529,20,Salón,Plin,80.0
1930,08/12/2025,20:17,3091,16,Salón,Tarjeta,86.0
1931,08/12/2025,20:51,324,24,Salón,Efectivo,126.0
1932,08/12/2025,20:11,5498,3,Para llevar,Efectivo,141.0
1933,08/12/2025,14:00,5470,16,Delivery propio,Efectivo,122.0
1934,08/12/2025,17:57,877,17,Salón,Yape,140.0
1935,08/12/2025,21:00,4065,18,Salón,Yape,185.0
1936,08/12/2025,12:01,,5,Delivery propio,Efectivo,38.0
1937,08/12/2025,14:01,604,22,Para llevar,Tarjeta,162.0
1938,08/12/2025,13:05,4979,2,Delivery propio,Yape,100.0
1939,08/12/2025,19:38,,24,Salón,Yape,148.0
1940,08/12/2025,18:19,3472,22,Salón,Tarjeta,151.0
1941,08/12/2025,14:35,2836,5,Delivery propio,Tarjeta,124.0
1942,09/12/2025,14:30,1796,18,Salón,Yape,230.0
1943,09/12/2025,11:09,4366,2,Salón,Tarjeta,155.0
1944,09/12/2025,19:55,1838,20,Salón,Yape,76.0
1945,09/12/2025,17:28,4044,7,Para llevar,Plin,76.0
1946,09/12/2025,11:33,534,22,Salón,Yape,108.0
1947,09/12/2025,13:25,112,24,Salón,Plin,146.0
1948,09/12/2025,14:50,584,3,Delivery propio,Tarjeta,360.0
1949,09/12/2025,16:27,2292,22,Salón,Tarjeta,135.0
1950,09/12/2025,21:14,5455,19,Delivery propio,Tarjeta,132.0
1951,09/12/2025,12:34,693,16,Salón,Tarjeta,238.0
1952,09/12/2025,15:01,2904,16,Delivery propio,Efectivo,150.0
1953,09/12/2025,13:12,5012,3,Salón,Tarjeta,108.0
1954,09/12/2025,13:04,5427,3,Salón,Tarjeta,54.0
1955,09/12/2025,13:37,4711,19,Salón,Tarjeta,114.0
1956,09/12/2025,19:59,478,5,Para llevar,Efectivo,170.0
1957,09/12/2025,17:29,1524,16,Salón,Tarjeta,371.0
1958,09/12/2025,13:49,5249,20,Delivery propio,Efectivo,158.0
1959,09/12/2025,20:28,,5,Salón,Efectivo,142.0
1960,09/12/2025,15:48,5218,16,Para llevar,Yape,113.0
1961,09/12/2025,20:10,721,5,Delivery propio,Efectivo,208.0
1962,09/12/2025,15:16,3082,3,Delivery propio,Yape,132.0
1963,09/12/2025,12:02,3696,17,Salón,Efectivo,46.0
1964,09/12/2025,17:43,,20,Salón,Tarjeta,156.0
1965,09/12/2025,19:55,877,24,Para llevar,Tarjeta,74.0
1966,10/12/2025,20:50,3704,2,Delivery propio,Yape,152.0
1967,10/12/2025,13:22,4780,17,Salón,Efectivo,150.0
1968,10/12/2025,13:49,5207,7,Salón,Tarjeta,210.0
1969,10/12/2025,14:10,2709,24,Salón,Efectivo,176.0
1970,10/12/2025,14:14,3678,20,Salón,Tarjeta,106.0
1971,10/12/2025,12:04,3545,2,Delivery propio,Yape,182.0
1972,10/12/2025,12:42,3726,19,Delivery propio,Efectivo,104.0
1973,10/12/2025,19:15,4121,19,Salón,Yape,203.0
1974,10/12/2025,13:32,3833,20,Salón,Yape,140.0
1975,10/12/2025,16:47,3138,16,Salón,Yape,50.0
1976,10/12/2025,11:09,2315,16,Salón,Efectivo,120.0
1977,10/12/2025,18:36,3603,22,Delivery propio,Efectivo,138.0
1978,10/12/2025,19:54,5082,7,Para llevar,Plin,191.0
1979,10/12/2025,11:36,,5,Salón,Plin,70.0
1980,10/12/2025,19:42,3029,22,Para llevar,Yape,24.0
1981,10/12/2025,13:26,5159,16,Salón,Yape,279.0
1982,10/12/2025,11:13,281,3,Delivery propio,Efectivo,46.0
1983,10/12/2025,15:48,4038,5,Delivery propio,Efectivo,94.0
1984,10/12/2025,11:30,4436,17,Salón,Efectivo,110.0
1985,10/12/2025,16:49,3136,19,Salón,Tarjeta,120.0
1986,10/12/2025,12:09,334,20,Salón,Yape,89.0
1987,10/12/2025,12:25,,18,Para llevar,Efectivo,58.0
1988,10/12/2025,20:32,786,20,Salón,Efectivo,102.0
1989,10/12/2025,19:51,,19,Salón,Yape,163.0
1990,10/12/2025,12:19,1906,20,Salón,Tarjeta,30.0
1991,10/12/2025,12:11,4466,19,Salón,Tarjeta,108.0
1992,11/12/2025,18:02,3461,24,Salón,Yape,206.0
1993,11/12/2025,15:51,587,20,Delivery propio,Efectivo,114.0
1994,Ayer,12:16,5099,5,Salón,Efectivo,50.0
1995,11/12/2025,16:26,3605,3,Delivery propio,Plin,38.0
1996,11/12/2025,13:38,3757,22,Para llevar,Plin,74.0
1997,11/12/2025,13:54,4299,20,Salón,Efectivo,96.0
1998,11/12/2025,14:33,1408,5,Salón,Yape,42.0
1999,11/12/2025,14:16,1562,18,Salón,Efectivo,134.0
2000,11/12/2025,18:31,2766,5,Salón,Efectivo,116.0
2001,11/12/2025,19:46,5446,2,Salón,Yape,138.0
2002,11/12/2025,13:17,3205,19,Salón,Tarjeta,166.0
2003,11/12/2025,20:14,2757,22,Para llevar,Yape,34.0
2004,11/12/2025,18:30,1632,7,Para llevar,Efectivo,166.0
2005,11/12/2025,19:48,2527,18,Salón,Efectivo,90.0
2006,11/12/2025,17:39,3184,2,Salón,Yape,122.0
2007,11/12/2025,12:58,3326,17,Salón,Efectivo,49.0
2008,11/12/2025,21:25,1652,17,Salón,Efectivo,59.0
2009,11/12/2025,13:33,3140,20,Salón,Tarjeta,142.0
2010,11/12/2025,12:50,3036,20,Salón,Plin,168.0
2011,11/12/2025,19:02,5478,18,Salón,Efectivo,36.0
2012,11/12/2025,13:48,3641,7,Salón,Yape,78.0
2013,11/12/2025,19:59,495,19,Para llevar,Tarjeta,72.0
2014,11/12/2025,14:19,2220,3,Delivery propio,Tarjeta,18.0
2015,11/12/2025,14:18,790,22,Salón,Yape,168.0
2016,11/12/2025,12:54,607,16,Para llevar,Tarjeta,166.0
2017,11/12/2025,14:26,2349,3,Para llevar,Efectivo,170.0
2018,11/12/2025,11:32,1008,24,Salón,Yape,38.0
2019,11/12/2025,14:48,,5,Salón,Yape,134.0
2020,11/12/2025,15:56,,7,Para llevar,Yape,108.0
2021,12/12/2025,13:19,,2,Salón,Yape,124.0
2022,12/12/2025,19:08,3451,20,Delivery propio,Tarjeta,94.0
2023,12/12/2025,11:54,5455,7,Salón,Plin,157.0
2024,12/12/2025,13:33,1500,24,Salón,Yape,128.0
2025,12/12/2025,18:14,4735,16,Delivery propio,Yape,34.0
2026,12/12/2025,15:12,4271,19,Salón,Plin,204.0
2027,12/12/2025,17:51,2574,18,Para llevar,Efectivo,144.0
2028,12/12/2025,14:22,,17,Salón,Efectivo,114.0
2029,12/12/2025,11:10,4684,5,Salón,Tarjeta,174.0
2030,12/12/2025,18:30,3259,24,Salón,Efectivo,123.0
2031,12/12/2025,14:09,612,17,Para llevar,Yape,96.0
2032,12/12/2025,20:11,5337,3,Delivery propio,Efectivo,62.0
2033,12/12/2025,12:08,945,20,Salón,Efectivo,180.0
2034,12/12/2025,18:33,4766,22,Salón,Efectivo,203.0
2035,12/12/2025,12:37,4973,18,Salón,Efectivo,60.0
2036,12/12/2025,19:23,1476,20,Salón,Yape,30.0
2037,12/12/2025,12:19,1201,18,Salón,Efectivo,36.0
2038,12/12/2025,14:54,5043,24,Salón,Efectivo,102.0
2039,12/12/2025,20:51,4174,2,Delivery propio,Yape,121.0
2040,12/12/2025,11:01,3942,7,Salón,Efectivo,58.0
2041,12/12/2025,14:42,1989,20,Salón,Efectivo,268.0
2042,12/12/2025,16:45,2151,7,Salón,Yape,100.0
2043,13/12/2025,12:00,4825,22,Para llevar,Tarjeta,174.0
2044,13/12/2025,20:47,4392,3,Salón,Efectivo,66.0
2045,13/12/2025,19:55,769,3,Salón,Yape,97.0
2046,13/12/2025,19:14,,5,Salón,Tarjeta,88.0
2047,13/12/2025,13:30,2489,5,Salón,Yape,192.0
2048,13/12/2025,13:18,,16,Salón,Tarjeta,69.0
2049,13/12/2025,17:30,1601,5,Salón,Yape,32.0
2050,13/12/2025,11:27,2712,2,Delivery propio,Tarjeta,181.0
2051,13/12/2025,19:01,2340,22,Para llevar,Tarjeta,118.0
2052,13/12/2025,12:20,,19,Salón,Plin,82.0
2053,13/12/2025,14:11,3752,3,Para llevar,Efectivo,86.0
2054,13/12/2025,16:38,1910,17,Para llevar,Yape,55.0
2055,13/12/2025,13:51,5178,2,Salón,Yape,133.0
2056,13/12/2025,11:48,4722,24,Salón,Efectivo,70.0
2057,13/12/2025,14:17,4508,24,Salón,Efectivo,220.0
2058,13/12/2025,20:41,,17,Para llevar,Yape,134.0
2059,13/12/2025,13:05,240,16,Salón,Yape,153.0
2060,13/12/2025,11:49,158,17,Salón,Efectivo,216.0
2061,13/12/2025,11:52,4744,17,Salón,Efectivo,140.0
2062,13/12/2025,19:09,4975,22,Para llevar,Plin,124.0
2063,13/12/2025,14:01,4537,16,Salón,Tarjeta,91.0
2064,Ayer,14:51,1539,3,Salón,Efectivo,60.0
2065,13/12/2025,12:17,5224,19,Delivery propio,Tarjeta,156.0
2066,13/12/2025,12:47,1853,18,Delivery propio,Yape,160.0
2067,13/12/2025,19:16,3405,5,Para llevar,Efectivo,170.0
2068,13/12/2025,19:06,3290,2,Delivery propio,Yape,180.0
2069,13/12/2025,20:34,1556,2,Delivery propio,Efectivo,116.0
2070,13/12/2025,14:31,,7,Salón,Yape,185.0
2071,13/12/2025,16:47,,2,Salón,Efectivo,68.0
2072,13/12/2025,14:51,272,3,Para llevar,Efectivo,238.0
2073,13/12/2025,13:12,,5,Delivery propio,Efectivo,120.0
2074,13/12/2025,15:47,1924,20,Delivery propio,Yape,128.0
2075,13/12/2025,13:30,4948,24,Salón,Tarjeta,184.0
2076,13/12/2025,11:16,4509,20,Salón,Tarjeta,177.0
2077,13/12/2025,15:36,4642,3,Salón,Efectivo,176.0
2078,13/12/2025,14:00,4479,19,Delivery propio,Yape,158.0
2079,13/12/2025,21:01,,3,Salón,Yape,127.0
2080,13/12/2025,13:17,2754,5,Salón,Efectivo,84.0
2081,14/12/2025,12:10,1636,22,Delivery propio,Tarjeta,180.0
2082,14/12/2025,14:40,3631,16,Salón,Tarjeta,90.0
2083,14/12/2025,12:53,492,5,Salón,Efectivo,100.0
2084,14/12/2025,20:07,1166,19,Para llevar,Tarjeta,164.0
2085,14/12/2025,13:45,1885,22,Para llevar,Tarjeta,186.0
2086,14/12/2025,15:28,5138,16,Delivery propio,Tarjeta,81.0
2087,14/12/2025,16:55,627,20,Para llevar,Efectivo,96.0
2088,14/12/2025,20:39,3495,19,Para llevar,Efectivo,94.0
2089,14/12/2025,15:14,5140,2,Para llevar,Efectivo,125.0
2090,14/12/2025,12:57,370,22,Salón,Plin,126.0
2091,14/12/2025,19:04,1793,18,Salón,Efectivo,16.0
2092,14/12/2025,13:18,4940,24,Delivery propio,Plin,136.0
2093,14/12/2025,14:00,3866,16,Para llevar,Tarjeta,146.0
2094,14/12/2025,12:56,2776,24,Delivery propio,Efectivo,88.0
2095,14/12/2025,17:24,4006,20,Delivery propio,Plin,178.0
2096,14/12/2025,20:54,2680,7,Salón,Tarjeta,34.0
2097,14/12/2025,19:18,3631,20,Para llevar,Tarjeta,94.0
2098,14/12/2025,13:10,79,3,Salón,Tarjeta,61.0
2099,14/12/2025,17:16,,3,Salón,Yape,282.0
2100,14/12/2025,13:42,2056,22,Salón,Plin,62.0
2101,14/12/2025,13:37,3296,20,Salón,Tarjeta,128.0
2102,14/12/2025,19:51,2470,20,Salón,Yape,180.0
2103,14/12/2025,19:40,1214,2,Salón,Yape,60.0
2104,14/12/2025,21:19,1875,17,Salón,Efectivo,125.0
2105,14/12/2025,15:36,335,18,Delivery propio,Efectivo,18.0
2106,14/12/2025,11:24,,19,Delivery propio,Efectivo,36.0
2107,14/12/2025,20:32,3866,20,Delivery propio,Yape,46.0
2108,14/12/2025,12:21,688,24,Salón,Plin,200.0
2109,14/12/2025,13:40,2293,24,Salón,Plin,158.0
2110,14/12/2025,18:53,75,22,Salón,Efectivo,116.0
2111,14/12/2025,21:47,578,17,Salón,Yape,120.0
2112,14/12/2025,15:16,5255,5,Delivery propio,Efectivo,283.0
2113,14/12/2025,15:14,1770,7,Salón,Efectivo,30.0
2114,14/12/2025,13:05,1667,17,Salón,Efectivo,114.0
2115,14/12/2025,14:08,3949,24,Salón,Efectivo,120.0
2116,15/12/2025,13:53,441,16,Salón,Tarjeta,145.0
2117,15/12/2025,19:41,4961,3,Salón,Yape,273.0
2118,15/12/2025,13:30,3972,20,Delivery propio,Efectivo,34.0
2119,15/12/2025,14:55,2578,17,Para llevar,Plin,84.0
2120,15/12/2025,14:35,1047,17,Salón,Efectivo,28.0
2121,15/12/2025,20:30,3210,20,Delivery propio,Efectivo,252.0
2122,15/12/2025,14:03,3623,19,Salón,Tarjeta,62.0
2123,15/12/2025,14:16,2838,22,Salón,Plin,10.0
2124,15/12/2025,18:04,3933,2,Salón,Tarjeta,62.0
2125,15/12/2025,13:21,,17,Salón,Tarjeta,10.0
2126,15/12/2025,11:31,1789,17,Salón,Efectivo,196.0
2127,15/12/2025,17:42,4007,22,Salón,Plin,206.0
2128,15/12/2025,12:13,,19,Salón,Efectivo,91.0
2129,15/12/2025,16:09,1909,24,Para llevar,Efectivo,57.0
2130,15/12/2025,14:47,3008,18,Salón,Efectivo,200.0
2131,15/12/2025,19:52,2311,2,Salón,Tarjeta,84.0
2132,15/12/2025,20:55,4289,2,Para llevar,Efectivo,58.0
2133,15/12/2025,15:28,4413,3,Salón,Yape,72.0
2134,15/12/2025,13:06,3573,20,Para llevar,Yape,94.0
2135,15/12/2025,13:10,3838,20,Salón,Efectivo,32.0
2136,15/12/2025,21:32,2399,5,Para llevar,Plin,16.0
2137,15/12/2025,19:25,4837,16,Para llevar,Efectivo,84.0
2138,15/12/2025,13:01,3394,16,Delivery propio,Efectivo,112.0
2139,15/12/2025,19:54,2388,16,Para llevar,Efectivo,69.0
2140,15/12/2025,12:52,3358,16,Salón,Plin,134.0
2141,15/12/2025,18:06,5002,20,Salón,Yape,137.0
2142,15/12/2025,12:11,4624,16,Salón,Tarjeta,20.0
2143,15/12/2025,13:37,2014,18,Salón,Yape,52.0
2144,16/12/2025,11:12,3346,18,Para llevar,Plin,227.0
2145,16/12/2025,13:42,,2,Delivery propio,Plin,16.0
2146,16/12/2025,21:19,3437,19,Salón,Yape,246.0
2147,16/12/2025,15:43,1170,17,Para llevar,Efectivo,102.0
2148,16/12/2025,13:29,1696,5,Salón,Efectivo,152.0
2149,Ayer,11:52,4918,5,Salón,Efectivo,52.0
2150,16/12/2025,14:03,4088,19,Para llevar,Yape,246.0
2151,16/12/2025,16:03,3048,3,Para llevar,Tarjeta,221.0
2152,16/12/2025,20:13,2341,7,Salón,Yape,202.0
2153,16/12/2025,21:46,5165,16,Salón,Tarjeta,86.0
2154,16/12/2025,14:49,81,19,Para llevar,Yape,196.0
2155,16/12/2025,16:15,496,24,Salón,Efectivo,224.0
2156,16/12/2025,14:56,,5,Para llevar,Tarjeta,146.0
2157,16/12/2025,12:41,,7,Salón,Efectivo,52.0
2158,16/12/2025,20:51,3951,22,Para llevar,Efectivo,93.0
2159,16/12/2025,14:00,259,3,Para llevar,Efectivo,182.0
2160,16/12/2025,13:10,4199,19,Para llevar,Efectivo,151.0
2161,16/12/2025,19:13,2701,19,Para llevar,Tarjeta,100.0
2162,17/12/2025,12:36,1492,19,Salón,Plin,170.0
2163,17/12/2025,19:16,,7,Delivery propio,Tarjeta,110.0
2164,17/12/2025,14:43,352,5,Salón,Yape,106.0
2165,17/12/2025,11:16,4004,22,Salón,Plin,202.0
2166,17/12/2025,14:32,5107,17,Salón,Efectivo,30.0
2167,17/12/2025,12:42,5184,19,Salón,Yape,195.0
2168,17/12/2025,11:14,,2,Delivery propio,Yape,53.0
2169,17/12/2025,18:05,130,24,Salón,Tarjeta,74.0
2170,No se sabe,13:22,4638,20,Para llevar,Efectivo,116.0
2171,17/12/2025,19:25,4677,19,Delivery propio,Efectivo,276.0
2172,17/12/2025,16:18,3142,17,Salón,Efectivo,162.0
2173,17/12/2025,13:32,218,18,Salón,Efectivo,243.0
2174,17/12/2025,20:36,4684,3,Salón,Tarjeta,72.0
2175,17/12/2025,20:14,1222,20,Salón,Yape,88.0
2176,17/12/2025,16:39,52,22,Delivery propio,Efectivo,22.0
2177,17/12/2025,14:55,357,22,Salón,Yape,38.0
2178,17/12/2025,15:59,2852,19,Delivery propio,Yape,104.0
2179,17/12/2025,13:59,1550,5,Para llevar,Efectivo,34.0
2180,17/12/2025,13:00,4479,3,Para llevar,Efectivo,116.0
2181,18/12/2025,20:05,2136,20,Salón,Yape,84.0
2182,18/12/2025,13:23,4953,16,Salón,Yape,149.0
2183,18/12/2025,14:09,1815,16,Salón,Yape,162.0
2184,18/12/2025,19:08,669,7,Delivery propio,Yape,37.0
2185,18/12/2025,13:38,1042,5,Para llevar,Yape,50.0
2186,18/12/2025,20:59,568,17,Para llevar,Tarjeta,247.0
2187,18/12/2025,16:53,2279,7,Salón,Tarjeta,56.0
2188,18/12/2025,14:59,2756,18,Para llevar,Yape,84.0
2189,18/12/2025,14:53,3757,17,Salón,Plin,135.0
2190,18/12/2025,14:08,1359,5,Para llevar,Yape,118.0
2191,18/12/2025,13:32,2396,7,Salón,Yape,146.0
2192,18/12/2025,19:52,1780,5,Salón,Tarjeta,44.0
2193,18/12/2025,13:34,3774,19,Salón,Yape,204.0
2194,18/12/2025,12:43,3599,17,Salón,Tarjeta,200.0
2195,18/12/2025,18:07,4273,20,Salón,Efectivo,121.0
2196,18/12/2025,20:12,1696,20,Delivery propio,Tarjeta,210.0
2197,18/12/2025,14:59,429,17,Salón,Yape,45.0
2198,18/12/2025,11:36,877,5,Salón,Efectivo,101.0
2199,18/12/2025,19:00,4779,17,Salón,Tarjeta,54.0
2200,18/12/2025,20:37,3025,20,Para llevar,Efectivo,114.0
2201,19/12/2025,18:25,3442,5,Salón,Plin,56.0
2202,19/12/2025,18:18,693,17,Delivery propio,Yape,62.0
2203,19/12/2025,15:13,3267,18,Salón,Efectivo,77.0
2204,19/12/2025,13:40,451,20,Delivery propio,Yape,226.0
2205,19/12/2025,16:19,832,2,Salón,Yape,228.0
2206,19/12/2025,12:42,3053,18,Delivery propio,Tarjeta,134.0
2207,19/12/2025,19:50,564,3,Salón,Efectivo,138.0
2208,19/12/2025,15:44,566,5,Salón,Yape,52.0
2209,19/12/2025,17:57,567,22,Para llevar,Tarjeta,211.0
2210,19/12/2025,13:20,1086,3,Salón,Tarjeta,68.0
2211,19/12/2025,15:04,899,5,Salón,Efectivo,86.0
2212,19/12/2025,18:09,,24,Salón,Tarjeta,72.0
2213,19/12/2025,14:27,2100,17,Delivery propio,Tarjeta,216.0
2214,19/12/2025,12:41,1178,17,Delivery propio,Efectivo,66.0
2215,19/12/2025,11:01,1591,19,Para llevar,Efectivo,82.0
2216,19/12/2025,12:08,3411,20,Delivery propio,Yape,58.0
2217,19/12/2025,12:06,4596,24,Salón,Yape,156.0
2218,19/12/2025,14:37,1992,5,Salón,Yape,167.0
2219,19/12/2025,18:10,3200,19,Salón,Tarjeta,248.0
2220,19/12/2025,11:27,4852,18,Para llevar,Efectivo,72.0
2221,19/12/2025,13:36,2232,3,Delivery propio,Plin,221.0
2222,19/12/2025,13:19,2836,20,Salón,Tarjeta,56.0
2223,19/12/2025,15:42,3371,7,Salón,Yape,18.0
2224,19/12/2025,18:35,193,16,Para llevar,Tarjeta,28.0
2225,19/12/2025,20:04,645,2,Para llevar,Efectivo,144.0
2226,19/12/2025,14:04,5352,19,Salón,Efectivo,86.0
2227,19/12/2025,18:10,1148,24,Para llevar,Efectivo,179.0
2228,19/12/2025,14:51,3451,3,Para llevar,Yape,107.0
2229,19/12/2025,14:15,4012,5,Salón,Efectivo,76.0
2230,20/12/2025,19:12,2220,7,Salón,Yape,142.0
2231,20/12/2025,13:04,807,2,Salón,Plin,110.0
2232,20/12/2025,18:54,,18,Para llevar,Efectivo,145.0
2233,20/12/2025,19:38,4689,5,Salón,Tarjeta,116.0
2234,20/12/2025,19:53,3354,3,Salón,Efectivo,229.0
2235,20/12/2025,12:16,,19,Para llevar,Tarjeta,160.0
2236,20/12/2025,19:05,3511,22,Delivery propio,Tarjeta,134.0
2237,20/12/2025,14:25,687,18,Delivery propio,Yape,66.0
2238,20/12/2025,19:42,4344,24,Salón,Efectivo,190.0
2239,20/12/2025,21:38,,16,Salón,Tarjeta,63.0
2240,20/12/2025,17:07,5217,24,Salón,Yape,94.0
2241,20/12/2025,15:04,2108,17,Salón,Yape,210.0
2242,20/12/2025,12:52,273,20,Salón,Tarjeta,76.0
2243,20/12/2025,14:17,660,18,Para llevar,Efectivo,245.0
2244,20/12/2025,20:14,354,24,Delivery propio,Yape,116.0
2245,20/12/2025,18:38,4479,22,Salón,Efectivo,108.0
2246,20/12/2025,19:39,2248,3,Para llevar,Efectivo,205.0
2247,20/12/2025,19:10,1477,17,Salón,Efectivo,8.0
2248,20/12/2025,18:34,3781,19,Delivery propio,Yape,117.0
2249,No se sabe,18:32,4094,7,Delivery propio,Tarjeta,230.0
2250,20/12/2025,18:30,,17,Para llevar,Plin,106.0
2251,20/12/2025,13:28,4890,5,Salón,Yape,252.0
2252,20/12/2025,17:07,2400,2,Salón,Efectivo,82.0
2253,20/12/2025,14:20,4562,24,Para llevar,Tarjeta,146.0
2254,20/12/2025,12:15,5317,18,Para llevar,Yape,38.0
2255,20/12/2025,20:17,550,19,Delivery propio,Plin,95.0
2256,20/12/2025,15:58,5256,2,Salón,Tarjeta,30.0
2257,20/12/2025,17:43,5436,24,Salón,Efectivo,210.0
2258,20/12/2025,12:49,1900,17,Salón,Plin,42.0
2259,20/12/2025,13:15,2987,22,Salón,Yape,111.0
2260,20/12/2025,11:08,614,18,Salón,Yape,118.0
2261,20/12/2025,17:32,2674,22,Para llevar,Efectivo,112.0
2262,20/12/2025,20:42,1609,19,Salón,Plin,106.0
2263,20/12/2025,13:01,4988,7,Delivery propio,Yape,244.0
2264,20/12/2025,20:51,1529,16,Salón,Efectivo,106.0
2265,20/12/2025,13:33,4283,20,Salón,Yape,79.0
2266,20/12/2025,12:19,3071,7,Salón,Plin,58.0
2267,20/12/2025,11:48,4610,5,Salón,Efectivo,112.0
2268,20/12/2025,14:45,2795,2,Para llevar,Efectivo,88.0
2269,20/12/2025,21:54,2093,2,Salón,Efectivo,234.0
2270,20/12/2025,15:57,5016,2,Para llevar,Yape,184.0
2271,20/12/2025,12:35,5485,3,Salón,Yape,112.0
2272,20/12/2025,16:39,761,20,Salón,Tarjeta,138.0
2273,20/12/2025,16:55,2361,17,Salón,Tarjeta,96.0
2274,20/12/2025,12:46,,17,Para llevar,Efectivo,120.0
2275,20/12/2025,14:54,2774,16,Salón,Plin,98.0
2276,20/12/2025,16:43,3201,17,Para llevar,Yape,97.0
2277,20/12/2025,18:58,2790,19,Salón,Yape,106.0
2278,20/12/2025,15:53,,19,Salón,Efectivo,38.0
2279,21/12/2025,14:41,1969,24,Salón,Efectivo,162.0
2280,21/12/2025,17:41,235,5,Para llevar,Plin,94.0
2281,21/12/2025,14:58,1267,5,Delivery propio,Efectivo,6.0
2282,21/12/2025,20:34,2319,2,Salón,Yape,178.0
2283,21/12/2025,11:04,54,2,Salón,Plin,114.0
2284,21/12/2025,17:39,1672,18,Salón,Yape,144.0
2285,21/12/2025,13:39,,18,Para llevar,Efectivo,100.0
2286,21/12/2025,21:18,1096,17,Salón,Tarjeta,141.0
2287,21/12/2025,17:38,4723,5,Salón,Efectivo,232.0
2288,21/12/2025,12:59,753,2,Salón,Yape,110.0
2289,21/12/2025,15:41,4479,2,Para llevar,Efectivo,141.0
2290,21/12/2025,19:18,,17,Salón,Yape,50.0
2291,21/12/2025,15:19,,19,Para llevar,Efectivo,224.0
2292,21/12/2025,13:02,877,19,Salón,Plin,84.0
2293,21/12/2025,13:49,556,3,Salón,Tarjeta,72.0
2294,21/12/2025,12:29,822,16,Salón,Efectivo,210.0
2295,21/12/2025,19:36,3602,16,Salón,Efectivo,114.0
2296,21/12/2025,13:11,5197,5,Para llevar,Yape,84.0
2297,21/12/2025,15:55,,20,Delivery propio,Yape,70.0
2298,21/12/2025,14:17,4033,20,Salón,Yape,90.0
2299,21/12/2025,16:43,,16,Delivery propio,Efectivo,32.0
2300,21/12/2025,18:22,2957,7,Delivery propio,Efectivo,228.0
2301,21/12/2025,13:10,566,16,Salón,Tarjeta,30.0
2302,21/12/2025,13:11,642,2,Salón,Tarjeta,78.0
2303,21/12/2025,13:08,776,3,Para llevar,Tarjeta,102.0
2304,21/12/2025,17:22,1825,5,Para llevar,Yape,65.0
2305,21/12/2025,16:21,1086,24,Salón,Yape,86.0
2306,21/12/2025,19:38,1676,19,Delivery propio,Yape,88.0
2307,21/12/2025,12:47,2717,17,Salón,Yape,28.0
2308,21/12/2025,11:19,972,3,Salón,Yape,62.0
2309,21/12/2025,11:27,1336,2,Delivery propio,Yape,142.0
2310,21/12/2025,13:05,,17,Salón,Yape,94.0
2311,21/12/2025,19:25,417,19,Salón,Efectivo,108.0
2312,21/12/2025,13:29,4982,19,Delivery propio,Yape,148.0
2313,21/12/2025,13:48,4306,24,Salón,Efectivo,62.0
2314,21/12/2025,11:09,2952,18,Salón,Yape,288.0
2315,21/12/2025,15:34,607,16,Salón,Tarjeta,108.0
2316,21/12/2025,18:58,4479,2,Salón,Plin,67.0
2317,21/12/2025,20:45,46,18,Delivery propio,Plin,66.0
2318,21/12/2025,17:52,1232,20,Delivery propio,Efectivo,136.0
2319,21/12/2025,14:30,3460,5,Salón,Efectivo,167.0
2320,21/12/2025,15:55,1322,7,Delivery propio,Efectivo,147.0
2321,21/12/2025,12:33,2330,5,Salón,Plin,180.0
2322,21/12/2025,14:20,610,24,Salón,Yape,112.0
2323,21/12/2025,20:51,3585,19,Para llevar,Yape,208.0
2324,21/12/2025,20:12,3314,22,Salón,Yape,108.0
2325,21/12/2025,14:41,1724,16,Delivery propio,Efectivo,46.0
2326,21/12/2025,13:37,3980,22,Salón,Plin,194.0
2327,21/12/2025,14:40,3743,19,Salón,Tarjeta,38.0
2328,21/12/2025,14:41,5430,17,Para llevar,Tarjeta,156.0
2329,21/12/2025,17:53,5405,2,Delivery propio,Yape,74.0
2330,21/12/2025,13:32,298,24,Para llevar,Plin,74.0
2331,21/12/2025,11:06,1198,17,Salón,Tarjeta,62.0
2332,21/12/2025,14:19,190,7,Delivery propio,Efectivo,236.0
2333,21/12/2025,19:54,556,18,Salón,Yape,64.0
2334,21/12/2025,14:33,2965,2,Para llevar,Efectivo,76.0
2335,21/12/2025,19:12,3970,7,Salón,Efectivo,67.0
2336,21/12/2025,21:27,135,2,Salón,Plin,74.0
2337,22/12/2025,13:54,346,7,Para llevar,Yape,224.0
2338,22/12/2025,13:45,2732,3,Salón,Yape,94.0
2339,22/12/2025,14:12,4745,17,Salón,Yape,66.0
2340,22/12/2025,15:34,994,16,Salón,Yape,123.0
2341,22/12/2025,14:13,4242,18,Para llevar,Efectivo,118.0
2342,22/12/2025,14:51,53,3,Salón,Yape,58.0
2343,22/12/2025,19:25,54,20,Salón,Tarjeta,50.0
2344,22/12/2025,13:40,2974,19,Salón,Efectivo,136.0
2345,22/12/2025,17:44,2906,22,Salón,Tarjeta,150.0
2346,22/12/2025,12:33,2017,22,Para llevar,Tarjeta,72.0
2347,22/12/2025,18:59,2733,19,Salón,Tarjeta,166.0
2348,22/12/2025,15:14,3320,5,Salón,Efectivo,18.0
2349,22/12/2025,15:21,4903,19,Salón,Efectivo,254.0
2350,22/12/2025,13:00,,3,Salón,Tarjeta,236.0
2351,22/12/2025,13:19,4975,7,Salón,Efectivo,152.0
2352,22/12/2025,14:46,,22,Salón,Tarjeta,77.0
2353,22/12/2025,14:16,301,19,Delivery propio,Plin,287.0
2354,22/12/2025,19:36,1198,18,Salón,Yape,110.0
2355,22/12/2025,18:51,2135,2,Salón,Tarjeta,38.0
2356,22/12/2025,13:33,2184,17,Salón,Yape,22.0
2357,22/12/2025,14:45,,24,Para llevar,Efectivo,58.0
2358,22/12/2025,20:23,4562,20,Delivery propio,Yape,115.0
2359,22/12/2025,13:39,4970,3,Delivery propio,Efectivo,153.0
2360,23/12/2025,12:21,877,16,Para llevar,Plin,154.0
2361,23/12/2025,16:19,2967,20,Para llevar,Efectivo,200.0
2362,23/12/2025,13:35,90,7,Salón,Tarjeta,88.0
2363,23/12/2025,13:10,4934,24,Para llevar,Tarjeta,98.0
2364,23/12/2025,13:04,2294,19,Salón,Efectivo,108.0
2365,23/12/2025,14:38,3482,3,Salón,Tarjeta,127.0
2366,23/12/2025,13:01,4772,24,Salón,Efectivo,96.0
2367,23/12/2025,16:08,1591,20,Delivery propio,Tarjeta,92.0
2368,23/12/2025,12:41,3007,20,Para llevar,Plin,106.0
2369,23/12/2025,18:57,573,24,Salón,Efectivo,127.0
2370,23/12/2025,15:53,,7,Salón,Yape,141.0
2371,23/12/2025,17:09,115,16,Salón,Tarjeta,216.0
2372,23/12/2025,14:01,4511,16,Salón,Plin,118.0
2373,23/12/2025,14:32,4,16,Delivery propio,Tarjeta,24.0
2374,23/12/2025,19:37,5052,22,Delivery propio,Efectivo,196.0
2375,23/12/2025,13:04,2374,3,Salón,Efectivo,66.0
2376,23/12/2025,19:23,997,7,Salón,Tarjeta,50.0
2377,23/12/2025,11:33,4774,2,Salón,Tarjeta,90.0
2378,23/12/2025,19:40,3581,2,Delivery propio,Yape,60.0
2379,23/12/2025,21:45,2763,2,Salón,Efectivo,216.0
2380,23/12/2025,11:53,4022,3,Para llevar,Efectivo,280.0
2381,23/12/2025,19:58,2268,17,Salón,Tarjeta,182.0
2382,24/12/2025,14:23,4486,19,Para llevar,Yape,156.0
2383,24/12/2025,17:03,2023,2,Salón,Yape,191.0
2384,24/12/2025,20:52,,2,Salón,Efectivo,233.0
2385,24/12/2025,13:16,4591,5,Salón,Yape,69.0
2386,24/12/2025,12:45,2049,19,Delivery propio,Yape,86.0
2387,24/12/2025,16:09,3581,16,Salón,Yape,92.0
2388,24/12/2025,17:48,4479,22,Salón,Plin,64.0
2389,24/12/2025,15:49,,20,Salón,Efectivo,40.0
2390,24/12/2025,20:08,1952,17,Salón,Tarjeta,112.0
2391,24/12/2025,18:09,3869,20,Delivery propio,Efectivo,75.0
2392,24/12/2025,11:19,3530,16,Para llevar,Efectivo,88.0
2393,24/12/2025,19:39,4741,22,Salón,Tarjeta,90.0
2394,24/12/2025,11:14,,18,Para llevar,Yape,278.0
2395,24/12/2025,13:49,2796,24,Salón,Efectivo,52.0
2396,24/12/2025,15:35,3750,17,Salón,Efectivo,170.0
2397,24/12/2025,14:09,3879,18,Salón,Plin,42.0
2398,24/12/2025,14:30,4105,24,Salón,Tarjeta,62.0
2399,24/12/2025,12:39,3879,19,Delivery propio,Tarjeta,90.0
2400,24/12/2025,17:58,,3,Delivery propio,Plin,136.0
2401,24/12/2025,14:40,,22,Salón,Yape,194.0
2402,24/12/2025,17:13,,20,Salón,Tarjeta,277.0
2403,24/12/2025,14:19,200,24,Delivery propio,Plin,166.0
2404,24/12/2025,14:50,504,16,Para llevar,Efectivo,208.0
2405,24/12/2025,17:05,2221,24,Salón,Yape,261.0
2406,24/12/2025,21:39,832,17,Delivery propio,Yape,54.0
2407,24/12/2025,18:33,5281,16,Para llevar,Tarjeta,261.0
2408,24/12/2025,15:33,4255,20,Salón,Yape,104.0
2409,24/12/2025,20:27,2978,7,Salón,Plin,108.0
2410,25/12/2025,14:00,582,18,Delivery propio,Yape,74.0
2411,25/12/2025,17:28,,19,Salón,Tarjeta,288.0
2412,25/12/2025,12:59,2133,2,Salón,Efectivo,98.0
2413,25/12/2025,14:46,613,19,Salón,Yape,66.0
2414,25/12/2025,18:46,4917,5,Salón,Yape,119.0
2415,25/12/2025,19:24,1159,17,Delivery propio,Efectivo,90.0
2416,25/12/2025,17:48,,16,Salón,Plin,180.0
2417,25/12/2025,19:33,498,19,Salón,Yape,0.0
2418,25/12/2025,20:41,2421,16,Salón,Plin,60.0
2419,25/12/2025,16:27,2889,3,Salón,Efectivo,72.0
2420,25/12/2025,14:48,3235,5,Para llevar,Yape,168.0
2421,25/12/2025,13:04,1918,24,Para llevar,Plin,156.0
2422,25/12/2025,21:35,3734,2,Salón,Plin,250.0
2423,25/12/2025,15:04,2928,7,Salón,Efectivo,292.0
2424,25/12/2025,19:23,2103,18,Salón,Efectivo,292.0
2425,25/12/2025,20:37,1186,3,Salón,Yape,72.0
2426,25/12/2025,13:36,4903,24,Salón,Yape,52.0
2427,25/12/2025,15:08,4426,24,Para llevar,Yape,179.0
2428,25/12/2025,18:49,4535,18,Para llevar,Tarjeta,24.0
2429,25/12/2025,19:35,818,18,Para llevar,Efectivo,117.0
2430,25/12/2025,12:11,3263,18,Para llevar,Efectivo,118.0
2431,25/12/2025,21:49,3803,17,Delivery propio,Yape,98.0
2432,25/12/2025,15:54,,3,Salón,Yape,152.0
2433,25/12/2025,13:41,3573,19,Para llevar,Plin,186.0
2434,26/12/2025,14:38,5250,5,Salón,Tarjeta,66.0
2435,26/12/2025,18:29,188,2,Para llevar,Plin,70.0
2436,26/12/2025,11:59,2084,19,Para llevar,Efectivo,200.0
2437,26/12/2025,21:38,2134,3,Para llevar,Efectivo,93.0
2438,26/12/2025,17:02,,16,Salón,Plin,68.0
2439,26/12/2025,20:20,214,20,Salón,Tarjeta,95.0
2440,26/12/2025,17:41,,17,Delivery propio,Yape,221.0
2441,26/12/2025,14:15,4864,17,Salón,Efectivo,140.0
2442,26/12/2025,12:52,1852,19,Delivery propio,Yape,106.0
2443,26/12/2025,11:21,3544,20,Salón,Tarjeta,140.0
2444,26/12/2025,19:53,2272,20,Salón,Plin,72.0
2445,26/12/2025,11:14,3225,19,Salón,Plin,46.0
2446,26/12/2025,14:44,4880,18,Salón,Tarjeta,100.0
2447,26/12/2025,17:21,1395,20,Salón,Yape,38.0
2448,26/12/2025,12:28,4154,19,Salón,Tarjeta,158.0
2449,26/12/2025,20:24,5074,17,Salón,Efectivo,213.0
2450,26/12/2025,13:10,2296,17,Delivery propio,Yape,51.0
2451,26/12/2025,13:19,2902,19,Salón,Efectivo,174.0
2452,26/12/2025,17:12,825,2,Para llevar,Yape,83.0
2453,26/12/2025,21:51,1958,5,Para llevar,Efectivo,18.0
2454,26/12/2025,13:50,1644,24,Salón,Efectivo,86.0
2455,26/12/2025,14:30,1121,22,Salón,Plin,196.0
2456,26/12/2025,18:23,416,19,Para llevar,Tarjeta,50.0
2457,26/12/2025,15:04,5229,22,Salón,Yape,160.0
2458,26/12/2025,16:20,3486,24,Delivery propio,Tarjeta,99.0
2459,26/12/2025,15:24,2793,17,Salón,Efectivo,36.0
2460,26/12/2025,13:31,2697,7,Salón,Plin,212.0
2461,26/12/2025,19:19,1383,7,Delivery propio,Efectivo,84.0
2462,26/12/2025,12:17,3554,18,Salón,Efectivo,28.0
2463,26/12/2025,14:02,1093,3,Salón,Efectivo,125.0
2464,26/12/2025,17:39,1405,16,Salón,Efectivo,53.0
2465,26/12/2025,21:19,,20,Salón,Efectivo,47.0
2466,26/12/2025,14:01,3366,17,Salón,Efectivo,111.0
2467,26/12/2025,20:15,4570,20,Salón,Yape,88.0
2468,26/12/2025,14:18,5210,16,Salón,Efectivo,170.0
2469,27/12/2025,19:02,1095,16,Salón,Tarjeta,32.0
2470,27/12/2025,16:12,4462,19,Salón,Yape,124.0
2471,27/12/2025,18:10,2451,19,Para llevar,Yape,128.0
2472,27/12/2025,20:18,2343,17,Salón,Tarjeta,46.0
2473,27/12/2025,15:09,2755,7,Salón,Efectivo,34.0
2474,27/12/2025,14:21,3109,24,Salón,Yape,178.0
2475,27/12/2025,18:48,1286,16,Para llevar,Yape,136.0
2476,27/12/2025,15:02,502,2,Para llevar,Yape,152.0
2477,27/12/2025,11:57,4247,22,Salón,Tarjeta,150.0
2478,27/12/2025,12:29,2614,22,Salón,Efectivo,110.0
2479,Ayer,14:33,726,19,Salón,Tarjeta,78.0
2480,27/12/2025,13:42,1689,24,Para llevar,Yape,44.0
2481,27/12/2025,18:01,,24,Delivery propio,Yape,32.0
2482,27/12/2025,20:55,4287,2,Delivery propio,Efectivo,133.0
2483,27/12/2025,20:50,5309,7,Delivery propio,Tarjeta,148.0
2484,27/12/2025,15:12,829,7,Salón,Efectivo,260.0
2485,27/12/2025,17:09,3358,22,Salón,Plin,174.0
2486,27/12/2025,17:52,4252,2,Salón,Tarjeta,173.0
2487,27/12/2025,14:43,3538,22,Salón,Efectivo,132.0
2488,27/12/2025,18:58,,3,Delivery propio,Yape,42.0
2489,27/12/2025,12:57,980,3,Salón,Plin,48.0
2490,27/12/2025,18:54,973,7,Salón,Tarjeta,140.0
2491,27/12/2025,20:16,2204,17,Para llevar,Yape,98.0
2492,27/12/2025,13:45,4446,24,Salón,Plin,33.0
2493,27/12/2025,12:06,4848,19,Delivery propio,Plin,208.0
2494,27/12/2025,20:46,2731,17,Para llevar,Efectivo,92.0
2495,27/12/2025,14:46,4877,7,Delivery propio,Plin,90.0
2496,27/12/2025,12:11,5250,18,Para llevar,Tarjeta,10.0
2497,27/12/2025,14:48,4968,19,Salón,Yape,54.0
2498,27/12/2025,14:45,2270,7,Salón,Efectivo,116.0
2499,27/12/2025,14:17,478,17,Salón,Efectivo,76.0
2500,27/12/2025,11:50,1047,24,Salón,Tarjeta,350.0
2501,27/12/2025,15:09,3734,18,Salón,Efectivo,140.0
2502,27/12/2025,20:04,4274,17,Salón,Efectivo,144.0
2503,27/12/2025,14:12,5103,24,Para llevar,Efectivo,158.0
2504,27/12/2025,11:16,2859,16,Salón,Yape,128.0
2505,27/12/2025,18:55,,18,Salón,Yape,152.0
2506,27/12/2025,15:51,5234,18,Salón,Yape,167.0
2507,27/12/2025,12:51,3493,17,Para llevar,Efectivo,64.0
2508,27/12/2025,11:16,5100,2,Salón,Efectivo,85.0
2509,27/12/2025,16:55,3805,18,Salón,Yape,86.0
2510,27/12/2025,15:37,2631,5,Salón,Yape,75.0
2511,27/12/2025,13:55,1291,5,Delivery propio,Efectivo,34.0
2512,27/12/2025,13:53,196,19,Delivery propio,Yape,158.0
2513,27/12/2025,14:37,3296,22,Delivery propio,Efectivo,232.0
2514,27/12/2025,11:55,820,22,Salón,Yape,48.0
2515,27/12/2025,15:50,1650,3,Salón,Efectivo,236.0
2516,27/12/2025,14:07,1686,22,Salón,Yape,42.0
2517,27/12/2025,13:45,4361,5,Salón,Yape,337.0
2518,27/12/2025,19:14,2453,18,Para llevar,Efectivo,100.0
2519,27/12/2025,14:26,1372,17,Salón,Tarjeta,52.0
2520,27/12/2025,16:38,,3,Salón,Tarjeta,148.0
2521,27/12/2025,13:36,4916,24,Salón,Efectivo,128.0
2522,28/12/2025,12:42,3016,5,Salón,Efectivo,84.0
2523,28/12/2025,13:28,1876,17,Salón,Yape,72.0
2524,28/12/2025,14:35,2980,5,Delivery propio,Yape,113.0
2525,28/12/2025,15:38,4533,18,Delivery propio,Tarjeta,221.0
2526,28/12/2025,15:37,4276,3,Delivery propio,Tarjeta,73.0
2527,28/12/2025,20:20,2846,20,Salón,Efectivo,46.0
2528,28/12/2025,13:52,5350,22,Salón,Yape,180.0
2529,28/12/2025,18:32,5126,20,Salón,Tarjeta,114.0
2530,28/12/2025,14:24,4629,24,Salón,Plin,136.0
2531,28/12/2025,19:52,,5,Delivery propio,Plin,195.0
2532,28/12/2025,13:53,4446,20,Delivery propio,Yape,92.0
2533,28/12/2025,19:55,5440,20,Salón,Yape,128.0
2534,28/12/2025,14:54,4404,24,Salón,Tarjeta,190.0
2535,28/12/2025,21:33,2155,19,Salón,Plin,39.0
2536,28/12/2025,19:37,2711,5,Salón,Yape,118.0
2537,28/12/2025,15:23,2619,24,Salón,Efectivo,24.0
2538,28/12/2025,17:38,,16,Salón,Efectivo,121.0
2539,28/12/2025,19:07,3825,5,Salón,Tarjeta,134.0
2540,28/12/2025,18:53,5060,3,Salón,Plin,184.0
2541,28/12/2025,12:50,1630,24,Salón,Yape,75.0
2542,28/12/2025,13:49,4527,18,Salón,Efectivo,74.0
2543,28/12/2025,18:14,1175,2,Salón,Efectivo,136.0
2544,28/12/2025,14:00,2291,18,Salón,Efectivo,72.0
2545,28/12/2025,14:35,3532,17,Salón,Tarjeta,92.0
2546,28/12/2025,15:48,1992,19,Salón,Tarjeta,109.0
2547,28/12/2025,15:01,3697,17,Delivery propio,Yape,80.0
2548,28/12/2025,16:59,5396,24,Salón,Tarjeta,115.0
2549,28/12/2025,19:37,1659,16,Salón,Tarjeta,156.0
2550,28/12/2025,14:11,766,17,Salón,Tarjeta,66.0
2551,28/12/2025,18:35,,16,Delivery propio,Tarjeta,139.0
2552,28/12/2025,11:51,4919,2,Para llevar,Tarjeta,128.0
2553,28/12/2025,13:27,5226,5,Para llevar,Tarjeta,102.0
2554,28/12/2025,16:53,65,3,Salón,Efectivo,100.0
2555,28/12/2025,14:03,,19,Salón,Tarjeta,112.0
2556,28/12/2025,18:10,416,7,Para llevar,Yape,30.0
2557,28/12/2025,15:11,2698,2,Para llevar,Tarjeta,36.0
2558,28/12/2025,16:10,84,3,Salón,Tarjeta,90.0
2559,28/12/2025,11:00,229,7,Delivery propio,Yape,106.0
2560,28/12/2025,13:30,5256,3,Para llevar,Efectivo,38.0
2561,28/12/2025,15:37,3264,19,Salón,Efectivo,83.0
2562,28/12/2025,21:59,5215,24,Salón,Yape,136.0
2563,28/12/2025,21:06,4389,22,Para llevar,Plin,215.0
2564,28/12/2025,18:01,1906,16,Salón,Yape,158.0
2565,28/12/2025,18:43,4393,3,Salón,Yape,80.0
2566,28/12/2025,13:32,4562,22,Delivery propio,Efectivo,176.0
2567,28/12/2025,14:51,1958,20,Salón,Efectivo,92.0
2568,28/12/2025,11:41,877,7,Para llevar,Plin,136.0
2569,28/12/2025,12:38,5490,5,Salón,Efectivo,18.0
2570,28/12/2025,19:42,1923,5,Para llevar,Efectivo,120.0
2571,28/12/2025,20:13,,16,Delivery propio,Efectivo,108.0
2572,28/12/2025,15:16,1317,7,Para llevar,Yape,106.0
2573,28/12/2025,13:38,303,2,Salón,Yape,46.0
2574,28/12/2025,13:41,1209,5,Salón,Efectivo,92.0
2575,28/12/2025,12:00,4060,5,Para llevar,Tarjeta,58.0
2576,29/12/2025,20:39,1576,24,Salón,Tarjeta,204.0
2577,29/12/2025,11:11,1621,24,Salón,Yape,181.0
2578,29/12/2025,19:16,3033,24,Salón,Efectivo,256.0
2579,29/12/2025,15:36,,5,Salón,Yape,44.0
2580,29/12/2025,21:00,,17,Delivery propio,Yape,38.0
2581,29/12/2025,14:28,5261,19,Salón,Plin,30.0
2582,29/12/2025,14:11,1055,5,Delivery propio,Plin,36.0
2583,29/12/2025,13:19,4779,2,Salón,Efectivo,91.0
2584,29/12/2025,18:23,3948,17,Salón,Plin,178.0
2585,29/12/2025,13:27,2056,5,Delivery propio,Yape,67.0
2586,29/12/2025,15:02,480,7,Salón,Efectivo,48.0
2587,29/12/2025,14:36,5161,7,Salón,Yape,76.0
2588,29/12/2025,12:32,1321,7,Delivery propio,Plin,281.0
2589,29/12/2025,14:00,317,16,Salón,Tarjeta,74.0
2590,29/12/2025,17:09,580,16,Salón,Efectivo,116.0
2591,29/12/2025,20:25,89,19,Salón,Yape,209.0
2592,29/12/2025,16:13,2791,3,Salón,Efectivo,46.0
2593,29/12/2025,11:27,1945,18,Salón,Yape,18.0
2594,29/12/2025,19:22,1102,17,Delivery propio,Yape,160.0
2595,30/12/2025,15:16,3036,7,Para llevar,Efectivo,111.0
2596,30/12/2025,14:08,1859,3,Salón,Efectivo,128.0
2597,30/12/2025,13:00,5270,5,Salón,Yape,24.0
2598,30/12/2025,11:20,4341,7,Salón,Yape,28.0
2599,30/12/2025,16:32,,24,Salón,Tarjeta,134.0
2600,30/12/2025,15:46,3777,2,Salón,Tarjeta,148.0
2601,30/12/2025,18:25,,16,Para llevar,Yape,70.0
2602,30/12/2025,11:48,226,18,Salón,Tarjeta,56.0
2603,30/12/2025,20:33,5362,5,Salón,Yape,217.0
2604,30/12/2025,13:08,5262,19,Salón,Tarjeta,257.0
2605,30/12/2025,20:36,2250,20,Para llevar,Plin,36.0
2606,30/12/2025,15:08,11,18,Salón,Yape,66.0
2607,30/12/2025,18:35,3599,3,Delivery propio,Yape,48.0
2608,30/12/2025,13:12,3043,7,Salón,Yape,116.0
2609,30/12/2025,16:05,5144,3,Salón,Plin,94.0
2610,30/12/2025,17:24,709,5,Salón,Tarjeta,82.0
2611,30/12/2025,12:38,3988,17,Salón,Yape,310.0
2612,30/12/2025,13:43,1954,19,Salón,Plin,99.0
2613,30/12/2025,11:54,4878,3,Salón,Efectivo,208.0
2614,30/12/2025,18:15,3007,5,Salón,Tarjeta,241.0
2615,30/12/2025,14:10,2644,17,Delivery propio,Efectivo,201.0
2616,30/12/2025,14:24,2091,3,Salón,Yape,94.0
2617,30/12/2025,13:55,4368,5,Salón,Tarjeta,141.0
2618,30/12/2025,13:38,,2,Para llevar,Efectivo,144.0
2619,30/12/2025,17:11,1879,24,Salón,Yape,228.0
2620,30/12/2025,12:21,2849,20,Salón,Efectivo,279.0
2621,30/12/2025,16:26,3809,18,Delivery propio,Plin,120.0
2622,30/12/2025,14:46,5189,16,Salón,Efectivo,193.0
2623,30/12/2025,17:09,2342,17,Para llevar,Tarjeta,32.0
2624,30/12/2025,13:50,5093,3,Para llevar,Plin,139.0
2625,30/12/2025,20:34,2766,2,Salón,Yape,54.0
2626,30/12/2025,17:28,3312,18,Delivery propio,Yape,25.0
2627,30/12/2025,14:32,3880,20,Delivery propio,Efectivo,69.0
2628,30/12/2025,12:40,318,20,Delivery propio,Tarjeta,88.0
2629,30/12/2025,15:33,,24,Para llevar,Tarjeta,108.0
2630,31/12/2025,12:32,3478,17,Delivery propio,Efectivo,94.0
2631,31/12/2025,19:02,2147,24,Salón,Efectivo,221.0
2632,31/12/2025,14:14,2644,17,Salón,Yape,114.0
2633,31/12/2025,19:57,243,22,Para llevar,Tarjeta,134.0
2634,31/12/2025,11:50,2290,7,Salón,Tarjeta,138.0
2635,31/12/2025,18:08,4161,5,Salón,Plin,98.0
2636,31/12/2025,14:42,2431,3,Salón,Yape,107.0
2637,31/12/2025,20:34,129,18,Salón,Tarjeta,181.0
2638,31/12/2025,20:14,2876,22,Para llevar,Efectivo,68.0
2639,31/12/2025,15:53,2203,24,Salón,Yape,174.0
2640,31/12/2025,20:49,2220,5,Salón,Plin,252.0
2641,31/12/2025,14:18,1961,3,Delivery propio,Yape,168.0
2642,31/12/2025,15:39,3244,2,Delivery propio,Efectivo,32.0
2643,31/12/2025,12:39,5309,5,Salón,Plin,108.0
2644,31/12/2025,15:16,2586,17,Salón,Yape,66.0
2645,31/12/2025,13:10,273,16,Salón,Efectivo,54.0
2646,31/12/2025,13:06,3467,16,Salón,Tarjeta,80.0
2647,31/12/2025,19:43,877,2,Para llevar,Tarjeta,94.0
2648,31/12/2025,19:42,4474,24,Salón,Efectivo,78.0
2649,31/12/2025,13:20,319,2,Delivery propio,Efectivo,118.0
2650,31/12/2025,11:51,4452,17,Salón,Tarjeta,28.0
2651,31/12/2025,17:02,4677,18,Salón,Yape,35.0
2652,31/12/2025,13:12,2923,16,Salón,Efectivo,54.0
2653,31/12/2025,13:05,5256,19,Salón,Yape,12.0
2654,31/12/2025,18:18,3560,2,Salón,Efectivo,114.0
2655,01/01/2026,14:55,1013,5,Salón,Tarjeta,72.0
2656,01/01/2026,16:42,2714,7,Delivery propio,Plin,234.0
2657,01/01/2026,20:53,5229,5,Salón,Tarjeta,98.0
2658,01/01/2026,14:04,,18,Delivery propio,Tarjeta,108.0
2659,01/01/2026,14:00,2893,18,Delivery propio,Yape,54.0
2660,01/01/2026,13:29,,16,Para llevar,Tarjeta,24.0
2661,01/01/2026,19:14,4955,2,Salón,Efectivo,90.0
2662,01/01/2026,19:55,1036,16,Para llevar,Efectivo,92.0
2663,01/01/2026,11:49,1224,3,Salón,Yape,321.0
2664,01/01/2026,13:24,4825,16,Salón,Efectivo,64.0
2665,01/01/2026,12:44,,18,Para llevar,Tarjeta,131.0
2666,01/01/2026,18:52,556,5,Salón,Efectivo,60.0
2667,01/01/2026,13:42,4890,22,Salón,Tarjeta,66.0
2668,01/01/2026,16:19,513,22,Salón,Yape,18.0
2669,01/01/2026,13:35,,22,Delivery propio,Yape,222.0
2670,01/01/2026,17:39,5388,3,Para llevar,Efectivo,38.0
2671,01/01/2026,14:54,877,24,Salón,Tarjeta,84.0
2672,01/01/2026,16:22,92,20,Salón,Efectivo,122.0
2673,01/01/2026,13:03,4232,16,Salón,Tarjeta,80.0
2674,01/01/2026,13:51,2643,17,Salón,Yape,82.0
2675,01/01/2026,20:17,1229,2,Salón,Tarjeta,182.0
2676,01/01/2026,14:30,4729,18,Delivery propio,Efectivo,144.0
2677,01/01/2026,13:50,4386,24,Para llevar,Tarjeta,52.0
2678,01/01/2026,19:28,744,17,Salón,Tarjeta,118.0
2679,02/01/2026,14:13,1040,18,Salón,Efectivo,83.0
2680,02/01/2026,13:42,1305,16,Delivery propio,Tarjeta,288.0
2681,02/01/2026,14:47,303,24,Salón,Tarjeta,220.0
2682,02/01/2026,21:19,,22,Para llevar,Efectivo,122.0
2683,02/01/2026,18:37,451,16,Salón,Yape,269.0
2684,02/01/2026,11:13,5094,18,Delivery propio,Efectivo,167.0
2685,02/01/2026,14:56,633,20,Salón,Efectivo,36.0
2686,02/01/2026,11:57,1080,24,Salón,Efectivo,218.0
2687,02/01/2026,12:33,4629,7,Salón,Efectivo,116.0
2688,02/01/2026,21:17,789,19,Salón,Tarjeta,180.0
2689,02/01/2026,13:19,4009,3,Delivery propio,Tarjeta,193.0
2690,02/01/2026,16:49,2784,7,Salón,Tarjeta,66.0
2691,02/01/2026,18:16,55,24,Salón,Tarjeta,138.0
2692,02/01/2026,13:48,2220,17,Salón,Tarjeta,133.0
2693,02/01/2026,16:09,5424,2,Para llevar,Plin,36.0
2694,02/01/2026,19:10,4078,24,Salón,Plin,158.0
2695,02/01/2026,18:45,1651,22,Salón,Yape,51.0
2696,02/01/2026,14:51,3122,18,Para llevar,Efectivo,89.0
2697,02/01/2026,19:34,,3,Salón,Yape,120.0
2698,02/01/2026,15:47,5440,19,Delivery propio,Tarjeta,96.0
2699,02/01/2026,13:18,2504,18,Salón,Efectivo,110.0
2700,Ayer,12:56,976,5,Salón,Yape,193.0
2701,02/01/2026,13:40,2989,24,Delivery propio,Plin,110.0
2702,02/01/2026,15:12,2408,18,Salón,Yape,50.0
2703,02/01/2026,19:05,3377,22,Para llevar,Tarjeta,158.0
2704,02/01/2026,13:18,2841,7,Salón,Yape,58.0
2705,02/01/2026,16:14,,20,Delivery propio,Tarjeta,147.0
2706,02/01/2026,16:29,2169,22,Para llevar,Efectivo,191.0
2707,02/01/2026,14:41,1760,2,Salón,Plin,108.0
2708,02/01/2026,20:04,,24,Salón,Efectivo,96.0
2709,02/01/2026,13:00,2843,3,Salón,Tarjeta,296.0
2710,02/01/2026,14:09,2298,24,Salón,Yape,154.0
2711,02/01/2026,15:20,5385,19,Delivery propio,Yape,197.0
2712,02/01/2026,19:31,5405,22,Salón,Tarjeta,88.0
2713,02/01/2026,15:12,845,7,Salón,Efectivo,56.0
2714,02/01/2026,14:00,1220,19,Salón,Tarjeta,176.0
2715,02/01/2026,13:35,4014,17,Salón,Yape,48.0
2716,02/01/2026,14:43,739,3,Salón,Yape,36.0
2717,02/01/2026,19:11,3777,19,Salón,Efectivo,97.0
2718,No se sabe,14:15,1223,22,Salón,Yape,136.0
2719,02/01/2026,16:11,5149,2,Delivery propio,Efectivo,95.0
2720,02/01/2026,14:02,3632,18,Para llevar,Tarjeta,240.0
2721,03/01/2026,17:33,485,19,Para llevar,Tarjeta,34.0
2722,03/01/2026,14:04,5357,3,Salón,Efectivo,134.0
2723,03/01/2026,15:40,4297,20,Delivery propio,Tarjeta,172.0
2724,03/01/2026,19:06,4241,16,Para llevar,Yape,90.0
2725,03/01/2026,14:07,3706,20,Salón,Efectivo,76.0
2726,03/01/2026,20:27,3168,20,Salón,Plin,72.0
2727,03/01/2026,16:17,2370,20,Delivery propio,Efectivo,158.0
2728,03/01/2026,13:33,,18,Delivery propio,Plin,86.0
2729,03/01/2026,13:56,3869,16,Salón,Efectivo,102.0
2730,03/01/2026,13:08,5247,22,Salón,Yape,78.0
2731,03/01/2026,20:01,2637,22,Salón,Tarjeta,76.0
2732,03/01/2026,12:27,3555,19,Salón,Yape,238.0
2733,03/01/2026,19:39,1154,22,Salón,Plin,6.0
2734,03/01/2026,15:40,1277,18,Salón,Yape,181.0
2735,03/01/2026,14:58,761,16,Para llevar,Tarjeta,90.0
2736,03/01/2026,15:51,3717,7,Salón,Efectivo,18.0
2737,03/01/2026,11:03,1800,17,Salón,Yape,227.0
2738,03/01/2026,19:28,1764,5,Delivery propio,Plin,174.0
2739,03/01/2026,18:03,3600,16,Salón,Yape,168.0
2740,03/01/2026,12:10,2683,17,Salón,Yape,89.0
2741,03/01/2026,21:04,1707,18,Para llevar,Efectivo,94.0
2742,03/01/2026,14:26,2425,20,Para llevar,Plin,114.0
2743,03/01/2026,14:45,4217,22,Delivery propio,Efectivo,199.0
2744,03/01/2026,12:36,375,24,Para llevar,Tarjeta,64.0
2745,03/01/2026,12:08,147,7,Salón,Efectivo,142.0
2746,03/01/2026,11:34,5034,18,Delivery propio,Efectivo,38.0
2747,03/01/2026,14:09,1598,2,Salón,Efectivo,122.0
2748,03/01/2026,14:11,267,22,Para llevar,Efectivo,72.0
2749,03/01/2026,13:44,4727,16,Para llevar,Efectivo,88.0
2750,03/01/2026,14:43,2867,5,Salón,Yape,83.0
2751,03/01/2026,13:00,,18,Salón,Plin,120.0
2752,03/01/2026,20:53,877,17,Para llevar,Yape,72.0
2753,03/01/2026,13:15,4078,22,Salón,Yape,84.0
2754,03/01/2026,19:44,5474,2,Salón,Tarjeta,182.0
2755,03/01/2026,13:36,450,16,Para llevar,Plin,238.0
2756,03/01/2026,12:33,4633,5,Salón,Plin,118.0
2757,03/01/2026,13:20,1203,22,Salón,Yape,59.0
2758,03/01/2026,14:09,596,2,Salón,Plin,46.0
2759,03/01/2026,14:26,4832,24,Delivery propio,Tarjeta,217.0
2760,03/01/2026,19:24,3186,22,Para llevar,Efectivo,36.0
2761,03/01/2026,12:17,5324,2,Salón,Efectivo,92.0
2762,03/01/2026,13:46,115,20,Para llevar,Plin,44.0
2763,03/01/2026,14:28,1028,24,Delivery propio,Tarjeta,124.0
2764,03/01/2026,21:15,4095,19,Para llevar,Tarjeta,85.0
2765,03/01/2026,15:30,907,18,Para llevar,Yape,98.0
2766,03/01/2026,14:04,,16,Salón,Efectivo,94.0
2767,03/01/2026,20:36,4129,24,Para llevar,Yape,227.0
2768,03/01/2026,16:32,4318,20,Salón,Yape,128.0
2769,03/01/2026,13:05,763,19,Salón,Yape,170.0
2770,03/01/2026,15:38,772,5,Delivery propio,Tarjeta,206.0
2771,04/01/2026,19:54,5044,2,Salón,Yape,125.0
2772,04/01/2026,16:04,1790,3,Salón,Yape,35.0
2773,04/01/2026,14:04,3941,24,Delivery propio,Efectivo,60.0
2774,04/01/2026,11:06,597,7,Salón,Plin,48.0
2775,04/01/2026,13:02,4879,7,Para llevar,Efectivo,74.0
2776,04/01/2026,16:39,599,20,Salón,Yape,140.0
2777,04/01/2026,20:25,4402,2,Para llevar,Efectivo,337.0
2778,04/01/2026,11:41,3232,19,Salón,Yape,76.0
2779,04/01/2026,14:10,2132,18,Salón,Efectivo,90.0
2780,04/01/2026,19:00,1565,19,Salón,Yape,222.0
2781,04/01/2026,13:53,4592,22,Salón,Efectivo,24.0
2782,04/01/2026,21:04,1972,19,Para llevar,Efectivo,113.0
2783,04/01/2026,12:46,2960,22,Salón,Efectivo,106.0
2784,04/01/2026,19:35,4261,7,Salón,Plin,24.0
2785,04/01/2026,12:31,3864,5,Salón,Yape,112.0
2786,04/01/2026,17:55,3580,16,Salón,Efectivo,106.0
2787,04/01/2026,14:45,3446,3,Delivery propio,Efectivo,86.0
2788,04/01/2026,11:31,1984,18,Salón,Yape,236.0
2789,04/01/2026,14:15,869,22,Para llevar,Efectivo,156.0
2790,04/01/2026,11:16,2024,3,Delivery propio,Tarjeta,192.0
2791,04/01/2026,14:05,454,7,Salón,Yape,168.0
2792,04/01/2026,15:16,5224,24,Delivery propio,Efectivo,258.0
2793,04/01/2026,16:50,4442,17,Salón,Tarjeta,36.0
2794,04/01/2026,13:58,2216,5,Salón,Tarjeta,120.0
2795,04/01/2026,11:36,,2,Salón,Tarjeta,248.0
2796,04/01/2026,12:56,1876,5,Salón,Yape,59.0
2797,04/01/2026,13:14,1796,16,Salón,Tarjeta,140.0
2798,04/01/2026,11:42,3094,2,Delivery propio,Efectivo,68.0
2799,04/01/2026,14:18,3975,24,Salón,Yape,58.0
2800,04/01/2026,13:46,2551,18,Salón,Yape,82.0
2801,04/01/2026,18:29,4764,7,Salón,Efectivo,52.0
2802,04/01/2026,21:12,1589,16,Salón,Efectivo,62.0
2803,04/01/2026,12:51,1997,22,Salón,Yape,52.0
2804,04/01/2026,13:44,4983,5,Salón,Tarjeta,109.0
2805,04/01/2026,13:42,,22,Salón,Efectivo,131.0
2806,04/01/2026,16:29,2467,16,Delivery propio,Efectivo,46.0
2807,04/01/2026,20:10,4744,19,Delivery propio,Efectivo,123.0
2808,04/01/2026,14:28,2020,16,Delivery propio,Yape,142.0
2809,04/01/2026,19:04,358,2,Para llevar,Efectivo,118.0
2810,04/01/2026,14:33,1128,7,Para llevar,Efectivo,72.0
2811,04/01/2026,11:22,,22,Salón,Efectivo,44.0
2812,04/01/2026,20:17,1310,24,Para llevar,Tarjeta,68.0
2813,04/01/2026,19:31,2147,24,Salón,Plin,284.0
2814,04/01/2026,11:49,1190,19,Salón,Yape,212.0
2815,04/01/2026,15:37,1420,16,Salón,Tarjeta,132.0
2816,04/01/2026,19:22,611,7,Delivery propio,Efectivo,71.0
2817,04/01/2026,18:39,1372,17,Delivery propio,Yape,72.0
2818,04/01/2026,13:50,4948,17,Salón,Yape,104.0
2819,04/01/2026,16:41,,3,Salón,Tarjeta,155.0
2820,04/01/2026,17:10,14,2,Salón,Tarjeta,105.0
2821,04/01/2026,20:10,4901,24,Para llevar,Yape,66.0
2822,04/01/2026,20:17,3613,3,Salón,Tarjeta,180.0
2823,04/01/2026,18:59,118,16,Delivery propio,Efectivo,120.0
2824,04/01/2026,14:07,3757,16,Salón,Efectivo,104.0
2825,04/01/2026,16:21,140,19,Salón,Plin,276.0
2826,04/01/2026,14:18,555,19,Salón,Efectivo,73.0
2827,04/01/2026,19:12,2989,2,Salón,Plin,113.0
2828,04/01/2026,16:32,2946,5,Salón,Yape,269.0
2829,04/01/2026,14:36,3794,16,Para llevar,Plin,126.0
2830,04/01/2026,18:30,3700,22,Salón,Yape,118.0
2831,04/01/2026,15:54,3170,17,Delivery propio,Efectivo,96.0
2832,04/01/2026,21:09,2699,17,Delivery propio,Plin,146.0
2833,04/01/2026,13:16,3425,16,Salón,Efectivo,198.0
2834,04/01/2026,14:39,523,16,Salón,Plin,170.0
2835,04/01/2026,14:21,4578,16,Salón,Tarjeta,70.0
2836,04/01/2026,15:09,,17,Salón,Efectivo,80.0
2837,05/01/2026,12:25,2464,5,Delivery propio,Efectivo,25.0
2838,05/01/2026,14:38,1757,24,Salón,Tarjeta,36.0
2839,05/01/2026,21:57,2468,20,Delivery propio,Yape,74.0
2840,05/01/2026,14:52,140,3,Salón,Tarjeta,110.0
2841,05/01/2026,12:17,5076,2,Salón,Tarjeta,154.0
2842,05/01/2026,11:49,3971,24,Salón,Tarjeta,145.0
2843,05/01/2026,13:09,651,7,Salón,Yape,112.0
2844,05/01/2026,13:57,5029,2,Delivery propio,Efectivo,116.0
2845,05/01/2026,17:33,3331,18,Salón,Efectivo,80.0
2846,05/01/2026,18:28,3007,17,Salón,Yape,88.0
2847,05/01/2026,16:42,69,19,Delivery propio,Efectivo,218.0
2848,05/01/2026,13:23,1901,18,Delivery propio,Efectivo,314.0
2849,05/01/2026,11:57,2110,17,Salón,Yape,124.0
2850,05/01/2026,14:32,,24,Salón,Plin,192.0
2851,05/01/2026,15:39,,24,Para llevar,Yape,40.0
2852,05/01/2026,21:35,,3,Para llevar,Efectivo,56.0
2853,05/01/2026,19:03,829,22,Salón,Efectivo,88.0
2854,05/01/2026,11:09,,16,Delivery propio,Yape,64.0
2855,05/01/2026,20:55,3571,5,Delivery propio,Tarjeta,44.0
2856,05/01/2026,15:01,743,2,Delivery propio,Yape,179.0
2857,05/01/2026,13:17,2723,19,Para llevar,Yape,305.0
2858,05/01/2026,20:29,3321,7,Delivery propio,Efectivo,42.0
2859,06/01/2026,20:02,4630,17,Salón,Tarjeta,78.0
2860,06/01/2026,13:12,2001,7,Salón,Efectivo,120.0
2861,06/01/2026,14:26,4893,2,Salón,Yape,160.0
2862,06/01/2026,15:40,1567,5,Salón,Efectivo,194.0
2863,06/01/2026,15:24,,17,Delivery propio,Yape,90.0
2864,06/01/2026,12:27,2445,19,Salón,Plin,241.0
2865,06/01/2026,19:53,,16,Delivery propio,Yape,248.0
2866,06/01/2026,14:48,2311,20,Salón,Efectivo,80.0
2867,06/01/2026,13:39,5321,17,Salón,Tarjeta,148.0
2868,06/01/2026,20:15,4987,17,Salón,Yape,168.0
2869,06/01/2026,21:48,4079,24,Salón,Efectivo,92.0
2870,06/01/2026,13:12,5200,22,Salón,Yape,36.0
2871,06/01/2026,20:27,3726,7,Salón,Tarjeta,104.0
2872,06/01/2026,13:35,3205,17,Salón,Yape,9.0
2873,06/01/2026,15:48,877,20,Salón,Efectivo,281.0
2874,06/01/2026,20:12,733,19,Para llevar,Efectivo,181.0
2875,06/01/2026,15:53,3596,17,Salón,Yape,14.0
2876,07/01/2026,14:12,198,7,Delivery propio,Tarjeta,196.0
2877,07/01/2026,15:25,2796,16,Salón,Yape,268.0
2878,07/01/2026,19:32,1564,5,Para llevar,Efectivo,18.0
2879,07/01/2026,20:46,,17,Salón,Tarjeta,22.0
2880,07/01/2026,14:32,2900,18,Salón,Tarjeta,156.0
2881,07/01/2026,13:28,2718,16,Salón,Efectivo,202.0
2882,07/01/2026,13:50,3582,22,Delivery propio,Yape,94.0
2883,07/01/2026,12:30,2814,7,Delivery propio,Yape,138.0
2884,07/01/2026,15:29,2647,16,Salón,Yape,138.0
2885,07/01/2026,17:35,196,22,Salón,Tarjeta,131.0
2886,07/01/2026,15:37,4698,22,Salón,Tarjeta,135.0
2887,07/01/2026,20:59,,5,Delivery propio,Yape,136.0
2888,07/01/2026,12:53,2887,5,Salón,Efectivo,96.0
2889,07/01/2026,14:45,2037,17,Salón,Tarjeta,18.0
2890,07/01/2026,18:12,4454,3,Salón,Yape,176.0
2891,07/01/2026,13:25,3318,17,Salón,Efectivo,287.0
2892,07/01/2026,14:46,,24,Salón,Efectivo,26.0
2893,07/01/2026,20:09,4781,18,Para llevar,Yape,48.0
2894,07/01/2026,18:16,2988,18,Salón,Efectivo,124.0
2895,07/01/2026,13:22,4441,7,Salón,Yape,22.0
2896,07/01/2026,18:13,2489,18,Para llevar,Yape,88.0
2897,07/01/2026,14:20,829,24,Salón,Plin,100.0
2898,07/01/2026,13:35,3158,3,Salón,Tarjeta,130.0
2899,07/01/2026,14:48,2333,19,Delivery propio,Efectivo,42.0
2900,07/01/2026,16:12,,18,Para llevar,Yape,162.0
2901,07/01/2026,18:24,,18,Para llevar,Yape,38.0
2902,07/01/2026,14:27,2265,18,Salón,Tarjeta,318.0
2903,07/01/2026,11:46,1251,2,Salón,Tarjeta,247.0
2904,07/01/2026,13:47,3747,16,Salón,Efectivo,114.0
2905,07/01/2026,14:59,4977,17,Salón,Tarjeta,90.0
2906,07/01/2026,19:21,5175,2,Salón,Efectivo,266.0
2907,08/01/2026,18:53,1980,24,Salón,Tarjeta,48.0
2908,08/01/2026,21:15,1702,20,Para llevar,Efectivo,199.0
2909,08/01/2026,19:13,4479,22,Para llevar,Yape,266.0
2910,08/01/2026,13:51,2450,5,Salón,Yape,210.0
2911,08/01/2026,13:16,3143,16,Delivery propio,Efectivo,96.0
2912,08/01/2026,13:25,,22,Salón,Efectivo,55.0
2913,08/01/2026,13:15,3641,5,Salón,Efectivo,98.0
2914,08/01/2026,12:13,2532,5,Salón,Efectivo,165.0
2915,08/01/2026,14:37,3855,22,Delivery propio,Tarjeta,183.0
2916,08/01/2026,19:16,,22,Salón,Yape,264.0
2917,08/01/2026,13:48,4023,7,Salón,Tarjeta,113.0
2918,08/01/2026,13:10,499,22,Salón,Efectivo,184.0
2919,Ayer,18:35,3944,22,Delivery propio,Yape,56.0
2920,08/01/2026,11:37,3472,16,Para llevar,Tarjeta,32.0
2921,08/01/2026,12:54,4325,19,Salón,Yape,74.0
2922,08/01/2026,12:22,3584,16,Salón,Tarjeta,62.0
2923,08/01/2026,12:05,484,16,Salón,Efectivo,288.0
2924,Ayer,14:20,2712,7,Salón,Yape,86.0
2925,08/01/2026,19:15,4821,22,Delivery propio,Efectivo,9.0
2926,08/01/2026,12:45,3574,5,Salón,Efectivo,64.0
2927,08/01/2026,12:50,768,16,Salón,Yape,120.0
2928,08/01/2026,12:46,4392,24,Salón,Yape,94.0
2929,08/01/2026,13:39,,24,Salón,Yape,187.0
2930,08/01/2026,16:22,4513,20,Delivery propio,Tarjeta,117.0
2931,08/01/2026,12:52,4973,24,Salón,Yape,213.0
2932,08/01/2026,17:24,1766,5,Salón,Yape,158.0
2933,08/01/2026,19:19,1493,5,Salón,Tarjeta,182.0
2934,08/01/2026,13:48,1764,22,Salón,Yape,126.0
2935,08/01/2026,19:46,3210,2,Salón,Efectivo,85.0
2936,09/01/2026,13:12,4452,3,Salón,Tarjeta,64.0
2937,09/01/2026,19:40,2061,24,Delivery propio,Efectivo,95.0
2938,09/01/2026,18:27,5324,24,Salón,Efectivo,269.0
2939,09/01/2026,13:17,69,3,Salón,Efectivo,136.0
2940,09/01/2026,14:32,5126,24,Salón,Plin,210.0
2941,09/01/2026,18:32,3689,19,Salón,Yape,78.0
2942,09/01/2026,17:46,801,7,Salón,Efectivo,148.0
2943,09/01/2026,18:28,2099,20,Delivery propio,Yape,154.0
2944,09/01/2026,13:30,2659,20,Salón,Tarjeta,87.0
2945,09/01/2026,15:38,398,17,Para llevar,Plin,83.0
2946,09/01/2026,11:37,1692,2,Salón,Plin,200.0
2947,09/01/2026,15:08,1649,19,Salón,Tarjeta,182.0
2948,09/01/2026,18:05,3425,22,Salón,Efectivo,100.0
2949,09/01/2026,12:37,1284,18,Salón,Efectivo,273.0
2950,09/01/2026,20:41,362,20,Salón,Plin,52.0
2951,09/01/2026,17:14,12,22,Salón,Efectivo,120.0
2952,09/01/2026,13:27,2350,22,Salón,Yape,50.0
2953,09/01/2026,18:57,,19,Delivery propio,Efectivo,186.0
2954,09/01/2026,12:37,2289,16,Salón,Efectivo,82.0
2955,09/01/2026,13:36,5140,2,Salón,Tarjeta,40.0
2956,09/01/2026,17:20,3424,16,Delivery propio,Efectivo,32.0
2957,09/01/2026,14:07,534,24,Salón,Yape,99.0
2958,09/01/2026,17:53,36,18,Delivery propio,Plin,36.0
2959,09/01/2026,12:22,,19,Salón,Yape,10.0
2960,09/01/2026,12:53,5474,22,Para llevar,Efectivo,194.0
2961,09/01/2026,11:18,3815,24,Para llevar,Efectivo,36.0
2962,09/01/2026,12:17,2810,22,Para llevar,Tarjeta,268.0
2963,09/01/2026,19:21,2911,5,Salón,Efectivo,44.0
2964,09/01/2026,16:19,877,17,Para llevar,Yape,20.0
2965,09/01/2026,12:07,4912,3,Salón,Tarjeta,145.0
2966,09/01/2026,14:48,185,22,Salón,Tarjeta,175.0
2967,09/01/2026,14:39,5138,24,Para llevar,Efectivo,136.0
2968,09/01/2026,21:38,877,24,Salón,Yape,97.0
2969,09/01/2026,18:07,3684,7,Salón,Efectivo,121.0
2970,09/01/2026,13:23,,19,Salón,Efectivo,317.0
2971,09/01/2026,18:49,4389,19,Salón,Tarjeta,160.0
2972,09/01/2026,21:35,,2,Para llevar,Efectivo,121.0
2973,09/01/2026,20:10,103,7,Salón,Efectivo,136.0
2974,09/01/2026,18:11,1545,22,Salón,Tarjeta,156.0
2975,09/01/2026,20:54,3136,17,Delivery propio,Yape,73.0
2976,09/01/2026,13:06,4339,22,Salón,Yape,24.0
2977,09/01/2026,15:04,,19,Salón,Yape,390.0
2978,10/01/2026,18:04,2650,5,Salón,Efectivo,155.0
2979,10/01/2026,13:27,3335,18,Delivery propio,Tarjeta,138.0
2980,10/01/2026,19:34,863,22,Delivery propio,Efectivo,16.0
2981,10/01/2026,13:33,926,20,Salón,Yape,109.0
2982,10/01/2026,15:44,1627,17,Delivery propio,Tarjeta,114.0
2983,10/01/2026,16:57,2660,22,Para llevar,Tarjeta,259.0
2984,10/01/2026,15:10,1253,24,Delivery propio,Yape,100.0
2985,10/01/2026,13:16,2406,24,Delivery propio,Efectivo,33.0
2986,10/01/2026,13:10,22,18,Delivery propio,Yape,54.0
2987,10/01/2026,14:06,3709,5,Salón,Yape,38.0
2988,10/01/2026,17:37,4574,2,Para llevar,Tarjeta,160.0
2989,10/01/2026,11:42,1042,2,Para llevar,Yape,128.0
2990,10/01/2026,20:54,3811,3,Delivery propio,Efectivo,134.0
2991,10/01/2026,11:28,5077,7,Salón,Yape,22.0
2992,10/01/2026,13:12,3699,2,Para llevar,Tarjeta,180.0
2993,10/01/2026,14:14,,3,Para llevar,Efectivo,26.0
2994,10/01/2026,13:17,4132,22,Salón,Tarjeta,97.0
2995,10/01/2026,15:32,,19,Salón,Efectivo,198.0
2996,10/01/2026,17:19,4067,16,Salón,Plin,124.0
2997,10/01/2026,15:00,4792,18,Salón,Tarjeta,26.0
2998,10/01/2026,14:17,,3,Para llevar,Tarjeta,126.0
2999,10/01/2026,19:19,1092,5,Salón,Tarjeta,74.0
3000,10/01/2026,13:44,5239,16,Salón,Efectivo,91.0
3001,10/01/2026,14:12,1613,3,Salón,Yape,264.0
3002,10/01/2026,20:05,3722,3,Delivery propio,Efectivo,119.0
3003,10/01/2026,21:38,1149,18,Salón,Efectivo,88.0
3004,10/01/2026,12:53,38,17,Para llevar,Yape,81.0
3005,10/01/2026,11:27,256,3,Delivery propio,Efectivo,50.0
3006,10/01/2026,18:28,2374,5,Delivery propio,Tarjeta,68.0
3007,10/01/2026,11:30,3307,5,Delivery propio,Tarjeta,25.0
3008,10/01/2026,13:34,4893,2,Salón,Tarjeta,196.0
3009,10/01/2026,14:00,5021,16,Salón,Tarjeta,238.0
3010,10/01/2026,20:16,4002,2,Salón,Plin,160.0
3011,10/01/2026,12:31,4366,2,Salón,Plin,110.0
3012,10/01/2026,20:54,318,16,Salón,Yape,36.0
3013,10/01/2026,15:22,4890,5,Salón,Yape,171.0
3014,10/01/2026,21:32,5250,19,Salón,Tarjeta,119.0
3015,10/01/2026,14:15,1747,22,Salón,Efectivo,182.0
3016,10/01/2026,14:22,2651,5,Delivery propio,Efectivo,136.0
3017,10/01/2026,12:39,1440,5,Salón,Yape,74.0
3018,10/01/2026,13:53,1702,17,Salón,Yape,14.0
3019,10/01/2026,17:37,1171,18,Salón,Yape,136.0
3020,10/01/2026,18:53,3662,7,Salón,Plin,32.0
3021,10/01/2026,11:43,3578,7,Delivery propio,Tarjeta,42.0
3022,10/01/2026,19:50,4135,17,Delivery propio,Tarjeta,40.0
3023,10/01/2026,13:36,2868,24,Salón,Yape,98.0
3024,11/01/2026,13:41,5349,20,Salón,Efectivo,96.0
3025,11/01/2026,15:20,4487,3,Salón,Yape,-86.0
3026,11/01/2026,13:40,1931,19,Para llevar,Yape,59.0
3027,11/01/2026,15:03,2292,24,Salón,Tarjeta,101.0
3028,11/01/2026,11:40,3996,19,Delivery propio,Yape,58.0
3029,11/01/2026,16:22,2190,16,Salón,Efectivo,326.0
3030,11/01/2026,18:39,229,2,Salón,Efectivo,203.0
3031,11/01/2026,21:30,1366,19,Delivery propio,Yape,60.0
3032,11/01/2026,15:00,499,2,Salón,Tarjeta,64.0
3033,11/01/2026,14:33,4278,19,Delivery propio,Plin,88.0
3034,11/01/2026,19:01,3580,17,Para llevar,Yape,86.0
3035,11/01/2026,19:03,,18,Salón,Yape,183.0
3036,11/01/2026,21:19,3597,3,Salón,Efectivo,43.0
3037,11/01/2026,18:56,1822,18,Salón,Plin,216.0
3038,11/01/2026,18:03,2434,3,Salón,Yape,110.0
3039,11/01/2026,12:48,3509,5,Para llevar,Tarjeta,42.0
3040,11/01/2026,12:51,,22,Salón,Plin,191.0
3041,11/01/2026,15:00,3457,3,Delivery propio,Plin,116.0
3042,11/01/2026,19:11,3939,5,Para llevar,Tarjeta,30.0
3043,11/01/2026,14:48,1199,16,Salón,Tarjeta,132.0
3044,11/01/2026,13:21,4068,7,Para llevar,Tarjeta,54.0
3045,11/01/2026,12:42,4261,22,Salón,Efectivo,30.0
3046,11/01/2026,12:35,3179,3,Delivery propio,Efectivo,156.0
3047,11/01/2026,18:32,2383,24,Para llevar,Efectivo,222.0
3048,11/01/2026,15:03,1102,5,Para llevar,Tarjeta,138.0
3049,11/01/2026,17:17,3734,16,Salón,Plin,280.0
3050,11/01/2026,14:00,4944,17,Delivery propio,Tarjeta,135.0
3051,11/01/2026,14:57,5261,24,Para llevar,Efectivo,142.0
3052,11/01/2026,18:15,2254,2,Delivery propio,Tarjeta,56.0
3053,11/01/2026,11:29,4242,5,Salón,Tarjeta,60.0
3054,11/01/2026,15:52,3066,7,Salón,Yape,34.0
3055,11/01/2026,18:49,5339,19,Salón,Tarjeta,42.0
3056,11/01/2026,15:20,4727,24,Salón,Tarjeta,106.0
3057,11/01/2026,12:14,3372,20,Salón,Tarjeta,110.0
3058,11/01/2026,14:20,3219,17,Para llevar,Efectivo,250.0
3059,11/01/2026,13:33,2406,19,Salón,Tarjeta,181.0
3060,11/01/2026,19:08,2373,20,Salón,Efectivo,46.0
3061,Ayer,19:26,,18,Salón,Plin,68.0
3062,11/01/2026,13:05,101,7,Salón,Plin,72.0
3063,11/01/2026,14:48,4976,20,Salón,Yape,283.0
3064,11/01/2026,13:16,128,22,Salón,Yape,152.0
3065,11/01/2026,15:49,2834,17,Salón,Yape,148.0
3066,11/01/2026,12:26,3429,18,Salón,Tarjeta,38.0
3067,11/01/2026,15:35,5484,24,Delivery propio,Yape,120.0
3068,11/01/2026,14:14,321,16,Salón,Yape,126.0
3069,11/01/2026,17:39,3021,20,Salón,Plin,170.0
3070,11/01/2026,19:25,2096,20,Delivery propio,Efectivo,140.0
3071,11/01/2026,20:21,46,19,Salón,Yape,266.0
3072,11/01/2026,18:13,4782,18,Salón,Efectivo,208.0
3073,12/01/2026,14:42,,20,Salón,Yape,278.0
3074,12/01/2026,12:59,4808,5,Salón,Yape,90.0
3075,12/01/2026,11:24,4755,19,Delivery propio,Tarjeta,81.0
3076,12/01/2026,14:05,3143,7,Para llevar,Efectivo,71.0
3077,12/01/2026,17:14,3491,5,Para llevar,Yape,121.0
3078,12/01/2026,20:12,1198,7,Delivery propio,Yape,108.0
3079,12/01/2026,15:04,655,3,Salón,Yape,264.0
3080,12/01/2026,14:29,1388,20,Salón,Tarjeta,102.0
3081,12/01/2026,14:04,2184,3,Salón,Plin,68.0
3082,12/01/2026,13:33,4564,18,Salón,Yape,64.0
3083,12/01/2026,19:51,1495,3,Para llevar,Yape,214.0
3084,12/01/2026,12:42,4159,16,Salón,Efectivo,18.0
3085,12/01/2026,11:39,4272,18,Salón,Efectivo,111.0
3086,12/01/2026,19:37,1776,16,Salón,Yape,74.0
3087,12/01/2026,15:58,196,18,Salón,Yape,120.0
3088,12/01/2026,12:56,,19,Salón,Yape,64.0
3089,12/01/2026,13:25,2661,22,Salón,Plin,294.0
3090,12/01/2026,20:37,667,5,Salón,Tarjeta,217.0
3091,13/01/2026,12:37,1615,18,Para llevar,Plin,112.0
3092,13/01/2026,21:35,1669,16,Salón,Efectivo,172.0
3093,13/01/2026,13:23,1283,19,Salón,Efectivo,68.0
3094,13/01/2026,20:44,591,19,Delivery propio,Yape,40.0
3095,13/01/2026,20:03,4308,22,Salón,Tarjeta,82.0
3096,13/01/2026,21:22,4392,2,Salón,Tarjeta,144.0
3097,13/01/2026,14:13,4522,22,Delivery propio,Tarjeta,132.0
3098,13/01/2026,14:11,3743,19,Salón,Tarjeta,145.0
3099,13/01/2026,20:32,1164,7,Delivery propio,Yape,40.0
3100,13/01/2026,14:49,1033,7,Salón,Plin,160.0
3101,13/01/2026,20:26,2737,22,Salón,Yape,102.0
3102,13/01/2026,14:58,4639,7,Salón,Plin,192.0
3103,13/01/2026,18:03,4696,17,Para llevar,Efectivo,140.0
3104,13/01/2026,12:56,2978,20,Delivery propio,Tarjeta,189.0
3105,13/01/2026,11:33,2818,20,Salón,Yape,110.0
3106,13/01/2026,14:33,833,22,Salón,Efectivo,279.0
3107,13/01/2026,17:37,4212,22,Salón,Efectivo,18.0
3108,13/01/2026,14:49,978,17,Delivery propio,Efectivo,92.0
3109,13/01/2026,14:51,3420,7,Salón,Efectivo,76.0
3110,13/01/2026,11:29,1116,7,Salón,Yape,146.0
3111,13/01/2026,13:44,2536,20,Delivery propio,Tarjeta,178.0
3112,14/01/2026,19:53,,7,Salón,Yape,94.0
3113,Ayer,21:46,4657,18,Salón,Tarjeta,36.0
3114,14/01/2026,20:26,,22,Salón,Tarjeta,96.0
3115,14/01/2026,13:37,1448,20,Salón,Tarjeta,58.0
3116,14/01/2026,19:18,1732,19,Salón,Yape,22.0
3117,14/01/2026,13:56,,20,Salón,Tarjeta,253.0
3118,14/01/2026,18:45,1279,3,Salón,Yape,216.0
3119,14/01/2026,13:37,,22,Salón,Efectivo,128.0
3120,14/01/2026,21:59,2656,17,Para llevar,Yape,192.0
3121,14/01/2026,15:01,4204,20,Salón,Tarjeta,82.0
3122,14/01/2026,17:21,3459,7,Salón,Yape,86.0
3123,14/01/2026,13:29,1186,24,Salón,Efectivo,105.0
3124,14/01/2026,11:24,1933,3,Salón,Plin,167.0
3125,14/01/2026,14:21,,22,Para llevar,Tarjeta,216.0
3126,14/01/2026,14:45,3156,17,Para llevar,Efectivo,62.0
3127,14/01/2026,19:20,1198,18,Salón,Yape,116.0
3128,14/01/2026,20:56,2160,24,Salón,Tarjeta,50.0
3129,14/01/2026,13:44,1873,24,Salón,Efectivo,123.0
3130,14/01/2026,13:55,895,7,Salón,Yape,108.0
3131,14/01/2026,13:36,3931,5,Salón,Efectivo,70.0
3132,14/01/2026,17:59,589,19,Salón,Efectivo,195.0
3133,14/01/2026,12:08,,16,Salón,Efectivo,32.0
3134,14/01/2026,20:06,2792,17,Salón,Yape,238.0
3135,14/01/2026,18:54,4617,17,Salón,Yape,100.0
3136,14/01/2026,13:45,4010,20,Para llevar,Efectivo,114.0
3137,15/01/2026,18:06,4138,7,Delivery propio,Efectivo,66.0
3138,15/01/2026,21:01,1507,3,Delivery propio,Tarjeta,66.0
3139,15/01/2026,14:43,4633,24,Salón,Efectivo,99.0
3140,15/01/2026,14:13,4551,7,Para llevar,Efectivo,92.0
3141,15/01/2026,11:01,4565,2,Salón,Efectivo,50.0
3142,15/01/2026,19:20,2397,2,Salón,Tarjeta,106.0
3143,15/01/2026,13:07,590,18,Salón,Yape,77.0
3144,15/01/2026,11:50,512,24,Salón,Yape,206.0
3145,15/01/2026,13:31,4205,20,Salón,Tarjeta,126.0
3146,15/01/2026,19:07,2351,19,Delivery propio,Yape,92.0
3147,15/01/2026,19:26,4684,19,Delivery propio,Plin,156.0
3148,15/01/2026,19:12,5356,7,Salón,Yape,180.0
3149,15/01/2026,17:37,,7,Salón,Efectivo,133.0
3150,15/01/2026,14:29,3214,3,Salón,Efectivo,166.0
3151,15/01/2026,14:33,725,5,Salón,Yape,117.0
3152,15/01/2026,14:44,,20,Para llevar,Tarjeta,128.0
3153,15/01/2026,12:27,,20,Delivery propio,Tarjeta,18.0
3154,15/01/2026,12:30,,2,Para llevar,Tarjeta,84.0
3155,15/01/2026,14:10,1255,18,Salón,Yape,180.0
3156,15/01/2026,19:56,284,2,Salón,Plin,288.0
3157,15/01/2026,15:30,1647,24,Salón,Yape,68.0
3158,15/01/2026,20:49,877,3,Para llevar,Efectivo,140.0
3159,15/01/2026,19:41,2969,18,Delivery propio,Yape,135.0
3160,15/01/2026,19:04,5321,17,Para llevar,Plin,172.0
3161,15/01/2026,13:44,3318,3,Salón,Yape,92.0
3162,15/01/2026,12:38,1530,19,Delivery propio,Yape,34.0
3163,15/01/2026,12:38,2388,22,Salón,Efectivo,152.0
3164,15/01/2026,12:40,4177,20,Para llevar,Yape,30.0
3165,15/01/2026,13:38,4730,24,Salón,Yape,132.0
3166,16/01/2026,15:11,951,24,Para llevar,Yape,76.0
3167,16/01/2026,18:25,296,2,Delivery propio,Efectivo,120.0
3168,16/01/2026,17:37,2340,20,Para llevar,Tarjeta,190.0
3169,16/01/2026,12:32,5074,18,Salón,Efectivo,136.0
3170,16/01/2026,13:10,,7,Salón,Tarjeta,66.0
3171,16/01/2026,14:37,1538,22,Salón,Tarjeta,276.0
3172,16/01/2026,15:09,3240,17,Salón,Efectivo,184.0
3173,16/01/2026,13:07,3509,7,Salón,Yape,106.0
3174,16/01/2026,13:40,2087,17,Salón,Tarjeta,83.0
3175,16/01/2026,14:24,5407,16,Salón,Plin,115.0
3176,16/01/2026,14:45,3194,3,Salón,Yape,43.0
3177,16/01/2026,18:06,1342,2,Salón,Yape,102.0
3178,16/01/2026,16:36,,5,Salón,Yape,158.0
3179,16/01/2026,16:49,1529,19,Delivery propio,Efectivo,146.0
3180,16/01/2026,12:59,481,24,Salón,Efectivo,243.0
3181,16/01/2026,15:35,702,17,Salón,Efectivo,33.0
3182,16/01/2026,17:54,,16,Salón,Tarjeta,215.0
3183,16/01/2026,12:20,3866,18,Salón,Plin,71.0
3184,16/01/2026,20:59,3375,2,Salón,Yape,50.0
3185,16/01/2026,21:30,5443,22,Para llevar,Yape,87.0
3186,16/01/2026,12:31,4498,19,Salón,Efectivo,55.0
3187,16/01/2026,13:32,3092,2,Salón,Tarjeta,132.0
3188,16/01/2026,17:47,1358,20,Delivery propio,Yape,73.0
3189,16/01/2026,17:43,1111,3,Salón,Efectivo,30.0
3190,16/01/2026,12:43,4296,5,Salón,Plin,94.0
3191,16/01/2026,12:52,2751,20,Delivery propio,Efectivo,84.0
3192,16/01/2026,13:34,3022,7,Salón,Yape,258.0
3193,16/01/2026,19:46,3823,17,Delivery propio,Plin,172.0
3194,16/01/2026,11:24,1736,17,Salón,Efectivo,190.0
3195,16/01/2026,20:05,67,3,Salón,Efectivo,88.0
3196,16/01/2026,14:18,1228,17,Salón,Tarjeta,128.0
3197,16/01/2026,14:41,558,7,Salón,Efectivo,240.0
3198,16/01/2026,17:22,3597,16,Delivery propio,Tarjeta,128.0
3199,16/01/2026,15:08,2738,2,Para llevar,Tarjeta,36.0
3200,16/01/2026,11:23,2908,22,Salón,Efectivo,27.0
3201,17/01/2026,13:02,,18,Para llevar,Tarjeta,135.0
3202,17/01/2026,13:08,4479,5,Salón,Efectivo,46.0
3203,17/01/2026,15:36,4541,16,Para llevar,Yape,280.0
3204,17/01/2026,14:18,,22,Para llevar,Yape,138.0
3205,17/01/2026,20:38,4058,24,Salón,Tarjeta,240.0
3206,17/01/2026,20:59,2850,22,Salón,Yape,201.0
3207,17/01/2026,18:08,3775,18,Salón,Efectivo,148.0
3208,17/01/2026,19:31,5021,7,Salón,Yape,64.0
3209,17/01/2026,19:46,,19,Salón,Efectivo,173.0
3210,17/01/2026,14:18,2413,16,Salón,Yape,102.0
3211,17/01/2026,17:52,2749,5,Salón,Yape,38.0
3212,17/01/2026,12:56,1188,5,Salón,Tarjeta,62.0
3213,17/01/2026,20:15,,24,Para llevar,Efectivo,72.0
3214,17/01/2026,14:57,4648,16,Salón,Yape,194.0
3215,17/01/2026,15:02,4620,24,Salón,Yape,125.0
3216,17/01/2026,18:10,2909,7,Para llevar,Efectivo,93.0
3217,17/01/2026,19:14,5466,19,Salón,Yape,167.0
3218,17/01/2026,18:37,3403,20,Salón,Efectivo,179.0
3219,17/01/2026,12:24,3979,3,Salón,Yape,50.0
3220,17/01/2026,13:10,1583,20,Salón,Efectivo,128.0
3221,17/01/2026,14:47,937,24,Para llevar,Yape,172.0
3222,17/01/2026,20:14,190,16,Salón,Efectivo,137.0
3223,17/01/2026,14:02,3374,24,Para llevar,Efectivo,110.0
3224,17/01/2026,14:51,2642,24,Salón,Plin,140.0
3225,17/01/2026,13:03,,17,Salón,Yape,264.0
3226,17/01/2026,14:43,3361,2,Delivery propio,Yape,66.0
3227,17/01/2026,17:38,3645,5,Para llevar,Tarjeta,52.0
3228,17/01/2026,15:06,823,16,Salón,Efectivo,112.0
3229,17/01/2026,14:47,1552,17,Salón,Tarjeta,34.0
3230,17/01/2026,12:15,4236,20,Salón,Plin,242.0
3231,17/01/2026,20:14,2517,3,Salón,Yape,102.0
3232,17/01/2026,12:36,2838,17,Delivery propio,Yape,140.0
3233,17/01/2026,11:56,451,5,Salón,Yape,72.0
3234,17/01/2026,14:44,403,22,Delivery propio,Yape,78.0
3235,17/01/2026,17:01,678,24,Salón,Efectivo,128.0
3236,18/01/2026,11:35,5325,20,Salón,Efectivo,137.0
3237,18/01/2026,14:57,1151,7,Salón,Yape,326.0
3238,18/01/2026,19:10,852,2,Salón,Efectivo,44.0
3239,18/01/2026,13:18,612,18,Salón,Yape,58.0
3240,18/01/2026,15:33,4881,3,Salón,Yape,192.0
3241,18/01/2026,17:38,4479,24,Salón,Efectivo,56.0
3242,18/01/2026,18:58,297,2,Salón,Efectivo,45.0
3243,18/01/2026,13:07,5321,22,Salón,Efectivo,68.0
3244,18/01/2026,15:17,4384,19,Para llevar,Efectivo,76.0
3245,18/01/2026,12:05,5344,7,Salón,Tarjeta,26.0
3246,18/01/2026,17:40,5067,7,Salón,Efectivo,42.0
3247,18/01/2026,12:29,5256,7,Salón,Efectivo,14.0
3248,18/01/2026,13:43,463,5,Para llevar,Efectivo,192.0
3249,18/01/2026,18:56,4479,24,Salón,Plin,60.0
3250,18/01/2026,14:17,2925,3,Salón,Efectivo,54.0
3251,18/01/2026,16:38,5337,19,Para llevar,Yape,62.0
3252,18/01/2026,13:13,3367,16,Salón,Tarjeta,86.0
3253,18/01/2026,12:53,5321,16,Delivery propio,Yape,40.0
3254,18/01/2026,13:21,1451,20,Salón,Tarjeta,160.0
3255,18/01/2026,15:25,2526,7,Para llevar,Tarjeta,98.0
3256,18/01/2026,15:37,3821,17,Salón,Efectivo,164.0
3257,18/01/2026,19:11,995,3,Salón,Plin,144.0
3258,18/01/2026,14:45,,24,Salón,Tarjeta,114.0
3259,18/01/2026,13:01,1042,19,Para llevar,Yape,190.0
3260,18/01/2026,12:00,4639,17,Salón,Yape,36.0
3261,18/01/2026,18:29,5400,5,Delivery propio,Efectivo,106.0
3262,18/01/2026,20:58,3469,20,Salón,Efectivo,230.0
3263,18/01/2026,17:24,4304,22,Delivery propio,Plin,116.0
3264,18/01/2026,19:19,654,20,Delivery propio,Yape,188.0
3265,18/01/2026,20:49,1770,2,Salón,Yape,210.0
3266,18/01/2026,13:59,1886,16,Para llevar,Tarjeta,114.0
3267,18/01/2026,13:31,4833,16,Para llevar,Efectivo,70.0
3268,18/01/2026,20:10,4323,5,Salón,Efectivo,36.0
3269,18/01/2026,13:28,,19,Salón,Efectivo,154.0
3270,18/01/2026,18:39,,3,Delivery propio,Efectivo,135.0
3271,18/01/2026,19:46,,19,Salón,Efectivo,18.0
3272,18/01/2026,14:46,1580,19,Delivery propio,Efectivo,179.0
3273,18/01/2026,18:39,4849,17,Salón,Plin,162.0
3274,18/01/2026,14:51,5013,5,Delivery propio,Tarjeta,98.0
3275,18/01/2026,16:01,3329,3,Salón,Efectivo,45.0
3276,18/01/2026,18:33,1290,2,Salón,Yape,100.0
3277,18/01/2026,20:09,3102,22,Salón,Efectivo,274.0
3278,18/01/2026,11:22,485,18,Salón,Tarjeta,144.0
3279,18/01/2026,14:58,185,20,Salón,Efectivo,46.0
3280,18/01/2026,18:32,212,24,Salón,Yape,114.0
3281,18/01/2026,12:06,4542,17,Delivery propio,Yape,90.0
3282,18/01/2026,12:57,3101,16,Salón,Efectivo,198.0
3283,18/01/2026,19:35,96,7,Para llevar,Efectivo,100.0
3284,18/01/2026,21:00,4896,5,Salón,Yape,118.0
3285,18/01/2026,13:38,2910,7,Delivery propio,Yape,114.0
3286,19/01/2026,18:49,,24,Salón,Tarjeta,199.0
3287,19/01/2026,15:30,859,20,Delivery propio,Tarjeta,176.0
3288,19/01/2026,16:11,2972,7,Delivery propio,Efectivo,186.0
3289,19/01/2026,14:20,4323,17,Para llevar,Efectivo,55.0
3290,19/01/2026,12:21,,22,Salón,Tarjeta,151.0
3291,19/01/2026,19:30,2413,5,Para llevar,Tarjeta,94.0
3292,19/01/2026,15:32,2039,18,Para llevar,Efectivo,78.0
3293,19/01/2026,12:37,4204,5,Salón,Plin,64.0
3294,19/01/2026,13:40,4857,18,Salón,Plin,170.0
3295,19/01/2026,17:59,4138,20,Salón,Plin,88.0
3296,19/01/2026,13:09,2718,19,Salón,Tarjeta,250.0
3297,19/01/2026,13:37,3418,19,Salón,Yape,60.0
3298,19/01/2026,12:18,,20,Salón,Plin,31.0
3299,19/01/2026,20:42,,18,Salón,Yape,154.0
3300,19/01/2026,19:04,4804,24,Delivery propio,Tarjeta,119.0
3301,19/01/2026,13:41,2311,19,Salón,Tarjeta,168.0
3302,19/01/2026,19:08,2111,3,Para llevar,Tarjeta,138.0
3303,20/01/2026,18:36,,24,Salón,Tarjeta,280.0
3304,20/01/2026,14:26,4090,2,Salón,Yape,40.0
3305,20/01/2026,13:38,2083,5,Salón,Yape,22.0
3306,20/01/2026,14:04,2646,24,Salón,Yape,129.0
3307,20/01/2026,14:00,531,22,Delivery propio,Tarjeta,38.0
3308,20/01/2026,12:28,3475,22,Delivery propio,Yape,160.0
3309,20/01/2026,19:13,,24,Para llevar,Efectivo,100.0
3310,20/01/2026,11:27,4562,19,Delivery propio,Efectivo,122.0
3311,20/01/2026,15:22,2103,3,Salón,Efectivo,198.0
3312,20/01/2026,21:17,2239,7,Salón,Tarjeta,86.0
3313,Ayer,14:54,5388,22,Salón,Yape,168.0
3314,20/01/2026,14:11,771,18,Salón,Yape,112.0
3315,20/01/2026,16:23,5318,7,Para llevar,Efectivo,142.0
3316,20/01/2026,14:56,2441,5,Salón,Yape,87.0
3317,20/01/2026,12:32,3878,20,Para llevar,Plin,71.0
3318,20/01/2026,20:30,2288,19,Salón,Yape,118.0
3319,20/01/2026,15:07,2239,7,Salón,Yape,14.0
3320,20/01/2026,21:26,5123,17,Delivery propio,Efectivo,114.0
3321,20/01/2026,17:54,4754,3,Salón,Yape,126.0
3322,20/01/2026,14:40,1744,22,Salón,Plin,28.0
3323,20/01/2026,18:32,3536,7,Delivery propio,Tarjeta,14.0
3324,20/01/2026,18:43,2015,2,Para llevar,Yape,78.0
3325,20/01/2026,13:29,26,16,Salón,Plin,60.0
3326,20/01/2026,18:37,1082,20,Para llevar,Efectivo,112.0
3327,20/01/2026,19:39,4392,18,Delivery propio,Plin,84.0
3328,20/01/2026,16:38,4555,7,Salón,Efectivo,76.0
3329,21/01/2026,14:49,4710,16,Salón,Tarjeta,162.0
3330,21/01/2026,18:18,4479,7,Salón,Yape,202.0
3331,21/01/2026,19:37,2146,18,Salón,Efectivo,372.0
3332,21/01/2026,13:31,2725,20,Para llevar,Yape,82.0
3333,21/01/2026,12:04,645,20,Salón,Tarjeta,110.0
3334,21/01/2026,18:39,3456,18,Salón,Efectivo,60.0
3335,21/01/2026,15:49,2490,7,Salón,Efectivo,28.0
3336,21/01/2026,13:49,4650,3,Salón,Yape,120.0
3337,21/01/2026,18:51,360,16,Salón,Efectivo,164.0
3338,21/01/2026,17:46,2900,24,Delivery propio,Efectivo,66.0
3339,21/01/2026,11:16,4674,18,Salón,Yape,76.0
3340,21/01/2026,15:46,1881,5,Salón,Tarjeta,28.0
3341,21/01/2026,19:02,1850,18,Salón,Tarjeta,103.0
3342,21/01/2026,13:44,3584,22,Delivery propio,Yape,70.0
3343,21/01/2026,15:46,1811,2,Salón,Efectivo,163.0
3344,21/01/2026,17:25,1314,5,Salón,Yape,60.0
3345,21/01/2026,19:21,1353,3,Salón,Yape,61.0
3346,21/01/2026,21:06,4703,5,Salón,Efectivo,136.0
3347,21/01/2026,11:28,5321,16,Para llevar,Yape,162.0
3348,21/01/2026,13:26,5337,22,Salón,Yape,170.0
3349,21/01/2026,12:10,3247,18,Para llevar,Tarjeta,28.0
3350,21/01/2026,21:42,3838,5,Para llevar,Efectivo,300.0
3351,21/01/2026,19:36,,20,Para llevar,Yape,136.0
3352,22/01/2026,14:21,877,7,Salón,Efectivo,121.0
3353,22/01/2026,18:56,3260,5,Delivery propio,Yape,224.0
3354,22/01/2026,15:07,415,22,Salón,Yape,32.0
3355,22/01/2026,11:43,4686,18,Salón,Efectivo,212.0
3356,22/01/2026,19:17,,16,Delivery propio,Efectivo,93.0
3357,22/01/2026,12:59,489,19,Para llevar,Efectivo,166.0
3358,22/01/2026,13:04,,5,Salón,Tarjeta,175.0
3359,22/01/2026,20:07,188,22,Salón,Yape,107.0
3360,22/01/2026,13:02,190,2,Salón,Yape,96.0
3361,22/01/2026,14:26,2489,7,Delivery propio,Tarjeta,82.0
3362,22/01/2026,16:37,3792,7,Delivery propio,Plin,30.0
3363,22/01/2026,19:08,923,24,Salón,Efectivo,100.0
3364,22/01/2026,21:14,2073,24,Para llevar,Tarjeta,36.0
3365,22/01/2026,20:58,2486,22,Salón,Yape,136.0
3366,22/01/2026,15:27,,18,Salón,Efectivo,67.0
3367,22/01/2026,12:28,,22,Para llevar,Yape,146.0
3368,22/01/2026,13:27,,18,Salón,Plin,138.0
3369,22/01/2026,21:53,4081,7,Delivery propio,Tarjeta,176.0
3370,22/01/2026,15:33,,18,Para llevar,Efectivo,98.0
3371,22/01/2026,14:04,3363,17,Salón,Efectivo,164.0
3372,22/01/2026,14:07,5428,20,Salón,Tarjeta,184.0
3373,No se sabe,18:53,3652,18,Salón,Efectivo,254.0
3374,22/01/2026,18:39,3351,24,Salón,Plin,124.0
3375,22/01/2026,15:40,1074,22,Salón,Efectivo,16.0
3376,22/01/2026,12:06,1226,18,Para llevar,Efectivo,163.0
3377,23/01/2026,19:50,4075,5,Para llevar,Efectivo,223.0
3378,23/01/2026,20:54,448,5,Salón,Tarjeta,137.0
3379,23/01/2026,14:12,1286,24,Salón,Efectivo,36.0
3380,23/01/2026,19:11,2805,16,Salón,Tarjeta,174.0
3381,23/01/2026,19:26,5030,3,Para llevar,Yape,150.0
3382,23/01/2026,11:09,2159,24,Salón,Yape,102.0
3383,23/01/2026,14:55,1793,20,Salón,Efectivo,126.0
3384,23/01/2026,17:27,1236,3,Salón,Tarjeta,134.0
3385,23/01/2026,19:21,5016,5,Para llevar,Efectivo,76.0
3386,23/01/2026,14:08,2645,2,Salón,Yape,36.0
3387,23/01/2026,16:12,2754,3,Salón,Plin,132.0
3388,23/01/2026,16:20,643,18,Salón,Tarjeta,40.0
3389,23/01/2026,14:49,2477,16,Para llevar,Yape,139.0
3390,23/01/2026,13:38,4785,16,Salón,Yape,128.0
3391,23/01/2026,14:32,5491,18,Para llevar,Yape,61.0
3392,23/01/2026,13:15,160,3,Salón,Tarjeta,253.0
3393,23/01/2026,15:50,1171,2,Salón,Plin,42.0
3394,23/01/2026,11:25,,7,Salón,Efectivo,113.0
3395,23/01/2026,14:00,5010,20,Delivery propio,Plin,102.0
3396,23/01/2026,14:22,5044,20,Salón,Efectivo,162.0
3397,23/01/2026,17:10,,16,Salón,Tarjeta,198.0
3398,23/01/2026,14:58,1373,7,Para llevar,Yape,30.0
3399,23/01/2026,20:20,2571,7,Salón,Tarjeta,72.0
3400,23/01/2026,14:49,4120,16,Salón,Tarjeta,66.0
3401,23/01/2026,11:36,2075,7,Salón,Efectivo,299.0
3402,23/01/2026,20:37,2290,18,Salón,Plin,180.0
3403,23/01/2026,19:39,5038,24,Salón,Tarjeta,102.0
3404,23/01/2026,12:09,98,5,Salón,Efectivo,34.0
3405,23/01/2026,13:05,,7,Salón,Tarjeta,96.0
3406,23/01/2026,19:59,4771,22,Salón,Efectivo,118.0
3407,23/01/2026,12:11,2774,18,Para llevar,Yape,30.0
3408,23/01/2026,14:54,4043,20,Salón,Efectivo,91.0
3409,23/01/2026,13:06,2548,5,Salón,Efectivo,58.0
3410,23/01/2026,13:22,,22,Delivery propio,Efectivo,220.0
3411,23/01/2026,17:16,,22,Salón,Yape,180.0
3412,23/01/2026,13:48,270,16,Para llevar,Tarjeta,92.0
3413,23/01/2026,12:07,1831,3,Para llevar,Tarjeta,102.0
3414,23/01/2026,15:40,4019,18,Para llevar,Efectivo,45.0
3415,23/01/2026,20:06,,5,Salón,Efectivo,112.0
3416,23/01/2026,16:56,3447,19,Salón,Yape,86.0
3417,24/01/2026,14:53,3558,20,Salón,Plin,138.0
3418,24/01/2026,11:10,3763,7,Delivery propio,Tarjeta,310.0
3419,24/01/2026,13:52,5052,24,Salón,Yape,90.0
3420,24/01/2026,15:12,,16,Delivery propio,Efectivo,110.0
3421,24/01/2026,20:20,3020,19,Salón,Yape,90.0
3422,24/01/2026,13:12,877,5,Para llevar,Efectivo,36.0
3423,24/01/2026,14:49,,19,Para llevar,Yape,172.0
3424,24/01/2026,21:15,653,18,Salón,Plin,140.0
3425,24/01/2026,15:49,3951,19,Salón,Efectivo,159.0
3426,24/01/2026,20:53,264,18,Salón,Plin,228.0
3427,24/01/2026,14:49,,3,Para llevar,Efectivo,146.0
3428,24/01/2026,19:54,2908,3,Para llevar,Yape,134.0
3429,24/01/2026,14:15,961,18,Delivery propio,Yape,90.0
3430,24/01/2026,14:27,1028,20,Salón,Tarjeta,281.0
3431,24/01/2026,14:39,3694,24,Salón,Tarjeta,57.0
3432,24/01/2026,11:08,5304,19,Salón,Tarjeta,163.0
3433,24/01/2026,12:51,5044,2,Salón,Efectivo,99.0
3434,24/01/2026,14:40,678,16,Salón,Efectivo,70.0
3435,24/01/2026,15:48,1673,2,Salón,Efectivo,186.0
3436,24/01/2026,18:31,609,22,Delivery propio,Efectivo,68.0
3437,24/01/2026,13:37,3285,5,Salón,Plin,86.0
3438,24/01/2026,20:02,45,2,Salón,Efectivo,90.0
3439,24/01/2026,13:39,1461,3,Para llevar,Efectivo,20.0
3440,24/01/2026,13:00,877,18,Salón,Tarjeta,187.0
3441,24/01/2026,11:38,4257,18,Delivery propio,Efectivo,34.0
3442,24/01/2026,14:40,293,2,Salón,Plin,186.0
3443,24/01/2026,15:03,1194,7,Para llevar,Efectivo,112.0
3444,24/01/2026,17:28,259,19,Salón,Yape,74.0
3445,24/01/2026,17:42,811,24,Salón,Tarjeta,190.0
3446,24/01/2026,19:47,1737,17,Salón,Efectivo,176.0
3447,24/01/2026,18:12,2808,5,Para llevar,Tarjeta,157.0
3448,24/01/2026,21:28,4500,18,Para llevar,Efectivo,186.0
3449,24/01/2026,15:07,750,16,Salón,Efectivo,74.0
3450,24/01/2026,14:59,,18,Para llevar,Efectivo,104.0
3451,24/01/2026,16:26,5248,24,Salón,Plin,62.0
3452,24/01/2026,13:37,1651,7,Salón,Plin,231.0
3453,24/01/2026,11:07,142,18,Delivery propio,Plin,127.0
3454,24/01/2026,13:18,3669,17,Delivery propio,Efectivo,48.0
3455,24/01/2026,18:25,86,16,Salón,Yape,73.0
3456,24/01/2026,11:21,711,24,Salón,Efectivo,280.0
3457,24/01/2026,13:01,,7,Salón,Efectivo,236.0
3458,24/01/2026,19:36,645,7,Salón,Yape,37.0
3459,24/01/2026,14:04,1736,5,Para llevar,Efectivo,72.0
3460,24/01/2026,19:14,5041,3,Salón,Efectivo,350.0
3461,24/01/2026,13:37,921,18,Salón,Tarjeta,120.0
3462,24/01/2026,18:09,393,3,Salón,Yape,295.0
3463,24/01/2026,14:49,4596,19,Salón,Efectivo,63.0
3464,24/01/2026,19:43,4434,16,Salón,Efectivo,130.0
3465,24/01/2026,13:28,4948,17,Delivery propio,Tarjeta,24.0
3466,24/01/2026,15:17,3310,2,Para llevar,Efectivo,81.0
3467,24/01/2026,14:32,1180,3,Salón,Tarjeta,90.0
3468,24/01/2026,14:25,4666,5,Salón,Efectivo,56.0
3469,24/01/2026,14:55,812,20,Para llevar,Yape,18.0
3470,24/01/2026,14:25,2638,19,Para llevar,Tarjeta,194.0
3471,24/01/2026,14:50,3609,7,Salón,Efectivo,180.0
3472,24/01/2026,18:00,2273,3,Para llevar,Efectivo,299.0
3473,24/01/2026,13:49,3869,22,Delivery propio,Plin,116.0
3474,24/01/2026,12:29,4914,17,Para llevar,Efectivo,62.0
3475,24/01/2026,12:27,5422,17,Salón,Efectivo,181.0
3476,25/01/2026,20:37,2873,20,Salón,Plin,156.0
3477,25/01/2026,13:34,2620,24,Delivery propio,Yape,42.0
3478,25/01/2026,15:54,3451,19,Salón,Plin,46.0
3479,25/01/2026,21:35,4713,20,Salón,Plin,82.0
3480,25/01/2026,21:10,2746,20,Salón,Efectivo,216.0
3481,25/01/2026,14:49,1321,24,Salón,Tarjeta,118.0
3482,25/01/2026,15:48,3327,17,Salón,Efectivo,56.0
3483,25/01/2026,15:30,5317,17,Salón,Efectivo,230.0
3484,25/01/2026,12:43,4409,22,Para llevar,Efectivo,132.0
3485,25/01/2026,18:44,4745,2,Salón,Tarjeta,159.0
3486,25/01/2026,19:02,4859,3,Salón,Yape,66.0
3487,25/01/2026,21:41,3545,3,Salón,Plin,28.0
3488,25/01/2026,20:06,1835,22,Salón,Tarjeta,162.0
3489,25/01/2026,13:14,4896,5,Para llevar,Yape,132.0
3490,25/01/2026,13:08,1198,18,Salón,Tarjeta,82.0
3491,25/01/2026,16:40,490,3,Para llevar,Tarjeta,123.0
3492,25/01/2026,13:17,4479,16,Para llevar,Efectivo,245.0
3493,25/01/2026,11:09,4537,2,Delivery propio,Tarjeta,184.0
3494,25/01/2026,19:36,22,19,Salón,Yape,73.0
3495,25/01/2026,19:01,2823,24,Para llevar,Efectivo,184.0
3496,25/01/2026,11:01,1582,16,Delivery propio,Efectivo,312.0
3497,25/01/2026,19:13,589,18,Salón,Plin,125.0
3498,25/01/2026,20:24,1998,2,Salón,Tarjeta,112.0
3499,25/01/2026,17:20,1918,18,Salón,Efectivo,84.0
3500,25/01/2026,12:00,2831,3,Salón,Yape,208.0
3501,25/01/2026,18:42,4747,17,Salón,Efectivo,126.0
3502,25/01/2026,12:50,4814,20,Salón,Tarjeta,84.0
3503,25/01/2026,11:44,3160,18,Salón,Tarjeta,156.0
3504,25/01/2026,13:07,5204,17,Para llevar,Tarjeta,168.0
3505,25/01/2026,13:55,,19,Para llevar,Tarjeta,64.0
3506,25/01/2026,13:01,1042,5,Delivery propio,Efectivo,326.0
3507,25/01/2026,12:51,4408,19,Delivery propio,Plin,80.0
3508,25/01/2026,15:37,5327,24,Salón,Yape,178.0
3509,25/01/2026,12:57,5371,16,Salón,Tarjeta,144.0
3510,25/01/2026,14:18,3375,5,Delivery propio,Yape,96.0
3511,25/01/2026,21:37,1845,5,Salón,Efectivo,30.0
3512,25/01/2026,12:29,3896,19,Delivery propio,Efectivo,146.0
3513,25/01/2026,20:30,4067,16,Delivery propio,Plin,108.0
3514,25/01/2026,14:24,4645,22,Salón,Plin,100.0
3515,25/01/2026,14:27,1983,16,Salón,Plin,124.0
3516,25/01/2026,19:57,,2,Para llevar,Efectivo,99.0
3517,25/01/2026,12:06,6,5,Delivery propio,Tarjeta,110.0
3518,25/01/2026,13:21,4944,24,Salón,Efectivo,138.0
3519,25/01/2026,12:57,2722,16,Para llevar,Tarjeta,76.0
3520,25/01/2026,19:56,3970,22,Salón,Efectivo,205.0
3521,25/01/2026,13:37,1497,24,Salón,Plin,270.0
3522,25/01/2026,13:09,4669,19,Salón,Tarjeta,34.0
3523,25/01/2026,17:28,4500,24,Salón,Tarjeta,137.0
3524,25/01/2026,16:37,2388,24,Delivery propio,Efectivo,260.0
3525,25/01/2026,12:51,2139,5,Para llevar,Efectivo,92.0
3526,25/01/2026,14:19,2891,20,Salón,Yape,94.0
3527,25/01/2026,21:19,151,24,Salón,Efectivo,152.0
3528,25/01/2026,20:03,3210,22,Para llevar,Yape,144.0
3529,25/01/2026,13:43,1753,18,Salón,Efectivo,174.0
3530,25/01/2026,20:01,3118,17,Delivery propio,Efectivo,139.0
3531,25/01/2026,19:00,2197,17,Delivery propio,Tarjeta,88.0
3532,25/01/2026,20:56,2388,22,Salón,Plin,103.0
3533,26/01/2026,13:45,2345,7,Para llevar,Yape,122.0
3534,26/01/2026,17:46,3640,3,Salón,Efectivo,64.0
3535,26/01/2026,12:29,,20,Delivery propio,Efectivo,123.0
3536,26/01/2026,15:30,107,22,Salón,Efectivo,100.0
3537,26/01/2026,20:34,3424,5,Salón,Tarjeta,212.0
3538,26/01/2026,12:28,2737,22,Delivery propio,Tarjeta,61.0
3539,26/01/2026,19:48,5224,16,Salón,Yape,74.0
3540,26/01/2026,12:20,4205,7,Salón,Yape,74.0
3541,Ayer,11:47,5273,16,Salón,Yape,38.0
3542,26/01/2026,15:04,1042,24,Salón,Yape,204.0
3543,26/01/2026,14:44,4329,22,Delivery propio,Yape,42.0
3544,26/01/2026,14:40,1806,3,Salón,Efectivo,112.0
3545,26/01/2026,19:48,536,2,Salón,Efectivo,84.0
3546,26/01/2026,13:42,,19,Salón,Tarjeta,24.0
3547,26/01/2026,20:05,4180,22,Salón,Yape,136.0
3548,26/01/2026,18:36,3735,16,Salón,Plin,140.0
3549,26/01/2026,14:46,2432,19,Salón,Tarjeta,168.0
3550,26/01/2026,19:21,1928,18,Delivery propio,Plin,24.0
3551,26/01/2026,14:10,1949,3,Salón,Yape,83.0
3552,26/01/2026,14:53,4274,20,Salón,Yape,158.0
3553,26/01/2026,14:03,3500,24,Delivery propio,Efectivo,88.0
3554,26/01/2026,13:23,,3,Salón,Efectivo,52.0
3555,26/01/2026,12:04,5140,16,Salón,Efectivo,38.0
3556,26/01/2026,14:50,712,22,Salón,Efectivo,239.0
3557,26/01/2026,20:05,443,20,Para llevar,Yape,79.0
3558,26/01/2026,17:33,4621,18,Para llevar,Yape,75.0
3559,27/01/2026,13:13,4171,16,Salón,Plin,48.0
3560,27/01/2026,13:10,4487,7,Delivery propio,Yape,190.0
3561,27/01/2026,16:39,4707,2,Para llevar,Efectivo,334.0
3562,27/01/2026,20:04,2024,19,Para llevar,Efectivo,137.0
3563,27/01/2026,12:24,1724,24,Salón,Tarjeta,112.0
3564,27/01/2026,19:42,3627,18,Salón,Efectivo,167.0
3565,27/01/2026,20:11,765,18,Delivery propio,Yape,88.0
3566,27/01/2026,11:33,2351,5,Salón,Yape,166.0
3567,27/01/2026,16:20,5486,18,Salón,Efectivo,35.0
3568,27/01/2026,19:05,3320,7,Salón,Efectivo,58.0
3569,27/01/2026,18:05,4439,5,Delivery propio,Efectivo,84.0
3570,27/01/2026,20:07,3792,20,Salón,Yape,45.0
3571,27/01/2026,13:01,3223,19,Delivery propio,Plin,274.0
3572,27/01/2026,14:00,3811,16,Delivery propio,Yape,57.0
3573,27/01/2026,17:26,3612,24,Salón,Tarjeta,172.0
3574,27/01/2026,15:54,4898,20,Delivery propio,Yape,63.0
3575,27/01/2026,12:36,955,24,Para llevar,Efectivo,124.0
3576,27/01/2026,12:55,3471,17,Delivery propio,Yape,156.0
3577,27/01/2026,13:15,1513,3,Delivery propio,Efectivo,108.0
3578,27/01/2026,16:31,5020,7,Salón,Tarjeta,165.0
3579,27/01/2026,11:29,3532,2,Para llevar,Plin,44.0
3580,27/01/2026,12:42,3931,22,Salón,Efectivo,42.0
3581,27/01/2026,12:01,2280,16,Delivery propio,Yape,34.0
3582,27/01/2026,19:35,5212,20,Salón,Yape,96.0
3583,27/01/2026,14:57,2900,5,Delivery propio,Efectivo,134.0
3584,27/01/2026,11:56,3812,18,Delivery propio,Yape,114.0
3585,27/01/2026,13:21,2880,17,Para llevar,Plin,170.0
3586,28/01/2026,13:55,2569,18,Salón,Plin,229.0
3587,28/01/2026,13:12,1359,2,Para llevar,Yape,52.0
3588,28/01/2026,19:06,702,20,Salón,Plin,114.0
3589,28/01/2026,19:14,4729,22,Salón,Efectivo,179.0
3590,28/01/2026,19:06,2122,16,Delivery propio,Efectivo,208.0
3591,28/01/2026,15:36,,19,Salón,Tarjeta,48.0
3592,28/01/2026,14:32,2841,2,Para llevar,Tarjeta,188.0
3593,28/01/2026,15:42,1872,20,Salón,Plin,64.0
3594,28/01/2026,16:42,1067,16,Salón,Efectivo,116.0
3595,28/01/2026,12:48,,18,Salón,Efectivo,70.0
3596,28/01/2026,19:39,,3,Delivery propio,Efectivo,196.0
3597,28/01/2026,13:04,3491,22,Salón,Yape,140.0
3598,28/01/2026,20:38,3648,16,Salón,Efectivo,176.0
3599,Ayer,19:27,1036,24,Para llevar,Yape,32.0
3600,28/01/2026,13:22,2640,7,Salón,Tarjeta,140.0
3601,Ayer,19:45,2763,5,Salón,Yape,143.0
3602,28/01/2026,12:00,69,3,Salón,Yape,54.0
3603,28/01/2026,19:05,1171,17,Salón,Efectivo,156.0
3604,28/01/2026,13:15,2488,3,Salón,Yape,108.0
3605,28/01/2026,14:50,165,19,Salón,Yape,238.0
3606,28/01/2026,21:11,196,3,Salón,Tarjeta,181.0
3607,28/01/2026,18:46,695,3,Para llevar,Efectivo,152.0
3608,28/01/2026,14:29,2288,24,Salón,Yape,177.0
3609,28/01/2026,15:52,1758,5,Delivery propio,Efectivo,159.0
3610,28/01/2026,12:42,1729,2,Para llevar,Yape,273.0
3611,28/01/2026,13:43,,18,Salón,Tarjeta,112.0
3612,28/01/2026,20:16,558,18,Para llevar,Efectivo,249.0
3613,28/01/2026,18:21,,7,Delivery propio,Plin,52.0
3614,28/01/2026,13:09,2849,18,Delivery propio,Plin,76.0
3615,28/01/2026,13:10,2134,2,Salón,Tarjeta,230.0
3616,28/01/2026,14:57,4116,2,Salón,Efectivo,186.0
3617,29/01/2026,15:22,,16,Salón,Plin,44.0
3618,29/01/2026,21:40,1412,16,Para llevar,Tarjeta,179.0
3619,29/01/2026,14:25,3617,3,Delivery propio,Tarjeta,22.0
3620,29/01/2026,12:01,1234,3,Salón,Tarjeta,121.0
3621,29/01/2026,13:06,5371,5,Salón,Plin,115.0
3622,29/01/2026,21:30,4732,19,Salón,Yape,104.0
3623,29/01/2026,12:29,4107,22,Salón,Tarjeta,156.0
3624,29/01/2026,12:00,1129,5,Salón,Yape,175.0
3625,29/01/2026,19:33,5191,2,Salón,Efectivo,228.0
3626,29/01/2026,21:39,4454,7,Salón,Tarjeta,28.0
3627,29/01/2026,18:28,3512,19,Salón,Efectivo,68.0
3628,29/01/2026,13:06,845,20,Delivery propio,Tarjeta,198.0
3629,29/01/2026,19:07,286,24,Delivery propio,Tarjeta,90.0
3630,29/01/2026,14:46,4831,16,Salón,Yape,128.0
3631,29/01/2026,12:18,1833,24,Salón,Efectivo,77.0
3632,29/01/2026,17:07,4905,24,Salón,Tarjeta,96.0
3633,29/01/2026,17:17,3679,16,Para llevar,Tarjeta,82.0
3634,29/01/2026,21:55,4535,5,Para llevar,Efectivo,127.0
3635,29/01/2026,19:38,,22,Delivery propio,Tarjeta,106.0
3636,29/01/2026,20:45,4425,19,Para llevar,Yape,126.0
3637,29/01/2026,11:17,4592,19,Salón,Tarjeta,52.0
3638,29/01/2026,12:24,4434,19,Salón,Efectivo,126.0
3639,29/01/2026,21:33,,17,Salón,Efectivo,38.0
3640,29/01/2026,14:26,2059,19,Salón,Yape,128.0
3641,29/01/2026,20:05,3143,7,Salón,Plin,395.0
3642,29/01/2026,17:43,3553,7,Para llevar,Plin,74.0
3643,29/01/2026,11:32,1997,22,Delivery propio,Yape,25.0
3644,29/01/2026,21:11,,3,Salón,Plin,86.0
3645,29/01/2026,19:02,2792,18,Salón,Plin,94.0
3646,29/01/2026,14:11,4754,19,Salón,Yape,154.0
3647,29/01/2026,16:40,1289,5,Salón,Tarjeta,179.0
3648,29/01/2026,20:58,5166,20,Salón,Efectivo,118.0
3649,29/01/2026,14:36,1820,22,Salón,Tarjeta,237.0
3650,29/01/2026,19:16,3337,3,Delivery propio,Yape,55.0
3651,30/01/2026,18:15,2513,17,Salón,Efectivo,283.0
3652,30/01/2026,13:57,2302,22,Delivery propio,Yape,138.0
3653,30/01/2026,13:15,2900,16,Salón,Tarjeta,116.0
3654,30/01/2026,14:39,838,22,Salón,Tarjeta,151.0
3655,30/01/2026,19:36,4814,3,Salón,Tarjeta,112.0
3656,30/01/2026,12:51,2765,7,Salón,Tarjeta,70.0
3657,30/01/2026,21:17,2775,20,Salón,Tarjeta,225.0
3658,30/01/2026,13:23,5485,16,Salón,Tarjeta,166.0
3659,30/01/2026,13:15,1539,22,Salón,Plin,72.0
3660,30/01/2026,17:23,3330,16,Salón,Yape,30.0
3661,30/01/2026,21:27,4989,7,Salón,Yape,301.0
3662,30/01/2026,19:47,2620,18,Salón,Tarjeta,132.0
3663,30/01/2026,13:11,2427,2,Salón,Plin,313.0
3664,30/01/2026,15:19,252,22,Delivery propio,Yape,166.0
3665,30/01/2026,19:28,1261,24,Delivery propio,Plin,154.0
3666,30/01/2026,19:06,,16,Delivery propio,Efectivo,168.0
3667,30/01/2026,13:52,5360,7,Salón,Tarjeta,122.0
3668,30/01/2026,15:06,2084,20,Salón,Efectivo,112.0
3669,30/01/2026,19:52,3618,18,Salón,Efectivo,28.0
3670,30/01/2026,16:32,2713,7,Delivery propio,Plin,82.0
3671,30/01/2026,19:26,336,5,Salón,Tarjeta,206.0
3672,30/01/2026,18:00,1878,5,Delivery propio,Yape,76.0
3673,30/01/2026,18:10,3127,2,Salón,Yape,54.0
3674,30/01/2026,14:59,507,2,Salón,Yape,104.0
3675,30/01/2026,11:46,2795,24,Salón,Yape,109.0
3676,30/01/2026,19:27,2092,18,Salón,Plin,102.0
3677,30/01/2026,16:23,888,18,Para llevar,Yape,142.0
3678,30/01/2026,19:50,,2,Delivery propio,Efectivo,140.0
3679,30/01/2026,20:14,5495,2,Salón,Yape,150.0
3680,30/01/2026,13:50,3335,17,Salón,Yape,49.0
3681,30/01/2026,19:29,,24,Salón,Efectivo,80.0
3682,30/01/2026,20:37,1468,2,Salón,Tarjeta,16.0
3683,30/01/2026,14:05,1965,2,Delivery propio,Yape,117.0
3684,30/01/2026,13:32,3211,3,Salón,Yape,129.0
3685,30/01/2026,17:47,115,22,Para llevar,Yape,162.0
3686,30/01/2026,12:38,,22,Delivery propio,Yape,108.0
3687,30/01/2026,16:54,3742,3,Delivery propio,Yape,90.0
3688,30/01/2026,13:43,5109,16,Salón,Plin,134.0
3689,30/01/2026,18:33,3045,5,Salón,Efectivo,136.0
3690,30/01/2026,21:20,3417,24,Para llevar,Efectivo,120.0
3691,30/01/2026,11:01,1585,16,Salón,Yape,120.0
3692,30/01/2026,18:12,4507,19,Salón,Yape,114.0
3693,30/01/2026,14:24,4716,3,Para llevar,Yape,62.0
3694,30/01/2026,16:03,1703,17,Para llevar,Efectivo,78.0
3695,30/01/2026,19:29,3034,19,Salón,Efectivo,74.0
3696,30/01/2026,19:36,1965,5,Salón,Yape,82.0
3697,30/01/2026,13:17,4080,17,Delivery propio,Yape,85.0
3698,30/01/2026,15:54,2750,5,Para llevar,Tarjeta,122.0
3699,30/01/2026,15:02,1944,17,Salón,Efectivo,90.0
3700,30/01/2026,14:45,4718,2,Salón,Efectivo,80.0
3701,31/01/2026,15:45,5065,20,Delivery propio,Tarjeta,44.0
3702,31/01/2026,18:49,1422,2,Salón,Tarjeta,60.0
3703,31/01/2026,19:04,1931,20,Delivery propio,Yape,60.0
3704,31/01/2026,14:36,148,24,Salón,Plin,73.0
3705,31/01/2026,16:33,1862,3,Para llevar,Yape,46.0
3706,31/01/2026,13:05,4479,5,Salón,Yape,85.0
3707,31/01/2026,18:52,877,22,Salón,Yape,44.0
3708,31/01/2026,16:22,1978,18,Para llevar,Plin,30.0
3709,31/01/2026,14:00,2226,17,Salón,Yape,96.0
3710,31/01/2026,15:39,3979,18,Salón,Efectivo,152.0
3711,31/01/2026,18:51,646,20,Para llevar,Plin,52.0
3712,31/01/2026,17:12,1613,19,Salón,Tarjeta,96.0
3713,31/01/2026,13:01,3239,22,Salón,Tarjeta,70.0
3714,31/01/2026,17:25,651,20,Salón,Tarjeta,70.0
3715,31/01/2026,20:40,3668,5,Para llevar,Efectivo,212.0
3716,31/01/2026,14:40,5006,19,Para llevar,Efectivo,24.0
3717,31/01/2026,20:26,5208,17,Salón,Plin,166.0
3718,31/01/2026,13:26,3086,7,Para llevar,Efectivo,200.0
3719,31/01/2026,18:55,2374,17,Para llevar,Plin,203.0
3720,31/01/2026,21:31,1661,22,Delivery propio,Yape,252.0
3721,31/01/2026,12:17,836,7,Salón,Yape,80.0
3722,31/01/2026,13:07,3073,24,Delivery propio,Tarjeta,96.0
3723,31/01/2026,17:51,4385,3,Salón,Efectivo,208.0
3724,31/01/2026,13:52,4217,22,Salón,Yape,200.0
3725,31/01/2026,19:14,4311,20,Salón,Tarjeta,72.0
3726,31/01/2026,15:43,1901,16,Delivery propio,Tarjeta,114.0
3727,31/01/2026,19:47,1780,18,Para llevar,Efectivo,72.0
3728,31/01/2026,20:38,1569,5,Para llevar,Tarjeta,95.0
3729,31/01/2026,13:21,3793,22,Salón,Yape,124.0
3730,31/01/2026,12:29,,17,Para llevar,Efectivo,84.0
3731,31/01/2026,12:50,3972,5,Salón,Tarjeta,288.0
3732,31/01/2026,18:23,,5,Salón,Efectivo,28.0
3733,31/01/2026,13:09,2868,16,Salón,Efectivo,68.0
3734,31/01/2026,14:43,5289,20,Salón,Efectivo,20.0
3735,31/01/2026,18:03,1599,5,Para llevar,Efectivo,294.0
3736,31/01/2026,20:05,1151,2,Para llevar,Plin,102.0
3737,31/01/2026,20:35,1199,22,Salón,Plin,120.0
3738,31/01/2026,14:52,475,2,Para llevar,Yape,331.0
3739,31/01/2026,18:18,2838,19,Salón,Yape,84.0
3740,31/01/2026,20:58,1005,16,Salón,Efectivo,228.0
3741,31/01/2026,12:47,4136,22,Salón,Yape,177.0
3742,31/01/2026,19:21,4909,24,Delivery propio,Yape,32.0
3743,31/01/2026,16:32,3105,19,Delivery propio,Efectivo,126.0
3744,31/01/2026,18:20,4232,2,Salón,Efectivo,127.0
3745,01/02/2026,18:16,3952,3,Para llevar,Plin,97.0
3746,01/02/2026,19:24,5372,19,Salón,Efectivo,220.0
3747,01/02/2026,18:48,607,3,Delivery propio,Tarjeta,144.0
3748,01/02/2026,13:55,3823,16,Salón,Yape,160.0
3749,01/02/2026,16:20,1927,22,Salón,Tarjeta,82.0
3750,01/02/2026,17:19,2097,3,Para llevar,Tarjeta,58.0
3751,01/02/2026,14:26,5387,18,Para llevar,Yape,72.0
3752,01/02/2026,13:47,3818,20,Delivery propio,Tarjeta,106.0
3753,01/02/2026,12:34,4584,3,Salón,Efectivo,86.0
3754,01/02/2026,19:58,3399,20,Salón,Efectivo,177.0
3755,01/02/2026,14:07,2563,24,Para llevar,Efectivo,174.0
3756,01/02/2026,16:36,791,17,Para llevar,Tarjeta,184.0
3757,01/02/2026,16:30,,3,Salón,Yape,80.0
3758,01/02/2026,15:10,887,20,Delivery propio,Tarjeta,146.0
3759,01/02/2026,21:01,1263,2,Delivery propio,Yape,130.0
3760,01/02/2026,18:59,1050,19,Salón,Tarjeta,18.0
3761,01/02/2026,11:56,,7,Para llevar,Yape,142.0
3762,01/02/2026,21:44,4727,2,Delivery propio,Tarjeta,240.0
3763,01/02/2026,18:45,5340,17,Salón,Yape,149.0
3764,01/02/2026,13:29,4697,17,Salón,Yape,88.0
3765,01/02/2026,12:44,4205,16,Salón,Tarjeta,149.0
3766,No se sabe,14:35,3617,3,Para llevar,Yape,172.0
3767,01/02/2026,12:43,1809,5,Delivery propio,Tarjeta,50.0
3768,01/02/2026,13:46,77,20,Salón,Yape,111.0
3769,01/02/2026,11:36,3641,16,Para llevar,Yape,74.0
3770,01/02/2026,13:12,352,24,Salón,Tarjeta,259.0
3771,01/02/2026,20:30,845,17,Salón,Yape,43.0
3772,01/02/2026,13:28,238,19,Salón,Tarjeta,328.0
3773,01/02/2026,18:25,1905,16,Salón,Efectivo,76.0
3774,01/02/2026,21:08,3038,2,Salón,Tarjeta,67.0
3775,01/02/2026,11:22,3860,24,Delivery propio,Yape,138.0
3776,01/02/2026,12:14,624,3,Para llevar,Yape,77.0
3777,01/02/2026,20:41,1378,20,Salón,Efectivo,73.0
3778,01/02/2026,21:41,756,18,Para llevar,Yape,91.0
3779,01/02/2026,18:13,5229,16,Delivery propio,Yape,170.0
3780,01/02/2026,14:53,3322,24,Salón,Efectivo,209.0
3781,01/02/2026,13:47,5341,2,Salón,Plin,254.0
3782,01/02/2026,13:04,4690,3,Salón,Efectivo,123.0
3783,01/02/2026,16:43,4219,24,Salón,Efectivo,322.0
3784,01/02/2026,15:10,1910,7,Delivery propio,Efectivo,64.0
3785,01/02/2026,17:05,887,17,Delivery propio,Tarjeta,252.0
3786,01/02/2026,12:15,47,18,Salón,Plin,150.0
3787,01/02/2026,19:51,502,19,Salón,Yape,196.0
3788,01/02/2026,20:31,4183,7,Para llevar,Plin,92.0
3789,01/02/2026,13:25,3662,18,Salón,Efectivo,0.0
3790,01/02/2026,19:42,2962,5,Salón,Yape,263.0
3791,01/02/2026,16:56,2098,19,Salón,Tarjeta,36.0
3792,01/02/2026,18:01,1484,5,Salón,Efectivo,71.0
3793,01/02/2026,19:01,858,3,Salón,Yape,158.0
3794,01/02/2026,14:58,5409,18,Salón,Yape,54.0
3795,01/02/2026,12:39,2842,22,Salón,Tarjeta,85.0
3796,01/02/2026,18:24,5196,22,Para llevar,Efectivo,122.0
3797,01/02/2026,18:47,1017,19,Para llevar,Tarjeta,72.0
3798,01/02/2026,18:22,1169,22,Delivery propio,Yape,68.0
3799,01/02/2026,12:12,4523,20,Salón,Yape,80.0
3800,01/02/2026,21:12,1178,22,Salón,Tarjeta,282.0
3801,01/02/2026,14:53,1796,2,Delivery propio,Yape,84.0
3802,01/02/2026,11:44,,7,Salón,Yape,127.0
3803,01/02/2026,12:36,562,2,Para llevar,Efectivo,51.0
3804,01/02/2026,14:11,1014,16,Delivery propio,Yape,124.0
3805,01/02/2026,20:16,,19,Salón,Efectivo,176.0
3806,01/02/2026,14:03,3701,19,Delivery propio,Tarjeta,90.0
3807,02/02/2026,21:26,3,22,Salón,Tarjeta,54.0
3808,02/02/2026,20:08,3492,5,Salón,Efectivo,54.0
3809,02/02/2026,14:44,,5,Salón,Tarjeta,130.0
3810,02/02/2026,15:43,2570,18,Salón,Efectivo,159.0
3811,02/02/2026,13:33,3411,7,Para llevar,Plin,161.0
3812,02/02/2026,17:09,1965,19,Delivery propio,Efectivo,176.0
3813,02/02/2026,17:58,448,18,Salón,Tarjeta,309.0
3814,02/02/2026,13:18,4703,22,Salón,Yape,108.0
3815,02/02/2026,12:18,762,16,Salón,Tarjeta,36.0
3816,02/02/2026,12:59,4190,20,Salón,Yape,152.0
3817,02/02/2026,12:41,,22,Delivery propio,Yape,138.0
3818,02/02/2026,15:23,1032,3,Salón,Yape,76.0
3819,02/02/2026,14:53,17,17,Delivery propio,Efectivo,153.0
3820,Ayer,12:59,5355,7,Salón,Tarjeta,194.0
3821,02/02/2026,12:59,1852,2,Salón,Efectivo,186.0
3822,02/02/2026,13:27,4901,24,Salón,Tarjeta,54.0
3823,02/02/2026,13:00,3053,24,Para llevar,Tarjeta,198.0
3824,02/02/2026,14:12,1916,24,Salón,Yape,197.0
3825,02/02/2026,14:39,877,2,Salón,Yape,76.0
3826,02/02/2026,19:27,24,20,Salón,Efectivo,94.0
3827,02/02/2026,14:31,4961,18,Para llevar,Efectivo,130.0
3828,02/02/2026,13:21,2574,22,Salón,Tarjeta,182.0
3829,02/02/2026,14:44,260,2,Salón,Yape,114.0
3830,02/02/2026,13:11,1694,2,Para llevar,Efectivo,95.0
3831,03/02/2026,12:12,803,24,Salón,Tarjeta,18.0
3832,03/02/2026,15:37,4366,5,Para llevar,Efectivo,124.0
3833,03/02/2026,13:40,4800,3,Salón,Tarjeta,190.0
3834,03/02/2026,16:36,1621,16,Salón,Efectivo,167.0
3835,03/02/2026,14:23,556,20,Para llevar,Yape,66.0
3836,03/02/2026,14:20,858,2,Salón,Tarjeta,170.0
3837,03/02/2026,12:30,3241,2,Salón,Plin,25.0
3838,03/02/2026,14:37,1018,16,Salón,Efectivo,134.0
3839,03/02/2026,14:05,,2,Salón,Yape,52.0
3840,03/02/2026,19:48,3575,24,Salón,Efectivo,139.0
3841,03/02/2026,12:38,1054,24,Salón,Plin,65.0
3842,03/02/2026,15:35,591,17,Delivery propio,Tarjeta,64.0
3843,03/02/2026,15:21,4703,5,Delivery propio,Efectivo,114.0
3844,03/02/2026,19:47,1832,24,Para llevar,Tarjeta,222.0
3845,03/02/2026,15:08,4105,20,Salón,Plin,376.0
3846,03/02/2026,13:56,1763,3,Para llevar,Tarjeta,206.0
3847,03/02/2026,11:24,4392,2,Para llevar,Yape,154.0
3848,03/02/2026,20:53,4631,22,Delivery propio,Yape,160.0
3849,03/02/2026,13:28,195,24,Salón,Yape,185.0
3850,03/02/2026,20:29,1239,22,Salón,Plin,184.0
3851,04/02/2026,20:27,,5,Salón,Yape,150.0
3852,04/02/2026,14:56,4558,7,Salón,Efectivo,70.0
3853,04/02/2026,19:46,5220,5,Salón,Efectivo,192.0
3854,04/02/2026,11:41,1331,24,Salón,Tarjeta,144.0
3855,04/02/2026,11:03,4740,5,Salón,Efectivo,158.0
3856,04/02/2026,17:09,,2,Delivery propio,Yape,54.0
3857,04/02/2026,13:47,88,18,Salón,Efectivo,168.0
3858,04/02/2026,19:45,3592,20,Delivery propio,Efectivo,276.0
3859,04/02/2026,13:12,2638,24,Salón,Efectivo,42.0
3860,04/02/2026,17:12,1477,7,Salón,Tarjeta,10.0
3861,04/02/2026,19:43,3429,24,Salón,Efectivo,126.0
3862,04/02/2026,19:40,481,7,Salón,Yape,84.0
3863,04/02/2026,19:34,4975,7,Delivery propio,Yape,86.0
3864,04/02/2026,18:17,1057,2,Delivery propio,Tarjeta,59.0
3865,04/02/2026,14:55,5044,5,Salón,Yape,120.0
3866,04/02/2026,18:54,4863,16,Salón,Efectivo,107.0
3867,04/02/2026,16:33,3483,22,Salón,Efectivo,80.0
3868,04/02/2026,20:50,3757,5,Para llevar,Yape,172.0
3869,04/02/2026,13:23,4817,2,Para llevar,Tarjeta,121.0
3870,04/02/2026,19:18,211,20,Salón,Tarjeta,82.0
3871,04/02/2026,12:12,3612,18,Para llevar,Efectivo,146.0
3872,05/02/2026,13:33,1189,22,Salón,Tarjeta,97.0
3873,05/02/2026,19:07,1243,22,Salón,Yape,142.0
3874,05/02/2026,20:37,5154,3,Para llevar,Efectivo,38.0
3875,05/02/2026,11:57,3170,17,Salón,Efectivo,70.0
3876,05/02/2026,16:07,5442,18,Salón,Efectivo,6.0
3877,05/02/2026,12:55,2538,24,Salón,Yape,84.0
3878,05/02/2026,20:02,289,3,Salón,Tarjeta,136.0
3879,05/02/2026,16:08,609,19,Salón,Yape,108.0
3880,05/02/2026,11:16,4766,18,Delivery propio,Efectivo,76.0
3881,05/02/2026,19:15,1198,2,Delivery propio,Efectivo,54.0
3882,05/02/2026,13:11,2306,18,Salón,Efectivo,141.0
3883,05/02/2026,18:33,5327,5,Salón,Yape,66.0
3884,05/02/2026,13:45,669,22,Salón,Efectivo,146.0
3885,05/02/2026,18:41,3542,5,Para llevar,Efectivo,180.0
3886,05/02/2026,21:34,4775,3,Salón,Tarjeta,123.0
3887,05/02/2026,11:55,179,17,Para llevar,Efectivo,93.0
3888,05/02/2026,12:39,1889,5,Para llevar,Efectivo,163.0
3889,06/02/2026,20:08,5084,2,Delivery propio,Yape,62.0
3890,06/02/2026,14:33,3101,19,Salón,Tarjeta,60.0
3891,06/02/2026,14:18,4197,7,Salón,Yape,68.0
3892,06/02/2026,21:00,3767,16,Salón,Tarjeta,170.0
3893,06/02/2026,13:19,2659,7,Salón,Yape,200.0
3894,06/02/2026,14:16,5442,24,Salón,Tarjeta,172.0
3895,06/02/2026,18:53,174,22,Salón,Efectivo,186.0
3896,06/02/2026,13:24,463,18,Delivery propio,Yape,206.0
3897,06/02/2026,11:21,2566,3,Delivery propio,Tarjeta,54.0
3898,06/02/2026,21:32,1022,20,Para llevar,Efectivo,142.0
3899,06/02/2026,12:35,4537,19,Salón,Yape,170.0
3900,06/02/2026,20:12,607,17,Para llevar,Efectivo,102.0
3901,06/02/2026,18:39,2019,19,Para llevar,Efectivo,62.0
3902,06/02/2026,14:32,2600,24,Salón,Plin,208.0
3903,06/02/2026,20:11,1166,7,Para llevar,Yape,184.0
3904,06/02/2026,13:58,4729,17,Para llevar,Efectivo,43.0
3905,06/02/2026,13:06,,5,Salón,Yape,198.0
3906,06/02/2026,16:34,1467,24,Para llevar,Efectivo,74.0
3907,06/02/2026,11:53,3000,5,Salón,Efectivo,100.0
3908,06/02/2026,20:40,3041,16,Salón,Tarjeta,30.0
3909,06/02/2026,12:22,5452,16,Salón,Tarjeta,294.0
3910,06/02/2026,19:53,,17,Salón,Yape,180.0
3911,06/02/2026,11:22,5223,5,Salón,Yape,234.0
3912,06/02/2026,21:48,2066,20,Delivery propio,Tarjeta,146.0
3913,06/02/2026,18:19,,22,Salón,Efectivo,60.0
3914,06/02/2026,19:12,5243,20,Salón,Yape,104.0
3915,Ayer,15:38,5212,5,Para llevar,Yape,167.0
3916,06/02/2026,18:52,4389,3,Delivery propio,Plin,122.0
3917,06/02/2026,19:05,5379,2,Delivery propio,Efectivo,86.0
3918,06/02/2026,15:27,2723,18,Salón,Tarjeta,80.0
3919,07/02/2026,13:27,1282,2,Salón,Yape,52.0
3920,07/02/2026,20:53,1842,17,Delivery propio,Plin,30.0
3921,07/02/2026,13:40,1632,16,Delivery propio,Yape,211.0
3922,07/02/2026,13:31,3973,5,Salón,Yape,167.0
3923,07/02/2026,12:03,4469,22,Salón,Efectivo,218.0
3924,07/02/2026,14:24,3360,22,Delivery propio,Efectivo,82.0
3925,07/02/2026,19:41,1605,5,Para llevar,Tarjeta,82.0
3926,07/02/2026,15:04,3033,3,Salón,Tarjeta,177.0
3927,07/02/2026,13:55,495,20,Salón,Efectivo,259.0
3928,07/02/2026,14:33,3142,5,Salón,Efectivo,105.0
3929,07/02/2026,17:40,974,22,Para llevar,Efectivo,82.0
3930,07/02/2026,13:50,3641,2,Delivery propio,Efectivo,52.0
3931,07/02/2026,20:51,3138,17,Salón,Efectivo,26.0
3932,07/02/2026,12:33,563,17,Delivery propio,Efectivo,242.0
3933,07/02/2026,11:55,2669,19,Salón,Tarjeta,266.0
3934,07/02/2026,20:47,3424,3,Salón,Tarjeta,96.0
3935,07/02/2026,19:13,901,18,Delivery propio,Tarjeta,149.0
3936,07/02/2026,13:22,1382,19,Salón,Tarjeta,218.0
3937,07/02/2026,14:40,4799,24,Salón,Efectivo,74.0
3938,07/02/2026,20:14,2115,17,Salón,Efectivo,124.0
3939,07/02/2026,19:54,,16,Salón,Yape,24.0
3940,07/02/2026,13:00,2023,3,Delivery propio,Yape,30.0
3941,07/02/2026,14:59,4413,18,Salón,Efectivo,101.0
3942,07/02/2026,13:39,3172,16,Para llevar,Tarjeta,252.0
3943,07/02/2026,11:53,3539,3,Delivery propio,Efectivo,170.0
3944,07/02/2026,14:37,5370,19,Salón,Tarjeta,166.0
3945,07/02/2026,13:18,528,2,Delivery propio,Efectivo,119.0
3946,07/02/2026,17:53,776,22,Salón,Plin,67.0
3947,07/02/2026,15:11,734,24,Para llevar,Tarjeta,161.0
3948,07/02/2026,13:31,2497,19,Salón,Yape,106.0
3949,07/02/2026,13:09,4001,24,Salón,Yape,216.0
3950,07/02/2026,13:11,1543,2,Salón,Yape,132.0
3951,07/02/2026,14:26,967,24,Salón,Efectivo,32.0
3952,07/02/2026,16:29,2740,3,Delivery propio,Efectivo,78.0
3953,07/02/2026,14:24,780,16,Salón,Tarjeta,108.0
3954,07/02/2026,18:50,823,2,Salón,Efectivo,196.0
3955,07/02/2026,14:57,4261,16,Salón,Tarjeta,60.0
3956,07/02/2026,14:54,2199,5,Delivery propio,Yape,140.0
3957,07/02/2026,15:23,228,22,Salón,Tarjeta,64.0
3958,07/02/2026,19:54,5435,17,Para llevar,Efectivo,18.0
3959,07/02/2026,19:08,,2,Salón,Yape,109.0
3960,07/02/2026,15:19,3314,19,Para llevar,Plin,34.0
3961,07/02/2026,12:26,2624,3,Delivery propio,Tarjeta,104.0
3962,07/02/2026,16:00,311,5,Para llevar,Tarjeta,212.0
3963,07/02/2026,15:05,3056,2,Salón,Efectivo,117.0
3964,07/02/2026,17:52,1991,22,Salón,Yape,120.0
3965,07/02/2026,13:08,2244,18,Salón,Tarjeta,213.0
3966,07/02/2026,18:08,1321,16,Salón,Yape,46.0
3967,07/02/2026,19:11,1234,3,Delivery propio,Yape,94.0
3968,07/02/2026,20:18,138,19,Salón,Tarjeta,197.0
3969,07/02/2026,12:49,1985,20,Para llevar,Yape,40.0
3970,07/02/2026,13:23,4380,5,Salón,Efectivo,170.0
3971,07/02/2026,21:48,502,7,Salón,Yape,220.0
3972,07/02/2026,17:14,5321,18,Salón,Yape,55.0
3973,07/02/2026,15:24,2341,3,Delivery propio,Efectivo,36.0
3974,07/02/2026,11:35,986,22,Salón,Efectivo,210.0
3975,07/02/2026,14:36,524,24,Salón,Efectivo,92.0
3976,07/02/2026,11:53,3695,22,Para llevar,Yape,18.0
3977,08/02/2026,13:20,1174,19,Salón,Efectivo,167.0
3978,08/02/2026,21:50,2356,24,Salón,Efectivo,120.0
3979,08/02/2026,18:39,4325,17,Salón,Yape,101.0
3980,08/02/2026,20:35,3786,24,Delivery propio,Efectivo,64.0
3981,08/02/2026,16:10,4893,20,Para llevar,Yape,161.0
3982,08/02/2026,13:23,3395,3,Salón,Efectivo,84.0
3983,08/02/2026,13:57,3735,17,Salón,Yape,84.0
3984,08/02/2026,20:58,4862,19,Delivery propio,Yape,128.0
3985,08/02/2026,15:43,4014,24,Salón,Yape,20.0
3986,08/02/2026,15:18,,2,Para llevar,Plin,62.0
3987,08/02/2026,14:16,1324,5,Para llevar,Tarjeta,99.0
3988,08/02/2026,18:58,1583,24,Delivery propio,Plin,86.0
3989,Ayer,17:53,4535,17,Delivery propio,Efectivo,94.0
3990,08/02/2026,13:05,1044,16,Salón,Yape,160.0
3991,08/02/2026,13:51,3600,3,Salón,Efectivo,36.0
3992,08/02/2026,19:28,3857,20,Para llevar,Yape,129.0
3993,08/02/2026,15:03,2288,24,Para llevar,Tarjeta,108.0
3994,08/02/2026,18:30,864,24,Salón,Efectivo,136.0
3995,08/02/2026,12:11,386,18,Salón,Efectivo,88.0
3996,08/02/2026,13:33,4282,20,Salón,Yape,296.0
3997,08/02/2026,15:38,877,5,Para llevar,Efectivo,118.0
3998,08/02/2026,19:42,,16,Salón,Tarjeta,92.0
3999,08/02/2026,18:32,3333,7,Salón,Efectivo,118.0
4000,08/02/2026,21:24,1451,22,Salón,Efectivo,194.0
4001,08/02/2026,20:52,4484,16,Salón,Tarjeta,28.0
4002,08/02/2026,17:10,2938,20,Para llevar,Plin,168.0
4003,08/02/2026,19:12,4479,24,Salón,Efectivo,74.0
4004,08/02/2026,14:09,1264,7,Salón,Efectivo,48.0
4005,08/02/2026,14:53,4006,18,Para llevar,Efectivo,154.0
4006,08/02/2026,13:32,217,22,Salón,Tarjeta,175.0
4007,08/02/2026,20:50,1741,18,Salón,Tarjeta,126.0
4008,08/02/2026,17:58,69,16,Salón,Efectivo,72.0
4009,08/02/2026,20:32,4475,17,Salón,Efectivo,190.0
4010,08/02/2026,18:16,487,17,Salón,Tarjeta,64.0
4011,08/02/2026,20:55,2137,18,Salón,Efectivo,114.0
4012,08/02/2026,15:42,2907,18,Para llevar,Yape,92.0
4013,08/02/2026,14:21,3206,22,Para llevar,Tarjeta,282.0
4014,08/02/2026,13:24,,18,Salón,Yape,104.0
4015,08/02/2026,16:33,3554,20,Salón,Tarjeta,102.0
4016,08/02/2026,13:29,4570,19,Salón,Efectivo,16.0
4017,08/02/2026,14:14,648,24,Salón,Yape,134.0
4018,08/02/2026,19:24,3953,24,Salón,Yape,84.0
4019,08/02/2026,21:12,1755,7,Salón,Yape,154.0
4020,08/02/2026,13:38,4411,7,Salón,Efectivo,52.0
4021,08/02/2026,18:09,3816,2,Para llevar,Tarjeta,76.0
4022,08/02/2026,19:45,388,24,Para llevar,Yape,114.0
4023,08/02/2026,17:18,4185,18,Para llevar,Plin,108.0
4024,08/02/2026,12:01,3816,22,Salón,Tarjeta,88.0
4025,08/02/2026,16:33,1633,22,Salón,Efectivo,83.0
4026,08/02/2026,15:30,2050,7,Salón,Tarjeta,173.0
4027,08/02/2026,19:46,3737,16,Delivery propio,Tarjeta,169.0
4028,08/02/2026,21:17,3199,16,Para llevar,Yape,152.0
4029,09/02/2026,13:35,3763,19,Salón,Efectivo,66.0
4030,09/02/2026,13:20,,20,Para llevar,Yape,34.0
4031,09/02/2026,13:30,4593,24,Salón,Efectivo,66.0
4032,No se sabe,14:36,2959,20,Para llevar,Efectivo,162.0
4033,09/02/2026,18:13,4691,2,Salón,Yape,86.0
4034,09/02/2026,12:15,5330,19,Salón,Plin,107.0
4035,09/02/2026,18:58,5190,22,Salón,Tarjeta,116.0
4036,09/02/2026,14:52,,22,Salón,Plin,78.0
4037,09/02/2026,14:58,2260,2,Salón,Efectivo,68.0
4038,09/02/2026,20:39,4891,20,Salón,Efectivo,135.0
4039,09/02/2026,14:53,2372,19,Salón,Efectivo,148.0
4040,09/02/2026,14:39,3866,19,Salón,Tarjeta,250.0
4041,09/02/2026,15:48,3326,16,Salón,Efectivo,80.0
4042,09/02/2026,12:14,2424,16,Delivery propio,Efectivo,166.0
4043,09/02/2026,17:16,907,22,Salón,Yape,165.0
4044,09/02/2026,20:42,695,18,Salón,Tarjeta,212.0
4045,09/02/2026,14:53,229,5,Salón,Efectivo,38.0
4046,09/02/2026,12:09,5321,5,Salón,Efectivo,66.0
4047,09/02/2026,21:34,2114,24,Salón,Tarjeta,102.0
4048,09/02/2026,11:19,2271,16,Salón,Yape,174.0
4049,09/02/2026,11:41,2563,18,Salón,Tarjeta,100.0
4050,09/02/2026,11:38,1638,16,Salón,Yape,197.0
4051,10/02/2026,14:54,690,3,Salón,Yape,150.0
4052,10/02/2026,14:30,1770,18,Salón,Plin,68.0
4053,10/02/2026,13:13,3076,18,Delivery propio,Yape,94.0
4054,10/02/2026,18:08,2540,20,Salón,Yape,204.0
4055,10/02/2026,14:45,3046,16,Salón,Efectivo,118.0
4056,10/02/2026,11:51,1535,16,Salón,Efectivo,16.0
4057,10/02/2026,14:25,1266,5,Salón,Tarjeta,140.0
4058,10/02/2026,16:47,5281,18,Delivery propio,Plin,48.0
4059,10/02/2026,21:53,4927,5,Salón,Yape,86.0
4060,10/02/2026,12:35,641,16,Salón,Yape,168.0
4061,10/02/2026,21:46,4785,18,Salón,Plin,116.0
4062,10/02/2026,13:47,,24,Para llevar,Yape,34.0
4063,10/02/2026,14:12,3817,24,Salón,Efectivo,200.0
4064,10/02/2026,18:16,2692,20,Para llevar,Yape,262.0
4065,10/02/2026,13:56,2900,19,Para llevar,Tarjeta,34.0
4066,10/02/2026,19:48,4479,24,Salón,Efectivo,38.0
4067,10/02/2026,11:20,2468,7,Para llevar,Tarjeta,149.0
4068,10/02/2026,12:37,,22,Para llevar,Tarjeta,84.0
4069,10/02/2026,20:43,2690,20,Salón,Efectivo,66.0
4070,10/02/2026,21:00,,3,Salón,Efectivo,184.0
4071,10/02/2026,17:36,183,20,Salón,Tarjeta,54.0
4072,10/02/2026,15:34,1722,18,Delivery propio,Yape,56.0
4073,10/02/2026,14:43,984,16,Salón,Yape,38.0
4074,10/02/2026,13:49,1680,19,Delivery propio,Yape,108.0
4075,10/02/2026,14:49,2647,2,Salón,Efectivo,292.0
4076,10/02/2026,19:31,944,24,Para llevar,Efectivo,50.0
4077,10/02/2026,12:46,4505,18,Para llevar,Efectivo,186.0
4078,10/02/2026,16:44,,5,Salón,Efectivo,98.0
4079,10/02/2026,11:52,,3,Para llevar,Yape,49.0
4080,10/02/2026,15:57,1159,17,Para llevar,Tarjeta,38.0
4081,10/02/2026,19:17,3621,5,Salón,Plin,100.0
4082,10/02/2026,13:12,1232,24,Salón,Efectivo,162.0
4083,10/02/2026,13:35,1908,2,Salón,Yape,189.0
4084,11/02/2026,21:17,,18,Delivery propio,Efectivo,236.0
4085,11/02/2026,14:52,640,5,Salón,Yape,235.0
4086,11/02/2026,19:50,3404,7,Salón,Plin,73.0
4087,11/02/2026,14:36,303,7,Salón,Efectivo,74.0
4088,11/02/2026,21:02,3162,3,Salón,Yape,108.0
4089,11/02/2026,19:47,4935,19,Para llevar,Efectivo,272.0
4090,11/02/2026,16:53,4778,7,Para llevar,Plin,94.0
4091,11/02/2026,11:26,1332,2,Delivery propio,Efectivo,146.0
4092,11/02/2026,11:54,1763,2,Para llevar,Efectivo,234.0
4093,11/02/2026,14:15,,7,Salón,Efectivo,149.0
4094,11/02/2026,15:08,4550,16,Salón,Yape,189.0
4095,11/02/2026,12:59,205,7,Salón,Yape,108.0
4096,11/02/2026,11:01,,22,Salón,Plin,160.0
4097,11/02/2026,13:40,3321,22,Para llevar,Efectivo,54.0
4098,11/02/2026,14:05,5434,17,Salón,Efectivo,166.0
4099,11/02/2026,15:04,546,5,Para llevar,Tarjeta,193.0
4100,11/02/2026,14:04,3115,7,Salón,Yape,108.0
4101,11/02/2026,18:53,,19,Para llevar,Yape,84.0
4102,11/02/2026,14:55,1901,2,Salón,Yape,224.0
4103,11/02/2026,20:43,2024,17,Para llevar,Yape,157.0
4104,11/02/2026,19:37,3712,3,Delivery propio,Tarjeta,96.0
4105,11/02/2026,14:19,,7,Salón,Efectivo,98.0
4106,11/02/2026,13:28,3169,17,Salón,Yape,266.0
4107,11/02/2026,18:38,2737,5,Salón,Efectivo,94.0
4108,11/02/2026,12:19,4711,20,Para llevar,Tarjeta,190.0
4109,11/02/2026,12:24,915,5,Salón,Efectivo,97.0
4110,11/02/2026,12:49,762,24,Delivery propio,Plin,107.0
4111,11/02/2026,12:07,4483,7,Salón,Efectivo,70.0
4112,11/02/2026,17:29,4589,7,Salón,Yape,168.0
4113,11/02/2026,13:30,4786,17,Delivery propio,Tarjeta,180.0
4114,11/02/2026,13:12,4234,18,Salón,Yape,260.0
4115,11/02/2026,20:12,4965,3,Salón,Efectivo,144.0
4116,Ayer,18:59,3104,24,Delivery propio,Yape,63.0
4117,11/02/2026,16:07,4022,16,Salón,Efectivo,122.0
4118,11/02/2026,14:39,2377,20,Salón,Plin,106.0
4119,11/02/2026,21:35,32,22,Salón,Yape,186.0
4120,11/02/2026,19:35,1451,22,Salón,Efectivo,96.0
4121,11/02/2026,14:54,3743,7,Salón,Tarjeta,363.0
4122,11/02/2026,11:13,2480,20,Salón,Yape,230.0
4123,11/02/2026,19:09,5481,16,Para llevar,Plin,141.0
4124,11/02/2026,14:56,80,3,Para llevar,Efectivo,91.0
4125,11/02/2026,20:01,2904,19,Salón,Tarjeta,88.0
4126,11/02/2026,19:16,1223,18,Delivery propio,Yape,96.0
4127,11/02/2026,19:46,50,24,Salón,Tarjeta,42.0
4128,11/02/2026,15:29,,5,Delivery propio,Efectivo,152.0
4129,12/02/2026,15:15,3998,19,Salón,Yape,36.0
4130,Ayer,13:47,2312,17,Salón,Tarjeta,92.0
4131,12/02/2026,13:28,3244,7,Delivery propio,Yape,186.0
4132,12/02/2026,12:43,365,18,Salón,Tarjeta,114.0
4133,12/02/2026,19:25,,5,Salón,Yape,164.0
4134,12/02/2026,13:35,1306,5,Salón,Plin,167.0
4135,12/02/2026,17:24,2593,7,Salón,Tarjeta,166.0
4136,12/02/2026,17:40,902,16,Para llevar,Plin,240.0
4137,12/02/2026,15:12,4822,5,Salón,Yape,72.0
4138,12/02/2026,13:26,1240,3,Delivery propio,Efectivo,45.0
4139,12/02/2026,19:09,1260,20,Salón,Yape,128.0
4140,12/02/2026,11:19,336,24,Salón,Efectivo,264.0
4141,12/02/2026,13:26,4495,24,Para llevar,Yape,78.0
4142,12/02/2026,15:30,5146,16,Salón,Yape,48.0
4143,12/02/2026,20:28,5181,3,Para llevar,Yape,96.0
4144,12/02/2026,12:26,1591,18,Salón,Plin,76.0
4145,12/02/2026,16:59,1407,2,Delivery propio,Yape,148.0
4146,12/02/2026,12:58,5236,20,Salón,Efectivo,66.0
4147,12/02/2026,12:57,2726,24,Salón,Efectivo,284.0
4148,13/02/2026,14:51,1321,2,Delivery propio,Tarjeta,104.0
4149,13/02/2026,18:18,5209,19,Para llevar,Yape,84.0
4150,13/02/2026,13:22,5259,2,Salón,Tarjeta,92.0
4151,13/02/2026,20:15,,16,Salón,Efectivo,120.0
4152,13/02/2026,17:17,1599,5,Salón,Plin,12.0
4153,13/02/2026,14:46,755,5,Salón,Efectivo,140.0
4154,13/02/2026,20:32,1943,20,Salón,Tarjeta,70.0
4155,13/02/2026,18:01,4479,2,Para llevar,Yape,98.0
4156,13/02/2026,19:57,1208,5,Salón,Yape,112.0
4157,13/02/2026,19:33,673,16,Salón,Tarjeta,172.0
4158,13/02/2026,12:13,4479,2,Salón,Yape,128.0
4159,13/02/2026,19:02,682,16,Salón,Tarjeta,72.0
4160,13/02/2026,13:51,1990,5,Delivery propio,Plin,66.0
4161,13/02/2026,20:40,4479,19,Salón,Efectivo,88.0
4162,13/02/2026,14:58,4479,18,Salón,Efectivo,106.0
4163,13/02/2026,18:42,,22,Para llevar,Yape,147.0
4164,13/02/2026,13:32,2979,19,Salón,Efectivo,91.0
4165,13/02/2026,13:11,5339,5,Salón,Tarjeta,91.0
4166,13/02/2026,17:08,3904,20,Para llevar,Tarjeta,126.0
4167,13/02/2026,13:32,1343,19,Salón,Tarjeta,84.0
4168,13/02/2026,13:48,3109,22,Salón,Yape,228.0
4169,13/02/2026,15:52,,7,Salón,Tarjeta,121.0
4170,13/02/2026,20:55,901,20,Delivery propio,Plin,138.0
4171,13/02/2026,16:48,651,18,Salón,Efectivo,199.0
4172,13/02/2026,19:32,4193,2,Salón,Yape,149.0
4173,13/02/2026,12:54,4368,7,Salón,Tarjeta,304.0
4174,13/02/2026,15:14,3888,16,Salón,Tarjeta,116.0
4175,13/02/2026,18:18,3336,24,Delivery propio,Efectivo,40.0
4176,13/02/2026,14:24,3879,5,Salón,Yape,78.0
4177,13/02/2026,14:27,1233,19,Salón,Yape,262.0
4178,13/02/2026,14:36,1149,20,Salón,Efectivo,56.0
4179,13/02/2026,17:40,5119,20,Salón,Efectivo,93.0
4180,13/02/2026,13:22,119,2,Salón,Yape,144.0
4181,13/02/2026,15:00,4479,5,Salón,Plin,96.0
4182,13/02/2026,12:57,4566,18,Salón,Efectivo,30.0
4183,13/02/2026,19:52,4434,17,Salón,Yape,229.0
4184,13/02/2026,11:31,,7,Salón,Yape,26.0
4185,13/02/2026,14:39,,17,Delivery propio,Tarjeta,148.0
4186,13/02/2026,21:38,,3,Salón,Yape,72.0
4187,13/02/2026,15:57,3448,24,Delivery propio,Efectivo,100.0
4188,13/02/2026,15:00,,7,Delivery propio,Tarjeta,153.0
4189,14/02/2026,13:43,5337,5,Salón,Efectivo,106.0
4190,14/02/2026,16:20,497,2,Salón,Yape,133.0
4191,14/02/2026,19:21,5028,18,Para llevar,Yape,73.0
4192,14/02/2026,13:03,4798,2,Salón,Tarjeta,104.0
4193,14/02/2026,16:45,1742,20,Salón,Yape,54.0
4194,14/02/2026,14:41,,7,Salón,Yape,77.0
4195,14/02/2026,19:12,,22,Salón,Tarjeta,76.0
4196,No se sabe,15:09,,17,Para llevar,Tarjeta,99.0
4197,14/02/2026,17:37,3695,3,Para llevar,Plin,162.0
4198,14/02/2026,14:31,877,5,Para llevar,Efectivo,100.0
4199,14/02/2026,13:22,3956,5,Salón,Yape,109.0
4200,14/02/2026,14:58,4446,24,Salón,Yape,136.0
4201,14/02/2026,14:31,4537,17,Salón,Tarjeta,80.0
4202,14/02/2026,17:58,3305,2,Salón,Plin,176.0
4203,14/02/2026,20:10,1376,20,Salón,Yape,78.0
4204,14/02/2026,12:24,1182,2,Salón,Efectivo,168.0
4205,14/02/2026,12:14,4367,24,Salón,Efectivo,138.0
4206,14/02/2026,12:11,5030,22,Salón,Yape,172.0
4207,14/02/2026,13:55,3553,19,Salón,Plin,34.0
4208,14/02/2026,13:37,1496,20,Salón,Tarjeta,138.0
4209,14/02/2026,12:51,3045,16,Salón,Yape,84.0
4210,14/02/2026,19:52,,22,Salón,Tarjeta,96.0
4211,14/02/2026,21:43,,22,Delivery propio,Efectivo,256.0
4212,14/02/2026,15:37,12,20,Salón,Tarjeta,230.0
4213,14/02/2026,12:02,4973,17,Delivery propio,Tarjeta,100.0
4214,14/02/2026,17:58,4202,7,Salón,Tarjeta,164.0
4215,14/02/2026,12:19,3399,24,Salón,Efectivo,68.0
4216,14/02/2026,20:13,1830,22,Delivery propio,Plin,134.0
4217,14/02/2026,12:15,2900,17,Salón,Efectivo,33.0
4218,14/02/2026,13:17,3402,24,Para llevar,Yape,214.0
4219,14/02/2026,20:19,3366,18,Salón,Yape,56.0
4220,14/02/2026,12:27,194,20,Salón,Efectivo,72.0
4221,14/02/2026,21:52,495,24,Salón,Yape,74.0
4222,14/02/2026,15:07,480,17,Salón,Tarjeta,126.0
4223,14/02/2026,16:46,1961,20,Salón,Efectivo,44.0
4224,14/02/2026,19:24,661,2,Para llevar,Tarjeta,128.0
4225,14/02/2026,13:14,2504,2,Salón,Efectivo,192.0
4226,14/02/2026,13:31,1253,18,Salón,Tarjeta,53.0
4227,14/02/2026,14:29,2220,24,Delivery propio,Yape,90.0
4228,14/02/2026,14:21,4813,18,Salón,Efectivo,134.0
4229,14/02/2026,13:25,927,2,Salón,Tarjeta,76.0
4230,14/02/2026,21:58,2738,22,Salón,Efectivo,260.0
4231,14/02/2026,12:53,2488,7,Salón,Efectivo,163.0
4232,14/02/2026,11:32,4479,7,Para llevar,Efectivo,24.0
4233,14/02/2026,13:25,4729,17,Para llevar,Yape,62.0
4234,15/02/2026,14:34,292,3,Para llevar,Tarjeta,71.0
4235,15/02/2026,11:02,1093,22,Salón,Efectivo,109.0
4236,15/02/2026,14:25,3716,7,Para llevar,Yape,108.0
4237,15/02/2026,15:03,3187,16,Salón,Yape,101.0
4238,15/02/2026,14:56,2348,22,Salón,Tarjeta,61.0
4239,15/02/2026,15:17,4822,24,Para llevar,Efectivo,90.0
4240,15/02/2026,18:07,2526,22,Salón,Yape,206.0
4241,15/02/2026,14:14,2337,19,Salón,Efectivo,150.0
4242,15/02/2026,12:22,630,16,Delivery propio,Plin,254.0
4243,15/02/2026,13:55,3517,20,Salón,Tarjeta,43.0
4244,15/02/2026,14:37,3016,24,Delivery propio,Plin,136.0
4245,15/02/2026,20:47,4419,22,Salón,Yape,208.0
4246,15/02/2026,12:14,2039,2,Para llevar,Tarjeta,140.0
4247,15/02/2026,15:35,1433,7,Delivery propio,Tarjeta,122.0
4248,15/02/2026,14:58,902,19,Salón,Tarjeta,128.0
4249,15/02/2026,18:24,,17,Para llevar,Tarjeta,18.0
4250,15/02/2026,13:04,5424,20,Salón,Plin,116.0
4251,15/02/2026,11:57,1332,18,Para llevar,Efectivo,318.0
4252,15/02/2026,13:47,2320,16,Para llevar,Efectivo,26.0
4253,15/02/2026,20:13,5321,7,Salón,Efectivo,154.0
4254,15/02/2026,20:09,2637,18,Delivery propio,Efectivo,166.0
4255,15/02/2026,14:21,2569,3,Delivery propio,Efectivo,58.0
4256,15/02/2026,15:09,1793,5,Delivery propio,Yape,72.0
4257,15/02/2026,19:04,709,5,Para llevar,Efectivo,185.0
4258,15/02/2026,13:24,3079,2,Salón,Yape,193.0
4259,15/02/2026,21:27,1848,24,Salón,Tarjeta,87.0
4260,15/02/2026,14:30,,7,Delivery propio,Plin,42.0
4261,15/02/2026,12:48,3928,24,Delivery propio,Efectivo,97.0
4262,15/02/2026,12:49,1780,24,Delivery propio,Efectivo,144.0
4263,15/02/2026,18:03,1672,16,Delivery propio,Efectivo,107.0
4264,15/02/2026,13:43,927,2,Salón,Efectivo,38.0
4265,15/02/2026,21:15,3490,20,Salón,Efectivo,34.0
4266,15/02/2026,13:52,1806,7,Salón,Efectivo,43.0
4267,15/02/2026,17:09,3439,22,Salón,Tarjeta,52.0
4268,15/02/2026,15:51,3189,16,Salón,Tarjeta,148.0
4269,15/02/2026,21:33,1228,2,Para llevar,Plin,110.0
4270,15/02/2026,12:55,30,20,Para llevar,Yape,162.0
4271,15/02/2026,16:23,709,18,Delivery propio,Efectivo,180.0
4272,15/02/2026,14:21,318,3,Salón,Tarjeta,341.0
4273,15/02/2026,14:23,,3,Delivery propio,Efectivo,104.0
4274,15/02/2026,11:56,2939,18,Delivery propio,Tarjeta,120.0
4275,15/02/2026,14:41,1739,24,Delivery propio,Tarjeta,116.0
4276,15/02/2026,15:38,496,19,Para llevar,Tarjeta,84.0
4277,15/02/2026,13:36,1695,20,Salón,Yape,28.0
4278,15/02/2026,13:36,3264,3,Para llevar,Yape,100.0
4279,15/02/2026,14:04,2888,18,Salón,Efectivo,266.0
4280,15/02/2026,20:52,4067,20,Para llevar,Efectivo,68.0
4281,15/02/2026,19:41,,16,Salón,Yape,120.0
4282,15/02/2026,16:10,4073,19,Para llevar,Efectivo,56.0
4283,15/02/2026,20:39,2900,2,Salón,Efectivo,72.0
4284,16/02/2026,15:16,,19,Delivery propio,Tarjeta,138.0
4285,16/02/2026,19:19,1113,2,Salón,Tarjeta,190.0
4286,16/02/2026,12:34,201,22,Salón,Tarjeta,83.0
4287,16/02/2026,17:40,4181,3,Para llevar,Efectivo,70.0
4288,16/02/2026,14:36,3425,5,Salón,Yape,136.0
4289,16/02/2026,20:29,2619,24,Para llevar,Tarjeta,159.0
4290,16/02/2026,17:01,,20,Salón,Efectivo,34.0
4291,16/02/2026,21:20,877,22,Para llevar,Plin,83.0
4292,16/02/2026,21:33,2624,22,Delivery propio,Yape,190.0
4293,16/02/2026,17:55,964,5,Para llevar,Yape,154.0
4294,16/02/2026,19:23,3713,2,Salón,Plin,58.0
4295,16/02/2026,18:36,5216,17,Salón,Yape,106.0
4296,16/02/2026,18:53,1524,2,Salón,Plin,88.0
4297,16/02/2026,19:40,,19,Delivery propio,Efectivo,98.0
4298,16/02/2026,19:44,,17,Salón,Tarjeta,152.0
4299,16/02/2026,15:48,2356,18,Salón,Efectivo,158.0
4300,16/02/2026,12:13,3204,7,Delivery propio,Yape,98.0
4301,16/02/2026,19:57,925,7,Delivery propio,Tarjeta,246.0
4302,16/02/2026,14:02,499,17,Delivery propio,Efectivo,182.0
4303,16/02/2026,11:12,3901,20,Salón,Yape,168.0
4304,16/02/2026,19:02,2334,22,Delivery propio,Yape,22.0
4305,16/02/2026,13:43,,7,Salón,Plin,108.0
4306,16/02/2026,11:12,2900,22,Salón,Yape,64.0
4307,17/02/2026,20:00,,20,Delivery propio,Efectivo,66.0
4308,17/02/2026,11:57,557,20,Salón,Efectivo,48.0
4309,17/02/2026,14:53,1539,2,Delivery propio,Plin,101.0
4310,17/02/2026,18:58,219,16,Delivery propio,Efectivo,71.0
4311,17/02/2026,12:34,5137,2,Salón,Efectivo,180.0
4312,17/02/2026,19:33,1717,22,Para llevar,Yape,155.0
4313,17/02/2026,18:55,3649,3,Salón,Plin,128.0
4314,17/02/2026,14:38,2133,16,Para llevar,Efectivo,174.0
4315,17/02/2026,14:06,2153,18,Salón,Efectivo,63.0
4316,17/02/2026,14:31,4257,7,Salón,Efectivo,251.0
4317,17/02/2026,13:40,5191,7,Salón,Efectivo,6.0
4318,17/02/2026,18:26,424,16,Salón,Yape,104.0
4319,17/02/2026,17:50,1470,16,Salón,Yape,50.0
4320,17/02/2026,19:44,4575,3,Para llevar,Efectivo,164.0
4321,17/02/2026,14:21,2764,18,Delivery propio,Yape,136.0
4322,17/02/2026,12:22,1506,24,Salón,Efectivo,124.0
4323,17/02/2026,17:42,,16,Salón,Tarjeta,76.0
4324,17/02/2026,13:38,1955,20,Salón,Efectivo,78.0
4325,17/02/2026,12:56,2960,2,Salón,Yape,28.0
4326,17/02/2026,14:48,3932,24,Delivery propio,Tarjeta,262.0
4327,17/02/2026,18:23,5422,5,Delivery propio,Efectivo,60.0
4328,17/02/2026,19:24,2316,7,Salón,Tarjeta,24.0
4329,17/02/2026,20:06,2623,2,Delivery propio,Tarjeta,66.0
4330,17/02/2026,18:03,1092,2,Delivery propio,Yape,66.0
4331,18/02/2026,17:31,2635,2,Para llevar,Tarjeta,86.0
4332,18/02/2026,18:45,136,2,Salón,Yape,138.0
4333,18/02/2026,13:48,1414,22,Salón,Efectivo,164.0
4334,18/02/2026,21:47,5279,19,Salón,Tarjeta,220.0
4335,18/02/2026,15:45,,18,Delivery propio,Efectivo,34.0
4336,18/02/2026,20:05,4693,18,Salón,Efectivo,38.0
4337,18/02/2026,14:53,1540,2,Salón,Plin,146.0
4338,18/02/2026,11:42,2930,5,Para llevar,Tarjeta,110.0
4339,18/02/2026,15:50,1839,18,Salón,Tarjeta,129.0
4340,18/02/2026,14:38,1632,20,Salón,Tarjeta,78.0
4341,18/02/2026,19:21,2046,22,Salón,Tarjeta,205.0
4342,18/02/2026,16:44,3255,19,Salón,Plin,150.0
4343,18/02/2026,12:13,2992,17,Salón,Efectivo,158.0
4344,18/02/2026,17:20,3659,18,Salón,Yape,248.0
4345,18/02/2026,14:42,1082,3,Para llevar,Tarjeta,126.0
4346,18/02/2026,21:05,956,2,Salón,Yape,112.0
4347,18/02/2026,13:32,4603,3,Para llevar,Plin,118.0
4348,18/02/2026,13:42,5223,22,Salón,Yape,90.0
4349,18/02/2026,13:18,1707,7,Salón,Yape,140.0
4350,18/02/2026,11:33,222,19,Para llevar,Efectivo,104.0
4351,18/02/2026,17:23,1632,20,Salón,Yape,52.0
4352,18/02/2026,21:16,2963,2,Salón,Yape,128.0
4353,18/02/2026,15:39,5473,22,Para llevar,Efectivo,68.0
4354,18/02/2026,17:39,2319,24,Salón,Efectivo,173.0
4355,18/02/2026,18:11,2858,24,Para llevar,Efectivo,147.0
4356,18/02/2026,14:58,1446,7,Salón,Yape,122.0
4357,18/02/2026,18:06,4805,2,Salón,Efectivo,190.0
4358,18/02/2026,13:45,303,24,Delivery propio,Efectivo,42.0
4359,18/02/2026,17:06,1014,2,Delivery propio,Efectivo,84.0
4360,18/02/2026,15:53,3446,16,Salón,Yape,158.0
4361,18/02/2026,13:01,679,20,Para llevar,Efectivo,212.0
4362,18/02/2026,13:03,2557,3,Salón,Tarjeta,148.0
4363,18/02/2026,12:46,4890,22,Delivery propio,Efectivo,117.0
4364,18/02/2026,12:01,2252,20,Delivery propio,Efectivo,212.0
4365,19/02/2026,20:26,1491,7,Salón,Efectivo,54.0
4366,19/02/2026,20:49,2919,5,Salón,Efectivo,173.0
4367,19/02/2026,13:11,991,7,Delivery propio,Yape,54.0
4368,19/02/2026,13:39,3256,19,Salón,Yape,303.0
4369,19/02/2026,11:40,2374,7,Para llevar,Tarjeta,22.0
4370,19/02/2026,11:32,877,3,Delivery propio,Tarjeta,70.0
4371,19/02/2026,18:49,1825,2,Salón,Efectivo,134.0
4372,19/02/2026,20:45,662,18,Para llevar,Yape,66.0
4373,19/02/2026,14:54,3448,7,Delivery propio,Yape,91.0
4374,19/02/2026,14:26,,3,Salón,Tarjeta,197.0
4375,19/02/2026,14:28,2558,18,Salón,Efectivo,171.0
4376,19/02/2026,12:25,2280,24,Salón,Tarjeta,38.0
4377,19/02/2026,20:19,,22,Salón,Efectivo,192.0
4378,19/02/2026,16:08,3801,19,Para llevar,Efectivo,100.0
4379,19/02/2026,21:18,4017,24,Delivery propio,Efectivo,117.0
4380,19/02/2026,12:37,200,19,Salón,Plin,68.0
4381,19/02/2026,14:05,,2,Salón,Tarjeta,27.0
4382,19/02/2026,19:34,762,19,Salón,Efectivo,94.0
4383,19/02/2026,19:13,4897,19,Para llevar,Yape,96.0
4384,19/02/2026,18:29,3181,20,Delivery propio,Yape,25.0
4385,20/02/2026,15:26,5184,7,Salón,Yape,38.0
4386,20/02/2026,18:18,3716,2,Salón,Yape,244.0
4387,20/02/2026,19:47,3338,24,Salón,Efectivo,114.0
4388,20/02/2026,21:28,4331,2,Para llevar,Tarjeta,241.0
4389,20/02/2026,20:42,704,24,Salón,Efectivo,64.0
4390,20/02/2026,11:52,4297,19,Para llevar,Efectivo,131.0
4391,20/02/2026,14:20,4322,24,Delivery propio,Efectivo,56.0
4392,20/02/2026,19:51,3995,17,Para llevar,Yape,184.0
4393,20/02/2026,14:40,3573,7,Para llevar,Efectivo,116.0
4394,20/02/2026,20:59,4348,17,Salón,Tarjeta,140.0
4395,20/02/2026,11:45,1753,3,Salón,Yape,54.0
4396,20/02/2026,19:45,41,7,Para llevar,Efectivo,100.0
4397,20/02/2026,11:43,2407,20,Salón,Tarjeta,12.0
4398,20/02/2026,13:42,3381,2,Salón,Yape,136.0
4399,20/02/2026,18:02,1145,22,Salón,Yape,146.0
4400,20/02/2026,14:47,4812,7,Salón,Plin,30.0
4401,20/02/2026,19:58,2538,22,Para llevar,Yape,80.0
4402,20/02/2026,19:46,,19,Salón,Yape,226.0
4403,20/02/2026,11:18,432,16,Para llevar,Tarjeta,184.0
4404,20/02/2026,13:14,2184,3,Salón,Efectivo,241.0
4405,20/02/2026,19:40,1714,2,Delivery propio,Yape,114.0
4406,20/02/2026,18:27,4102,3,Salón,Efectivo,89.0
4407,20/02/2026,15:07,800,3,Delivery propio,Tarjeta,135.0
4408,20/02/2026,19:05,496,22,Salón,Efectivo,209.0
4409,20/02/2026,13:47,5217,16,Salón,Yape,294.0
4410,20/02/2026,19:01,2849,20,Salón,Tarjeta,236.0
4411,20/02/2026,13:09,,3,Salón,Yape,267.0
4412,20/02/2026,13:47,1413,2,Delivery propio,Efectivo,50.0
4413,20/02/2026,14:53,5213,16,Salón,Efectivo,168.0
4414,20/02/2026,14:33,3792,2,Salón,Efectivo,70.0
4415,20/02/2026,13:03,3447,5,Salón,Plin,108.0
4416,20/02/2026,13:52,1801,24,Para llevar,Plin,78.0
4417,20/02/2026,11:06,4543,22,Salón,Tarjeta,130.0
4418,20/02/2026,13:28,420,22,Salón,Plin,142.0
4419,21/02/2026,18:51,,22,Salón,Efectivo,110.0
4420,21/02/2026,16:46,4694,20,Salón,Efectivo,169.0
4421,21/02/2026,11:19,5360,24,Salón,Yape,90.0
4422,21/02/2026,14:47,2721,5,Salón,Yape,146.0
4423,21/02/2026,15:56,2541,24,Salón,Tarjeta,226.0
4424,21/02/2026,19:30,4300,24,Para llevar,Yape,210.0
4425,21/02/2026,15:13,3848,7,Salón,Tarjeta,114.0
4426,21/02/2026,18:38,4190,18,Salón,Yape,168.0
4427,21/02/2026,12:13,1535,18,Salón,Tarjeta,32.0
4428,21/02/2026,20:47,1638,7,Salón,Tarjeta,47.0
4429,21/02/2026,14:34,4293,2,Salón,Efectivo,30.0
4430,21/02/2026,12:18,1260,2,Salón,Tarjeta,126.0
4431,21/02/2026,16:05,3999,20,Salón,Yape,112.0
4432,21/02/2026,20:19,3602,5,Salón,Yape,128.0
4433,21/02/2026,18:21,1053,17,Salón,Efectivo,98.0
4434,21/02/2026,19:04,1356,5,Salón,Tarjeta,83.0
4435,21/02/2026,19:20,4925,22,Salón,Efectivo,159.0
4436,21/02/2026,14:28,2150,17,Salón,Yape,78.0
4437,21/02/2026,14:25,4737,20,Salón,Plin,60.0
4438,21/02/2026,14:52,3273,19,Salón,Tarjeta,212.0
4439,21/02/2026,12:01,607,22,Salón,Efectivo,108.0
4440,21/02/2026,14:05,4823,17,Salón,Efectivo,124.0
4441,21/02/2026,15:02,1703,24,Para llevar,Yape,50.0
4442,21/02/2026,15:23,3627,3,Salón,Efectivo,174.0
4443,21/02/2026,14:21,2315,5,Salón,Efectivo,46.0
4444,21/02/2026,19:37,1524,22,Para llevar,Efectivo,115.0
4445,21/02/2026,20:38,4729,19,Para llevar,Plin,171.0
4446,21/02/2026,12:31,2479,18,Salón,Tarjeta,136.0
4447,21/02/2026,18:32,2670,18,Delivery propio,Efectivo,98.0
4448,21/02/2026,13:53,1768,16,Salón,Yape,262.0
4449,21/02/2026,16:13,4261,2,Para llevar,Efectivo,181.0
4450,21/02/2026,14:21,4974,17,Salón,Plin,146.0
4451,21/02/2026,18:14,,17,Salón,Efectivo,174.0
4452,21/02/2026,12:19,4254,18,Salón,Efectivo,60.0
4453,21/02/2026,16:40,2069,7,Salón,Yape,160.0
4454,21/02/2026,11:54,175,3,Salón,Plin,172.0
4455,21/02/2026,14:59,3087,24,Salón,Tarjeta,102.0
4456,21/02/2026,14:13,2002,3,Salón,Plin,81.0
4457,21/02/2026,17:50,2751,17,Salón,Efectivo,66.0
4458,21/02/2026,14:52,1985,7,Para llevar,Efectivo,77.0
4459,21/02/2026,20:22,667,19,Salón,Efectivo,78.0
4460,21/02/2026,17:48,3467,18,Salón,Yape,112.0
4461,21/02/2026,18:07,4515,5,Delivery propio,Efectivo,152.0
4462,21/02/2026,13:50,,5,Salón,Tarjeta,152.0
4463,21/02/2026,21:53,3399,17,Para llevar,Tarjeta,60.0
4464,21/02/2026,17:18,22,2,Para llevar,Tarjeta,92.0
4465,21/02/2026,12:34,1860,19,Salón,Efectivo,97.0
4466,21/02/2026,16:13,5296,2,Salón,Plin,75.0
4467,21/02/2026,13:33,3705,7,Delivery propio,Efectivo,110.0
4468,22/02/2026,14:48,1219,24,Para llevar,Efectivo,60.0
4469,22/02/2026,13:17,,5,Salón,Yape,86.0
4470,22/02/2026,14:53,2904,17,Salón,Tarjeta,134.0
4471,22/02/2026,11:29,1466,19,Salón,Yape,146.0
4472,22/02/2026,12:20,358,19,Delivery propio,Yape,100.0
4473,22/02/2026,12:34,,18,Salón,Yape,50.0
4474,22/02/2026,13:49,736,7,Salón,Plin,188.0
4475,22/02/2026,15:18,3331,17,Salón,Plin,173.0
4476,22/02/2026,13:53,667,20,Delivery propio,Yape,188.0
4477,22/02/2026,13:14,1384,17,Salón,Yape,138.0
4478,22/02/2026,13:46,1547,7,Salón,Efectivo,140.0
4479,22/02/2026,13:21,3744,5,Salón,Tarjeta,87.0
4480,22/02/2026,14:25,2989,17,Para llevar,Yape,213.0
4481,22/02/2026,11:33,1492,5,Salón,Efectivo,246.0
4482,22/02/2026,14:22,1121,2,Salón,Efectivo,180.0
4483,22/02/2026,13:47,15,2,Salón,Yape,145.0
4484,22/02/2026,15:57,5383,20,Salón,Efectivo,130.0
4485,22/02/2026,16:38,4514,3,Para llevar,Plin,186.0
4486,22/02/2026,16:18,1301,17,Salón,Tarjeta,278.0
4487,22/02/2026,14:23,536,7,Para llevar,Tarjeta,150.0
4488,22/02/2026,13:52,2765,16,Delivery propio,Tarjeta,57.0
4489,22/02/2026,13:35,1387,24,Salón,Efectivo,178.0
4490,22/02/2026,20:43,2983,5,Para llevar,Efectivo,188.0
4491,22/02/2026,13:49,2866,16,Para llevar,Yape,54.0
4492,22/02/2026,19:17,1235,17,Salón,Yape,32.0
4493,22/02/2026,13:14,877,22,Para llevar,Plin,329.0
4494,22/02/2026,13:38,2849,7,Salón,Efectivo,99.0
4495,22/02/2026,12:50,4665,24,Salón,Yape,272.0
4496,22/02/2026,16:19,1307,19,Salón,Yape,74.0
4497,22/02/2026,15:12,2273,24,Salón,Tarjeta,232.0
4498,22/02/2026,15:40,3383,18,Salón,Efectivo,50.0
4499,22/02/2026,12:21,874,22,Salón,Plin,42.0
4500,22/02/2026,13:30,1743,2,Salón,Yape,281.0
4501,22/02/2026,13:59,52,7,Salón,Efectivo,215.0
4502,22/02/2026,16:05,3234,7,Salón,Tarjeta,62.0
4503,22/02/2026,18:02,4479,18,Salón,Yape,38.0
4504,22/02/2026,14:16,2251,24,Salón,Plin,46.0
4505,22/02/2026,19:24,698,18,Delivery propio,Efectivo,126.0
4506,22/02/2026,11:13,3493,18,Salón,Tarjeta,246.0
4507,22/02/2026,13:15,1174,7,Salón,Yape,52.0
4508,22/02/2026,13:17,780,3,Salón,Yape,78.0
4509,22/02/2026,17:04,1798,3,Para llevar,Yape,36.0
4510,22/02/2026,20:59,2865,18,Delivery propio,Tarjeta,137.0
4511,22/02/2026,12:29,1508,17,Delivery propio,Efectivo,50.0
4512,22/02/2026,16:21,731,3,Salón,Yape,148.0
4513,22/02/2026,13:54,3032,24,Para llevar,Yape,229.0
4514,22/02/2026,15:39,5020,20,Para llevar,Efectivo,128.0
4515,22/02/2026,11:14,877,24,Salón,Tarjeta,116.0
4516,22/02/2026,19:56,535,19,Delivery propio,Efectivo,118.0
4517,22/02/2026,11:25,5069,3,Para llevar,Tarjeta,88.0
4518,22/02/2026,21:10,5046,5,Delivery propio,Efectivo,42.0
4519,22/02/2026,18:04,,5,Salón,Efectivo,18.0
4520,22/02/2026,14:37,2318,5,Para llevar,Yape,182.0
4521,22/02/2026,12:00,1034,7,Salón,Tarjeta,196.0
4522,22/02/2026,16:33,4066,20,Salón,Plin,117.0
4523,22/02/2026,13:15,1806,3,Salón,Yape,144.0
4524,22/02/2026,14:17,,22,Salón,Efectivo,263.0
4525,22/02/2026,11:23,1151,16,Salón,Efectivo,28.0
4526,22/02/2026,12:10,3937,19,Salón,Plin,102.0
4527,22/02/2026,14:48,877,22,Delivery propio,Efectivo,28.0
4528,22/02/2026,18:21,877,24,Salón,Efectivo,46.0
4529,22/02/2026,13:58,6,20,Salón,Efectivo,74.0
4530,22/02/2026,20:16,1066,7,Delivery propio,Yape,250.0
4531,23/02/2026,13:39,3143,20,Salón,Yape,290.0
4532,23/02/2026,18:46,4425,7,Salón,Tarjeta,218.0
4533,23/02/2026,14:22,93,17,Para llevar,Yape,18.0
4534,23/02/2026,12:53,4740,19,Salón,Yape,89.0
4535,23/02/2026,15:58,2860,24,Para llevar,Efectivo,98.0
4536,23/02/2026,14:42,1235,19,Para llevar,Efectivo,53.0
4537,23/02/2026,14:54,670,19,Salón,Tarjeta,121.0
4538,23/02/2026,12:41,4560,20,Delivery propio,Yape,220.0
4539,23/02/2026,14:05,2557,2,Delivery propio,Efectivo,18.0
4540,23/02/2026,19:42,1800,17,Salón,Efectivo,198.0
4541,23/02/2026,20:59,4475,22,Salón,Efectivo,206.0
4542,23/02/2026,13:14,2346,17,Delivery propio,Plin,292.0
4543,23/02/2026,15:23,4285,17,Delivery propio,Efectivo,58.0
4544,23/02/2026,20:49,2368,18,Delivery propio,Tarjeta,86.0
4545,23/02/2026,12:41,,5,Para llevar,Yape,128.0
4546,23/02/2026,12:14,1343,20,Para llevar,Tarjeta,76.0
4547,23/02/2026,12:44,4349,18,Para llevar,Efectivo,212.0
4548,23/02/2026,13:25,4992,16,Salón,Efectivo,66.0
4549,23/02/2026,16:37,4191,24,Salón,Efectivo,163.0
4550,23/02/2026,12:46,4821,2,Delivery propio,Efectivo,176.0
4551,23/02/2026,13:57,496,19,Delivery propio,Efectivo,306.0
4552,23/02/2026,20:09,5027,2,Delivery propio,Tarjeta,94.0
4553,23/02/2026,21:35,233,17,Delivery propio,Efectivo,148.0
4554,23/02/2026,20:40,,3,Salón,Efectivo,36.0
4555,23/02/2026,12:51,72,3,Salón,Tarjeta,194.0
4556,23/02/2026,19:24,,20,Salón,Tarjeta,114.0
4557,23/02/2026,18:25,,2,Para llevar,Yape,118.0
4558,23/02/2026,12:34,,24,Delivery propio,Tarjeta,136.0
4559,23/02/2026,18:40,877,2,Para llevar,Efectivo,26.0
4560,23/02/2026,19:49,1673,3,Salón,Efectivo,202.0
4561,23/02/2026,14:24,484,20,Salón,Yape,94.0
4562,24/02/2026,15:13,486,20,Salón,Tarjeta,74.0
4563,24/02/2026,12:20,1378,3,Salón,Efectivo,68.0
4564,24/02/2026,20:13,4855,18,Salón,Yape,72.0
4565,24/02/2026,13:09,2216,18,Salón,Efectivo,101.0
4566,24/02/2026,14:07,698,16,Salón,Tarjeta,122.0
4567,24/02/2026,14:23,2435,2,Salón,Tarjeta,130.0
4568,24/02/2026,19:41,5440,5,Delivery propio,Plin,152.0
4569,24/02/2026,20:05,877,18,Para llevar,Tarjeta,94.0
4570,24/02/2026,19:12,3294,7,Delivery propio,Yape,38.0
4571,24/02/2026,14:35,4175,24,Delivery propio,Efectivo,138.0
4572,24/02/2026,12:51,4481,22,Para llevar,Efectivo,202.0
4573,24/02/2026,20:49,,5,Delivery propio,Yape,42.0
4574,24/02/2026,20:24,2035,3,Para llevar,Efectivo,66.0
4575,24/02/2026,14:06,1262,18,Salón,Tarjeta,66.0
4576,24/02/2026,13:46,,22,Delivery propio,Efectivo,107.0
4577,24/02/2026,20:43,1741,20,Delivery propio,Efectivo,151.0
4578,24/02/2026,20:34,244,17,Salón,Efectivo,111.0
4579,24/02/2026,13:38,5256,20,Salón,Plin,66.0
4580,24/02/2026,19:16,4550,17,Salón,Tarjeta,62.0
4581,24/02/2026,13:11,,17,Salón,Efectivo,68.0
4582,24/02/2026,17:27,587,20,Salón,Tarjeta,154.0
4583,24/02/2026,12:33,2353,20,Salón,Efectivo,227.0
4584,25/02/2026,13:19,,5,Salón,Tarjeta,126.0
4585,25/02/2026,12:10,3124,2,Para llevar,Efectivo,135.0
4586,25/02/2026,21:39,896,17,Delivery propio,Yape,42.0
4587,25/02/2026,19:30,2867,7,Salón,Yape,126.0
4588,25/02/2026,15:00,877,24,Delivery propio,Yape,36.0
4589,25/02/2026,15:43,3128,19,Delivery propio,Efectivo,160.0
4590,25/02/2026,13:13,1193,18,Para llevar,Plin,146.0
4591,25/02/2026,14:45,3400,5,Delivery propio,Tarjeta,139.0
4592,25/02/2026,14:26,1446,16,Delivery propio,Yape,95.0
4593,25/02/2026,17:54,,7,Salón,Efectivo,84.0
4594,25/02/2026,12:19,2793,18,Salón,Yape,24.0
4595,25/02/2026,16:28,880,20,Delivery propio,Tarjeta,182.0
4596,25/02/2026,14:24,3805,2,Para llevar,Yape,81.0
4597,25/02/2026,14:58,223,17,Salón,Yape,216.0
4598,25/02/2026,12:50,3658,5,Para llevar,Efectivo,145.0
4599,25/02/2026,15:45,4655,17,Salón,Efectivo,167.0
4600,25/02/2026,18:09,4597,5,Delivery propio,Efectivo,72.0
4601,25/02/2026,13:05,652,22,Delivery propio,Efectivo,116.0
4602,25/02/2026,13:42,2920,5,Salón,Tarjeta,20.0
4603,25/02/2026,14:09,814,5,Salón,Tarjeta,106.0
4604,25/02/2026,11:05,79,5,Salón,Efectivo,202.0
4605,25/02/2026,12:26,4898,19,Salón,Yape,48.0
4606,25/02/2026,12:57,4479,18,Delivery propio,Efectivo,36.0
4607,25/02/2026,13:09,1169,24,Salón,Tarjeta,237.0
4608,25/02/2026,14:29,3141,17,Salón,Efectivo,158.0
4609,25/02/2026,13:41,4456,18,Salón,Yape,98.0
4610,25/02/2026,12:59,2766,18,Delivery propio,Yape,50.0
4611,25/02/2026,15:14,5467,17,Salón,Efectivo,66.0
4612,25/02/2026,13:30,3986,18,Delivery propio,Efectivo,120.0
4613,26/02/2026,18:28,4203,22,Delivery propio,Efectivo,128.0
4614,26/02/2026,20:39,4261,24,Salón,Plin,183.0
4615,26/02/2026,18:55,2755,18,Salón,Yape,94.0
4616,26/02/2026,16:01,3436,17,Salón,Efectivo,64.0
4617,26/02/2026,19:45,1852,2,Salón,Efectivo,73.0
4618,26/02/2026,19:13,2711,7,Para llevar,Efectivo,64.0
4619,26/02/2026,15:48,2710,7,Salón,Yape,354.0
4620,26/02/2026,15:06,3438,17,Salón,Tarjeta,36.0
4621,26/02/2026,14:16,4766,20,Salón,Efectivo,48.0
4622,26/02/2026,15:02,2991,2,Salón,Yape,38.0
4623,26/02/2026,19:05,4288,22,Delivery propio,Yape,206.0
4624,26/02/2026,13:21,4744,2,Delivery propio,Tarjeta,110.0
4625,26/02/2026,20:00,4515,20,Salón,Yape,104.0
4626,26/02/2026,19:06,2001,16,Para llevar,Efectivo,250.0
4627,26/02/2026,20:40,1749,18,Salón,Tarjeta,64.0
4628,26/02/2026,19:29,3595,17,Salón,Efectivo,101.0
4629,26/02/2026,11:19,645,22,Salón,Efectivo,10.0
4630,26/02/2026,12:48,2342,19,Salón,Tarjeta,112.0
4631,26/02/2026,14:05,2217,5,Delivery propio,Efectivo,36.0
4632,26/02/2026,15:57,1529,3,Salón,Tarjeta,112.0
4633,26/02/2026,20:04,5192,24,Para llevar,Efectivo,30.0
4634,27/02/2026,14:31,2873,2,Salón,Tarjeta,130.0
4635,27/02/2026,14:57,295,20,Salón,Efectivo,90.0
4636,27/02/2026,13:03,4313,2,Salón,Tarjeta,108.0
4637,27/02/2026,19:29,4663,3,Salón,Efectivo,132.0
4638,27/02/2026,15:26,4969,19,Salón,Efectivo,218.0
4639,27/02/2026,15:21,2433,3,Delivery propio,Efectivo,44.0
4640,27/02/2026,13:03,877,3,Salón,Plin,124.0
4641,27/02/2026,14:39,1733,19,Salón,Yape,186.0
4642,27/02/2026,19:51,,17,Salón,Efectivo,162.0
4643,27/02/2026,11:57,,22,Salón,Yape,138.0
4644,27/02/2026,20:14,1659,3,Salón,Efectivo,210.0
4645,27/02/2026,19:17,1770,24,Salón,Efectivo,312.0
4646,27/02/2026,19:44,,5,Delivery propio,Tarjeta,68.0
4647,27/02/2026,19:05,1900,3,Salón,Yape,146.0
4648,27/02/2026,15:21,,3,Salón,Yape,66.0
4649,27/02/2026,12:12,5286,7,Salón,Tarjeta,82.0
4650,27/02/2026,11:27,2868,17,Salón,Tarjeta,36.0
4651,27/02/2026,19:48,517,2,Salón,Tarjeta,64.0
4652,27/02/2026,13:24,2246,22,Delivery propio,Tarjeta,179.0
4653,27/02/2026,13:33,3483,5,Para llevar,Tarjeta,167.0
4654,27/02/2026,20:10,3920,22,Delivery propio,Plin,94.0
4655,27/02/2026,12:31,,5,Salón,Yape,112.0
4656,27/02/2026,14:34,177,2,Delivery propio,Tarjeta,120.0
4657,27/02/2026,21:07,1647,18,Salón,Yape,50.0
4658,27/02/2026,20:31,2220,16,Para llevar,Yape,125.0
4659,27/02/2026,17:39,2849,18,Delivery propio,Yape,192.0
4660,27/02/2026,14:46,5321,18,Delivery propio,Plin,9.0
4661,27/02/2026,14:56,118,22,Salón,Yape,12.0
4662,27/02/2026,13:16,,20,Delivery propio,Efectivo,52.0
4663,28/02/2026,20:26,5280,3,Para llevar,Plin,208.0
4664,28/02/2026,21:42,3495,24,Salón,Tarjeta,122.0
4665,28/02/2026,18:46,671,22,Salón,Yape,205.0
4666,28/02/2026,14:15,5126,16,Salón,Plin,263.0
4667,28/02/2026,13:26,5250,7,Salón,Tarjeta,280.0
4668,28/02/2026,13:35,3271,3,Para llevar,Efectivo,119.0
4669,28/02/2026,19:12,4250,16,Salón,Tarjeta,156.0
4670,28/02/2026,11:42,2173,2,Para llevar,Tarjeta,74.0
4671,28/02/2026,14:45,4286,18,Salón,Efectivo,108.0
4672,28/02/2026,14:57,3320,19,Salón,Efectivo,39.0
4673,28/02/2026,16:19,1581,19,Para llevar,Yape,148.0
4674,28/02/2026,14:42,,7,Salón,Tarjeta,180.0
4675,28/02/2026,19:01,,2,Delivery propio,Yape,271.0
4676,28/02/2026,17:40,4242,18,Salón,Efectivo,196.0
4677,28/02/2026,12:12,665,24,Salón,Yape,226.0
4678,28/02/2026,19:53,2220,20,Salón,Efectivo,112.0
4679,28/02/2026,12:42,3879,2,Salón,Efectivo,160.0
4680,28/02/2026,13:02,92,20,Salón,Yape,92.0
4681,28/02/2026,13:42,3144,16,Salón,Yape,154.0
4682,28/02/2026,18:44,3449,5,Salón,Tarjeta,36.0
4683,28/02/2026,13:44,,24,Para llevar,Efectivo,98.0
4684,28/02/2026,16:41,2611,2,Salón,Yape,92.0
4685,28/02/2026,18:35,2939,20,Salón,Plin,118.0
4686,28/02/2026,17:03,4454,3,Salón,Efectivo,224.0
4687,28/02/2026,13:30,5440,19,Salón,Efectivo,122.0
4688,28/02/2026,13:53,398,2,Salón,Yape,102.0
4689,28/02/2026,17:01,4640,24,Salón,Yape,82.0
4690,28/02/2026,12:28,4931,18,Salón,Yape,70.0
4691,28/02/2026,16:04,3083,22,Salón,Tarjeta,170.0
4692,28/02/2026,20:05,3208,17,Salón,Efectivo,124.0
4693,28/02/2026,18:25,1104,16,Para llevar,Efectivo,120.0
4694,28/02/2026,13:02,2767,3,Salón,Tarjeta,102.0
4695,28/02/2026,14:42,,22,Salón,Efectivo,406.0
4696,28/02/2026,13:52,,24,Salón,Efectivo,111.0
4697,28/02/2026,14:00,4672,7,Salón,Efectivo,128.0
4698,28/02/2026,12:07,1847,19,Para llevar,Efectivo,92.0
4699,28/02/2026,15:46,1936,2,Delivery propio,Tarjeta,144.0
4700,28/02/2026,13:15,3264,17,Delivery propio,Yape,138.0
4701,28/02/2026,14:15,3662,20,Salón,Yape,92.0
4702,28/02/2026,18:25,5403,2,Salón,Efectivo,132.0
4703,28/02/2026,14:49,5432,16,Delivery propio,Tarjeta,130.0
4704,28/02/2026,21:55,3641,3,Salón,Yape,130.0
4705,28/02/2026,13:59,4435,5,Salón,Efectivo,102.0
4706,28/02/2026,16:54,95,24,Salón,Efectivo,40.0
4707,01/03/2026,15:25,2620,17,Para llevar,Plin,176.0
4708,01/03/2026,13:36,2446,18,Para llevar,Plin,198.0
4709,01/03/2026,11:47,,24,Salón,Efectivo,50.0
4710,01/03/2026,17:24,1376,22,Salón,Yape,162.0
4711,01/03/2026,14:05,1605,2,Salón,Yape,100.0
4712,01/03/2026,15:29,766,17,Salón,Efectivo,181.0
4713,01/03/2026,15:08,736,22,Salón,Efectivo,226.0
4714,01/03/2026,20:27,1818,22,Para llevar,Efectivo,128.0
4715,01/03/2026,19:47,4119,5,Salón,Tarjeta,150.0
4716,01/03/2026,12:11,4272,16,Para llevar,Yape,186.0
4717,01/03/2026,20:14,1089,17,Salón,Efectivo,66.0
4718,01/03/2026,11:43,3387,20,Salón,Efectivo,92.0
4719,01/03/2026,15:11,888,3,Salón,Yape,54.0
4720,01/03/2026,13:39,5337,19,Para llevar,Tarjeta,133.0
4721,01/03/2026,16:21,5141,18,Para llevar,Tarjeta,267.0
4722,01/03/2026,15:26,469,3,Para llevar,Yape,70.0
4723,01/03/2026,12:13,1457,7,Para llevar,Yape,208.0
4724,01/03/2026,11:27,610,5,Salón,Yape,150.0
4725,01/03/2026,19:27,4341,20,Delivery propio,Yape,-170.0
4726,01/03/2026,19:32,3630,7,Para llevar,Efectivo,50.0
4727,01/03/2026,14:30,4462,5,Delivery propio,Efectivo,88.0
4728,01/03/2026,19:37,4272,19,Salón,Efectivo,148.0
4729,01/03/2026,16:48,,22,Salón,Tarjeta,171.0
4730,01/03/2026,19:49,273,24,Salón,Tarjeta,100.0
4731,01/03/2026,20:08,4858,17,Salón,Efectivo,48.0
4732,01/03/2026,12:09,2786,5,Salón,Tarjeta,14.0
4733,01/03/2026,19:51,3107,24,Salón,Plin,148.0
4734,01/03/2026,21:26,4214,17,Salón,Yape,150.0
4735,01/03/2026,14:15,3480,18,Delivery propio,Tarjeta,108.0
4736,01/03/2026,21:55,1074,20,Salón,Tarjeta,76.0
4737,01/03/2026,12:25,837,5,Salón,Plin,128.0
4738,01/03/2026,13:40,2636,19,Delivery propio,Yape,65.0
4739,01/03/2026,18:17,163,7,Salón,Efectivo,164.0
4740,01/03/2026,13:23,74,18,Delivery propio,Tarjeta,99.0
4741,01/03/2026,14:26,5337,16,Salón,Tarjeta,237.0
4742,01/03/2026,12:33,321,5,Delivery propio,Tarjeta,172.0
4743,01/03/2026,11:47,2512,20,Salón,Yape,201.0
4744,01/03/2026,12:55,2765,22,Salón,Plin,48.0
4745,01/03/2026,12:47,5456,7,Salón,Efectivo,82.0
4746,01/03/2026,13:50,3483,17,Salón,Tarjeta,292.0
4747,01/03/2026,14:38,1709,24,Salón,Tarjeta,24.0
4748,01/03/2026,13:22,4293,2,Delivery propio,Plin,30.0
4749,01/03/2026,12:05,4185,5,Delivery propio,Yape,180.0
4750,01/03/2026,18:16,2682,5,Delivery propio,Yape,181.0
4751,01/03/2026,13:32,110,20,Salón,Yape,90.0
4752,01/03/2026,13:12,4162,18,Salón,Plin,208.0
4753,01/03/2026,11:57,1909,19,Delivery propio,Tarjeta,128.0
4754,01/03/2026,15:47,4078,19,Delivery propio,Efectivo,48.0
4755,01/03/2026,14:44,2475,19,Salón,Yape,129.0
4756,01/03/2026,13:21,1145,20,Salón,Yape,75.0
4757,01/03/2026,15:15,802,24,Salón,Efectivo,62.0
4758,01/03/2026,16:04,,18,Salón,Yape,48.0
4759,01/03/2026,12:10,2463,2,Para llevar,Yape,78.0
4760,01/03/2026,18:53,3867,16,Salón,Tarjeta,102.0
4761,01/03/2026,14:10,4190,17,Salón,Yape,114.0
4762,01/03/2026,18:02,5401,17,Para llevar,Efectivo,134.0
4763,01/03/2026,15:19,1458,5,Salón,Plin,242.0
4764,01/03/2026,14:00,3392,18,Para llevar,Efectivo,118.0
4765,01/03/2026,18:51,1736,17,Salón,Yape,102.0
4766,01/03/2026,21:07,1653,22,Salón,Efectivo,166.0
4767,01/03/2026,13:00,4691,19,Para llevar,Tarjeta,105.0
4768,01/03/2026,19:42,985,24,Salón,Tarjeta,101.0
4769,01/03/2026,13:08,4875,5,Salón,Plin,144.0
4770,02/03/2026,14:55,5337,19,Delivery propio,Tarjeta,33.0
4771,02/03/2026,15:18,1150,16,Para llevar,Yape,171.0
4772,02/03/2026,18:09,5294,20,Salón,Tarjeta,134.0
4773,02/03/2026,11:47,5002,16,Delivery propio,Efectivo,34.0
4774,02/03/2026,14:22,3185,5,Para llevar,Yape,128.0
4775,02/03/2026,12:33,611,2,Salón,Yape,112.0
4776,02/03/2026,19:40,3483,20,Salón,Yape,40.0
4777,02/03/2026,20:51,2588,16,Salón,Efectivo,108.0
4778,02/03/2026,15:46,3740,22,Delivery propio,Yape,34.0
4779,02/03/2026,11:56,3500,2,Salón,Efectivo,372.0
4780,02/03/2026,18:27,2162,5,Salón,Yape,112.0
4781,02/03/2026,12:16,4421,19,Para llevar,Efectivo,58.0
4782,02/03/2026,13:09,3210,16,Salón,Yape,90.0
4783,02/03/2026,12:07,2185,17,Salón,Efectivo,72.0
4784,02/03/2026,14:30,3675,22,Salón,Tarjeta,102.0
4785,02/03/2026,18:02,1355,20,Salón,Efectivo,108.0
4786,02/03/2026,15:23,196,16,Delivery propio,Yape,114.0
4787,02/03/2026,14:59,2908,5,Salón,Tarjeta,34.0
4788,02/03/2026,21:18,,3,Para llevar,Yape,73.0
4789,02/03/2026,19:39,3184,20,Salón,Plin,156.0
4790,02/03/2026,21:43,4902,19,Delivery propio,Tarjeta,54.0
4791,02/03/2026,14:10,2579,19,Para llevar,Yape,70.0
4792,02/03/2026,15:44,4974,16,Delivery propio,Yape,86.0
4793,02/03/2026,14:03,2164,18,Delivery propio,Efectivo,33.0
4794,02/03/2026,12:19,2561,3,Salón,Yape,78.0
4795,02/03/2026,13:08,3699,16,Delivery propio,Yape,151.0
4796,02/03/2026,14:56,2344,24,Salón,Plin,142.0
4797,02/03/2026,11:32,3281,19,Salón,Efectivo,95.0
4798,02/03/2026,15:42,2815,18,Salón,Efectivo,217.0
4799,02/03/2026,16:24,711,18,Salón,Tarjeta,156.0
4800,02/03/2026,16:39,2998,7,Salón,Tarjeta,178.0
4801,02/03/2026,19:23,667,24,Salón,Yape,44.0
4802,03/03/2026,18:42,,3,Salón,Plin,44.0
4803,03/03/2026,13:19,4105,19,Salón,Plin,270.0
4804,03/03/2026,13:27,494,7,Salón,Efectivo,128.0
4805,03/03/2026,14:48,4185,19,Salón,Efectivo,38.0
4806,03/03/2026,21:44,918,7,Salón,Yape,208.0
4807,03/03/2026,18:22,1127,2,Salón,Yape,96.0
4808,03/03/2026,17:35,3132,7,Salón,Tarjeta,190.0
4809,03/03/2026,15:08,1025,20,Salón,Tarjeta,324.0
4810,03/03/2026,20:13,491,17,Delivery propio,Plin,138.0
4811,03/03/2026,12:35,3042,3,Salón,Efectivo,214.0
4812,03/03/2026,15:31,3333,20,Salón,Yape,122.0
4813,03/03/2026,21:15,1885,20,Salón,Yape,276.0
4814,03/03/2026,18:07,1157,18,Para llevar,Plin,174.0
4815,03/03/2026,14:11,29,17,Delivery propio,Plin,152.0
4816,03/03/2026,13:39,4874,7,Delivery propio,Yape,92.0
4817,03/03/2026,21:50,3199,17,Para llevar,Yape,120.0
4818,03/03/2026,15:25,3392,17,Salón,Efectivo,162.0
4819,03/03/2026,13:15,2173,22,Salón,Efectivo,36.0
4820,03/03/2026,19:22,3074,5,Salón,Yape,176.0
4821,03/03/2026,14:58,2734,20,Para llevar,Tarjeta,120.0
4822,03/03/2026,18:06,4449,17,Salón,Efectivo,132.0
4823,03/03/2026,14:49,5424,5,Salón,Yape,162.0
4824,03/03/2026,11:02,294,19,Salón,Efectivo,208.0
4825,03/03/2026,20:59,564,7,Salón,Tarjeta,30.0
4826,03/03/2026,13:01,2542,17,Salón,Efectivo,110.0
4827,03/03/2026,18:54,962,20,Salón,Yape,194.0
4828,03/03/2026,12:41,3443,17,Salón,Plin,162.0
4829,03/03/2026,13:20,4596,3,Delivery propio,Yape,116.0
4830,03/03/2026,16:05,3785,7,Salón,Efectivo,30.0
4831,03/03/2026,20:56,558,20,Delivery propio,Plin,300.0
4832,04/03/2026,15:42,4446,17,Salón,Efectivo,136.0
4833,04/03/2026,15:12,499,5,Salón,Efectivo,88.0
4834,04/03/2026,13:17,3696,2,Salón,Yape,81.0
4835,04/03/2026,14:28,2651,24,Para llevar,Yape,64.0
4836,04/03/2026,19:20,2144,2,Salón,Efectivo,187.0
4837,04/03/2026,14:34,3132,5,Salón,Tarjeta,162.0
4838,04/03/2026,13:29,1874,7,Salón,Efectivo,60.0
4839,04/03/2026,17:04,3608,19,Salón,Efectivo,110.0
4840,04/03/2026,20:44,1232,19,Delivery propio,Tarjeta,84.0
4841,04/03/2026,12:18,,22,Salón,Yape,225.0
4842,04/03/2026,18:11,5201,16,Salón,Tarjeta,120.0
4843,04/03/2026,13:03,1266,5,Delivery propio,Efectivo,0.0
4844,04/03/2026,12:29,4967,24,Salón,Yape,202.0
4845,04/03/2026,14:21,1042,20,Salón,Yape,248.0
4846,04/03/2026,15:53,2137,22,Salón,Yape,186.0
4847,04/03/2026,14:46,97,7,Salón,Yape,234.0
4848,04/03/2026,19:19,,18,Para llevar,Plin,58.0
4849,04/03/2026,17:37,,24,Salón,Efectivo,122.0
4850,04/03/2026,18:52,4855,17,Salón,Efectivo,78.0
4851,04/03/2026,18:19,1163,20,Delivery propio,Tarjeta,52.0
4852,04/03/2026,16:13,2353,22,Para llevar,Plin,158.0
4853,04/03/2026,14:59,3520,18,Delivery propio,Efectivo,90.0
4854,04/03/2026,13:49,3072,17,Salón,Tarjeta,96.0
4855,04/03/2026,17:34,5493,19,Delivery propio,Yape,38.0
4856,04/03/2026,13:52,1439,2,Delivery propio,Yape,90.0
4857,04/03/2026,14:16,5140,19,Salón,Efectivo,203.0
4858,04/03/2026,15:41,4392,20,Delivery propio,Efectivo,198.0
4859,04/03/2026,11:55,4709,22,Salón,Yape,162.0
4860,04/03/2026,13:10,1701,18,Salón,Tarjeta,184.0
4861,05/03/2026,21:02,2052,24,Salón,Yape,152.0
4862,05/03/2026,17:13,5278,16,Salón,Tarjeta,74.0
4863,05/03/2026,12:38,4875,20,Salón,Tarjeta,369.0
4864,05/03/2026,15:43,3881,22,Salón,Yape,56.0
4865,No se sabe,15:59,3545,3,Para llevar,Efectivo,98.0
4866,05/03/2026,14:37,904,22,Salón,Yape,46.0
4867,05/03/2026,19:48,3100,16,Salón,Yape,150.0
4868,05/03/2026,19:06,2678,19,Delivery propio,Efectivo,141.0
4869,05/03/2026,15:33,3665,5,Salón,Yape,120.0
4870,05/03/2026,14:11,4566,19,Salón,Efectivo,26.0
4871,05/03/2026,19:38,5019,3,Salón,Tarjeta,226.0
4872,05/03/2026,18:02,1702,24,Salón,Plin,122.0
4873,05/03/2026,13:37,663,17,Salón,Efectivo,142.0
4874,05/03/2026,12:12,5266,19,Para llevar,Efectivo,54.0
4875,05/03/2026,15:39,2066,16,Para llevar,Efectivo,112.0
4876,05/03/2026,20:08,496,16,Salón,Efectivo,226.0
4877,05/03/2026,14:46,1117,20,Salón,Yape,200.0
4878,05/03/2026,18:41,695,2,Delivery propio,Tarjeta,207.0
4879,05/03/2026,18:47,,2,Salón,Yape,110.0
4880,05/03/2026,12:46,3010,20,Para llevar,Tarjeta,114.0
4881,05/03/2026,13:25,5261,7,Salón,Yape,66.0
4882,05/03/2026,14:25,3139,2,Delivery propio,Tarjeta,78.0
4883,05/03/2026,13:47,2644,2,Salón,Efectivo,138.0
4884,05/03/2026,17:56,3560,22,Delivery propio,Yape,138.0
4885,05/03/2026,19:29,2849,5,Delivery propio,Tarjeta,174.0
4886,05/03/2026,20:25,511,5,Salón,Efectivo,36.0
4887,05/03/2026,20:00,4890,7,Delivery propio,Tarjeta,152.0
4888,05/03/2026,18:14,534,20,Salón,Efectivo,231.0
4889,05/03/2026,19:26,3705,16,Salón,Yape,124.0
4890,06/03/2026,21:29,1749,3,Delivery propio,Plin,24.0
4891,06/03/2026,20:16,1790,7,Salón,Tarjeta,74.0
4892,06/03/2026,19:20,484,19,Salón,Plin,66.0
4893,06/03/2026,12:10,5367,16,Salón,Yape,94.0
4894,06/03/2026,17:45,3862,19,Salón,Efectivo,46.0
4895,06/03/2026,13:11,1252,22,Delivery propio,Yape,204.0
4896,06/03/2026,12:37,4578,2,Salón,Plin,228.0
4897,06/03/2026,19:07,,16,Para llevar,Efectivo,10.0
4898,06/03/2026,14:09,1930,19,Salón,Yape,175.0
4899,06/03/2026,13:38,4901,3,Salón,Tarjeta,76.0
4900,06/03/2026,14:55,,3,Salón,Efectivo,66.0
4901,06/03/2026,13:19,5440,20,Para llevar,Yape,270.0
4902,06/03/2026,15:26,2388,17,Delivery propio,Efectivo,54.0
4903,06/03/2026,14:39,4748,18,Salón,Tarjeta,72.0
4904,06/03/2026,14:42,5204,5,Salón,Yape,58.0
4905,06/03/2026,20:22,2407,2,Para llevar,Tarjeta,160.0
4906,06/03/2026,14:48,886,22,Salón,Efectivo,84.0
4907,06/03/2026,14:13,2605,5,Salón,Yape,56.0
4908,06/03/2026,13:55,1576,24,Salón,Tarjeta,178.0
4909,06/03/2026,13:03,2550,3,Delivery propio,Yape,96.0
4910,06/03/2026,13:16,3079,18,Salón,Yape,48.0
4911,06/03/2026,19:05,3510,20,Delivery propio,Efectivo,128.0
4912,06/03/2026,14:02,1042,7,Delivery propio,Efectivo,243.0
4913,06/03/2026,15:49,300,17,Salón,Plin,52.0
4914,06/03/2026,11:56,499,16,Para llevar,Plin,79.0
4915,06/03/2026,19:41,1431,18,Delivery propio,Efectivo,163.0
4916,06/03/2026,16:39,5462,5,Delivery propio,Tarjeta,34.0
4917,06/03/2026,14:37,4355,2,Salón,Efectivo,82.0
4918,06/03/2026,12:11,4074,2,Salón,Tarjeta,26.0
4919,06/03/2026,12:39,4699,19,Salón,Tarjeta,96.0
4920,06/03/2026,12:40,3403,17,Salón,Yape,116.0
4921,06/03/2026,11:25,1678,17,Salón,Yape,132.0
4922,06/03/2026,13:22,3631,5,Salón,Efectivo,114.0
4923,06/03/2026,13:56,5019,24,Para llevar,Tarjeta,164.0
4924,06/03/2026,15:01,,17,Para llevar,Efectivo,198.0
4925,06/03/2026,15:50,5089,16,Salón,Yape,84.0
4926,06/03/2026,20:49,2708,3,Salón,Efectivo,150.0
4927,07/03/2026,13:13,3645,18,Salón,Yape,50.0
4928,07/03/2026,13:19,,17,Delivery propio,Yape,84.0
4929,07/03/2026,17:23,425,18,Para llevar,Efectivo,145.0
4930,07/03/2026,17:33,2370,16,Salón,Efectivo,100.0
4931,07/03/2026,14:01,4203,16,Salón,Efectivo,202.0
4932,07/03/2026,13:12,469,19,Salón,Yape,156.0
4933,07/03/2026,18:30,140,5,Salón,Yape,130.0
4934,07/03/2026,18:08,2575,22,Salón,Tarjeta,42.0
4935,07/03/2026,13:39,1176,17,Para llevar,Plin,124.0
4936,07/03/2026,18:09,4974,3,Salón,Tarjeta,107.0
4937,07/03/2026,20:47,1539,7,Salón,Efectivo,192.0
4938,07/03/2026,18:30,4572,17,Para llevar,Yape,85.0
4939,07/03/2026,20:52,4883,19,Para llevar,Efectivo,154.0
4940,07/03/2026,12:58,3933,2,Para llevar,Yape,88.0
4941,07/03/2026,13:05,288,7,Salón,Tarjeta,284.0
4942,07/03/2026,20:34,2900,19,Para llevar,Yape,224.0
4943,07/03/2026,14:01,3940,24,Delivery propio,Yape,292.0
4944,07/03/2026,14:03,3351,20,Salón,Efectivo,72.0
4945,07/03/2026,12:29,1444,24,Para llevar,Yape,65.0
4946,07/03/2026,19:13,5039,3,Salón,Yape,210.0
4947,07/03/2026,13:50,35,2,Salón,Efectivo,87.0
4948,07/03/2026,12:12,2786,22,Salón,Plin,150.0
4949,07/03/2026,13:30,3933,20,Delivery propio,Tarjeta,72.0
4950,07/03/2026,13:35,3760,17,Para llevar,Yape,130.0
4951,07/03/2026,14:13,433,19,Para llevar,Efectivo,130.0
4952,07/03/2026,14:43,877,24,Salón,Plin,118.0
4953,07/03/2026,17:46,5248,3,Para llevar,Plin,66.0
4954,07/03/2026,14:53,5365,20,Salón,Efectivo,30.0
4955,07/03/2026,20:41,2686,18,Salón,Tarjeta,200.0
4956,07/03/2026,16:23,,3,Salón,Efectivo,82.0
4957,07/03/2026,16:18,,24,Salón,Plin,216.0
4958,07/03/2026,21:41,2849,19,Para llevar,Yape,62.0
4959,07/03/2026,13:31,1293,17,Salón,Plin,-38.0
4960,07/03/2026,14:11,,3,Para llevar,Efectivo,60.0
4961,07/03/2026,14:49,4408,19,Delivery propio,Plin,116.0
4962,07/03/2026,13:18,3774,3,Para llevar,Yape,70.0
4963,07/03/2026,17:11,,18,Salón,Efectivo,195.0
4964,07/03/2026,13:23,469,24,Salón,Tarjeta,48.0
4965,07/03/2026,12:44,,19,Para llevar,Yape,111.0
4966,07/03/2026,14:26,2376,16,Salón,Efectivo,124.0
4967,07/03/2026,14:07,3209,17,Salón,Efectivo,159.0
4968,07/03/2026,14:23,2948,16,Delivery propio,Efectivo,30.0
4969,07/03/2026,16:36,2390,24,Salón,Yape,29.0
4970,07/03/2026,13:31,3857,20,Delivery propio,Plin,106.0
4971,07/03/2026,15:59,1905,16,Salón,Yape,54.0
4972,07/03/2026,15:13,1200,7,Salón,Tarjeta,36.0
4973,07/03/2026,15:48,2833,20,Delivery propio,Yape,84.0
4974,07/03/2026,17:56,469,3,Salón,Efectivo,60.0
4975,07/03/2026,16:42,2063,2,Para llevar,Tarjeta,211.0
4976,07/03/2026,11:09,5151,17,Para llevar,Tarjeta,156.0
4977,08/03/2026,15:32,4977,16,Salón,Tarjeta,195.0
4978,08/03/2026,13:50,767,7,Delivery propio,Efectivo,20.0
4979,08/03/2026,18:22,,17,Delivery propio,Tarjeta,160.0
4980,08/03/2026,21:59,,19,Salón,Efectivo,104.0
4981,08/03/2026,20:49,4663,2,Salón,Yape,109.0
4982,08/03/2026,14:16,,5,Para llevar,Yape,273.0
4983,08/03/2026,13:45,1199,16,Delivery propio,Efectivo,72.0
4984,08/03/2026,13:05,204,16,Salón,Efectivo,34.0
4985,08/03/2026,14:17,1819,20,Salón,Plin,54.0
4986,08/03/2026,16:14,2651,7,Salón,Tarjeta,128.0
4987,08/03/2026,14:02,4811,5,Para llevar,Yape,259.0
4988,08/03/2026,14:53,5252,18,Salón,Efectivo,251.0
4989,08/03/2026,21:32,5476,20,Salón,Plin,101.0
4990,08/03/2026,13:42,4690,2,Delivery propio,Efectivo,74.0
4991,08/03/2026,19:41,60,3,Delivery propio,Yape,246.0
4992,08/03/2026,14:39,420,22,Salón,Yape,84.0
4993,08/03/2026,12:57,2164,18,Salón,Plin,108.0
4994,08/03/2026,11:31,1878,17,Delivery propio,Yape,50.0
4995,08/03/2026,20:51,2620,22,Salón,Plin,84.0
4996,08/03/2026,19:59,2257,7,Salón,Tarjeta,192.0
4997,08/03/2026,20:00,,18,Salón,Plin,72.0
4998,08/03/2026,20:55,2323,2,Salón,Plin,180.0
4999,08/03/2026,14:38,,17,Salón,Yape,40.0
5000,08/03/2026,17:28,1197,18,Salón,Efectivo,64.0
5001,08/03/2026,11:42,2858,7,Salón,Efectivo,82.0
5002,08/03/2026,11:28,1593,22,Delivery propio,Tarjeta,134.0
5003,08/03/2026,15:30,4620,3,Salón,Efectivo,124.0
5004,08/03/2026,16:47,5400,7,Salón,Yape,98.0
5005,08/03/2026,20:54,2375,19,Salón,Efectivo,22.0
5006,08/03/2026,20:51,3626,7,Salón,Yape,182.0
5007,08/03/2026,14:28,2611,7,Delivery propio,Yape,242.0
5008,08/03/2026,14:50,1956,22,Delivery propio,Efectivo,158.0
5009,08/03/2026,16:28,,18,Salón,Efectivo,94.0
5010,08/03/2026,17:55,,2,Para llevar,Yape,86.0
5011,08/03/2026,12:35,1648,16,Salón,Yape,82.0
5012,08/03/2026,19:17,5470,17,Delivery propio,Efectivo,32.0
5013,08/03/2026,13:47,3304,3,Salón,Tarjeta,36.0
5014,08/03/2026,12:05,2454,20,Delivery propio,Tarjeta,166.0
5015,08/03/2026,14:16,1744,3,Salón,Plin,252.0
5016,08/03/2026,18:47,2075,17,Delivery propio,Plin,54.0
5017,08/03/2026,15:20,3705,18,Salón,Yape,42.0
5018,08/03/2026,17:43,,24,Delivery propio,Yape,48.0
5019,08/03/2026,18:16,3790,24,Salón,Efectivo,168.0
5020,08/03/2026,13:26,100,22,Salón,Efectivo,108.0
5021,08/03/2026,13:26,568,19,Salón,Tarjeta,108.0
5022,08/03/2026,14:03,237,3,Delivery propio,Efectivo,160.0
5023,08/03/2026,13:45,965,5,Salón,Efectivo,160.0
5024,08/03/2026,13:58,5269,7,Salón,Tarjeta,44.0
5025,08/03/2026,11:57,4730,19,Para llevar,Plin,104.0
5026,08/03/2026,12:07,5224,24,Salón,Yape,64.0
5027,08/03/2026,19:46,496,20,Salón,Efectivo,126.0
5028,08/03/2026,18:19,,24,Para llevar,Efectivo,74.0
5029,08/03/2026,14:13,367,24,Delivery propio,Tarjeta,265.0
5030,08/03/2026,11:00,,7,Salón,Tarjeta,188.0
5031,08/03/2026,12:31,286,20,Delivery propio,Efectivo,210.0
5032,08/03/2026,20:22,,17,Delivery propio,Efectivo,82.0
5033,08/03/2026,20:54,1427,17,Salón,Efectivo,204.0
5034,08/03/2026,20:38,3983,24,Para llevar,Efectivo,136.0
5035,08/03/2026,20:28,4150,17,Salón,Yape,56.0
5036,08/03/2026,14:59,4325,7,Salón,Yape,146.0
5037,08/03/2026,13:37,255,19,Para llevar,Plin,58.0
5038,08/03/2026,19:26,4427,20,Delivery propio,Plin,277.0
5039,08/03/2026,14:39,3596,5,Salón,Tarjeta,0.0
5040,09/03/2026,18:13,1680,3,Salón,Yape,132.0
5041,09/03/2026,20:07,2021,7,Para llevar,Tarjeta,86.0
5042,09/03/2026,15:59,3656,17,Delivery propio,Yape,168.0
5043,09/03/2026,11:19,1029,5,Salón,Tarjeta,77.0
5044,09/03/2026,13:46,1058,18,Salón,Yape,161.0
5045,09/03/2026,20:10,3181,17,Delivery propio,Yape,224.0
5046,09/03/2026,16:00,1658,2,Salón,Tarjeta,150.0
5047,09/03/2026,14:03,,7,Salón,Yape,60.0
5048,09/03/2026,17:06,,2,Salón,Yape,41.0
5049,09/03/2026,12:42,244,19,Delivery propio,Efectivo,170.0
5050,09/03/2026,11:23,805,22,Salón,Efectivo,74.0
5051,09/03/2026,14:29,4799,24,Para llevar,Efectivo,238.0
5052,09/03/2026,13:48,3030,18,Delivery propio,Tarjeta,96.0
5053,09/03/2026,12:01,2993,24,Para llevar,Tarjeta,82.0
5054,09/03/2026,12:58,3453,19,Delivery propio,Efectivo,202.0
5055,09/03/2026,19:32,4180,18,Salón,Yape,18.0
5056,09/03/2026,15:31,3108,18,Salón,Tarjeta,170.0
5057,09/03/2026,14:38,940,18,Salón,Tarjeta,100.0
5058,09/03/2026,11:51,4416,2,Salón,Tarjeta,375.0
5059,09/03/2026,20:34,2040,20,Salón,Efectivo,154.0
5060,09/03/2026,13:11,4,24,Salón,Yape,96.0
5061,09/03/2026,20:54,842,19,Salón,Efectivo,104.0
5062,09/03/2026,17:21,234,7,Salón,Efectivo,178.0
5063,10/03/2026,20:40,155,17,Salón,Tarjeta,158.0
5064,10/03/2026,15:12,3684,16,Salón,Efectivo,126.0
5065,10/03/2026,18:30,4024,19,Salón,Yape,172.0
5066,10/03/2026,16:40,478,20,Delivery propio,Efectivo,104.0
5067,10/03/2026,12:46,,18,Salón,Tarjeta,144.0
5068,10/03/2026,14:06,5072,18,Salón,Yape,218.0
5069,10/03/2026,18:09,4853,19,Salón,Efectivo,220.0
5070,10/03/2026,14:28,250,18,Salón,Plin,40.0
5071,10/03/2026,14:03,4205,2,Delivery propio,Yape,168.0
5072,10/03/2026,14:22,4011,17,Salón,Efectivo,194.0
5073,10/03/2026,15:59,2056,19,Salón,Tarjeta,35.0
5074,10/03/2026,11:18,1405,2,Salón,Efectivo,64.0
5075,10/03/2026,13:06,4107,22,Para llevar,Yape,68.0
5076,10/03/2026,18:19,5075,20,Para llevar,Tarjeta,206.0
5077,10/03/2026,19:52,3797,2,Delivery propio,Efectivo,84.0
5078,10/03/2026,17:19,39,7,Salón,Tarjeta,84.0
5079,10/03/2026,16:29,3611,7,Salón,Plin,214.0
5080,10/03/2026,14:37,2362,18,Salón,Efectivo,84.0
5081,10/03/2026,14:51,3864,20,Delivery propio,Yape,30.0
5082,10/03/2026,14:58,5321,24,Delivery propio,Yape,157.0
5083,10/03/2026,13:26,,7,Salón,Efectivo,97.0
5084,10/03/2026,18:22,,20,Delivery propio,Efectivo,86.0
5085,10/03/2026,19:27,2724,24,Para llevar,Yape,46.0
5086,11/03/2026,11:54,234,7,Delivery propio,Tarjeta,147.0
5087,11/03/2026,15:56,477,22,Delivery propio,Tarjeta,78.0
5088,11/03/2026,20:59,543,24,Salón,Efectivo,118.0
5089,11/03/2026,14:35,2432,2,Salón,Yape,249.0
5090,11/03/2026,20:28,3258,24,Salón,Yape,113.0
5091,11/03/2026,12:09,3053,2,Para llevar,Yape,156.0
5092,11/03/2026,13:52,5041,19,Salón,Efectivo,188.0
5093,11/03/2026,20:00,3873,18,Salón,Efectivo,74.0
5094,11/03/2026,20:09,5031,16,Salón,Yape,102.0
5095,11/03/2026,14:03,2863,20,Salón,Tarjeta,34.0
5096,11/03/2026,11:50,4715,22,Delivery propio,Yape,50.0
5097,11/03/2026,15:28,,22,Para llevar,Yape,24.0
5098,11/03/2026,20:45,2905,2,Delivery propio,Efectivo,45.0
5099,11/03/2026,16:31,946,3,Salón,Yape,166.0
5100,11/03/2026,14:52,4703,7,Delivery propio,Tarjeta,72.0
5101,11/03/2026,20:40,5420,7,Delivery propio,Efectivo,132.0
5102,11/03/2026,20:56,,7,Salón,Plin,100.0
5103,11/03/2026,13:35,4769,20,Salón,Tarjeta,36.0
5104,11/03/2026,17:31,3587,7,Delivery propio,Yape,171.0
5105,11/03/2026,20:08,,17,Salón,Yape,110.0
5106,11/03/2026,14:09,1628,7,Salón,Yape,75.0
5107,11/03/2026,12:48,4512,20,Salón,Yape,212.0
5108,11/03/2026,14:23,4371,24,Para llevar,Tarjeta,64.0
5109,11/03/2026,12:56,4706,22,Para llevar,Yape,202.0
5110,11/03/2026,14:58,2220,16,Para llevar,Plin,106.0
5111,11/03/2026,13:43,4637,16,Salón,Plin,98.0
5112,11/03/2026,18:03,4906,17,Salón,Tarjeta,116.0
5113,12/03/2026,14:47,3641,5,Para llevar,Tarjeta,100.0
5114,12/03/2026,15:57,4643,18,Salón,Efectivo,108.0
5115,12/03/2026,18:33,,18,Salón,Tarjeta,28.0
5116,12/03/2026,13:49,3545,24,Salón,Plin,105.0
5117,12/03/2026,21:39,5311,16,Salón,Yape,317.0
5118,12/03/2026,14:20,4159,22,Delivery propio,Yape,123.0
5119,12/03/2026,21:57,2252,16,Salón,Plin,177.0
5120,12/03/2026,19:36,3880,17,Delivery propio,Yape,125.0
5121,12/03/2026,13:33,2049,7,Salón,Efectivo,116.0
5122,12/03/2026,21:53,806,5,Salón,Tarjeta,98.0
5123,12/03/2026,20:46,4390,16,Salón,Efectivo,146.0
5124,12/03/2026,17:27,2716,3,Para llevar,Yape,114.0
5125,12/03/2026,15:40,4962,19,Salón,Yape,109.0
5126,12/03/2026,12:51,1792,7,Para llevar,Tarjeta,142.0
5127,12/03/2026,18:53,1838,16,Salón,Tarjeta,126.0
5128,12/03/2026,14:54,1839,16,Salón,Tarjeta,38.0
5129,12/03/2026,12:58,2763,16,Para llevar,Plin,149.0
5130,12/03/2026,15:33,4827,22,Salón,Efectivo,189.0
5131,12/03/2026,19:21,1033,3,Delivery propio,Plin,52.0
5132,12/03/2026,15:12,203,20,Salón,Plin,69.0
5133,12/03/2026,20:30,450,3,Para llevar,Tarjeta,130.0
5134,12/03/2026,20:10,,19,Salón,Tarjeta,104.0
5135,12/03/2026,14:23,4227,17,Para llevar,Plin,80.0
5136,12/03/2026,20:45,3757,24,Para llevar,Plin,18.0
5137,12/03/2026,16:38,766,16,Para llevar,Efectivo,134.0
5138,12/03/2026,18:09,5121,24,Salón,Yape,165.0
5139,13/03/2026,14:58,1582,3,Para llevar,Tarjeta,236.0
5140,13/03/2026,18:31,1058,3,Para llevar,Efectivo,60.0
5141,13/03/2026,13:15,4489,2,Delivery propio,Efectivo,96.0
5142,13/03/2026,14:37,46,22,Salón,Yape,172.0
5143,13/03/2026,21:58,4385,18,Salón,Yape,202.0
5144,13/03/2026,16:12,578,19,Salón,Efectivo,66.0
5145,13/03/2026,14:49,2870,19,Salón,Yape,72.0
5146,13/03/2026,15:47,,17,Delivery propio,Tarjeta,78.0
5147,13/03/2026,18:29,4435,20,Delivery propio,Efectivo,124.0
5148,13/03/2026,19:24,881,20,Delivery propio,Plin,124.0
5149,13/03/2026,20:32,2960,22,Delivery propio,Efectivo,128.0
5150,13/03/2026,14:56,4592,17,Salón,Tarjeta,101.0
5151,13/03/2026,15:37,2750,3,Salón,Yape,110.0
5152,13/03/2026,18:57,1410,22,Salón,Tarjeta,138.0
5153,13/03/2026,19:45,3286,16,Salón,Tarjeta,191.0
5154,13/03/2026,13:24,1749,22,Para llevar,Yape,114.0
5155,13/03/2026,18:00,4744,20,Salón,Efectivo,68.0
5156,13/03/2026,14:54,3146,3,Salón,Yape,176.0
5157,13/03/2026,14:44,2839,2,Para llevar,Tarjeta,104.0
5158,13/03/2026,15:13,4002,2,Salón,Tarjeta,114.0
5159,13/03/2026,20:59,,20,Salón,Tarjeta,52.0
5160,13/03/2026,19:51,578,24,Salón,Tarjeta,38.0
5161,13/03/2026,13:27,2900,5,Salón,Tarjeta,166.0
5162,13/03/2026,18:31,2709,18,Salón,Yape,84.0
5163,13/03/2026,19:37,1969,5,Salón,Yape,217.0
5164,13/03/2026,14:16,4195,3,Para llevar,Yape,46.0
5165,13/03/2026,13:52,2132,5,Salón,Plin,18.0
5166,13/03/2026,12:42,431,18,Salón,Efectivo,180.0
5167,13/03/2026,13:28,2764,17,Salón,Plin,96.0
5168,13/03/2026,18:50,3782,18,Salón,Yape,102.0
5169,13/03/2026,13:49,883,22,Salón,Yape,129.0
5170,13/03/2026,19:34,2924,2,Salón,Tarjeta,112.0
5171,13/03/2026,15:52,5162,22,Salón,Yape,74.0
5172,13/03/2026,15:54,2849,19,Delivery propio,Yape,218.0
5173,13/03/2026,18:14,2870,18,Salón,Yape,129.0
5174,13/03/2026,12:13,5275,5,Salón,Efectivo,99.0
5175,13/03/2026,15:18,1102,24,Salón,Yape,69.0
5176,13/03/2026,20:47,2591,19,Para llevar,Efectivo,76.0
5177,14/03/2026,14:05,1737,16,Salón,Efectivo,256.0
5178,14/03/2026,13:10,4801,16,Delivery propio,Efectivo,234.0
5179,14/03/2026,19:20,2824,19,Salón,Efectivo,254.0
5180,14/03/2026,19:01,,22,Salón,Plin,201.0
5181,14/03/2026,13:58,1349,22,Salón,Efectivo,108.0
5182,14/03/2026,11:51,,5,Salón,Efectivo,96.0
5183,14/03/2026,15:37,5000,7,Delivery propio,Efectivo,216.0
5184,14/03/2026,13:21,877,20,Salón,Tarjeta,71.0
5185,14/03/2026,13:24,3373,18,Salón,Yape,292.0
5186,14/03/2026,18:26,2940,18,Delivery propio,Efectivo,128.0
5187,14/03/2026,11:34,1515,2,Delivery propio,Yape,144.0
5188,14/03/2026,13:39,4392,18,Salón,Efectivo,81.0
5189,14/03/2026,17:43,3008,2,Delivery propio,Tarjeta,172.0
5190,14/03/2026,13:07,3485,17,Salón,Plin,34.0
5191,14/03/2026,14:25,533,24,Delivery propio,Yape,187.0
5192,14/03/2026,15:34,877,3,Salón,Yape,139.0
5193,14/03/2026,13:16,281,24,Delivery propio,Efectivo,56.0
5194,14/03/2026,19:14,3939,16,Delivery propio,Efectivo,112.0
5195,14/03/2026,19:29,3062,5,Delivery propio,Efectivo,47.0
5196,14/03/2026,20:16,1190,2,Salón,Tarjeta,136.0
5197,14/03/2026,16:07,,17,Delivery propio,Tarjeta,270.0
5198,14/03/2026,19:09,,22,Salón,Efectivo,114.0
5199,14/03/2026,19:46,546,17,Salón,Yape,323.0
5200,14/03/2026,19:44,3413,3,Salón,Efectivo,68.0
5201,14/03/2026,13:52,2299,24,Salón,Efectivo,62.0
5202,14/03/2026,19:17,4158,18,Salón,Yape,108.0
5203,14/03/2026,12:51,3842,5,Delivery propio,Efectivo,106.0
5204,14/03/2026,14:04,,5,Salón,Tarjeta,114.0
5205,14/03/2026,15:10,2223,22,Para llevar,Yape,100.0
5206,14/03/2026,12:22,2220,7,Delivery propio,Efectivo,38.0
5207,14/03/2026,21:31,498,18,Salón,Efectivo,96.0
5208,14/03/2026,18:41,5149,19,Delivery propio,Yape,46.0
5209,14/03/2026,18:37,1769,16,Para llevar,Tarjeta,54.0
5210,14/03/2026,19:17,,24,Salón,Efectivo,260.0
5211,14/03/2026,18:29,3434,16,Salón,Efectivo,199.0
5212,14/03/2026,18:04,1962,17,Delivery propio,Tarjeta,18.0
5213,14/03/2026,21:26,600,3,Salón,Tarjeta,174.0
5214,14/03/2026,17:35,1775,18,Salón,Efectivo,180.0
5215,14/03/2026,17:47,1347,16,Delivery propio,Efectivo,146.0
5216,14/03/2026,19:09,3796,5,Delivery propio,Yape,304.0
5217,14/03/2026,16:55,3149,20,Para llevar,Yape,70.0
5218,14/03/2026,19:16,182,18,Para llevar,Yape,154.0
5219,14/03/2026,12:10,3702,17,Delivery propio,Tarjeta,115.0
5220,14/03/2026,20:54,3037,24,Para llevar,Tarjeta,126.0
5221,14/03/2026,21:05,1234,3,Delivery propio,Efectivo,78.0
5222,14/03/2026,12:16,3132,5,Salón,Efectivo,88.0
5223,14/03/2026,14:06,3560,22,Salón,Efectivo,235.0
5224,14/03/2026,18:53,5256,7,Para llevar,Yape,107.0
5225,14/03/2026,12:54,500,3,Salón,Efectivo,68.0
5226,14/03/2026,19:23,3815,5,Salón,Efectivo,70.0
5227,14/03/2026,13:38,4141,19,Delivery propio,Yape,64.0
5228,14/03/2026,11:25,2586,20,Salón,Yape,142.0
5229,15/03/2026,14:57,2388,7,Salón,Yape,400.0
5230,15/03/2026,16:54,3462,20,Salón,Tarjeta,200.0
5231,15/03/2026,16:28,972,18,Salón,Tarjeta,122.0
5232,15/03/2026,16:56,5217,20,Para llevar,Plin,120.0
5233,15/03/2026,20:21,3278,17,Salón,Yape,146.0
5234,15/03/2026,19:52,,24,Salón,Yape,26.0
5235,15/03/2026,15:14,4916,18,Para llevar,Yape,188.0
5236,15/03/2026,19:09,3644,2,Para llevar,Yape,220.0
5237,15/03/2026,13:18,1328,18,Salón,Tarjeta,188.0
5238,15/03/2026,17:52,3518,22,Salón,Yape,220.0
5239,15/03/2026,12:30,3499,16,Para llevar,Efectivo,157.0
5240,15/03/2026,14:36,1571,19,Para llevar,Tarjeta,204.0
5241,15/03/2026,13:49,,17,Para llevar,Yape,75.0
5242,15/03/2026,18:53,3658,19,Salón,Efectivo,68.0
5243,15/03/2026,12:03,,22,Salón,Tarjeta,36.0
5244,15/03/2026,13:12,58,20,Delivery propio,Plin,105.0
5245,15/03/2026,18:40,,16,Salón,Efectivo,46.0
5246,15/03/2026,13:13,3202,3,Salón,Tarjeta,79.0
5247,15/03/2026,14:10,2152,17,Salón,Efectivo,236.0
5248,15/03/2026,16:00,1593,17,Para llevar,Yape,196.0
5249,15/03/2026,12:47,148,16,Salón,Yape,292.0
5250,15/03/2026,19:26,2239,19,Delivery propio,Tarjeta,74.0
5251,15/03/2026,15:23,2041,5,Salón,Yape,45.0
5252,15/03/2026,19:09,3952,7,Salón,Tarjeta,122.0
5253,15/03/2026,19:27,3038,17,Salón,Yape,75.0
5254,15/03/2026,19:58,973,24,Salón,Efectivo,124.0
5255,15/03/2026,12:39,,16,Para llevar,Efectivo,54.0
5256,15/03/2026,16:43,,24,Para llevar,Yape,192.0
5257,15/03/2026,13:44,4960,16,Salón,Efectivo,35.0
5258,15/03/2026,16:59,3506,24,Para llevar,Yape,113.0
5259,15/03/2026,20:03,3833,16,Delivery propio,Efectivo,50.0
5260,15/03/2026,15:45,1199,19,Salón,Yape,166.0
5261,15/03/2026,14:53,3451,20,Salón,Yape,105.0
5262,15/03/2026,11:36,4704,5,Salón,Tarjeta,158.0
5263,15/03/2026,13:28,1440,17,Salón,Yape,170.0
5264,15/03/2026,16:42,1830,3,Salón,Efectivo,92.0
5265,15/03/2026,12:16,3091,17,Para llevar,Efectivo,72.0
5266,15/03/2026,13:30,882,22,Delivery propio,Yape,62.0
5267,15/03/2026,20:03,5353,19,Delivery propio,Yape,71.0
5268,15/03/2026,18:48,3028,20,Delivery propio,Efectivo,246.0
5269,15/03/2026,14:24,5042,2,Salón,Efectivo,22.0
5270,15/03/2026,14:16,3289,20,Para llevar,Efectivo,300.0
5271,15/03/2026,20:43,2718,2,Salón,Efectivo,276.0
5272,15/03/2026,13:22,933,2,Salón,Plin,64.0
5273,15/03/2026,14:42,3851,7,Delivery propio,Plin,30.0
5274,15/03/2026,13:31,964,17,Delivery propio,Tarjeta,82.0
5275,15/03/2026,11:56,2596,24,Salón,Tarjeta,82.0
5276,15/03/2026,14:54,2477,7,Salón,Plin,54.0
5277,15/03/2026,12:34,3221,3,Delivery propio,Tarjeta,60.0
5278,15/03/2026,14:47,2035,2,Salón,Efectivo,174.0
5279,15/03/2026,21:19,2262,20,Para llevar,Efectivo,104.0
5280,15/03/2026,19:49,3856,2,Salón,Tarjeta,216.0
5281,15/03/2026,14:07,3819,2,Salón,Yape,77.0
5282,15/03/2026,12:16,2636,2,Salón,Efectivo,72.0
5283,15/03/2026,13:49,1716,22,Delivery propio,Yape,52.0
5284,15/03/2026,14:51,2237,5,Delivery propio,Yape,148.0
5285,15/03/2026,13:59,877,17,Salón,Tarjeta,118.0
5286,15/03/2026,11:38,2835,5,Delivery propio,Tarjeta,56.0
5287,15/03/2026,14:20,1391,2,Salón,Efectivo,56.0
5288,15/03/2026,11:21,910,19,Salón,Efectivo,132.0
5289,15/03/2026,18:51,258,16,Delivery propio,Efectivo,112.0
5290,15/03/2026,13:33,5471,19,Delivery propio,Efectivo,52.0
5291,16/03/2026,15:44,652,24,Para llevar,Efectivo,38.0
5292,16/03/2026,19:00,1398,7,Salón,Efectivo,280.0
5293,16/03/2026,18:30,1014,22,Delivery propio,Tarjeta,136.0
5294,16/03/2026,13:48,4935,17,Delivery propio,Yape,92.0
5295,16/03/2026,13:22,1030,5,Delivery propio,Tarjeta,94.0
5296,16/03/2026,14:39,4973,22,Para llevar,Efectivo,68.0
5297,16/03/2026,18:05,2326,18,Salón,Efectivo,64.0
5298,16/03/2026,12:04,,16,Salón,Tarjeta,100.0
5299,16/03/2026,14:12,2600,5,Salón,Yape,190.0
5300,16/03/2026,14:19,78,24,Salón,Plin,155.0
5301,16/03/2026,19:45,,17,Salón,Efectivo,89.0
5302,16/03/2026,19:05,5365,24,Salón,Efectivo,45.0
5303,16/03/2026,16:04,2211,16,Salón,Efectivo,126.0
5304,16/03/2026,18:47,1760,17,Delivery propio,Tarjeta,190.0
5305,16/03/2026,12:13,,18,Salón,Plin,61.0
5306,16/03/2026,12:25,5485,2,Salón,Efectivo,212.0
5307,16/03/2026,19:52,,7,Salón,Efectivo,170.0
5308,17/03/2026,11:46,2300,19,Salón,Efectivo,36.0
5309,17/03/2026,12:37,3816,3,Salón,Tarjeta,92.0
5310,17/03/2026,16:23,880,7,Salón,Tarjeta,26.0
5311,17/03/2026,13:57,2849,24,Delivery propio,Efectivo,184.0
5312,17/03/2026,15:47,4018,17,Salón,Yape,179.0
5313,17/03/2026,14:42,926,2,Salón,Yape,92.0
5314,17/03/2026,12:46,667,16,Salón,Efectivo,48.0
5315,17/03/2026,19:24,,24,Delivery propio,Plin,166.0
5316,17/03/2026,13:49,2998,5,Delivery propio,Efectivo,197.0
5317,17/03/2026,13:39,3803,3,Delivery propio,Efectivo,74.0
5318,17/03/2026,20:44,2744,18,Salón,Plin,77.0
5319,17/03/2026,20:32,1577,22,Salón,Efectivo,56.0
5320,17/03/2026,16:28,4204,17,Para llevar,Efectivo,124.0
5321,17/03/2026,19:01,299,19,Salón,Plin,286.0
5322,17/03/2026,13:00,2073,7,Salón,Yape,80.0
5323,17/03/2026,12:26,4639,5,Delivery propio,Efectivo,150.0
5324,17/03/2026,18:18,3577,17,Para llevar,Tarjeta,91.0
5325,17/03/2026,19:52,3934,20,Salón,Efectivo,218.0
5326,17/03/2026,11:26,2533,3,Delivery propio,Efectivo,110.0
5327,17/03/2026,20:52,547,2,Para llevar,Efectivo,112.0
5328,17/03/2026,12:22,834,17,Para llevar,Yape,42.0
5329,17/03/2026,11:39,,20,Salón,Yape,235.0
5330,17/03/2026,13:16,612,17,Para llevar,Efectivo,94.0
5331,17/03/2026,14:12,2067,16,Delivery propio,Efectivo,217.0
5332,18/03/2026,15:23,1365,24,Salón,Yape,70.0
5333,18/03/2026,15:46,2154,7,Delivery propio,Tarjeta,60.0
5334,18/03/2026,19:33,4358,18,Para llevar,Efectivo,172.0
5335,18/03/2026,14:00,2141,24,Salón,Yape,40.0
5336,18/03/2026,14:58,,3,Salón,Efectivo,70.0
5337,18/03/2026,13:27,453,24,Para llevar,Efectivo,168.0
5338,18/03/2026,20:32,3898,3,Para llevar,Plin,54.0
5339,18/03/2026,13:36,4772,2,Salón,Efectivo,28.0
5340,18/03/2026,13:39,1818,2,Salón,Yape,106.0
5341,18/03/2026,15:21,1265,19,Salón,Plin,98.0
5342,18/03/2026,13:02,3552,24,Salón,Yape,134.0
5343,18/03/2026,13:39,41,7,Salón,Efectivo,133.0
5344,18/03/2026,14:45,2211,16,Salón,Efectivo,142.0
5345,18/03/2026,12:05,1979,19,Salón,Efectivo,101.0
5346,18/03/2026,13:31,3615,19,Delivery propio,Plin,36.0
5347,18/03/2026,14:50,2102,2,Salón,Tarjeta,110.0
5348,18/03/2026,20:06,3012,19,Salón,Efectivo,54.0
5349,18/03/2026,14:18,103,3,Salón,Efectivo,133.0
5350,18/03/2026,11:07,4789,7,Salón,Tarjeta,218.0
5351,18/03/2026,20:44,3686,18,Para llevar,Tarjeta,50.0
5352,18/03/2026,14:04,762,3,Salón,Yape,54.0
5353,18/03/2026,14:35,2576,16,Delivery propio,Efectivo,155.0
5354,18/03/2026,14:47,1353,17,Salón,Plin,152.0
5355,18/03/2026,12:06,4585,20,Salón,Tarjeta,132.0
5356,18/03/2026,18:47,5110,7,Para llevar,Plin,166.0
5357,18/03/2026,14:15,,22,Salón,Efectivo,170.0
5358,18/03/2026,12:01,1171,20,Para llevar,Tarjeta,30.0
5359,18/03/2026,15:02,73,2,Salón,Plin,38.0
5360,18/03/2026,13:35,4537,19,Delivery propio,Efectivo,188.0
5361,18/03/2026,13:31,,22,Para llevar,Plin,48.0
5362,19/03/2026,19:25,3292,22,Delivery propio,Efectivo,66.0
5363,19/03/2026,13:07,4186,2,Salón,Efectivo,201.0
5364,19/03/2026,15:59,385,5,Salón,Yape,86.0
5365,19/03/2026,14:12,2075,2,Salón,Yape,70.0
5366,19/03/2026,14:52,4336,2,Salón,Yape,111.0
5367,19/03/2026,20:12,3628,22,Salón,Tarjeta,110.0
5368,19/03/2026,13:39,877,2,Para llevar,Yape,45.0
5369,19/03/2026,19:48,20,22,Salón,Efectivo,100.0
5370,19/03/2026,16:45,4973,16,Salón,Yape,12.0
5371,19/03/2026,11:21,319,24,Salón,Yape,68.0
5372,19/03/2026,18:04,5208,2,Salón,Tarjeta,167.0
5373,19/03/2026,13:16,1251,18,Delivery propio,Tarjeta,298.0
5374,19/03/2026,12:38,2936,2,Para llevar,Efectivo,40.0
5375,19/03/2026,14:41,1647,5,Delivery propio,Efectivo,104.0
5376,19/03/2026,16:09,681,3,Salón,Yape,20.0
5377,19/03/2026,17:01,2288,7,Para llevar,Yape,209.0
5378,19/03/2026,21:01,4644,18,Salón,Efectivo,60.0
5379,19/03/2026,19:05,5271,22,Delivery propio,Efectivo,156.0
5380,19/03/2026,21:11,1542,18,Delivery propio,Yape,63.0
5381,19/03/2026,20:26,679,24,Delivery propio,Tarjeta,43.0
5382,19/03/2026,18:10,129,19,Delivery propio,Efectivo,130.0
5383,19/03/2026,20:33,4657,22,Salón,Plin,226.0
5384,19/03/2026,15:25,2174,24,Delivery propio,Efectivo,48.0
5385,19/03/2026,12:07,4539,22,Para llevar,Plin,56.0
5386,19/03/2026,19:20,1755,17,Para llevar,Tarjeta,130.0
5387,19/03/2026,13:56,2951,7,Salón,Yape,149.0
5388,19/03/2026,20:14,241,2,Salón,Yape,180.0
5389,19/03/2026,18:22,2230,20,Salón,Plin,115.0
5390,19/03/2026,17:22,3953,17,Salón,Efectivo,210.0
5391,19/03/2026,13:28,,3,Salón,Tarjeta,350.0
5392,19/03/2026,19:22,4537,7,Salón,Plin,64.0
5393,19/03/2026,20:57,,3,Salón,Tarjeta,146.0
5394,20/03/2026,19:44,4205,17,Salón,Efectivo,108.0
5395,20/03/2026,11:34,190,19,Salón,Yape,127.0
5396,20/03/2026,20:16,2220,2,Para llevar,Tarjeta,80.0
5397,20/03/2026,14:31,3972,7,Salón,Efectivo,58.0
5398,20/03/2026,21:06,2614,16,Salón,Plin,211.0
5399,20/03/2026,19:49,287,3,Salón,Yape,84.0
5400,20/03/2026,13:12,4497,24,Salón,Efectivo,342.0
5401,20/03/2026,18:14,2738,16,Salón,Efectivo,290.0
5402,20/03/2026,19:18,4756,16,Salón,Tarjeta,62.0
5403,20/03/2026,11:30,4452,22,Salón,Yape,86.0
5404,20/03/2026,15:29,4354,2,Salón,Efectivo,221.0
5405,20/03/2026,18:37,1723,19,Delivery propio,Efectivo,86.0
5406,20/03/2026,16:24,2626,17,Salón,Yape,56.0
5407,20/03/2026,18:15,1477,2,Para llevar,Tarjeta,94.0
5408,20/03/2026,13:43,,5,Delivery propio,Tarjeta,48.0
5409,20/03/2026,14:56,87,22,Salón,Efectivo,77.0
5410,20/03/2026,15:43,2808,19,Para llevar,Tarjeta,52.0
5411,20/03/2026,11:29,431,7,Salón,Yape,307.0
5412,20/03/2026,13:31,927,20,Salón,Efectivo,124.0
5413,20/03/2026,16:18,3687,19,Salón,Efectivo,98.0
5414,20/03/2026,19:37,4333,22,Salón,Efectivo,184.0
5415,20/03/2026,18:49,1954,5,Salón,Yape,231.0
5416,20/03/2026,18:46,4038,16,Para llevar,Efectivo,120.0
5417,20/03/2026,14:29,4281,22,Salón,Efectivo,138.0
5418,20/03/2026,21:50,1706,18,Delivery propio,Yape,102.0
5419,20/03/2026,20:27,719,24,Delivery propio,Efectivo,166.0
5420,20/03/2026,15:31,260,24,Salón,Efectivo,244.0
5421,20/03/2026,14:47,1970,19,Para llevar,Yape,287.0
5422,20/03/2026,19:00,1991,18,Delivery propio,Efectivo,114.0
5423,20/03/2026,18:28,4103,22,Para llevar,Yape,392.0
5424,20/03/2026,18:18,1433,17,Salón,Tarjeta,96.0
5425,20/03/2026,19:23,3303,16,Salón,Efectivo,198.0
5426,20/03/2026,15:41,1209,20,Salón,Tarjeta,58.0
5427,20/03/2026,14:45,5374,19,Para llevar,Efectivo,144.0
5428,20/03/2026,12:51,4275,24,Salón,Efectivo,268.0
5429,20/03/2026,15:14,5250,7,Salón,Tarjeta,126.0
5430,20/03/2026,12:52,5066,5,Salón,Yape,162.0
5431,21/03/2026,17:36,2052,16,Salón,Yape,72.0
5432,21/03/2026,14:36,397,2,Salón,Tarjeta,82.0
5433,21/03/2026,17:30,5444,19,Delivery propio,Tarjeta,335.0
5434,21/03/2026,13:53,372,16,Salón,Yape,306.0
5435,21/03/2026,14:22,511,22,Salón,Yape,70.0
5436,21/03/2026,12:39,1720,5,Salón,Tarjeta,263.0
5437,21/03/2026,17:43,1702,24,Salón,Yape,50.0
5438,21/03/2026,12:21,1229,5,Para llevar,Yape,134.0
5439,21/03/2026,19:18,468,2,Delivery propio,Efectivo,135.0
5440,21/03/2026,13:29,2720,5,Salón,Efectivo,60.0
5441,21/03/2026,20:46,3929,24,Para llevar,Yape,28.0
5442,21/03/2026,16:53,1987,16,Salón,Yape,272.0
5443,21/03/2026,20:08,5337,16,Para llevar,Plin,56.0
5444,21/03/2026,13:19,502,20,Delivery propio,Efectivo,84.0
5445,21/03/2026,19:31,2065,5,Salón,Yape,208.0
5446,21/03/2026,19:57,,3,Para llevar,Efectivo,105.0
5447,21/03/2026,18:43,670,22,Salón,Efectivo,121.0
5448,21/03/2026,20:01,594,2,Salón,Yape,172.0
5449,21/03/2026,18:18,4186,7,Salón,Yape,136.0
5450,21/03/2026,13:31,3737,20,Delivery propio,Tarjeta,181.0
5451,21/03/2026,18:06,3632,19,Salón,Yape,90.0
5452,21/03/2026,14:18,877,3,Salón,Yape,44.0
5453,21/03/2026,14:12,3705,5,Salón,Efectivo,98.0
5454,21/03/2026,16:07,4367,16,Salón,Tarjeta,201.0
5455,21/03/2026,20:59,,24,Salón,Tarjeta,112.0
5456,21/03/2026,13:53,3724,18,Salón,Efectivo,161.0
5457,21/03/2026,16:00,2368,19,Salón,Efectivo,24.0
5458,21/03/2026,11:11,,5,Salón,Tarjeta,256.0
5459,21/03/2026,15:19,2139,16,Salón,Efectivo,84.0
5460,21/03/2026,19:37,3196,24,Salón,Yape,140.0
5461,21/03/2026,14:45,2962,24,Para llevar,Tarjeta,45.0
5462,21/03/2026,18:11,493,7,Salón,Yape,100.0
5463,21/03/2026,18:54,3671,20,Salón,Yape,146.0
5464,21/03/2026,15:03,3479,2,Salón,Tarjeta,182.0
5465,21/03/2026,19:10,,7,Para llevar,Efectivo,101.0
5466,21/03/2026,13:38,1539,18,Salón,Tarjeta,206.0
5467,21/03/2026,20:13,2008,18,Salón,Yape,178.0
5468,21/03/2026,19:02,5264,5,Salón,Tarjeta,106.0
5469,21/03/2026,19:32,2713,2,Salón,Yape,143.0
5470,21/03/2026,19:16,728,7,Delivery propio,Tarjeta,272.0
5471,21/03/2026,15:52,926,3,Salón,Efectivo,88.0
5472,21/03/2026,13:39,2229,7,Para llevar,Efectivo,178.0
5473,21/03/2026,18:19,,22,Salón,Tarjeta,258.0
5474,21/03/2026,19:18,546,3,Salón,Plin,182.0
5475,21/03/2026,21:43,1415,24,Salón,Tarjeta,56.0
5476,21/03/2026,11:28,1654,16,Delivery propio,Yape,232.0
5477,21/03/2026,14:46,2743,3,Salón,Efectivo,109.0
5478,22/03/2026,13:15,1583,20,Para llevar,Tarjeta,90.0
5479,22/03/2026,11:40,4479,2,Salón,Tarjeta,36.0
5480,22/03/2026,20:07,,24,Salón,Efectivo,86.0
5481,22/03/2026,12:53,8,19,Delivery propio,Yape,18.0
5482,22/03/2026,15:04,4220,18,Salón,Efectivo,24.0
5483,22/03/2026,19:15,3627,16,Salón,Tarjeta,131.0
5484,22/03/2026,11:18,3757,18,Para llevar,Yape,106.0
5485,22/03/2026,14:36,3585,20,Delivery propio,Efectivo,36.0
5486,22/03/2026,12:53,2868,16,Salón,Efectivo,54.0
5487,22/03/2026,13:18,4061,17,Delivery propio,Efectivo,102.0
5488,22/03/2026,15:13,3186,5,Delivery propio,Plin,116.0
5489,22/03/2026,14:55,2633,3,Salón,Tarjeta,88.0
5490,22/03/2026,13:59,536,20,Para llevar,Efectivo,136.0
5491,22/03/2026,11:38,1201,3,Salón,Efectivo,38.0
5492,22/03/2026,17:46,5337,17,Salón,Plin,46.0
5493,22/03/2026,14:43,4568,20,Salón,Yape,57.0
5494,22/03/2026,17:32,,24,Salón,Efectivo,70.0
5495,22/03/2026,14:18,3521,17,Para llevar,Yape,88.0
5496,22/03/2026,14:48,5367,7,Salón,Efectivo,162.0
5497,22/03/2026,16:25,3096,16,Para llevar,Yape,84.0
5498,22/03/2026,17:42,5286,20,Salón,Yape,256.0
5499,22/03/2026,18:12,3593,20,Salón,Efectivo,52.0
5500,22/03/2026,20:23,951,16,Salón,Efectivo,38.0
5501,22/03/2026,17:34,3082,17,Para llevar,Yape,104.0
5502,22/03/2026,18:02,3303,17,Salón,Yape,167.0
5503,22/03/2026,14:37,,18,Salón,Yape,86.0
5504,22/03/2026,20:13,3495,16,Salón,Tarjeta,147.0
5505,22/03/2026,15:21,1613,18,Delivery propio,Tarjeta,76.0
5506,22/03/2026,17:37,2017,24,Salón,Tarjeta,314.0
5507,22/03/2026,11:29,1958,7,Para llevar,Efectivo,126.0
5508,22/03/2026,18:25,528,20,Salón,Yape,144.0
5509,22/03/2026,17:39,2265,7,Delivery propio,Tarjeta,108.0
5510,22/03/2026,18:44,27,7,Para llevar,Tarjeta,288.0
5511,22/03/2026,12:23,2052,17,Para llevar,Efectivo,101.0
5512,22/03/2026,14:57,472,18,Salón,Efectivo,102.0
5513,22/03/2026,14:45,,3,Para llevar,Yape,69.0
5514,22/03/2026,14:23,2749,7,Salón,Efectivo,122.0
5515,22/03/2026,13:28,4312,24,Delivery propio,Tarjeta,74.0
5516,22/03/2026,17:53,2065,20,Salón,Tarjeta,114.0
5517,22/03/2026,15:25,2629,24,Para llevar,Tarjeta,82.0
5518,22/03/2026,14:48,5004,24,Salón,Yape,98.0
5519,22/03/2026,20:16,98,20,Salón,Efectivo,173.0
5520,22/03/2026,13:25,1099,16,Salón,Plin,194.0
5521,22/03/2026,21:54,856,7,Delivery propio,Tarjeta,94.0
5522,22/03/2026,14:17,2749,5,Para llevar,Tarjeta,254.0
5523,22/03/2026,14:56,2989,24,Para llevar,Tarjeta,135.0
5524,22/03/2026,13:57,2185,16,Para llevar,Yape,180.0
5525,22/03/2026,15:51,5261,18,Salón,Tarjeta,116.0
5526,22/03/2026,21:46,2283,20,Salón,Tarjeta,90.0
5527,22/03/2026,14:42,,24,Salón,Tarjeta,90.0
5528,22/03/2026,12:14,402,7,Salón,Efectivo,176.0
5529,22/03/2026,13:24,429,7,Salón,Tarjeta,152.0
5530,22/03/2026,19:29,2643,19,Delivery propio,Efectivo,129.0
5531,22/03/2026,11:05,4991,20,Salón,Efectivo,104.0
5532,22/03/2026,14:34,196,16,Delivery propio,Tarjeta,63.0
5533,22/03/2026,11:38,2051,5,Delivery propio,Yape,44.0
5534,22/03/2026,20:23,5496,16,Salón,Tarjeta,98.0
5535,22/03/2026,20:58,4154,22,Salón,Tarjeta,86.0
5536,22/03/2026,13:27,1604,3,Salón,Yape,154.0
5537,22/03/2026,20:03,3361,3,Salón,Efectivo,34.0
5538,22/03/2026,12:16,1673,3,Para llevar,Yape,134.0
5539,22/03/2026,14:19,5110,17,Para llevar,Efectivo,283.0
5540,23/03/2026,18:53,587,16,Salón,Yape,256.0
5541,23/03/2026,14:14,2255,17,Salón,Efectivo,158.0
5542,23/03/2026,15:36,4961,5,Salón,Tarjeta,124.0
5543,23/03/2026,13:34,2850,18,Delivery propio,Efectivo,68.0
5544,23/03/2026,12:11,4472,7,Salón,Efectivo,149.0
5545,23/03/2026,14:32,4300,3,Delivery propio,Efectivo,74.0
5546,23/03/2026,14:35,,17,Para llevar,Efectivo,214.0
5547,23/03/2026,15:31,3303,3,Para llevar,Tarjeta,138.0
5548,23/03/2026,19:30,1104,5,Salón,Efectivo,60.0
5549,23/03/2026,13:23,3328,2,Para llevar,Efectivo,142.0
5550,23/03/2026,13:14,3461,3,Para llevar,Yape,202.0
5551,23/03/2026,12:34,3641,2,Para llevar,Efectivo,67.0
5552,23/03/2026,15:48,556,20,Salón,Yape,42.0
5553,23/03/2026,15:25,5308,18,Salón,Tarjeta,96.0
5554,23/03/2026,20:00,4710,22,Salón,Yape,72.0
5555,23/03/2026,12:05,1972,19,Delivery propio,Efectivo,88.0
5556,23/03/2026,14:45,1800,16,Salón,Tarjeta,114.0
5557,23/03/2026,13:57,3099,24,Salón,Efectivo,155.0
5558,23/03/2026,18:40,421,2,Delivery propio,Tarjeta,80.0
5559,23/03/2026,18:22,1125,19,Salón,Yape,144.0
5560,23/03/2026,18:29,828,3,Salón,Efectivo,10.0
5561,24/03/2026,12:33,5110,24,Salón,Plin,142.0
5562,24/03/2026,11:36,194,5,Salón,Efectivo,56.0
5563,24/03/2026,12:25,732,19,Delivery propio,Yape,56.0
5564,24/03/2026,13:18,,22,Salón,Efectivo,96.0
5565,24/03/2026,12:34,2714,17,Delivery propio,Efectivo,303.0
5566,24/03/2026,20:12,1011,17,Delivery propio,Tarjeta,126.0
5567,24/03/2026,14:05,1498,19,Delivery propio,Yape,112.0
5568,24/03/2026,21:06,2668,7,Salón,Yape,58.0
5569,24/03/2026,19:05,1612,24,Salón,Efectivo,158.0
5570,24/03/2026,12:12,80,7,Salón,Yape,194.0
5571,24/03/2026,21:41,2509,16,Salón,Efectivo,162.0
5572,24/03/2026,12:37,761,17,Para llevar,Efectivo,63.0
5573,24/03/2026,19:28,3267,22,Salón,Plin,232.0
5574,24/03/2026,13:20,3641,22,Salón,Plin,114.0
5575,24/03/2026,12:24,4756,7,Para llevar,Efectivo,17.0
5576,24/03/2026,11:50,1405,3,Salón,Yape,61.0
5577,24/03/2026,15:26,1245,3,Salón,Efectivo,38.0
5578,24/03/2026,19:48,2461,20,Delivery propio,Efectivo,76.0
5579,24/03/2026,15:56,2651,18,Delivery propio,Yape,176.0
5580,24/03/2026,18:25,3550,5,Salón,Efectivo,102.0
5581,24/03/2026,14:38,2915,24,Salón,Efectivo,158.0
5582,24/03/2026,15:11,1089,2,Salón,Tarjeta,36.0
5583,24/03/2026,15:47,1257,19,Salón,Efectivo,60.0
5584,24/03/2026,12:23,3981,24,Delivery propio,Yape,67.0
5585,24/03/2026,19:15,1175,22,Delivery propio,Efectivo,204.0
5586,24/03/2026,18:08,4875,24,Salón,Yape,26.0
5587,25/03/2026,13:25,3100,3,Para llevar,Yape,132.0
5588,25/03/2026,13:31,1747,3,Salón,Yape,199.0
5589,25/03/2026,14:41,4509,19,Salón,Yape,246.0
5590,25/03/2026,15:56,902,18,Delivery propio,Efectivo,52.0
5591,25/03/2026,16:15,2098,3,Salón,Efectivo,70.0
5592,25/03/2026,18:50,5003,2,Salón,Plin,40.0
5593,25/03/2026,14:46,2868,7,Salón,Yape,106.0
5594,25/03/2026,18:22,,7,Salón,Tarjeta,94.0
5595,25/03/2026,20:04,,3,Salón,Plin,114.0
5596,25/03/2026,16:58,3641,24,Salón,Efectivo,66.0
5597,25/03/2026,14:55,3890,7,Delivery propio,Efectivo,199.0
5598,25/03/2026,14:11,2265,19,Salón,Plin,22.0
5599,25/03/2026,15:04,1730,2,Salón,Efectivo,150.0
5600,25/03/2026,14:19,116,17,Salón,Efectivo,234.0
5601,25/03/2026,20:32,3926,3,Delivery propio,Tarjeta,68.0
5602,25/03/2026,17:03,,5,Salón,Efectivo,201.0
5603,25/03/2026,14:49,,2,Salón,Plin,52.0
5604,25/03/2026,13:20,607,18,Delivery propio,Efectivo,38.0
5605,25/03/2026,14:17,,3,Para llevar,Yape,163.0
5606,25/03/2026,15:24,3210,16,Salón,Plin,14.0
5607,25/03/2026,13:41,1508,20,Para llevar,Plin,60.0
5608,25/03/2026,15:21,522,22,Salón,Efectivo,270.0
5609,25/03/2026,12:15,877,16,Para llevar,Tarjeta,119.0
5610,25/03/2026,12:30,,7,Salón,Yape,126.0
5611,25/03/2026,14:50,205,18,Salón,Yape,285.0
5612,26/03/2026,14:23,2026,16,Para llevar,Efectivo,108.0
5613,26/03/2026,14:40,4141,2,Delivery propio,Yape,84.0
5614,26/03/2026,14:22,129,3,Salón,Efectivo,134.0
5615,26/03/2026,11:36,1770,3,Delivery propio,Yape,174.0
5616,26/03/2026,15:34,,18,Delivery propio,Yape,90.0
5617,26/03/2026,19:42,3372,22,Para llevar,Tarjeta,198.0
5618,26/03/2026,12:59,2006,22,Salón,Plin,272.0
5619,26/03/2026,19:22,2314,17,Salón,Tarjeta,48.0
5620,26/03/2026,12:16,1015,16,Para llevar,Tarjeta,183.0
5621,26/03/2026,15:31,1746,2,Para llevar,Tarjeta,142.0
5622,26/03/2026,19:55,980,7,Salón,Efectivo,261.0
5623,26/03/2026,18:46,5168,7,Para llevar,Efectivo,62.0
5624,26/03/2026,13:14,2225,19,Salón,Yape,169.0
5625,26/03/2026,12:07,,17,Salón,Yape,126.0
5626,26/03/2026,13:03,659,22,Salón,Yape,34.0
5627,26/03/2026,14:37,3695,16,Para llevar,Efectivo,60.0
5628,26/03/2026,12:16,4432,2,Salón,Yape,180.0
5629,26/03/2026,12:22,5244,16,Salón,Plin,189.0
5630,26/03/2026,13:53,2435,3,Salón,Efectivo,94.0
5631,26/03/2026,13:57,2239,22,Salón,Tarjeta,72.0
5632,26/03/2026,20:47,4391,16,Salón,Tarjeta,100.0
5633,26/03/2026,17:09,,24,Para llevar,Tarjeta,274.0
5634,26/03/2026,19:15,2530,24,Salón,Yape,112.0
5635,26/03/2026,14:53,4559,24,Salón,Efectivo,98.0
5636,26/03/2026,12:57,3491,16,Salón,Yape,112.0
5637,26/03/2026,15:29,4898,3,Salón,Yape,42.0
5638,26/03/2026,19:13,3974,3,Delivery propio,Efectivo,24.0
5639,26/03/2026,20:39,4592,19,Salón,Tarjeta,90.0
5640,26/03/2026,18:08,179,20,Para llevar,Tarjeta,158.0
5641,27/03/2026,16:34,4479,19,Salón,Tarjeta,28.0
5642,27/03/2026,14:11,3783,20,Para llevar,Yape,159.0
5643,27/03/2026,13:54,611,16,Salón,Efectivo,64.0
5644,27/03/2026,16:38,2829,19,Delivery propio,Efectivo,193.0
5645,27/03/2026,18:26,,18,Salón,Efectivo,101.0
5646,27/03/2026,20:12,4269,7,Salón,Efectivo,184.0
5647,27/03/2026,19:55,1542,7,Para llevar,Plin,84.0
5648,27/03/2026,14:48,1007,24,Delivery propio,Yape,52.0
5649,27/03/2026,14:44,988,18,Salón,Plin,144.0
5650,27/03/2026,19:41,4135,19,Para llevar,Plin,110.0
5651,27/03/2026,16:30,2717,19,Salón,Yape,68.0
5652,27/03/2026,14:48,2035,2,Salón,Yape,144.0
5653,27/03/2026,13:46,780,19,Salón,Plin,296.0
5654,27/03/2026,11:03,1987,18,Salón,Tarjeta,119.0
5655,27/03/2026,13:39,4479,24,Salón,Tarjeta,139.0
5656,27/03/2026,14:26,,7,Delivery propio,Efectivo,154.0
5657,27/03/2026,11:16,4542,17,Salón,Tarjeta,116.0
5658,27/03/2026,13:08,,20,Salón,Tarjeta,44.0
5659,27/03/2026,14:16,2990,3,Salón,Tarjeta,84.0
5660,27/03/2026,20:21,2857,18,Delivery propio,Efectivo,183.0
5661,27/03/2026,14:35,4641,20,Salón,Yape,102.0
5662,27/03/2026,20:10,1129,3,Delivery propio,Plin,218.0
5663,Ayer,13:47,,5,Salón,Tarjeta,76.0
5664,27/03/2026,14:33,4392,17,Salón,Yape,126.0
5665,27/03/2026,20:58,1896,7,Salón,Yape,120.0
5666,27/03/2026,21:24,5045,3,Salón,Efectivo,99.0
5667,27/03/2026,14:10,,7,Delivery propio,Tarjeta,28.0
5668,27/03/2026,12:37,5278,17,Delivery propio,Yape,274.0
5669,27/03/2026,18:39,1539,19,Salón,Efectivo,82.0
5670,27/03/2026,15:50,,16,Salón,Efectivo,66.0
5671,27/03/2026,12:54,,2,Delivery propio,Yape,66.0
5672,27/03/2026,13:27,2539,5,Delivery propio,Efectivo,238.0
5673,27/03/2026,19:06,918,24,Salón,Efectivo,212.0
5674,27/03/2026,11:38,1437,22,Salón,Tarjeta,45.0
5675,27/03/2026,12:21,1659,22,Salón,Tarjeta,176.0
5676,27/03/2026,19:28,1165,2,Delivery propio,Tarjeta,34.0
5677,27/03/2026,14:51,1280,3,Salón,Efectivo,106.0
5678,27/03/2026,13:30,,3,Salón,Efectivo,187.0
5679,27/03/2026,11:00,274,7,Para llevar,Yape,134.0
5680,27/03/2026,15:54,1401,16,Salón,Yape,313.0
5681,27/03/2026,15:42,,17,Para llevar,Yape,124.0
5682,27/03/2026,20:55,,20,Para llevar,Efectivo,73.0
5683,28/03/2026,20:09,1441,5,Salón,Plin,108.0
5684,28/03/2026,11:18,3592,2,Delivery propio,Tarjeta,20.0
5685,28/03/2026,20:52,1912,3,Salón,Efectivo,20.0
5686,28/03/2026,14:02,3014,17,Salón,Efectivo,139.0
5687,28/03/2026,20:11,2849,19,Salón,Efectivo,162.0
5688,28/03/2026,15:49,2011,16,Delivery propio,Efectivo,241.0
5689,28/03/2026,14:10,1124,20,Para llevar,Yape,80.0
5690,28/03/2026,11:36,2465,5,Salón,Yape,138.0
5691,28/03/2026,12:50,821,2,Salón,Tarjeta,154.0
5692,28/03/2026,18:07,2214,17,Para llevar,Yape,158.0
5693,28/03/2026,17:23,3467,16,Salón,Plin,170.0
5694,28/03/2026,20:35,2631,18,Salón,Efectivo,144.0
5695,28/03/2026,19:12,5096,20,Para llevar,Efectivo,26.0
5696,28/03/2026,20:01,4118,5,Delivery propio,Tarjeta,28.0
5697,28/03/2026,11:35,2603,16,Salón,Yape,30.0
5698,28/03/2026,11:52,5407,22,Para llevar,Plin,198.0
5699,28/03/2026,19:10,3320,3,Delivery propio,Tarjeta,128.0
5700,28/03/2026,13:31,5286,20,Delivery propio,Efectivo,108.0
5701,28/03/2026,16:07,780,5,Salón,Yape,103.0
5702,28/03/2026,19:40,1901,3,Delivery propio,Yape,118.0
5703,28/03/2026,12:18,5330,7,Salón,Efectivo,100.0
5704,28/03/2026,14:26,611,19,Delivery propio,Efectivo,190.0
5705,28/03/2026,20:25,,2,Salón,Tarjeta,50.0
5706,28/03/2026,19:00,1631,2,Salón,Efectivo,63.0
5707,28/03/2026,14:46,2190,16,Salón,Tarjeta,212.0
5708,28/03/2026,13:46,1746,5,Delivery propio,Efectivo,59.0
5709,28/03/2026,14:01,5279,2,Para llevar,Efectivo,144.0
5710,28/03/2026,12:30,1643,3,Delivery propio,Yape,36.0
5711,28/03/2026,19:38,1260,17,Delivery propio,Efectivo,20.0
5712,28/03/2026,15:54,2590,20,Salón,Yape,48.0
5713,28/03/2026,13:08,2589,17,Salón,Yape,208.0
5714,28/03/2026,12:15,4826,20,Salón,Tarjeta,108.0
5715,28/03/2026,14:47,1024,16,Salón,Tarjeta,172.0
5716,28/03/2026,17:22,4759,17,Para llevar,Yape,34.0
5717,28/03/2026,15:40,1720,22,Para llevar,Yape,36.0
5718,28/03/2026,20:42,2752,24,Salón,Yape,110.0
5719,28/03/2026,21:59,1241,22,Salón,Yape,218.0
5720,28/03/2026,13:26,4015,5,Delivery propio,Tarjeta,119.0
5721,28/03/2026,21:50,4727,17,Salón,Plin,52.0
5722,28/03/2026,21:05,2390,24,Salón,Tarjeta,38.0
5723,28/03/2026,13:45,4199,16,Salón,Plin,228.0
5724,28/03/2026,14:16,3651,20,Salón,Yape,177.0
5725,28/03/2026,14:30,1604,22,Salón,Yape,186.0
5726,28/03/2026,13:41,615,2,Salón,Efectivo,56.0
5727,28/03/2026,12:36,23,20,Delivery propio,Yape,239.0
5728,28/03/2026,12:53,4936,7,Salón,Efectivo,120.0
5729,28/03/2026,15:05,,24,Salón,Efectivo,140.0
5730,28/03/2026,20:46,5140,3,Salón,Yape,30.0
5731,28/03/2026,19:15,2418,17,Para llevar,Efectivo,212.0
5732,28/03/2026,13:01,954,3,Salón,Plin,122.0
5733,28/03/2026,14:45,4669,20,Salón,Efectivo,232.0
5734,28/03/2026,12:08,3625,5,Salón,Efectivo,253.0
5735,28/03/2026,20:34,3996,16,Salón,Yape,335.0
5736,29/03/2026,13:19,2738,3,Salón,Efectivo,240.0
5737,29/03/2026,14:02,788,20,Salón,Tarjeta,61.0
5738,29/03/2026,14:53,4676,22,Delivery propio,Efectivo,208.0
5739,29/03/2026,14:01,,20,Salón,Efectivo,80.0
5740,29/03/2026,19:00,1992,24,Para llevar,Plin,28.0
5741,29/03/2026,20:49,4216,22,Salón,Efectivo,44.0
5742,29/03/2026,20:59,,2,Para llevar,Tarjeta,94.0
5743,29/03/2026,13:50,534,22,Salón,Yape,114.0
5744,29/03/2026,13:09,4882,5,Salón,Yape,231.0
5745,29/03/2026,11:33,,22,Salón,Efectivo,162.0
5746,29/03/2026,13:36,,5,Salón,Efectivo,8.0
5747,29/03/2026,13:45,5021,24,Para llevar,Yape,116.0
5748,29/03/2026,15:49,490,17,Salón,Yape,410.0
5749,29/03/2026,12:08,3862,19,Salón,Efectivo,66.0
5750,29/03/2026,15:46,1620,3,Para llevar,Yape,94.0
5751,29/03/2026,14:16,1825,7,Salón,Plin,184.0
5752,29/03/2026,20:22,4370,19,Salón,Tarjeta,134.0
5753,29/03/2026,13:38,1938,19,Para llevar,Yape,68.0
5754,29/03/2026,12:28,3527,24,Delivery propio,Efectivo,164.0
5755,29/03/2026,18:54,1929,22,Salón,Yape,192.0
5756,29/03/2026,15:00,5198,3,Salón,Yape,106.0
5757,29/03/2026,20:29,5180,17,Salón,Yape,62.0
5758,29/03/2026,14:57,3328,22,Salón,Efectivo,60.0
5759,29/03/2026,21:25,4404,19,Delivery propio,Tarjeta,122.0
5760,29/03/2026,19:13,1224,5,Salón,Yape,103.0
5761,29/03/2026,15:38,1509,19,Delivery propio,Yape,142.0
5762,29/03/2026,13:37,1955,18,Salón,Yape,236.0
5763,29/03/2026,14:37,1856,7,Salón,Plin,168.0
5764,29/03/2026,19:00,3169,20,Salón,Yape,98.0
5765,29/03/2026,11:06,3688,18,Salón,Efectivo,252.0
5766,29/03/2026,19:51,5266,20,Salón,Tarjeta,381.0
5767,29/03/2026,12:25,3255,19,Salón,Yape,56.0
5768,29/03/2026,16:29,301,19,Salón,Yape,188.0
5769,29/03/2026,11:56,5225,18,Salón,Plin,319.0
5770,29/03/2026,13:41,339,16,Para llevar,Yape,68.0
5771,29/03/2026,16:40,3320,3,Salón,Plin,316.0
5772,29/03/2026,14:55,766,16,Para llevar,Yape,141.0
5773,29/03/2026,13:35,1126,2,Delivery propio,Yape,156.0
5774,29/03/2026,14:38,5321,5,Salón,Yape,251.0
5775,29/03/2026,18:34,1296,24,Salón,Yape,68.0
5776,29/03/2026,18:20,3800,5,Para llevar,Tarjeta,73.0
5777,29/03/2026,18:23,1154,7,Salón,Efectivo,132.0
5778,29/03/2026,18:17,3728,5,Salón,Yape,124.0
5779,29/03/2026,13:33,1939,2,Salón,Efectivo,206.0
5780,29/03/2026,13:08,427,3,Salón,Plin,74.0
5781,29/03/2026,16:07,4851,22,Salón,Tarjeta,-80.0
5782,29/03/2026,16:11,,18,Salón,Efectivo,162.0
5783,29/03/2026,11:14,997,24,Delivery propio,Yape,122.0
5784,29/03/2026,13:44,3845,5,Salón,Efectivo,382.0
5785,29/03/2026,14:59,3693,7,Salón,Efectivo,152.0
5786,29/03/2026,20:24,3766,19,Delivery propio,Tarjeta,74.0
5787,29/03/2026,15:24,2734,17,Para llevar,Efectivo,160.0
5788,29/03/2026,14:05,1930,16,Para llevar,Efectivo,141.0
5789,29/03/2026,19:18,2478,7,Salón,Plin,164.0
5790,29/03/2026,14:56,323,22,Salón,Yape,77.0
5791,29/03/2026,13:13,1658,3,Delivery propio,Yape,62.0
5792,29/03/2026,19:25,1456,24,Para llevar,Yape,127.0
5793,29/03/2026,15:07,4700,5,Salón,Plin,109.0
5794,29/03/2026,21:17,1399,7,Delivery propio,Efectivo,168.0
5795,29/03/2026,12:59,2282,5,Salón,Yape,122.0
5796,29/03/2026,21:34,1933,16,Salón,Efectivo,149.0
5797,29/03/2026,14:09,3485,7,Salón,Yape,70.0
5798,29/03/2026,19:19,3039,17,Salón,Plin,52.0
5799,29/03/2026,18:52,5129,24,Salón,Yape,84.0
5800,29/03/2026,12:12,5263,20,Delivery propio,Yape,134.0
5801,29/03/2026,19:25,3677,3,Para llevar,Plin,10.0
5802,29/03/2026,13:36,2263,24,Salón,Tarjeta,196.0
5803,29/03/2026,13:46,323,20,Delivery propio,Efectivo,94.0
5804,30/03/2026,13:50,,16,Salón,Yape,196.0
5805,30/03/2026,21:54,2611,16,Delivery propio,Yape,68.0
5806,30/03/2026,13:28,3217,3,Para llevar,Yape,116.0
5807,30/03/2026,17:28,3625,19,Salón,Yape,134.0
5808,30/03/2026,14:38,1309,18,Delivery propio,Tarjeta,96.0
5809,30/03/2026,12:07,3648,3,Salón,Yape,150.0
5810,30/03/2026,13:59,419,20,Salón,Efectivo,94.0
5811,30/03/2026,14:08,1454,2,Salón,Efectivo,44.0
5812,30/03/2026,15:32,,18,Delivery propio,Yape,30.0
5813,30/03/2026,13:00,2756,2,Salón,Tarjeta,132.0
5814,30/03/2026,13:03,4692,7,Para llevar,Yape,98.0
5815,30/03/2026,19:02,4180,17,Salón,Efectivo,62.0
5816,30/03/2026,20:49,3564,22,Salón,Yape,250.0
5817,30/03/2026,15:54,1545,18,Para llevar,Tarjeta,158.0
5818,30/03/2026,13:03,94,16,Salón,Yape,52.0
5819,30/03/2026,21:41,,2,Salón,Efectivo,84.0
5820,30/03/2026,13:37,5184,7,Delivery propio,Yape,108.0
5821,30/03/2026,12:50,5329,18,Para llevar,Tarjeta,32.0
5822,30/03/2026,15:24,5189,20,Delivery propio,Efectivo,65.0
5823,30/03/2026,19:13,735,24,Delivery propio,Efectivo,72.0
5824,30/03/2026,13:50,3533,18,Para llevar,Efectivo,42.0
5825,30/03/2026,11:04,4907,2,Delivery propio,Efectivo,128.0
5826,30/03/2026,13:02,3411,20,Salón,Yape,84.0
5827,30/03/2026,21:31,1159,22,Salón,Yape,214.0
5828,30/03/2026,12:22,5281,20,Salón,Yape,124.0
5829,30/03/2026,13:30,298,3,Salón,Yape,270.0
5830,30/03/2026,13:51,942,24,Para llevar,Yape,158.0
5831,30/03/2026,16:31,809,5,Salón,Plin,116.0
5832,30/03/2026,12:20,2370,3,Salón,Efectivo,78.0
5833,30/03/2026,17:24,3245,16,Salón,Tarjeta,82.0
5834,30/03/2026,14:13,308,3,Salón,Yape,62.0
5835,30/03/2026,11:55,2716,16,Salón,Yape,-72.0
5836,30/03/2026,18:36,3296,19,Salón,Efectivo,140.0
5837,31/03/2026,13:10,2537,22,Para llevar,Yape,268.0
5838,31/03/2026,12:24,2765,22,Salón,Yape,62.0
5839,31/03/2026,21:58,2709,7,Para llevar,Yape,148.0
5840,31/03/2026,13:28,655,22,Delivery propio,Yape,75.0
5841,31/03/2026,14:37,4829,3,Para llevar,Yape,106.0
5842,31/03/2026,18:02,1351,22,Salón,Yape,222.0
5843,31/03/2026,12:06,4509,16,Salón,Tarjeta,60.0
5844,31/03/2026,12:31,,18,Salón,Efectivo,173.0
5845,31/03/2026,13:39,5437,3,Para llevar,Efectivo,47.0
5846,31/03/2026,14:27,1818,22,Salón,Efectivo,104.0
5847,31/03/2026,19:48,3448,20,Delivery propio,Efectivo,30.0
5848,31/03/2026,19:25,,5,Salón,Yape,22.0
5849,31/03/2026,14:59,,18,Salón,Yape,88.0
5850,31/03/2026,14:33,,20,Salón,Yape,26.0
5851,31/03/2026,14:44,2592,24,Para llevar,Efectivo,218.0
5852,31/03/2026,20:17,3288,5,Delivery propio,Yape,58.0
5853,31/03/2026,17:43,2900,3,Salón,Tarjeta,92.0
5854,31/03/2026,14:24,1205,5,Salón,Yape,84.0
5855,31/03/2026,18:37,2246,24,Salón,Yape,154.0
5856,31/03/2026,13:22,2537,16,Para llevar,Efectivo,154.0
5857,31/03/2026,13:38,,5,Para llevar,Tarjeta,90.0
5858,01/04/2026,21:17,2220,7,Salón,Efectivo,96.0
5859,01/04/2026,13:57,,19,Delivery propio,Yape,170.0
5860,01/04/2026,13:59,1509,16,Salón,Yape,289.0
5861,Ayer,11:48,5126,5,Salón,Tarjeta,144.0
5862,01/04/2026,14:57,4264,20,Delivery propio,Efectivo,51.0
5863,01/04/2026,14:05,444,22,Salón,Yape,78.0
5864,01/04/2026,13:25,5114,18,Salón,Yape,64.0
5865,01/04/2026,20:02,3133,2,Para llevar,Tarjeta,142.0
5866,01/04/2026,14:24,535,19,Salón,Efectivo,222.0
5867,01/04/2026,20:16,2107,16,Salón,Yape,65.0
5868,01/04/2026,14:48,4573,22,Salón,Efectivo,86.0
5869,01/04/2026,15:26,2546,22,Salón,Plin,28.0
5870,01/04/2026,17:04,2465,3,Salón,Plin,42.0
5871,01/04/2026,18:04,1536,20,Salón,Yape,73.0
5872,01/04/2026,14:19,1630,22,Salón,Yape,188.0
5873,01/04/2026,19:48,,5,Salón,Yape,74.0
5874,01/04/2026,12:53,3122,17,Salón,Yape,100.0
5875,01/04/2026,14:06,4242,5,Salón,Plin,94.0
5876,01/04/2026,17:23,5113,5,Salón,Efectivo,86.0
5877,01/04/2026,14:04,4565,16,Salón,Plin,28.0
5878,01/04/2026,19:51,,7,Salón,Yape,163.0
5879,02/04/2026,19:55,1214,22,Para llevar,Yape,28.0
5880,02/04/2026,11:33,,17,Salón,Tarjeta,186.0
5881,02/04/2026,18:19,816,20,Salón,Yape,191.0
5882,02/04/2026,20:03,568,5,Salón,Yape,88.0
5883,02/04/2026,15:23,3100,18,Para llevar,Efectivo,84.0
5884,02/04/2026,17:56,1256,20,Salón,Efectivo,146.0
5885,02/04/2026,11:18,2585,22,Delivery propio,Efectivo,262.0
5886,02/04/2026,18:21,3921,24,Salón,Yape,94.0
5887,02/04/2026,13:00,499,17,Salón,Yape,126.0
5888,02/04/2026,18:27,1883,20,Salón,Yape,92.0
5889,02/04/2026,14:22,3413,16,Para llevar,Plin,190.0
5890,02/04/2026,15:51,3556,24,Para llevar,Tarjeta,73.0
5891,02/04/2026,20:59,496,2,Delivery propio,Efectivo,46.0
5892,02/04/2026,15:35,3636,18,Salón,Tarjeta,208.0
5893,02/04/2026,21:56,2509,22,Salón,Efectivo,171.0
5894,02/04/2026,13:10,1090,17,Salón,Efectivo,118.0
5895,03/04/2026,14:41,4273,16,Para llevar,Yape,18.0
5896,03/04/2026,20:33,3021,22,Para llevar,Efectivo,138.0
5897,03/04/2026,15:01,5461,2,Para llevar,Yape,48.0
5898,03/04/2026,15:21,1084,24,Para llevar,Efectivo,58.0
5899,03/04/2026,13:59,4456,20,Para llevar,Yape,177.0
5900,03/04/2026,16:56,4784,19,Salón,Tarjeta,62.0
5901,03/04/2026,13:14,2322,16,Para llevar,Efectivo,14.0
5902,03/04/2026,15:46,2211,18,Para llevar,Efectivo,248.0
5903,03/04/2026,19:56,2987,7,Salón,Plin,98.0
5904,03/04/2026,17:22,2229,3,Salón,Efectivo,81.0
5905,03/04/2026,19:30,877,22,Salón,Tarjeta,140.0
5906,03/04/2026,13:07,4459,17,Salón,Efectivo,76.0
5907,03/04/2026,15:18,2103,19,Delivery propio,Tarjeta,50.0
5908,03/04/2026,18:49,,5,Para llevar,Plin,225.0
5909,03/04/2026,17:29,3266,17,Salón,Yape,112.0
5910,03/04/2026,16:24,1943,3,Salón,Plin,72.0
5911,03/04/2026,12:58,1517,5,Salón,Plin,64.0
5912,03/04/2026,13:19,3018,24,Salón,Yape,36.0
5913,03/04/2026,16:36,3098,2,Salón,Yape,118.0
5914,03/04/2026,19:12,,18,Salón,Tarjeta,66.0
5915,03/04/2026,15:23,3059,20,Salón,Yape,164.0
5916,03/04/2026,13:08,2750,5,Para llevar,Efectivo,92.0
5917,03/04/2026,17:52,3755,7,Salón,Tarjeta,66.0
5918,03/04/2026,20:49,,5,Salón,Efectivo,142.0
5919,03/04/2026,14:20,664,24,Salón,Yape,62.0
5920,03/04/2026,14:38,49,3,Salón,Yape,199.0
5921,03/04/2026,13:28,1599,3,Salón,Efectivo,188.0
5922,03/04/2026,20:00,4003,2,Salón,Efectivo,56.0
5923,04/04/2026,13:18,4242,3,Salón,Tarjeta,32.0
5924,04/04/2026,18:21,4469,2,Salón,Yape,60.0
5925,04/04/2026,19:22,5207,19,Salón,Yape,154.0
5926,04/04/2026,18:59,,24,Salón,Plin,38.0
5927,04/04/2026,11:04,1666,22,Salón,Efectivo,190.0
5928,04/04/2026,20:59,2777,7,Para llevar,Yape,248.0
5929,04/04/2026,18:52,4943,18,Salón,Tarjeta,178.0
5930,04/04/2026,19:46,3628,18,Delivery propio,Tarjeta,104.0
5931,04/04/2026,16:30,1268,5,Salón,Yape,86.0
5932,04/04/2026,12:25,26,7,Salón,Plin,49.0
5933,04/04/2026,17:52,163,18,Salón,Efectivo,60.0
5934,04/04/2026,20:19,2156,22,Delivery propio,Yape,82.0
5935,04/04/2026,16:00,2162,24,Para llevar,Yape,55.0
5936,04/04/2026,20:54,,16,Para llevar,Tarjeta,152.0
5937,04/04/2026,20:38,2217,18,Salón,Efectivo,152.0
5938,04/04/2026,14:07,4060,24,Salón,Tarjeta,122.0
5939,04/04/2026,11:52,1194,24,Salón,Yape,41.0
5940,04/04/2026,14:12,5256,19,Salón,Yape,102.0
5941,04/04/2026,14:00,1604,18,Salón,Yape,22.0
5942,04/04/2026,13:14,433,7,Para llevar,Yape,93.0
5943,04/04/2026,21:00,2900,18,Salón,Yape,174.0
5944,04/04/2026,20:26,2995,5,Salón,Yape,200.0
5945,04/04/2026,14:51,3867,5,Para llevar,Efectivo,22.0
5946,04/04/2026,13:30,3046,17,Salón,Efectivo,92.0
5947,04/04/2026,16:17,1983,19,Para llevar,Efectivo,46.0
5948,04/04/2026,21:05,,17,Para llevar,Efectivo,228.0
5949,04/04/2026,21:03,1583,18,Salón,Tarjeta,184.0
5950,04/04/2026,19:53,501,2,Salón,Plin,73.0
5951,04/04/2026,19:05,1101,19,Para llevar,Efectivo,129.0
5952,04/04/2026,20:28,3285,7,Salón,Tarjeta,234.0
5953,04/04/2026,15:37,1863,5,Para llevar,Tarjeta,151.0
5954,04/04/2026,21:13,4321,22,Salón,Efectivo,96.0
5955,04/04/2026,16:42,778,19,Para llevar,Efectivo,18.0
5956,04/04/2026,13:57,3443,24,Salón,Yape,293.0
5957,05/04/2026,18:09,650,2,Salón,Yape,150.0
5958,05/04/2026,19:34,,19,Delivery propio,Yape,100.0
5959,05/04/2026,15:06,5281,3,Salón,Yape,32.0
5960,05/04/2026,11:40,1102,18,Salón,Efectivo,36.0
5961,05/04/2026,15:10,1655,24,Salón,Tarjeta,214.0
5962,05/04/2026,19:39,5250,3,Salón,Tarjeta,90.0
5963,05/04/2026,18:04,2507,17,Salón,Plin,152.0
5964,05/04/2026,14:53,1045,3,Salón,Plin,60.0
5965,05/04/2026,18:21,3324,20,Salón,Yape,158.0
5966,05/04/2026,14:11,3322,17,Salón,Plin,110.0
5967,05/04/2026,14:10,3259,2,Salón,Yape,92.0
5968,05/04/2026,19:49,,3,Para llevar,Yape,93.0
5969,05/04/2026,17:04,735,16,Delivery propio,Efectivo,72.0
5970,05/04/2026,18:44,4359,7,Salón,Efectivo,300.0
5971,05/04/2026,18:34,347,18,Salón,Efectivo,54.0
5972,05/04/2026,13:20,2105,19,Salón,Yape,273.0
5973,05/04/2026,17:23,4261,19,Salón,Efectivo,36.0
5974,05/04/2026,16:19,3448,16,Para llevar,Yape,108.0
5975,05/04/2026,13:27,3649,5,Salón,Yape,238.0
5976,05/04/2026,14:35,4748,19,Salón,Yape,218.0
5977,05/04/2026,11:49,4649,19,Salón,Efectivo,224.0
5978,05/04/2026,14:23,4639,24,Salón,Efectivo,154.0
5979,05/04/2026,17:23,2494,18,Salón,Tarjeta,107.0
5980,05/04/2026,20:10,4261,19,Para llevar,Tarjeta,86.0
5981,05/04/2026,13:11,3522,5,Salón,Yape,166.0
5982,05/04/2026,14:18,2963,3,Para llevar,Yape,30.0
5983,05/04/2026,12:07,3388,5,Salón,Tarjeta,44.0
5984,05/04/2026,21:39,43,7,Salón,Tarjeta,148.0
5985,Ayer,19:27,696,19,Salón,Yape,164.0
5986,05/04/2026,12:04,4288,7,Salón,Tarjeta,219.0
5987,05/04/2026,13:38,4323,22,Salón,Tarjeta,102.0
5988,05/04/2026,14:24,4099,24,Salón,Plin,98.0
5989,05/04/2026,13:14,3786,7,Para llevar,Efectivo,70.0
5990,05/04/2026,20:07,188,16,Salón,Yape,82.0
5991,05/04/2026,18:32,3640,24,Salón,Tarjeta,66.0
5992,05/04/2026,12:35,766,16,Para llevar,Efectivo,24.0
5993,05/04/2026,21:42,4340,3,Salón,Tarjeta,113.0
5994,05/04/2026,11:50,,3,Delivery propio,Yape,128.0
5995,06/04/2026,20:02,,18,Salón,Plin,69.0
5996,06/04/2026,13:22,1445,7,Salón,Efectivo,75.0
5997,06/04/2026,15:03,558,19,Salón,Tarjeta,65.0
5998,06/04/2026,14:40,4880,18,Salón,Yape,42.0
5999,06/04/2026,19:01,2144,16,Salón,Efectivo,61.0
6000,06/04/2026,11:46,4653,5,Salón,Yape,62.0
6001,06/04/2026,19:20,110,18,Salón,Efectivo,158.0
6002,06/04/2026,19:45,1235,22,Para llevar,Yape,226.0
6003,06/04/2026,14:10,38,20,Salón,Yape,69.0
6004,06/04/2026,13:50,1145,2,Salón,Efectivo,230.0
6005,06/04/2026,14:13,2126,20,Delivery propio,Yape,53.0
6006,06/04/2026,18:44,1487,22,Delivery propio,Efectivo,91.0
6007,06/04/2026,13:18,4904,16,Para llevar,Efectivo,73.0
6008,06/04/2026,18:10,1358,17,Salón,Tarjeta,84.0
6009,06/04/2026,13:08,1509,5,Para llevar,Yape,155.0
6010,06/04/2026,18:38,,7,Salón,Plin,18.0
6011,07/04/2026,14:56,1246,18,Salón,Tarjeta,68.0
6012,07/04/2026,17:37,3671,19,Salón,Yape,257.0
6013,07/04/2026,12:24,3121,16,Salón,Tarjeta,138.0
6014,07/04/2026,16:50,3641,22,Salón,Efectivo,70.0
6015,07/04/2026,14:14,,19,Salón,Yape,58.0
6016,07/04/2026,17:39,3191,24,Salón,Tarjeta,100.0
6017,07/04/2026,18:33,2232,24,Salón,Efectivo,258.0
6018,07/04/2026,15:23,,24,Para llevar,Efectivo,211.0
6019,07/04/2026,14:15,301,22,Salón,Efectivo,118.0
6020,07/04/2026,13:25,4599,5,Para llevar,Efectivo,169.0
6021,07/04/2026,12:00,22,17,Salón,Yape,205.0
6022,07/04/2026,15:51,3956,20,Para llevar,Efectivo,80.0
6023,07/04/2026,19:39,4650,22,Salón,Tarjeta,146.0
6024,07/04/2026,13:54,2599,5,Para llevar,Yape,162.0
6025,07/04/2026,19:33,4091,19,Para llevar,Efectivo,216.0
6026,07/04/2026,16:20,970,5,Salón,Efectivo,210.0
6027,07/04/2026,17:14,2849,3,Salón,Plin,208.0
6028,07/04/2026,14:08,4568,7,Para llevar,Efectivo,52.0
6029,07/04/2026,18:43,3861,2,Delivery propio,Yape,64.0
6030,07/04/2026,14:20,,7,Para llevar,Plin,63.0
6031,08/04/2026,19:06,2574,2,Salón,Tarjeta,202.0
6032,08/04/2026,13:13,5122,24,Para llevar,Plin,168.0
6033,08/04/2026,20:46,4434,20,Salón,Tarjeta,128.0
6034,08/04/2026,19:58,1090,22,Salón,Plin,140.0
6035,08/04/2026,13:50,3241,3,Salón,Efectivo,198.0
6036,08/04/2026,20:32,3271,17,Delivery propio,Yape,138.0
6037,08/04/2026,12:09,2046,7,Salón,Tarjeta,46.0
6038,08/04/2026,20:50,4304,16,Para llevar,Yape,122.0
6039,08/04/2026,13:18,2721,19,Salón,Tarjeta,56.0
6040,08/04/2026,15:20,,22,Salón,Efectivo,285.0
6041,08/04/2026,21:37,3719,19,Salón,Yape,134.0
6042,08/04/2026,15:29,4401,17,Para llevar,Tarjeta,108.0
6043,08/04/2026,17:21,3100,3,Salón,Efectivo,279.0
6044,08/04/2026,12:37,4340,16,Salón,Tarjeta,48.0
6045,08/04/2026,13:48,3805,2,Delivery propio,Yape,126.0
6046,08/04/2026,21:31,2250,17,Salón,Yape,290.0
6047,08/04/2026,16:35,1277,2,Salón,Plin,140.0
6048,08/04/2026,16:36,545,19,Salón,Yape,12.0
6049,08/04/2026,16:32,3159,17,Para llevar,Tarjeta,56.0
6050,08/04/2026,13:35,3408,7,Delivery propio,Plin,42.0
6051,08/04/2026,13:12,1161,2,Salón,Plin,128.0
6052,09/04/2026,15:31,1790,24,Delivery propio,Yape,44.0
6053,09/04/2026,13:12,3985,17,Para llevar,Efectivo,56.0
6054,09/04/2026,19:46,3399,2,Salón,Plin,244.0
6055,09/04/2026,11:53,864,3,Delivery propio,Tarjeta,80.0
6056,09/04/2026,20:20,3734,22,Para llevar,Plin,42.0
6057,09/04/2026,16:15,1361,2,Delivery propio,Tarjeta,118.0
6058,09/04/2026,20:53,5321,2,Salón,Tarjeta,105.0
6059,09/04/2026,14:23,4586,19,Salón,Efectivo,34.0
6060,09/04/2026,18:27,403,20,Salón,Efectivo,60.0
6061,09/04/2026,21:50,,2,Salón,Efectivo,6.0
6062,09/04/2026,20:05,,24,Delivery propio,Efectivo,198.0
6063,09/04/2026,20:09,4777,3,Salón,Tarjeta,54.0
6064,09/04/2026,12:11,1393,17,Salón,Yape,36.0
6065,09/04/2026,13:09,3836,22,Salón,Plin,26.0
6066,09/04/2026,19:33,2539,20,Salón,Yape,22.0
6067,09/04/2026,12:06,3264,20,Salón,Tarjeta,190.0
6068,09/04/2026,12:16,2234,2,Salón,Yape,100.0
6069,09/04/2026,13:39,,7,Delivery propio,Yape,136.0
6070,09/04/2026,13:13,3318,18,Salón,Yape,98.0
6071,09/04/2026,13:31,866,24,Salón,Yape,166.0
6072,09/04/2026,12:07,3351,19,Salón,Plin,144.0
6073,09/04/2026,12:56,4149,19,Salón,Efectivo,75.0
6074,09/04/2026,18:08,3598,22,Para llevar,Efectivo,94.0
6075,09/04/2026,18:41,1198,18,Salón,Efectivo,97.0
6076,09/04/2026,11:26,3102,2,Salón,Plin,168.0
6077,10/04/2026,18:40,4614,24,Salón,Efectivo,182.0
6078,10/04/2026,18:07,,7,Delivery propio,Efectivo,72.0
6079,10/04/2026,14:47,4251,2,Para llevar,Efectivo,102.0
6080,10/04/2026,12:00,2059,18,Salón,Efectivo,66.0
6081,10/04/2026,16:28,4618,3,Salón,Efectivo,150.0
6082,10/04/2026,13:02,2849,2,Delivery propio,Tarjeta,150.0
6083,10/04/2026,13:09,723,2,Delivery propio,Yape,171.0
6084,10/04/2026,14:47,490,24,Salón,Tarjeta,50.0
6085,10/04/2026,13:43,,24,Salón,Plin,212.0
6086,10/04/2026,12:31,,7,Salón,Yape,68.0
6087,10/04/2026,15:13,2455,7,Para llevar,Tarjeta,70.0
6088,10/04/2026,13:52,755,18,Salón,Efectivo,245.0
6089,10/04/2026,17:49,2529,2,Salón,Yape,174.0
6090,10/04/2026,18:22,3934,18,Salón,Tarjeta,221.0
6091,10/04/2026,15:38,1872,19,Para llevar,Yape,261.0
6092,10/04/2026,11:18,1547,24,Para llevar,Tarjeta,219.0
6093,10/04/2026,11:09,4633,18,Salón,Tarjeta,21.0
6094,10/04/2026,16:39,656,17,Salón,Efectivo,341.0
6095,10/04/2026,21:00,4901,5,Delivery propio,Efectivo,140.0
6096,10/04/2026,14:35,224,5,Salón,Yape,242.0
6097,10/04/2026,20:04,981,2,Para llevar,Efectivo,163.0
6098,10/04/2026,15:37,693,18,Para llevar,Efectivo,146.0
6099,10/04/2026,14:30,1209,7,Salón,Plin,158.0
6100,10/04/2026,21:29,335,2,Salón,Yape,117.0
6101,10/04/2026,20:18,4384,16,Salón,Plin,127.0
6102,10/04/2026,16:11,3619,19,Para llevar,Tarjeta,263.0
6103,10/04/2026,19:14,601,17,Salón,Yape,36.0
6104,10/04/2026,17:53,2169,5,Para llevar,Yape,200.0
6105,10/04/2026,15:31,1742,17,Para llevar,Yape,127.0
6106,11/04/2026,12:55,4205,22,Para llevar,Efectivo,114.0
6107,11/04/2026,19:14,,24,Para llevar,Tarjeta,172.0
6108,11/04/2026,14:13,140,19,Para llevar,Efectivo,95.0
6109,11/04/2026,12:38,1464,7,Para llevar,Tarjeta,116.0
6110,11/04/2026,13:26,2574,5,Salón,Plin,44.0
6111,11/04/2026,19:57,1690,5,Salón,Efectivo,143.0
6112,11/04/2026,14:33,3921,24,Salón,Yape,109.0
6113,11/04/2026,19:47,1953,24,Delivery propio,Tarjeta,264.0
6114,11/04/2026,18:48,2711,19,Salón,Plin,290.0
6115,11/04/2026,12:50,2071,7,Salón,Yape,150.0
6116,11/04/2026,19:13,,20,Delivery propio,Yape,57.0
6117,11/04/2026,14:50,5213,22,Para llevar,Tarjeta,82.0
6118,11/04/2026,13:37,1088,19,Para llevar,Yape,62.0
6119,11/04/2026,12:52,904,20,Delivery propio,Efectivo,99.0
6120,11/04/2026,19:32,,2,Para llevar,Efectivo,24.0
6121,11/04/2026,15:13,2035,24,Salón,Efectivo,278.0
6122,11/04/2026,15:37,3922,16,Salón,Efectivo,324.0
6123,11/04/2026,17:16,5085,3,Salón,Tarjeta,69.0
6124,11/04/2026,14:59,5208,7,Salón,Efectivo,46.0
6125,11/04/2026,20:55,188,5,Salón,Tarjeta,78.0
6126,11/04/2026,20:03,538,16,Salón,Tarjeta,80.0
6127,11/04/2026,17:48,2849,3,Salón,Efectivo,73.0
6128,11/04/2026,15:24,2697,22,Salón,Efectivo,112.0
6129,11/04/2026,21:19,1127,20,Salón,Yape,160.0
6130,11/04/2026,11:00,,19,Salón,Tarjeta,72.0
6131,11/04/2026,11:31,5160,5,Salón,Efectivo,160.0
6132,11/04/2026,14:17,3910,16,Salón,Plin,263.0
6133,11/04/2026,12:37,4261,3,Salón,Efectivo,114.0
6134,11/04/2026,21:00,3373,17,Para llevar,Tarjeta,136.0
6135,11/04/2026,21:42,956,20,Delivery propio,Yape,302.0
6136,11/04/2026,15:10,2571,24,Delivery propio,Tarjeta,192.0
6137,11/04/2026,18:10,875,19,Salón,Yape,212.0
6138,11/04/2026,13:44,1455,18,Salón,Efectivo,126.0
6139,11/04/2026,15:26,,3,Salón,Efectivo,83.0
6140,11/04/2026,19:01,2819,7,Salón,Yape,46.0
6141,11/04/2026,13:12,1137,24,Salón,Yape,148.0
6142,11/04/2026,21:12,,5,Salón,Efectivo,172.0
6143,11/04/2026,12:23,4887,20,Para llevar,Tarjeta,108.0
6144,11/04/2026,18:00,2703,22,Salón,Yape,72.0
6145,11/04/2026,11:51,2962,19,Salón,Tarjeta,136.0
6146,12/04/2026,13:37,,24,Delivery propio,Tarjeta,78.0
6147,12/04/2026,15:35,2842,7,Para llevar,Efectivo,257.0
6148,12/04/2026,14:32,1618,22,Delivery propio,Efectivo,158.0
6149,12/04/2026,14:27,4187,2,Delivery propio,Efectivo,72.0
6150,12/04/2026,12:08,4389,17,Para llevar,Efectivo,73.0
6151,12/04/2026,16:46,5123,24,Salón,Tarjeta,221.0
6152,12/04/2026,19:25,2963,20,Salón,Plin,52.0
6153,12/04/2026,12:23,1491,17,Salón,Yape,30.0
6154,12/04/2026,12:20,102,22,Salón,Efectivo,102.0
6155,12/04/2026,12:37,4193,5,Salón,Tarjeta,130.0
6156,12/04/2026,15:09,4866,19,Salón,Efectivo,111.0
6157,12/04/2026,14:04,2455,3,Salón,Yape,380.0
6158,12/04/2026,13:04,5031,7,Salón,Efectivo,71.0
6159,12/04/2026,13:18,,7,Salón,Plin,132.0
6160,12/04/2026,15:30,4279,20,Salón,Tarjeta,61.0
6161,12/04/2026,19:19,3776,24,Para llevar,Plin,54.0
6162,12/04/2026,14:32,2685,22,Salón,Efectivo,42.0
6163,12/04/2026,15:21,3232,24,Delivery propio,Tarjeta,38.0
6164,12/04/2026,14:21,371,5,Salón,Efectivo,48.0
6165,12/04/2026,13:25,1804,7,Para llevar,Yape,98.0
6166,12/04/2026,18:08,5189,22,Salón,Efectivo,78.0
6167,12/04/2026,18:41,1702,16,Salón,Yape,76.0
6168,12/04/2026,13:45,2188,2,Delivery propio,Tarjeta,98.0
6169,12/04/2026,19:59,477,17,Salón,Tarjeta,107.0
6170,12/04/2026,19:35,1923,5,Salón,Efectivo,42.0
6171,12/04/2026,16:19,2495,19,Salón,Tarjeta,125.0
6172,12/04/2026,21:00,,17,Delivery propio,Plin,111.0
6173,12/04/2026,15:30,3786,3,Delivery propio,Efectivo,158.0
6174,12/04/2026,18:42,341,17,Salón,Yape,79.0
6175,12/04/2026,13:26,,3,Delivery propio,Efectivo,211.0
6176,12/04/2026,18:25,1245,22,Salón,Efectivo,173.0
6177,12/04/2026,15:59,4202,17,Salón,Yape,116.0
6178,12/04/2026,15:35,3484,16,Para llevar,Efectivo,243.0
6179,12/04/2026,11:22,1054,2,Salón,Efectivo,114.0
6180,12/04/2026,14:05,810,20,Salón,Efectivo,210.0
6181,12/04/2026,13:02,1359,24,Delivery propio,Tarjeta,180.0
6182,12/04/2026,16:20,77,3,Salón,Tarjeta,10.0
6183,12/04/2026,17:54,2980,2,Para llevar,Efectivo,106.0
6184,12/04/2026,15:29,3009,20,Salón,Plin,142.0
6185,12/04/2026,14:16,877,7,Para llevar,Efectivo,178.0
6186,12/04/2026,12:59,4388,7,Salón,Efectivo,109.0
6187,12/04/2026,19:00,,7,Para llevar,Yape,84.0
6188,12/04/2026,19:54,795,7,Delivery propio,Efectivo,140.0
6189,12/04/2026,14:27,3099,20,Salón,Yape,99.0
6190,12/04/2026,21:55,5193,3,Salón,Yape,64.0
6191,12/04/2026,11:41,5275,2,Para llevar,Efectivo,168.0
6192,12/04/2026,18:03,2139,3,Salón,Tarjeta,162.0
6193,12/04/2026,11:06,5337,24,Para llevar,Efectivo,60.0
6194,12/04/2026,14:52,3695,3,Salón,Yape,84.0
6195,12/04/2026,19:38,3191,2,Para llevar,Efectivo,142.0
6196,12/04/2026,19:50,1717,20,Delivery propio,Efectivo,144.0
6197,12/04/2026,20:24,2828,16,Para llevar,Yape,136.0
6198,12/04/2026,18:42,,20,Salón,Yape,68.0
6199,13/04/2026,14:41,3627,20,Salón,Tarjeta,267.0
6200,13/04/2026,16:01,,17,Salón,Tarjeta,296.0
6201,13/04/2026,12:41,130,22,Para llevar,Tarjeta,90.0
6202,13/04/2026,16:28,3148,24,Salón,Yape,154.0
6203,13/04/2026,14:00,1770,19,Para llevar,Yape,118.0
6204,13/04/2026,11:26,1780,7,Salón,Plin,208.0
6205,13/04/2026,20:52,1431,24,Salón,Yape,220.0
6206,13/04/2026,14:46,5356,18,Salón,Efectivo,68.0
6207,13/04/2026,20:50,,7,Salón,Tarjeta,84.0
6208,13/04/2026,18:05,727,3,Para llevar,Efectivo,22.0
6209,13/04/2026,12:56,4211,5,Salón,Plin,70.0
6210,13/04/2026,20:52,2781,19,Salón,Efectivo,120.0
6211,13/04/2026,15:23,5311,20,Salón,Plin,56.0
6212,13/04/2026,14:20,2096,19,Salón,Efectivo,126.0
6213,13/04/2026,12:38,4930,17,Para llevar,Tarjeta,218.0
6214,13/04/2026,14:04,2290,19,Salón,Efectivo,69.0
6215,13/04/2026,13:49,5250,5,Salón,Tarjeta,104.0
6216,13/04/2026,14:49,2634,17,Salón,Tarjeta,101.0
6217,13/04/2026,14:46,2356,5,Salón,Efectivo,30.0
6218,13/04/2026,15:38,3553,18,Salón,Efectivo,134.0
6219,13/04/2026,21:05,2779,18,Salón,Tarjeta,143.0
6220,13/04/2026,12:50,4015,3,Salón,Tarjeta,91.0
6221,13/04/2026,15:51,5077,24,Salón,Efectivo,100.0
6222,13/04/2026,14:19,1766,18,Para llevar,Yape,120.0
6223,13/04/2026,19:16,1431,19,Para llevar,Plin,82.0
6224,14/04/2026,13:02,877,16,Salón,Efectivo,72.0
6225,14/04/2026,12:55,4413,20,Salón,Efectivo,218.0
6226,Ayer,13:43,2203,20,Para llevar,Yape,94.0
6227,14/04/2026,14:41,5462,17,Salón,Tarjeta,68.0
6228,14/04/2026,12:44,628,16,Salón,Efectivo,54.0
6229,14/04/2026,14:33,1943,17,Delivery propio,Efectivo,42.0
6230,14/04/2026,18:35,3882,24,Delivery propio,Yape,96.0
6231,14/04/2026,18:33,2624,17,Salón,Efectivo,112.0
6232,14/04/2026,16:44,1234,7,Salón,Efectivo,64.0
6233,14/04/2026,17:07,499,24,Para llevar,Efectivo,171.0
6234,14/04/2026,16:50,3602,19,Para llevar,Yape,42.0
6235,14/04/2026,13:14,4479,2,Salón,Yape,135.0
6236,14/04/2026,20:11,3611,16,Para llevar,Plin,124.0
6237,14/04/2026,21:08,5175,3,Salón,Tarjeta,286.0
6238,14/04/2026,19:00,,17,Para llevar,Yape,230.0
6239,14/04/2026,13:55,921,24,Para llevar,Yape,106.0
6240,14/04/2026,13:05,2699,18,Delivery propio,Efectivo,78.0
6241,14/04/2026,12:40,5215,16,Salón,Tarjeta,124.0
6242,14/04/2026,17:50,3425,2,Salón,Tarjeta,118.0
6243,14/04/2026,20:51,805,18,Salón,Tarjeta,42.0
6244,14/04/2026,15:56,5380,22,Delivery propio,Tarjeta,182.0
6245,15/04/2026,14:00,2834,17,Salón,Efectivo,204.0
6246,15/04/2026,13:51,2643,7,Salón,Yape,166.0
6247,15/04/2026,18:20,,2,Delivery propio,Plin,135.0
6248,15/04/2026,12:08,,18,Salón,Efectivo,33.0
6249,15/04/2026,18:51,3680,24,Salón,Efectivo,14.0
6250,15/04/2026,20:17,1423,7,Salón,Efectivo,78.0
6251,15/04/2026,13:57,1194,20,Salón,Efectivo,149.0
6252,15/04/2026,12:28,2470,18,Delivery propio,Tarjeta,180.0
6253,15/04/2026,17:43,,7,Salón,Yape,196.0
6254,15/04/2026,14:33,1907,7,Salón,Yape,77.0
6255,15/04/2026,18:50,2065,7,Para llevar,Efectivo,244.0
6256,15/04/2026,20:00,5314,22,Salón,Yape,163.0
6257,15/04/2026,14:15,906,2,Salón,Efectivo,63.0
6258,15/04/2026,13:55,163,2,Para llevar,Efectivo,66.0
6259,15/04/2026,14:38,68,17,Delivery propio,Yape,113.0
6260,15/04/2026,12:36,196,7,Delivery propio,Tarjeta,37.0
6261,15/04/2026,13:47,3554,24,Salón,Tarjeta,94.0
6262,15/04/2026,20:58,3965,22,Salón,Efectivo,136.0
6263,15/04/2026,18:28,,20,Salón,Tarjeta,108.0
6264,15/04/2026,14:46,4952,20,Salón,Plin,34.0
6265,16/04/2026,17:59,,2,Para llevar,Yape,38.0
6266,16/04/2026,18:04,3563,18,Delivery propio,Plin,108.0
6267,16/04/2026,20:39,1923,17,Salón,Efectivo,258.0
6268,16/04/2026,14:22,3636,3,Salón,Efectivo,143.0
6269,16/04/2026,19:56,3286,22,Salón,Efectivo,256.0
6270,16/04/2026,20:10,494,17,Para llevar,Efectivo,71.0
6271,16/04/2026,13:47,5321,5,Delivery propio,Efectivo,68.0
6272,16/04/2026,15:28,3483,19,Salón,Efectivo,86.0
6273,16/04/2026,13:29,4605,19,Salón,Yape,100.0
6274,16/04/2026,19:04,117,7,Salón,Plin,118.0
6275,16/04/2026,11:32,339,22,Salón,Tarjeta,200.0
6276,16/04/2026,14:28,4729,3,Salón,Yape,54.0
6277,16/04/2026,11:31,852,19,Salón,Yape,194.0
6278,16/04/2026,16:20,5335,16,Delivery propio,Tarjeta,34.0
6279,16/04/2026,11:57,534,19,Salón,Efectivo,191.0
6280,16/04/2026,16:18,2516,19,Salón,Tarjeta,30.0
6281,17/04/2026,20:03,2398,22,Salón,Yape,116.0
6282,17/04/2026,13:22,3192,16,Salón,Yape,122.0
6283,17/04/2026,19:45,287,18,Para llevar,Tarjeta,10.0
6284,17/04/2026,12:46,4412,3,Salón,Tarjeta,196.0
6285,17/04/2026,16:04,938,5,Salón,Efectivo,178.0
6286,17/04/2026,13:24,4181,3,Salón,Plin,124.0
6287,17/04/2026,11:31,,16,Salón,Tarjeta,101.0
6288,17/04/2026,18:07,4632,16,Salón,Tarjeta,116.0
6289,17/04/2026,14:59,,17,Salón,Efectivo,160.0
6290,17/04/2026,20:10,349,5,Salón,Efectivo,140.0
6291,17/04/2026,12:24,892,7,Para llevar,Yape,154.0
6292,17/04/2026,13:38,4904,20,Salón,Plin,168.0
6293,17/04/2026,20:53,,3,Para llevar,Plin,50.0
6294,17/04/2026,20:18,2522,19,Salón,Yape,77.0
6295,17/04/2026,21:20,,17,Salón,Tarjeta,59.0
6296,17/04/2026,21:49,,7,Salón,Efectivo,50.0
6297,17/04/2026,19:57,1695,18,Salón,Efectivo,182.0
6298,17/04/2026,18:05,1717,3,Salón,Tarjeta,342.0
6299,17/04/2026,14:50,138,16,Para llevar,Yape,36.0
6300,17/04/2026,15:49,20,17,Para llevar,Yape,112.0
6301,17/04/2026,15:06,25,22,Salón,Tarjeta,152.0
6302,17/04/2026,16:14,5143,2,Delivery propio,Efectivo,104.0
6303,17/04/2026,19:51,2816,3,Salón,Tarjeta,294.0
6304,17/04/2026,11:46,190,20,Salón,Efectivo,387.0
6305,17/04/2026,13:55,,2,Salón,Efectivo,135.0
6306,17/04/2026,18:08,4772,17,Salón,Yape,104.0
6307,17/04/2026,21:14,2818,20,Salón,Yape,172.0
6308,17/04/2026,11:54,995,18,Salón,Yape,42.0
6309,17/04/2026,14:46,5002,24,Delivery propio,Yape,136.0
6310,17/04/2026,13:07,2145,2,Delivery propio,Efectivo,194.0
6311,17/04/2026,15:04,1583,19,Para llevar,Efectivo,126.0
6312,17/04/2026,15:54,1081,22,Salón,Efectivo,156.0
6313,17/04/2026,11:04,1768,24,Delivery propio,Yape,224.0
6314,18/04/2026,15:03,5085,20,Salón,Plin,106.0
6315,18/04/2026,13:57,3214,5,Para llevar,Yape,156.0
6316,18/04/2026,20:14,4729,16,Salón,Yape,72.0
6317,18/04/2026,20:47,1904,16,Para llevar,Efectivo,128.0
6318,18/04/2026,11:02,5032,7,Salón,Tarjeta,70.0
6319,18/04/2026,20:19,481,20,Salón,Tarjeta,152.0
6320,18/04/2026,14:02,2958,16,Delivery propio,Yape,208.0
6321,18/04/2026,13:29,,5,Para llevar,Tarjeta,86.0
6322,18/04/2026,16:52,3121,16,Salón,Tarjeta,222.0
6323,18/04/2026,12:38,1689,7,Para llevar,Yape,310.0
6324,18/04/2026,13:35,717,22,Salón,Yape,71.0
6325,18/04/2026,16:38,809,24,Salón,Yape,32.0
6326,18/04/2026,13:49,2685,7,Para llevar,Yape,78.0
6327,18/04/2026,21:55,4890,5,Para llevar,Tarjeta,116.0
6328,18/04/2026,17:28,188,16,Salón,Efectivo,152.0
6329,18/04/2026,18:11,5366,17,Salón,Plin,80.0
6330,18/04/2026,13:50,3923,18,Salón,Tarjeta,71.0
6331,18/04/2026,12:51,988,20,Salón,Efectivo,132.0
6332,18/04/2026,17:26,3190,19,Delivery propio,Efectivo,38.0
6333,18/04/2026,19:48,2504,17,Salón,Tarjeta,216.0
6334,18/04/2026,18:26,4360,20,Salón,Efectivo,94.0
6335,18/04/2026,13:01,4022,3,Salón,Yape,181.0
6336,18/04/2026,15:10,4965,18,Delivery propio,Efectivo,264.0
6337,18/04/2026,19:23,5316,16,Salón,Yape,231.0
6338,18/04/2026,14:47,4012,17,Salón,Efectivo,148.0
6339,18/04/2026,14:19,,5,Salón,Efectivo,64.0
6340,18/04/2026,18:07,68,20,Salón,Efectivo,216.0
6341,18/04/2026,14:04,4474,19,Delivery propio,Plin,203.0
6342,18/04/2026,20:12,4231,3,Salón,Tarjeta,62.0
6343,18/04/2026,13:21,3638,17,Salón,Yape,89.0
6344,18/04/2026,11:39,4273,24,Salón,Tarjeta,156.0
6345,18/04/2026,16:43,4920,18,Salón,Tarjeta,236.0
6346,18/04/2026,12:11,4883,5,Salón,Yape,182.0
6347,18/04/2026,13:00,1527,3,Para llevar,Tarjeta,235.0
6348,18/04/2026,15:15,4875,17,Salón,Tarjeta,90.0
6349,18/04/2026,19:20,,24,Salón,Efectivo,132.0
6350,18/04/2026,13:41,5329,7,Para llevar,Plin,138.0
6351,18/04/2026,14:00,4386,7,Salón,Yape,189.0
6352,18/04/2026,21:56,2014,24,Delivery propio,Efectivo,136.0
6353,18/04/2026,15:55,360,18,Delivery propio,Yape,94.0
6354,18/04/2026,14:30,3227,17,Salón,Efectivo,194.0
6355,18/04/2026,13:42,2233,2,Para llevar,Efectivo,286.0
6356,18/04/2026,19:29,2591,5,Salón,Efectivo,218.0
6357,18/04/2026,15:20,1730,17,Para llevar,Efectivo,382.0
6358,18/04/2026,14:06,3264,7,Delivery propio,Tarjeta,88.0
6359,18/04/2026,15:07,4058,19,Para llevar,Yape,90.0
6360,18/04/2026,13:30,3121,2,Salón,Efectivo,210.0
6361,19/04/2026,14:13,,3,Para llevar,Tarjeta,230.0
6362,19/04/2026,14:15,3840,17,Salón,Tarjeta,84.0
6363,19/04/2026,13:31,2306,7,Delivery propio,Yape,122.0
6364,19/04/2026,21:17,1998,17,Salón,Efectivo,72.0
6365,19/04/2026,21:34,5200,20,Salón,Efectivo,129.0
6366,19/04/2026,20:46,4187,2,Salón,Efectivo,28.0
6367,19/04/2026,17:26,5234,5,Para llevar,Efectivo,156.0
6368,19/04/2026,18:44,4886,17,Delivery propio,Yape,170.0
6369,19/04/2026,16:24,119,19,Salón,Tarjeta,194.0
6370,19/04/2026,14:14,2556,16,Salón,Efectivo,90.0
6371,19/04/2026,11:52,2451,22,Salón,Yape,245.0
6372,19/04/2026,21:48,1810,18,Salón,Yape,270.0
6373,19/04/2026,13:11,3725,2,Para llevar,Plin,161.0
6374,19/04/2026,17:04,1024,19,Salón,Efectivo,48.0
6375,19/04/2026,14:58,3005,20,Salón,Efectivo,90.0
6376,19/04/2026,12:51,5019,22,Delivery propio,Yape,220.0
6377,19/04/2026,13:57,,18,Salón,Efectivo,74.0
6378,19/04/2026,20:22,1662,7,Para llevar,Tarjeta,110.0
6379,19/04/2026,15:09,5356,19,Salón,Efectivo,181.0
6380,19/04/2026,17:06,4978,19,Salón,Efectivo,122.0
6381,19/04/2026,16:48,3433,7,Salón,Yape,118.0
6382,19/04/2026,14:42,3521,16,Delivery propio,Efectivo,32.0
6383,19/04/2026,11:11,5259,5,Salón,Tarjeta,104.0
6384,19/04/2026,17:45,1872,7,Delivery propio,Tarjeta,66.0
6385,19/04/2026,11:22,5397,17,Delivery propio,Yape,56.0
6386,19/04/2026,13:56,1990,24,Salón,Yape,198.0
6387,19/04/2026,20:20,1009,7,Delivery propio,Efectivo,36.0
6388,19/04/2026,13:20,781,19,Salón,Yape,78.0
6389,19/04/2026,11:15,827,17,Salón,Yape,71.0
6390,19/04/2026,16:33,452,5,Delivery propio,Efectivo,213.0
6391,19/04/2026,19:28,3560,22,Para llevar,Yape,124.0
6392,19/04/2026,19:14,5205,22,Para llevar,Plin,18.0
6393,19/04/2026,13:38,2989,17,Salón,Tarjeta,163.0
6394,19/04/2026,17:35,,22,Salón,Tarjeta,187.0
6395,19/04/2026,12:30,5488,3,Salón,Yape,160.0
6396,19/04/2026,12:55,4215,18,Delivery propio,Efectivo,140.0
6397,19/04/2026,13:17,894,3,Salón,Tarjeta,248.0
6398,19/04/2026,13:24,316,7,Para llevar,Tarjeta,176.0
6399,19/04/2026,14:06,534,19,Salón,Tarjeta,243.0
6400,19/04/2026,12:09,4330,17,Para llevar,Yape,209.0
6401,19/04/2026,15:38,4778,7,Salón,Efectivo,114.0
6402,19/04/2026,14:42,2070,5,Salón,Yape,124.0
6403,19/04/2026,19:03,4574,22,Salón,Yape,122.0
6404,19/04/2026,13:47,4314,5,Para llevar,Yape,106.0
6405,19/04/2026,21:04,853,16,Salón,Tarjeta,117.0
6406,19/04/2026,19:39,4479,5,Delivery propio,Yape,68.0
6407,20/04/2026,13:43,3632,19,Para llevar,Tarjeta,199.0
6408,20/04/2026,13:16,,3,Salón,Yape,80.0
6409,20/04/2026,14:47,5485,5,Para llevar,Yape,90.0
6410,20/04/2026,19:01,3269,18,Salón,Plin,68.0
6411,20/04/2026,13:54,2588,2,Salón,Tarjeta,153.0
6412,20/04/2026,20:46,2838,5,Salón,Tarjeta,139.0
6413,20/04/2026,12:47,4995,5,Para llevar,Yape,248.0
6414,20/04/2026,17:35,1840,18,Salón,Efectivo,140.0
6415,20/04/2026,15:45,,16,Salón,Tarjeta,84.0
6416,20/04/2026,12:16,110,17,Salón,Efectivo,170.0
6417,20/04/2026,13:03,3933,22,Para llevar,Efectivo,38.0
6418,20/04/2026,20:15,1173,16,Salón,Efectivo,296.0
6419,20/04/2026,13:56,2894,7,Delivery propio,Yape,198.0
6420,21/04/2026,13:28,4405,16,Salón,Efectivo,121.0
6421,21/04/2026,18:25,3904,2,Salón,Efectivo,68.0
6422,21/04/2026,18:54,695,16,Salón,Efectivo,142.0
6423,21/04/2026,14:10,4592,16,Salón,Efectivo,118.0
6424,21/04/2026,13:41,659,19,Delivery propio,Yape,140.0
6425,21/04/2026,15:32,1074,16,Salón,Tarjeta,102.0
6426,21/04/2026,17:49,1038,2,Salón,Efectivo,72.0
6427,21/04/2026,15:31,3687,22,Salón,Yape,178.0
6428,21/04/2026,20:46,5402,16,Para llevar,Tarjeta,120.0
6429,21/04/2026,14:31,4659,5,Salón,Tarjeta,138.0
6430,21/04/2026,14:10,,22,Delivery propio,Efectivo,108.0
6431,21/04/2026,12:21,2090,24,Para llevar,Tarjeta,162.0
6432,21/04/2026,12:55,5096,22,Para llevar,Efectivo,72.0
6433,21/04/2026,14:05,,16,Salón,Efectivo,59.0
6434,21/04/2026,19:45,105,3,Para llevar,Tarjeta,107.0
6435,21/04/2026,17:49,20,3,Salón,Tarjeta,98.0
6436,21/04/2026,14:38,,3,Salón,Efectivo,16.0
6437,21/04/2026,14:39,1190,7,Salón,Tarjeta,248.0
6438,21/04/2026,20:37,5300,24,Delivery propio,Yape,91.0
6439,21/04/2026,12:17,3536,3,Para llevar,Yape,224.0
6440,21/04/2026,20:48,825,20,Salón,Yape,79.0
6441,22/04/2026,11:15,,7,Salón,Yape,22.0
6442,22/04/2026,13:00,1356,24,Salón,Efectivo,94.0
6443,22/04/2026,18:39,5244,19,Delivery propio,Plin,160.0
6444,22/04/2026,13:16,3926,22,Salón,Tarjeta,78.0
6445,22/04/2026,15:42,1140,20,Salón,Tarjeta,130.0
6446,22/04/2026,11:11,2377,7,Salón,Tarjeta,122.0
6447,22/04/2026,17:39,999,24,Delivery propio,Yape,86.0
6448,22/04/2026,14:37,3508,24,Delivery propio,Yape,105.0
6449,22/04/2026,19:55,3431,16,Salón,Efectivo,160.0
6450,22/04/2026,19:21,1415,20,Salón,Plin,48.0
6451,22/04/2026,17:27,,5,Salón,Tarjeta,172.0
6452,22/04/2026,21:23,1810,19,Salón,Yape,119.0
6453,22/04/2026,18:58,5391,18,Salón,Yape,144.0
6454,22/04/2026,19:43,1380,3,Para llevar,Efectivo,122.0
6455,22/04/2026,17:32,5338,2,Salón,Efectivo,157.0
6456,22/04/2026,13:39,2072,18,Salón,Yape,26.0
6457,22/04/2026,13:14,94,18,Delivery propio,Yape,30.0
6458,22/04/2026,19:13,4206,22,Salón,Yape,230.0
6459,22/04/2026,20:34,4493,3,Salón,Tarjeta,75.0
6460,22/04/2026,18:37,,16,Salón,Yape,56.0
6461,22/04/2026,14:59,1779,24,Salón,Yape,134.0
6462,22/04/2026,20:24,2546,22,Salón,Plin,150.0
6463,22/04/2026,11:06,448,16,Delivery propio,Yape,151.0
6464,23/04/2026,20:46,2837,18,Salón,Yape,73.0
6465,23/04/2026,14:11,1059,20,Salón,Tarjeta,136.0
6466,23/04/2026,13:16,1268,17,Para llevar,Efectivo,120.0
6467,23/04/2026,11:50,2014,2,Salón,Efectivo,40.0
6468,23/04/2026,11:38,1905,20,Delivery propio,Tarjeta,145.0
6469,23/04/2026,19:45,1815,7,Salón,Yape,106.0
6470,23/04/2026,16:53,4256,2,Para llevar,Yape,64.0
6471,23/04/2026,21:05,2829,16,Salón,Efectivo,192.0
6472,23/04/2026,17:26,480,5,Para llevar,Yape,198.0
6473,23/04/2026,13:33,3616,5,Salón,Efectivo,150.0
6474,23/04/2026,13:08,1213,22,Salón,Tarjeta,207.0
6475,23/04/2026,14:15,4342,17,Salón,Efectivo,126.0
6476,23/04/2026,14:16,5356,19,Salón,Tarjeta,92.0
6477,23/04/2026,13:47,134,22,Salón,Efectivo,247.0
6478,23/04/2026,18:59,4242,7,Delivery propio,Efectivo,147.0
6479,23/04/2026,12:22,676,18,Salón,Yape,112.0
6480,23/04/2026,17:35,2392,22,Salón,Yape,247.0
6481,23/04/2026,13:28,2811,20,Salón,Plin,103.0
6482,23/04/2026,21:00,1191,24,Para llevar,Yape,96.0
6483,23/04/2026,18:25,3792,22,Salón,Tarjeta,124.0
6484,23/04/2026,13:41,2638,17,Delivery propio,Efectivo,278.0
6485,23/04/2026,13:08,,17,Salón,Efectivo,122.0
6486,24/04/2026,13:17,4028,18,Salón,Yape,120.0
6487,24/04/2026,21:11,1898,19,Delivery propio,Yape,44.0
6488,24/04/2026,16:13,4446,20,Salón,Yape,86.0
6489,24/04/2026,13:16,394,16,Salón,Efectivo,100.0
6490,24/04/2026,18:56,,5,Para llevar,Yape,124.0
6491,24/04/2026,20:18,95,22,Salón,Tarjeta,163.0
6492,24/04/2026,12:47,3639,24,Para llevar,Yape,64.0
6493,24/04/2026,12:08,3862,7,Salón,Tarjeta,102.0
6494,24/04/2026,12:30,5,16,Salón,Plin,60.0
6495,24/04/2026,13:28,1194,22,Salón,Tarjeta,90.0
6496,24/04/2026,17:45,780,5,Delivery propio,Efectivo,97.0
6497,24/04/2026,18:16,,18,Para llevar,Efectivo,228.0
6498,24/04/2026,20:44,4204,17,Para llevar,Efectivo,180.0
6499,24/04/2026,14:50,1344,16,Delivery propio,Tarjeta,112.0
6500,24/04/2026,17:52,512,18,Salón,Tarjeta,116.0
6501,24/04/2026,21:34,3934,24,Salón,Tarjeta,140.0
6502,24/04/2026,19:53,2086,5,Para llevar,Efectivo,162.0
6503,24/04/2026,13:07,3812,2,Salón,Efectivo,40.0
6504,24/04/2026,13:25,1180,16,Salón,Yape,42.0
6505,24/04/2026,13:10,,17,Salón,Yape,168.0
6506,24/04/2026,13:25,2173,2,Salón,Tarjeta,45.0
6507,24/04/2026,19:34,2065,24,Salón,Yape,154.0
6508,24/04/2026,18:43,2188,5,Salón,Yape,99.0
6509,24/04/2026,20:33,4338,24,Para llevar,Efectivo,34.0
6510,24/04/2026,19:12,4861,2,Salón,Efectivo,58.0
6511,24/04/2026,18:14,1548,16,Delivery propio,Efectivo,125.0
6512,24/04/2026,18:08,41,18,Delivery propio,Tarjeta,48.0
6513,24/04/2026,13:46,3139,18,Salón,Efectivo,63.0
6514,24/04/2026,15:35,,5,Salón,Tarjeta,259.0
6515,24/04/2026,14:49,2009,2,Salón,Yape,78.0
6516,24/04/2026,14:14,4180,2,Delivery propio,Yape,62.0
6517,25/04/2026,14:11,,16,Salón,Efectivo,140.0
6518,25/04/2026,13:13,534,17,Salón,Efectivo,136.0
6519,25/04/2026,17:41,2861,20,Para llevar,Yape,62.0
6520,25/04/2026,11:28,2210,20,Salón,Tarjeta,64.0
6521,25/04/2026,19:08,4153,18,Salón,Yape,72.0
6522,No se sabe,13:24,4851,18,Delivery propio,Yape,88.0
6523,25/04/2026,19:58,1450,7,Salón,Yape,48.0
6524,25/04/2026,13:58,2900,3,Salón,Plin,154.0
6525,25/04/2026,19:22,995,5,Para llevar,Tarjeta,189.0
6526,25/04/2026,13:29,3461,20,Salón,Plin,72.0
6527,25/04/2026,13:52,3710,17,Salón,Yape,177.0
6528,25/04/2026,20:30,4243,19,Salón,Plin,260.0
6529,25/04/2026,19:00,2833,2,Salón,Yape,70.0
6530,25/04/2026,13:36,649,5,Para llevar,Tarjeta,93.0
6531,25/04/2026,14:16,5230,20,Salón,Yape,84.0
6532,25/04/2026,11:27,499,7,Delivery propio,Efectivo,238.0
6533,25/04/2026,14:24,3575,18,Salón,Yape,99.0
6534,25/04/2026,14:41,4205,17,Salón,Efectivo,69.0
6535,25/04/2026,13:32,2518,17,Salón,Yape,168.0
6536,25/04/2026,14:28,2836,18,Salón,Yape,179.0
6537,25/04/2026,14:55,1958,5,Salón,Yape,132.0
6538,25/04/2026,20:32,4788,2,Para llevar,Efectivo,96.0
6539,25/04/2026,17:47,3670,7,Salón,Tarjeta,48.0
6540,25/04/2026,16:46,5312,16,Delivery propio,Efectivo,40.0
6541,25/04/2026,21:41,613,18,Salón,Tarjeta,32.0
6542,25/04/2026,19:27,2961,3,Salón,Yape,74.0
6543,25/04/2026,17:42,3555,2,Salón,Efectivo,126.0
6544,25/04/2026,13:00,253,19,Salón,Yape,222.0
6545,25/04/2026,14:05,4552,19,Salón,Yape,274.0
6546,25/04/2026,13:10,4420,24,Para llevar,Plin,148.0
6547,25/04/2026,15:17,100,18,Salón,Yape,96.0
6548,25/04/2026,16:53,3757,24,Salón,Tarjeta,166.0
6549,25/04/2026,13:58,1079,22,Delivery propio,Efectivo,94.0
6550,25/04/2026,14:39,4286,22,Para llevar,Tarjeta,99.0
6551,25/04/2026,16:22,,20,Salón,Efectivo,30.0
6552,25/04/2026,18:28,4021,7,Salón,Tarjeta,106.0
6553,25/04/2026,15:27,1619,20,Salón,Efectivo,126.0
6554,25/04/2026,13:33,234,24,Salón,Yape,78.0
6555,25/04/2026,15:39,3556,22,Salón,Yape,50.0
6556,25/04/2026,13:34,3259,16,Delivery propio,Yape,96.0
6557,25/04/2026,15:40,64,24,Para llevar,Tarjeta,271.0
6558,25/04/2026,19:06,4329,24,Salón,Tarjeta,124.0
6559,25/04/2026,20:26,130,2,Salón,Tarjeta,138.0
6560,25/04/2026,14:38,1324,5,Para llevar,Efectivo,80.0
6561,25/04/2026,19:16,3139,24,Para llevar,Tarjeta,142.0
6562,25/04/2026,15:26,,17,Salón,Plin,207.0
6563,25/04/2026,14:56,2065,17,Salón,Tarjeta,112.0
6564,25/04/2026,17:59,235,5,Salón,Efectivo,102.0
6565,25/04/2026,21:58,1357,3,Delivery propio,Yape,169.0
6566,25/04/2026,20:39,4329,24,Para llevar,Yape,198.0
6567,25/04/2026,16:07,448,3,Salón,Yape,138.0
6568,25/04/2026,12:01,2288,5,Salón,Yape,103.0
6569,25/04/2026,12:57,,2,Delivery propio,Yape,70.0
6570,25/04/2026,14:00,4948,16,Salón,Tarjeta,116.0
6571,25/04/2026,15:59,1756,7,Para llevar,Yape,74.0
6572,25/04/2026,15:38,4056,7,Delivery propio,Yape,138.0
6573,Ayer,20:28,2563,2,Salón,Yape,96.0
6574,25/04/2026,15:01,4211,20,Para llevar,Efectivo,101.0
6575,25/04/2026,21:32,165,24,Delivery propio,Efectivo,241.0
6576,25/04/2026,19:00,5109,17,Salón,Yape,52.0
6577,25/04/2026,14:45,877,5,Para llevar,Yape,80.0
6578,25/04/2026,16:59,3763,20,Delivery propio,Efectivo,84.0
6579,25/04/2026,14:03,499,7,Salón,Efectivo,114.0
6580,25/04/2026,12:01,2533,20,Salón,Tarjeta,40.0
6581,26/04/2026,12:04,359,18,Para llevar,Efectivo,118.0
6582,26/04/2026,14:20,5225,22,Salón,Efectivo,36.0
6583,26/04/2026,18:22,,2,Para llevar,Yape,74.0
6584,26/04/2026,19:17,1,2,Para llevar,Tarjeta,0.0
6585,26/04/2026,12:25,4392,22,Salón,Tarjeta,60.0
6586,26/04/2026,11:32,,16,Delivery propio,Efectivo,82.0
6587,26/04/2026,13:14,2432,22,Para llevar,Tarjeta,56.0
6588,26/04/2026,18:10,3870,22,Salón,Efectivo,21.0
6589,26/04/2026,12:44,499,24,Para llevar,Tarjeta,120.0
6590,26/04/2026,20:44,664,19,Delivery propio,Plin,96.0
6591,26/04/2026,21:50,4729,22,Delivery propio,Efectivo,70.0
6592,26/04/2026,20:28,3141,17,Delivery propio,Tarjeta,38.0
6593,26/04/2026,19:55,2791,20,Para llevar,Plin,101.0
6594,26/04/2026,13:40,4690,20,Salón,Efectivo,118.0
6595,26/04/2026,12:01,202,17,Para llevar,Tarjeta,164.0
6596,26/04/2026,14:22,,2,Para llevar,Efectivo,136.0
6597,26/04/2026,11:01,4915,20,Para llevar,Tarjeta,81.0
6598,26/04/2026,20:25,5369,20,Salón,Efectivo,255.0
6599,26/04/2026,18:50,1977,7,Salón,Efectivo,110.0
6600,26/04/2026,15:36,3062,7,Salón,Yape,116.0
6601,26/04/2026,13:15,3441,24,Salón,Efectivo,140.0
6602,26/04/2026,19:51,3403,7,Delivery propio,Yape,284.0
6603,26/04/2026,16:38,2254,7,Salón,Efectivo,78.0
6604,26/04/2026,16:13,3857,19,Salón,Efectivo,104.0
6605,26/04/2026,14:13,4276,22,Para llevar,Tarjeta,245.0
6606,26/04/2026,19:26,,2,Salón,Efectivo,76.0
6607,26/04/2026,19:48,4411,16,Salón,Yape,34.0
6608,26/04/2026,16:10,154,18,Salón,Tarjeta,187.0
6609,26/04/2026,19:12,2552,7,Salón,Plin,164.0
6610,26/04/2026,15:34,2674,19,Salón,Yape,154.0
6611,26/04/2026,13:13,995,7,Delivery propio,Efectivo,28.0
6612,26/04/2026,20:00,2895,17,Salón,Tarjeta,42.0
6613,26/04/2026,14:56,3611,3,Salón,Efectivo,280.0
6614,26/04/2026,14:01,669,22,Para llevar,Yape,50.0
6615,26/04/2026,15:19,5303,20,Delivery propio,Tarjeta,91.0
6616,26/04/2026,14:30,4529,5,Delivery propio,Tarjeta,102.0
6617,26/04/2026,20:50,3162,24,Salón,Efectivo,70.0
6618,26/04/2026,15:28,2404,7,Salón,Yape,135.0
6619,26/04/2026,13:56,410,18,Para llevar,Tarjeta,202.0
6620,26/04/2026,11:50,4873,5,Para llevar,Plin,84.0
6621,26/04/2026,15:07,5433,24,Salón,Efectivo,62.0
6622,26/04/2026,21:18,5444,16,Salón,Efectivo,254.0
6623,26/04/2026,13:28,5462,2,Salón,Efectivo,112.0
6624,26/04/2026,13:21,4895,20,Para llevar,Efectivo,138.0
6625,26/04/2026,12:26,3919,19,Salón,Efectivo,143.0
6626,26/04/2026,19:15,4621,18,Salón,Efectivo,53.0
6627,26/04/2026,13:28,4164,19,Salón,Efectivo,104.0
6628,26/04/2026,17:40,5398,3,Salón,Tarjeta,25.0
6629,26/04/2026,14:57,4552,2,Salón,Tarjeta,206.0
6630,26/04/2026,13:42,5297,17,Salón,Efectivo,214.0
6631,26/04/2026,14:22,4364,24,Para llevar,Yape,122.0
6632,26/04/2026,14:06,1974,16,Para llevar,Tarjeta,224.0
6633,26/04/2026,15:51,,20,Salón,Plin,60.0
6634,26/04/2026,17:34,5337,16,Salón,Plin,150.0
6635,26/04/2026,14:47,,3,Para llevar,Yape,255.0
6636,26/04/2026,14:46,3843,7,Salón,Yape,118.0
6637,26/04/2026,14:05,499,20,Salón,Efectivo,142.0
6638,26/04/2026,17:32,5314,2,Salón,Tarjeta,66.0
6639,26/04/2026,21:29,4221,22,Salón,Plin,83.0
6640,26/04/2026,12:39,4604,2,Salón,Yape,148.0
6641,26/04/2026,11:44,3792,2,Para llevar,Efectivo,68.0
6642,27/04/2026,20:08,175,3,Salón,Plin,296.0
6643,27/04/2026,13:27,499,24,Salón,Tarjeta,212.0
6644,27/04/2026,12:35,5073,3,Salón,Efectivo,233.0
6645,27/04/2026,16:08,,17,Salón,Yape,62.0
6646,27/04/2026,19:39,4729,22,Delivery propio,Yape,130.0
6647,27/04/2026,19:20,1202,18,Delivery propio,Tarjeta,94.0
6648,27/04/2026,16:14,3354,19,Salón,Plin,178.0
6649,27/04/2026,19:23,4974,19,Salón,Yape,111.0
6650,27/04/2026,19:12,5270,19,Salón,Yape,136.0
6651,27/04/2026,14:46,2274,19,Salón,Yape,192.0
6652,27/04/2026,14:34,4124,20,Para llevar,Tarjeta,38.0
6653,27/04/2026,12:37,4536,5,Salón,Plin,120.0
6654,28/04/2026,17:34,3451,5,Para llevar,Tarjeta,143.0
6655,28/04/2026,20:54,3289,20,Salón,Efectivo,121.0
6656,28/04/2026,14:09,3734,17,Salón,Efectivo,68.0
6657,28/04/2026,19:43,525,16,Salón,Plin,135.0
6658,28/04/2026,16:14,5031,19,Salón,Efectivo,274.0
6659,28/04/2026,16:20,1953,20,Delivery propio,Yape,192.0
6660,28/04/2026,17:50,4516,17,Para llevar,Efectivo,355.0
6661,28/04/2026,14:11,1437,16,Delivery propio,Efectivo,170.0
6662,28/04/2026,20:44,2356,5,Delivery propio,Tarjeta,47.0
6663,28/04/2026,15:25,3780,3,Delivery propio,Plin,150.0
6664,28/04/2026,14:46,3723,18,Para llevar,Tarjeta,34.0
6665,28/04/2026,12:39,2877,20,Salón,Yape,60.0
6666,28/04/2026,16:09,4185,17,Delivery propio,Efectivo,52.0
6667,28/04/2026,12:05,3673,5,Salón,Plin,184.0
6668,28/04/2026,21:44,3473,7,Salón,Tarjeta,232.0
6669,28/04/2026,11:08,4347,19,Salón,Tarjeta,272.0
6670,28/04/2026,18:27,621,17,Para llevar,Efectivo,147.0
6671,28/04/2026,19:25,5449,7,Delivery propio,Yape,96.0
6672,28/04/2026,21:00,4181,24,Salón,Tarjeta,144.0
6673,29/04/2026,14:39,3838,17,Delivery propio,Yape,204.0
6674,29/04/2026,15:00,1771,18,Para llevar,Efectivo,224.0
6675,29/04/2026,11:05,3467,19,Para llevar,Efectivo,267.0
6676,29/04/2026,14:29,2700,22,Para llevar,Efectivo,144.0
6677,29/04/2026,19:30,4328,7,Salón,Yape,146.0
6678,29/04/2026,20:32,3256,22,Salón,Efectivo,20.0
6679,29/04/2026,14:33,2908,19,Delivery propio,Efectivo,157.0
6680,29/04/2026,19:54,4965,2,Salón,Tarjeta,101.0
6681,29/04/2026,13:30,877,7,Para llevar,Plin,302.0
6682,29/04/2026,14:14,3202,22,Salón,Tarjeta,142.0
6683,29/04/2026,16:35,211,7,Salón,Efectivo,152.0
6684,29/04/2026,15:07,4082,17,Salón,Efectivo,252.0
6685,29/04/2026,12:35,4440,18,Para llevar,Yape,30.0
6686,29/04/2026,19:24,371,5,Salón,Efectivo,132.0
6687,29/04/2026,14:16,259,20,Salón,Yape,248.0
6688,29/04/2026,12:48,4918,22,Salón,Efectivo,66.0
6689,29/04/2026,12:31,5020,7,Para llevar,Plin,130.0
6690,29/04/2026,12:17,976,7,Salón,Yape,314.0
6691,29/04/2026,12:21,4602,16,Salón,Yape,149.0
6692,No se sabe,16:22,3302,17,Salón,Yape,191.0
6693,29/04/2026,15:29,344,5,Salón,Efectivo,26.0
6694,29/04/2026,19:39,4333,19,Delivery propio,Efectivo,9.0
6695,30/04/2026,14:19,3970,22,Salón,Efectivo,140.0
6696,30/04/2026,14:17,2514,19,Salón,Yape,32.0
6697,30/04/2026,13:28,2962,5,Delivery propio,Plin,210.0
6698,30/04/2026,20:08,,2,Salón,Efectivo,250.0
6699,30/04/2026,12:19,319,24,Para llevar,Tarjeta,118.0
6700,30/04/2026,19:45,4084,17,Salón,Efectivo,142.0
6701,30/04/2026,20:20,5490,18,Salón,Efectivo,106.0
6702,30/04/2026,18:33,,18,Salón,Tarjeta,324.0
6703,30/04/2026,12:05,1649,22,Delivery propio,Tarjeta,102.0
6704,30/04/2026,12:22,5321,2,Salón,Yape,272.0
6705,30/04/2026,12:26,5469,16,Salón,Plin,97.0
6706,30/04/2026,18:44,1606,24,Delivery propio,Efectivo,37.0
6707,30/04/2026,19:11,3549,2,Delivery propio,Tarjeta,272.0
6708,30/04/2026,12:40,4242,20,Salón,Plin,256.0
6709,30/04/2026,19:31,4503,17,Salón,Tarjeta,169.0
6710,30/04/2026,19:26,3513,7,Salón,Efectivo,43.0
6711,30/04/2026,13:34,,3,Delivery propio,Tarjeta,48.0
6712,30/04/2026,16:16,1286,18,Salón,Yape,182.0
6713,30/04/2026,14:53,4732,18,Salón,Efectivo,47.0
6714,30/04/2026,13:35,1257,20,Delivery propio,Efectivo,100.0
6715,30/04/2026,13:50,2959,18,Salón,Plin,166.0
6716,30/04/2026,12:29,3912,24,Delivery propio,Yape,128.0
6717,30/04/2026,13:27,1202,7,Delivery propio,Plin,87.0
6718,30/04/2026,20:56,1178,20,Salón,Yape,107.0
6719,30/04/2026,20:38,3246,5,Salón,Yape,106.0
6720,30/04/2026,18:50,1819,20,Salón,Tarjeta,85.0
6721,30/04/2026,12:00,3082,2,Delivery propio,Yape,168.0
6722,30/04/2026,18:39,2850,17,Salón,Tarjeta,74.0
6723,Ayer,11:36,459,24,Salón,Efectivo,136.0
6724,30/04/2026,18:24,,17,Delivery propio,Yape,149.0
6725,30/04/2026,14:06,3789,24,Salón,Efectivo,44.0
6726,30/04/2026,13:10,4496,19,Salón,Efectivo,38.0
6727,01/05/2026,13:29,5117,5,Salón,Yape,36.0
6728,01/05/2026,14:54,4177,19,Para llevar,Yape,62.0
6729,01/05/2026,14:29,5160,24,Delivery propio,Plin,237.0
6730,01/05/2026,14:56,4479,22,Salón,Yape,126.0
6731,01/05/2026,12:05,,17,Para llevar,Efectivo,166.0
6732,01/05/2026,14:44,3293,3,Para llevar,Tarjeta,50.0
6733,01/05/2026,19:36,10,17,Salón,Efectivo,92.0
6734,01/05/2026,18:02,291,19,Salón,Yape,115.0
6735,01/05/2026,19:31,299,22,Para llevar,Yape,135.0
6736,01/05/2026,12:35,4289,19,Salón,Efectivo,132.0
6737,01/05/2026,15:28,2643,5,Salón,Yape,140.0
6738,01/05/2026,17:33,5263,3,Salón,Yape,90.0
6739,01/05/2026,11:04,744,5,Salón,Yape,187.0
6740,01/05/2026,15:45,4480,24,Salón,Efectivo,220.0
6741,01/05/2026,14:56,2763,5,Para llevar,Efectivo,179.0
6742,01/05/2026,12:28,877,18,Delivery propio,Tarjeta,209.0
6743,01/05/2026,20:57,2540,20,Salón,Tarjeta,62.0
6744,01/05/2026,20:29,3283,17,Salón,Tarjeta,119.0
6745,01/05/2026,15:44,2976,20,Salón,Efectivo,60.0
6746,01/05/2026,14:53,4729,7,Delivery propio,Plin,102.0
6747,01/05/2026,18:48,3997,16,Salón,Plin,279.0
6748,01/05/2026,13:28,369,7,Para llevar,Efectivo,146.0
6749,02/05/2026,12:15,4699,24,Delivery propio,Yape,180.0
6750,02/05/2026,20:43,4392,7,Para llevar,Plin,91.0
6751,02/05/2026,13:58,2312,18,Para llevar,Efectivo,195.0
6752,02/05/2026,14:47,1292,24,Delivery propio,Yape,216.0
6753,02/05/2026,14:18,1231,5,Delivery propio,Yape,152.0
6754,02/05/2026,14:21,2814,16,Salón,Yape,123.0
6755,02/05/2026,14:55,2509,3,Delivery propio,Efectivo,259.0
6756,02/05/2026,21:14,4479,18,Salón,Tarjeta,216.0
6757,02/05/2026,18:55,350,20,Delivery propio,Efectivo,68.0
6758,02/05/2026,18:26,89,5,Salón,Efectivo,78.0
6759,02/05/2026,18:01,1739,18,Delivery propio,Plin,58.0
6760,02/05/2026,12:59,4143,22,Salón,Efectivo,151.0
6761,02/05/2026,17:29,3817,19,Salón,Efectivo,112.0
6762,02/05/2026,17:25,832,20,Salón,Yape,124.0
6763,02/05/2026,13:17,5242,24,Delivery propio,Yape,313.0
6764,02/05/2026,18:46,5056,20,Para llevar,Efectivo,44.0
6765,02/05/2026,14:46,1494,5,Salón,Yape,66.0
6766,02/05/2026,14:24,4886,24,Para llevar,Tarjeta,178.0
6767,02/05/2026,12:07,2680,3,Delivery propio,Efectivo,140.0
6768,02/05/2026,20:07,2034,16,Salón,Yape,127.0
6769,02/05/2026,14:32,5160,24,Salón,Efectivo,72.0
6770,02/05/2026,12:31,5277,16,Salón,Plin,228.0
6771,02/05/2026,18:03,836,17,Salón,Efectivo,102.0
6772,02/05/2026,13:43,1910,7,Para llevar,Tarjeta,158.0
6773,02/05/2026,14:23,235,5,Delivery propio,Yape,72.0
6774,02/05/2026,21:06,1332,24,Salón,Tarjeta,194.0
6775,02/05/2026,14:28,4020,24,Salón,Efectivo,252.0
6776,02/05/2026,15:31,196,22,Salón,Tarjeta,116.0
6777,02/05/2026,13:00,573,5,Para llevar,Tarjeta,132.0
6778,02/05/2026,15:57,5448,17,Salón,Efectivo,62.0
6779,02/05/2026,18:34,3399,5,Salón,Tarjeta,138.0
6780,02/05/2026,18:29,,2,Salón,Tarjeta,114.0
6781,02/05/2026,12:58,69,24,Salón,Tarjeta,68.0
6782,02/05/2026,15:31,224,19,Delivery propio,Yape,107.0
6783,03/05/2026,12:22,1151,20,Salón,Yape,44.0
6784,03/05/2026,13:50,4681,18,Salón,Yape,154.0
6785,03/05/2026,11:06,607,24,Salón,Yape,208.0
6786,03/05/2026,12:55,415,24,Salón,Efectivo,78.0
6787,03/05/2026,11:04,5267,24,Salón,Tarjeta,60.0
6788,03/05/2026,14:46,3098,5,Salón,Tarjeta,162.0
6789,03/05/2026,12:03,4372,17,Salón,Efectivo,36.0
6790,03/05/2026,13:39,877,2,Para llevar,Efectivo,190.0
6791,03/05/2026,19:31,4687,17,Salón,Tarjeta,112.0
6792,03/05/2026,12:47,877,22,Para llevar,Plin,60.0
6793,03/05/2026,20:51,5298,17,Para llevar,Yape,88.0
6794,03/05/2026,13:57,1577,2,Salón,Yape,181.0
6795,03/05/2026,12:04,4088,7,Salón,Yape,84.0
6796,03/05/2026,13:05,2691,17,Salón,Efectivo,162.0
6797,03/05/2026,18:17,1746,17,Salón,Efectivo,89.0
6798,03/05/2026,17:47,2478,22,Salón,Yape,175.0
6799,03/05/2026,20:32,,5,Salón,Yape,30.0
6800,03/05/2026,17:15,,24,Salón,Efectivo,150.0
6801,03/05/2026,19:20,1448,5,Salón,Tarjeta,90.0
6802,03/05/2026,13:47,4930,3,Salón,Efectivo,119.0
6803,03/05/2026,15:48,4736,20,Delivery propio,Efectivo,210.0
6804,03/05/2026,16:49,4471,5,Delivery propio,Efectivo,104.0
6805,03/05/2026,15:12,4723,20,Salón,Efectivo,68.0
6806,03/05/2026,19:31,967,16,Delivery propio,Yape,175.0
6807,03/05/2026,17:52,5312,20,Salón,Efectivo,30.0
6808,03/05/2026,17:56,5200,19,Para llevar,Efectivo,110.0
6809,03/05/2026,12:28,,22,Para llevar,Plin,68.0
6810,03/05/2026,14:04,1630,17,Salón,Plin,92.0
6811,03/05/2026,20:29,3016,24,Salón,Tarjeta,120.0
6812,03/05/2026,19:31,4949,16,Salón,Yape,232.0
6813,03/05/2026,18:02,1132,24,Para llevar,Efectivo,142.0
6814,03/05/2026,19:56,,2,Delivery propio,Yape,38.0
6815,03/05/2026,13:04,,7,Salón,Yape,192.0
6816,03/05/2026,13:52,4764,20,Salón,Efectivo,94.0
6817,03/05/2026,17:25,3538,18,Salón,Plin,167.0
6818,03/05/2026,15:46,1823,24,Salón,Tarjeta,104.0
6819,03/05/2026,11:29,967,2,Salón,Tarjeta,254.0
6820,03/05/2026,13:06,476,18,Delivery propio,Yape,272.0
6821,03/05/2026,19:24,5274,24,Salón,Tarjeta,166.0
6822,03/05/2026,14:16,2306,18,Para llevar,Plin,143.0
6823,03/05/2026,16:24,443,19,Salón,Efectivo,90.0
6824,03/05/2026,15:29,237,5,Salón,Efectivo,70.0
6825,03/05/2026,16:12,3042,17,Salón,Tarjeta,146.0
6826,03/05/2026,14:18,2550,18,Para llevar,Yape,186.0
6827,03/05/2026,19:15,3645,20,Salón,Efectivo,152.0
6828,03/05/2026,14:16,1214,3,Salón,Yape,10.0
6829,03/05/2026,17:12,4389,24,Salón,Plin,179.0
6830,03/05/2026,18:49,3731,20,Salón,Yape,200.0
6831,03/05/2026,18:27,576,17,Salón,Yape,100.0
6832,03/05/2026,11:53,5194,3,Para llevar,Tarjeta,177.0
6833,03/05/2026,19:40,5434,7,Salón,Efectivo,80.0
6834,03/05/2026,18:39,1676,5,Para llevar,Efectivo,38.0
6835,03/05/2026,17:51,229,2,Salón,Yape,58.0
6836,04/05/2026,12:43,926,22,Salón,Efectivo,110.0
6837,04/05/2026,12:16,554,7,Salón,Tarjeta,53.0
6838,04/05/2026,16:10,,17,Salón,Efectivo,48.0
6839,04/05/2026,15:06,2840,19,Para llevar,Tarjeta,63.0
6840,04/05/2026,19:05,2749,22,Salón,Efectivo,82.0
6841,04/05/2026,12:34,2575,16,Salón,Tarjeta,256.0
6842,04/05/2026,12:08,2551,17,Salón,Yape,18.0
6843,04/05/2026,19:58,3665,2,Salón,Efectivo,34.0
6844,04/05/2026,11:14,2608,19,Salón,Plin,141.0
6845,04/05/2026,12:30,4411,2,Salón,Efectivo,116.0
6846,04/05/2026,13:10,4730,19,Salón,Yape,114.0
6847,04/05/2026,20:44,35,24,Salón,Yape,54.0
6848,04/05/2026,13:16,2349,22,Salón,Yape,298.0
6849,04/05/2026,14:05,51,3,Delivery propio,Plin,162.0
6850,04/05/2026,13:02,3143,17,Salón,Yape,134.0
6851,04/05/2026,13:29,863,2,Salón,Yape,224.0
6852,04/05/2026,13:46,780,5,Salón,Yape,38.0
6853,04/05/2026,14:50,,22,Delivery propio,Yape,34.0
6854,05/05/2026,20:14,2729,16,Salón,Yape,22.0
6855,05/05/2026,20:34,2671,20,Delivery propio,Yape,216.0
6856,05/05/2026,21:17,3641,18,Salón,Tarjeta,93.0
6857,05/05/2026,13:16,4024,2,Delivery propio,Efectivo,48.0
6858,05/05/2026,12:02,2685,19,Salón,Efectivo,184.0
6859,05/05/2026,19:06,4479,16,Salón,Tarjeta,50.0
6860,05/05/2026,11:18,2407,18,Para llevar,Tarjeta,185.0
6861,05/05/2026,18:57,1887,5,Salón,Efectivo,28.0
6862,05/05/2026,16:57,1810,19,Salón,Efectivo,140.0
6863,05/05/2026,12:08,5075,19,Salón,Efectivo,178.0
6864,05/05/2026,18:45,1616,19,Salón,Plin,124.0
6865,05/05/2026,19:28,1042,5,Salón,Plin,81.0
6866,05/05/2026,14:49,4890,22,Para llevar,Yape,54.0
6867,05/05/2026,20:20,3483,19,Para llevar,Efectivo,145.0
6868,05/05/2026,17:05,803,22,Salón,Efectivo,90.0
6869,05/05/2026,19:23,2599,20,Salón,Efectivo,63.0
6870,05/05/2026,12:27,1664,19,Para llevar,Plin,9.0
6871,06/05/2026,12:26,2128,2,Salón,Efectivo,134.0
6872,06/05/2026,14:30,,17,Para llevar,Yape,216.0
6873,06/05/2026,13:53,3297,24,Delivery propio,Efectivo,112.0
6874,06/05/2026,13:48,12,19,Salón,Yape,62.0
6875,06/05/2026,14:43,5459,19,Para llevar,Plin,181.0
6876,06/05/2026,21:34,3658,3,Salón,Yape,46.0
6877,06/05/2026,17:09,1160,16,Salón,Tarjeta,44.0
6878,06/05/2026,11:47,2702,16,Para llevar,Efectivo,62.0
6879,06/05/2026,13:28,5435,19,Delivery propio,Tarjeta,48.0
6880,06/05/2026,18:15,1496,24,Delivery propio,Plin,101.0
6881,06/05/2026,14:16,4212,22,Salón,Yape,330.0
6882,06/05/2026,13:05,1359,5,Delivery propio,Efectivo,332.0
6883,06/05/2026,21:13,454,2,Salón,Yape,108.0
6884,06/05/2026,15:49,4354,20,Delivery propio,Efectivo,56.0
6885,06/05/2026,16:03,2718,19,Para llevar,Yape,120.0
6886,06/05/2026,17:54,1624,22,Delivery propio,Tarjeta,72.0
6887,06/05/2026,20:49,1912,2,Salón,Efectivo,112.0
6888,06/05/2026,13:38,1988,17,Salón,Tarjeta,128.0
6889,06/05/2026,14:33,2320,5,Salón,Efectivo,66.0
6890,06/05/2026,16:41,875,2,Salón,Efectivo,206.0
6891,06/05/2026,14:41,5434,16,Delivery propio,Tarjeta,66.0
6892,06/05/2026,21:56,1846,2,Salón,Tarjeta,84.0
6893,06/05/2026,13:28,4751,17,Salón,Efectivo,293.0
6894,06/05/2026,12:40,3203,16,Salón,Efectivo,104.0
6895,06/05/2026,17:08,2801,24,Salón,Plin,164.0
6896,06/05/2026,11:24,4801,19,Salón,Tarjeta,142.0
6897,06/05/2026,18:46,17,3,Salón,Efectivo,82.0
6898,06/05/2026,20:07,2857,17,Para llevar,Yape,82.0
6899,06/05/2026,13:21,1316,19,Salón,Efectivo,82.0
6900,06/05/2026,20:16,4066,22,Salón,Yape,128.0
6901,06/05/2026,14:55,1060,17,Salón,Yape,158.0
6902,07/05/2026,19:58,,24,Para llevar,Yape,110.0
6903,07/05/2026,14:06,1885,17,Salón,Plin,68.0
6904,07/05/2026,15:21,4080,16,Delivery propio,Yape,50.0
6905,07/05/2026,20:08,1358,2,Salón,Efectivo,183.0
6906,07/05/2026,18:54,4225,18,Delivery propio,Plin,102.0
6907,07/05/2026,16:25,118,20,Salón,Tarjeta,64.0
6908,07/05/2026,20:59,3482,2,Salón,Efectivo,50.0
6909,07/05/2026,13:53,420,5,Salón,Efectivo,202.0
6910,07/05/2026,18:28,2297,3,Salón,Tarjeta,202.0
6911,07/05/2026,12:52,1197,17,Para llevar,Yape,142.0
6912,07/05/2026,13:56,,20,Salón,Efectivo,60.0
6913,07/05/2026,15:24,4466,5,Delivery propio,Efectivo,108.0
6914,07/05/2026,13:24,1872,3,Salón,Tarjeta,10.0
6915,07/05/2026,13:41,4004,2,Para llevar,Tarjeta,115.0
6916,07/05/2026,12:04,669,16,Salón,Efectivo,54.0
6917,07/05/2026,13:03,15,17,Salón,Efectivo,98.0
6918,07/05/2026,14:17,3158,22,Delivery propio,Yape,206.0
6919,07/05/2026,14:28,5278,18,Salón,Plin,54.0
6920,07/05/2026,18:22,4135,20,Delivery propio,Yape,9.0
6921,07/05/2026,15:51,4906,3,Salón,Tarjeta,181.0
6922,07/05/2026,18:06,4302,22,Salón,Yape,80.0
6923,07/05/2026,17:14,3745,3,Delivery propio,Efectivo,24.0
6924,07/05/2026,13:43,4902,17,Salón,Efectivo,76.0
6925,07/05/2026,20:05,552,2,Delivery propio,Efectivo,79.0
6926,07/05/2026,12:46,692,16,Delivery propio,Efectivo,190.0
6927,07/05/2026,13:04,1008,20,Salón,Tarjeta,70.0
6928,08/05/2026,14:21,3574,18,Salón,Plin,64.0
6929,08/05/2026,15:26,5439,3,Delivery propio,Efectivo,88.0
6930,08/05/2026,19:09,,3,Salón,Efectivo,36.0
6931,08/05/2026,12:39,1833,7,Salón,Yape,88.0
6932,08/05/2026,21:15,2150,7,Salón,Efectivo,244.0
6933,08/05/2026,18:03,4859,7,Salón,Plin,64.0
6934,08/05/2026,20:05,1739,7,Para llevar,Tarjeta,102.0
6935,08/05/2026,11:32,877,7,Delivery propio,Efectivo,46.0
6936,08/05/2026,21:18,5290,18,Para llevar,Efectivo,130.0
6937,08/05/2026,12:30,3317,19,Salón,Tarjeta,64.0
6938,08/05/2026,18:19,857,24,Salón,Tarjeta,99.0
6939,08/05/2026,19:27,3927,2,Salón,Yape,209.0
6940,08/05/2026,16:59,4949,24,Para llevar,Tarjeta,144.0
6941,08/05/2026,19:47,4772,7,Para llevar,Tarjeta,206.0
6942,08/05/2026,12:08,,20,Salón,Yape,194.0
6943,08/05/2026,13:18,3435,18,Para llevar,Yape,92.0
6944,08/05/2026,20:39,,17,Salón,Tarjeta,10.0
6945,08/05/2026,19:53,1195,2,Salón,Efectivo,78.0
6946,08/05/2026,13:40,4011,18,Salón,Yape,48.0
6947,08/05/2026,19:34,5367,17,Delivery propio,Tarjeta,148.0
6948,08/05/2026,15:22,1010,17,Salón,Tarjeta,125.0
6949,08/05/2026,13:37,,3,Salón,Efectivo,178.0
6950,08/05/2026,18:58,3968,22,Salón,Efectivo,74.0
6951,08/05/2026,13:48,831,16,Delivery propio,Tarjeta,114.0
6952,08/05/2026,14:39,4342,3,Salón,Efectivo,139.0
6953,08/05/2026,13:11,4098,19,Delivery propio,Yape,6.0
6954,08/05/2026,13:54,1111,16,Para llevar,Yape,199.0
6955,08/05/2026,15:41,,24,Para llevar,Efectivo,120.0
6956,08/05/2026,13:55,4206,16,Salón,Efectivo,102.0
6957,08/05/2026,13:13,2800,2,Salón,Yape,177.0
6958,08/05/2026,21:49,2146,19,Salón,Efectivo,61.0
6959,08/05/2026,21:57,2959,18,Salón,Efectivo,70.0
6960,08/05/2026,13:44,1171,22,Para llevar,Tarjeta,85.0
6961,08/05/2026,16:14,4479,2,Salón,Efectivo,30.0
6962,08/05/2026,21:08,,20,Salón,Tarjeta,56.0
6963,08/05/2026,20:13,4971,20,Para llevar,Tarjeta,26.0
6964,09/05/2026,15:40,3803,16,Delivery propio,Efectivo,88.0
6965,09/05/2026,14:33,4649,2,Delivery propio,Efectivo,134.0
6966,09/05/2026,20:39,4477,24,Salón,Plin,214.0
6967,09/05/2026,11:58,3019,5,Delivery propio,Tarjeta,148.0
6968,09/05/2026,14:46,4713,17,Salón,Efectivo,174.0
6969,09/05/2026,13:36,430,2,Para llevar,Yape,170.0
6970,09/05/2026,19:11,699,22,Salón,Tarjeta,143.0
6971,09/05/2026,14:25,2643,16,Salón,Tarjeta,140.0
6972,09/05/2026,11:25,4542,3,Salón,Tarjeta,65.0
6973,09/05/2026,20:37,3275,24,Salón,Plin,340.0
6974,09/05/2026,20:54,2253,18,Delivery propio,Yape,149.0
6975,09/05/2026,19:38,4826,18,Salón,Efectivo,102.0
6976,09/05/2026,14:55,1733,22,Salón,Efectivo,102.0
6977,09/05/2026,14:47,959,5,Salón,Plin,160.0
6978,09/05/2026,15:11,877,22,Para llevar,Tarjeta,139.0
6979,09/05/2026,19:57,2935,16,Salón,Yape,136.0
6980,09/05/2026,16:30,5200,3,Salón,Efectivo,59.0
6981,09/05/2026,19:03,1555,16,Salón,Plin,168.0
6982,09/05/2026,17:28,4790,19,Salón,Efectivo,419.0
6983,09/05/2026,21:20,358,5,Salón,Tarjeta,54.0
6984,09/05/2026,17:49,5248,5,Salón,Yape,183.0
6985,09/05/2026,12:52,1258,16,Salón,Tarjeta,286.0
6986,09/05/2026,18:57,5474,3,Delivery propio,Plin,120.0
6987,09/05/2026,11:35,5337,5,Delivery propio,Plin,254.0
6988,09/05/2026,16:41,3407,5,Salón,Plin,138.0
6989,09/05/2026,15:43,560,5,Delivery propio,Yape,81.0
6990,09/05/2026,12:42,,2,Salón,Efectivo,58.0
6991,09/05/2026,18:51,1251,17,Salón,Yape,332.0
6992,09/05/2026,18:39,,3,Salón,Tarjeta,58.0
6993,09/05/2026,13:27,841,2,Delivery propio,Tarjeta,36.0
6994,09/05/2026,12:32,5280,7,Delivery propio,Yape,339.0
6995,09/05/2026,13:53,2052,5,Salón,Efectivo,116.0
6996,09/05/2026,20:32,1379,7,Salón,Yape,63.0
6997,09/05/2026,13:24,1435,5,Salón,Yape,74.0
6998,09/05/2026,18:26,2836,16,Salón,Tarjeta,110.0
6999,09/05/2026,13:44,3153,5,Para llevar,Yape,245.0
7000,09/05/2026,20:20,4968,16,Salón,Yape,87.0
7001,09/05/2026,17:35,3906,17,Salón,Plin,68.0
7002,09/05/2026,12:55,1805,7,Delivery propio,Yape,122.0
7003,09/05/2026,14:08,2854,17,Salón,Yape,138.0
7004,09/05/2026,13:38,2178,5,Salón,Yape,24.0
7005,09/05/2026,14:40,5281,7,Para llevar,Efectivo,142.0
7006,09/05/2026,20:33,3051,16,Salón,Plin,104.0
7007,09/05/2026,20:44,1772,16,Salón,Yape,120.0
7008,09/05/2026,12:55,877,19,Para llevar,Yape,293.0
7009,09/05/2026,20:17,632,18,Para llevar,Efectivo,208.0
7010,09/05/2026,21:19,1671,7,Salón,Yape,16.0
7011,10/05/2026,20:59,2407,7,Delivery propio,Tarjeta,9.0
7012,10/05/2026,14:34,349,2,Salón,Efectivo,68.0
7013,10/05/2026,16:24,4389,17,Salón,Yape,32.0
7014,10/05/2026,14:32,2963,16,Salón,Plin,18.0
7015,10/05/2026,18:35,3349,19,Salón,Plin,102.0
7016,10/05/2026,21:32,417,2,Salón,Tarjeta,69.0
7017,10/05/2026,19:43,583,2,Para llevar,Yape,54.0
7018,10/05/2026,18:46,1470,16,Salón,Yape,82.0
7019,10/05/2026,14:31,4535,18,Salón,Efectivo,213.0
7020,10/05/2026,19:47,4370,7,Salón,Yape,94.0
7021,10/05/2026,19:44,4243,24,Salón,Yape,32.0
7022,10/05/2026,19:45,4502,17,Delivery propio,Efectivo,108.0
7023,10/05/2026,14:02,1293,22,Salón,Yape,138.0
7024,10/05/2026,18:05,1747,5,Para llevar,Plin,35.0
7025,10/05/2026,13:43,,22,Salón,Efectivo,154.0
7026,10/05/2026,16:35,3872,17,Para llevar,Tarjeta,436.0
7027,10/05/2026,14:38,4962,20,Salón,Tarjeta,30.0
7028,10/05/2026,12:42,,18,Salón,Efectivo,206.0
7029,10/05/2026,12:24,1491,3,Salón,Tarjeta,32.0
7030,10/05/2026,16:12,3641,17,Salón,Efectivo,48.0
7031,10/05/2026,11:10,2251,17,Salón,Efectivo,128.0
7032,10/05/2026,17:31,2714,24,Salón,Plin,84.0
7033,10/05/2026,13:23,3867,16,Salón,Yape,142.0
7034,10/05/2026,13:50,2700,2,Salón,Plin,150.0
7035,10/05/2026,13:39,,20,Salón,Efectivo,190.0
7036,10/05/2026,11:54,270,20,Salón,Efectivo,86.0
7037,10/05/2026,13:07,877,18,Salón,Tarjeta,86.0
7038,10/05/2026,13:03,407,3,Salón,Yape,162.0
7039,10/05/2026,18:16,,2,Salón,Tarjeta,73.0
7040,10/05/2026,12:17,4846,2,Salón,Yape,66.0
7041,10/05/2026,17:14,5014,16,Delivery propio,Efectivo,189.0
7042,10/05/2026,13:39,2774,16,Salón,Efectivo,239.0
7043,10/05/2026,15:20,4201,7,Salón,Yape,166.0
7044,10/05/2026,15:59,,24,Salón,Tarjeta,100.0
7045,10/05/2026,12:52,4656,24,Salón,Yape,192.0
7046,10/05/2026,17:48,1886,3,Salón,Tarjeta,172.0
7047,10/05/2026,17:11,1896,20,Salón,Plin,79.0
7048,10/05/2026,15:27,4067,19,Salón,Plin,9.0
7049,10/05/2026,15:11,957,7,Para llevar,Yape,96.0
7050,10/05/2026,18:42,926,16,Para llevar,Efectivo,212.0
7051,10/05/2026,13:32,2035,24,Salón,Yape,196.0
7052,10/05/2026,16:32,4621,19,Salón,Efectivo,78.0
7053,10/05/2026,12:24,,2,Para llevar,Tarjeta,116.0
7054,10/05/2026,18:56,2284,20,Salón,Efectivo,74.0
7055,10/05/2026,11:41,553,18,Salón,Yape,130.0
7056,10/05/2026,11:26,3321,2,Salón,Tarjeta,185.0
7057,10/05/2026,21:04,4658,16,Delivery propio,Yape,146.0
7058,10/05/2026,14:31,237,22,Para llevar,Yape,94.0
7059,10/05/2026,16:08,4729,18,Salón,Plin,24.0
7060,10/05/2026,13:23,,17,Delivery propio,Plin,93.0
7061,10/05/2026,13:19,3626,22,Para llevar,Plin,102.0
7062,10/05/2026,14:07,3117,7,Para llevar,Yape,158.0
7063,10/05/2026,15:01,3041,2,Para llevar,Efectivo,24.0
7064,10/05/2026,14:39,4207,2,Salón,Yape,72.0
7065,10/05/2026,14:44,211,24,Delivery propio,Efectivo,126.0
7066,10/05/2026,19:32,1151,17,Salón,Efectivo,60.0
7067,11/05/2026,11:08,2174,3,Salón,Efectivo,114.0
7068,11/05/2026,12:45,5262,16,Delivery propio,Yape,146.0
7069,11/05/2026,13:49,1695,19,Salón,Efectivo,132.0
7070,11/05/2026,14:45,3792,16,Salón,Yape,76.0
7071,11/05/2026,13:33,4630,2,Delivery propio,Yape,96.0
7072,11/05/2026,11:33,1214,3,Para llevar,Efectivo,100.0
7073,11/05/2026,13:29,4491,18,Delivery propio,Plin,49.0
7074,11/05/2026,13:29,3055,16,Salón,Efectivo,149.0
7075,11/05/2026,14:48,5436,20,Salón,Yape,209.0
7076,11/05/2026,18:26,1198,16,Salón,Yape,118.0
7077,11/05/2026,14:17,5130,7,Delivery propio,Efectivo,198.0
7078,11/05/2026,18:07,1744,24,Salón,Yape,116.0
7079,11/05/2026,20:51,1214,22,Salón,Yape,90.0
7080,11/05/2026,14:15,5070,16,Delivery propio,Efectivo,174.0
7081,11/05/2026,15:32,4727,20,Salón,Efectivo,130.0
7082,11/05/2026,14:23,4736,19,Delivery propio,Tarjeta,248.0
7083,11/05/2026,17:34,3087,22,Salón,Yape,143.0
7084,11/05/2026,15:11,,19,Salón,Yape,172.0
7085,11/05/2026,14:44,3549,20,Salón,Efectivo,210.0
7086,11/05/2026,11:50,316,16,Salón,Yape,34.0
7087,11/05/2026,14:52,3567,18,Salón,Efectivo,119.0
7088,11/05/2026,13:30,2068,7,Delivery propio,Yape,38.0
7089,11/05/2026,12:15,2904,16,Delivery propio,Efectivo,231.0
7090,11/05/2026,14:02,501,22,Salón,Plin,10.0
7091,11/05/2026,18:56,4735,2,Salón,Efectivo,134.0
7092,11/05/2026,12:09,3434,19,Salón,Efectivo,84.0
7093,11/05/2026,15:54,4899,19,Delivery propio,Tarjeta,200.0
7094,11/05/2026,18:47,3273,22,Para llevar,Efectivo,62.0
7095,11/05/2026,14:34,788,18,Salón,Efectivo,44.0
7096,11/05/2026,15:14,3233,22,Salón,Efectivo,221.0
7097,12/05/2026,13:17,4293,5,Para llevar,Efectivo,136.0
7098,12/05/2026,14:08,3487,24,Salón,Tarjeta,52.0
7099,12/05/2026,14:34,2790,18,Delivery propio,Yape,166.0
7100,12/05/2026,18:45,196,7,Salón,Efectivo,102.0
7101,12/05/2026,13:37,2411,22,Salón,Plin,87.0
7102,12/05/2026,20:40,1556,5,Delivery propio,Efectivo,224.0
7103,12/05/2026,12:55,,18,Delivery propio,Efectivo,240.0
7104,12/05/2026,20:05,1157,24,Delivery propio,Tarjeta,287.0
7105,12/05/2026,15:37,3734,5,Para llevar,Yape,86.0
7106,12/05/2026,14:36,913,20,Salón,Plin,305.0
7107,12/05/2026,13:06,995,24,Para llevar,Yape,68.0
7108,12/05/2026,11:29,1391,20,Salón,Yape,188.0
7109,12/05/2026,19:54,,16,Delivery propio,Tarjeta,44.0
7110,12/05/2026,15:42,20,16,Salón,Efectivo,84.0
7111,12/05/2026,17:30,583,18,Salón,Efectivo,286.0
7112,12/05/2026,12:38,3250,24,Salón,Plin,224.0
7113,12/05/2026,19:04,5285,18,Salón,Yape,62.0
7114,12/05/2026,13:52,2141,24,Salón,Tarjeta,120.0
7115,12/05/2026,15:42,3057,3,Salón,Tarjeta,82.0
7116,12/05/2026,20:33,5424,16,Para llevar,Plin,60.0
7117,12/05/2026,19:01,518,2,Salón,Tarjeta,51.0
7118,12/05/2026,13:06,3393,3,Salón,Plin,62.0
7119,12/05/2026,20:04,3328,7,Salón,Efectivo,112.0
7120,13/05/2026,13:36,1975,24,Salón,Efectivo,72.0
7121,13/05/2026,12:31,852,2,Salón,Tarjeta,56.0
7122,13/05/2026,20:47,1567,7,Para llevar,Efectivo,172.0
7123,13/05/2026,16:15,3247,7,Salón,Efectivo,122.0
7124,13/05/2026,14:18,3945,24,Salón,Tarjeta,111.0
7125,13/05/2026,17:07,142,2,Salón,Efectivo,52.0
7126,13/05/2026,19:23,3517,5,Salón,Yape,254.0
7127,13/05/2026,21:01,331,18,Salón,Efectivo,164.0
7128,13/05/2026,17:59,3485,22,Salón,Tarjeta,70.0
7129,13/05/2026,13:28,452,18,Salón,Tarjeta,136.0
7130,13/05/2026,13:23,1985,20,Salón,Efectivo,72.0
7131,13/05/2026,14:00,4174,3,Salón,Plin,174.0
7132,13/05/2026,14:42,2541,22,Salón,Efectivo,36.0
7133,13/05/2026,20:38,4927,22,Salón,Efectivo,294.0
7134,13/05/2026,13:26,754,19,Salón,Yape,207.0
7135,13/05/2026,16:43,5312,24,Salón,Yape,28.0
7136,13/05/2026,14:40,2929,5,Salón,Efectivo,60.0
7137,13/05/2026,19:48,5230,2,Para llevar,Plin,138.0
7138,13/05/2026,14:47,666,19,Salón,Yape,84.0
7139,13/05/2026,15:46,4091,7,Para llevar,Efectivo,36.0
7140,13/05/2026,13:52,5132,16,Salón,Efectivo,112.0
7141,13/05/2026,13:03,,5,Salón,Yape,74.0
7142,13/05/2026,11:14,4581,20,Delivery propio,Efectivo,98.0
7143,14/05/2026,20:36,,2,Delivery propio,Efectivo,432.0
7144,14/05/2026,16:58,313,18,Salón,Efectivo,85.0
7145,14/05/2026,14:49,,22,Salón,Efectivo,304.0
7146,14/05/2026,21:11,2597,19,Para llevar,Tarjeta,132.0
7147,14/05/2026,17:16,877,16,Para llevar,Tarjeta,132.0
7148,14/05/2026,18:20,2865,18,Delivery propio,Yape,90.0
7149,14/05/2026,13:59,201,3,Salón,Efectivo,84.0
7150,14/05/2026,13:02,4799,24,Delivery propio,Plin,212.0
7151,14/05/2026,19:25,4631,7,Para llevar,Efectivo,141.0
7152,14/05/2026,13:31,4479,16,Salón,Efectivo,106.0
7153,14/05/2026,13:38,2478,17,Salón,Yape,166.0
7154,14/05/2026,13:26,3372,24,Para llevar,Efectivo,104.0
7155,14/05/2026,11:37,2125,24,Para llevar,Plin,164.0
7156,14/05/2026,14:06,3627,2,Salón,Efectivo,129.0
7157,14/05/2026,13:36,,5,Salón,Tarjeta,72.0
7158,14/05/2026,16:20,,7,Salón,Yape,110.0
7159,14/05/2026,14:18,108,17,Salón,Yape,183.0
7160,14/05/2026,14:23,1568,17,Delivery propio,Tarjeta,59.0
7161,14/05/2026,12:09,1780,19,Delivery propio,Efectivo,244.0
7162,14/05/2026,13:00,5361,18,Salón,Tarjeta,206.0
7163,14/05/2026,14:25,780,17,Salón,Yape,102.0
7164,14/05/2026,19:05,294,2,Salón,Tarjeta,122.0
7165,14/05/2026,15:39,1386,24,Para llevar,Efectivo,60.0
7166,14/05/2026,12:46,2735,20,Delivery propio,Efectivo,138.0
7167,14/05/2026,11:03,2908,5,Salón,Yape,18.0
7168,14/05/2026,14:58,1116,16,Salón,Yape,83.0
7169,15/05/2026,14:59,4205,7,Salón,Tarjeta,206.0
7170,15/05/2026,16:20,1382,18,Salón,Efectivo,86.0
7171,15/05/2026,16:30,1428,17,Delivery propio,Plin,129.0
7172,15/05/2026,13:05,520,18,Para llevar,Efectivo,114.0
7173,15/05/2026,12:05,4807,17,Delivery propio,Tarjeta,164.0
7174,15/05/2026,19:34,2508,17,Salón,Efectivo,98.0
7175,15/05/2026,16:07,2284,24,Salón,Plin,85.0
7176,15/05/2026,14:58,612,24,Salón,Efectivo,94.0
7177,15/05/2026,19:54,3448,2,Salón,Tarjeta,168.0
7178,15/05/2026,21:48,4087,2,Salón,Yape,158.0
7179,15/05/2026,15:34,3447,19,Delivery propio,Yape,216.0
7180,15/05/2026,19:10,4150,2,Salón,Yape,238.0
7181,15/05/2026,15:02,3771,3,Para llevar,Efectivo,72.0
7182,15/05/2026,13:49,758,7,Salón,Tarjeta,228.0
7183,15/05/2026,15:31,4300,17,Salón,Tarjeta,166.0
7184,15/05/2026,12:46,4596,24,Para llevar,Tarjeta,106.0
7185,15/05/2026,18:48,3161,3,Salón,Plin,124.0
7186,15/05/2026,20:44,2393,16,Salón,Tarjeta,186.0
7187,15/05/2026,13:15,3725,5,Salón,Plin,225.0
7188,15/05/2026,15:49,3292,5,Delivery propio,Tarjeta,107.0
7189,15/05/2026,18:00,4731,22,Salón,Efectivo,126.0
7190,15/05/2026,14:19,715,5,Salón,Plin,194.0
7191,15/05/2026,16:46,3774,17,Salón,Yape,82.0
7192,15/05/2026,21:57,3300,22,Salón,Plin,65.0
7193,15/05/2026,19:33,3126,18,Delivery propio,Yape,69.0
7194,15/05/2026,15:16,1576,16,Para llevar,Efectivo,72.0
7195,15/05/2026,18:38,675,5,Para llevar,Tarjeta,80.0
7196,15/05/2026,14:01,3534,22,Para llevar,Efectivo,168.0
7197,15/05/2026,15:50,,7,Salón,Tarjeta,95.0
7198,15/05/2026,13:42,4824,5,Salón,Tarjeta,300.0
7199,Ayer,20:40,3262,3,Salón,Efectivo,142.0
7200,15/05/2026,13:30,3302,22,Delivery propio,Efectivo,72.0
7201,15/05/2026,13:20,2054,18,Para llevar,Tarjeta,78.0
7202,15/05/2026,12:25,2252,18,Salón,Yape,150.0
7203,15/05/2026,13:41,1179,5,Para llevar,Plin,96.0
7204,15/05/2026,18:14,,18,Salón,Efectivo,247.0
7205,15/05/2026,18:09,5418,22,Delivery propio,Tarjeta,62.0
7206,15/05/2026,13:29,2587,16,Para llevar,Efectivo,143.0
7207,15/05/2026,16:17,173,20,Para llevar,Tarjeta,40.0
7208,15/05/2026,12:34,2900,24,Salón,Efectivo,96.0
7209,15/05/2026,12:39,1091,5,Salón,Yape,164.0
7210,15/05/2026,15:52,378,19,Salón,Efectivo,179.0
7211,15/05/2026,15:53,814,18,Salón,Efectivo,100.0
7212,16/05/2026,13:31,1850,19,Delivery propio,Yape,170.0
7213,16/05/2026,20:53,3823,22,Salón,Yape,120.0
7214,16/05/2026,21:48,2991,5,Salón,Yape,64.0
7215,16/05/2026,15:42,531,17,Salón,Yape,170.0
7216,16/05/2026,13:36,628,3,Salón,Yape,104.0
7217,16/05/2026,12:03,2315,24,Salón,Yape,129.0
7218,16/05/2026,21:33,364,16,Salón,Plin,66.0
7219,16/05/2026,14:28,1624,5,Salón,Yape,78.0
7220,16/05/2026,12:19,4392,3,Salón,Efectivo,98.0
7221,16/05/2026,16:14,3266,18,Salón,Efectivo,164.0
7222,16/05/2026,13:48,5038,16,Para llevar,Efectivo,30.0
7223,16/05/2026,14:35,2339,19,Salón,Yape,130.0
7224,16/05/2026,14:58,2655,22,Salón,Efectivo,142.0
7225,16/05/2026,15:09,4574,22,Salón,Tarjeta,203.0
7226,16/05/2026,21:10,3585,5,Salón,Efectivo,170.0
7227,16/05/2026,17:57,5034,20,Delivery propio,Efectivo,114.0
7228,16/05/2026,19:59,2597,7,Delivery propio,Efectivo,115.0
7229,16/05/2026,11:39,3656,5,Salón,Tarjeta,193.0
7230,16/05/2026,14:40,5215,22,Salón,Tarjeta,174.0
7231,16/05/2026,15:11,4592,7,Salón,Yape,36.0
7232,16/05/2026,13:51,3363,5,Delivery propio,Efectivo,168.0
7233,16/05/2026,12:28,2388,24,Salón,Plin,175.0
7234,16/05/2026,11:48,670,7,Para llevar,Tarjeta,257.0
7235,16/05/2026,11:25,2836,3,Delivery propio,Tarjeta,104.0
7236,16/05/2026,14:12,2505,5,Para llevar,Plin,164.0
7237,16/05/2026,14:41,,2,Salón,Plin,136.0
7238,16/05/2026,12:50,1068,19,Salón,Tarjeta,50.0
7239,16/05/2026,18:37,5388,20,Delivery propio,Efectivo,98.0
7240,16/05/2026,19:52,3584,3,Para llevar,Tarjeta,102.0
7241,16/05/2026,21:24,1799,20,Salón,Tarjeta,104.0
7242,16/05/2026,13:52,4015,18,Salón,Efectivo,71.0
7243,16/05/2026,13:45,33,18,Salón,Yape,68.0
7244,16/05/2026,17:52,4633,20,Salón,Plin,196.0
7245,16/05/2026,12:10,3222,5,Salón,Efectivo,166.0
7246,16/05/2026,12:45,1616,5,Para llevar,Plin,100.0
7247,16/05/2026,20:33,5250,22,Salón,Yape,26.0
7248,16/05/2026,15:52,1503,3,Salón,Yape,66.0
7249,16/05/2026,13:35,,7,Salón,Plin,68.0
7250,16/05/2026,13:57,3061,7,Salón,Yape,152.0
7251,16/05/2026,18:15,2880,22,Para llevar,Efectivo,63.0
7252,16/05/2026,12:48,4196,18,Delivery propio,Yape,94.0
7253,16/05/2026,13:10,3172,24,Salón,Yape,95.0
7254,17/05/2026,13:34,1328,7,Para llevar,Plin,170.0
7255,17/05/2026,18:54,5291,17,Salón,Efectivo,36.0
7256,17/05/2026,15:02,2247,22,Para llevar,Tarjeta,100.0
7257,17/05/2026,11:24,559,5,Salón,Efectivo,131.0
7258,17/05/2026,19:11,2338,3,Salón,Efectivo,50.0
7259,17/05/2026,14:53,3183,19,Para llevar,Efectivo,294.0
7260,17/05/2026,16:57,1603,3,Salón,Efectivo,114.0
7261,17/05/2026,15:26,906,19,Delivery propio,Yape,76.0
7262,17/05/2026,20:47,1018,7,Salón,Tarjeta,110.0
7263,17/05/2026,20:29,1427,19,Salón,Tarjeta,156.0
7264,17/05/2026,17:38,1018,5,Salón,Efectivo,176.0
7265,17/05/2026,14:12,547,3,Salón,Efectivo,66.0
7266,17/05/2026,20:47,877,16,Salón,Tarjeta,176.0
7267,17/05/2026,15:59,4632,19,Para llevar,Efectivo,234.0
7268,17/05/2026,20:54,1938,3,Salón,Tarjeta,146.0
7269,17/05/2026,13:40,1583,18,Salón,Tarjeta,276.0
7270,17/05/2026,16:57,1284,16,Salón,Yape,66.0
7271,17/05/2026,14:54,,22,Salón,Tarjeta,186.0
7272,17/05/2026,18:49,3933,3,Salón,Yape,175.0
7273,17/05/2026,11:17,2710,7,Delivery propio,Plin,158.0
7274,17/05/2026,20:27,4872,18,Salón,Tarjeta,74.0
7275,17/05/2026,14:12,2784,20,Salón,Efectivo,124.0
7276,17/05/2026,15:31,1220,2,Para llevar,Efectivo,106.0
7277,17/05/2026,20:09,1431,7,Delivery propio,Efectivo,120.0
7278,17/05/2026,13:41,2960,19,Salón,Tarjeta,22.0
7279,17/05/2026,14:11,3650,22,Salón,Efectivo,149.0
7280,17/05/2026,12:22,2398,24,Salón,Plin,22.0
7281,17/05/2026,15:05,3361,22,Para llevar,Efectivo,159.0
7282,17/05/2026,21:54,,3,Salón,Efectivo,184.0
7283,17/05/2026,14:03,1140,17,Salón,Tarjeta,142.0
7284,17/05/2026,20:08,1284,16,Para llevar,Efectivo,354.0
7285,17/05/2026,12:18,2878,24,Salón,Tarjeta,66.0
7286,17/05/2026,14:18,4014,24,Salón,Plin,72.0
7287,17/05/2026,13:48,2403,2,Delivery propio,Yape,102.0
7288,17/05/2026,18:19,2115,5,Para llevar,Efectivo,180.0
7289,17/05/2026,17:57,2316,16,Para llevar,Plin,201.0
7290,17/05/2026,12:11,1129,24,Delivery propio,Yape,156.0
7291,17/05/2026,15:36,710,5,Salón,Plin,82.0
7292,17/05/2026,14:46,1091,19,Para llevar,Yape,99.0
7293,17/05/2026,14:33,5287,24,Salón,Efectivo,64.0
7294,17/05/2026,14:49,3602,17,Salón,Yape,208.0
7295,17/05/2026,16:44,1580,17,Salón,Efectivo,90.0
7296,17/05/2026,14:06,,20,Salón,Yape,152.0
7297,18/05/2026,19:47,877,24,Para llevar,Plin,112.0
7298,18/05/2026,13:30,4566,19,Salón,Efectivo,102.0
7299,18/05/2026,13:15,1262,2,Salón,Yape,83.0
7300,18/05/2026,13:02,4875,2,Salón,Tarjeta,282.0
7301,18/05/2026,12:34,5483,19,Salón,Yape,120.0
7302,18/05/2026,20:56,2688,5,Salón,Efectivo,74.0
7303,18/05/2026,18:00,2552,2,Para llevar,Yape,44.0
7304,18/05/2026,11:50,3566,24,Salón,Efectivo,63.0
7305,18/05/2026,16:58,1844,3,Delivery propio,Yape,52.0
7306,18/05/2026,13:14,3588,3,Salón,Tarjeta,46.0
7307,18/05/2026,14:14,2582,19,Salón,Tarjeta,84.0
7308,18/05/2026,20:57,1071,20,Salón,Plin,236.0
7309,18/05/2026,12:16,2507,16,Salón,Efectivo,76.0
7310,18/05/2026,16:26,,2,Salón,Efectivo,114.0
7311,18/05/2026,20:39,1998,7,Salón,Efectivo,72.0
7312,18/05/2026,14:45,1158,2,Para llevar,Efectivo,125.0
7313,18/05/2026,13:13,1776,16,Salón,Yape,52.0
7314,18/05/2026,20:13,5337,3,Salón,Tarjeta,130.0
7315,18/05/2026,14:58,534,18,Delivery propio,Efectivo,108.0
7316,18/05/2026,15:40,4574,2,Para llevar,Yape,48.0
7317,18/05/2026,19:19,1739,16,Salón,Tarjeta,204.0
7318,18/05/2026,20:01,790,22,Salón,Efectivo,174.0
7319,18/05/2026,14:37,4973,5,Salón,Yape,94.0
7320,18/05/2026,14:27,,22,Delivery propio,Yape,120.0
7321,18/05/2026,21:18,1039,17,Salón,Efectivo,190.0
7322,18/05/2026,13:38,229,3,Salón,Tarjeta,108.0
7323,18/05/2026,12:57,2885,19,Salón,Plin,117.0
7324,19/05/2026,16:59,5389,3,Salón,Yape,164.0
7325,19/05/2026,19:27,2988,7,Salón,Efectivo,180.0
7326,19/05/2026,17:31,2321,24,Delivery propio,Yape,74.0
7327,19/05/2026,14:20,1134,24,Salón,Tarjeta,80.0
7328,19/05/2026,20:41,3865,19,Delivery propio,Tarjeta,46.0
7329,19/05/2026,20:36,5256,20,Para llevar,Tarjeta,308.0
7330,19/05/2026,19:46,30,20,Para llevar,Plin,66.0
7331,19/05/2026,13:16,5377,20,Salón,Plin,168.0
7332,19/05/2026,19:10,,24,Salón,Tarjeta,54.0
7333,19/05/2026,20:55,2086,19,Salón,Tarjeta,221.0
7334,19/05/2026,15:21,3407,16,Salón,Efectivo,178.0
7335,19/05/2026,13:01,,16,Delivery propio,Plin,56.0
7336,19/05/2026,14:09,4154,22,Salón,Tarjeta,162.0
7337,19/05/2026,12:34,5334,22,Para llevar,Yape,64.0
7338,19/05/2026,20:14,13,19,Salón,Tarjeta,74.0
7339,19/05/2026,16:28,2881,22,Delivery propio,Efectivo,150.0
7340,19/05/2026,11:13,,16,Salón,Yape,252.0
7341,19/05/2026,18:10,5425,22,Para llevar,Tarjeta,121.0
7342,19/05/2026,15:25,2510,19,Salón,Plin,164.0
7343,19/05/2026,13:13,,3,Salón,Yape,36.0
7344,19/05/2026,19:08,3969,16,Para llevar,Efectivo,74.0
7345,19/05/2026,13:51,2990,5,Salón,Yape,156.0
7346,19/05/2026,17:00,3901,5,Salón,Yape,44.0
7347,19/05/2026,18:53,5365,3,Salón,Efectivo,77.0
7348,19/05/2026,21:47,3803,16,Salón,Efectivo,161.0
7349,19/05/2026,16:50,5044,20,Salón,Efectivo,148.0
7350,19/05/2026,15:26,1632,22,Para llevar,Yape,66.0
7351,19/05/2026,14:17,861,19,Delivery propio,Yape,78.0
7352,20/05/2026,11:14,5066,17,Salón,Tarjeta,206.0
7353,20/05/2026,13:29,562,20,Delivery propio,Efectivo,104.0
7354,20/05/2026,16:35,2123,2,Salón,Efectivo,62.0
7355,20/05/2026,13:28,4406,7,Salón,Tarjeta,62.0
7356,20/05/2026,18:17,5344,2,Delivery propio,Tarjeta,244.0
7357,20/05/2026,19:21,,2,Para llevar,Yape,60.0
7358,20/05/2026,11:26,3668,16,Delivery propio,Efectivo,18.0
7359,20/05/2026,14:35,2490,19,Salón,Tarjeta,108.0
7360,20/05/2026,11:19,108,18,Salón,Plin,204.0
7361,20/05/2026,14:38,2308,3,Delivery propio,Yape,92.0
7362,20/05/2026,12:23,2643,18,Salón,Tarjeta,216.0
7363,20/05/2026,13:22,1641,7,Salón,Yape,42.0
7364,20/05/2026,19:07,4783,17,Salón,Efectivo,174.0
7365,20/05/2026,13:45,1747,2,Para llevar,Tarjeta,213.0
7366,20/05/2026,19:21,3439,3,Salón,Tarjeta,58.0
7367,20/05/2026,14:23,1262,20,Para llevar,Efectivo,110.0
7368,20/05/2026,15:01,4140,2,Salón,Efectivo,102.0
7369,20/05/2026,15:44,3239,19,Salón,Yape,121.0
7370,20/05/2026,17:51,3370,18,Salón,Plin,142.0
7371,20/05/2026,14:12,1106,19,Salón,Efectivo,262.0
7372,20/05/2026,17:55,3672,20,Salón,Tarjeta,92.0
7373,20/05/2026,19:27,1184,22,Salón,Efectivo,87.0
7374,21/05/2026,19:01,1072,5,Delivery propio,Tarjeta,82.0
7375,21/05/2026,16:51,3122,5,Salón,Efectivo,62.0
7376,21/05/2026,11:01,1416,19,Delivery propio,Plin,112.0
7377,21/05/2026,12:11,3335,3,Salón,Efectivo,40.0
7378,21/05/2026,13:55,1770,17,Salón,Efectivo,128.0
7379,21/05/2026,20:55,4479,20,Delivery propio,Yape,24.0
7380,21/05/2026,20:04,2337,7,Delivery propio,Tarjeta,54.0
7381,21/05/2026,13:11,627,24,Salón,Tarjeta,135.0
7382,21/05/2026,19:31,3840,3,Salón,Tarjeta,56.0
7383,21/05/2026,13:12,4532,22,Salón,Yape,110.0
7384,21/05/2026,13:22,4914,7,Delivery propio,Yape,30.0
7385,21/05/2026,15:10,237,2,Salón,Tarjeta,42.0
7386,21/05/2026,12:14,46,5,Delivery propio,Yape,116.0
7387,21/05/2026,12:22,2108,17,Salón,Plin,69.0
7388,21/05/2026,20:48,877,17,Para llevar,Efectivo,76.0
7389,21/05/2026,16:19,4616,24,Salón,Efectivo,269.0
7390,21/05/2026,20:09,,2,Para llevar,Plin,104.0
7391,21/05/2026,18:13,3541,7,Salón,Efectivo,96.0
7392,21/05/2026,18:57,2633,3,Salón,Efectivo,46.0
7393,21/05/2026,13:36,,19,Salón,Efectivo,60.0
7394,21/05/2026,14:43,5034,16,Salón,Plin,188.0
7395,21/05/2026,14:13,1012,7,Salón,Yape,68.0
7396,22/05/2026,14:15,432,2,Salón,Tarjeta,57.0
7397,22/05/2026,20:11,1224,3,Salón,Efectivo,140.0
7398,22/05/2026,20:40,5462,19,Salón,Efectivo,78.0
7399,22/05/2026,20:44,153,7,Para llevar,Plin,116.0
7400,22/05/2026,19:49,2338,7,Delivery propio,Efectivo,218.0
7401,22/05/2026,14:59,3427,22,Delivery propio,Efectivo,36.0
7402,22/05/2026,13:21,1539,5,Delivery propio,Tarjeta,158.0
7403,22/05/2026,12:18,508,20,Salón,Efectivo,177.0
7404,22/05/2026,19:24,3368,17,Delivery propio,Yape,42.0
7405,22/05/2026,15:46,1616,3,Salón,Tarjeta,110.0
7406,22/05/2026,16:49,23,20,Salón,Yape,44.0
7407,22/05/2026,16:33,2893,20,Delivery propio,Yape,158.0
7408,22/05/2026,18:21,2624,2,Salón,Efectivo,132.0
7409,22/05/2026,13:58,3578,5,Salón,Tarjeta,44.0
7410,22/05/2026,14:58,2342,18,Salón,Yape,120.0
7411,22/05/2026,14:34,2971,18,Salón,Efectivo,68.0
7412,22/05/2026,15:00,3370,3,Salón,Yape,92.0
7413,22/05/2026,15:15,2561,18,Para llevar,Efectivo,50.0
7414,22/05/2026,20:27,3711,3,Salón,Yape,110.0
7415,22/05/2026,14:00,3350,16,Salón,Tarjeta,68.0
7416,22/05/2026,18:45,,5,Salón,Yape,180.0
7417,22/05/2026,12:05,270,22,Salón,Efectivo,170.0
7418,22/05/2026,11:01,2374,19,Salón,Efectivo,132.0
7419,22/05/2026,12:16,4693,3,Delivery propio,Yape,226.0
7420,22/05/2026,16:44,2505,18,Salón,Yape,84.0
7421,22/05/2026,20:17,4212,18,Salón,Tarjeta,112.0
7422,22/05/2026,19:01,303,7,Delivery propio,Yape,88.0
7423,22/05/2026,19:06,3915,7,Delivery propio,Plin,105.0
7424,22/05/2026,14:20,3715,3,Salón,Tarjeta,122.0
7425,22/05/2026,12:40,2048,19,Salón,Yape,58.0
7426,22/05/2026,18:01,877,20,Delivery propio,Efectivo,257.0
7427,22/05/2026,13:44,2631,18,Salón,Efectivo,60.0
7428,22/05/2026,15:08,1724,5,Salón,Efectivo,73.0
7429,23/05/2026,13:01,506,24,Salón,Tarjeta,232.0
7430,23/05/2026,15:37,1587,17,Para llevar,Yape,256.0
7431,23/05/2026,21:34,2580,17,Salón,Yape,12.0
7432,23/05/2026,19:48,4001,3,Para llevar,Plin,191.0
7433,23/05/2026,20:10,82,16,Para llevar,Efectivo,196.0
7434,23/05/2026,13:32,1134,22,Salón,Yape,163.0
7435,23/05/2026,13:42,218,2,Para llevar,Tarjeta,46.0
7436,23/05/2026,16:18,448,3,Salón,Yape,180.0
7437,23/05/2026,17:47,2220,20,Para llevar,Yape,240.0
7438,23/05/2026,13:35,113,2,Salón,Efectivo,142.0
7439,23/05/2026,19:46,5472,20,Salón,Efectivo,95.0
7440,23/05/2026,15:04,3354,2,Para llevar,Plin,51.0
7441,23/05/2026,16:07,709,17,Salón,Tarjeta,208.0
7442,23/05/2026,20:29,2130,3,Para llevar,Tarjeta,287.0
7443,23/05/2026,12:39,,20,Delivery propio,Yape,124.0
7444,23/05/2026,11:02,663,20,Salón,Yape,222.0
7445,23/05/2026,13:12,5112,7,Delivery propio,Tarjeta,66.0
7446,23/05/2026,20:09,2316,19,Salón,Yape,124.0
7447,23/05/2026,18:22,2922,7,Salón,Efectivo,226.0
7448,23/05/2026,14:28,3057,18,Para llevar,Efectivo,114.0
7449,23/05/2026,13:52,4493,17,Salón,Tarjeta,10.0
7450,23/05/2026,14:59,1285,7,Salón,Tarjeta,342.0
7451,23/05/2026,18:37,4757,17,Salón,Yape,50.0
7452,23/05/2026,12:13,1104,19,Salón,Plin,58.0
7453,23/05/2026,19:38,822,17,Delivery propio,Efectivo,242.0
7454,23/05/2026,19:48,2749,19,Salón,Tarjeta,42.0
7455,23/05/2026,13:11,4918,18,Salón,Efectivo,40.0
7456,23/05/2026,14:42,1739,22,Salón,Efectivo,106.0
7457,23/05/2026,12:24,1275,22,Salón,Efectivo,122.0
7458,23/05/2026,14:21,476,18,Salón,Tarjeta,108.0
7459,23/05/2026,13:07,1976,17,Salón,Yape,132.0
7460,23/05/2026,18:58,4143,20,Salón,Yape,178.0
7461,23/05/2026,18:53,461,24,Delivery propio,Yape,116.0
7462,23/05/2026,14:44,2300,18,Salón,Yape,38.0
7463,23/05/2026,13:56,3190,19,Para llevar,Yape,173.0
7464,23/05/2026,19:39,4392,5,Salón,Efectivo,69.0
7465,23/05/2026,11:01,3016,22,Para llevar,Yape,216.0
7466,23/05/2026,14:21,1396,19,Salón,Efectivo,195.0
7467,23/05/2026,15:56,3588,5,Salón,Tarjeta,83.0
7468,23/05/2026,13:51,1959,17,Salón,Yape,228.0
7469,23/05/2026,14:14,2772,18,Para llevar,Tarjeta,76.0
7470,23/05/2026,16:13,3293,17,Salón,Tarjeta,48.0
7471,23/05/2026,17:56,1616,24,Salón,Yape,72.0
7472,23/05/2026,12:20,,17,Para llevar,Yape,202.0
7473,23/05/2026,19:38,892,5,Delivery propio,Tarjeta,191.0
7474,24/05/2026,13:27,,7,Salón,Tarjeta,116.0
7475,24/05/2026,17:26,4906,18,Salón,Yape,228.0
7476,24/05/2026,19:51,2042,22,Salón,Efectivo,209.0
7477,24/05/2026,12:28,4947,16,Salón,Efectivo,153.0
7478,24/05/2026,12:53,3646,19,Salón,Efectivo,80.0
7479,No se sabe,18:06,3169,3,Salón,Yape,9.0
7480,24/05/2026,14:47,2587,19,Salón,Yape,105.0
7481,24/05/2026,13:10,,19,Salón,Yape,61.0
7482,24/05/2026,19:52,1609,2,Para llevar,Efectivo,216.0
7483,24/05/2026,14:32,831,17,Salón,Efectivo,104.0
7484,24/05/2026,14:33,,17,Delivery propio,Plin,8.0
7485,24/05/2026,12:03,968,20,Salón,Yape,96.0
7486,24/05/2026,19:30,499,16,Para llevar,Yape,118.0
7487,24/05/2026,14:49,,3,Salón,Efectivo,124.0
7488,24/05/2026,16:43,4487,22,Salón,Tarjeta,79.0
7489,24/05/2026,14:56,251,17,Salón,Tarjeta,206.0
7490,24/05/2026,20:53,2657,24,Delivery propio,Efectivo,50.0
7491,24/05/2026,14:58,119,20,Salón,Tarjeta,239.0
7492,24/05/2026,14:51,2435,7,Salón,Plin,178.0
7493,24/05/2026,17:38,2459,18,Salón,Yape,208.0
7494,24/05/2026,12:14,877,24,Delivery propio,Efectivo,73.0
7495,24/05/2026,17:10,3297,2,Salón,Tarjeta,122.0
7496,24/05/2026,20:11,4808,16,Salón,Tarjeta,175.0
7497,24/05/2026,12:06,4155,3,Salón,Yape,236.0
7498,24/05/2026,12:17,1028,5,Delivery propio,Efectivo,150.0
7499,24/05/2026,13:36,999,24,Salón,Yape,146.0
7500,24/05/2026,19:45,909,20,Salón,Tarjeta,140.0
7501,24/05/2026,15:07,2372,17,Para llevar,Plin,60.0
7502,24/05/2026,14:59,3634,17,Salón,Yape,126.0
7503,24/05/2026,18:48,75,20,Salón,Plin,90.0
7504,24/05/2026,13:54,4760,22,Salón,Plin,93.0
7505,24/05/2026,11:32,1163,3,Salón,Efectivo,99.0
7506,24/05/2026,17:00,3840,16,Salón,Yape,65.0
7507,24/05/2026,15:03,1460,18,Salón,Tarjeta,37.0
7508,24/05/2026,15:33,3097,19,Salón,Tarjeta,170.0
7509,24/05/2026,14:13,131,16,Salón,Yape,68.0
7510,24/05/2026,14:35,1740,7,Salón,Yape,150.0
7511,24/05/2026,21:01,2608,18,Para llevar,Yape,190.0
7512,24/05/2026,13:10,4296,18,Delivery propio,Tarjeta,250.0
7513,24/05/2026,18:55,1037,17,Salón,Efectivo,138.0
7514,24/05/2026,20:19,327,5,Salón,Efectivo,358.0
7515,24/05/2026,16:20,1492,5,Salón,Efectivo,160.0
7516,24/05/2026,14:33,653,5,Salón,Yape,69.0
7517,24/05/2026,11:59,1069,19,Salón,Yape,108.0
7518,24/05/2026,12:17,,19,Delivery propio,Efectivo,164.0
7519,24/05/2026,20:10,1094,24,Salón,Yape,232.0
7520,25/05/2026,20:19,3202,2,Salón,Tarjeta,28.0
7521,25/05/2026,11:59,2353,19,Para llevar,Yape,54.0
7522,25/05/2026,15:25,4665,18,Para llevar,Tarjeta,82.0
7523,25/05/2026,14:12,4189,3,Salón,Yape,174.0
7524,25/05/2026,20:11,3961,20,Salón,Yape,149.0
7525,25/05/2026,14:12,5445,24,Salón,Efectivo,126.0
7526,25/05/2026,13:54,2572,2,Salón,Efectivo,228.0
7527,25/05/2026,16:48,5395,18,Salón,Tarjeta,106.0
7528,25/05/2026,14:02,3140,20,Salón,Tarjeta,118.0
7529,25/05/2026,12:27,4089,7,Para llevar,Yape,114.0
7530,25/05/2026,13:22,626,7,Salón,Efectivo,16.0
7531,25/05/2026,15:14,1489,24,Salón,Yape,112.0
7532,25/05/2026,20:37,3329,20,Delivery propio,Plin,158.0
7533,25/05/2026,21:47,,20,Para llevar,Efectivo,86.0
7534,25/05/2026,13:36,3727,22,Salón,Efectivo,46.0
7535,25/05/2026,12:20,2692,24,Para llevar,Plin,46.0
7536,25/05/2026,11:39,2228,19,Para llevar,Efectivo,66.0
7537,25/05/2026,13:09,1158,18,Delivery propio,Yape,97.0
7538,25/05/2026,18:29,2374,22,Salón,Efectivo,42.0
7539,25/05/2026,15:40,9,20,Salón,Plin,176.0
7540,25/05/2026,21:57,3863,16,Salón,Efectivo,152.0
7541,25/05/2026,14:42,2746,3,Delivery propio,Efectivo,48.0
7542,26/05/2026,21:35,512,20,Delivery propio,Yape,107.0
7543,26/05/2026,13:06,693,19,Salón,Efectivo,93.0
7544,26/05/2026,15:34,,2,Salón,Tarjeta,137.0
7545,26/05/2026,13:34,131,16,Delivery propio,Efectivo,96.0
7546,26/05/2026,13:56,833,22,Salón,Yape,66.0
7547,26/05/2026,11:20,4448,17,Salón,Efectivo,220.0
7548,26/05/2026,13:41,4402,24,Salón,Plin,163.0
7549,26/05/2026,14:15,1616,2,Para llevar,Plin,58.0
7550,26/05/2026,14:00,540,20,Salón,Tarjeta,68.0
7551,26/05/2026,18:12,3840,22,Salón,Tarjeta,72.0
7552,26/05/2026,14:35,1009,16,Delivery propio,Yape,193.0
7553,26/05/2026,13:47,2796,19,Delivery propio,Tarjeta,174.0
7554,26/05/2026,20:42,5153,20,Salón,Yape,152.0
7555,26/05/2026,15:31,2274,22,Salón,Tarjeta,64.0
7556,26/05/2026,14:35,3831,16,Salón,Efectivo,104.0
7557,26/05/2026,14:27,5102,22,Salón,Efectivo,224.0
7558,26/05/2026,12:34,,19,Delivery propio,Yape,132.0
7559,26/05/2026,15:55,4311,5,Salón,Tarjeta,126.0
7560,26/05/2026,14:45,5281,16,Salón,Efectivo,126.0
7561,26/05/2026,15:46,548,18,Salón,Yape,84.0
7562,26/05/2026,15:01,3099,19,Salón,Tarjeta,138.0
7563,26/05/2026,20:02,3576,2,Salón,Yape,130.0
7564,26/05/2026,19:06,,18,Salón,Yape,184.0
7565,26/05/2026,15:47,4450,18,Salón,Yape,170.0
7566,26/05/2026,12:00,4007,18,Delivery propio,Tarjeta,161.0
7567,26/05/2026,17:05,584,18,Salón,Tarjeta,76.0
7568,26/05/2026,13:47,2817,3,Para llevar,Plin,42.0
7569,26/05/2026,13:16,,24,Salón,Efectivo,221.0
7570,27/05/2026,15:44,3527,17,Salón,Yape,88.0
7571,27/05/2026,14:35,1991,2,Salón,Plin,72.0
7572,27/05/2026,14:46,5179,3,Para llevar,Efectivo,326.0
7573,27/05/2026,14:38,1596,3,Salón,Yape,8.0
7574,27/05/2026,15:03,,2,Salón,Tarjeta,148.0
7575,27/05/2026,19:52,4756,20,Delivery propio,Efectivo,115.0
7576,27/05/2026,18:51,4411,3,Salón,Efectivo,64.0
7577,27/05/2026,11:44,1104,18,Salón,Efectivo,208.0
7578,27/05/2026,13:58,4573,18,Salón,Efectivo,170.0
7579,27/05/2026,14:35,4518,22,Salón,Efectivo,102.0
7580,27/05/2026,15:49,3600,24,Salón,Yape,68.0
7581,27/05/2026,13:16,3010,3,Salón,Plin,288.0
7582,27/05/2026,12:38,5266,7,Salón,Efectivo,151.0
7583,27/05/2026,12:44,4205,24,Salón,Efectivo,72.0
7584,27/05/2026,13:26,2949,24,Salón,Efectivo,50.0
7585,27/05/2026,12:39,3038,19,Para llevar,Yape,36.0
7586,27/05/2026,14:48,4721,2,Salón,Yape,148.0
7587,27/05/2026,21:38,3974,5,Para llevar,Efectivo,38.0
7588,27/05/2026,20:29,4021,24,Para llevar,Efectivo,130.0
7589,27/05/2026,14:48,2290,18,Salón,Yape,96.0
7590,27/05/2026,14:54,1962,19,Para llevar,Yape,203.0
7591,27/05/2026,20:56,3957,3,Salón,Efectivo,146.0
7592,27/05/2026,15:28,3286,24,Delivery propio,Yape,335.0
7593,27/05/2026,15:30,3775,20,Para llevar,Plin,114.0
7594,28/05/2026,14:30,2714,7,Salón,Yape,214.0
7595,28/05/2026,17:03,2622,22,Salón,Yape,256.0
7596,28/05/2026,16:20,1964,22,Delivery propio,Tarjeta,254.0
7597,28/05/2026,11:41,5105,3,Salón,Tarjeta,250.0
7598,28/05/2026,17:48,4016,20,Salón,Plin,34.0
7599,28/05/2026,13:00,303,7,Delivery propio,Yape,230.0
7600,28/05/2026,21:45,,22,Salón,Yape,190.0
7601,28/05/2026,12:59,4288,5,Salón,Tarjeta,255.0
7602,28/05/2026,21:57,132,5,Delivery propio,Yape,72.0
7603,28/05/2026,17:15,5028,2,Delivery propio,Tarjeta,102.0
7604,28/05/2026,20:26,3400,19,Salón,Tarjeta,166.0
7605,28/05/2026,15:27,525,18,Salón,Plin,172.0
7606,28/05/2026,16:32,2204,3,Salón,Tarjeta,104.0
7607,28/05/2026,17:28,2836,5,Salón,Efectivo,120.0
7608,28/05/2026,15:43,2288,18,Salón,Tarjeta,216.0
7609,28/05/2026,16:42,507,2,Salón,Efectivo,145.0
7610,28/05/2026,14:08,3250,5,Delivery propio,Yape,139.0
7611,28/05/2026,12:58,5292,7,Para llevar,Yape,118.0
7612,28/05/2026,15:09,1204,22,Salón,Yape,110.0
7613,28/05/2026,13:23,3632,16,Salón,Efectivo,204.0
7614,28/05/2026,19:23,3662,7,Delivery propio,Tarjeta,30.0
7615,28/05/2026,13:23,380,3,Delivery propio,Tarjeta,91.0
7616,28/05/2026,19:06,5250,5,Salón,Yape,67.0
7617,28/05/2026,14:37,4111,3,Para llevar,Efectivo,110.0
7618,28/05/2026,20:03,4469,3,Salón,Tarjeta,42.0
7619,28/05/2026,19:18,4357,2,Delivery propio,Plin,315.0
7620,29/05/2026,17:47,4872,17,Salón,Yape,116.0
7621,29/05/2026,13:30,2455,5,Salón,Yape,160.0
7622,29/05/2026,14:49,2577,20,Para llevar,Plin,60.0
7623,29/05/2026,18:23,710,2,Salón,Efectivo,68.0
7624,29/05/2026,15:28,,7,Salón,Yape,71.0
7625,No se sabe,12:17,1189,24,Salón,Plin,186.0
7626,29/05/2026,19:56,239,19,Delivery propio,Yape,18.0
7627,29/05/2026,14:13,3158,20,Salón,Tarjeta,322.0
7628,29/05/2026,18:28,2327,3,Para llevar,Tarjeta,34.0
7629,29/05/2026,13:41,2533,20,Delivery propio,Yape,46.0
7630,29/05/2026,20:34,877,20,Salón,Tarjeta,92.0
7631,29/05/2026,19:24,1296,5,Salón,Efectivo,113.0
7632,29/05/2026,17:28,1962,19,Salón,Yape,114.0
7633,29/05/2026,13:55,248,2,Salón,Efectivo,118.0
7634,29/05/2026,15:33,5368,19,Salón,Efectivo,126.0
7635,29/05/2026,16:54,2875,20,Salón,Yape,96.0
7636,29/05/2026,13:02,2041,5,Para llevar,Efectivo,172.0
7637,29/05/2026,15:31,5356,22,Salón,Yape,387.0
7638,29/05/2026,19:22,2246,2,Salón,Yape,54.0
7639,29/05/2026,13:54,2101,5,Salón,Yape,144.0
7640,29/05/2026,19:00,1493,5,Para llevar,Efectivo,117.0
7641,29/05/2026,20:41,89,20,Salón,Plin,61.0
7642,29/05/2026,15:53,2710,5,Para llevar,Efectivo,84.0
7643,29/05/2026,15:48,331,16,Salón,Plin,97.0
7644,29/05/2026,13:49,4288,24,Salón,Efectivo,94.0
7645,29/05/2026,13:01,621,7,Salón,Tarjeta,56.0
7646,29/05/2026,16:52,4729,7,Para llevar,Efectivo,194.0
7647,29/05/2026,15:13,1607,16,Delivery propio,Efectivo,276.0
7648,29/05/2026,14:48,847,22,Salón,Efectivo,57.0
7649,29/05/2026,19:24,2583,2,Salón,Yape,196.0
7650,29/05/2026,15:21,,18,Salón,Efectivo,69.0
7651,30/05/2026,20:22,,20,Salón,Efectivo,50.0
7652,30/05/2026,14:32,4293,16,Salón,Efectivo,88.0
7653,30/05/2026,13:08,4641,3,Para llevar,Yape,302.0
7654,30/05/2026,11:09,890,19,Salón,Plin,35.0
7655,30/05/2026,13:57,496,7,Salón,Plin,144.0
7656,30/05/2026,12:12,2250,7,Salón,Yape,34.0
7657,30/05/2026,15:46,2546,19,Delivery propio,Efectivo,156.0
7658,30/05/2026,14:34,3971,17,Delivery propio,Yape,8.0
7659,30/05/2026,14:06,6,18,Salón,Yape,72.0
7660,30/05/2026,11:34,1881,17,Delivery propio,Yape,294.0
7661,30/05/2026,14:08,4391,22,Delivery propio,Yape,151.0
7662,30/05/2026,12:42,1266,22,Para llevar,Yape,22.0
7663,30/05/2026,16:13,2553,5,Para llevar,Efectivo,204.0
7664,30/05/2026,14:00,5217,20,Para llevar,Plin,194.0
7665,30/05/2026,19:45,496,5,Salón,Efectivo,180.0
7666,30/05/2026,12:14,3602,17,Salón,Plin,186.0
7667,30/05/2026,14:59,4095,16,Salón,Plin,198.0
7668,30/05/2026,15:47,3887,2,Salón,Yape,124.0
7669,30/05/2026,13:05,1658,22,Delivery propio,Efectivo,80.0
7670,30/05/2026,14:07,1203,19,Salón,Yape,104.0
7671,30/05/2026,12:51,3554,20,Salón,Yape,79.0
7672,30/05/2026,14:06,2697,24,Delivery propio,Yape,76.0
7673,30/05/2026,19:18,3662,5,Para llevar,Efectivo,240.0
7674,30/05/2026,15:25,4650,17,Salón,Efectivo,108.0
7675,30/05/2026,13:57,137,16,Salón,Yape,226.0
7676,30/05/2026,18:56,5344,3,Salón,Efectivo,258.0
7677,30/05/2026,14:02,4753,20,Salón,Efectivo,66.0
7678,30/05/2026,16:01,613,19,Salón,Yape,38.0
7679,30/05/2026,15:17,94,2,Salón,Efectivo,191.0
7680,30/05/2026,13:58,877,2,Salón,Plin,73.0
7681,30/05/2026,14:39,1062,2,Salón,Plin,68.0
7682,30/05/2026,13:49,4479,2,Para llevar,Tarjeta,90.0
7683,30/05/2026,17:51,1391,22,Delivery propio,Tarjeta,36.0
7684,30/05/2026,19:49,4594,3,Para llevar,Efectivo,148.0
7685,30/05/2026,11:16,4037,17,Salón,Yape,111.0
7686,30/05/2026,11:23,648,18,Salón,Yape,166.0
7687,30/05/2026,20:26,3100,24,Delivery propio,Yape,114.0
7688,30/05/2026,11:20,2374,16,Salón,Tarjeta,118.0
7689,31/05/2026,14:59,4123,7,Salón,Efectivo,298.0
7690,No se sabe,14:48,3058,22,Salón,Plin,72.0
7691,31/05/2026,14:22,249,22,Salón,Yape,223.0
7692,31/05/2026,12:16,877,19,Para llevar,Tarjeta,69.0
7693,31/05/2026,12:01,4341,19,Para llevar,Efectivo,159.0
7694,31/05/2026,14:26,2393,17,Delivery propio,Yape,42.0
7695,31/05/2026,14:29,1137,16,Delivery propio,Efectivo,132.0
7696,31/05/2026,14:46,5290,24,Para llevar,Yape,156.0
7697,31/05/2026,20:43,115,3,Salón,Yape,46.0
7698,31/05/2026,18:05,3862,18,Salón,Tarjeta,211.0
7699,31/05/2026,13:08,4386,20,Salón,Plin,72.0
7700,31/05/2026,19:09,18,3,Delivery propio,Yape,204.0
7701,31/05/2026,19:33,2671,24,Para llevar,Tarjeta,138.0
7702,31/05/2026,13:09,161,24,Delivery propio,Efectivo,144.0
7703,31/05/2026,19:51,877,17,Salón,Plin,80.0
7704,31/05/2026,14:30,2929,19,Salón,Efectivo,298.0
7705,31/05/2026,13:10,2389,3,Delivery propio,Yape,84.0
7706,31/05/2026,11:33,1835,20,Salón,Tarjeta,114.0
7707,31/05/2026,17:47,2389,3,Salón,Yape,58.0
7708,31/05/2026,19:33,5447,24,Salón,Efectivo,124.0
7709,31/05/2026,21:51,3759,3,Delivery propio,Efectivo,50.0
7710,Ayer,21:19,4852,17,Salón,Efectivo,74.0
7711,31/05/2026,14:07,5352,17,Salón,Plin,118.0
7712,31/05/2026,14:25,,7,Salón,Yape,218.0
7713,31/05/2026,13:15,1329,22,Para llevar,Tarjeta,82.0
7714,31/05/2026,17:52,1780,17,Delivery propio,Tarjeta,156.0
7715,31/05/2026,17:07,,22,Delivery propio,Tarjeta,276.0
7716,31/05/2026,18:45,4203,22,Salón,Plin,208.0
7717,31/05/2026,15:16,1477,5,Salón,Tarjeta,140.0
7718,31/05/2026,16:55,2536,7,Salón,Tarjeta,69.0
7719,31/05/2026,14:13,928,7,Salón,Efectivo,116.0
7720,31/05/2026,17:41,5491,24,Delivery propio,Efectivo,266.0
7721,31/05/2026,17:28,1970,16,Salón,Efectivo,92.0
7722,31/05/2026,19:17,3910,24,Salón,Efectivo,188.0
7723,31/05/2026,14:19,3221,19,Salón,Yape,130.0
7724,31/05/2026,19:24,4474,2,Para llevar,Plin,97.0
7725,31/05/2026,19:16,811,7,Salón,Tarjeta,105.0
7726,31/05/2026,12:40,,7,Salón,Tarjeta,154.0
7727,31/05/2026,20:49,4943,5,Salón,Plin,130.0
7728,31/05/2026,18:05,2900,17,Salón,Efectivo,162.0
7729,31/05/2026,12:29,7,16,Para llevar,Efectivo,114.0
7730,31/05/2026,16:20,988,17,Salón,Tarjeta,178.0
7731,31/05/2026,19:32,4774,22,Para llevar,Yape,58.0
7732,31/05/2026,11:47,411,24,Salón,Efectivo,259.0
7733,31/05/2026,14:30,5304,3,Salón,Tarjeta,52.0
7734,31/05/2026,18:12,2556,19,Salón,Efectivo,136.0
7735,31/05/2026,14:16,5214,19,Salón,Plin,136.0
7736,01/06/2026,14:36,1988,17,Delivery propio,Yape,132.0
7737,01/06/2026,21:22,4538,3,Salón,Efectivo,157.0
7738,01/06/2026,18:29,3270,19,Para llevar,Yape,51.0
7739,01/06/2026,19:07,432,3,Salón,Efectivo,91.0
7740,01/06/2026,14:56,2288,19,Para llevar,Tarjeta,126.0
7741,01/06/2026,20:45,1042,3,Delivery propio,Tarjeta,58.0
7742,01/06/2026,16:41,,22,Salón,Yape,244.0
7743,01/06/2026,15:06,2830,17,Salón,Efectivo,290.0
7744,01/06/2026,19:18,4767,19,Para llevar,Tarjeta,108.0
7745,01/06/2026,19:17,2654,17,Salón,Yape,126.0
7746,01/06/2026,16:04,229,7,Salón,Yape,151.0
7747,01/06/2026,15:03,1539,17,Delivery propio,Tarjeta,167.0
7748,01/06/2026,14:50,4360,24,Salón,Plin,122.0
7749,01/06/2026,16:05,3424,7,Salón,Efectivo,104.0
7750,01/06/2026,12:04,1163,18,Delivery propio,Tarjeta,118.0
7751,01/06/2026,17:32,1113,20,Salón,Yape,93.0
7752,01/06/2026,12:07,160,16,Para llevar,Plin,274.0
7753,01/06/2026,12:22,3705,18,Delivery propio,Efectivo,108.0
7754,01/06/2026,19:26,4325,7,Para llevar,Efectivo,66.0
7755,01/06/2026,14:44,,17,Salón,Plin,74.0
7756,01/06/2026,14:48,1526,17,Salón,Yape,56.0
7757,01/06/2026,15:52,,24,Salón,Yape,190.0
7758,01/06/2026,14:07,723,19,Salón,Yape,108.0
7759,02/06/2026,19:59,1232,18,Delivery propio,Yape,216.0
7760,02/06/2026,14:24,2724,16,Para llevar,Yape,292.0
7761,02/06/2026,21:30,258,18,Para llevar,Tarjeta,69.0
7762,02/06/2026,13:13,,24,Salón,Yape,202.0
7763,02/06/2026,13:19,1893,3,Para llevar,Tarjeta,185.0
7764,02/06/2026,19:02,923,2,Para llevar,Efectivo,108.0
7765,02/06/2026,14:54,4168,19,Salón,Efectivo,58.0
7766,02/06/2026,19:09,4552,16,Salón,Yape,160.0
7767,02/06/2026,17:05,2817,3,Salón,Tarjeta,128.0
7768,02/06/2026,16:27,2550,19,Delivery propio,Tarjeta,186.0
7769,02/06/2026,14:07,1838,16,Salón,Plin,114.0
7770,02/06/2026,17:59,5325,16,Salón,Tarjeta,218.0
7771,02/06/2026,12:42,40,7,Para llevar,Efectivo,114.0
7772,02/06/2026,20:39,4965,19,Para llevar,Plin,66.0
7773,02/06/2026,14:52,4711,18,Salón,Tarjeta,188.0
7774,02/06/2026,12:40,3730,19,Para llevar,Efectivo,178.0
7775,02/06/2026,15:41,2593,17,Salón,Efectivo,130.0
7776,02/06/2026,19:43,1277,24,Para llevar,Yape,78.0
7777,02/06/2026,14:57,3798,24,Salón,Yape,114.0
7778,02/06/2026,13:24,1924,16,Salón,Tarjeta,54.0
7779,02/06/2026,17:50,1672,24,Para llevar,Efectivo,100.0
7780,02/06/2026,18:06,568,18,Delivery propio,Efectivo,38.0
7781,02/06/2026,11:17,4618,7,Para llevar,Yape,32.0
7782,02/06/2026,15:17,5309,3,Para llevar,Yape,132.0
7783,03/06/2026,15:18,766,2,Salón,Efectivo,89.0
7784,03/06/2026,14:38,1612,17,Salón,Yape,188.0
7785,03/06/2026,13:45,3956,18,Delivery propio,Yape,98.0
7786,03/06/2026,16:30,709,20,Delivery propio,Efectivo,136.0
7787,03/06/2026,13:40,835,5,Salón,Efectivo,244.0
7788,03/06/2026,14:56,4400,5,Salón,Yape,93.0
7789,03/06/2026,18:26,588,22,Salón,Efectivo,78.0
7790,03/06/2026,17:57,2375,16,Salón,Yape,186.0
7791,03/06/2026,11:42,2629,7,Para llevar,Efectivo,116.0
7792,03/06/2026,14:10,2290,22,Delivery propio,Yape,146.0
7793,03/06/2026,17:21,1863,16,Para llevar,Plin,114.0
7794,03/06/2026,19:49,4405,3,Salón,Efectivo,73.0
7795,03/06/2026,13:03,1292,5,Salón,Efectivo,65.0
7796,03/06/2026,19:56,4205,18,Salón,Tarjeta,104.0
7797,03/06/2026,15:48,4205,16,Salón,Yape,65.0
7798,03/06/2026,18:08,1506,19,Para llevar,Yape,86.0
7799,03/06/2026,14:24,2349,7,Salón,Tarjeta,110.0
7800,03/06/2026,14:08,30,18,Delivery propio,Yape,126.0
7801,03/06/2026,14:03,,24,Delivery propio,Yape,102.0
7802,03/06/2026,12:52,291,24,Para llevar,Yape,226.0
7803,03/06/2026,13:07,3045,20,Salón,Tarjeta,84.0
7804,04/06/2026,19:19,2454,22,Delivery propio,Yape,124.0
7805,04/06/2026,16:01,4755,20,Salón,Yape,102.0
7806,04/06/2026,20:37,1085,20,Salón,Yape,368.0
7807,04/06/2026,12:14,2413,2,Para llevar,Efectivo,178.0
7808,04/06/2026,13:32,1230,2,Delivery propio,Efectivo,100.0
7809,04/06/2026,12:17,572,18,Salón,Plin,153.0
7810,04/06/2026,12:29,1232,7,Para llevar,Tarjeta,86.0
7811,04/06/2026,20:42,4094,24,Delivery propio,Plin,159.0
7812,04/06/2026,14:43,5201,16,Salón,Efectivo,106.0
7813,04/06/2026,19:33,4870,16,Delivery propio,Efectivo,190.0
7814,04/06/2026,13:08,1830,7,Salón,Plin,152.0
7815,04/06/2026,13:30,2311,22,Delivery propio,Tarjeta,8.0
7816,04/06/2026,13:27,3542,3,Delivery propio,Efectivo,86.0
7817,04/06/2026,19:40,661,24,Delivery propio,Efectivo,48.0
7818,04/06/2026,19:27,2160,16,Salón,Efectivo,210.0
7819,04/06/2026,14:36,4093,16,Delivery propio,Efectivo,60.0
7820,04/06/2026,19:50,4261,20,Salón,Plin,126.0
7821,04/06/2026,20:32,2750,7,Salón,Yape,168.0
7822,04/06/2026,12:49,39,3,Delivery propio,Efectivo,154.0
7823,04/06/2026,12:21,4961,17,Delivery propio,Efectivo,162.0
7824,04/06/2026,20:56,4492,22,Salón,Efectivo,234.0
7825,04/06/2026,18:04,1235,17,Salón,Tarjeta,140.0
7826,04/06/2026,14:02,1597,5,Salón,Plin,160.0
7827,04/06/2026,15:27,1679,17,Salón,Efectivo,75.0
7828,05/06/2026,20:58,3222,19,Salón,Tarjeta,94.0
7829,05/06/2026,13:57,1883,19,Salón,Plin,166.0
7830,05/06/2026,17:25,,3,Salón,Plin,84.0
7831,05/06/2026,12:55,2962,5,Delivery propio,Yape,208.0
7832,05/06/2026,13:21,,5,Para llevar,Efectivo,82.0
7833,05/06/2026,18:53,2874,22,Para llevar,Yape,117.0
7834,05/06/2026,17:02,4514,18,Para llevar,Efectivo,166.0
7835,05/06/2026,16:51,196,24,Salón,Yape,152.0
7836,05/06/2026,18:12,61,2,Salón,Plin,80.0
7837,05/06/2026,19:41,1552,5,Salón,Efectivo,139.0
7838,05/06/2026,12:34,4522,20,Para llevar,Efectivo,128.0
7839,05/06/2026,16:23,264,22,Salón,Efectivo,72.0
7840,05/06/2026,14:49,1088,22,Delivery propio,Efectivo,128.0
7841,05/06/2026,13:51,4703,24,Salón,Yape,259.0
7842,05/06/2026,21:05,5200,18,Para llevar,Yape,60.0
7843,05/06/2026,16:54,2962,2,Delivery propio,Yape,142.0
7844,05/06/2026,18:08,1143,18,Salón,Efectivo,156.0
7845,05/06/2026,19:51,833,7,Salón,Efectivo,70.0
7846,05/06/2026,14:03,4898,19,Salón,Yape,142.0
7847,05/06/2026,14:23,881,24,Delivery propio,Tarjeta,102.0
7848,05/06/2026,14:40,,19,Salón,Efectivo,196.0
7849,05/06/2026,20:18,3743,18,Delivery propio,Efectivo,266.0
7850,05/06/2026,12:48,2147,24,Delivery propio,Efectivo,146.0
7851,05/06/2026,14:51,5380,2,Salón,Tarjeta,42.0
7852,05/06/2026,20:23,2180,16,Para llevar,Efectivo,80.0
7853,05/06/2026,21:58,3099,7,Salón,Efectivo,52.0
7854,05/06/2026,15:26,3180,19,Salón,Tarjeta,24.0
7855,05/06/2026,19:11,4481,24,Salón,Plin,318.0
7856,05/06/2026,15:24,,3,Salón,Efectivo,92.0
7857,05/06/2026,20:31,4838,3,Salón,Efectivo,98.0
7858,05/06/2026,11:46,2868,3,Salón,Plin,76.0
7859,05/06/2026,19:59,3041,24,Salón,Yape,241.0
7860,05/06/2026,17:08,5400,17,Salón,Yape,48.0
7861,05/06/2026,13:08,831,7,Salón,Efectivo,79.0
7862,05/06/2026,14:05,3809,24,Delivery propio,Efectivo,92.0
7863,05/06/2026,20:04,1510,3,Salón,Yape,60.0
7864,05/06/2026,19:37,2139,22,Salón,Yape,133.0
7865,05/06/2026,19:01,2753,24,Salón,Tarjeta,148.0
7866,05/06/2026,12:21,5034,17,Delivery propio,Yape,232.0
7867,05/06/2026,14:35,63,17,Para llevar,Efectivo,136.0
7868,05/06/2026,20:55,4997,18,Salón,Plin,218.0
7869,05/06/2026,15:11,4271,2,Salón,Efectivo,56.0
7870,05/06/2026,14:46,2880,24,Salón,Yape,204.0
7871,05/06/2026,13:22,4434,5,Salón,Efectivo,132.0
7872,05/06/2026,19:28,2849,3,Salón,Tarjeta,260.0
7873,06/06/2026,15:27,1084,17,Salón,Yape,186.0
7874,06/06/2026,21:10,471,3,Salón,Tarjeta,122.0
7875,06/06/2026,14:38,3836,7,Salón,Plin,141.0
7876,06/06/2026,20:19,5119,5,Salón,Tarjeta,190.0
7877,06/06/2026,19:38,2657,7,Delivery propio,Efectivo,196.0
7878,06/06/2026,15:55,4107,20,Para llevar,Efectivo,232.0
7879,06/06/2026,21:17,3099,20,Salón,Efectivo,134.0
7880,06/06/2026,13:39,723,22,Para llevar,Efectivo,28.0
7881,06/06/2026,15:31,3876,18,Salón,Plin,180.0
7882,06/06/2026,20:05,612,16,Delivery propio,Efectivo,119.0
7883,06/06/2026,14:06,4465,16,Para llevar,Yape,134.0
7884,06/06/2026,12:31,5116,24,Salón,Yape,139.0
7885,06/06/2026,21:14,5321,5,Salón,Yape,38.0
7886,06/06/2026,14:57,583,17,Salón,Efectivo,66.0
7887,06/06/2026,20:23,3488,3,Para llevar,Plin,80.0
7888,06/06/2026,13:20,4330,5,Salón,Efectivo,114.0
7889,06/06/2026,21:59,997,20,Salón,Yape,117.0
7890,06/06/2026,11:32,507,17,Salón,Efectivo,70.0
7891,06/06/2026,18:51,3844,24,Salón,Yape,121.0
7892,06/06/2026,14:29,3517,19,Para llevar,Efectivo,141.0
7893,06/06/2026,19:54,199,7,Salón,Yape,120.0
7894,06/06/2026,18:05,5270,3,Salón,Tarjeta,115.0
7895,06/06/2026,14:06,2718,16,Delivery propio,Yape,144.0
7896,06/06/2026,18:04,1738,3,Salón,Tarjeta,69.0
7897,06/06/2026,13:36,3115,24,Salón,Tarjeta,182.0
7898,06/06/2026,20:28,1256,7,Salón,Yape,96.0
7899,06/06/2026,19:59,534,7,Para llevar,Yape,96.0
7900,06/06/2026,15:15,1412,17,Salón,Efectivo,140.0
7901,06/06/2026,15:04,4471,19,Salón,Efectivo,30.0
7902,06/06/2026,16:50,3155,3,Salón,Tarjeta,28.0
7903,06/06/2026,19:12,1583,24,Delivery propio,Plin,197.0
7904,06/06/2026,14:14,2878,2,Delivery propio,Yape,112.0
7905,06/06/2026,14:06,4949,24,Salón,Tarjeta,107.0
7906,06/06/2026,19:37,5055,24,Para llevar,Efectivo,171.0
7907,06/06/2026,17:20,777,24,Salón,Tarjeta,128.0
7908,06/06/2026,17:22,1173,7,Delivery propio,Efectivo,224.0
7909,06/06/2026,15:17,3124,7,Para llevar,Tarjeta,36.0
7910,06/06/2026,20:59,,18,Salón,Plin,118.0
7911,06/06/2026,18:23,2546,3,Salón,Efectivo,56.0
7912,06/06/2026,13:24,352,16,Delivery propio,Yape,97.0
7913,07/06/2026,16:08,,18,Para llevar,Tarjeta,82.0
7914,07/06/2026,20:20,295,3,Salón,Efectivo,64.0
7915,07/06/2026,12:17,4198,3,Salón,Efectivo,76.0
7916,07/06/2026,15:57,619,7,Delivery propio,Tarjeta,152.0
7917,07/06/2026,13:02,877,24,Para llevar,Tarjeta,61.0
7918,07/06/2026,18:49,3973,5,Para llevar,Efectivo,24.0
7919,07/06/2026,11:19,1042,2,Para llevar,Yape,154.0
7920,07/06/2026,18:31,4488,3,Delivery propio,Efectivo,112.0
7921,07/06/2026,20:57,3458,18,Delivery propio,Plin,178.0
7922,07/06/2026,16:07,752,24,Salón,Yape,84.0
7923,07/06/2026,19:23,2153,18,Delivery propio,Tarjeta,72.0
7924,07/06/2026,16:37,661,7,Para llevar,Efectivo,32.0
7925,07/06/2026,20:02,5123,7,Salón,Tarjeta,112.0
7926,07/06/2026,14:01,1139,2,Delivery propio,Yape,102.0
7927,07/06/2026,12:53,754,16,Salón,Efectivo,150.0
7928,07/06/2026,18:30,1101,22,Delivery propio,Yape,144.0
7929,07/06/2026,17:49,,3,Salón,Efectivo,187.0
7930,07/06/2026,13:04,3801,24,Para llevar,Efectivo,258.0
7931,Ayer,14:22,190,16,Para llevar,Yape,130.0
7932,07/06/2026,14:13,1232,19,Delivery propio,Plin,105.0
7933,07/06/2026,18:37,115,5,Salón,Efectivo,228.0
7934,07/06/2026,14:04,3723,20,Salón,Yape,80.0
7935,07/06/2026,14:16,2765,2,Salón,Yape,253.0
7936,07/06/2026,17:34,1763,3,Para llevar,Plin,24.0
7937,07/06/2026,20:54,,5,Delivery propio,Tarjeta,174.0
7938,07/06/2026,16:33,3094,3,Salón,Efectivo,198.0
7939,07/06/2026,14:18,235,22,Salón,Tarjeta,118.0
7940,07/06/2026,13:33,2828,24,Para llevar,Efectivo,143.0
7941,07/06/2026,16:10,4537,18,Salón,Tarjeta,42.0
7942,07/06/2026,15:35,1432,3,Para llevar,Efectivo,30.0
7943,07/06/2026,17:09,3099,17,Salón,Yape,24.0
7944,07/06/2026,20:13,5087,24,Salón,Yape,36.0
7945,07/06/2026,13:00,599,17,Salón,Efectivo,223.0
7946,07/06/2026,14:56,651,16,Salón,Tarjeta,32.0
7947,07/06/2026,14:15,4189,7,Para llevar,Yape,34.0
7948,07/06/2026,20:27,3404,22,Para llevar,Efectivo,53.0
7949,07/06/2026,14:59,3087,22,Para llevar,Yape,104.0
7950,07/06/2026,13:34,2094,5,Salón,Efectivo,188.0
7951,07/06/2026,19:37,5252,19,Salón,Efectivo,104.0
7952,07/06/2026,14:09,,5,Salón,Efectivo,174.0
7953,07/06/2026,17:55,4325,20,Salón,Plin,234.0
7954,07/06/2026,11:38,4995,22,Salón,Tarjeta,172.0
7955,07/06/2026,11:21,2958,16,Salón,Tarjeta,30.0
7956,07/06/2026,14:44,1921,20,Salón,Plin,-71.0
7957,07/06/2026,14:38,3466,5,Salón,Tarjeta,210.0
7958,07/06/2026,18:39,2321,20,Para llevar,Plin,52.0
7959,07/06/2026,14:08,4239,18,Para llevar,Tarjeta,129.0
7960,07/06/2026,18:18,568,3,Salón,Efectivo,58.0
7961,07/06/2026,13:34,587,17,Para llevar,Yape,66.0
7962,07/06/2026,17:44,4627,22,Para llevar,Tarjeta,37.0
7963,07/06/2026,13:55,1170,16,Salón,Yape,86.0
7964,07/06/2026,20:36,298,24,Salón,Plin,136.0
7965,07/06/2026,20:51,4439,16,Salón,Plin,102.0
7966,07/06/2026,13:42,1744,20,Salón,Efectivo,110.0
7967,07/06/2026,19:13,,17,Delivery propio,Efectivo,62.0
7968,07/06/2026,17:29,119,18,Para llevar,Tarjeta,32.0
7969,07/06/2026,12:53,13,18,Para llevar,Efectivo,80.0
7970,07/06/2026,13:05,2974,17,Salón,Tarjeta,155.0
7971,08/06/2026,12:08,2758,18,Delivery propio,Plin,92.0
7972,08/06/2026,21:29,3488,16,Salón,Efectivo,136.0
7973,08/06/2026,15:37,5131,22,Salón,Tarjeta,24.0
7974,08/06/2026,12:34,4024,3,Para llevar,Yape,150.0
7975,08/06/2026,13:48,1910,16,Para llevar,Yape,30.0
7976,08/06/2026,14:58,89,18,Para llevar,Tarjeta,132.0
7977,08/06/2026,14:53,571,22,Salón,Tarjeta,38.0
7978,08/06/2026,21:47,3598,20,Salón,Plin,366.0
7979,08/06/2026,13:42,,3,Salón,Plin,38.0
7980,08/06/2026,19:29,3722,19,Salón,Tarjeta,194.0
7981,08/06/2026,15:28,,24,Delivery propio,Yape,52.0
7982,08/06/2026,19:25,3711,24,Delivery propio,Yape,117.0
7983,08/06/2026,19:46,,24,Salón,Efectivo,112.0
7984,08/06/2026,21:11,2679,20,Salón,Yape,106.0
7985,08/06/2026,19:07,427,24,Salón,Yape,167.0
7986,08/06/2026,14:06,1419,3,Salón,Efectivo,152.0
7987,08/06/2026,13:14,2075,7,Para llevar,Efectivo,196.0
7988,08/06/2026,14:14,3840,18,Salón,Plin,178.0
7989,08/06/2026,14:55,4339,20,Salón,Efectivo,136.0
7990,08/06/2026,20:54,1939,5,Salón,Yape,120.0
7991,08/06/2026,16:21,,22,Salón,Yape,210.0
7992,08/06/2026,12:05,4632,7,Para llevar,Yape,172.0
7993,09/06/2026,15:05,86,3,Salón,Tarjeta,92.0
7994,09/06/2026,14:04,,16,Salón,Tarjeta,124.0
7995,09/06/2026,13:28,2274,16,Salón,Plin,104.0
7996,09/06/2026,12:22,,3,Salón,Efectivo,134.0
7997,09/06/2026,15:31,5202,17,Salón,Efectivo,68.0
7998,09/06/2026,20:59,996,7,Salón,Efectivo,36.0
7999,09/06/2026,13:01,4157,19,Para llevar,Plin,20.0
8000,09/06/2026,14:45,434,3,Salón,Tarjeta,138.0
8001,09/06/2026,19:46,2279,19,Delivery propio,Tarjeta,86.0
8002,09/06/2026,18:55,3134,17,Para llevar,Yape,26.0
8003,09/06/2026,19:21,631,7,Delivery propio,Tarjeta,132.0
8004,09/06/2026,17:09,4376,22,Salón,Yape,56.0
8005,09/06/2026,18:54,2480,2,Delivery propio,Tarjeta,185.0
8006,09/06/2026,14:59,2087,17,Para llevar,Yape,170.0
8007,09/06/2026,20:38,1024,16,Salón,Efectivo,174.0
8008,09/06/2026,20:26,4628,7,Salón,Efectivo,60.0
8009,09/06/2026,12:19,5135,18,Salón,Plin,95.0
8010,09/06/2026,20:05,4479,2,Salón,Plin,208.0
8011,09/06/2026,14:14,3431,16,Para llevar,Yape,76.0
8012,09/06/2026,14:48,3627,3,Salón,Efectivo,52.0
8013,09/06/2026,13:06,573,7,Salón,Efectivo,166.0
8014,09/06/2026,20:05,2470,20,Salón,Tarjeta,18.0
8015,09/06/2026,12:55,1329,2,Delivery propio,Yape,74.0
8016,09/06/2026,18:50,236,7,Salón,Yape,59.0
8017,09/06/2026,12:00,2022,2,Delivery propio,Yape,204.0
8018,10/06/2026,14:52,877,17,Salón,Efectivo,94.0
8019,10/06/2026,18:03,2600,20,Salón,Yape,63.0
8020,10/06/2026,12:41,4253,5,Salón,Yape,178.0
8021,10/06/2026,13:20,2478,22,Delivery propio,Yape,166.0
8022,10/06/2026,18:24,4653,5,Delivery propio,Efectivo,61.0
8023,10/06/2026,13:38,4809,17,Salón,Yape,100.0
8024,10/06/2026,12:09,4368,24,Delivery propio,Plin,124.0
8025,10/06/2026,12:34,3867,22,Delivery propio,Efectivo,174.0
8026,10/06/2026,13:32,1405,7,Para llevar,Tarjeta,18.0
8027,10/06/2026,13:53,3001,22,Salón,Yape,160.0
8028,10/06/2026,13:39,994,3,Salón,Efectivo,156.0
8029,10/06/2026,21:11,5019,22,Salón,Efectivo,112.0
8030,10/06/2026,12:33,4396,2,Salón,Efectivo,104.0
8031,10/06/2026,12:59,780,18,Delivery propio,Plin,96.0
8032,10/06/2026,20:54,4583,2,Delivery propio,Efectivo,163.0
8033,10/06/2026,13:40,4023,19,Salón,Yape,72.0
8034,10/06/2026,14:02,4357,17,Para llevar,Efectivo,24.0
8035,10/06/2026,13:20,,16,Salón,Yape,133.0
8036,10/06/2026,15:43,2263,2,Para llevar,Tarjeta,119.0
8037,10/06/2026,11:47,4183,7,Para llevar,Efectivo,162.0
8038,10/06/2026,13:32,2388,19,Salón,Efectivo,214.0
8039,10/06/2026,18:53,3536,20,Salón,Yape,120.0
8040,10/06/2026,13:55,4204,24,Salón,Yape,154.0
8041,10/06/2026,12:55,,3,Salón,Efectivo,9.0
8042,10/06/2026,14:17,225,17,Salón,Plin,74.0
8043,10/06/2026,14:08,649,7,Delivery propio,Yape,52.0
8044,10/06/2026,14:48,4132,7,Salón,Efectivo,216.0
8045,10/06/2026,16:42,2857,2,Salón,Efectivo,52.0
8046,10/06/2026,13:10,3092,22,Salón,Yape,66.0
8047,11/06/2026,13:26,3506,16,Para llevar,Plin,106.0
8048,11/06/2026,13:43,3899,20,Salón,Efectivo,128.0
8049,11/06/2026,14:35,3276,18,Salón,Tarjeta,138.0
8050,11/06/2026,12:32,,3,Para llevar,Yape,53.0
8051,11/06/2026,14:44,508,18,Salón,Yape,22.0
8052,11/06/2026,17:48,5178,5,Para llevar,Yape,132.0
8053,11/06/2026,11:06,3657,22,Salón,Efectivo,351.0
8054,11/06/2026,14:41,5190,16,Salón,Yape,286.0
8055,11/06/2026,19:17,1488,19,Salón,Efectivo,278.0
8056,11/06/2026,14:26,1373,7,Delivery propio,Efectivo,60.0
8057,11/06/2026,16:15,2141,16,Salón,Efectivo,364.0
8058,11/06/2026,17:39,651,7,Para llevar,Plin,102.0
8059,11/06/2026,17:37,2598,2,Delivery propio,Yape,136.0
8060,11/06/2026,20:42,1262,19,Salón,Plin,116.0
8061,11/06/2026,15:19,1283,22,Salón,Efectivo,186.0
8062,11/06/2026,16:35,,5,Delivery propio,Efectivo,274.0
8063,11/06/2026,12:36,5335,16,Salón,Tarjeta,114.0
8064,11/06/2026,12:10,4511,16,Salón,Tarjeta,90.0
8065,11/06/2026,18:54,1885,3,Delivery propio,Efectivo,96.0
8066,11/06/2026,19:55,2146,18,Salón,Efectivo,162.0
8067,11/06/2026,13:48,2714,5,Delivery propio,Efectivo,244.0
8068,11/06/2026,17:54,,17,Para llevar,Efectivo,72.0
8069,11/06/2026,16:29,1826,20,Salón,Tarjeta,54.0
8070,11/06/2026,13:49,1080,17,Salón,Yape,66.0
8071,12/06/2026,13:21,2921,20,Delivery propio,Tarjeta,32.0
8072,12/06/2026,12:11,,2,Salón,Plin,173.0
8073,12/06/2026,21:27,300,2,Salón,Plin,92.0
8074,12/06/2026,14:07,5290,3,Para llevar,Tarjeta,177.0
8075,12/06/2026,20:56,2967,2,Salón,Efectivo,82.0
8076,Ayer,14:43,4317,17,Salón,Yape,28.0
8077,12/06/2026,20:09,3841,5,Salón,Plin,152.0
8078,12/06/2026,19:58,4250,24,Delivery propio,Yape,64.0
8079,12/06/2026,20:15,5193,22,Salón,Tarjeta,114.0
8080,12/06/2026,14:31,2288,19,Delivery propio,Efectivo,120.0
8081,12/06/2026,19:48,,16,Delivery propio,Yape,202.0
8082,12/06/2026,13:34,,18,Salón,Tarjeta,120.0
8083,12/06/2026,21:29,3265,18,Salón,Efectivo,112.0
8084,12/06/2026,13:59,2219,5,Para llevar,Efectivo,27.0
8085,12/06/2026,12:35,5027,5,Delivery propio,Tarjeta,178.0
8086,12/06/2026,21:58,4568,5,Delivery propio,Yape,20.0
8087,12/06/2026,12:38,4067,20,Salón,Yape,80.0
8088,12/06/2026,15:46,2121,20,Para llevar,Yape,18.0
8089,12/06/2026,20:53,196,5,Salón,Efectivo,60.0
8090,12/06/2026,20:34,3023,17,Delivery propio,Efectivo,56.0
8091,12/06/2026,19:00,4612,22,Para llevar,Tarjeta,252.0
8092,12/06/2026,15:43,1744,3,Delivery propio,Yape,216.0
8093,12/06/2026,16:25,,7,Delivery propio,Yape,114.0
8094,12/06/2026,12:37,,20,Para llevar,Efectivo,169.0
8095,12/06/2026,13:22,4639,2,Salón,Plin,112.0
8096,12/06/2026,21:10,706,20,Salón,Plin,182.0
8097,12/06/2026,11:58,,3,Salón,Efectivo,80.0
8098,12/06/2026,13:15,,17,Salón,Tarjeta,58.0
8099,12/06/2026,20:45,2660,16,Salón,Efectivo,84.0
8100,12/06/2026,14:55,,22,Salón,Tarjeta,154.0
8101,12/06/2026,17:23,3360,16,Para llevar,Tarjeta,138.0
8102,12/06/2026,18:23,3359,19,Para llevar,Yape,251.0
8103,Ayer,13:20,3288,3,Salón,Yape,76.0
8104,12/06/2026,13:18,2392,7,Salón,Yape,116.0
8105,13/06/2026,14:08,1216,17,Para llevar,Tarjeta,214.0
8106,13/06/2026,13:01,189,2,Salón,Plin,168.0
8107,13/06/2026,13:06,5185,2,Salón,Tarjeta,28.0
8108,13/06/2026,16:50,4872,22,Salón,Yape,86.0
8109,13/06/2026,14:40,4479,20,Salón,Plin,280.0
8110,13/06/2026,19:42,474,3,Salón,Plin,152.0
8111,13/06/2026,14:20,2650,5,Salón,Yape,51.0
8112,13/06/2026,20:31,1785,19,Salón,Yape,147.0
8113,13/06/2026,13:17,2246,20,Salón,Efectivo,105.0
8114,13/06/2026,17:24,5121,24,Salón,Efectivo,84.0
8115,13/06/2026,14:07,2740,22,Delivery propio,Efectivo,201.0
8116,13/06/2026,15:15,3459,2,Delivery propio,Tarjeta,146.0
8117,13/06/2026,21:15,695,16,Salón,Efectivo,110.0
8118,13/06/2026,15:18,1513,22,Para llevar,Yape,80.0
8119,13/06/2026,14:49,,22,Para llevar,Efectivo,314.0
8120,13/06/2026,16:49,,22,Salón,Tarjeta,197.0
8121,13/06/2026,15:29,5109,2,Para llevar,Efectivo,160.0
8122,13/06/2026,19:56,3476,18,Salón,Plin,42.0
8123,13/06/2026,13:06,3221,3,Salón,Efectivo,78.0
8124,13/06/2026,12:21,3266,2,Salón,Plin,108.0
8125,13/06/2026,13:17,5116,3,Salón,Yape,128.0
8126,13/06/2026,12:48,295,3,Salón,Yape,103.0
8127,13/06/2026,20:14,1662,24,Delivery propio,Plin,52.0
8128,13/06/2026,20:39,5200,16,Delivery propio,Yape,120.0
8129,13/06/2026,13:03,490,5,Delivery propio,Tarjeta,158.0
8130,13/06/2026,15:17,4001,5,Salón,Efectivo,76.0
8131,13/06/2026,11:49,,19,Salón,Efectivo,162.0
8132,13/06/2026,13:37,4973,16,Para llevar,Yape,216.0
8133,13/06/2026,21:30,2353,3,Para llevar,Efectivo,167.0
8134,13/06/2026,18:24,3867,24,Para llevar,Efectivo,82.0
8135,13/06/2026,16:22,4838,3,Salón,Yape,62.0
8136,13/06/2026,13:37,2942,22,Salón,Yape,80.0
8137,13/06/2026,14:31,1919,7,Salón,Efectivo,35.0
8138,13/06/2026,12:54,2573,16,Delivery propio,Yape,116.0
8139,13/06/2026,20:00,1675,22,Delivery propio,Yape,92.0
8140,13/06/2026,12:11,4277,22,Salón,Efectivo,155.0
8141,13/06/2026,13:19,,22,Para llevar,Yape,241.0
8142,13/06/2026,11:13,3330,18,Salón,Yape,82.0
8143,13/06/2026,13:57,358,5,Salón,Efectivo,38.0
8144,13/06/2026,13:20,346,16,Salón,Plin,226.0
8145,13/06/2026,14:54,3361,18,Salón,Tarjeta,121.0
8146,13/06/2026,12:10,4644,3,Salón,Efectivo,266.0
8147,13/06/2026,21:56,4146,16,Salón,Yape,32.0
8148,13/06/2026,13:22,3278,24,Delivery propio,Yape,84.0
8149,13/06/2026,12:27,2730,7,Delivery propio,Tarjeta,201.0
8150,13/06/2026,13:24,2737,20,Delivery propio,Tarjeta,127.0
8151,13/06/2026,15:14,1347,2,Salón,Tarjeta,59.0
8152,13/06/2026,16:12,5288,3,Salón,Efectivo,94.0
8153,13/06/2026,13:49,5447,7,Delivery propio,Tarjeta,94.0
8154,13/06/2026,16:31,1196,19,Para llevar,Yape,108.0
8155,14/06/2026,13:05,,3,Salón,Tarjeta,111.0
8156,14/06/2026,20:44,1153,5,Salón,Yape,182.0
8157,14/06/2026,14:15,4744,3,Salón,Tarjeta,95.0
8158,14/06/2026,11:31,638,3,Para llevar,Efectivo,211.0
8159,14/06/2026,19:35,1013,3,Delivery propio,Tarjeta,144.0
8160,14/06/2026,17:16,4829,20,Salón,Efectivo,94.0
8161,14/06/2026,20:33,4479,17,Para llevar,Tarjeta,114.0
8162,14/06/2026,20:53,2133,3,Para llevar,Efectivo,206.0
8163,14/06/2026,16:10,676,24,Delivery propio,Yape,144.0
8164,14/06/2026,15:15,4730,20,Salón,Efectivo,111.0
8165,14/06/2026,14:46,5016,18,Salón,Plin,172.0
8166,14/06/2026,12:12,2131,22,Salón,Efectivo,207.0
8167,14/06/2026,14:45,2613,18,Salón,Efectivo,144.0
8168,14/06/2026,13:01,4203,2,Para llevar,Tarjeta,78.0
8169,14/06/2026,12:00,738,19,Salón,Yape,83.0
8170,14/06/2026,19:31,,16,Salón,Plin,60.0
8171,14/06/2026,14:46,,24,Salón,Yape,178.0
8172,14/06/2026,14:55,4979,18,Salón,Efectivo,164.0
8173,14/06/2026,13:42,1253,17,Salón,Tarjeta,154.0
8174,14/06/2026,12:24,3569,17,Delivery propio,Efectivo,84.0
8175,14/06/2026,20:46,1913,5,Salón,Yape,210.0
8176,14/06/2026,19:50,651,5,Para llevar,Plin,240.0
8177,14/06/2026,12:02,189,22,Salón,Efectivo,212.0
8178,14/06/2026,12:03,1720,18,Salón,Tarjeta,84.0
8179,14/06/2026,13:14,239,5,Salón,Tarjeta,146.0
8180,14/06/2026,17:46,3658,18,Delivery propio,Efectivo,86.0
8181,14/06/2026,13:43,2445,19,Salón,Tarjeta,45.0
8182,14/06/2026,17:19,2506,20,Salón,Tarjeta,174.0
8183,14/06/2026,13:16,1873,2,Delivery propio,Tarjeta,81.0
8184,14/06/2026,20:14,3560,18,Delivery propio,Efectivo,157.0
8185,14/06/2026,14:16,4688,17,Para llevar,Yape,139.0
8186,14/06/2026,14:46,2275,5,Delivery propio,Efectivo,54.0
8187,14/06/2026,18:03,877,24,Salón,Efectivo,78.0
8188,14/06/2026,13:11,4989,19,Delivery propio,Efectivo,24.0
8189,14/06/2026,16:25,2140,17,Salón,Yape,88.0
8190,14/06/2026,12:36,3866,5,Para llevar,Tarjeta,30.0
8191,14/06/2026,13:39,,22,Salón,Yape,94.0
8192,14/06/2026,21:56,4173,16,Salón,Tarjeta,153.0
8193,14/06/2026,13:48,2388,18,Salón,Efectivo,58.0
8194,14/06/2026,18:04,1320,7,Delivery propio,Tarjeta,174.0
8195,14/06/2026,15:32,1415,18,Salón,Efectivo,153.0
8196,14/06/2026,14:31,493,24,Delivery propio,Tarjeta,122.0
8197,14/06/2026,20:56,3216,7,Salón,Yape,222.0
8198,14/06/2026,16:01,4246,17,Salón,Efectivo,26.0
8199,15/06/2026,14:35,4308,7,Salón,Efectivo,140.0
8200,15/06/2026,14:35,397,7,Salón,Tarjeta,145.0
8201,15/06/2026,13:17,4573,22,Salón,Efectivo,136.0
8202,15/06/2026,12:59,2941,2,Salón,Efectivo,208.0
8203,15/06/2026,12:59,765,17,Salón,Plin,66.0
8204,15/06/2026,12:16,2686,3,Salón,Efectivo,110.0
8205,15/06/2026,19:09,1079,20,Salón,Efectivo,46.0
8206,15/06/2026,19:39,1519,5,Salón,Yape,85.0
8207,15/06/2026,17:53,5237,20,Salón,Tarjeta,116.0
8208,15/06/2026,13:00,3600,7,Salón,Yape,82.0
8209,15/06/2026,17:58,4540,16,Delivery propio,Tarjeta,136.0
8210,15/06/2026,13:47,5101,2,Salón,Yape,63.0
8211,15/06/2026,17:23,1228,24,Delivery propio,Efectivo,127.0
8212,15/06/2026,19:19,3972,24,Para llevar,Efectivo,162.0
8213,15/06/2026,13:44,1400,2,Salón,Yape,162.0
8214,15/06/2026,13:57,4537,5,Salón,Tarjeta,144.0
8215,15/06/2026,13:47,2114,22,Salón,Efectivo,162.0
8216,15/06/2026,12:51,76,2,Salón,Yape,42.0
8217,15/06/2026,19:10,4524,22,Salón,Yape,162.0
8218,15/06/2026,21:11,1422,18,Para llevar,Tarjeta,98.0
8219,16/06/2026,19:27,4987,16,Para llevar,Yape,72.0
8220,16/06/2026,16:01,1829,24,Para llevar,Efectivo,122.0
8221,16/06/2026,15:58,3843,17,Delivery propio,Tarjeta,74.0
8222,16/06/2026,16:37,2081,5,Delivery propio,Yape,122.0
8223,16/06/2026,17:21,3545,3,Para llevar,Tarjeta,113.0
8224,16/06/2026,13:47,488,16,Delivery propio,Tarjeta,193.0
8225,16/06/2026,13:16,4862,22,Delivery propio,Tarjeta,108.0
8226,16/06/2026,18:44,2633,2,Salón,Yape,91.0
8227,16/06/2026,12:19,,19,Salón,Efectivo,451.0
8228,16/06/2026,18:35,1223,2,Salón,Yape,293.0
8229,16/06/2026,15:05,,18,Para llevar,Efectivo,22.0
8230,16/06/2026,15:11,4768,20,Delivery propio,Tarjeta,141.0
8231,16/06/2026,14:17,3446,20,Salón,Tarjeta,146.0
8232,16/06/2026,16:49,2657,17,Para llevar,Yape,146.0
8233,16/06/2026,18:03,,22,Salón,Plin,342.0
8234,16/06/2026,13:56,3091,3,Delivery propio,Yape,60.0
8235,16/06/2026,19:40,5195,24,Salón,Efectivo,138.0
8236,16/06/2026,17:00,1275,22,Delivery propio,Yape,48.0
8237,16/06/2026,16:53,3101,24,Delivery propio,Tarjeta,42.0
8238,16/06/2026,15:20,5101,3,Salón,Yape,120.0
8239,16/06/2026,20:08,4537,22,Salón,Efectivo,80.0
8240,16/06/2026,14:55,330,20,Para llevar,Efectivo,116.0
8241,16/06/2026,18:35,2793,7,Salón,Efectivo,258.0
8242,16/06/2026,12:33,3497,18,Salón,Efectivo,156.0
8243,17/06/2026,15:30,4652,22,Salón,Yape,148.0
8244,17/06/2026,13:08,1012,2,Delivery propio,Tarjeta,82.0
8245,17/06/2026,12:02,3635,7,Delivery propio,Tarjeta,102.0
8246,17/06/2026,19:43,2220,19,Salón,Yape,64.0
8247,17/06/2026,15:00,4236,19,Para llevar,Tarjeta,73.0
8248,17/06/2026,20:12,3932,20,Para llevar,Yape,133.0
8249,17/06/2026,16:15,4119,19,Para llevar,Efectivo,140.0
8250,17/06/2026,20:27,2819,18,Salón,Tarjeta,44.0
8251,17/06/2026,14:23,755,3,Salón,Yape,74.0
8252,17/06/2026,19:37,2399,5,Para llevar,Yape,197.0
8253,17/06/2026,13:41,,24,Salón,Efectivo,72.0
8254,17/06/2026,19:54,1691,7,Para llevar,Yape,18.0
8255,17/06/2026,20:35,2224,18,Salón,Plin,100.0
8256,17/06/2026,14:56,,24,Salón,Yape,68.0
8257,17/06/2026,13:28,2295,18,Delivery propio,Efectivo,83.0
8258,17/06/2026,12:47,5428,22,Salón,Tarjeta,36.0
8259,17/06/2026,14:53,3867,3,Salón,Yape,96.0
8260,17/06/2026,12:57,2222,17,Delivery propio,Plin,93.0
8261,17/06/2026,13:40,2542,5,Salón,Yape,32.0
8262,17/06/2026,12:17,362,7,Salón,Tarjeta,116.0
8263,17/06/2026,21:51,4361,22,Salón,Tarjeta,32.0
8264,17/06/2026,13:38,2683,2,Salón,Plin,148.0
8265,17/06/2026,18:54,,16,Salón,Efectivo,243.0
8266,17/06/2026,14:18,2709,5,Delivery propio,Efectivo,102.0
8267,18/06/2026,19:29,107,5,Salón,Yape,170.0
8268,18/06/2026,13:42,2745,3,Salón,Efectivo,60.0
8269,18/06/2026,20:15,949,16,Salón,Tarjeta,78.0
8270,18/06/2026,15:54,1411,18,Salón,Yape,42.0
8271,18/06/2026,14:23,2151,5,Salón,Tarjeta,155.0
8272,18/06/2026,18:17,1067,22,Para llevar,Tarjeta,26.0
8273,18/06/2026,14:50,2252,19,Salón,Yape,226.0
8274,18/06/2026,13:37,761,18,Salón,Efectivo,40.0
8275,18/06/2026,13:43,4910,22,Para llevar,Yape,149.0
8276,18/06/2026,11:05,3158,18,Salón,Tarjeta,20.0
8277,18/06/2026,21:19,3462,16,Salón,Efectivo,88.0
8278,18/06/2026,15:04,3246,19,Salón,Plin,34.0
8279,18/06/2026,18:22,1965,24,Salón,Efectivo,34.0
8280,18/06/2026,19:25,4674,17,Para llevar,Yape,92.0
8281,18/06/2026,14:36,4340,16,Salón,Tarjeta,187.0
8282,18/06/2026,13:13,1541,17,Delivery propio,Efectivo,106.0
8283,18/06/2026,13:13,2713,2,Delivery propio,Efectivo,146.0
8284,18/06/2026,12:55,4127,3,Salón,Yape,206.0
8285,18/06/2026,19:00,5044,16,Delivery propio,Yape,150.0
8286,18/06/2026,11:58,2793,2,Salón,Tarjeta,86.0
8287,18/06/2026,17:48,4541,5,Salón,Tarjeta,244.0
8288,18/06/2026,13:02,4318,24,Salón,Efectivo,18.0
8289,18/06/2026,13:57,3393,19,Para llevar,Plin,108.0
8290,18/06/2026,14:59,4179,18,Salón,Yape,119.0
8291,18/06/2026,13:33,2066,19,Salón,Yape,196.0
8292,18/06/2026,14:41,2669,22,Salón,Efectivo,82.0
8293,18/06/2026,12:17,3121,16,Salón,Efectivo,334.0
8294,18/06/2026,18:24,673,20,Salón,Efectivo,59.0
8295,18/06/2026,12:57,,19,Salón,Efectivo,96.0
8296,19/06/2026,18:10,4669,7,Salón,Efectivo,119.0
8297,19/06/2026,14:07,2572,7,Salón,Yape,83.0
8298,19/06/2026,21:52,3969,24,Delivery propio,Tarjeta,72.0
8299,19/06/2026,12:30,2996,20,Delivery propio,Tarjeta,132.0
8300,19/06/2026,13:15,2435,7,Salón,Yape,84.0
8301,19/06/2026,13:23,1025,20,Salón,Efectivo,34.0
8302,19/06/2026,12:29,1874,5,Salón,Efectivo,110.0
8303,19/06/2026,16:49,2404,16,Salón,Efectivo,101.0
8304,19/06/2026,17:44,632,17,Salón,Yape,166.0
8305,19/06/2026,13:59,3617,2,Salón,Tarjeta,136.0
8306,19/06/2026,16:45,31,22,Delivery propio,Efectivo,140.0
8307,19/06/2026,17:16,1565,20,Salón,Efectivo,85.0
8308,Ayer,15:38,205,2,Delivery propio,Efectivo,57.0
8309,19/06/2026,18:23,4662,20,Para llevar,Yape,126.0
8310,19/06/2026,13:27,5256,16,Salón,Efectivo,213.0
8311,19/06/2026,12:27,3400,20,Salón,Efectivo,354.0
8312,19/06/2026,12:42,2092,5,Para llevar,Yape,22.0
8313,19/06/2026,21:17,5340,2,Para llevar,Tarjeta,64.0
8314,19/06/2026,18:53,1240,19,Para llevar,Efectivo,144.0
8315,19/06/2026,19:17,2904,17,Salón,Yape,94.0
8316,19/06/2026,17:18,877,17,Salón,Efectivo,114.0
8317,19/06/2026,20:43,2142,20,Salón,Tarjeta,71.0
8318,19/06/2026,13:37,3615,16,Salón,Yape,71.0
8319,19/06/2026,19:39,,24,Salón,Tarjeta,73.0
8320,19/06/2026,20:34,1864,7,Delivery propio,Yape,116.0
8321,19/06/2026,16:34,5442,18,Salón,Plin,70.0
8322,19/06/2026,14:23,832,7,Delivery propio,Tarjeta,48.0
8323,19/06/2026,14:23,526,7,Salón,Efectivo,232.0
8324,19/06/2026,20:18,1126,3,Delivery propio,Yape,298.0
8325,19/06/2026,14:54,2288,5,Salón,Tarjeta,128.0
8326,19/06/2026,19:56,1284,16,Delivery propio,Efectivo,122.0
8327,19/06/2026,15:34,651,7,Delivery propio,Plin,199.0
8328,19/06/2026,13:51,313,16,Salón,Efectivo,124.0
8329,19/06/2026,14:52,3565,3,Para llevar,Plin,245.0
8330,19/06/2026,18:51,1167,20,Delivery propio,Plin,138.0
8331,19/06/2026,13:55,4205,5,Salón,Efectivo,30.0
8332,19/06/2026,19:24,3585,16,Salón,Yape,191.0
8333,19/06/2026,13:15,1021,18,Salón,Yape,102.0
8334,19/06/2026,16:51,1776,7,Salón,Plin,172.0
8335,19/06/2026,12:54,18,3,Salón,Tarjeta,68.0
8336,19/06/2026,13:58,,18,Delivery propio,Yape,176.0
8337,19/06/2026,14:38,281,18,Salón,Efectivo,36.0
8338,19/06/2026,19:57,4773,7,Salón,Plin,51.0
8339,19/06/2026,19:23,1780,2,Salón,Yape,64.0
8340,19/06/2026,20:56,,18,Delivery propio,Yape,58.0
8341,19/06/2026,20:38,4901,7,Para llevar,Efectivo,160.0
8342,19/06/2026,17:19,449,7,Salón,Yape,377.0
8343,20/06/2026,14:06,494,18,Salón,Yape,208.0
8344,20/06/2026,20:51,1660,24,Salón,Efectivo,250.0
8345,20/06/2026,15:01,2511,20,Salón,Tarjeta,128.0
8346,20/06/2026,13:35,4479,22,Delivery propio,Tarjeta,220.0
8347,20/06/2026,13:36,554,3,Delivery propio,Tarjeta,61.0
8348,20/06/2026,14:24,2369,17,Para llevar,Efectivo,87.0
8349,20/06/2026,15:38,4392,22,Salón,Efectivo,197.0
8350,20/06/2026,20:16,652,3,Salón,Tarjeta,70.0
8351,20/06/2026,15:10,443,18,Salón,Efectivo,9.0
8352,20/06/2026,18:17,488,3,Salón,Yape,98.0
8353,20/06/2026,15:01,3983,18,Para llevar,Tarjeta,34.0
8354,20/06/2026,13:03,5046,18,Salón,Tarjeta,210.0
8355,20/06/2026,19:27,147,2,Para llevar,Tarjeta,24.0
8356,20/06/2026,13:51,877,22,Salón,Efectivo,37.0
8357,20/06/2026,20:05,2400,3,Para llevar,Efectivo,169.0
8358,20/06/2026,13:54,,20,Delivery propio,Yape,166.0
8359,20/06/2026,12:03,,2,Salón,Efectivo,75.0
8360,20/06/2026,21:23,534,3,Salón,Tarjeta,60.0
8361,20/06/2026,14:59,4013,17,Salón,Efectivo,40.0
8362,20/06/2026,19:05,,17,Salón,Efectivo,66.0
8363,20/06/2026,13:14,,7,Salón,Yape,68.0
8364,20/06/2026,17:14,3964,24,Salón,Yape,125.0
8365,20/06/2026,18:08,,3,Salón,Yape,158.0
8366,20/06/2026,20:27,1718,19,Salón,Yape,88.0
8367,20/06/2026,15:13,3921,5,Salón,Efectivo,208.0
8368,20/06/2026,21:41,4135,2,Delivery propio,Efectivo,66.0
8369,20/06/2026,20:51,4965,3,Delivery propio,Yape,170.0
8370,20/06/2026,15:35,3741,22,Salón,Tarjeta,87.0
8371,20/06/2026,12:46,4683,18,Salón,Yape,84.0
8372,20/06/2026,16:35,1929,18,Salón,Yape,26.0
8373,20/06/2026,20:17,,19,Salón,Plin,184.0
8374,20/06/2026,21:46,2790,20,Salón,Efectivo,170.0
8375,20/06/2026,19:21,4824,20,Para llevar,Tarjeta,46.0
8376,20/06/2026,19:52,,2,Salón,Efectivo,197.0
8377,20/06/2026,14:34,3906,3,Delivery propio,Yape,70.0
8378,20/06/2026,14:14,2191,17,Salón,Yape,110.0
8379,20/06/2026,20:18,4448,2,Salón,Plin,114.0
8380,20/06/2026,18:58,1367,16,Para llevar,Efectivo,138.0
8381,20/06/2026,16:58,1397,20,Para llevar,Tarjeta,117.0
8382,20/06/2026,14:09,5128,17,Salón,Plin,34.0
8383,20/06/2026,18:31,970,2,Salón,Efectivo,163.0
8384,20/06/2026,13:28,,20,Salón,Efectivo,236.0
8385,20/06/2026,19:20,1621,20,Salón,Tarjeta,55.0
8386,20/06/2026,12:20,229,5,Salón,Tarjeta,307.0
8387,20/06/2026,18:25,886,16,Salón,Efectivo,172.0
8388,20/06/2026,21:58,823,24,Salón,Yape,130.0
8389,20/06/2026,16:18,4369,7,Salón,Yape,117.0
8390,21/06/2026,20:35,1,19,Salón,Plin,248.0
8391,21/06/2026,17:11,4743,7,Para llevar,Yape,76.0
8392,21/06/2026,12:46,3069,2,Salón,Efectivo,165.0
8393,21/06/2026,19:10,1902,7,Salón,Yape,131.0
8394,21/06/2026,18:01,1151,7,Salón,Tarjeta,134.0
8395,21/06/2026,13:05,3213,2,Salón,Plin,87.0
8396,21/06/2026,12:28,1958,22,Salón,Efectivo,49.0
8397,21/06/2026,20:35,5456,7,Salón,Tarjeta,132.0
8398,21/06/2026,12:01,2861,5,Salón,Yape,160.0
8399,21/06/2026,11:18,4772,19,Salón,Efectivo,112.0
8400,21/06/2026,11:20,2096,24,Salón,Efectivo,110.0
8401,21/06/2026,13:19,3496,22,Salón,Yape,76.0
8402,21/06/2026,13:27,4785,7,Salón,Yape,176.0
8403,21/06/2026,19:48,1501,16,Para llevar,Yape,118.0
8404,21/06/2026,14:07,3,16,Delivery propio,Efectivo,134.0
8405,21/06/2026,20:22,5485,24,Salón,Tarjeta,92.0
8406,21/06/2026,20:16,2706,2,Salón,Plin,66.0
8407,21/06/2026,20:49,4917,24,Delivery propio,Tarjeta,54.0
8408,21/06/2026,16:51,2043,20,Delivery propio,Yape,138.0
8409,21/06/2026,12:11,647,18,Delivery propio,Tarjeta,266.0
8410,21/06/2026,21:30,4479,2,Salón,Efectivo,192.0
8411,21/06/2026,11:59,,2,Para llevar,Tarjeta,67.0
8412,21/06/2026,13:51,5244,16,Para llevar,Tarjeta,170.0
8413,21/06/2026,11:20,4491,19,Salón,Efectivo,158.0
8414,21/06/2026,19:39,,2,Salón,Efectivo,63.0
8415,21/06/2026,15:29,3292,20,Salón,Efectivo,102.0
8416,21/06/2026,21:53,2097,18,Delivery propio,Yape,132.0
8417,21/06/2026,11:55,418,20,Salón,Plin,121.0
8418,21/06/2026,19:12,3254,17,Salón,Plin,121.0
8419,21/06/2026,17:49,4492,5,Salón,Efectivo,98.0
8420,21/06/2026,14:17,5315,16,Salón,Tarjeta,196.0
8421,21/06/2026,21:04,2540,24,Para llevar,Yape,18.0
8422,21/06/2026,13:25,141,24,Para llevar,Yape,76.0
8423,21/06/2026,18:03,2043,19,Delivery propio,Tarjeta,173.0
8424,21/06/2026,14:39,186,7,Para llevar,Efectivo,42.0
8425,21/06/2026,14:16,2146,5,Para llevar,Yape,78.0
8426,21/06/2026,12:59,1370,17,Salón,Yape,204.0
8427,21/06/2026,13:53,5450,22,Para llevar,Efectivo,281.0
8428,21/06/2026,14:03,97,19,Salón,Efectivo,114.0
8429,21/06/2026,14:45,4729,20,Salón,Efectivo,246.0
8430,21/06/2026,14:31,546,2,Salón,Tarjeta,81.0
8431,21/06/2026,16:51,2047,20,Para llevar,Tarjeta,142.0
8432,21/06/2026,14:22,,7,Salón,Yape,154.0
8433,21/06/2026,14:38,2425,22,Para llevar,Tarjeta,28.0
8434,21/06/2026,12:16,4100,17,Salón,Yape,108.0
8435,21/06/2026,14:32,4568,18,Delivery propio,Efectivo,43.0
8436,21/06/2026,17:27,1871,17,Salón,Yape,102.0
8437,21/06/2026,21:00,2395,24,Salón,Efectivo,108.0
8438,21/06/2026,15:01,676,22,Para llevar,Efectivo,32.0
8439,22/06/2026,12:40,4469,24,Salón,Tarjeta,136.0
8440,22/06/2026,21:09,4336,3,Salón,Plin,180.0
8441,22/06/2026,19:28,,2,Delivery propio,Yape,114.0
8442,22/06/2026,13:17,1265,20,Para llevar,Tarjeta,90.0
8443,22/06/2026,16:09,2288,19,Salón,Efectivo,214.0
8444,22/06/2026,12:53,2832,17,Para llevar,Tarjeta,158.0
8445,22/06/2026,19:56,,19,Salón,Plin,172.0
8446,22/06/2026,12:11,2409,19,Para llevar,Efectivo,76.0
8447,22/06/2026,12:57,2551,18,Delivery propio,Efectivo,194.0
8448,22/06/2026,18:29,1114,2,Salón,Efectivo,286.0
8449,22/06/2026,13:23,5017,24,Salón,Yape,71.0
8450,22/06/2026,14:07,4986,22,Salón,Yape,48.0
8451,22/06/2026,14:15,4741,22,Salón,Efectivo,234.0
8452,22/06/2026,14:39,3063,18,Delivery propio,Plin,206.0
8453,22/06/2026,14:15,4174,16,Salón,Efectivo,204.0
8454,22/06/2026,19:19,3454,5,Salón,Yape,104.0
8455,22/06/2026,14:28,443,3,Salón,Tarjeta,114.0
8456,22/06/2026,13:22,4444,20,Salón,Efectivo,96.0
8457,22/06/2026,14:55,5212,19,Para llevar,Yape,114.0
8458,22/06/2026,21:27,1869,2,Salón,Efectivo,205.0
8459,22/06/2026,19:35,1985,18,Para llevar,Tarjeta,202.0
8460,22/06/2026,19:01,616,20,Salón,Yape,129.0
8461,22/06/2026,12:46,2491,17,Delivery propio,Yape,99.0
8462,22/06/2026,13:35,806,18,Para llevar,Efectivo,24.0
8463,22/06/2026,20:28,2738,24,Para llevar,Tarjeta,100.0
8464,22/06/2026,13:48,,22,Para llevar,Tarjeta,148.0
8465,22/06/2026,13:31,1780,5,Salón,Tarjeta,72.0
8466,22/06/2026,11:22,3641,18,Salón,Yape,248.0
8467,22/06/2026,12:09,,16,Salón,Plin,54.0
8468,22/06/2026,13:43,2398,24,Salón,Plin,45.0
8469,22/06/2026,17:00,3483,3,Para llevar,Yape,237.0
8470,23/06/2026,15:57,,2,Para llevar,Yape,22.0
8471,23/06/2026,18:00,2789,16,Para llevar,Yape,179.0
8472,23/06/2026,18:58,2041,18,Para llevar,Efectivo,198.0
8473,23/06/2026,14:24,4231,3,Para llevar,Efectivo,88.0
8474,23/06/2026,19:46,1392,16,Salón,Tarjeta,181.0
8475,23/06/2026,13:07,1415,19,Salón,Efectivo,194.0
8476,23/06/2026,16:35,4973,20,Salón,Efectivo,182.0
8477,23/06/2026,13:33,1822,3,Salón,Yape,132.0
8478,23/06/2026,14:39,1463,22,Salón,Plin,169.0
8479,23/06/2026,13:12,2541,20,Delivery propio,Tarjeta,70.0
8480,23/06/2026,15:39,5032,20,Salón,Efectivo,291.0
8481,23/06/2026,12:01,3714,18,Salón,Efectivo,134.0
8482,23/06/2026,18:51,22,24,Salón,Yape,308.0
8483,23/06/2026,19:09,4959,24,Salón,Plin,132.0
8484,23/06/2026,18:25,3793,2,Delivery propio,Efectivo,42.0
8485,23/06/2026,13:10,2752,18,Salón,Yape,93.0
8486,23/06/2026,19:39,3592,5,Salón,Efectivo,18.0
8487,23/06/2026,14:14,4562,24,Salón,Plin,173.0
8488,23/06/2026,13:30,4579,20,Salón,Tarjeta,132.0
8489,23/06/2026,14:35,4135,19,Salón,Efectivo,60.0
8490,23/06/2026,12:31,1934,17,Salón,Yape,104.0
8491,23/06/2026,14:52,5046,3,Salón,Efectivo,134.0
8492,23/06/2026,15:58,5183,24,Salón,Efectivo,30.0
8493,23/06/2026,20:13,5485,3,Salón,Yape,86.0
8494,23/06/2026,20:13,364,22,Para llevar,Efectivo,82.0
8495,23/06/2026,12:59,1394,7,Delivery propio,Efectivo,255.0
8496,23/06/2026,14:40,22,5,Delivery propio,Efectivo,141.0
8497,23/06/2026,15:04,831,18,Salón,Plin,35.0
8498,24/06/2026,19:35,3737,16,Delivery propio,Efectivo,87.0
8499,24/06/2026,18:16,,18,Salón,Efectivo,66.0
8500,24/06/2026,20:39,480,22,Para llevar,Yape,112.0
8501,24/06/2026,11:28,4871,7,Salón,Efectivo,108.0
8502,24/06/2026,12:29,667,17,Para llevar,Yape,20.0
8503,24/06/2026,21:44,2058,19,Salón,Yape,122.0
8504,24/06/2026,15:54,4531,22,Salón,Yape,158.0
8505,24/06/2026,13:55,,20,Delivery propio,Efectivo,140.0
8506,24/06/2026,19:11,4099,24,Para llevar,Yape,32.0
8507,24/06/2026,11:39,1756,3,Para llevar,Efectivo,98.0
8508,24/06/2026,13:45,4087,5,Salón,Efectivo,102.0
8509,24/06/2026,12:37,63,19,Delivery propio,Yape,46.0
8510,24/06/2026,13:30,3291,18,Para llevar,Yape,146.0
8511,24/06/2026,14:38,,17,Salón,Yape,58.0
8512,24/06/2026,20:54,2230,3,Salón,Yape,198.0
8513,24/06/2026,19:54,5123,17,Delivery propio,Efectivo,36.0
8514,24/06/2026,14:48,5021,5,Salón,Yape,83.0
8515,24/06/2026,21:08,3748,2,Salón,Tarjeta,136.0
8516,24/06/2026,17:41,1668,16,Salón,Efectivo,74.0
8517,24/06/2026,13:07,4398,24,Para llevar,Efectivo,196.0
8518,24/06/2026,19:53,5205,5,Salón,Yape,48.0
8519,24/06/2026,15:28,4082,5,Salón,Efectivo,30.0
8520,24/06/2026,15:04,2661,5,Delivery propio,Efectivo,121.0
8521,24/06/2026,18:31,4493,17,Delivery propio,Yape,114.0
8522,24/06/2026,18:51,1952,24,Delivery propio,Tarjeta,223.0
8523,24/06/2026,20:13,348,7,Delivery propio,Efectivo,108.0
8524,24/06/2026,13:44,5357,20,Salón,Tarjeta,248.0
8525,24/06/2026,17:23,1193,16,Salón,Efectivo,96.0
8526,24/06/2026,12:01,3999,19,Salón,Yape,212.0
8527,24/06/2026,20:15,1025,19,Salón,Yape,214.0
8528,24/06/2026,20:44,1760,24,Salón,Efectivo,132.0
8529,24/06/2026,17:42,4899,16,Salón,Yape,308.0
8530,24/06/2026,13:45,1553,19,Salón,Yape,128.0
8531,24/06/2026,18:59,3920,24,Para llevar,Efectivo,148.0
8532,24/06/2026,15:25,4261,5,Para llevar,Efectivo,30.0
8533,24/06/2026,18:22,4590,7,Salón,Plin,148.0
8534,24/06/2026,21:06,2131,24,Salón,Efectivo,183.0
8535,25/06/2026,12:23,2722,17,Salón,Efectivo,126.0
8536,25/06/2026,13:26,4093,19,Salón,Plin,28.0
8537,25/06/2026,12:00,534,17,Delivery propio,Tarjeta,65.0
8538,25/06/2026,18:43,3007,2,Para llevar,Yape,237.0
8539,25/06/2026,20:08,335,7,Delivery propio,Yape,69.0
8540,25/06/2026,12:07,4892,16,Salón,Tarjeta,188.0
8541,25/06/2026,13:37,588,3,Delivery propio,Tarjeta,186.0
8542,25/06/2026,13:09,1086,24,Para llevar,Efectivo,302.0
8543,25/06/2026,20:09,1686,22,Salón,Efectivo,220.0
8544,25/06/2026,15:49,4068,2,Delivery propio,Efectivo,136.0
8545,25/06/2026,14:05,4787,5,Salón,Plin,88.0
8546,25/06/2026,14:47,,5,Salón,Efectivo,146.0
8547,25/06/2026,21:24,2561,18,Salón,Tarjeta,56.0
8548,25/06/2026,14:37,66,18,Salón,Yape,243.0
8549,25/06/2026,16:57,5032,19,Salón,Efectivo,134.0
8550,25/06/2026,17:22,1214,22,Salón,Tarjeta,79.0
8551,25/06/2026,16:20,3560,18,Salón,Tarjeta,94.0
8552,25/06/2026,12:53,2669,22,Salón,Tarjeta,150.0
8553,25/06/2026,13:06,877,19,Salón,Tarjeta,84.0
8554,25/06/2026,14:12,,22,Delivery propio,Yape,234.0
8555,25/06/2026,20:21,4680,20,Salón,Yape,116.0
8556,25/06/2026,19:29,1133,17,Salón,Efectivo,158.0
8557,25/06/2026,14:38,823,16,Para llevar,Efectivo,122.0
8558,25/06/2026,20:57,3650,17,Para llevar,Tarjeta,68.0
8559,26/06/2026,20:19,4741,20,Delivery propio,Tarjeta,50.0
8560,26/06/2026,18:34,2908,2,Salón,Yape,107.0
8561,26/06/2026,17:47,716,3,Salón,Tarjeta,238.0
8562,26/06/2026,13:01,1755,24,Salón,Efectivo,22.0
8563,26/06/2026,12:41,2785,22,Salón,Plin,58.0
8564,26/06/2026,18:24,4809,20,Delivery propio,Efectivo,172.0
8565,26/06/2026,14:03,2103,22,Salón,Efectivo,70.0
8566,26/06/2026,13:13,2176,7,Delivery propio,Efectivo,248.0
8567,26/06/2026,13:40,3335,19,Delivery propio,Tarjeta,12.0
8568,26/06/2026,13:21,3002,18,Delivery propio,Yape,68.0
8569,26/06/2026,20:03,656,19,Salón,Efectivo,83.0
8570,26/06/2026,17:33,1986,2,Delivery propio,Yape,102.0
8571,26/06/2026,13:06,2501,17,Salón,Efectivo,32.0
8572,26/06/2026,13:52,1472,20,Salón,Yape,244.0
8573,26/06/2026,13:10,4517,22,Salón,Yape,274.0
8574,26/06/2026,12:08,525,18,Delivery propio,Efectivo,154.0
8575,26/06/2026,18:15,695,2,Para llevar,Tarjeta,54.0
8576,26/06/2026,13:03,,2,Delivery propio,Efectivo,90.0
8577,26/06/2026,18:24,1841,22,Delivery propio,Efectivo,173.0
8578,26/06/2026,16:35,,20,Salón,Efectivo,166.0
8579,26/06/2026,13:58,3307,7,Para llevar,Efectivo,78.0
8580,26/06/2026,13:16,1178,22,Salón,Tarjeta,214.0
8581,26/06/2026,19:52,5354,16,Delivery propio,Efectivo,270.0
8582,26/06/2026,15:16,1295,7,Salón,Efectivo,62.0
8583,26/06/2026,12:26,4022,20,Salón,Yape,42.0
8584,26/06/2026,14:32,5392,19,Para llevar,Efectivo,148.0
8585,26/06/2026,14:32,5250,22,Salón,Efectivo,105.0
8586,26/06/2026,12:11,,2,Para llevar,Yape,48.0
8587,26/06/2026,14:21,3272,17,Salón,Yape,216.0
8588,26/06/2026,15:29,1100,19,Salón,Yape,84.0
8589,26/06/2026,12:56,1283,22,Para llevar,Yape,112.0
8590,26/06/2026,14:36,1201,2,Delivery propio,Yape,132.0
8591,26/06/2026,12:16,390,18,Para llevar,Yape,188.0
8592,26/06/2026,11:16,2342,19,Delivery propio,Efectivo,158.0
8593,26/06/2026,11:39,990,3,Delivery propio,Yape,88.0
8594,26/06/2026,13:14,1042,22,Salón,Efectivo,60.0
8595,27/06/2026,20:40,2391,17,Salón,Yape,282.0
8596,27/06/2026,13:32,5215,18,Delivery propio,Efectivo,36.0
8597,27/06/2026,13:20,3956,3,Delivery propio,Yape,238.0
8598,27/06/2026,18:50,5434,3,Delivery propio,Efectivo,6.0
8599,27/06/2026,13:24,1284,18,Para llevar,Tarjeta,160.0
8600,27/06/2026,17:28,2136,5,Salón,Efectivo,220.0
8601,27/06/2026,21:46,3268,19,Para llevar,Tarjeta,199.0
8602,27/06/2026,19:21,4321,18,Delivery propio,Tarjeta,126.0
8603,27/06/2026,13:42,4339,5,Salón,Yape,116.0
8604,27/06/2026,21:49,1778,22,Para llevar,Tarjeta,40.0
8605,27/06/2026,14:00,4089,3,Salón,Yape,32.0
8606,27/06/2026,11:51,4542,3,Delivery propio,Plin,130.0
8607,27/06/2026,20:59,2897,2,Delivery propio,Efectivo,218.0
8608,27/06/2026,20:52,2584,16,Salón,Tarjeta,38.0
8609,27/06/2026,11:28,5007,16,Salón,Yape,151.0
8610,27/06/2026,14:59,3832,2,Delivery propio,Plin,166.0
8611,27/06/2026,20:29,5281,24,Delivery propio,Yape,116.0
8612,27/06/2026,18:46,2136,17,Salón,Efectivo,275.0
8613,27/06/2026,13:19,2141,7,Salón,Efectivo,280.0
8614,27/06/2026,18:19,,17,Salón,Efectivo,55.0
8615,27/06/2026,17:22,4756,3,Salón,Yape,124.0
8616,27/06/2026,16:55,5159,18,Salón,Tarjeta,256.0
8617,27/06/2026,15:26,,24,Salón,Efectivo,148.0
8618,27/06/2026,17:36,2226,17,Salón,Efectivo,105.0
8619,27/06/2026,19:47,4995,16,Delivery propio,Tarjeta,183.0
8620,27/06/2026,18:16,,24,Salón,Yape,69.0
8621,27/06/2026,11:03,4632,2,Para llevar,Tarjeta,132.0
8622,27/06/2026,13:35,2629,19,Para llevar,Yape,64.0
8623,27/06/2026,12:25,,3,Delivery propio,Tarjeta,198.0
8624,27/06/2026,13:05,4744,2,Salón,Yape,36.0
8625,27/06/2026,11:15,1943,5,Salón,Tarjeta,88.0
8626,27/06/2026,19:09,1059,5,Para llevar,Yape,144.0
8627,27/06/2026,16:49,,22,Salón,Tarjeta,153.0
8628,27/06/2026,17:11,3379,24,Salón,Efectivo,154.0
8629,27/06/2026,19:53,4280,7,Salón,Efectivo,79.0
8630,27/06/2026,13:30,1265,5,Delivery propio,Tarjeta,77.0
8631,27/06/2026,14:14,2249,20,Delivery propio,Tarjeta,304.0
8632,27/06/2026,14:48,4114,5,Delivery propio,Efectivo,100.0
8633,27/06/2026,14:42,1642,5,Salón,Tarjeta,170.0
8634,27/06/2026,13:23,3543,24,Para llevar,Yape,194.0
8635,27/06/2026,15:41,3386,20,Salón,Yape,118.0
8636,28/06/2026,14:21,5198,18,Salón,Plin,96.0
8637,28/06/2026,11:35,5039,18,Delivery propio,Efectivo,186.0
8638,28/06/2026,13:32,4592,2,Salón,Plin,110.0
8639,28/06/2026,12:51,3632,7,Salón,Efectivo,140.0
8640,28/06/2026,12:35,4556,24,Salón,Efectivo,126.0
8641,28/06/2026,19:13,3231,18,Salón,Plin,46.0
8642,28/06/2026,20:40,,24,Salón,Efectivo,98.0
8643,28/06/2026,12:07,5200,24,Salón,Efectivo,98.0
8644,28/06/2026,14:48,3330,7,Salón,Plin,86.0
8645,28/06/2026,13:21,1287,20,Salón,Efectivo,158.0
8646,28/06/2026,17:23,190,19,Para llevar,Yape,106.0
8647,28/06/2026,15:44,2274,20,Salón,Efectivo,46.0
8648,28/06/2026,17:40,2161,3,Salón,Efectivo,76.0
8649,28/06/2026,16:10,5000,16,Salón,Efectivo,44.0
8650,28/06/2026,21:35,2640,19,Salón,Yape,70.0
8651,28/06/2026,20:10,1579,7,Salón,Efectivo,52.0
8652,28/06/2026,14:57,,24,Salón,Tarjeta,144.0
8653,28/06/2026,13:40,2344,17,Salón,Plin,114.0
8654,28/06/2026,15:03,3531,16,Salón,Yape,158.0
8655,28/06/2026,17:08,1387,17,Salón,Efectivo,26.0
8656,28/06/2026,11:42,1965,19,Delivery propio,Efectivo,215.0
8657,28/06/2026,11:18,2721,18,Salón,Plin,103.0
8658,28/06/2026,11:21,4342,17,Delivery propio,Tarjeta,99.0
8659,28/06/2026,16:54,1197,19,Salón,Tarjeta,128.0
8660,28/06/2026,17:39,522,3,Delivery propio,Plin,128.0
8661,28/06/2026,14:30,1766,18,Salón,Yape,93.0
8662,28/06/2026,12:05,1583,20,Delivery propio,Plin,62.0
8663,28/06/2026,20:46,3116,3,Salón,Yape,8.0
8664,28/06/2026,18:35,3658,18,Salón,Yape,44.0
8665,28/06/2026,17:18,1609,18,Salón,Tarjeta,110.0
8666,28/06/2026,13:53,1663,24,Salón,Tarjeta,98.0
8667,28/06/2026,16:00,,24,Salón,Tarjeta,42.0
8668,28/06/2026,11:31,20,24,Salón,Yape,194.0
8669,28/06/2026,12:06,4309,22,Salón,Yape,152.0
8670,28/06/2026,12:30,4655,18,Salón,Yape,86.0
8671,28/06/2026,16:02,2349,20,Delivery propio,Yape,104.0
8672,28/06/2026,14:04,56,7,Salón,Tarjeta,34.0
8673,28/06/2026,15:11,3311,16,Para llevar,Efectivo,120.0
8674,28/06/2026,18:06,4731,22,Delivery propio,Efectivo,94.0
8675,28/06/2026,12:02,2965,17,Salón,Efectivo,78.0
8676,28/06/2026,13:34,5225,2,Delivery propio,Efectivo,72.0
8677,28/06/2026,13:44,3919,20,Para llevar,Tarjeta,26.0
8678,28/06/2026,12:42,1742,24,Salón,Plin,82.0
8679,28/06/2026,20:15,4216,16,Para llevar,Yape,18.0
8680,28/06/2026,18:04,4999,20,Para llevar,Efectivo,42.0
8681,28/06/2026,13:30,,3,Para llevar,Yape,56.0
8682,28/06/2026,12:17,739,5,Salón,Tarjeta,308.0
8683,28/06/2026,12:35,5188,19,Para llevar,Efectivo,335.0
8684,28/06/2026,19:34,4610,20,Salón,Tarjeta,236.0
8685,28/06/2026,19:13,2953,5,Salón,Tarjeta,110.0
8686,28/06/2026,15:50,4260,17,Salón,Tarjeta,149.0
8687,28/06/2026,15:37,1446,18,Salón,Efectivo,224.0
8688,28/06/2026,21:16,1552,18,Salón,Efectivo,156.0
8689,28/06/2026,13:57,5321,19,Salón,Yape,77.0
8690,28/06/2026,15:07,1680,20,Delivery propio,Yape,54.0
8691,28/06/2026,12:30,3876,7,Salón,Efectivo,46.0
8692,28/06/2026,19:27,3239,5,Salón,Tarjeta,96.0
8693,28/06/2026,12:37,5168,18,Salón,Efectivo,116.0
8694,28/06/2026,13:45,109,24,Salón,Tarjeta,126.0
8695,28/06/2026,16:12,4473,19,Salón,Yape,198.0
8696,28/06/2026,14:55,299,3,Para llevar,Efectivo,26.0
8697,28/06/2026,17:23,1046,16,Salón,Yape,16.0
8698,28/06/2026,12:59,2430,20,Para llevar,Yape,78.0
8699,28/06/2026,20:54,4479,5,Salón,Tarjeta,132.0
8700,28/06/2026,20:00,5019,24,Para llevar,Tarjeta,256.0
8701,28/06/2026,20:50,108,20,Para llevar,Plin,120.0
8702,28/06/2026,15:55,3649,16,Salón,Efectivo,48.0
8703,28/06/2026,18:07,4359,20,Delivery propio,Yape,18.0
8704,28/06/2026,18:22,,18,Salón,Efectivo,42.0
8705,28/06/2026,13:37,41,16,Para llevar,Yape,299.0
8706,29/06/2026,11:02,3282,2,Salón,Tarjeta,166.0
8707,29/06/2026,12:13,,3,Delivery propio,Efectivo,173.0
8708,29/06/2026,13:05,232,16,Para llevar,Yape,114.0
8709,29/06/2026,14:36,,7,Delivery propio,Yape,24.0
8710,29/06/2026,14:01,5092,20,Delivery propio,Efectivo,60.0
8711,29/06/2026,18:17,1956,3,Salón,Efectivo,68.0
8712,29/06/2026,16:05,4798,3,Salón,Efectivo,231.0
8713,29/06/2026,14:51,618,5,Para llevar,Efectivo,95.0
8714,29/06/2026,14:24,2970,2,Delivery propio,Yape,34.0
8715,29/06/2026,15:20,1007,18,Salón,Yape,95.0
8716,29/06/2026,13:26,2691,7,Salón,Efectivo,144.0
8717,29/06/2026,19:40,5140,24,Salón,Yape,36.0
8718,29/06/2026,20:50,2065,18,Salón,Efectivo,36.0
8719,29/06/2026,14:14,2772,17,Para llevar,Efectivo,52.0
8720,29/06/2026,13:56,4629,7,Para llevar,Efectivo,143.0
8721,29/06/2026,12:14,,5,Salón,Tarjeta,179.0
8722,29/06/2026,13:39,2594,22,Salón,Yape,108.0
8723,29/06/2026,21:46,3170,16,Delivery propio,Yape,79.0
8724,29/06/2026,13:48,2699,17,Salón,Yape,28.0
8725,29/06/2026,16:56,3757,18,Salón,Plin,142.0
8726,29/06/2026,20:31,86,5,Salón,Tarjeta,74.0
8727,29/06/2026,15:20,3904,24,Salón,Yape,44.0
8728,29/06/2026,12:18,1760,5,Delivery propio,Plin,70.0
8729,29/06/2026,12:01,3660,19,Salón,Tarjeta,133.0
8730,30/06/2026,13:01,,18,Delivery propio,Plin,197.0
8731,30/06/2026,13:07,5464,17,Delivery propio,Efectivo,236.0
8732,30/06/2026,11:57,1167,7,Delivery propio,Yape,175.0
8733,30/06/2026,13:25,4340,2,Salón,Yape,169.0
8734,30/06/2026,20:42,3969,24,Salón,Efectivo,26.0
8735,30/06/2026,15:18,3578,17,Salón,Yape,40.0
8736,No se sabe,19:50,,3,Delivery propio,Efectivo,158.0
8737,30/06/2026,13:41,4446,7,Para llevar,Yape,84.0
8738,30/06/2026,21:03,1845,16,Salón,Yape,72.0
8739,30/06/2026,14:53,2572,7,Salón,Yape,76.0
8740,30/06/2026,20:42,2801,18,Salón,Yape,76.0
8741,30/06/2026,15:40,4030,24,Delivery propio,Efectivo,102.0
8742,30/06/2026,18:45,2279,18,Para llevar,Efectivo,204.0
8743,30/06/2026,20:17,827,16,Salón,Tarjeta,44.0
8744,30/06/2026,18:55,5327,24,Para llevar,Yape,88.0
8745,30/06/2026,15:27,5125,5,Salón,Plin,122.0
8746,30/06/2026,18:29,863,7,Salón,Efectivo,218.0
8747,30/06/2026,13:51,,5,Salón,Efectivo,14.0
8748,30/06/2026,13:58,985,17,Salón,Tarjeta,93.0
8749,30/06/2026,14:53,4242,16,Salón,Tarjeta,102.0
8750,30/06/2026,16:35,,20,Salón,Efectivo,118.0
8751,30/06/2026,14:13,2633,19,Salón,Efectivo,132.0
8752,30/06/2026,15:11,1811,5,Salón,Efectivo,40.0
8753,30/06/2026,13:02,,18,Para llevar,Efectivo,149.0
8754,30/06/2026,14:00,692,20,Delivery propio,Efectivo,178.0
8755,30/06/2026,12:34,3734,2,Salón,Plin,76.0
8756,30/06/2026,18:19,1959,19,Salón,Efectivo,152.0
8757,30/06/2026,12:42,1086,22,Salón,Plin,76.0
8758,01/07/2026,20:17,4062,22,Salón,Yape,80.0
8759,01/07/2026,12:42,3204,17,Salón,Efectivo,317.0
8760,01/07/2026,13:59,5256,19,Delivery propio,Yape,44.0
8761,01/07/2026,15:37,3448,7,Salón,Tarjeta,159.0
8762,01/07/2026,20:12,473,24,Salón,Tarjeta,176.0
8763,01/07/2026,19:00,2939,17,Salón,Efectivo,140.0
8764,01/07/2026,13:50,,24,Delivery propio,Yape,180.0
8765,01/07/2026,18:33,3131,17,Salón,Yape,104.0
8766,01/07/2026,20:17,5189,20,Salón,Efectivo,114.0
8767,01/07/2026,14:01,2003,3,Delivery propio,Tarjeta,192.0
8768,01/07/2026,19:22,3833,2,Salón,Yape,226.0
8769,01/07/2026,14:38,5198,19,Salón,Tarjeta,123.0
8770,01/07/2026,14:41,2529,2,Para llevar,Yape,68.0
8771,01/07/2026,13:19,451,17,Salón,Efectivo,60.0
8772,01/07/2026,18:58,1744,20,Delivery propio,Tarjeta,150.0
8773,01/07/2026,14:49,3825,17,Salón,Tarjeta,150.0
8774,01/07/2026,14:53,1714,5,Salón,Efectivo,298.0
8775,01/07/2026,21:39,401,5,Salón,Tarjeta,182.0
8776,01/07/2026,20:30,350,24,Delivery propio,Efectivo,36.0
8777,01/07/2026,14:01,4462,22,Para llevar,Yape,198.0
8778,01/07/2026,18:34,3948,18,Salón,Yape,99.0
8779,01/07/2026,12:48,1846,24,Salón,Tarjeta,178.0
8780,01/07/2026,19:23,2025,24,Salón,Efectivo,96.0
8781,01/07/2026,16:31,1838,24,Salón,Efectivo,92.0
8782,01/07/2026,13:51,3760,19,Salón,Yape,118.0
8783,01/07/2026,12:55,1513,20,Salón,Plin,66.0
8784,01/07/2026,14:54,1100,3,Delivery propio,Efectivo,204.0
8785,01/07/2026,14:08,2015,24,Delivery propio,Tarjeta,139.0
8786,01/07/2026,13:38,,24,Salón,Yape,175.0
8787,01/07/2026,13:38,,17,Para llevar,Yape,278.0
8788,02/07/2026,15:39,2835,20,Delivery propio,Efectivo,37.0
8789,02/07/2026,14:29,2692,16,Para llevar,Tarjeta,102.0
8790,02/07/2026,12:43,3597,19,Delivery propio,Yape,110.0
8791,02/07/2026,14:43,2691,22,Salón,Yape,58.0
8792,02/07/2026,14:40,1226,22,Salón,Efectivo,94.0
8793,02/07/2026,15:03,1547,3,Salón,Tarjeta,236.0
8794,02/07/2026,11:15,2565,16,Salón,Tarjeta,68.0
8795,02/07/2026,14:50,1713,24,Delivery propio,Yape,81.0
8796,02/07/2026,20:42,1148,20,Salón,Tarjeta,75.0
8797,02/07/2026,12:23,3493,22,Salón,Yape,208.0
8798,02/07/2026,13:45,5256,3,Salón,Yape,142.0
8799,02/07/2026,13:07,,24,Salón,Yape,78.0
8800,02/07/2026,11:14,3361,20,Salón,Efectivo,182.0
8801,02/07/2026,16:50,1732,24,Salón,Tarjeta,101.0
8802,02/07/2026,12:37,,18,Salón,Plin,33.0
8803,02/07/2026,19:08,556,3,Para llevar,Yape,82.0
8804,02/07/2026,13:45,,16,Salón,Efectivo,184.0
8805,02/07/2026,16:30,1025,19,Salón,Efectivo,168.0
8806,02/07/2026,14:27,1796,2,Salón,Efectivo,32.0
8807,02/07/2026,19:22,2933,19,Salón,Efectivo,76.0
8808,02/07/2026,19:18,5428,16,Delivery propio,Yape,161.0
8809,02/07/2026,20:17,1726,18,Salón,Yape,192.0
8810,02/07/2026,13:42,51,20,Delivery propio,Efectivo,100.0
8811,02/07/2026,14:29,4376,2,Salón,Yape,168.0
8812,02/07/2026,16:40,2220,22,Salón,Yape,176.0
8813,02/07/2026,17:08,4470,16,Salón,Tarjeta,84.0
8814,02/07/2026,13:39,1968,16,Salón,Tarjeta,42.0
8815,02/07/2026,17:45,2178,18,Delivery propio,Yape,208.0
8816,02/07/2026,15:59,1090,17,Salón,Tarjeta,55.0
8817,02/07/2026,20:17,1953,20,Salón,Yape,72.0
8818,03/07/2026,14:18,1411,22,Salón,Plin,40.0
8819,03/07/2026,19:40,4237,5,Salón,Efectivo,26.0
8820,03/07/2026,14:25,4479,5,Salón,Tarjeta,48.0
8821,03/07/2026,13:46,790,20,Para llevar,Tarjeta,146.0
8822,03/07/2026,11:56,1151,3,Salón,Efectivo,147.0
8823,03/07/2026,14:09,,24,Salón,Tarjeta,36.0
8824,03/07/2026,14:04,3483,5,Para llevar,Plin,312.0
8825,03/07/2026,13:30,5071,19,Salón,Tarjeta,64.0
8826,03/07/2026,14:33,3799,7,Salón,Yape,162.0
8827,03/07/2026,18:23,,24,Salón,Efectivo,284.0
8828,03/07/2026,14:06,2900,19,Salón,Tarjeta,97.0
8829,03/07/2026,13:22,3927,5,Salón,Yape,148.0
8830,03/07/2026,13:11,955,24,Para llevar,Yape,176.0
8831,03/07/2026,17:36,2056,22,Salón,Tarjeta,34.0
8832,03/07/2026,15:54,4537,22,Salón,Plin,148.0
8833,03/07/2026,13:59,4573,16,Para llevar,Yape,89.0
8834,03/07/2026,14:53,683,19,Salón,Yape,84.0
8835,03/07/2026,20:01,2627,22,Salón,Efectivo,301.0
8836,03/07/2026,14:42,4392,24,Salón,Efectivo,174.0
8837,03/07/2026,11:13,4806,22,Salón,Efectivo,114.0
8838,03/07/2026,21:56,3580,16,Salón,Efectivo,241.0
8839,03/07/2026,15:54,1766,24,Salón,Efectivo,62.0
8840,03/07/2026,13:15,1755,5,Salón,Yape,98.0
8841,03/07/2026,15:32,3539,2,Para llevar,Yape,150.0
8842,03/07/2026,17:43,3201,17,Salón,Plin,38.0
8843,03/07/2026,18:13,1216,20,Delivery propio,Efectivo,76.0
8844,03/07/2026,20:12,585,2,Para llevar,Efectivo,32.0
8845,03/07/2026,15:16,4988,16,Para llevar,Yape,30.0
8846,03/07/2026,13:50,1456,16,Para llevar,Tarjeta,230.0
8847,03/07/2026,20:14,886,24,Salón,Yape,290.0
8848,03/07/2026,14:46,3551,19,Salón,Efectivo,173.0
8849,03/07/2026,19:56,2900,17,Salón,Yape,118.0
8850,03/07/2026,15:51,1239,3,Para llevar,Efectivo,267.0
8851,03/07/2026,13:45,1994,3,Delivery propio,Efectivo,86.0
8852,03/07/2026,18:30,2753,17,Salón,Efectivo,161.0
8853,03/07/2026,12:59,2287,17,Para llevar,Yape,144.0
8854,03/07/2026,14:33,1756,20,Salón,Efectivo,67.0
8855,03/07/2026,14:52,1114,19,Salón,Yape,94.0
8856,04/07/2026,13:08,5240,24,Salón,Tarjeta,95.0
8857,04/07/2026,11:08,4488,20,Delivery propio,Yape,104.0
8858,04/07/2026,19:11,,17,Para llevar,Tarjeta,220.0
8859,04/07/2026,16:14,,16,Salón,Yape,124.0
8860,04/07/2026,17:31,245,16,Salón,Plin,32.0
8861,04/07/2026,12:22,994,3,Salón,Plin,154.0
8862,04/07/2026,12:39,1964,24,Para llevar,Plin,176.0
8863,04/07/2026,12:10,1975,22,Salón,Tarjeta,76.0
8864,04/07/2026,15:26,1029,7,Salón,Tarjeta,65.0
8865,04/07/2026,13:30,605,22,Salón,Yape,82.0
8866,04/07/2026,13:38,950,5,Salón,Efectivo,219.0
8867,04/07/2026,20:52,2421,24,Delivery propio,Tarjeta,148.0
8868,04/07/2026,18:34,1528,7,Salón,Plin,190.0
8869,04/07/2026,13:11,2128,18,Salón,Yape,158.0
8870,04/07/2026,17:53,4729,24,Delivery propio,Yape,18.0
8871,04/07/2026,19:25,4087,2,Salón,Plin,66.0
8872,04/07/2026,19:27,2078,5,Para llevar,Tarjeta,126.0
8873,04/07/2026,18:47,591,18,Para llevar,Efectivo,136.0
8874,04/07/2026,14:28,5352,24,Salón,Yape,136.0
8875,04/07/2026,14:25,3496,24,Delivery propio,Efectivo,68.0
8876,04/07/2026,13:34,1197,2,Salón,Yape,300.0
8877,04/07/2026,19:53,740,5,Salón,Tarjeta,82.0
8878,04/07/2026,13:53,3650,20,Salón,Plin,268.0
8879,04/07/2026,12:49,,2,Salón,Tarjeta,36.0
8880,04/07/2026,13:20,5044,18,Salón,Yape,114.0
8881,04/07/2026,20:36,5216,17,Salón,Tarjeta,130.0
8882,04/07/2026,14:25,1049,19,Salón,Tarjeta,151.0
8883,04/07/2026,17:54,1184,18,Delivery propio,Tarjeta,6.0
8884,04/07/2026,18:08,272,22,Para llevar,Tarjeta,96.0
8885,04/07/2026,13:06,4930,5,Salón,Yape,133.0
8886,04/07/2026,15:09,3443,22,Salón,Tarjeta,50.0
8887,04/07/2026,14:01,4052,3,Delivery propio,Efectivo,89.0
8888,04/07/2026,21:06,1152,19,Salón,Tarjeta,42.0
8889,04/07/2026,20:36,4700,5,Salón,Yape,68.0
8890,04/07/2026,11:38,3400,16,Salón,Yape,104.0
8891,04/07/2026,21:39,2741,7,Salón,Yape,48.0
8892,04/07/2026,12:19,2180,3,Para llevar,Tarjeta,131.0
8893,04/07/2026,21:34,5336,22,Salón,Efectivo,141.0
8894,04/07/2026,11:09,,16,Salón,Tarjeta,60.0
8895,04/07/2026,18:56,1210,17,Salón,Yape,289.0
8896,04/07/2026,11:01,4941,3,Salón,Efectivo,166.0
8897,04/07/2026,20:28,4290,16,Salón,Efectivo,82.0
8898,04/07/2026,15:23,3007,2,Para llevar,Tarjeta,70.0
8899,04/07/2026,20:40,2854,7,Salón,Efectivo,114.0
8900,04/07/2026,14:52,2232,19,Salón,Tarjeta,85.0
8901,04/07/2026,13:43,981,24,Salón,Tarjeta,135.0
8902,04/07/2026,19:51,303,2,Salón,Efectivo,244.0
8903,04/07/2026,13:53,5110,3,Delivery propio,Yape,98.0
8904,04/07/2026,12:54,2452,3,Delivery propio,Yape,152.0
8905,04/07/2026,12:21,,3,Delivery propio,Efectivo,36.0
8906,04/07/2026,14:48,3247,24,Delivery propio,Efectivo,116.0
8907,04/07/2026,19:46,3689,17,Salón,Efectivo,68.0
8908,05/07/2026,21:34,3283,17,Para llevar,Efectivo,112.0
8909,05/07/2026,17:41,3545,22,Para llevar,Yape,166.0
8910,05/07/2026,14:02,3517,16,Salón,Yape,123.0
8911,05/07/2026,13:01,3602,16,Salón,Plin,108.0
8912,05/07/2026,19:29,3790,20,Salón,Tarjeta,80.0
8913,05/07/2026,14:10,3076,19,Salón,Efectivo,106.0
8914,05/07/2026,15:44,5215,19,Salón,Yape,115.0
8915,05/07/2026,13:07,526,19,Delivery propio,Efectivo,90.0
8916,05/07/2026,21:30,4386,24,Delivery propio,Tarjeta,84.0
8917,05/07/2026,15:13,3462,18,Salón,Tarjeta,180.0
8918,05/07/2026,12:48,,17,Delivery propio,Efectivo,210.0
8919,05/07/2026,14:30,1151,22,Salón,Efectivo,64.0
8920,05/07/2026,21:23,1256,24,Para llevar,Efectivo,184.0
8921,05/07/2026,15:25,,20,Para llevar,Yape,78.0
8922,05/07/2026,20:42,3749,16,Salón,Plin,55.0
8923,05/07/2026,16:18,3735,16,Salón,Tarjeta,166.0
8924,05/07/2026,21:25,1093,19,Salón,Tarjeta,81.0
8925,05/07/2026,18:59,3789,2,Para llevar,Tarjeta,30.0
8926,05/07/2026,14:44,4646,16,Salón,Tarjeta,106.0
8927,05/07/2026,12:23,5224,3,Para llevar,Plin,34.0
8928,05/07/2026,15:33,,22,Salón,Yape,114.0
8929,05/07/2026,20:40,356,24,Salón,Tarjeta,92.0
8930,05/07/2026,11:44,407,5,Para llevar,Efectivo,394.0
8931,05/07/2026,20:27,185,19,Salón,Tarjeta,162.0
8932,05/07/2026,14:11,1069,19,Delivery propio,Tarjeta,245.0
8933,05/07/2026,19:58,2714,19,Salón,Efectivo,76.0
8934,05/07/2026,13:20,,19,Delivery propio,Efectivo,221.0
8935,05/07/2026,13:15,1122,24,Para llevar,Yape,292.0
8936,05/07/2026,12:20,877,24,Salón,Tarjeta,106.0
8937,05/07/2026,11:33,48,7,Salón,Yape,182.0
8938,05/07/2026,15:56,4434,3,Para llevar,Tarjeta,286.0
8939,05/07/2026,16:39,1573,2,Para llevar,Efectivo,54.0
8940,05/07/2026,13:32,4367,17,Salón,Tarjeta,144.0
8941,05/07/2026,18:30,,3,Para llevar,Plin,336.0
8942,05/07/2026,20:47,5266,16,Delivery propio,Tarjeta,111.0
8943,05/07/2026,20:11,1705,2,Para llevar,Tarjeta,160.0
8944,05/07/2026,18:48,499,5,Para llevar,Yape,138.0
8945,05/07/2026,18:25,178,16,Salón,Yape,100.0
8946,05/07/2026,15:05,3697,24,Salón,Efectivo,18.0
8947,05/07/2026,12:19,693,5,Salón,Efectivo,72.0
8948,05/07/2026,15:15,1543,5,Para llevar,Tarjeta,155.0
8949,05/07/2026,12:28,654,17,Salón,Efectivo,74.0
8950,05/07/2026,21:24,4079,22,Para llevar,Efectivo,64.0
8951,05/07/2026,11:16,2752,7,Delivery propio,Efectivo,328.0
8952,05/07/2026,20:49,3041,17,Salón,Efectivo,91.0
8953,05/07/2026,11:42,3866,22,Para llevar,Yape,164.0
8954,05/07/2026,14:52,3321,16,Salón,Yape,8.0
8955,05/07/2026,12:56,3817,3,Delivery propio,Plin,150.0
8956,05/07/2026,20:10,244,24,Para llevar,Efectivo,112.0
8957,05/07/2026,13:00,3092,2,Salón,Efectivo,78.0
8958,05/07/2026,15:01,,17,Delivery propio,Efectivo,66.0
8959,05/07/2026,19:52,190,18,Salón,Efectivo,174.0
8960,05/07/2026,14:57,1826,17,Salón,Tarjeta,6.0
8961,05/07/2026,14:03,2920,24,Delivery propio,Efectivo,10.0
8962,05/07/2026,13:10,2684,17,Salón,Efectivo,96.0
8963,05/07/2026,14:41,,20,Para llevar,Plin,94.0
8964,05/07/2026,12:37,1881,3,Salón,Efectivo,38.0
8965,06/07/2026,13:38,1881,18,Salón,Efectivo,144.0
8966,06/07/2026,20:28,5085,19,Salón,Plin,42.0
8967,06/07/2026,12:26,1284,17,Para llevar,Tarjeta,178.0
8968,06/07/2026,14:05,1468,5,Salón,Plin,134.0
8969,06/07/2026,19:23,5440,20,Delivery propio,Tarjeta,293.0
8970,06/07/2026,20:19,31,20,Salón,Plin,28.0
8971,06/07/2026,20:48,3734,3,Salón,Yape,36.0
8972,06/07/2026,13:15,1703,17,Salón,Tarjeta,178.0
8973,06/07/2026,12:04,3141,2,Delivery propio,Efectivo,120.0
8974,06/07/2026,13:00,1113,19,Salón,Yape,29.0
8975,06/07/2026,18:34,1338,24,Salón,Yape,60.0
8976,06/07/2026,11:10,745,17,Salón,Yape,54.0
8977,06/07/2026,18:59,656,7,Salón,Tarjeta,136.0
8978,06/07/2026,20:28,4602,2,Salón,Efectivo,163.0
8979,06/07/2026,15:48,2751,5,Salón,Efectivo,118.0
8980,06/07/2026,14:11,2316,3,Para llevar,Tarjeta,104.0
8981,06/07/2026,15:45,2127,20,Salón,Plin,138.0
8982,06/07/2026,17:40,2863,18,Salón,Plin,104.0
8983,06/07/2026,16:09,5433,19,Salón,Efectivo,253.0
8984,06/07/2026,14:57,2962,22,Salón,Plin,178.0
8985,06/07/2026,12:28,,24,Delivery propio,Tarjeta,122.0
8986,07/07/2026,11:33,4208,3,Salón,Efectivo,98.0
8987,07/07/2026,13:49,1891,24,Salón,Efectivo,184.0
8988,07/07/2026,19:41,,7,Salón,Efectivo,222.0
8989,07/07/2026,21:19,2464,7,Salón,Yape,73.0
8990,07/07/2026,19:26,663,19,Delivery propio,Yape,118.0
8991,07/07/2026,20:38,,17,Para llevar,Yape,198.0
8992,07/07/2026,20:51,1670,2,Para llevar,Plin,108.0
8993,07/07/2026,14:10,5049,18,Para llevar,Tarjeta,228.0
8994,07/07/2026,19:11,4877,20,Salón,Yape,38.0
8995,07/07/2026,11:23,5455,22,Salón,Efectivo,206.0
8996,07/07/2026,20:26,5031,3,Salón,Plin,142.0
8997,07/07/2026,11:56,,16,Para llevar,Efectivo,339.0
8998,07/07/2026,13:37,4969,17,Salón,Tarjeta,181.0
8999,07/07/2026,14:00,4520,19,Salón,Yape,137.0
9000,07/07/2026,21:11,877,17,Salón,Plin,32.0
9001,07/07/2026,12:45,659,20,Salón,Plin,178.0
9002,07/07/2026,19:25,2506,5,Delivery propio,Efectivo,68.0
9003,08/07/2026,18:46,4313,17,Salón,Yape,55.0
9004,08/07/2026,16:33,3302,19,Salón,Tarjeta,246.0
9005,08/07/2026,18:10,5323,7,Delivery propio,Efectivo,39.0
9006,08/07/2026,19:42,3022,3,Delivery propio,Yape,167.0
9007,08/07/2026,14:34,821,17,Para llevar,Efectivo,165.0
9008,08/07/2026,14:20,4729,16,Delivery propio,Efectivo,146.0
9009,08/07/2026,18:36,3915,22,Salón,Yape,102.0
9010,08/07/2026,13:45,202,5,Salón,Efectivo,187.0
9011,08/07/2026,17:00,699,5,Para llevar,Tarjeta,150.0
9012,08/07/2026,15:10,1703,18,Salón,Tarjeta,66.0
9013,08/07/2026,13:16,2942,20,Salón,Tarjeta,132.0
9014,08/07/2026,19:52,5072,17,Delivery propio,Tarjeta,174.0
9015,08/07/2026,13:44,3597,22,Salón,Yape,62.0
9016,08/07/2026,19:59,3772,5,Salón,Plin,194.0
9017,08/07/2026,19:39,2797,18,Salón,Yape,64.0
9018,08/07/2026,12:21,3008,7,Salón,Efectivo,132.0
9019,08/07/2026,13:43,1985,2,Salón,Plin,195.0
9020,08/07/2026,13:34,455,16,Para llevar,Yape,92.0
9021,08/07/2026,17:03,2596,3,Salón,Tarjeta,68.0
9022,08/07/2026,14:25,1965,2,Salón,Tarjeta,159.0
9023,08/07/2026,14:50,2835,22,Salón,Yape,80.0
9024,08/07/2026,18:15,4059,2,Delivery propio,Tarjeta,186.0
9025,09/07/2026,15:11,3814,22,Delivery propio,Efectivo,180.0
9026,09/07/2026,12:18,4277,22,Delivery propio,Yape,152.0
9027,09/07/2026,20:21,1681,20,Salón,Tarjeta,103.0
9028,09/07/2026,19:14,926,7,Salón,Yape,270.0
9029,09/07/2026,19:19,2007,16,Salón,Efectivo,60.0
9030,09/07/2026,14:38,4851,16,Salón,Tarjeta,250.0
9031,09/07/2026,15:27,,2,Salón,Yape,84.0
9032,09/07/2026,13:57,3592,20,Salón,Yape,192.0
9033,09/07/2026,18:44,4882,7,Para llevar,Yape,36.0
9034,09/07/2026,19:59,4748,3,Salón,Efectivo,138.0
9035,09/07/2026,14:01,371,7,Salón,Yape,75.0
9036,09/07/2026,17:39,3561,5,Salón,Yape,103.0
9037,09/07/2026,20:36,2066,24,Salón,Tarjeta,192.0
9038,09/07/2026,14:18,2185,17,Para llevar,Tarjeta,52.0
9039,09/07/2026,12:27,2936,18,Salón,Tarjeta,86.0
9040,09/07/2026,16:22,3578,24,Salón,Tarjeta,158.0
9041,09/07/2026,14:00,3789,19,Salón,Efectivo,36.0
9042,09/07/2026,14:10,4547,5,Salón,Tarjeta,148.0
9043,09/07/2026,11:33,463,24,Delivery propio,Yape,79.0
9044,09/07/2026,20:34,,7,Salón,Efectivo,68.0
9045,09/07/2026,12:10,2283,22,Salón,Plin,98.0
9046,09/07/2026,13:48,2330,16,Salón,Plin,96.0
9047,09/07/2026,14:54,582,17,Salón,Plin,116.0
9048,09/07/2026,19:56,3432,24,Salón,Plin,143.0
9049,09/07/2026,14:37,,18,Delivery propio,Yape,138.0
9050,09/07/2026,19:10,3545,17,Delivery propio,Tarjeta,146.0
9051,09/07/2026,17:29,3936,24,Salón,Tarjeta,186.0
9052,09/07/2026,11:41,997,22,Salón,Efectivo,231.0
9053,09/07/2026,14:51,4124,3,Salón,Tarjeta,30.0
9054,10/07/2026,20:17,1090,17,Salón,Plin,58.0
9055,10/07/2026,13:06,803,17,Para llevar,Plin,28.0
9056,10/07/2026,12:59,1464,16,Salón,Efectivo,64.0
9057,10/07/2026,20:11,5260,20,Delivery propio,Tarjeta,151.0
9058,10/07/2026,14:38,,3,Salón,Yape,134.0
9059,10/07/2026,20:28,1284,18,Salón,Efectivo,172.0
9060,10/07/2026,20:24,208,24,Salón,Plin,84.0
9061,10/07/2026,15:26,5093,24,Salón,Efectivo,38.0
9062,10/07/2026,15:43,844,7,Para llevar,Tarjeta,274.0
9063,10/07/2026,19:12,,5,Salón,Efectivo,68.0
9064,10/07/2026,14:00,4481,20,Para llevar,Efectivo,56.0
9065,10/07/2026,16:58,2937,3,Delivery propio,Tarjeta,84.0
9066,10/07/2026,15:29,947,18,Para llevar,Yape,65.0
9067,10/07/2026,15:33,3741,19,Salón,Yape,158.0
9068,10/07/2026,11:50,5433,24,Salón,Tarjeta,150.0
9069,10/07/2026,13:05,2424,3,Para llevar,Tarjeta,70.0
9070,No se sabe,19:02,775,7,Delivery propio,Tarjeta,163.0
9071,10/07/2026,20:28,,22,Para llevar,Efectivo,164.0
9072,10/07/2026,14:04,4479,18,Para llevar,Tarjeta,290.0
9073,10/07/2026,15:56,3372,5,Delivery propio,Yape,72.0
9074,10/07/2026,14:56,1213,22,Para llevar,Plin,144.0
9075,10/07/2026,14:22,2178,5,Salón,Tarjeta,42.0
9076,10/07/2026,19:40,253,20,Salón,Plin,116.0
9077,10/07/2026,13:33,,20,Para llevar,Yape,160.0
9078,10/07/2026,12:36,2677,3,Delivery propio,Tarjeta,207.0
9079,10/07/2026,19:29,671,5,Salón,Tarjeta,138.0
9080,10/07/2026,19:24,5004,2,Salón,Efectivo,34.0
9081,10/07/2026,20:18,2407,2,Para llevar,Efectivo,56.0
9082,10/07/2026,20:42,2107,3,Salón,Efectivo,91.0
9083,10/07/2026,12:15,,7,Para llevar,Yape,42.0
9084,10/07/2026,18:05,416,2,Salón,Tarjeta,70.0
9085,10/07/2026,19:13,3138,24,Delivery propio,Yape,74.0
9086,10/07/2026,15:32,4143,16,Salón,Efectivo,30.0
9087,11/07/2026,19:03,2046,16,Salón,Plin,162.0
9088,11/07/2026,18:12,4392,3,Salón,Efectivo,66.0
9089,11/07/2026,12:57,1965,19,Salón,Tarjeta,266.0
9090,11/07/2026,20:56,2460,17,Salón,Efectivo,104.0
9091,11/07/2026,19:02,2466,19,Delivery propio,Yape,270.0
9092,11/07/2026,13:56,,2,Para llevar,Yape,180.0
9093,11/07/2026,12:23,1079,7,Salón,Tarjeta,90.0
9094,11/07/2026,21:10,3094,2,Salón,Tarjeta,106.0
9095,11/07/2026,20:26,1163,17,Delivery propio,Yape,86.0
9096,11/07/2026,14:12,1310,20,Para llevar,Plin,96.0
9097,11/07/2026,14:23,5046,7,Salón,Yape,146.0
9098,11/07/2026,15:41,831,2,Salón,Tarjeta,68.0
9099,11/07/2026,14:21,,18,Salón,Efectivo,18.0
9100,11/07/2026,21:49,5250,18,Para llevar,Efectivo,154.0
9101,11/07/2026,15:05,4944,3,Delivery propio,Efectivo,67.0
9102,11/07/2026,13:55,607,7,Salón,Tarjeta,206.0
9103,11/07/2026,19:35,2997,2,Delivery propio,Yape,70.0
9104,11/07/2026,14:37,5252,19,Para llevar,Plin,156.0
9105,11/07/2026,13:42,4479,19,Salón,Yape,101.0
9106,11/07/2026,16:20,294,20,Delivery propio,Yape,65.0
9107,11/07/2026,17:26,1330,22,Salón,Tarjeta,148.0
9108,11/07/2026,20:26,4138,24,Delivery propio,Efectivo,43.0
9109,11/07/2026,19:18,1922,16,Salón,Tarjeta,74.0
9110,11/07/2026,12:37,1687,5,Salón,Tarjeta,104.0
9111,11/07/2026,19:25,1103,7,Salón,Tarjeta,161.0
9112,11/07/2026,15:59,3483,16,Salón,Tarjeta,52.0
9113,11/07/2026,15:11,5425,24,Para llevar,Efectivo,68.0
9114,11/07/2026,14:01,1883,17,Salón,Efectivo,70.0
9115,11/07/2026,13:42,5321,2,Para llevar,Efectivo,172.0
9116,11/07/2026,21:06,2749,22,Para llevar,Yape,64.0
9117,11/07/2026,13:51,2887,18,Delivery propio,Efectivo,295.0
9118,11/07/2026,13:18,4606,7,Salón,Efectivo,258.0
9119,11/07/2026,14:46,2330,3,Delivery propio,Tarjeta,66.0
9120,11/07/2026,14:34,1997,20,Salón,Efectivo,84.0
9121,11/07/2026,19:53,1157,2,Salón,Tarjeta,210.0
9122,11/07/2026,13:15,4880,22,Salón,Yape,220.0
9123,11/07/2026,20:36,,3,Salón,Yape,64.0
9124,11/07/2026,12:08,3388,24,Para llevar,Efectivo,16.0
9125,11/07/2026,13:13,4815,19,Salón,Efectivo,54.0
9126,11/07/2026,13:08,2750,18,Salón,Tarjeta,137.0
9127,11/07/2026,13:13,,5,Salón,Tarjeta,280.0
9128,11/07/2026,16:19,5315,16,Delivery propio,Efectivo,121.0
9129,11/07/2026,11:12,4536,17,Para llevar,Efectivo,129.0
9130,11/07/2026,14:13,4487,17,Salón,Plin,154.0
9131,11/07/2026,18:23,5337,5,Salón,Tarjeta,68.0
9132,11/07/2026,17:49,352,20,Salón,Plin,223.0
9133,11/07/2026,19:20,1140,22,Salón,Tarjeta,136.0
9134,11/07/2026,14:38,1724,7,Delivery propio,Yape,54.0
9135,11/07/2026,14:37,4067,5,Salón,Efectivo,332.0
9136,11/07/2026,12:27,5089,18,Delivery propio,Efectivo,83.0
9137,11/07/2026,15:34,4917,16,Salón,Efectivo,130.0
9138,11/07/2026,13:33,2435,19,Delivery propio,Yape,106.0
9139,11/07/2026,18:33,2326,17,Para llevar,Yape,161.0
9140,11/07/2026,11:26,2792,7,Salón,Yape,18.0
9141,11/07/2026,11:04,2374,24,Salón,Tarjeta,224.0
9142,11/07/2026,13:56,1305,19,Salón,Yape,180.0
9143,11/07/2026,13:23,23,3,Salón,Yape,61.0
9144,11/07/2026,21:00,4286,22,Salón,Yape,204.0
9145,11/07/2026,14:25,4207,7,Salón,Tarjeta,90.0
9146,12/07/2026,18:32,4848,20,Salón,Plin,124.0
9147,12/07/2026,20:38,4014,18,Salón,Yape,102.0
9148,12/07/2026,16:15,2593,20,Salón,Efectivo,42.0
9149,12/07/2026,19:49,3630,2,Salón,Yape,100.0
9150,12/07/2026,18:07,817,24,Salón,Efectivo,75.0
9151,12/07/2026,16:36,936,24,Salón,Tarjeta,126.0
9152,12/07/2026,13:38,4373,24,Salón,Efectivo,78.0
9153,12/07/2026,14:04,3403,2,Salón,Tarjeta,216.0
9154,12/07/2026,19:13,5375,17,Para llevar,Plin,174.0
9155,12/07/2026,18:19,2019,18,Delivery propio,Tarjeta,182.0
9156,12/07/2026,15:55,515,20,Para llevar,Efectivo,96.0
9157,12/07/2026,14:54,5207,18,Salón,Yape,58.0
9158,12/07/2026,20:55,2920,3,Salón,Tarjeta,214.0
9159,12/07/2026,20:46,4051,24,Salón,Efectivo,122.0
9160,12/07/2026,14:57,1219,2,Para llevar,Plin,174.0
9161,12/07/2026,12:42,2911,3,Salón,Yape,25.0
9162,12/07/2026,12:55,4284,18,Salón,Yape,64.0
9163,12/07/2026,14:17,2586,16,Salón,Yape,86.0
9164,12/07/2026,15:02,2289,19,Salón,Yape,30.0
9165,12/07/2026,14:18,304,20,Delivery propio,Yape,175.0
9166,12/07/2026,13:49,3560,20,Delivery propio,Yape,124.0
9167,12/07/2026,11:26,255,17,Salón,Yape,141.0
9168,12/07/2026,14:23,676,18,Delivery propio,Efectivo,92.0
9169,12/07/2026,12:06,484,16,Para llevar,Tarjeta,20.0
9170,12/07/2026,20:32,4275,17,Salón,Efectivo,196.0
9171,12/07/2026,13:52,2118,19,Delivery propio,Yape,140.0
9172,12/07/2026,18:39,877,22,Delivery propio,Efectivo,104.0
9173,12/07/2026,17:09,4309,17,Salón,Efectivo,102.0
9174,12/07/2026,18:59,5337,19,Salón,Plin,60.0
9175,12/07/2026,20:11,2959,18,Para llevar,Efectivo,190.0
9176,12/07/2026,14:13,3634,17,Salón,Yape,156.0
9177,12/07/2026,19:33,70,19,Salón,Tarjeta,132.0
9178,12/07/2026,17:08,732,7,Delivery propio,Efectivo,104.0
9179,12/07/2026,17:11,4434,20,Salón,Plin,142.0
9180,12/07/2026,15:20,3926,2,Salón,Efectivo,220.0
9181,12/07/2026,13:51,2726,19,Salón,Tarjeta,114.0
9182,12/07/2026,14:17,699,16,Delivery propio,Tarjeta,121.0
9183,12/07/2026,11:58,1991,22,Salón,Tarjeta,148.0
9184,12/07/2026,13:38,5400,2,Delivery propio,Yape,68.0
9185,12/07/2026,18:36,1461,17,Salón,Tarjeta,156.0
9186,12/07/2026,16:14,4656,22,Para llevar,Tarjeta,318.0
9187,12/07/2026,18:18,1919,7,Salón,Efectivo,108.0
9188,12/07/2026,15:07,4542,20,Delivery propio,Tarjeta,168.0
9189,12/07/2026,14:54,757,3,Salón,Tarjeta,162.0
9190,12/07/2026,14:42,989,3,Salón,Efectivo,156.0
9191,12/07/2026,13:05,4359,19,Para llevar,Tarjeta,218.0
9192,12/07/2026,14:21,,17,Salón,Plin,126.0
9193,12/07/2026,14:04,4557,3,Salón,Yape,104.0
9194,12/07/2026,16:03,2710,3,Salón,Tarjeta,131.0
9195,12/07/2026,14:24,2595,7,Salón,Tarjeta,74.0
9196,12/07/2026,13:53,4582,2,Salón,Efectivo,202.0
9197,12/07/2026,19:39,4029,18,Para llevar,Efectivo,112.0
9198,12/07/2026,20:55,4625,24,Para llevar,Efectivo,254.0
9199,12/07/2026,18:24,,7,Salón,Plin,180.0
9200,12/07/2026,12:31,,5,Salón,Yape,156.0
9201,12/07/2026,19:05,651,2,Salón,Yape,42.0
9202,12/07/2026,16:01,,5,Salón,Plin,74.0
9203,13/07/2026,16:18,1207,18,Salón,Efectivo,184.0
9204,13/07/2026,15:50,414,22,Salón,Yape,174.0
9205,13/07/2026,16:56,1830,7,Para llevar,Efectivo,116.0
9206,13/07/2026,14:55,3586,24,Salón,Efectivo,141.0
9207,13/07/2026,14:17,5248,2,Salón,Efectivo,80.0
9208,13/07/2026,20:13,2393,19,Delivery propio,Yape,80.0
9209,13/07/2026,13:27,2349,24,Para llevar,Efectivo,68.0
9210,13/07/2026,19:07,1865,17,Salón,Yape,206.0
9211,13/07/2026,13:23,1998,24,Salón,Tarjeta,97.0
9212,13/07/2026,19:57,2512,5,Salón,Efectivo,136.0
9213,13/07/2026,14:32,1919,22,Delivery propio,Efectivo,250.0
9214,13/07/2026,14:52,1169,7,Salón,Yape,92.0
9215,13/07/2026,20:48,2983,2,Para llevar,Yape,84.0
9216,13/07/2026,14:51,2426,2,Salón,Yape,130.0
9217,13/07/2026,19:12,3891,5,Salón,Tarjeta,158.0
9218,13/07/2026,16:14,,7,Salón,Plin,121.0
9219,13/07/2026,15:18,2064,7,Salón,Plin,70.0
9220,13/07/2026,20:54,3757,22,Salón,Efectivo,96.0
9221,13/07/2026,20:08,4451,19,Salón,Efectivo,121.0
9222,13/07/2026,13:42,2637,20,Salón,Efectivo,45.0
9223,13/07/2026,16:08,193,17,Para llevar,Yape,222.0
9224,13/07/2026,19:14,1974,20,Salón,Efectivo,108.0
9225,13/07/2026,13:16,1128,5,Para llevar,Yape,202.0
9226,13/07/2026,20:59,5372,7,Para llevar,Plin,82.0
9227,13/07/2026,15:15,2513,5,Salón,Tarjeta,24.0
9228,13/07/2026,19:10,2405,5,Salón,Efectivo,36.0
9229,13/07/2026,13:51,2779,17,Delivery propio,Efectivo,62.0
9230,13/07/2026,11:52,2118,19,Salón,Plin,94.0
9231,13/07/2026,13:05,4194,19,Salón,Yape,112.0
9232,14/07/2026,13:20,840,16,Para llevar,Plin,236.0
9233,14/07/2026,19:12,,16,Para llevar,Efectivo,214.0
9234,14/07/2026,19:16,3007,3,Delivery propio,Tarjeta,228.0
9235,14/07/2026,11:59,3473,19,Delivery propio,Yape,99.0
9236,14/07/2026,18:32,2288,2,Salón,Yape,168.0
9237,14/07/2026,11:27,4730,19,Delivery propio,Tarjeta,101.0
9238,14/07/2026,15:03,4713,20,Salón,Yape,48.0
9239,14/07/2026,12:51,4045,7,Salón,Tarjeta,180.0
9240,14/07/2026,12:23,395,20,Para llevar,Plin,52.0
9241,14/07/2026,18:35,4435,16,Salón,Plin,30.0
9242,14/07/2026,20:30,4808,17,Salón,Tarjeta,18.0
9243,14/07/2026,21:28,2072,7,Salón,Efectivo,135.0
9244,14/07/2026,16:48,4237,18,Salón,Efectivo,102.0
9245,14/07/2026,13:32,3057,22,Salón,Tarjeta,171.0
9246,14/07/2026,18:04,1878,16,Salón,Efectivo,128.0
9247,14/07/2026,13:51,4715,20,Salón,Tarjeta,230.0
9248,14/07/2026,15:06,,7,Salón,Yape,20.0
9249,14/07/2026,19:42,4104,17,Delivery propio,Efectivo,62.0
9250,14/07/2026,16:09,1811,7,Salón,Tarjeta,286.0
9251,15/07/2026,13:48,780,7,Delivery propio,Tarjeta,182.0
9252,15/07/2026,19:41,2497,5,Para llevar,Efectivo,76.0
9253,15/07/2026,16:14,4411,16,Salón,Yape,78.0
9254,15/07/2026,13:37,4404,24,Salón,Yape,72.0
9255,15/07/2026,21:42,1822,19,Salón,Plin,244.0
9256,15/07/2026,15:25,4321,22,Salón,Yape,104.0
9257,15/07/2026,17:13,635,5,Delivery propio,Efectivo,92.0
9258,15/07/2026,19:33,4642,7,Salón,Plin,204.0
9259,15/07/2026,15:13,3292,17,Salón,Yape,134.0
9260,15/07/2026,13:34,5312,2,Delivery propio,Efectivo,54.0
9261,15/07/2026,12:15,1396,2,Salón,Efectivo,211.0
9262,15/07/2026,21:06,3775,7,Salón,Tarjeta,126.0
9263,15/07/2026,18:47,735,5,Delivery propio,Efectivo,48.0
9264,15/07/2026,20:30,4283,18,Salón,Efectivo,136.0
9265,15/07/2026,19:57,2153,7,Salón,Yape,206.0
9266,Ayer,13:43,,7,Delivery propio,Yape,126.0
9267,15/07/2026,19:13,5134,5,Salón,Efectivo,140.0
9268,15/07/2026,13:08,3082,24,Salón,Efectivo,169.0
9269,15/07/2026,15:22,591,18,Salón,Yape,40.0
9270,15/07/2026,13:45,4230,20,Salón,Yape,80.0
9271,15/07/2026,18:55,,2,Salón,Yape,157.0
9272,15/07/2026,15:58,2721,7,Para llevar,Yape,38.0
9273,15/07/2026,11:22,4144,16,Salón,Tarjeta,213.0
9274,15/07/2026,13:02,3117,17,Salón,Efectivo,154.0
9275,15/07/2026,18:21,4718,20,Delivery propio,Efectivo,78.0
9276,15/07/2026,19:14,3188,5,Delivery propio,Tarjeta,32.0
9277,15/07/2026,16:08,269,19,Salón,Efectivo,112.0
9278,15/07/2026,15:52,1252,19,Delivery propio,Plin,230.0
9279,16/07/2026,16:43,4230,18,Delivery propio,Efectivo,124.0
9280,16/07/2026,15:33,3759,2,Salón,Yape,54.0
9281,16/07/2026,13:15,2908,17,Salón,Efectivo,98.0
9282,16/07/2026,15:47,964,16,Para llevar,Tarjeta,176.0
9283,16/07/2026,11:31,713,22,Para llevar,Tarjeta,215.0
9284,16/07/2026,13:53,4247,19,Delivery propio,Efectivo,126.0
9285,16/07/2026,16:12,3670,19,Salón,Efectivo,182.0
9286,16/07/2026,14:47,5069,22,Salón,Plin,100.0
9287,16/07/2026,15:24,2737,19,Salón,Efectivo,170.0
9288,16/07/2026,15:42,1035,2,Delivery propio,Yape,152.0
9289,16/07/2026,14:32,2676,17,Delivery propio,Efectivo,72.0
9290,16/07/2026,14:35,,20,Para llevar,Plin,72.0
9291,16/07/2026,13:22,2672,18,Para llevar,Yape,235.0
9292,16/07/2026,14:57,2586,22,Salón,Tarjeta,82.0
9293,16/07/2026,20:07,2751,16,Salón,Efectivo,6.0
9294,16/07/2026,18:38,1712,22,Delivery propio,Efectivo,20.0
9295,16/07/2026,20:20,3746,24,Salón,Efectivo,40.0
9296,16/07/2026,13:41,4226,2,Para llevar,Efectivo,36.0
9297,16/07/2026,13:00,1634,19,Para llevar,Yape,136.0
9298,16/07/2026,15:54,5199,18,Salón,Tarjeta,76.0
9299,16/07/2026,11:17,1707,22,Para llevar,Yape,42.0
9300,16/07/2026,16:53,48,24,Salón,Yape,192.0
9301,17/07/2026,14:50,4243,2,Salón,Yape,69.0
9302,17/07/2026,13:09,1988,19,Para llevar,Efectivo,183.0
9303,17/07/2026,18:01,2133,19,Salón,Tarjeta,66.0
9304,17/07/2026,21:38,779,19,Salón,Efectivo,49.0
9305,17/07/2026,17:17,1086,7,Salón,Tarjeta,151.0
9306,17/07/2026,14:17,925,18,Para llevar,Efectivo,194.0
9307,17/07/2026,13:41,4416,7,Salón,Tarjeta,68.0
9308,17/07/2026,15:34,3261,17,Para llevar,Yape,94.0
9309,17/07/2026,21:59,2250,20,Delivery propio,Plin,34.0
9310,17/07/2026,12:06,4385,20,Para llevar,Efectivo,63.0
9311,17/07/2026,11:02,4190,3,Salón,Yape,272.0
9312,17/07/2026,18:28,,16,Salón,Tarjeta,52.0
9313,17/07/2026,15:35,3482,5,Para llevar,Yape,58.0
9314,17/07/2026,15:07,817,18,Delivery propio,Plin,114.0
9315,17/07/2026,21:00,2432,19,Para llevar,Efectivo,267.0
9316,17/07/2026,11:19,5473,7,Para llevar,Tarjeta,172.0
9317,17/07/2026,12:04,2813,20,Salón,Yape,104.0
9318,17/07/2026,13:03,,24,Salón,Tarjeta,243.0
9319,17/07/2026,11:38,1825,7,Para llevar,Efectivo,82.0
9320,17/07/2026,20:31,4860,24,Salón,Tarjeta,171.0
9321,17/07/2026,12:51,2065,18,Para llevar,Efectivo,156.0
9322,17/07/2026,21:44,1489,17,Para llevar,Yape,283.0
9323,17/07/2026,13:31,3633,19,Delivery propio,Plin,66.0
9324,17/07/2026,15:11,1094,2,Delivery propio,Efectivo,88.0
9325,17/07/2026,12:23,941,20,Para llevar,Tarjeta,68.0
9326,17/07/2026,14:46,4961,22,Salón,Efectivo,270.0
9327,17/07/2026,15:37,99,20,Salón,Efectivo,92.0
9328,17/07/2026,12:21,511,16,Salón,Tarjeta,112.0
9329,17/07/2026,13:24,4367,24,Salón,Yape,62.0
9330,17/07/2026,16:36,3244,17,Para llevar,Efectivo,70.0
9331,17/07/2026,14:05,3636,22,Salón,Yape,160.0
9332,17/07/2026,14:04,1577,20,Salón,Tarjeta,74.0
9333,17/07/2026,19:59,4972,7,Salón,Yape,68.0
9334,18/07/2026,13:10,774,2,Salón,Plin,70.0
9335,18/07/2026,12:45,834,2,Para llevar,Tarjeta,124.0
9336,18/07/2026,15:14,1845,3,Para llevar,Yape,16.0
9337,18/07/2026,13:40,2507,18,Salón,Efectivo,126.0
9338,18/07/2026,20:17,,5,Salón,Tarjeta,112.0
9339,18/07/2026,16:58,3463,5,Delivery propio,Tarjeta,132.0
9340,18/07/2026,14:55,3792,16,Salón,Tarjeta,100.0
9341,18/07/2026,12:01,3938,2,Salón,Yape,112.0
9342,18/07/2026,18:45,4795,16,Salón,Efectivo,36.0
9343,18/07/2026,20:39,833,20,Salón,Efectivo,24.0
9344,18/07/2026,17:14,3043,24,Salón,Yape,153.0
9345,18/07/2026,11:10,2737,24,Salón,Yape,58.0
9346,18/07/2026,13:35,2325,18,Salón,Efectivo,66.0
9347,18/07/2026,13:30,,17,Salón,Efectivo,190.0
9348,18/07/2026,14:49,3683,22,Salón,Tarjeta,42.0
9349,18/07/2026,14:04,2987,22,Para llevar,Yape,36.0
9350,18/07/2026,14:02,5283,20,Salón,Efectivo,112.0
9351,18/07/2026,15:05,1541,20,Salón,Yape,79.0
9352,18/07/2026,15:29,4592,24,Salón,Yape,63.0
9353,18/07/2026,15:47,4426,17,Salón,Yape,164.0
9354,18/07/2026,17:08,4514,5,Salón,Yape,110.0
9355,18/07/2026,19:35,3597,2,Salón,Yape,123.0
9356,18/07/2026,21:44,3273,7,Salón,Plin,96.0
9357,18/07/2026,15:57,5421,18,Delivery propio,Efectivo,50.0
9358,18/07/2026,13:05,4139,2,Delivery propio,Tarjeta,88.0
9359,18/07/2026,21:12,1707,19,Salón,Efectivo,192.0
9360,18/07/2026,11:57,764,24,Salón,Efectivo,158.0
9361,18/07/2026,13:17,2852,16,Delivery propio,Efectivo,114.0
9362,18/07/2026,19:25,,18,Salón,Tarjeta,177.0
9363,18/07/2026,20:14,,20,Salón,Yape,60.0
9364,18/07/2026,18:11,2902,7,Salón,Yape,170.0
9365,18/07/2026,13:17,4135,2,Salón,Efectivo,99.0
9366,18/07/2026,14:52,1910,17,Salón,Tarjeta,54.0
9367,18/07/2026,21:13,1730,7,Salón,Efectivo,188.0
9368,19/07/2026,13:04,3987,20,Salón,Efectivo,146.0
9369,19/07/2026,18:30,4062,7,Salón,Yape,90.0
9370,19/07/2026,14:46,982,2,Delivery propio,Yape,183.0
9371,19/07/2026,14:29,,17,Salón,Efectivo,34.0
9372,19/07/2026,19:38,1178,24,Salón,Yape,33.0
9373,19/07/2026,13:19,4036,5,Delivery propio,Efectivo,156.0
9374,19/07/2026,14:56,3778,2,Salón,Yape,82.0
9375,19/07/2026,14:39,4392,24,Delivery propio,Tarjeta,242.0
9376,19/07/2026,18:45,2161,2,Delivery propio,Yape,87.0
9377,19/07/2026,15:42,3378,18,Salón,Tarjeta,132.0
9378,Ayer,15:49,1740,7,Delivery propio,Efectivo,116.0
9379,19/07/2026,20:01,1391,17,Para llevar,Yape,240.0
9380,19/07/2026,14:58,967,24,Delivery propio,Yape,88.0
9381,19/07/2026,19:40,,24,Para llevar,Tarjeta,178.0
9382,19/07/2026,20:34,2090,24,Delivery propio,Yape,30.0
9383,19/07/2026,19:35,2161,16,Delivery propio,Efectivo,90.0
9384,19/07/2026,14:16,2900,7,Salón,Yape,168.0
9385,19/07/2026,13:41,3941,17,Para llevar,Efectivo,92.0
9386,19/07/2026,11:28,2898,24,Para llevar,Efectivo,108.0
9387,19/07/2026,13:49,742,7,Delivery propio,Efectivo,84.0
9388,19/07/2026,18:20,4716,19,Para llevar,Efectivo,88.0
9389,19/07/2026,11:36,1804,18,Salón,Tarjeta,168.0
9390,19/07/2026,13:12,1495,22,Para llevar,Tarjeta,72.0
9391,19/07/2026,16:55,439,3,Salón,Efectivo,203.0
9392,19/07/2026,18:23,4029,24,Salón,Tarjeta,308.0
9393,19/07/2026,18:59,1193,16,Salón,Plin,216.0
9394,19/07/2026,16:50,5278,2,Salón,Yape,74.0
9395,19/07/2026,14:07,53,2,Para llevar,Efectivo,242.0
9396,19/07/2026,16:53,2432,20,Salón,Efectivo,108.0
9397,19/07/2026,13:22,1721,17,Salón,Efectivo,125.0
9398,19/07/2026,20:39,3084,22,Para llevar,Yape,70.0
9399,19/07/2026,11:58,4005,24,Salón,Yape,44.0
9400,19/07/2026,19:12,3000,18,Salón,Yape,114.0
9401,19/07/2026,15:17,579,5,Salón,Efectivo,50.0
9402,19/07/2026,13:18,,3,Para llevar,Efectivo,60.0
9403,19/07/2026,14:35,119,18,Delivery propio,Tarjeta,116.0
9404,19/07/2026,13:28,1534,18,Para llevar,Tarjeta,180.0
9405,19/07/2026,19:44,589,24,Para llevar,Tarjeta,170.0
9406,19/07/2026,14:51,3917,7,Salón,Yape,70.0
9407,19/07/2026,18:29,1448,22,Salón,Tarjeta,72.0
9408,19/07/2026,19:13,1225,19,Salón,Efectivo,146.0
9409,19/07/2026,21:34,,3,Para llevar,Efectivo,98.0
9410,19/07/2026,15:40,5025,7,Salón,Plin,56.0
9411,19/07/2026,14:01,75,3,Delivery propio,Yape,116.0
9412,19/07/2026,11:31,2738,18,Salón,Yape,58.0
9413,19/07/2026,13:33,3956,20,Delivery propio,Efectivo,104.0
9414,19/07/2026,15:02,4189,17,Para llevar,Yape,220.0
9415,19/07/2026,11:30,,3,Salón,Efectivo,149.0
9416,19/07/2026,12:15,5144,19,Delivery propio,Yape,72.0
9417,19/07/2026,20:03,595,16,Salón,Efectivo,100.0
9418,19/07/2026,12:41,4479,7,Para llevar,Tarjeta,158.0
9419,19/07/2026,13:50,18,18,Salón,Yape,45.0
9420,19/07/2026,13:56,377,16,Para llevar,Yape,92.0
9421,19/07/2026,19:38,,7,Salón,Tarjeta,104.0
9422,19/07/2026,12:34,4659,16,Salón,Efectivo,234.0
9423,19/07/2026,16:30,1830,19,Para llevar,Yape,240.0
9424,19/07/2026,12:27,142,7,Salón,Yape,99.0
9425,19/07/2026,13:07,877,22,Salón,Plin,139.0
9426,19/07/2026,11:07,1852,3,Delivery propio,Yape,178.0
9427,19/07/2026,11:20,,18,Delivery propio,Yape,172.0
9428,19/07/2026,14:46,4824,17,Salón,Plin,168.0
9429,20/07/2026,11:35,17,20,Delivery propio,Tarjeta,73.0
9430,20/07/2026,16:01,2325,5,Salón,Yape,34.0
9431,20/07/2026,18:39,5455,24,Para llevar,Plin,144.0
9432,20/07/2026,19:40,699,18,Salón,Efectivo,117.0
9433,20/07/2026,13:48,2633,3,Salón,Efectivo,37.0
9434,20/07/2026,19:13,3846,16,Salón,Efectivo,46.0
9435,20/07/2026,18:23,2915,2,Salón,Efectivo,147.0
9436,20/07/2026,21:11,1535,19,Para llevar,Tarjeta,38.0
9437,20/07/2026,20:12,780,24,Delivery propio,Tarjeta,54.0
9438,20/07/2026,12:18,3221,7,Para llevar,Efectivo,300.0
9439,Ayer,14:33,4608,2,Salón,Tarjeta,231.0
9440,20/07/2026,14:30,4934,22,Salón,Efectivo,139.0
9441,20/07/2026,15:15,3361,22,Salón,Efectivo,184.0
9442,20/07/2026,15:08,2220,7,Delivery propio,Tarjeta,188.0
9443,20/07/2026,16:43,,17,Delivery propio,Plin,197.0
9444,20/07/2026,21:19,4174,22,Salón,Efectivo,90.0
9445,20/07/2026,15:25,2449,3,Salón,Yape,25.0
9446,Ayer,13:58,1752,24,Delivery propio,Plin,102.0
9447,20/07/2026,12:19,4347,24,Delivery propio,Yape,178.0
9448,20/07/2026,17:30,1046,18,Para llevar,Tarjeta,69.0
9449,20/07/2026,14:43,3058,5,Delivery propio,Efectivo,206.0
9450,20/07/2026,11:37,3380,7,Salón,Efectivo,197.0
9451,20/07/2026,12:24,2045,3,Delivery propio,Tarjeta,363.0
9452,20/07/2026,19:28,1755,22,Para llevar,Tarjeta,103.0
9453,20/07/2026,18:50,2349,20,Salón,Yape,177.0
9454,21/07/2026,11:29,5169,22,Salón,Efectivo,238.0
9455,21/07/2026,14:20,4014,17,Salón,Efectivo,88.0
9456,21/07/2026,12:37,4596,16,Salón,Efectivo,84.0
9457,21/07/2026,20:28,4279,20,Salón,Efectivo,129.0
9458,21/07/2026,19:12,651,5,Para llevar,Yape,155.0
9459,21/07/2026,13:30,3544,20,Para llevar,Efectivo,20.0
9460,21/07/2026,21:25,,20,Delivery propio,Yape,387.0
9461,21/07/2026,14:21,3541,18,Salón,Yape,66.0
9462,21/07/2026,13:56,2983,7,Para llevar,Yape,126.0
9463,21/07/2026,13:23,536,5,Salón,Yape,336.0
9464,21/07/2026,19:07,4479,7,Delivery propio,Tarjeta,154.0
9465,21/07/2026,13:12,1725,7,Salón,Yape,56.0
9466,21/07/2026,12:34,637,24,Salón,Plin,295.0
9467,21/07/2026,20:10,4227,22,Salón,Efectivo,175.0
9468,21/07/2026,15:54,3914,3,Salón,Yape,49.0
9469,21/07/2026,11:16,992,18,Salón,Efectivo,60.0
9470,21/07/2026,20:33,4774,16,Salón,Efectivo,72.0
9471,21/07/2026,19:37,3874,20,Salón,Yape,328.0
9472,21/07/2026,20:20,29,20,Salón,Efectivo,327.0
9473,21/07/2026,15:43,58,16,Para llevar,Efectivo,54.0
9474,21/07/2026,15:06,2465,22,Salón,Efectivo,170.0
9475,21/07/2026,13:20,2324,7,Salón,Efectivo,86.0
9476,21/07/2026,15:36,247,19,Delivery propio,Tarjeta,124.0
9477,21/07/2026,17:36,4049,19,Delivery propio,Yape,114.0
9478,21/07/2026,13:16,4283,19,Salón,Efectivo,172.0
9479,21/07/2026,14:10,256,16,Salón,Efectivo,122.0
9480,21/07/2026,11:57,3979,17,Salón,Efectivo,63.0
9481,22/07/2026,14:17,2836,3,Delivery propio,Tarjeta,149.0
9482,22/07/2026,20:19,3779,20,Para llevar,Efectivo,282.0
9483,22/07/2026,13:03,2623,16,Salón,Tarjeta,176.0
9484,22/07/2026,15:42,4952,22,Salón,Plin,78.0
9485,22/07/2026,20:52,1034,17,Salón,Yape,136.0
9486,22/07/2026,13:45,4479,2,Salón,Plin,136.0
9487,22/07/2026,17:30,,5,Salón,Efectivo,72.0
9488,22/07/2026,13:02,3878,5,Salón,Yape,74.0
9489,22/07/2026,14:13,4003,19,Salón,Efectivo,225.0
9490,22/07/2026,14:03,2979,20,Salón,Efectivo,182.0
9491,22/07/2026,14:28,1679,2,Salón,Yape,86.0
9492,22/07/2026,14:26,1697,20,Salón,Efectivo,38.0
9493,22/07/2026,12:43,3904,18,Salón,Tarjeta,145.0
9494,22/07/2026,18:01,1825,3,Delivery propio,Efectivo,48.0
9495,22/07/2026,17:24,4080,16,Salón,Yape,163.0
9496,22/07/2026,12:18,1132,18,Salón,Tarjeta,229.0
9497,22/07/2026,12:40,1552,20,Salón,Plin,162.0
9498,22/07/2026,15:53,354,22,Salón,Yape,30.0
9499,22/07/2026,18:22,1074,3,Para llevar,Efectivo,194.0
9500,22/07/2026,11:07,940,18,Para llevar,Plin,168.0
9501,22/07/2026,14:42,3169,17,Salón,Efectivo,165.0
9502,23/07/2026,12:19,5256,19,Salón,Tarjeta,74.0
9503,23/07/2026,15:11,5107,20,Salón,Yape,190.0
9504,23/07/2026,16:53,224,7,Salón,Efectivo,108.0
9505,23/07/2026,20:48,5114,20,Para llevar,Efectivo,116.0
9506,23/07/2026,14:27,2196,20,Salón,Tarjeta,292.0
9507,23/07/2026,14:43,1253,22,Salón,Plin,148.0
9508,23/07/2026,21:49,1351,3,Delivery propio,Plin,30.0
9509,23/07/2026,11:35,,19,Salón,Efectivo,260.0
9510,23/07/2026,19:50,1141,24,Salón,Tarjeta,183.0
9511,23/07/2026,17:02,1648,17,Salón,Efectivo,130.0
9512,23/07/2026,17:21,78,5,Salón,Plin,52.0
9513,23/07/2026,13:01,877,16,Salón,Yape,256.0
9514,23/07/2026,18:28,,5,Para llevar,Plin,222.0
9515,23/07/2026,21:42,,22,Salón,Plin,66.0
9516,23/07/2026,13:40,120,2,Salón,Tarjeta,117.0
9517,23/07/2026,21:09,2518,7,Salón,Efectivo,8.0
9518,23/07/2026,19:03,623,24,Salón,Tarjeta,172.0
9519,23/07/2026,14:50,1579,17,Salón,Yape,24.0
9520,23/07/2026,13:12,1727,3,Delivery propio,Plin,128.0
9521,23/07/2026,14:57,5337,19,Para llevar,Efectivo,110.0
9522,23/07/2026,12:16,2066,20,Para llevar,Efectivo,112.0
9523,23/07/2026,12:41,5078,19,Salón,Efectivo,74.0
9524,23/07/2026,15:02,134,19,Salón,Efectivo,88.0
9525,23/07/2026,21:54,1293,20,Salón,Yape,96.0
9526,23/07/2026,20:48,1232,5,Delivery propio,Efectivo,122.0
9527,23/07/2026,16:31,4288,17,Para llevar,Yape,30.0
9528,23/07/2026,17:53,,2,Delivery propio,Plin,72.0
9529,23/07/2026,13:49,3399,18,Delivery propio,Yape,162.0
9530,23/07/2026,14:22,898,24,Salón,Efectivo,152.0
9531,23/07/2026,14:35,,16,Salón,Plin,106.0
9532,23/07/2026,15:47,4819,16,Delivery propio,Tarjeta,90.0
9533,23/07/2026,15:13,4294,16,Salón,Tarjeta,52.0
9534,23/07/2026,16:53,1025,22,Salón,Tarjeta,66.0
9535,24/07/2026,11:15,3933,17,Salón,Tarjeta,52.0
9536,24/07/2026,14:57,671,7,Salón,Tarjeta,228.0
9537,24/07/2026,16:17,5012,2,Delivery propio,Tarjeta,174.0
9538,24/07/2026,12:05,369,2,Para llevar,Yape,156.0
9539,24/07/2026,18:12,994,3,Salón,Yape,46.0
9540,24/07/2026,14:53,3740,7,Salón,Tarjeta,127.0
9541,24/07/2026,13:40,2288,24,Para llevar,Efectivo,28.0
9542,24/07/2026,18:05,3634,16,Salón,Yape,180.0
9543,24/07/2026,16:27,5367,24,Salón,Efectivo,88.0
9544,24/07/2026,13:31,243,22,Salón,Yape,48.0
9545,24/07/2026,12:10,2443,20,Salón,Tarjeta,142.0
9546,24/07/2026,12:36,5256,3,Salón,Efectivo,56.0
9547,24/07/2026,20:11,1845,2,Salón,Yape,86.0
9548,24/07/2026,13:23,1327,2,Salón,Efectivo,184.0
9549,24/07/2026,20:27,4405,19,Salón,Efectivo,107.0
9550,24/07/2026,16:58,4350,17,Delivery propio,Efectivo,46.0
9551,24/07/2026,19:16,2552,3,Salón,Yape,84.0
9552,24/07/2026,18:07,4168,19,Salón,Efectivo,170.0
9553,24/07/2026,14:26,3137,18,Para llevar,Plin,25.0
9554,24/07/2026,20:06,526,7,Delivery propio,Yape,210.0
9555,24/07/2026,12:47,2540,16,Para llevar,Efectivo,106.0
9556,24/07/2026,15:39,4404,3,Para llevar,Tarjeta,52.0
9557,24/07/2026,14:02,4471,17,Para llevar,Yape,111.0
9558,24/07/2026,12:24,1958,3,Delivery propio,Efectivo,72.0
9559,24/07/2026,13:10,3303,5,Salón,Efectivo,72.0
9560,24/07/2026,13:27,1696,5,Salón,Yape,63.0
9561,24/07/2026,14:04,3305,22,Salón,Efectivo,52.0
9562,24/07/2026,13:40,1077,18,Salón,Efectivo,56.0
9563,24/07/2026,12:26,1329,3,Para llevar,Yape,194.0
9564,24/07/2026,13:26,5083,2,Salón,Plin,81.0
9565,24/07/2026,21:24,2742,24,Salón,Tarjeta,108.0
9566,24/07/2026,19:06,3305,22,Delivery propio,Yape,36.0
9567,25/07/2026,16:09,,22,Salón,Tarjeta,168.0
9568,25/07/2026,13:34,2095,20,Salón,Tarjeta,153.0
9569,25/07/2026,15:33,3627,18,Salón,Yape,284.0
9570,25/07/2026,12:19,531,24,Salón,Yape,232.0
9571,25/07/2026,15:15,986,3,Delivery propio,Efectivo,188.0
9572,25/07/2026,12:05,12,2,Delivery propio,Yape,64.0
9573,25/07/2026,15:18,3098,7,Salón,Efectivo,100.0
9574,25/07/2026,13:47,2134,22,Salón,Efectivo,136.0
9575,25/07/2026,12:48,4430,20,Salón,Tarjeta,272.0
9576,25/07/2026,20:09,2617,2,Salón,Yape,200.0
9577,25/07/2026,13:13,,2,Salón,Tarjeta,186.0
9578,25/07/2026,14:26,560,3,Delivery propio,Tarjeta,240.0
9579,25/07/2026,21:59,3988,19,Salón,Yape,12.0
9580,25/07/2026,19:06,496,22,Delivery propio,Tarjeta,133.0
9581,25/07/2026,16:00,1670,24,Salón,Efectivo,182.0
9582,25/07/2026,14:46,411,2,Salón,Efectivo,270.0
9583,25/07/2026,14:35,613,20,Delivery propio,Yape,106.0
9584,25/07/2026,11:49,4916,7,Salón,Tarjeta,128.0
9585,25/07/2026,11:27,2411,20,Salón,Efectivo,72.0
9586,25/07/2026,17:11,3356,2,Para llevar,Yape,54.0
9587,25/07/2026,16:18,2330,17,Salón,Yape,194.0
9588,25/07/2026,12:32,4487,3,Salón,Efectivo,186.0
9589,25/07/2026,16:16,4911,2,Delivery propio,Tarjeta,62.0
9590,25/07/2026,13:24,993,24,Salón,Efectivo,226.0
9591,25/07/2026,15:51,5248,3,Salón,Plin,168.0
9592,25/07/2026,14:26,645,17,Salón,Efectivo,86.0
9593,25/07/2026,19:50,877,22,Salón,Efectivo,204.0
9594,25/07/2026,18:16,2165,2,Salón,Plin,39.0
9595,25/07/2026,14:20,4778,20,Delivery propio,Tarjeta,120.0
9596,25/07/2026,17:22,2818,20,Para llevar,Efectivo,39.0
9597,25/07/2026,14:34,2101,7,Salón,Efectivo,160.0
9598,25/07/2026,12:06,5058,5,Salón,Efectivo,42.0
9599,25/07/2026,14:06,4286,22,Salón,Yape,24.0
9600,25/07/2026,11:38,4693,3,Salón,Tarjeta,62.0
9601,25/07/2026,13:35,3311,7,Salón,Yape,94.0
9602,25/07/2026,20:51,4879,20,Para llevar,Yape,105.0
9603,25/07/2026,19:58,3861,20,Para llevar,Tarjeta,234.0
9604,25/07/2026,13:08,3463,20,Salón,Tarjeta,56.0
9605,25/07/2026,19:23,572,22,Salón,Yape,114.0
9606,25/07/2026,14:22,5250,20,Salón,Efectivo,179.0
9607,25/07/2026,19:50,3734,5,Salón,Efectivo,244.0
9608,25/07/2026,12:21,161,3,Para llevar,Efectivo,192.0
9609,25/07/2026,13:30,3813,24,Para llevar,Yape,243.0
9610,25/07/2026,14:08,5321,3,Salón,Yape,49.0
9611,25/07/2026,14:17,2168,2,Salón,Efectivo,130.0
9612,26/07/2026,19:14,,7,Salón,Tarjeta,81.0
9613,26/07/2026,13:12,438,24,Delivery propio,Efectivo,126.0
9614,26/07/2026,15:15,2008,18,Salón,Efectivo,217.0
9615,26/07/2026,17:38,1,7,Para llevar,Yape,142.0
9616,26/07/2026,12:06,496,20,Salón,Tarjeta,137.0
9617,26/07/2026,13:15,1599,24,Salón,Tarjeta,272.0
9618,26/07/2026,12:48,3449,7,Delivery propio,Yape,155.0
9619,26/07/2026,13:10,1135,24,Delivery propio,Tarjeta,158.0
9620,26/07/2026,20:37,5256,16,Delivery propio,Plin,16.0
9621,26/07/2026,13:11,4948,5,Salón,Yape,70.0
9622,26/07/2026,21:37,5262,2,Salón,Yape,92.0
9623,26/07/2026,18:55,1532,5,Para llevar,Yape,205.0
9624,Ayer,20:26,4684,7,Salón,Efectivo,130.0
9625,26/07/2026,21:25,4261,19,Salón,Efectivo,368.0
9626,26/07/2026,14:07,1155,5,Para llevar,Yape,116.0
9627,26/07/2026,19:35,3433,18,Salón,Efectivo,40.0
9628,26/07/2026,19:38,,24,Salón,Yape,93.0
9629,26/07/2026,14:13,1360,18,Para llevar,Efectivo,160.0
9630,26/07/2026,20:07,1979,3,Salón,Efectivo,112.0
9631,26/07/2026,14:56,2137,3,Salón,Tarjeta,82.0
9632,26/07/2026,12:55,3,2,Delivery propio,Efectivo,189.0
9633,26/07/2026,13:59,1554,20,Salón,Tarjeta,136.0
9634,26/07/2026,14:18,5069,18,Salón,Efectivo,146.0
9635,26/07/2026,14:44,2975,7,Salón,Yape,192.0
9636,26/07/2026,18:04,3037,16,Salón,Efectivo,129.0
9637,26/07/2026,17:26,5429,18,Salón,Efectivo,68.0
9638,26/07/2026,21:30,,2,Salón,Yape,49.0
9639,26/07/2026,13:59,2022,22,Salón,Yape,153.0
9640,26/07/2026,18:40,5136,17,Para llevar,Efectivo,197.0
9641,26/07/2026,14:24,,16,Salón,Tarjeta,36.0
9642,26/07/2026,19:11,4694,24,Para llevar,Tarjeta,73.0
9643,26/07/2026,14:18,5100,3,Salón,Tarjeta,126.0
9644,26/07/2026,18:14,4338,17,Salón,Yape,232.0
9645,26/07/2026,13:19,3377,20,Salón,Plin,198.0
9646,26/07/2026,18:22,3648,18,Salón,Efectivo,92.0
9647,26/07/2026,13:15,4182,24,Delivery propio,Yape,84.0
9648,26/07/2026,13:32,,5,Para llevar,Efectivo,110.0
9649,26/07/2026,20:37,4186,19,Para llevar,Yape,176.0
9650,26/07/2026,16:44,1626,5,Salón,Tarjeta,68.0
9651,26/07/2026,12:22,4093,22,Salón,Efectivo,164.0
9652,26/07/2026,18:00,2738,2,Salón,Yape,122.0
9653,26/07/2026,13:45,3757,20,Salón,Efectivo,145.0
9654,26/07/2026,19:16,4121,7,Salón,Plin,187.0
9655,26/07/2026,14:48,877,2,Salón,Yape,152.0
9656,26/07/2026,14:29,3207,2,Salón,Yape,209.0
9657,26/07/2026,11:06,3687,20,Salón,Efectivo,182.0
9658,26/07/2026,13:20,1912,20,Salón,Efectivo,102.0
9659,26/07/2026,20:15,5093,20,Salón,Tarjeta,186.0
9660,26/07/2026,19:42,2220,24,Salón,Tarjeta,72.0
9661,26/07/2026,12:03,2112,2,Salón,Plin,112.0
9662,26/07/2026,13:45,5479,18,Para llevar,Yape,384.0
9663,26/07/2026,19:26,4330,20,Para llevar,Yape,165.0
9664,26/07/2026,14:09,1720,24,Salón,Efectivo,72.0
9665,26/07/2026,11:04,4481,3,Delivery propio,Efectivo,102.0
9666,26/07/2026,18:15,645,17,Delivery propio,Yape,94.0
9667,26/07/2026,21:20,861,17,Salón,Efectivo,86.0
9668,26/07/2026,15:06,157,18,Salón,Plin,106.0
9669,26/07/2026,18:18,459,5,Salón,Efectivo,232.0
9670,26/07/2026,15:55,4513,20,Para llevar,Tarjeta,121.0
9671,26/07/2026,19:56,3956,18,Salón,Yape,34.0
9672,26/07/2026,19:43,4420,22,Para llevar,Yape,154.0
9673,26/07/2026,13:32,,19,Salón,Tarjeta,170.0
9674,26/07/2026,16:39,876,18,Salón,Efectivo,126.0
9675,27/07/2026,13:20,3403,17,Para llevar,Efectivo,88.0
9676,27/07/2026,13:33,884,19,Salón,Plin,18.0
9677,27/07/2026,12:13,1441,5,Delivery propio,Efectivo,92.0
9678,27/07/2026,15:36,,24,Para llevar,Tarjeta,136.0
9679,27/07/2026,14:59,3995,24,Salón,Tarjeta,309.0
9680,27/07/2026,19:44,2316,5,Salón,Tarjeta,36.0
9681,27/07/2026,17:24,5198,20,Delivery propio,Tarjeta,99.0
9682,27/07/2026,15:33,877,2,Salón,Tarjeta,166.0
9683,27/07/2026,19:55,4261,3,Salón,Efectivo,60.0
9684,27/07/2026,17:22,4853,7,Salón,Yape,111.0
9685,27/07/2026,16:49,1922,24,Para llevar,Yape,188.0
9686,27/07/2026,13:27,3901,19,Salón,Yape,176.0
9687,27/07/2026,16:07,2408,3,Para llevar,Yape,140.0
9688,27/07/2026,15:49,4479,18,Salón,Tarjeta,78.0
9689,27/07/2026,11:13,1616,3,Delivery propio,Yape,191.0
9690,27/07/2026,13:48,,19,Salón,Efectivo,38.0
9691,27/07/2026,17:29,3972,19,Delivery propio,Plin,46.0
9692,27/07/2026,12:43,2045,22,Salón,Efectivo,266.0
9693,27/07/2026,12:43,3560,19,Salón,Plin,288.0
9694,27/07/2026,16:30,1217,18,Para llevar,Tarjeta,72.0
9695,27/07/2026,16:46,2083,2,Salón,Yape,120.0
9696,27/07/2026,20:06,3942,2,Para llevar,Yape,233.0
9697,27/07/2026,15:59,,18,Salón,Yape,156.0
9698,27/07/2026,12:29,3727,18,Para llevar,Yape,164.0
9699,27/07/2026,18:34,29,7,Salón,Yape,158.0
9700,27/07/2026,13:10,3700,3,Salón,Plin,247.0
9701,27/07/2026,16:58,2100,7,Salón,Yape,110.0
9702,27/07/2026,20:09,3346,16,Salón,Efectivo,162.0
9703,27/07/2026,17:34,4046,7,Salón,Efectivo,-148.0
9704,28/07/2026,19:44,877,19,Salón,Tarjeta,18.0
9705,28/07/2026,14:18,3631,7,Para llevar,Tarjeta,239.0
9706,28/07/2026,14:15,190,19,Salón,Tarjeta,130.0
9707,28/07/2026,14:15,4881,2,Salón,Yape,111.0
9708,28/07/2026,19:03,3241,5,Delivery propio,Efectivo,99.0
9709,28/07/2026,11:28,4950,2,Salón,Plin,76.0
9710,28/07/2026,20:52,3275,2,Salón,Yape,92.0
9711,28/07/2026,18:00,2801,24,Salón,Tarjeta,142.0
9712,28/07/2026,16:51,2964,22,Salón,Yape,68.0
9713,28/07/2026,20:10,2465,3,Para llevar,Plin,78.0
9714,28/07/2026,18:17,4336,22,Salón,Yape,60.0
9715,28/07/2026,21:44,4549,5,Para llevar,Efectivo,-108.0
9716,28/07/2026,14:34,,18,Para llevar,Efectivo,50.0
9717,28/07/2026,19:55,2708,24,Salón,Efectivo,216.0
9718,28/07/2026,12:35,,24,Salón,Plin,126.0
9719,28/07/2026,16:02,1151,18,Delivery propio,Plin,42.0
9720,28/07/2026,19:09,2242,7,Salón,Efectivo,170.0
9721,28/07/2026,20:11,,3,Salón,Efectivo,158.0
9722,28/07/2026,17:32,3884,17,Salón,Efectivo,169.0
9723,28/07/2026,12:14,359,22,Salón,Yape,60.0
9724,28/07/2026,12:22,777,18,Salón,Plin,98.0
9725,28/07/2026,21:50,4462,2,Salón,Tarjeta,102.0
9726,28/07/2026,13:20,822,18,Salón,Plin,72.0
9727,29/07/2026,14:04,4823,20,Salón,Efectivo,89.0
9728,29/07/2026,20:15,1900,3,Salón,Tarjeta,126.0
9729,29/07/2026,14:22,4380,20,Salón,Tarjeta,192.0
9730,29/07/2026,12:04,3359,24,Para llevar,Tarjeta,60.0
9731,29/07/2026,19:09,2900,24,Salón,Plin,94.0
9732,29/07/2026,14:11,1147,19,Salón,Efectivo,90.0
9733,29/07/2026,20:39,3723,3,Para llevar,Yape,319.0
9734,29/07/2026,17:12,3618,3,Delivery propio,Efectivo,230.0
9735,29/07/2026,20:55,4727,24,Delivery propio,Yape,142.0
9736,No se sabe,14:30,2171,19,Salón,Tarjeta,45.0
9737,29/07/2026,15:30,4841,16,Salón,Yape,93.0
9738,29/07/2026,15:11,2724,7,Salón,Plin,68.0
9739,29/07/2026,18:58,277,7,Salón,Efectivo,164.0
9740,29/07/2026,13:43,2338,19,Para llevar,Tarjeta,98.0
9741,29/07/2026,13:34,525,16,Delivery propio,Yape,142.0
9742,29/07/2026,14:36,1046,2,Para llevar,Efectivo,78.0
9743,29/07/2026,17:35,2507,22,Salón,Tarjeta,28.0
9744,29/07/2026,14:28,3792,3,Salón,Tarjeta,127.0
9745,29/07/2026,16:48,3395,18,Delivery propio,Efectivo,141.0
9746,29/07/2026,15:20,3123,3,Para llevar,Yape,69.0
9747,29/07/2026,12:44,1159,24,Salón,Tarjeta,233.0
9748,29/07/2026,17:58,1543,7,Salón,Plin,46.0
9749,29/07/2026,19:44,1216,7,Delivery propio,Efectivo,214.0
9750,29/07/2026,15:37,1685,5,Salón,Yape,120.0
9751,29/07/2026,19:08,968,2,Salón,Yape,52.0
9752,29/07/2026,18:00,3197,20,Para llevar,Efectivo,144.0
9753,29/07/2026,12:11,3639,24,Salón,Efectivo,274.0
9754,29/07/2026,17:55,4022,3,Salón,Efectivo,62.0
9755,29/07/2026,19:37,1255,24,Delivery propio,Tarjeta,48.0
9756,29/07/2026,14:43,1455,18,Para llevar,Yape,168.0
9757,30/07/2026,19:53,1517,2,Salón,Tarjeta,132.0
9758,30/07/2026,19:30,2537,7,Para llevar,Efectivo,112.0
9759,30/07/2026,13:50,4950,7,Delivery propio,Tarjeta,156.0
9760,30/07/2026,12:51,3184,17,Para llevar,Yape,122.0
9761,30/07/2026,14:13,3131,20,Delivery propio,Yape,194.0
9762,30/07/2026,13:38,612,3,Para llevar,Efectivo,38.0
9763,30/07/2026,18:46,1858,19,Salón,Yape,102.0
9764,30/07/2026,15:06,3575,24,Para llevar,Tarjeta,74.0
9765,30/07/2026,19:10,281,2,Salón,Yape,74.0
9766,30/07/2026,16:42,1391,16,Salón,Yape,206.0
9767,No se sabe,12:53,1710,24,Salón,Efectivo,116.0
9768,30/07/2026,13:40,1979,16,Salón,Efectivo,18.0
9769,30/07/2026,12:01,3227,2,Salón,Yape,136.0
9770,30/07/2026,15:01,,17,Salón,Efectivo,208.0
9771,30/07/2026,14:55,5403,20,Salón,Tarjeta,106.0
9772,30/07/2026,11:39,2075,16,Para llevar,Yape,120.0
9773,30/07/2026,19:00,3944,7,Delivery propio,Yape,104.0
9774,30/07/2026,14:23,1093,19,Para llevar,Efectivo,230.0
9775,30/07/2026,14:31,5247,17,Salón,Yape,60.0
9776,30/07/2026,15:29,1993,3,Salón,Yape,245.0
9777,30/07/2026,13:56,,3,Salón,Efectivo,190.0
9778,30/07/2026,19:39,,5,Salón,Yape,36.0
9779,30/07/2026,13:28,3132,16,Salón,Plin,43.0
9780,30/07/2026,18:41,4447,18,Salón,Tarjeta,101.0
9781,30/07/2026,21:01,2138,3,Salón,Yape,128.0
9782,30/07/2026,18:48,,2,Delivery propio,Tarjeta,63.0
9783,30/07/2026,18:58,422,3,Para llevar,Efectivo,166.0
9784,30/07/2026,15:54,607,22,Salón,Efectivo,70.0
9785,30/07/2026,12:22,988,18,Salón,Yape,86.0
9786,30/07/2026,13:25,1136,5,Delivery propio,Yape,72.0
9787,30/07/2026,18:53,4872,5,Salón,Efectivo,168.0
9788,31/07/2026,13:40,4309,5,Salón,Plin,172.0
9789,31/07/2026,15:07,4279,2,Salón,Tarjeta,138.0
9790,31/07/2026,11:27,1121,20,Salón,Efectivo,138.0
9791,31/07/2026,12:04,531,5,Salón,Efectivo,55.0
9792,31/07/2026,15:36,4800,24,Salón,Yape,108.0
9793,31/07/2026,16:29,4022,2,Salón,Efectivo,109.0
9794,31/07/2026,12:16,780,17,Salón,Efectivo,135.0
9795,31/07/2026,20:20,5227,5,Salón,Tarjeta,84.0
9796,31/07/2026,14:42,4240,17,Salón,Tarjeta,84.0
9797,31/07/2026,11:54,1072,17,Delivery propio,Efectivo,142.0
9798,31/07/2026,14:11,,17,Para llevar,Yape,116.0
9799,31/07/2026,20:12,693,19,Salón,Tarjeta,48.0
9800,31/07/2026,13:03,4283,2,Delivery propio,Efectivo,54.0
9801,31/07/2026,13:06,2979,20,Delivery propio,Yape,34.0
9802,31/07/2026,14:01,611,22,Para llevar,Yape,36.0
9803,31/07/2026,19:42,2249,24,Para llevar,Efectivo,86.0
9804,31/07/2026,19:43,1476,20,Salón,Yape,154.0
9805,31/07/2026,11:34,4517,24,Salón,Yape,184.0
9806,31/07/2026,18:12,2042,20,Salón,Yape,44.0
9807,31/07/2026,17:21,40,24,Salón,Plin,90.0
9808,31/07/2026,20:15,2065,18,Delivery propio,Tarjeta,92.0
9809,31/07/2026,14:29,3000,2,Delivery propio,Yape,62.0
9810,31/07/2026,15:09,2086,7,Salón,Yape,64.0
9811,31/07/2026,15:42,,24,Delivery propio,Yape,72.0
9812,31/07/2026,14:29,2920,7,Para llevar,Tarjeta,228.0
9813,31/07/2026,20:07,4097,7,Salón,Plin,100.0
9814,31/07/2026,16:35,876,16,Delivery propio,Yape,18.0
9815,31/07/2026,12:52,5132,2,Salón,Efectivo,116.0
9816,31/07/2026,19:32,3185,2,Salón,Efectivo,172.0
9817,31/07/2026,16:36,1714,18,Para llevar,Efectivo,177.0
9818,31/07/2026,15:45,906,18,Salón,Yape,90.0
9819,31/07/2026,20:30,1635,20,Salón,Efectivo,132.0
9820,31/07/2026,19:20,1105,7,Para llevar,Yape,32.0
9821,31/07/2026,16:03,1456,20,Delivery propio,Plin,132.0
9822,31/07/2026,14:16,4772,16,Salón,Yape,108.0
9823,31/07/2026,13:06,3549,18,Salón,Yape,104.0
9824,31/07/2026,14:57,646,22,Salón,Yape,98.0
9825,31/07/2026,13:25,4325,20,Para llevar,Plin,98.0
9826,31/07/2026,17:33,3206,18,Salón,Yape,162.0
9827,31/07/2026,15:56,46,18,Para llevar,Efectivo,93.0
9828,31/07/2026,14:39,3280,22,Salón,Tarjeta,108.0
9829,01/08/2026,13:40,1776,7,Salón,Tarjeta,138.0
9830,01/08/2026,13:29,1082,16,Salón,Tarjeta,30.0
9831,01/08/2026,19:34,2962,20,Salón,Tarjeta,180.0
9832,01/08/2026,12:22,2734,22,Salón,Plin,198.0
9833,01/08/2026,20:22,4247,16,Para llevar,Plin,72.0
9834,01/08/2026,12:21,356,22,Salón,Yape,74.0
9835,01/08/2026,18:17,4341,2,Salón,Yape,122.0
9836,01/08/2026,13:19,2241,7,Salón,Yape,326.0
9837,01/08/2026,14:28,3821,5,Delivery propio,Yape,277.0
9838,01/08/2026,13:10,1739,20,Salón,Yape,240.0
9839,01/08/2026,14:46,2580,16,Salón,Efectivo,153.0
9840,01/08/2026,21:19,1845,19,Para llevar,Yape,132.0
9841,01/08/2026,11:16,4463,19,Salón,Tarjeta,200.0
9842,01/08/2026,13:43,4820,5,Para llevar,Efectivo,138.0
9843,01/08/2026,20:19,1490,17,Para llevar,Efectivo,142.0
9844,01/08/2026,13:34,2097,20,Salón,Efectivo,64.0
9845,01/08/2026,17:40,2901,19,Para llevar,Yape,88.0
9846,01/08/2026,20:50,11,3,Delivery propio,Efectivo,46.0
9847,01/08/2026,12:39,994,24,Para llevar,Tarjeta,182.0
9848,01/08/2026,13:58,3603,19,Delivery propio,Tarjeta,117.0
9849,01/08/2026,14:14,633,3,Salón,Yape,50.0
9850,01/08/2026,20:45,473,18,Salón,Efectivo,136.0
9851,01/08/2026,19:58,4300,19,Para llevar,Tarjeta,50.0
9852,01/08/2026,12:45,1014,16,Para llevar,Plin,160.0
9853,01/08/2026,13:27,608,2,Delivery propio,Efectivo,364.0
9854,01/08/2026,16:08,1900,5,Salón,Plin,132.0
9855,01/08/2026,13:55,1770,16,Salón,Tarjeta,227.0
9856,01/08/2026,20:11,,24,Salón,Yape,112.0
9857,01/08/2026,18:50,560,18,Para llevar,Yape,156.0
9858,01/08/2026,18:03,1841,17,Para llevar,Efectivo,34.0
9859,01/08/2026,20:50,1834,3,Para llevar,Efectivo,114.0
9860,01/08/2026,13:11,1359,5,Salón,Yape,122.0
9861,01/08/2026,12:10,1998,22,Salón,Yape,294.0
9862,01/08/2026,13:06,2520,7,Para llevar,Efectivo,201.0
9863,01/08/2026,18:54,4242,24,Salón,Efectivo,98.0
9864,01/08/2026,17:26,2930,18,Delivery propio,Tarjeta,82.0
9865,01/08/2026,13:03,3000,22,Salón,Efectivo,214.0
9866,01/08/2026,14:40,5450,18,Para llevar,Plin,48.0
9867,01/08/2026,15:12,,17,Salón,Plin,160.0
9868,01/08/2026,14:57,2176,7,Delivery propio,Efectivo,136.0
9869,01/08/2026,14:11,2251,19,Salón,Yape,60.0
9870,01/08/2026,19:06,3778,22,Salón,Plin,152.0
9871,01/08/2026,13:34,2906,19,Para llevar,Plin,208.0
9872,01/08/2026,17:59,2244,2,Salón,Plin,72.0
9873,01/08/2026,13:01,4729,2,Salón,Efectivo,52.0
9874,01/08/2026,13:24,4757,2,Salón,Plin,152.0
9875,01/08/2026,15:34,534,3,Para llevar,Plin,103.0
9876,01/08/2026,20:42,1716,19,Para llevar,Yape,96.0
9877,01/08/2026,13:24,1480,2,Salón,Efectivo,114.0
9878,01/08/2026,14:19,4553,16,Salón,Tarjeta,132.0
9879,01/08/2026,12:58,443,17,Delivery propio,Yape,47.0
9880,01/08/2026,14:00,1250,3,Salón,Efectivo,121.0
9881,01/08/2026,19:17,270,5,Delivery propio,Tarjeta,140.0
9882,01/08/2026,20:50,3057,17,Salón,Tarjeta,204.0
9883,01/08/2026,17:58,,7,Salón,Efectivo,106.0
9884,01/08/2026,14:23,4955,18,Salón,Yape,224.0
9885,01/08/2026,19:20,370,7,Delivery propio,Tarjeta,72.0
9886,02/08/2026,12:02,,5,Salón,Yape,112.0
9887,02/08/2026,15:03,432,3,Salón,Plin,108.0
9888,02/08/2026,15:47,202,7,Salón,Tarjeta,176.0
9889,02/08/2026,13:36,4901,17,Salón,Yape,138.0
9890,02/08/2026,13:20,3383,19,Salón,Efectivo,138.0
9891,02/08/2026,11:39,4649,17,Salón,Yape,60.0
9892,02/08/2026,11:46,2330,18,Salón,Efectivo,136.0
9893,02/08/2026,15:36,3487,3,Delivery propio,Yape,36.0
9894,02/08/2026,18:16,3368,16,Salón,Tarjeta,292.0
9895,02/08/2026,18:28,4667,24,Para llevar,Yape,109.0
9896,02/08/2026,13:07,,20,Salón,Tarjeta,27.0
9897,02/08/2026,16:39,2035,20,Salón,Efectivo,134.0
9898,02/08/2026,13:06,5133,3,Salón,Efectivo,91.0
9899,02/08/2026,19:05,167,24,Salón,Efectivo,72.0
9900,02/08/2026,16:12,1608,16,Salón,Efectivo,54.0
9901,02/08/2026,20:28,1927,20,Delivery propio,Efectivo,18.0
9902,02/08/2026,18:51,2817,18,Delivery propio,Yape,16.0
9903,02/08/2026,18:45,4268,24,Salón,Efectivo,276.0
9904,02/08/2026,19:56,448,7,Salón,Plin,103.0
9905,02/08/2026,20:01,1844,2,Salón,Efectivo,108.0
9906,02/08/2026,20:22,4326,20,Delivery propio,Tarjeta,187.0
9907,02/08/2026,14:44,5212,7,Salón,Yape,94.0
9908,02/08/2026,13:27,4180,2,Salón,Yape,74.0
9909,02/08/2026,13:29,3425,2,Salón,Efectivo,116.0
9910,02/08/2026,14:54,3293,3,Salón,Efectivo,66.0
9911,02/08/2026,20:47,2163,17,Salón,Efectivo,30.0
9912,02/08/2026,13:19,3802,24,Para llevar,Plin,80.0
9913,02/08/2026,12:29,558,16,Salón,Tarjeta,94.0
9914,02/08/2026,14:30,2236,5,Salón,Efectivo,82.0
9915,02/08/2026,12:29,4386,16,Salón,Yape,190.0
9916,02/08/2026,19:26,2138,17,Para llevar,Efectivo,142.0
9917,02/08/2026,11:57,27,19,Salón,Tarjeta,111.0
9918,02/08/2026,14:34,697,16,Salón,Yape,88.0
9919,02/08/2026,11:19,4107,2,Salón,Yape,45.0
9920,02/08/2026,19:39,102,18,Delivery propio,Yape,145.0
9921,02/08/2026,14:27,5017,19,Salón,Plin,106.0
9922,02/08/2026,13:47,4238,16,Salón,Efectivo,164.0
9923,02/08/2026,20:30,5042,20,Delivery propio,Tarjeta,38.0
9924,02/08/2026,12:46,139,19,Salón,Efectivo,174.0
9925,02/08/2026,12:43,3933,19,Salón,Plin,108.0
9926,02/08/2026,14:18,3968,5,Salón,Yape,42.0
9927,02/08/2026,13:31,1675,16,Salón,Efectivo,149.0
9928,02/08/2026,14:32,1947,17,Salón,Yape,159.0
9929,02/08/2026,14:28,2096,18,Salón,Efectivo,82.0
9930,02/08/2026,21:43,1755,16,Salón,Plin,171.0
9931,Ayer,16:43,2627,5,Salón,Yape,141.0
9932,02/08/2026,17:31,1574,7,Para llevar,Efectivo,103.0
9933,02/08/2026,20:52,3793,19,Salón,Plin,230.0
9934,02/08/2026,13:23,485,3,Para llevar,Yape,311.0
9935,02/08/2026,20:11,1146,17,Para llevar,Tarjeta,68.0
9936,02/08/2026,12:34,5399,17,Salón,Yape,142.0
9937,02/08/2026,21:14,3100,3,Delivery propio,Efectivo,157.0
9938,02/08/2026,19:01,728,24,Delivery propio,Yape,42.0
9939,02/08/2026,20:27,2150,2,Salón,Tarjeta,98.0
9940,02/08/2026,20:50,2791,17,Salón,Tarjeta,281.0
9941,Ayer,13:15,2699,16,Para llevar,Yape,132.0
9942,02/08/2026,12:48,,20,Salón,Efectivo,206.0
9943,02/08/2026,14:07,3937,7,Salón,Plin,249.0
9944,02/08/2026,14:01,4276,22,Salón,Tarjeta,126.0
9945,02/08/2026,13:26,,22,Salón,Yape,35.0
9946,02/08/2026,15:55,,18,Salón,Yape,159.0
9947,02/08/2026,14:46,2685,22,Salón,Efectivo,73.0
9948,02/08/2026,13:10,1468,17,Delivery propio,Tarjeta,42.0
9949,02/08/2026,16:16,2490,5,Salón,Efectivo,150.0
9950,02/08/2026,14:27,3076,24,Salón,Plin,63.0
9951,02/08/2026,12:11,3677,20,Salón,Efectivo,150.0
9952,02/08/2026,14:38,2819,7,Salón,Efectivo,30.0
9953,02/08/2026,12:56,4492,17,Delivery propio,Yape,58.0
9954,02/08/2026,14:59,417,7,Salón,Efectivo,223.0
9955,02/08/2026,12:12,1333,5,Salón,Tarjeta,274.0
9956,02/08/2026,13:38,1449,22,Delivery propio,Efectivo,242.0
9957,02/08/2026,13:04,1895,19,Salón,Efectivo,120.0
9958,03/08/2026,12:26,4477,19,Salón,Efectivo,110.0
9959,03/08/2026,18:31,5091,2,Para llevar,Efectivo,150.0
9960,03/08/2026,19:47,1722,7,Salón,Yape,187.0
9961,03/08/2026,20:48,610,19,Para llevar,Efectivo,82.0
9962,03/08/2026,13:07,2168,19,Salón,Tarjeta,66.0
9963,03/08/2026,13:31,2203,2,Salón,Yape,78.0
9964,03/08/2026,19:13,5389,3,Salón,Tarjeta,132.0
9965,03/08/2026,15:34,4673,3,Para llevar,Tarjeta,76.0
9966,03/08/2026,15:16,987,19,Salón,Yape,38.0
9967,03/08/2026,14:56,2720,20,Salón,Tarjeta,58.0
9968,03/08/2026,13:12,1395,3,Salón,Plin,260.0
9969,03/08/2026,12:05,1852,20,Salón,Yape,229.0
9970,03/08/2026,15:32,5207,5,Delivery propio,Plin,204.0
9971,03/08/2026,13:14,3478,17,Delivery propio,Yape,84.0
9972,03/08/2026,20:26,4365,24,Salón,Tarjeta,60.0
9973,03/08/2026,17:16,1798,17,Salón,Plin,148.0
9974,03/08/2026,14:03,3953,20,Delivery propio,Efectivo,182.0
9975,03/08/2026,14:10,2313,19,Salón,Efectivo,115.0
9976,03/08/2026,18:54,5055,3,Delivery propio,Tarjeta,188.0
9977,03/08/2026,19:05,3653,7,Delivery propio,Efectivo,150.0
9978,03/08/2026,21:11,,22,Para llevar,Yape,24.0
9979,04/08/2026,12:26,2288,2,Salón,Yape,216.0
9980,04/08/2026,14:43,1226,2,Salón,Efectivo,223.0
9981,04/08/2026,13:30,3943,2,Salón,Yape,88.0
9982,04/08/2026,19:41,4341,17,Para llevar,Plin,44.0
9983,04/08/2026,13:20,5197,5,Salón,Efectivo,116.0
9984,04/08/2026,13:55,5412,17,Salón,Yape,214.0
9985,04/08/2026,19:42,2156,24,Para llevar,Tarjeta,106.0
9986,04/08/2026,13:38,3896,20,Salón,Plin,141.0
9987,04/08/2026,20:53,2555,17,Salón,Plin,260.0
9988,04/08/2026,14:40,2085,24,Salón,Tarjeta,89.0
9989,04/08/2026,18:59,355,18,Salón,Yape,98.0
9990,04/08/2026,15:30,4471,22,Para llevar,Yape,60.0
9991,04/08/2026,18:47,3033,20,Delivery propio,Yape,102.0
9992,04/08/2026,19:12,4744,24,Salón,Plin,176.0
9993,04/08/2026,12:17,3286,16,Delivery propio,Yape,248.0
9994,04/08/2026,19:45,2581,22,Delivery propio,Plin,176.0
9995,04/08/2026,15:25,2259,5,Salón,Efectivo,96.0
9996,04/08/2026,18:15,5351,20,Salón,Tarjeta,42.0
9997,04/08/2026,18:01,4222,17,Salón,Plin,73.0
9998,04/08/2026,11:16,327,22,Para llevar,Plin,22.0
9999,04/08/2026,14:28,1062,7,Salón,Efectivo,232.0
10000,04/08/2026,21:22,497,3,Salón,Tarjeta,128.0
10001,04/08/2026,14:19,3483,17,Delivery propio,Tarjeta,48.0
10002,04/08/2026,14:14,5321,24,Salón,Yape,56.0
10003,04/08/2026,12:03,4031,22,Para llevar,Tarjeta,147.0
10004,04/08/2026,12:28,,22,Delivery propio,Yape,137.0
10005,04/08/2026,15:56,4691,16,Para llevar,Tarjeta,68.0
10006,04/08/2026,21:53,1583,3,Salón,Tarjeta,122.0
10007,04/08/2026,14:59,2792,3,Salón,Efectivo,220.0
10008,04/08/2026,18:30,4068,7,Salón,Yape,175.0
10009,04/08/2026,18:19,4392,16,Salón,Tarjeta,61.0
10010,04/08/2026,16:37,5396,3,Salón,Efectivo,121.0
10011,05/08/2026,12:32,1702,17,Para llevar,Plin,163.0
10012,05/08/2026,18:23,4199,24,Salón,Tarjeta,73.0
10013,05/08/2026,14:21,4493,19,Salón,Efectivo,40.0
10014,05/08/2026,13:34,2070,17,Salón,Yape,76.0
10015,05/08/2026,20:05,2612,3,Salón,Efectivo,152.0
10016,05/08/2026,11:49,,7,Delivery propio,Yape,96.0
10017,05/08/2026,11:30,,19,Delivery propio,Yape,34.0
10018,05/08/2026,20:11,1565,20,Salón,Yape,160.0
10019,05/08/2026,13:30,3602,17,Para llevar,Plin,80.0
10020,05/08/2026,12:36,4296,19,Salón,Yape,68.0
10021,05/08/2026,14:44,2250,24,Para llevar,Efectivo,196.0
10022,05/08/2026,13:49,1683,19,Salón,Yape,124.0
10023,05/08/2026,18:12,283,22,Para llevar,Efectivo,110.0
10024,05/08/2026,20:15,1392,16,Salón,Yape,77.0
10025,05/08/2026,12:30,2153,17,Para llevar,Tarjeta,109.0
10026,05/08/2026,14:38,4785,3,Para llevar,Yape,152.0
10027,05/08/2026,18:49,2748,20,Salón,Tarjeta,64.0
10028,05/08/2026,12:47,,22,Delivery propio,Plin,111.0
10029,05/08/2026,14:37,629,24,Para llevar,Plin,52.0
10030,05/08/2026,14:03,1695,3,Salón,Tarjeta,190.0
10031,05/08/2026,12:29,5269,3,Salón,Plin,193.0
10032,05/08/2026,12:36,3783,16,Salón,Efectivo,260.0
10033,05/08/2026,16:28,3210,18,Salón,Tarjeta,78.0
10034,06/08/2026,17:35,2065,7,Salón,Efectivo,42.0
10035,06/08/2026,14:33,1568,7,Salón,Efectivo,101.0
10036,06/08/2026,18:13,,16,Para llevar,Tarjeta,66.0
10037,06/08/2026,16:28,,17,Delivery propio,Yape,228.0
10038,06/08/2026,18:31,4225,2,Delivery propio,Efectivo,51.0
10039,06/08/2026,20:28,676,7,Salón,Tarjeta,28.0
10040,06/08/2026,20:57,3224,5,Salón,Plin,84.0
10041,06/08/2026,14:21,2599,19,Salón,Tarjeta,61.0
10042,06/08/2026,20:39,4905,20,Salón,Efectivo,152.0
10043,06/08/2026,12:09,3557,16,Salón,Efectivo,173.0
10044,06/08/2026,18:48,696,7,Para llevar,Yape,144.0
10045,06/08/2026,17:41,5415,2,Salón,Efectivo,78.0
10046,06/08/2026,12:16,1003,22,Para llevar,Yape,182.0
10047,06/08/2026,13:28,4519,5,Salón,Yape,78.0
10048,06/08/2026,13:54,,3,Para llevar,Yape,114.0
10049,06/08/2026,18:53,4716,19,Delivery propio,Tarjeta,106.0
10050,06/08/2026,20:43,1612,3,Salón,Yape,250.0
10051,06/08/2026,12:13,3904,3,Salón,Plin,221.0
10052,06/08/2026,14:20,5109,20,Salón,Efectivo,152.0
10053,06/08/2026,18:18,190,7,Salón,Efectivo,44.0
10054,06/08/2026,20:36,421,24,Salón,Efectivo,272.0
10055,06/08/2026,18:01,314,17,Salón,Plin,66.0
10056,06/08/2026,14:25,2861,17,Para llevar,Efectivo,22.0
10057,06/08/2026,15:33,1997,24,Salón,Yape,133.0
10058,06/08/2026,18:15,5219,3,Salón,Yape,323.0
10059,06/08/2026,14:40,4241,19,Para llevar,Yape,196.0
10060,06/08/2026,14:36,70,16,Salón,Yape,102.0
10061,06/08/2026,13:37,877,20,Salón,Efectivo,190.0
10062,06/08/2026,20:14,1744,2,Salón,Efectivo,70.0
10063,06/08/2026,15:54,505,7,Delivery propio,Plin,102.0
10064,06/08/2026,18:21,1707,5,Salón,Tarjeta,166.0
10065,06/08/2026,18:33,5019,16,Para llevar,Yape,74.0
10066,06/08/2026,21:06,627,19,Salón,Efectivo,194.0
10067,06/08/2026,18:28,,20,Salón,Plin,52.0
10068,06/08/2026,19:04,4838,2,Delivery propio,Efectivo,66.0
10069,07/08/2026,20:21,3922,5,Salón,Tarjeta,104.0
10070,07/08/2026,13:02,4103,2,Delivery propio,Tarjeta,114.0
10071,07/08/2026,20:41,2763,17,Salón,Yape,84.0
10072,07/08/2026,15:48,3860,17,Salón,Efectivo,106.0
10073,07/08/2026,20:36,901,20,Salón,Yape,60.0
10074,07/08/2026,14:48,1881,5,Salón,Efectivo,56.0
10075,07/08/2026,15:51,1,17,Para llevar,Yape,307.0
10076,07/08/2026,16:32,1648,16,Delivery propio,Yape,164.0
10077,07/08/2026,15:26,2611,24,Salón,Efectivo,109.0
10078,07/08/2026,11:28,2739,16,Delivery propio,Yape,60.0
10079,07/08/2026,15:12,1647,24,Salón,Plin,126.0
10080,07/08/2026,13:52,4817,3,Salón,Yape,34.0
10081,07/08/2026,12:32,,19,Salón,Tarjeta,144.0
10082,07/08/2026,19:58,4744,19,Delivery propio,Efectivo,76.0
10083,07/08/2026,20:03,,16,Delivery propio,Efectivo,150.0
10084,07/08/2026,15:28,3179,5,Salón,Yape,138.0
10085,07/08/2026,12:27,3633,20,Para llevar,Efectivo,235.0
10086,07/08/2026,15:22,3264,7,Salón,Yape,140.0
10087,07/08/2026,13:31,2374,3,Para llevar,Yape,22.0
10088,07/08/2026,13:55,5301,18,Para llevar,Efectivo,120.0
10089,07/08/2026,14:51,3057,24,Salón,Efectivo,52.0
10090,07/08/2026,15:15,891,22,Salón,Plin,122.0
10091,07/08/2026,11:22,1749,17,Para llevar,Efectivo,54.0
10092,07/08/2026,13:29,1049,7,Salón,Efectivo,170.0
10093,07/08/2026,18:27,2496,20,Salón,Tarjeta,82.0
10094,07/08/2026,19:35,2921,2,Salón,Efectivo,42.0
10095,07/08/2026,18:17,1541,17,Delivery propio,Efectivo,117.0
10096,07/08/2026,13:36,3521,19,Delivery propio,Tarjeta,212.0
10097,07/08/2026,18:20,2930,7,Salón,Efectivo,78.0
10098,07/08/2026,20:50,877,20,Salón,Tarjeta,174.0
10099,07/08/2026,14:38,4737,5,Salón,Plin,6.0
10100,07/08/2026,20:04,4361,5,Para llevar,Tarjeta,89.0
10101,07/08/2026,15:18,4119,5,Delivery propio,Yape,203.0
10102,07/08/2026,13:41,4468,20,Salón,Tarjeta,262.0
10103,07/08/2026,13:42,982,17,Para llevar,Tarjeta,192.0
10104,07/08/2026,15:17,1767,20,Salón,Yape,132.0
10105,07/08/2026,19:58,4751,16,Delivery propio,Yape,86.0
10106,07/08/2026,12:21,2156,22,Delivery propio,Yape,347.0
10107,07/08/2026,18:35,4325,19,Salón,Yape,166.0
10108,07/08/2026,16:52,620,7,Salón,Yape,80.0
10109,07/08/2026,16:02,1999,22,Salón,Yape,22.0
10110,07/08/2026,13:52,1566,19,Salón,Efectivo,86.0
10111,07/08/2026,13:37,,20,Delivery propio,Yape,210.0
10112,07/08/2026,17:56,467,18,Delivery propio,Efectivo,72.0
10113,07/08/2026,13:53,3486,17,Salón,Efectivo,30.0
10114,07/08/2026,18:23,2446,5,Salón,Plin,76.0
10115,07/08/2026,19:46,4006,16,Salón,Efectivo,68.0
10116,08/08/2026,11:10,2766,5,Delivery propio,Plin,98.0
10117,08/08/2026,11:57,5258,18,Salón,Efectivo,130.0
10118,08/08/2026,12:24,2160,17,Salón,Efectivo,68.0
10119,08/08/2026,20:14,,18,Salón,Tarjeta,78.0
10120,08/08/2026,20:10,,2,Salón,Yape,118.0
10121,08/08/2026,19:46,2718,7,Delivery propio,Tarjeta,180.0
10122,08/08/2026,21:28,4242,24,Salón,Plin,80.0
10123,08/08/2026,14:26,3228,3,Salón,Yape,124.0
10124,08/08/2026,20:38,4421,2,Para llevar,Yape,90.0
10125,08/08/2026,13:15,499,20,Salón,Yape,212.0
10126,08/08/2026,20:57,3797,7,Salón,Tarjeta,42.0
10127,08/08/2026,11:32,3452,5,Para llevar,Yape,158.0
10128,08/08/2026,12:18,2513,24,Salón,Tarjeta,41.0
10129,08/08/2026,13:49,4824,3,Salón,Yape,138.0
10130,08/08/2026,13:11,5043,16,Para llevar,Tarjeta,84.0
10131,08/08/2026,11:31,276,24,Salón,Yape,85.0
10132,08/08/2026,14:40,1856,2,Salón,Yape,240.0
10133,08/08/2026,15:08,3718,24,Para llevar,Plin,76.0
10134,08/08/2026,14:35,3166,7,Para llevar,Plin,175.0
10135,08/08/2026,14:43,2510,16,Salón,Yape,145.0
10136,08/08/2026,20:50,534,2,Delivery propio,Efectivo,108.0
10137,08/08/2026,20:02,3742,17,Salón,Efectivo,146.0
10138,08/08/2026,15:06,5027,5,Para llevar,Tarjeta,36.0
10139,08/08/2026,21:30,2329,16,Salón,Plin,73.0
10140,08/08/2026,17:47,5119,2,Salón,Efectivo,284.0
10141,08/08/2026,16:23,,16,Delivery propio,Efectivo,120.0
10142,08/08/2026,18:34,1242,2,Delivery propio,Efectivo,142.0
10143,08/08/2026,11:41,1699,20,Delivery propio,Efectivo,58.0
10144,08/08/2026,12:18,2855,24,Salón,Plin,40.0
10145,08/08/2026,14:53,2419,20,Para llevar,Efectivo,55.0
10146,08/08/2026,18:33,2790,19,Para llevar,Efectivo,412.0
10147,08/08/2026,13:50,1695,2,Delivery propio,Efectivo,20.0
10148,08/08/2026,16:40,3002,5,Salón,Yape,146.0
10149,08/08/2026,15:11,3892,24,Salón,Yape,83.0
10150,08/08/2026,13:15,2054,17,Salón,Tarjeta,70.0
10151,08/08/2026,14:33,1281,7,Para llevar,Efectivo,110.0
10152,08/08/2026,19:33,780,19,Salón,Efectivo,84.0
10153,08/08/2026,13:08,3143,2,Salón,Efectivo,124.0
10154,08/08/2026,12:29,2277,7,Salón,Tarjeta,244.0
10155,08/08/2026,13:40,,2,Salón,Efectivo,166.0
10156,08/08/2026,12:18,572,22,Delivery propio,Yape,78.0
10157,08/08/2026,14:24,4606,7,Salón,Efectivo,129.0
10158,08/08/2026,14:11,1326,18,Salón,Plin,213.0
10159,08/08/2026,12:22,4018,18,Para llevar,Efectivo,92.0
10160,08/08/2026,11:27,1931,16,Salón,Yape,86.0
10161,08/08/2026,19:44,3483,5,Salón,Efectivo,59.0
10162,08/08/2026,16:40,2202,17,Para llevar,Tarjeta,116.0
10163,08/08/2026,15:30,,18,Salón,Yape,193.0
10164,08/08/2026,14:18,2877,2,Salón,Yape,68.0
10165,Ayer,19:06,3838,22,Salón,Yape,96.0
10166,08/08/2026,13:06,4635,24,Delivery propio,Yape,94.0
10167,08/08/2026,17:53,3076,2,Salón,Yape,70.0
10168,09/08/2026,12:07,3827,22,Salón,Yape,44.0
10169,09/08/2026,13:03,3923,7,Delivery propio,Efectivo,120.0
10170,09/08/2026,16:49,4321,24,Salón,Plin,128.0
10171,09/08/2026,14:26,130,17,Salón,Tarjeta,42.0
10172,09/08/2026,20:44,2301,5,Delivery propio,Efectivo,161.0
10173,09/08/2026,18:06,3067,5,Salón,Efectivo,36.0
10174,09/08/2026,13:29,561,18,Salón,Tarjeta,148.0
10175,09/08/2026,21:50,5311,22,Salón,Tarjeta,294.0
10176,09/08/2026,13:21,3878,7,Salón,Yape,253.0
10177,09/08/2026,21:18,3767,3,Delivery propio,Efectivo,42.0
10178,09/08/2026,13:41,1038,16,Delivery propio,Tarjeta,110.0
10179,09/08/2026,13:31,4198,20,Delivery propio,Yape,138.0
10180,09/08/2026,11:23,3797,16,Delivery propio,Tarjeta,150.0
10181,09/08/2026,13:37,4320,18,Para llevar,Yape,96.0
10182,09/08/2026,15:16,1258,17,Delivery propio,Efectivo,89.0
10183,09/08/2026,16:26,4729,3,Delivery propio,Efectivo,211.0
10184,09/08/2026,14:28,1036,3,Salón,Yape,98.0
10185,09/08/2026,13:13,,20,Para llevar,Plin,100.0
10186,09/08/2026,13:13,3316,22,Salón,Tarjeta,253.0
10187,09/08/2026,14:02,3480,7,Salón,Yape,178.0
10188,09/08/2026,20:17,2651,18,Para llevar,Efectivo,95.0
10189,09/08/2026,18:20,2901,7,Delivery propio,Efectivo,234.0
10190,09/08/2026,19:00,,7,Salón,Yape,315.0
10191,09/08/2026,20:51,2853,20,Salón,Tarjeta,123.0
10192,09/08/2026,16:01,5316,18,Salón,Yape,147.0
10193,09/08/2026,19:44,633,3,Salón,Tarjeta,32.0
10194,09/08/2026,18:26,4369,2,Delivery propio,Efectivo,59.0
10195,09/08/2026,14:06,52,16,Salón,Yape,116.0
10196,09/08/2026,16:16,3170,19,Para llevar,Yape,132.0
10197,09/08/2026,13:05,3865,17,Delivery propio,Plin,73.0
10198,09/08/2026,20:09,5492,2,Delivery propio,Tarjeta,208.0
10199,09/08/2026,13:14,877,22,Salón,Yape,128.0
10200,09/08/2026,11:40,3007,17,Para llevar,Efectivo,140.0
10201,09/08/2026,13:29,354,17,Salón,Tarjeta,108.0
10202,09/08/2026,13:12,4932,5,Salón,Tarjeta,25.0
10203,09/08/2026,15:11,1477,16,Salón,Tarjeta,150.0
10204,09/08/2026,16:21,4512,3,Salón,Yape,48.0
10205,09/08/2026,17:47,1663,3,Delivery propio,Yape,144.0
10206,09/08/2026,14:26,534,2,Salón,Tarjeta,66.0
10207,09/08/2026,13:38,2252,17,Delivery propio,Yape,280.0
10208,09/08/2026,11:21,5439,3,Salón,Yape,87.0
10209,09/08/2026,20:00,2808,17,Delivery propio,Efectivo,189.0
10210,09/08/2026,20:13,3627,3,Para llevar,Efectivo,202.0
10211,09/08/2026,13:48,4148,5,Salón,Efectivo,172.0
10212,09/08/2026,12:59,2903,20,Salón,Yape,142.0
10213,09/08/2026,13:53,511,17,Delivery propio,Plin,100.0
10214,09/08/2026,11:25,2763,7,Salón,Yape,88.0
10215,09/08/2026,20:24,4901,16,Delivery propio,Yape,64.0
10216,09/08/2026,19:07,2995,16,Salón,Tarjeta,50.0
10217,09/08/2026,15:43,1684,18,Salón,Efectivo,116.0
10218,09/08/2026,16:57,4205,7,Salón,Tarjeta,108.0
10219,09/08/2026,14:11,4551,16,Para llevar,Efectivo,72.0
10220,09/08/2026,21:11,5300,24,Para llevar,Efectivo,10.0
10221,09/08/2026,14:16,607,7,Salón,Tarjeta,180.0
10222,09/08/2026,14:27,1901,2,Salón,Tarjeta,38.0
10223,09/08/2026,12:09,4130,7,Delivery propio,Efectivo,72.0
10224,09/08/2026,15:51,1315,5,Salón,Yape,44.0
10225,09/08/2026,19:32,5175,5,Salón,Efectivo,129.0
10226,09/08/2026,19:10,2173,2,Salón,Yape,18.0
10227,10/08/2026,19:55,3937,2,Salón,Efectivo,138.0
10228,10/08/2026,19:38,4194,18,Para llevar,Tarjeta,105.0
10229,10/08/2026,14:35,5312,2,Salón,Efectivo,54.0
10230,10/08/2026,14:48,2971,5,Salón,Yape,36.0
10231,10/08/2026,15:38,3981,22,Salón,Tarjeta,96.0
10232,10/08/2026,13:53,1462,24,Salón,Yape,24.0
10233,10/08/2026,20:33,,2,Delivery propio,Tarjeta,103.0
10234,10/08/2026,13:25,2819,20,Salón,Yape,79.0
10235,10/08/2026,18:04,769,19,Para llevar,Yape,44.0
10236,10/08/2026,14:35,5374,5,Para llevar,Efectivo,122.0
10237,10/08/2026,18:03,3655,18,Salón,Plin,100.0
10238,10/08/2026,18:57,1616,7,Salón,Efectivo,243.0
10239,10/08/2026,14:48,1667,18,Salón,Yape,131.0
10240,10/08/2026,19:13,2218,20,Para llevar,Yape,66.0
10241,10/08/2026,13:14,991,3,Delivery propio,Yape,18.0
10242,10/08/2026,18:45,1933,7,Para llevar,Tarjeta,200.0
10243,10/08/2026,11:43,2634,22,Salón,Efectivo,66.0
10244,10/08/2026,14:29,4998,17,Salón,Yape,166.0
10245,10/08/2026,19:01,5131,22,Salón,Tarjeta,205.0
10246,10/08/2026,15:12,877,19,Salón,Tarjeta,110.0
10247,10/08/2026,13:34,,20,Para llevar,Efectivo,54.0
10248,10/08/2026,19:37,,24,Salón,Tarjeta,169.0
10249,11/08/2026,12:24,5007,20,Para llevar,Yape,171.0
10250,11/08/2026,12:55,3230,3,Salón,Plin,216.0
10251,11/08/2026,19:28,3577,19,Delivery propio,Tarjeta,61.0
10252,11/08/2026,16:03,1689,7,Salón,Tarjeta,137.0
10253,11/08/2026,16:31,303,22,Salón,Efectivo,146.0
10254,11/08/2026,16:41,3247,24,Salón,Efectivo,233.0
10255,11/08/2026,20:35,2280,20,Salón,Yape,49.0
10256,11/08/2026,15:00,3973,3,Delivery propio,Yape,72.0
10257,11/08/2026,13:42,4843,2,Delivery propio,Plin,76.0
10258,11/08/2026,14:29,,7,Para llevar,Plin,214.0
10259,11/08/2026,18:00,3403,22,Para llevar,Yape,120.0
10260,11/08/2026,15:10,3215,22,Salón,Efectivo,44.0
10261,11/08/2026,19:01,877,20,Salón,Tarjeta,159.0
10262,11/08/2026,14:07,5368,24,Salón,Yape,126.0
10263,11/08/2026,19:26,2569,18,Delivery propio,Tarjeta,220.0
10264,11/08/2026,13:16,4114,16,Delivery propio,Yape,212.0
10265,11/08/2026,19:14,2738,20,Salón,Yape,106.0
10266,11/08/2026,16:54,4916,16,Delivery propio,Tarjeta,37.0
10267,11/08/2026,13:50,4376,5,Salón,Efectivo,62.0
10268,11/08/2026,13:48,1102,20,Salón,Efectivo,70.0
10269,11/08/2026,14:44,4502,5,Salón,Yape,53.0
10270,11/08/2026,15:43,,5,Salón,Yape,70.0
10271,11/08/2026,14:57,5424,7,Para llevar,Yape,226.0
10272,11/08/2026,16:40,235,17,Delivery propio,Efectivo,84.0
10273,11/08/2026,16:52,1331,19,Salón,Efectivo,66.0
10274,11/08/2026,12:36,2627,16,Salón,Efectivo,174.0
10275,11/08/2026,13:45,2409,17,Salón,Efectivo,54.0
10276,12/08/2026,17:17,,2,Para llevar,Efectivo,237.0
10277,12/08/2026,19:11,2608,22,Salón,Yape,42.0
10278,12/08/2026,19:26,224,22,Salón,Efectivo,292.0
10279,12/08/2026,15:23,,20,Salón,Yape,118.0
10280,12/08/2026,12:17,,19,Delivery propio,Plin,18.0
10281,12/08/2026,20:27,5337,22,Para llevar,Tarjeta,45.0
10282,12/08/2026,12:10,4817,3,Delivery propio,Efectivo,82.0
10283,12/08/2026,14:01,4817,18,Salón,Plin,214.0
10284,12/08/2026,15:54,351,2,Para llevar,Efectivo,74.0
10285,12/08/2026,20:39,5239,5,Para llevar,Yape,248.0
10286,12/08/2026,12:23,2532,3,Salón,Yape,66.0
10287,12/08/2026,13:36,,16,Delivery propio,Efectivo,89.0
10288,12/08/2026,20:38,,24,Para llevar,Tarjeta,90.0
10289,12/08/2026,16:20,3122,5,Para llevar,Yape,106.0
10290,12/08/2026,20:35,,20,Salón,Tarjeta,170.0
10291,12/08/2026,14:34,1143,22,Para llevar,Plin,28.0
10292,12/08/2026,13:05,5093,5,Salón,Efectivo,120.0
10293,12/08/2026,16:24,417,17,Salón,Tarjeta,48.0
10294,12/08/2026,16:16,4479,17,Salón,Efectivo,164.0
10295,12/08/2026,14:59,3222,16,Salón,Efectivo,184.0
10296,12/08/2026,19:34,1493,22,Para llevar,Tarjeta,72.0
10297,12/08/2026,12:06,1216,5,Para llevar,Tarjeta,68.0
10298,12/08/2026,13:50,3472,20,Delivery propio,Yape,170.0
10299,12/08/2026,14:47,184,16,Para llevar,Efectivo,36.0
10300,12/08/2026,17:22,3567,24,Salón,Tarjeta,14.0
10301,12/08/2026,20:15,1975,18,Salón,Efectivo,138.0
10302,12/08/2026,14:27,454,3,Salón,Plin,309.0
10303,13/08/2026,12:35,4533,19,Salón,Yape,156.0
10304,13/08/2026,11:28,4321,24,Salón,Efectivo,48.0
10305,13/08/2026,13:13,2234,16,Salón,Tarjeta,138.0
10306,13/08/2026,19:31,1657,18,Delivery propio,Yape,213.0
10307,13/08/2026,14:24,2080,24,Para llevar,Yape,108.0
10308,13/08/2026,16:01,1865,18,Para llevar,Yape,230.0
10309,13/08/2026,11:46,2621,5,Salón,Tarjeta,70.0
10310,13/08/2026,12:23,2383,19,Salón,Yape,305.0
10311,13/08/2026,19:12,3602,5,Salón,Tarjeta,76.0
10312,13/08/2026,14:13,,24,Salón,Yape,102.0
10313,13/08/2026,13:53,3125,20,Para llevar,Efectivo,102.0
10314,13/08/2026,19:36,4731,7,Salón,Tarjeta,126.0
10315,13/08/2026,14:44,3339,5,Para llevar,Yape,182.0
10316,13/08/2026,14:16,852,20,Para llevar,Efectivo,118.0
10317,13/08/2026,15:52,586,17,Salón,Yape,219.0
10318,13/08/2026,20:17,2077,5,Delivery propio,Tarjeta,60.0
10319,13/08/2026,17:04,5070,5,Salón,Efectivo,116.0
10320,13/08/2026,18:46,608,5,Salón,Tarjeta,166.0
10321,13/08/2026,11:53,2056,18,Salón,Tarjeta,128.0
10322,13/08/2026,16:24,3211,5,Salón,Efectivo,141.0
10323,13/08/2026,13:48,5216,5,Salón,Efectivo,283.0
10324,13/08/2026,14:54,2497,20,Salón,Efectivo,115.0
10325,13/08/2026,13:48,4447,18,Salón,Efectivo,166.0
10326,13/08/2026,16:37,2347,22,Salón,Efectivo,68.0
10327,13/08/2026,12:37,3757,18,Salón,Yape,106.0
10328,13/08/2026,15:20,4562,19,Para llevar,Efectivo,250.0
10329,13/08/2026,17:26,4947,24,Salón,Yape,172.0
10330,13/08/2026,15:05,3599,17,Delivery propio,Tarjeta,262.0
10331,13/08/2026,13:02,3294,18,Salón,Efectivo,258.0
10332,14/08/2026,13:58,3618,18,Para llevar,Tarjeta,126.0
10333,14/08/2026,19:26,3091,5,Salón,Yape,55.0
10334,14/08/2026,12:08,3512,17,Delivery propio,Efectivo,94.0
10335,14/08/2026,19:48,712,5,Salón,Tarjeta,176.0
10336,14/08/2026,14:10,1114,5,Delivery propio,Tarjeta,96.0
10337,14/08/2026,13:36,2374,22,Para llevar,Efectivo,156.0
10338,14/08/2026,12:04,1459,5,Para llevar,Efectivo,73.0
10339,14/08/2026,19:31,18,22,Salón,Tarjeta,172.0
10340,14/08/2026,20:50,931,5,Salón,Tarjeta,93.0
10341,14/08/2026,19:11,1307,7,Salón,Efectivo,136.0
10342,14/08/2026,20:36,3179,7,Delivery propio,Plin,86.0
10343,14/08/2026,14:57,1987,20,Salón,Efectivo,122.0
10344,14/08/2026,14:33,368,7,Salón,Efectivo,249.0
10345,14/08/2026,11:17,3110,7,Salón,Tarjeta,116.0
10346,Ayer,13:23,967,17,Delivery propio,Yape,54.0
10347,14/08/2026,13:05,417,5,Para llevar,Efectivo,72.0
10348,14/08/2026,17:35,5004,17,Salón,Plin,78.0
10349,14/08/2026,12:40,2125,2,Salón,Tarjeta,68.0
10350,14/08/2026,19:20,1573,24,Para llevar,Tarjeta,300.0
10351,14/08/2026,15:56,4559,2,Salón,Tarjeta,60.0
10352,14/08/2026,17:10,2849,24,Delivery propio,Tarjeta,267.0
10353,14/08/2026,15:13,220,20,Salón,Tarjeta,20.0
10354,14/08/2026,13:10,3464,19,Salón,Tarjeta,66.0
10355,14/08/2026,20:36,3734,19,Salón,Tarjeta,145.0
10356,14/08/2026,14:38,4446,24,Delivery propio,Tarjeta,110.0
10357,14/08/2026,15:31,4861,19,Salón,Efectivo,72.0
10358,14/08/2026,19:12,46,20,Delivery propio,Tarjeta,124.0
10359,15/08/2026,13:27,2316,16,Salón,Efectivo,74.0
10360,15/08/2026,17:30,189,7,Salón,Efectivo,60.0
10361,15/08/2026,19:42,4935,5,Salón,Efectivo,83.0
10362,15/08/2026,17:11,5142,16,Salón,Tarjeta,160.0
10363,15/08/2026,15:11,5472,16,Para llevar,Yape,191.0
10364,15/08/2026,15:44,1439,7,Para llevar,Tarjeta,83.0
10365,15/08/2026,17:14,496,20,Salón,Plin,75.0
10366,15/08/2026,16:12,4735,16,Delivery propio,Yape,110.0
10367,15/08/2026,21:54,4255,22,Delivery propio,Efectivo,129.0
10368,15/08/2026,12:41,5256,16,Salón,Tarjeta,86.0
10369,15/08/2026,20:55,1637,2,Salón,Yape,90.0
10370,15/08/2026,19:49,4650,19,Salón,Tarjeta,197.0
10371,15/08/2026,13:30,3532,2,Salón,Tarjeta,138.0
10372,15/08/2026,20:56,,19,Salón,Yape,154.0
10373,15/08/2026,19:48,849,3,Delivery propio,Efectivo,18.0
10374,15/08/2026,13:57,4751,7,Salón,Efectivo,74.0
10375,15/08/2026,19:20,907,18,Delivery propio,Efectivo,60.0
10376,15/08/2026,13:00,3862,22,Salón,Tarjeta,144.0
10377,15/08/2026,16:58,28,24,Delivery propio,Efectivo,34.0
10378,15/08/2026,13:20,4855,3,Salón,Efectivo,136.0
10379,15/08/2026,13:48,1150,17,Para llevar,Yape,78.0
10380,15/08/2026,20:34,2220,18,Salón,Plin,50.0
10381,15/08/2026,14:37,1197,19,Delivery propio,Tarjeta,82.0
10382,15/08/2026,19:22,2574,20,Delivery propio,Yape,240.0
10383,15/08/2026,20:32,1457,7,Salón,Yape,206.0
10384,15/08/2026,11:52,339,2,Para llevar,Tarjeta,18.0
10385,15/08/2026,11:08,4206,7,Delivery propio,Efectivo,32.0
10386,15/08/2026,13:36,1575,3,Salón,Plin,97.0
10387,15/08/2026,16:59,,18,Delivery propio,Efectivo,83.0
10388,15/08/2026,11:10,4272,2,Salón,Plin,124.0
10389,15/08/2026,12:29,115,24,Salón,Plin,141.0
10390,15/08/2026,16:19,1222,16,Salón,Tarjeta,180.0
10391,15/08/2026,13:13,4448,24,Salón,Tarjeta,183.0
10392,15/08/2026,13:26,5497,7,Delivery propio,Yape,24.0
10393,15/08/2026,20:53,2307,2,Para llevar,Efectivo,254.0
10394,15/08/2026,14:01,2722,24,Para llevar,Plin,94.0
10395,15/08/2026,13:17,2184,17,Salón,Efectivo,56.0
10396,15/08/2026,17:32,205,17,Delivery propio,Yape,62.0
10397,15/08/2026,15:40,886,19,Delivery propio,Plin,119.0
10398,15/08/2026,19:03,2557,19,Salón,Yape,104.0
10399,15/08/2026,19:51,3059,2,Salón,Tarjeta,192.0
10400,15/08/2026,12:35,2357,22,Delivery propio,Efectivo,58.0
10401,Ayer,18:36,1527,22,Salón,Yape,108.0
10402,15/08/2026,14:18,3793,20,Salón,Yape,90.0
10403,15/08/2026,20:19,2075,2,Para llevar,Plin,144.0
10404,15/08/2026,15:15,1626,20,Salón,Efectivo,84.0
10405,15/08/2026,18:37,3988,24,Delivery propio,Efectivo,137.0
10406,16/08/2026,15:47,2259,5,Delivery propio,Plin,161.0
10407,16/08/2026,17:01,906,3,Salón,Efectivo,244.0
10408,16/08/2026,19:09,,3,Salón,Yape,150.0
10409,16/08/2026,12:47,3503,5,Salón,Plin,178.0
10410,16/08/2026,14:03,4205,3,Para llevar,Yape,12.0
10411,16/08/2026,19:37,5316,17,Para llevar,Efectivo,243.0
10412,16/08/2026,17:27,3220,3,Salón,Yape,170.0
10413,16/08/2026,20:56,4220,5,Salón,Efectivo,96.0
10414,16/08/2026,19:49,5290,17,Salón,Efectivo,190.0
10415,16/08/2026,17:17,1774,20,Para llevar,Tarjeta,97.0
10416,16/08/2026,12:52,3035,24,Delivery propio,Tarjeta,135.0
10417,16/08/2026,13:45,3737,16,Salón,Efectivo,225.0
10418,16/08/2026,18:45,4568,22,Salón,Efectivo,155.0
10419,16/08/2026,20:49,2888,22,Delivery propio,Efectivo,118.0
10420,16/08/2026,20:52,4842,5,Salón,Yape,97.0
10421,16/08/2026,13:10,,7,Delivery propio,Yape,164.0
10422,16/08/2026,14:06,1858,17,Salón,Efectivo,262.0
10423,16/08/2026,17:41,4556,2,Delivery propio,Yape,106.0
10424,16/08/2026,16:07,4180,3,Salón,Yape,218.0
10425,16/08/2026,13:47,650,20,Delivery propio,Plin,80.0
10426,16/08/2026,13:42,2827,19,Salón,Yape,54.0
10427,16/08/2026,20:45,1474,16,Para llevar,Efectivo,52.0
10428,16/08/2026,14:49,3602,2,Para llevar,Plin,190.0
10429,16/08/2026,19:53,3018,20,Salón,Efectivo,168.0
10430,16/08/2026,12:01,20,17,Para llevar,Efectivo,119.0
10431,16/08/2026,21:14,281,22,Delivery propio,Plin,66.0
10432,16/08/2026,15:15,1583,16,Salón,Tarjeta,22.0
10433,16/08/2026,12:14,4535,7,Delivery propio,Tarjeta,114.0
10434,16/08/2026,21:01,2618,24,Salón,Plin,206.0
10435,16/08/2026,13:50,4927,3,Salón,Plin,126.0
10436,16/08/2026,18:20,2640,22,Delivery propio,Tarjeta,116.0
10437,16/08/2026,14:55,1830,20,Salón,Efectivo,108.0
10438,16/08/2026,11:44,3654,18,Salón,Plin,132.0
10439,16/08/2026,15:56,5479,24,Salón,Tarjeta,42.0
10440,16/08/2026,12:48,4256,5,Salón,Efectivo,140.0
10441,16/08/2026,17:33,1166,3,Delivery propio,Yape,72.0
10442,16/08/2026,12:14,3009,5,Salón,Tarjeta,48.0
10443,16/08/2026,14:01,2290,2,Delivery propio,Efectivo,36.0
10444,16/08/2026,12:28,2330,19,Para llevar,Efectivo,118.0
10445,16/08/2026,15:57,3602,5,Salón,Plin,114.0
10446,16/08/2026,13:19,860,7,Salón,Yape,87.0
10447,16/08/2026,18:06,4140,22,Delivery propio,Yape,128.0
10448,16/08/2026,19:29,3201,2,Salón,Tarjeta,234.0
10449,16/08/2026,12:59,877,24,Delivery propio,Efectivo,149.0
10450,16/08/2026,13:43,877,17,Para llevar,Yape,10.0
10451,16/08/2026,13:19,2022,19,Salón,Efectivo,224.0
10452,16/08/2026,18:08,,20,Salón,Tarjeta,93.0
10453,16/08/2026,14:05,4068,2,Para llevar,Yape,200.0
10454,16/08/2026,14:48,5351,7,Delivery propio,Yape,66.0
10455,16/08/2026,13:02,2167,17,Delivery propio,Tarjeta,165.0
10456,16/08/2026,14:56,1165,16,Salón,Efectivo,70.0
10457,16/08/2026,20:07,1938,24,Delivery propio,Plin,78.0
10458,16/08/2026,21:06,1993,19,Salón,Yape,264.0
10459,16/08/2026,15:01,4815,24,Salón,Efectivo,122.0
10460,16/08/2026,14:12,2654,5,Salón,Yape,33.0
10461,16/08/2026,13:01,,2,Salón,Efectivo,84.0
10462,16/08/2026,18:17,1638,3,Salón,Plin,37.0
10463,16/08/2026,14:28,5184,2,Salón,Tarjeta,62.0
10464,16/08/2026,19:43,,24,Salón,Plin,94.0
10465,17/08/2026,15:20,611,16,Salón,Yape,170.0
10466,17/08/2026,12:04,5384,5,Delivery propio,Tarjeta,73.0
10467,17/08/2026,14:56,4577,16,Para llevar,Efectivo,132.0
10468,17/08/2026,19:33,1370,17,Delivery propio,Yape,20.0
10469,17/08/2026,16:29,3952,19,Salón,Tarjeta,72.0
10470,17/08/2026,15:45,1275,20,Delivery propio,Yape,168.0
10471,17/08/2026,13:20,2659,3,Salón,Yape,48.0
10472,17/08/2026,20:23,,18,Delivery propio,Yape,204.0
10473,17/08/2026,20:34,5321,18,Para llevar,Efectivo,76.0
10474,17/08/2026,20:44,2783,22,Delivery propio,Yape,90.0
10475,17/08/2026,21:45,3483,7,Salón,Efectivo,60.0
10476,17/08/2026,14:48,287,3,Delivery propio,Yape,18.0
10477,17/08/2026,16:22,4639,20,Salón,Efectivo,38.0
10478,17/08/2026,15:53,538,7,Delivery propio,Tarjeta,76.0
10479,17/08/2026,15:16,4858,24,Para llevar,Yape,106.0
10480,17/08/2026,20:26,1394,17,Salón,Yape,104.0
10481,No se sabe,17:11,2559,17,Para llevar,Efectivo,224.0
10482,17/08/2026,13:02,4022,17,Salón,Yape,54.0
10483,17/08/2026,14:57,802,3,Delivery propio,Efectivo,127.0
10484,17/08/2026,15:04,3487,20,Para llevar,Yape,112.0
10485,17/08/2026,15:59,3225,3,Salón,Tarjeta,78.0
10486,17/08/2026,13:12,5407,22,Para llevar,Plin,185.0
10487,17/08/2026,13:28,4973,7,Salón,Efectivo,154.0
10488,18/08/2026,18:53,4178,16,Delivery propio,Yape,38.0
10489,18/08/2026,15:06,3275,24,Salón,Yape,154.0
10490,18/08/2026,18:01,2181,19,Para llevar,Yape,144.0
10491,18/08/2026,20:11,5201,7,Salón,Efectivo,188.0
10492,18/08/2026,16:22,1760,20,Salón,Plin,212.0
10493,18/08/2026,13:13,2845,5,Salón,Plin,89.0
10494,18/08/2026,18:21,2007,2,Para llevar,Efectivo,196.0
10495,18/08/2026,14:54,5019,24,Delivery propio,Efectivo,229.0
10496,18/08/2026,11:16,1855,20,Delivery propio,Efectivo,138.0
10497,18/08/2026,13:35,885,3,Para llevar,Yape,40.0
10498,18/08/2026,13:58,,20,Salón,Efectivo,192.0
10499,18/08/2026,13:18,4291,19,Salón,Tarjeta,295.0
10500,18/08/2026,18:22,1166,5,Salón,Efectivo,140.0
10501,18/08/2026,14:23,4336,24,Delivery propio,Yape,46.0
10502,18/08/2026,19:01,3662,18,Salón,Tarjeta,190.0
10503,18/08/2026,12:28,4802,24,Para llevar,Yape,147.0
10504,18/08/2026,14:53,302,2,Salón,Yape,59.0
10505,18/08/2026,15:51,2202,24,Salón,Tarjeta,119.0
10506,18/08/2026,15:58,5415,5,Salón,Efectivo,160.0
10507,18/08/2026,14:47,2923,17,Salón,Tarjeta,154.0
10508,18/08/2026,20:36,2967,20,Salón,Yape,96.0
10509,18/08/2026,13:11,4583,17,Salón,Efectivo,56.0
10510,18/08/2026,13:29,2547,19,Para llevar,Efectivo,82.0
10511,18/08/2026,12:08,3560,24,Salón,Tarjeta,220.0
10512,18/08/2026,13:07,2962,16,Salón,Yape,178.0
10513,18/08/2026,15:30,3944,3,Salón,Tarjeta,93.0
10514,18/08/2026,11:28,877,2,Delivery propio,Tarjeta,54.0
10515,18/08/2026,13:45,287,24,Salón,Plin,86.0
10516,18/08/2026,19:27,,17,Salón,Tarjeta,176.0
10517,18/08/2026,13:04,1713,17,Salón,Efectivo,154.0
10518,19/08/2026,19:46,1422,20,Salón,Yape,56.0
10519,19/08/2026,14:34,5282,20,Salón,Yape,158.0
10520,19/08/2026,20:58,5199,2,Delivery propio,Yape,10.0
10521,19/08/2026,18:10,,3,Delivery propio,Yape,128.0
10522,19/08/2026,19:52,3264,24,Salón,Yape,198.0
10523,19/08/2026,11:57,3738,2,Para llevar,Efectivo,60.0
10524,19/08/2026,15:51,2288,18,Salón,Efectivo,30.0
10525,19/08/2026,20:22,2549,20,Delivery propio,Efectivo,162.0
10526,19/08/2026,14:59,458,20,Delivery propio,Efectivo,356.0
10527,19/08/2026,11:23,2024,3,Salón,Efectivo,92.0
10528,19/08/2026,21:25,5058,16,Salón,Tarjeta,18.0
10529,19/08/2026,15:15,4062,24,Salón,Efectivo,72.0
10530,19/08/2026,13:46,5428,19,Salón,Yape,213.0
10531,19/08/2026,19:43,,17,Salón,Efectivo,316.0
10532,19/08/2026,12:29,1167,3,Salón,Efectivo,122.0
10533,19/08/2026,12:44,4110,3,Para llevar,Yape,131.0
10534,19/08/2026,19:35,3526,3,Salón,Efectivo,70.0
10535,19/08/2026,20:52,1751,22,Salón,Plin,45.0
10536,19/08/2026,18:26,2285,3,Salón,Yape,36.0
10537,19/08/2026,19:05,1088,2,Salón,Tarjeta,93.0
10538,19/08/2026,11:16,5256,2,Salón,Yape,106.0
10539,19/08/2026,15:04,,20,Delivery propio,Tarjeta,60.0
10540,19/08/2026,19:13,3987,18,Salón,Yape,34.0
10541,19/08/2026,21:07,5195,7,Para llevar,Yape,283.0
10542,19/08/2026,20:50,516,7,Para llevar,Yape,228.0
10543,20/08/2026,18:53,1727,5,Salón,Efectivo,129.0
10544,20/08/2026,21:53,3677,22,Salón,Tarjeta,104.0
10545,20/08/2026,19:31,877,24,Salón,Efectivo,174.0
10546,20/08/2026,12:15,1631,5,Salón,Efectivo,80.0
10547,No se sabe,19:14,216,22,Salón,Tarjeta,120.0
10548,20/08/2026,20:47,721,17,Delivery propio,Yape,94.0
10549,20/08/2026,14:40,2520,17,Para llevar,Yape,117.0
10550,20/08/2026,20:53,485,3,Para llevar,Efectivo,152.0
10551,20/08/2026,14:09,3956,22,Salón,Plin,88.0
10552,20/08/2026,16:20,2881,17,Para llevar,Yape,153.0
10553,20/08/2026,20:43,,20,Salón,Efectivo,67.0
10554,20/08/2026,17:25,3264,18,Salón,Efectivo,92.0
10555,20/08/2026,13:14,3641,19,Salón,Yape,100.0
10556,20/08/2026,19:03,4629,5,Para llevar,Tarjeta,84.0
10557,20/08/2026,13:27,3578,19,Salón,Tarjeta,146.0
10558,20/08/2026,16:02,4082,16,Delivery propio,Efectivo,28.0
10559,20/08/2026,13:14,1533,20,Salón,Plin,173.0
10560,20/08/2026,12:17,5055,22,Delivery propio,Yape,213.0
10561,20/08/2026,18:42,3674,2,Salón,Yape,98.0
10562,20/08/2026,15:33,3483,17,Salón,Efectivo,126.0
10563,20/08/2026,18:37,847,7,Salón,Efectivo,178.0
10564,20/08/2026,17:51,1090,24,Delivery propio,Tarjeta,142.0
10565,20/08/2026,19:19,3286,2,Delivery propio,Yape,94.0
10566,20/08/2026,14:10,,17,Delivery propio,Efectivo,132.0
10567,20/08/2026,20:01,3059,5,Salón,Efectivo,84.0
10568,20/08/2026,19:44,1085,17,Salón,Tarjeta,62.0
10569,20/08/2026,21:23,1391,20,Salón,Efectivo,409.0
10570,20/08/2026,19:08,946,19,Para llevar,Efectivo,28.0
10571,20/08/2026,12:29,4498,22,Salón,Efectivo,257.0
10572,20/08/2026,18:14,,22,Para llevar,Yape,134.0
10573,20/08/2026,16:06,,7,Salón,Yape,136.0
10574,20/08/2026,18:06,4153,24,Salón,Plin,351.0
10575,21/08/2026,18:34,3726,18,Salón,Plin,81.0
10576,21/08/2026,14:33,5346,2,Delivery propio,Efectivo,208.0
10577,21/08/2026,11:45,2989,17,Salón,Efectivo,145.0
10578,21/08/2026,19:55,3906,7,Para llevar,Tarjeta,134.0
10579,21/08/2026,13:53,,22,Delivery propio,Efectivo,236.0
10580,21/08/2026,14:00,2557,18,Salón,Efectivo,90.0
10581,21/08/2026,12:26,1685,18,Salón,Tarjeta,56.0
10582,No se sabe,13:22,,18,Para llevar,Plin,119.0
10583,21/08/2026,14:13,5285,3,Salón,Plin,220.0
10584,21/08/2026,19:13,3735,18,Salón,Tarjeta,97.0
10585,21/08/2026,12:12,4504,3,Salón,Efectivo,100.0
10586,21/08/2026,13:51,1353,19,Para llevar,Plin,104.0
10587,21/08/2026,11:04,1648,22,Salón,Plin,186.0
10588,21/08/2026,13:46,4392,17,Para llevar,Tarjeta,66.0
10589,21/08/2026,19:00,4981,17,Salón,Yape,83.0
10590,21/08/2026,12:40,1155,16,Salón,Yape,68.0
10591,21/08/2026,19:41,4363,20,Para llevar,Efectivo,127.0
10592,21/08/2026,20:55,3198,17,Salón,Efectivo,80.0
10593,21/08/2026,19:50,3444,5,Salón,Yape,64.0
10594,21/08/2026,17:06,4814,7,Salón,Yape,200.0
10595,21/08/2026,19:16,4760,17,Salón,Efectivo,44.0
10596,21/08/2026,14:19,3951,24,Delivery propio,Tarjeta,92.0
10597,21/08/2026,19:56,1736,2,Delivery propio,Yape,222.0
10598,21/08/2026,15:40,212,22,Para llevar,Efectivo,147.0
10599,21/08/2026,13:44,5256,7,Para llevar,Tarjeta,122.0
10600,21/08/2026,17:26,,5,Salón,Tarjeta,178.0
10601,21/08/2026,15:10,1349,22,Salón,Efectivo,44.0
10602,21/08/2026,14:07,,3,Delivery propio,Yape,265.0
10603,21/08/2026,19:26,1209,18,Salón,Yape,104.0
10604,21/08/2026,12:20,3840,3,Para llevar,Plin,130.0
10605,21/08/2026,14:18,4434,7,Delivery propio,Yape,92.0
10606,21/08/2026,21:09,886,7,Para llevar,Tarjeta,50.0
10607,21/08/2026,13:50,177,3,Salón,Yape,114.0
10608,21/08/2026,19:07,1057,22,Salón,Tarjeta,124.0
10609,21/08/2026,13:05,1265,20,Salón,Plin,130.0
10610,22/08/2026,16:33,467,5,Delivery propio,Efectivo,32.0
10611,22/08/2026,19:48,1519,18,Salón,Efectivo,171.0
10612,22/08/2026,16:21,779,22,Salón,Yape,110.0
10613,22/08/2026,19:44,,16,Para llevar,Efectivo,204.0
10614,22/08/2026,12:50,1703,3,Para llevar,Efectivo,104.0
10615,22/08/2026,14:54,3516,20,Para llevar,Yape,54.0
10616,22/08/2026,13:43,4097,18,Salón,Yape,156.0
10617,22/08/2026,18:50,1576,22,Delivery propio,Tarjeta,224.0
10618,22/08/2026,21:04,2631,2,Salón,Efectivo,168.0
10619,22/08/2026,11:09,233,18,Salón,Efectivo,10.0
10620,22/08/2026,19:05,4802,20,Delivery propio,Tarjeta,201.0
10621,22/08/2026,17:51,1121,7,Salón,Efectivo,39.0
10622,22/08/2026,19:38,3240,17,Para llevar,Plin,258.0
10623,22/08/2026,19:42,1293,7,Salón,Efectivo,118.0
10624,22/08/2026,14:45,2708,24,Salón,Efectivo,146.0
10625,22/08/2026,13:17,2980,3,Delivery propio,Efectivo,26.0
10626,22/08/2026,16:52,4515,22,Delivery propio,Efectivo,204.0
10627,22/08/2026,13:19,816,2,Salón,Yape,228.0
10628,22/08/2026,18:40,3602,5,Salón,Yape,120.0
10629,22/08/2026,18:46,723,22,Salón,Yape,128.0
10630,22/08/2026,17:47,2874,19,Para llevar,Tarjeta,239.0
10631,22/08/2026,13:14,,24,Para llevar,Yape,138.0
10632,22/08/2026,11:25,4063,19,Delivery propio,Efectivo,60.0
10633,22/08/2026,19:34,4447,24,Salón,Yape,76.0
10634,22/08/2026,14:21,5048,24,Para llevar,Tarjeta,116.0
10635,22/08/2026,12:24,3276,24,Salón,Tarjeta,142.0
10636,22/08/2026,17:40,2036,19,Salón,Yape,110.0
10637,22/08/2026,19:10,3165,22,Para llevar,Plin,235.0
10638,22/08/2026,19:28,4727,19,Salón,Yape,144.0
10639,22/08/2026,11:49,2381,22,Salón,Efectivo,87.0
10640,22/08/2026,15:30,1616,5,Salón,Tarjeta,90.0
10641,22/08/2026,13:08,2738,3,Salón,Yape,159.0
10642,22/08/2026,14:35,2457,16,Salón,Efectivo,347.0
10643,22/08/2026,16:52,3266,24,Salón,Plin,22.0
10644,No se sabe,13:16,,24,Para llevar,Plin,204.0
10645,22/08/2026,14:00,1354,18,Delivery propio,Plin,156.0
10646,22/08/2026,13:26,1487,7,Salón,Yape,38.0
10647,22/08/2026,13:00,,7,Salón,Efectivo,290.0
10648,22/08/2026,20:57,4491,20,Delivery propio,Plin,34.0
10649,22/08/2026,19:16,3947,22,Salón,Yape,78.0
10650,22/08/2026,17:09,4368,17,Salón,Tarjeta,128.0
10651,22/08/2026,16:58,,18,Delivery propio,Efectivo,100.0
10652,22/08/2026,13:23,243,3,Para llevar,Efectivo,130.0
10653,23/08/2026,12:11,1317,2,Salón,Tarjeta,56.0
10654,23/08/2026,14:42,4813,5,Salón,Efectivo,38.0
10655,23/08/2026,13:33,4846,20,Salón,Tarjeta,77.0
10656,23/08/2026,18:10,4205,18,Salón,Yape,244.0
10657,23/08/2026,18:14,3576,18,Salón,Yape,176.0
10658,23/08/2026,11:26,4883,18,Para llevar,Yape,92.0
10659,23/08/2026,13:34,4942,2,Salón,Efectivo,36.0
10660,23/08/2026,18:08,3944,2,Para llevar,Tarjeta,80.0
10661,23/08/2026,12:59,,22,Delivery propio,Efectivo,236.0
10662,23/08/2026,13:44,1703,7,Salón,Tarjeta,204.0
10663,23/08/2026,13:47,,19,Salón,Yape,142.0
10664,23/08/2026,19:06,3408,22,Para llevar,Yape,118.0
10665,23/08/2026,11:52,3491,16,Salón,Efectivo,160.0
10666,23/08/2026,18:18,5025,20,Para llevar,Efectivo,170.0
10667,23/08/2026,15:29,229,5,Salón,Efectivo,56.0
10668,23/08/2026,12:19,1168,18,Salón,Efectivo,236.0
10669,23/08/2026,14:06,2196,19,Salón,Tarjeta,72.0
10670,23/08/2026,13:20,894,2,Salón,Yape,82.0
10671,23/08/2026,14:37,4727,22,Salón,Efectivo,145.0
10672,23/08/2026,11:16,621,2,Para llevar,Yape,58.0
10673,23/08/2026,14:37,239,3,Salón,Yape,214.0
10674,23/08/2026,15:41,743,16,Delivery propio,Plin,128.0
10675,23/08/2026,15:34,573,5,Salón,Yape,92.0
10676,23/08/2026,18:58,4030,7,Delivery propio,Yape,190.0
10677,23/08/2026,17:14,1210,16,Para llevar,Tarjeta,14.0
10678,23/08/2026,20:11,,5,Delivery propio,Tarjeta,128.0
10679,23/08/2026,19:44,3143,16,Salón,Yape,85.0
10680,23/08/2026,13:16,214,3,Para llevar,Yape,99.0
10681,23/08/2026,13:15,2979,24,Salón,Efectivo,32.0
10682,23/08/2026,20:23,4084,17,Para llevar,Yape,155.0
10683,23/08/2026,12:29,1856,18,Salón,Efectivo,88.0
10684,23/08/2026,14:28,4261,22,Salón,Plin,235.0
10685,23/08/2026,20:04,877,18,Salón,Efectivo,232.0
10686,23/08/2026,18:23,477,18,Salón,Efectivo,128.0
10687,23/08/2026,12:35,4245,17,Salón,Efectivo,75.0
10688,23/08/2026,13:11,1253,3,Delivery propio,Yape,126.0
10689,23/08/2026,14:44,2215,17,Salón,Tarjeta,54.0
10690,23/08/2026,14:09,2794,7,Salón,Plin,265.0
10691,23/08/2026,20:08,796,2,Delivery propio,Tarjeta,64.0
10692,23/08/2026,11:38,4469,5,Salón,Yape,30.0
10693,23/08/2026,13:45,1900,18,Salón,Yape,162.0
10694,23/08/2026,13:47,5435,17,Salón,Efectivo,143.0
10695,23/08/2026,14:57,799,5,Para llevar,Efectivo,238.0
10696,23/08/2026,16:46,5003,20,Salón,Yape,126.0
10697,23/08/2026,11:26,4689,16,Salón,Tarjeta,116.0
10698,23/08/2026,17:06,2890,19,Salón,Efectivo,240.0
10699,23/08/2026,12:33,5119,2,Salón,Tarjeta,148.0
10700,23/08/2026,17:14,202,24,Salón,Yape,74.0
10701,23/08/2026,13:55,1810,19,Salón,Yape,100.0
10702,23/08/2026,13:17,2584,22,Delivery propio,Tarjeta,81.0
10703,23/08/2026,18:24,2946,18,Salón,Tarjeta,126.0
10704,23/08/2026,13:16,1935,17,Salón,Tarjeta,243.0
10705,24/08/2026,12:22,4404,19,Salón,Yape,107.0
10706,24/08/2026,13:34,1958,5,Salón,Tarjeta,113.0
10707,24/08/2026,12:30,,2,Para llevar,Yape,144.0
10708,24/08/2026,15:05,2059,22,Para llevar,Yape,266.0
10709,24/08/2026,11:30,2504,16,Salón,Tarjeta,107.0
10710,24/08/2026,15:55,23,7,Salón,Yape,114.0
10711,24/08/2026,18:48,377,3,Salón,Efectivo,118.0
10712,24/08/2026,15:37,2429,3,Salón,Plin,84.0
10713,24/08/2026,15:38,914,22,Salón,Yape,164.0
10714,24/08/2026,17:46,4592,5,Para llevar,Efectivo,106.0
10715,24/08/2026,12:11,2779,24,Para llevar,Yape,78.0
10716,24/08/2026,12:00,1918,17,Salón,Efectivo,92.0
10717,24/08/2026,13:41,2849,17,Salón,Efectivo,92.0
10718,24/08/2026,18:23,4713,7,Salón,Efectivo,174.0
10719,25/08/2026,12:52,1231,19,Salón,Tarjeta,104.0
10720,25/08/2026,12:21,780,18,Delivery propio,Yape,168.0
10721,25/08/2026,11:02,2423,16,Para llevar,Plin,70.0
10722,25/08/2026,21:09,893,5,Para llevar,Tarjeta,220.0
10723,25/08/2026,14:23,1193,16,Delivery propio,Plin,126.0
10724,25/08/2026,17:45,622,18,Para llevar,Tarjeta,96.0
10725,25/08/2026,14:21,2155,24,Salón,Efectivo,184.0
10726,25/08/2026,18:55,699,19,Salón,Yape,221.0
10727,25/08/2026,14:43,1780,19,Salón,Yape,100.0
10728,25/08/2026,14:40,1308,3,Salón,Efectivo,84.0
10729,25/08/2026,21:59,3403,17,Salón,Plin,120.0
10730,25/08/2026,19:04,3844,5,Salón,Efectivo,220.0
10731,25/08/2026,16:20,2348,16,Salón,Tarjeta,158.0
10732,25/08/2026,19:27,534,3,Salón,Yape,36.0
10733,25/08/2026,13:21,5197,18,Salón,Efectivo,120.0
10734,25/08/2026,15:20,1452,19,Delivery propio,Tarjeta,132.0
10735,25/08/2026,15:56,1171,20,Salón,Yape,148.0
10736,25/08/2026,13:00,24,3,Salón,Tarjeta,186.0
10737,25/08/2026,12:02,5362,16,Salón,Plin,274.0
10738,25/08/2026,16:59,2371,22,Salón,Yape,84.0
10739,26/08/2026,13:39,2791,16,Salón,Yape,68.0
10740,26/08/2026,12:41,5453,18,Salón,Efectivo,140.0
10741,26/08/2026,18:55,3468,16,Salón,Tarjeta,105.0
10742,26/08/2026,12:18,4629,18,Salón,Efectivo,50.0
10743,26/08/2026,15:03,1203,19,Salón,Efectivo,64.0
10744,26/08/2026,20:33,676,5,Para llevar,Efectivo,60.0
10745,26/08/2026,18:28,1149,3,Salón,Yape,248.0
10746,26/08/2026,14:34,4592,17,Salón,Plin,124.0
10747,26/08/2026,16:52,233,19,Salón,Yape,65.0
10748,26/08/2026,19:15,5123,17,Salón,Yape,106.0
10749,26/08/2026,11:23,1060,18,Salón,Tarjeta,96.0
10750,26/08/2026,14:26,692,22,Salón,Yape,224.0
10751,26/08/2026,21:25,3754,5,Salón,Yape,26.0
10752,26/08/2026,16:47,1905,22,Salón,Efectivo,226.0
10753,26/08/2026,13:53,1459,20,Para llevar,Plin,113.0
10754,26/08/2026,14:07,2425,20,Salón,Yape,110.0
10755,26/08/2026,13:53,4314,16,Delivery propio,Plin,110.0
10756,26/08/2026,14:59,196,24,Salón,Tarjeta,180.0
10757,26/08/2026,19:21,1445,18,Para llevar,Efectivo,114.0
10758,26/08/2026,15:18,5377,3,Delivery propio,Plin,30.0
10759,26/08/2026,15:51,,19,Salón,Efectivo,149.0
10760,26/08/2026,14:12,2637,3,Salón,Plin,72.0
10761,26/08/2026,11:49,1816,19,Salón,Yape,140.0
10762,26/08/2026,20:33,1942,18,Delivery propio,Efectivo,101.0
10763,26/08/2026,13:06,3509,22,Para llevar,Efectivo,244.0
10764,26/08/2026,14:34,699,19,Delivery propio,Plin,186.0
10765,26/08/2026,19:22,22,24,Salón,Efectivo,181.0
10766,26/08/2026,12:57,2408,17,Delivery propio,Efectivo,102.0
10767,26/08/2026,20:11,2752,24,Salón,Plin,64.0
10768,26/08/2026,18:19,1435,3,Salón,Plin,104.0
10769,26/08/2026,12:40,3746,3,Delivery propio,Yape,129.0
10770,26/08/2026,15:27,347,3,Salón,Tarjeta,95.0
10771,26/08/2026,16:30,3496,16,Salón,Efectivo,90.0
10772,26/08/2026,11:53,652,19,Salón,Yape,120.0
10773,26/08/2026,20:43,3962,2,Delivery propio,Plin,82.0
10774,27/08/2026,13:52,,19,Para llevar,Tarjeta,82.0
10775,27/08/2026,14:21,5342,22,Delivery propio,Efectivo,24.0
10776,27/08/2026,21:25,3169,5,Salón,Yape,143.0
10777,27/08/2026,18:12,,7,Para llevar,Efectivo,120.0
10778,27/08/2026,14:54,3185,5,Salón,Yape,202.0
10779,27/08/2026,14:21,695,19,Salón,Efectivo,192.0
10780,27/08/2026,19:51,5412,3,Salón,Yape,280.0
10781,27/08/2026,17:47,4012,5,Delivery propio,Efectivo,133.0
10782,27/08/2026,14:52,4948,16,Salón,Yape,76.0
10783,27/08/2026,14:36,1242,19,Para llevar,Yape,78.0
10784,Ayer,13:47,2086,18,Salón,Efectivo,66.0
10785,27/08/2026,19:31,2906,19,Delivery propio,Tarjeta,296.0
10786,27/08/2026,19:07,4535,7,Salón,Efectivo,103.0
10787,27/08/2026,13:30,3328,19,Salón,Plin,112.0
10788,27/08/2026,13:17,1872,24,Delivery propio,Efectivo,245.0
10789,27/08/2026,19:06,2065,5,Salón,Plin,158.0
10790,27/08/2026,13:35,1072,7,Delivery propio,Efectivo,158.0
10791,27/08/2026,15:27,2241,5,Salón,Tarjeta,92.0
10792,27/08/2026,15:34,2522,22,Salón,Tarjeta,132.0
10793,27/08/2026,13:37,,18,Salón,Efectivo,302.0
10794,27/08/2026,19:14,5222,19,Salón,Efectivo,108.0
10795,27/08/2026,14:47,3050,16,Salón,Plin,220.0
10796,27/08/2026,18:15,3912,7,Salón,Efectivo,158.0
10797,27/08/2026,12:35,5135,7,Salón,Tarjeta,68.0
10798,27/08/2026,20:13,1260,19,Salón,Efectivo,64.0
10799,27/08/2026,20:05,3568,5,Delivery propio,Tarjeta,96.0
10800,27/08/2026,12:15,,2,Delivery propio,Yape,102.0
10801,27/08/2026,20:34,1919,3,Delivery propio,Efectivo,296.0
10802,27/08/2026,12:19,4858,3,Salón,Yape,114.0
10803,27/08/2026,20:42,3393,20,Delivery propio,Yape,175.0
10804,27/08/2026,20:27,3263,3,Salón,Efectivo,56.0
10805,27/08/2026,13:48,5235,20,Delivery propio,Efectivo,9.0
10806,27/08/2026,13:10,4568,7,Salón,Yape,36.0
10807,28/08/2026,15:00,1234,17,Salón,Tarjeta,187.0
10808,28/08/2026,19:23,,22,Salón,Efectivo,127.0
10809,28/08/2026,19:26,877,7,Delivery propio,Yape,115.0
10810,28/08/2026,15:50,1430,2,Salón,Yape,118.0
10811,28/08/2026,20:27,3919,16,Salón,Efectivo,195.0
10812,28/08/2026,12:20,,16,Salón,Tarjeta,81.0
10813,28/08/2026,13:28,4452,17,Delivery propio,Tarjeta,174.0
10814,28/08/2026,15:19,,2,Salón,Efectivo,122.0
10815,28/08/2026,17:27,2012,18,Salón,Efectivo,70.0
10816,28/08/2026,12:25,4479,24,Para llevar,Plin,60.0
10817,28/08/2026,17:46,,2,Salón,Efectivo,104.0
10818,28/08/2026,12:47,2595,17,Salón,Efectivo,48.0
10819,28/08/2026,11:26,,22,Salón,Plin,45.0
10820,28/08/2026,15:52,5178,3,Delivery propio,Plin,60.0
10821,28/08/2026,13:00,4703,2,Salón,Efectivo,60.0
10822,28/08/2026,15:08,,19,Salón,Tarjeta,104.0
10823,28/08/2026,11:59,3724,17,Para llevar,Yape,190.0
10824,28/08/2026,19:50,,24,Salón,Tarjeta,124.0
10825,28/08/2026,18:26,496,16,Salón,Tarjeta,36.0
10826,28/08/2026,13:46,4148,3,Delivery propio,Plin,166.0
10827,28/08/2026,16:53,4483,16,Delivery propio,Tarjeta,60.0
10828,28/08/2026,14:04,1660,24,Para llevar,Tarjeta,46.0
10829,28/08/2026,17:03,693,7,Para llevar,Yape,130.0
10830,28/08/2026,19:49,,18,Salón,Yape,37.0
10831,28/08/2026,18:34,140,20,Salón,Tarjeta,163.0
10832,28/08/2026,20:46,2749,3,Para llevar,Efectivo,156.0
10833,28/08/2026,13:39,5080,19,Salón,Plin,66.0
10834,28/08/2026,20:42,993,5,Salón,Yape,230.0
10835,28/08/2026,12:49,,20,Salón,Efectivo,18.0
10836,28/08/2026,16:48,5256,2,Salón,Yape,184.0
10837,28/08/2026,15:29,3663,20,Delivery propio,Yape,143.0
10838,28/08/2026,21:34,4300,24,Para llevar,Yape,106.0
10839,28/08/2026,13:52,1436,17,Delivery propio,Efectivo,138.0
10840,28/08/2026,14:59,168,5,Salón,Plin,117.0
10841,28/08/2026,12:42,,2,Salón,Yape,122.0
10842,28/08/2026,17:50,3572,20,Delivery propio,Plin,162.0
10843,28/08/2026,13:50,496,22,Para llevar,Plin,176.0
10844,28/08/2026,12:43,5187,7,Salón,Yape,191.0
10845,28/08/2026,11:21,4535,17,Para llevar,Tarjeta,110.0
10846,28/08/2026,14:45,,16,Salón,Plin,134.0
10847,28/08/2026,21:39,,2,Salón,Tarjeta,96.0
10848,28/08/2026,13:33,1583,19,Salón,Yape,214.0
10849,28/08/2026,13:26,679,24,Delivery propio,Yape,166.0
10850,28/08/2026,16:26,1427,16,Salón,Tarjeta,8.0
10851,28/08/2026,13:17,,24,Delivery propio,Yape,133.0
10852,28/08/2026,13:55,5378,2,Salón,Yape,101.0
10853,29/08/2026,15:04,,17,Para llevar,Efectivo,229.0
10854,29/08/2026,11:23,1404,2,Salón,Yape,70.0
10855,29/08/2026,12:24,5187,17,Salón,Tarjeta,227.0
10856,29/08/2026,19:47,534,18,Salón,Efectivo,126.0
10857,29/08/2026,13:49,201,18,Para llevar,Plin,56.0
10858,29/08/2026,12:17,867,16,Salón,Plin,80.0
10859,29/08/2026,13:14,2969,5,Para llevar,Tarjeta,42.0
10860,29/08/2026,17:03,430,24,Salón,Efectivo,144.0
10861,29/08/2026,18:14,2220,24,Salón,Efectivo,43.0
10862,29/08/2026,14:44,4614,24,Salón,Efectivo,78.0
10863,29/08/2026,14:16,,24,Para llevar,Efectivo,55.0
10864,29/08/2026,17:52,496,17,Salón,Efectivo,159.0
10865,29/08/2026,14:49,5386,19,Salón,Plin,33.0
10866,29/08/2026,21:54,1770,20,Salón,Tarjeta,128.0
10867,29/08/2026,21:41,3721,22,Salón,Yape,110.0
10868,29/08/2026,20:52,4516,7,Para llevar,Tarjeta,212.0
10869,29/08/2026,11:03,3543,22,Para llevar,Yape,218.0
10870,29/08/2026,12:34,1047,2,Salón,Tarjeta,138.0
10871,29/08/2026,20:11,1602,17,Salón,Efectivo,86.0
10872,29/08/2026,14:52,2900,7,Para llevar,Tarjeta,128.0
10873,29/08/2026,15:29,1274,18,Salón,Efectivo,85.0
10874,29/08/2026,16:26,98,2,Salón,Yape,80.0
10875,29/08/2026,15:07,1669,22,Salón,Yape,206.0
10876,29/08/2026,12:36,4461,16,Para llevar,Efectivo,178.0
10877,29/08/2026,19:58,2787,20,Para llevar,Plin,107.0
10878,29/08/2026,12:06,,5,Salón,Efectivo,170.0
10879,29/08/2026,17:32,4160,22,Delivery propio,Efectivo,72.0
10880,29/08/2026,15:34,1126,20,Salón,Plin,44.0
10881,29/08/2026,11:45,431,19,Salón,Tarjeta,154.0
10882,29/08/2026,14:15,321,19,Delivery propio,Efectivo,36.0
10883,29/08/2026,17:58,2763,3,Salón,Tarjeta,196.0
10884,29/08/2026,18:14,4493,3,Salón,Plin,66.0
10885,29/08/2026,19:17,4253,2,Salón,Yape,72.0
10886,29/08/2026,14:58,892,2,Delivery propio,Efectivo,122.0
10887,29/08/2026,13:12,2107,5,Delivery propio,Yape,200.0
10888,29/08/2026,17:55,1802,19,Salón,Yape,69.0
10889,29/08/2026,12:02,1147,19,Para llevar,Efectivo,259.0
10890,29/08/2026,12:38,1141,20,Delivery propio,Efectivo,162.0
10891,29/08/2026,13:29,1060,22,Para llevar,Yape,106.0
10892,29/08/2026,14:46,5459,7,Para llevar,Yape,125.0
10893,29/08/2026,12:21,766,5,Salón,Efectivo,44.0
10894,29/08/2026,17:41,5208,17,Salón,Yape,144.0
10895,29/08/2026,14:36,4665,5,Para llevar,Yape,237.0
10896,29/08/2026,12:44,760,3,Salón,Yape,118.0
10897,29/08/2026,21:23,4751,20,Delivery propio,Yape,94.0
10898,29/08/2026,18:53,892,17,Para llevar,Tarjeta,171.0
10899,29/08/2026,19:29,1946,24,Salón,Efectivo,252.0
10900,29/08/2026,13:24,2948,20,Delivery propio,Yape,106.0
10901,29/08/2026,20:34,3965,7,Para llevar,Efectivo,190.0
10902,29/08/2026,19:59,3560,20,Salón,Efectivo,66.0
10903,29/08/2026,21:01,56,19,Salón,Yape,256.0
10904,29/08/2026,12:01,5276,18,Delivery propio,Yape,108.0
10905,29/08/2026,12:06,5042,22,Salón,Tarjeta,68.0
10906,29/08/2026,11:15,1216,24,Para llevar,Tarjeta,265.0
10907,29/08/2026,14:50,1707,7,Salón,Yape,92.0
10908,29/08/2026,20:40,5176,18,Salón,Efectivo,168.0
10909,29/08/2026,13:33,3478,18,Para llevar,Yape,76.0
10910,29/08/2026,14:39,5403,24,Salón,Tarjeta,205.0
10911,29/08/2026,11:18,140,7,Salón,Tarjeta,58.0
10912,29/08/2026,13:55,1271,7,Para llevar,Efectivo,60.0
10913,29/08/2026,12:15,4203,22,Salón,Plin,86.0
10914,29/08/2026,11:00,951,19,Salón,Plin,44.0
10915,29/08/2026,13:10,2378,3,Salón,Yape,108.0
10916,29/08/2026,14:02,4704,16,Para llevar,Tarjeta,96.0
10917,30/08/2026,19:30,,17,Salón,Yape,44.0
10918,30/08/2026,15:16,3758,22,Salón,Efectivo,84.0
10919,30/08/2026,14:04,2205,24,Salón,Plin,268.0
10920,30/08/2026,13:03,5187,7,Salón,Plin,43.0
10921,30/08/2026,20:45,1322,5,Delivery propio,Yape,229.0
10922,30/08/2026,20:45,,24,Salón,Efectivo,130.0
10923,30/08/2026,13:51,199,18,Para llevar,Efectivo,188.0
10924,30/08/2026,12:54,2989,19,Salón,Efectivo,72.0
10925,30/08/2026,13:09,4564,3,Para llevar,Tarjeta,116.0
10926,30/08/2026,15:33,273,22,Delivery propio,Efectivo,140.0
10927,30/08/2026,18:19,174,17,Para llevar,Efectivo,72.0
10928,30/08/2026,19:40,2045,19,Salón,Tarjeta,146.0
10929,30/08/2026,16:34,1309,2,Salón,Efectivo,54.0
10930,30/08/2026,14:23,3601,7,Salón,Tarjeta,150.0
10931,30/08/2026,13:50,4262,18,Salón,Yape,190.0
10932,30/08/2026,21:55,5256,2,Salón,Yape,128.0
10933,30/08/2026,14:06,,2,Delivery propio,Yape,148.0
10934,30/08/2026,13:44,3413,7,Delivery propio,Tarjeta,153.0
10935,30/08/2026,12:37,3261,7,Salón,Yape,125.0
10936,30/08/2026,19:15,5038,2,Salón,Efectivo,303.0
10937,30/08/2026,14:01,,24,Salón,Yape,106.0
10938,30/08/2026,20:52,1111,19,Salón,Efectivo,200.0
10939,30/08/2026,14:57,,2,Para llevar,Efectivo,10.0
10940,30/08/2026,20:37,3097,3,Para llevar,Plin,74.0
10941,30/08/2026,14:20,4801,19,Salón,Yape,110.0
10942,30/08/2026,15:51,3576,16,Salón,Efectivo,94.0
10943,30/08/2026,12:09,1745,20,Para llevar,Yape,88.0
10944,30/08/2026,11:06,4659,19,Salón,Yape,86.0
10945,30/08/2026,13:54,877,24,Salón,Yape,284.0
10946,30/08/2026,14:07,172,7,Salón,Efectivo,178.0
10947,30/08/2026,19:37,1104,3,Salón,Yape,146.0
10948,30/08/2026,14:26,1739,16,Delivery propio,Yape,82.0
10949,Ayer,14:11,1383,3,Salón,Yape,36.0
10950,30/08/2026,13:30,2620,20,Salón,Yape,82.0
10951,30/08/2026,18:53,4662,19,Salón,Yape,158.0
10952,30/08/2026,12:11,3826,7,Delivery propio,Plin,138.0
10953,30/08/2026,13:38,477,5,Para llevar,Efectivo,206.0
10954,30/08/2026,19:14,2389,2,Para llevar,Efectivo,184.0
10955,30/08/2026,12:54,5153,16,Salón,Efectivo,97.0
10956,30/08/2026,16:46,1232,7,Salón,Yape,24.0
10957,30/08/2026,19:17,4479,20,Para llevar,Yape,76.0
10958,30/08/2026,14:40,1702,20,Delivery propio,Efectivo,116.0
10959,30/08/2026,21:47,,7,Para llevar,Efectivo,169.0
10960,30/08/2026,21:32,1849,22,Salón,Efectivo,28.0
10961,30/08/2026,13:19,4352,3,Salón,Efectivo,98.0
10962,30/08/2026,17:08,834,16,Salón,Yape,80.0
10963,30/08/2026,15:55,1129,19,Delivery propio,Yape,86.0
10964,30/08/2026,13:19,1216,19,Delivery propio,Efectivo,71.0
10965,30/08/2026,19:40,4261,5,Delivery propio,Efectivo,186.0
10966,30/08/2026,20:02,5058,17,Salón,Tarjeta,61.0
10967,30/08/2026,14:07,2849,24,Salón,Efectivo,176.0
10968,30/08/2026,19:02,631,16,Salón,Tarjeta,126.0
10969,30/08/2026,14:52,5246,20,Para llevar,Efectivo,10.0
10970,30/08/2026,15:20,1610,7,Para llevar,Efectivo,64.0
10971,30/08/2026,12:04,2124,2,Para llevar,Efectivo,70.0
10972,30/08/2026,12:08,27,24,Salón,Tarjeta,254.0
10973,30/08/2026,14:55,4420,20,Salón,Plin,108.0
10974,30/08/2026,12:32,5325,7,Salón,Plin,214.0
10975,30/08/2026,13:33,,3,Salón,Yape,38.0
10976,30/08/2026,20:44,4582,16,Salón,Tarjeta,104.0
10977,30/08/2026,12:28,906,19,Salón,Efectivo,64.0
10978,31/08/2026,19:55,2557,20,Salón,Efectivo,102.0
10979,31/08/2026,15:14,5151,18,Delivery propio,Plin,211.0
10980,31/08/2026,18:04,,16,Salón,Tarjeta,92.0
10981,31/08/2026,20:46,3635,18,Salón,Plin,116.0
10982,31/08/2026,11:57,3827,19,Para llevar,Yape,216.0
10983,31/08/2026,16:23,2967,24,Salón,Yape,94.0
10984,31/08/2026,12:42,940,17,Salón,Plin,92.0
10985,31/08/2026,14:03,1652,2,Delivery propio,Tarjeta,128.0
10986,31/08/2026,11:21,4895,7,Delivery propio,Efectivo,181.0
10987,31/08/2026,14:22,4423,17,Salón,Tarjeta,142.0
10988,31/08/2026,19:40,387,20,Delivery propio,Yape,110.0
10989,31/08/2026,11:50,4737,7,Salón,Yape,173.0
10990,31/08/2026,20:49,5122,3,Salón,Yape,112.0
10991,31/08/2026,12:05,867,24,Salón,Tarjeta,163.0
10992,31/08/2026,14:49,4518,7,Para llevar,Plin,83.0
10993,31/08/2026,14:27,1581,5,Salón,Yape,205.0
10994,31/08/2026,12:32,2978,7,Salón,Yape,48.0
10995,31/08/2026,15:36,5205,24,Salón,Yape,204.0
10996,31/08/2026,11:50,4234,3,Delivery propio,Efectivo,50.0
10997,31/08/2026,12:28,681,17,Salón,Yape,72.0
10998,31/08/2026,16:11,,19,Para llevar,Plin,68.0
10999,31/08/2026,15:39,2201,17,Delivery propio,Tarjeta,278.0
11000,31/08/2026,14:02,2334,22,Salón,Yape,32.0
11001,31/08/2026,13:10,107,20,Para llevar,Efectivo,107.0
11002,31/08/2026,13:58,4088,20,Salón,Yape,92.0
11003,31/08/2026,13:42,3249,5,Salón,Efectivo,218.0
11004,31/08/2026,14:03,714,2,Delivery propio,Tarjeta,144.0
11005,31/08/2026,20:59,1922,20,Salón,Plin,201.0
11006,31/08/2026,14:43,2353,3,Salón,Tarjeta,70.0
11007,31/08/2026,12:58,2553,5,Para llevar,Plin,178.0
11008,01/09/2026,12:21,,5,Salón,Efectivo,150.0
11009,01/09/2026,19:32,5250,7,Para llevar,Yape,86.0
11010,01/09/2026,12:06,2786,24,Salón,Tarjeta,132.0
11011,01/09/2026,12:51,,7,Delivery propio,Tarjeta,78.0
11012,01/09/2026,14:47,357,20,Delivery propio,Tarjeta,44.0
11013,01/09/2026,19:03,4218,7,Salón,Tarjeta,286.0
11014,01/09/2026,13:00,3190,17,Salón,Yape,127.0
11015,01/09/2026,14:29,3494,20,Para llevar,Efectivo,207.0
11016,01/09/2026,14:47,982,7,Salón,Efectivo,215.0
11017,01/09/2026,11:15,1839,19,Para llevar,Efectivo,78.0
11018,01/09/2026,17:04,3264,16,Delivery propio,Plin,78.0
11019,01/09/2026,19:40,2046,3,Salón,Efectivo,90.0
11020,01/09/2026,20:33,3963,24,Para llevar,Yape,106.0
11021,01/09/2026,13:52,1057,18,Salón,Yape,175.0
11022,01/09/2026,14:18,1322,22,Salón,Yape,99.0
11023,01/09/2026,14:53,1403,5,Delivery propio,Tarjeta,73.0
11024,01/09/2026,14:01,4480,7,Salón,Plin,63.0
11025,01/09/2026,14:25,1609,18,Salón,Efectivo,177.0
11026,02/09/2026,15:33,1208,20,Salón,Tarjeta,68.0
11027,02/09/2026,13:17,4445,7,Para llevar,Efectivo,112.0
11028,02/09/2026,15:39,970,3,Salón,Tarjeta,78.0
11029,02/09/2026,13:59,4309,18,Salón,Yape,186.0
11030,02/09/2026,18:33,5250,5,Salón,Tarjeta,134.0
11031,02/09/2026,19:59,5091,18,Salón,Tarjeta,122.0
11032,02/09/2026,17:15,5018,19,Para llevar,Efectivo,42.0
11033,02/09/2026,14:28,2075,16,Salón,Plin,124.0
11034,02/09/2026,14:06,1238,24,Salón,Yape,161.0
11035,02/09/2026,17:25,3552,19,Para llevar,Yape,150.0
11036,02/09/2026,13:11,1566,18,Salón,Tarjeta,173.0
11037,02/09/2026,14:41,612,16,Salón,Efectivo,235.0
11038,02/09/2026,13:02,4756,24,Salón,Efectivo,131.0
11039,02/09/2026,15:48,1485,7,Delivery propio,Tarjeta,158.0
11040,02/09/2026,20:58,3812,17,Salón,Tarjeta,190.0
11041,02/09/2026,13:09,3513,16,Salón,Plin,122.0
11042,02/09/2026,21:11,,3,Salón,Efectivo,32.0
11043,02/09/2026,20:00,534,22,Salón,Efectivo,76.0
11044,02/09/2026,14:47,4729,7,Para llevar,Plin,82.0
11045,02/09/2026,15:29,3576,17,Delivery propio,Efectivo,176.0
11046,02/09/2026,14:30,901,24,Para llevar,Plin,132.0
11047,02/09/2026,12:52,2737,20,Salón,Yape,104.0
11048,02/09/2026,12:45,3320,3,Salón,Plin,100.0
11049,02/09/2026,14:44,2316,5,Salón,Tarjeta,116.0
11050,03/09/2026,12:40,4979,24,Para llevar,Yape,150.0
11051,03/09/2026,19:39,5018,20,Para llevar,Tarjeta,72.0
11052,03/09/2026,13:07,3978,22,Salón,Efectivo,123.0
11053,03/09/2026,19:17,3692,20,Delivery propio,Yape,125.0
11054,03/09/2026,13:22,1565,5,Salón,Efectivo,65.0
11055,03/09/2026,13:48,1177,24,Salón,Efectivo,86.0
11056,03/09/2026,20:44,4861,20,Delivery propio,Tarjeta,206.0
11057,03/09/2026,18:14,3483,2,Salón,Efectivo,148.0
11058,03/09/2026,20:41,5248,22,Salón,Yape,84.0
11059,03/09/2026,13:21,2922,22,Salón,Tarjeta,42.0
11060,03/09/2026,17:35,3957,17,Salón,Yape,204.0
11061,03/09/2026,12:57,149,3,Salón,Yape,223.0
11062,03/09/2026,13:10,4895,17,Salón,Tarjeta,54.0
11063,03/09/2026,13:08,,3,Para llevar,Efectivo,25.0
11064,03/09/2026,11:10,2147,2,Salón,Yape,158.0
11065,03/09/2026,14:40,4971,20,Salón,Tarjeta,158.0
11066,03/09/2026,18:03,4067,22,Salón,Tarjeta,94.0
11067,03/09/2026,14:47,1998,20,Salón,Tarjeta,70.0
11068,04/09/2026,12:34,1386,19,Salón,Yape,10.0
11069,04/09/2026,20:36,3483,19,Salón,Efectivo,53.0
11070,04/09/2026,13:48,2745,20,Salón,Efectivo,72.0
11071,04/09/2026,17:07,2498,7,Salón,Efectivo,48.0
11072,04/09/2026,16:30,3398,24,Para llevar,Yape,96.0
11073,04/09/2026,14:18,4346,20,Salón,Plin,210.0
11074,04/09/2026,18:42,5076,16,Salón,Efectivo,210.0
11075,04/09/2026,19:35,3929,2,Salón,Efectivo,274.0
11076,04/09/2026,19:27,3073,16,Para llevar,Yape,253.0
11077,04/09/2026,21:08,1874,24,Salón,Yape,91.0
11078,04/09/2026,16:21,4604,19,Salón,Plin,184.0
11079,04/09/2026,19:13,4353,7,Salón,Efectivo,46.0
11080,04/09/2026,14:31,846,24,Para llevar,Efectivo,36.0
11081,04/09/2026,14:17,,2,Salón,Efectivo,55.0
11082,04/09/2026,13:06,1089,16,Para llevar,Plin,102.0
11083,04/09/2026,18:45,1726,24,Salón,Yape,25.0
11084,04/09/2026,14:36,4618,18,Delivery propio,Efectivo,132.0
11085,04/09/2026,18:22,2467,20,Salón,Yape,157.0
11086,04/09/2026,21:02,900,5,Salón,Yape,38.0
11087,04/09/2026,12:32,4544,18,Para llevar,Efectivo,102.0
11088,04/09/2026,14:47,,20,Salón,Efectivo,170.0
11089,04/09/2026,18:04,,16,Para llevar,Efectivo,120.0
11090,04/09/2026,20:06,778,2,Salón,Yape,333.0
11091,04/09/2026,14:28,1815,7,Salón,Tarjeta,32.0
11092,04/09/2026,14:52,2614,19,Salón,Tarjeta,151.0
11093,04/09/2026,16:14,2673,22,Delivery propio,Tarjeta,100.0
11094,04/09/2026,14:09,3025,19,Para llevar,Efectivo,74.0
11095,04/09/2026,14:12,204,3,Delivery propio,Yape,366.0
11096,04/09/2026,18:28,5126,3,Salón,Efectivo,209.0
11097,04/09/2026,19:16,4342,16,Salón,Yape,102.0
11098,04/09/2026,12:50,3596,7,Para llevar,Yape,48.0
11099,04/09/2026,14:18,4207,24,Salón,Efectivo,184.0
11100,05/09/2026,20:16,2049,20,Para llevar,Tarjeta,18.0
11101,05/09/2026,20:14,279,16,Salón,Efectivo,134.0
11102,05/09/2026,13:32,2774,18,Salón,Efectivo,84.0
11103,No se sabe,19:58,1784,5,Salón,Yape,62.0
11104,05/09/2026,15:36,,19,Salón,Efectivo,206.0
11105,05/09/2026,20:52,253,24,Para llevar,Tarjeta,151.0
11106,05/09/2026,14:24,3213,5,Delivery propio,Yape,198.0
11107,05/09/2026,19:38,1744,17,Para llevar,Tarjeta,232.0
11108,05/09/2026,13:31,5027,5,Salón,Efectivo,140.0
11109,05/09/2026,17:41,3157,3,Salón,Efectivo,147.0
11110,05/09/2026,13:44,1042,24,Salón,Efectivo,119.0
11111,05/09/2026,17:56,,22,Salón,Efectivo,241.0
11112,05/09/2026,12:16,5224,24,Delivery propio,Tarjeta,114.0
11113,05/09/2026,12:15,3685,7,Salón,Plin,114.0
11114,05/09/2026,21:40,4954,2,Salón,Plin,238.0
11115,05/09/2026,14:27,2830,3,Salón,Yape,54.0
11116,05/09/2026,20:18,3541,19,Salón,Plin,98.0
11117,05/09/2026,18:29,4724,19,Salón,Efectivo,47.0
11118,05/09/2026,12:56,1953,22,Para llevar,Yape,88.0
11119,05/09/2026,21:59,651,16,Salón,Efectivo,160.0
11120,05/09/2026,14:39,5148,2,Salón,Tarjeta,35.0
11121,05/09/2026,20:12,,5,Salón,Efectivo,87.0
11122,05/09/2026,19:57,4070,3,Para llevar,Yape,210.0
11123,05/09/2026,15:14,4542,17,Delivery propio,Yape,178.0
11124,05/09/2026,14:36,4593,17,Salón,Yape,110.0
11125,05/09/2026,15:20,36,18,Salón,Efectivo,111.0
11126,05/09/2026,19:39,3937,3,Delivery propio,Yape,121.0
11127,05/09/2026,19:47,160,16,Salón,Efectivo,164.0
11128,05/09/2026,14:47,4093,24,Salón,Plin,97.0
11129,05/09/2026,13:21,2041,18,Delivery propio,Tarjeta,66.0
11130,05/09/2026,14:58,3046,20,Salón,Yape,402.0
11131,05/09/2026,14:45,295,7,Salón,Efectivo,184.0
11132,05/09/2026,14:48,3000,18,Salón,Plin,122.0
11133,05/09/2026,14:11,3788,22,Salón,Efectivo,232.0
11134,05/09/2026,17:15,877,5,Delivery propio,Efectivo,110.0
11135,05/09/2026,18:54,4300,5,Para llevar,Tarjeta,72.0
11136,05/09/2026,20:26,1349,18,Para llevar,Efectivo,36.0
11137,05/09/2026,12:15,4808,7,Para llevar,Tarjeta,62.0
11138,05/09/2026,12:26,,24,Para llevar,Yape,53.0
11139,05/09/2026,14:30,1152,5,Para llevar,Yape,50.0
11140,05/09/2026,19:35,5403,7,Para llevar,Yape,158.0
11141,05/09/2026,14:54,2926,7,Delivery propio,Yape,192.0
11142,05/09/2026,14:38,1011,2,Para llevar,Yape,118.0
11143,05/09/2026,16:18,3122,24,Para llevar,Tarjeta,187.0
11144,05/09/2026,14:00,373,18,Salón,Yape,68.0
11145,05/09/2026,13:54,2017,2,Salón,Tarjeta,50.0
11146,06/09/2026,14:56,2211,19,Para llevar,Yape,142.0
11147,06/09/2026,12:05,3817,2,Salón,Yape,60.0
11148,06/09/2026,18:15,1166,24,Salón,Plin,169.0
11149,06/09/2026,13:11,,16,Salón,Efectivo,249.0
11150,06/09/2026,16:35,3372,17,Delivery propio,Yape,122.0
11151,06/09/2026,19:37,3264,16,Salón,Tarjeta,56.0
11152,06/09/2026,13:10,,3,Salón,Yape,147.0
11153,06/09/2026,12:55,4791,22,Salón,Yape,84.0
11154,06/09/2026,15:10,2633,3,Para llevar,Tarjeta,198.0
11155,06/09/2026,12:28,455,2,Salón,Yape,24.0
11156,06/09/2026,13:15,1641,3,Salón,Plin,187.0
11157,06/09/2026,13:15,4897,19,Salón,Tarjeta,70.0
11158,06/09/2026,13:03,3739,7,Salón,Efectivo,64.0
11159,06/09/2026,14:49,1956,22,Delivery propio,Tarjeta,174.0
11160,06/09/2026,19:10,2009,3,Delivery propio,Efectivo,169.0
11161,06/09/2026,20:02,4971,7,Salón,Efectivo,152.0
11162,06/09/2026,16:05,539,24,Salón,Yape,144.0
11163,06/09/2026,20:56,2341,20,Salón,Efectivo,128.0
11164,06/09/2026,14:03,3508,3,Para llevar,Tarjeta,135.0
11165,06/09/2026,12:43,,17,Delivery propio,Tarjeta,38.0
11166,06/09/2026,14:50,1871,20,Delivery propio,Efectivo,10.0
11167,06/09/2026,19:48,1321,20,Salón,Yape,296.0
11168,06/09/2026,13:43,5404,22,Salón,Yape,134.0
11169,06/09/2026,12:46,2644,19,Delivery propio,Tarjeta,156.0
11170,06/09/2026,14:41,5055,3,Salón,Tarjeta,312.0
11171,06/09/2026,14:11,751,19,Salón,Efectivo,124.0
11172,06/09/2026,14:37,18,16,Para llevar,Tarjeta,234.0
11173,06/09/2026,19:20,2850,22,Salón,Efectivo,174.0
11174,06/09/2026,16:02,2949,19,Delivery propio,Plin,130.0
11175,06/09/2026,17:02,4325,18,Delivery propio,Tarjeta,149.0
11176,06/09/2026,15:22,4899,3,Delivery propio,Efectivo,153.0
11177,06/09/2026,17:28,556,22,Salón,Yape,136.0
11178,06/09/2026,12:27,1029,20,Delivery propio,Tarjeta,220.0
11179,06/09/2026,12:42,314,3,Salón,Yape,109.0
11180,06/09/2026,12:40,2553,18,Salón,Efectivo,138.0
11181,06/09/2026,14:50,118,2,Salón,Tarjeta,68.0
11182,06/09/2026,15:37,69,22,Salón,Tarjeta,28.0
11183,06/09/2026,19:54,2015,17,Salón,Plin,220.0
11184,06/09/2026,12:55,5366,5,Delivery propio,Plin,70.0
11185,06/09/2026,20:44,4059,3,Para llevar,Tarjeta,36.0
11186,06/09/2026,12:27,1014,20,Delivery propio,Plin,64.0
11187,06/09/2026,19:36,1817,18,Delivery propio,Yape,122.0
11188,06/09/2026,21:47,693,22,Para llevar,Efectivo,170.0
11189,06/09/2026,13:07,3487,7,Salón,Efectivo,85.0
11190,06/09/2026,13:21,5128,18,Salón,Yape,200.0
11191,06/09/2026,19:28,4979,20,Para llevar,Tarjeta,280.0
11192,06/09/2026,20:30,2984,20,Delivery propio,Yape,202.0
11193,06/09/2026,21:45,2611,17,Salón,Tarjeta,176.0
11194,06/09/2026,14:03,4182,3,Salón,Yape,134.0
11195,06/09/2026,13:53,2765,17,Para llevar,Tarjeta,266.0
11196,06/09/2026,13:15,3158,19,Salón,Tarjeta,82.0
11197,06/09/2026,12:25,699,3,Delivery propio,Efectivo,188.0
11198,06/09/2026,18:48,52,16,Salón,Yape,282.0
11199,06/09/2026,18:35,1583,3,Salón,Plin,92.0
11200,06/09/2026,15:45,238,7,Salón,Tarjeta,30.0
11201,06/09/2026,19:03,3417,17,Salón,Yape,138.0
11202,06/09/2026,12:15,5001,18,Para llevar,Yape,264.0
11203,07/09/2026,13:00,2595,5,Salón,Efectivo,122.0
11204,07/09/2026,16:06,,7,Salón,Efectivo,113.0
11205,07/09/2026,20:05,499,3,Salón,Efectivo,50.0
11206,07/09/2026,15:44,4261,22,Salón,Yape,194.0
11207,07/09/2026,20:28,,2,Salón,Tarjeta,156.0
11208,07/09/2026,17:51,5408,19,Delivery propio,Yape,82.0
11209,07/09/2026,13:09,3972,22,Salón,Tarjeta,190.0
11210,07/09/2026,14:17,1472,16,Salón,Yape,22.0
11211,07/09/2026,21:11,,22,Salón,Tarjeta,223.0
11212,07/09/2026,19:07,,22,Salón,Tarjeta,107.0
11213,07/09/2026,19:49,2737,16,Delivery propio,Yape,100.0
11214,07/09/2026,21:55,1405,5,Delivery propio,Efectivo,138.0
11215,07/09/2026,18:28,3435,7,Salón,Efectivo,34.0
11216,07/09/2026,12:40,3390,20,Para llevar,Yape,135.0
11217,07/09/2026,12:26,1621,2,Delivery propio,Efectivo,104.0
11218,07/09/2026,14:23,,17,Salón,Tarjeta,141.0
11219,07/09/2026,19:27,3105,18,Salón,Plin,186.0
11220,07/09/2026,15:53,4386,3,Salón,Yape,66.0
11221,07/09/2026,13:12,,16,Salón,Efectivo,178.0
11222,07/09/2026,18:20,831,22,Salón,Efectivo,132.0
11223,07/09/2026,20:39,1955,17,Delivery propio,Tarjeta,38.0
11224,07/09/2026,18:41,,22,Salón,Yape,60.0
11225,07/09/2026,14:59,293,24,Para llevar,Plin,123.0
11226,07/09/2026,19:02,3627,22,Para llevar,Yape,124.0
11227,07/09/2026,16:56,833,5,Salón,Yape,38.0
11228,07/09/2026,14:19,1233,18,Salón,Tarjeta,34.0
11229,07/09/2026,14:18,4392,3,Salón,Yape,128.0
11230,07/09/2026,19:48,5460,18,Salón,Tarjeta,30.0
11231,07/09/2026,21:57,3644,3,Salón,Tarjeta,148.0
11232,07/09/2026,13:16,4479,24,Salón,Yape,240.0
11233,07/09/2026,14:00,3645,22,Delivery propio,Tarjeta,99.0
11234,07/09/2026,14:38,2129,22,Salón,Efectivo,82.0
11235,07/09/2026,14:50,303,22,Delivery propio,Yape,126.0
11236,07/09/2026,19:56,877,20,Salón,Efectivo,174.0
11237,07/09/2026,14:28,1333,3,Salón,Efectivo,78.0
11238,08/09/2026,13:41,2030,7,Delivery propio,Efectivo,67.0
11239,08/09/2026,15:20,496,20,Salón,Yape,45.0
11240,08/09/2026,17:53,2879,7,Delivery propio,Yape,130.0
11241,08/09/2026,13:17,5213,22,Delivery propio,Yape,194.0
11242,08/09/2026,15:20,,17,Delivery propio,Plin,296.0
11243,08/09/2026,13:46,5485,20,Delivery propio,Yape,208.0
11244,08/09/2026,15:28,3038,7,Delivery propio,Efectivo,72.0
11245,08/09/2026,18:09,2304,16,Salón,Efectivo,150.0
11246,08/09/2026,13:45,4507,2,Salón,Yape,224.0
11247,08/09/2026,12:10,1058,17,Salón,Efectivo,146.0
11248,08/09/2026,13:03,248,19,Para llevar,Yape,184.0
11249,08/09/2026,19:04,2023,5,Salón,Tarjeta,89.0
11250,08/09/2026,17:49,3678,22,Salón,Tarjeta,98.0
11251,08/09/2026,16:48,1949,17,Para llevar,Plin,216.0
11252,08/09/2026,13:16,,24,Salón,Plin,58.0
11253,08/09/2026,16:37,430,7,Salón,Efectivo,78.0
11254,08/09/2026,13:25,4185,3,Delivery propio,Yape,88.0
11255,08/09/2026,15:45,1599,19,Salón,Yape,60.0
11256,08/09/2026,15:14,,7,Delivery propio,Tarjeta,84.0
11257,08/09/2026,14:37,1060,20,Para llevar,Efectivo,76.0
11258,08/09/2026,13:10,1695,7,Delivery propio,Plin,89.0
11259,08/09/2026,13:16,30,2,Salón,Plin,112.0
11260,08/09/2026,14:21,1302,20,Para llevar,Yape,210.0
11261,08/09/2026,13:32,553,16,Salón,Yape,114.0
11262,08/09/2026,11:37,877,16,Para llevar,Efectivo,140.0
11263,08/09/2026,14:04,2121,2,Para llevar,Yape,405.0
11264,08/09/2026,12:47,4180,16,Salón,Efectivo,34.0
11265,09/09/2026,15:12,3028,24,Para llevar,Yape,169.0
11266,09/09/2026,16:07,4521,2,Delivery propio,Efectivo,95.0
11267,09/09/2026,12:06,85,24,Salón,Efectivo,75.0
11268,09/09/2026,13:35,1338,7,Salón,Efectivo,54.0
11269,09/09/2026,12:21,,18,Delivery propio,Efectivo,112.0
11270,09/09/2026,13:33,83,20,Salón,Efectivo,61.0
11271,09/09/2026,12:40,2290,2,Delivery propio,Efectivo,122.0
11272,09/09/2026,19:27,5248,16,Para llevar,Yape,136.0
11273,09/09/2026,15:15,4815,17,Para llevar,Efectivo,158.0
11274,09/09/2026,19:18,,2,Salón,Tarjeta,96.0
11275,09/09/2026,14:14,3483,7,Para llevar,Yape,30.0
11276,09/09/2026,14:38,2448,20,Para llevar,Efectivo,140.0
11277,09/09/2026,19:40,1415,17,Para llevar,Yape,99.0
11278,09/09/2026,14:24,1176,5,Delivery propio,Tarjeta,126.0
11279,09/09/2026,20:26,5215,19,Delivery propio,Efectivo,204.0
11280,09/09/2026,21:44,862,22,Para llevar,Efectivo,52.0
11281,09/09/2026,14:06,1075,18,Delivery propio,Yape,108.0
11282,09/09/2026,20:06,2537,19,Salón,Tarjeta,186.0
11283,09/09/2026,16:47,2590,5,Salón,Yape,227.0
11284,09/09/2026,17:54,2438,22,Salón,Efectivo,74.0
11285,09/09/2026,18:50,,5,Salón,Plin,126.0
11286,09/09/2026,14:22,2169,5,Para llevar,Efectivo,129.0
11287,09/09/2026,12:57,91,18,Salón,Efectivo,74.0
11288,09/09/2026,20:06,,18,Para llevar,Plin,140.0
11289,09/09/2026,14:50,5072,16,Salón,Efectivo,115.0
11290,09/09/2026,19:16,973,7,Salón,Yape,242.0
11291,09/09/2026,20:24,4811,18,Salón,Efectivo,66.0
11292,09/09/2026,14:33,2645,5,Para llevar,Efectivo,160.0
11293,09/09/2026,18:37,2807,17,Salón,Yape,130.0
11294,09/09/2026,19:52,212,17,Delivery propio,Efectivo,104.0
11295,09/09/2026,13:40,689,3,Delivery propio,Efectivo,156.0
11296,09/09/2026,20:22,4729,17,Salón,Yape,158.0
11297,10/09/2026,18:28,682,5,Delivery propio,Plin,45.0
11298,10/09/2026,14:47,2969,5,Salón,Yape,53.0
11299,10/09/2026,13:35,1324,7,Salón,Tarjeta,125.0
11300,10/09/2026,13:41,4471,24,Para llevar,Yape,155.0
11301,10/09/2026,17:44,4070,16,Salón,Efectivo,100.0
11302,10/09/2026,20:59,2463,7,Salón,Efectivo,220.0
11303,10/09/2026,11:52,1074,22,Salón,Tarjeta,90.0
11304,10/09/2026,18:15,83,7,Salón,Tarjeta,176.0
11305,10/09/2026,20:13,1751,18,Salón,Efectivo,220.0
11306,10/09/2026,16:05,462,3,Salón,Yape,98.0
11307,10/09/2026,19:19,3510,19,Delivery propio,Plin,18.0
11308,10/09/2026,15:10,3631,7,Salón,Tarjeta,147.0
11309,10/09/2026,17:12,4566,16,Salón,Yape,232.0
11310,10/09/2026,17:56,1441,24,Delivery propio,Efectivo,81.0
11311,10/09/2026,17:02,,17,Salón,Efectivo,102.0
11312,No se sabe,12:10,3061,16,Salón,Efectivo,30.0
11313,10/09/2026,20:34,4135,7,Salón,Tarjeta,319.0
11314,10/09/2026,13:00,,2,Delivery propio,Yape,100.0
11315,10/09/2026,21:50,4479,24,Salón,Tarjeta,64.0
11316,10/09/2026,15:26,5136,2,Salón,Yape,154.0
11317,10/09/2026,15:10,2900,19,Salón,Tarjeta,72.0
11318,10/09/2026,14:58,,22,Salón,Yape,97.0
11319,10/09/2026,18:59,3558,24,Salón,Yape,144.0
11320,10/09/2026,19:53,1075,19,Salón,Yape,154.0
11321,10/09/2026,15:46,451,7,Salón,Efectivo,117.0
11322,10/09/2026,14:58,511,3,Salón,Efectivo,14.0
11323,10/09/2026,14:28,1910,3,Salón,Tarjeta,107.0
11324,10/09/2026,13:32,,20,Salón,Tarjeta,68.0
11325,10/09/2026,19:04,1304,22,Salón,Tarjeta,194.0
11326,10/09/2026,14:40,4048,17,Delivery propio,Yape,51.0
11327,11/09/2026,17:49,5283,22,Salón,Yape,66.0
11328,11/09/2026,18:34,1034,5,Salón,Efectivo,139.0
11329,11/09/2026,12:24,4334,7,Delivery propio,Yape,124.0
11330,11/09/2026,16:32,4918,5,Para llevar,Tarjeta,70.0
11331,11/09/2026,18:21,4797,17,Salón,Efectivo,194.0
11332,11/09/2026,16:30,2339,5,Salón,Efectivo,102.0
11333,11/09/2026,15:28,,5,Para llevar,Yape,86.0
11334,11/09/2026,20:02,1907,19,Para llevar,Efectivo,116.0
11335,11/09/2026,13:03,4969,3,Salón,Efectivo,198.0
11336,11/09/2026,13:41,4602,2,Salón,Efectivo,110.0
11337,11/09/2026,12:24,1918,2,Salón,Efectivo,63.0
11338,11/09/2026,13:28,1865,19,Salón,Plin,140.0
11339,11/09/2026,13:41,1555,24,Salón,Yape,113.0
11340,11/09/2026,12:16,,22,Salón,Yape,54.0
11341,11/09/2026,19:07,4308,5,Salón,Yape,102.0
11342,11/09/2026,14:11,3616,17,Salón,Tarjeta,146.0
11343,11/09/2026,14:04,4576,20,Para llevar,Yape,273.0
11344,11/09/2026,15:37,5067,18,Delivery propio,Efectivo,180.0
11345,11/09/2026,13:58,5401,16,Salón,Efectivo,297.0
11346,11/09/2026,12:51,3734,5,Salón,Efectivo,96.0
11347,11/09/2026,21:20,2988,7,Salón,Efectivo,138.0
11348,11/09/2026,12:50,3101,5,Para llevar,Plin,201.0
11349,11/09/2026,16:11,1587,5,Para llevar,Efectivo,64.0
11350,11/09/2026,18:57,5452,17,Salón,Yape,36.0
11351,11/09/2026,13:29,3522,5,Salón,Efectivo,120.0
11352,11/09/2026,17:48,160,19,Para llevar,Yape,28.0
11353,11/09/2026,18:35,3560,19,Salón,Efectivo,120.0
11354,11/09/2026,12:18,2730,16,Para llevar,Efectivo,137.0
11355,11/09/2026,12:36,4216,19,Salón,Yape,0.0
11356,11/09/2026,19:03,2376,16,Salón,Efectivo,38.0
11357,11/09/2026,16:33,1361,16,Salón,Yape,172.0
11358,11/09/2026,19:28,,17,Salón,Yape,57.0
11359,11/09/2026,17:06,1967,22,Delivery propio,Efectivo,42.0
11360,12/09/2026,19:29,2327,3,Salón,Efectivo,222.0
11361,12/09/2026,19:23,4708,5,Salón,Plin,34.0
11362,12/09/2026,19:35,1087,3,Salón,Plin,140.0
11363,12/09/2026,14:45,3657,7,Para llevar,Efectivo,100.0
11364,12/09/2026,14:47,2332,7,Salón,Efectivo,160.0
11365,12/09/2026,15:41,240,22,Salón,Efectivo,148.0
11366,12/09/2026,16:38,4954,2,Salón,Yape,68.0
11367,12/09/2026,15:34,1266,7,Salón,Efectivo,213.0
11368,12/09/2026,16:34,1964,19,Salón,Yape,142.0
11369,12/09/2026,12:31,5139,3,Salón,Efectivo,254.0
11370,12/09/2026,13:51,2897,16,Salón,Plin,184.0
11371,12/09/2026,19:36,845,24,Delivery propio,Tarjeta,158.0
11372,12/09/2026,13:30,572,16,Salón,Efectivo,62.0
11373,12/09/2026,14:33,3104,18,Salón,Efectivo,48.0
11374,12/09/2026,20:07,943,5,Para llevar,Efectivo,328.0
11375,12/09/2026,20:21,4172,19,Delivery propio,Efectivo,36.0
11376,12/09/2026,13:05,,16,Salón,Yape,124.0
11377,12/09/2026,14:47,4392,18,Salón,Yape,42.0
11378,12/09/2026,17:20,825,5,Salón,Yape,84.0
11379,12/09/2026,13:28,3196,17,Salón,Yape,32.0
11380,12/09/2026,17:27,,3,Para llevar,Efectivo,168.0
11381,12/09/2026,21:49,,20,Salón,Yape,116.0
11382,12/09/2026,11:39,4203,22,Salón,Tarjeta,192.0
11383,12/09/2026,20:06,1529,22,Delivery propio,Efectivo,86.0
11384,12/09/2026,21:04,1987,22,Para llevar,Efectivo,273.0
11385,12/09/2026,18:35,196,22,Salón,Yape,152.0
11386,12/09/2026,13:48,607,17,Salón,Tarjeta,20.0
11387,12/09/2026,13:46,3273,24,Salón,Plin,42.0
11388,12/09/2026,17:42,1445,18,Salón,Yape,146.0
11389,12/09/2026,17:38,4715,24,Para llevar,Efectivo,197.0
11390,12/09/2026,13:11,3982,20,Para llevar,Yape,164.0
11391,12/09/2026,13:45,2105,22,Delivery propio,Plin,228.0
11392,12/09/2026,21:38,3390,19,Salón,Efectivo,102.0
11393,12/09/2026,14:47,802,20,Delivery propio,Efectivo,140.0
11394,12/09/2026,12:43,3904,7,Salón,Yape,177.0
11395,12/09/2026,19:31,3235,3,Salón,Efectivo,106.0
11396,12/09/2026,11:49,4319,3,Salón,Efectivo,44.0
11397,12/09/2026,21:33,2519,2,Salón,Efectivo,68.0
11398,12/09/2026,14:37,2732,5,Salón,Yape,186.0
11399,12/09/2026,14:41,52,24,Para llevar,Yape,78.0
11400,12/09/2026,14:05,367,7,Salón,Efectivo,114.0
11401,12/09/2026,16:27,5032,17,Salón,Tarjeta,121.0
11402,12/09/2026,14:54,1246,17,Salón,Efectivo,225.0
11403,12/09/2026,19:18,4198,7,Salón,Yape,184.0
11404,12/09/2026,15:17,1088,17,Salón,Tarjeta,103.0
11405,12/09/2026,11:37,899,24,Salón,Efectivo,104.0
11406,12/09/2026,12:22,1872,7,Salón,Efectivo,62.0
11407,12/09/2026,19:56,2828,18,Salón,Yape,62.0
11408,12/09/2026,13:26,1042,24,Salón,Yape,170.0
11409,12/09/2026,14:29,4180,19,Para llevar,Yape,128.0
11410,12/09/2026,14:12,,20,Salón,Plin,132.0
11411,12/09/2026,14:52,5461,3,Delivery propio,Efectivo,35.0
11412,12/09/2026,14:17,4438,19,Para llevar,Efectivo,87.0
11413,12/09/2026,11:17,534,16,Salón,Plin,78.0
11414,12/09/2026,18:24,4188,5,Para llevar,Yape,52.0
11415,12/09/2026,18:52,280,7,Para llevar,Efectivo,78.0
11416,12/09/2026,13:38,,22,Salón,Plin,14.0
11417,12/09/2026,21:06,3221,24,Salón,Efectivo,35.0
11418,12/09/2026,15:36,3601,22,Salón,Plin,210.0
11419,12/09/2026,12:07,4091,7,Salón,Tarjeta,146.0
11420,13/09/2026,12:36,5089,7,Salón,Efectivo,98.0
11421,13/09/2026,19:53,4086,17,Salón,Yape,98.0
11422,13/09/2026,16:00,3584,3,Salón,Efectivo,102.0
11423,13/09/2026,13:10,4961,18,Para llevar,Efectivo,93.0
11424,13/09/2026,16:10,4676,2,Salón,Yape,88.0
11425,13/09/2026,15:48,,3,Para llevar,Tarjeta,154.0
11426,13/09/2026,14:27,2655,18,Salón,Efectivo,194.0
11427,13/09/2026,19:05,5281,5,Para llevar,Yape,48.0
11428,13/09/2026,13:13,2319,17,Salón,Tarjeta,113.0
11429,13/09/2026,11:12,4074,22,Salón,Tarjeta,190.0
11430,13/09/2026,21:37,5281,19,Salón,Plin,154.0
11431,13/09/2026,14:22,4799,18,Salón,Efectivo,372.0
11432,13/09/2026,16:12,589,3,Delivery propio,Efectivo,94.0
11433,13/09/2026,13:55,4158,20,Para llevar,Yape,54.0
11434,13/09/2026,13:19,308,19,Salón,Efectivo,78.0
11435,13/09/2026,12:44,1086,5,Para llevar,Efectivo,-76.0
11436,13/09/2026,12:28,4494,17,Salón,Efectivo,92.0
11437,13/09/2026,12:27,689,2,Salón,Tarjeta,78.0
11438,13/09/2026,20:22,307,24,Delivery propio,Efectivo,67.0
11439,13/09/2026,17:53,3654,19,Salón,Tarjeta,36.0
11440,13/09/2026,19:41,2975,19,Para llevar,Efectivo,144.0
11441,13/09/2026,15:53,4683,24,Delivery propio,Yape,136.0
11442,13/09/2026,13:18,979,19,Salón,Tarjeta,312.0
11443,13/09/2026,19:06,4967,3,Salón,Yape,112.0
11444,13/09/2026,21:28,401,18,Salón,Efectivo,75.0
11445,13/09/2026,14:31,4384,5,Salón,Tarjeta,197.0
11446,13/09/2026,14:03,3510,20,Delivery propio,Yape,70.0
11447,13/09/2026,13:17,1100,5,Salón,Efectivo,96.0
11448,13/09/2026,11:37,4407,5,Salón,Yape,54.0
11449,13/09/2026,12:48,3873,7,Salón,Plin,180.0
11450,13/09/2026,13:46,2986,17,Para llevar,Plin,56.0
11451,13/09/2026,12:44,862,3,Salón,Plin,60.0
11452,13/09/2026,16:00,4838,20,Salón,Yape,95.0
11453,13/09/2026,14:14,2268,16,Para llevar,Yape,74.0
11454,13/09/2026,17:54,5250,19,Delivery propio,Efectivo,126.0
11455,13/09/2026,14:13,1587,7,Salón,Yape,86.0
11456,13/09/2026,13:48,4006,18,Para llevar,Yape,160.0
11457,13/09/2026,14:50,611,24,Salón,Efectivo,142.0
11458,13/09/2026,14:58,1239,5,Salón,Plin,84.0
11459,13/09/2026,14:55,1162,2,Para llevar,Yape,141.0
11460,13/09/2026,21:50,3646,22,Para llevar,Efectivo,162.0
11461,13/09/2026,11:18,4597,5,Salón,Efectivo,106.0
11462,13/09/2026,14:07,4261,7,Delivery propio,Tarjeta,116.0
11463,13/09/2026,16:12,4685,2,Delivery propio,Yape,154.0
11464,13/09/2026,13:45,5421,22,Delivery propio,Yape,83.0
11465,13/09/2026,15:43,2924,24,Delivery propio,Efectivo,172.0
11466,13/09/2026,14:45,1524,20,Salón,Efectivo,92.0
11467,13/09/2026,19:34,5033,24,Delivery propio,Yape,146.0
11468,13/09/2026,14:07,5235,22,Para llevar,Tarjeta,14.0
11469,13/09/2026,14:39,3271,16,Salón,Yape,152.0
11470,13/09/2026,13:01,505,5,Salón,Tarjeta,72.0
11471,13/09/2026,13:28,3139,2,Salón,Yape,92.0
11472,13/09/2026,14:21,,2,Para llevar,Efectivo,274.0
11473,13/09/2026,14:54,18,19,Salón,Plin,164.0
11474,13/09/2026,13:03,1173,24,Para llevar,Tarjeta,86.0
11475,13/09/2026,12:25,3140,20,Para llevar,Yape,236.0
11476,13/09/2026,14:42,3641,7,Salón,Efectivo,163.0
11477,13/09/2026,13:48,5215,24,Para llevar,Efectivo,146.0
11478,13/09/2026,13:59,2568,17,Para llevar,Yape,91.0
11479,14/09/2026,13:59,2574,22,Para llevar,Yape,76.0
11480,14/09/2026,18:59,1799,17,Salón,Yape,116.0
11481,14/09/2026,19:27,1935,16,Para llevar,Tarjeta,258.0
11482,14/09/2026,14:38,3476,3,Salón,Yape,80.0
11483,14/09/2026,14:29,,20,Delivery propio,Yape,184.0
11484,14/09/2026,16:56,4974,19,Salón,Tarjeta,124.0
11485,14/09/2026,12:30,811,16,Salón,Efectivo,280.0
11486,14/09/2026,12:47,5148,20,Delivery propio,Yape,133.0
11487,14/09/2026,14:03,732,7,Salón,Plin,144.0
11488,14/09/2026,14:29,3720,2,Salón,Efectivo,290.0
11489,14/09/2026,19:37,644,20,Salón,Efectivo,51.0
11490,14/09/2026,13:37,4313,5,Salón,Plin,18.0
11491,14/09/2026,19:39,822,20,Salón,Yape,46.0
11492,14/09/2026,12:37,4540,24,Salón,Yape,226.0
11493,14/09/2026,11:55,292,18,Salón,Yape,166.0
11494,14/09/2026,20:07,938,3,Salón,Tarjeta,36.0
11495,14/09/2026,13:28,5266,24,Delivery propio,Efectivo,18.0
11496,14/09/2026,13:26,4744,16,Salón,Efectivo,188.0
11497,14/09/2026,19:55,1289,24,Delivery propio,Efectivo,71.0
11498,14/09/2026,21:10,5337,3,Delivery propio,Efectivo,98.0
11499,14/09/2026,19:04,5389,5,Salón,Tarjeta,92.0
11500,14/09/2026,13:36,4558,3,Salón,Efectivo,124.0
11501,15/09/2026,19:56,560,17,Delivery propio,Yape,284.0
11502,15/09/2026,18:53,5212,2,Salón,Efectivo,180.0
11503,15/09/2026,18:12,2971,16,Salón,Tarjeta,116.0
11504,15/09/2026,11:53,13,24,Salón,Tarjeta,208.0
11505,15/09/2026,13:10,499,7,Delivery propio,Tarjeta,258.0
11506,15/09/2026,13:40,5262,2,Salón,Plin,70.0
11507,15/09/2026,17:22,531,22,Salón,Yape,102.0
11508,15/09/2026,19:59,4222,5,Delivery propio,Yape,86.0
11509,15/09/2026,13:50,922,17,Salón,Yape,100.0
11510,15/09/2026,15:36,,20,Salón,Yape,30.0
11511,15/09/2026,15:36,1911,18,Para llevar,Yape,140.0
11512,15/09/2026,11:47,4013,19,Delivery propio,Yape,56.0
11513,15/09/2026,12:40,4243,22,Delivery propio,Efectivo,123.0
11514,15/09/2026,14:48,2570,18,Para llevar,Tarjeta,121.0
11515,15/09/2026,19:15,987,18,Salón,Yape,81.0
11516,15/09/2026,13:29,4973,18,Salón,Yape,113.0
11517,15/09/2026,16:53,,3,Salón,Efectivo,67.0
11518,15/09/2026,14:44,1062,16,Salón,Plin,101.0
11519,15/09/2026,13:18,4984,7,Para llevar,Tarjeta,119.0
11520,15/09/2026,14:30,4284,22,Salón,Yape,107.0
11521,15/09/2026,13:14,4220,22,Salón,Yape,52.0
11522,15/09/2026,13:41,171,16,Para llevar,Efectivo,116.0
11523,15/09/2026,13:06,2964,7,Salón,Tarjeta,258.0
11524,15/09/2026,15:08,,18,Salón,Efectivo,92.0
11525,15/09/2026,11:34,865,3,Salón,Tarjeta,102.0
11526,15/09/2026,18:17,4358,22,Delivery propio,Tarjeta,72.0
11527,15/09/2026,14:38,,5,Salón,Yape,251.0
11528,15/09/2026,20:33,1856,5,Delivery propio,Yape,63.0
11529,15/09/2026,17:19,558,2,Salón,Tarjeta,139.0
11530,15/09/2026,13:23,4211,19,Para llevar,Yape,74.0
11531,No se sabe,13:49,4397,5,Salón,Efectivo,178.0
11532,15/09/2026,14:12,5442,19,Salón,Efectivo,297.0
11533,15/09/2026,12:01,4748,7,Salón,Tarjeta,88.0
11534,15/09/2026,12:15,4787,3,Salón,Yape,188.0
11535,16/09/2026,16:53,3414,24,Salón,Efectivo,104.0
11536,16/09/2026,17:49,4087,17,Salón,Tarjeta,140.0
11537,16/09/2026,11:24,4016,18,Salón,Plin,257.0
11538,16/09/2026,14:02,,7,Salón,Yape,24.0
11539,16/09/2026,15:38,1770,5,Para llevar,Yape,190.0
11540,16/09/2026,15:36,1429,5,Salón,Yape,52.0
11541,16/09/2026,14:44,2288,17,Salón,Yape,174.0
11542,16/09/2026,16:24,4300,2,Para llevar,Efectivo,6.0
11543,16/09/2026,14:25,3165,24,Salón,Plin,63.0
11544,16/09/2026,16:45,3470,17,Para llevar,Yape,69.0
11545,16/09/2026,20:15,4767,20,Para llevar,Efectivo,142.0
11546,16/09/2026,14:53,3926,17,Salón,Efectivo,102.0
11547,16/09/2026,17:28,1886,7,Delivery propio,Efectivo,129.0
11548,16/09/2026,14:06,4874,24,Salón,Yape,22.0
11549,16/09/2026,21:57,4593,5,Salón,Tarjeta,170.0
11550,16/09/2026,15:12,4729,2,Salón,Efectivo,108.0
11551,Ayer,14:00,239,17,Delivery propio,Tarjeta,114.0
11552,16/09/2026,16:15,3050,19,Salón,Yape,184.0
11553,16/09/2026,18:12,2255,2,Para llevar,Tarjeta,152.0
11554,16/09/2026,12:47,1958,3,Salón,Tarjeta,70.0
11555,16/09/2026,19:59,1784,22,Delivery propio,Yape,44.0
11556,16/09/2026,18:47,4753,7,Salón,Plin,18.0
11557,16/09/2026,14:04,49,18,Para llevar,Efectivo,193.0
11558,16/09/2026,15:56,4134,22,Salón,Efectivo,78.0
11559,16/09/2026,13:59,2316,20,Para llevar,Tarjeta,90.0
11560,16/09/2026,14:34,4568,17,Salón,Efectivo,96.0
11561,16/09/2026,14:42,5128,22,Salón,Efectivo,200.0
11562,16/09/2026,13:55,2301,17,Para llevar,Efectivo,194.0
11563,16/09/2026,15:47,501,7,Salón,Yape,150.0
11564,16/09/2026,18:20,2395,3,Salón,Plin,150.0
11565,17/09/2026,13:29,4915,24,Salón,Efectivo,56.0
11566,17/09/2026,13:56,4261,20,Salón,Yape,80.0
11567,17/09/2026,11:19,2588,2,Salón,Efectivo,88.0
11568,17/09/2026,19:43,592,16,Delivery propio,Yape,54.0
11569,17/09/2026,12:07,673,5,Salón,Efectivo,98.0
11570,17/09/2026,11:35,4005,2,Para llevar,Yape,222.0
11571,17/09/2026,13:54,956,7,Salón,Plin,206.0
11572,17/09/2026,12:43,1060,19,Salón,Efectivo,66.0
11573,17/09/2026,14:58,5244,24,Salón,Yape,104.0
11574,17/09/2026,13:49,4683,24,Para llevar,Efectivo,52.0
11575,17/09/2026,18:09,2549,18,Salón,Efectivo,76.0
11576,17/09/2026,13:12,4641,24,Salón,Tarjeta,36.0
11577,17/09/2026,13:04,4022,3,Salón,Efectivo,110.0
11578,17/09/2026,21:48,5426,24,Salón,Yape,288.0
11579,17/09/2026,20:15,27,17,Salón,Efectivo,112.0
11580,17/09/2026,17:59,4227,19,Delivery propio,Tarjeta,8.0
11581,17/09/2026,15:23,915,3,Delivery propio,Plin,162.0
11582,17/09/2026,14:16,4510,22,Salón,Efectivo,71.0
11583,17/09/2026,18:26,,3,Salón,Efectivo,214.0
11584,17/09/2026,13:51,1247,3,Salón,Plin,94.0
11585,17/09/2026,17:16,1796,2,Delivery propio,Efectivo,153.0
11586,17/09/2026,12:00,4570,18,Para llevar,Plin,122.0
11587,17/09/2026,15:37,4551,20,Salón,Tarjeta,196.0
11588,17/09/2026,14:19,2552,17,Salón,Tarjeta,124.0
11589,17/09/2026,15:13,2220,22,Salón,Yape,78.0
11590,17/09/2026,15:13,1965,3,Salón,Tarjeta,86.0
11591,17/09/2026,11:02,1325,16,Para llevar,Tarjeta,53.0
11592,17/09/2026,20:19,1869,19,Delivery propio,Efectivo,254.0
11593,17/09/2026,12:29,2433,16,Salón,Efectivo,74.0
11594,18/09/2026,12:27,5085,16,Salón,Yape,121.0
11595,18/09/2026,12:26,2612,20,Salón,Efectivo,172.0
11596,18/09/2026,15:11,2255,3,Para llevar,Yape,113.0
11597,18/09/2026,13:52,1903,24,Delivery propio,Plin,128.0
11598,18/09/2026,13:42,2183,19,Para llevar,Efectivo,67.0
11599,18/09/2026,13:15,4784,24,Salón,Yape,92.0
11600,18/09/2026,15:02,5037,7,Salón,Efectivo,60.0
11601,18/09/2026,20:49,4167,18,Salón,Yape,172.0
11602,18/09/2026,20:51,5085,22,Salón,Efectivo,166.0
11603,18/09/2026,13:27,3322,20,Salón,Efectivo,72.0
11604,18/09/2026,13:10,,18,Para llevar,Yape,111.0
11605,18/09/2026,14:56,693,18,Salón,Tarjeta,60.0
11606,18/09/2026,14:59,1361,20,Para llevar,Tarjeta,157.0
11607,18/09/2026,13:39,2312,7,Delivery propio,Yape,276.0
11608,18/09/2026,13:40,1274,20,Para llevar,Plin,99.0
11609,18/09/2026,14:34,,18,Para llevar,Yape,216.0
11610,18/09/2026,20:37,877,5,Salón,Tarjeta,206.0
11611,18/09/2026,11:08,2962,18,Salón,Tarjeta,98.0
11612,18/09/2026,18:43,590,16,Delivery propio,Tarjeta,44.0
11613,18/09/2026,13:40,183,2,Salón,Efectivo,236.0
11614,18/09/2026,20:42,2734,16,Delivery propio,Efectivo,198.0
11615,18/09/2026,19:24,4901,22,Salón,Plin,310.0
11616,18/09/2026,14:03,3609,18,Salón,Efectivo,136.0
11617,18/09/2026,13:32,292,19,Delivery propio,Efectivo,24.0
11618,18/09/2026,20:56,4809,18,Delivery propio,Efectivo,81.0
11619,18/09/2026,18:05,1921,5,Salón,Efectivo,9.0
11620,18/09/2026,19:09,,17,Salón,Yape,218.0
11621,18/09/2026,19:06,1887,22,Salón,Efectivo,118.0
11622,18/09/2026,11:39,2566,17,Para llevar,Tarjeta,192.0
11623,18/09/2026,13:38,4494,22,Salón,Yape,149.0
11624,18/09/2026,12:54,1286,22,Para llevar,Efectivo,26.0
11625,18/09/2026,14:02,735,24,Salón,Efectivo,146.0
11626,18/09/2026,14:58,3569,20,Salón,Plin,138.0
11627,18/09/2026,16:27,407,2,Para llevar,Efectivo,116.0
11628,18/09/2026,12:37,1010,24,Para llevar,Efectivo,56.0
11629,18/09/2026,18:00,4117,5,Salón,Yape,297.0
11630,18/09/2026,19:08,5260,18,Salón,Tarjeta,168.0
11631,18/09/2026,14:11,4027,19,Salón,Efectivo,216.0
11632,18/09/2026,20:04,331,22,Salón,Efectivo,138.0
11633,18/09/2026,17:27,330,19,Para llevar,Plin,48.0
11634,18/09/2026,17:32,,18,Salón,Yape,319.0
11635,18/09/2026,15:18,5434,24,Delivery propio,Tarjeta,12.0
11636,18/09/2026,21:25,3538,24,Salón,Tarjeta,82.0
11637,18/09/2026,20:58,3636,16,Delivery propio,Tarjeta,165.0
11638,18/09/2026,19:28,4956,18,Salón,Yape,171.0
11639,18/09/2026,14:42,2101,18,Delivery propio,Tarjeta,164.0
11640,18/09/2026,19:54,214,7,Salón,Yape,86.0
11641,18/09/2026,13:33,823,3,Salón,Tarjeta,143.0
11642,18/09/2026,20:58,1066,7,Delivery propio,Yape,100.0
11643,18/09/2026,12:59,1965,24,Para llevar,Yape,36.0
11644,18/09/2026,19:23,1740,2,Salón,Efectivo,76.0
11645,18/09/2026,20:25,3653,16,Para llevar,Efectivo,18.0
11646,18/09/2026,13:35,2908,18,Para llevar,Efectivo,73.0
11647,18/09/2026,21:49,1125,19,Delivery propio,Yape,94.0
11648,19/09/2026,20:53,2165,19,Salón,Yape,26.0
11649,19/09/2026,18:28,4055,2,Para llevar,Efectivo,136.0
11650,19/09/2026,13:14,3437,2,Salón,Efectivo,144.0
11651,19/09/2026,13:27,4274,2,Para llevar,Plin,201.0
11652,19/09/2026,15:01,1350,22,Salón,Yape,90.0
11653,19/09/2026,13:52,2630,16,Salón,Yape,75.0
11654,19/09/2026,12:59,1583,7,Salón,Efectivo,202.0
11655,19/09/2026,14:23,142,20,Salón,Yape,259.0
11656,19/09/2026,14:48,,7,Salón,Yape,36.0
11657,19/09/2026,17:32,4731,7,Salón,Tarjeta,158.0
11658,19/09/2026,13:17,,5,Salón,Efectivo,82.0
11659,19/09/2026,13:16,4119,18,Salón,Plin,64.0
11660,19/09/2026,12:52,3881,7,Salón,Efectivo,84.0
11661,19/09/2026,14:01,3685,22,Salón,Yape,200.0
11662,19/09/2026,11:46,,5,Delivery propio,Plin,146.0
11663,19/09/2026,19:01,4261,17,Salón,Yape,52.0
11664,19/09/2026,14:13,,18,Salón,Plin,114.0
11665,19/09/2026,20:40,4513,17,Salón,Efectivo,101.0
11666,19/09/2026,15:57,2493,16,Salón,Efectivo,346.0
11667,19/09/2026,20:10,,3,Salón,Efectivo,10.0
11668,19/09/2026,20:13,115,17,Salón,Yape,122.0
11669,19/09/2026,19:43,1530,19,Para llevar,Plin,198.0
11670,19/09/2026,14:13,3062,18,Para llevar,Tarjeta,266.0
11671,19/09/2026,16:01,1533,19,Para llevar,Yape,230.0
11672,19/09/2026,19:18,3797,18,Salón,Tarjeta,102.0
11673,19/09/2026,13:43,1688,2,Salón,Yape,180.0
11674,19/09/2026,17:53,2712,3,Salón,Efectivo,104.0
11675,19/09/2026,12:09,2463,17,Salón,Efectivo,76.0
11676,19/09/2026,20:40,4347,24,Salón,Tarjeta,243.0
11677,19/09/2026,14:31,622,5,Delivery propio,Efectivo,44.0
11678,19/09/2026,13:19,,22,Salón,Efectivo,198.0
11679,19/09/2026,13:14,1458,3,Delivery propio,Tarjeta,180.0
11680,19/09/2026,19:20,2718,17,Salón,Efectivo,261.0
11681,19/09/2026,13:29,2658,3,Salón,Efectivo,108.0
11682,19/09/2026,19:09,5125,16,Salón,Efectivo,118.0
11683,19/09/2026,15:54,5322,2,Delivery propio,Plin,222.0
11684,19/09/2026,18:47,1814,24,Delivery propio,Yape,105.0
11685,19/09/2026,16:08,699,19,Delivery propio,Yape,131.0
11686,19/09/2026,20:14,877,19,Salón,Efectivo,69.0
11687,19/09/2026,13:08,4377,3,Salón,Tarjeta,110.0
11688,19/09/2026,20:42,2405,2,Salón,Efectivo,58.0
11689,19/09/2026,16:49,4306,2,Salón,Efectivo,132.0
11690,19/09/2026,17:41,4424,18,Delivery propio,Efectivo,32.0
11691,19/09/2026,16:47,2875,3,Salón,Efectivo,352.0
11692,19/09/2026,12:00,4474,18,Para llevar,Efectivo,348.0
11693,19/09/2026,14:46,3376,24,Salón,Yape,178.0
11694,19/09/2026,19:31,3015,5,Delivery propio,Efectivo,32.0
11695,19/09/2026,11:48,3727,22,Salón,Tarjeta,224.0
11696,19/09/2026,18:16,4135,5,Salón,Yape,52.0
11697,19/09/2026,11:24,877,17,Para llevar,Tarjeta,170.0
11698,19/09/2026,14:13,3939,5,Delivery propio,Efectivo,96.0
11699,19/09/2026,14:12,2135,19,Salón,Plin,128.0
11700,19/09/2026,13:06,1239,20,Delivery propio,Tarjeta,56.0
11701,20/09/2026,13:43,60,18,Para llevar,Yape,92.0
11702,20/09/2026,15:23,,24,Salón,Efectivo,88.0
11703,20/09/2026,18:58,5248,3,Salón,Efectivo,44.0
11704,20/09/2026,11:25,5469,3,Salón,Efectivo,122.0
11705,20/09/2026,14:08,2826,16,Salón,Efectivo,84.0
11706,20/09/2026,15:48,4317,2,Salón,Yape,217.0
11707,20/09/2026,14:06,4651,17,Para llevar,Tarjeta,69.0
11708,20/09/2026,11:25,3678,16,Para llevar,Plin,105.0
11709,20/09/2026,13:54,4497,7,Salón,Plin,28.0
11710,20/09/2026,19:35,2545,18,Salón,Tarjeta,130.0
11711,20/09/2026,15:30,2593,18,Salón,Yape,76.0
11712,20/09/2026,18:03,4308,2,Salón,Yape,30.0
11713,20/09/2026,14:57,3405,17,Delivery propio,Yape,106.0
11714,20/09/2026,13:18,3838,17,Salón,Tarjeta,34.0
11715,20/09/2026,12:46,,22,Salón,Yape,36.0
11716,20/09/2026,17:04,5234,19,Delivery propio,Yape,22.0
11717,20/09/2026,18:00,4729,18,Para llevar,Yape,115.0
11718,20/09/2026,21:10,4043,17,Salón,Efectivo,347.0
11719,20/09/2026,18:17,1145,3,Salón,Yape,242.0
11720,20/09/2026,17:26,3505,16,Salón,Tarjeta,161.0
11721,20/09/2026,12:26,2489,24,Salón,Tarjeta,48.0
11722,20/09/2026,13:36,2764,16,Salón,Efectivo,176.0
11723,20/09/2026,20:20,2434,22,Salón,Efectivo,129.0
11724,20/09/2026,11:52,2355,22,Delivery propio,Plin,171.0
11725,20/09/2026,20:43,2220,22,Salón,Plin,-84.0
11726,20/09/2026,13:18,1409,22,Delivery propio,Tarjeta,106.0
11727,20/09/2026,15:44,1735,20,Salón,Plin,18.0
11728,20/09/2026,12:49,,5,Salón,Efectivo,158.0
11729,20/09/2026,13:41,1977,17,Salón,Yape,44.0
11730,20/09/2026,14:55,4727,19,Para llevar,Efectivo,84.0
11731,20/09/2026,18:55,,2,Para llevar,Efectivo,224.0
11732,20/09/2026,21:49,86,24,Delivery propio,Yape,63.0
11733,20/09/2026,20:24,853,7,Salón,Plin,152.0
11734,20/09/2026,13:47,,24,Salón,Efectivo,184.0
11735,20/09/2026,21:12,2104,16,Salón,Yape,36.0
11736,20/09/2026,16:21,3669,7,Salón,Efectivo,200.0
11737,20/09/2026,13:46,,20,Salón,Yape,160.0
11738,20/09/2026,19:42,374,24,Salón,Efectivo,139.0
11739,20/09/2026,12:54,578,24,Salón,Plin,154.0
11740,20/09/2026,13:38,,3,Salón,Efectivo,132.0
11741,20/09/2026,18:23,3632,18,Delivery propio,Efectivo,165.0
11742,20/09/2026,13:54,3342,16,Para llevar,Yape,105.0
11743,20/09/2026,15:04,907,22,Para llevar,Plin,106.0
11744,20/09/2026,21:22,769,2,Delivery propio,Efectivo,134.0
11745,20/09/2026,11:10,3222,7,Salón,Efectivo,193.0
11746,20/09/2026,18:37,1325,20,Salón,Plin,152.0
11747,20/09/2026,14:49,22,17,Salón,Tarjeta,232.0
11748,20/09/2026,19:51,2127,3,Salón,Efectivo,170.0
11749,20/09/2026,20:08,1296,5,Salón,Tarjeta,150.0
11750,20/09/2026,18:17,4328,3,Salón,Efectivo,92.0
11751,21/09/2026,12:46,2711,20,Salón,Tarjeta,168.0
11752,21/09/2026,11:18,196,22,Delivery propio,Tarjeta,108.0
11753,21/09/2026,16:06,4264,17,Delivery propio,Yape,142.0
11754,21/09/2026,13:37,,22,Salón,Tarjeta,89.0
11755,21/09/2026,20:51,3114,17,Salón,Efectivo,196.0
11756,21/09/2026,12:42,3774,5,Salón,Efectivo,75.0
11757,21/09/2026,18:45,3701,18,Salón,Yape,236.0
11758,21/09/2026,17:43,2274,20,Para llevar,Yape,200.0
11759,21/09/2026,19:04,1446,22,Delivery propio,Efectivo,106.0
11760,21/09/2026,14:26,3757,24,Salón,Efectivo,20.0
11761,21/09/2026,21:38,3616,18,Delivery propio,Efectivo,156.0
11762,21/09/2026,13:12,5240,5,Salón,Efectivo,292.0
11763,21/09/2026,13:42,1901,17,Salón,Plin,36.0
11764,21/09/2026,20:36,2161,22,Delivery propio,Efectivo,184.0
11765,21/09/2026,13:08,4747,16,Para llevar,Yape,198.0
11766,21/09/2026,13:07,4019,17,Delivery propio,Yape,305.0
11767,21/09/2026,19:03,4367,24,Salón,Yape,200.0
11768,21/09/2026,17:30,2786,2,Salón,Tarjeta,25.0
11769,21/09/2026,14:45,2465,16,Para llevar,Yape,118.0
11770,21/09/2026,19:43,877,5,Delivery propio,Efectivo,40.0
11771,21/09/2026,13:01,4833,5,Salón,Tarjeta,264.0
11772,21/09/2026,11:07,2074,3,Salón,Yape,141.0
11773,21/09/2026,18:17,1872,20,Delivery propio,Plin,81.0
11774,21/09/2026,20:38,3866,16,Salón,Yape,86.0
11775,21/09/2026,15:54,2167,2,Salón,Plin,287.0
11776,21/09/2026,18:52,1573,7,Delivery propio,Efectivo,222.0
11777,Ayer,15:24,1780,2,Salón,Efectivo,72.0
11778,21/09/2026,14:31,247,24,Salón,Efectivo,228.0
11779,21/09/2026,12:06,3221,20,Salón,Tarjeta,286.0
11780,21/09/2026,20:16,3658,19,Salón,Plin,174.0
11781,21/09/2026,14:23,4664,24,Salón,Tarjeta,28.0
11782,21/09/2026,13:24,1481,17,Salón,Tarjeta,62.0
11783,21/09/2026,17:58,2515,7,Salón,Efectivo,248.0
11784,22/09/2026,14:54,3459,17,Para llevar,Plin,46.0
11785,22/09/2026,15:50,3187,19,Salón,Efectivo,286.0
11786,22/09/2026,14:59,2807,17,Salón,Tarjeta,104.0
11787,22/09/2026,12:23,5281,7,Salón,Efectivo,12.0
11788,22/09/2026,12:47,1802,2,Salón,Plin,86.0
11789,22/09/2026,20:19,2900,24,Salón,Tarjeta,161.0
11790,22/09/2026,15:03,5019,24,Para llevar,Tarjeta,50.0
11791,22/09/2026,11:34,3255,22,Para llevar,Tarjeta,156.0
11792,22/09/2026,20:41,661,7,Salón,Efectivo,126.0
11793,22/09/2026,15:33,4284,18,Salón,Yape,292.0
11794,22/09/2026,14:17,5197,19,Salón,Tarjeta,26.0
11795,22/09/2026,19:48,3443,20,Delivery propio,Yape,312.0
11796,22/09/2026,12:30,534,20,Salón,Yape,36.0
11797,22/09/2026,20:52,3645,5,Salón,Efectivo,194.0
11798,22/09/2026,13:08,356,20,Delivery propio,Efectivo,116.0
11799,22/09/2026,12:31,3410,20,Delivery propio,Yape,112.0
11800,22/09/2026,13:45,1000,2,Salón,Tarjeta,46.0
11801,22/09/2026,13:32,4639,24,Salón,Efectivo,80.0
11802,22/09/2026,18:06,3656,17,Salón,Efectivo,53.0
11803,22/09/2026,17:18,4841,7,Para llevar,Efectivo,102.0
11804,23/09/2026,12:19,2434,20,Delivery propio,Efectivo,104.0
11805,23/09/2026,12:22,877,24,Salón,Plin,22.0
11806,23/09/2026,12:00,4838,19,Salón,Efectivo,96.0
11807,23/09/2026,15:13,1093,19,Delivery propio,Yape,72.0
11808,23/09/2026,11:28,,20,Para llevar,Yape,146.0
11809,23/09/2026,19:30,1285,20,Para llevar,Tarjeta,137.0
11810,23/09/2026,20:01,,20,Salón,Efectivo,72.0
11811,23/09/2026,19:59,407,18,Salón,Efectivo,143.0
11812,23/09/2026,20:31,2643,7,Salón,Efectivo,196.0
11813,23/09/2026,13:29,814,24,Para llevar,Yape,52.0
11814,23/09/2026,19:02,2180,19,Salón,Tarjeta,68.0
11815,23/09/2026,13:47,314,2,Salón,Efectivo,199.0
11816,23/09/2026,14:33,4281,7,Salón,Yape,159.0
11817,23/09/2026,12:36,3210,7,Salón,Yape,122.0
11818,23/09/2026,15:56,2975,3,Salón,Efectivo,37.0
11819,23/09/2026,12:36,2770,18,Para llevar,Efectivo,220.0
11820,23/09/2026,17:29,846,19,Salón,Efectivo,69.0
11821,23/09/2026,15:35,,20,Para llevar,Tarjeta,122.0
11822,23/09/2026,19:41,3829,17,Para llevar,Efectivo,147.0
11823,23/09/2026,19:57,4479,17,Salón,Efectivo,160.0
11824,23/09/2026,20:30,,2,Para llevar,Yape,170.0
11825,23/09/2026,11:24,2288,20,Salón,Yape,216.0
11826,23/09/2026,14:08,1009,20,Para llevar,Tarjeta,126.0
11827,23/09/2026,14:03,918,19,Delivery propio,Plin,96.0
11828,23/09/2026,18:11,,3,Delivery propio,Yape,186.0
11829,23/09/2026,15:20,3878,18,Salón,Tarjeta,200.0
11830,24/09/2026,12:21,1327,2,Salón,Yape,149.0
11831,24/09/2026,19:43,3594,2,Salón,Efectivo,244.0
11832,24/09/2026,14:53,1460,7,Delivery propio,Efectivo,24.0
11833,24/09/2026,21:18,4659,20,Salón,Plin,193.0
11834,24/09/2026,12:17,4190,20,Para llevar,Yape,34.0
11835,24/09/2026,11:00,5093,17,Delivery propio,Efectivo,88.0
11836,24/09/2026,14:31,5169,18,Para llevar,Yape,42.0
11837,24/09/2026,17:15,,19,Para llevar,Plin,292.0
11838,24/09/2026,20:24,2843,24,Salón,Tarjeta,64.0
11839,24/09/2026,18:45,1821,3,Salón,Yape,104.0
11840,24/09/2026,20:24,704,16,Salón,Efectivo,199.0
11841,24/09/2026,14:55,,7,Salón,Efectivo,28.0
11842,24/09/2026,18:00,468,5,Delivery propio,Yape,319.0
11843,24/09/2026,15:35,681,17,Delivery propio,Tarjeta,90.0
11844,24/09/2026,19:56,1702,24,Para llevar,Yape,12.0
11845,24/09/2026,13:19,1198,16,Para llevar,Tarjeta,178.0
11846,24/09/2026,13:35,877,20,Delivery propio,Tarjeta,232.0
11847,24/09/2026,15:14,4708,5,Para llevar,Yape,34.0
11848,24/09/2026,20:29,3538,2,Salón,Tarjeta,166.0
11849,24/09/2026,21:30,2543,3,Salón,Tarjeta,96.0
11850,24/09/2026,14:19,,20,Salón,Efectivo,200.0
11851,24/09/2026,13:53,3588,19,Salón,Tarjeta,46.0
11852,24/09/2026,12:41,941,20,Salón,Yape,176.0
11853,24/09/2026,18:33,,3,Para llevar,Efectivo,93.0
11854,24/09/2026,16:49,1574,7,Salón,Tarjeta,80.0
11855,24/09/2026,12:51,803,24,Salón,Plin,246.0
11856,24/09/2026,13:56,4218,16,Delivery propio,Efectivo,184.0
11857,24/09/2026,19:55,2373,5,Para llevar,Efectivo,244.0
11858,25/09/2026,12:07,2611,20,Salón,Tarjeta,156.0
11859,25/09/2026,14:35,3100,24,Salón,Tarjeta,101.0
11860,25/09/2026,18:55,877,18,Salón,Tarjeta,88.0
11861,25/09/2026,14:15,1042,16,Para llevar,Tarjeta,265.0
11862,25/09/2026,20:58,1217,17,Salón,Tarjeta,36.0
11863,25/09/2026,14:05,4078,20,Salón,Tarjeta,118.0
11864,25/09/2026,11:11,526,16,Para llevar,Yape,138.0
11865,25/09/2026,13:37,2347,19,Salón,Efectivo,64.0
11866,25/09/2026,16:36,3601,7,Salón,Yape,68.0
11867,25/09/2026,19:55,1183,7,Salón,Yape,48.0
11868,25/09/2026,19:16,4747,7,Delivery propio,Tarjeta,215.0
11869,25/09/2026,13:43,1832,16,Salón,Plin,92.0
11870,25/09/2026,17:50,5097,3,Salón,Yape,228.0
11871,25/09/2026,13:46,5143,5,Para llevar,Yape,138.0
11872,25/09/2026,18:54,780,20,Salón,Tarjeta,136.0
11873,25/09/2026,18:52,933,5,Salón,Plin,130.0
11874,25/09/2026,15:14,4386,20,Salón,Efectivo,43.0
11875,25/09/2026,20:16,2257,19,Salón,Plin,44.0
11876,25/09/2026,20:11,3459,7,Salón,Yape,36.0
11877,25/09/2026,19:12,3259,2,Salón,Yape,92.0
11878,25/09/2026,12:11,3614,24,Salón,Efectivo,89.0
11879,25/09/2026,14:37,,19,Para llevar,Efectivo,305.0
11880,25/09/2026,19:20,2427,5,Delivery propio,Tarjeta,236.0
11881,25/09/2026,14:02,4313,22,Salón,Yape,170.0
11882,25/09/2026,14:43,3636,17,Salón,Plin,148.0
11883,25/09/2026,12:05,936,17,Salón,Plin,182.0
11884,25/09/2026,15:07,4404,18,Salón,Plin,258.0
11885,25/09/2026,19:25,2353,2,Salón,Efectivo,150.0
11886,25/09/2026,12:43,3001,19,Salón,Efectivo,54.0
11887,25/09/2026,13:26,921,19,Delivery propio,Tarjeta,110.0
11888,25/09/2026,14:29,2403,18,Salón,Efectivo,74.0
11889,25/09/2026,12:58,2553,24,Salón,Tarjeta,143.0
11890,25/09/2026,15:53,4989,18,Salón,Efectivo,102.0
11891,25/09/2026,21:29,2803,19,Salón,Efectivo,122.0
11892,25/09/2026,19:51,2834,16,Salón,Efectivo,98.0
11893,25/09/2026,17:09,810,18,Para llevar,Yape,74.0
11894,25/09/2026,19:36,4270,2,Delivery propio,Efectivo,16.0
11895,25/09/2026,13:37,4598,19,Delivery propio,Yape,64.0
11896,25/09/2026,19:56,4296,16,Salón,Plin,198.0
11897,25/09/2026,12:03,4143,7,Salón,Tarjeta,106.0
11898,25/09/2026,13:42,,22,Salón,Yape,191.0
11899,25/09/2026,20:50,1860,19,Salón,Yape,215.0
11900,25/09/2026,15:43,3936,17,Salón,Efectivo,118.0
11901,25/09/2026,18:04,3143,17,Para llevar,Plin,30.0
11902,26/09/2026,12:38,1101,20,Delivery propio,Efectivo,36.0
11903,26/09/2026,12:46,2312,17,Salón,Tarjeta,231.0
11904,26/09/2026,12:48,2507,2,Salón,Efectivo,72.0
11905,26/09/2026,14:44,1306,7,Salón,Plin,108.0
11906,26/09/2026,19:34,2944,7,Delivery propio,Efectivo,156.0
11907,26/09/2026,15:17,2220,2,Salón,Efectivo,220.0
11908,26/09/2026,19:37,1823,2,Salón,Efectivo,212.0
11909,26/09/2026,11:13,4269,19,Delivery propio,Yape,25.0
11910,26/09/2026,15:32,5123,18,Delivery propio,Efectivo,130.0
11911,26/09/2026,12:09,3983,7,Delivery propio,Tarjeta,150.0
11912,26/09/2026,13:38,542,18,Salón,Yape,98.0
11913,26/09/2026,20:25,5118,24,Salón,Efectivo,81.0
11914,26/09/2026,11:39,22,20,Delivery propio,Yape,124.0
11915,26/09/2026,18:43,1387,17,Salón,Plin,78.0
11916,26/09/2026,12:08,,20,Salón,Yape,106.0
11917,26/09/2026,16:50,4408,19,Para llevar,Yape,114.0
11918,26/09/2026,15:41,895,5,Salón,Yape,306.0
11919,26/09/2026,16:33,976,18,Delivery propio,Yape,129.0
11920,26/09/2026,18:52,1205,17,Delivery propio,Tarjeta,42.0
11921,26/09/2026,12:32,3541,16,Salón,Yape,80.0
11922,26/09/2026,13:43,3968,3,Para llevar,Efectivo,38.0
11923,26/09/2026,11:10,3458,22,Para llevar,Yape,142.0
11924,26/09/2026,11:05,494,19,Para llevar,Efectivo,78.0
11925,26/09/2026,20:31,2409,2,Para llevar,Yape,74.0
11926,26/09/2026,20:34,3760,22,Delivery propio,Efectivo,114.0
11927,26/09/2026,16:26,2961,5,Delivery propio,Efectivo,43.0
11928,26/09/2026,13:28,3035,18,Delivery propio,Plin,169.0
11929,26/09/2026,13:03,5065,17,Para llevar,Tarjeta,195.0
11930,26/09/2026,17:59,2699,2,Salón,Yape,203.0
11931,26/09/2026,15:00,4947,3,Salón,Efectivo,16.0
11932,26/09/2026,14:31,2746,22,Salón,Efectivo,138.0
11933,26/09/2026,21:44,,16,Salón,Tarjeta,66.0
11934,26/09/2026,15:45,1591,22,Salón,Efectivo,36.0
11935,26/09/2026,13:49,3535,16,Salón,Efectivo,158.0
11936,26/09/2026,14:03,1214,17,Para llevar,Efectivo,88.0
11937,26/09/2026,19:49,2029,18,Salón,Efectivo,172.0
11938,26/09/2026,20:41,,17,Delivery propio,Tarjeta,176.0
11939,26/09/2026,12:30,2860,5,Salón,Tarjeta,225.0
11940,26/09/2026,20:55,3779,16,Para llevar,Efectivo,125.0
11941,26/09/2026,15:32,2186,20,Salón,Efectivo,110.0
11942,26/09/2026,19:36,3713,3,Delivery propio,Efectivo,153.0
11943,26/09/2026,18:15,2649,22,Salón,Efectivo,33.0
11944,27/09/2026,13:51,230,16,Delivery propio,Yape,60.0
11945,27/09/2026,16:49,3576,18,Salón,Efectivo,213.0
11946,27/09/2026,11:19,1737,7,Delivery propio,Yape,320.0
11947,27/09/2026,12:49,4183,7,Salón,Efectivo,188.0
11948,27/09/2026,19:35,3578,20,Salón,Yape,138.0
11949,27/09/2026,20:56,2139,18,Salón,Tarjeta,248.0
11950,27/09/2026,15:13,3591,22,Salón,Efectivo,195.0
11951,27/09/2026,12:06,1855,16,Salón,Tarjeta,164.0
11952,27/09/2026,11:31,4324,17,Salón,Yape,133.0
11953,27/09/2026,13:20,3415,18,Salón,Plin,88.0
11954,27/09/2026,17:05,3588,22,Salón,Plin,231.0
11955,27/09/2026,19:21,2454,5,Salón,Tarjeta,180.0
11956,27/09/2026,19:21,4561,16,Delivery propio,Efectivo,78.0
11957,27/09/2026,13:39,,17,Salón,Efectivo,106.0
11958,27/09/2026,15:58,3604,22,Delivery propio,Efectivo,218.0
11959,27/09/2026,11:03,,19,Para llevar,Tarjeta,97.0
11960,27/09/2026,11:29,2932,19,Salón,Tarjeta,101.0
11961,27/09/2026,17:50,2958,18,Salón,Yape,9.0
11962,27/09/2026,12:34,496,24,Salón,Efectivo,34.0
11963,27/09/2026,21:13,1040,24,Salón,Yape,122.0
11964,27/09/2026,17:48,618,18,Delivery propio,Efectivo,52.0
11965,27/09/2026,12:56,2217,22,Para llevar,Plin,76.0
11966,27/09/2026,19:31,3687,24,Salón,Yape,114.0
11967,27/09/2026,13:48,1049,2,Para llevar,Efectivo,90.0
11968,27/09/2026,14:20,2581,7,Salón,Efectivo,60.0
11969,27/09/2026,11:55,145,3,Delivery propio,Yape,126.0
11970,27/09/2026,13:10,,5,Salón,Efectivo,81.0
11971,27/09/2026,13:03,4768,3,Salón,Efectivo,270.0
11972,27/09/2026,12:58,3024,20,Delivery propio,Efectivo,107.0
11973,27/09/2026,18:36,,22,Salón,Efectivo,140.0
11974,27/09/2026,12:55,1272,24,Salón,Yape,39.0
11975,27/09/2026,13:33,4053,3,Delivery propio,Yape,102.0
11976,27/09/2026,13:05,2740,20,Salón,Yape,288.0
11977,27/09/2026,18:36,3262,18,Para llevar,Yape,78.0
11978,27/09/2026,19:31,,19,Para llevar,Yape,54.0
11979,27/09/2026,12:33,5175,3,Salón,Efectivo,84.0
11980,27/09/2026,20:57,4816,24,Salón,Plin,127.0
11981,27/09/2026,12:43,5456,20,Delivery propio,Tarjeta,195.0
11982,27/09/2026,13:26,1736,5,Delivery propio,Efectivo,78.0
11983,27/09/2026,16:23,1828,3,Para llevar,Yape,175.0
11984,27/09/2026,11:18,92,18,Salón,Yape,127.0
11985,27/09/2026,11:00,404,22,Delivery propio,Yape,136.0
11986,27/09/2026,15:24,4509,17,Delivery propio,Yape,140.0
11987,27/09/2026,14:01,1892,24,Salón,Yape,89.0
11988,27/09/2026,20:00,5217,22,Para llevar,Efectivo,198.0
11989,27/09/2026,17:57,1452,22,Para llevar,Tarjeta,36.0
11990,27/09/2026,13:30,362,22,Salón,Tarjeta,285.0
11991,27/09/2026,15:38,2853,2,Salón,Efectivo,163.0
11992,27/09/2026,21:50,637,22,Salón,Tarjeta,83.0
11993,27/09/2026,14:57,,16,Salón,Plin,123.0
11994,27/09/2026,21:42,4207,24,Delivery propio,Efectivo,200.0
11995,27/09/2026,15:06,533,22,Para llevar,Tarjeta,38.0
11996,27/09/2026,12:15,5337,22,Salón,Yape,50.0
11997,27/09/2026,19:41,4744,3,Delivery propio,Yape,84.0
11998,27/09/2026,12:26,5349,16,Salón,Efectivo,194.0
11999,27/09/2026,16:50,56,16,Para llevar,Efectivo,38.0
12000,27/09/2026,16:14,3037,22,Delivery propio,Plin,222.0
5091,11/03/2026,12:09,3053,2,Para llevar,Yape,156.0
1164,11/11/2025,13:37,3809,7,Salón,Efectivo,196.0
918,02/11/2025,18:13,3777,24,Salón,Efectivo,61.0
5630,26/03/2026,13:53,2435,3,Salón,Efectivo,94.0
3709,31/01/2026,14:00,2226,17,Salón,Yape,96.0
5073,10/03/2026,15:59,2056,19,Salón,Tarjeta,35.0
6579,25/04/2026,14:03,499,7,Salón,Efectivo,114.0
9052,09/07/2026,11:41,997,22,Salón,Efectivo,231.0
811,30/10/2025,14:05,1029,18,Salón,Yape,52.0
6013,07/04/2026,12:24,3121,16,Salón,Tarjeta,138.0
9312,17/07/2026,18:28,,16,Salón,Tarjeta,52.0
4619,26/02/2026,15:48,2710,7,Salón,Yape,354.0
11475,13/09/2026,12:25,3140,20,Para llevar,Yape,236.0
9914,02/08/2026,14:30,2236,5,Salón,Efectivo,82.0
11990,27/09/2026,13:30,362,22,Salón,Tarjeta,285.0
11977,27/09/2026,18:36,3262,18,Para llevar,Yape,78.0
3374,22/01/2026,18:39,3351,24,Salón,Plin,124.0
3547,26/01/2026,20:05,4180,22,Salón,Yape,136.0
5835,30/03/2026,11:55,2716,16,Salón,Yape,-72.0
3799,01/02/2026,12:12,4523,20,Salón,Yape,80.0
3356,22/01/2026,19:17,,16,Delivery propio,Efectivo,93.0
9005,08/07/2026,18:10,5323,7,Delivery propio,Efectivo,39.0
10536,19/08/2026,18:26,2285,3,Salón,Yape,36.0
1539,25/11/2025,13:17,2134,3,Para llevar,Efectivo,178.0
5049,09/03/2026,12:42,244,19,Delivery propio,Efectivo,170.0
5914,03/04/2026,19:12,,18,Salón,Tarjeta,66.0
11103,No se sabe,19:58,1784,5,Salón,Yape,62.0
6411,20/04/2026,13:54,2588,2,Salón,Tarjeta,153.0
4401,20/02/2026,19:58,2538,22,Para llevar,Yape,80.0
4498,22/02/2026,15:40,3383,18,Salón,Efectivo,50.0
3795,01/02/2026,12:39,2842,22,Salón,Tarjeta,85.0
9867,01/08/2026,15:12,,17,Salón,Plin,160.0
1750,03/12/2025,14:48,3180,20,Salón,Yape,100.0
190,08/10/2025,11:01,4159,2,Delivery propio,Tarjeta,68.0
5396,20/03/2026,20:16,2220,2,Para llevar,Tarjeta,80.0
7665,30/05/2026,19:45,496,5,Salón,Efectivo,180.0
6391,19/04/2026,19:28,3560,22,Para llevar,Yape,124.0
9308,17/07/2026,15:34,3261,17,Para llevar,Yape,94.0
